record_id,event_time,region,channel,amount_str,notes
R00277,2025-09-11T04:50:00Z,A8,app,"(1,128)",fee=-15.46; adj=-5.62%; items=4
R00247,2025-08-12T07:46:00Z,A1,Phone,"80,87 C2",fee=+2.36; items=4; flag=R; adj=+12.03%
R00089,2025-10-23T18:42:33Z,A4,phone,(-81.45),adj=-2.66%; flag=S; items=12
R00103,2025-08-03T00:00:00Z,A5, phone ,105.16,fee=+24.81; adj=-2.07%; items=12; flag=N
R00279,2025-10-20T03:19:23Z,A7,Phone,"113 , 61 C2) ",adj=-2.37%; fee=+25.51; items=0
R00105,2025-10-28T10:17:00Z,A4,email,C1 245.07,adj=-14.03%; items=5; flag=T; fee=-41.84
R00120,2025-01-09T23:01:00Z,A2,web,124,fee=-21.63; items=5
R00237,2025-08-12T09:07:38Z,A5,phone	,515.34,fee=+37.05; items=2; adj=-13.10%
R00248,2025-08-04T00:29:00Z,A1,phone	,43.48 C1,
R00087,2025-11-23T19:56:30Z,A6,PHONE,"97,20 C2",fee=-20.89; items=1; adj=-9.49%
R00151,2025-10-26T18:35:00Z,A6,PHONE,"121,43 C2 ",flag=N; fee=+17.55; items=12
R00080,2025-10-08T05:12:00Z,A1,phone,138.87 C1,flag=T; items=2; fee=+25.42; adj=+3.09%
R00128,,A8,phone	,C1 118.59 CR,flag=U; items=25; adj=-2.50%; fee=-12.60
R00212,,A1,email,186.09C1,flag=N; fee=-2.00; items=0; adj=-16.05%
R00130,2025-11-08T01:54:17Z,A5,phone,"128,31 C2",items=1; adj=-0.61%; fee=+14.08; flag=S
R00008,,A1,app,51,waive=true; items=10; adj=-5.52%
R00121,2025-10-05T03:47:00Z,A2, phone ,56 ,flag=U; items=8; fee=-10.94; adj=+14.80%
R00040,2025-02-11T17:50:00Z,A8, phone ,84.64,adj=+11.62%; flag=N; fee=-13.69; items=3
R00231,2025-08-24T13:52:43Z,A2,PHONE,(142,WAIVE=TRUE; fee=-161.64; items=12; adj=+15.16%
R00019,2025-09-30T23:31:32Z,A6,web, 50,adj=+8.18%; waive=true; items=1
R00018,2025-08-14T00:00:00Z,A8,web,92.77,adj=+5.97%; fee=+45.32; items=2
R00028,2025-11-10T08:00:00Z,A1,web,C1 100.00,items=1; adj=+0.00%; fee=+0.00
R00279,2025-10-23T03:15:50Z,A5,Phone,"-74,06C2",flag=U; adj=+6.13%; fee=+41.60; items=5
R00143,2025-09-18T12:33:00Z,A4,phone,178.00 C1,items=0; fee=+31.72; adj=-1.71%; flag=S
R00116,2025-09-18T09:33:00Z,A8,phone	,,flag=R; adj=-11.18%; items=10
R00198,2025-09-10T00:00:00Z,A7,app,C1 132.80 ,flag=T; items=12; adj=-4.52%
R00027,2025-09-06T15:11:42Z,A2,PHONE,290,WAIVE=TRUE; fee=-12.30; items=0
R00215,2025-10-24T19:19:00Z,A4,web,C1 66 . 45,adj=-1.92%; items=0; fee=-15.71
R00139,2025-08-26T02:44:47Z,A6,Phone, 61.68,items=4; flag=U; adj=-7.58%; fee=+106.35
R00296,,A8,app,(83.99 C1 ,flag=R; adj=-4.57%; fee=+1.52; items=3
R00097,2025-10-05T12:00:00Z,A3,web,C1 1.000,fee=-6.28; items=1; adj=-13.58%
R00101,2025-10-26T08:09:35Z,A7,phone,C1 123.45 CR,adj=-2.77%; items=1; fee=+6.96
R00144,2025-05-09T11:48:00Z,A8,email,126 CR,fee=+2.64; flag=N; items=8; adj=-4.95%
R00093,2025-09-18T13:27:37Z,A6,phone	,(105 C2),fee=-18.07; adj=+10.83%; flag=U; items=1
R00125,2025-10-25T02:50:18Z,A5,phone,"68,82 C2",items=4; adj=-15.95%; fee=+20.56
R00166,2025-11-08T00:00:00Z,A4, phone ,C1 39.86,adj=-5.34%; fee=-26.78; flag=S; items=5
R00043,2025-09-25T09:44:54Z,A8,PHONE,127.32C1,waive=true; adj=+2.16%; items=25; fee=+12.32; flag=U
R00148,2025-02-09T19:17:00Z,A2, phone ,58.79C1,adj=-5.16%; items=5; fee=-31.39; waive=true
R00210,2025-08-02T03:18:00Z,A2,phone	,"72,21 C2",fee=+8.18; items=4; adj=-1.23%
R00068,2025-08-10T06:38:00Z,A6,phone,73.56,items=1; adj=+9.05%; fee=-17.12; flag=U
R00132,,A5,Phone,,flag=U; adj=+4.67%; items=1
R00222,2025-10-25T18:17:45Z,A4,app,808.824,fee=-18.08; items=6; adj=-7.59%
R00056,2025-09-14T07:55:28Z,A1,email," 80 , 14 C2",adj=-7.74%; items=8
R00162,2025-11-02T16:47:32Z,A2,phone,113.26,items=5; adj=+4.71%; fee=+40.70
R00110,2025-09-01T19:13:00Z,A4, phone ,"99,89 C2",items=3; fee=+110.40; adj=+6.24%
R00285,2025-08-08T00:00:00Z,A4,web,124),items=10; adj=-2.98%; flag=T; fee=-9.32
R00036,2025-09-28T05:00:00Z,A3,email,,items=0; adj=+2.94%; flag=N
R00114,2025-09-02T12:06:00Z,A3, phone ,(-110.90 C1),fee=-9.33; items=50; flag=T
R00139,2025-08-12T13:17:03Z,A3,web,150.594 ,
R00087,2025-09-12T18:39:00Z,A7,app,12.345 C2,fee=+25.32; flag=N; adj=-5.72%; items=6
R00082,2025-06-11T07:52:48Z,A3,PHONE,-124.72C1,items=1; fee=+20.90; adj=+1.07%
R00146,2025-10-09T07:06:00Z,A7,PHONE,,fee=+57.78; items=12; flag=T; adj=-7.73%
R00175,2025-08-11T10:45:00Z,A7,app, 100,items=4; adj=-11.41%
R00230,2025-10-11T15:04:00Z,A4,web,"233,60 C2 ",flag=N; fee=-1.66; adj=-0.87%
R00289,2025-10-13T10:18:30Z,A2, phone ,221 ,adj=-10.65%; fee=-32.93; items=1
R00019,2025-09-21T17:45:00Z,A5,app,132.00 C1,adj=+8.05%; items=4
R00258,2025-12-05T08:24:49Z,A5,PHONE,218 ,items=4; adj=+2.73%; fee=-6.65
R00174,2025-09-13T02:23:00Z,A6,app,"52,58 C2",items=4; adj=-1.16%
R00161,2025-09-19T08:42:53Z,A8,phone	, 93.401,items=3; flag=S; waive=true; fee=-68.54; adj=+0.35%
R00161,2025-11-04T00:00:00Z,A4,app,-C1 123.45,items=3; adj=-8.71%; flag=R; fee=-0.37
R00057,2025-08-29T03:34:00Z,A8, phone ,"C1 1,234.56",items=4; flag=S; adj=+9.12%; fee=-33.53
R00094,2025-08-18T05:15:53Z,A1,app,C1 94.60,adj=-4.19%; flag=U; fee=-3.66
R00252,2025-09-06T14:29:57Z,A2,phone,66.54 ,adj=+10.74%; fee=-173.92; flag=T; items=4
R00158,2025-10-02T10:50:36Z,A2,phone	,97.42,items=4; flag=T; fee=+18.29; adj=+1.10%
R00288,2025-08-03T09:19:40Z,A5,Phone,,adj=-1.06%; items=50; waive=true; fee=-31.38
R00007,2025-09-21T05:02:00Z,A3, phone ,67.75 C1,items=3; adj=+9.38%; flag=S; fee=-8.27
R00019,,A5,email,84),items=10; adj=-7.62%; fee=-13.91
R00138,2025-05-09T00:33:00Z,A4,Phone,"72,90 C2",items=10; fee=+7.45; adj=+13.09%
R00060,2025-11-20T08:30:00Z,A3,web,,items=0; adj=-8.45%
R00126,2025-11-08T00:26:00Z,A3,phone," 85,66 C2",adj=+3.39%; fee=-36.74; items=1
R00099,2025-08-04T07:31:04Z,A4,PHONE, 46.67,fee=-45.83; items=1; WaIvE=true; adj=+15.55%; flag=R
R00096,2025-11-12T06:00:00Z,A1,web,C1 100.00,items=1; adj=+0.00%; fee=+0.00
R00134,2025-10-17T16:03:28Z,A3,app,C1 106.66,fee=-4.79; adj=-6.16%; items=0; flag=R
R00214,2025-10-22T02:01:00Z,A8,email,C1 96.31,items=1; adj=-9.98%
R00139,2025-09-19T03:44:00Z,A4,phone,,items=2; fee=-15.14; flag=N; adj=-0.75%
R00164,2025-09-07T20:39:00Z,A5,phone	,"139,85 C2",flag=N; adj=-1.72%; fee=+6.17; items=2
R00208,2025-10-10T22:57:57Z,A4,app,C1165,items=4; fee=-19.54
R00289,2025-09-23T06:26:23Z,A3,phone,"1.234,56 C2",items=1; adj=-1.20%; fee=+8.18; flag=R
R00288,2025-10-28T15:03:14Z,A4,phone,C1 45.05,items=2; adj=-5.29%; fee=+7.00; flag=T
R00239,2025-11-02T00:11:00Z,A2,phone,C1 121 . 17,adj=-0.64%; items=5; flag=S
R00236,2025-10-03T17:19:08Z,A8,web,,fee=-24.79; flag=T; items=3; adj=+2.84%
R00052,2025-09-29T13:22:00Z,A6,app,195 C2,flag=R; fee=-48.70; items=4; adj=-5.70%
R00054,2025-08-13T19:05:11Z,A2,PHONE,-C1 204.33,items=12; fee=-34.73
R00015,,A4,phone,64.54,items=1; flag=T; fee=-7.11; adj=+6.58%
R00009,,A3,phone	,C1 44,flag=R; items=3; fee=+133.56; adj=-3.66%
R00094,2025-10-13T12:59:59Z,A1, phone ,C1 127.67 ,adj=-6.90%; items=4; WaIvE=true; fee=+7.25
R00120,2025-09-01T23:02:00Z,A1,phone, 125,fee=-1.15; items=3
R00071,2025-08-22T20:30:00Z,A1,Phone,"205,49 C2",items=1; adj=-10.05%; fee=+16.09
R00014,2025-12-10T18:42:00Z,A8, phone ,195.46,items=1; fee=-38.57; adj=+6.95%
R00288,2025-10-26T00:00:00Z,A8,phone,C1 123.45 CR,adj=-8.45%; fee=-5.98; items=12; flag=N
R00194,2025-09-23T21:53:00Z,A3,email,(80),items=10; flag=T; adj=+0.95%; fee=-11.03
R00284,2025-08-15T22:51:10Z,A1,web,84,fee=+31.82; adj=+0.91%; items=0
R00260,2025-10-11T13:26:24Z,A1,Phone,153.11 C1,fee=-38.48; items=12; flag=S; adj=+1.22%
R00012,2025-08-17T03:19:47Z,A3,phone,,adj=-18.30%; items=10; fee=-19.67
R00115,2025-09-16T01:31:48Z,A7,phone,62.79,adj=+14.06%; items=1; fee=+33.81
R00131,2025-12-09T09:18:45Z,A4,web,C1 111.56,items=8; flag=N; fee=+19.90; adj=+12.69%
R00089,2025-12-12T17:46:14Z,A7,email,C1 64.47,items=5; adj=-11.53%; fee=+21.60; flag=S
R00022,2025-09-13T15:25:00Z,A8,app,59.00,fee=-5.65; flag=R; items=5; adj=-8.18%
R00043,2025-09-22T00:00:00Z,A5,web, (107),flag=S; items=1; fee=-3.00; adj=+15.20%
R00205,2025-07-08T10:08:00Z,A8,PHONE,247.491,fee=-28.17; items=6; adj=+1.93%
R00060,2025-10-09T08:48:24Z,A7,Phone,213.57,adj=+12.93%; flag=U; fee=-3.99
R00235,2025-10-25T00:00:00Z,A5,web,,adj=+3.12%; flag=T; WaIvE=true; fee=-18.08; items=3
R00193,2025-10-24T15:56:00Z,A6,app,88.28,fee=+21.13; adj=-15.64%; items=50
R00137,2025-06-08T11:38:00Z,A6,app,"98,09C2",fee=-7.39; flag=T; items=2; adj=+1.22%; WaIvE=true
R00053,2025-08-29T21:09:00Z,A4,Phone,90.70,items=50; adj=-7.23%; flag=N
R00219,2025-08-22T22:36:00Z,A8,phone,81.66 C1 CR,fee=-14.88; flag=N; items=10; adj=+18.03%
R00075,2025-11-05T11:14:25Z,A6,phone	,-41.42 C1,items=1; fee=+2.22; adj=+13.02%
R00017,2025-10-14T13:19:00Z,A7,PHONE,-79.18 C1,flag=T; items=2
R00110,2025-11-25T20:52:04Z,A1,web,"143,96 C2",adj=-5.08%; flag=T; items=0; fee=+3.54
R00024,2025-11-20T06:15:27Z,A7,Phone,139.53,adj=-8.31%; items=10; fee=-7.52
R00086,2025-08-01T04:09:30Z,A1,web,45.92,items=12; fee=-6.96; flag=U; WaIvE=true; adj=-5.42%
R00240,2025-09-08T10:20:00Z,A5, phone ,C1 191.27,items=0; fee=+23.85
R00273,2025-08-01T00:00:00Z,A4,phone,C1 183 ,flag=T; items=8; fee=+12.05; adj=-10.73%
R00127,,A4,phone,C1 75,fee=-20.20; adj=+1.41%; items=4
R00215,2025-09-23T00:00:00Z,A4,app,84.35C1,items=2; adj=-0.63%; fee=-29.36; flag=N
R00238,2025-09-19T21:44:59Z,A6,web,C1 116.39,fee=+4.26; items=1; flag=N; adj=+0.75%
R00135,2025-10-27T00:00:00Z,A2, phone ,(294.34 C2,adj=+1.83%; items=2
R00260,2025-10-04T21:28:00Z,A2,PHONE," C1 331,05 ",adj=-23.12%; items=0
R00079,2025-11-10T05:09:00Z,A5,PHONE,"376,10 C2",fee=-33.64; items=1; flag=U; adj=+19.42%
R00225,2025-10-02T11:04:00Z,A6,web,107.51 C1,fee=-18.70; items=8; adj=-11.94%; flag=S
R00030,2025-12-10T16:07:34Z,A4,Phone,"C1 113,75",items=1; flag=T; fee=+77.40; adj=+5.50%
R00188,2025-08-05T11:17:58Z,A1,PHONE,"105,03 C2",fee=+22.12; items=1; adj=+9.52%
R00056,2025-09-22T02:47:04Z,A1,email,"1.234,56 C2",adj=+4.35%; fee=-25.29; items=5
R00045,2025-08-14T00:00:00Z,A1,phone,"1.234,56 C2",adj=+20.14%; items=1
R00172,2025-10-27T06:22:00Z,A6,app,211,items=25; fee=+5.53; flag=R; adj=+7.31%
R00174,2025-08-07T17:48:32Z,A8,Phone,"146,71 C2",fee=-40.99; adj=-1.42%; flag=N
R00130,,A4,phone,"1.234,56 C2",flag=T; fee=+112.24; items=12; adj=+1.80%
R00100,2025-10-14T07:01:00Z,A7,phone	,55.19 C2,flag=R; items=1; fee=-1.86; adj=+5.81%
R00179,2025-10-27T19:31:00Z,A6, phone ,"1.234,56 C2",items=50; fee=+33.65; flag=N; adj=-2.55%
R00006,2025-08-27T02:52:00Z,A8,web,(C1 59.55,fee=+21.73; adj=-0.64%
R00169,2025-08-15T01:42:42Z,A8,phone,"C1 1,234.56",fee=+14.12; items=8; adj=+3.86%; flag=N
R00043,2025-08-25T05:03:00Z,A5,phone,133,items=1; adj=+14.41%; fee=+8.16
R00243,2025-09-04T03:20:00Z,A6,email,C1 66,flag=U; fee=-19.00; items=2; adj=-3.23%
R00254,2025-10-27T04:07:00Z,A2,web,248 C2,fee=+20.85; flag=T; adj=-4.11%
R00206,2025-08-27T00:05:34Z,A8, phone ,C1 54.61,fee=+41.45; flag=S; items=5; waive=true
R00262,2025-11-09T17:38:00Z,A5,app,C1 122,items=0; fee=+18.59; adj=+18.44%; flag=R
R00145,2025-09-08T22:55:45Z,A2,phone,C1 129.39 ,items=4; adj=-14.64%; fee=+28.24; flag=R
R00002,2025-09-23T15:29:25Z,A3,email,C1 102.82,adj=+8.11%; items=8; fee=+1.34
R00202,2025-11-15T07:07:00Z,A2,phone,"134,77 C2 ",items=3; adj=-5.71%; fee=+36.38; flag=R
R00233,2025-11-08T18:51:32Z,A6,PHONE,,waive=true; fee=-1.31; adj=+12.94%; items=6
R00185,2025-08-25T01:08:02Z,A1,PHONE,74 CR,items=2; adj=-4.64%; flag=S
R00138,2025-08-16T10:05:23Z,A2,phone,"102,97 C2",fee=+76.45; items=4; adj=-25.36%; flag=R
R00074,2025-10-07T17:54:50Z,A7,web,79.17 C1,fee=+12.79; adj=-2.41%; items=12
R00223,2025-10-23T00:00:00Z,A4,PHONE," 70,36 C2",adj=+5.94%; flag=S; fee=-28.36; items=6
R00203,2025-10-02T11:19:28Z,A8,phone, C1 91,adj=+2.47%; items=10; fee=+9.06; flag=R; WaIvE=true
R00138,2025-09-13T03:42:00Z,A7,phone,84.150,adj=-11.71%; fee=-34.35; items=4; flag=R
R00069,2025-11-08T16:19:00Z,A2,email,"71,36 C2 ",flag=T; items=4; adj=-21.53%; fee=+12.73
R00234,2025-08-02T00:13:35Z,A7,phone,"-177 , 70C2",fee=-9.20; adj=+4.32%; items=1
R00005,2025-11-06T00:00:00Z,A1,email, C1 301.59,adj=-13.96%; items=3; WaIvE=true
R00252,2025-08-26T00:00:00Z,A8,email,(184.41 C1,adj=-3.60%; fee=-38.13; items=1; flag=T
R00121,2025-10-21T19:23:26Z,A5,phone	, (-182.49),WaIvE=true; items=3; fee=-18.01; adj=-11.29%
R00001,2025-08-26T11:40:00Z,A7,Phone,C159.37,adj=+5.65%; fee=-7.53
R00269,2025-09-21T13:49:00Z,A5,web,107.56 C1,items=50; adj=+1.33%; fee=-8.81
R00272,2025-09-11T07:57:36Z,A8,phone	,C1 29.62,items=5; adj=+1.26%; fee=-7.11
R00261,2025-10-15T08:04:00Z,A7, phone ,(29),adj=+14.40%; fee=+31.68; items=12
R00108,2025-11-04T20:41:00Z,A6,web, 84,flag=U; items=2; fee=-0.92; adj=-1.48%
R00036,2025-10-08T06:47:00Z,A8,PHONE,(C1 63.64),items=25; adj=+3.50%; WAIVE=TRUE; fee=-8.92
R00096,2025-11-09T13:00:00Z,A5,web,C1 100.00,items=1; adj=+0.00%; fee=+0.00
R00044,2025-08-07T09:18:57Z,A3,web,131 C2,adj=-16.97%; fee=-8.32; flag=R; WAIVE=TRUE; items=1
R00298,2025-12-22T21:00:29Z,A5,phone,136 . 48 C1,flag=U; adj=-1.18%; items=50; fee=-11.09
R00163,,A3,email,,items=5; adj=+2.01%; flag=R; fee=+19.82
R00033,2025-10-28T14:05:19Z,A6,phone,66.03 C1,fee=+23.07; adj=+1.99%; items=1; flag=N
R00167,2025-09-18T00:00:00Z,A7,web,78 C2,adj=-11.17%; items=4; fee=-13.20
R00265,2025-10-20T18:19:42Z,A7,phone,"151,63 C2",fee=+4.74; items=1
R00137,2025-08-24T17:44:00Z,A2,phone	,1042.86),adj=-6.47%; items=6; fee=+7.83
R00070,2025-10-30T15:10:00Z,A8,Phone,"154 , 32 C2",flag=T; fee=-58.39; items=0; adj=+1.61%
R00089,2025-10-15T01:23:00Z,A8,email,312.41,flag=U; adj=+6.08%; WaIvE=true; fee=+9.81; items=3
R00197,2025-10-26T00:00:00Z,A1,app,"100,75 C2",items=0; flag=T; fee=-30.20; adj=-0.98%
R00115,2025-08-24T23:34:00Z,A2, phone ,99.553,fee=-16.50; adj=+6.01%; items=0; flag=R
R00137,2025-08-23T01:31:00Z,A2,email,C1 96.57,fee=-6.61; adj=+4.90%; items=4
R00247,2025-11-14T00:00:00Z,A5,phone	,C1 71.12 ,fee=+2.63; items=8
R00283,2025-08-19T03:14:00Z,A5,PHONE,"68,61 C2",adj=-13.95%; items=6; flag=N
R00032,2025-11-07T07:00:00Z,A6,web,C1 100.00,items=1; adj=+0.00%; fee=+0.00
R00141,,A1,app,C1 38.50,adj=-2.69%; items=4; fee=+8.20
R00017,2025-08-16T21:09:00Z,A8,web,100.770,
R00034,2025-09-19T11:59:00Z,A8,phone,C1 63.54,items=1; adj=+3.49%
R00020,2025-11-11T16:32:00Z,A5,email,(C1 94.05 ,items=8; adj=+0.97%
R00103,2025-09-19T13:29:16Z,A1,phone, C1 476,fee=-9.88; items=4; flag=R
R00204,2025-11-12T07:31:00Z,A4, phone , 199.65,fee=+4.93; adj=+11.16%; items=4; flag=U
R00203,2025-11-08T12:03:16Z,A7,email,59.69,flag=U; items=50; fee=-3.64
R00128,,A3,Phone, 86.88,items=6; fee=+16.90; adj=+2.55%
R00154,2025-08-30T13:15:56Z,A4, phone ,366.337,adj=+7.20%; fee=-20.78; items=3; flag=T
R00142,2025-11-13T05:25:02Z,A6, phone ,75.09 C1,adj=-0.04%; items=4; flag=U; waive=true; fee=-0.29
R00200,2025-11-12T16:42:00Z,A3,phone,-C1 69.48,items=2; fee=-19.37; adj=-8.10%
R00048,2025-09-14T06:46:11Z,A6,Phone,C1 104.25,items=2; fee=-19.56; adj=+14.65%; flag=N
R00299,2025-08-22T08:34:00Z,A5,PHONE,,flag=S; adj=-0.17%; WAIVE=TRUE; items=10; fee=-11.28
R00241,2025-09-06T12:57:36Z,A5,web,"72,89C2",flag=R; items=3; fee=+13.45; adj=+13.54%
R00226,2025-11-02T13:10:00Z,A8,phone	,C1 118.02,adj=+6.31%; flag=U; items=3; fee=+43.78
R00106,2025-10-15T07:06:00Z,A7,web, C1 123,flag=T; fee=-25.88; adj=+3.01%; items=2
R00209,2025-09-10T20:25:00Z,A7,email,C190.42,fee=-5.42; adj=-17.78%; items=1
R00104,2025-10-09T04:53:00Z,A8,Phone,"C1 57,50",items=6; fee=+4.28
R00250,2025-11-08T02:24:29Z,A4,phone,,fee=+24.51; items=0; adj=-8.92%
R00105,2025-08-03T21:23:36Z,A5,email,194.33 C1,flag=N; fee=-0.56; adj=+2.54%; items=4
R00026,2025-12-18T18:45:00Z,A8,app,,items=0; flag=S; adj=+9.42%; fee=-49.26
R00112,2025-10-11T05:49:51Z,A8, phone ,"(C1 83,03)",items=3; fee=-26.81; adj=+3.87%
R00164,2025-09-14T00:00:00Z,A8,Phone,215.04,fee=-38.47; items=2; adj=+9.12%
R00112,2025-08-10T19:17:00Z,A2,Phone, 105.013,items=4; WAIVE=TRUE; fee=-16.78; flag=S; adj=+11.58%
R00077,2025-08-11T14:31:00Z,A4,phone,174.54 C1,flag=T; items=50; adj=+14.74%; fee=+9.37
R00155,2025-09-30T15:28:00Z,A1,phone,,fee=+3.57; items=1
R00036,2025-10-08T10:09:00Z,A6,phone,C1 75.62 CR,fee=-16.05; items=6; WaIvE=true; flag=U
R00227,2025-09-10T15:28:54Z,A4,email,C1 250.14 ,fee=+18.75; items=3
R00002,2025-08-18T12:02:00Z,A4,Phone,83.22,fee=-2.74; items=5; adj=-10.73%
R00087,2025-08-04T01:27:12Z,A4,email,"C1 67,33",flag=S; items=0; adj=+15.12%; fee=+7.79
R00140,2025-11-29T04:33:35Z,A4,email,73.68 C1,adj=+21.80%; fee=+37.80; items=5; flag=T
R00235,2025-08-17T18:54:00Z,A4,Phone,C1 167.48,fee=-49.42; items=2; WaIvE=true; adj=-8.91%
R00272,2025-08-06T19:07:28Z,A7,PHONE,C1 60 ,WAIVE=TRUE; fee=+20.59; items=5; adj=+8.89%
R00268,2025-10-11T21:28:21Z,A1,app,32.74,fee=+22.75; items=0; flag=T; adj=-1.33%
R00142,2025-09-16T00:00:00Z,A8,phone,96.41 C1 ,items=6; fee=+22.20; flag=U; adj=+5.52%
R00196,2025-11-07T00:00:00Z,A4, phone ,C1 120.12,items=8; fee=-79.65; flag=R; adj=+1.15%
R00092,2025-11-03T08:27:09Z,A2,phone,"44,54 C2",fee=-20.25; adj=+3.30%; items=0
R00102,2025-10-14T06:36:41Z,A3,app,,adj=-2.57%; flag=S; items=2; waive=true; fee=+9.58
R00060,2025-11-20T08:30:00Z,A3,app,"C1 12,345",adj=-4.42%; items=25; fee=-26.14; flag=U
R00150,,A4, phone ,62,items=50; fee=+13.48; adj=-6.62%
R00239,2025-11-03T21:34:00Z,A3,web,"CR 292,83 C2",items=25; adj=-4.92%; fee=-15.82
R00209,,A2,phone,,adj=-1.16%; flag=R; fee=-76.47; items=1
R00093,2025-08-11T06:29:00Z,A3,phone	,169.91,WAIVE=TRUE; fee=+45.55; adj=-2.58%; flag=R
R00182,2025-02-08T04:31:00Z,A5,phone,C189,adj=-1.31%; items=1; fee=+6.85; flag=T
R00031,2025-12-22T23:13:30Z,A8,phone,63.03 C2 ,items=0; waive=true; flag=U; adj=+8.64%; fee=-17.61
R00139,2025-09-10T00:00:00Z,A3,PHONE,C1 900.81,flag=N; items=1; adj=+11.03%
R00247,2025-09-19T21:42:17Z,A7,PHONE, 87 C2,flag=N; adj=-22.70%; items=4; fee=+32.71
R00190,2025-10-03T05:34:00Z,A5,app,,adj=-14.77%; fee=-27.20; items=4
R00189,,A1,web, 46 C2 ,items=12; adj=+18.78%; fee=-26.41; flag=S
R00137,2025-11-27T23:25:19Z,A6,app,C1 121.88,adj=-5.04%; items=8; fee=-85.23; flag=U
R00047,2025-09-08T04:24:29Z,A8,app,"32,13 C2",adj=-1.54%; fee=-1.60; items=0
R00169,2025-09-26T10:03:48Z,A2,email,201.06,items=8; adj=+1.53%; fee=+20.52; flag=U
R00277,,A3,phone	, C1 198.59,adj=+10.95%; flag=R; fee=-2.52
R00096,2025-11-08T07:00:00Z,A2,web,C1 100.00,items=1; adj=+0.00%; fee=+0.00
R00179,2025-09-15T23:04:04Z,A7,phone	," 42,54 C2 ",fee=+23.70; adj=-1.79%
R00282,2025-09-13T19:53:45Z,A1,phone,117,WaIvE=true; flag=R; fee=-41.46; items=8; adj=-0.22%
R00269,,A6,email,(C1 123.45),fee=-12.38; adj=-12.45%; flag=R; items=3; WaIvE=true
R00242,2025-08-20T17:17:05Z,A3,email,"1.234,56 C2",adj=+0.28%; fee=-4.49; items=1
R00220,2025-08-01T09:55:00Z,A6,Phone,"325,79 C2",fee=+1.87; items=12; adj=-19.11%
R00235,2025-10-27T09:06:23Z,A6,email,C1 39.54 ,fee=+11.95; flag=S; items=2; adj=+8.46%
R00203,2025-08-10T04:40:10Z,A5,PHONE,(C1 79.20),items=6; WAIVE=TRUE; adj=-21.64%
R00055,2025-10-28T00:00:00Z,A3,phone,76.674 CR,fee=-0.13; adj=+9.05%; items=25
R00260,2025-09-01T05:53:48Z,A1,PHONE,107.97C1,items=4; adj=+4.98%; fee=-10.29; flag=N
R00008,2025-08-22T07:46:46Z,A5, phone ,"149,43C2",
R00095,,A6,web, 93.01,adj=-7.06%; flag=U; items=3; fee=-15.29
R00232,2025-12-06T21:40:48Z,A3,Phone,53 C2,fee=+54.97; items=1; flag=U; adj=+3.35%
R00241,2025-08-14T05:29:00Z,A8,web,"C1 1,234.56",items=2; flag=R; adj=-2.59%
R00113,2025-10-18T19:06:15Z,A6,email,44.59 C1,flag=T; adj=-6.74%; items=1
R00216,2025-10-20T16:33:00Z,A1,web,"83,06 C2 ",fee=+4.10; items=3; adj=+0.70%
R00016,2025-08-29T08:17:00Z,A4, phone ,"C1 12,345",adj=+2.01%; items=2; flag=S; fee=-5.73
R00126,2025-09-13T19:33:42Z,A7,phone	,57.49,items=5; fee=-4.08; adj=+11.09%
R00238,2025-08-01T00:42:20Z,A4,Phone,C1 55 ,fee=-43.72; adj=+7.60%; items=3
R00097,,A6,email,C1 58.89,fee=+23.23; items=4; adj=-15.43%
R00178,2025-08-31T22:34:00Z,A3,phone	,,adj=+2.82%; fee=-16.52; flag=U; WAIVE=TRUE; items=1
R00168,2025-10-14T15:05:00Z,A1,Phone,,flag=S; adj=-8.67%; items=2; fee=+17.32
R00131,2025-09-24T19:15:15Z,A4,phone, C1 68.14,adj=+3.96%; items=2; flag=N
R00165,2025-08-02T01:26:08Z,A6,phone,C1 134.21,adj=+10.29%; flag=R; fee=+34.62; items=6
R00110,2025-10-02T12:38:00Z,A1,app,207 . 15 CR,flag=S; waive=true; fee=+14.84; items=5; adj=+0.39%
R00172,2025-10-13T11:33:54Z,A7,app,178.79 CR ,items=2; fee=+45.26; flag=T
R00267,2025-10-23T09:23:00Z,A3,app, 116.70 C1,items=3; adj=+17.00%; flag=U
R00105,2025-10-02T18:40:00Z,A5, phone ,(C1 410.81,items=2; fee=+25.12; adj=-7.66%
R00170,2025-08-30T23:18:35Z,A3,phone,"96,06 C2",fee=+24.32; flag=S; WAIVE=TRUE; items=5; adj=+3.27%
R00079,2025-09-28T19:48:00Z,A2,PHONE,167 C2,items=4; fee=+38.74; flag=U; adj=-3.32%; WAIVE=TRUE
R00083,,A8,phone	,"38,65 C2 ",
R00299,2025-08-08T02:46:00Z,A1,phone,C1 123.88,items=3; flag=N; fee=+28.28; WaIvE=true; adj=-2.48%
R00117,2025-09-20T19:15:00Z,A1,email, 92.22 CR,items=50; waive=true; adj=-7.20%; fee=+6.37
R00070,2025-08-07T15:36:00Z,A5,app,66.02 C1 ,fee=-26.93; flag=N; adj=-8.21%
R00018,2025-08-07T07:05:00Z,A7,web,"79,12 C2 CR",items=1; adj=-5.80%; flag=U; fee=-16.19
R00214,,A4,app,"C1 12,345",adj=-3.29%; flag=N; fee=+25.79; items=2
R00095,2025-09-10T00:04:47Z,A6,app,C1 123.45 CR,items=1; fee=+55.34; adj=-2.07%; flag=S
R00249,2025-10-25T00:00:00Z,A1, phone , 47.83 C1,fee=-7.09; items=1; adj=+8.81%
R00053,2025-09-02T06:25:25Z,A8,PHONE,C1 200.94,flag=U; adj=-2.28%; fee=+24.88; items=1
R00232,2025-09-26T10:29:00Z,A3,phone	,"1.234,56 C2",adj=-12.73%; items=0; fee=-28.24; flag=R
R00047,2025-09-08T07:29:21Z,A8, phone ,65 C2,items=1; adj=-12.16%
R00097,2025-10-05T12:00:00Z,A3,web,"1,000 C2",items=1; fee=-1.05; adj=-0.40%
R00220,2025-10-29T00:12:00Z,A8,app,"47,14 C2",WAIVE=TRUE; flag=S; items=1; fee=+15.14; adj=+14.82%
R00258,2025-09-22T01:49:44Z,A3,web,C1 74.78 ,flag=N; fee=+26.82; items=5; adj=-1.53%
R00273,2025-11-05T01:40:00Z,A4,web,58.790,items=0; fee=+35.51; adj=-1.33%
R00105,2025-10-04T18:17:12Z,A3,phone	,,adj=-9.14%; WAIVE=TRUE; items=1
R00160,2025-08-20T17:39:00Z,A7,PHONE,103.756,items=1; fee=-88.01; adj=+8.68%
R00119,2025-09-26T01:08:41Z,A7,phone, C1 76,flag=R; items=1; fee=+25.44
R00291,2025-10-09T14:25:00Z,A8,PHONE, 99 C2,flag=T; fee=+5.90; items=50; adj=-4.79%
R00066,2025-09-15T19:07:00Z,A4, phone ,295,fee=-55.48; adj=+2.32%; items=1
R00094,2025-09-11T05:21:39Z,A1,email,,items=4; adj=+3.20%; fee=-15.70; flag=U
R00247,,A5,web,"C1 104,42",adj=+4.24%; items=0; fee=+13.48
R00170,2025-11-25T02:16:54Z,A3, phone ,111.48 C1,items=6; adj=+2.74%; fee=-9.37
R00148,2025-10-13T16:37:00Z,A2,Phone,67.97 C1,flag=T; fee=-1.90; adj=+7.15%; items=1
R00006,2025-05-11T13:05:00Z,A1,Phone,-95.98 ,fee=+3.16; adj=-0.83%; items=8
R00120,2025-09-10T07:35:20Z,A6,app,,items=3; flag=R; fee=-34.23; adj=+2.86%
R00111,,A1,phone,157C2,flag=S; fee=+28.97; items=1; adj=+2.72%
R00273,,A5,phone,60.18 C1,items=1; fee=-9.64; flag=T; adj=+12.27%
R00237,2025-11-13T00:14:30Z,A5,phone,148.31,fee=+20.30; flag=N; items=8; adj=+0.58%
R00205,2025-08-28T15:34:00Z,A2,web,"133 , 05 C2",adj=-1.76%; items=0; fee=+8.83
R00251,2025-09-07T23:39:43Z,A1,PHONE,C1 93.98,adj=+10.01%; items=8; flag=T
R00152,2025-08-19T17:24:00Z,A8,web,CR 88,fee=+9.25; items=5; flag=R; adj=+5.46%
R00066,2025-10-11T13:49:29Z,A4, phone ,61.69 C1,fee=+24.90; items=2; flag=U; adj=-0.57%
R00147,2025-09-30T19:17:00Z,A5,Phone,C1 194.38,flag=R; adj=+2.39%; items=50; fee=-9.21
R00226,2025-08-23T00:00:00Z,A3,phone	,C1 112.40,items=8; flag=T; fee=-4.16; adj=-2.84%
R00093,2025-12-13T19:40:05Z,A5,email,C1 113.43,adj=+2.15%; items=5; fee=+21.03
R00055,2025-08-23T20:34:00Z,A7,phone,C152.81,
R00242,2025-08-23T11:59:53Z,A3,web,153.48 C1,adj=-11.90%; fee=+0.13; flag=T; items=1
R00177,2025-09-26T20:24:43Z,A3,phone	,"66,29 C2",items=6; adj=+5.18%
R00053,2025-11-03T20:42:00Z,A4, phone ," 36,67 C2",adj=+4.73%; fee=-11.30; items=5; flag=S; WaIvE=true
R00181,2025-08-09T00:00:00Z,A8,web,C1 51.38 ,flag=R; adj=+14.81%; fee=-7.15; items=2
R00099,2025-09-18T00:00:00Z,A7,PHONE,87 C2,items=2; fee=+20.75; adj=-4.38%; WaIvE=true
R00251,2025-10-22T23:30:00Z,A5,app,C1 96.84,items=2; flag=R; adj=-14.90%; fee=-9.77
R00209,2025-10-14T08:08:00Z,A4,phone, C1 172,items=1; adj=+1.68%; fee=+14.04; flag=N
R00054,2025-01-11T08:34:00Z,A4,Phone,40.14,fee=-28.35; items=4; adj=+3.93%
R00256,2025-10-21T02:20:49Z,A1,email,85.24,flag=R; adj=-7.01%; items=0
R00043,2025-10-22T00:00:00Z,A7,Phone,"88,23 C2",
R00200,2025-10-18T21:56:22Z,A3,phone,C1 175,adj=-3.43%; items=2; fee=-3.44
R00064,2025-10-29T03:40:10Z,A4,email,C1 43.23,adj=-11.58%; fee=+25.72; items=1
R00016,2025-11-10T08:00:00Z,A1,web,C1 100.00,items=1; adj=+0.00%; fee=+0.00
R00006,2025-10-17T17:47:00Z,A7,phone	,,adj=+5.97%; flag=N
R00249,2025-10-03T17:43:25Z,A5,email,C1 120.69,items=4; flag=S; WaIvE=true; adj=-2.85%; fee=-0.86
R00170,2025-08-18T03:47:27Z,A2, phone ,48,adj=+7.30%; flag=S; items=1
R00124,,A1,app,"93,26 C2",fee=-2.28; adj=-3.70%; items=8; flag=T
R00045,2025-09-11T10:48:06Z,A4,PHONE,103.26,fee=+35.65; adj=-4.89%; items=2
R00088,2025-09-04T23:02:31Z,A6,web,100.60,items=1; fee=-24.15; adj=+2.24%
R00162,,A1, phone ,36,items=4; adj=-0.84%
R00007,2025-10-08T06:29:24Z,A7,phone,78 C2,adj=+17.94%; fee=+12.38; items=2
R00159,2025-06-09T07:06:00Z,A4,PHONE, C1 37 ,flag=R; items=4; adj=-0.62%
R00274,2025-11-14T15:03:00Z,A6,phone,C1 41.72 ,flag=T; adj=+0.51%; items=4; fee=+32.49
R00098,,A7,phone,C1 123.45 CR,flag=R; fee=+24.87; adj=+18.11%; items=0
R00080,2025-06-11T12:05:49Z,A1,PHONE,,items=12; flag=T; adj=+8.04%; fee=+2.15
R00260,,A1,phone	,C1 80,flag=T; items=6; fee=-6.12; adj=+19.17%
R00092,2025-08-19T03:41:00Z,A3, phone ,42.73 C1,adj=+17.86%; flag=S; items=5
R00191,2025-10-01T00:00:00Z,A2,Phone,C1 111.75,
R00038,2025-08-22T07:34:00Z,A1,app,C190,fee=-4.93; adj=-11.56%; items=5
R00107,2025-08-21T12:06:08Z,A8,PHONE,"69,77C2",adj=-7.22%; flag=S; items=10; fee=-11.03
R00105,2025-11-17T03:54:07Z,A5,Phone,"107 , 34 C2",items=8; adj=-4.67%; fee=+2.12; flag=N
R00199,2025-09-08T10:12:00Z,A6,app, 236.63,flag=R; adj=-2.65%; fee=+12.20; items=4
R00221,2025-10-28T05:00:00Z,A7,app,C1 175.85 ,items=3; fee=-22.51; adj=-16.10%; flag=U
R00070,2025-09-04T00:00:00Z,A3,phone	, C1 69.62,flag=T; adj=-4.89%; items=2; fee=+8.94
R00193,2025-08-06T12:18:02Z,A6,app,C1 58.20,items=12; adj=-8.29%; flag=T; fee=+9.87
R00082,2025-10-19T06:05:00Z,A2,web, (-C1 199 . 11),items=6; flag=S; adj=+6.01%
R00206,2025-10-12T09:39:52Z,A6,web,"82,38 C2",fee=+37.11; items=3; adj=-14.51%
R00033,2025-10-08T01:34:00Z,A8, phone ,105.15 C2,flag=N; fee=-6.98; adj=-0.40%; items=50
R00048,2025-08-07T19:28:33Z,A3,phone, 162.87,WaIvE=true; adj=+4.20%; fee=+7.74; items=10
R00074,2025-10-05T12:00:00Z,A7,email,"1.000,00 C2",adj=+26.14%; items=1; fee=-29.97
R00241,2025-09-27T00:00:00Z,A7,phone,206 C2,fee=+27.04; adj=-6.84%; flag=R; items=1
R00014,2025-10-17T19:04:00Z,A8,phone,151.915 ,fee=+22.14; flag=N; adj=-5.52%; items=6
R00005,2025-08-08T00:00:00Z,A1,phone,C1 48.08,adj=+3.36%; fee=+12.18; items=25; WaIvE=true
R00165,2025-10-20T22:35:26Z,A3, phone ,C1 186.14,fee=+33.70; adj=+7.34%; items=10
R00135,2025-08-28T03:06:00Z,A8,app,117.662,items=8; flag=R; adj=+7.62%; fee=-107.64
R00216,2025-09-20T06:51:45Z,A6,PHONE,-163.32 C1,items=50; adj=-1.43%; fee=-65.53
R00027,2025-10-21T15:49:13Z,A1,phone	,C1 123.19,adj=+3.57%; items=2; fee=-43.49; flag=S
R00147,2025-10-16T06:07:26Z,A3,PHONE,144,WaIvE=true; adj=+7.30%; fee=-14.84; items=1; flag=R
R00217,2025-09-15T12:06:00Z,A2, phone ,"109,51 C2 ",adj=-9.42%; items=10
R00082,2025-10-05T10:00:00Z,A3,email,"C1 1,000.00",fee=+17.55; items=1; adj=-4.38%
R00268,2025-11-09T00:00:00Z,A7,email,101,fee=+13.86; flag=N; items=4; adj=-3.76%
R00259,2025-10-07T08:22:32Z,A2,app,101.868 ,adj=-7.78%; fee=+3.05; flag=N
R00149,2025-08-20T07:15:00Z,A2,Phone,,items=4; adj=-17.10%; fee=-27.05
R00042,2025-08-30T00:00:00Z,A7,web,"57,38C2",items=2; fee=-43.33; adj=-5.51%; flag=T
R00044,2025-10-25T00:00:00Z,A3,app, (-C1 39.17),items=50; flag=U; fee=+23.63; adj=-3.12%
R00117,2025-11-05T23:06:01Z,A3,PHONE," 117,93 C2 ",items=3; flag=U; adj=-1.86%
R00157,2025-09-30T05:42:00Z,A2,phone,,flag=S; items=0; fee=+2.75; adj=-21.07%
R00116,2025-10-14T17:44:00Z,A2, phone ,"-88,39 C2 ",items=1; adj=+11.86%; flag=S
R00115,2025-09-19T15:52:00Z,A1,phone	," 102,11 C2",adj=+15.10%; items=50
R00066,2025-09-27T01:58:41Z,A8,phone	,,items=0; adj=-13.71%; flag=T; fee=-45.38
R00024,2025-06-09T18:45:00Z,A3,phone	,C1 62.92,items=1; adj=+0.61%; fee=+4.98
R00297,,A3,phone	,,items=3; adj=-9.43%
R00053,2025-09-27T00:00:00Z,A7,app,,
R00059,2025-09-26T06:36:08Z,A5,phone	,161.44 C1,adj=-1.97%; WAIVE=TRUE; fee=+6.78; items=12
R00079,2025-11-23T07:45:24Z,A2,app,"71,43 C2",fee=+7.35; adj=+7.20%; flag=S; items=25
R00017,2025-10-06T07:19:00Z,A8,web,(60.38 C1),flag=U; fee=+9.40; adj=-8.12%; items=2
R00155,2025-04-10T15:11:00Z,A6,phone	,CR 94.29 C1,fee=+33.17; flag=N; adj=+9.31%; items=1
R00224,2025-09-08T15:47:00Z,A4,app,,fee=-16.87; items=1; adj=+12.27%
R00071,2025-11-15T19:19:00Z,A6,phone	,154.78 C1,fee=+12.54; items=0
R00294,2025-09-22T03:20:30Z,A3,PHONE,55C2,WaIvE=true; flag=S; fee=-10.29; adj=+5.24%
R00147,2025-08-15T06:48:00Z,A4, phone ,"58,22 C2",flag=N; items=10; adj=+11.01%; fee=+16.46
R00196,2025-09-20T02:08:19Z,A7,PHONE,68.12,adj=-6.22%; flag=U; fee=-0.66
R00059,2025-11-15T21:30:31Z,A6,app,"C1 87,93",items=1; adj=+12.14%; flag=N
R00269,,A5,app,"498,30 C2",items=50; fee=+13.89; adj=+9.46%
R00194,2025-12-25T08:47:09Z,A3,phone	,C1 113.02,adj=-1.40%; fee=-2.63; items=0
R00256,2025-09-22T11:57:00Z,A2,email,,adj=+0.78%; fee=+23.67
R00240,2025-09-04T15:54:00Z,A4,phone,C1 91.78,flag=S; adj=-11.79%; fee=+11.28; items=6
R00226,2025-10-28T20:27:53Z,A3,PHONE,147.91 C1,waive=true; flag=U; items=1; fee=-26.16; adj=+7.77%
R00127,,A3,email,-57,adj=-13.93%; fee=-44.88; items=1
R00237,2025-10-14T10:07:27Z,A5,PHONE,71.96 C1,
R00100,2025-08-17T00:00:00Z,A4,phone	,-C1 123.45,adj=-3.32%; flag=U; items=1; fee=-2.86
R00157,2025-10-27T09:24:41Z,A7,web,108.056 ,fee=-9.38; adj=+0.53%; items=2; waive=true
R00084,2025-11-06T04:58:00Z,A6,web,47.486,adj=+4.05%; fee=-30.14; flag=T; items=1
R00113,2025-07-31T20:23:00Z,A3,phone,C1 110.27,items=1; fee=-11.04; flag=R
R00133,2025-11-02T00:00:00Z,A4,phone,(C1 143.29),items=8; flag=N; adj=+4.19%
R00012,2025-08-07T08:45:00Z,A5,phone,C1 550.75,fee=-5.22; items=1; adj=+20.86%
R00145,2025-03-10T18:50:00Z,A2,email,"83,55 C2)",adj=+3.70%; items=4; fee=+5.44
R00167,2025-08-21T00:00:00Z,A6,phone,62.12,fee=+2.25; adj=+9.05%; items=1
R00076,,A4,PHONE," 69,46 C2",items=1; flag=N; adj=-13.94%
R00251,2025-08-05T00:00:00Z,A6,phone,108.82 C1,adj=-4.38%; fee=+23.16; flag=T; items=1
R00193,2025-08-31T00:00:00Z,A6, phone ,C1 125.94,items=5; fee=-17.76; adj=-9.55%; flag=R
R00092,2025-10-21T01:58:47Z,A8,phone,"137,37 C2",fee=-33.67; flag=N; adj=-3.36%; items=12
R00215,2025-09-05T22:21:00Z,A5,Phone,,fee=-8.48; adj=-11.52%; items=1
R00292,2025-09-19T00:00:00Z,A1,PHONE,"87,15 C2",items=10; adj=-1.66%; flag=R; fee=+41.44
R00299,2025-09-30T02:36:00Z,A5,phone,"101,63 C2",adj=+19.68%; flag=N; items=12
R00247,2025-10-05T16:21:00Z,A1,phone,C1 81.60,items=1; adj=+0.91%
R00157,2025-10-01T04:15:00Z,A6, phone ,,flag=N; items=2; fee=+9.21; adj=+11.91%
R00295,2025-10-09T00:39:00Z,A7,PHONE,225.61C1,adj=-11.89%; WaIvE=true; items=2; flag=U
R00060,2025-11-20T08:30:00Z,A3,email,"1.000,00 C2",items=1; fee=-37.41; adj=-5.26%; flag=U
R00140,2025-09-12T00:00:00Z,A3,email,151.07 C2,flag=U; fee=-10.18; adj=-8.39%; items=1
R00298,2025-08-06T08:51:00Z,A5,phone	," 72,99 C2",flag=S; items=3; fee=+37.90; adj=+6.21%
R00059,2025-09-19T00:00:00Z,A3,PHONE,,flag=U; adj=-2.77%; fee=+1.23; items=4
R00138,2025-08-31T04:19:00Z,A8,app,12.345 C2,
R00076,2025-10-03T15:49:00Z,A1,phone,"130,14 C2",adj=-9.55%; fee=-8.41; items=1; flag=R
R00218,2025-08-20T22:34:56Z,A6,web,C1 385.04,adj=+9.91%; items=1; flag=U
R00169,2025-10-31T06:19:07Z,A8,PHONE,"127,83 C2",fee=+25.41; items=1; adj=-4.87%
R00200,2025-12-01T10:29:29Z,A3,phone,C146,items=1; fee=-6.95; adj=+5.09%
R00292,2025-09-05T23:06:22Z,A6,Phone,82,fee=-12.05; items=1; adj=+2.79%
R00019,2025-09-03T00:00:00Z,A4,Phone,C1 185.40,adj=-6.00%; fee=+33.80; items=1; waive=true; flag=N
R00111,2025-08-04T00:00:00Z,A5,phone,89.00,items=3; adj=-6.18%; flag=S; fee=+11.89
R00066,2025-10-06T09:34:00Z,A3,phone,"C1 12,345",flag=U; fee=-23.80; adj=-7.38%; items=6
R00113,2025-10-31T00:00:00Z,A2,PHONE,126.63 C1,
R00081,2025-10-20T04:43:00Z,A4,Phone,161.80 C1,
R00246,2025-08-05T00:00:00Z,A2,phone,C1 123.45 CR,items=3; flag=N; adj=-15.75%; fee=-28.23
R00080,2025-09-16T06:08:28Z,A7,phone,C1 67.14,items=2; adj=+1.24%
R00212,2025-08-16T05:17:00Z,A1,phone	,"1.234,56 C2",waive=true; items=0; adj=-2.63%; flag=N; fee=-0.26
R00060,2025-09-17T03:50:00Z,A3,phone,83.52 C2,items=1; fee=-20.20; flag=N; adj=+5.16%
R00013,2025-09-14T00:00:00Z,A1,app,136.66,adj=+15.27%; fee=-8.90
R00252,2025-08-11T10:59:00Z,A1,PHONE,44.21 C1,adj=-9.88%; fee=+1.10; items=5
R00046,2025-10-05T13:02:59Z,A7,web,,items=50; WAIVE=TRUE; adj=+0.69%
R00006,2025-10-23T18:41:51Z,A3,phone,,fee=-6.74; adj=+12.08%; items=12
R00080,2025-11-11T08:00:00Z,A1,web,C1 100.00,items=1; adj=+0.00%; fee=+0.00
R00174,2025-10-23T01:46:48Z,A4,email, 79.97,fee=+13.23; adj=-2.17%; items=3
R00152,2025-09-19T17:47:48Z,A4,phone,"64,18 C2)",adj=+19.26%; flag=U; items=3
R00134,2025-09-16T06:23:00Z,A6,email,"95,19 C2",waive=true; adj=+6.32%; items=2; fee=-1.51
R00160,2025-10-15T22:26:00Z,A8,phone,193.68 C1 ,fee=+43.88; adj=-3.83%; items=50
R00234,2025-04-09T05:30:00Z,A1,email, 107 ,items=5; flag=T; adj=+12.01%
R00042,2025-08-12T08:59:00Z,A8,PHONE,215.79 C2,items=2; adj=+4.17%
R00098,2025-09-07T22:12:07Z,A6,Phone,67,items=3; adj=-6.60%; fee=-5.21
R00159,2025-06-09T01:42:00Z,A6,web,-161.517,fee=+22.59; items=0; adj=-10.58%
R00171,2025-11-28T08:50:14Z,A2, phone ,"126,06 C2",adj=-6.02%; items=4
R00009,2025-09-06T00:00:00Z,A8,Phone,,adj=+7.55%; fee=+32.64; items=3
R00047,2025-05-08T12:07:00Z,A8,phone,,flag=S; adj=-6.08%; fee=-12.03; items=3
R00161,,A7,phone,41 CR,fee=-3.13; adj=-9.74%; items=1
R00269,2025-10-11T11:37:00Z,A5,PHONE, CR C1 206.34,items=0; fee=-23.42; adj=+7.26%
R00023,2025-11-07T02:45:00Z,A2,phone,55.84 ,fee=-36.00; items=4; adj=-7.13%
R00270,2025-08-31T05:52:00Z,A2,phone,"C1 1,069.69 ",fee=+8.47; flag=R; adj=-3.98%; items=50
R00254,2025-08-26T10:25:00Z,A1,PHONE,"197,23C2",adj=-4.50%; flag=T; items=5; fee=-14.84
R00067,2025-10-20T12:24:17Z,A5, phone ,,flag=U; fee=+17.69; items=25; adj=-8.13%
R00171,2025-09-02T06:25:00Z,A4,app, C1 146.53 ,fee=-18.27; items=6; adj=+5.70%
R00123,2025-08-14T01:49:48Z,A6,phone	,"68,95 C2",items=3; adj=+19.40%
R00114,2025-10-22T14:17:25Z,A5,phone," 197 , 74 C2",items=25; flag=N; fee=-17.58; adj=+12.01%
R00177,2025-09-10T00:00:00Z,A6, phone ,"86,13 C2",items=2; adj=-1.00%; flag=U; fee=+21.52
R00075,2025-09-12T02:38:00Z,A4,phone	,49.16 CR,adj=+9.76%; flag=S; fee=-4.44; items=3
R00025,2025-09-27T01:28:00Z,A5,app,"137,93 C2",fee=+14.78; adj=+8.49%
R00195,2025-11-03T22:26:00Z,A4,phone,49.48,fee=-4.45; adj=+2.44%; items=1
R00034,2025-09-19T12:27:00Z,A5,phone,70.318,adj=-6.81%; items=3; waive=true; fee=-9.61
R00065,2025-12-29T08:29:29Z,A8,email,(172.77),items=1; adj=-0.56%; fee=+16.74; flag=U
R00230,2025-08-04T19:36:00Z,A5,phone," 57,13 C2 ",adj=-2.44%; items=2; fee=-20.62
R00290,2025-09-22T09:20:00Z,A7,phone	,(-92.06 C2) ,flag=U; adj=-10.60%; items=4; fee=+13.60
R00297,2025-08-04T02:00:00Z,A1,phone	,101 ,flag=S; adj=+15.51%; items=2; fee=-6.59
R00031,2025-11-06T00:00:00Z,A7, phone ,12.345 C2,flag=N; items=10; fee=+13.11; WAIVE=TRUE; adj=+12.62%
R00124,,A6,app,C1 121 ,flag=N; adj=+11.76%; items=12; fee=-0.54
R00220,2025-08-12T16:04:00Z,A4,app,115.79,fee=+13.39; items=0; adj=+10.30%; flag=S
R00158,2025-10-27T07:06:40Z,A1,phone, 105 C2,flag=T; adj=+8.20%; fee=+17.64
R00274,,A6,web," 153,00 C2",fee=-3.83; items=2; flag=S; adj=+10.71%
R00009,2025-10-19T07:49:30Z,A3,Phone,63 C2,items=4; adj=+12.73%; flag=T; fee=-30.22
R00052,2025-10-21T08:59:53Z,A1,phone,123.14 C1,fee=-34.73; items=3; flag=R; adj=-2.67%
R00268,2025-11-01T21:19:04Z,A2,phone,249.86,items=5; adj=+12.10%; fee=+6.30
R00263,2025-09-05T10:14:00Z,A4, phone ,-C1 123.45,adj=+0.31%; flag=T; fee=+31.66
R00199,2025-10-13T23:05:45Z,A4,web,"CR 108,89 C2",flag=N; adj=+6.25%; items=3; fee=+17.95
R00293,2025-09-08T00:00:00Z,A6,phone,"53,00 C2",flag=U; waive=true; items=5; adj=+11.90%
R00046,2025-09-14T14:17:51Z,A7,PHONE,C1 50.84,fee=+1.06; flag=T; adj=-8.51%; waive=true
R00223,2025-08-12T11:38:48Z,A4,email,148.16,flag=R; adj=-2.25%; items=8; fee=+14.72
R00197,2025-10-02T11:26:00Z,A2, phone ,68.34 C1 ,flag=N; fee=+3.72; adj=+8.24%; items=3
R00215,2025-09-21T12:43:15Z,A4,email,110.83 C1 ,items=12; adj=+6.17%
R00082,2025-08-23T19:56:00Z,A2,PHONE,C1 123.45 CR,items=6; fee=-37.57; adj=-10.02%
R00129,2025-08-29T10:18:00Z,A2,phone	,"108,49 C2)",items=5; WAIVE=TRUE; adj=+2.82%; fee=-33.31; flag=R
R00045,2025-10-02T00:54:00Z,A7,Phone,"103,93 C2",adj=-9.03%; fee=-11.32
R00065,2025-10-05T00:00:00Z,A6,PHONE,"191,51 C2",adj=+2.15%; items=4; fee=+6.82
R00268,2025-12-12T01:46:55Z,A1,app,-84.046 ,fee=+32.32; adj=-6.52%; items=0; flag=R
R00081,2025-11-27T09:13:44Z,A4,Phone,86.64,adj=+2.61%; fee=-3.71; items=3; flag=S
R00239,2025-12-12T01:42:56Z,A2,phone	,764.18C1,fee=+4.89; adj=-14.23%; items=8
R00300,2025-04-09T12:21:00Z,A7,phone	,,items=0; fee=-13.61; adj=+12.55%
R00249,2025-12-17T08:04:18Z,A1,phone	,"142,80 C2",items=0; flag=S; fee=-22.98; adj=-3.08%
R00106,2025-11-10T01:38:10Z,A6,phone,"94,36 C2",items=4; adj=+0.33%; fee=+13.56
R00074,2025-08-14T23:21:00Z,A3,phone,-C1165,adj=+8.25%; items=6; fee=-11.97
R00169,2025-08-08T02:52:42Z,A2,phone,111.10 C1,items=4; fee=+12.49; adj=-5.68%; flag=T
R00163,2025-09-30T00:14:00Z,A4,app,78 C2,fee=+23.56; adj=-4.47%; items=3
R00168,2025-10-15T04:42:00Z,A6,email,140,adj=+2.21%; fee=-38.77; flag=S; items=8
R00052,2025-10-21T00:00:00Z,A2,email, CR 151 C2,adj=+18.41%; items=3; flag=U; fee=-0.34
R00281,2025-09-25T17:07:22Z,A2, phone ,122.78 ,flag=R; items=5; fee=-3.51
R00279,2025-11-04T19:48:00Z,A1,phone	,,adj=+3.38%; items=2; fee=-26.21
R00094,2025-08-23T09:08:00Z,A1,web, 74.40 C1,items=2; fee=-27.57
R00198,2025-11-15T09:18:00Z,A2,web,"1.234,56 C2",adj=-5.18%; items=2; flag=U
R00092,2025-10-28T00:00:00Z,A1,phone,86.48 C2) ,fee=-8.84; WaIvE=true; adj=-7.61%; items=4
R00247,,A8,web,,fee=+32.71; flag=R; items=8; adj=-4.46%
R00162,2025-10-05T00:00:00Z,A8,Phone,"(66,06 C2",flag=S; fee=-13.92; items=2; adj=-12.80%
R00086,2025-10-28T00:00:00Z,A7,phone,,WAIVE=TRUE; items=2; adj=+9.29%; fee=-18.17
R00076,2025-11-26T17:29:11Z,A4,email,135,adj=-13.77%; fee=+19.06; flag=S; items=5
R00131,2025-09-11T00:47:00Z,A4,email,329 C2 ,adj=+0.71%; items=12; flag=N; fee=-3.09
R00079,2025-11-11T03:20:00Z,A2,email,-C1 123.45,flag=S; adj=-19.30%; items=2; fee=+1.68
R00214,2025-10-08T18:52:00Z,A4,phone,95 . 19 C2,flag=S; items=2; fee=-33.08; adj=+15.73%
R00038,2025-10-06T21:32:28Z,A7, phone ,68.86 C1,fee=+6.39; items=2; adj=+2.35%
R00134,2025-10-22T20:18:32Z,A2,phone	, C1 80.36,items=10; fee=-20.33; adj=-3.65%; flag=U
R00233,2025-12-22T10:40:30Z,A6,web,C1 140.60,items=0; fee=+2.97; adj=+1.84%; flag=T
R00040,2025-11-10T06:00:00Z,A1,web,C1 100.00,items=1; adj=+0.00%; fee=+0.00
R00020,,A1,email,C1 92.96 ,items=0; fee=+6.76; adj=+3.14%; flag=U
R00282,2025-11-27T03:28:43Z,A4,phone,"140,74 C2",adj=+0.32%; flag=S; fee=-20.23; items=2
R00189,2025-08-22T00:38:10Z,A1,web,C1 56.71) ,fee=+14.06; adj=-8.97%; items=0
R00055,2025-08-11T16:45:36Z,A1,PHONE,51,flag=T; adj=-11.34%; fee=+10.67; items=8
R00207,2025-09-22T08:22:53Z,A4,web," 123,22 C2",flag=S; adj=+9.44%; fee=-14.00; items=25
R00292,2025-11-06T09:29:18Z,A2,Phone,C1 149 . 11,adj=-0.22%; fee=-98.56; items=0; flag=R
R00191,2025-09-29T03:11:15Z,A8,email,199.03) ,flag=U; items=10; adj=-26.78%; fee=+14.72
R00287,2025-09-06T11:03:21Z,A1,phone,133,fee=+27.47; flag=N; items=10
R00111,2025-11-28T03:54:32Z,A1,email,133.81C1,adj=+3.02%; fee=-12.62; items=8
R00192,2025-11-26T02:07:15Z,A6,Phone,"131,54 C2",flag=N; items=1; fee=-48.11; adj=-6.25%
R00247,,A6,phone	,77.36,flag=R; items=25; adj=+0.81%; fee=+32.36
R00041,2025-09-20T04:17:20Z,A2,Phone,88 C2,items=1; adj=-6.90%; WAIVE=TRUE; fee=-32.12
R00218,,A6,phone,255.29,adj=-11.91%; items=6; fee=+22.34
R00241,2025-10-03T17:10:00Z,A7,PHONE, C1 73.97),items=1; WAIVE=TRUE; fee=-2.08; adj=+4.93%
R00291,2025-09-26T15:32:00Z,A4,Phone,C1 54.53,items=1; flag=S; fee=+14.48; adj=+7.88%
R00013,2025-08-21T21:21:00Z,A1,phone	, C1 95,items=5; adj=-5.98%; fee=-16.69
R00008,2025-11-06T13:00:00Z,A1,web,C1 100.00,items=1; adj=+0.00%; fee=+0.00
R00158,2025-10-26T23:48:00Z,A2,phone	,C1 123.45 CR,fee=-26.56; items=1; flag=S; adj=-7.37%
R00186,2025-10-20T18:11:00Z,A4,app, 74 C2,fee=-10.91; items=2; adj=-2.31%; flag=R
R00042,2025-10-31T00:00:00Z,A4,phone	,64.73,adj=+6.10%; fee=+1.78; flag=R
R00099,2025-09-08T07:20:00Z,A2,phone,64.668,fee=-7.17; items=12; adj=+12.76%
R00111,,A1,email,57.545,adj=-10.10%; flag=T; items=1; fee=+28.74
R00219,2025-09-14T18:27:00Z,A4,phone	,"49,22 C2",fee=-1.45; adj=+6.43%; items=6
R00266,2025-11-26T01:53:39Z,A3,app,124.23,adj=-11.97%; fee=+26.34
R00112,2025-08-13T02:20:06Z,A4,app,12.345 C2,fee=+37.93; items=8; adj=-5.77%
R00248,2025-08-10T05:19:00Z,A1,PHONE,-356.01 C1,items=4; fee=-2.12; adj=-7.91%
R00034,2025-08-16T01:02:00Z,A5,phone	,"C1 51,52",adj=-5.94%; fee=+3.22; items=3
R00271,2025-08-19T10:19:59Z,A5,phone	,,fee=+22.34; adj=+6.78%; WAIVE=TRUE; flag=S; items=3
R00102,2025-10-02T21:52:37Z,A8,phone,"CR62,38C2",adj=+4.19%; fee=-3.65; items=8; flag=S
R00135,2025-08-12T00:00:00Z,A8,Phone,"63,62 C2",items=0; adj=-8.89%
R00296,2025-10-02T11:01:50Z,A2, phone ,81.05 ,fee=+40.98; adj=-9.87%; flag=R
R00275,2025-09-02T21:12:00Z,A6,email,76.321,adj=-11.97%; WAIVE=TRUE; items=8; flag=N
R00259,2025-08-08T18:31:28Z,A8,phone	,C1 102.64,fee=-16.82; items=0; adj=+4.62%
R00102,2025-12-03T06:45:03Z,A6,app,C1 104.14,flag=R; fee=-10.65; items=5; adj=-10.32%
R00282,2025-04-09T20:59:00Z,A4,app,C177.86),adj=+12.69%; fee=+5.82; waive=true; items=8; flag=S
R00297,2025-10-06T10:32:57Z,A5,Phone, 74 . 03 C1,fee=-29.42; items=1; adj=-1.68%
R00257,2025-11-24T00:16:24Z,A7, phone ,"131,88 C2",flag=U; adj=-9.57%; items=2; fee=-17.75
R00221,2025-08-08T00:00:00Z,A7,phone,156,flag=T; fee=+6.62; adj=-3.54%; items=3
R00102,2025-08-27T23:28:00Z,A7,phone,"-110,84 C2 ",flag=N; fee=+111.84; adj=-18.83%; items=4; waive=true
R00059,2025-08-15T22:15:15Z,A7,phone,C1 68.19,items=4; fee=+34.63; adj=+7.84%; flag=U
R00256,2025-08-02T06:40:00Z,A7,phone,,waive=true; fee=+10.60; items=1; adj=-4.64%
R00119,2025-02-10T04:07:00Z,A6,email,"67,90 C2",WaIvE=true; items=3; flag=S; adj=+0.80%; fee=-3.63
R00063,2025-08-18T07:06:17Z,A7,Phone,201.26,fee=+47.86; adj=-3.65%; flag=U
R00121,2025-09-28T10:26:00Z,A6,Phone,352,adj=+5.07%; items=1
R00075,2025-09-21T00:00:00Z,A3,Phone, -79 ,fee=-10.93; items=2; flag=R; adj=-9.53%; WaIvE=true
R00039,2025-11-13T13:13:00Z,A2,email,129.018,adj=+0.88%; flag=R; fee=-208.76; items=2
R00152,2025-10-11T23:49:00Z,A7,PHONE, 55.36,fee=+24.06; items=3; flag=T; adj=+10.70%
R00174,2025-09-21T09:19:00Z,A7,email,C1 68.63,items=5; adj=-6.59%
R00284,2025-09-10T22:57:00Z,A1,email,"127,84 C2",items=6; fee=-43.58; flag=U
R00202,2025-09-14T05:02:49Z,A2,email,94.85,items=2; fee=+21.11; flag=N; adj=+8.05%
R00114,2025-10-19T05:00:00Z,A1, phone , 88.25 C2,adj=-5.35%; flag=N; items=1; fee=-16.34
R00027,2025-08-21T13:21:23Z,A6,app,C1 91.08,adj=-4.33%; flag=N; items=3; fee=-25.35
R00222,2025-09-29T02:56:24Z,A3,phone,C1104.87,items=2; flag=R; fee=+76.76; adj=+3.54%
R00280,2025-10-04T23:03:00Z,A7,phone,111,flag=T; fee=-24.09; items=10; adj=+9.07%
R00248,2025-11-02T11:03:00Z,A2, phone , C1 97,items=4; adj=+12.07%; fee=+20.92; flag=T
R00187,2025-11-10T00:00:00Z,A1,phone,C1 214.06,items=3; WaIvE=true; adj=-6.13%; fee=+7.10
R00113,2025-10-28T14:15:00Z,A3,web,93.26,items=50; adj=-10.43%
R00021,2025-08-08T00:00:00Z,A4,PHONE,-C1 73.23,fee=+16.16; adj=-8.04%; items=2; flag=T
R00095,2025-10-15T17:39:36Z,A4,phone,C1 68.49,fee=-5.22; flag=N; items=1; adj=-15.51%
R00244,2025-09-16T00:59:50Z,A6,phone,(C1 123.45),flag=N; items=12; adj=+5.99%; WAIVE=TRUE; fee=+23.88
R00136,2025-09-01T09:39:00Z,A5, phone ,170.386,flag=R; adj=-3.41%; items=4; fee=-21.86
R00192,2025-08-19T23:54:00Z,A7, phone ,268.00 C1,adj=+5.74%; fee=-3.52; items=25
R00140,2025-10-10T16:01:00Z,A8,email,C1 245.93,flag=R; fee=+4.74; items=12; adj=-4.03%
R00084,2025-09-16T15:33:00Z,A2,phone,"97,28 C2",flag=R; adj=+3.79%; items=0; waive=true
R00011,2025-10-27T12:55:00Z,A7,phone, C1 201.91,items=1; adj=-9.22%; WAIVE=TRUE; fee=-31.02
R00233,2025-09-14T14:46:00Z,A6,phone," 63,25 C2",items=6; adj=-9.18%; flag=U; fee=-17.71
R00255,2025-09-29T00:00:00Z,A2,web, 176 C2,adj=-2.71%; flag=S; fee=-17.57; items=4
R00186,2025-08-08T19:26:40Z,A8,web,130 ,fee=+19.33; adj=-3.53%; items=8
R00251,2025-11-03T01:48:00Z,A4,phone,108.00,items=0; fee=-26.61; flag=T; WAIVE=TRUE; adj=+5.17%
R00216,2025-10-07T23:33:26Z,A7,phone,46,adj=-10.05%; fee=-5.32; items=1; flag=S
R00291,2025-12-23T19:41:47Z,A4,web,59 C2,flag=S; adj=+9.51%; fee=-7.39; items=1
R00035,2025-10-26T23:36:00Z,A3,phone, 78.94 C1,adj=+2.56%; fee=+18.34
R00049,2025-08-08T00:00:00Z,A3,Phone,66.28 C1,
R00031,2025-09-10T00:00:00Z,A3,Phone,91.75C1,items=1; adj=+8.10%; fee=+23.25
R00052,2025-12-18T18:45:00Z,A1,web,"1,000 C2",adj=-2.84%; items=1; fee=+9.35; flag=R
R00032,2025-11-12T08:00:00Z,A1,web,C1 100.00,items=1; adj=+0.00%; fee=+0.00
R00073,2025-09-17T21:11:00Z,A1,web,(-89 C2),items=0; fee=+47.16; adj=-8.21%
R00242,2025-08-02T12:42:00Z,A3, phone ,"58,92 C2",adj=+1.97%; items=12; flag=N; fee=-12.41
R00064,2025-08-19T22:08:48Z,A3,web,,adj=+16.38%; items=6
R00116,2025-10-12T11:02:11Z,A4,app,"1.234,56 C2",fee=+21.95; adj=-8.13%; flag=U; waive=true
R00159,2025-10-18T12:42:00Z,A5,PHONE,159.22 C1,fee=+2.97; waive=true; flag=S; adj=-5.39%; items=0
R00255,,A4,phone	,C1 83.60,items=12; adj=+3.59%; flag=N; fee=-18.42
R00270,2025-08-31T19:56:00Z,A3,phone,C1 95.59,adj=-1.37%; fee=+25.09; items=6; flag=R
R00030,2025-09-03T12:45:32Z,A4,email,126.80 C2,adj=-3.60%; fee=+11.22; items=4
R00194,2025-10-30T12:35:15Z,A4,Phone,C1 106.45,fee=-10.74; adj=+9.13%; flag=U; items=6
R00269,2025-09-01T01:15:39Z,A4,PHONE,,items=5; adj=-3.79%
R00268,2025-10-20T02:34:37Z,A4,Phone,78.01C1,items=1; fee=-34.06; adj=+7.49%
R00066,2025-10-15T18:02:00Z,A1,PHONE,,items=4; fee=-16.11; flag=N; adj=-1.22%
R00168,2025-09-28T23:32:00Z,A1,email, 72.72 C1 ,adj=+0.08%; fee=-23.24; items=5
R00260,2025-10-01T20:24:14Z,A6,Phone,(64 C2),adj=-7.17%; flag=U; fee=-17.62
R00157,2025-11-05T04:34:36Z,A2,Phone,87.34 C2,items=25; fee=-54.29; flag=T; adj=+11.27%
R00080,2025-10-26T16:14:55Z,A4,phone,72.62 C1,items=50; flag=N; fee=+24.26; adj=-7.42%
R00179,2025-04-09T02:34:00Z,A6,email,,fee=+15.34; items=3; flag=N; adj=+5.95%
R00111,2025-10-20T16:23:00Z,A1,email," 94,79 C2",
R00080,2025-11-12T08:00:00Z,A1,web,C1 100.00,items=1; adj=+0.00%; fee=+0.00
R00198,2025-11-19T14:49:56Z,A6, phone ,"98,71 C2",fee=-5.59; items=3
R00164,,A7,phone,C1 77 . 18 CR,adj=+10.35%; fee=+15.55; flag=N
R00040,2025-12-08T04:13:40Z,A8,Phone,69.77 C1,fee=+3.78; adj=-11.06%; flag=U; items=1
R00131,2025-09-15T00:00:00Z,A2,email,72.23 C1,fee=-7.63; adj=-6.28%; items=3
R00066,2025-10-19T00:58:00Z,A4,Phone,65.350,items=4; fee=+3.09; flag=R; adj=+1.04%
R00002,2025-08-31T11:41:00Z,A1,phone,98 C2,fee=-29.66; items=5; adj=-15.17%
R00210,,A5,phone	," 186,00 C2",
R00058,2025-09-25T10:34:50Z,A3,PHONE,59.124,fee=-14.95; items=1
R00247,2025-09-21T23:49:15Z,A4,phone,12.345 C2,fee=-4.62; items=5; adj=-6.84%
R00021,2025-11-07T00:00:00Z,A4,PHONE,136 C2 ,items=10; flag=U; fee=-17.11; adj=-9.42%
R00286,2025-09-17T01:54:00Z,A8,web,117.77 C2,WaIvE=true; items=4; adj=-0.24%
R00181,2025-09-07T10:40:25Z,A8,email,85.615,fee=-10.49; adj=-1.17%; items=1
R00135,2025-08-14T15:52:00Z,A2,phone,C1 99,items=2; adj=-5.77%; flag=S
R00024,2025-09-23T21:15:02Z,A7,phone," 64,37 C2 ",items=5; flag=T; fee=-26.10; adj=-2.12%
R00173,2025-08-31T11:12:00Z,A3, phone ,C1 155.02,fee=-16.91; items=12; adj=-0.51%
R00208,2025-10-29T18:41:02Z,A7,web,92.21C1,fee=-14.41; flag=U; adj=+16.72%; items=1
R00039,2025-11-20T09:30:00Z,A8,web,"1.000,00 C2",adj=+10.03%; flag=N; items=1; fee=-8.79
R00255,2025-09-24T22:14:00Z,A4,phone	,93.20 ,adj=-6.75%; flag=R; fee=+94.72; items=50
R00278,,A2,web,C1 62,adj=-9.02%; items=10; fee=+7.23
R00072,2025-12-31T18:15:22Z,A4,Phone,C1 59,adj=+4.43%; flag=U; fee=+23.55; items=1
R00225,2025-09-20T00:00:00Z,A4,phone,(38.76 C1,fee=+33.22; items=2; adj=-15.05%
R00144,2025-08-03T11:31:00Z,A7, phone ,C1 88 . 14,fee=+5.10; flag=N; adj=+4.07%; items=10
R00230,2025-10-02T18:06:38Z,A3,phone	,70,items=3; flag=R; adj=+2.40%; fee=-18.81
R00175,2025-10-19T05:17:00Z,A4, phone ,"59,59 C2",fee=-18.80; adj=+1.16%; items=4
R00107,2025-09-27T20:37:00Z,A7,phone,306 ,fee=+19.02; items=0; adj=+2.43%
R00173,2025-08-30T14:01:00Z,A5,phone,"62,05 C2",fee=+0.06; adj=+3.43%; items=8
R00207,2025-11-12T22:02:00Z,A3,phone,"73,36 C2",items=2; adj=+12.78%; fee=+9.72
R00261,2025-11-05T21:34:14Z,A4,web,61 C2,fee=+12.37; items=50; adj=-6.31%
R00184,2025-10-31T00:00:00Z,A6,app,C1 85,fee=-14.91; adj=-9.28%; flag=N; items=1
R00231,2025-10-20T00:00:00Z,A3,email,515.26,fee=-34.74; items=2; adj=-2.68%
R00275,2025-08-21T00:14:02Z,A7,email,,items=2; flag=N; fee=+10.02; adj=-7.82%
R00191,2025-12-30T01:44:08Z,A2,phone	,C1687.21,items=1; flag=N; fee=+36.15; adj=+1.48%
R00167,,A6,web,"113 , 97 C2",fee=-22.37; adj=-4.44%; items=2
R00292,2025-08-17T08:15:00Z,A4,phone,73.712,
R00232,2025-11-15T00:01:00Z,A6,Phone,29 . 26 C2,adj=-12.22%; fee=-1.72; items=0
R00213,2025-11-12T17:10:00Z,A6,phone,C175,items=8; fee=+23.98; flag=R; adj=-2.80%
R00257,2025-10-30T12:09:00Z,A3,PHONE,109.89,adj=+2.37%; fee=-6.00; items=10
R00130,2025-09-22T21:35:00Z,A5,app,146.906,fee=+40.66; items=2; flag=U; adj=-2.91%
R00104,,A7,Phone,C1 64.54,fee=+4.01
R00010,2025-11-13T00:07:18Z,A6,email,C1 177 . 04,fee=-24.63; adj=-5.15%; items=5
R00081,2025-10-20T05:32:00Z,A4,PHONE,83.44,adj=+0.27%; items=0; fee=-23.11
R00243,,A4,PHONE,C1 232.05,adj=-4.08%; flag=R; items=1
R00142,,A5,web,-C1 205,flag=R; adj=-4.79%; fee=+5.81; items=5
R00227,2025-09-26T00:00:00Z,A5,phone	,C1 62.93,adj=-4.10%; items=1; flag=R; fee=-28.60
R00063,2025-11-15T03:52:00Z,A2,web,"93,21 C2",fee=-25.70; items=3; adj=+7.83%
R00009,2025-10-22T00:41:00Z,A6,phone,,adj=+5.90%; fee=-57.21; items=3
R00211,2025-11-05T17:21:00Z,A6,app, 138,fee=+9.61; adj=+9.98%; items=1; flag=R
R00225,2025-08-10T14:03:00Z,A2,PHONE,102.39 C1,adj=-1.84%; flag=T; fee=+15.65; items=4; WaIvE=true
R00050,2025-10-28T19:27:18Z,A7, phone ,73.87 C1,fee=-10.35; items=1; adj=+1.87%
R00103,2025-10-28T19:53:00Z,A1,Phone,189.82,adj=+1.03%; fee=+31.55; items=6
R00036,2025-08-17T02:54:08Z,A7,web,,adj=+1.74%; fee=-2.70; items=50
R00028,2025-11-11T08:00:00Z,A1,web,C1 100.00,items=1; adj=+0.00%; fee=+0.00
R00161,2025-08-08T00:00:00Z,A7,email,C1 398.29,adj=-8.95%; items=2
R00006,2025-10-17T05:40:30Z,A6,phone,"133,85 C2)",adj=+0.14%; items=1; flag=R
R00274,2025-11-06T00:00:00Z,A6,PHONE,,adj=+5.15%; items=2; fee=-29.70
R00012,2025-09-13T22:09:48Z,A8,app,64,adj=-6.28%; fee=+8.18; flag=R; items=1
R00084,2025-10-17T02:01:00Z,A5,phone,C1 103.30,flag=U; adj=-9.97%; fee=-23.29; items=4
R00044,2025-09-17T09:37:00Z,A1, phone ,"C1 12,345",adj=+6.05%; items=3; fee=-2.02; flag=U
R00035,2025-08-29T05:27:28Z,A5,phone,"1.234,56 C2",adj=-14.88%; fee=+2.84; items=2; flag=U
R00048,2025-11-09T08:00:00Z,A6,web,C1 100.00,items=1; adj=+0.00%; fee=+0.00
R00045,2025-09-03T13:01:00Z,A8,Phone,49.83 ,flag=U; fee=+0.27
R00166,2025-11-09T15:21:00Z,A2,PHONE,"185,36 C2",items=25; adj=-6.32%; fee=-10.82
R00074,2025-10-07T08:08:00Z,A1,email,(57.61,adj=+4.04%; items=4
R00228,2025-09-09T16:33:00Z,A4,email,(C1 123.45),fee=+0.61; items=2; flag=U; waive=true; adj=-5.12%
R00010,2025-09-19T22:49:16Z,A3, phone , C1 97.28,fee=+30.30; flag=N; items=1; adj=-6.70%
R00232,2025-08-13T22:58:00Z,A6,phone	,368.86 C1,items=4; flag=T; fee=-3.02; adj=+2.89%
R00079,2025-11-06T14:32:00Z,A7,app,(C1 123.45),items=3; flag=N; adj=-5.87%; fee=+7.06
R00097,2025-08-21T11:44:00Z,A4,phone,"1.234,56 C2",fee=-14.61; flag=T; adj=-8.50%; items=6
R00224,2025-10-13T16:09:54Z,A7,app,C1 144 . 46,flag=N; fee=+61.62; WaIvE=true; adj=+7.35%; items=0
R00159,2025-11-04T08:24:00Z,A4,app,"C1 83,79",items=8; adj=-7.72%; fee=+14.79
R00051,2025-08-29T17:59:29Z,A1,app,C1 123.45 CR,fee=-13.08; adj=+8.11%; items=4; flag=U
R00082,2025-08-28T03:47:00Z,A2,app,50.41 C1),items=6; fee=-43.73; adj=-15.70%; waive=true
R00282,2025-10-28T09:07:00Z,A4,PHONE,"73,23 C2 ",items=2; fee=+5.57; adj=+5.02%; flag=T
R00023,2025-09-21T11:25:53Z,A7, phone ,"1.234,56 C2",fee=+27.80; items=12; adj=-8.96%
R00021,2025-03-10T19:45:00Z,A5,email,C1 59,adj=-11.68%; fee=+12.92; flag=S; WaIvE=true; items=1
R00188,2025-10-13T21:05:00Z,A8,web, C1 82.15,adj=-1.55%; flag=R; items=10; fee=+0.70
R00171,,A2,phone,,adj=-0.53%; fee=-45.66; items=4
R00105,2025-10-04T05:12:37Z,A7,phone	,"199,54 C2",fee=+42.24; adj=-0.50%; flag=R; items=3
R00268,2025-10-17T06:22:00Z,A2,email,"149 , 88 C2",items=4; fee=+9.61; adj=+12.62%
R00152,2025-10-13T18:46:19Z,A3,phone,CR 85,flag=S; items=12; adj=+1.12%; fee=+50.52
R00061,2025-09-21T19:28:00Z,A5,phone,"59,10 C2",adj=+0.16%; flag=N; items=4
R00146,,A7, phone ,632.10 ,adj=+17.36%; items=2
R00248,2025-11-15T21:47:44Z,A1,PHONE,135.68,adj=-6.89%; flag=R; items=8
R00198,2025-10-27T23:41:18Z,A1,app,"92,48 C2",
R00157,2025-11-09T00:31:41Z,A6,app,154,adj=-5.90%; fee=-9.87
R00057,2025-10-23T00:44:28Z,A8, phone ,-C1 123.45,flag=U; fee=-5.38; items=1
R00281,2025-11-02T10:28:53Z,A7,email,,items=4; fee=+17.73; adj=+0.63%
R00015,2025-10-10T08:10:00Z,A3,PHONE,68 ,items=1; fee=+46.83; adj=-3.51%
R00059,2025-08-29T16:17:27Z,A3,Phone,97.24 C1,
R00179,2025-09-18T00:00:00Z,A6,email,"121,02 C2",items=8; flag=T; fee=+31.98; adj=+7.70%
R00148,2025-10-06T00:00:00Z,A8,phone,109.60,flag=N; fee=+6.25; adj=+9.87%; items=8
R00047,2025-09-03T13:17:00Z,A3, phone ,C1 97.80,adj=+1.74%; flag=N; items=3
R00102,2025-11-12T09:07:35Z,A1,phone,,flag=U; items=50; adj=-5.46%
R00102,2025-08-13T12:49:00Z,A3,PHONE,72.81 C1,items=6; flag=S; fee=+16.56; adj=+3.63%
R00067,2025-08-15T12:42:09Z,A5,phone	,65.75 C1,adj=-6.73%; flag=S; items=2; fee=-12.38
R00289,2025-10-08T13:55:00Z,A7,phone,"1.234,56 C2",adj=-1.30%; items=6; fee=+68.92
R00249,2025-08-28T13:37:00Z,A8,phone	,157.08 C1,flag=U; fee=+7.82; adj=+0.49%; items=10
R00139,2025-10-21T17:59:25Z,A6,email,"85,57 C2 ",fee=+3.79; adj=-20.09%; WaIvE=true; items=4
R00070,2025-08-05T22:58:19Z,A8,web,"C1 12,345",adj=+6.75%; items=1; flag=U; fee=-21.14
R00290,2025-08-15T08:28:01Z,A4,PHONE,65 C2,adj=+13.35%; items=5; flag=N; fee=-10.56
R00161,2025-08-31T02:04:00Z,A3,PHONE,C1 90.52,fee=-34.98; adj=-9.86%; items=2
R00259,2025-08-31T00:00:00Z,A6,Phone,,adj=+5.98%; items=1; fee=+28.73
R00070,2025-08-23T19:25:24Z,A6,phone	,"108,96 C2 ",items=1; flag=R; fee=-10.93; adj=+1.27%
R00237,2025-08-21T00:57:00Z,A5,app,"130,53 C2 ",adj=+1.46%; fee=-28.26; flag=U; items=1
R00229,2025-11-12T16:09:00Z,A2, phone ,138.41C2,adj=+14.57%; fee=-27.97; items=1
R00192,2025-10-23T16:45:00Z,A1,app,869 ,flag=T; fee=+8.89; items=1
R00004,2025-07-09T18:24:00Z,A8,PHONE,"73,26 C2",items=4; flag=N; fee=-26.61; adj=+8.75%
R00155,2025-12-29T00:31:34Z,A7,PHONE," 108,05 C2",fee=+15.17; items=3; adj=+12.31%; WaIvE=true
R00270,2025-10-29T15:12:35Z,A3,web, 171 C2,fee=-34.76; adj=+0.68%; items=8
R00280,2025-08-21T13:56:00Z,A6,web,50.20C2,items=1; fee=-3.71; flag=R; adj=+6.64%
R00163,2025-09-01T18:55:00Z,A4,phone,CR C1 72.23,items=1; fee=-7.19; adj=+20.28%
R00108,2025-11-15T01:32:00Z,A1,app," 103,40 C2",fee=-5.42; adj=-6.16%
R00282,2025-08-15T06:40:30Z,A4, phone ,CR C1 180.05,items=12; adj=-9.11%; fee=-20.99; flag=S
R00279,2025-11-27T11:47:07Z,A5,Phone,C1131.33,fee=+0.12; adj=+0.66%; items=4
R00189,2025-09-16T09:29:00Z,A1,web,117.41 C1,flag=R; fee=-5.76; items=5
R00176,2025-11-15T11:34:00Z,A5,PHONE,,fee=+13.10; flag=N; adj=-1.00%; items=0
R00098,2025-10-08T00:00:00Z,A5,web,"C1 1,234.56",items=1; adj=-2.58%; fee=+10.83
R00114,2025-10-15T14:25:00Z,A3,PHONE,C1122.50,fee=-31.85; adj=+14.63%; items=1; flag=S
R00245,,A8, phone ,"-C1 234,49",flag=S; adj=+7.79%; items=0; fee=+27.24
R00057,2025-09-26T08:45:12Z,A8,phone	,175.26,items=25; adj=+6.01%; fee=+1.22; WAIVE=TRUE
R00071,2025-10-10T19:16:40Z,A1,phone,,fee=+15.79; flag=S; items=1; adj=-8.48%
R00215,2025-08-11T19:57:30Z,A6,Phone,,fee=+19.27; adj=-4.76%; items=4; WAIVE=TRUE
R00048,2025-09-28T05:45:15Z,A1,phone,149.94 C1 ,items=8; adj=-0.22%; fee=-8.16
R00245,2025-09-16T13:48:09Z,A2,phone	,243.57 C1,adj=-6.33%; items=1
R00289,2025-09-09T05:41:00Z,A4,phone	,"C1 12,345",fee=+36.69; adj=+14.72%; items=8
R00098,2025-09-26T04:55:10Z,A4,phone,,fee=-15.80; items=3
R00174,2025-08-10T00:00:00Z,A4,web,"57,42C2",adj=+9.12%
R00078,2025-09-01T00:00:00Z,A2,phone	," 123,69 C2 ",flag=S; adj=-2.55%; items=4; fee=-11.97
R00213,2025-11-10T13:30:00Z,A6,email,C1 87 . 18,items=1; adj=+2.58%; fee=+12.01
R00166,2025-10-24T01:23:00Z,A4,app,C1 66.04,flag=R; adj=-0.42%; items=1; fee=+6.82
R00293,2025-10-10T16:08:00Z,A3,app,87,flag=T; fee=-16.17; waive=true; adj=-8.28%; items=4
R00294,2025-11-10T03:01:43Z,A5,phone	,79.46 ,flag=S; adj=-14.79%; items=1
R00291,2025-08-12T00:37:00Z,A2,phone	,"203,08 C2",items=50; flag=S; adj=-0.28%; fee=+13.95
R00205,2025-08-27T00:00:00Z,A1, phone ,"47,42 C2",items=10; fee=+53.46; adj=-7.49%
R00192,2025-10-31T23:53:00Z,A5,PHONE,"127,24 C2",flag=T; items=3; fee=+0.74; adj=-2.71%; waive=true
R00023,2025-08-25T22:37:02Z,A4,phone,175 . 954,items=1; adj=-0.38%; fee=+16.05
R00133,2025-09-28T20:50:03Z,A2,phone,(-C1 105.45),adj=+0.60%; flag=S; fee=+25.19
R00197,2025-08-23T20:10:45Z,A4,web,"-122,29 C2",fee=+2.13; adj=+5.33%; waive=true; flag=N; items=3
R00216,2025-09-06T22:52:01Z,A6,PHONE,C1 65,fee=-25.53; adj=-10.59%; items=8
R00288,2025-09-19T11:57:49Z,A3, phone ,,fee=-20.66; items=8
R00034,2025-09-05T06:55:00Z,A5,phone,35.73 C1,items=8; fee=+9.88; adj=+14.24%; flag=T
R00062,2025-08-24T10:22:00Z,A7,web,C1 73.77,flag=U; adj=+6.27%; fee=+16.61; items=0
R00191,2025-08-15T18:07:00Z,A2, phone ,C1 126.72 ,items=1; adj=-6.99%; fee=-6.55
R00001,2025-09-12T07:42:24Z,A6,Phone,72.272 CR,fee=+23.54; flag=S; adj=+14.59%; items=12
R00152,2025-12-31T13:35:43Z,A3,phone,C1 51.33,adj=-1.07%; fee=+1.64; items=2
R00080,2025-10-07T23:24:03Z,A5,phone	, 184.17 C2,items=0; fee=-16.25; adj=+4.26%
R00167,2025-08-29T00:00:00Z,A8,app,80.729,WAIVE=TRUE; flag=R; fee=-0.33; items=50; adj=-18.19%
R00203,2025-11-11T20:17:00Z,A3,phone	,57.05,fee=+31.82; items=1; flag=R
R00290,2025-08-04T23:25:10Z,A4,Phone,,flag=R; WaIvE=true; items=1; fee=-26.25; adj=+10.46%
R00004,2025-10-01T15:52:00Z,A7,phone,"100,39 C2",fee=+26.41; adj=-5.49%; items=0; flag=T
R00178,2025-08-18T21:57:24Z,A6,Phone,C1 214.92,flag=R; items=4; adj=+0.25%
R00296,2025-10-17T12:09:59Z,A2,phone,"102,16C2",items=3; adj=+6.85%
R00082,2025-10-10T04:47:00Z,A6,email,-C1 69.46,items=1; fee=-18.49; adj=+7.50%; flag=N
R00171,,A2,phone,(-C1 83.62) ,flag=S; items=50; fee=-26.39
R00238,2025-11-09T15:00:00Z,A3, phone ,73,items=2; flag=U; adj=+8.88%; fee=+32.44
R00127,2025-11-02T02:34:00Z,A4,PHONE, 111.67 C1,items=4; flag=U; fee=-20.27; adj=+6.22%
R00050,2025-08-14T19:26:37Z,A1,email,162.25,adj=+14.39%; items=10; fee=-17.09
R00073,2025-11-25T15:00:00Z,A2,email,,items=1; adj=+0.00%; fee=+0.00
R00166,2025-09-16T00:00:00Z,A7,phone	,C1 34.86 ,adj=-12.06%; items=3; fee=-10.87; WaIvE=true
R00103,2025-09-19T03:40:01Z,A7,Phone,"C1 31,81",flag=R; items=12; fee=-26.81; adj=-3.69%
R00256,2025-08-13T04:07:56Z,A7,app," 68,18 C2",items=3; fee=+7.56; flag=N; adj=-1.28%
R00229,2025-09-29T08:52:59Z,A2,Phone,"197,37 C2",items=1; flag=R; adj=-3.24%; fee=-36.63
R00218,2025-10-31T05:25:00Z,A5,phone,"C1 1,234.56",flag=R; fee=+39.34; items=8
R00084,2025-10-01T19:42:55Z,A2,web,41 C2,items=10; fee=-5.41
R00056,2025-11-08T08:00:00Z,A4,web,C1 100.00,items=1; adj=+0.00%; fee=+0.00
R00251,2025-12-10T09:45:23Z,A5,Phone,C1 99.00,adj=+3.49%; fee=-91.71; flag=U; items=5
R00017,2025-10-05T17:00:00Z,A3,web,"1,000 C2",flag=N; adj=-16.83%; fee=-20.42; items=1
R00123,2025-11-15T07:52:59Z,A1,phone	,C1 484.46,fee=-6.26; flag=S; adj=+7.91%; items=4
R00131,2025-10-08T00:00:00Z,A6,phone,64.75,adj=-14.37%; fee=-11.05; items=12
R00146,2025-08-16T15:24:02Z,A7,web,,items=1; adj=+17.03%; fee=-47.89
R00007,2025-08-29T00:06:00Z,A1,phone,"209,20 C2",fee=-34.20; adj=+7.64%; items=2; flag=S; WaIvE=true
R00020,2025-10-09T23:31:37Z,A4,phone,C1 135.11,adj=+12.83%; items=10; flag=U; WaIvE=true; fee=+31.02
R00264,2025-09-15T16:27:46Z,A3,Phone,(140.16 C1,flag=U; fee=-2.12; items=0; adj=-7.03%
R00291,2025-10-20T13:53:00Z,A4,PHONE,C1 104.62,items=25; adj=-9.68%; fee=+25.50
R00010,2025-10-09T20:21:00Z,A8,phone	,,fee=-29.14; waive=true; adj=+10.16%; items=5
R00220,2025-09-17T19:01:00Z,A4, phone , 52.44,items=50; adj=-10.19%; flag=R; fee=+54.56
R00059,2025-11-30T00:17:21Z,A4,web, 61.89,adj=+10.61%; fee=-60.44; items=3
R00255,2025-10-17T00:00:00Z,A4,phone	,"177,03 C2",fee=+25.28; adj=+5.56%; flag=N; items=6; waive=true
R00180,2025-11-10T01:37:00Z,A2,email,174.21 C1,items=2; adj=+5.39%; fee=+17.12; flag=R
R00223,2025-10-27T18:35:00Z,A3,web,61.83 C2,adj=-3.79%; fee=-0.60; items=2; flag=U
R00185,2025-08-22T21:35:43Z,A3, phone ,111.53,adj=+0.42%; flag=R; fee=+46.52
R00111,2025-08-14T07:23:00Z,A2,phone	,118 C2,fee=+40.26; adj=-4.16%; flag=U; items=0
R00125,2025-12-30T02:14:49Z,A4,email,77.860,fee=+4.90; items=6; flag=S; adj=-5.21%
R00288,2025-09-11T08:09:13Z,A6,web, C1 45.23,items=2; adj=-2.50%
R00194,2025-06-09T19:46:00Z,A3,Phone,23.634,items=8; flag=R; adj=+11.88%; fee=+29.63
R00227,2025-10-30T09:18:54Z,A3,phone	,101.14 C1 ,fee=-3.43; flag=R; adj=-9.09%; items=3
R00011,2025-06-10T17:28:00Z,A7,app,12.345 C2,flag=S; fee=-20.48; items=12; adj=-15.30%
R00149,2025-11-05T08:46:26Z,A5,PHONE,207,flag=R; adj=+1.73%; items=2
R00239,2025-08-18T20:43:00Z,A4,phone	,226.39 C1,fee=-0.39; WAIVE=TRUE; adj=+14.08%; items=3
R00174,2025-09-21T14:40:26Z,A4,phone,,adj=+2.79%; items=1; fee=-7.63; flag=R
R00278,2025-10-23T00:00:00Z,A8,email,C1 152,items=1; fee=+32.42; flag=T
R00060,2025-11-22T15:28:19Z,A6, phone ,71.98,flag=N; items=0; adj=+6.96%; fee=-33.50
R00057,2025-11-02T03:49:00Z,A1,email,"-61,97 C2",adj=-10.84%; fee=+5.15; items=50; flag=T
R00237,2025-09-20T15:19:00Z,A6,Phone,99.553,
R00224,2025-09-07T20:43:00Z,A6,phone,"44,46 C2",fee=+26.98; items=12; adj=-1.83%
R00300,2025-08-12T00:00:00Z,A4,email,"(98,79 C2 ",adj=-2.41%; waive=true; fee=-28.36; items=4
R00096,2025-11-07T08:00:00Z,A6,web,C1 100.00,items=1; adj=+0.00%; fee=+0.00
R00295,2025-08-25T00:00:00Z,A5,web, 81.86 ,fee=-5.65; adj=+4.33%; flag=U; items=2
R00012,2025-11-12T07:00:00Z,A1,web,C1 100.00,items=1; adj=+0.00%; fee=+0.00
R00274,2025-12-21T03:05:41Z,A6,PHONE,76.03 C1,adj=+1.88%; items=2; fee=+6.46; flag=R
R00138,2025-10-25T13:29:12Z,A2,phone,C1 69.36,adj=-1.94%; items=0
R00260,2025-12-11T16:13:26Z,A1,app,118 . 57 C1,adj=-0.20%; flag=U; items=10; fee=-7.10
R00033,2025-08-21T22:57:00Z,A8,email,C1 73.54,fee=-50.36; items=5
R00016,2025-11-24T11:16:02Z,A4,phone	,C1 157.76,fee=-27.78; adj=-7.03%; items=50
R00219,2025-09-08T15:28:00Z,A6,phone,"C1 57,58",flag=N; items=25; fee=-20.61; adj=+2.28%
R00073,2025-11-25T15:00:00Z,A2,web,"C1 1,234.56",items=1; adj=+0.00%; fee=+0.00
R00056,2025-11-12T08:00:00Z,A1,web,C1 100.00,items=1; adj=+0.00%; fee=+0.00
R00005,2025-10-21T02:56:00Z,A1,Phone,-86,adj=+17.16%; items=1; fee=+23.33; flag=T
R00187,2025-10-13T00:00:00Z,A4,phone,72,items=10; fee=+13.39; adj=-3.23%
R00054,2025-10-22T18:35:00Z,A7,phone	,79.97 C1 CR,fee=+19.86; items=10
R00035,2025-08-16T17:00:57Z,A4,phone,,adj=-2.13%; fee=+14.74
R00138,2025-09-29T00:00:00Z,A5,PHONE,47.25,fee=+16.71; adj=-2.70%; items=50; flag=T
R00227,2025-10-29T13:11:00Z,A2,web, 76.90,items=25; flag=N; adj=-2.81%
R00114,2025-10-28T08:12:00Z,A3,PHONE,,flag=S; adj=+12.91%; items=50; fee=+0.09
R00078,2025-09-11T16:46:07Z,A4,web,94,fee=+27.51; adj=+3.55%
R00201,2025-10-26T12:13:00Z,A1,phone,159C2,items=50; fee=+12.48; adj=+20.72%
R00009,2025-10-18T13:01:00Z,A4,email,98.84,adj=+11.95%; fee=-9.28; flag=N; items=10
R00171,2025-10-04T23:37:52Z,A2,phone,"94,82 C2",adj=-3.89%; fee=-23.29; flag=R; items=25
R00128,2025-12-24T07:01:23Z,A8,Phone,96.12 C1,flag=U; items=10; fee=+27.65; adj=+5.34%
R00074,2025-10-13T17:18:05Z,A1,phone,,adj=-21.79%; WAIVE=TRUE; fee=+14.50; items=10
R00287,2025-11-03T00:00:00Z,A5, phone ,216 C2 ,adj=+7.49%; fee=-33.80
R00090,2025-10-22T03:07:00Z,A7,phone	,"CR 111,27 C2 ",items=8; flag=R; waive=true; adj=+1.96%
R00182,2025-09-24T12:12:01Z,A3,phone,56 C2,items=1; fee=-3.79; flag=U; adj=+4.27%
R00294,2025-09-16T19:48:54Z,A5,app,C1 208,flag=T; fee=-20.89; items=3; adj=-3.23%
R00221,2025-11-28T21:12:21Z,A7,email,"95,90 C2",items=2; fee=-17.34; adj=+2.97%
R00160,2025-09-11T16:34:00Z,A3,phone	,,flag=U; adj=-0.98%; items=8; fee=+11.50
R00077,2025-12-07T12:44:22Z,A7, phone ,C1 136,adj=-2.68%; fee=+5.25; flag=S; items=2
R00064,2025-11-08T13:00:00Z,A5,web,C1 100.00,items=1; adj=+0.00%; fee=+0.00
R00118,2025-10-03T00:00:00Z,A6,email,-C1 80,WAIVE=TRUE; fee=-8.47; items=4; adj=+0.65%
R00273,2025-11-18T03:18:07Z,A4, phone ,59 C2,flag=T; fee=+27.54; adj=-11.14%; items=8
R00248,2025-10-09T16:49:09Z,A3,email,"123,02 C2",items=3; flag=T; fee=-10.02; adj=+0.61%
R00007,2025-11-25T14:00:00Z,A6,email,"C1 1,234.56",items=1; adj=+0.00%; fee=+0.00
R00141,2025-10-15T21:15:03Z,A6,phone,"68,75 C2",flag=S; items=1; fee=+42.38; adj=+5.16%
R00057,2025-11-25T15:00:00Z,A8,email,,items=1; adj=+0.00%; fee=+0.00
R00130,2025-08-08T00:00:00Z,A6,web,86.72 C1,adj=-4.19%; items=1; flag=S; fee=-52.43
R00192,2025-09-06T00:00:00Z,A1,Phone,C1 123.45 CR,flag=U; items=3; adj=-3.10%; fee=+18.88
R00003,2025-09-20T00:32:13Z,A6,web,"1,254 C2",items=5; waive=true; adj=-4.62%
R00240,2025-09-23T08:01:56Z,A6, phone ,277,flag=R; fee=-24.53; waive=true; adj=+7.30%
R00115,2025-09-29T22:53:00Z,A8,email,"76,73 C2 ",adj=-10.71%; fee=-17.02; items=5; flag=N
R00041,2025-08-13T00:00:00Z,A3,phone,119.486,adj=-10.28%; items=1; flag=S; fee=+23.64
R00250,2025-11-12T11:46:00Z,A7,email,95.53 C1,flag=R; fee=-4.51; items=10
R00165,2025-08-06T10:25:09Z,A6,phone	, 83 C2,fee=-2.42; items=10; flag=U; adj=+0.21%
R00045,2025-11-20T07:30:00Z,A2,email,"1.234,56 C2",fee=+33.52; adj=+1.13%; items=25
R00023,2025-08-03T13:44:14Z,A2,app,,items=2; adj=+2.31%; flag=S; fee=+3.71
R00089,,A7,PHONE,121 C2 ,adj=-8.89%; fee=-13.01; items=50; flag=R
R00124,2025-10-11T16:31:00Z,A8,app,,flag=U; items=2; fee=-2.13; adj=+7.86%
R00058,2025-01-09T05:41:00Z,A1, phone ,"126,10 C2",
R00130,2025-08-29T13:27:00Z,A5,phone,48,fee=-24.46; adj=-4.03%
R00009,2025-12-18T18:45:00Z,A2,email,"1.000,00 C2",adj=+6.32%; items=1; flag=S; fee=+15.17
R00146,2025-10-14T07:17:00Z,A8,Phone,,items=50; adj=-1.28%; fee=+15.72; waive=true
R00185,2025-08-30T00:00:00Z,A2,PHONE," 90,77 C2",items=2; flag=N; waive=true; adj=+0.40%
R00207,2025-10-30T16:06:00Z,A8,phone	,,adj=+0.14%; items=2; fee=-38.10
R00121,2025-11-02T14:14:21Z,A2,phone,"C1 1,234.56",adj=-0.82%; items=8; flag=N; fee=-3.09
R00164,2025-08-29T00:00:00Z,A5,phone,181.05 C1,adj=+12.56%; fee=+36.20
R00223,2025-12-10T20:53:00Z,A6,app,-C1 123.45,flag=S; items=4; fee=+20.24; adj=-10.96%
R00073,2025-08-10T02:42:00Z,A6,PHONE,"58,24 C2",adj=+1.06%; items=50; fee=+8.70
R00192,2025-08-31T03:39:01Z,A6,app,71.94C1,adj=-7.16%; flag=S; items=2; fee=+12.87
R00112,2025-11-28T04:17:02Z,A6,web,98,adj=-14.86%; items=1
R00078,2025-10-23T21:53:22Z,A2,app,51 ,fee=-18.91; items=50; adj=-19.41%; flag=T; WaIvE=true
R00083,2025-11-10T23:52:00Z,A4,PHONE,C175),items=4; flag=S; adj=-7.08%; fee=-30.19
R00009,2025-12-22T19:45:51Z,A8,PHONE,"CR 80,08 C2 ",items=10; adj=+16.00%; fee=-25.82
R00208,,A2,web,,fee=-18.72; adj=+1.87%; items=2; flag=U
R00017,2025-08-14T23:17:00Z,A7,phone	,C1 49 . 88,adj=-0.36%; fee=+2.68; items=1
R00065,2025-08-07T19:03:00Z,A4,Phone,127.59,flag=S; items=0; fee=-1.40; adj=-2.81%
R00053,2025-08-22T06:00:19Z,A6,phone,,adj=-16.04%; fee=-20.04; items=8
R00298,2025-10-03T12:21:32Z,A4, phone ,,adj=+15.68%; items=6; fee=-38.52
R00173,2025-09-03T16:54:40Z,A8,PHONE,127.52 C1,items=3; fee=+9.27; flag=N
R00152,2025-09-06T16:22:00Z,A4,phone,80.24C1,fee=+39.86; adj=+10.74%; items=3
R00145,2025-11-12T09:30:08Z,A7,phone	, 242.43 C1 ,fee=-10.80; adj=+1.89%; items=8
R00233,2025-11-05T00:00:00Z,A3,PHONE,C1 409.41,adj=-16.01%; items=50; fee=+8.46
R00001,2025-08-28T15:45:41Z,A7,phone,-C1 68.88,flag=U; items=1; fee=+12.09; adj=-3.57%
R00128,2025-09-04T14:01:20Z,A8,phone	,-C1 123.45,items=0; fee=+0.75; adj=-6.58%
R00144,2025-10-25T00:00:00Z,A6,PHONE,,adj=+4.21%; items=5; fee=+7.22; flag=T
R00166,2025-08-21T05:01:32Z,A4,PHONE,C1 198.46,items=50; adj=-0.98%
R00294,2025-08-08T10:21:00Z,A6,app,"92,74 C2",fee=+21.21; WaIvE=true; adj=+15.09%; items=2
R00185,2025-10-29T00:43:27Z,A7,phone,113.12 C1 ,fee=-25.34; adj=-15.58%; flag=R; items=6
R00192,2025-09-25T00:00:00Z,A1, phone ,,items=50; flag=N; adj=+20.01%; fee=-23.31; WaIvE=true
R00208,2025-11-11T20:28:40Z,A2,PHONE,(85.25 C1,items=4; adj=+5.04%
R00052,2025-10-26T21:30:00Z,A4,phone,95.905,adj=+6.18%; items=25; flag=S
R00225,,A6,app,12.345 C2,items=4; adj=-1.10%; fee=-7.71; flag=U
R00097,2025-10-06T00:00:00Z,A5,PHONE,101.27C1,items=3; flag=N; adj=+3.10%; fee=-2.98
R00190,2025-09-20T00:14:00Z,A2,app,118.45,adj=+16.43%; items=1; fee=+6.35
R00268,2025-09-29T19:36:00Z,A3, phone ,"(-C1 138,09)",items=2; adj=+4.48%
R00262,2025-08-11T00:00:00Z,A3,phone,"98,18 C2",fee=+8.77; adj=-4.39%; items=4; flag=R
R00242,2025-10-01T10:00:38Z,A2, phone ,78,fee=-53.08; WaIvE=true; items=8
R00169,2025-10-26T17:19:00Z,A6,phone,"168,27 C2 CR",items=50; adj=-19.74%; fee=-2.45
R00081,2025-10-22T00:00:00Z,A7,phone	,(C1 123.45),items=4; flag=U; adj=+1.45%; fee=-21.06
R00082,2025-08-21T02:37:12Z,A2,Phone,"114,41C2CR",adj=+4.38%; fee=+32.17; items=8
R00208,2025-10-10T19:28:54Z,A2,phone,,items=2; fee=-21.73; adj=-18.52%
R00009,2025-08-13T10:03:00Z,A8,phone,"CR C1 40,83",adj=+3.37%; fee=-8.34; items=0
R00041,2025-09-12T00:24:00Z,A1,web,"66,51 C2",items=6; fee=-41.75; adj=-4.34%
R00027,2025-11-11T18:46:00Z,A4,PHONE, C1 41.66,adj=+0.82%; fee=-65.92; flag=U; items=6
R00093,2025-04-10T02:32:00Z,A5,Phone,(124,items=3; fee=+19.68; flag=T; adj=+13.10%
R00258,2025-11-03T15:20:00Z,A1,email,12.345 C2,items=0; adj=+11.24%; fee=-2.25; flag=T
R00046,2025-08-16T19:15:47Z,A4,phone	,125,flag=T; fee=-22.33; adj=+1.25%; items=10
R00164,2025-08-19T18:16:00Z,A5,phone,123.32 C1,WAIVE=TRUE; adj=-22.78%; fee=+10.31; items=1; flag=N
R00259,2025-11-25T19:51:31Z,A8,PHONE,107.925,adj=+1.90%; items=2; flag=S
R00150,2025-09-18T07:30:00Z,A2,phone	,"71,45 C2",fee=-2.03; flag=N; adj=-2.43%; items=2
R00199,2025-09-19T16:41:23Z,A2,web,58.96,adj=+7.17%; items=0; fee=+24.40; flag=U
R00033,2025-09-01T20:06:00Z,A8,phone,"67,01C2",flag=R; fee=+15.22; items=10; adj=+3.74%
R00207,2025-12-29T06:53:59Z,A6,email, 73.53,items=12; fee=+15.19; adj=-7.55%; waive=true; flag=T
R00202,2025-09-15T20:51:00Z,A2,phone,93C2CR,items=0; flag=R; adj=+3.64%; fee=-15.85
R00153,2025-11-06T09:33:00Z,A6,email,C1 116.00,adj=-15.25%; fee=+9.61; items=2
R00266,2025-10-02T00:00:00Z,A4,web,151.30,flag=S; items=12; waive=true; adj=-5.51%; fee=+27.88
R00281,,A3,Phone,-117.586,adj=-6.60%; fee=+15.68; flag=U; items=1
R00262,2025-08-09T08:34:55Z,A6,phone	, 101 . 66 C2,items=50; fee=-46.64; adj=-6.71%; flag=R
R00268,2025-08-15T21:14:08Z,A5,email,101.15,adj=+3.10%; fee=-13.86; items=1; flag=S
R00117,2025-05-11T09:43:00Z,A8,phone,C1 205.85,fee=-17.49; adj=-17.20%; items=2
R00008,2025-10-06T00:00:00Z,A1,app,-94.90 C1,adj=-5.28%; items=3; fee=-12.97
R00243,2025-09-23T00:00:00Z,A4,phone,"63,81 C2",flag=R; items=6; adj=+8.50%; fee=+34.54
R00165,2025-12-15T22:22:50Z,A3,phone	,C1 101.11,items=2; adj=-5.83%; flag=R; fee=-0.32
R00129,2025-10-06T06:25:29Z,A6,app, 124.53,adj=-3.65%; fee=-32.43
R00228,,A4,Phone,70.57,flag=S; fee=+24.34; items=25
R00123,2025-10-21T00:00:00Z,A4,app,59.85C1,fee=-9.24; items=50; adj=+12.89%; flag=U
R00174,2025-10-02T00:00:00Z,A1,PHONE,C1 58.67,items=5; adj=+12.71%; flag=S; fee=-51.32
R00204,2025-09-17T05:49:00Z,A4,phone,"72,65 C2 ",
R00035,2025-08-05T04:31:50Z,A6,phone,C1110.21,items=5; adj=+18.53%
R00187,2025-11-11T07:52:00Z,A4,phone,89.06 C1,fee=+14.91; items=0; flag=R; adj=+6.71%
R00286,2025-11-03T23:44:54Z,A2,phone	,61.08 C1,flag=S; adj=+3.14%; waive=true
R00275,2025-10-16T17:42:00Z,A7,phone	,127.32 ,items=2; adj=-3.70%; WAIVE=TRUE; fee=-21.20
R00143,2025-09-08T10:37:00Z,A2,phone, 113.991,fee=-133.83; adj=-7.29%; items=2
R00236,2025-11-03T00:00:00Z,A6,phone,197 ,fee=-33.34; items=1; adj=-0.10%
R00096,2025-10-16T05:00:00Z,A2,web,82.49,items=50; flag=R; fee=-0.51; adj=-0.53%
R00180,2025-09-04T23:46:35Z,A1,phone	,122.79 C1,fee=-4.74; adj=+6.92%; items=1
R00231,2025-10-20T19:51:00Z,A1,PHONE,,flag=U; fee=-10.89; WAIVE=TRUE; items=3; adj=-1.10%
R00158,2025-09-24T00:00:00Z,A2, phone ,C1 33 . 85,items=8; flag=N; adj=-2.30%; fee=+31.48
R00071,2025-09-28T15:39:00Z,A8, phone ,109 C2) ,items=8; adj=+4.14%; fee=-17.84; flag=R; WAIVE=TRUE
R00081,,A4, phone ,,items=1; fee=+0.84; flag=S; adj=-9.12%
R00142,2025-08-04T00:44:35Z,A6,email,"97,79 C2",flag=N; WAIVE=TRUE; items=1
R00013,2025-11-20T09:30:00Z,A6,email,,fee=+66.90; items=0; adj=+5.40%; flag=T
R00088,2025-09-03T18:18:00Z,A3, phone ,127.45 C1,adj=+18.33%; flag=U; items=2; fee=+6.76
R00067,2025-09-25T00:00:00Z,A6,email,"151,35 C2",flag=U; adj=-10.20%; fee=-1.39
R00110,2025-11-08T15:39:12Z,A1,email,"C1 148,99",adj=-13.58%; flag=N; fee=+45.69
R00275,2025-01-09T08:51:00Z,A7,PHONE,,adj=-5.43%; items=6; waive=true; fee=-38.30
R00215,2025-11-02T00:00:00Z,A4,web,C1117.27,adj=-7.45%; WaIvE=true; fee=-3.61
R00080,2025-10-06T06:42:00Z,A1, phone ,48.04 C1,adj=-10.78%; flag=N; items=1
R00293,2025-10-08T16:29:00Z,A4,phone	,"90,30C2",waive=true; adj=-5.08%; flag=T; items=12; fee=+30.05
R00173,2025-09-01T02:17:00Z,A8,phone	,"100,78 C2",adj=-2.31%; fee=+27.34; flag=U; items=1
R00272,2025-08-17T07:02:17Z,A8,email,152.59 C1,fee=-37.89; WaIvE=true; adj=+7.83%; items=4
R00116,,A2,PHONE,"112,27 C2)",adj=+0.57%; waive=true; items=1
R00255,2025-09-13T06:23:00Z,A4,phone, 55.54 C1,adj=+6.16%; items=1; fee=-3.87
R00226,2025-12-12T05:40:37Z,A3,app,128.264,adj=+12.58%; items=50; fee=-2.30
R00285,2025-11-06T00:00:00Z,A6,app,-C1 123.45,flag=S; items=6; adj=+10.04%
R00041,2025-10-29T04:07:00Z,A8,phone,C1 280,items=10; adj=+19.51%; fee=-33.87; flag=U
R00055,2025-09-01T08:58:57Z,A7,app, 82.90,items=1; fee=+9.58
R00040,2025-11-08T08:00:00Z,A8,web,C1 100.00,items=1; adj=+0.00%; fee=+0.00
R00039,2025-11-20T09:30:00Z,A8,email,"C1 1,000.00",adj=+13.28%; items=1; flag=R; fee=-14.14
R00286,2025-11-08T16:58:00Z,A2,phone,,adj=-4.61%; fee=+9.28; flag=U; items=1
R00215,,A1,phone,C1 123.45 CR,flag=R; adj=-5.06%; items=4
R00273,2025-09-17T02:29:50Z,A4,PHONE,56.00 C2,adj=-18.30%; items=5; fee=+89.97
R00271,2025-09-09T01:57:00Z,A1,phone	,C1 75,adj=-6.82%; flag=N; items=50; fee=+17.04
R00260,2025-11-12T15:52:57Z,A3,phone,127.337,flag=S; fee=-3.89; items=1; adj=+8.79%
R00064,2025-11-10T13:00:00Z,A1,web,C1 100.00,items=1; adj=+0.00%; fee=+0.00
R00221,2025-11-06T18:07:00Z,A7,phone,82.22,fee=+22.63; items=2; adj=-14.51%; WaIvE=true
R00196,2025-10-20T18:59:39Z,A1,Phone,,fee=-18.81; items=1; waive=true; flag=N
R00182,2025-09-26T00:00:00Z,A1,phone,(-87 . 48 C1),fee=-26.88; flag=T; items=0
R00058,2025-10-24T08:48:16Z,A8, phone ,(-58.52) ,flag=T; adj=+6.09%; items=2
R00293,2025-10-30T21:58:00Z,A8,Phone,"73,00 C2",items=1; adj=+20.36%; flag=R; fee=-16.24
R00203,2025-10-16T22:32:00Z,A8,web,69.95,fee=+25.53; adj=-2.95%; items=10
R00257,2025-08-27T07:56:00Z,A5, phone ,181.433,fee=+15.03; adj=-7.03%; items=2
R00004,2025-11-08T13:00:00Z,A5,web,C1 100.00,items=1; adj=+0.00%; fee=+0.00
R00036,2025-09-09T21:12:00Z,A7,phone,"(69,87 C2",fee=+12.70; adj=+6.55%; flag=R; items=50
R00177,2025-11-04T12:12:42Z,A4, phone ,81.77 C2,fee=-20.84; items=1; adj=+1.31%
R00273,2025-09-20T14:18:00Z,A2,app,"212,78 C2",adj=-5.82%; flag=S; fee=-7.22; items=3
R00222,2025-08-29T09:02:32Z,A4,phone,63.97,
R00061,2025-10-30T00:37:00Z,A4,web,64.05 C1 ,fee=-30.73; adj=-2.05%; WaIvE=true; items=3
R00021,2025-08-10T09:48:12Z,A7,Phone,"63,79 C2",flag=N; items=1; adj=+8.53%; fee=+2.86
R00212,2025-09-01T07:38:00Z,A3,email, -69.16,fee=-31.31; adj=+6.85%; flag=T
R00008,2025-09-24T04:51:13Z,A2,PHONE,107,items=2; adj=-26.55%; fee=+0.87
R00150,2025-10-25T15:26:00Z,A8,phone,C1 113.53 ,items=8; flag=R; adj=-3.40%; fee=+17.10
R00236,2025-08-06T22:20:05Z,A4, phone ,,WaIvE=true; flag=R; adj=-13.84%; fee=+36.63; items=2
R00061,2025-09-15T12:59:00Z,A2,phone,C1 55.82,items=10; flag=N; adj=-11.08%
R00283,2025-06-11T22:40:22Z,A5,PHONE,"69,25C2",items=10; adj=+5.91%; fee=+55.13
R00100,2025-10-25T00:00:00Z,A8,PHONE,"166 , 74 C2 ",adj=-27.62%; flag=S; items=2; fee=-0.43
R00005,2025-12-19T04:04:20Z,A1,PHONE,88,waive=true; fee=+5.22; items=2; flag=S
R00177,2025-10-21T16:12:56Z,A5,Phone,C195.51,fee=-19.57; adj=+0.15%; items=5
R00264,2025-10-29T04:01:55Z,A8,app,44.23 C1,adj=+1.92%; fee=+8.25; flag=T; items=3
R00170,2025-08-13T10:36:50Z,A3, phone ,78.79,items=1; adj=+6.19%; fee=+1.77
R00147,2025-09-30T00:02:53Z,A3,phone	,"C1 12,345",adj=+1.83%; fee=+9.61; items=1; flag=U
R00091,2025-10-20T23:25:35Z,A5,phone,"167,43 C2",flag=S; fee=+37.25; items=2; adj=+10.10%
R00291,2025-06-09T16:56:00Z,A1,PHONE,"C1 111,97",flag=N; fee=-11.19; items=12
R00223,2025-09-12T06:42:17Z,A5,Phone,60.47,flag=R; adj=+0.47%; fee=+1.31; items=3
R00231,2025-11-10T05:40:10Z,A5, phone ,C1 294,adj=+14.30%; items=0; fee=+6.15
R00056,2025-08-20T02:26:00Z,A8,Phone,"496,04 C2",flag=R; items=3; adj=+4.98%; fee=-25.93
R00104,2025-09-05T04:19:12Z,A7,phone	,"1.234,56 C2",fee=-0.82; items=3; adj=-18.47%
R00148,2025-08-12T14:43:00Z,A8, phone ,-C1 123.45,adj=+0.52%; flag=R; fee=+19.35; items=5
R00094,2025-10-21T04:07:00Z,A2,web,C1112 . 81,items=6; fee=+7.15; adj=+18.68%
R00296,2025-09-10T00:30:00Z,A3,Phone,89.21C1,items=6; flag=S; adj=+4.08%
R00016,2025-11-06T08:00:00Z,A4,web,C1 100.00,items=1; adj=+0.00%; fee=+0.00
R00274,2025-10-07T00:00:00Z,A4, phone ,,items=1; fee=-12.28; flag=T; adj=-4.29%
R00180,2025-09-26T19:28:00Z,A2, phone , 61.34 C1 ,adj=+8.88%; flag=U; fee=+18.48; items=50
R00286,2025-12-28T22:47:21Z,A2,PHONE,C1 324 . 21,fee=+19.10; items=3; adj=-2.03%
R00067,2025-12-29T21:40:06Z,A7,phone	,64,adj=+8.65%; items=25; fee=+16.38
R00073,2025-08-20T00:34:56Z,A7, phone ,137.503,fee=+7.74; flag=N; adj=+3.35%; items=2
R00276,,A2,email,62.49 C1,flag=T; items=8; adj=-0.39%; fee=-35.16
R00294,2025-11-12T21:13:00Z,A6,Phone,C1 69 CR,fee=+4.34; items=0
R00211,2025-11-14T00:51:23Z,A3,phone,84.71C1,adj=-12.01%; fee=+6.00; items=1
R00052,2025-12-18T18:45:00Z,A1,web,,items=0; adj=+7.95%; fee=-10.61; flag=N
R00202,2025-09-24T05:37:00Z,A2,email,C1 99,fee=-42.84; adj=-7.30%; items=2
R00045,2025-10-11T02:00:00Z,A7,email, 49.916 ,adj=+1.36%; items=12; waive=true; flag=U
R00027,,A8,web,175.838,flag=N; fee=-26.14; items=2; adj=+1.10%
R00205,2025-09-12T18:45:00Z,A2,PHONE,411.177,fee=-18.51; items=1; adj=-5.76%; flag=T
R00194,2025-10-31T15:32:31Z,A6,Phone,,fee=+6.69; items=25; flag=T; adj=+9.87%
R00285,2025-09-13T05:00:00Z,A7, phone ,C1 163,fee=+0.66; WaIvE=true; items=2; adj=-5.63%; flag=U
R00072,2025-08-22T08:19:43Z,A3, phone ,88,items=50; adj=-7.94%; fee=-30.42
R00005,2025-09-06T00:00:00Z,A1,app,CR76.68C2,adj=+0.79%; fee=-13.51; items=4; flag=R
R00299,2025-09-02T09:31:00Z,A8,phone,C1 73.55,items=8; adj=-4.46%; flag=T; fee=-42.84
R00003,2025-10-31T21:38:00Z,A7,web,"C1 1,234.56",adj=-8.26%; items=1; flag=S; fee=-9.97
R00069,2025-10-05T22:39:58Z,A3,phone	,63.39,items=2; adj=+6.02%; flag=T
R00015,2025-08-19T20:48:05Z,A7,web,,items=0; adj=-8.31%; fee=-17.34
R00060,2025-09-29T16:18:00Z,A4,phone,"187,64 C2",fee=+3.15; items=4; adj=+3.16%; flag=S
R00138,2025-09-06T17:44:22Z,A8,phone,C1 105.16,fee=-23.31; items=3; adj=-4.07%
R00100,2025-10-27T22:42:00Z,A7,PHONE,(185 C2),flag=N; fee=+40.93; adj=+3.94%
R00162,2025-09-01T04:14:48Z,A1,phone	, 93 . 905,items=2; fee=+2.77; WaIvE=true; flag=T
R00072,2025-09-02T18:24:00Z,A4,phone	,C1 923.15 ,items=2; flag=T; adj=-3.41%
R00023,2025-08-19T18:22:00Z,A2,app,C1 43.16,adj=+0.74%; flag=S; fee=-25.88; items=3
R00277,2025-09-11T02:38:00Z,A6,phone	,84.42 C1,fee=+0.41; items=50; flag=T; adj=-7.61%
R00087,2025-10-28T12:34:12Z,A6,app,"C1 181,81",items=1; flag=U; fee=-18.05; adj=+3.16%
R00088,2025-09-09T09:23:00Z,A8,PHONE,(C1 86.04,items=10; fee=+16.30; adj=-3.09%
R00003,2025-10-21T04:46:00Z,A7, phone ,"108,75 C2",fee=+54.81; adj=-7.32%; items=1
R00043,2025-10-17T01:14:38Z,A5,email, (-C1 132.43),fee=-3.30; items=2; adj=+2.53%; flag=U
R00101,2025-08-18T01:21:41Z,A1, phone ,60,items=2; fee=-12.11; flag=N; adj=+14.82%
R00288,2025-10-02T19:14:13Z,A7,Phone,149.99 C1,fee=-20.02; flag=N; items=2; adj=+5.24%
R00267,2025-09-21T16:11:26Z,A3,phone,"106,39C2",fee=-17.27; items=4; adj=-0.59%
R00291,2025-10-07T05:43:00Z,A4,phone,C1 143 . 67 ,adj=-3.34%; items=3; fee=-24.59
R00252,2025-08-31T20:04:00Z,A2,app,"99,39 C2",items=3; fee=-22.84; WaIvE=true; adj=+6.79%
R00221,2025-09-22T03:30:43Z,A5,PHONE,166.84,fee=+4.12; items=8
R00063,2025-11-05T00:00:00Z,A3,PHONE,C1 44.30,items=1; fee=+13.57; adj=+16.14%
R00053,2025-08-23T00:00:00Z,A7, phone ,C1 82.90,items=5; adj=-11.49%; fee=+6.60
R00213,,A5,PHONE,(-89),adj=+2.31%; items=1; fee=-27.29
R00002,2025-10-06T00:00:00Z,A7,Phone,81,fee=-20.63; adj=-11.23%
R00254,2025-10-04T09:32:20Z,A3,PHONE,89.75),items=12; adj=-13.64%; flag=U; fee=+34.32; waive=true
R00165,2025-08-16T12:18:13Z,A3,email,85 C2 CR,flag=R; adj=-1.96%; items=1; fee=+41.76
R00198,2025-08-20T18:18:07Z,A2,Phone,"134,45C2",items=2; fee=-9.47; adj=-1.23%
R00222,2025-09-20T11:16:00Z,A6,email,87.43C1,items=3; flag=N; adj=+1.18%; fee=+10.24
R00200,2025-10-21T19:01:00Z,A7,email,,flag=N; adj=-0.10%; items=2; fee=-41.05
R00044,2025-11-25T15:00:00Z,A4,email,,items=1; adj=+0.00%; fee=+0.00
R00105,2025-10-16T22:01:52Z,A2,email,107.436,flag=T; items=3; fee=+8.91; adj=+0.57%
R00028,2025-08-28T05:45:34Z,A7,web,(-198),adj=+7.05%; items=2; fee=+19.77; flag=T
R00128,2025-10-30T00:00:00Z,A8,PHONE,86.83 ,fee=-46.39; items=3; adj=-7.24%
R00214,2025-12-05T04:35:04Z,A4,phone	,293.59 C2,adj=-14.10%; flag=U; fee=-15.62
R00090,2025-11-09T07:19:00Z,A5,email,"228,16 C2 ",adj=+13.67%; flag=N; fee=-18.27; items=3
R00057,2025-11-01T04:26:00Z,A8,phone, 88 . 37,flag=T; fee=-36.42; items=12; adj=+13.12%; WaIvE=true
R00290,2025-10-05T00:02:05Z,A7,phone	,C1 114,fee=-21.14; items=3; flag=S; adj=+11.22%
R00011,2025-11-08T00:00:00Z,A3,PHONE, 48,adj=+2.20%; fee=-5.87; items=8; flag=N
R00161,2025-09-05T16:39:56Z,A3,web,"64,52 C2",flag=S; fee=+10.34; items=0; adj=-7.41%
R00061,2025-10-25T16:48:22Z,A1,PHONE,62.939,adj=-6.22%; items=1; fee=+14.95
R00207,2025-08-13T10:03:00Z,A7,email,57 . 475,items=4; flag=U; adj=+3.17%; fee=+52.10
R00215,2025-09-30T20:29:00Z,A1,app,C1 217.56,items=12; fee=+22.79; adj=-1.99%; flag=S
R00288,2025-12-08T06:08:00Z,A8,phone	,55.61,flag=S; fee=+12.73; items=3; adj=-14.50%
R00110,2025-08-15T15:20:01Z,A5,phone	,(C1 123.45),items=50; fee=+5.87; flag=R; adj=-16.31%
R00249,2025-09-07T16:37:00Z,A2,app,"98,34 C2",flag=T; adj=-8.92%; items=1; fee=+10.92
R00217,2025-08-07T22:33:00Z,A8,web," 60,32 C2",items=12; adj=+3.05%; fee=+41.51; WaIvE=true
R00084,2025-08-14T06:58:19Z,A8,app,C1 53.65,adj=-2.30%; fee=+38.28; items=12; flag=T
R00289,2025-08-22T00:00:00Z,A1,phone	,48.721,fee=+3.47; items=1; flag=S
R00267,2025-11-20T10:11:24Z,A3,PHONE,(-C1 66.42),flag=T; items=1; fee=-11.28; adj=+8.00%
R00032,2025-11-08T07:00:00Z,A2,web,C1 100.00,items=1; adj=+0.00%; fee=+0.00
R00292,2025-08-09T15:58:00Z,A1, phone ,C1 66,adj=+19.61%; fee=-2.31; items=1; flag=T; waive=true
R00212,2025-08-23T00:00:00Z,A4,phone,-120.91,fee=-10.24; adj=-7.62%; items=2
R00280,2025-08-01T00:00:00Z,A8,phone,,flag=T; fee=+29.56; adj=+6.01%; items=0
R00251,2025-08-06T12:46:00Z,A1,phone, 37.865,items=1; adj=+4.21%; fee=-15.75
R00217,2025-09-21T08:36:00Z,A5,web,"C1 59,50",flag=S; adj=+5.82%; items=2; WaIvE=true; fee=-12.12
R00202,2025-10-14T03:03:00Z,A5,phone,,adj=+9.71%; flag=U; items=1; WAIVE=TRUE
R00016,2025-10-20T00:00:00Z,A2,phone	,108.48,fee=-48.84; adj=+27.13%; flag=T; items=25
R00281,2025-08-08T16:34:45Z,A2,Phone,"97,50 C2",
R00043,2025-10-27T00:00:00Z,A5,email,C1 106.38,items=1; flag=R; fee=+12.94
R00084,2025-11-02T13:13:00Z,A2,phone,96.985,items=8; adj=-10.16%; flag=T; fee=-1.90
R00078,2025-11-14T00:00:00Z,A2,phone	,155.57 C1,items=10; adj=+3.49%; fee=-2.66
R00217,2025-09-17T04:27:00Z,A8,email,C1 107.53 ,items=10; adj=+1.08%; fee=+34.96
R00073,2025-11-14T01:00:18Z,A8,email,41.87,flag=N; items=2; adj=+3.65%; fee=-21.28
R00122,2025-11-13T03:13:28Z,A1,phone	,941 C2,fee=+25.81; items=3; adj=+7.57%; flag=N
R00135,2025-08-22T02:42:00Z,A8,phone	,88.62 C1,adj=+5.91%; fee=-72.84
R00169,2025-11-09T00:00:00Z,A1, phone ,45.93C1,fee=-2.60; items=0; adj=+11.14%; flag=U
R00026,2025-10-17T16:56:00Z,A7, phone ,12.345 C2,adj=+10.57%; fee=+24.28; items=5
R00142,2025-12-10T04:59:00Z,A6, phone ,"C1 67,35",adj=-3.72%; items=12; fee=-0.61
R00194,2025-10-18T12:49:14Z,A3,email,67.79 C1,adj=+2.44%; items=12; fee=+22.61
R00122,2025-08-29T03:40:40Z,A5,PHONE,,fee=+5.47; adj=+1.40%; items=25; flag=U
R00074,2025-10-01T06:30:58Z,A1,phone,-47 ,adj=+0.37%; flag=S; items=5; fee=+23.07
R00283,2025-09-29T11:56:00Z,A8,phone,88.21 C1,items=2; adj=+2.66%
R00098,2025-12-31T00:25:24Z,A6,PHONE,C1 186.54,items=4; adj=-7.00%; fee=+38.33; flag=R
R00079,2025-08-13T05:26:00Z,A4,email, C1 92.26,adj=-16.68%; flag=T; items=1; fee=-24.02
R00068,2025-12-17T09:59:58Z,A6,phone,"132,70 C2",flag=S; adj=-1.93%; items=1; fee=-31.59
R00258,2025-08-06T21:21:07Z,A2,phone,105.98,WAIVE=TRUE; adj=+1.00%; fee=-4.57; items=2
R00221,2025-09-05T05:18:00Z,A2,web,120 C2,fee=+24.18; items=50; adj=-9.86%
R00261,2025-09-02T21:55:37Z,A3,app,172.35 C1,fee=+18.28; flag=R; adj=-5.42%; items=1
R00170,2025-03-10T05:04:00Z,A6,email,"105,28 C2",adj=-0.03%; fee=+4.62; items=1; WaIvE=true
R00234,2025-01-08T07:26:00Z,A7,web,78 C2,fee=+8.25; adj=+15.47%; items=4
R00141,2025-10-23T00:00:00Z,A4,email, 80,adj=-4.23%; items=1; flag=N; fee=-9.17
R00063,2025-10-21T15:17:00Z,A7,phone,C1 226.62,adj=+10.71%; fee=-11.66; items=1
R00156,2025-09-21T22:24:27Z,A8,app,156.80 C1,WaIvE=true; fee=+26.23; adj=-2.86%; items=1
R00010,2025-10-29T00:00:00Z,A5,phone,135.07 C2 ,items=2; adj=-21.78%
R00160,2025-09-08T20:15:00Z,A3,Phone,C1 287.22,fee=-13.52; waive=true; adj=+2.06%; items=2
R00169,2025-09-16T23:24:29Z,A1,email,,adj=+1.78%; items=3; fee=-11.25
R00266,2025-10-09T09:42:00Z,A7,phone,(C1 123.45),items=1; adj=-1.04%; fee=-7.64
R00064,2025-08-16T11:45:00Z,A7,web,C1 108.53,items=6; fee=-41.81; flag=R; adj=-7.81%
R00107,2025-09-08T22:23:00Z,A4,PHONE,"176 , 67 C2",adj=-11.51%; items=1; fee=-24.73
R00118,2025-08-13T13:29:00Z,A2,Phone,,items=1; adj=-7.61%
R00029,2025-10-26T17:19:45Z,A7,PHONE,C1 107.99,items=1; WaIvE=true; fee=-15.03; adj=-12.40%
R00193,2025-09-21T18:31:00Z,A5,PHONE,210,adj=+4.52%; items=3; fee=-25.64
R00233,2025-08-16T03:01:00Z,A6,phone	,"(-57 , 02 C2)",fee=-26.44; adj=-14.44%; items=0
R00223,2025-11-03T02:01:00Z,A6,app, 48.55 C1 ,items=6; flag=T; adj=+0.44%; fee=-5.31
R00271,2025-11-29T20:28:58Z,A5,app,70.929,fee=+49.10; flag=R; items=6; adj=+3.67%
R00070,2025-09-26T16:23:14Z,A3,phone	,(151.505),fee=+13.59; items=0; flag=T
R00179,2025-08-22T11:01:35Z,A5,Phone,"134 , 43 C2",items=6; fee=+7.70; flag=N
R00024,2025-09-12T02:54:00Z,A1,web,317.56 C1,adj=-0.79%; items=5
R00130,2025-11-11T02:48:09Z,A8,phone,212.58,fee=-24.10; WAIVE=TRUE; flag=U; items=3
R00110,2025-10-03T08:27:17Z,A1,phone,"40,93 C2",items=50; adj=+2.54%; flag=U; fee=+25.94
R00140,2025-11-10T06:14:00Z,A4,app,145.21 C1,flag=U; items=5; adj=+5.35%; fee=-18.34
R00090,2025-10-02T01:51:00Z,A8,PHONE,"(60,45 C2)",items=6; fee=-19.08
R00181,2025-09-23T11:40:00Z,A8,PHONE,C173.96,adj=-6.34%; flag=S; items=3
R00087,2025-03-11T18:21:47Z,A3,web,C1 110.60,fee=-2.95; items=2
R00022,2025-09-20T01:37:00Z,A6,web,C1 140.25,flag=R; fee=+12.38; adj=-16.43%; items=5
R00086,2025-10-12T13:32:00Z,A7,phone	,"144,56 C2",items=1; adj=-7.11%
R00097,2025-10-05T12:00:00Z,A3,app,"1.234,56 C2",items=25; adj=+15.31%; flag=S
R00242,2025-10-01T13:14:40Z,A8,app,118.24C1),items=4; fee=-14.98; adj=-0.70%
R00018,2025-08-20T17:17:00Z,A4,phone,"150,18 C2",adj=+16.82%
R00069,2025-10-29T19:44:00Z,A7,app," 124,64 C2",fee=-29.12; items=50; adj=-8.45%; flag=R
R00235,2025-08-29T10:14:00Z,A6,app,62C2,adj=+5.67%; items=6; flag=S; fee=+27.83
R00160,2025-05-11T04:39:00Z,A2,phone	,-C1 123.45,adj=-6.35%; items=3; fee=+0.81; flag=U
R00180,2025-10-31T15:15:00Z,A4,phone,C1 39.89,adj=+0.10%; items=8; fee=+12.90
R00180,2025-09-20T05:16:00Z,A1, phone ,135.29 C2),fee=+8.28; items=10
R00095,2025-08-31T14:47:00Z,A2, phone ,,adj=-9.95%; items=1; WaIvE=true; flag=R; fee=+24.59
R00193,2025-10-25T20:40:00Z,A6,web, C1 42.12,adj=+10.75%; items=4; flag=T; fee=+31.33
R00051,2025-11-10T04:42:59Z,A7,email,"84,48 C2",fee=-47.77; flag=S; adj=+11.02%; items=1
R00011,2025-11-25T13:00:00Z,A4,email,,items=1; adj=+0.00%; fee=+0.00
R00193,2025-12-17T05:18:02Z,A6, phone ,"C1 125,31",items=5; adj=-1.73%; flag=T
R00270,2025-10-07T07:19:55Z,A3,email," CR 127,85 C2",flag=N; items=1; fee=+14.47; adj=-1.35%
R00164,2025-11-14T18:34:00Z,A3,phone	, C1 130.48,flag=R; adj=-2.01%; items=4; fee=-29.47
R00060,2025-09-06T06:13:00Z,A1,phone,"76,60 C2)",items=4; fee=-25.08; flag=T; WAIVE=TRUE; adj=+12.42%
R00254,2025-11-07T23:41:55Z,A1,phone	,48 C2,items=50; fee=-6.71; flag=U
R00176,,A8,phone	,305.46 C1,items=5; fee=-113.04; adj=+0.35%
R00043,2025-11-10T10:51:51Z,A5,app,"66,80 C2",adj=-0.41%; fee=-10.17; items=3; flag=T
R00032,2025-09-03T12:32:01Z,A6, phone , C1 137,items=4; adj=+5.77%
R00083,2025-08-11T14:31:00Z,A6,app,83.19 C1,items=1; fee=+4.70
R00207,2025-10-25T07:03:00Z,A4, phone ,,adj=-2.28%; fee=-10.33; items=25
R00132,2025-08-05T10:28:07Z,A3, phone ,"C1 1,234.56",adj=-15.64%; items=12; fee=-25.92
R00135,2025-08-21T00:00:00Z,A7,web,C1 36.63,flag=T; items=2; fee=+62.75
R00103,2025-09-05T15:15:00Z,A2,phone	,C159.04,adj=+2.81%; items=2; fee=-8.86
R00025,,A5,email,C1 210,fee=+10.96; flag=T; adj=-1.24%
R00027,2025-12-27T21:40:22Z,A6,phone	,C1 101.97,fee=-29.26; adj=-5.95%
R00296,2025-11-08T22:34:00Z,A2,phone,118.832 ,fee=-2.01; adj=+10.56%; flag=S; items=0
R00107,2025-08-13T05:00:00Z,A8,email,C1 128.02 ,flag=S; items=8; fee=-0.06; adj=+4.31%
R00065,2025-10-22T14:39:15Z,A8, phone ,(46.33 ,items=1; adj=-7.08%
R00214,2025-11-02T21:30:00Z,A5,app,,adj=+1.47%; fee=-9.06; items=1
R00007,2025-08-01T00:00:00Z,A8,Phone,,adj=-0.47%; items=5; fee=+34.91
R00126,2025-10-17T23:14:00Z,A8,phone,C1 90,items=2; flag=N; adj=-7.40%; fee=+110.60
R00039,2025-08-16T11:54:43Z,A2,PHONE,99.61 C1,items=10; fee=-10.04; adj=-4.89%
R00062,,A2, phone ,99.41 C1,adj=+9.22%; items=5; fee=-14.80; flag=T
R00285,2025-11-13T17:26:00Z,A6,phone,C1 149.66,fee=-12.38; items=5; adj=+10.92%; flag=U
R00123,2025-10-01T19:02:48Z,A4,phone,118.45 C1,adj=+11.18%; items=4; fee=+9.02; flag=S
R00175,2025-08-22T05:56:00Z,A4,phone,58.135,flag=S; adj=+13.51%; fee=-1.97; items=6
R00090,2025-12-18T18:45:00Z,A7,app,,fee=-61.61; items=0; adj=+1.23%
R00037,2025-11-10T07:01:00Z,A4,PHONE,(83),adj=-9.94%; fee=+28.25; items=50
R00050,2025-10-06T01:39:36Z,A2,phone,"47,41 C2",flag=T; items=1; adj=+11.11%; fee=-25.10
R00152,,A3, phone ,"CR 66,49 C2",flag=R; adj=+4.44%; items=8; fee=-61.03
R00216,2025-08-21T18:12:54Z,A6, phone ,24.03 C1,flag=S; fee=-1.61; items=12; waive=true
R00008,2025-11-12T08:00:00Z,A1,web,C1 100.00,items=1; adj=+0.00%; fee=+0.00
R00278,2025-08-10T14:34:00Z,A5,web,C1 123.45 CR,adj=-8.66%; items=12; fee=+11.90
R00059,2025-10-09T21:18:09Z,A8,app,102,adj=+8.34%; fee=-36.18; items=3
R00018,2025-08-09T05:10:00Z,A5,phone	,66.665,adj=-7.09%; items=2; flag=U; fee=+11.69
R00095,2025-09-24T00:00:00Z,A2,email,"1.234,56 C2",fee=-6.68; WAIVE=TRUE; flag=T; items=4; adj=+3.19%
R00154,2025-08-14T14:09:00Z,A6,phone,C1 113.78,fee=-35.15; items=5; adj=+9.98%
R00228,2025-10-18T00:00:00Z,A2,app, 72.13 C1,adj=+0.48%; fee=-15.68; items=1
R00250,2025-08-23T15:55:00Z,A4,Phone,(C1 123.45),items=25; flag=U; fee=-31.94
R00287,2025-10-29T00:37:11Z,A5,phone,99.08,adj=-9.36%; flag=N; items=0; fee=-0.59
R00103,2025-02-08T06:12:00Z,A1,Phone,58.48,adj=-7.12%; flag=U; fee=-2.23
R00221,2025-09-12T19:39:00Z,A7,Phone,(108,flag=T; adj=-6.15%; fee=+16.20; items=6
R00210,2025-10-15T00:00:00Z,A2,PHONE,,flag=N
R00189,,A4,web,69.23 C1,fee=-0.83; items=3; flag=N; adj=+5.90%
R00280,2025-08-11T00:00:00Z,A8,web,"C1 1,234.56",items=12; fee=+1.70; flag=R; adj=+6.37%
R00144,2025-10-18T07:09:00Z,A1,phone,138.47 C1,items=4; adj=+8.15%; fee=+10.62
R00186,2025-08-26T05:43:04Z,A7,app,C1 100.96,items=12; fee=+7.91; flag=N; adj=+16.71%; WaIvE=true
R00121,2025-08-24T04:53:33Z,A5,Phone, 48.50 C1 ,adj=-0.26%; fee=+34.11; items=5
R00170,2025-10-19T00:00:00Z,A1, phone ,70 . 04,adj=-5.33%; fee=-23.16; items=0
R00110,2025-12-08T23:07:00Z,A1,app,231.64,
R00164,2025-09-21T06:58:00Z,A7, phone ,78.10 C1 ,items=8; flag=U; adj=-6.57%
R00162,2025-09-17T14:41:04Z,A3,phone,12.345 C2,items=12; adj=-0.57%; fee=+9.63
R00183,2025-10-26T18:08:41Z,A6,email,(C1 49.48),waive=true; flag=N; adj=+1.07%; items=8; fee=+26.98
R00064,2025-11-09T08:00:00Z,A1,web,C1 100.00,items=1; adj=+0.00%; fee=+0.00
R00219,2025-09-04T01:08:04Z,A6,PHONE,98 C2 ,items=10; fee=+5.68; flag=U; adj=-5.34%
R00097,2025-11-07T12:07:37Z,A2, phone ,159.95,fee=+4.97; items=1; adj=-3.25%; flag=T
R00290,2025-08-24T00:00:00Z,A4,app,"C1 1,234.56",fee=+40.66; items=5; adj=-25.02%; flag=N
R00015,2025-09-25T07:27:00Z,A7, phone ,,items=4; fee=+6.33; adj=+10.38%
R00009,2025-11-11T05:52:00Z,A5,phone	,C1 136.17,adj=-13.20%; flag=N; fee=+24.05; items=1
R00240,2025-09-25T14:44:00Z,A6,app,145.14 C1 ,adj=+0.11%; items=6
R00099,2025-08-12T03:58:55Z,A5,PHONE,"106,02 C2 ",flag=R; fee=+53.74; items=4; adj=+13.05%
R00137,2025-10-16T00:44:14Z,A7,phone, 257.56,items=1; adj=+0.16%; fee=+24.17
R00070,2025-09-09T21:19:00Z,A8,Phone,C1 52,items=25; adj=-2.08%; flag=U; fee=-8.22
R00270,2025-08-19T20:10:40Z,A3,phone,98,fee=+11.04; flag=T; items=4; adj=-5.06%
R00035,2025-08-05T00:00:00Z,A1, phone ,"101,78 C2 ",items=50; adj=-9.88%; fee=-31.66; flag=R
R00210,2025-08-18T00:40:00Z,A3,PHONE,C1 75,flag=T; adj=-6.36%; items=5; fee=-16.40
R00253,2025-10-05T04:40:00Z,A1,Phone,C1102,adj=-5.37%; flag=R; items=2
R00054,2025-09-28T19:07:58Z,A5,PHONE,-C1 123.45,items=3; flag=S; fee=+10.21
R00046,2025-09-05T00:00:00Z,A4,email, 47 ,WAIVE=TRUE; flag=S; fee=+23.40; items=25; adj=-2.33%
R00251,2025-10-26T02:59:00Z,A1,PHONE,,adj=-4.29%; fee=-36.33; flag=R; items=3
R00012,2025-11-06T08:00:00Z,A3,web,C1 100.00,items=1; adj=+0.00%; fee=+0.00
R00218,2025-10-15T21:30:56Z,A5,phone,60.83 C1,fee=-18.59; adj=+3.12%; items=5; flag=U
R00261,2025-10-31T00:15:22Z,A3,email,C1157.20,adj=+0.50%; fee=+69.12
R00254,2025-09-23T07:54:00Z,A3,web,109.159,fee=+3.93; flag=U; adj=+5.63%; items=6
R00258,2025-08-26T20:15:35Z,A5,app,,flag=R; fee=-41.57; items=2; adj=+6.43%
R00284,2025-10-01T14:34:22Z,A3,PHONE,"1.234,56 C2",items=3; adj=+14.54%
R00032,2025-08-29T22:54:30Z,A2,phone	,178.25 ,items=4; adj=-3.06%; fee=-21.26; flag=R
R00173,2025-09-12T23:31:36Z,A7,web,"-139,05 C2",fee=-13.25; items=4
R00069,2025-11-11T14:39:44Z,A5,PHONE,C1 167.52,adj=-7.95%; items=10; fee=+5.17
R00200,2025-11-05T15:32:00Z,A1,phone,(-C1 113.20),adj=-0.99%; items=6; fee=-6.72; flag=R
R00153,2025-10-13T08:35:13Z,A2,app,"C1 101,95",adj=-13.34%; fee=+8.55; flag=S; items=6
R00091,2025-11-28T16:44:45Z,A5, phone ,C1 164.60,flag=U; WaIvE=true; items=12; fee=-5.92; adj=-10.48%
R00048,2025-12-18T21:18:27Z,A3, phone ,128.62,fee=+0.67; flag=U; adj=+0.26%; items=1
R00166,2025-09-25T20:22:00Z,A3, phone ,-388.32 C1,adj=-3.65%; fee=-34.44; flag=R; items=2
R00209,2025-09-02T00:30:15Z,A8, phone , 30 C2 ,adj=-13.00%; flag=R; items=4; fee=-13.80
R00049,2025-09-08T13:59:00Z,A6,web,C1 106.80,adj=+6.97%; items=1; fee=+19.24
R00217,2025-07-08T07:25:00Z,A5,email,66 CR,items=25; flag=T; fee=-19.24
R00028,2025-09-21T01:31:00Z,A2,phone	,"C1 1,234.56",WAIVE=TRUE; adj=+4.18%; fee=+0.74; flag=U
R00050,2025-11-07T00:00:00Z,A1,phone,(154.66 ,items=6; fee=+4.53; adj=-0.27%; flag=T
R00028,2025-08-08T00:00:00Z,A6,phone,C1454.08,flag=U; adj=+2.42%; items=8; fee=+37.18
R00186,2025-12-31T19:45:54Z,A8,Phone,"124,88 C2 ",items=1; adj=-7.10%; fee=-1.28
R00280,2025-08-02T11:04:00Z,A8,phone	,,items=10; adj=-14.48%; fee=+8.38
R00168,2025-10-24T21:50:00Z,A6,phone	,"155,18 C2",fee=+7.80; items=8
R00271,2025-08-06T03:52:00Z,A2, phone ,C1 103.90,adj=+1.88%; items=1; fee=+27.34
R00093,2025-10-30T17:15:00Z,A2,Phone,,flag=R; fee=-36.40; items=25
R00206,2025-09-20T10:08:32Z,A3,phone,109.01,items=1; fee=+1.23
R00122,2025-08-11T17:02:54Z,A1, phone ,68.62,adj=+5.08%; items=3
R00019,2025-10-08T01:57:12Z,A4,email,156.712,flag=R; adj=+3.87%; items=4
R00291,2025-09-05T02:08:34Z,A2,web,88 ,items=2; adj=+8.87%; fee=+23.06; waive=true
R00061,,A6,email,-C1 123.45,items=6; adj=+3.17%; fee=-30.69
R00264,2025-09-11T08:55:00Z,A5, phone , C1 128.56) ,items=3; flag=T; adj=-16.74%; fee=-30.04
R00257,2025-10-15T17:03:05Z,A5, phone ,C1 76.93,flag=N; adj=+9.75%; items=12; fee=-16.97
R00202,2025-08-13T07:59:00Z,A2,phone	,"222,03 C2",adj=-0.87%; fee=-4.60; items=6
R00038,2025-10-17T01:23:00Z,A2,phone,(C1 83.92),flag=U; fee=+80.06; items=8; adj=+0.77%
R00001,2025-08-04T12:21:00Z,A6,app,-C1 108.35,flag=R; items=4; adj=-2.19%; fee=+21.86
R00250,2025-11-27T21:46:06Z,A3,Phone,(865.78),fee=+2.36; items=2; flag=T; adj=+5.60%
R00208,2025-12-25T06:22:16Z,A2,app,C1 123.89,flag=T; adj=-0.96%; items=1
R00021,,A3,app,(-145 C2),fee=+28.80; adj=-13.80%; items=1
R00091,2025-12-11T00:40:00Z,A5, phone ,"129,34 C2",adj=-14.47%; fee=-14.19; flag=U; items=25
R00065,2025-10-02T21:25:00Z,A7, phone ,(C1 123.45),items=50; adj=-6.15%; fee=-48.68
R00248,2025-10-28T00:18:39Z,A8,phone,"C1 12,345",adj=+0.37%; flag=U; fee=+32.88; items=8
R00155,2025-10-23T13:34:47Z,A7,phone,(C1 123.45),fee=-2.04; items=12; adj=+7.16%; flag=T
R00048,2025-11-12T08:00:00Z,A1,web,C1 100.00,items=1; adj=+0.00%; fee=+0.00
R00013,,A3,app,-C1 123.45,flag=U; items=12; adj=+2.27%
R00226,2025-09-25T22:07:24Z,A3,Phone,109.67 C1,adj=+12.67%; items=2; fee=-27.00
R00149,2025-08-28T06:50:00Z,A3,phone	,71 C2,adj=-5.23%; fee=+16.95; flag=U; items=1
R00129,2025-08-16T13:32:00Z,A6,web,"106,37 C2 CR",fee=-9.52; flag=U; adj=-0.58%; items=3
R00030,2025-09-23T01:14:00Z,A7,PHONE,,flag=N; adj=-3.20%; items=1; fee=+8.12
R00188,2025-10-30T00:28:28Z,A3,web,64.98C1,adj=+13.60%; items=2; flag=S
R00200,2025-10-01T15:23:44Z,A3,phone,-75,flag=T; adj=+0.52%; fee=+52.05; items=4
R00044,2025-08-25T15:34:00Z,A4,phone,(-C1 86) ,items=3; adj=+18.13%; fee=+12.60; waive=true
R00120,2025-08-09T05:18:38Z,A3,PHONE,"150 , 29 C2",items=3; flag=R; WaIvE=true; adj=-6.92%; fee=-12.02
R00264,2025-10-11T02:22:00Z,A5,web,107.54 C1,items=2; fee=+7.64; adj=+11.78%
R00057,2025-09-19T20:11:01Z,A8,web,C1 52.18,fee=+5.09; flag=N; items=1; WAIVE=TRUE; adj=+2.11%
R00022,2025-11-03T02:18:00Z,A2,PHONE,"136,09C2",items=4; fee=-16.21; flag=U; adj=+3.68%
R00181,2025-10-18T00:00:00Z,A3,app,120.46 C1,items=10; flag=N; fee=+29.68; adj=-2.10%
R00040,2025-08-17T09:01:00Z,A8,email,136,flag=N; adj=-10.16%; items=3; fee=+30.75
R00178,2025-08-25T22:38:00Z,A3,app,67.10,fee=+5.31; adj=-5.81%
R00020,2025-10-31T01:54:00Z,A6,web,"100,60 C2",flag=S; items=4; adj=-16.58%; fee=+8.84
R00292,2025-10-04T12:41:59Z,A3,PHONE,103.70 C2,flag=U; adj=-12.54%; fee=+30.43; WaIvE=true; items=1
R00250,,A5,PHONE,"107,99 C2",adj=+9.33%; items=8; fee=-0.86
R00088,,A3,phone, 191.81 C1,items=1; adj=-1.28%
R00141,2025-10-14T15:14:00Z,A7,PHONE, 38.53 C2 ,adj=+8.13%; flag=T; items=25; fee=+8.65
R00082,2025-11-14T05:00:00Z,A3,phone	,"113,13 C2 CR",fee=-16.26; adj=+9.04%; items=5
R00199,2025-10-19T10:47:00Z,A7,web,(C1 123.45),flag=T; adj=+1.51%; fee=+14.01; items=5
R00199,2025-08-30T00:23:00Z,A3,email,64.97 ,adj=-2.77%; fee=+10.54; flag=N; items=8
R00011,2025-11-25T15:00:00Z,A5,email,"C1 1,234.56",items=1; adj=+0.00%; fee=+0.00
R00054,2025-10-16T00:06:59Z,A8,web,158.04 C1,fee=-8.81; items=0; adj=-11.80%; flag=N
R00082,2025-10-05T10:00:00Z,A3,app,"C1 12,345",items=50; adj=+2.00%; fee=-5.26
R00092,2025-11-04T23:38:53Z,A6,phone,108,items=25; adj=-7.63%; fee=-13.86
R00220,2026-01-01T03:18:44Z,A4,PHONE, 66.64,fee=-37.24; items=1; adj=+12.25%; flag=R
R00042,2025-10-14T04:18:55Z,A1, phone ,165 C2,fee=+2.06; WAIVE=TRUE; flag=U; items=12; adj=+9.31%
R00183,2025-09-27T00:00:00Z,A1,PHONE,"79,46 C2 CR",items=4; flag=S; adj=-12.47%; WaIvE=true; fee=+34.34
R00102,2025-09-18T00:00:00Z,A6,Phone,(-107.783),items=6; adj=+5.03%; fee=-4.72
R00182,2025-09-01T06:13:06Z,A1,phone,C1 122.65,adj=-1.24%; items=4
R00169,2025-09-07T15:07:04Z,A6,email,51.57,adj=-5.26%; items=25; fee=+21.25
R00058,2025-10-25T14:08:28Z,A3,email,,fee=-11.16; flag=R; items=8; adj=-6.11%
R00235,2025-08-09T07:16:00Z,A6,app, 96 . 01 CR,items=4; adj=-13.03%; flag=R; fee=+13.91
R00081,2025-10-30T17:12:58Z,A4, phone ,95.82 C1,fee=+4.36; flag=N; adj=+5.65%; items=1
R00140,2025-09-24T10:35:22Z,A2,web,50.61,fee=-3.63; adj=+4.62%; items=50; flag=U
R00026,2025-04-09T10:40:00Z,A1,app,"C171,16",items=1; adj=+0.91%; fee=-11.15; flag=U
R00105,2025-11-13T22:40:00Z,A5,phone,101.40,fee=-11.34; items=1; flag=R; adj=+1.23%
R00188,,A3,phone,(C1 112),fee=-30.18; items=5; adj=+1.90%
R00015,2025-09-09T14:22:00Z,A5,Phone,,fee=-51.24; items=3; adj=-2.60%
R00011,2025-12-22T03:15:06Z,A7,email,"79,96 C2",fee=+19.30; items=4; adj=-1.21%
R00071,2025-10-31T07:09:54Z,A7,phone,120,flag=T; adj=+2.06%; items=2; fee=-16.54
R00287,2025-10-31T19:22:01Z,A1,phone	,"107,49 C2",adj=-4.07%; items=6; fee=+41.35
R00280,2025-11-15T20:44:00Z,A7,phone,C1 67.70,fee=-29.64; items=10; adj=-7.56%; flag=U
R00156,2025-11-07T00:00:00Z,A4,phone,C1 45.54,items=4; fee=-86.76; adj=-11.36%
R00299,2025-09-20T17:22:00Z,A5,PHONE,CR 57.44 C2 ,items=0; fee=-19.26; adj=+2.47%
R00177,2025-08-13T06:54:00Z,A2,email,"(29,53 C2)",adj=+6.98%; fee=-0.57; items=8
R00257,2025-10-10T17:52:39Z,A7,web,"68,71 C2",adj=-20.95%; items=3
R00215,2025-12-12T13:04:03Z,A4,phone,82 C2,adj=-3.02%; fee=+8.05; items=4
R00112,2025-10-18T10:25:00Z,A6,PHONE,"79,45 C2 ",flag=T; items=50; fee=-49.40; adj=-11.34%
R00280,2025-10-18T00:00:00Z,A8,PHONE,C1 121.58 ,flag=R; fee=-48.85; items=3; adj=+7.84%
R00295,2025-10-05T18:27:31Z,A5, phone , C1 72.03 ,items=1; adj=+12.79%
R00090,2025-10-28T19:40:55Z,A4,phone,C1 114.21,adj=+11.44%; items=12; flag=N
R00296,2025-08-27T00:00:00Z,A3,email,120 C2,adj=-2.55%; items=1; flag=U
R00266,2025-10-04T00:00:00Z,A2,phone	,565.62 ,fee=+26.31; adj=+0.59%; flag=N; items=3
R00096,2025-11-11T08:03:02Z,A6,PHONE,"87,66C2",items=3; adj=-7.50%; WaIvE=true; fee=-19.69
R00001,2025-06-10T02:20:00Z,A6,PHONE,"101,11 C2",flag=N; adj=-5.04%; fee=-11.23; WaIvE=true; items=1
R00013,2025-09-13T07:32:27Z,A1,web,C1 153.70,fee=-8.88; waive=true; items=2; adj=-9.64%
R00124,2025-08-22T21:55:00Z,A5,app,59.78 C1,items=10; adj=+4.38%; fee=-3.99
R00013,2025-09-23T06:46:00Z,A6, phone ,C1 148,
R00102,2025-09-10T00:00:00Z,A3, phone ,C1 98.03,fee=+38.05; items=0; adj=-16.04%
R00089,2025-08-28T01:37:00Z,A6,PHONE,"C1 80,39",items=8; fee=-21.97; flag=N; adj=+2.32%
R00064,2025-11-08T01:49:00Z,A7, phone ,177.264,fee=+18.50; adj=+6.00%
R00156,2025-08-04T10:00:34Z,A2,app,(97.07,items=6; adj=-7.49%; fee=+21.13
R00266,2025-08-04T00:00:00Z,A3, phone ,(C1 54),adj=+8.41%; items=1; fee=+1.13; flag=S
R00135,2025-08-24T15:51:00Z,A1,app,"41,38 C2",waive=true; fee=-30.16; items=10; flag=U; adj=-23.09%
R00014,2025-09-09T05:22:27Z,A1,phone,C1 122.81,fee=-24.44; adj=+0.50%; flag=S
R00257,2025-10-16T15:46:00Z,A5,app,"125,55 C2",adj=-5.62%; items=0; fee=-3.22
R00298,,A5,Phone,110.02 CR,items=50; adj=-2.74%; fee=+26.22; flag=T
R00027,2025-01-08T09:34:00Z,A6,email,C1 64.26 ,fee=-1.39; adj=-14.35%; items=6; WaIvE=true; flag=S
R00023,2025-11-04T18:03:07Z,A3,phone,61.83,adj=-6.32%; items=8; fee=-15.46
R00033,2025-08-16T00:00:00Z,A5,phone	,"37,91 C2",waive=true; adj=-9.11%; fee=+16.93; items=50
R00276,2025-08-11T21:37:00Z,A5, phone ,C1 123.45 CR,items=0; adj=-0.31%; fee=+19.82; WAIVE=TRUE
R00148,2025-11-30T11:06:08Z,A2,email,167 ,WaIvE=true; adj=+6.95%; items=8
R00041,2025-09-01T16:44:00Z,A1,web,C1 123.45 CR,adj=+9.90%; flag=N; items=8; fee=-8.65
R00074,2025-09-20T00:00:00Z,A5,app,-52,adj=-14.21%; fee=-19.34; items=1
R00068,2025-11-25T15:00:00Z,A6,web,,items=1; adj=+0.00%; fee=+0.00
R00018,2025-08-23T17:21:38Z,A8,email,"(-93,22 C2)",adj=-14.58%; flag=T; items=10; fee=+11.15
R00228,2025-08-23T13:44:29Z,A4, phone ,12.345 C2,items=3; adj=+13.06%; fee=-14.34
R00128,2025-09-30T17:12:00Z,A1,email,"-66,86 C2",flag=S; fee=+18.68; items=10; adj=+9.27%
R00231,2025-08-18T13:52:38Z,A6,web,"158,87 C2",items=6; adj=+7.43%
R00005,2025-08-21T10:39:01Z,A3,app,"83,74 C2",items=2; adj=+6.11%; fee=+36.65; WAIVE=TRUE
R00133,2025-08-17T13:52:39Z,A7,phone,72.34 C1,flag=N; adj=+3.35%; items=3
R00032,2025-11-09T06:00:00Z,A7,web,C1 100.00,items=1; adj=+0.00%; fee=+0.00
R00065,2025-10-03T16:18:56Z,A4,app,60,adj=+4.85%; items=5; flag=N; fee=+35.85
R00052,2025-11-28T21:49:36Z,A4,phone	," 542,64 C2",adj=+2.98%; items=6; fee=+19.50; flag=T
R00273,2025-08-17T14:19:00Z,A4,Phone,70.98 C1,items=3; fee=-49.88; flag=T; adj=-5.31%
R00125,2025-12-10T19:17:00Z,A5,phone,,items=2; adj=+8.82%; fee=+2.37
R00211,2025-10-25T11:48:00Z,A6,PHONE,-C1 123.45,adj=+8.27%; items=2; fee=+2.35
R00205,2025-08-16T14:49:00Z,A2, phone ,-94.050 ,flag=S; fee=-28.42; items=8; adj=+10.17%
R00197,2025-09-22T15:34:52Z,A2,app,"113,95 C2",items=3; adj=-4.99%; flag=T; WaIvE=true; fee=-7.32
R00010,2025-08-28T22:53:00Z,A1,PHONE,120 . 18,items=1; adj=+8.68%; fee=-30.44
R00298,2025-08-07T23:39:00Z,A1, phone ,"78,98 C2",adj=+1.38%; fee=-6.72; flag=T; items=5
R00192,2025-10-17T00:56:00Z,A5,phone,C1 55.53,
R00147,2025-08-03T15:10:59Z,A8,phone	,"58,02 C2",items=4; adj=+10.21%; fee=+30.82; flag=R
R00116,2025-09-20T17:07:17Z,A2,Phone,140.03 C2),flag=S; items=5; fee=-21.76; adj=+5.79%
R00131,2025-10-10T08:07:00Z,A6,app,C1 123.45 CR,items=0; waive=true; adj=+7.83%; fee=+17.74
R00103,2025-10-18T11:02:00Z,A6,phone,"1.821,13 C2",adj=-4.92%; items=12; fee=-2.66
R00084,2025-08-21T00:00:00Z,A2,app,49.35 C2,fee=+16.68; adj=+15.47%; flag=T; items=0
R00106,2025-09-13T18:11:00Z,A1,PHONE,C1 109.34,items=25; adj=+4.13%
R00250,,A1,Phone,88.16 C1,adj=-0.12%; WAIVE=TRUE; flag=R; items=50; fee=+39.76
R00081,2025-10-18T01:51:36Z,A4,email,87.21 C2 ,adj=-12.48%; waive=true; items=12; flag=N; fee=-30.08
R00288,2025-10-20T03:15:14Z,A5,phone,"C1 1,234.56",flag=U; adj=-7.54%; fee=+6.90
R00117,2025-12-09T07:57:16Z,A3,web,171.862,flag=U; fee=+0.42; adj=+7.93%; items=4
R00077,2025-10-04T07:56:00Z,A7,phone	,C1 52.25,items=5
R00235,2025-08-08T00:00:00Z,A2,Phone,179.89,items=3; adj=+8.78%; fee=-1.65
R00216,2025-06-10T11:36:41Z,A2, phone ,C1 194.61 ,fee=-1.38; adj=+26.12%; items=8
R00294,2025-09-05T22:21:00Z,A6,phone,132,flag=S; adj=-12.02%; items=6; fee=-8.26
R00051,2025-09-20T20:58:00Z,A3,Phone,112.21 C1,fee=+19.48; adj=-5.60%; flag=T; items=0
R00025,2025-10-18T21:06:00Z,A5,phone,"174,36 C2",adj=+11.21%; items=10; flag=R
R00126,2025-10-03T13:05:00Z,A4,app,-C1 122.24 ,items=0; flag=N; adj=-5.55%; fee=-19.15
R00151,2025-09-13T00:00:00Z,A8, phone ,128.66 C1,items=12; adj=-8.52%; fee=-25.42
R00060,2025-09-15T19:50:00Z,A7,phone	,C1 123.45 CR,items=1; flag=T; adj=+21.56%; fee=+44.18
R00003,2025-10-26T01:37:00Z,A4,phone,C1 70.83,items=1; fee=-1.20; adj=-12.04%
R00231,2025-11-04T22:21:12Z,A5, phone ,107.908,adj=+9.10%; fee=-60.29; items=5; flag=U
R00235,2025-10-25T03:44:00Z,A4,phone,223.90,fee=+3.60; flag=S; WAIVE=TRUE; adj=-5.46%; items=1
R00132,2025-05-11T19:12:00Z,A1,PHONE,,adj=-4.82%; fee=+1.04; items=2; flag=R
R00098,2025-09-10T00:00:00Z,A6, phone ,196.40 C1,fee=+17.99; items=2; adj=+2.97%
R00251,2025-08-27T01:17:53Z,A5,phone, 58 C2,items=3; adj=+7.02%; fee=+11.74
R00170,2025-10-31T00:19:00Z,A2,email,"68,52 C2",items=2; adj=-1.50%; fee=+18.97
R00034,2025-09-16T00:00:00Z,A7,phone	,,fee=+10.29
R00150,2025-10-02T00:00:00Z,A3,PHONE,80.40 CR,adj=-11.26%; items=4; flag=N; fee=+33.43
R00112,2025-11-15T03:59:19Z,A4,email,"-52,96 C2",fee=+20.57; flag=S; adj=+13.85%; items=8
R00179,,A7,phone,161.99 C1,adj=+8.89%; items=1; fee=-40.02; flag=U
R00155,2025-08-12T23:01:26Z,A3,phone,C1 117,items=3; fee=-13.50; WaIvE=true; adj=+1.47%
R00149,2025-08-20T00:00:00Z,A1,email,C1 110.03,items=3; fee=-28.76; flag=S; adj=+10.62%
R00018,2025-10-31T21:25:00Z,A1,phone,84.22 C1,flag=S; items=3; fee=-30.26; adj=-8.35%
R00077,2025-10-22T21:13:05Z,A1,PHONE,61.89,adj=-0.01%; fee=-35.39; items=0
R00196,2025-11-21T01:49:55Z,A1,app,-209.80,items=3; fee=+0.79; adj=-10.41%
R00290,2025-08-13T10:47:00Z,A4,PHONE,"C1 12,345",adj=+16.52%; items=8; fee=+34.76; flag=T
R00297,2025-08-29T17:45:57Z,A3, phone ,171 C2,flag=N; items=4; adj=-9.77%; fee=+190.88
R00113,2025-10-07T00:00:00Z,A6,phone,"C1 48,65",adj=-0.19%; flag=R; WaIvE=true; items=8; fee=-7.50
R00295,,A3,email,161.059,adj=+6.11%; flag=N; fee=+2.07
R00074,2025-08-01T00:00:00Z,A4,phone	,C1 192.00),waive=true; items=3; adj=-6.76%
R00167,2025-11-10T06:08:00Z,A2,PHONE,"1.234,56 C2",fee=+50.46; adj=+13.95%; items=4
R00234,2025-08-25T09:41:49Z,A4,phone	,(126,items=2; flag=S; adj=+13.55%
R00295,,A7,phone	,95.15 C2,adj=+3.22%; flag=R; waive=true; items=6
R00293,2025-11-05T15:21:26Z,A8,PHONE,"-77,46 C2",flag=N; adj=+9.12%; items=12
R00198,,A4,Phone,176.45,fee=-22.26; items=10; adj=+4.74%
R00097,2025-12-11T22:37:10Z,A1,phone,C1 84.31 ,adj=-8.64%; fee=+51.76; items=3; flag=R
R00013,2025-10-20T20:07:22Z,A7,email,99.07),fee=+19.79; flag=R; items=2; adj=+1.86%
R00067,2025-11-08T03:57:57Z,A7,email, C1 60.32,items=5; adj=-12.40%; fee=-16.40
R00297,2025-10-20T05:11:33Z,A3,PHONE,46.06,items=25; adj=-8.54%; fee=+19.77; flag=U
R00228,2025-09-15T14:16:00Z,A4,phone	,71.100,adj=+6.99%; fee=-17.80; waive=true; items=6
R00187,,A1,Phone,C1 158,flag=N; items=10; adj=-12.14%
R00057,2025-11-14T07:29:00Z,A8,PHONE,C1 91.93,adj=+9.18%; items=1; fee=+9.62
R00126,2025-12-25T22:50:41Z,A8,phone	,91.56 C2,fee=+33.07; items=2; adj=-3.04%; flag=U
R00005,2025-10-13T00:00:00Z,A7,web,51.985,adj=+5.08%; fee=-10.44
R00062,,A8,web,,items=5; adj=-7.31%; waive=true; fee=+35.78; flag=S
R00047,2025-08-04T00:00:00Z,A8,phone,C1 132.30,items=2; flag=S; fee=+83.68; adj=-2.19%
R00050,2025-12-13T10:34:18Z,A1, phone ,"112,00 C2",items=1; fee=-8.55; waive=true
R00151,2025-09-25T12:12:38Z,A7, phone ,CR C1 63.37,fee=+19.38; adj=-2.44%; items=5
R00141,2025-08-31T00:00:00Z,A4,app,"81,12 C2",fee=-23.67; adj=+2.59%; items=8
R00276,2025-06-11T17:12:00Z,A1,Phone,"297,73 C2",items=8; WAIVE=TRUE; fee=-0.12; adj=-0.01%; flag=R
R00104,2025-10-06T01:27:00Z,A3,PHONE,"C1 99,88",fee=-4.84; adj=+10.38%; flag=U; items=2
R00121,2025-10-28T09:31:59Z,A2,email,C1 196,flag=S; fee=-1.03; adj=-2.07%; items=10
R00227,2025-12-27T14:14:06Z,A5,phone,164.73),adj=-1.96%; WAIVE=TRUE; items=0; fee=-33.87
R00054,2025-09-23T23:04:51Z,A2,phone,73,fee=+33.21; adj=+2.37%; flag=N; items=2
R00026,2025-10-02T00:00:00Z,A2,phone,,items=4; fee=+34.42; WaIvE=true; flag=S; adj=+1.56%
R00086,2025-11-02T00:00:00Z,A1,phone	,200,adj=-7.30%; items=4; fee=+29.43
R00226,2025-09-03T04:46:44Z,A1,web,C1 184 ,adj=-10.19%; items=6; fee=-17.66; flag=R
R00228,2025-10-21T01:23:53Z,A4, phone ,"C1 1,234.56",WAIVE=TRUE; items=3; adj=-4.79%; fee=+11.33
R00203,2025-09-23T02:13:00Z,A8,phone,,fee=-4.29; items=3; waive=true; flag=T; adj=-18.93%
R00183,2025-12-02T16:36:22Z,A5, phone ,C1 152.77,adj=-4.07%; fee=+9.94; flag=S; items=0
R00148,2025-08-23T19:16:10Z,A1,web," 248,43 C2",fee=-13.33; items=5; adj=+2.77%
R00253,2025-10-21T03:07:00Z,A1,PHONE,"C1 183,09",fee=-18.46; items=1; flag=U; adj=+7.84%
R00292,,A6,phone	,50.46,fee=-16.77; items=5; adj=+1.60%; WAIVE=TRUE
R00137,2025-09-03T00:00:00Z,A6,PHONE,(-C1 121.87) ,adj=-7.22%; fee=-1.92; items=5
R00148,2025-11-05T07:40:00Z,A3,email, 102.87 ,items=4; flag=N; fee=+48.08; adj=+2.75%
R00132,2025-09-22T05:54:00Z,A6,app,C1 204.57,adj=+4.41%; fee=-2.09; flag=N
R00070,2025-08-08T19:38:18Z,A8,phone	,,fee=+26.46; flag=T; adj=+13.74%
R00181,2025-10-08T18:22:42Z,A7, phone ,(-C1 91.45),
R00280,2025-11-10T15:48:00Z,A8,web," 84,89 C2",adj=-3.92%; items=2; fee=-58.03; flag=S
R00206,2025-09-25T00:00:00Z,A8,app,C1 56.35,fee=+9.29; flag=T; adj=+21.60%; items=50; waive=true
R00009,2025-09-13T06:42:05Z,A5,phone,101.11 C1,fee=+24.19; adj=-0.24%
R00097,2025-01-11T09:50:00Z,A1,phone,117.41,adj=+8.47%; fee=+1.80; items=50; flag=S
R00037,2025-08-17T11:59:00Z,A5,phone,,adj=+2.30%; items=4; fee=+21.27; flag=T
R00103,2025-11-13T06:06:00Z,A1,phone,"59,94 C2",items=1; fee=+31.69; adj=+4.80%
R00111,2025-10-15T07:40:00Z,A1,app,C1 658,items=6; flag=T; adj=+2.37%; fee=-10.61
R00115,2025-03-10T12:43:00Z,A6,phone	,C1 123.45 CR,items=5; flag=S; fee=-1.86; adj=+18.56%
R00020,2025-11-12T08:00:00Z,A1,web,C1 100.00,items=1; adj=+0.00%; fee=+0.00
R00019,2025-09-23T14:43:00Z,A5,PHONE,,flag=S; adj=+11.92%; WAIVE=TRUE
R00026,2025-05-11T09:21:00Z,A2,phone	, (85.38 C2,fee=-65.62; adj=-18.65%; items=0
R00091,,A2,phone,63.93 C1,items=8; adj=+7.77%
R00260,2025-10-24T00:00:00Z,A1,phone	, C1 78,flag=U; adj=+4.12%; items=8
R00232,2025-09-28T15:09:52Z,A1,phone,,fee=-79.79; adj=+12.96%; items=10; flag=U
R00272,,A4,PHONE,67,fee=-20.74; items=3; adj=+7.45%
R00146,2025-09-18T10:07:34Z,A2,phone," (73,95 C2",fee=+5.80; items=50; adj=+14.16%
R00181,2025-08-31T06:33:00Z,A5,phone,"C1 71,89",items=6; fee=+10.26; adj=-7.12%
R00001,2025-11-14T08:45:10Z,A7,phone,(-68.00 C1),adj=-3.16%; items=25; fee=-10.84
R00051,2025-11-04T06:56:00Z,A6,app,"77,23 C2",items=25; adj=-2.09%; fee=-8.38
R00029,2025-09-16T16:47:43Z,A7,app,(C1 123.45),adj=+12.14%; items=4; fee=+6.64
R00078,2025-08-27T03:27:50Z,A6,PHONE, 84.77 C1,adj=+15.50%; fee=-26.42; items=0
R00285,2025-12-22T21:00:35Z,A6, phone ,123.78 C1 ,flag=T; items=6; fee=-17.99; adj=+18.23%
R00129,2025-11-14T14:08:00Z,A6,app,C1 204,items=6; fee=-41.08; adj=-5.37%
R00056,2025-11-06T07:00:00Z,A5,web,C1 100.00,items=1; adj=+0.00%; fee=+0.00
R00261,2025-10-29T00:00:00Z,A6,email,,adj=+1.38%; flag=T; fee=+1.31; items=1
R00271,2025-09-09T14:09:00Z,A3, phone ," 296,60 C2",adj=-8.65%; fee=+12.03; items=1; flag=T
R00231,2025-09-23T00:00:00Z,A8,app,163.48 C1,items=8; fee=+8.50; adj=-1.79%
R00223,2025-08-19T15:59:16Z,A8,Phone,"(-149 , 78C2)",items=10; fee=-6.38; adj=-0.69%
R00146,2025-11-10T05:00:00Z,A3,phone," 78,61 C2",fee=+27.63; adj=+0.54%; flag=R; items=4
R00067,2025-11-20T09:30:00Z,A3,email,"1.000,00 C2",fee=-22.38; adj=+2.29%; items=1
R00036,,A2, phone ," -81,11 C2",fee=-9.36; flag=N; adj=+2.09%
R00064,2025-11-06T02:30:00Z,A6,web,C1 100.00,items=1; adj=+0.00%; fee=+0.00
R00060,2025-10-11T00:34:00Z,A8,PHONE,C1 88,fee=-50.35; adj=+2.95%; WaIvE=true
R00031,2025-08-16T03:53:27Z,A4,phone	,(C1 123.45),adj=-4.08%; fee=+0.53; items=25; flag=N
R00149,2025-10-22T00:00:00Z,A5,Phone,198.68 ,flag=T; items=2; adj=+15.56%
R00145,2025-10-26T06:07:40Z,A3, phone ,116.73,fee=+12.46; adj=-1.02%; flag=N
R00022,2025-10-17T07:56:01Z,A5,Phone,"(179,98C2)",items=3; fee=+15.08; adj=+15.33%
R00257,2025-10-17T17:56:02Z,A5,phone	,153.56C1,items=3; adj=-6.32%; flag=T
R00224,2025-09-15T13:12:21Z,A4, phone ,"173,70 C2 ",adj=+12.58%; fee=+18.35; WaIvE=true; items=6; flag=T
R00095,2025-09-14T18:37:00Z,A5,phone,"60,31 C2 ",adj=+14.70%; fee=+28.74; waive=true; items=8
R00018,2025-10-02T01:44:00Z,A4,Phone, C1 98.09,items=50; fee=+26.75; adj=-6.06%
R00003,2025-10-12T00:00:00Z,A7,web,C1 43.94,
R00038,2025-08-29T22:25:06Z,A7,web,70.98 ,items=1; adj=+5.33%; fee=+4.03
R00050,2025-11-15T01:28:00Z,A1,phone,"93,21 C2",fee=-7.09; items=1
R00105,2025-09-16T22:54:34Z,A1,email,"(87,05 C2)",
R00033,2025-09-02T16:32:06Z,A6,email,157.52 C1 ,items=4; adj=-8.12%; flag=T; fee=+34.05
R00267,2025-08-17T12:00:04Z,A7,web,C1 123.45 CR,flag=T; waive=true; items=3
R00089,2025-09-27T15:51:10Z,A3,PHONE,,items=2; fee=+0.24; adj=-1.90%
R00063,2025-08-22T22:32:06Z,A5,web,,waive=true; flag=T; items=0; adj=+15.72%
R00210,2025-09-16T11:00:09Z,A5,PHONE, 101.96 C1,items=10; flag=S; adj=-1.91%; fee=-9.29
R00003,2025-10-26T05:28:00Z,A7,app,85.813,adj=-4.02%; items=10; flag=S; fee=+25.54
R00079,2025-09-08T11:37:00Z,A2,Phone,-C1 71.96,items=3; adj=-1.91%; flag=N; fee=+8.29
R00232,2025-11-04T03:30:00Z,A5,phone,C1 47,fee=+17.11; items=1; adj=-5.55%
R00209,2025-08-11T06:12:00Z,A3,web,"77,40 C2 CR",fee=-57.93; adj=+6.79%; items=0; flag=S
R00225,2025-08-13T23:35:00Z,A5,email,,fee=-9.56; WaIvE=true; items=2; flag=R
R00208,2025-08-17T00:00:00Z,A4,app,"104,03 C2 ",fee=+16.27; flag=R; adj=+7.07%; items=1
R00115,2025-08-11T08:40:00Z,A4, phone ," 87,80 C2",items=50; adj=+6.63%; fee=+4.11
R00139,2025-09-14T06:30:53Z,A5,email,"146,74 C2",fee=-7.03; adj=+3.05%; flag=S; items=4
R00117,2025-09-01T06:49:00Z,A3,PHONE,"57,99 C2 ",flag=N; adj=+2.24%; fee=+81.10; items=50
R00053,2025-09-04T21:12:07Z,A1,phone,95.51 C1,flag=U; fee=+19.27; items=5; adj=-14.93%
R00221,2025-09-18T12:50:00Z,A3,phone,129,fee=+3.54; adj=+11.74%
R00071,2025-09-26T17:23:28Z,A5,phone	,"159,21C2",adj=-15.89%; flag=S; items=2; fee=+22.69
R00229,2025-11-03T05:00:00Z,A2,phone,C1 56 ,items=1; flag=S; adj=+0.78%; fee=-2.18
R00140,2025-08-27T04:41:00Z,A4,email,123.88 C1,adj=-7.17%; fee=+39.63; items=1
R00226,2025-10-27T00:00:00Z,A3,Phone,C1 150.67 ,fee=-8.37; items=12; flag=R
R00176,2025-07-10T07:30:00Z,A1,phone,"-340,60 C2",flag=N; fee=+15.12; items=0; adj=-1.16%
R00182,2025-08-27T00:22:00Z,A1,Phone,139.72,fee=-16.72; adj=-0.28%; items=8
R00116,2025-11-08T18:24:00Z,A3,email,(-118.65),adj=-2.56%; fee=-5.10; items=0; flag=T
R00195,2025-08-06T01:11:00Z,A3, phone ,C1 24 CR,flag=S; items=0; adj=-6.31%
R00245,2025-12-20T08:43:20Z,A2,email, 88.76 C2,waive=true; adj=+15.01%; items=1
R00167,,A6,phone,"78,44 C2)",items=6; fee=-14.69; flag=U; adj=-3.27%
R00250,2025-08-13T18:25:53Z,A2, phone ,744,fee=-17.27; adj=+14.87%; items=2
R00187,2025-08-10T03:13:00Z,A1,app,12.345 C2,fee=-17.64; items=2; adj=-4.49%; flag=N
R00300,2025-08-02T20:19:46Z,A7,app,"288,07 C2",items=12; fee=-22.24; adj=-2.69%; waive=true
R00176,2025-09-16T00:07:00Z,A8, phone ,(C1 123.45),adj=-2.82%; items=2; fee=-12.82; flag=U
R00074,2025-09-28T16:33:00Z,A5,phone,C1 97,fee=+17.97; adj=+4.45%; items=1
R00114,2025-11-14T14:47:00Z,A2,web,35.40 C2,adj=+6.92%; items=4; fee=-31.21
R00101,2025-08-17T17:24:00Z,A6, phone ,"(201,07 C2",items=1; adj=-1.16%; fee=+25.00
R00147,2025-08-12T18:38:00Z,A6,PHONE,134,items=4; flag=U; adj=-8.69%; fee=+15.67
R00141,2025-08-22T04:24:00Z,A1,email,"19,94 C2",items=3; adj=+5.63%; fee=+5.07; flag=U
R00075,2025-10-20T05:46:00Z,A3,phone,(100.31,items=3; adj=+1.83%
R00098,2025-09-06T21:30:00Z,A4,phone,87.70 C1,
R00158,2025-09-06T13:09:27Z,A2,PHONE,,adj=+8.80%; flag=U; items=2
R00061,2025-11-14T05:13:00Z,A3,Phone,32,fee=-11.85; items=5; adj=-14.71%; flag=T
R00100,2025-06-09T09:50:00Z,A4,phone,C1 65.56,items=5; fee=+2.06; adj=-7.88%; flag=N
R00229,2025-01-11T19:05:00Z,A2,app,"-108,41 C2 ",adj=-0.58%; items=6; fee=-24.68
R00006,2025-11-03T05:58:10Z,A3, phone ,"(-70,37 C2)",flag=U; fee=+34.88; adj=-4.74%; items=25
R00134,,A6,phone,C1 178.71,items=6; fee=-21.90; flag=N; adj=-15.16%
R00118,2025-10-26T07:08:51Z,A7,app,-82.45 C1,adj=+19.00%; flag=N; waive=true; fee=-23.06; items=2
R00291,2025-11-12T16:54:42Z,A8,Phone,"C1 1,234.56",adj=+5.31%; items=10; fee=-23.29; flag=U
R00165,2025-08-09T10:30:34Z,A4,phone,"118,66 C2",flag=R; adj=+1.31%; items=25
R00268,2025-08-19T06:25:00Z,A4,phone	,,adj=+2.17%; items=10; fee=-18.31
R00227,2025-09-27T21:14:28Z,A5,email,"230,46 C2",adj=+11.66%; items=25; fee=+5.94
R00081,2025-09-03T03:46:04Z,A3,phone	,105.89 C1,items=8; WAIVE=TRUE; adj=+9.12%
R00064,,A1,app,140 ,items=8; flag=N; adj=-3.57%; fee=+17.70
R00253,2025-05-09T22:16:00Z,A1,web,C1 156.49,items=4; adj=+1.88%; fee=+34.56
R00255,2025-10-22T10:13:27Z,A3,phone	,"1.234,56 C2",flag=S; adj=+5.31%; fee=-21.79; items=8
R00146,2025-11-06T15:34:29Z,A4,app," 208,84 C2",items=1; fee=+5.36; adj=-2.37%
R00096,2025-11-10T06:00:00Z,A1,web,C1 100.00,items=1; adj=+0.00%; fee=+0.00
R00083,2025-09-17T19:33:00Z,A8,phone	,74.193,adj=+3.77%; items=50
R00236,2025-08-24T21:23:01Z,A1,Phone,C1 70.60 ,fee=+19.08; items=50; adj=+6.17%; flag=R
R00133,2025-11-18T10:37:03Z,A7,Phone, 102.10,fee=+66.06; flag=S; items=1
R00074,2025-09-27T23:50:00Z,A4,phone	,"-179,01C2",items=2; flag=R; fee=+55.73; adj=+12.25%
R00051,2025-08-09T02:13:00Z,A1,Phone,91.582,items=5; adj=+9.31%; fee=+5.33
R00195,,A4,phone,"87,64 C2",adj=-7.29%; items=5; fee=-98.00; flag=R
R00085,,A7,phone,115.85 ,adj=+26.20%; items=0; fee=+132.44; flag=U
R00181,2025-10-25T07:15:00Z,A6, phone ,,WAIVE=TRUE; flag=N; fee=-16.30; adj=+5.63%; items=12
R00228,2025-08-11T07:12:00Z,A4,PHONE,"80,61 C2",flag=S; items=25; adj=-12.25%; fee=-14.61
R00005,2025-10-16T09:40:07Z,A6,phone	, 79,fee=-4.88; adj=+9.50%; items=6; flag=U
R00118,2025-09-02T17:02:34Z,A2,phone	,,adj=+10.87%; items=10; fee=-7.37
R00214,2025-08-16T21:23:15Z,A6,PHONE,C1 172.01,items=1; flag=T; adj=+3.34%; fee=+8.27
R00202,2025-09-13T22:22:00Z,A2,email,48.55,fee=-16.76; items=12; adj=+17.63%
R00064,2025-10-31T10:38:33Z,A3,PHONE,106 ,items=50; flag=N; adj=-9.91%; fee=-1.87
R00207,2025-10-12T00:00:00Z,A2,phone,135 ,adj=-5.50%; fee=-22.30; items=5
R00147,2025-08-25T04:46:40Z,A6,PHONE,299.69 C1,items=10; flag=T; fee=-6.32; adj=-5.46%
R00118,2025-08-17T10:31:09Z,A5, phone ,-C1 123.45,fee=-11.39; adj=+10.54%; items=0
R00019,2025-12-19T16:05:07Z,A4,phone,C1 118.28 ,flag=R; adj=-10.39%; fee=+12.00
R00027,2025-10-17T11:47:36Z,A1,phone,"-92,63C2",items=4; adj=-4.35%; fee=+5.51; flag=U
R00090,2025-10-18T21:02:44Z,A4,phone,"86,37 C2",fee=+59.55; items=8; adj=-0.38%
R00104,2025-10-29T19:29:00Z,A5,phone, 52.16,flag=U; fee=-4.73; adj=-0.57%; items=8
R00254,2025-09-25T04:18:00Z,A3,PHONE,,items=10; fee=-19.90; adj=+1.39%
R00030,2025-10-09T23:43:00Z,A2,app,"C1 12,345",fee=-8.02; flag=R; adj=+10.14%; items=6
R00212,,A2,phone,148.13,adj=-1.73%; items=2; fee=+45.51
R00195,2025-12-16T05:40:41Z,A2, phone ,"113,34C2",fee=-50.25; items=5; adj=-4.81%; flag=U
R00125,2025-09-30T15:44:00Z,A4, phone ,"106,74 C2",adj=-0.76%; fee=+7.94; items=3
R00097,2025-10-09T09:43:24Z,A1,phone,72 C2,fee=-36.34; adj=-0.91%; items=8; flag=N
R00067,2025-08-11T11:57:00Z,A1,Phone,,fee=+42.01; waive=true; items=0; adj=-0.67%
R00172,2025-08-12T00:00:00Z,A6,phone,C1 122.38,items=3; flag=S; adj=+4.82%; fee=+9.18
R00236,2025-12-10T23:41:43Z,A6,phone	,"161,83 C2",adj=-17.27%; items=12; fee=-4.23
R00095,2025-10-01T16:40:33Z,A3,phone, C1 126.91,items=10; adj=-10.83%; fee=-27.33
R00073,2025-12-16T17:39:02Z,A2,PHONE,C1 101.95 ,flag=S; adj=-15.30%; fee=+0.45; items=6
R00214,2025-08-27T11:15:12Z,A4,phone,,fee=-30.29; items=25; adj=-7.09%
R00296,2025-10-19T16:48:41Z,A3,phone	, 99.97 C1 ,items=3; adj=-9.03%; flag=T; fee=+24.61
R00078,2025-08-03T18:08:40Z,A7,app,66.24 C2,adj=-3.43%; items=12; WAIVE=TRUE
R00290,2025-08-19T21:53:00Z,A1, phone ,"-221,04 C2",fee=+25.09; items=3
R00055,2025-10-14T00:00:00Z,A6,PHONE,-52.72,adj=-11.25%; items=1
R00043,2025-12-28T06:09:10Z,A5,phone,C1 78.42,fee=-143.96; items=10; flag=R; adj=-7.16%
R00129,2025-10-06T17:46:22Z,A4,app,"55,05C2)",items=8; adj=-1.31%; fee=-66.15
R00181,2025-11-03T09:57:00Z,A3, phone ," 65,16 C2",flag=R; adj=-4.60%; fee=+13.08; items=2
R00206,2025-09-21T09:19:47Z,A8,phone,105.38 C1 ,adj=-3.79%; flag=T; fee=+18.35; items=12
R00081,2025-06-08T05:42:00Z,A4,email,C1 144.00),fee=+12.88; adj=+3.77%; items=1; flag=S
R00068,2025-11-25T15:00:00Z,A8,web,"C1 1,234.56",items=1; adj=+0.00%; fee=+0.00
R00163,2025-11-14T20:27:42Z,A5, phone ,752.67,fee=-23.14; adj=-6.50%; items=4
R00233,2025-11-02T19:50:00Z,A2,phone	,,adj=+5.88%; items=10; fee=+10.82
R00036,2025-09-25T14:05:45Z,A8,PHONE,153 CR ,items=6; adj=-1.18%; flag=R; fee=-0.57
R00291,2025-10-17T23:48:00Z,A4,email,"179,46 C2 ",adj=-18.68%; items=1; fee=-15.54
R00108,2025-10-03T21:12:00Z,A1,Phone,C1 65.22,flag=T; WAIVE=TRUE; adj=+4.62%; items=3; fee=+19.75
R00003,2025-12-24T23:14:25Z,A7,phone,"159,30 C2",items=50; flag=N; adj=+14.01%; WAIVE=TRUE; fee=-29.79
R00010,2025-10-19T09:33:00Z,A8,phone,28 C2,fee=-9.71; adj=+7.80%
R00296,2025-09-23T09:45:01Z,A3,app,C1 62.38,fee=-8.44; items=1; flag=N
R00042,2025-01-11T06:56:00Z,A8,PHONE,(C1 123.45),adj=+1.22%; fee=-0.21; items=3
R00202,2025-12-12T16:18:50Z,A2,Phone,C1122.27,adj=+11.41%; items=0; flag=T; fee=-42.64
R00239,,A6,email,111.07 C1,fee=-12.08; flag=T; items=2; adj=+17.67%
R00182,2025-11-14T21:22:17Z,A1,phone	,117,items=50; adj=-7.97%; fee=+33.79
R00276,2025-08-15T10:28:18Z,A3,phone,"C1 12,345",fee=-39.40; items=50; adj=+4.40%
R00184,2025-08-04T08:10:06Z,A3,phone,124.70 C1,fee=-13.81; adj=+7.87%; flag=S; items=4; WAIVE=TRUE
R00056,2025-11-07T08:00:00Z,A1,web,C1 100.00,items=1; adj=+0.00%; fee=+0.00
R00203,2025-09-10T23:05:00Z,A8,phone,C141.61,fee=-26.25; items=3
R00198,2025-09-09T00:00:00Z,A6,phone,187.962,flag=T; fee=+17.43; items=0; adj=+3.48%
R00260,2025-11-11T05:38:00Z,A3,email,C1 92,adj=-0.62%; items=50; flag=S
R00195,2025-09-26T06:15:49Z,A3,web,"142,50 C2 ",adj=+10.36%; fee=-3.78; items=12
R00245,2025-03-08T01:53:01Z,A2,email,C1 67.42,adj=+11.67%; flag=S; fee=+24.62; items=4; waive=true
R00282,2025-08-02T01:00:09Z,A4,phone	,C1 58.47,adj=+8.80%; items=50; fee=+8.04; flag=S
R00115,,A8,app,127.055,items=25; fee=-10.51; WaIvE=true; adj=+4.07%
R00126,2025-04-11T12:12:00Z,A7,web,"105,36 C2",WaIvE=true; adj=-4.65%; items=10
R00282,2025-10-03T22:12:25Z,A3,phone,,fee=-13.80; adj=+0.32%; flag=N; items=5
R00112,2025-10-24T09:50:00Z,A1,PHONE,,adj=+6.28%; flag=R; items=1; fee=-21.73; WaIvE=true
R00282,2025-08-04T03:43:00Z,A4,phone,,items=2; fee=+24.46; adj=-5.49%
R00261,,A1, phone ,,adj=-0.02%; fee=-6.60; flag=N; items=2
R00144,2025-12-23T01:33:58Z,A3,PHONE, 79 C2,adj=+15.55%; fee=-10.53
R00026,2025-10-14T03:33:00Z,A4,phone	,(-C1 154),items=10; adj=-6.79%; fee=-10.81; WaIvE=true
R00177,2025-09-13T12:00:00Z,A6,email, 55.01 C1,
R00022,2025-10-11T18:41:00Z,A8,phone	,114.79 ,flag=N; fee=+13.67; adj=-2.97%; items=1
R00242,2025-09-16T00:01:00Z,A3,Phone,C1 92.10,items=5; adj=-2.36%; fee=+29.32; flag=T
R00175,2025-09-20T12:58:47Z,A4,web, 154.75 ,WAIVE=TRUE; adj=-3.05%; fee=+19.78; items=10
R00096,2025-08-15T05:00:00Z,A2,phone	,57 ,fee=+24.51; adj=+3.26%; items=2
R00072,2025-09-18T10:12:00Z,A1,PHONE,(C1 123.45),flag=N; adj=-5.23%; items=1; fee=+16.50
R00093,2025-08-30T04:45:35Z,A6,web,150.105,fee=-18.79; items=1
R00033,2025-11-20T04:00:00Z,A2,web,"C1 1,000.00",fee=-10.13; items=1; adj=+2.57%
R00252,2025-10-09T15:55:00Z,A5,phone,CR C1 163.87,flag=R; fee=-27.05; adj=+4.68%; items=25
R00142,2025-10-09T05:44:30Z,A8,phone, (-145.35 C1) ,items=1; fee=-29.09; adj=+13.90%
R00061,2025-08-19T08:17:13Z,A5,PHONE, 110.951,items=6; adj=+14.12%
R00264,2025-08-20T20:26:52Z,A8,Phone,(76.56 C1),adj=+9.60%; items=2; fee=+7.14
R00037,2025-08-08T02:14:23Z,A6,phone,C1 77.53),items=12; fee=+4.56
R00246,2025-10-23T04:10:00Z,A6,PHONE,"123,86 C2",
R00001,2025-12-18T18:45:00Z,A3,email,,items=0; fee=+13.32
R00021,2025-08-26T00:00:00Z,A2,email,103.63 C1) ,fee=-42.24; items=6; adj=+4.56%
R00004,2025-09-14T23:48:00Z,A7,phone,132.71 C1,adj=+3.76%; items=1; fee=-17.69
R00012,2025-09-25T00:00:00Z,A1,phone,138.033,fee=+7.38; flag=R; adj=+14.18%; items=3
R00046,2025-08-26T00:00:00Z,A6,app, 194.06 C1,items=12; fee=+20.68; WAIVE=TRUE; adj=+5.44%
R00059,,A6,phone	,12.345 C2,adj=-0.89%; fee=-68.90; items=3
R00028,2025-11-09T08:00:00Z,A6,web,C1 100.00,items=1; adj=+0.00%; fee=+0.00
R00097,2025-10-05T12:00:00Z,A3,web,,adj=-6.53%; flag=N; fee=-7.28; items=0
R00201,2025-09-24T17:11:01Z,A1,phone,193.32,items=3; fee=-13.09
R00004,2025-11-11T08:00:00Z,A1,web,C1 100.00,items=1; adj=+0.00%; fee=+0.00
R00251,2025-10-04T13:44:16Z,A3,app,"54,06 C2 ",adj=+7.28%; items=3; fee=+11.10; flag=R
R00257,2025-10-30T12:50:25Z,A6,app, C1 122.76,fee=-27.97; flag=U; adj=-6.76%
R00200,2025-08-03T15:18:53Z,A8,web,83.75,items=2; adj=-7.76%
R00250,2025-10-29T00:00:00Z,A1,Phone,"158,00 C2",items=10; flag=S; adj=+15.54%; fee=-39.19
R00062,2025-09-05T02:42:00Z,A6,app,,items=1; flag=N; fee=-17.50; adj=-4.70%
R00296,2025-12-06T14:36:08Z,A3,phone,"CR 141 , 59 C2",adj=-3.28%; fee=-24.58; items=1
R00186,2025-11-13T17:40:00Z,A8,Phone,160 C2,fee=+21.70; items=10
R00064,2025-11-30T11:39:50Z,A1,phone,C1 163.06,adj=+0.44%; items=2; fee=-17.77; flag=S
R00084,2025-11-01T00:00:00Z,A7,app,C1 67.47,adj=-8.12%; fee=+2.25; flag=U; items=1
R00178,2025-11-06T02:19:00Z,A8,phone,,fee=+31.99; items=5
R00141,2025-10-05T00:00:00Z,A7,phone,203.15 C1,fee=+10.37; adj=+7.09%; flag=U; items=6
R00054,2025-09-16T08:33:00Z,A7,PHONE,"(292,79 C2",
R00275,2025-09-25T05:32:00Z,A7,phone,"123,49 C2",items=10; adj=+5.79%; fee=-25.24; flag=U
R00283,2025-09-07T08:38:40Z,A3,Phone, 129.12,adj=-6.23%; items=12; flag=S
R00161,2025-09-16T01:40:00Z,A6, phone ,,fee=+9.45; adj=-21.93%
R00216,2025-08-31T02:54:00Z,A6,phone,101 C2,flag=U; items=0; fee=+18.09
R00045,2025-08-03T21:11:03Z,A3,PHONE,(-C1 51.61) ,fee=-33.46; flag=T; items=1
R00004,2025-11-01T15:07:23Z,A7,phone	,"200,17 C2",fee=-42.48; flag=S; adj=+5.91%; items=0
R00200,2025-11-05T00:00:00Z,A1,app,C1 97.57,adj=+28.23%; items=8; fee=-14.61
R00116,2025-08-10T22:41:00Z,A4,PHONE,83.258,adj=+2.05%; flag=R; fee=+10.80; items=1
R00251,2025-10-28T12:42:39Z,A5,web,"62,92 C2) ",items=3; fee=+3.32; adj=-6.68%
R00105,2025-09-30T05:36:01Z,A3,app, 57 CR,fee=+10.08; adj=+8.21%; items=8; flag=S
R00120,,A1,web,(-52),flag=N; adj=-6.07%; items=5
R00062,2025-10-10T17:45:17Z,A7,Phone,C1 131.73 ,items=8; flag=R; adj=+24.98%
R00255,2025-10-30T22:16:00Z,A3,phone,,items=1; fee=-5.81; adj=+15.11%
R00288,2025-09-12T00:00:00Z,A7,PHONE,,fee=+27.88; items=10; adj=-1.64%; flag=U
R00233,,A6, phone ,,fee=-1.76; items=10; adj=-10.81%; waive=true
R00196,2025-09-02T07:35:11Z,A6,web,88.98 C2,items=1; adj=-2.42%; fee=-23.84
R00280,2025-08-11T20:58:00Z,A5,web,122.319,items=8; fee=-42.60; adj=+17.53%
R00085,2025-08-24T04:56:00Z,A1,phone,749.27,fee=-4.35; flag=S; adj=+6.58%
R00151,2025-08-31T21:22:58Z,A7,phone	,"131,61 C2 ",items=5; fee=+8.56; adj=-6.70%
R00298,2025-08-09T16:22:00Z,A5,app,C1 89.92,items=50; adj=+13.06%; fee=+63.59
R00194,2025-11-05T18:05:34Z,A3,web,"102,65 C2 ",flag=S; items=1; fee=+13.58; adj=-0.65%
R00299,2025-09-25T11:33:00Z,A7,web,110.90 C1 ,adj=-9.51%; items=4; waive=true; fee=+27.99
R00278,2025-10-16T00:00:00Z,A1,phone,109.88 C1,items=2; fee=-25.48; adj=-9.81%; flag=S
R00191,2025-09-18T13:18:41Z,A1,email,,items=10; flag=U; fee=+20.84
R00261,2025-08-21T21:09:00Z,A4,web,114.70 C1,fee=-4.88; adj=+11.86%; items=50
R00185,2025-09-15T00:00:00Z,A8,PHONE,187.25 C2,fee=-5.98; adj=+12.98%; items=1
R00266,2025-09-25T20:33:00Z,A3,phone	,102.64 C1,adj=-5.34%; items=1; flag=N; WaIvE=true; fee=-7.77
R00060,2025-08-14T04:44:00Z,A5,web,"63,53 C2",items=12; fee=-15.54; flag=S; adj=-3.49%
R00253,2025-10-30T20:53:46Z,A7,phone,89,fee=-0.62; items=2; adj=-3.49%
R00300,2025-08-20T14:05:45Z,A7,phone,"174,88 C2",fee=-2.75; items=1; flag=N; adj=+17.63%
R00036,2025-10-24T19:15:50Z,A2,web, 126.07 ,fee=-39.16; flag=U; items=5; adj=+8.55%
R00023,2025-10-14T19:12:00Z,A2,phone, 134.333,fee=+10.91; adj=+13.31%; items=4; flag=N
R00276,2025-08-17T00:22:00Z,A6,web,59.81,WaIvE=true; fee=-37.10; adj=-5.58%
R00196,,A1,phone,-C1 123.45,items=1; adj=+2.33%; fee=-22.84
R00265,2025-10-15T08:45:17Z,A4,email,98.60 C1,WaIvE=true; flag=U; items=10; fee=+5.70
R00277,2025-11-25T01:33:29Z,A6,app,68.64 C1,fee=+11.94; adj=+23.04%; flag=S
R00177,2025-09-03T01:10:06Z,A3, phone ,C1 310.49,waive=true; flag=S; fee=+13.17; adj=-5.56%; items=3
R00087,2025-11-04T19:41:16Z,A4,phone,"40,73 C2",adj=+6.99%; fee=-19.84; items=12
R00066,2025-09-16T17:31:40Z,A3,PHONE,C159,adj=-6.01%; flag=R; items=5; fee=-2.82
R00111,2025-10-14T03:22:02Z,A7, phone ,,items=8; adj=+0.21%; flag=S; fee=-48.32
R00200,2025-08-19T15:50:40Z,A3, phone ,,items=5; waive=true; adj=-9.08%; fee=+13.14
R00002,2025-11-08T18:57:00Z,A5,phone, C1 115.06,adj=+3.56%; fee=-49.70; items=3; waive=true
R00077,2025-11-07T00:00:00Z,A7,Phone,"136,38 C2",flag=N; adj=+11.34%; items=5; fee=+33.35
R00104,,A3,web,C1 87.92,fee=+31.28; items=1; adj=-17.23%; flag=T
R00004,2025-11-12T08:00:00Z,A1,web,C1 100.00,items=1; adj=+0.00%; fee=+0.00
R00292,2025-10-13T12:07:00Z,A5, phone ,"138,75 C2)",adj=-6.72%; items=4; flag=S
R00093,2025-09-26T17:36:00Z,A8, phone ,72,fee=+9.91; items=2; adj=-8.63%; flag=R
R00094,2025-08-17T08:06:59Z,A1,phone,C1 110,fee=+13.44; adj=-8.87%; items=25; flag=U
R00010,2025-10-17T00:48:06Z,A4,PHONE," 113,30 C2",adj=-6.34%; flag=R; items=1; fee=-6.12
R00265,2025-10-18T19:36:58Z,A1,web,,items=6; fee=-10.41
R00014,2025-11-13T12:39:00Z,A1,web,C1 117.53 ,flag=S; adj=+2.30%; fee=-6.61; items=6
R00131,2025-09-30T07:27:38Z,A2,PHONE,,
R00061,2025-09-08T00:00:00Z,A5, phone ,C1 145 CR,adj=+0.11%; fee=+33.57; items=5; flag=U; waive=true
R00275,2025-09-20T20:06:00Z,A7,web,-C185.66,items=1; fee=-56.04; adj=-4.48%
R00039,2025-09-24T00:00:00Z,A7,phone,C1 154.98 ,fee=-11.17; adj=-2.23%; items=10; flag=S
R00150,2025-08-27T22:07:00Z,A3,PHONE,92.84,fee=+52.20; adj=-23.20%; flag=U; items=6
R00152,2025-10-18T11:33:00Z,A3,email,CR C1 81.02,fee=+12.54; items=1; flag=T; adj=+0.29%
R00025,2025-08-09T09:43:00Z,A6,Phone, C1 60.65 ,items=6; flag=U; adj=+1.77%
R00276,2025-10-07T23:22:30Z,A5,phone	,CR 107.78,flag=T; adj=-9.92%; items=0; WAIVE=TRUE
R00006,2025-12-25T09:22:49Z,A3,web,(C1135),fee=+9.63; adj=-11.96%; flag=U; items=1
R00014,2025-10-29T00:00:00Z,A1,phone,104C2,flag=S; items=6; fee=+3.88; adj=-9.30%
R00289,2025-08-08T00:00:00Z,A7,Phone,38.87,items=2; fee=+14.23; adj=+2.94%
R00112,2025-08-01T07:38:00Z,A6, phone ,950.182,adj=-2.79%; flag=R; items=50; fee=+25.65
R00187,2025-12-04T03:18:45Z,A4,email,C1 86.12,items=2; fee=-14.82; adj=-17.51%
R00031,2025-08-02T03:04:53Z,A4,phone,C1 84.61 CR,adj=+5.41%; items=2; fee=-25.59; flag=S
R00129,2025-10-10T06:29:00Z,A6,email,70.22 ,items=4; adj=-0.98%; fee=+36.62; WAIVE=TRUE
R00030,2025-08-21T08:53:00Z,A7,phone	,"55,15 C2",fee=+25.71; adj=-0.71%; waive=true; items=0; flag=N
R00087,2025-11-14T00:00:00Z,A7,Phone,46.89 C1,items=25; fee=+3.93; adj=+10.71%
R00205,2025-09-25T22:48:19Z,A6,email,,fee=+41.49; items=25; adj=+10.72%
R00283,,A3, phone ,59.40,fee=-34.58; flag=T; adj=-5.27%; items=0
R00186,2025-08-03T09:39:00Z,A1,Phone,C1 63.10 CR,flag=N; items=4; adj=-12.23%; fee=-43.38
R00110,2025-10-25T00:00:00Z,A1,phone,,flag=R; fee=-2.17; items=3; adj=+5.89%
R00276,2025-10-01T00:57:16Z,A1,email," 166,96 C2 ",items=0; fee=+23.47; adj=-12.56%
R00157,2025-08-24T22:15:02Z,A1,phone	,"64,42 C2",adj=+20.74%; items=2
R00025,2025-09-10T20:49:00Z,A7,web,58.24,flag=R; adj=+9.02%; fee=-8.73; waive=true; items=4
R00206,2025-11-01T00:00:00Z,A4,PHONE, 136.702,adj=+11.44%; fee=+35.60; items=1
R00115,2025-08-24T00:00:00Z,A8,Phone,72,adj=-4.45%; items=1; fee=+31.33
R00171,2025-09-30T22:47:58Z,A6,web, 50.92,items=6; fee=-1.73; adj=+3.23%
R00269,2025-11-01T20:53:52Z,A7,web,195 ,fee=+1.03; items=5
R00194,2025-08-11T01:31:58Z,A3, phone ,(68.216,fee=+26.94; adj=+7.49%; items=6
R00293,2025-10-27T11:45:12Z,A7,phone,82.76 C1,items=8; fee=+3.81; adj=+14.12%; flag=U
R00299,2025-10-20T02:29:03Z,A4,Phone, C1 62,fee=+3.65; flag=T; items=3
R00107,2025-08-26T00:00:00Z,A1,phone,99,fee=+3.19; flag=U; adj=-1.14%
R00195,2025-10-31T08:30:00Z,A2,email,36.74,items=1; fee=+17.70; adj=+9.29%
R00072,2025-11-10T08:00:00Z,A1,web,C1 100.00,items=1; adj=+0.00%; fee=+0.00
R00076,2025-10-25T12:31:00Z,A4,app,"47,78 C2",items=1; flag=N; fee=-20.67; adj=-9.90%
R00281,2025-09-10T15:44:00Z,A7,phone,"140,32 C2",adj=-0.14%; waive=true; flag=S; fee=+8.48
R00194,2025-09-16T00:00:00Z,A6,app,C1 100.04,items=3; flag=N; fee=-31.30
R00062,2025-11-15T10:04:00Z,A4, phone ,125.16 C1,adj=+15.42%; fee=-41.00; items=25
R00048,2025-11-10T08:00:00Z,A1,web,C1 100.00,items=1; adj=+0.00%; fee=+0.00
R00199,2025-12-15T14:17:29Z,A4,app,73C2,items=0; fee=+11.80; flag=N
R00086,2025-11-25T03:00:09Z,A1,Phone,C1 96.03,fee=-2.73; adj=-2.52%; flag=T; items=12
R00066,2025-10-08T02:55:05Z,A3,phone	,65.64,fee=+17.31; items=5; adj=-4.68%
R00094,2025-08-05T01:14:00Z,A4, phone ,"130,74 C2",items=50; fee=-116.24; adj=+2.08%
R00221,2025-09-17T16:37:23Z,A2,app,"C1 12,345",items=1; fee=-0.37; adj=+0.76%
R00269,2025-08-08T22:27:11Z,A1,Phone,"212,68 C2",fee=-5.41; adj=+13.18%; items=50
R00215,2025-08-09T03:30:00Z,A4, phone ,116 C2,flag=S; items=50; fee=-51.66
R00013,2025-08-20T03:51:16Z,A6,app,"244,44 C2",fee=+26.80; adj=-2.12%; items=12
R00215,2025-09-08T14:43:00Z,A1,Phone,81.43,items=1; adj=-11.66%; flag=R
R00272,2025-09-09T00:00:00Z,A6,email,117.16,items=1; adj=+6.45%; fee=-6.62; flag=U
R00097,2025-08-19T14:18:25Z,A1,phone	,-81,adj=-1.72%; flag=S; items=6
R00297,2025-09-26T02:49:00Z,A7,web,"96,68 C2 ",adj=-13.92%; flag=T; items=10
R00078,2025-08-03T00:51:00Z,A1,phone	, 131,adj=-18.79%; flag=U; fee=+18.76; items=10
R00115,,A8,phone, C1 41.06,items=10; flag=N; fee=+7.63
R00011,2025-08-19T18:39:00Z,A7,phone,,adj=+0.73%; WAIVE=TRUE; fee=-115.00; items=10
R00097,2025-10-09T08:59:00Z,A5, phone ,C1 47.53,items=6; fee=+36.69; flag=S; adj=+2.59%
R00103,2025-10-26T02:23:00Z,A7,web,-C1 147,fee=-4.57; flag=N; adj=+2.71%
R00100,2025-09-10T08:23:00Z,A6,phone,"92,85 C2",flag=T; adj=-17.06%; fee=-1.80; items=1
R00162,2025-09-06T01:18:01Z,A7,PHONE,,adj=-9.18%; flag=N; fee=+25.22; items=3
R00161,2025-09-17T13:41:55Z,A8,PHONE,(123.95 C1),items=3; flag=R; fee=+2.63; WaIvE=true; adj=+12.49%
R00136,2025-10-12T06:34:00Z,A7,app,95.27,
R00061,2025-08-02T19:18:47Z,A7,phone	,"136,30 C2",flag=N; items=3; fee=+52.36; adj=-0.37%
R00241,2025-12-08T07:40:58Z,A7,PHONE, 86.262,fee=-6.25; items=1; adj=-6.41%
R00296,2025-10-30T19:35:54Z,A5,email,121.66 C1 ,items=8; fee=+13.20; adj=+12.40%
R00238,2025-08-21T06:57:00Z,A6,app,"68,58C2CR",adj=+1.47%; items=6; flag=N; fee=-10.82
R00142,2025-08-06T16:54:00Z,A1,PHONE,114.32 C1,items=4; flag=N; fee=-18.96; WaIvE=true; adj=-5.42%
R00270,2025-10-12T03:09:29Z,A7,phone,79.425,items=2; adj=-7.67%; fee=+2.34; WaIvE=true
R00081,2025-10-02T14:13:00Z,A1,phone,92.43 C1,fee=+25.92; items=25; adj=-11.15%
R00022,2025-11-05T10:57:00Z,A8,web,55.81C1,items=25; fee=-2.13
R00094,2025-09-09T12:16:00Z,A8,phone,"86,12 C2 CR",items=2; adj=+5.33%; fee=-45.43; flag=S
R00286,2025-10-26T16:05:00Z,A6,email,C1 142,adj=-6.63%; fee=-14.03; items=3; flag=T
R00022,2025-11-07T13:21:58Z,A6,app,60 C2 ,adj=+12.13%; fee=-1.10; WaIvE=true; items=5
R00163,2025-09-26T00:27:00Z,A5,Phone,151 . 23,fee=-9.04; items=1; adj=+11.02%; flag=R
R00300,2025-09-08T01:29:00Z,A7,app,,items=1; fee=+49.20; adj=+15.09%; flag=U; WAIVE=TRUE
R00228,2025-08-13T13:24:40Z,A2,email,110.265 ,fee=+15.54; flag=N; items=3; adj=+4.90%
R00242,2025-11-16T19:30:12Z,A3, phone ,58,fee=+3.58; items=1; adj=+1.66%
R00282,2025-10-18T22:15:00Z,A6,PHONE,,adj=-5.23%; flag=R; items=0
R00228,2025-08-10T19:18:00Z,A7,app,83.14 C1,flag=T; adj=+1.34%; items=5; fee=-41.86
R00241,2025-08-04T02:47:00Z,A8,web,C1 222.82,flag=T; adj=-2.99%; fee=-26.31; items=8
R00040,2025-08-25T00:00:00Z,A6,web,88.84,items=10; adj=+3.11%; fee=-22.99; flag=T
R00038,2025-11-15T08:33:00Z,A4,phone,60,adj=-17.47%; flag=S; items=3
R00034,2025-09-07T05:33:31Z,A8,phone,62.11 C1,items=0; fee=-1.18; waive=true; adj=+2.87%
R00117,2025-03-11T07:53:00Z,A1,web,C1 27.91,items=4; adj=-16.48%; fee=+2.55
R00180,2025-09-18T16:07:03Z,A2,web,C1 439.02,items=2; adj=+0.49%; flag=N; fee=+15.28
R00033,2025-10-05T05:04:46Z,A8,PHONE,91.98,items=5; fee=-6.27; adj=-3.48%; flag=R
R00223,2025-09-30T00:00:00Z,A6, phone ,78,fee=+8.10; adj=-10.19%; items=2
R00290,2025-09-13T00:00:00Z,A4,PHONE,"C1 1,234.56",flag=U; items=10; fee=+10.56; adj=-8.16%
R00227,2025-10-26T18:15:38Z,A8,PHONE,,flag=T; items=8
R00005,2025-12-18T18:45:00Z,A2,email,"1,000 C2",fee=-2.12; items=1
R00119,2025-11-11T13:12:07Z,A6,phone,"129,83C2",items=1
R00187,2025-09-12T06:01:00Z,A4,phone,66.13 C1,fee=-24.70; items=1; adj=+13.66%
R00030,2025-09-09T00:00:00Z,A2,Phone,C1 110.59,items=3; fee=+2.56; adj=+6.43%
R00083,2025-09-27T19:36:00Z,A7,web,,items=5; flag=T; adj=-1.87%
R00199,2025-12-08T07:21:00Z,A2,phone,69,fee=+12.18; WAIVE=TRUE; adj=-3.69%; items=50; flag=U
R00006,2025-08-13T18:14:00Z,A3,email,(-180.20) ,adj=+2.96%; fee=+17.51; flag=N; items=12
R00084,2025-09-03T00:15:00Z,A2,Phone,"335,13 C2",items=4; fee=-39.75; adj=+15.22%
R00190,2025-01-08T20:58:00Z,A8,phone,C1 97.09,fee=-39.22; adj=+15.05%; items=8
R00116,2025-09-04T21:08:57Z,A7,web,89.17,flag=R; fee=+14.17; waive=true; adj=+8.07%; items=50
R00233,2025-08-01T00:00:00Z,A6,phone, C1 53.00,fee=-22.28; flag=S; items=5; adj=-5.11%
R00014,2025-10-11T14:32:36Z,A3,app,"87,55 C2",items=4
R00235,2025-09-11T22:31:00Z,A2,email," C1 63,50",fee=-63.14; items=1; adj=+11.86%
R00119,2025-08-19T13:14:11Z,A8,web,,
R00193,2025-10-08T19:01:00Z,A6,web,C1136 . 55,fee=+15.06; adj=-10.41%; items=4
R00155,2025-10-23T12:32:44Z,A4,PHONE,178.74,adj=+7.94%; fee=-65.21; items=2
R00017,2025-11-08T09:36:48Z,A6,PHONE,(125.24,items=4; fee=-12.15; flag=U; adj=+10.86%
R00155,2025-10-04T10:35:00Z,A1,phone,,items=2; flag=S
R00267,,A6,app,"1.234,56 C2",flag=U; fee=+6.42; adj=+6.54%
R00158,2025-08-08T00:00:00Z,A6,Phone,C1 95 ,adj=-2.80%; items=5; fee=-0.32; flag=S
R00261,2025-10-04T15:29:35Z,A5,phone,120,items=12; fee=+39.70
R00014,2025-09-22T05:51:00Z,A3,Phone,C1 120.15 ,fee=+5.47; items=5; adj=+5.14%
R00263,2025-11-27T15:41:26Z,A3, phone ,54.38,items=6; adj=+0.35%; fee=-5.57; flag=T
R00161,2025-12-18T21:55:11Z,A4, phone ,103.314,adj=-1.91%; items=0
R00100,2025-10-13T13:49:00Z,A5,phone	,(56.40,adj=+0.98%; fee=-18.34; WAIVE=TRUE; items=25
R00128,2025-10-05T00:37:00Z,A2,PHONE, C1 69,items=25; fee=-21.56; adj=-5.96%
R00240,2025-08-31T00:54:00Z,A1,Phone,12.345 C2,adj=+1.40%; fee=+1.59; items=1
R00073,2025-10-04T17:17:15Z,A7,phone,"86,30 C2",adj=+2.34%; items=3; flag=T; fee=-7.91
R00069,2025-10-21T08:12:07Z,A1,PHONE,C1 170.86,fee=+2.14; flag=N; items=1; adj=+8.15%
R00260,2025-09-10T03:13:00Z,A3,phone,(C1 175.79,adj=-8.00%; flag=T
R00252,,A1,web," 83,47 C2",flag=S; fee=-167.12; items=50; adj=-4.42%
R00005,2025-11-03T23:21:00Z,A4,phone,150,fee=+5.02; items=1; WAIVE=TRUE; flag=N; adj=+8.85%
R00049,2025-11-14T00:00:00Z,A7,phone,C1 161.28,flag=R; items=12; fee=-5.38; adj=-4.32%
R00092,2025-11-25T01:26:17Z,A3,Phone,C1 86.79,fee=-37.26; adj=-4.48%
R00153,2025-08-10T10:02:00Z,A2,email,C1 259.31 CR,items=4; WaIvE=true
R00079,2025-08-03T09:35:33Z,A7,phone,,fee=-1.04; WaIvE=true; flag=R
R00172,2025-08-15T03:14:00Z,A4,phone,44.33 C2,fee=-28.78; flag=S; items=25
R00150,2025-11-06T02:15:00Z,A1,email,155.49,flag=T; adj=-4.83%; items=6
R00123,2025-10-06T22:34:00Z,A4,app,"164,00 C2 ",fee=+9.36; flag=N; waive=true; adj=-3.91%; items=10
R00015,2025-09-24T03:57:00Z,A7,web,C1 245.26,adj=+0.82%; items=2
R00237,2025-09-28T14:57:00Z,A5,email,156.448,items=50; fee=+34.16; adj=+13.35%; flag=T
R00268,2025-10-28T15:51:00Z,A7,web,C1 71,items=2; fee=+5.43; adj=+1.82%; flag=N
R00122,2025-11-25T01:50:09Z,A1,Phone,110.16,fee=+40.36; items=10; flag=N; adj=+16.67%
R00040,2025-08-30T15:07:00Z,A8,PHONE,64.282,WaIvE=true; adj=+7.86%; fee=+11.64
R00223,2025-06-11T13:20:00Z,A6,PHONE,86 C2,
R00181,2025-08-07T00:00:00Z,A6,phone,322.52 C1,flag=N; fee=+12.38; adj=-7.89%; items=2
R00154,2025-08-13T13:07:51Z,A6,phone, 865.914,fee=-37.29; items=1; adj=-6.13%
R00040,2025-09-28T21:29:13Z,A1,web,12.345 C2,fee=+18.39; WaIvE=true; adj=+6.35%; items=4
R00001,,A1,web,42.079),adj=-7.43%; items=8; fee=+20.25; flag=N
R00048,,A3, phone ,53.49,items=6; fee=-3.85; adj=-12.61%
R00282,2025-10-10T00:00:00Z,A2,web,"48,16 C2",flag=T; fee=+27.67
R00273,2025-08-03T16:22:03Z,A4,phone,"71,55 C2",adj=+5.88%; items=1
R00117,,A3, phone ,70.29 C1,fee=-4.72; items=1; flag=U; adj=+7.73%
R00159,2025-09-15T00:00:00Z,A4,web, C1 113.30 ,items=6; flag=N; fee=+24.53; adj=-15.56%
R00042,2025-12-24T06:48:10Z,A1,email,"C1 86,30 ",adj=+2.24%; items=0; flag=U; fee=+0.73
R00264,2025-10-24T00:00:00Z,A3,PHONE,C1 75.23 ,fee=+9.39; adj=+7.75%; items=8
R00126,,A2,phone,"161,71 C2",fee=+4.76; flag=S; items=2; adj=+8.50%
R00283,2025-10-03T03:58:06Z,A3,phone	,C1 155.17,flag=U; fee=+20.04; items=5; adj=+9.27%
R00269,2025-08-24T12:56:00Z,A6,phone	,51.03,flag=N; fee=-14.48; WAIVE=TRUE; items=1; adj=-3.22%
R00281,,A7,web,148.92,adj=+8.08%; waive=true; fee=-8.55; items=5
R00026,2025-11-09T19:39:00Z,A8,Phone,"62,56 C2",fee=-16.88; flag=U; items=1; adj=+10.17%
R00170,2025-08-28T02:49:23Z,A8,app,,adj=+11.44%; fee=-33.54
R00220,2025-11-14T05:03:00Z,A6,phone	,"56,35 C2",adj=-1.74%; items=8; fee=+0.37
R00183,2025-09-30T02:16:00Z,A5,Phone,C1 101,adj=+12.94%; fee=+44.05; items=50; flag=R
R00107,2025-08-12T21:36:00Z,A8, phone ,C169.04,flag=N; fee=+33.03; items=5; waive=true; adj=-2.82%
R00099,2025-10-23T22:01:59Z,A8,PHONE,"51,64 C2",items=1; fee=-19.60
R00151,2025-09-29T00:54:00Z,A1,app,41.20 C1,flag=U; items=1; adj=+0.76%
R00277,2025-10-20T06:12:00Z,A1,web,C1 106.43,adj=-5.59%; items=3
R00015,2025-11-09T00:44:00Z,A7,phone	, 75.48 C1),adj=-0.75%; items=0; flag=N; fee=-7.54
R00267,2025-10-28T10:56:46Z,A1,Phone,C1 116.06,fee=-6.77; items=10; adj=+5.26%; flag=R
R00052,2025-10-10T01:47:38Z,A7,PHONE,C1 58.30,fee=+13.11; items=1; adj=+11.91%
R00230,2025-10-31T12:30:09Z,A4,phone	,C1 83.33,fee=-33.15; flag=T; items=0; adj=-5.40%
R00072,2025-11-07T06:00:00Z,A6,web,C1 100.00,items=1; adj=+0.00%; fee=+0.00
R00057,2025-08-27T23:25:00Z,A3,Phone,,flag=T; fee=-10.25; items=1; adj=+9.51%
R00003,2025-11-25T20:00:00Z,A4,web,,items=1; adj=+0.00%; fee=+0.00
R00055,2025-08-19T12:21:34Z,A2,app,C168,flag=N; adj=-1.02%; fee=-143.32; items=1
R00166,2025-09-14T02:29:00Z,A4,phone,"172,20 C2",adj=-16.46%; fee=-53.50; items=0
R00108,2025-08-09T19:03:00Z,A2,phone	,-C1 123.45,flag=U; adj=-1.27%; items=25; fee=-33.72; WaIvE=true
R00168,2025-11-01T14:35:22Z,A5,phone,C157.08,flag=U; adj=-0.55%; items=1
R00292,2025-08-02T18:48:33Z,A5,phone	,C1 70.50,fee=+30.36; items=5; adj=-0.68%; flag=T
R00299,2025-10-13T21:39:12Z,A2,app,,items=50; fee=-1.00; flag=S; adj=-1.36%
R00068,2025-08-08T23:53:00Z,A6,phone	," 229,36 C2",adj=-5.96%; fee=-6.12; flag=U; items=1
R00179,2025-10-04T05:28:48Z,A6,phone,C1 134.69,flag=U; items=1; adj=+16.84%; fee=-56.39
R00175,2025-03-08T11:36:00Z,A3,phone,C1 343.05,fee=+18.00; adj=-18.14%; flag=U; waive=true; items=5
R00028,2025-08-20T10:09:00Z,A8,Phone,"89,44C2",items=1; adj=-6.63%; flag=U
R00295,2025-10-18T16:48:55Z,A2,phone,"60,64 C2",flag=U; fee=+11.44; items=50; adj=-5.00%
R00153,2025-08-05T17:29:19Z,A7,email,C1 115.36,fee=+10.45; items=1; adj=+5.37%
R00145,2025-08-13T14:25:15Z,A4,app,,items=8; adj=+13.63%; fee=+2.23; waive=true
R00292,2025-08-24T23:39:00Z,A4, phone ,C1 99.77 ,fee=-30.33; items=3; flag=R; adj=+8.44%
R00274,2025-09-18T17:41:23Z,A4,phone,,flag=T; items=1; fee=+13.39; adj=+5.16%
R00032,2025-10-08T18:27:00Z,A5,phone,134.91,items=10; fee=+1.44; adj=+27.46%
R00009,,A7,phone	,"280,15 C2 ",flag=T; fee=+42.92; items=3
R00044,2025-12-27T16:39:24Z,A3,phone,60.85 C1,fee=-34.37; WAIVE=TRUE; adj=+1.89%; items=4
R00224,2025-10-18T17:33:30Z,A3,web,"C1 1,234.56",items=8; adj=+16.17%; fee=+4.17; flag=T
R00076,2025-10-22T14:15:38Z,A7,web,,adj=-7.99%; flag=N; items=2; fee=+12.80
R00297,2025-08-25T17:58:21Z,A3,phone,132.67 C1,fee=+16.55; items=2; adj=-2.52%; flag=N
R00005,2025-11-04T13:51:00Z,A1,phone,,fee=-19.36; items=2; adj=+21.46%
R00272,2025-08-31T06:23:00Z,A3, phone ,97 C2 ,flag=U; items=12; fee=+3.43; adj=+5.26%
R00142,2025-11-10T06:43:00Z,A6,phone	,C1 45.25,items=50; fee=+16.67; adj=+0.10%
R00008,2025-09-11T00:18:04Z,A8,web,"205,14 C2",fee=+16.62; items=2; adj=-4.15%; flag=U
R00259,,A8,app,(C1 123.45),items=1; adj=-1.44%; fee=+22.65
R00152,2025-08-22T00:00:00Z,A3,phone	,C1 87.53,items=3; adj=+7.25%; fee=-37.66
R00183,2025-10-07T06:06:00Z,A2,app,135,adj=+0.47%; items=3; flag=S; fee=+38.33
R00153,2025-11-27T15:15:15Z,A2,Phone,C1 146.93,items=3; adj=-11.96%; fee=+27.64
R00035,2025-11-05T00:00:00Z,A2,phone,C1 75 . 27,items=1; waive=true; adj=+0.21%; fee=+19.84
R00209,2025-08-18T03:50:00Z,A8,phone	,,WAIVE=TRUE; flag=T; items=1
R00166,2025-12-27T04:51:59Z,A4,phone	,"172,87 C2",adj=+5.81%; items=4; flag=T; fee=+2.60
R00162,2025-08-02T21:30:04Z,A8, phone ,C1 56 . 84 CR,adj=+2.44%; items=3
R00005,2025-09-15T00:00:00Z,A2, phone ," 144,74 C2",
R00011,2025-08-04T15:51:00Z,A6,Phone,C1 123.45 CR,items=2; adj=-4.00%
R00188,2025-10-22T08:20:00Z,A3,Phone,-C1 76.91,fee=-3.68; items=1; adj=+15.36%
R00083,2025-09-28T18:24:29Z,A4,Phone,"81,37 C2",adj=+18.39%; flag=R; waive=true; fee=-22.13; items=3
R00094,2025-12-06T08:15:34Z,A1,phone	,101.090),adj=+1.27%; flag=S; items=10; fee=-17.82
R00002,2025-10-26T15:14:00Z,A3,PHONE,85.40,adj=-22.33%; fee=-13.06; items=25
R00159,2025-12-30T19:11:07Z,A4,phone,70.90,flag=R; fee=+35.58; waive=true; adj=+10.57%; items=0
R00002,2025-11-09T15:07:00Z,A2,app,"1.234,56 C2",adj=-14.54%; fee=+12.67; items=3
R00004,2025-11-10T06:00:00Z,A1,web,C1 100.00,items=1; adj=+0.00%; fee=+0.00
R00148,2025-11-08T00:00:00Z,A3,app,C1 123.45 CR,adj=-8.40%; fee=-15.20; items=12
R00258,2025-10-27T00:00:00Z,A1,phone,147.82 C1,adj=-0.09%; items=1; fee=-31.91
R00109,2025-09-13T10:30:51Z,A5,PHONE,"85,91 C2",flag=S; items=8; fee=-11.68
R00080,2025-09-10T22:16:00Z,A8,phone,65.42,items=12; flag=S; fee=-54.82; adj=-3.02%; WAIVE=TRUE
R00292,2025-12-08T14:00:20Z,A2,app,C1 121 ,fee=-37.00; adj=-8.91%; WAIVE=TRUE; flag=T; items=4
R00207,2025-10-22T04:54:13Z,A3,web, 103.38 C1 ,flag=N; fee=-45.84; adj=+0.76%
R00114,2025-10-17T10:24:00Z,A2,PHONE,C1 40.28,items=1; adj=-0.07%
R00247,2025-10-24T00:00:00Z,A8, phone ,42.96 C1 ,adj=-1.27%; flag=U; fee=+8.98; items=4
R00238,2025-11-07T07:15:45Z,A6,email,59.39,fee=-44.54; flag=T; adj=-3.32%; items=4
R00196,2025-10-01T00:00:00Z,A1, phone ,C1 441.11,adj=+4.84%; fee=-4.45
R00029,2025-08-15T09:26:27Z,A7, phone ,"198,79 C2",fee=-8.95; adj=+6.32%; flag=U; items=2
R00293,2025-11-15T19:01:18Z,A8,Phone,,items=0; adj=-6.29%; flag=R; fee=+14.80; WAIVE=TRUE
R00014,2025-12-27T23:44:25Z,A1,app,76 C2,items=8; fee=+3.24; adj=+12.94%
R00104,2025-08-11T11:26:00Z,A4,email,67C2,fee=+7.93; items=8; adj=-6.88%
R00098,2025-08-19T05:03:28Z,A6,web,C1 67.83,adj=+10.37%; WAIVE=TRUE; items=3; flag=R; fee=-6.32
R00243,2025-10-22T19:07:00Z,A5,PHONE,"(66,69 C2)",fee=-6.29; items=2; adj=-3.68%; flag=S
R00075,2025-09-16T20:18:00Z,A4,PHONE,233.71 C2),adj=+3.08%; fee=-12.73; items=8
R00016,2025-11-09T08:00:00Z,A7,web,C1 100.00,items=1; adj=+0.00%; fee=+0.00
R00178,2025-12-28T05:53:11Z,A3,phone	,C1 84 . 10,flag=R; adj=+3.98%; fee=+14.35; items=1
R00217,2025-12-31T14:00:13Z,A5,Phone,111.07 C1,waive=true; adj=+9.30%; flag=U; fee=-83.46; items=0
R00133,2025-08-19T21:17:40Z,A4,phone,,adj=+8.19%; items=1; waive=true
R00189,,A5,phone	,C1 137.91,fee=+13.77; adj=-3.55%; items=0
R00281,2025-10-27T00:00:00Z,A1,app,"59,17C2",fee=+29.35; flag=R; items=1; adj=-1.44%
R00244,2025-11-10T18:11:08Z,A7,phone,56.88 C1,flag=S; adj=-8.66%; items=6; fee=-5.37
R00245,2025-08-05T02:20:00Z,A2,email,C1462.16,items=1; adj=+1.65%; fee=+41.34
R00279,2025-06-11T02:59:00Z,A8,PHONE,C1 70.20,adj=+6.28%; items=8
R00067,2025-11-20T09:30:00Z,A3,app,,fee=-11.08; items=0; adj=-0.79%
R00183,2025-09-07T11:22:30Z,A6,Phone,108.30C2,adj=+7.86%; fee=+0.29; items=5; flag=N
R00077,2025-10-28T17:37:00Z,A1,app,,adj=-1.86%; flag=R; fee=+5.18; items=6
R00027,2025-08-26T16:46:00Z,A1,phone,57.92 C1,items=12; adj=-23.20%; fee=-17.15
R00237,2025-09-14T21:24:00Z,A1,phone,"1.234,56 C2",items=2; WAIVE=TRUE; adj=+4.28%
R00030,2025-09-22T21:48:00Z,A8,Phone,145.06,flag=N; items=0; adj=+11.00%; fee=-51.06; WAIVE=TRUE
R00264,2025-11-14T03:02:00Z,A3,PHONE,C1 78.27,items=50; fee=-23.81
R00230,2025-10-05T00:00:00Z,A7,Phone,56,items=25; fee=+27.85; flag=R; adj=+1.29%
R00126,2025-08-12T07:57:37Z,A8,phone,"C1 107,27",items=1; fee=+14.72; flag=N; adj=+2.50%
R00210,,A1,Phone,71.32 C2,items=50; fee=-5.45; adj=-8.80%
R00133,2025-08-20T20:31:00Z,A3,phone,C1 102.75,items=1; flag=U; adj=-2.01%; fee=+7.43
R00292,,A2,PHONE, 72,items=2; WaIvE=true; adj=+1.93%; flag=N; fee=+25.04
R00050,2025-09-15T16:43:37Z,A3,phone,"1.234,56 C2",items=10; adj=-10.00%; flag=N; fee=+2.32
R00014,2025-08-25T10:13:16Z,A1,phone,121.596,items=1; adj=+10.78%; fee=-58.45; flag=N
R00011,2025-08-26T06:24:00Z,A4,PHONE,57.10,items=6; adj=+2.79%; flag=N; fee=+25.57
R00073,2025-06-10T19:00:00Z,A3,Phone,C1 87.26,WAIVE=TRUE; items=10; fee=-11.47; flag=S
R00169,2025-10-25T00:00:00Z,A2,PHONE,120.186 ,adj=-10.51%; fee=+18.32; items=1
R00262,2025-11-12T09:40:00Z,A5, phone ,C1 133.15,flag=N; fee=-1.01; adj=+1.44%; WAIVE=TRUE; items=12
R00022,2025-09-26T09:07:17Z,A8,email,"C1 12,345",items=3; adj=-5.60%; flag=R; fee=-6.61
R00210,2025-08-31T14:44:00Z,A8,phone	,C1 882.50 ,waive=true; flag=U; adj=+0.95%; fee=+28.72; items=1
R00160,2025-09-21T16:23:26Z,A7,phone,"78,54 C2",fee=-1.00; flag=S; adj=+15.21%; items=4
R00030,2025-09-05T02:40:35Z,A4,email,81.02 C1,fee=-39.05; WaIvE=true; items=1; flag=T; adj=-4.52%
R00211,2025-10-21T21:37:14Z,A7,PHONE,C184.41,items=3; adj=-3.39%
R00061,2025-09-03T13:47:00Z,A3,phone,,fee=-15.57; adj=-3.45%; flag=S
R00042,2025-09-09T22:19:00Z,A1,phone, C1 99.76,fee=+32.75; items=0; flag=T; adj=+9.26%
R00049,2025-08-29T03:15:27Z,A3,email,C1 146.95 CR,fee=-4.03; items=0; adj=-14.60%
R00118,2025-10-21T00:00:00Z,A1,phone,C1181.97,fee=-33.83; adj=+6.77%; items=3
R00191,2025-10-08T23:58:00Z,A6,Phone,(98,items=10; fee=-4.74; adj=-7.97%
R00266,2025-09-01T00:00:00Z,A8, phone ,,fee=+1.09; adj=-2.68%; items=12; flag=N
R00179,2025-10-18T07:16:00Z,A3, phone ,138.41 C1,items=6; adj=-1.60%; flag=T; fee=-8.41
R00269,,A6,phone,C1 63.38,adj=-3.65%; flag=S; items=3
R00294,2025-10-26T20:54:17Z,A6,phone	,110.94 C1 ,fee=+11.70; adj=+0.11%; items=50; flag=U; WAIVE=TRUE
R00108,2025-09-15T12:09:00Z,A7,web,139.83,items=5; fee=+26.07
R00213,2025-08-07T05:00:00Z,A1,phone, 44.357,adj=-1.85%; flag=R; fee=+5.50; items=10
R00128,2025-10-23T06:10:37Z,A1,email,(-C1 147.28),items=6; adj=+6.66%; flag=R
R00202,2025-09-07T02:40:35Z,A4,PHONE,139.03 C2 ,items=12; adj=+10.70%; WAIVE=TRUE; fee=-6.01
R00115,2025-09-12T06:59:00Z,A8,email,C1 123.45 CR,flag=N; items=4; adj=-9.83%
R00087,2025-08-13T04:33:00Z,A6,phone	,,fee=+21.07; items=2; adj=+2.50%
R00120,2025-10-12T14:17:00Z,A1,email,"86,71 C2",items=12; fee=+36.11
R00288,2025-09-24T19:30:00Z,A5,phone	,,WAIVE=TRUE; adj=-8.42%
R00085,2025-04-08T04:51:00Z,A3, phone ,,items=1; flag=R; adj=-5.16%; fee=+17.79
R00214,2025-09-15T22:25:46Z,A4,phone,C1 104.23,items=25; fee=-32.40; adj=+17.15%; flag=S
R00277,,A6,web,81 C2,fee=+29.52; items=3; adj=-1.22%
R00062,2025-09-13T02:04:14Z,A3,Phone,C1 123.45 CR,adj=+6.03%; fee=-12.71; items=0; flag=T
R00216,2025-11-03T13:27:28Z,A7,PHONE,"86,35 C2",items=8; adj=-7.63%; fee=+20.34; flag=S
R00089,2025-10-29T23:49:51Z,A1,web,(C1 65.99 ,items=1; adj=+1.28%; flag=N
R00033,2025-08-25T18:27:00Z,A8,email,"164,64 C2",adj=-6.88%; items=1; fee=+11.34; flag=S
R00001,2025-09-06T00:00:00Z,A5,phone,"CR 181,59 C2 ",fee=-2.04; items=12; adj=-11.35%; flag=S
R00261,2025-08-18T14:42:00Z,A7,web,,fee=+25.09; items=12; adj=-3.95%
R00274,2025-09-26T01:42:00Z,A2,web," 143,69 C2",flag=N; items=10; fee=-22.60; adj=-5.92%
R00106,2025-10-03T05:00:00Z,A2,PHONE,C1 51.43,flag=T; items=3; adj=+4.45%; fee=-20.99
R00234,2025-12-25T21:53:03Z,A7,web,(249.87C2,items=1; adj=+3.83%
R00136,2025-10-13T06:35:55Z,A2,phone,"70,71 C2",adj=+13.39%; items=1; flag=T; fee=-7.51
R00026,2025-08-25T03:06:00Z,A2, phone ,C1 86.41 CR,fee=+8.85; flag=N; items=6; adj=+7.65%
R00185,2025-10-06T06:27:00Z,A3,PHONE,C1108.22,adj=-10.24%; fee=-9.04; items=50
R00172,2025-09-30T22:51:00Z,A6,PHONE," (-C1 237,04)",waive=true; adj=-10.60%; flag=U; fee=+41.41
R00145,2025-08-23T05:37:10Z,A2,app,(83) ,adj=+20.00%; items=8; flag=U; fee=+17.25
R00043,2025-09-16T05:09:06Z,A5,phone	,"50,23 C2",items=1; adj=+5.18%; flag=N
R00050,2025-08-05T03:47:00Z,A8,phone,83.41 C2,fee=+16.77; adj=+5.37%; flag=N; items=10
R00216,2025-11-10T00:00:00Z,A7,phone,129,flag=U; items=4; adj=-4.28%; fee=-0.28
R00279,2025-08-29T05:22:14Z,A5,Phone,C1 51.91,waive=true; adj=-1.35%; items=3
R00197,2025-10-16T05:00:00Z,A8,phone	,127.50,fee=-29.92; items=50; adj=+13.18%
R00099,2025-11-10T23:54:36Z,A1, phone ,"C1 12,345",flag=T; fee=-26.19; items=10; adj=-14.18%; WaIvE=true
R00265,2025-08-01T12:26:46Z,A1,phone, C1 380.44,items=50; fee=-41.44; adj=+7.78%; flag=S
R00253,2025-09-29T14:29:00Z,A1,app,(C1 149 . 30),items=6; adj=+3.76%; fee=-0.66
R00049,2025-08-18T03:20:00Z,A3,phone,,
R00031,2025-08-30T11:46:00Z,A7,PHONE,116 C2,fee=-24.58; items=10; adj=+6.69%
R00122,2025-08-20T00:00:00Z,A1,phone,204.519,adj=+5.80%; flag=S; fee=+5.95; items=2
R00091,2025-11-07T07:56:00Z,A5,phone, 164 C2,fee=-0.50; items=0; waive=true; flag=R; adj=+6.18%
R00199,2025-05-08T11:42:00Z,A8,web, C1 87,flag=T; adj=-15.95%; fee=-3.86; items=5
R00294,2025-11-14T05:32:35Z,A1,web,"1.234,56 C2",adj=-7.99%; flag=N; items=8
R00154,2025-09-03T03:26:00Z,A6,Phone,,fee=-4.96; adj=-8.15%; waive=true; items=50; flag=R
R00269,2025-08-19T11:22:36Z,A5,phone	,"142,56 C2",flag=T; fee=+24.36; items=3; adj=+3.53%
R00198,2025-08-20T18:09:09Z,A5,email,114 C2 ,flag=N; items=12; adj=+12.06%
R00203,2025-09-24T23:41:52Z,A7,Phone,,fee=+18.47; adj=+2.42%; items=3
R00155,2025-08-09T15:06:00Z,A7,phone	,,adj=-10.05%; items=5; fee=+64.27; flag=R
R00178,2025-10-21T05:00:00Z,A4,phone,"77,37 C2",fee=+34.14; items=1; flag=N; adj=-14.88%
R00300,2025-10-02T03:22:00Z,A4,email,96.471,fee=-31.00; items=1; adj=-13.62%
R00030,2025-10-15T06:58:00Z,A1,PHONE,47.43 C1,WaIvE=true; flag=R; fee=-21.90; items=50; adj=-5.56%
R00280,2025-09-15T00:18:00Z,A4,web,"56,73 C2",
R00255,2025-10-22T06:18:00Z,A5,Phone,225 C2 ,adj=+5.32%; fee=-9.34; items=4; flag=N
R00071,2025-06-11T01:49:00Z,A5,app,-C1 129.97,flag=T; items=50; adj=+14.50%; WAIVE=TRUE
R00222,,A4,web,,WaIvE=true; fee=+9.79; adj=+10.16%; items=6; flag=T
R00175,2025-09-03T01:48:00Z,A5,phone,C1123.75,adj=-12.37%; items=8; fee=-3.51
R00243,2025-08-22T15:22:00Z,A2, phone ,36.02,adj=+8.53%; fee=-2.13; waive=true; items=3
R00123,2025-10-12T00:00:00Z,A7,phone	,"194,59 C2",items=3; flag=U; adj=-2.99%; fee=-12.90
R00143,2025-12-14T21:22:25Z,A2,email,C1 102,items=4; adj=+2.54%; flag=N; fee=-2.99
R00134,2025-08-23T04:26:00Z,A3,web,,adj=-4.47%; fee=-7.92; flag=S; items=3
R00296,2025-10-30T23:40:23Z,A3,email,-46.82,adj=-6.00%; fee=-20.79; flag=R; items=1
R00043,2025-09-21T02:37:00Z,A7,Phone,"C1 12,345",fee=+13.86; adj=+19.91%
R00200,2025-08-31T12:04:00Z,A3, phone ,C1 110.46 ,adj=-7.17%; fee=+72.08; items=2
R00164,2025-09-18T15:14:58Z,A7,PHONE,"CR 50,28 C2",items=25; adj=-4.52%; WAIVE=TRUE; flag=T
R00250,2025-10-21T02:28:00Z,A5,phone	,"87,49C2",adj=-0.50%; items=0; fee=-21.08
R00008,2025-11-10T06:30:02Z,A3,phone," 165,79 C2",fee=-6.10; adj=-13.75%
R00062,2025-10-12T00:00:00Z,A7,PHONE,159.422 CR ,fee=-5.90; adj=-5.82%; items=50; flag=U
R00055,2025-08-23T07:15:00Z,A7, phone ,C1 58.20,items=0
R00189,2025-09-28T00:00:00Z,A5,Phone,87 C2,adj=-10.21%; items=3; fee=-18.90
R00163,2025-11-12T05:06:00Z,A5,PHONE,"C1 12,345",flag=R; items=4; fee=-13.56
R00218,2025-09-09T07:48:00Z,A3,phone,,adj=-1.23%; flag=S; items=0
R00225,2025-10-09T00:00:00Z,A4,PHONE,114 ,items=0; adj=+16.67%; fee=-45.97
R00224,2025-10-22T09:07:36Z,A5,app,99.33,WAIVE=TRUE; items=10; fee=+2.97; adj=+1.27%; flag=U
R00124,2025-11-14T14:35:54Z,A7,phone,"199,99 C2",items=4; adj=-1.14%; fee=+29.45
R00082,2025-10-26T05:00:00Z,A8,phone,-72,fee=+17.30; items=12; adj=-7.91%
R00096,2025-10-08T02:38:30Z,A7,web,C1 90.94 ,items=4; fee=-5.30; adj=+6.37%; flag=U
R00214,2025-10-30T00:00:00Z,A8, phone ,68,adj=+14.14%; fee=-8.49; items=4
R00249,2025-06-10T03:55:00Z,A7,phone,"161,95 C2",fee=-7.96; items=2; adj=+3.31%
R00087,2025-10-29T00:00:00Z,A5,app,99,fee=+1.03; items=1; adj=+17.31%
R00074,2025-09-05T14:50:46Z,A1,phone,"(68,06 C2",items=4; fee=+38.70; adj=-16.62%
R00289,2025-08-17T21:11:00Z,A2,phone,,items=0; fee=+19.01; adj=+7.71%; flag=R
R00267,2025-09-10T21:58:00Z,A8,phone	," 146 , 03 C2",adj=-10.06%; items=4; fee=+28.07
R00118,2025-09-07T18:27:00Z,A2,phone,84.78,fee=+50.73; flag=T; adj=-17.16%; items=1
R00239,2025-08-24T13:51:42Z,A2,web,"111,04 C2",items=12; adj=+19.10%; flag=T; fee=+4.81
R00227,2025-11-08T00:00:00Z,A4,PHONE,(149.65 C1,flag=T; adj=-12.23%; items=1
R00247,2025-08-23T14:20:00Z,A7,app,86,items=12; fee=+34.33; adj=-8.27%
R00190,2025-11-07T10:30:02Z,A3,app,C1 91.48,fee=+10.84; items=4; adj=-12.96%; flag=S
R00148,2025-11-13T17:17:00Z,A2,PHONE,C1 398.77,items=10; fee=+16.36; adj=-18.21%; flag=R
R00259,2025-02-08T12:52:00Z,A8, phone ,116.61 C1,items=1
R00209,2025-10-09T00:00:00Z,A8,app,,items=1; adj=+1.61%; fee=-47.57; flag=S
R00141,2025-08-23T18:57:00Z,A7, phone ,143.37 C1,fee=+41.68; adj=-14.92%; flag=U; items=0
R00011,2025-09-13T16:53:15Z,A8, phone , 68,flag=U; adj=+2.05%; items=8
R00141,2025-09-08T03:15:14Z,A7, phone ,C1 83.23,items=50; fee=-2.52; adj=-3.25%
R00074,2025-11-20T11:40:19Z,A1, phone ,96.78 ,flag=N; adj=-15.17%; items=1
R00069,2025-08-29T01:45:00Z,A1,app,C1 74.11,adj=+5.21%; flag=R; fee=-32.50; items=50
R00134,2025-08-11T16:24:00Z,A4, phone ,156.77 C1,fee=+4.05; adj=+5.77%; items=1; flag=T
R00048,2025-11-06T23:51:00Z,A4, phone ,"62,78 C2",items=12
R00119,2025-09-09T00:00:00Z,A7,phone,,items=2; flag=N; fee=+25.45; adj=-5.52%
R00209,2025-12-09T07:02:04Z,A8,web, 114.07,items=1; fee=-27.49; adj=-18.60%
R00241,2025-09-02T11:31:09Z,A1,email, 51 . 398,flag=R; adj=+5.93%; items=1
R00232,2025-08-20T20:10:36Z,A1,email,556.53,items=6; adj=-18.89%; flag=U; fee=-5.98
R00108,2025-09-02T14:26:25Z,A5,phone,C1 79.25 ,fee=-18.43; adj=+5.31%; items=4; waive=true
R00136,2025-08-30T10:58:00Z,A6, phone ,76.10 C1 ,items=2; flag=R; adj=-7.12%; fee=+17.10
R00109,2025-11-15T00:00:00Z,A4,web, 84,items=50; adj=-2.63%; fee=+0.90
R00144,2025-08-29T05:00:00Z,A7,phone	,C1 141.67,items=4; flag=N; adj=-0.88%; fee=-0.00
R00052,,A5,phone	,141.74,items=10; adj=-4.90%
R00139,2025-06-10T22:50:26Z,A3,web,"44,71 C2",adj=+4.12%; fee=-3.19; items=1
R00159,2025-10-02T10:50:00Z,A4,web,C1 42.39,adj=+5.36%; WAIVE=TRUE; items=6; fee=+9.84; flag=T
R00109,2025-09-23T07:31:00Z,A7,phone,C1 64.07,items=2; adj=-4.02%; fee=+27.79
R00137,2025-09-02T14:57:02Z,A6,web,103.601,adj=+6.08%; fee=+19.91; items=25
R00213,2025-10-28T04:30:39Z,A6,phone,118.67 C1,adj=+8.17%; items=1; fee=+16.20
R00204,2025-08-15T03:41:29Z,A2,app,167.79 C1,flag=U; items=5; adj=+8.05%; fee=-5.40
R00239,2025-08-23T16:35:11Z,A2,phone,165.04 C2,adj=-14.43%; fee=-9.66; items=4
R00025,2025-12-11T10:36:01Z,A5,email,"C1 131,10",items=1; waive=true; flag=N; adj=+4.16%
R00004,2025-08-07T05:15:57Z,A8,phone,(120.10,fee=+14.72; adj=+5.41%; items=0; flag=S
R00264,2025-09-27T06:06:46Z,A3,web,79.96,adj=+12.14%; fee=+7.13; items=1
R00019,2025-10-28T15:16:00Z,A3,Phone,"98,66 C2",adj=+8.85%; flag=R; fee=+1.29; items=3
R00121,2025-09-11T01:47:34Z,A2,phone	,12.345 C2,fee=+11.41; adj=+4.96%; items=1
R00242,2025-10-27T03:58:05Z,A6, phone ,,flag=R; fee=-1.48; adj=+7.37%
R00132,2025-04-08T05:26:00Z,A3,phone,C1 63.28),adj=-3.72%; flag=N; waive=true; items=0
R00255,2025-12-21T01:32:47Z,A4,app,96.86 C2 ,flag=N; adj=-11.27%; fee=-3.90; items=10; WaIvE=true
R00039,2025-12-08T17:05:41Z,A2,Phone,"-86,01 C2",WaIvE=true; items=10; adj=-21.12%
R00289,2025-08-24T20:52:00Z,A2,phone	,103.27 C2,adj=+8.94%; items=10; flag=U; fee=-8.01
R00242,2025-01-10T14:45:00Z,A1,phone,"65,88 C2",waive=true; adj=+2.76%; items=8; flag=U; fee=+23.98
R00171,,A2,phone,,adj=-3.82%; fee=-7.48; items=3
R00053,2025-08-28T00:00:00Z,A6,Phone,"C1 1,234.56",items=6; adj=+2.48%
R00181,2025-10-02T00:00:00Z,A6,Phone,"129,67 C2 CR",adj=-20.86%; fee=-17.48; items=12
R00281,2025-08-09T19:49:47Z,A3,web,71.07 C1,fee=+27.94; items=1; flag=N; adj=-13.04%
R00238,2025-10-12T12:32:59Z,A2,phone,81.09 C1,adj=-4.29%; fee=-81.92; items=1; flag=R
R00273,2025-10-20T18:09:32Z,A7,email,68.68 C2,adj=-9.33%; fee=+6.84; items=3
R00029,2025-09-10T12:09:00Z,A3,app, C1 78.25,adj=+1.75%; items=6; WaIvE=true; fee=-6.66; flag=U
R00039,2025-09-02T21:39:07Z,A1,phone, C1 459.48 CR ,fee=-15.91; adj=-12.15%; flag=T
R00106,2025-10-11T18:08:00Z,A5,phone,,flag=U; fee=+42.66; items=12; adj=+6.84%; WaIvE=true
R00298,2025-11-11T00:00:00Z,A5, phone ,,WaIvE=true; fee=+30.16; items=8; adj=+5.30%
R00196,2025-11-12T00:00:00Z,A1, phone ,"C1 12,345",fee=+40.09; adj=+3.23%; items=10
R00001,2025-12-09T23:59:24Z,A7, phone ,(C1 302.11),fee=-4.79; adj=-3.78%; flag=N; items=6
R00217,2025-10-29T01:23:54Z,A7,phone	,C1 159.70,flag=S; fee=+21.79; items=2; adj=-2.59%
R00045,2025-11-20T07:30:00Z,A2,app,,items=0; flag=N; fee=-37.00; adj=+4.50%
R00104,2025-11-28T07:49:04Z,A5,email,165 C2,fee=-38.78; adj=-14.38%; items=8; flag=R
R00278,2025-10-04T06:42:00Z,A8,phone,C1 108.38,fee=-6.95; items=3; flag=N
R00047,2025-11-04T08:40:47Z,A6,phone,C1 67.29,items=25; adj=+15.19%; fee=-27.95; flag=T
R00186,,A1,phone,"43,78 C2",adj=+11.62%; fee=+3.62; items=1
R00116,2025-12-05T20:09:14Z,A2,app,C1 179.97,fee=-7.92; adj=-9.66%; items=1
R00217,2025-09-28T22:28:00Z,A5,phone	,(-90.85 C1),fee=-60.42; adj=+10.27%; items=0
R00285,2025-08-31T20:15:23Z,A4,PHONE,"196,16 C2",adj=-15.21%; fee=-24.11; items=5
R00252,2025-10-11T14:34:00Z,A1,phone,60.13 C1,flag=U; fee=+1.78; items=1; adj=+5.21%
R00187,2025-09-30T21:31:00Z,A1,app,103.50 C1,flag=N; adj=+1.89%; fee=+3.19; items=6
R00107,2025-11-03T19:51:00Z,A8,PHONE,74.35 ,fee=+11.87; adj=+8.37%; items=12
R00221,2025-03-09T18:32:00Z,A2, phone ,94.45 C1 CR,fee=+15.00; adj=+1.77%
R00153,2025-10-26T00:17:00Z,A4, phone ,"162 , 41 C2",fee=+23.24; adj=+7.07%; waive=true; items=2
R00290,2025-12-07T17:41:27Z,A4,app,"121,40 C2 ",flag=N; adj=+2.26%; items=2
R00124,2025-12-21T17:43:11Z,A7,phone,142.09 C1,fee=-34.75; adj=-2.46%; items=12
R00002,2025-11-05T15:33:00Z,A8, phone ,C166.25,fee=-17.21; adj=-1.56%; flag=U
R00024,2025-07-10T18:01:00Z,A7,phone,"82,60 C2",adj=-4.80%; items=50; flag=T; fee=+28.02
R00110,2025-08-02T06:13:00Z,A3,web,52.308 ,fee=-12.96; adj=-3.98%; items=1
R00191,2025-11-05T20:28:00Z,A2,phone,,adj=+5.16%; WaIvE=true; fee=-29.31; items=3
R00074,2025-10-05T12:00:00Z,A7,app,"(C1 2,500.00)",fee=-15.68; items=50; flag=U; adj=+3.90%
R00084,2025-10-12T00:00:00Z,A2,phone,C1 107.52,fee=-20.09; items=1; WaIvE=true; adj=+8.17%; flag=U
R00022,2025-10-22T00:05:35Z,A1,app,96.92 C1,items=5; adj=+14.07%; fee=-11.39
R00163,2025-09-24T20:13:00Z,A4,web,C1 691.37,WaIvE=true; adj=+0.62%; flag=U; items=2; fee=+5.79
R00129,2025-11-16T17:46:40Z,A6,phone	,C1 115.50,fee=+26.93; flag=T; items=25; adj=+22.80%
R00252,2025-08-19T22:25:37Z,A1,app, 205.57 C1 ,flag=R; fee=+25.00; adj=+4.02%; waive=true; items=5
R00272,2025-09-12T20:17:00Z,A4,phone	,C173.70,adj=+4.68%; items=10; fee=+32.09; WAIVE=TRUE; flag=S
R00171,2025-09-03T09:15:26Z,A2,email,"48,56 C2",flag=U; WaIvE=true; items=10; fee=-31.32; adj=+19.26%
R00277,2025-10-15T21:41:00Z,A7,PHONE,C1 189.17),fee=+3.19; WAIVE=TRUE; flag=U; items=6
R00174,2025-10-20T13:01:00Z,A5,phone	,78.43 C1,adj=+5.28%; fee=+9.24; items=3
R00118,2025-09-26T18:04:11Z,A2,app,-C1 123.45,adj=-6.71%; fee=+11.90; items=8
R00124,2025-10-29T04:13:00Z,A6,app,"17,59 C2",adj=+3.93%; flag=R; items=2
R00016,2025-09-19T11:32:00Z,A4,PHONE,148.88 C1,items=2; flag=T; fee=-140.40; adj=-19.98%
R00016,2025-05-10T13:37:00Z,A6,app,128.96C2,adj=-0.03%; fee=-4.76; flag=N; items=1
R00243,2025-11-04T15:30:31Z,A2,web,"52,51C2",flag=T; items=5; adj=-5.64%; fee=+36.71
R00132,,A1,phone,,adj=-2.73%; fee=+47.55; flag=S; items=0
R00122,2025-09-08T23:18:38Z,A7,Phone,,flag=N; items=2; fee=-34.98; adj=+7.59%
R00065,2025-08-11T18:49:00Z,A5,app,,fee=+5.88; WAIVE=TRUE; items=10; flag=S; adj=-16.28%
R00193,2025-09-29T00:00:00Z,A6,Phone,(-C1 69.75) ,adj=-1.42%; items=5
R00224,2025-10-28T00:00:00Z,A1,web,,items=0; adj=+2.91%; fee=-30.18
R00050,2025-09-14T17:48:00Z,A8,phone,C1 122.29,items=2; waive=true; fee=+14.39
R00218,2025-10-15T00:31:44Z,A2,PHONE,47.60 C1,adj=-4.39%; fee=+2.08; items=3; flag=N
R00176,2025-11-05T14:34:00Z,A8,PHONE,(-C1 128.18),items=6; adj=-10.81%
R00053,2025-08-02T17:27:31Z,A2,phone,87,fee=+25.78; adj=-4.09%; items=1
R00139,2025-09-20T00:04:00Z,A3,phone	,"145,75 C2",items=6; fee=+38.49; WaIvE=true; flag=U; adj=+14.93%
R00039,2025-09-16T08:21:00Z,A8,app,C190.86),flag=U; adj=+0.93%; fee=-15.26; items=1
R00274,2025-08-31T09:27:22Z,A8,PHONE,140.732,adj=-8.93%; items=5; fee=+17.82; waive=true
R00115,,A8,phone," 106,67 C2",items=5; fee=-51.68; adj=-4.74%
R00178,2025-08-24T13:20:00Z,A7,email," C1 64,39",items=1; fee=+6.00; flag=U; adj=-9.03%
R00049,2025-11-16T07:40:31Z,A3, phone ,64,fee=-10.80; adj=-20.03%; items=2; flag=R
R00188,2025-10-08T18:26:45Z,A3,phone	,(61.30 C1),adj=+7.45%; items=0
R00041,2025-10-31T20:43:09Z,A2,phone	,134.00 C1,items=3; adj=+4.99%
R00141,2025-04-11T00:39:00Z,A3,PHONE,120.68,items=12; fee=+1.31
R00051,2025-11-12T22:55:03Z,A2,PHONE,"74 , 11 C2",items=2; adj=+20.47%; fee=+3.74; flag=N
R00244,2025-10-10T18:29:00Z,A6, phone ," 86,44 C2)",adj=+3.18%; flag=T; items=2; WaIvE=true; fee=-0.01
R00250,2025-11-03T07:29:00Z,A7,email,-C1 123.45,adj=+5.15%; fee=-16.59; flag=S; items=4
R00195,2025-08-01T05:05:40Z,A6,phone,24 . 71 C1,adj=-8.98%; items=50
R00113,2025-08-26T15:18:13Z,A6,phone, 66.32 C1,adj=-1.68%; fee=+3.55; flag=T
R00103,2025-11-04T02:25:37Z,A1,PHONE,CR 72,fee=-4.99; items=10; flag=R
R00187,2025-10-11T17:44:20Z,A8,email,"61,91 C2",flag=S; items=3; adj=-2.30%; fee=+39.43
R00018,,A1,phone	,313 ,fee=-29.70; adj=-2.65%; items=3
R00032,2025-09-12T02:39:32Z,A8,phone,12.345 C2,adj=+4.29%; items=5; fee=+26.62; flag=R; waive=true
R00281,2025-08-17T00:00:00Z,A8,PHONE,95.23,fee=+19.33; items=1; adj=+13.23%
R00117,2025-08-21T15:47:00Z,A3, phone ,87.91 C1,items=3; adj=+7.97%; flag=T; fee=+23.40
R00058,2025-03-09T23:21:00Z,A7,PHONE,,adj=-6.36%; fee=-3.00; items=4
R00026,2025-12-01T14:47:47Z,A2,phone	,"42,96 C2 ",waive=true; items=2; adj=-5.08%; flag=T
R00226,,A1,email,C1 97.12,flag=T; items=6; fee=+17.14; adj=-21.40%
R00153,2025-11-14T00:00:00Z,A8,web,92 C2,fee=+29.04; items=2; adj=+4.67%; flag=N
R00267,2025-09-24T09:35:58Z,A8,phone,167.80 C1,adj=+3.70%; fee=-9.12; flag=N; items=50
R00067,2025-11-07T00:33:00Z,A6,phone,145 CR,flag=U; adj=+7.48%; fee=+16.72
R00045,2025-09-28T16:53:00Z,A8,web,(C1 123.45),fee=+45.33; items=3; adj=-2.54%
R00265,2025-09-25T00:00:00Z,A1,PHONE,"227 , 15 C2 ",adj=+8.99%; flag=R; items=1
R00250,2025-10-13T05:23:00Z,A2,phone	,"C1 12,345",items=1; fee=+13.48; flag=R
R00203,2025-12-10T06:05:00Z,A1,phone,,adj=+7.47%; fee=-6.00
R00222,2025-12-22T12:04:49Z,A4,app,81.48 CR,adj=+11.35%; items=2; fee=+12.90
R00274,2025-09-04T23:59:28Z,A6,web,C155.17,flag=U; fee=+17.44; adj=+0.08%; items=0; WaIvE=true
R00014,2025-10-21T00:00:00Z,A1,email,,flag=N; items=1; adj=-1.72%; fee=+5.06
R00038,2025-11-14T18:26:00Z,A7,app,123.76 C1,items=5; fee=-39.20; flag=T
R00084,2025-12-01T04:01:05Z,A2,email," 108,74 C2",fee=-34.07; flag=R; adj=-7.45%
R00282,2025-08-22T11:58:00Z,A2,phone,126.90,fee=+9.79; adj=-16.46%; items=1; flag=S
R00222,2025-10-09T00:00:00Z,A4, phone ,C1 134.93 ,fee=+8.74
R00187,2025-09-18T00:00:00Z,A4,app,C1 108.30 ,adj=+1.02%; items=1
R00205,2025-09-12T10:47:00Z,A6,email,"C1 65,50",flag=R; items=0; fee=+17.91; adj=-2.05%
R00230,2025-12-29T20:41:08Z,A3,phone,82.61 C1 ,fee=+21.04; items=8; adj=+3.67%
R00238,2025-09-21T10:40:00Z,A8,web,118.26C1,adj=-12.85%; items=3; fee=-33.71
R00206,2025-09-02T05:28:00Z,A6,Phone,78 C2,fee=-25.83; items=1; adj=+10.28%; flag=S
R00138,2025-11-22T21:21:11Z,A2,web, 105.89,fee=-9.96; adj=+9.74%; flag=N; items=50
R00063,2025-10-23T04:24:08Z,A3,email,"67,14 C2) ",adj=-4.18%; items=5; fee=-10.92
R00261,2025-09-09T09:16:00Z,A5,email,C1 68.17,items=4; fee=+30.34; adj=+26.23%
R00083,2025-12-09T03:35:02Z,A8,email,C1 72.36,adj=-24.28%; fee=-25.39; items=25; flag=N
R00012,2025-11-07T02:30:00Z,A7,web,C1 100.00,items=1; adj=+0.00%; fee=+0.00
R00189,2025-09-29T23:46:34Z,A1, phone ,83.72 C2,flag=R; adj=-0.76%; items=8; fee=+3.14
R00174,2025-10-08T21:55:14Z,A1,email,162.38,items=2; adj=-0.73%; flag=S; fee=-2.30
R00286,2025-08-22T17:29:11Z,A1,app,,fee=-19.15; adj=-12.93%; items=10
R00041,2025-12-24T18:07:45Z,A8,Phone,C1 67 . 48,items=4; adj=-1.47%
R00002,2025-11-19T04:43:14Z,A8,app,89.70,flag=T; items=0; fee=+25.66; adj=-4.74%
R00076,2025-08-26T23:52:53Z,A7,Phone,,flag=U; adj=-14.69%; fee=-7.89; items=2
R00283,2025-09-22T02:02:00Z,A1,email,,items=10; WAIVE=TRUE; flag=U; fee=-40.72
R00253,2025-08-04T04:44:28Z,A1,phone,76.16,
R00286,2025-09-11T08:13:00Z,A2,Phone,,flag=T; items=1; fee=+0.36; adj=+9.08%
R00066,2025-09-28T00:00:00Z,A5,email,"75,95 C2",items=10; adj=+4.96%; flag=T; fee=+5.26
R00218,2025-10-29T00:00:00Z,A3,phone,80,items=2; adj=-3.07%; flag=T; fee=+19.43
R00051,2025-09-08T02:04:38Z,A7,phone,"79,22 C2",items=2; adj=+15.56%; WAIVE=TRUE; fee=-7.56
R00256,2025-09-27T10:09:00Z,A1,phone,124.59 C1 ,items=10; adj=+1.25%; fee=-63.72; flag=N
R00193,2025-11-14T06:51:00Z,A7,email," 106,36 C2",fee=-9.20; items=3; adj=+5.67%
R00226,2025-08-22T08:49:00Z,A6,PHONE, C1 147.41 ,items=1; adj=+9.83%
R00138,2025-10-15T10:09:00Z,A1, phone ,,fee=-32.78; items=25; flag=U
R00286,2025-09-21T01:34:00Z,A1,app,65.74 C1,items=12; adj=-13.44%; fee=-59.00; flag=S
R00047,2025-10-15T23:55:18Z,A8,Phone,(144,adj=+5.93%; flag=U; items=0; fee=+94.32
R00086,2025-10-31T18:48:00Z,A1,phone,107.06C2,flag=U; adj=-2.19%; items=6
R00220,2025-10-15T06:22:00Z,A8,app,C155,fee=+39.80; items=10; adj=-15.74%
R00247,2025-10-08T00:09:00Z,A7, phone ,94 CR,adj=+5.17%; flag=U; items=4
R00207,2025-08-05T00:00:00Z,A7,PHONE,-85.79,items=0
R00046,2025-04-08T03:46:00Z,A4,phone	,124.703,items=6; flag=S
R00265,2025-02-10T03:30:00Z,A2,Phone,,fee=-6.14; items=1; flag=U; waive=true; adj=+14.33%
R00251,2025-09-09T01:18:00Z,A5,phone	,-52.45 C1,fee=+17.73; items=2; adj=+1.82%
R00159,2025-09-17T22:37:00Z,A7,phone	,,WAIVE=TRUE; flag=T; adj=-10.39%
R00031,2025-11-25T15:00:00Z,A8,email,,items=1; adj=+0.00%; fee=+0.00
R00020,2025-11-11T13:00:00Z,A1,web,C1 100.00,items=1; adj=+0.00%; fee=+0.00
R00242,2025-08-01T08:01:00Z,A4,phone,129.37 ,flag=U; items=3; adj=-0.25%; fee=+3.15
R00110,2025-09-20T00:00:00Z,A5,web,172.01,adj=+0.17%; fee=+4.08; flag=T; WaIvE=true
R00038,2025-09-24T00:00:00Z,A6,web,"94,18 C2",fee=-33.46; adj=-5.90%; flag=S
R00211,2025-08-17T07:48:00Z,A2, phone ,C1107,items=50; flag=T; fee=-24.66
R00285,2025-11-02T23:17:35Z,A5,email,536.20 C2 ,flag=U; adj=+2.09%; fee=-0.10; items=3
R00286,2025-09-03T08:49:00Z,A1,email,116.82,items=3; flag=R; fee=-39.20; adj=-3.79%
R00234,2025-09-26T14:14:07Z,A3, phone , 375.41 C2,flag=T; items=5; fee=+18.39; adj=+12.95%
R00051,2025-11-28T16:40:54Z,A7,app,125,items=50; adj=+4.77%; fee=-17.46
R00029,2025-11-12T18:27:00Z,A1,Phone,"74,36C2",adj=+14.20%; items=3; flag=R; fee=-13.08
R00139,2025-12-08T23:03:00Z,A3,app,124 C2,fee=-24.96; adj=-4.19%
R00046,2025-09-24T17:29:32Z,A3,phone	,,adj=+9.76%; flag=S; fee=+10.16; items=2
R00009,2025-09-21T06:11:00Z,A5,web,C1 62.00,adj=-8.07%; flag=S; items=12; fee=-1.19
R00131,2025-08-15T15:26:55Z,A4,phone,,adj=+2.50%; waive=true; items=5
R00088,2025-08-27T04:18:13Z,A8,PHONE,191,fee=+9.02; adj=-6.41%; flag=S; items=8
R00246,2025-12-07T20:35:22Z,A5,phone	, 85,adj=-0.64%; fee=-29.84; items=4; waive=true
R00245,2025-09-16T14:33:00Z,A2,PHONE,"70,89 C2",adj=-2.56%; flag=N; items=10
R00092,2025-09-28T00:00:00Z,A3,email,203 . 35,fee=-7.75; items=2; adj=-5.67%; flag=U
R00264,2025-09-13T06:18:45Z,A1, phone ," 136,69 C2",items=1; adj=-3.60%
R00048,2025-11-07T07:00:00Z,A3,web,C1 100.00,items=1; adj=+0.00%; fee=+0.00
R00298,2025-10-02T16:13:59Z,A2,web,"(87,96 C2",flag=U; fee=+22.25; adj=-0.36%; items=6
R00160,,A3,email,C1 79.30,adj=+2.24%; items=6; fee=-46.22
R00294,2025-08-21T15:58:00Z,A7,email,,adj=-17.06%; items=2; fee=-16.39
R00208,2025-02-08T04:18:00Z,A2,phone	,495.67,flag=R; fee=-89.68; adj=-10.41%; items=4
R00195,2025-10-14T10:55:00Z,A2,PHONE,C1 192.25,flag=N; items=4; adj=+15.36%; fee=+24.09
R00011,2025-11-13T21:07:00Z,A1,PHONE,C1 60.21,items=2; flag=T; fee=+104.96; adj=+7.64%
R00194,2025-08-15T05:12:00Z,A8, phone ,76,items=3; adj=+2.45%; fee=+1.57
R00061,2025-12-15T17:34:58Z,A5,Phone,C1 83.20,fee=+11.34; items=4; adj=-3.02%
R00291,2025-08-04T18:13:00Z,A4,phone	,101.68 ,items=4; adj=+11.80%; fee=+0.02; flag=S
R00121,2025-08-14T07:27:00Z,A8,phone,"(136,51 C2)",flag=R; items=2; adj=-4.65%; fee=-3.96
R00224,2025-08-15T00:00:00Z,A4,PHONE,C188CR,adj=+4.47%; fee=-16.14; items=8; flag=N
R00297,2025-11-13T18:15:00Z,A3,Phone, 92.24 C1 ,adj=+6.17%; fee=-5.82; items=3
R00291,,A6,web,"108,05 C2",items=50; fee=+27.31; adj=-13.39%
R00124,2025-09-26T18:35:34Z,A1,phone	,84.357,flag=U; adj=-8.44%; fee=+7.96; items=5
R00184,2025-10-16T05:37:00Z,A1,phone,-C1 123.45,adj=-1.22%; fee=-28.66; items=8; flag=R
R00010,2025-12-28T14:22:00Z,A3,email,126),fee=-16.94; items=10; adj=-0.29%
R00133,2025-08-08T03:19:34Z,A7,Phone,176.93,adj=-0.39%; fee=+28.74; flag=N
R00241,,A3,web,91.57 ,items=8; WAIVE=TRUE; flag=R; fee=+23.11; adj=+0.62%
R00106,2025-11-09T08:24:00Z,A6,email, C1 301.35,adj=-2.10%; fee=-12.75; flag=U; items=3
R00173,2025-09-29T00:47:57Z,A5, phone ,"158 , 20 C2",adj=+4.38%; items=1; flag=U; fee=-14.93
R00051,2025-10-04T00:56:36Z,A3,email,"49,44 C2",adj=+2.29%; WaIvE=true; fee=-128.34; items=1; flag=R
R00191,2025-08-08T05:21:50Z,A7,phone,137.810,adj=-1.49%; items=12; fee=-10.66
R00152,2025-09-18T16:01:00Z,A3,phone,,items=50; adj=+8.53%; fee=-23.31
R00037,2025-10-18T22:09:00Z,A6,Phone,"38,94 C2",flag=U; adj=-3.81%; items=12
R00262,2025-08-31T12:47:11Z,A5,phone,C1 357.00,adj=+2.23%; fee=-29.54; items=2; flag=U
R00249,2025-09-11T11:30:22Z,A3,phone	,"159,25 C2",adj=+4.71%; fee=+166.29; items=10; flag=T
R00159,2025-10-11T04:02:51Z,A7,phone	,,flag=R; items=50; adj=-0.35%
R00095,2025-10-31T19:24:48Z,A8, phone ,"1.234,56 C2",fee=-37.48; adj=+11.86%
R00286,2025-09-27T04:18:17Z,A2,email,"1.234,56 C2",items=1; adj=+13.61%; WaIvE=true; fee=+16.11; flag=N
R00068,2025-08-28T16:48:00Z,A7,app," 98,01 C2",items=6; fee=+16.25; flag=R
R00219,2025-09-02T05:33:00Z,A3,email,"52,35 C2",items=2; flag=N; fee=-4.87; adj=+5.71%
R00266,2025-08-28T21:00:48Z,A1,phone	,37,items=12; adj=+4.30%; fee=+6.30
R00244,2025-08-18T03:26:00Z,A5,app,56.07 C1 ,items=1; fee=+30.72; adj=-10.29%
R00208,2025-03-10T22:06:00Z,A6,phone,C1 63.23,adj=+5.70%; fee=+25.06; items=0
R00017,,A8,PHONE,(-51.12),items=3; adj=-10.79%; fee=+29.33
R00207,2025-08-13T00:15:02Z,A2,phone,(330.956,items=12; adj=-5.79%; fee=-26.94
R00204,2025-10-17T08:27:00Z,A6,Phone,"25,38 C2",flag=U; items=4; fee=+14.98
R00075,2025-10-23T14:03:18Z,A3,web,,adj=-5.33%; items=1; fee=+7.49
R00212,2025-11-29T22:38:10Z,A1,phone	,76.513,items=0; adj=+5.15%; fee=-14.83
R00236,2025-09-26T00:00:00Z,A1,phone	,94 ,flag=R; adj=-5.57%; items=4
R00290,2025-08-07T00:00:00Z,A4, phone ,,fee=-0.34; items=1
R00067,,A7,phone, 83.29,items=4; fee=-77.16; adj=-2.87%
R00110,2025-09-29T03:00:00Z,A8,phone,130.50 C1,fee=-4.33; items=50
R00091,2025-08-21T04:30:00Z,A3,web,C1 123.79,items=6; adj=-6.67%; fee=+3.99
R00246,2025-11-07T05:20:00Z,A5, phone ,"(251,26 C2 ",items=2; adj=+13.85%
R00032,2025-11-14T05:19:01Z,A2,email,C1121.17,items=12; fee=-6.78
R00119,2025-09-10T02:08:00Z,A5,email,356,fee=-35.73; flag=R; items=6; adj=+4.45%
R00002,2025-11-09T06:05:00Z,A5,phone," 96,38 C2 ",adj=+5.47%; flag=U; items=8; fee=-18.91
R00258,2025-10-04T10:50:47Z,A5,phone,C1 80.53,adj=+5.32%; fee=-20.65; flag=T; items=3
R00118,2025-10-11T05:00:00Z,A5,email,148.29 C1,flag=R; items=12; adj=+7.39%
R00271,2025-11-06T11:41:00Z,A5,web,,flag=N; adj=+10.36%; items=2; fee=-16.32
R00173,2025-11-29T19:07:22Z,A5,Phone,77,fee=-4.55; adj=-5.42%; flag=N
R00085,2025-09-02T11:50:00Z,A8, phone , C1 48.57,items=3; fee=+41.68; adj=+10.89%; flag=T
R00101,2025-08-06T16:32:51Z,A1, phone ,,adj=+23.91%; items=8; WaIvE=true; fee=+11.39
R00044,2025-09-04T07:52:38Z,A8,email,"52,30 C2",fee=-37.13; waive=true; flag=U; adj=+1.70%; items=12
R00281,2025-09-27T08:42:12Z,A3,app,C1 42.68,adj=-3.14%; fee=-28.60; flag=T; items=4
R00002,2025-11-20T09:30:00Z,A8,email,"1.234,56 C2",fee=-0.30; adj=-1.26%; items=25
R00068,2025-09-16T13:15:21Z,A4,Phone,45.27 C1,WAIVE=TRUE; adj=-3.60%; items=10
R00212,2025-10-31T02:38:00Z,A4,phone,,items=1; fee=-4.82; WAIVE=TRUE
R00212,2025-11-04T18:32:00Z,A1,Phone,188.64 C1,flag=R; items=1; adj=-9.58%
R00220,2025-10-30T09:50:00Z,A1,email,-108.20 C1,items=50; adj=+4.47%
R00109,2025-09-12T23:33:27Z,A2,phone,"166,03 C2",fee=+25.42; items=3; adj=+4.75%
R00173,2025-09-11T03:55:10Z,A4,PHONE,33.58 C2,adj=+10.95%; flag=S; items=2; fee=-3.51
R00035,2025-08-29T18:13:00Z,A6, phone ,C1 154.53 ,items=50; fee=-4.08; WaIvE=true; flag=T
R00213,2025-08-22T09:18:37Z,A2,phone	,"C1 12,345",items=8; adj=+13.69%
R00168,2025-10-12T08:31:30Z,A2,web,119 . 69,adj=+1.33%; flag=N; items=3; fee=-15.19
R00168,2025-11-11T22:35:36Z,A5,web,102.762 ,adj=+1.37%; items=5; fee=+45.60
R00123,2025-12-10T11:40:12Z,A4,email,(96 C2,items=2; adj=+7.01%; fee=-43.38
R00072,2025-01-09T13:31:00Z,A2,PHONE,43.43,adj=+20.47%; fee=-6.27; items=8
R00059,2025-09-28T06:12:00Z,A4, phone ,78.96 C1,fee=-7.28; items=10; flag=R; adj=-13.66%
R00123,2025-10-20T23:26:00Z,A2,Phone,"809,74 C2",
R00210,2025-09-06T04:47:00Z,A1, phone , C1 145,WAIVE=TRUE; fee=-21.41; flag=S; adj=-5.58%; items=1
R00210,2025-10-25T18:59:22Z,A1,web," 125,12 C2",items=3; fee=-1.99; adj=+5.31%; flag=T
R00194,2025-11-02T01:35:18Z,A2,Phone,,fee=+44.54; items=12; adj=-4.67%
R00054,2025-08-04T16:05:00Z,A2,PHONE,"63,70 C2 ",fee=+24.81; adj=-0.85%; WAIVE=TRUE; flag=R
R00119,2025-11-10T22:25:14Z,A2, phone ,(89.35 C1,adj=-0.96%; items=1; fee=-10.29
R00231,2025-10-21T20:46:28Z,A5,phone	, C1 80.92,flag=T; items=50; fee=+0.89; adj=+0.11%
R00212,2025-09-09T00:00:00Z,A5,phone,,flag=S; items=8; waive=true; fee=+1.29; adj=+3.11%
R00238,2025-11-01T15:54:00Z,A6,phone,,adj=-5.13%; flag=R; fee=+0.60; items=6
R00009,2025-12-11T13:45:00Z,A3,PHONE,"198,44 C2",adj=-11.93%; items=8; flag=R; fee=-42.68
R00172,2025-12-17T09:23:03Z,A6,phone	,117.132,fee=+38.20; items=3; adj=+14.05%
R00008,2025-11-09T02:30:00Z,A1,web,C1 100.00,items=1; adj=+0.00%; fee=+0.00
R00036,2025-10-09T00:00:00Z,A5,phone,,items=50; flag=S; adj=+4.35%; fee=+43.77
R00080,2025-11-07T08:00:00Z,A1,web,C1 100.00,items=1; adj=+0.00%; fee=+0.00
R00192,2025-10-26T21:11:38Z,A6,phone	,53.21 C1,fee=-14.66; adj=+2.30%; flag=U; items=12
R00280,2025-09-03T12:59:00Z,A8,phone,"97,41 C2",adj=+20.07%; fee=+8.50; items=5
R00158,2025-09-27T03:52:20Z,A4,PHONE,,fee=-23.04; adj=-2.76%; items=6
R00252,2025-09-11T23:04:00Z,A1,web,-C1 123.45,flag=S; items=1; adj=-10.15%; fee=-22.17
R00100,2025-08-13T00:00:00Z,A4, phone ,54 . 360,items=1; adj=-1.80%; fee=+19.35
R00271,2025-09-30T16:05:06Z,A8,phone	,66.79,flag=T; fee=-18.88; items=5
R00299,2025-10-21T00:00:00Z,A2,app, 41.35 C1 CR,adj=+3.08%; flag=S; items=1; fee=-20.09
R00217,2025-08-15T08:53:09Z,A2,phone,66 C2,adj=+5.27%; items=4; fee=-27.11
R00066,2025-09-05T17:05:29Z,A4,phone, 188.10 C1),fee=+136.48; adj=-5.44%; items=5; flag=R
R00272,2025-10-15T10:33:00Z,A1,Phone,80,flag=S; adj=+4.76%; items=3; fee=+8.99; WAIVE=TRUE
R00271,2025-09-15T01:26:17Z,A7,phone	,167,flag=U; items=8; adj=-13.90%; fee=-11.07
R00260,,A1,phone,"67,54 C2",fee=+11.92; adj=+4.84%; items=1
R00017,2025-08-18T00:00:00Z,A8,phone,-134.23C1,items=6; adj=+10.85%
R00083,2025-08-24T06:33:00Z,A1,phone, C1 61.80),flag=R; items=6; adj=+2.76%
R00053,2025-09-26T06:22:00Z,A5, phone ,93.83,fee=-7.41; adj=-2.16%; flag=U; items=3
R00293,2025-09-23T10:58:00Z,A1,phone, 115,fee=+13.85; adj=+6.32%
R00178,2025-10-25T08:44:00Z,A3,PHONE,(-C1 67.72) ,items=1; adj=+1.83%; WaIvE=true; fee=-23.50
R00195,,A5, phone ,76.22,adj=+8.02%; items=3
R00113,,A6,app,"140,64 C2",adj=-18.70%; items=2; fee=+8.37
R00178,2025-11-15T10:18:00Z,A5,Phone,-110 . 63C1,fee=+12.72; adj=-5.71%; flag=N
R00268,2025-08-21T06:33:00Z,A4,phone,C188,adj=+3.19%; flag=N; fee=-3.12; items=3
R00184,2025-09-30T01:33:00Z,A6,PHONE,"61,56 C2",flag=T; adj=-3.91%; items=5
R00113,,A4,Phone,108.98 C2,flag=N; fee=-20.42; adj=+10.90%; items=6
R00136,2025-02-10T03:04:00Z,A4,email, C1 130 ,items=1
R00273,2025-10-24T06:25:00Z,A5,email,115.40 C1,flag=R; adj=+4.28%; items=2
R00172,2025-08-15T15:16:57Z,A6,phone	,134.95 C1,items=50; adj=-7.99%; fee=+15.41
R00034,2025-09-29T01:13:55Z,A8,phone	,"C1 12,345",items=0; flag=N; fee=+36.07
R00009,2025-12-18T18:45:00Z,A2,web,,fee=-11.18; adj=-8.02%; items=0
R00079,2025-10-24T00:00:00Z,A6, phone , 72,adj=-11.73%; fee=+11.07; flag=N; items=2
R00216,2025-08-28T16:09:00Z,A8,PHONE,,adj=+5.11%; fee=-39.67; items=0; flag=T
R00248,2025-12-24T22:51:35Z,A8,email, 139.46 C1,adj=-15.86%; items=1; fee=+8.76; flag=R
R00269,2025-10-21T00:00:00Z,A3,phone,98.57 C1,fee=+12.65; adj=-4.94%; items=3
R00175,2025-08-03T03:53:00Z,A2,phone,"C1 1,234.56",flag=U; adj=-8.72%; items=1; waive=true; fee=-17.51
R00287,2025-10-15T10:55:00Z,A7,phone,CR 108,flag=T; adj=+2.59%; fee=-2.92; items=2
R00279,,A5,phone	,C1 116.63,items=1; flag=U; fee=-4.87; adj=+12.31%
R00089,2025-09-20T06:53:26Z,A4,phone	,C1 95.88,flag=U; adj=-2.07%; fee=+5.44
R00299,2025-12-11T19:52:16Z,A5,PHONE,C1 87.44,fee=-13.94; items=50
R00289,2025-11-07T00:00:00Z,A2,email,,adj=-3.97%; fee=-8.42; items=50; flag=T
R00251,2025-08-02T18:48:00Z,A1,web,85.344,items=50; fee=-51.30; waive=true; flag=S
R00076,2025-08-16T02:49:00Z,A7,web,127.76 C1,items=5; flag=S; adj=-10.81%; fee=-10.46
R00078,2025-10-15T07:36:00Z,A1,phone,45.456,WAIVE=TRUE; items=4; fee=-27.27; adj=+5.23%; flag=N
R00080,2025-11-10T08:00:00Z,A1,web,C1 100.00,items=1; adj=+0.00%; fee=+0.00
R00034,2025-11-14T18:41:19Z,A3,Phone,C1 142.17,flag=U; fee=-39.10; items=50; adj=+14.01%
R00280,2025-11-20T02:17:19Z,A8,phone	,140.693,flag=R; fee=+8.66; adj=-2.41%; items=1
R00021,2025-08-22T22:17:00Z,A3,web,"(129,98 C2",items=8; adj=-4.38%; flag=S
R00187,2025-09-15T00:37:37Z,A7,Phone,C1 389.41,adj=+3.38%; fee=+43.62; WAIVE=TRUE; items=12
R00098,,A6,app,(C1 76.40,items=6; adj=-5.96%; fee=+4.49
R00157,2025-09-18T16:04:23Z,A8,phone	,146.449,items=10; fee=-3.23; adj=+15.85%
R00016,2025-11-12T08:00:00Z,A1,web,C1 100.00,items=1; adj=+0.00%; fee=+0.00
R00140,2025-09-16T18:25:00Z,A4,Phone,C1 91.70,flag=R; items=10; adj=+12.87%
R00270,2025-10-23T11:41:18Z,A5,email,71.84 C1,flag=R; items=1; adj=+0.62%; fee=+12.74
R00203,2025-08-22T00:36:50Z,A8,email,80.512,items=2; fee=+22.10
R00140,2025-08-16T06:22:00Z,A6,Phone,(C1 72.80),flag=U; adj=-4.70%; items=50
R00203,2025-09-15T22:28:46Z,A8,email,113.39,items=12; flag=S; fee=+21.88; adj=-1.19%
R00149,2025-12-10T05:28:37Z,A2,app,125.48 ,adj=+1.82%; items=8; fee=+16.00
R00049,2025-11-04T08:02:00Z,A8,phone,76.73 ,fee=-12.93; items=12; adj=-10.68%
R00151,2025-08-16T17:12:02Z,A7,email,53.98 C1,items=8; adj=+6.18%; WAIVE=TRUE
R00298,2025-08-14T19:16:00Z,A5,phone,C1 102.28,fee=+14.05; adj=+2.61%
R00026,2025-12-18T18:45:00Z,A8,web,"1.000,00 C2",flag=U; adj=-6.73%; items=1; fee=+2.59
R00232,2025-08-08T19:38:00Z,A3,app,115.95 C1,
R00013,2025-08-08T00:00:00Z,A7, phone ,"C1 12,345",items=3; adj=-2.56%
R00078,2025-09-13T00:47:14Z,A7,app, 162.77,adj=-4.47%; items=4; fee=-21.80; flag=R
R00033,2025-11-20T04:00:00Z,A2,email,,flag=R; fee=-7.26; adj=-1.39%; items=0
R00023,2025-09-08T20:46:17Z,A1,email,195.88,fee=+0.12; flag=U; adj=-2.08%; items=1
R00055,2025-10-03T16:54:50Z,A6,email,141.06 C1 ,adj=-0.46%; fee=-3.06; items=1
R00056,2025-11-10T02:30:00Z,A1,web,C1 100.00,items=1; adj=+0.00%; fee=+0.00
R00151,2025-10-28T15:24:01Z,A1,phone	,12.345 C2,fee=+8.01; items=4; adj=-5.30%
R00091,2025-08-16T03:08:12Z,A5,phone	,C1 74.29,waive=true; fee=-3.77; items=5; flag=S; adj=+17.05%
R00163,2025-12-21T13:07:07Z,A5,phone	, 66 C2 ,adj=-10.17%; fee=+45.15; items=2
R00205,2025-08-16T01:53:00Z,A4, phone ,"70,06 C2",WaIvE=true; adj=+1.13%; items=0; fee=+26.11; flag=S
R00204,2025-05-11T09:36:00Z,A4,Phone,69 C2,items=1; adj=+15.92%; flag=R
R00119,2025-09-18T03:00:00Z,A2, phone , (-C1 159.81),fee=-6.50; WaIvE=true; items=10; adj=-3.60%
R00297,2025-08-08T14:06:00Z,A8,app, 336,adj=-5.15%; items=3; flag=R; fee=-13.64
R00133,2025-09-16T09:58:00Z,A8,phone	,C1 135.96,items=8; fee=+0.22; flag=N; adj=+5.95%
R00120,2025-09-04T00:00:00Z,A3,web,C1 98.85,
R00024,2025-10-13T23:54:00Z,A6,Phone,C1 75.42,flag=N; items=1; fee=+3.57
R00115,2025-12-30T01:52:09Z,A8,Phone,113.401 ,fee=+32.42; items=2
R00144,2025-08-08T09:23:00Z,A3,app,(C1 123.45),adj=+2.26%; items=8; flag=S; fee=+13.07
R00256,2025-10-24T20:56:00Z,A7,phone,(C1 59.15,items=5; adj=+0.75%; fee=+31.28; WAIVE=TRUE
R00083,,A5,email,67.59,flag=U; items=6
R00042,2025-10-10T14:52:31Z,A1,phone,"76,73 C2",adj=+14.90%; flag=R; items=2; fee=+17.52
R00224,2025-10-29T08:29:31Z,A5, phone ,57.55,fee=+8.28; flag=R; items=6; adj=-1.30%
R00144,2025-10-28T00:00:00Z,A7,Phone,"(C1 124,67",adj=+5.32%; items=2; fee=+27.00
R00064,2025-11-11T08:00:00Z,A1,web,C1 100.00,items=1; adj=+0.00%; fee=+0.00
R00153,2025-09-30T16:56:00Z,A2,phone	,C1142,items=6; adj=+17.49%; flag=U; fee=+41.21
R00268,2025-08-03T00:00:00Z,A4,phone	,64.23 C1,flag=R; items=4; adj=-0.82%
R00144,,A3,web, 166.35 C1,fee=+12.96; items=1; adj=+14.27%
R00175,2025-12-13T17:14:43Z,A4,Phone, 140.41 C1,flag=U; adj=-9.66%; items=2; fee=-11.19
R00239,2025-09-30T18:03:00Z,A2,PHONE,67.53,adj=+6.32%; fee=+16.04; items=1
R00108,2025-09-09T07:29:00Z,A1,PHONE,135.44,fee=+1.76; adj=+5.84%; items=25
R00005,2025-11-07T16:50:36Z,A1,phone,,items=10; fee=-6.80; WaIvE=true; adj=+1.69%
R00279,,A5,PHONE,,adj=+3.11%; fee=-21.61
R00145,2025-10-30T00:00:00Z,A2,email, 117 C2,items=1; flag=N; adj=+17.33%
R00178,2025-09-19T05:51:00Z,A1,web,,items=1; adj=-0.34%; fee=-12.17; waive=true
R00165,2025-09-08T21:58:00Z,A7,phone, 104.80 C1,flag=T; fee=-16.08; adj=-16.20%; items=1
R00157,2025-09-23T15:42:00Z,A6,phone	,C1 37.42,items=3; fee=+17.69; adj=-3.30%
R00209,2025-09-02T07:18:29Z,A3, phone ,C1 33.78,adj=-5.55%; fee=+1.13; waive=true; items=6
R00130,2025-10-20T01:13:00Z,A4,app,C1 96.87,items=1; adj=-0.84%
R00043,2025-10-08T00:00:00Z,A7,email," (-53,65 C2)",adj=+12.13%; fee=+27.71; items=4; flag=R
R00289,2025-09-15T07:45:13Z,A2, phone ,110.15,flag=S; items=50; adj=-5.50%; WAIVE=TRUE; fee=-7.86
R00194,2025-11-13T19:55:14Z,A5,PHONE, 69.36 C1 ,flag=R; adj=-9.85%; items=8
R00013,2025-10-27T03:17:00Z,A8,phone	,-197.43,fee=+4.32; adj=-10.05%; items=5
R00083,2025-11-03T02:53:00Z,A8,email,C1 81.45 CR,fee=+17.59; adj=-14.99%
R00096,2025-08-15T16:13:22Z,A6,PHONE,38,items=1; adj=+8.70%; flag=T; fee=-3.92
R00046,2025-10-16T21:56:00Z,A3,phone, 121.03 C1,fee=-12.00; adj=-3.33%; flag=N; items=2
R00071,2025-10-22T00:00:00Z,A8,app,"133,30 C2",items=1; fee=+17.27; flag=R; adj=+19.81%
R00040,2025-08-17T00:00:00Z,A7, phone ,(C1 69 . 37,fee=+26.66; items=4; adj=-12.75%
R00269,2025-09-30T00:00:00Z,A6,phone	,"1.234,56 C2",fee=+3.37; adj=+1.89%; items=10
R00041,2025-09-30T06:05:00Z,A8,email,,fee=+3.09; flag=S; adj=+12.37%; WaIvE=true; items=5
R00067,2025-11-12T05:11:00Z,A7,Phone,59.78,flag=T; fee=+10.32; adj=+6.90%; items=6
R00203,2025-09-28T20:52:00Z,A8,email,(-C1 94.50),flag=S; adj=+17.51%; fee=+23.06; items=50
R00240,2025-08-15T14:58:34Z,A7,app,"117,46 C2",fee=+2.69; adj=+14.41%; items=2
R00300,,A7,phone	,C1 983.11 CR,
R00054,2025-08-14T00:01:00Z,A2,phone,(62 C2,adj=-4.13%; fee=+8.71; items=1
R00276,2025-03-08T02:55:00Z,A1,phone,"73,03 C2",items=5; fee=+30.87; flag=R; adj=-8.99%
R00093,2025-09-14T00:00:00Z,A1,email,C1 88,
R00004,,A6,PHONE,C1 44.73,items=3; adj=+9.88%; fee=+11.82
R00017,2025-10-19T00:00:00Z,A6,phone,,items=3; fee=-13.22; adj=-0.24%
R00088,2025-12-04T07:20:44Z,A3,Phone,C1 129.99,fee=-31.59; items=8; flag=N; adj=-8.61%
R00165,2025-11-01T00:34:43Z,A3,Phone,C1750.86,
R00014,2025-09-25T06:40:00Z,A7,email,(-C1 72) ,adj=-10.71%; items=10; WAIVE=TRUE; fee=-29.58; flag=R
R00135,,A3,phone	, 82.78 C1 ,flag=S; items=2; fee=+13.91; adj=+9.00%
R00130,2025-09-20T14:14:58Z,A5,Phone, (135.24 C1) ,adj=-0.78%; items=5; fee=+36.39
R00290,2025-09-24T06:19:54Z,A4,phone,C1 77.20,adj=+2.35%; waive=true; items=1; fee=-1.50
R00299,2025-09-22T14:04:00Z,A5, phone , (C1 207.82),adj=+1.36%; fee=-0.58; flag=R; items=50
R00192,2025-04-09T06:45:00Z,A5,Phone,C1 202.91,flag=R; items=6; fee=+6.39; adj=+5.97%
R00055,2025-09-02T01:25:00Z,A4,PHONE,80.12C1,adj=+8.65%; fee=+18.80; items=1
R00149,2025-11-04T14:13:00Z,A6,email,120.29 C1,fee=+11.82; flag=U; items=2; adj=+10.30%
R00253,2025-09-12T00:00:00Z,A5, phone ,"C1 167 , 95",adj=+0.45%; flag=R; fee=-19.85
R00155,,A7,email,82.307,fee=+33.66; items=4; adj=+11.06%
R00288,2025-12-11T00:11:00Z,A4,app,C1 137.34,fee=+107.73; items=2; flag=S; adj=-3.09%
R00155,2025-09-13T06:02:52Z,A1,phone,,fee=-14.75; adj=-0.73%; flag=R; items=6
R00236,2025-10-11T00:00:00Z,A8,email,300.88,adj=-1.52%; flag=N; fee=-35.06; items=12
R00100,2025-10-16T00:00:00Z,A3,app,"135,10 C2",adj=-11.23%; fee=+9.41; items=50
R00175,,A6, phone ," 408,35 C2",fee=-6.88; items=5; adj=-0.34%
R00060,2025-09-01T03:24:10Z,A6,app,"C1 65,51",fee=-6.77; items=1; adj=-1.59%
R00193,2025-09-08T08:44:00Z,A1, phone ,"C1 12,345",flag=U; adj=-5.04%; fee=+28.69; items=12
R00050,2025-09-25T16:25:55Z,A1,phone	,12.345 C2,adj=-2.31%; flag=U; items=2; fee=+31.30
R00076,2025-06-10T15:21:00Z,A3,web,49.58 ,items=1; adj=-2.48%; flag=U
R00138,2025-08-20T08:41:00Z,A6,PHONE,C1 116.68,adj=+0.49%; flag=T; items=8
R00230,2025-08-27T20:36:06Z,A3,web,CR 89 C2,items=4; fee=+9.10; adj=-12.88%
R00237,2025-12-31T01:47:00Z,A5,app,66.46 C2,adj=+5.27%; fee=+40.90; items=5
R00161,2025-09-16T09:01:00Z,A4,phone, C1 331,adj=-6.04%; flag=T; items=3; fee=+15.28
R00175,,A3,phone	,191.01,fee=-26.10; items=1; adj=-16.91%
R00029,2025-06-08T01:18:00Z,A7,web, C1 49.87,items=8; fee=+5.31
R00218,2025-10-29T07:19:12Z,A5,phone,"86,55 C2 ",WAIVE=TRUE; items=0; adj=+1.65%
R00104,2025-11-06T20:09:00Z,A5,phone	,84 . 81 C1,flag=S; adj=-3.58%; items=1
R00217,2025-10-28T00:00:00Z,A5,phone	,118.538 ,adj=-17.11%; items=8; fee=-4.97
R00099,2025-10-31T01:37:00Z,A2,Phone,65.18,items=8; fee=+6.70; adj=+11.30%; flag=U
R00185,2025-04-11T15:28:00Z,A1,email,"104,29 C2",items=2
R00048,2025-09-22T21:55:00Z,A3, phone , 56.42,items=2; fee=-52.33; adj=-8.79%
R00143,2025-09-23T05:38:00Z,A2,app, 125 . 83 C1,adj=-10.84%; items=0; flag=N
R00001,2025-08-03T04:04:31Z,A8,Phone,,adj=-10.24%; fee=+12.89; flag=T; items=3
R00250,2025-10-30T00:00:00Z,A1,email,109 . 32 C2,items=3; fee=+28.83; adj=-17.42%
R00033,2025-10-23T00:54:00Z,A8,email," 136,16 C2",items=1; fee=-5.17; adj=+3.23%
R00085,2025-10-29T01:03:00Z,A7,Phone,C1 123.53,adj=-0.08%; WAIVE=TRUE; fee=-0.28; flag=R; items=1
R00295,2025-12-10T20:37:22Z,A5,app,221.13,adj=+11.63%; fee=-1.01; items=50
R00079,2025-10-13T01:36:00Z,A7,email,,items=2; fee=-17.80; adj=+4.75%; WAIVE=TRUE
R00259,2025-11-14T15:44:00Z,A1,PHONE,57.22 C2,adj=+4.72%; items=2; fee=+27.86
R00157,2025-08-17T00:00:00Z,A3,phone	,C1 253.02,fee=-1.49; items=8; flag=U
R00177,2025-09-07T09:41:00Z,A3,phone	,53.55 C1 ,fee=-1.02; adj=-6.50%; items=2; flag=S
R00255,2025-09-08T13:17:01Z,A8,app,C1 72.12,WAIVE=TRUE; fee=+5.06; flag=N; items=5
R00019,2025-08-19T22:20:29Z,A7,phone,C1 59.72,items=3; adj=-1.07%; fee=+22.87
R00032,2025-09-23T15:06:00Z,A5,phone,,items=6; adj=-11.29%; fee=+10.50
R00069,2025-08-15T00:00:00Z,A3, phone ,C174.43,flag=S; adj=+7.20%; items=5; fee=-0.72
R00081,2025-10-14T05:31:00Z,A3, phone ,C1 99.27,adj=+7.59%; items=50; WaIvE=true; flag=R; fee=+15.98
R00093,2025-08-03T10:15:44Z,A3,phone,61.38,items=4; fee=+2.99; adj=+5.49%
R00273,2025-10-26T15:23:00Z,A5, phone ,"178,07 C2",adj=+9.30%; items=5; flag=U; waive=true; fee=+32.47
R00073,2025-10-23T05:25:17Z,A3,Phone,,adj=+17.14%; items=1; fee=-17.07
R00294,2025-10-25T00:00:00Z,A6,phone,"99,40 C2 ",fee=+35.68; items=1; adj=+0.92%
R00204,2025-10-31T04:35:28Z,A6,phone,,flag=S; items=6; fee=+14.91; adj=-3.93%
R00165,2025-10-27T02:43:00Z,A3,web,-C1 123.45,items=8; fee=-7.16; adj=+12.41%
R00148,2025-09-17T23:36:31Z,A5,email,93.991 CR,adj=+0.14%; items=8; fee=-26.72
R00115,2025-08-03T12:40:09Z,A8, phone ,119.38,adj=+9.80%; fee=+8.87; flag=T; items=0
R00115,2025-10-15T12:49:45Z,A8,phone	,,adj=+1.26%; WaIvE=true; items=1; fee=+19.47
R00088,2025-11-25T14:00:00Z,A3,email,"C1 1,234.56",items=1; adj=+0.00%; fee=+0.00
R00267,2025-09-01T00:00:00Z,A5,phone	,154.31 ,adj=+11.79%; fee=-17.53; items=6
R00190,2025-11-09T02:53:00Z,A3, phone ,C1 82,flag=T; items=6; adj=-6.24%; WaIvE=true
R00172,2025-10-25T00:00:00Z,A7,app,C1 117.08,items=25; adj=-6.63%; fee=+8.31; flag=R
R00146,2025-10-21T00:00:00Z,A1,web,"156,38 C2 ",adj=-7.63%; fee=+5.73
R00141,2025-08-06T01:08:03Z,A1,PHONE,(C1 82,adj=+19.19%
R00143,2025-09-04T07:28:09Z,A3,Phone,C1 129.09,fee=+9.99; adj=-1.66%; items=1
R00046,2025-08-11T17:48:00Z,A1,phone,81.47),items=6; flag=R; adj=+3.37%
R00078,2025-10-23T21:01:00Z,A6,PHONE,252.26 C2,fee=-29.36; adj=+2.08%; flag=T; items=4
R00038,2025-11-25T15:00:00Z,A4,web,,items=1; adj=+0.00%; fee=+0.00
R00131,2025-09-06T20:49:54Z,A4,web,139.49,flag=S; items=4; adj=-11.66%; fee=-15.29
R00264,2025-08-24T01:18:50Z,A4,email,,adj=-5.00%; items=5; WAIVE=TRUE; fee=+29.22
R00088,2025-10-09T14:08:00Z,A7,app,"80,58 C2",flag=U; items=1; adj=+6.70%; fee=+51.54
R00015,2025-08-11T06:19:00Z,A1, phone ,C1 57,fee=+2.45; adj=-0.34%
R00162,2025-11-07T13:27:00Z,A5,app,88.27,items=1; flag=S; adj=+0.58%; fee=+24.24
R00137,2025-10-22T20:12:00Z,A1,app,61.48 C1,items=50; fee=-7.13; adj=-9.92%; flag=S
R00184,2025-08-27T06:59:00Z,A4,Phone,99.58 C1,flag=S; adj=+12.95%; fee=+42.99; items=10
R00134,2025-08-28T07:50:10Z,A3,phone	,301.20C1,items=4; fee=+23.68; flag=S; adj=-4.41%
R00170,2025-08-03T22:00:30Z,A3,phone,,adj=-2.20%; fee=+18.01; items=50
R00067,2025-10-04T02:04:00Z,A5,Phone,C1 137.60 ,fee=-25.97; adj=+3.91%
R00248,2025-07-09T05:39:00Z,A4,Phone,98 C2,fee=-50.77; items=6; flag=R; adj=+5.33%
R00201,2025-09-19T22:36:29Z,A1,phone,"CR 78,71 C2",
R00177,2025-08-21T21:51:00Z,A3,phone,-C1 980.33,fee=+27.24; adj=+10.68%; items=3
R00154,2025-10-15T14:21:00Z,A4,phone,C1 98,adj=+4.69%; fee=+33.03; items=6; flag=T
R00047,2025-10-07T13:23:46Z,A1,phone,"1.234,56 C2",items=25; WaIvE=true; fee=-36.19; flag=S; adj=+8.30%
R00080,2025-11-09T08:00:00Z,A2,web,C1 100.00,items=1; adj=+0.00%; fee=+0.00
R00222,2025-10-03T00:40:33Z,A4, phone ,84 . 65 C2,flag=U; items=12; adj=-5.31%; fee=+18.77
R00119,2025-11-12T05:00:00Z,A8,PHONE,"88,01 C2",flag=N; WaIvE=true; adj=-4.35%; items=12; fee=-8.48
R00176,2025-08-29T04:18:33Z,A8,phone,"101,03 C2",fee=-5.41; flag=R; items=12
R00131,2025-09-08T00:00:00Z,A4, phone ,73,flag=N; fee=+71.04; adj=+1.59%
R00098,2025-03-09T04:55:00Z,A1,email,"110,99 C2",adj=+16.56%; fee=+3.82
R00268,2025-10-31T18:01:57Z,A1,app,"131,21 C2",adj=+4.42%; fee=+24.93; items=2
R00037,2025-11-22T07:33:23Z,A4,Phone,-199.50C1,items=1; flag=S; adj=-4.83%
R00185,2025-08-10T00:00:00Z,A7,phone	, 156.38,items=50; fee=-21.03; adj=-10.01%
R00220,2025-10-19T05:02:00Z,A8,Phone,141.03,fee=-4.63; adj=+17.82%; items=0
R00213,2025-10-15T19:41:23Z,A7,phone,"1.234,56 C2",flag=T; adj=+10.26%; fee=-24.32; items=25
R00259,2025-10-24T19:57:00Z,A8,email,111.73 C2,adj=-3.78%; WaIvE=true; fee=+23.93; items=4
R00144,2025-10-13T07:50:00Z,A3,web,123.20,items=10; waive=true; adj=+7.76%; fee=-45.18
R00196,2025-06-08T23:21:00Z,A6,email, -C1 55.32,items=1; fee=+31.95
R00139,2025-09-10T07:47:19Z,A3,Phone,"C1 47,39",items=8; flag=S; adj=+1.94%; fee=+21.83
R00137,2025-10-22T00:00:00Z,A8,web,C1 97.42 ,fee=+16.78; adj=+8.87%; items=6
R00163,2025-09-28T14:13:00Z,A2,app,"121,16 C2",flag=U; items=12; adj=-9.53%; fee=+27.29; waive=true
R00230,2025-12-10T05:31:00Z,A4,phone,95.03,items=50; fee=-3.50
R00008,2025-04-08T16:33:00Z,A3,app,71.09,flag=R; fee=-15.11; items=50; adj=+10.12%
R00263,2025-08-09T22:35:00Z,A3,web,"(61,15 C2",adj=+3.37%; fee=+30.22; WaIvE=true; items=50; flag=U
R00117,2025-11-14T21:07:00Z,A8,phone,C1 123 ,adj=-13.95%; fee=+23.06; items=5; flag=U
R00197,2025-09-02T10:58:00Z,A2,email,C1 283.34,items=0; adj=+12.11%; flag=S
R00106,2025-03-09T01:59:00Z,A8,phone,C1 93.85 ,WAIVE=TRUE; adj=-4.12%; items=3; fee=+7.97
R00002,2025-10-11T01:20:00Z,A7,PHONE,42 C2,items=4; fee=-26.62; adj=-7.74%
R00245,2025-10-31T02:38:49Z,A6,PHONE,144,adj=-2.29%; fee=-19.04; items=1
R00106,2025-11-25T08:26:18Z,A6,phone	," 246,39 C2",fee=+19.22; adj=+2.59%; items=3
R00118,2025-10-15T03:54:00Z,A2,email,"70,93 C2 CR",items=2; fee=+38.29; flag=S
R00221,2025-08-16T08:29:00Z,A4,web,188.53,adj=-0.16%; fee=-6.79; items=2
R00237,2025-10-23T07:37:00Z,A5,phone,219.78 ,items=1; fee=-0.06; adj=+9.02%
R00097,2025-09-15T09:33:42Z,A1,phone,(C1 151.50,fee=-4.77; items=3; adj=+3.50%
R00205,2025-09-06T00:00:00Z,A2,Phone, 488.45 C1,flag=S; items=6; fee=-22.41
R00185,2025-10-25T05:39:00Z,A7,web,174.27C1,adj=+2.27%; fee=+34.86; items=0
R00186,2025-09-24T03:18:00Z,A1, phone ,76 ,adj=-11.77%; items=8; flag=T
R00277,,A4, phone ,C1 91.39,items=1; WAIVE=TRUE; flag=R; adj=+26.23%; fee=+17.51
R00114,2025-08-23T19:11:48Z,A7,web,C1 76.28,adj=+8.25%; fee=-6.79; flag=S; items=6
R00049,2025-10-24T16:36:00Z,A2, phone ,,fee=+5.29; WaIvE=true; adj=-1.11%; items=1
R00004,2025-09-09T12:10:00Z,A7,email,(66 C2,WAIVE=TRUE; fee=-2.31; items=2; adj=-4.00%
R00143,2025-08-30T05:58:55Z,A7,phone	,,fee=-1.16; WAIVE=TRUE; items=8; adj=-7.45%
R00111,,A2,phone,42.89,items=50; adj=+9.17%
R00262,2025-09-13T00:00:00Z,A7, phone ,80.978 ,adj=-1.04%; items=2; flag=S; fee=-46.61
R00029,2025-08-26T19:30:15Z,A7,Phone,118.551,adj=-15.41%; items=4; fee=+19.54; flag=U
R00178,2025-09-19T22:15:00Z,A1,web,67.44 C1,adj=+3.61%; fee=+22.62; items=4; flag=T
R00232,2025-09-30T06:58:00Z,A2,app,12.345 C2,flag=R; adj=+10.73%; items=4; fee=+31.92
R00080,2025-11-08T08:00:00Z,A8,web,C1 100.00,items=1; adj=+0.00%; fee=+0.00
R00038,2025-11-25T15:00:00Z,A7,email,"C1 1,234.56",items=1; adj=+0.00%; fee=+0.00
R00017,2025-08-14T01:51:00Z,A7,app, C1 40.86),items=8; flag=R; adj=-7.49%; fee=-18.01
R00262,2025-08-25T19:08:15Z,A5,phone,C1 107.88,fee=-10.60; adj=+0.20%; items=1
R00150,2025-12-30T19:30:37Z,A3,phone,70 C2,adj=+7.88%; items=0; fee=-28.92
R00034,2025-11-11T00:00:00Z,A8,email,162 C2,fee=+27.17; flag=T; adj=+5.77%; waive=true; items=3
R00088,2025-08-28T02:20:22Z,A3,phone,124.16,items=1; flag=N; WaIvE=true; fee=+43.68; adj=-8.16%
R00002,2025-10-13T23:34:00Z,A8,phone,C1 158),items=3; fee=-0.90; adj=-2.00%; flag=N
R00165,2025-05-11T03:39:00Z,A8,web,95.55 C1,items=6; fee=-3.87; adj=+7.97%
R00235,,A2,web,610.455,adj=+8.75%; waive=true; items=4; flag=T
R00082,2025-08-12T00:00:00Z,A4,Phone,C1 124.35 ,adj=-1.85%; items=0; fee=-24.63
R00188,2025-09-07T19:35:00Z,A5, phone , 145,items=2; adj=-10.94%; fee=-0.21
R00182,2025-10-29T23:39:00Z,A6,app,64.08,fee=+0.72; flag=T; items=12; WaIvE=true; adj=-4.62%
R00039,2025-11-20T09:30:00Z,A8,email,,adj=-0.09%; items=0; fee=-53.46
R00108,2025-09-21T17:23:19Z,A1,PHONE,C1 49.44,adj=-10.60%; flag=S; items=1; fee=+18.87
R00077,2025-11-08T08:58:50Z,A1,phone,(C1 89.00),flag=T; items=2; fee=-30.36; adj=+3.50%
R00119,2025-12-02T13:14:27Z,A5,PHONE,CR 337.17,WAIVE=TRUE; items=1; fee=-5.31; adj=+6.59%
R00275,2025-08-27T21:59:00Z,A8,web," 144,69 C2)",adj=-1.07%; flag=T; fee=-28.23; items=25
R00017,2025-10-08T18:21:00Z,A6,phone	,"69,57 C2 CR",items=50; fee=+9.67; flag=S; adj=+23.24%
R00085,2025-12-22T00:30:59Z,A7, phone ,89.18 C1,fee=-5.69; adj=+11.92%; items=4; flag=R
R00125,2025-11-02T15:01:51Z,A4,app, 87,adj=-6.20%; items=5; fee=+11.91
R00032,2025-10-08T09:42:22Z,A2,Phone,-C1 123.45,adj=+1.61%; items=1; flag=S; fee=+28.11
R00266,2025-08-04T06:24:39Z,A3,phone	,"CR 127,53 C2 ",flag=S; items=2; fee=+21.64; adj=+3.02%
R00210,2025-12-30T06:11:28Z,A1,web,"62,04 C2",adj=+1.56%; items=2; fee=+10.20
R00163,2025-11-15T17:46:20Z,A3,email,81.57,adj=-3.24%; items=12
R00054,2025-10-08T11:40:00Z,A2,phone,(155.41),items=2; adj=-2.62%; waive=true; flag=U
R00123,2025-11-13T02:58:38Z,A4,email,113.15 C1,adj=-16.39%; WaIvE=true; items=0; flag=R
R00254,2025-10-26T18:33:09Z,A3,Phone,"143,73 C2",fee=-31.56; waive=true; items=50; adj=-0.30%
R00058,2025-09-20T22:20:00Z,A7, phone ,82.56,items=50; flag=S; fee=-27.59
R00145,2025-10-15T15:36:00Z,A2,web,C1194.28,items=1; fee=-23.94; adj=-5.34%
R00051,,A4,email, C1 80.92,fee=+104.43; items=3; waive=true
R00209,2025-02-11T16:37:00Z,A8,PHONE,60 CR,fee=+20.82; flag=R; adj=-1.61%; items=1
R00158,2025-12-19T06:46:31Z,A2,email,99C2,items=6; adj=+24.42%; flag=U
R00002,2025-11-20T09:30:00Z,A8,email,C1 1.000,items=1; fee=-27.83; adj=+12.08%; flag=T
R00015,2025-10-17T00:00:00Z,A2,PHONE,84.41 C1,flag=R; fee=+16.63; adj=-5.85%; items=3
R00134,,A3,app,C1 64.89 ,flag=U; adj=-10.76%; fee=+18.01; items=1
R00044,2025-09-05T12:37:58Z,A6,phone,"139,51 C2",flag=S; fee=-25.56; items=5; adj=-21.91%
R00108,,A1,phone,44.17 C1,fee=-5.24; flag=U; items=5; adj=+9.53%
R00086,2025-10-17T16:47:00Z,A6,web,"137,60 C2 CR",items=8; adj=+10.89%; flag=N; fee=-4.04
R00100,2025-09-14T06:16:00Z,A4,phone,102,fee=+0.41; flag=S; adj=+15.13%; items=1
R00240,2025-11-20T07:17:41Z,A6,email,"127,48 C2",adj=+1.47%; flag=T; WAIVE=TRUE; items=2
R00245,2025-10-24T21:06:36Z,A2,app,C1 102.94 CR,flag=S; items=4; adj=+5.03%; fee=+13.58
R00224,,A2,Phone,138,fee=-23.86; items=0; adj=-10.20%
R00270,2025-12-28T01:21:08Z,A3,phone	,"C1 70,72",adj=-7.70%; items=3; fee=+21.36; flag=N
R00190,2025-09-21T15:41:00Z,A8,email,"(279,26 C2)",adj=+13.37%; fee=+16.50; items=25
R00042,2025-08-15T15:40:00Z,A1,phone,C1 261.84,items=10; flag=T; adj=-6.55%
R00298,2025-12-08T23:08:00Z,A6,Phone,65.99 C1,flag=U; adj=+9.30%; fee=+26.46
R00178,2025-10-11T14:35:17Z,A2,phone	,"286,60 C2",items=4; adj=+5.35%; WAIVE=TRUE; flag=R; fee=-3.42
R00234,2025-08-10T19:57:11Z,A7,web,34.52,fee=-18.77; items=12; adj=-1.13%
R00186,2025-11-06T15:37:00Z,A8,phone,C1 72.35,flag=S; adj=-0.10%; fee=+36.77; items=3
R00008,2025-11-11T02:30:00Z,A1,web,C1 100.00,items=1; adj=+0.00%; fee=+0.00
R00226,2025-08-11T00:50:13Z,A8,PHONE,"141,08 C2",fee=+13.78; adj=-7.25%; WaIvE=true; flag=R; items=3
R00168,,A1,PHONE,53) ,flag=T; adj=-12.83%; items=50; fee=-2.81
R00144,2025-08-25T21:41:00Z,A3,app,123.02 C1,items=1; flag=S; adj=-5.19%
R00054,2025-12-23T21:44:00Z,A2,app,122 . 91 C1,flag=N; fee=+30.51; adj=+15.91%
R00282,2025-10-09T09:03:03Z,A4,phone	,58.74 C1 ,flag=U; fee=-26.79; adj=-2.35%; items=50
R00219,2025-10-05T00:00:00Z,A8, phone ,85.90 C2,fee=-32.88; flag=U; items=10; WAIVE=TRUE; adj=-9.73%
R00229,2025-08-07T01:27:04Z,A2,phone, 97,fee=+26.07; adj=-8.63%; items=50
R00189,,A1,Phone,(-85.417),items=3; WAIVE=TRUE; flag=U; fee=-7.67
R00035,2025-08-11T00:00:00Z,A6,Phone,"154,41C2",adj=-5.17%; fee=+18.80; items=50
R00190,2025-10-01T09:19:02Z,A2,phone	,"C1 111,44)",WAIVE=TRUE; items=3; fee=-29.07; adj=-15.39%
R00139,2025-11-14T12:08:18Z,A8,email,C1 65.03 ,fee=+12.86; adj=+4.27%; items=4
R00075,2025-09-02T00:00:00Z,A7, phone ,(C1 110.68,fee=-30.83; items=8; adj=+11.49%
R00093,2025-09-01T20:11:00Z,A3,phone	,"76,30 C2",fee=+15.14; items=0; flag=N; adj=-1.88%
R00284,2025-08-02T06:03:00Z,A6,web,(C1 58.61),adj=-0.78%; flag=T; fee=+5.60; items=1
R00005,2025-12-18T18:45:00Z,A2,web,-C1 999.99,flag=U; adj=+1.60%; items=50
R00289,2025-09-19T10:14:00Z,A6,phone,251.91 ,items=8; fee=-10.93; adj=-10.28%
R00118,2025-09-23T15:08:00Z,A4,email,71.35 C1,items=8; flag=R; adj=-15.32%
R00245,2025-08-18T07:48:38Z,A2,web,80.847 ,flag=U; items=10; adj=+6.79%; fee=+16.12
R00162,2025-10-23T03:31:43Z,A4,Phone,,fee=+26.88; items=50; adj=+8.79%; flag=U
R00106,2025-10-22T22:36:20Z,A6,web,,items=12; flag=T; fee=+14.79; adj=-14.94%
R00091,2025-09-03T01:35:06Z,A5,phone,"C1 1,234.56",items=10; flag=S; WAIVE=TRUE; fee=-43.90; adj=+3.42%
R00136,2025-10-29T20:47:00Z,A2,web,136.02 ,items=12; fee=+9.64; adj=-10.82%; flag=N
R00286,2025-11-04T13:14:00Z,A3,app,76.43 C1,adj=-4.86%; items=4; fee=-11.14
R00240,2025-03-11T08:46:00Z,A6,phone,C1 40.02,flag=R; items=1; adj=+1.29%; fee=-10.55
R00020,2025-11-06T08:00:00Z,A6,web,C1 100.00,items=1; adj=+0.00%; fee=+0.00
R00001,2025-09-26T02:32:00Z,A6,phone,(44.94 C1,flag=S; items=3; adj=+6.50%; WAIVE=TRUE; fee=-13.80
R00034,2025-11-10T00:00:00Z,A8,Phone,"106,88C2",
R00047,2025-10-18T19:44:00Z,A6,Phone,108.93,items=50; flag=T; adj=-15.10%; fee=-2.97
R00047,2025-10-05T23:16:00Z,A3,PHONE,"140 , 90 C2",
R00017,2025-12-27T17:41:42Z,A6,phone,"-104,91 C2",flag=N; adj=-14.23%; fee=+32.82; items=0
R00295,2025-07-11T07:25:00Z,A5, phone ,157.75 C1,adj=+9.88%; items=6; fee=+4.67; flag=U
R00212,2025-09-29T13:48:00Z,A7,phone	,C1 79.91,fee=+47.81; items=1; adj=-14.51%
R00001,2025-12-18T18:45:00Z,A3,web,"1,000 C2",adj=+13.07%; items=1; flag=N; fee=+4.92
R00095,2025-08-14T21:52:00Z,A8,phone,C1 58.81,fee=-42.69; flag=T; adj=+1.05%; items=8
R00287,2025-11-11T17:40:00Z,A7,PHONE,-C1 119.01,fee=-25.01; adj=+3.41%; flag=S; waive=true; items=0
R00116,2025-08-07T18:49:00Z,A2,phone	,181.96,flag=S; items=10; adj=+1.05%
R00274,2025-10-25T06:33:52Z,A2,phone,C1 199.45,items=0; adj=-9.32%; fee=+2.63
R00117,2025-08-09T18:49:00Z,A2,Phone,135.97,fee=+6.43; flag=N; items=2
R00123,2025-08-06T21:00:38Z,A5,web,C1 123.45 CR,flag=U; fee=-9.29; items=1; adj=+9.16%
R00057,2025-10-20T00:00:00Z,A6,PHONE,C1 217.77,items=50; adj=+12.46%; fee=-10.41
R00132,2025-08-01T00:00:00Z,A3,app,C1 128.97,adj=+6.16%; items=0
R00036,2025-10-04T09:03:00Z,A1,Phone,-249.59 C1,items=3; adj=-24.01%; fee=-12.38; flag=U
R00300,2025-10-25T18:51:35Z,A6,phone,C1 64.74,adj=-15.11%; fee=-4.69; items=5; WAIVE=TRUE
R00230,2025-08-19T04:28:00Z,A5,web,(144 . 98C1),items=50; fee=+20.75; adj=+0.28%
R00253,2025-08-30T01:01:00Z,A1,phone	,,items=12; adj=-2.57%; WAIVE=TRUE; fee=+3.61; flag=T
R00123,2025-09-12T17:38:42Z,A1,app,-C1 98.14,fee=-68.85; flag=U; adj=+14.68%; items=50
R00046,2025-10-30T19:17:15Z,A1,app,261 C2 ,items=1; adj=+10.77%; flag=U
R00101,2025-09-15T00:00:00Z,A2,phone,C1 123.45 CR,adj=+8.61%; flag=T; WAIVE=TRUE; items=1; fee=-32.79
R00206,2025-08-15T19:16:00Z,A4,app,"54,38 C2",flag=N; items=2; fee=-0.32
R00272,2025-02-10T06:10:00Z,A3,PHONE,"116,17 C2",fee=+9.10; items=5; adj=-5.00%; flag=T
R00201,2025-08-23T21:12:21Z,A5, phone ,C1 97.37,fee=+3.37; items=3; adj=+6.76%
R00192,,A8,phone,C1 112.12,fee=-30.25; items=0; adj=+11.55%
R00093,2025-09-16T16:01:29Z,A7,PHONE,,fee=-0.06; items=8
R00214,2025-08-31T04:46:00Z,A3, phone , (-176),fee=+35.09; adj=-10.22%; flag=U; items=1
R00154,2025-10-28T12:53:00Z,A7,PHONE,(385.91),items=10; adj=-5.40%
R00142,2025-08-21T18:42:41Z,A6, phone ,95,
R00278,2025-09-14T11:21:56Z,A5,PHONE,"1.234,56 C2",fee=+2.46; items=2; adj=-0.29%; flag=T
R00168,2025-08-04T12:11:00Z,A1,email,70,adj=+2.75%; flag=T; fee=-90.18; items=8
R00072,2025-10-03T00:00:00Z,A8,Phone,124.53,fee=-28.33; items=4; flag=U
R00211,2025-09-22T07:41:00Z,A2,phone,"124,12 C2 ",adj=-1.16%; fee=-21.96; flag=S; items=4
R00271,2025-09-19T11:09:00Z,A5,Phone,46.76,items=1; adj=+2.90%; fee=+5.60
R00090,,A1,Phone,C1 204 ,
R00222,2025-10-19T19:11:00Z,A7,app,C1 151.72,adj=-5.81%; flag=N; fee=-7.04; items=12
R00030,,A4,phone,89,fee=+10.86; items=50; adj=+6.95%
R00164,2025-09-01T08:41:10Z,A5,phone,158.299,fee=+4.66; items=2; flag=T; adj=-4.48%
R00024,2025-11-25T15:00:00Z,A6,web,,items=1; adj=+0.00%; fee=+0.00
R00244,2025-08-11T05:51:00Z,A7,web,168.887,fee=-13.57; items=2; adj=+15.22%
R00080,2025-09-18T00:00:00Z,A8, phone ,86.855,
R00231,2025-08-29T13:02:00Z,A1,PHONE,"78,59 C2",fee=-23.19; adj=+3.32%; items=50
R00263,2025-10-30T05:13:00Z,A4,email,"114,34 C2 ",flag=U; fee=-16.92; items=0; adj=-16.22%
R00237,2025-09-18T05:00:00Z,A5,PHONE,,items=6; fee=+1.36; adj=+5.16%
R00155,2025-10-23T00:00:00Z,A2,phone	," 99,50 C2",items=10; fee=+29.64; flag=S; adj=-16.97%
R00133,2025-08-26T07:16:36Z,A2,Phone,71.48 C2,items=5; fee=+12.80; adj=+6.65%
R00086,2025-10-10T23:21:00Z,A1,email,C1 37.27,adj=-8.75%; flag=S; items=6; fee=+3.36
R00190,2025-09-07T02:32:16Z,A5, phone ,C1 88.16 ,waive=true; items=25; fee=+5.51; adj=-1.32%
R00051,2025-08-11T09:14:08Z,A7,web,C1 111.19,adj=+7.76%; fee=-16.19; items=4
R00233,2025-10-14T19:46:18Z,A3,web,48.14C1,adj=-0.26%; items=2; flag=U
R00266,2025-08-12T16:50:07Z,A6,phone,CR C1 49 . 60,items=8; fee=-4.16; adj=-2.06%
R00187,2025-08-08T08:56:56Z,A4, phone ,149.243,fee=+13.86; items=3; flag=R
R00098,,A2,PHONE,"49,07 C2",fee=-41.98; adj=-12.80%; items=3
R00218,2025-11-14T00:00:00Z,A5,phone	,92.79,items=3; fee=-30.22; adj=+11.68%
R00221,2025-10-18T16:17:39Z,A7,app,"C1 83,43 ",adj=-10.54%; waive=true; items=3; flag=U; fee=-13.20
R00207,2025-11-01T04:17:00Z,A6,PHONE,C1 77.99,adj=+14.78%; fee=+13.52; flag=T; items=3
R00132,2025-11-07T00:16:23Z,A7,phone,12.345 C2,flag=R; items=5; fee=-14.40
R00137,,A2,PHONE,"82,29 C2",adj=+6.18%; items=50; fee=+16.38
R00109,2025-10-05T16:27:00Z,A2,phone,C180.83,flag=N; items=2; adj=-7.90%; fee=-0.29
R00242,2025-10-10T18:36:00Z,A8,PHONE,77.63C1,adj=+3.57%; flag=S; fee=-18.66; items=6
R00006,2025-07-11T19:42:00Z,A4,app,"C1 1,234.56",fee=-10.96; items=0; adj=+1.83%; flag=U; waive=true
R00283,2025-10-27T03:01:00Z,A2,web,"C1 12,345",fee=+22.52; adj=-5.04%; items=0
R00120,2025-11-06T09:39:00Z,A7,PHONE,,adj=+13.82%; flag=U; fee=-1.90; items=1
R00248,2025-08-23T19:00:08Z,A8,phone, 100.217,adj=+2.55%; fee=+4.39; flag=N
R00247,2025-08-06T04:15:00Z,A3,app,671.21 C2,adj=+0.28%; items=8; fee=-1.30
R00124,2025-11-08T01:41:00Z,A7,email,"89 , 05 C2",items=50; adj=+13.88%; flag=N; fee=+40.75
R00122,2025-08-30T01:32:00Z,A8,Phone,138.45 ,items=0; fee=-28.34; adj=+1.95%
R00285,2025-08-17T09:27:00Z,A6,phone	,187.59 C1,fee=-1.45; items=10; adj=-4.41%; flag=T
R00082,2025-10-25T00:00:00Z,A8,app,(-208.25),adj=-9.07%; fee=+25.65; WAIVE=TRUE
R00177,,A6, phone ,C1 194.33,fee=-2.47; adj=+0.24%; items=2; flag=R
R00196,2025-11-13T03:32:00Z,A2,Phone,111.18 C2,
R00209,2025-09-17T11:35:51Z,A8,email,128.71 C1,items=8; adj=-10.50%
R00153,2025-02-11T07:28:00Z,A2,email,116.20,adj=-3.24%; fee=+5.69; items=1
R00011,2025-09-07T01:13:22Z,A2,web,(48 C2),items=6; fee=-17.40; flag=N; adj=-10.83%
R00225,2025-11-23T02:04:04Z,A6,PHONE,"83,77 C2",adj=+3.71%; flag=R; fee=+6.41; items=6
R00084,2025-08-27T04:52:12Z,A2,Phone, 50.987,adj=+5.68%; fee=+3.79; items=12
R00189,,A5,phone	,83.971,fee=+15.58; adj=+4.96%; items=1; flag=S
R00236,2025-06-09T09:37:00Z,A1,web,(C1 227.36,flag=T; items=8; adj=+12.31%
R00207,2025-10-11T07:52:00Z,A4,web,"104,95 C2",fee=-32.11; adj=+3.26%; flag=U; items=3
R00181,2025-09-30T13:48:00Z,A3,email,43,adj=-11.53%; fee=+140.00; items=8
R00074,2025-08-25T06:59:16Z,A1,phone	,,items=50; adj=+9.93%; fee=-10.56
R00140,2025-08-19T10:10:23Z,A4,web,138.66,adj=+11.76%; fee=+24.39; flag=S; items=10
R00006,2025-08-05T23:45:45Z,A2,Phone,CR74,flag=N; WaIvE=true; adj=+7.98%; items=1
R00024,2025-10-31T14:45:52Z,A7,phone,,fee=+22.82; flag=S; adj=+0.62%; items=4; WAIVE=TRUE
R00056,2025-08-22T06:50:00Z,A5,PHONE, 327.09 C1,fee=+21.00; items=12; adj=-5.94%; flag=U
R00057,2025-11-03T23:46:00Z,A2,email,,adj=-3.80%; items=0; fee=+11.00
R00130,2025-09-28T12:08:00Z,A2,app,"C189,23",WaIvE=true; adj=+2.31%; items=0; fee=-15.06
R00021,2025-11-09T19:10:32Z,A1,phone	,93.45CR,adj=+5.76%; fee=+10.75; flag=S; items=3
R00038,2025-10-06T16:12:55Z,A5,PHONE,"181,90 C2)",fee=-32.57; adj=-4.69%; items=5
R00099,2025-09-25T05:36:28Z,A2,PHONE,"C1 83,05",fee=-31.67; flag=N; adj=+0.54%
R00094,2025-08-25T12:06:00Z,A4,phone, 83.74,fee=-18.94; flag=T; adj=+6.97%; items=1
R00102,2025-08-10T10:58:58Z,A3,phone	,,flag=S; fee=-11.20; adj=-11.14%; items=8
R00143,2025-11-03T00:00:00Z,A8,phone	,-C1 123.45,items=25; adj=+6.69%; fee=-29.24
R00279,,A1,PHONE,(-82.82),
R00040,2025-11-07T02:30:00Z,A5,web,C1 100.00,items=1; adj=+0.00%; fee=+0.00
R00270,2025-08-22T07:32:00Z,A3,Phone,C1 61,fee=-38.44; items=3; adj=-0.53%
R00294,2025-08-28T17:59:00Z,A6,app,101.809 ,fee=-11.42; adj=-4.33%
R00077,2025-10-20T19:06:00Z,A3,web,C1 233.63 ,fee=-11.98; adj=+16.23%; items=5
R00232,2025-08-21T01:48:00Z,A3,app,131.61 C1,items=2; adj=-13.98%
R00015,2025-10-12T23:18:00Z,A4,phone,C1 147.88,fee=-53.01; items=10; adj=+9.82%
R00237,2025-11-15T03:56:05Z,A2,PHONE,80.865,adj=+15.04%; items=6; fee=+24.80
R00160,2025-08-25T00:00:00Z,A3,phone	,98.61 C2,items=3; fee=-19.71; adj=-2.53%
R00283,2025-09-03T03:03:00Z,A2,phone	,108.65,fee=+1.12; adj=+3.15%; flag=R; items=1
R00183,2025-10-09T03:20:00Z,A1,phone,,adj=+10.11%; items=10; fee=+29.56; flag=T
R00278,2025-11-10T15:05:00Z,A1,phone,"145,50 C2",adj=-10.28%; items=8; fee=+35.89
R00068,2025-09-28T13:12:00Z,A2, phone ,137.65,fee=-7.55; items=25; flag=N; adj=+1.82%; WaIvE=true
R00172,2025-09-28T07:26:00Z,A8,phone	,C1 46.99,items=4; fee=+14.03; flag=T
R00172,2025-08-04T17:33:42Z,A3,web,127.05,items=5; adj=-15.52%; fee=-13.96
R00298,2025-08-28T00:00:00Z,A7,phone,-103.898,fee=+55.90; items=6
R00125,2025-09-21T00:00:00Z,A3,phone,329.85,fee=-18.04; adj=-17.60%; items=8
R00098,2025-10-06T20:39:00Z,A5,phone,,flag=U; fee=-27.52; adj=+2.25%; items=4
R00096,2025-10-29T00:53:00Z,A7,app, 290.275,flag=N; adj=-21.19%; fee=+14.26; items=1
R00222,2025-10-17T05:17:00Z,A4, phone ,,adj=+9.98%; WAIVE=TRUE; items=1
R00084,2025-11-14T01:13:00Z,A3,phone	,C1 124.63,items=12; fee=+17.44; adj=-1.50%; flag=T
R00265,2025-09-19T00:00:00Z,A7, phone ,(110.00 C1),adj=+9.41%; items=10; WAIVE=TRUE; fee=-31.06
R00116,2025-10-13T02:23:00Z,A4,Phone, 147.17 C1,adj=+6.30%; fee=+6.16; items=1
R00188,2025-09-09T23:39:37Z,A8, phone ,"60,13 C2",flag=S; adj=-1.14%; fee=-6.83; items=1
R00172,2025-08-01T15:22:00Z,A6,web,"C1 108,21",items=3; fee=+21.77; flag=T; adj=-13.95%
R00288,2025-08-11T14:59:26Z,A8,app,,flag=N; adj=+1.39%
R00170,2025-08-21T00:00:00Z,A3,email,C1 362.94,fee=-5.39; flag=U; adj=-3.30%
R00082,2025-10-05T10:00:00Z,A3,web,,items=0; fee=+140.31; flag=T
R00231,2025-04-11T05:50:00Z,A2,phone	,862.018,adj=-1.71%; fee=+27.14; flag=N; items=3
R00285,2025-08-11T09:25:00Z,A5,app,"51,96 C2",items=2; adj=-19.03%
R00289,2025-08-28T04:02:00Z,A5,email,,items=0; fee=+5.90; adj=-10.49%; WaIvE=true; flag=U
R00095,2025-08-19T00:00:00Z,A8,PHONE,C1 99.37,items=12; fee=-12.37; adj=+19.21%; flag=R
R00079,2025-11-07T12:37:52Z,A7,phone	, C1 23.58,WAIVE=TRUE; adj=-6.73%; flag=T; fee=+15.65; items=1
R00055,2025-11-14T22:18:00Z,A7,phone	,111.83 C1,items=5; flag=T
R00233,2025-10-06T00:00:00Z,A3,app,110.15,fee=-0.76; items=8; adj=+1.23%
R00085,2025-09-25T12:59:03Z,A7,phone	,148 ,items=0; fee=-3.23; adj=-6.27%
R00171,2025-10-03T00:00:00Z,A1,email,,items=3; fee=+45.86; WAIVE=TRUE; adj=+2.28%
R00124,2025-09-03T17:34:21Z,A7,phone, C1 148.64,items=1; adj=+6.88%
R00025,2025-10-04T07:24:00Z,A5,phone,"86,00C2",fee=-15.79; items=2
R00140,2025-10-22T22:46:18Z,A4,PHONE,110,fee=+9.99; items=2; flag=U; adj=+1.85%
R00178,2025-11-03T02:33:00Z,A7,Phone, 122,adj=+13.18%; flag=N; items=2; fee=+28.52
R00293,2025-08-20T22:40:00Z,A8,phone,"100,94 C2",
R00035,2025-10-14T08:19:00Z,A6,phone,59.79 C1,fee=+1.29; flag=U; adj=+2.31%; items=10
R00299,2025-08-31T12:22:00Z,A4,PHONE,171.79 C1,fee=-8.90; adj=+16.49%; flag=T; items=0
R00287,2025-08-18T00:02:00Z,A6,phone,C1117.23,items=4; adj=+14.44%; fee=+20.13
R00272,2025-11-03T05:51:00Z,A7,PHONE,C1 121.28,items=1; adj=+17.54%; flag=U; fee=+10.49
R00288,2025-12-15T13:45:06Z,A5,Phone,"73,45C2",items=10; flag=U
R00040,2025-11-06T08:00:00Z,A8,web,C1 100.00,items=1; adj=+0.00%; fee=+0.00
R00104,,A5,email, 144.28,adj=+9.21%; fee=+9.86; items=25
R00165,,A3,email, 142.560,items=1; flag=T; fee=-32.06; adj=+7.21%
R00092,2025-09-20T02:17:28Z,A5,phone,-C1 123.45,flag=R; items=6; adj=-12.91%
R00294,2025-09-16T15:59:41Z,A6,phone,85.09,adj=-14.25%; items=10; flag=U; fee=-17.48
R00104,2025-08-18T00:00:00Z,A1,phone	,,flag=S; items=2; fee=+5.61; adj=+0.65%; waive=true
R00197,2025-10-29T00:00:00Z,A6,phone,"75 , 04 C2",adj=-13.73%; fee=+21.11
R00005,2025-12-18T18:45:00Z,A2,web,C1 1.000,fee=-8.05; items=1; adj=-9.20%
R00087,2025-09-01T13:25:00Z,A4,phone, 43.954,adj=+0.93%; flag=T; fee=+11.98; items=2
R00082,2025-09-28T21:06:03Z,A2,web,"(-38,40 C2)",items=1; adj=+14.24%; flag=U; fee=+22.49
R00077,2025-10-15T17:01:42Z,A2,PHONE, 105.666,fee=+8.79; items=12; adj=-2.35%
R00085,2025-09-23T13:20:53Z,A5,phone,85 C2 ,adj=+2.07%; fee=-20.73; items=25
R00191,2025-09-17T21:54:34Z,A5,phone,"130,08 C2",adj=-18.69%; fee=-1.67
R00254,2025-09-13T12:52:00Z,A3,web,75.65,items=4; flag=R; adj=+9.00%; fee=-11.08
R00243,,A7,PHONE,C1 123.45 CR,items=12; adj=-6.72%; flag=T; fee=-14.46
R00231,2025-12-22T13:45:52Z,A1,phone, C1 95.89 ,adj=+4.97%; items=3; fee=-16.09; flag=S
R00071,2025-10-22T01:07:00Z,A2,phone,C1 73.32 CR,fee=-24.00; items=2; adj=-4.86%; WAIVE=TRUE
R00058,2025-09-06T09:45:42Z,A6,phone,C1 174,items=5; flag=N; adj=+1.78%
R00057,2025-12-06T02:14:04Z,A8,PHONE,C1 130,items=1; flag=N
R00119,2025-10-01T08:22:00Z,A6,phone	,C1 110,items=6; adj=+1.05%; flag=S; fee=+3.05
R00008,2025-10-21T00:00:00Z,A7,email,"C1 1,234.56",items=1; adj=-6.31%; fee=+8.90; flag=U
R00246,2025-09-25T21:53:00Z,A2,PHONE, 91.92 C1,flag=T; items=12; adj=+15.82%
R00173,2025-10-03T03:36:00Z,A1,Phone,180.25 ,flag=R; adj=+15.54%; items=4; fee=-12.67
R00183,2025-11-01T23:15:21Z,A5,phone,(C1 59.34,items=5; flag=N
R00156,2025-11-07T14:16:00Z,A1,app,123.12 C1,adj=+2.73%; fee=+4.73; items=3; flag=R
R00051,2025-08-15T19:19:00Z,A2,phone,102,WaIvE=true; flag=R; adj=-3.67%; items=10
R00047,2025-10-07T04:16:05Z,A8,PHONE, 88 C2,adj=+19.98%; fee=+6.82; flag=R; items=50
R00226,2025-09-22T02:40:00Z,A3,Phone, C1 120.86,fee=-43.50; adj=-19.55%; items=10
R00188,2025-11-24T13:25:33Z,A3, phone ,C1 198.54,items=8; fee=-20.97; adj=+0.95%
R00182,2025-11-15T09:30:48Z,A2,phone,81 ,fee=-21.72; flag=T; adj=-16.05%; items=3
R00235,2025-09-18T19:54:00Z,A4,PHONE,107.42 CR ,fee=+1.69; items=50; adj=+20.51%
R00291,2025-10-25T21:44:37Z,A5,PHONE,C1 499.41,fee=-39.35; adj=-8.52%; items=1; flag=S
R00213,2025-08-09T00:00:00Z,A6,app,160.88,items=8; fee=-0.26
R00206,2025-12-23T21:40:44Z,A8,app,C1 59 . 29,fee=-33.82; items=25
R00165,2025-10-01T21:48:06Z,A5,phone	,,fee=-22.75; flag=R; adj=+1.76%; items=6
R00252,2025-10-20T05:27:05Z,A1,phone,"C1 12,345",WaIvE=true; items=4; fee=+29.33; adj=+0.06%
R00271,2025-09-21T17:08:19Z,A1, phone ,175.008,WaIvE=true; adj=+14.87%; fee=-24.22
R00183,2025-11-01T02:21:38Z,A1,phone,CR C1 158.65,adj=+14.26%; fee=+14.80; items=3
R00286,2025-09-27T02:37:00Z,A3,phone	,65.97 C1,items=10; adj=+2.27%
R00167,2025-08-21T17:05:00Z,A2,Phone,"1.460,89 C2",adj=+2.85%; items=2; flag=R; fee=+1.75
R00150,2025-09-20T00:00:00Z,A3, phone ,"134,33 C2 ",items=8; adj=-0.32%; fee=-10.31
R00205,2025-11-04T21:03:04Z,A7,web, 111 C2,adj=-8.94%; flag=S; items=1; fee=+25.00
R00267,2025-11-02T07:39:00Z,A2,phone	, 78 C2,adj=+6.86%; items=6; fee=-37.24
R00262,2025-08-31T08:05:00Z,A4,Phone,C1 109.45,WAIVE=TRUE; adj=-5.02%; items=12; flag=N
R00187,2025-10-27T00:00:00Z,A4,PHONE,C1 137.82 ,fee=-15.32; adj=-12.92%; flag=S; items=4
R00218,2025-08-07T07:01:00Z,A2,app,C1 89.28,items=5; fee=-15.89; adj=-12.67%
R00201,2025-08-02T00:00:00Z,A3,phone, 73.25,fee=-18.39; flag=S; adj=+5.57%
R00107,2025-08-26T00:00:00Z,A1,phone,(C1 123.45),items=50; fee=+2.24; flag=N; adj=-1.82%
R00090,2025-10-18T14:12:00Z,A8,email,"223,79 C2",adj=-17.17%; items=1; flag=T; fee=-35.64
R00023,2025-09-02T00:00:00Z,A5,app,(C1 108.13),flag=N; items=50; adj=-17.93%; fee=-23.79
R00103,2025-08-02T00:00:00Z,A5,Phone," 93,59 C2",items=50; adj=+6.54%; flag=N
R00037,2025-10-06T02:34:39Z,A4, phone ,96.01C2,items=8; adj=-9.01%
R00281,2025-09-22T19:10:00Z,A3,phone, 60.50 C1,adj=-3.24%; fee=+10.22; flag=N; items=5
R00040,2025-09-07T09:06:18Z,A4,Phone, 112.04 C1,adj=-12.75%; items=4; flag=S; fee=-6.99
R00049,,A8,email,C1 137 ,fee=+12.84; items=2; flag=R; WaIvE=true; adj=-8.45%
R00153,2025-09-05T06:28:38Z,A3,Phone,"136 , 16 C2",fee=-19.56; adj=+1.50%; items=10
R00147,2025-03-11T13:58:00Z,A4,phone,,flag=T; adj=+2.54%; fee=+15.76; items=1
R00075,2025-09-09T18:37:00Z,A1,phone	,"C1 1,234.56",fee=+4.58; items=3; adj=+5.14%; flag=R
R00185,2025-11-18T02:04:46Z,A7,phone	,(124.288 ,adj=-7.86%; fee=-12.99; flag=T
R00265,2025-10-01T00:27:43Z,A4,email,70.872,flag=U; adj=-6.03%; items=10; fee=+5.70
R00059,2025-01-09T10:40:00Z,A1,phone,189 C2,adj=+4.79%; flag=T; items=2; fee=-21.11
R00273,2025-01-08T13:08:00Z,A4,email,12.345 C2,adj=+6.61%; flag=N
R00283,2025-12-22T14:20:26Z,A2,email,"83,55 C2",adj=+3.03%; items=5; fee=-7.08
R00002,2025-11-20T09:30:00Z,A8,email,,items=0; fee=-52.12; adj=-19.41%; flag=N
R00137,2025-03-09T02:33:00Z,A6,Phone,66.211,flag=U; items=2; adj=-8.62%; fee=-17.77
R00058,2025-10-15T05:04:21Z,A8,phone,C1 52.32,fee=-4.02; adj=-1.74%; items=2; flag=U
R00208,2025-09-06T19:52:00Z,A2,web,122.70 C1,adj=-5.86%; items=1; fee=-15.73
R00196,2025-11-10T03:06:00Z,A1,PHONE,,
R00065,2025-10-06T18:02:00Z,A8,email,,fee=+36.00; adj=+7.10%; items=10
R00061,2025-08-19T10:01:34Z,A5,web,(-C1 150.93),items=25; fee=-36.63; adj=+10.06%
R00186,2025-10-04T21:59:00Z,A8,email,225.86 C2 ,fee=-33.13; adj=-2.98%; waive=true; items=4
R00125,2025-10-24T20:47:06Z,A2,email,97.605,items=0; fee=+11.04; adj=+1.87%; WaIvE=true; flag=S
R00016,2025-11-07T08:00:00Z,A4,web,C1 100.00,items=1; adj=+0.00%; fee=+0.00
R00227,2025-10-18T21:01:00Z,A1,email, 111.97 C1,fee=+3.27; items=0; adj=-13.39%
R00046,2025-08-02T00:00:00Z,A3,phone,"200,77C2",items=5; fee=-15.96; adj=+12.28%
R00248,2025-09-13T01:26:50Z,A7,phone	,61.57 C2,flag=S; WaIvE=true; items=5; fee=-4.21; adj=-27.43%
R00007,2025-12-01T15:25:21Z,A6,email,81.28 C1,flag=R; items=0; adj=-6.91%; fee=-24.43
R00002,2025-09-11T19:31:00Z,A8,PHONE,C1 36.89,flag=T; WaIvE=true; adj=-5.47%; items=1
R00062,2025-12-29T07:30:25Z,A4,web,92.19 C2,adj=+8.54%; fee=+39.70; items=2; flag=S
R00092,2025-09-03T23:18:00Z,A8, phone ,"238,69 C2",flag=R; items=10; fee=-15.04
R00278,2025-12-09T15:25:39Z,A5,PHONE,"111,38 C2 ",adj=+10.90%; fee=+24.42
R00043,2025-11-10T08:03:00Z,A5,web,C156.07,fee=-36.38; flag=R; items=10; adj=-21.61%
R00093,2025-08-10T13:44:00Z,A4,phone	, (C1 149.44),adj=-5.88%; flag=T; items=1; fee=+15.12
R00156,2025-12-26T01:43:48Z,A1,email,"81,62 C2",adj=-3.27%; fee=+40.23; items=10; flag=R
R00282,2025-09-28T00:00:00Z,A5,app,138.56 C2 ,items=0; fee=-1.33; adj=-4.52%
R00063,2025-08-14T04:01:50Z,A3,PHONE,"137,80C2",items=5; fee=+48.34; adj=-0.86%
R00068,2025-08-07T23:52:02Z,A4,phone,48 C2,WaIvE=true; adj=+15.28%; flag=R; fee=+1.64; items=1
R00003,2025-08-26T06:11:36Z,A7,phone,C1 292.68,flag=R; fee=-14.26; items=2; adj=+5.54%
R00130,2025-08-08T14:42:00Z,A5,app,122.08 C1 CR ,adj=-0.66%; flag=N; items=50; fee=-29.90
R00158,2025-08-23T14:05:00Z,A2, phone ,"71,23 C2",adj=-8.17%; items=4; fee=-34.98; flag=U
R00081,2025-08-07T00:00:00Z,A4,PHONE,"65,52 C2",adj=+6.35%; fee=+61.80; flag=S; items=0
R00113,2025-09-07T03:34:23Z,A6,Phone,C1 127.92,fee=-16.00; items=8; adj=+3.74%
R00092,2025-11-02T01:56:00Z,A7,phone,114.08,flag=U; adj=-4.29%; items=50; fee=+54.04
R00093,,A1,phone	,102,flag=R; adj=+5.81%; fee=+38.24; WAIVE=TRUE
R00152,2025-09-23T08:07:02Z,A8, phone ,81.06,items=2; fee=-13.43; adj=+2.81%
R00053,2025-08-16T11:26:00Z,A4,Phone,C1 81.82,fee=+14.52; items=1; adj=+14.91%
R00229,2025-09-29T00:00:00Z,A5,phone	,"78,37 C2",flag=S; fee=+35.05; items=8
R00080,2025-11-06T02:30:00Z,A5,web,C1 100.00,items=1; adj=+0.00%; fee=+0.00
R00242,2025-11-11T07:49:00Z,A8,PHONE,82.95 C1 CR,adj=+11.41%; flag=U; items=6; fee=+34.52
R00190,2025-08-06T00:00:00Z,A5,phone,C1 44,items=2; fee=+6.47; adj=-2.23%; waive=true
R00211,2025-08-17T23:46:00Z,A1,phone,152,adj=-4.99%; flag=N; items=1
R00127,2025-08-24T10:10:00Z,A4,Phone,C1 155.38,fee=-10.98; adj=-4.10%; flag=S
R00018,2025-11-25T15:00:00Z,A8,web,,items=1; adj=+0.00%; fee=+0.00
R00277,2025-10-14T23:48:00Z,A8,web,190 C2,adj=+3.02%; flag=U; items=50
R00150,2025-11-05T08:01:17Z,A4, phone ,"C1 12,345",WaIvE=true; fee=-38.42; items=50
R00185,2025-09-16T18:55:00Z,A7,phone	,C1 59.06,items=10; fee=+38.07; flag=R
R00117,2025-10-23T08:17:39Z,A3,phone	,12.345 C2,items=1; fee=+20.24; adj=+5.81%; flag=R
R00197,2025-08-01T21:56:39Z,A2,app,"C1 82,46",adj=+1.85%; items=0; fee=+8.86
R00183,2025-09-03T00:00:00Z,A5,app,,fee=-33.52; adj=+2.61%; items=4; flag=N
R00172,2025-08-13T06:06:58Z,A7,PHONE,"65,70 C2",
R00275,2025-11-04T13:02:53Z,A7,phone	,111.54 C1,flag=S; fee=+43.93; items=4; waive=true; adj=+7.19%
R00173,2025-10-29T00:00:00Z,A1,phone	,176.44,items=0; fee=-17.10; adj=-1.15%
R00228,2025-11-04T08:38:06Z,A7, phone ,"230,69 C2",flag=R; items=6; adj=+6.19%; fee=+18.74
R00028,2025-10-21T00:00:00Z,A8,phone	,C1 88.04,items=4; fee=-8.50; adj=-6.71%
R00058,,A8,phone	,126.68 C1,items=10; fee=+5.14; adj=+19.40%
R00094,2025-11-12T00:00:00Z,A1,Phone,221C2,adj=-5.84%; fee=+6.69; items=2
R00256,2025-08-12T06:53:00Z,A7,phone	,C183.67,adj=+2.04%; items=4; fee=+6.56
R00122,2025-08-15T17:42:00Z,A6,phone,C1 78.78,items=8; adj=-3.61%; fee=-9.79
R00053,2025-09-09T03:14:00Z,A5,web,,items=1; adj=+7.75%; fee=+4.96; flag=U
R00296,2025-09-09T05:42:24Z,A3,phone,105.71,items=3; flag=N; adj=-5.39%
R00287,2025-12-04T04:45:54Z,A8,email,"88,36 C2",adj=+1.95%; fee=+0.72; items=4; flag=R
R00295,2025-09-20T10:56:04Z,A2,Phone,54,items=3; fee=+23.11; adj=-1.14%
R00029,2025-12-24T19:44:11Z,A7, phone ,C1 162,fee=-1.47; adj=+4.43%; items=2
R00246,2025-10-28T02:39:00Z,A5,PHONE,C1 257.95,items=2; flag=T; fee=-3.81; adj=+0.73%
R00039,2025-11-20T09:30:00Z,A8,email,"(C1 2,500.00)",fee=-28.17; items=1; WAIVE=TRUE; adj=+14.99%; flag=R
R00271,2025-11-15T17:53:17Z,A4,email,,adj=-5.77%; flag=T; fee=-2.42; items=0
R00179,2025-11-29T05:03:32Z,A6,phone	,"80,00 C2",items=2; fee=+25.61; WaIvE=true; flag=R; adj=+1.00%
R00229,2025-08-27T13:42:00Z,A7,phone,"124,82 C2 ",adj=-9.15%; items=6; fee=+18.55
R00143,2025-09-28T14:32:00Z,A3,phone,C1 68.63,fee=-1.66; items=1; flag=T; adj=-4.28%
R00027,2025-08-30T00:00:00Z,A6,web,"51,99 C2",items=0; fee=-8.47; adj=+14.75%
R00041,2025-08-23T00:00:00Z,A2,phone,,items=8; fee=-3.54; flag=T; waive=true; adj=+10.17%
R00284,2025-10-01T20:54:28Z,A3, phone ,(C1 123.45),items=10; adj=-1.78%; fee=+6.47
R00189,2025-10-30T00:00:00Z,A8,app,C1 144,items=4; fee=+23.95; waive=true; adj=-11.07%
R00122,2025-10-07T05:57:36Z,A2,phone,234.04,fee=-44.61; items=25; flag=S; adj=+5.26%
R00132,2025-11-03T10:39:37Z,A7, phone ,99.25 C2,flag=N; items=3; fee=+22.57; adj=-3.76%
R00126,2025-10-19T03:40:43Z,A6, phone ,C1 99.00,fee=+6.58; items=5; adj=+5.62%
R00233,2025-11-02T00:00:00Z,A4,PHONE,,WAIVE=TRUE; fee=+9.63; items=50; flag=R; adj=+10.12%
R00072,2025-11-08T13:00:00Z,A4,web,C1 100.00,items=1; adj=+0.00%; fee=+0.00
R00191,2025-09-11T16:18:12Z,A2,email,-C1 155.29 ,flag=T; adj=-7.85%; items=8; fee=+22.35
R00207,2025-10-23T21:19:00Z,A6,phone,"C1 1,234.56",flag=U; adj=-3.84%; items=2; fee=+32.40
R00039,2025-09-06T10:44:20Z,A2,app,C1 124.68,fee=+27.97; adj=-9.84%; items=50
R00181,2025-10-23T00:00:00Z,A7,PHONE,"98,73 C2",adj=+0.67%; fee=-5.79; items=2
R00259,2025-11-10T02:26:32Z,A1,web,"83 , 18 C2",items=25; adj=+13.26%; fee=+8.41; flag=U
R00166,2025-08-19T00:00:00Z,A1,app,154.31 C2,items=12; fee=-7.19; flag=N; WaIvE=true
R00112,2025-09-19T14:40:00Z,A6,email,-C1 123.45,items=6; adj=+11.41%; fee=-3.72; flag=N
R00005,2025-09-26T00:00:00Z,A3,phone	,87,flag=N; fee=-2.59; adj=+7.98%
R00162,2025-10-09T21:39:27Z,A1,phone,C1 112.84,items=3; fee=-28.31; adj=-2.10%
R00072,2025-11-09T08:00:00Z,A8,web,C1 100.00,items=1; adj=+0.00%; fee=+0.00
R00121,2025-08-11T01:02:24Z,A2,phone,166,adj=+14.24%; items=12; flag=S
R00180,2025-02-11T00:44:00Z,A2,phone	,C1 197,fee=+54.12; adj=-20.30%; items=2
R00300,2025-10-14T04:07:31Z,A7,Phone,,fee=+21.71; adj=-7.61%; flag=N; items=25
R00285,2025-11-12T00:00:00Z,A5,Phone,"205,59 C2",fee=+13.77; items=1; adj=-10.44%; flag=T
R00096,2025-12-27T17:05:20Z,A2,Phone,98.575,items=1; adj=-9.38%
R00122,2025-10-20T02:02:00Z,A1,phone	,(62.32 C1,items=50; fee=+14.21; WaIvE=true; adj=+0.60%
R00094,2025-09-27T06:32:00Z,A2,email,"1.234,56 C2",adj=+2.44%; items=2
R00072,2025-11-06T07:00:00Z,A4,web,C1 100.00,items=1; adj=+0.00%; fee=+0.00
R00124,2025-10-14T21:23:00Z,A7, phone ,"1.234,56 C2",fee=+3.91; adj=+10.73%; items=2
R00258,2025-09-20T00:00:00Z,A3,PHONE,"C1 12,345",flag=T; adj=-3.11%; items=1
R00211,2025-09-27T21:24:00Z,A1,phone	,"63,87 C2",
R00253,,A1,app, 156.86 C1,adj=+4.37%; items=1; fee=-9.56; flag=N
R00132,2025-10-29T19:21:00Z,A3,app,44 C2),fee=-56.62; flag=S; items=50; adj=-8.61%
R00290,2025-08-25T09:01:00Z,A8,Phone,(93.89C1,fee=-1.09; items=8; flag=R; adj=+8.15%
R00196,2025-09-16T02:14:12Z,A5,Phone,"112,34 C2",flag=S; items=1; adj=-2.04%; fee=-16.44
R00039,2025-08-27T16:04:00Z,A3,app,"(-68,46 C2)",adj=-4.71%; fee=-27.01; items=5; flag=T
R00158,2025-08-04T06:40:28Z,A6,web,"68,78 C2",items=4; adj=-9.09%
R00068,2025-10-05T05:00:00Z,A4,phone,C1 59.07,fee=-4.66; items=25; adj=+15.80%
R00163,2025-10-15T13:10:00Z,A7,PHONE,,WAIVE=TRUE; items=0; flag=R; fee=-7.31
R00133,2025-10-10T21:47:10Z,A8,phone,"182,68 C2",adj=-6.92%; flag=U; fee=+7.86; items=3
R00097,,A8,app,,adj=-0.96%; fee=-17.30; items=10; WaIvE=true; flag=S
R00192,2025-10-29T00:00:00Z,A1,phone,(-140.52),flag=U; fee=-25.25; adj=-4.83%; items=5
R00244,2025-08-11T01:14:00Z,A6,email,88.41,items=2; adj=+3.90%; flag=R; fee=-30.86
R00167,2025-11-18T14:21:55Z,A1,Phone,77.97,adj=+9.65%; items=4
R00068,2025-10-09T00:51:06Z,A6, phone ,59 . 145,adj=-6.38%; items=1
R00160,2025-08-10T08:43:00Z,A6,web,214,fee=-30.15; items=4; adj=-8.09%
R00257,2025-09-30T14:47:00Z,A7,PHONE,77.827,adj=+2.56%; items=1; flag=U; fee=-12.71
R00229,2025-09-02T00:59:00Z,A4,web,,flag=R; items=4; fee=-65.70; adj=+6.07%
R00158,2025-08-19T11:08:00Z,A5,Phone,(-C1 69.63),items=3; fee=-11.07; adj=-13.33%; flag=S
R00203,2025-10-16T07:38:00Z,A6,phone,,waive=true; items=3; adj=-8.15%; fee=+14.04
R00030,2025-09-10T13:47:00Z,A4,Phone,C1 89.90,adj=-2.31%; fee=-32.95
R00263,2025-09-10T15:17:00Z,A2,web,127.229,flag=U; adj=-5.55%; fee=+12.68; items=12
R00111,2025-08-23T06:24:00Z,A1,phone	,,items=10; flag=R; fee=-31.54; adj=+11.67%
R00300,2025-10-28T11:29:15Z,A7,app,C1 76.45,adj=-10.56%; fee=+14.94; flag=U; items=3
R00050,2025-08-09T06:54:44Z,A6,email,(C1 147.31,items=6; flag=S; adj=+16.47%; fee=-15.07
R00056,2025-09-26T05:19:40Z,A1,app,C1 170.58,adj=-5.28%; items=6; flag=U; fee=-19.26
R00108,2025-08-03T07:49:00Z,A4,phone,,adj=-4.52%; fee=+38.96; items=3
R00152,2025-09-26T00:00:00Z,A4,Phone,"56,92 C2",flag=S; fee=+2.73; items=6; adj=+4.19%
R00258,2025-09-09T23:01:00Z,A2,email,"C1 58,02",fee=-38.71; adj=-13.29%; items=4
R00255,2025-09-09T21:38:00Z,A8,phone,-C1 123.45,flag=U; fee=+31.38; items=4; adj=-4.78%
R00120,2025-03-11T10:01:00Z,A5,app,,fee=-5.60; items=25; adj=-11.08%
R00237,2025-08-04T18:47:00Z,A7,phone	, 245.97 C1,flag=U; fee=+27.00; adj=-1.68%; waive=true
R00088,,A7,phone,"49,83 C2",flag=T; adj=+13.75%; items=50; fee=-13.07
R00128,,A5,phone, 76.62,items=2; flag=T; WaIvE=true
R00130,2025-10-22T05:40:40Z,A1,email,239.850,fee=+6.15; adj=-10.09%; flag=R; items=4
R00035,2025-10-19T14:54:00Z,A7,phone,"C1 12,345",items=5; fee=-26.51; flag=S
R00117,2025-08-26T15:42:54Z,A5,PHONE,137 C2,items=2; fee=-14.69; adj=+0.45%
R00015,2025-11-14T17:22:15Z,A7,phone,"98,83 C2",fee=+1.91; adj=-13.04%; items=4
R00109,2025-08-30T09:19:48Z,A1,web,40.69 C1,fee=+20.96; items=2; adj=+7.10%
R00240,2025-09-30T14:10:09Z,A8,email,47,fee=-0.08; adj=-1.77%; items=10
R00024,2025-06-08T21:10:21Z,A7,phone	,136.34,items=4; adj=+3.87%; fee=-6.78; WaIvE=true
R00236,2025-08-14T18:52:00Z,A6, phone ,"117,37 C2",adj=-17.78%; items=8
R00106,2025-10-30T16:55:00Z,A8,phone,CR 150.149,fee=-11.77; flag=S; adj=-3.84%
R00258,2025-10-15T07:52:01Z,A5,web,65.550,flag=R; items=2; adj=-6.90%
R00182,2025-10-26T19:43:48Z,A2,phone,52.60,items=0; fee=-21.56
R00026,2025-10-08T11:20:00Z,A5,phone,49.20 C1,fee=+20.27; adj=+16.66%; flag=S; items=0
R00201,2025-09-05T00:00:00Z,A2,phone,"C1 1,234.56",adj=+0.76%; fee=-45.09; items=2
R00168,2025-09-12T00:00:00Z,A1,PHONE,72.78 C1,flag=N; items=12; adj=+10.27%
R00174,2025-12-09T08:45:06Z,A4,phone,93.15 C2,flag=R; adj=+2.82%; items=12
R00291,2025-04-08T04:44:00Z,A3,PHONE,C1 138.37 ,fee=+16.25; adj=-3.04%; items=5
R00141,2025-03-09T12:29:00Z,A8,email, 189.42,
R00129,2025-08-16T02:23:22Z,A6,app,143.95 C2,adj=+8.93%; items=0; fee=+26.79; flag=S
R00291,2025-11-15T21:13:00Z,A4,web,89.67 C1,fee=+15.52; items=4; adj=+11.66%
R00213,2025-10-01T00:00:00Z,A6,phone,,adj=-2.98%; fee=-17.44
R00026,2025-10-07T23:58:08Z,A3,web,122,adj=-4.52%; items=1; WaIvE=true; fee=-17.46
R00246,2025-10-04T16:07:36Z,A8,web,12.345 C2,waive=true; items=10; adj=+8.91%; fee=+30.74
R00071,2025-11-07T06:51:11Z,A4,web,(-C1 48.20),items=8; fee=+6.31
R00176,2025-10-27T00:00:00Z,A8,email, C1 240.06 CR,fee=+19.54; adj=+6.00%; items=5
R00075,,A7,web,(52 C2),fee=-7.03; adj=+8.67%; WaIvE=true; items=4
R00073,2025-08-24T23:12:00Z,A2,Phone,-111.24,fee=+13.37; adj=-20.19%; items=4
R00143,2025-09-08T12:18:00Z,A1,phone,C1 57.25,fee=+17.68; items=3; adj=-2.65%
R00120,2025-08-07T15:35:00Z,A8,phone,,items=6; fee=+6.46; adj=+4.07%
R00027,2025-09-28T00:00:00Z,A6,web,172.22 C1,fee=+24.05; items=8; adj=+5.11%
R00180,2025-10-06T04:21:00Z,A2,email,30,items=1; adj=+5.77%; flag=T
R00198,2025-08-20T08:51:26Z,A7,web,C1 63.76 CR,fee=-29.89; adj=-3.58%
R00242,2025-09-26T06:38:00Z,A4, phone ,"C1 1,234.56",flag=U; fee=-13.65; items=8; adj=+12.59%
R00182,2025-06-11T20:07:00Z,A1,web,34.731,fee=+19.60; items=6; adj=+13.48%
R00191,2025-09-10T10:30:44Z,A4,Phone,,adj=+3.99%; items=50; fee=-7.84
R00298,2025-12-11T20:28:17Z,A4,phone	,CR C1 141.64,fee=+0.40; items=2; flag=S; adj=+1.31%
R00023,2025-12-09T22:58:00Z,A2,PHONE,,fee=+1.85; WaIvE=true; adj=+15.48%
R00099,2025-10-13T00:00:00Z,A8,PHONE, 94.25,fee=-10.94; adj=-10.38%; items=1
R00245,2025-10-20T00:00:27Z,A2,phone,(130),items=10; adj=+0.10%; fee=-13.52; flag=R
R00091,2025-10-08T10:34:00Z,A5,phone,"162,40 C2",items=2; adj=+5.90%; fee=+44.49; flag=S
R00181,2025-11-21T22:32:45Z,A7,phone,C1 109.18,adj=-16.89%; items=5; WaIvE=true; fee=-32.66
R00222,2025-08-29T17:57:00Z,A6,app,C1 96.90,flag=R; adj=-16.46%; items=50; fee=-3.71
R00068,2025-11-06T11:35:07Z,A8,app,118.77 C1,
R00127,2025-08-28T07:36:29Z,A7,PHONE,,WAIVE=TRUE; flag=T; adj=-0.18%; fee=-16.29; items=8
R00244,2025-08-24T03:27:16Z,A6,web,129.10 ,items=3; adj=+5.52%; fee=+15.36
R00223,2025-10-05T11:15:56Z,A5,PHONE,,adj=+3.39%; items=2; flag=S; fee=-10.20
R00300,2025-10-28T20:10:44Z,A2,PHONE,90,items=12; adj=-9.08%; flag=N
R00179,2025-10-27T20:40:18Z,A5,email, 63.44 C1,flag=R; items=2; fee=-4.05; adj=-0.60%
R00109,2025-09-20T00:00:00Z,A3,email,50.79 ,fee=+7.96; items=1
R00020,2025-11-09T08:00:00Z,A6,web,C1 100.00,items=1; adj=+0.00%; fee=+0.00
R00269,2025-08-24T03:50:00Z,A6,phone	,"121,18 C2",items=1; adj=+15.30%
R00170,2025-08-24T18:06:10Z,A6,Phone,C1 86.06,items=2; adj=+1.70%; waive=true; fee=+10.21
R00214,2025-09-21T07:26:15Z,A6,phone,178.60,items=6; fee=-7.51; flag=R; adj=+12.25%
R00044,2025-11-10T00:00:00Z,A3,email,C1 109.64,flag=R; adj=+8.42%; items=10; WAIVE=TRUE; fee=-2.59
R00073,2025-08-06T13:09:00Z,A7,email,54,
R00277,2025-11-14T21:56:00Z,A6, phone ,102.89,fee=+37.99; adj=-0.71%; flag=T; items=8
R00129,2025-08-13T00:00:00Z,A6,Phone,,adj=-3.73%; items=3; fee=+30.87
R00207,2025-08-31T01:16:00Z,A1,email,"103,75 C2) ",fee=+38.72; items=2; adj=+9.96%
R00231,2025-11-06T22:00:00Z,A1,app,205.14 C1,items=25; adj=+1.10%; fee=+42.88
R00293,2025-10-04T22:10:00Z,A7,phone,96.272),fee=+12.36; flag=T; items=2
R00151,2025-12-20T05:56:33Z,A6,phone	,110.01 C1,flag=T; fee=-15.31; adj=+18.42%; items=8
R00208,2025-08-30T05:47:00Z,A5,email,154.81 CR ,flag=R; fee=+12.52; items=1; adj=+4.05%
R00284,2025-10-17T12:40:00Z,A1,app,82.542,flag=T; adj=+4.42%; items=5; fee=+5.16
R00254,2025-11-15T14:01:26Z,A3, phone ,"130,76C2",fee=+1.21; items=2; adj=+8.85%
R00204,2025-11-11T00:09:57Z,A6,phone,76.76C1,items=2; adj=+10.42%; fee=-85.12
R00249,2025-10-21T03:13:08Z,A5,email," 78,62 C2",items=6; adj=-9.94%; WaIvE=true; flag=S; fee=-54.24
R00096,2025-09-04T00:00:00Z,A4,web,(C1 160.12,
R00088,2025-10-12T05:56:10Z,A3,email,"55,15C2",fee=+15.07; flag=S; items=8; adj=+1.70%
R00260,2025-11-01T00:00:00Z,A1,web,"39,69 C2",items=6; adj=-19.19%; fee=-40.39
R00243,2025-11-13T04:55:54Z,A2,phone	,,
R00186,2025-10-25T08:19:13Z,A6,Phone,83 C2 CR,flag=U; fee=-6.65; items=3; adj=+4.49%
R00179,2025-11-08T11:02:00Z,A6, phone ,,items=12; adj=-1.45%; flag=T; fee=+68.76
R00017,2025-08-30T07:01:41Z,A6,phone,CR C1 83.79 ,fee=+15.36; items=5; adj=+25.19%
R00219,,A1,Phone,C1 113.62,adj=-2.73%; flag=U; fee=+55.17; items=2
R00109,2025-11-12T05:45:00Z,A3,app,196,WAIVE=TRUE; items=6; adj=-9.68%; fee=-2.17
R00257,2025-06-09T19:57:00Z,A4,email,"C1 12,345",adj=-2.43%; fee=-6.41
R00188,2025-04-10T07:09:00Z,A3,phone," 109,74 C2",fee=+0.47; items=3; adj=-0.29%
R00015,2025-02-11T14:01:00Z,A7,web,"67,00 C2",fee=+1.87; adj=-6.04%; items=6
R00048,2025-08-17T00:00:00Z,A6,app,C1130 . 55,fee=+9.47; flag=R; adj=+0.54%; items=1
R00076,2025-10-30T12:37:00Z,A4, phone ,29.90,adj=-6.34%; items=5; fee=-22.57; flag=S
R00243,2025-09-02T00:15:33Z,A2,phone,C1 105.53,items=5; adj=+6.65%; flag=S
R00158,2025-11-09T16:45:00Z,A2,phone,99.90,items=25; fee=+4.75; adj=-0.31%
R00078,2025-12-10T00:12:24Z,A2, phone ," 64,69 C2 ",adj=-10.25%; fee=-13.73; items=50
R00192,2025-11-14T08:14:47Z,A5, phone ,98 ,adj=+6.54%; fee=-11.12; items=6; flag=U
R00145,2025-10-13T15:28:00Z,A2,email,79.80 ,adj=+11.36%; flag=U; fee=-33.12; items=2
R00101,2025-08-22T19:56:12Z,A8,phone,,fee=+16.85; items=2; adj=+9.35%; flag=T
R00094,2025-08-16T21:54:58Z,A5,phone	,"168,92C2",adj=+9.41%; items=50; fee=+9.17
R00236,2025-10-30T06:43:00Z,A8,Phone,,fee=+27.73; flag=N; adj=+2.69%; items=1
R00113,2025-10-30T00:00:00Z,A6,phone	,C1 170,items=8; waive=true; fee=-38.36; flag=T; adj=+15.56%
R00193,2025-09-15T12:19:59Z,A8,phone	,"52,24 C2",fee=-29.36; adj=+8.54%; items=8
R00158,2025-08-16T00:00:00Z,A5,phone,52,items=2; adj=+7.65%; flag=N; fee=-12.92
R00290,,A4, phone ,118,adj=-11.75%; flag=T; items=50; fee=-16.57
R00007,2025-08-10T00:00:00Z,A6,phone	,(102.57 C1),fee=+9.13; adj=-6.41%; items=10
R00101,2025-10-26T19:49:00Z,A3, phone ,"59,61 C2",items=1; adj=+20.53%; fee=+22.80
R00087,2025-11-06T00:00:00Z,A4,Phone, 448,fee=-4.59; adj=-0.55%; items=5
R00149,2025-10-27T18:00:00Z,A2,email,"113,75 C2",flag=S; items=5; fee=-44.42; adj=-4.68%
R00257,2025-10-14T00:00:00Z,A3,phone	,"(77,53 C2 ",items=6; adj=-20.20%; flag=U
R00230,2025-09-24T14:16:00Z,A3,web,"C1 1,234.56",items=1
R00023,2025-11-30T01:11:21Z,A2,email,C1 187.82,WAIVE=TRUE; adj=+16.12%; items=6; fee=+11.63; flag=R
R00146,2025-10-12T00:00:00Z,A1,PHONE,708.11 ,fee=+11.21; adj=+3.65%; items=3; flag=S
R00105,2025-09-27T04:38:00Z,A5,web,59.40,fee=-21.63; items=2; flag=S
R00232,2025-08-31T04:15:00Z,A8,web, 50.76 CR,flag=S; fee=-0.64; items=5; adj=+11.64%
R00006,2025-10-30T01:25:57Z,A1,Phone, 80.94,adj=+8.05%; fee=-10.24; items=2
R00069,2025-11-02T00:00:00Z,A1,Phone,,items=1; adj=-14.19%
R00102,2025-10-09T03:04:00Z,A6, phone ,C1 196.93,fee=+41.80; items=50; flag=U
R00039,2025-09-19T14:06:30Z,A6,phone,,adj=+2.81%; flag=U; fee=-23.06; items=0
R00241,2025-10-20T00:00:00Z,A1,Phone,C188.66,items=1; flag=S; fee=+15.40; adj=-12.93%
R00235,,A4,Phone,,items=2; adj=+4.00%
R00256,2025-11-08T00:00:00Z,A2,phone	,C1 68.14,flag=N; fee=+12.04; adj=-1.96%; items=5
R00033,2025-12-22T03:15:54Z,A8,phone,C1 71.31,items=4; adj=+6.10%
R00263,2025-10-18T08:04:00Z,A3,app, C1 84.31 ,fee=+49.16; flag=R; adj=-7.13%; items=6
R00028,2025-10-09T19:24:24Z,A7,phone,"154,49 C2",adj=+7.45%; flag=U; items=2; fee=+10.09
R00194,2025-10-27T00:00:00Z,A3,PHONE, (-C1 67.85),adj=+5.86%; fee=-10.50; items=3; flag=U
R00053,,A8,web,"50,70 C2",adj=-1.80%; fee=-4.70; items=10; flag=N
R00198,2025-07-11T02:31:00Z,A3,phone	,,fee=+7.95; items=2; waive=true; flag=N; adj=-4.41%
R00166,2025-10-19T14:37:31Z,A7,phone,87.263,items=1; fee=+32.84
R00014,2025-09-27T21:27:00Z,A1,phone,143.59,fee=+13.25; items=1; adj=+17.85%
R00204,2025-11-10T07:12:38Z,A4,web,"617,80 C2",adj=+0.88%; fee=-16.26; flag=U; items=0
R00205,2025-09-26T01:46:44Z,A1, phone ,130.160,items=5; adj=-14.06%
R00048,2025-11-08T08:00:00Z,A6,web,C1 100.00,items=1; adj=+0.00%; fee=+0.00
R00220,2025-10-17T23:12:34Z,A6,phone	,(80,adj=-12.24%; items=5
R00006,2025-09-16T23:34:00Z,A7,web,,adj=-1.99%; WaIvE=true; fee=-7.20; items=2
R00059,2025-11-01T12:57:00Z,A3,phone,C1 234 ,flag=S; adj=-1.94%; fee=+8.37; items=2
R00254,2025-11-18T02:59:54Z,A3,email,C1 175.30,adj=+2.66%; items=0
R00118,2025-10-29T07:56:11Z,A2,email,60.97,items=1; flag=R
R00197,2025-09-24T14:04:38Z,A2,phone,"C1 12,345",adj=+1.50%; items=5; flag=U; fee=+22.14
R00128,2025-08-02T02:57:00Z,A6,phone,112.15C1,adj=-2.25%; fee=-34.64; flag=U; items=5
R00285,2025-10-29T23:32:00Z,A6,phone,"51,39 C2",fee=+49.74; items=2; adj=+5.24%
R00037,2025-08-17T16:27:00Z,A7,phone,"C1 87,12",fee=+9.13; flag=S; items=0
R00037,2025-09-02T15:59:00Z,A6,phone,"159,09 C2",flag=T; items=50; fee=+15.52
R00151,2025-09-17T17:54:42Z,A7,Phone,"163,93 C2",items=0; flag=U; fee=-3.24; adj=+10.48%
R00153,2025-08-19T02:06:09Z,A2,app,188.89,fee=-26.86; items=3; flag=N
R00143,2025-08-17T06:19:00Z,A2,email, 46.37 C1 CR ,adj=+5.28%; fee=-11.73; items=5
R00125,2025-08-06T13:05:00Z,A6,app,"62,63 C2",fee=-40.17; items=3; adj=+13.07%
R00072,2025-11-06T00:01:00Z,A5,web, 166.20 C1,fee=+4.58; items=5; flag=N; WAIVE=TRUE; adj=-0.78%
R00139,2025-10-23T06:18:00Z,A3,phone	,C1 48.51,adj=+11.32%; items=2; fee=+4.01
R00124,2025-08-15T11:35:45Z,A7,phone	,,adj=-11.91%; flag=S; items=0; fee=+6.09
R00112,2025-11-05T00:00:00Z,A6,PHONE,"65 , 07 C2",fee=+4.02; items=2; flag=U
R00211,2025-12-25T23:16:26Z,A6,web,121.71 C1,items=2; adj=-9.83%; fee=+29.91; flag=S
R00077,,A4,phone, 63.05,adj=-2.34%; fee=+31.39; flag=S
R00086,2025-10-20T08:21:01Z,A1,phone,138 C2,flag=U; items=4; adj=+3.80%
R00049,2025-09-29T19:08:00Z,A4,PHONE,"C1 1,234.56",items=3; flag=S; fee=+44.95; adj=-8.07%
R00106,2025-07-11T21:15:24Z,A1,PHONE,,flag=S; adj=-1.31%; WaIvE=true; items=10; fee=+20.94
R00191,2025-08-26T05:48:00Z,A5,phone	,107),adj=+4.57%; items=0; flag=R
R00138,2025-09-25T14:28:00Z,A4,web,(C1 123.45),items=4; adj=-0.97%; flag=N; fee=+4.78
R00252,2025-11-05T00:47:18Z,A6,PHONE,103.70,fee=+24.42; flag=U; items=4; adj=-14.56%
R00176,2025-05-08T12:37:00Z,A7,app,129 . 90 C1,items=8; adj=-6.42%; fee=+45.67
R00275,2025-09-09T00:00:00Z,A5, phone ,94.83 C1,fee=-7.84; items=10; adj=-1.87%
R00010,2025-09-19T15:10:22Z,A7,phone,,items=5; adj=-4.54%
R00198,2025-08-26T02:22:14Z,A4,phone,81.49 C1,fee=+41.17; adj=+7.57%; WAIVE=TRUE; flag=U; items=4
R00048,2025-10-20T02:48:00Z,A4,web,54.15 ,fee=-9.90; items=50; adj=-0.84%
R00261,2025-04-10T11:12:00Z,A4,email,"66,90 C2 ",fee=+2.74; flag=R; adj=+17.88%; WaIvE=true; items=0
R00201,2025-10-06T00:00:00Z,A1,phone	, 59.55 C1,flag=U; fee=-26.07; adj=+1.70%
R00171,2025-10-08T04:02:44Z,A4,web,76.100,flag=S; adj=+3.78%; items=2; fee=-9.12
R00140,2025-09-02T08:39:58Z,A8,Phone,"127,89 C2",flag=T; items=8; adj=+3.24%; fee=-31.68
R00251,2025-04-08T14:37:00Z,A6,web,60.357,adj=-6.11%; fee=-19.83; items=3; flag=T
R00098,2025-08-08T00:00:00Z,A7,Phone, 86.19,flag=T; items=2; adj=-1.68%
R00048,2025-09-09T16:45:00Z,A7,email,"C1 1,234.56",fee=+6.70; items=1; WAIVE=TRUE; adj=+14.28%
R00274,2025-10-22T12:50:00Z,A2,phone	,95.44 C2,flag=S; fee=-11.51; adj=-5.17%; items=3
R00115,2025-08-21T05:23:00Z,A4,PHONE,,items=50; flag=T; adj=-3.80%; fee=+6.95
R00170,2025-09-13T09:39:39Z,A6, phone ,"48,82C2",fee=-36.13; adj=-18.04%; items=1; flag=N
R00164,2025-09-25T00:00:00Z,A4,phone	,35.78 C1,items=8; fee=+32.92; adj=-10.94%
R00228,2025-10-06T00:00:00Z,A4,email,,adj=-7.13%; items=2; fee=-19.24
R00072,2025-11-08T04:07:00Z,A5,phone	,(164.677),adj=-4.30%; fee=-15.62; items=5
R00276,2025-08-24T22:54:42Z,A5,phone, 102 . 97 C1,items=1; fee=+3.93; flag=U
R00017,2025-10-05T17:00:00Z,A3,web,"(C1 2,500.00)",adj=-3.10%; items=25; waive=true; fee=-16.39; flag=U
R00246,2025-10-10T07:50:00Z,A7,email,"C1 12,345",
R00276,2025-08-02T18:49:00Z,A7,Phone,99.75,items=2; flag=U; fee=-10.40; adj=-5.70%
R00058,2025-09-09T03:30:49Z,A2,phone,110 C2,adj=+5.06%; items=2; fee=-22.01
R00254,2025-09-18T00:00:00Z,A1,web,12.345 C2,fee=+29.20; flag=S; items=4; adj=-4.76%
R00114,2025-11-07T10:07:00Z,A8,phone,"326,88 C2",flag=R; adj=+3.55%; items=5; fee=-16.07
R00293,2025-09-15T00:00:00Z,A4,Phone,-C1 123.45,adj=-5.94%; items=3
R00137,2025-09-09T00:00:00Z,A5, phone ,(C1 58),fee=+16.36; items=1; adj=-9.00%; flag=S
R00234,2025-09-18T00:00:00Z,A7,email,97.65 C1 ,fee=+15.19; flag=R; adj=-11.99%; items=3
R00233,2025-09-10T15:56:00Z,A6,phone	,163.11 C1,fee=-40.90; adj=-0.03%; items=6
R00243,2025-08-27T19:16:00Z,A5,phone, 138.433,flag=N; fee=-3.26; items=10; adj=-9.27%
R00009,2025-11-07T00:00:00Z,A3,email,-45.38,items=50; adj=-9.16%; fee=+7.55; flag=U
R00175,2025-08-01T22:06:07Z,A4,email,98.37 C1,adj=+7.35%; flag=N; items=5; fee=-66.05
R00083,2025-08-22T00:00:00Z,A2,phone,C1 204,items=3
R00199,,A4,Phone,97.18,items=6; adj=+7.08%; fee=-43.67
R00014,2025-09-30T06:19:00Z,A1,email,"103,17C2",
R00055,2025-08-03T13:15:11Z,A6,web,"98,07 C2",flag=T; items=2; adj=-3.45%; fee=+38.19
R00284,2025-10-04T01:06:11Z,A5,phone,-123.01 C1,flag=T; adj=-7.82%; items=4; fee=-15.78
R00106,2025-09-04T05:40:00Z,A3,phone,141),flag=T; adj=-6.65%; items=3; fee=+43.81
R00279,2025-10-29T12:39:00Z,A6,phone	,"129,88 C2",flag=R; adj=+7.07%; items=50; fee=-40.02
R00136,2025-12-06T06:35:56Z,A2,web,C1 147.29,fee=+0.26; items=0; adj=+3.56%
R00185,2025-09-30T04:06:35Z,A3,phone	,"1.234,56 C2",fee=+25.99; flag=U; items=2
R00164,2025-10-05T13:26:38Z,A5,PHONE,81.59,adj=+6.34%; fee=+61.26
R00066,2025-08-23T08:57:00Z,A8,phone,149.83,items=2; fee=+16.28; adj=-9.16%
R00259,,A8, phone ,C1 41 ,fee=+37.90; items=50; adj=-7.03%
R00262,2025-10-11T05:30:00Z,A1,phone,152),fee=+13.63; adj=+3.22%; flag=R; items=4
R00210,2025-09-29T02:43:27Z,A4,Phone," 59,10 C2",adj=-2.06%; items=0; fee=-15.58
R00199,2025-09-01T17:24:13Z,A7,Phone,166.46,fee=+14.61; items=2; adj=+5.99%; flag=N
R00037,,A4, phone ,75.69 C1),fee=+1.67; items=5; adj=+4.09%
R00094,2025-10-02T06:11:00Z,A1,Phone,113 C2 ,adj=+4.35%; fee=+23.05; flag=S; items=8
R00287,2025-11-02T14:33:08Z,A5,phone	,71.94 ,adj=-0.23%; fee=+24.73; flag=S; items=5
R00049,2025-10-28T00:00:00Z,A4, phone ,,flag=U; fee=-2.17; items=8; adj=-4.01%
R00287,2025-09-09T15:16:26Z,A8,web,"81 , 36 C2",adj=+11.19%; fee=+31.35; flag=U
R00095,2025-12-20T07:55:00Z,A8,email,145.70,fee=+18.27; items=50; adj=-1.69%; flag=U
R00296,2025-10-27T00:00:00Z,A4,web,123.21 C1),items=8; adj=-9.88%
R00006,2025-08-22T01:15:31Z,A6,phone,,items=0; fee=+29.37; adj=+7.00%
R00230,2025-11-02T21:30:55Z,A3, phone ,,fee=-26.76; adj=-3.92%; WaIvE=true; items=10
R00021,2025-10-05T12:00:00Z,A6,email,"C1 1,000.00",fee=-67.56; items=1; flag=R; adj=-20.26%
R00215,2025-08-25T06:25:47Z,A1,phone	,143,fee=-26.22; adj=+5.74%; items=1
R00195,2025-10-22T07:27:53Z,A5,phone,(C1126.34),flag=R; fee=-12.89; items=1; adj=+8.26%
R00067,2025-10-08T04:39:00Z,A7,PHONE,67.45) ,items=1; fee=+20.75; flag=U; adj=-13.13%
R00295,2025-09-22T19:46:55Z,A6,phone	,120.147,flag=U; fee=-4.88; items=0; adj=-5.42%
R00274,2025-11-08T03:08:00Z,A8,PHONE,,WaIvE=true; adj=+3.54%; fee=+34.38; items=5; flag=S
R00210,2025-09-18T15:36:54Z,A1,phone,,flag=R; fee=+12.45; items=2
R00070,,A4,phone	,129.17,items=0; fee=+22.44; adj=-0.09%
R00134,2025-09-24T08:12:37Z,A6,Phone, C1 82.21,items=4; adj=-5.09%
R00103,2025-09-01T06:14:00Z,A1,email,146 . 398) ,adj=-1.15%; items=3; fee=-1.70
R00223,2025-09-04T00:00:00Z,A6,PHONE,"101,23 C2",items=8; flag=N; fee=-3.49; adj=+2.07%
R00149,2025-10-27T17:44:00Z,A2,Phone,C1 150.12,items=2; fee=-25.32; flag=S
R00028,2025-08-01T00:00:00Z,A1,phone	,79,waive=true; fee=+21.05; items=2; adj=-4.80%; flag=R
R00286,2025-08-05T05:39:32Z,A3,PHONE,49.39 C2,adj=-8.62%; fee=+9.20
R00209,2025-10-21T07:41:42Z,A7,phone,"107,33C2",fee=-13.59; items=3; adj=-9.40%
R00090,2025-12-18T18:45:00Z,A7,email,"1,000 C2",fee=+6.32; adj=-1.46%; items=1; flag=R
R00282,2025-08-30T20:54:00Z,A4,PHONE,,adj=-6.02%; items=1; fee=-9.35
R00254,2025-08-19T00:00:00Z,A3,phone,"C1 1,234.56",adj=-0.50%; flag=R; items=4; fee=-6.06
R00288,2025-09-22T19:48:59Z,A3,web,"59,70 C2",fee=+2.82; items=2; adj=-3.44%
R00074,2025-10-05T06:07:04Z,A6,web,CR 152 C2,WAIVE=TRUE; items=8; adj=-5.81%; flag=T; fee=+37.50
R00188,2025-09-01T02:59:00Z,A3,phone	,"66,98 C2",flag=S; WAIVE=TRUE; fee=+14.97; items=2; adj=+5.92%
R00172,2025-11-15T08:08:25Z,A6,app,,adj=-1.96%; flag=R; waive=true; items=1
R00055,2025-11-10T00:54:25Z,A7,phone,(C1 123.45),adj=-6.62%; items=4; fee=-21.29
R00133,2025-08-18T00:00:00Z,A6,PHONE,39.66,adj=+0.24%; fee=-4.22; items=0
R00151,2025-08-08T00:00:00Z,A8, phone ,C1 187.71,fee=+10.18; adj=-0.37%; items=10
R00286,2025-09-14T02:15:00Z,A2,web,,items=5; flag=T; adj=+2.04%; fee=+55.94; WaIvE=true
R00040,2025-11-09T08:00:00Z,A4,web,C1 100.00,items=1; adj=+0.00%; fee=+0.00
R00066,2025-08-26T10:54:00Z,A4,email,-C1 123.45,fee=+38.70; flag=S; adj=+8.95%; items=3
R00255,2025-09-03T18:14:00Z,A5,phone,130 C2,fee=+11.48; flag=T; adj=-1.53%; items=1
R00127,2025-08-06T00:00:00Z,A4,phone	," 89,83 C2",flag=N; adj=+16.77%; items=8; fee=+1.45
R00031,2025-10-14T00:00:00Z,A5,email,,flag=R; fee=-23.88; adj=-1.34%; items=1
R00073,2025-10-27T13:15:00Z,A1,Phone,"54,45 C2",items=0; fee=+1.00; adj=+3.47%; WAIVE=TRUE
R00159,2025-11-02T01:19:00Z,A4, phone ,"200,91 C2",flag=T; fee=-0.57; items=2; adj=+3.39%
R00052,2025-09-29T00:03:00Z,A1,phone	,108.98 C1,items=3; fee=-4.24; flag=T
R00270,2025-08-13T21:48:26Z,A3,Phone,84.90,fee=+38.71; flag=N; adj=-3.80%; items=3
R00091,2025-09-06T16:58:39Z,A5,Phone,C1 64,items=1; fee=-39.81; flag=U; adj=-5.54%
R00039,2025-10-17T04:03:00Z,A1,phone,C1 63.45,fee=-22.13; items=2
R00171,2025-09-13T08:35:00Z,A6,phone,,items=12; flag=T; adj=+3.93%; fee=-20.12
R00091,2025-11-10T00:00:00Z,A4,phone,81 C2,
R00027,2025-10-06T08:03:28Z,A3,app,"-47,40 C2",items=50; adj=-3.88%
R00292,2025-10-08T05:41:23Z,A2,email,,fee=+21.80; flag=S; adj=+12.34%; WAIVE=TRUE; items=3
R00157,2025-12-22T03:28:55Z,A6,email,85.13 C2,adj=-13.87%; items=2; fee=-9.67; WAIVE=TRUE
R00252,2025-10-17T19:14:00Z,A1,web,"C1 12,345",fee=+17.10; flag=U; adj=-4.89%; items=10
R00116,,A4,app,C1 120.06,adj=+9.54%; items=8
R00243,,A4,phone	,136.40,fee=-30.18; adj=-10.46%; items=12
R00123,2025-08-22T10:43:00Z,A4,phone,127.09,adj=-1.75%; flag=U; fee=-4.23; items=2
R00142,2025-10-21T14:31:00Z,A8,phone,61.52,items=10; flag=S; adj=+5.24%
R00012,2025-09-09T16:19:41Z,A5,email,55,items=50; flag=R; fee=-5.43; adj=-14.17%
R00280,2025-10-20T23:21:12Z,A8,Phone,127.25,fee=+25.66; items=1; adj=-0.23%
R00264,2025-11-07T02:49:00Z,A4,web,C1 79.14,flag=T; fee=+33.53; items=0
R00078,2025-10-27T22:32:00Z,A6,phone,163.95 ,adj=+1.19%; flag=R; items=0; fee=+17.55
R00204,2025-09-02T11:25:37Z,A6,PHONE,C193.47,adj=-12.01%; fee=-16.36
R00264,2025-08-24T22:09:52Z,A7,app,"89,45C2",items=5; adj=+1.52%; fee=-39.21
R00077,2025-08-24T18:31:17Z,A7,phone,"98,46 C2",fee=-44.44; adj=+5.87%; items=25
R00061,2025-11-01T23:34:55Z,A7,app,"172,01 C2",items=4; fee=-80.96; adj=-8.22%
R00066,2025-12-07T01:51:10Z,A4,phone,C1 56.86,items=3; flag=R; fee=-14.25; adj=+11.15%
R00201,2025-08-27T04:50:00Z,A5,Phone,,items=50; flag=N; fee=-47.91; adj=-0.84%
R00193,2025-10-12T04:34:57Z,A6,phone	,74.73,items=0; fee=-7.62; adj=+0.07%; flag=T
R00147,2025-05-08T12:25:00Z,A4,phone	,93.51,items=1
R00067,2025-08-11T01:56:00Z,A3,email,C1 214.60,fee=-33.79; adj=-0.40%; items=1
R00056,2025-11-11T08:00:00Z,A1,web,C1 100.00,items=1; adj=+0.00%; fee=+0.00
R00273,2025-07-07T19:40:00Z,A4,web,C1 69,fee=-7.81; items=2; adj=-9.96%; flag=N
R00111,2025-10-12T10:36:28Z,A4,phone,156.22 C2,adj=+7.10%; fee=-26.24; items=2; flag=N
R00130,2025-10-25T18:18:00Z,A3,web,C1 85.47,adj=+17.46%; flag=S; fee=+5.74; items=2
R00108,,A6,app,,adj=+13.88%; WAIVE=TRUE; fee=+33.45; items=4
R00230,2025-11-03T00:48:33Z,A7,phone, 118.84,items=6; fee=+62.87; adj=-13.83%
R00240,2025-08-01T08:12:00Z,A7,app,,fee=-1.98; adj=+3.76%; flag=T; items=50
R00020,2025-11-10T08:00:00Z,A1,web,C1 100.00,items=1; adj=+0.00%; fee=+0.00
R00156,2025-09-19T06:57:00Z,A3,email,,WaIvE=true; items=4; fee=+8.00; flag=T; adj=+0.44%
R00189,2025-09-21T18:43:00Z,A2,phone,"52,86 C2",adj=+1.34%; items=1; fee=+33.81
R00019,2025-12-10T16:28:00Z,A5,phone,84.71 C1,items=5; flag=N; adj=+6.70%; fee=+36.64
R00028,2025-11-08T08:00:00Z,A3,web,C1 100.00,items=1; adj=+0.00%; fee=+0.00
R00217,2025-08-15T06:07:05Z,A4,phone,75.19,items=12; flag=S; adj=+8.13%; fee=+16.46
R00095,2025-10-13T13:22:00Z,A6,PHONE,C1 85,adj=-7.73%; items=50
R00015,2025-10-28T07:45:29Z,A7,phone	,63 C2,fee=+97.32; items=1
R00259,2025-11-13T16:00:16Z,A8,web,99,flag=N; items=1; adj=+7.66%; fee=+149.34
R00065,2025-03-08T12:51:00Z,A8,app,(C1 159.17 ,fee=+25.03; adj=+4.26%; items=12
R00005,2025-10-12T01:15:02Z,A1,phone	, C1 124.84 ,adj=-0.82%; fee=+56.09; items=1; flag=T
R00128,2025-10-09T00:00:00Z,A3,email,174.76 C1,adj=+1.71%; items=12; fee=-12.80
R00085,2025-09-25T00:00:00Z,A8,phone, C1 85.12,items=1; fee=-14.89; adj=-2.13%
R00060,,A6,app,81.00 C2,items=8; fee=+176.16; adj=+2.68%
R00256,2025-08-30T01:47:00Z,A6,phone	,(-131.60),flag=R; fee=+17.34; adj=-1.59%; items=8
R00060,2025-10-27T19:45:00Z,A4,app,70.96 C1,fee=-12.17; adj=+5.37%; items=2
R00127,2025-10-15T00:00:00Z,A4,phone,C1 74.55,adj=-9.70%; items=2; fee=+21.38
R00287,2025-10-24T22:06:00Z,A8,app,C1 113.39,items=6; adj=-9.24%; WAIVE=TRUE; fee=+7.19; flag=T
R00056,2025-02-10T03:44:00Z,A5, phone ,C1 180.26,fee=+27.38; items=2; flag=S
R00025,2025-10-07T14:07:00Z,A7,PHONE,,items=3; flag=N; fee=+16.14; adj=-19.57%
R00157,2025-10-25T17:40:22Z,A4,phone	, C1 68.61,flag=S; items=1; fee=+19.06; WaIvE=true
R00135,2025-09-10T20:16:00Z,A1, phone ,,adj=+4.79%; items=8; fee=-10.72
R00002,2025-10-18T15:12:00Z,A4, phone ,-C1 123.45,adj=+12.46%; flag=N; items=2
R00222,,A2,email,,adj=+3.80%; fee=-8.82; items=2
R00216,2025-10-29T12:28:32Z,A7,email,157,flag=N; adj=-28.08%; WaIvE=true; fee=+19.69; items=1
R00284,2025-09-06T08:29:36Z,A1,phone,"C1 12,345",fee=+101.25; adj=-6.53%; flag=T; items=2
R00245,2025-09-15T15:55:00Z,A6,phone,146,fee=+1.76; items=6; flag=S; adj=+4.34%
R00121,2025-08-24T15:55:37Z,A4,phone,C1115.30,fee=-8.13; items=8; adj=-7.87%
R00241,2025-09-14T00:00:00Z,A7,web,"100,85 C2",fee=-2.85; items=1; adj=+2.10%
R00159,2025-08-04T00:01:00Z,A2,email,C1 51 . 20,flag=T; items=50; adj=+2.28%
R00278,2025-11-01T09:31:00Z,A1,web,86.56,adj=-12.36%; items=2; flag=S
R00276,2025-11-20T10:57:31Z,A1,Phone,C1 251.20,adj=+10.03%; flag=N; fee=+20.58; items=12
R00041,2025-08-28T19:09:37Z,A5,phone,(C1 86.60 ,items=2; adj=-10.04%; fee=-28.44
R00163,2025-07-10T04:34:00Z,A5,Phone,CR 118 C2,items=3; adj=-3.23%
R00278,2025-08-22T13:29:00Z,A8,phone	,"C1 1,234.56",items=1; fee=-9.28; flag=T; adj=-12.94%
R00275,2025-09-27T16:05:00Z,A7, phone ,(C1 130.59),items=10; fee=+58.00
R00253,2025-08-28T22:41:33Z,A1,phone	,86,fee=+17.32; flag=N; items=5; adj=+3.45%
R00192,2025-10-12T18:33:00Z,A5,app,C1 134.04 ,flag=N; fee=+18.94; items=4; adj=+12.37%
R00212,2025-08-14T16:33:00Z,A1,phone	,"179,55 C2",items=1; adj=-4.11%; flag=T
R00029,2025-09-11T00:00:00Z,A7,phone,"1,549.88 C1 ",flag=S; items=50; fee=+6.33; adj=+11.10%
R00021,2025-12-20T22:27:57Z,A3,phone	," 68,78 C2",flag=S; adj=-9.34%; fee=+18.27
R00210,2025-07-08T08:55:00Z,A4,phone, C1 113.01,adj=+17.20%; fee=-80.08; items=2
R00041,2025-11-12T00:00:00Z,A4,PHONE,90,fee=+39.01; adj=+5.04%; items=10; flag=N
R00157,,A5, phone ,"109,26 C2",items=1; adj=+0.30%; waive=true; flag=U; fee=+8.07
R00039,2025-09-05T00:00:00Z,A2,phone	,70.45 C2,flag=T; adj=+2.31%; items=2; fee=-21.73
R00050,2025-08-28T15:35:43Z,A2,phone,156.51,flag=S; items=4; fee=-14.76; adj=-0.34%
R00261,2025-12-15T05:55:28Z,A4,PHONE, (-170),fee=+14.11; adj=-0.62%; items=5; flag=T
R00072,2025-08-24T13:17:32Z,A4, phone ,,fee=+19.05; items=2; waive=true; adj=+4.18%
R00244,,A6,phone,84.06 C1,WaIvE=true; adj=+12.41%; fee=+5.84; items=12; flag=U
R00015,2025-08-28T13:23:32Z,A3,phone," 91,29 C2",items=2; adj=+3.29%; fee=+111.12; waive=true
R00182,2025-08-04T03:50:00Z,A3,email,C1 123.45 CR,fee=-13.42; items=50
R00028,2025-11-06T08:00:00Z,A3,web,C1 100.00,items=1; adj=+0.00%; fee=+0.00
R00300,2025-11-21T09:57:28Z,A7,Phone,71.02 C2,fee=-29.82; adj=-9.55%; items=5
R00246,2025-09-08T16:30:28Z,A8,web,"113,90C2",fee=-17.86; items=3; adj=-5.00%
R00031,,A7,phone	,"C1 12,345",items=6; flag=S; fee=+12.79
R00154,2025-08-27T11:13:00Z,A2,phone,C1 123.45 CR,items=12; adj=+0.40%; fee=+13.89
R00297,2025-09-13T21:56:00Z,A4,Phone,,items=1; adj=+5.42%; flag=R
R00062,,A4,web,47,items=5; fee=-33.06; adj=+6.35%
R00121,2025-08-29T09:14:00Z,A1,PHONE,80,adj=+2.07%; fee=+49.37; flag=R; items=4
R00067,2025-09-14T06:17:00Z,A5,Phone, 82 . 14 CR ,items=2; adj=-0.73%; fee=+26.48
R00051,2025-08-28T01:42:00Z,A6,web,148.11 C2,fee=-27.85; flag=U; adj=-2.00%; items=12
R00225,,A6,email, 253 C2,fee=-34.92; items=2
R00109,2025-08-17T19:12:09Z,A3, phone ,-91.49 ,fee=+10.87; items=6; flag=S
R00163,2025-08-21T02:25:00Z,A1, phone ,"C1 67,79",adj=-0.90%; fee=+2.02; items=3
R00008,2025-08-18T08:59:51Z,A4,app, C1 189.36,items=1; adj=+7.43%
R00072,2025-08-28T09:05:00Z,A6,email,145.38 C2,adj=-5.62%; items=10; fee=-5.54; flag=N
R00156,2025-09-22T00:00:00Z,A1,web,"532,63 C2",items=3; fee=+16.42; flag=T
R00194,2025-08-21T06:41:00Z,A3,email,C1 77,items=2; adj=+15.19%; flag=R; fee=+23.32
R00007,2025-08-26T11:36:20Z,A5,PHONE,138,items=50; adj=-5.51%; WaIvE=true; flag=U; fee=+34.16
R00088,2025-08-20T05:44:00Z,A2,PHONE,331.96,items=25; fee=-24.62; adj=-6.35%; WAIVE=TRUE
R00111,2025-10-16T00:12:07Z,A1,app,,adj=+3.77%; items=4; flag=U
R00108,2025-08-22T16:53:00Z,A3,Phone,C1 422.88,waive=true; fee=+5.86; items=0; adj=+2.16%
R00199,,A6,phone,,fee=-0.26; adj=+6.82%; items=0
R00159,2025-09-18T09:47:00Z,A4, phone ,-85 . 929,adj=+4.58%; items=10; fee=+16.08
R00198,2025-08-02T00:00:00Z,A6,phone	,C1112.23,fee=+21.78; adj=+2.53%
R00195,2025-09-15T15:32:00Z,A2,PHONE," 55,29 C2",
R00135,2025-12-27T15:53:33Z,A8,web, 64.27,items=2; fee=-31.09; adj=-16.27%
R00087,2025-10-04T15:25:00Z,A6,PHONE,CR C1 92.53,items=5; fee=-20.78
R00071,2025-09-18T10:39:00Z,A1,phone,,items=1; adj=-4.31%; flag=R
R00053,2025-08-28T08:14:00Z,A3,web,"59,42 C2",items=4; fee=+32.11; flag=N; adj=+10.10%
R00220,2025-08-17T11:53:00Z,A3,email,C1 92.11,flag=S; items=1; adj=-2.30%
R00065,2025-08-26T14:44:29Z,A8,email,"(134,47 C2",adj=+4.24%; items=6; fee=+43.65
R00212,2025-06-11T01:42:00Z,A4,PHONE,C1 74.07,items=12; flag=R; adj=+1.01%
R00265,2025-11-08T17:23:42Z,A6,phone," 108,04 C2",items=2; flag=S; adj=+7.32%; WAIVE=TRUE
R00287,2025-08-11T00:00:00Z,A8,email,106.91 C1,adj=-0.76%; fee=-9.10; flag=N; WaIvE=true; items=0
R00107,,A4,PHONE,C1 63.35,adj=+2.16%; items=6; fee=+1.49; flag=R
R00021,2025-10-05T12:00:00Z,A6,email,"C1 1,234.56 CR",adj=+3.47%; flag=U; fee=-22.27; items=25
R00127,2025-11-07T11:51:21Z,A4,Phone,"425,71 C2",adj=+5.30%; items=1; flag=N
R00168,2025-12-14T17:32:57Z,A1,email,58.37,fee=-4.58; flag=R; items=8; adj=-19.90%
R00090,2025-12-18T18:45:00Z,A7,web,"1.234,56 C2",fee=-7.88; items=25; adj=+12.63%; flag=U
R00160,2025-11-01T04:12:54Z,A7,phone,"98,58 C2",items=10; flag=U; adj=-1.22%; fee=+131.12
R00103,2025-11-24T10:36:04Z,A1,email,C1 98.67,fee=-15.24; adj=+1.34%; flag=R; items=5
R00264,2025-08-08T23:27:51Z,A3,phone,110.63,items=50; flag=S; adj=-7.86%; fee=+6.87
R00244,2025-11-27T03:39:25Z,A6,app, 80.688,adj=+11.27%; items=25; waive=true; fee=-9.08; flag=U
R00123,2025-11-02T15:56:00Z,A4,phone,,flag=T; fee=+2.08; items=3; adj=-17.62%
R00157,2025-09-11T17:26:00Z,A4,PHONE,,items=10; flag=R; adj=+1.53%; fee=-8.20
R00007,2025-08-25T04:45:00Z,A7,app,"100,00 C2",adj=+2.93%; flag=S; fee=+4.35; items=3
R00236,2025-09-30T12:32:39Z,A3,phone,C1 91.72,fee=-20.62; items=12
R00091,2025-09-12T00:44:00Z,A3,phone,127.00,items=25; fee=-16.82; adj=-10.14%
R00271,2025-08-14T00:00:00Z,A1,phone,60.40,fee=-8.43; adj=+5.94%; items=1
R00112,2025-09-03T00:00:00Z,A6, phone ,"39,88 C2",adj=+6.39%; fee=+26.55; items=2; flag=U
R00012,2025-11-11T06:00:00Z,A1,web,C1 100.00,items=1; adj=+0.00%; fee=+0.00
R00093,2025-08-28T14:31:29Z,A5,phone, 85.39 C1,fee=-0.43; items=10; adj=-4.06%
R00129,2025-08-07T00:33:07Z,A5,app,168.86 C1,adj=+4.28%; items=3; waive=true; fee=-30.77
R00101,2025-10-09T22:18:00Z,A6,phone,110.44 C2,items=1; fee=-7.70; flag=U; adj=+3.35%
R00267,2025-11-15T07:41:00Z,A4,PHONE,"66,12 C2",items=5; fee=-16.45; adj=-1.02%
R00190,2025-08-20T15:30:03Z,A4,phone	,C1 48.61,adj=+6.57%; fee=-12.55; items=50
R00082,2025-10-05T10:00:00Z,A3,email,C1 1.000,adj=-8.06%; flag=T; items=1; fee=-36.47
R00184,2025-10-10T10:54:00Z,A6,phone	,"122,84 C2",items=1; WaIvE=true
R00058,2025-10-04T18:52:07Z,A7, phone , 161,items=2; flag=U; adj=-3.98%; fee=+25.62
R00253,2025-10-03T10:01:00Z,A2,email,(C1 123.45),fee=+17.06; adj=+8.46%; items=6
R00186,2025-09-23T10:07:14Z,A8,phone	,204.913,items=1; adj=+0.83%; fee=-16.03; flag=U
R00287,2025-09-17T03:31:29Z,A8,phone	,89.220,fee=+13.75; items=3; flag=U; adj=-8.90%
R00268,2025-08-24T08:18:00Z,A1, phone ,78.29C1,fee=+5.06; items=4; flag=T; adj=-5.80%; waive=true
R00154,2025-11-12T12:42:00Z,A6,phone,,adj=-0.78%; items=1
R00148,2025-08-21T00:00:00Z,A2,PHONE,"C1 72,40",adj=-16.14%; fee=+4.90; items=12; flag=U
R00201,2025-10-22T00:00:00Z,A2,Phone,,adj=-2.54%; items=5
R00251,2025-10-10T00:00:00Z,A8,app,C1 159.16,adj=-15.17%; items=5; fee=+29.24; flag=T
R00237,2025-09-12T06:55:00Z,A1,PHONE,"55,25 C2 CR",fee=+25.56; adj=+2.76%; items=6
R00027,2025-08-19T09:26:35Z,A1,Phone,"100,46 C2",items=0; flag=U; adj=-4.59%; fee=+11.96
R00283,2025-09-02T07:43:33Z,A3,app,"C1 112,32",WaIvE=true; items=10; fee=+24.96; adj=-6.55%
R00212,2025-09-05T06:49:00Z,A1,phone,C1 120.28,fee=+11.36; adj=-4.13%; items=0
R00141,2025-05-09T04:08:00Z,A5,phone	,(94,adj=+7.47%; items=8; fee=+0.19; flag=S
R00045,2025-11-20T07:30:00Z,A2,web,"1,000 C2",items=1; fee=+5.26; flag=S; adj=+1.22%
R00263,2025-10-10T01:11:00Z,A3,email, C1 107.20,WaIvE=true; adj=-1.25%; items=0; flag=N; fee=-42.03
R00016,2025-10-24T23:59:00Z,A2,app,110.67,adj=+6.56%; fee=+23.68; items=1
R00064,2025-11-12T08:00:00Z,A1,web,C1 100.00,items=1; adj=+0.00%; fee=+0.00
R00223,2025-11-18T20:38:57Z,A6,app,119.19,adj=+15.09%; flag=R; items=10; fee=-19.01
R00069,2025-08-19T04:37:00Z,A1, phone , 88.69 C1,flag=N; items=4; adj=-3.43%; fee=+16.87
R00084,2025-09-22T20:12:00Z,A3,Phone,(-89.17),fee=-8.20; items=8; adj=+4.53%
R00239,2025-11-03T00:00:00Z,A3,phone	,C1 303,items=12; flag=R
R00219,2025-02-08T10:38:00Z,A6,web,C1 128,adj=+4.37%; items=3; fee=+15.09
R00208,2025-10-13T07:04:00Z,A8,phone, 64 C2,adj=-5.89%; flag=S; items=1; fee=-64.34
R00155,2025-09-25T03:53:28Z,A3,Phone,C1 123.45 CR,adj=-15.55%; items=3; flag=U
R00158,2025-10-14T00:00:00Z,A2,Phone,121.544) ,flag=N; items=5; WAIVE=TRUE; adj=-3.93%
R00013,2025-11-20T09:30:00Z,A6,email,"C1 1,000.00",items=1; flag=T; adj=-6.81%; fee=+2.42
R00092,2025-10-20T16:17:00Z,A3,PHONE,155.68,adj=-1.65%; flag=S; items=6
R00264,2025-08-05T04:02:02Z,A6,web,73.740,fee=+6.87; adj=-7.39%; WAIVE=TRUE; items=12
R00216,2025-09-05T21:44:20Z,A7,Phone,75.534,fee=-14.91; adj=+20.61%; items=5
R00248,2025-09-19T00:07:00Z,A5,web,C1 284.16,items=5; fee=-31.49; adj=-11.07%
R00034,2025-11-29T20:37:58Z,A8,app,"159,13 C2",adj=-4.20%; items=1; fee=-2.72
R00234,2025-10-21T00:00:00Z,A5,phone,,items=4; flag=T; fee=-2.91
R00082,2025-11-15T08:22:29Z,A2,PHONE,168.50 C1) ,items=12; fee=-9.91; adj=+13.94%; flag=N
R00132,2025-10-10T04:53:00Z,A7,Phone,223 ,flag=R; items=4; adj=+10.75%; fee=-18.28
R00221,2025-08-06T01:45:07Z,A7,web, (C1 103.23,flag=N; items=2; adj=+13.23%; fee=-32.60
R00214,2025-10-13T22:29:00Z,A4,PHONE,"63,28 C2",adj=+11.86%; waive=true; flag=R; fee=-84.54
R00070,2025-07-10T04:47:00Z,A8,PHONE,61.40 CR,items=8; adj=-5.51%
R00219,2025-10-23T10:49:57Z,A7,Phone,123 ,items=5; fee=+1.31; adj=-4.88%; flag=S
R00297,2025-12-20T10:42:15Z,A3,app,"53,63 C2",items=3; flag=T; adj=-4.28%
R00278,2025-09-05T00:00:00Z,A4,app,101.08 C2,adj=+8.80%; items=10; fee=+9.06
R00233,2025-10-09T08:55:00Z,A8,web,C1 114.58,flag=N; items=2; adj=-1.73%
R00107,2025-10-24T12:49:00Z,A1,phone	,,flag=N; adj=+5.74%; fee=+51.35; items=50
R00239,2025-10-04T18:32:00Z,A8,email,469.61 C1,flag=U; adj=-4.96%; fee=-53.95; items=3
R00070,2025-11-26T22:46:13Z,A8,PHONE,C1 139.62 ,adj=-12.84%; fee=-32.79; items=5; flag=T
R00107,2025-09-30T00:00:00Z,A1,phone,,items=8; fee=+14.69; flag=U; adj=+0.29%
R00027,2025-09-17T00:41:15Z,A3,PHONE,170.210 ,WaIvE=true; items=1; fee=+24.44; adj=+3.84%
R00265,2025-12-23T08:18:59Z,A4,phone,"81,95 C2",items=4; adj=-6.12%; flag=T
R00246,2025-09-24T10:53:00Z,A8,web, 125,flag=R; fee=-9.88; items=12; adj=-9.11%
R00025,2025-11-01T11:15:01Z,A8,phone, 60.37,WAIVE=TRUE; items=50; flag=N; fee=-32.55
R00239,,A3,app,62.70 C2,WaIvE=true; items=1; flag=U; adj=-17.87%; fee=-11.38
R00271,2025-10-17T00:00:00Z,A2,app,68.61,fee=-2.78; items=5; adj=-7.28%
R00040,2025-10-16T04:40:00Z,A8,email,71.64,flag=R; fee=+9.59; items=2; adj=+6.49%
R00019,2025-09-18T00:00:00Z,A7, phone ,"73,96 C2 ",adj=-10.64%; items=4; fee=+3.41
R00199,2025-08-10T23:16:00Z,A7,phone,C1 177.76,fee=-15.91; flag=R; adj=+3.18%; items=0
R00134,2025-09-28T00:00:00Z,A7,phone	,"-188 , 25 C2",flag=S; fee=+17.94; WaIvE=true
R00246,2025-08-22T00:00:00Z,A3,Phone, 48,adj=-2.86%; flag=U; items=10
R00129,2025-09-04T15:03:28Z,A7,web,C1 395.80,items=3; fee=-39.33; flag=U; adj=+3.99%
R00156,2025-11-05T00:00:00Z,A5,PHONE,"1.234,56 C2",fee=+8.92; adj=+13.29%; flag=N; items=8
R00174,2025-09-15T04:51:00Z,A5,phone, 135.10,items=1; fee=+24.13; adj=-10.35%
R00100,2025-04-10T08:34:00Z,A1,web,,adj=+2.17%; fee=-27.21; items=50
R00139,2025-09-24T18:51:00Z,A3,email,C168.63,fee=+9.07; adj=+5.90%
R00020,2025-08-08T04:53:07Z,A3,Phone,,items=1; adj=+8.09%; WAIVE=TRUE; flag=T
R00047,2025-10-21T00:00:00Z,A8,PHONE,C1 78.01 CR,fee=-6.23; adj=-3.44%
R00065,2025-10-27T12:24:00Z,A7,phone	,"C1 12,345",fee=+2.43; items=1; adj=+12.48%
R00012,2025-11-09T02:30:00Z,A8,web,C1 100.00,items=1; adj=+0.00%; fee=+0.00
R00076,2025-08-25T08:53:43Z,A2,Phone,78.41 C1,flag=R; items=4; fee=-34.67
R00122,2025-10-23T13:44:04Z,A3,phone,"52,77 C2",flag=T; fee=+34.44; adj=+3.70%
R00274,2025-08-31T07:35:00Z,A6,phone,C199,items=5; fee=-4.86; adj=-4.77%
R00146,2025-09-18T16:21:56Z,A7,email,C1 101,adj=+6.07%; items=4; fee=-29.76; flag=R
R00120,2025-11-08T23:45:00Z,A7,email,C1 149.43,fee=-5.39; adj=-2.51%
R00278,2025-09-05T02:30:04Z,A7,phone,118.597,items=8; fee=-6.30; adj=-1.65%; flag=R
R00039,2025-09-16T14:37:03Z,A2,phone	,"68,35 C2",adj=-0.10%; items=1
R00146,2025-09-16T00:00:00Z,A4,web,97.82C1,items=3; fee=-15.91; flag=T; adj=-4.80%
R00247,2025-03-09T05:15:00Z,A5,phone,703 ,items=8; fee=+19.95; adj=-3.73%
R00143,2025-09-10T00:41:10Z,A5,app,87,items=8; adj=-1.99%; fee=+23.08
R00126,2025-01-11T15:50:00Z,A8,email,,items=4; adj=-11.78%; flag=T; WaIvE=true; fee=+2.30
R00181,2025-09-03T19:24:00Z,A7,app," 148,38 C2",fee=+59.67; adj=-7.74%; items=2
R00184,2025-10-10T06:57:14Z,A2,web,"(-32,20 C2)",fee=-4.24; items=4
R00295,2025-09-10T04:46:00Z,A2,phone	, 73,adj=+1.33%; flag=T; items=1; fee=-0.66
R00228,2025-09-10T00:00:00Z,A4,web, C1 282.37,items=1; fee=-19.77; adj=+14.77%
R00062,2025-08-24T00:00:00Z,A4, phone ,C1 130.92,adj=+15.50%; items=4
R00007,2025-09-05T11:02:55Z,A6,web,"67,08 C2",flag=S; items=2; fee=+29.04
R00024,2025-11-25T15:00:00Z,A7,email,"C1 1,234.56",items=1; adj=+0.00%; fee=+0.00
R00070,2025-10-25T06:48:00Z,A8,app,"C1 66,05",fee=-4.82; items=3; flag=T; adj=-3.26%; WaIvE=true
R00090,2025-11-13T07:09:00Z,A4,email,"117,95 C2 ",WaIvE=true; items=3; fee=+8.49; flag=U
R00043,2025-08-31T22:25:00Z,A2,email, 434.10,fee=+9.18; flag=R; items=1; adj=+6.12%
R00263,2025-09-03T00:00:00Z,A3,web,124 . 31,adj=-14.92%; items=3; fee=-1.26
R00233,,A6, phone ,"43,28 C2",items=0; fee=+35.71; flag=N
R00175,,A8,web,"58,46 C2",items=3; fee=-47.14; adj=-1.69%
R00011,2025-08-12T12:07:50Z,A5,web,"143,58 C2",adj=+0.49%; items=5; flag=N; fee=+26.15
R00007,2025-10-27T00:00:00Z,A7, phone , C1 65.44 ,fee=+5.36; items=8; adj=+1.74%
R00048,2025-11-08T15:07:02Z,A4,phone	,C1 33.65,items=12; flag=U; adj=+3.92%; fee=-22.22
R00231,2025-11-01T00:00:00Z,A1, phone , C1 72.38,flag=T; WAIVE=TRUE; adj=+3.79%; fee=+9.27; items=3
R00238,2025-08-31T10:37:00Z,A2,web,C1 461.96,items=2; fee=-31.46; adj=-7.56%
R00045,2025-11-10T08:44:00Z,A7,phone,C159,flag=N; fee=-10.51; items=12; adj=+16.38%
R00215,2025-08-13T15:43:23Z,A5,web,123.492,adj=-3.47%; items=4; WAIVE=TRUE; fee=-35.02
R00030,2025-08-27T05:00:00Z,A6, phone ,48.96C1,fee=-4.69; items=0
R00042,2025-10-18T07:27:00Z,A6,Phone,77.38 C1 ,fee=+24.11; adj=+2.66%; items=5; flag=U
R00052,2025-09-15T07:21:41Z,A3,phone,94,adj=+15.94%; flag=U; items=10
R00009,2025-12-18T18:45:00Z,A2,email,-C1 999.99,items=1; flag=U; adj=+8.94%; fee=+21.69
R00128,2025-10-19T02:45:00Z,A8,web,59.61 C1,adj=+6.40%; items=2; fee=+5.72
R00102,2025-10-09T04:08:00Z,A8, phone ,C1 565.78,adj=-7.41%; items=4; fee=+5.02
R00120,2025-08-30T00:00:00Z,A7,phone,12.345 C2,adj=-14.53%; items=4; flag=U
R00109,2025-10-15T22:01:26Z,A8,phone,"-67,91 C2 ",adj=-3.79%; flag=S; fee=-0.46; items=6
R00089,2025-08-02T19:39:39Z,A5,app,,fee=-10.30; adj=+5.14%; items=3
R00218,,A6,PHONE,"C1 1,234.56",flag=U; adj=-7.17%; items=5; fee=-14.47
R00186,2025-11-07T12:14:00Z,A1,phone,65.17 C1,WAIVE=TRUE; fee=-13.18; adj=-17.64%; items=0
R00205,,A4,phone,-C1 113.91 ,items=3; fee=+22.08; adj=-7.83%
R00151,2025-11-11T16:51:00Z,A7,web,80.31 C1 ,adj=+3.54%; fee=-15.25; items=8
R00143,2025-10-28T06:37:00Z,A4,Phone,34.68 C1 ,adj=+4.68%; items=0; fee=+21.17
R00024,2025-10-30T00:00:00Z,A7,email,93.53,adj=-7.87%; fee=-23.54; items=4
R00079,2025-08-04T16:15:05Z,A2,web, C1 59.91,fee=+20.53; items=0; flag=T; adj=+9.84%
R00266,2025-10-29T18:07:00Z,A3,email, 35,adj=+3.97%; items=4; fee=+77.11
R00101,2025-12-16T16:17:04Z,A2,PHONE,102.10 C1,adj=+17.60%; items=2; flag=U
R00178,2025-10-09T00:00:00Z,A4,app,64.61 ,fee=+31.16; WAIVE=TRUE; adj=-2.35%; flag=N; items=3
R00067,2025-09-21T03:42:00Z,A5,web,,items=1; adj=-4.83%; fee=-6.90
R00272,2025-08-29T20:42:53Z,A8,app,"89,27C2",fee=-10.90; adj=+5.87%; items=1; flag=T; waive=true
R00249,2025-10-10T07:17:38Z,A8,email,12.345 C2,flag=N; items=1; adj=+7.56%
R00016,2025-08-04T03:26:00Z,A4,email,C1 93.81,adj=+1.56%; flag=S; items=5; fee=+27.90
R00044,2025-11-25T15:00:00Z,A5,web,"C1 1,234.56",items=1; adj=+0.00%; fee=+0.00
R00118,2025-08-31T09:06:29Z,A2,email,C1 73.67,adj=-0.70%; items=1; flag=T; fee=-32.40
R00133,2025-11-12T00:00:00Z,A7,app,,fee=+13.42; items=0; adj=+4.15%
R00090,2025-11-06T20:09:00Z,A3,email,C1 69.53 ,flag=S; adj=+1.45%; items=3; fee=-13.43
R00017,2025-10-12T09:56:00Z,A6,web,87.32,adj=-4.22%; items=1; fee=+39.52; flag=U
R00211,2025-10-09T11:18:54Z,A6,phone,-52.46 C1,adj=-7.95%; items=50; fee=-32.70; flag=N
R00044,2025-11-12T03:01:35Z,A2,phone	, 75.48 C1,fee=+2.48; adj=-10.09%; flag=S; items=1
R00276,2025-10-08T06:19:00Z,A4,email," 24,63 C2",fee=-5.81; items=2; adj=+12.18%
R00032,2025-09-07T22:07:00Z,A5,phone	, 50.77 C2,items=1; adj=+16.90%; fee=-21.34
R00204,2025-09-18T18:48:00Z,A4,phone	,92,adj=-2.03%; items=5; flag=N
R00279,2025-10-06T00:00:00Z,A5,email,C1 186.52 ,items=3; adj=-4.60%; flag=S; fee=-2.58
R00033,2025-09-23T00:00:00Z,A1,Phone,,flag=U; adj=+12.24%; items=1; fee=+1.56
R00002,2025-11-11T22:48:00Z,A8,phone	,72.08 C1,fee=-6.27; items=1; adj=+3.97%; waive=true
R00230,2025-11-01T04:01:13Z,A6,PHONE,(C1 508.73),adj=-0.16%; items=0; fee=-15.76
R00131,2025-08-29T14:46:00Z,A4,PHONE,C1 50.91,fee=-10.28; adj=+2.05%; items=10
R00026,2025-06-07T22:42:00Z,A1, phone ,108.33 C1,items=0; WAIVE=TRUE; fee=+23.44; adj=+9.80%
R00147,,A3, phone ,"74,47 C2",fee=+10.23; items=4; adj=-4.06%
R00109,2025-08-06T16:26:00Z,A5, phone ,C1 66.04,fee=-16.94; adj=+4.52%; items=12
R00118,2025-11-16T13:55:33Z,A2,web,"78,41 C2",adj=-17.47%; fee=-24.74; items=5
R00228,2025-11-16T17:23:27Z,A4,phone	,168.32,items=10; adj=+4.39%; WAIVE=TRUE; flag=S
R00246,2025-12-09T12:23:00Z,A3,PHONE,"89,37 C2",items=10; adj=-12.14%; fee=-27.47
R00045,2025-11-28T02:45:17Z,A3,email,70C2,flag=R; adj=+9.44%
R00177,2025-12-16T07:13:47Z,A3,email, 137 C2,adj=+10.79%; WAIVE=TRUE; items=4; fee=+17.75
R00257,,A3,phone,"91,31 C2",fee=+14.00; adj=+4.28%; items=1
R00124,2025-09-06T00:00:00Z,A7,app,736 C2,items=8; adj=-9.75%; fee=+15.62
R00049,2025-08-15T15:37:15Z,A3,app,-C1 123.45,adj=-3.04%; fee=-32.97; items=10
R00244,2025-10-03T20:52:00Z,A6,web,C1 147.94,adj=-0.39%; items=8; fee=-11.96
R00021,2025-10-05T12:00:00Z,A6,email,,flag=S; items=0; adj=+7.74%
R00257,2025-11-05T03:41:35Z,A6,app,(133.47,items=3; fee=+29.25; adj=+17.14%
R00252,2025-11-05T20:06:00Z,A5,email,-66.63,waive=true; flag=R; adj=+5.22%; fee=+8.22; items=25
R00050,2025-03-10T23:14:00Z,A7,Phone,"117,72 C2",fee=+11.58; items=12; adj=-13.67%; flag=R
R00284,2025-08-28T08:26:00Z,A1,app,103.88,flag=R; fee=-33.72; items=1; adj=+7.01%
R00037,2025-09-25T00:00:00Z,A7,web,"C1 1,234.56",items=4; fee=+15.35; adj=+14.88%
R00227,2025-08-24T21:33:00Z,A5, phone ,"C1 1,234.56",items=0; adj=+4.58%; fee=-10.32
R00155,2025-10-10T00:00:00Z,A7,phone,C1108.49,flag=R; fee=-0.19; items=10; adj=-12.21%
R00137,2025-10-11T18:40:00Z,A6,web,(64.76 C2) ,fee=+3.12; items=3; adj=+7.91%; flag=U
R00213,2025-11-20T04:32:24Z,A6,email,48.55,items=4; fee=-24.42; waive=true; adj=+8.41%; flag=N
R00275,2025-09-26T13:32:00Z,A7,phone,"1.234,56 C2",flag=U; adj=-7.56%; items=10
R00051,2025-03-09T02:37:00Z,A7, phone ,196.670,adj=-0.96%; flag=U; items=50; fee=-13.24
R00107,2025-10-21T08:15:00Z,A7,web,105 C2,adj=-9.43%; items=2; fee=+12.79
R00256,2025-08-20T23:30:49Z,A4,Phone, 486.99,items=1; adj=-16.62%
R00060,2025-06-08T23:36:00Z,A1,email,C1 192.89,adj=+23.25%; fee=-44.15; items=3; flag=S
R00149,2025-08-16T19:59:43Z,A1,app,(-C1 80.88),items=3
R00145,2025-11-03T15:21:00Z,A3,PHONE,84 C2,flag=T; items=2; fee=+36.33; adj=+1.46%
R00101,2025-08-26T18:54:00Z,A2,web, C1 171.75,fee=+8.22; items=3; adj=-2.92%
R00086,2025-11-10T17:06:36Z,A7, phone ,88,adj=+0.73%; items=3; fee=+10.60
R00101,2025-10-03T12:09:02Z,A2,Phone,"1.234,56 C2",items=0; adj=-20.85%; fee=-27.51
R00148,2025-08-12T15:22:00Z,A8,PHONE,,fee=-26.13; items=2; WAIVE=TRUE; adj=-0.19%
R00166,2025-10-04T18:28:00Z,A5,PHONE,C1127,fee=-30.54; items=0; flag=N
R00179,2025-10-30T00:00:00Z,A6,phone,"47,32 C2 ",adj=-17.15%; items=6
R00175,2025-09-16T00:00:00Z,A7,web,93.32,fee=-5.43; adj=+2.39%; items=1
R00268,2025-09-21T00:00:00Z,A6,email,,WaIvE=true; fee=+24.42; flag=S; items=10
R00267,2025-10-11T00:00:00Z,A5,web,"1.234,56 C2",flag=T; fee=-7.93; adj=-18.03%
R00202,2025-09-24T15:54:00Z,A2,web,82,flag=T; adj=-1.69%; items=1
R00122,2025-09-24T06:39:07Z,A5,phone	,C1 63,items=0; flag=T; adj=+0.21%; fee=-55.48
R00114,2025-08-05T19:18:00Z,A5,phone,117.25,adj=+2.19%; fee=-19.04; items=1; flag=S
R00277,2025-08-28T23:30:30Z,A6,phone,107.70 ,adj=-7.40%; items=3; flag=R; fee=+16.15
R00217,2025-10-24T20:18:49Z,A7,PHONE,130,fee=+13.56; items=8; adj=-6.11%; flag=N
R00164,2025-08-20T23:27:00Z,A8,Phone,"413,58 C2",fee=+16.36; flag=U; items=12; adj=-0.41%
R00276,2025-10-18T23:47:00Z,A4,PHONE,"544,14 C2",fee=-9.73; adj=+1.60%; items=0
R00248,2025-08-16T11:49:00Z,A5,app, 86.836,adj=-8.21%; WaIvE=true; items=2; fee=+26.14
R00250,2025-11-01T00:00:00Z,A1,PHONE,"-67,83 C2",fee=-42.52; items=6; flag=S
R00269,,A7,phone,C1 84.78 ,items=1; adj=-6.10%; flag=R; fee=-2.19
R00090,2025-08-20T00:00:00Z,A4,phone,-C1 123.45,items=50; fee=+12.36; adj=-9.43%
R00014,2025-08-01T07:34:00Z,A1,PHONE,112.57,adj=+3.00%; items=1; fee=-10.04
R00034,2025-08-16T00:00:00Z,A2,web, 99.49 C1,
R00031,2025-08-15T10:25:00Z,A5,Phone,"C1 1,234.56",fee=+7.54; items=2; flag=U
R00135,2025-10-15T06:11:38Z,A1,email, 136.64,adj=-2.31%; flag=T; fee=-19.38; items=3
R00016,2025-04-08T23:10:00Z,A5,Phone, 67.59,items=4; adj=-10.96%; WAIVE=TRUE; fee=-17.75
R00064,2025-11-13T18:49:00Z,A7,web,,items=6; fee=+31.33; adj=+11.66%
R00040,2025-11-11T07:00:00Z,A1,web,C1 100.00,items=1; adj=+0.00%; fee=+0.00
R00107,2025-12-10T15:25:00Z,A8,phone,152.63,fee=-27.46; adj=-1.16%; items=6
R00148,2025-10-10T11:42:19Z,A3,app,,fee=-14.75; flag=R; items=5; WAIVE=TRUE; adj=-6.05%
R00073,2025-09-28T21:42:00Z,A5,PHONE,,items=3; adj=-22.50%; fee=+16.48; flag=T
R00108,2025-09-21T09:17:14Z,A8,phone	,81 . 58,fee=-10.64; flag=S; adj=+6.39%; WAIVE=TRUE; items=4
R00020,2025-04-09T09:48:30Z,A4,web,70.12 C1,items=12; flag=R; fee=-3.12
R00222,2025-10-13T16:00:00Z,A4,phone	," (108,25 C2",adj=+8.49%; flag=S; waive=true; items=6; fee=-11.41
R00026,2025-08-01T12:14:28Z,A3, phone , C1 67.85,flag=S; fee=+11.63; adj=+4.88%; items=0
R00009,2025-09-25T04:26:00Z,A8,Phone,"84,75 C2",flag=R; items=4; WAIVE=TRUE; adj=-3.22%
R00037,2025-08-30T00:29:00Z,A5,phone,372.07 C1,adj=-3.86%; fee=-22.54; items=0; flag=T
R00202,2025-10-17T13:15:00Z,A2,app, 599.47,fee=-2.90; adj=-7.47%; items=4
R00028,2025-11-12T08:00:00Z,A1,web,C1 100.00,items=1; adj=+0.00%; fee=+0.00
R00154,,A7,web,C1 48 ,fee=+5.13; adj=-10.20%; items=5
R00114,2025-09-13T18:07:36Z,A5,PHONE,42.83,adj=+7.01%; items=2
R00133,2025-09-11T01:54:18Z,A1,PHONE,"1.234,56 C2",adj=+4.00%; WaIvE=true; items=8; flag=S; fee=-17.83
R00174,,A4,phone	,,items=50; fee=-24.65
R00070,,A8,web,77.36 C1,fee=-4.54; adj=+2.07%; items=25
R00124,2025-10-19T01:07:00Z,A5,app, 93.83,fee=-16.87; flag=R; adj=+18.48%; items=2
R00153,2025-09-27T19:05:43Z,A6,web,80.20C1,adj=+3.25%; fee=-3.28; flag=T
R00021,2025-10-20T00:00:00Z,A4,app,"C1 12,345",flag=U; items=6; adj=-10.21%; fee=+15.00
R00202,2025-08-18T18:41:37Z,A2,phone,74.87 C1),adj=+17.86%; items=4; fee=-21.01; flag=S
R00003,2025-11-25T15:00:00Z,A5,email,"C1 1,234.56",items=1; adj=+0.00%; fee=+0.00
R00083,2025-11-02T00:00:00Z,A1,phone,"76,63 C2",adj=-7.16%; flag=T; items=8
R00296,2025-09-15T04:24:46Z,A2,phone	,454 C2 ,adj=+3.54%; items=50; fee=-41.10
R00104,2025-10-18T00:44:19Z,A4,phone,94.04 C1,items=2; flag=N; adj=+2.67%; fee=-11.03
R00082,2025-08-15T03:19:13Z,A1,app,53 CR,items=8; fee=-13.82; adj=-0.43%
R00019,2025-10-03T00:00:00Z,A4,Phone,(-C1 192) ,items=1; fee=-25.06; adj=-3.54%
R00150,2025-11-10T04:12:17Z,A3,phone	,523.527,flag=T; fee=+12.98; items=4; adj=+1.37%
R00261,2025-10-20T05:19:00Z,A4,app,C1 124.72,items=12
R00020,2025-09-21T13:42:00Z,A2,phone	,64.05 ,fee=-3.81; adj=-2.02%; waive=true; items=10
R00206,2025-10-04T02:27:00Z,A3, phone ,114.40,flag=U; adj=-8.13%; fee=+10.85; items=10
R00256,2025-08-31T03:50:00Z,A1,email,C1 123.45 CR,flag=T; items=50; adj=-4.41%; WaIvE=true; fee=+4.07
R00169,2025-12-01T12:24:00Z,A2,Phone, C1 51.45,items=5; fee=+3.42; adj=-11.51%; flag=U
R00127,2025-10-07T20:44:12Z,A3, phone ,12.345 C2,items=2; flag=T
R00209,2025-11-14T21:45:00Z,A5,phone,(C1 106.02),adj=+5.62%; fee=-42.46; flag=T
R00184,2025-11-19T20:25:48Z,A6,web,CRC185.53,flag=N; adj=-4.72%; WAIVE=TRUE; items=3
R00273,2025-09-12T00:00:00Z,A4,phone	, 133 C2,fee=-5.58; items=10
R00218,2025-12-07T22:49:36Z,A5,phone	,C1 76,flag=T; adj=-2.30%; items=0; fee=-11.33
R00053,2025-12-09T01:05:42Z,A4,PHONE,110.20,fee=-15.98; flag=R; adj=-6.86%; items=3
R00288,2025-08-27T17:57:34Z,A5,Phone,"(-217,41 C2)",fee=+26.49; waive=true; adj=+15.04%; items=1
R00010,2025-10-30T17:51:37Z,A7, phone ,C1 51.36,items=1; adj=+12.05%; flag=N
R00006,2025-10-19T15:05:00Z,A6,phone	,(C1 54.20),items=10; flag=U; fee=-7.12; adj=-1.94%
R00008,2025-11-08T06:00:00Z,A3,web,C1 100.00,items=1; adj=+0.00%; fee=+0.00
R00054,,A3,Phone,,fee=-29.52; adj=-5.87%; flag=N; items=8
R00094,2025-10-14T00:41:00Z,A4,PHONE, (C1 61.48),items=5; fee=+18.33; flag=U; adj=+3.25%
R00173,2025-09-30T15:39:00Z,A5, phone ,48.01,items=5; flag=R
R00060,2025-11-20T08:30:00Z,A3,web,"1,000 C2",items=1; adj=+0.56%
R00253,2025-09-26T00:00:00Z,A2,phone,C1 89.46,adj=+0.50%; items=5; fee=+16.50
R00003,2025-10-07T12:44:00Z,A8,web,,flag=U; adj=+4.48%; items=0; fee=+17.45
R00057,2025-10-01T12:12:00Z,A8,phone,C1 106.43,items=5; WaIvE=true; adj=-17.66%; fee=+23.55
R00114,2025-12-02T13:44:29Z,A2,web,"68,38 C2",flag=R; items=4; adj=+2.25%
R00298,2025-09-22T07:19:00Z,A5,Phone,,WAIVE=TRUE; adj=+3.56%; items=12; flag=T; fee=+45.04
R00096,,A2,Phone,-C1 123.45,fee=-6.35; adj=-13.79%; flag=N
R00214,2025-08-25T00:00:00Z,A4,Phone,83.47,items=8; fee=+17.01; adj=+8.11%
R00253,2025-12-06T23:52:47Z,A1,PHONE,"117,15 C2",fee=-10.49; flag=T; items=5; adj=-34.08%; WaIvE=true
R00295,2025-10-30T00:00:00Z,A5,PHONE,(119),flag=U; items=4; fee=+10.65
R00168,2025-10-05T22:28:45Z,A4,Phone,190.006,items=8; flag=N; fee=+83.88; adj=-0.08%
R00052,2025-08-30T04:24:48Z,A4, phone , 91.51,fee=+13.30; items=5; adj=-19.19%
R00243,2025-10-19T09:46:59Z,A4,phone,"78,77 C2",fee=-9.61; adj=-10.09%; items=50
R00039,2025-09-15T00:00:00Z,A1,web,C1 117.23,items=4; fee=+28.46; flag=R; waive=true
R00234,2025-09-01T01:09:00Z,A7,phone,C1 28.93,flag=T; adj=+0.08%; fee=-69.24; items=6
R00036,2025-11-28T21:25:14Z,A2,web, 119,items=50; fee=+9.23; flag=U; WaIvE=true; adj=+1.73%
R00020,2025-11-29T11:59:01Z,A6,email, (C1 76.45),WaIvE=true; adj=+5.78%; flag=U; items=5; fee=-24.72
R00287,2025-08-20T06:33:00Z,A3,phone,"C1 12,345",fee=-2.27; items=8; adj=-11.18%
R00018,2025-11-25T15:00:00Z,A2,email,"C1 1,234.56",items=1; adj=+0.00%; fee=+0.00
R00273,2025-09-01T10:30:00Z,A4,PHONE,C1 94.26,fee=-18.39; adj=+9.76%; items=50; flag=U
R00289,2025-11-26T04:16:35Z,A2,app,C1 129,adj=-1.48%; flag=U; fee=+4.61; items=10
R00166,2025-08-02T20:18:00Z,A4,phone,"100,55 C2",fee=+14.97; adj=+9.76%; items=3
R00110,2025-08-09T19:58:00Z,A3, phone , 109.72,adj=-11.39%; items=6; fee=-18.92
R00168,2025-09-18T06:38:22Z,A4,app,"-159,35 C2",items=5; fee=-20.10
R00076,2025-07-09T21:37:00Z,A2,app,C1 73.15,WaIvE=true; fee=+24.67; adj=-17.83%
R00132,2025-12-21T19:23:43Z,A3,phone,C1 65.49,fee=-11.14; items=3; adj=-1.10%; flag=T
R00237,2025-10-27T15:04:00Z,A5,app,,fee=-7.58; adj=-13.58%; items=10
R00037,2025-08-30T12:52:00Z,A4,web,104.71 ,adj=-6.48%; items=5; fee=+5.60
R00229,2025-10-13T00:12:37Z,A2,app,,items=4; flag=T; fee=-41.07
R00258,2025-11-05T10:58:19Z,A5,web,"-179,37C2",items=1; fee=+2.56
R00230,2025-09-07T12:20:00Z,A8,phone	,44,flag=T; items=2; fee=-55.08; adj=-9.71%
R00131,2025-08-16T17:44:00Z,A4, phone ,726.78 C2,flag=N; items=2; adj=+8.81%; fee=-37.87
R00158,,A2,phone	,(-175),items=1; fee=-5.12; flag=U; adj=-7.93%
R00270,2025-11-13T21:17:57Z,A3, phone , 70.32 C1 ,adj=-6.45%; fee=+12.61
R00049,2025-08-21T07:39:54Z,A7,phone,"83,02 C2",fee=-3.91; items=3; flag=T
R00254,2025-09-28T01:18:00Z,A8,Phone,135.14,items=6; flag=T; adj=+18.03%
R00045,2025-11-20T07:30:00Z,A2,email,C1 1.000,items=1; adj=-10.64%
R00063,2025-12-26T12:54:50Z,A3,phone	,C1 112.73,adj=-2.64%; items=2; fee=-4.33
R00282,2025-10-28T12:47:19Z,A2,app,(62.10),items=0; flag=U; fee=+30.35; adj=+1.60%
R00022,2025-12-16T13:08:43Z,A8,Phone,162 C2,fee=+20.90; adj=+12.28%; items=1
R00217,2025-09-14T17:51:32Z,A6,app,174 C2,fee=+9.34; items=2; flag=N; adj=+0.69%
R00167,2025-08-31T01:55:00Z,A7, phone ,C1 123.45 CR,fee=+22.90; waive=true; items=4
R00170,2025-10-04T11:46:00Z,A7,email,,flag=R; adj=-4.73%; items=5
R00101,2025-08-07T17:05:00Z,A7,phone	,40.53 C1,items=2; WaIvE=true; fee=-6.63; adj=-4.70%
R00200,2025-08-18T00:00:00Z,A8,phone,"92,47 C2",fee=+2.12; items=0; adj=+2.39%; flag=N
R00275,2025-08-04T22:58:00Z,A7,web,361.73 C1,flag=N; fee=-22.89; items=50; adj=-10.54%
R00138,2025-09-22T00:00:00Z,A2,phone,C1 91.54,adj=+10.57%; WAIVE=TRUE; flag=N; fee=+11.68; items=6
R00170,2025-10-28T09:17:00Z,A3,phone	,"C1 114,10",adj=+2.13%; items=25; fee=+33.35
R00112,2025-10-17T01:26:14Z,A6,PHONE," 58,60 C2",fee=+5.16; adj=-6.59%; items=3; WaIvE=true
R00156,2025-10-11T20:53:00Z,A3,PHONE,"44,96 C2 CR",fee=+11.90; items=1; flag=R; adj=+18.55%
R00005,2025-12-18T18:45:00Z,A2,email,,adj=+5.69%; fee=+19.06; items=0
R00202,,A4,Phone,66.41 ,adj=-0.40%; fee=+33.61; items=8
R00025,2025-10-20T22:14:09Z,A8,phone	,172.56,adj=-1.33%; items=6
R00023,2025-10-24T11:49:21Z,A2,app,C1 95.06,adj=-4.43%; items=3; fee=-22.50
R00138,2025-09-26T18:19:00Z,A2,phone,"668,44C2",
R00211,2025-09-28T00:00:00Z,A6,phone	,91.438,items=4; flag=R; fee=+12.38; adj=-11.15%
R00223,2025-12-08T16:22:00Z,A6,phone,97 C2,items=2; adj=-3.24%; flag=T; fee=-11.87
R00116,2025-10-01T23:24:00Z,A2,app,54),items=2; fee=+22.30; adj=-3.69%; flag=S
R00020,2025-03-11T10:42:00Z,A6,phone,C1 44.34,adj=+1.16%; fee=+18.80; flag=T; items=25
R00206,2025-10-11T00:54:00Z,A8,email,87.885,items=1; flag=R; fee=+7.61; adj=+0.10%
R00082,2025-11-24T14:39:49Z,A2,phone,54.44 CR,adj=-10.10%; fee=+61.29; items=3
R00162,2025-08-02T23:42:30Z,A6,app,"90,71 C2",adj=-1.49%; items=25; fee=-19.28
R00040,2025-09-19T03:12:48Z,A8,phone,C161,items=3; fee=-7.79; adj=+5.72%
R00224,2025-09-28T02:30:01Z,A2,phone	,,flag=U; fee=-50.95; adj=+7.92%; items=6
R00136,2025-10-17T00:00:00Z,A4,app,C1166,adj=-0.78%; fee=-4.99; items=1
R00090,2025-11-12T17:22:47Z,A7,Phone,C1 78.31,adj=-12.97%; flag=T; fee=-44.32; items=5
R00196,2025-08-07T13:44:00Z,A1,PHONE,CR 64,adj=-4.12%; items=6; fee=+18.96; flag=N
R00064,2025-08-19T05:49:00Z,A5,phone,"-30,70 C2",adj=+8.65%; items=4; flag=R; fee=+71.02
R00185,2025-08-08T21:23:30Z,A6,phone,"131,12 C2",items=4; fee=-50.24
R00085,2025-10-10T00:32:00Z,A2,phone	,,flag=T; fee=-13.61; items=2
R00093,,A8,web,"73,58 C2",fee=-10.98; flag=S; adj=-5.42%; items=0
R00267,2025-09-12T17:21:48Z,A3,email,"1.234,56 C2",fee=-14.09; items=1; adj=+0.60%
R00198,2025-10-12T19:19:00Z,A6, phone ," (55,82 C2)",waive=true; items=3; adj=-13.96%
R00206,2025-11-15T09:11:30Z,A8,phone	,"103,26C2",items=4; fee=-17.38; WAIVE=TRUE; flag=U; adj=-2.22%
R00267,2025-09-19T19:43:00Z,A3,email,"102,19 C2",WAIVE=TRUE; fee=-7.84; items=1; adj=-8.79%
R00051,2025-08-15T00:00:00Z,A1,Phone,67,items=1; adj=+17.58%; flag=T
R00197,2025-12-23T13:25:51Z,A2,PHONE,C1 107.83,adj=-7.71%; items=4; fee=+13.73; flag=U; waive=true
R00004,2025-11-07T08:00:00Z,A2,web,C1 100.00,items=1; adj=+0.00%; fee=+0.00
R00206,2025-11-05T00:00:00Z,A8,phone	,"102,48C2",flag=U; adj=+15.81%; items=6; fee=+2.95
R00279,,A5,PHONE,C1 51.44,fee=+26.37; items=4
R00241,2025-09-17T11:01:54Z,A3,app,87.29,items=3; adj=+3.22%
R00107,2025-12-09T13:49:07Z,A8, phone ,88.867 ,fee=-37.66; items=3; flag=S; adj=+10.55%
R00206,2025-11-08T12:33:00Z,A6,app,93.28 C1,flag=R; adj=+10.87%; fee=+10.14; items=1
R00013,2025-11-20T09:30:00Z,A6,web,"(C1 2,500.00)",flag=U; fee=+0.62; items=25; adj=+2.06%
R00201,2025-10-24T21:55:00Z,A6,web,C1 305.97 ,WaIvE=true; fee=-15.93; flag=T; items=3
R00081,2025-09-23T07:26:00Z,A5,phone,86 C2,flag=T; fee=-9.81; adj=-3.47%; waive=true; items=5
R00175,2025-11-12T09:36:00Z,A1, phone ,"79,52 C2",
R00060,2025-11-02T02:05:00Z,A3,phone,348.002,fee=-2.03; items=1; adj=+20.70%; waive=true
R00239,2025-09-16T21:11:00Z,A2,email,70.86,adj=+15.19%; flag=T; items=8; fee=+21.67
R00012,2025-11-19T06:21:05Z,A8,web,86.76 C2,fee=-32.47; adj=-1.60%; items=2
R00213,2025-09-16T05:30:00Z,A7,Phone,69.998,adj=+14.59%; items=2
R00159,2025-09-04T07:57:33Z,A3,PHONE,,items=0; adj=+3.86%; flag=T; fee=+43.67
R00256,2025-09-12T10:50:01Z,A6,email,121.02,items=12; flag=N; fee=-5.20
R00009,2025-08-29T03:45:00Z,A8,phone,65 C2,fee=+5.64; items=2; WAIVE=TRUE
R00151,2025-08-18T17:42:39Z,A4,phone,55.49 C1,fee=+0.97; adj=+3.48%; items=6
R00253,2025-09-15T04:27:00Z,A7,phone," 40 , 49 C2 ",flag=N; adj=+7.22%; fee=+28.40; items=8
R00025,2025-10-10T14:58:00Z,A6,phone,"76,28 C2",flag=U; fee=+12.62; items=12
R00081,2025-10-04T04:11:56Z,A8,Phone,88.585 ,fee=+39.36; items=0; adj=-4.49%
R00151,2025-10-08T04:50:00Z,A1,Phone,C1 104.57 ,adj=+22.46%; fee=+1.58; items=3
R00045,2025-08-12T13:22:00Z,A3,phone,C1 65 . 28,adj=-1.32%; items=8; fee=-0.40
R00294,2025-10-06T23:24:00Z,A3,phone	, C1 38,adj=-8.28%; items=3; flag=N; fee=-25.53
R00049,2025-10-08T12:23:00Z,A5,PHONE,"1.234,56 C2",items=4; fee=+11.60; flag=N; adj=+2.33%
R00036,2025-09-27T00:00:00Z,A4,phone,,fee=+2.92; flag=U; items=5; adj=+2.93%
R00059,2025-03-10T07:34:00Z,A6,Phone,66,fee=-8.19; items=1; WaIvE=true; flag=R; adj=-3.05%
R00104,2025-08-06T16:59:00Z,A5,phone,"72,80 C2",flag=U; adj=+8.89%; fee=+24.60; items=1
R00168,2025-10-12T00:10:00Z,A4,app,,items=1; flag=S; fee=-11.09; WAIVE=TRUE
R00261,2025-08-08T08:04:16Z,A4,app,173.53 C1,fee=-54.68; adj=+19.37%
R00111,2025-10-19T22:23:23Z,A3,web,C1 63.92 ,waive=true; fee=-23.23; items=10; adj=-10.83%
R00180,2025-09-26T14:43:00Z,A2,PHONE,-67.76 C1,flag=U; items=5; adj=+3.25%; fee=+20.21
R00292,2025-09-08T00:00:00Z,A1, phone ,C1 74 . 20,flag=N; items=10; fee=-24.39
R00097,2025-09-21T00:00:00Z,A1,email,178.31 C1 ,fee=-23.57; items=4; adj=+14.33%
R00071,2025-11-03T06:37:00Z,A5,email,98.88 C2,items=2; adj=+11.49%; fee=-22.55
R00225,2025-09-17T23:29:00Z,A7,email,C1 141,fee=+32.85; adj=+3.97%; items=10; flag=N
R00028,2025-10-10T00:00:00Z,A7, phone ,C1 79.41,adj=-8.35%; flag=T; items=2
R00267,2025-09-30T12:49:00Z,A3,email,C1 135.00,items=0; fee=+48.44; adj=+8.80%
R00127,2025-11-18T02:22:50Z,A4,phone	,"65,08 C2",adj=+7.37%; fee=-4.79; items=1
R00191,2025-10-09T00:00:00Z,A7,Phone," 138,61 C2",flag=N; fee=+33.12; adj=-4.20%
R00096,2025-11-06T08:00:00Z,A5,web,C1 100.00,items=1; adj=+0.00%; fee=+0.00
R00182,2025-09-02T13:15:38Z,A6,email,C1 69.37,items=1; adj=+10.36%; fee=-0.54; flag=U
R00186,2025-09-26T02:36:32Z,A1,email,C1 77.04 ,adj=+4.60%; items=3; fee=-27.97
R00089,2025-09-25T17:29:12Z,A8,phone,"115,44 C2",fee=-2.30; adj=+10.88%; items=8
R00022,2025-10-21T06:28:00Z,A1,phone,,flag=U; adj=+8.37%; items=1; fee=+20.45
R00233,2025-09-23T13:21:04Z,A6,web,64.66,
R00195,2025-09-06T16:11:00Z,A5,app, 246.22 C1,items=3; fee=+94.64; adj=+8.45%
R00046,2025-09-25T06:55:00Z,A4,Phone,,adj=-2.07%; fee=+3.82; items=1
R00108,2025-09-19T11:51:00Z,A1,app,C1 70.89,adj=+2.07%; items=10; fee=-9.56
R00041,2025-08-11T15:47:41Z,A8,email,"38,74 C2",adj=-3.68%; items=1; fee=+12.68
R00143,2025-09-18T09:44:00Z,A1,phone,C1 148 ,flag=U; WAIVE=TRUE; items=5; fee=+15.07; adj=-5.07%
R00061,2025-11-02T16:07:00Z,A1,email,,adj=+8.66%; items=0; fee=-1.20
R00140,2025-10-18T21:55:00Z,A7,Phone,(-91.99),flag=S; fee=+60.08; items=2; adj=+15.51%
R00171,2025-10-28T04:47:29Z,A1,web,"104 , 90C2",items=1; adj=+13.31%; fee=-12.67
R00081,2025-08-14T19:56:00Z,A4,Phone,C1 108.01 ,items=1; fee=+19.77; flag=R; adj=-3.26%
R00026,2025-12-18T18:45:00Z,A8,app,-C1 999.99,adj=-9.77%; fee=+11.10; waive=true; items=25
R00060,2025-08-26T15:02:00Z,A2,email,"C1 1,234.56",adj=-10.25%; items=0; flag=U; fee=-8.35
R00187,2025-10-13T21:43:22Z,A4,app,,items=12; adj=-1.24%; fee=+45.80
R00041,2025-08-29T23:58:06Z,A5,PHONE,,adj=+6.53%; flag=U; items=3; fee=-6.78
R00150,2025-09-03T09:02:00Z,A8,email,(C1 165.07,adj=+7.89%; flag=S; fee=-5.32; items=10
R00133,2025-08-20T19:19:35Z,A4,phone,C1 64.82,flag=N; items=6; adj=+10.79%; fee=+7.68
R00144,2025-08-22T04:10:48Z,A3,phone, C1 327.98,fee=-3.17; items=5; flag=R; WAIVE=TRUE; adj=-0.06%
R00211,2025-11-09T00:53:00Z,A6,Phone, 85.33 C1 ,flag=R; items=3; fee=-7.26; adj=-7.09%
R00062,2025-10-17T02:20:27Z,A4,PHONE,105 . 42 C2,fee=-25.07; items=50; adj=+12.29%; flag=S
R00142,2025-10-19T14:51:00Z,A6, phone ,173.96,flag=U; fee=-17.59; items=2; adj=+1.53%
R00283,2025-09-28T13:32:29Z,A7,phone,,WaIvE=true; adj=+0.51%; fee=-11.12; items=3
R00252,2025-11-15T23:46:00Z,A1,phone,96.56 C2,flag=S; fee=-31.38; adj=+7.08%
R00253,2025-10-25T08:04:00Z,A1,email,"71,96C2",flag=U; fee=+16.68; adj=-0.89%; items=1
R00177,2025-10-14T07:06:47Z,A3,email,"89,58C2",adj=+3.60%; flag=N; fee=-18.49; WaIvE=true; items=3
R00086,,A1,phone,"100,00 C2 ",fee=+1.84; items=10; adj=-3.62%; flag=N
R00052,2025-10-10T11:39:00Z,A1,app,C1 69.38,fee=-12.26; adj=-18.29%; flag=R
R00043,2025-08-11T00:11:00Z,A8,phone	,C1 131.22,adj=-2.30%; items=2; flag=T; fee=-12.45
R00088,2025-11-25T15:00:00Z,A8,email,,items=1; adj=+0.00%; fee=+0.00
R00195,,A2,web,-137,fee=-17.81; items=2; flag=T; adj=+17.34%
R00197,2025-08-09T16:26:00Z,A7,PHONE, C1 311.90 CR,fee=-17.71; adj=-15.25%; items=0
R00176,2025-08-29T22:20:00Z,A8, phone ,C1 106.20,adj=-7.04%; fee=-0.41; flag=S; items=4
R00026,2025-12-18T18:45:00Z,A8,web,"1,000 C2",flag=T; fee=-8.07; items=1; adj=+2.22%
R00033,2025-11-20T04:00:00Z,A2,email,"C1 1,000.00",items=1; fee=+47.03; adj=+15.22%
R00197,,A4,web,"100,73 C2 ",fee=+5.57; items=5; flag=S; WAIVE=TRUE
R00218,2025-09-07T15:02:20Z,A3,web,(C1 123.45),fee=+90.00; items=5; adj=-1.75%; flag=R
R00270,2025-11-11T22:08:35Z,A3,Phone,62.72 C1,items=12; waive=true; adj=-9.22%; fee=+29.56; flag=T
R00004,2025-11-02T00:00:00Z,A8,phone,C1 42,adj=+2.67%; items=6; fee=+18.89
R00007,2025-11-25T15:00:00Z,A4,web,,items=1; adj=+0.00%; fee=+0.00
R00020,2025-10-25T21:37:00Z,A6,app,51.15,fee=-1.72; items=1; adj=+4.78%
R00012,2025-11-08T08:00:00Z,A8,web,C1 100.00,items=1; adj=+0.00%; fee=+0.00
R00190,2025-09-06T05:00:00Z,A5,web,122 . 31,flag=R; adj=-5.61%; WaIvE=true; fee=-18.73; items=2
R00120,,A8, phone ,43.98,items=3; flag=T; adj=-3.43%; fee=+13.42
R00255,2025-11-12T21:31:16Z,A2,web,,fee=-45.25; adj=+17.52%
R00125,2025-09-18T13:04:00Z,A4,web,,adj=-10.52%; fee=-15.46; items=12
R00143,2025-09-18T12:03:19Z,A1,email,-131.44,fee=+5.46; adj=+6.12%; items=4
R00188,2025-09-05T20:38:00Z,A3,Phone,97,WaIvE=true; adj=+0.58%; items=5; fee=+11.86; flag=U
R00149,2025-08-17T19:48:56Z,A4,web,76.34 C1,items=4; adj=-7.42%; fee=-0.11
R00082,2025-08-13T05:22:00Z,A2,phone	,C1 81,adj=+2.44%; fee=+26.18; items=4
R00220,2025-11-10T00:00:00Z,A5,phone,,items=5; adj=+10.97%; fee=-9.99
R00063,,A6,phone	,(C1 123.45),items=2; fee=-26.52; adj=+0.36%
R00001,2025-12-18T18:45:00Z,A3,email,"C1 1,000.00",items=1; adj=-9.60%; flag=S; fee=+21.59
R00019,2025-08-03T13:58:01Z,A2,email,111.00C1,flag=R; WAIVE=TRUE; adj=+9.28%; items=1; fee=+1.24
R00021,2025-08-12T04:20:00Z,A8,PHONE,(77 . 49) ,adj=+11.78%; fee=+20.82; flag=R; items=1
R00003,2025-10-24T13:53:32Z,A6,PHONE, C1 96,items=5; fee=-51.07; adj=-4.85%
R00042,2025-08-30T00:00:00Z,A6,PHONE,164,items=50; fee=+33.19; adj=-12.87%; flag=U
R00146,2025-10-26T00:00:00Z,A5, phone ,121,items=6; adj=-11.10%; fee=+18.85
R00137,2025-09-28T05:02:00Z,A6,phone,74.29,fee=-4.38; adj=-22.72%; items=25
R00237,,A6, phone ,"53,37C2",fee=-25.20; adj=-2.51%; flag=R; items=5
R00162,2025-10-14T15:42:00Z,A1,phone,C1 62.32 ,adj=+8.46%; fee=+28.03; items=50
R00295,2025-09-19T11:56:00Z,A5,PHONE,,flag=S; adj=+8.75%; fee=+2.64; items=6
R00017,2025-08-15T12:57:05Z,A4,phone,79.86 C1,fee=+13.71; adj=+4.82%; flag=S
R00190,2025-12-24T13:22:55Z,A8,app,106.82,adj=-2.20%; items=0; fee=-18.68; flag=T
R00236,2025-08-23T10:12:00Z,A1,Phone,C1 134,adj=+6.99%; items=6
R00099,2025-09-14T16:15:00Z,A2,email,55 ,adj=-4.06%; fee=-0.65; items=8
R00166,2025-10-25T00:00:00Z,A4,phone,-138.68 C1,items=2; adj=+6.16%; fee=-23.90; flag=T
R00219,2025-12-27T00:06:53Z,A6,web, 75 . 41 C1,adj=+12.08%; items=6; fee=+17.51; flag=N
R00201,2025-08-15T01:46:38Z,A2,phone,(166.24,adj=-2.53%; fee=-41.52; items=1
R00150,2025-10-19T01:08:00Z,A3,email,C1 123.45 CR,WAIVE=TRUE; items=1; fee=-27.23; adj=-1.11%
R00090,2025-08-05T10:19:00Z,A4,phone,"111,45C2",adj=+9.65%; fee=+31.96; items=6
R00184,2025-11-08T05:00:00Z,A2,email,"91,56C2",flag=U; waive=true; adj=-5.18%; items=25
R00021,2025-10-05T12:00:00Z,A6,email,"1.000,00 C2",items=1; WAIVE=TRUE; fee=-5.04; flag=U
R00021,2025-09-16T10:33:46Z,A3,phone	,91.957,fee=-55.06; items=12; adj=+2.70%
R00210,2025-08-08T20:24:00Z,A7,phone,90.66,adj=+1.20%; flag=U; WaIvE=true; items=10
R00119,2025-08-27T12:39:00Z,A5,phone,89,flag=R; items=10; WaIvE=true; adj=+7.51%
R00097,2025-08-22T02:11:00Z,A6,phone,103.08 C1,flag=S; items=0; adj=-2.52%; fee=-33.80
R00075,2025-08-16T12:40:00Z,A3,phone,123 ,flag=U; fee=+3.96; items=8; adj=+0.36%
R00096,2025-11-11T08:00:00Z,A1,web,C1 100.00,items=1; adj=+0.00%; fee=+0.00
R00287,,A8,web,90.88 C2,flag=R; items=1; adj=+13.00%
R00110,,A2,phone,"CR 107,91 C2",items=1; fee=-27.86; adj=+6.23%
R00112,,A5,phone,,items=2; adj=+3.37%; waive=true; flag=S
R00044,2025-11-07T06:17:25Z,A3,phone,(194.72 C1 ,flag=T; items=10; adj=+3.65%
R00279,2025-09-29T18:20:32Z,A6,Phone,"150,07C2",items=1; flag=T; adj=-3.13%; fee=+31.54
R00299,2025-09-01T15:09:00Z,A6,Phone,C1 61.79,fee=-31.27; adj=-16.84%; items=4; flag=T
R00036,2025-10-24T18:02:18Z,A2,phone,C1 52 ,items=0; fee=+40.58; adj=-17.18%
R00010,2025-05-09T03:17:00Z,A3, phone , C1 75 . 53,adj=+2.22%; fee=-1.62; items=50
R00220,2025-09-05T15:27:04Z,A4,phone,C163,items=5; fee=-6.34
R00122,2025-08-31T20:26:00Z,A2,PHONE,C1 76,items=2; fee=-37.05; adj=-9.75%
R00209,,A6, phone ,138.392 ,fee=+7.54; flag=N; items=3
R00270,2025-09-20T12:01:23Z,A8,Phone,C1 67.73,adj=+1.72%; flag=U; items=2
R00204,2025-12-16T09:09:02Z,A4,app,C1 69.72,adj=+16.53%; items=0; fee=-3.44
R00055,2025-12-17T12:25:00Z,A7,phone	,"76,86 C2",fee=-18.11; flag=T; adj=+7.38%; items=8
R00040,2025-11-12T08:00:00Z,A1,web,C1 100.00,items=1; adj=+0.00%; fee=+0.00
R00080,2025-11-20T08:42:04Z,A1,phone,C1 182 ,fee=-39.36; adj=+1.78%; items=0; flag=U
R00136,2025-09-18T12:54:03Z,A2,Phone,-51,flag=T; adj=+8.97%; items=6; fee=-19.99
R00029,2025-11-05T00:00:00Z,A1,email,C1 79),fee=+3.80; items=5
R00106,2025-10-07T04:27:00Z,A6,phone,"C1 12,345",flag=S; adj=+4.06%; items=5; fee=+4.90
R00045,2025-09-03T00:00:00Z,A3,app,-55.89 C1,flag=N; fee=+19.50; items=0; adj=-5.97%
R00042,2025-07-09T18:17:00Z,A5,phone,,flag=N; items=10; adj=+10.37%
R00018,2025-09-28T08:31:18Z,A6,phone,C1 137.34,items=25; fee=-38.02; adj=+2.46%
R00240,2025-09-28T07:41:34Z,A4,PHONE,C1 311.42,items=1; adj=-11.02%; fee=+3.56
R00085,,A3,web," 77,52 C2 ",fee=+37.76; items=1; adj=+13.23%
R00259,2025-10-30T22:34:00Z,A5,phone,123,items=2; fee=-15.67; adj=-3.83%; flag=N
R00144,2025-08-22T09:42:00Z,A1,phone	,102,items=1; adj=-2.28%; flag=T; fee=+10.27
R00139,2025-11-25T06:23:36Z,A3, phone ,85.06 C1,items=4; fee=-10.28; adj=-4.51%
R00230,2025-10-09T00:00:00Z,A3,app,,fee=+13.81; adj=+3.66%; flag=N; items=2
R00149,2025-08-06T12:35:00Z,A1,phone,89 C2,flag=R; items=50; fee=-12.51; adj=+4.27%
R00114,2025-08-18T21:28:00Z,A7,phone,61.87,adj=+11.96%; items=25; fee=-11.94; WAIVE=TRUE
R00060,2025-10-21T15:39:00Z,A8,email,,fee=+39.06; WAIVE=TRUE; items=10; adj=+6.38%
R00244,2025-09-25T16:42:00Z,A6,Phone,C1 97.51,adj=-0.03%; items=6; fee=+1.72
R00131,2025-08-05T16:18:00Z,A4,app, 47.58 C1,items=8; adj=-3.36%
R00238,2025-11-26T05:47:29Z,A6,phone	,C1 121.49,items=5; flag=S; fee=-9.19; adj=-10.38%
R00275,2025-08-30T13:52:17Z,A4,phone	,"(93,80 C2)",flag=N; items=12; adj=+6.64%; fee=+33.83
R00277,2025-10-10T06:27:17Z,A6,phone,C1 125.71,flag=U; fee=+43.04; adj=+6.94%; items=8
R00171,2025-09-30T15:15:31Z,A5,web,(C1 123.45),fee=+21.31
R00200,2025-08-12T17:15:21Z,A3,phone,"229,26 C2",flag=N; fee=-27.92; items=5; adj=+2.97%
R00276,2025-10-26T06:45:59Z,A1,Phone,76 . 35 C2,adj=+13.14%; flag=N; fee=-1.19; items=4
R00130,2025-08-07T17:15:05Z,A5,phone	,,adj=-5.16%; items=3
R00184,2025-10-01T10:50:00Z,A2,phone,"C1 173,58",adj=+1.25%; items=25; fee=-1.81
R00247,2025-10-10T07:13:18Z,A7,phone,-C1 35 . 02,fee=-49.26; items=1; adj=+5.62%
R00225,2025-08-18T11:08:35Z,A6,phone	,117 ,flag=T; adj=+7.89%; items=1; fee=-16.86
R00196,,A1,phone,C1149,adj=-1.33%; items=1; flag=S
R00062,2025-08-08T13:25:00Z,A6,PHONE,"78,24 C2",items=3; adj=+4.38%; fee=+11.01
R00124,2025-11-09T00:00:00Z,A7,web,CR 42.181,items=10; flag=U; fee=+4.70; adj=-26.02%
R00028,2025-08-31T03:50:00Z,A2,email,64,adj=+8.09%; fee=+62.64; flag=R; items=8
R00162,2025-09-29T01:34:00Z,A1,web, C1 57.70,fee=+42.28; flag=S; adj=-0.48%; items=3
R00011,2025-08-28T05:15:12Z,A7,phone	,"C1 12,345",fee=+18.73; flag=U; items=2
R00212,2025-08-08T04:27:00Z,A1,Phone,,items=50; flag=S
R00010,2025-11-13T17:20:17Z,A4,app,C1180.04,items=1; flag=N; fee=-5.20; adj=-7.57%
R00180,2025-08-22T21:52:00Z,A2,Phone,121.40,items=1; adj=+8.50%; fee=-7.51; flag=N
R00229,2025-09-23T01:23:03Z,A2,Phone,104.53 C2,flag=T; fee=+55.96; items=50
R00203,2025-12-09T08:22:15Z,A8,phone	,73.68 C2,fee=-11.51; flag=U; adj=-9.61%; items=4
R00153,,A7, phone ,,adj=-13.21%; flag=T; fee=+28.77
R00044,2025-10-11T10:58:02Z,A3,Phone,62 C2 ,items=8; adj=-3.30%; flag=T; fee=+2.82
R00294,2025-10-22T12:59:00Z,A4,app,"127,61 C2",flag=R; items=0; adj=+2.36%; fee=-14.79
R00079,2025-09-15T04:46:00Z,A4,email,96.86C1,items=3; fee=-49.62; adj=-1.39%
R00037,2025-10-31T23:50:00Z,A4,phone,"C1 43,79",fee=+3.06; flag=N; items=5
R00003,2025-10-30T10:09:40Z,A7, phone ,"155,49 C2",items=2; fee=-20.09; adj=+17.08%; flag=S
R00239,2025-09-07T11:06:00Z,A2,app,64.10,fee=+4.47; WaIvE=true; adj=+2.81%; items=1
R00112,2025-08-20T15:26:03Z,A5,phone	," 74,43 C2",adj=+3.87%; fee=-10.25
R00032,2025-09-09T08:57:00Z,A2,phone,"C1 1,234.56",adj=-0.80%; fee=-3.35; items=4
R00070,2025-09-19T02:44:00Z,A2,web,73.54,flag=T; adj=-10.32%; items=3
R00046,2025-09-27T10:37:49Z,A3,email,-C1 123.45,flag=U; items=10; adj=+8.19%; fee=-40.32
R00236,2025-10-17T15:40:26Z,A6,app,56,items=4; adj=-11.53%; flag=T; fee=-22.09
R00240,2025-09-27T20:37:00Z,A1,PHONE,,items=25; adj=-13.45%; fee=-19.27
R00297,2025-08-17T18:06:00Z,A6,app,79.37,adj=-0.45%; fee=+11.48; waive=true; items=3
R00143,2025-11-08T19:50:15Z,A6, phone ,160.47,fee=+18.45; items=5; adj=-7.62%
R00023,2025-09-04T00:00:00Z,A2,phone	,78.71 C1,adj=-2.85%; items=12; flag=T; fee=+8.11
R00021,2025-08-13T21:03:55Z,A3,phone	, (124 ,items=12; fee=-42.04; flag=T
R00063,2025-09-26T07:29:25Z,A6,email,(136),adj=-0.79%; fee=-16.96; items=50
R00276,2025-10-23T20:41:00Z,A1,Phone,"C1 12,345",adj=+8.17%; flag=N; items=12
R00052,2025-08-08T03:57:00Z,A4,phone,43,adj=-6.87%; fee=-42.20; items=4; flag=S
R00231,2025-08-01T21:03:00Z,A1, phone ,"385,84 C2",fee=+7.96; adj=+4.11%; items=8; flag=R
R00109,2025-09-21T17:20:00Z,A3,phone,,fee=+2.91; flag=U; adj=-5.12%; items=4
R00033,2025-11-20T04:00:00Z,A2,web,-C1 999.99,items=50; flag=N; fee=+10.31; adj=+5.03%
R00034,2025-09-25T06:02:00Z,A8,phone,,
R00148,2025-09-23T00:00:00Z,A7,Phone,42.09,items=5; fee=-47.00; flag=U; adj=+2.61%
R00095,2025-09-19T00:00:00Z,A4,web,92.23,fee=-1.04; adj=+0.33%
R00056,2025-04-10T16:21:00Z,A4,PHONE, C1 131.83,items=1; fee=-35.04; adj=+2.45%
R00200,2025-08-22T08:10:20Z,A6,phone,C1 128,adj=+11.57%; flag=T; items=2; fee=-26.68
R00142,2025-10-23T02:12:50Z,A5,phone,C1 235.91,fee=-49.20; items=1; adj=+9.12%
R00077,2025-10-25T05:00:00Z,A7,phone,"65 , 03 C2",items=1; fee=-9.26; adj=+6.11%; WaIvE=true
R00263,2025-08-21T00:00:00Z,A6,PHONE,934 C2,flag=R; fee=+23.78; adj=-5.86%; items=1
R00241,2025-09-08T00:00:00Z,A6,phone,C1 88.90,adj=-6.22%; items=2; fee=-5.71; flag=S
R00105,2025-08-11T00:00:00Z,A8, phone ,C1 77.82,flag=R; adj=-3.45%; fee=-6.19; items=25
R00147,2025-12-30T00:32:43Z,A4,app,C1 118.67,fee=+3.32; adj=+6.73%; items=3
R00085,2025-08-01T00:00:00Z,A2,Phone,96.11 C1,fee=+3.06; flag=N; adj=+1.30%; items=8
R00013,2025-11-10T08:38:02Z,A2,phone,(C1 123.45),adj=+5.33%; fee=-19.82; items=2
R00224,2025-12-11T15:08:18Z,A5,web," (-53,90 C2)",fee=-8.83; adj=+11.87%; items=1; WaIvE=true
R00113,2025-11-25T06:46:25Z,A6,Phone,"110,34 C2",flag=S; adj=-7.53%; items=0; fee=-24.19
R00150,2025-10-09T03:43:00Z,A3,phone	,,adj=+14.46%; fee=-25.63; waive=true; flag=T; items=25
R00071,2025-09-09T00:00:00Z,A8, phone ,,items=1; fee=-6.00; adj=-10.49%
R00160,2025-08-06T00:00:00Z,A1,PHONE, C1 72.52,fee=+15.61; items=3; flag=R
R00092,2025-08-16T08:32:50Z,A8, phone ,100C2,flag=N; fee=-9.10; adj=+5.40%; items=2
R00135,2025-09-06T00:50:00Z,A2,phone,48,items=0; adj=+3.55%
R00090,,A3, phone ,(100.50),items=8; fee=-7.71; adj=+6.38%
R00061,2025-10-01T00:00:00Z,A5,phone	,,fee=+14.13; items=6; adj=-15.65%
R00179,2025-10-16T03:43:00Z,A4,phone,,fee=-2.17; adj=+1.24%; WAIVE=TRUE; items=2
R00096,2025-10-24T22:15:00Z,A6,phone, (50),adj=-2.83%; items=2; fee=-43.44; flag=U; WaIvE=true
R00176,2025-10-13T01:42:00Z,A8,PHONE,129.33 C2,flag=U; items=6; adj=+1.70%; fee=+139.76
R00184,,A6,web,54 C2,items=10; adj=-3.30%; fee=+30.22
R00056,2025-10-23T03:52:00Z,A5,email,,adj=+3.28%; items=5; flag=R; fee=+4.61
R00017,2025-10-05T17:00:00Z,A3,web,C1 1.000,items=1; flag=N; adj=+6.39%
R00003,2025-09-27T00:00:00Z,A1,phone,C1 121.37 ,flag=R; items=3; adj=+0.53%; fee=-41.00
R00132,2025-10-05T02:57:00Z,A6, phone ," 46,94 C2",adj=+12.13%; items=3; fee=+8.93
R00079,2025-11-11T06:44:00Z,A5, phone ,87.96,flag=T; WAIVE=TRUE; adj=-0.05%; items=10; fee=-32.32
R00202,2025-10-21T22:47:00Z,A2, phone ,158.14 C1,items=3; flag=N; adj=+2.80%; fee=+5.46
R00062,2025-11-03T00:00:00Z,A4,phone,"C1 33,28",items=1; adj=+5.94%; fee=-8.57
R00069,2025-11-05T10:14:49Z,A1,phone,76.81 C1,adj=-1.78%; flag=S; fee=-7.41; items=6
R00199,2025-08-16T10:32:01Z,A4,email,"61,15 C2",items=1; adj=-0.90%; fee=+18.48; flag=T
R00092,2025-08-27T15:41:22Z,A3,email,C1 137,fee=-19.54; items=5; flag=R; adj=-2.03%
R00146,2025-12-21T16:15:21Z,A7,email,"125,17 C2",adj=-3.27%; fee=+24.30; flag=S; items=4
R00226,2025-10-01T00:19:22Z,A5,web,"102,04 C2",fee=-19.15; items=1; adj=+4.46%
R00161,2025-09-26T17:34:00Z,A8,phone,96.48 C1,adj=-6.71%; items=4; fee=+30.75
R00265,2025-08-07T04:14:50Z,A3,web,C1 85.19,items=50; adj=-2.79%; fee=-14.64
R00300,2025-10-30T20:09:00Z,A2,phone,35.54,adj=-2.38%; items=1; flag=R; fee=-2.75
R00088,2025-10-19T00:33:00Z,A4,phone,63.981,flag=U; adj=-3.05%
R00142,2025-12-28T15:18:02Z,A6,phone,"73,16 C2 ",items=10; flag=T; fee=-36.59; adj=-10.07%
R00176,2025-10-23T00:00:00Z,A8,PHONE,"80,86 C2 ",fee=+44.42; flag=S; adj=+7.11%; items=1
R00239,2025-09-18T00:00:00Z,A5,app,182,items=50; fee=-4.40; adj=+3.41%; flag=S
R00106,2025-11-10T04:22:55Z,A4,web,,adj=+1.05%; items=12; fee=-5.01; flag=S
R00165,2025-11-03T00:00:00Z,A7, phone ,C1 222.82,items=5; adj=-10.79%; fee=+2.38; WAIVE=TRUE
R00011,2025-09-16T00:00:00Z,A5,phone	,239.840) ,items=1; fee=-0.21; adj=-12.04%; flag=R
R00025,2025-10-02T12:44:00Z,A5,Phone,100C2,items=0; fee=-11.09; adj=-5.43%
R00174,2025-09-10T08:50:00Z,A4,PHONE,102.40 C1,adj=-8.25%; items=12; flag=R
R00007,2025-11-11T21:11:00Z,A4,Phone,(-35.60) ,WAIVE=TRUE; items=25; fee=-13.08; adj=+9.08%
R00213,2025-09-20T05:00:00Z,A6,email,130.57,fee=+3.46; flag=R; items=5; adj=-5.38%
R00004,2025-08-20T14:12:00Z,A8,app,"(103,05 C2)",adj=-14.26%; flag=N; fee=-121.72
R00077,2025-04-08T16:29:00Z,A1,web,"(122,85 C2",adj=-1.67%; WaIvE=true; items=4; fee=-8.03
R00151,2025-10-20T01:16:00Z,A8,PHONE,119.93 C1,fee=-34.08; flag=S; adj=-3.74%; items=10
R00032,2025-11-06T08:00:00Z,A1,web,C1 100.00,items=1; adj=+0.00%; fee=+0.00
R00035,2025-12-20T12:47:41Z,A6,app,"614,87 C2",adj=-9.48%; items=2; WaIvE=true; flag=R; fee=-22.33
R00099,2025-08-23T04:55:06Z,A2,Phone, CR 173.91,fee=-3.85; adj=-8.28%; items=8
R00180,2025-10-16T05:36:45Z,A4, phone ,,items=10; adj=+4.09%; fee=+4.38; waive=true; flag=N
R00099,2025-12-28T18:08:40Z,A2,web,92 C2,items=8; waive=true; adj=+19.90%; fee=-68.48
R00008,2025-11-10T06:00:00Z,A1,web,C1 100.00,items=1; adj=+0.00%; fee=+0.00
R00039,2025-11-11T07:44:00Z,A3,Phone,,flag=N; items=1; adj=-2.22%; fee=-2.02
R00300,2025-09-14T00:00:00Z,A4, phone ,C1 173.09,fee=+26.00; items=5; flag=S; adj=-8.48%
R00074,2025-10-05T12:00:00Z,A7,web,,adj=-5.55%; fee=-38.17; items=0; flag=U
R00175,2025-09-06T07:42:00Z,A4,PHONE,"C1 12,345",adj=+13.75%; fee=-2.49; flag=S; items=3
R00056,2025-08-28T06:54:00Z,A6,phone	,C1 115.03 CR,flag=U; fee=+1.11; adj=-0.79%; items=10
R00065,2025-08-11T00:00:00Z,A8,email,12.345 C2,flag=T; fee=-16.80; items=2; adj=-17.94%
R00162,2025-08-15T02:32:00Z,A1,web,C1 92.37,items=1; adj=-3.54%; fee=+4.07; waive=true
R00185,2025-08-22T17:40:24Z,A7, phone ,-C1 123.45,flag=S; adj=+25.21%; items=5; fee=-1.83
R00013,2025-08-14T07:58:00Z,A1,phone, C1 70.88,flag=N; fee=+9.21; items=12; adj=-14.49%
R00039,2025-09-03T20:15:49Z,A2, phone ,-C1 172.07 ,adj=-6.22%; waive=true; items=6
R00045,2025-08-18T00:00:00Z,A3,app,82.05,adj=+1.98%; fee=+1.49; items=5
R00047,2025-12-16T13:55:02Z,A8,Phone, 163.32 C2,adj=-15.26%; fee=+19.47
R00013,2025-12-07T18:13:34Z,A1,email,"138,61 C2 ",items=25; fee=-1.34; adj=-17.20%
R00290,2025-10-10T20:48:00Z,A2,PHONE,C1 276.97,items=5; adj=+7.20%; fee=+4.26
R00142,2025-10-29T10:24:00Z,A2,PHONE,"78,01 C2",adj=+12.96%; flag=R; fee=-5.55; items=8
R00257,,A7,phone,54 ,items=5; adj=+2.46%; flag=R
R00063,2025-09-14T23:04:15Z,A8,phone,"99,57 C2",items=4; adj=+11.86%; fee=-31.50
R00029,2025-10-05T06:10:00Z,A6,phone,C1 50.64 CR,items=8; waive=true; adj=-11.11%; fee=-12.35
R00278,2025-10-30T15:09:00Z,A3,PHONE,"41,54 C2 ",adj=+2.40%; items=8; fee=-21.11
R00258,2025-08-02T23:59:10Z,A5,web,,adj=+7.90%; WaIvE=true; fee=+31.80; items=25
R00136,2025-04-09T09:43:00Z,A1,phone,-105 . 16,items=3; fee=+6.76; adj=-7.35%
R00086,2025-09-22T00:37:00Z,A1,app,36.74,adj=+8.61%; fee=-10.36; items=4
R00119,2025-09-26T09:47:57Z,A3, phone , C1 95.10,items=3; fee=-64.26; adj=+6.64%; flag=R
R00132,2025-08-04T17:36:38Z,A5,phone,"1.234,56 C2",flag=U; fee=-29.41; items=8; adj=+4.31%
R00227,2025-11-15T17:34:00Z,A5,phone,"60,33 C2",fee=+7.00; items=8; adj=+12.97%
R00198,2025-09-08T00:00:00Z,A2,email,"(139,14 C2",items=10; flag=S; fee=+175.56; adj=-12.37%
R00285,2025-11-12T21:46:14Z,A6,phone,,fee=-16.76; adj=-8.94%; items=2
R00135,2025-09-21T15:19:11Z,A8,phone,C1 100.64 CR,fee=+0.95; adj=-3.81%; items=1
R00025,2025-09-16T04:13:00Z,A1,phone	,152.71,fee=+21.63; adj=-9.76%; flag=R
R00118,2025-10-14T00:00:00Z,A2,web,"121,54 C2",adj=-4.67%; items=50; fee=+0.62
R00226,2025-08-13T05:24:16Z,A4,email,,fee=+93.60; adj=-16.96%; items=4; flag=U
R00153,2025-11-15T01:11:00Z,A4,Phone,(C1 123.45),items=3; flag=S; fee=-22.44; adj=-4.53%
R00266,2025-08-27T21:10:02Z,A3,Phone,,flag=U; WaIvE=true; adj=-15.53%
R00256,2025-08-16T21:51:00Z,A3,phone,101.45 C1,flag=U; items=2; adj=-10.74%; fee=+6.41
R00270,2025-08-19T08:00:55Z,A2,phone,,items=4; fee=+31.75
R00133,,A7,web,"196,10 C2",items=25; fee=+38.18; adj=-14.22%
R00155,2025-11-06T00:00:00Z,A2,PHONE,C148.53,adj=+10.68%; items=2
R00283,2025-10-27T18:22:30Z,A2,Phone,,fee=-28.67; adj=+8.50%; flag=U; items=50
R00269,2025-12-15T05:36:49Z,A6,web,"107,44 C2 ",flag=T; fee=+11.59; items=3; adj=+15.60%
R00193,2025-10-09T22:54:00Z,A6,email,(-68.97 C1) ,fee=+14.42; adj=-17.15%; flag=R
R00146,2025-08-02T08:09:00Z,A2,phone,C1 98 . 92,items=6; adj=-4.63%; fee=-20.04
R00078,2025-10-20T14:18:44Z,A7,app,,fee=+4.64; items=2; adj=+1.79%; flag=U; WAIVE=TRUE
R00154,2025-10-14T15:08:00Z,A2,phone,95.05,fee=+12.87; items=8; flag=T; adj=-8.25%
R00281,2025-11-09T11:23:00Z,A5,PHONE,62,items=25; fee=-11.86; adj=+0.40%
R00006,2025-08-28T01:57:16Z,A3,phone	,"(55 , 33 C2",fee=-30.21; items=12; adj=+13.16%
R00126,2025-10-29T08:32:00Z,A3,app,-46.14 C1,adj=-9.47%; items=2
R00052,2025-08-26T18:12:10Z,A4,phone, 56.25,flag=N; fee=+36.81; items=2; adj=+0.98%
R00092,2025-08-18T05:08:36Z,A3,PHONE, C1 85,items=10; fee=-6.85; adj=-11.82%; flag=U
R00015,2025-11-25T19:12:24Z,A7,phone,672,WaIvE=true; adj=+8.22%; fee=+10.20; items=6; flag=S
R00173,2025-10-12T18:29:09Z,A5,phone,"92,22 C2",fee=-15.83; adj=+8.24%; items=3
R00252,2025-11-18T23:31:36Z,A1,PHONE,109.32 C1,items=2; fee=-101.40; adj=-0.89%; flag=S
R00031,2025-11-11T04:41:00Z,A8,web,131 C2,items=12; adj=+7.04%; fee=-23.70
R00026,2025-09-04T00:00:00Z,A3,web,160 C2,flag=N; items=50; fee=-33.57; adj=+13.62%
R00038,2025-04-09T19:43:00Z,A7,phone,23.609,items=5; adj=-7.17%; flag=U
R00243,2025-12-11T22:44:24Z,A4,web,82 . 143,adj=-6.55%; fee=-27.36; items=0
R00147,2025-09-19T15:00:16Z,A8,phone,"C1 12,345",items=0; adj=+7.65%; flag=R
R00223,2025-06-11T20:02:00Z,A6,phone, 74,items=1; flag=S; adj=+8.02%
R00047,2025-09-25T21:31:00Z,A6,Phone," 74,74 C2",items=1; fee=-2.12; adj=-6.54%
R00214,2025-09-01T16:54:59Z,A2,phone	,96.03,adj=-9.06%; fee=-23.94; items=6
R00056,2025-12-17T08:34:02Z,A5, phone ,52.62 C2,adj=+4.69%; fee=+12.89
R00245,2025-09-16T02:01:00Z,A2,phone,,items=1; flag=S; adj=-10.91%; fee=+5.09
R00167,2025-10-02T09:24:00Z,A1,PHONE,61.84,adj=+2.36%; items=3; fee=-6.43
R00242,2025-08-15T05:40:00Z,A2,web,"95,29 C2 ",fee=-0.44; items=5; adj=-10.82%; flag=R
R00156,2025-10-27T03:01:00Z,A2, phone , 67.71),items=5; flag=U; fee=+34.58; adj=+10.38%
R00236,2025-10-26T00:00:00Z,A1,phone,C1 65.34,fee=+0.75; items=8; adj=-6.35%
R00241,2025-08-18T10:54:37Z,A6, phone ,C144.33,items=0; adj=+0.68%; flag=S
R00027,2025-08-03T13:57:00Z,A3,phone	,-56.51,items=3; adj=-5.44%; fee=-8.74
R00117,2025-10-29T22:35:57Z,A7,email,C1 109.61,items=3; fee=+21.84; adj=-3.74%; flag=S
R00255,2025-01-10T13:02:00Z,A5,phone	,127.79 C1,fee=+9.77; adj=+9.24%
R00010,2025-09-04T00:00:00Z,A1,web,,adj=-1.97%; fee=+24.14; flag=U; items=6
R00085,2025-10-13T00:00:00Z,A3, phone ,C1131.80,fee=-22.54; items=6; flag=R; adj=+7.42%
R00038,2025-08-13T21:50:37Z,A6,Phone, 86.19 C1,fee=+8.66; adj=-3.11%; items=2; flag=N
R00260,2025-10-19T16:59:26Z,A3,app,,adj=-10.05%; items=3; flag=R; fee=-19.69
R00157,2025-11-02T19:05:00Z,A4,email, 72.64,fee=+13.07; items=2; WaIvE=true; adj=+1.38%
R00089,2025-08-18T05:35:00Z,A6,phone,"190,29 C2",items=12; fee=+10.74; adj=-13.94%; WaIvE=true
R00189,2025-10-17T16:58:00Z,A5,Phone,"235,83 C2 ",fee=+6.14; items=50; adj=-9.64%
R00224,2025-08-20T11:59:00Z,A5,Phone,102.15 C1,items=8; adj=+8.69%
R00191,2025-08-10T19:25:00Z,A3,Phone,,fee=-30.63; adj=-0.50%; WaIvE=true
R00126,2025-09-04T14:54:57Z,A4,phone,93,items=3; flag=S; adj=-7.56%; fee=+48.62
R00277,2025-09-02T16:58:00Z,A7,email,"146,22 C2",flag=N; fee=-41.96; adj=+2.14%; items=1
R00298,2025-10-06T17:14:51Z,A2,PHONE,59.81 C2,fee=+6.26; adj=+5.56%; items=10
R00208,,A6,phone,"CR C1 79,82",items=8; WAIVE=TRUE; fee=+1.58; adj=-5.70%
R00121,2025-09-25T03:32:19Z,A2,email,"1.234,56 C2",adj=-14.39%; flag=T; fee=+4.57; items=12
R00149,2025-09-17T00:00:00Z,A2,Phone,90.811,fee=-7.38; adj=+4.39%; items=10
R00090,2025-12-18T18:45:00Z,A7,web,C1 1.000,waive=true; fee=-25.95; flag=T; items=1; adj=-5.69%
R00016,2025-10-03T00:00:00Z,A5,PHONE,"C1 12,345",fee=+42.85; adj=+1.94%; items=3
R00032,2025-09-25T20:54:00Z,A4,app,"168,42C2",items=4; fee=+7.53; adj=-9.15%
R00196,2025-11-14T14:12:00Z,A3,email, 98.37 C1,fee=+27.26; flag=R; items=1; adj=+11.39%
R00275,2025-11-06T00:00:00Z,A7,phone,75.93,adj=+8.88%; items=2; fee=-15.31
R00032,2025-11-11T08:00:00Z,A1,web,C1 100.00,items=1; adj=+0.00%; fee=+0.00
R00154,2025-08-13T14:08:00Z,A8,PHONE,,adj=+19.36%; items=10; fee=+2.57
R00156,2025-09-22T10:25:44Z,A1,email,C1 123.45 CR,fee=-22.28; items=50; adj=-8.24%
R00083,2025-11-02T16:20:45Z,A1, phone , 120,items=1; adj=+11.66%; fee=-31.21
R00271,2025-09-22T21:30:17Z,A7,app,"1.234,56 C2",items=4; fee=-27.22; adj=+7.03%
R00100,2025-09-27T21:42:56Z,A6,phone	,79.42 ,fee=-14.44; adj=+6.97%; flag=T; items=3
R00214,2025-10-19T14:14:14Z,A6,email,107.329 ,adj=-2.11%; fee=-38.87; flag=N; items=10
R00244,2025-02-11T16:41:00Z,A7,PHONE,152.04,adj=-11.21%; items=8; fee=+5.55
R00145,2025-10-11T15:58:58Z,A2,phone	,(C1 123.45),fee=+34.94; flag=S; waive=true; items=5; adj=-0.73%
R00013,2025-11-15T09:30:00Z,A7,PHONE,(C1 123.45),fee=-16.15; adj=+7.06%; items=8
R00277,2025-10-25T20:45:00Z,A2,app,(501 . 69 C1,items=10; adj=-12.29%
R00181,2025-08-22T19:27:23Z,A7,phone, C1 258.30,WAIVE=TRUE; adj=+3.19%; items=10; fee=-4.73
R00071,2025-12-17T12:54:56Z,A1,email,"54,81 C2 ",fee=+41.62; adj=-4.53%; items=3; flag=U
R00001,2025-09-01T12:23:00Z,A7,web,118.967,items=8; adj=-2.45%; fee=+39.87
R00045,2025-08-18T08:05:00Z,A3,phone	,"C1 121 , 42",items=50; adj=-2.95%; flag=N; fee=+65.13
R00031,2025-11-25T09:30:00Z,A6,web,"C1 1,234.56",items=1; adj=+0.00%; fee=+0.00
R00262,2025-11-02T00:00:00Z,A5,PHONE,"70,98 C2)",fee=-15.96; items=1; adj=-14.41%
R00272,,A5,app,100.975 ,flag=R; fee=+21.18; items=5; adj=+3.73%
R00125,2025-11-05T15:56:00Z,A4, phone ,C1 246 . 92,flag=T; adj=-8.76%; items=3; fee=+26.02
R00265,2025-08-13T06:18:00Z,A3,web,C1 227.48,
R00141,2025-08-06T07:36:00Z,A2,web,"81,11 C2",fee=+19.19; items=0; adj=-1.23%
R00071,2025-10-29T02:48:00Z,A1,app,129.718,items=25; adj=-3.52%
R00127,2025-08-02T13:01:00Z,A4,PHONE,12.345 C2,fee=-23.22; flag=T; adj=+17.92%; items=1
R00064,2025-11-05T01:41:40Z,A1, phone ,(-60.36 C2),adj=-12.02%; fee=-4.13
R00080,2025-09-03T09:59:07Z,A4,email,71 C2 ,WaIvE=true; adj=-16.47%; fee=-33.77; items=0
R00257,2025-09-07T16:14:00Z,A2,Phone,78.20 C1,WaIvE=true; items=2; flag=S; fee=+15.41; adj=-0.31%
R00167,2025-11-10T03:09:59Z,A3,PHONE,,WaIvE=true; items=1; flag=T; adj=+2.60%
R00221,2025-09-03T02:53:00Z,A4,phone,C1 123.45 CR,flag=R; fee=-21.04; adj=+17.13%; items=12
R00098,2025-08-12T00:00:00Z,A6,phone	,,adj=+3.68%; items=1; flag=N; fee=-21.23
R00125,2025-08-02T05:01:00Z,A6,email,76.798,flag=R; adj=-1.93%; WaIvE=true; fee=+21.56; items=5
R00076,2025-08-28T07:27:20Z,A2,email,(-215.56 C2),
R00167,2025-10-10T18:28:13Z,A3,phone,C177.03,fee=-8.69; adj=-23.81%; items=5
R00117,2025-09-07T08:06:00Z,A8,phone	,C1 63.06 ,fee=-5.26; flag=R; items=4; adj=+6.32%
R00041,,A5,web,,items=50; adj=-18.23%; fee=+23.19; flag=S
R00009,2025-12-18T18:45:00Z,A2,email,"1,000 C2",flag=R; adj=-1.11%; items=1; fee=-65.76
R00037,2025-10-02T08:05:48Z,A4,web,"142,78 C2",fee=+6.43; adj=+0.16%; items=5; flag=R
R00184,2025-08-07T21:03:13Z,A6,app,C1 88,items=50; adj=-11.57%; flag=U; fee=-13.61
R00033,2025-10-05T15:34:00Z,A6, phone ,"C1 150,62 ",flag=U; adj=+4.81%; items=1
R00125,2025-09-28T21:35:00Z,A6,phone	,,adj=-7.85%; items=50; fee=-11.85; waive=true
R00078,2025-09-19T00:00:00Z,A2,app,C1 85.52,flag=U; fee=+59.75; adj=-20.82%; items=6
R00192,2025-10-30T10:31:52Z,A6,Phone,,fee=+10.11; adj=+5.76%; items=0
R00263,2025-08-23T22:04:00Z,A3,PHONE,C1 641,items=1; adj=-11.51%; flag=S; fee=-19.54
R00223,2025-08-11T14:51:00Z,A6,phone,164.23,adj=+9.80%; fee=-41.86; items=5
R00016,2025-09-24T00:00:00Z,A8,phone,C1 108.09 ,adj=-16.94%; flag=S; fee=-4.93; items=1
R00147,2025-09-01T16:35:38Z,A4,PHONE,,flag=S; fee=+16.43; adj=-5.30%; items=6
R00058,2025-11-29T09:34:54Z,A8,app,C1 68.22,flag=R; adj=+5.67%; fee=+12.62; items=5
R00140,,A8,PHONE,,adj=-7.16%; items=50; flag=S; fee=+11.59
R00243,2025-12-08T11:42:00Z,A4,phone,"1.234,56 C2",items=8; adj=+4.40%; fee=+17.83
R00144,2025-10-12T12:13:00Z,A1,phone	,(-69.73 C1),items=0; fee=-27.83; flag=T
R00010,2025-10-13T04:35:18Z,A5,email,123,items=10; fee=-7.37
R00125,2025-09-10T07:41:00Z,A4,Phone,C1 153.33,items=2; adj=+4.28%; fee=-29.98
R00225,2025-10-24T02:05:00Z,A6,email,140,flag=R; items=2; adj=-4.94%
R00128,2025-08-27T09:01:40Z,A8,phone,"C1 12,345",flag=S; fee=+31.75; items=2; adj=+4.56%
R00149,2025-08-15T10:09:00Z,A6,web,67 C2 ,fee=+13.50; flag=S; adj=+7.15%
R00161,2025-10-28T08:07:16Z,A2,PHONE,"114,27 C2",fee=+17.13; flag=N; items=25; adj=+5.21%
R00258,2025-10-11T00:00:00Z,A8,phone,(91,items=1; adj=-12.29%
R00058,2025-09-26T15:51:22Z,A4,phone	,"97,75 C2",fee=+2.61; flag=R; adj=-4.04%
R00036,2025-08-24T12:05:00Z,A2,email,C1 110.67 CR,items=50; adj=-1.65%
R00026,2025-09-15T11:37:17Z,A7,PHONE,C1 189.91,flag=R; fee=+16.63; adj=-13.15%; items=1
R00272,2025-11-26T07:32:22Z,A7,Phone,"322,37C2",items=6; adj=-1.55%; fee=-12.23
R00075,2025-12-17T16:51:06Z,A3,phone,191.97,items=5; adj=+21.56%; fee=+2.16
R00122,2025-08-27T12:24:14Z,A8,phone,61.89,fee=-18.40; adj=-8.90%
R00059,2025-10-11T22:53:55Z,A4,app,C1 83 ,items=2; fee=+19.50; WaIvE=true; adj=-5.96%
R00026,2025-12-10T06:00:00Z,A2, phone ," 51,76 C2",
R00005,2025-10-22T15:58:00Z,A1,PHONE,C1 77.48 ,flag=N; items=10; fee=+13.39; adj=-12.11%
R00016,2025-11-08T06:00:00Z,A5,web,C1 100.00,items=1; adj=+0.00%; fee=+0.00
R00152,2025-08-20T23:43:00Z,A2,phone,,fee=-1.05; items=3; flag=S; adj=+6.27%
R00004,2025-11-06T02:30:00Z,A3,web,C1 100.00,items=1; adj=+0.00%; fee=+0.00
R00261,2025-08-26T20:37:00Z,A1,web,"(67,93 C2)",adj=-6.13%; items=50; flag=S; fee=+2.72
R00156,2025-09-19T08:45:19Z,A1,PHONE,,items=12; adj=-2.06%
R00238,2025-09-11T22:17:01Z,A2,phone	,88.11 C1,items=6; fee=-1.54
R00225,2025-10-06T15:02:34Z,A7,phone,C1 80,fee=+10.60; flag=R; items=50; WAIVE=TRUE
R00114,2025-03-09T14:20:00Z,A2, phone ,"C1 1,234.56",flag=S; fee=-0.31; items=5; adj=+4.15%
R00171,2025-10-09T01:58:00Z,A2,PHONE,85.98 C1),flag=R; adj=-13.00%; items=8
R00169,2025-09-04T00:18:00Z,A2,web,104,items=5; adj=+11.84%; fee=-19.97
R00229,2025-10-06T11:10:05Z,A7,PHONE,,adj=-9.83%; items=3; fee=-18.63
R00169,2025-11-06T14:37:09Z,A2,app, C1 79.51,fee=+21.33; adj=-3.97%; items=3; flag=U
R00103,2025-04-08T10:15:00Z,A3,web,,adj=-17.05%; flag=N; fee=+23.21; items=12
R00180,2025-12-16T11:47:14Z,A2,email, 153.90 C1),fee=+25.37; adj=+10.51%; items=10; flag=U
R00076,2025-08-10T23:19:00Z,A4,PHONE,62.595,items=1; fee=-1.22; adj=+7.72%
R00179,2025-08-20T00:00:00Z,A8,phone, 74.93,adj=+2.90%; fee=+15.98; flag=S; items=10
R00225,2025-09-19T03:22:53Z,A6,app,-131 C2,adj=-8.46%; fee=-23.42; flag=R; items=3
R00187,2025-08-26T04:27:21Z,A5,phone,106.167,items=2; adj=-11.82%
R00135,2025-11-08T02:07:48Z,A2,email, 104 C2,adj=-1.73%; fee=-11.23; items=8; flag=N
R00029,2025-10-26T20:42:00Z,A7, phone ,"97,63 C2",adj=+2.23%; fee=+5.30; flag=S; items=25
R00101,2025-10-25T00:00:00Z,A1,Phone,C1 145.15,flag=R; adj=+7.09%; items=5; fee=-8.79
R00220,2025-10-30T11:15:09Z,A3,app," 210,44 C2",items=12; adj=-0.66%; fee=-10.39
R00016,2025-11-11T08:00:00Z,A1,web,C1 100.00,items=1; adj=+0.00%; fee=+0.00
R00056,2025-09-20T18:12:07Z,A5,phone	,95.023,items=10; adj=+7.90%; flag=R
R00109,2025-12-06T18:36:20Z,A3,email,179,fee=+41.81; items=0; flag=S; adj=-4.86%
R00123,2025-09-14T05:29:00Z,A7,phone,"150,24C2",items=2; adj=-3.43%; fee=+3.19
R00154,2025-11-25T01:30:10Z,A7,Phone, 255,fee=-30.74; items=6; adj=+16.28%
R00250,2025-09-26T06:39:00Z,A2,Phone,"1.234,56 C2",flag=U; fee=+3.01; items=2
R00166,2025-12-08T14:26:00Z,A7,app," 166,49 C2 ",fee=-16.12; items=1; adj=-7.16%
R00089,2025-11-05T12:35:00Z,A8, phone ,43 . 05 C1 ,items=6; adj=-6.98%
R00043,2025-11-02T05:00:00Z,A2,Phone,C1 103,
R00262,2025-12-19T01:33:51Z,A5, phone ,53.76C1CR,flag=U; WaIvE=true; fee=+30.19; adj=-11.08%; items=0
R00034,,A4,phone,187.65 C1,flag=S; fee=+10.29; adj=+8.00%; items=0
R00121,2025-12-04T19:58:44Z,A2,phone	,C1 168.36,adj=-8.15%; flag=U; items=0; fee=+14.43
R00101,2025-01-08T13:22:00Z,A2,app,-C1 78.46,adj=+2.62%; items=50; fee=+21.98
R00018,2025-08-26T12:22:00Z,A6,phone	,12.345 C2,fee=+27.86; items=1; adj=-3.96%
R00174,2025-08-20T13:26:00Z,A4,app,"90,96 C2",adj=+10.41%; flag=S; items=4
R00190,,A8,phone	,153.84 C1,items=4; fee=+12.80
R00226,2025-09-06T13:18:00Z,A4,phone,C1 93.46,adj=+12.72%; items=6; fee=-18.98
R00215,2025-10-18T03:44:10Z,A3,phone,C1 80.63,items=50; flag=S; fee=-14.83; adj=+7.73%
R00104,,A3,phone	,326.48 ,adj=-7.91%; fee=+6.18; items=6
R00147,2025-08-16T18:33:00Z,A1,phone	,231,flag=S; adj=-4.56%; fee=+10.31; items=1
R00249,,A5,Phone,C1 66.51,items=3; flag=T; adj=+3.94%; fee=+8.57
R00062,2025-08-06T12:41:00Z,A4,app,(123.34),adj=-4.32%; items=50; waive=true; flag=U
R00240,2025-08-12T20:52:00Z,A6,Phone,59.577,fee=+30.55; items=1; adj=-8.10%
R00092,2025-08-05T00:00:00Z,A3,phone,,items=1; fee=+64.88; adj=-9.13%
R00102,2025-07-11T04:54:00Z,A6,phone,"(64 , 34 C2",items=1; flag=T; adj=-16.66%
R00085,2025-09-16T00:00:00Z,A5,app,,flag=T; items=8; fee=-24.26; WAIVE=TRUE; adj=-23.80%
R00222,2025-09-17T13:28:51Z,A4,phone,C1 48.54,fee=-11.46; items=1; adj=-6.06%
R00195,,A1,phone	,,flag=N; items=2; adj=+7.41%; fee=+8.03
R00217,2025-11-07T16:12:00Z,A1,PHONE,-179,flag=T; fee=-20.80; items=2; adj=-7.10%
R00197,,A1,Phone,1162.14,items=6; flag=S; fee=-18.88; adj=-9.38%
R00238,2025-08-15T19:05:13Z,A6,web,70 . 04 C1,items=5; fee=+29.77; flag=N; adj=+7.54%
R00256,2025-12-19T00:36:22Z,A7,PHONE, C1 151 . 24 ,flag=U; adj=+24.21%; items=5
R00028,2025-09-01T22:25:45Z,A1,phone,"113,69 C2",flag=U; adj=-2.42%
R00029,2025-09-24T18:11:51Z,A7,phone	,"50,30 C2",adj=+8.69%; flag=N; items=2
R00161,2025-10-06T00:00:00Z,A2,phone,,fee=+5.29; items=0; flag=T
R00266,,A3, phone ,122.666,flag=N; adj=-4.36%; items=1; fee=-12.69
R00271,,A7,Phone,C192,adj=-14.83%; items=6
R00147,2025-11-10T12:38:00Z,A4,PHONE,354.35 C2),adj=+5.38%; flag=S; fee=-6.48; items=5
R00243,2025-08-22T01:48:00Z,A3,Phone,,adj=-10.25%; fee=-28.47; items=1; flag=U
R00177,2025-08-13T21:33:00Z,A3,Phone,56.550,items=3; adj=+0.53%; flag=U; fee=-60.28
R00201,2025-12-06T19:19:12Z,A2,email,99.75 C1 CR,fee=-2.44; flag=R; items=4; adj=+18.39%
R00089,2025-10-23T14:18:00Z,A3,phone,C166,flag=R; fee=-6.62; items=3; adj=+11.10%
R00139,,A3,PHONE,C1 122.66 ,flag=N; fee=-37.59; adj=+2.19%; items=4
R00058,2025-09-11T15:53:00Z,A8,email,C1 95.43,fee=+45.72; adj=+2.47%; flag=U; items=8
R00188,2025-06-10T20:53:00Z,A3,app,,fee=+112.00; items=10
R00054,2025-08-21T12:44:58Z,A6,PHONE,"C1 12,345",items=6; fee=+5.96; flag=R
R00210,2025-08-04T00:00:00Z,A5,phone	,C1 58.09,items=2; fee=-24.48; adj=-2.57%
R00059,2025-09-01T16:17:58Z,A5,phone,82,adj=-10.06%; items=2; flag=N; fee=+16.95
R00066,2025-11-07T20:46:12Z,A8,web,"66,95 C2",fee=+24.92; items=1; adj=+0.75%
R00284,,A3,phone	,,flag=U; adj=-2.70%; fee=-50.11
R00145,2025-09-24T13:34:00Z,A2,phone,12.345 C2,items=6; adj=-1.10%
R00160,2025-12-19T16:04:14Z,A5, phone ,C1 142.54,items=10; fee=-32.09; adj=-13.56%
R00182,2025-09-24T00:00:00Z,A1,email,C1 444.88,items=3; fee=+5.12; adj=+19.34%
R00235,2025-09-23T16:49:00Z,A2,phone,12.345 C2,items=5; adj=-4.08%
R00131,2025-09-19T09:24:19Z,A2,phone	,99.90 C1,items=3; flag=S; fee=+13.85
R00074,2025-09-10T06:09:28Z,A4,web,-93.54 C1,items=3; adj=-2.73%
R00259,2025-09-09T11:38:03Z,A3,email,"75,33 C2 ",fee=-8.26; flag=N; items=6
R00280,2025-08-11T11:16:00Z,A8,Phone, 134,fee=-22.93; flag=U; items=4; adj=-5.61%
R00263,2025-08-16T03:43:19Z,A3,phone,,fee=+1.90; items=3; adj=-4.05%
R00295,2025-11-02T08:02:00Z,A5,app," 129,44 C2",adj=+1.15%; items=8; flag=S
R00088,2025-09-10T11:14:00Z,A5,email,"116,19 C2 ",adj=+1.63%; fee=-19.49; items=50
R00172,2025-08-22T22:45:00Z,A6, phone ,135,fee=-6.90; adj=-7.00%; items=2
R00286,2025-08-12T05:32:16Z,A6,phone,C1 197.15,flag=U; fee=+12.74; adj=-1.32%; items=1
R00075,,A5,PHONE,,items=4; adj=-4.09%; fee=+10.63; flag=T
R00056,2025-11-09T08:00:00Z,A7,web,C1 100.00,items=1; adj=+0.00%; fee=+0.00
R00077,2025-08-16T14:34:09Z,A6,email, 104.65,items=2; fee=+10.46; adj=-5.95%
R00127,2025-09-18T01:24:50Z,A4,phone,,flag=R; items=1; adj=+18.29%; fee=+2.31
R00045,2025-08-25T17:34:46Z,A2,Phone,568.11,flag=R; items=4; adj=+6.66%; fee=+1.53
R00297,,A6,PHONE,C1 46.94,fee=-9.51; items=1; adj=-3.47%
R00156,2025-08-19T05:16:00Z,A7, phone ,12.345 C2,fee=+14.37; adj=-0.61%; items=3; flag=U
R00262,2025-10-31T07:44:00Z,A2,PHONE,(82.55 C1 ,flag=U; adj=+17.85%; items=6
R00069,2025-08-01T08:10:22Z,A4,PHONE,(-38C2),WaIvE=true; fee=+13.37; adj=+14.80%; items=3
R00146,2025-07-10T18:36:00Z,A7,phone,201C2,flag=T; items=1; fee=-30.74; adj=-15.08%
R00032,2025-11-19T11:28:50Z,A5, phone , C1 77.17,fee=+1.34; adj=+10.56%; items=4; flag=U
R00229,2025-11-22T13:59:03Z,A2,phone,C1 556.45,items=5; adj=-10.84%; fee=+0.42; flag=T
R00067,2025-09-17T19:26:15Z,A2,web,C1 93.12,adj=-6.59%; items=8
R00154,2025-06-10T19:05:00Z,A7,Phone,"173,00C2",items=5; adj=+17.17%; fee=+12.08; flag=U
R00129,2025-11-03T10:37:24Z,A1,app,113 C2,flag=N; fee=-59.02; items=50; adj=+21.52%
R00070,2025-08-15T00:00:00Z,A8,app,C1 93.36,fee=+20.69; flag=S; items=0; adj=-4.35%
R00030,2025-10-06T15:12:00Z,A6,app,C1 123.45 CR,adj=-12.24%; items=8; fee=-20.67
R00205,2025-12-09T16:48:00Z,A5,app,246.37 C1,adj=-12.56%; fee=+19.97; items=8; flag=S
R00293,2025-10-27T11:59:00Z,A8,PHONE,12.345 C2,
R00111,2025-09-04T06:42:00Z,A6, phone ," 47,05 C2",items=6; flag=T; fee=-46.05; adj=-6.38%
R00057,2025-09-22T09:14:00Z,A7,Phone,148.86 C2,items=2; adj=+1.25%; fee=-18.68
R00240,2025-10-07T13:09:21Z,A3,PHONE,55,items=4; fee=-2.51
R00059,2025-09-11T13:07:00Z,A7,phone,"115,24 C2)",items=10; adj=-4.36%
R00134,2025-12-21T07:01:51Z,A3,Phone,113.71 C1,items=1; adj=-27.37%; fee=+84.56
R00234,2025-10-05T17:06:00Z,A7,phone,"81,64 C2",items=2; adj=-10.71%; fee=+6.11; flag=N
R00087,2025-08-30T18:32:00Z,A7,app, 109 C2 ,
R00264,2025-12-03T23:45:02Z,A3,app, 127,flag=R; adj=-8.37%; fee=-6.47; items=2
R00048,2025-11-11T08:00:00Z,A1,web,C1 100.00,items=1; adj=+0.00%; fee=+0.00
R00113,2025-04-09T18:12:00Z,A6,app,C195.18,adj=-1.94%; items=4; fee=-17.55
R00249,2025-09-29T19:28:00Z,A1,web,103.70,fee=+7.38; adj=-18.79%; items=1
R00004,2025-09-28T00:00:00Z,A8,app,C1 78.25,fee=+21.71; waive=true; items=10; flag=U
R00297,2025-10-27T03:55:00Z,A3, phone ,117.57,adj=+2.50%
R00074,2025-10-05T12:00:00Z,A7,email,"1.000,00 C2",items=1; flag=N; adj=-5.41%
R00244,2025-08-20T00:21:00Z,A6,phone,"89,28C2",flag=T; adj=+13.69%; items=0; fee=+12.33
R00086,2025-08-09T00:00:00Z,A1, phone ,C1 65.37,items=4; flag=T; adj=-3.51%; fee=-25.10
R00109,2025-10-31T00:00:00Z,A3,email,"134,02 C2 ",flag=U; items=0; fee=+38.64
R00036,2025-10-15T15:26:00Z,A6,email,153.439,items=8; adj=-24.75%; fee=+40.29; flag=U
R00131,2025-08-29T00:00:00Z,A2,phone,C1 147,items=3; fee=+5.64; adj=-5.99%
R00183,2025-08-11T21:11:25Z,A5,phone	,(C1 123.45),flag=U; items=5; adj=-16.58%
R00184,2025-09-21T22:14:00Z,A2,web,C1 166.96,adj=-5.95%; flag=R; fee=-43.58; items=0; waive=true
R00165,2025-08-02T16:04:19Z,A4,phone,103 C2,fee=-13.40; items=8; adj=+7.40%
R00018,2025-08-08T12:17:47Z,A8,phone, (-84),fee=+27.49; items=1; flag=S; adj=-3.20%
R00123,2025-10-05T13:34:58Z,A4,email,63,flag=S; fee=+1.03; items=1; adj=+6.05%
R00072,2025-11-12T08:00:00Z,A1,web,C1 100.00,items=1; adj=+0.00%; fee=+0.00
R00145,2025-10-13T19:57:49Z,A5, phone ,68.54 C2,adj=+4.76%; fee=-17.98; items=1
R00016,2025-10-30T20:41:00Z,A2, phone ,53.21,adj=-4.42%; fee=+15.33; items=0
R00239,2025-08-08T04:38:00Z,A3,PHONE,"111,43 C2",flag=S; adj=-8.15%; items=2; fee=-8.64
R00150,2025-10-08T05:50:15Z,A7,phone	,-C1 123.45,fee=-24.03; items=1; adj=+5.86%; flag=R
R00156,2025-09-05T00:03:00Z,A3,app,280 C2,items=8; flag=U; fee=+59.43; adj=-4.48%
R00224,2025-11-15T00:51:21Z,A5,phone,132,adj=-10.98%; items=1; fee=+12.35
R00033,2025-05-10T00:20:00Z,A2, phone ,59,items=25; fee=-29.35; adj=+17.61%
R00219,2025-09-03T17:05:32Z,A6,web,234.72,items=3; fee=+18.33; adj=+0.99%
R00177,2025-09-20T11:46:00Z,A3,web,83.621,WaIvE=true; fee=-29.46; adj=-19.41%; items=6
R00008,2025-10-28T14:10:00Z,A1,app,134C2,items=25; fee=+10.58; adj=+13.33%
R00229,2025-10-11T21:16:00Z,A2,app,69.46 C1 ,adj=-10.35%; fee=+7.87; items=25
R00127,2025-10-15T00:00:00Z,A3,email,"160,44 C2",items=10; fee=-49.77; adj=-8.40%
R00136,2025-10-09T14:54:00Z,A2,app,118.83 C1,adj=+0.28%; items=50; fee=+30.67
R00283,2025-11-02T00:00:00Z,A3,phone	,-C1 72.86,fee=+59.99; items=50; adj=-8.05%
R00174,2025-10-14T00:00:00Z,A4,PHONE,"267,13 C2",items=3; fee=-25.57; adj=+0.34%
R00075,2025-08-21T23:07:33Z,A5,app,(-120.87) ,items=12; flag=T; fee=-13.01; adj=+7.52%
R00013,2025-08-14T04:59:00Z,A1,phone,84.37 C1 ,fee=+50.08; flag=U; items=1; adj=-14.64%; WAIVE=TRUE
R00186,2025-08-18T00:00:00Z,A2,PHONE,"158,19 C2",adj=-10.79%; items=10; fee=-3.03; flag=U
R00285,2025-10-24T16:39:00Z,A7,email,,adj=+5.04%; items=0; fee=-21.16
R00141,2025-12-18T06:41:11Z,A7, phone ,C1186,fee=-9.55; flag=N; adj=-5.70%; items=10
R00024,2025-11-15T14:15:00Z,A5,phone	,C1 42.74,fee=-20.97; flag=R; adj=-14.94%
R00075,2025-10-08T06:56:00Z,A2,Phone,(82.58 ,adj=+11.64%; fee=+34.44; flag=N; items=8
R00098,2025-11-08T09:14:07Z,A6,phone,C1 53.76,items=3; adj=+13.97%; fee=+4.77
R00178,2025-11-13T13:09:19Z,A5,Phone,(-159.21 C1),fee=-2.47; items=3; adj=+5.83%
R00225,2025-11-07T02:22:13Z,A1,email,(-174),fee=-36.16; items=0; adj=+2.77%
R00169,2025-09-29T12:13:43Z,A1,phone	,"C1 1,234.56",adj=-8.67%; fee=+36.52; items=4
R00254,2025-09-01T15:20:00Z,A3,Phone,,flag=R; adj=+5.73%; fee=+14.69; items=0
R00065,2025-09-20T23:19:43Z,A8,phone	," (76,92 C2",items=10; flag=N; fee=-11.15; adj=-10.07%
R00149,2025-08-11T00:00:00Z,A6,phone,C1 72.23,flag=R; adj=+9.04%; fee=-22.03; items=1
R00221,2025-07-11T00:45:00Z,A4,email,C1 90,adj=-0.07%; flag=S; items=3
R00008,2025-12-30T03:51:13Z,A1,Phone,C1 94.46,adj=-0.27%; WaIvE=true; fee=+40.81; items=5
R00128,2025-09-24T06:32:17Z,A3,phone, C1 55.19,
R00229,2025-10-17T00:00:00Z,A6,Phone,318.528,
R00216,2025-11-10T09:49:00Z,A7,Phone, 61.236 ,items=6; adj=+9.04%; fee=+29.66
R00277,2025-08-13T01:26:00Z,A6,email,208,items=50; adj=+8.44%; fee=+2.60
R00163,2025-09-08T05:36:00Z,A5,email,C1 70 ,fee=-2.35; flag=S; items=10
R00042,2025-10-22T19:06:00Z,A6,phone,(-396.49),flag=T; fee=+31.00; adj=+4.84%; items=4
R00204,2025-09-07T04:25:00Z,A3,PHONE,"1.234,56 C2",adj=+3.27%; items=12; fee=-29.28
R00183,2025-10-09T11:25:31Z,A7,email,(151.60,items=2; adj=+7.78%; WaIvE=true; fee=+28.63
R00030,2025-09-22T17:22:33Z,A6,web,221 C2,fee=-4.34; items=12; flag=R
R00024,2025-10-19T09:17:00Z,A8,Phone,(-113.377),
R00105,2025-11-12T21:58:00Z,A8,phone,"71,82 C2",fee=+14.59; flag=N; items=6; adj=+2.90%
R00007,2025-08-09T21:44:58Z,A2, phone ,(109.730,fee=-3.25; items=3; flag=U; adj=-10.91%
R00083,2025-09-25T00:19:00Z,A5, phone ,,adj=+2.74%; flag=S; fee=-30.68; items=50
R00154,2025-10-23T10:02:17Z,A2,phone	, CR 65.025,adj=+5.52%; items=8; fee=+9.98; flag=U
R00159,2025-11-08T19:12:00Z,A1, phone , C1 88.44,items=3; adj=+4.51%
R00293,2025-10-11T00:00:00Z,A6,phone,119.95 C2,items=50; flag=R; adj=+8.10%
R00182,2025-11-23T09:06:00Z,A1,web,"74,61 C2",items=3; fee=+23.09; flag=S; adj=+13.91%
R00091,2025-08-24T06:24:00Z,A6,email,"158,88 C2",items=3; adj=-4.36%; flag=T
R00204,2025-09-23T03:29:15Z,A4,phone,C1 116.77,adj=-9.93%; fee=+1.46; items=25; flag=R
R00099,2025-10-25T18:18:00Z,A7,Phone,,flag=R; adj=+7.25%; fee=-24.31; items=3
R00132,2025-11-09T00:00:00Z,A4,phone,179.69 C1 ,fee=+2.97; adj=+3.65%; flag=T; items=3
R00222,2025-10-11T17:16:21Z,A4,PHONE,92.745,fee=-6.78; items=0; adj=-1.76%
R00119,2025-08-06T21:34:00Z,A3, phone ,12.345 C2,fee=-25.96; adj=+9.77%; items=6
R00137,2025-08-26T08:32:19Z,A3,phone	,,fee=+26.11; flag=R; adj=+6.42%; items=5; WAIVE=TRUE
R00018,2025-12-28T15:52:36Z,A8,app, 69,adj=+4.62%; items=3; fee=+3.38; flag=N
R00114,2025-10-25T05:58:37Z,A2,phone,74C2,fee=-38.10; adj=+1.78%; items=25; flag=S
R00180,2025-10-10T09:46:32Z,A1,app,108.49,adj=-9.14%; items=0; fee=+1.22; flag=U
R00112,2025-08-02T11:52:27Z,A3,PHONE," 97,94 C2",flag=T; fee=+15.19; adj=+6.53%; items=2
R00126,2025-10-19T16:54:59Z,A1,PHONE,-368.93 C1,adj=-13.47%; items=0; fee=-24.64
R00234,2025-09-22T00:34:00Z,A7,email,104 ,flag=U; fee=-11.96; items=4; adj=-2.70%
R00050,2025-08-02T02:46:00Z,A5,PHONE,C1 99.20,adj=-15.25%; items=1
R00173,2025-09-08T05:11:00Z,A5,email,(-159),fee=-25.19; waive=true; adj=+7.52%; flag=U; items=1
R00220,2025-10-08T11:38:00Z,A1,phone,C1104,fee=-1.94; items=1
R00211,2025-04-10T16:27:00Z,A6,phone	,52.23,flag=S; items=8; adj=+0.32%; fee=-5.70
R00262,2025-09-18T11:33:49Z,A6,PHONE,C1 131.58,items=1; fee=-19.71; flag=U; adj=+4.12%
R00194,2025-10-31T05:12:22Z,A1,Phone,144.92,
R00068,,A6,app,120.41 C1,WAIVE=TRUE; items=2; adj=+18.89%; flag=T; fee=-0.97
R00127,2025-10-28T17:04:00Z,A6,email,103.56,items=4; adj=+16.39%; fee=-13.90
R00189,2025-10-21T05:45:18Z,A7,Phone,"C1 1,234.56",adj=-5.24%; items=3; fee=-0.81
R00209,,A8,PHONE,(C1 123.45),flag=T; adj=-3.63%; items=50
R00217,2025-11-01T06:23:00Z,A5,PHONE,CR 289.29,flag=U; adj=+5.00%; fee=+1.30; items=10
R00034,2025-10-26T05:44:43Z,A8,phone,-81.79C1,fee=+2.52; adj=-2.62%; items=2
R00265,2025-11-14T22:02:19Z,A3, phone ,"89,68 C2",
R00275,2025-12-03T02:58:10Z,A7,phone,(291),fee=-4.72; adj=+10.06%; items=1
R00206,2025-09-09T05:19:00Z,A2,PHONE,C1 123.45 CR,adj=+11.82%; items=5; flag=R; fee=-33.58
R00091,2025-08-28T03:53:00Z,A5,Phone,C1 151.22,items=10; adj=-11.13%
R00001,2025-11-10T05:27:37Z,A7,web,"(-56,43 C2)",items=12; flag=U; adj=+16.22%
R00280,2025-11-15T20:20:00Z,A1,Phone,"(105,52 C2",fee=-12.67; items=2; adj=+19.26%
R00216,2025-08-07T02:29:00Z,A7,email,"83,07 C2",items=12; fee=-4.01; adj=+11.49%
R00083,2025-11-12T20:55:57Z,A8, phone ,,flag=T; fee=-2.73; adj=-2.03%; items=50
R00218,2025-10-12T16:27:00Z,A5,phone,C1 73.21 ,
R00095,2025-11-11T00:00:00Z,A5,email,C1 74 . 98,fee=+38.28; items=1; flag=T; adj=-22.07%
R00247,2025-12-04T00:12:14Z,A7,email,"128,77 C2 ",fee=-61.20; items=0; adj=+17.83%
R00161,2025-08-18T19:57:00Z,A4,app,78C2,flag=R; fee=-21.50; items=2; adj=+4.48%
R00048,2025-11-06T06:00:00Z,A3,web,C1 100.00,items=1; adj=+0.00%; fee=+0.00
R00294,2025-12-27T00:57:47Z,A6,email,75,adj=-13.54%
R00102,2025-09-11T17:59:44Z,A5,PHONE,"44,67 C2",fee=-14.67; items=4; adj=+3.82%
R00226,2025-09-09T18:13:32Z,A5,phone,,adj=-3.67%; fee=+27.43; flag=R; WAIVE=TRUE; items=2
R00263,2025-10-30T00:00:00Z,A3,web,"58,49 C2",flag=N; adj=+9.22%; fee=+47.44; items=50
R00052,2025-10-09T02:40:00Z,A6, phone ,C1 80.33,flag=T; items=5; fee=+5.24; adj=-17.45%
R00228,2025-11-03T05:24:35Z,A4,phone,C1 77.80,adj=-19.05%; fee=+127.47; items=2
R00032,2025-11-10T13:00:00Z,A1,web,C1 100.00,items=1; adj=+0.00%; fee=+0.00
R00232,2025-10-17T14:50:00Z,A3,app,141.402,fee=-19.08; items=1
R00160,2025-11-13T03:03:22Z,A3,app,C1 72.75 ,adj=-22.55%; flag=N; items=0; fee=+24.61
R00097,2025-08-16T07:04:04Z,A6, phone ,59.436 ,fee=+149.12; items=0; flag=S; adj=-2.22%
R00134,2025-09-19T05:45:00Z,A5,phone,C171.45,items=2; fee=+3.48; flag=T; adj=+17.21%
R00130,2025-09-15T09:57:00Z,A4,phone,"104,10 C2",flag=R; fee=-4.78; items=50; adj=+0.77%
R00151,2025-09-03T17:40:00Z,A8,app,288.71 C1,items=1; adj=+1.31%; fee=+3.78
R00279,2025-08-10T08:43:49Z,A5,phone,"1.234,56 C2",fee=-17.41; adj=-6.14%; flag=R; items=0
R00028,2025-12-23T19:44:15Z,A7,Phone,C1 72.99,fee=-65.09; items=12; adj=+6.78%
R00072,2025-11-02T23:00:00Z,A4,phone,"96,82 C2",adj=+13.98%; fee=-21.79; items=0
R00152,2025-10-10T12:21:00Z,A7,email,"95,08C2",items=3; adj=-2.08%; fee=+2.42; flag=S
R00241,,A7,phone,C1 56.96,items=10; fee=+9.71
R00065,2025-11-01T00:59:00Z,A8,Phone,(88.75,items=50; adj=+8.92%
R00063,2025-08-28T20:17:00Z,A8, phone , 45.65 C1,flag=R; items=0; adj=-1.99%
R00244,2025-08-20T18:51:00Z,A6,phone,C1 163.55,adj=+9.43%; items=8; fee=+35.41
R00145,2025-12-19T06:13:20Z,A2,app,77.15C1,fee=-29.72; flag=T; items=1; adj=+3.20%
R00193,2025-10-01T22:33:51Z,A7,email,"132,71 C2",adj=+3.72%; items=6; flag=R; fee=-13.71
R00121,2025-08-11T07:30:39Z,A1,phone	,52,items=12; adj=+0.86%; fee=+15.58
R00298,2025-11-02T00:12:00Z,A6,email,128.611,adj=+7.56%; items=3; fee=-7.14; waive=true
R00164,2025-12-19T11:10:05Z,A5,email,"61,78 C2",fee=-3.40; items=2; adj=-16.70%
R00219,2025-09-09T09:11:37Z,A2,phone	, CR C1 63 . 90,items=10; fee=-23.77; adj=-2.99%
R00017,2025-10-05T17:00:00Z,A3,email,,adj=-17.37%; flag=T; items=0; fee=-8.24
R00041,2025-08-28T16:36:42Z,A8, phone ,C1 116.00,items=10; fee=-30.51; adj=-1.18%
R00262,2025-10-30T05:01:11Z,A8,phone,"103,42 C2",items=10; fee=-40.52; adj=+2.77%
R00042,2025-10-24T17:57:52Z,A1,phone	,51,adj=-4.21%; items=50; flag=U; fee=+15.88
R00201,2025-09-17T17:23:00Z,A5,email,101.31,fee=+20.48; items=50; adj=+0.76%
R00295,2025-08-16T17:03:00Z,A7,phone	,"C1 12,345",fee=-18.62; items=1; flag=N; adj=+2.41%
R00038,2025-11-12T21:27:00Z,A7, phone ,C1 131.45,items=12; flag=S; fee=-8.94; adj=-1.90%
R00063,2025-08-11T01:42:18Z,A5,phone,"C1 1,234.56",
R00129,2025-11-04T18:08:36Z,A2,phone	,C1 46.06 ,fee=+31.74; adj=-0.51%; items=1
R00204,2025-08-16T01:10:43Z,A5,phone,107.89 ,items=2; adj=+9.39%; fee=-0.39
R00067,2025-11-20T09:30:00Z,A3,web,"C1 1,000.00",adj=-4.54%; items=1
R00025,2025-09-26T00:00:00Z,A1,web,93.39,fee=-13.27; items=10; adj=+7.33%
R00249,2025-08-11T15:16:53Z,A1,phone, (-69.86 C1),adj=+0.02%; items=4
R00030,2025-09-10T17:36:00Z,A5,web,290.80,adj=+4.66%; items=1; flag=T
R00284,2025-09-07T00:00:00Z,A5,phone," 115,02 C2",flag=T; adj=-16.78%; items=10; fee=-15.91
R00232,2025-09-24T13:18:00Z,A4, phone ,"106,24 C2",adj=+5.00%; fee=-19.28; items=50
R00122,2025-09-12T19:12:00Z,A8, phone ,75.200,fee=-20.20; items=8
R00013,2025-10-02T14:03:39Z,A1,email,194.58 C1,items=2; fee=+19.17
R00157,2025-10-13T20:03:31Z,A6,phone,68,items=2; waive=true; adj=+1.42%; fee=+11.79
R00090,2025-12-30T19:25:24Z,A4,web,C1 138.27 ,fee=+19.48; flag=S; waive=true; items=3
R00101,2025-09-18T02:20:20Z,A8,PHONE,,flag=S; adj=+3.25%; items=1; fee=-22.63
R00207,2025-09-13T16:46:00Z,A6,app,128.03,adj=+12.34%; items=2; fee=+13.40
R00262,2025-10-14T20:45:14Z,A1,web,C1 80.02,fee=+18.33; items=5; adj=-1.14%
R00176,2025-08-09T07:51:00Z,A3,web,,adj=-3.94%; fee=-31.00; waive=true; items=6; flag=N
R00300,2025-09-16T05:11:00Z,A7,phone	,"(88,22 C2",items=1; adj=+13.31%; fee=+3.06; flag=T
R00129,2025-10-17T00:00:00Z,A8,phone,94.97 C1,fee=-5.98; adj=+4.01%; items=3
R00008,2025-11-07T07:00:00Z,A1,web,C1 100.00,items=1; adj=+0.00%; fee=+0.00
R00173,2025-09-14T10:02:48Z,A2,phone,166.41 C1,items=4; flag=T; adj=+10.11%
R00215,,A7,app,(93.17 C1,adj=+0.21%; fee=-24.45; items=4; flag=U
R00044,2025-09-04T02:19:00Z,A3,phone,C1180,adj=+2.55%; fee=+9.78; items=6
R00136,2025-09-17T00:00:00Z,A2,phone," 302,92 C2",fee=+2.17; items=1; adj=-5.15%; flag=N
R00198,2025-10-26T04:44:41Z,A4,phone	,,fee=-6.12; flag=S; items=10
R00245,2025-08-25T12:52:00Z,A8,app,"40,10 C2",items=25; fee=+6.97
R00116,2025-08-08T00:00:00Z,A5,app,,items=0; fee=-16.26; adj=+3.30%
R00219,2025-08-28T06:29:58Z,A3,phone	,85.64,items=50; adj=-10.35%
R00130,2025-11-28T05:48:13Z,A5, phone , C1 798,adj=-18.83%; items=0; fee=-13.62
R00216,2025-12-19T13:47:55Z,A7,Phone,102.42 C1,adj=+16.96%; flag=R; items=1
R00035,2025-10-25T02:22:00Z,A6,phone	,154.035,items=3; adj=+3.22%; flag=T; fee=+3.91
R00241,,A1,app,,fee=-15.05; items=10; adj=-1.70%
R00076,2025-09-20T04:56:00Z,A8,app,,adj=-17.51%; items=1; flag=S; fee=+11.10
R00156,2025-09-16T00:28:00Z,A2,phone	,C1192.47,adj=+8.37%; items=3; fee=-14.17; flag=U
R00177,2025-10-09T18:59:33Z,A3,email,C1 85.47,flag=N; adj=+2.85%; waive=true; items=6; fee=-60.70
R00211,2025-11-04T06:30:45Z,A4,Phone,(C1 118.19) ,adj=-4.88%; fee=-5.34; flag=T; items=0
R00023,2025-09-04T14:23:11Z,A2,phone,C1133.62,fee=+15.12; adj=+5.43%; items=3
R00001,2025-12-18T18:45:00Z,A3,web,"(C1 2,500.00)",fee=+11.03; adj=-8.43%; items=50; flag=R
R00021,2025-08-21T05:03:00Z,A7,email,,
R00052,2025-12-18T18:45:00Z,A1,app,-C1 999.99,adj=+10.50%; items=25; fee=-28.81
R00020,2025-11-08T02:30:00Z,A4,web,C1 100.00,items=1; adj=+0.00%; fee=+0.00
R00245,2025-09-30T09:43:30Z,A6,web,CR C1 51,adj=+0.67%; flag=U; items=1
R00265,2025-02-09T14:01:00Z,A3, phone ,108.27 C1,items=2; adj=+2.31%; flag=R; fee=-5.83
R00099,2025-08-30T22:23:00Z,A3,web,C1 101.36,items=1; adj=+5.37%; fee=-6.27; flag=N
R00242,2025-09-15T05:53:33Z,A2,phone,103.44 C1,adj=+9.50%; flag=U; fee=-23.74; items=50
R00120,2025-08-21T05:33:00Z,A6,PHONE,63 C2,fee=+6.02; WaIvE=true
R00250,2025-08-24T17:22:44Z,A2,Phone,(59.81 C1 ,items=1; fee=-31.23; adj=+3.03%; flag=U
R00289,,A5,Phone," 185,49 C2",items=0; flag=T; fee=-28.82; adj=-7.41%
R00138,2025-11-03T01:13:00Z,A1,PHONE," 69,74 C2",adj=-5.69%; items=3; fee=+20.32
R00047,2025-09-19T05:48:00Z,A8,email,53.91,adj=-8.71%; items=5; fee=-30.36; WAIVE=TRUE
R00022,2025-10-01T20:19:13Z,A3,phone	, 84.57,items=10; adj=-0.14%; fee=+18.99
R00140,2025-08-11T00:00:00Z,A5,PHONE,"158,78 C2",flag=S; fee=+1.77
R00203,2025-10-21T16:26:49Z,A8,phone	,C1 73,items=1; flag=S; adj=+9.42%; fee=-28.34
R00254,2025-08-10T04:07:03Z,A6,phone,,items=3; adj=+15.13%; fee=+1.44
R00099,2025-08-17T00:00:00Z,A2,PHONE,C1 192.17,adj=+10.12%; items=8; flag=T; fee=-4.34
R00164,2025-09-06T00:00:00Z,A5,phone	,"90,19 C2",fee=+32.69; items=5; adj=+10.60%; flag=T
R00244,2025-08-24T12:00:00Z,A6, phone ,77.41 C1,fee=-22.06; adj=+8.02%; items=12; flag=T
R00025,2025-08-13T16:48:00Z,A3,phone	,,adj=+4.48%; items=3
R00073,2025-11-12T10:48:00Z,A7,phone,C1 43.89 ,items=10; adj=+3.10%; WAIVE=TRUE; fee=-2.39
R00256,,A4,email,"(78,57 C2)",items=1; flag=R; adj=+0.89%
R00213,2025-10-09T11:24:51Z,A7,email,"1.234,56 C2",adj=+3.16%; items=3; fee=+2.35
R00212,2025-08-12T00:00:00Z,A1,PHONE,36,
R00012,2025-12-09T03:16:00Z,A8,phone,169 C2 ,adj=-11.60%; fee=+12.22; flag=N; items=10
R00265,2025-10-05T23:18:00Z,A4,PHONE,56.59 C1,adj=+10.83%; WaIvE=true
R00259,2025-09-23T02:07:49Z,A4, phone ,"104,38 C2",flag=R; items=25; fee=-10.09
R00229,2025-10-20T00:00:00Z,A2,app," 302,58 C2",flag=U; items=4; adj=+0.43%
R00285,2025-10-15T21:26:00Z,A7,app,C1 110.05,adj=-1.83%; fee=-11.47; items=25
R00173,2025-11-05T16:59:11Z,A7,PHONE,55.286,adj=-11.18%; items=1; fee=-13.29
R00281,2025-11-19T07:50:03Z,A5,phone	,87.43 C1,adj=+8.87%; flag=R; items=5; fee=+3.00
R00266,,A1,phone	,125.01,fee=-8.53; adj=+16.74%; items=5
R00197,2025-08-19T10:39:39Z,A3,email,,adj=-3.12%; items=0; fee=+26.16; WaIvE=true
R00169,2025-10-04T08:10:00Z,A2,phone	,C1 167.21,items=12; flag=T; adj=+24.42%; fee=+8.76
R00142,2025-11-03T05:41:19Z,A6,app,156.71 C1,flag=N; items=50; fee=-29.22
R00031,2025-08-24T16:56:40Z,A6,phone	,215,flag=U; fee=-14.26; items=4
R00204,2025-10-05T13:12:40Z,A4,web,299.101,adj=-18.65%; items=5
R00234,2025-09-17T19:12:00Z,A5,phone,61.48 C1,adj=+18.89%; fee=-56.92; flag=N; items=2
R00020,2025-05-10T12:27:00Z,A8, phone ,C1 97,items=6; fee=+21.16; adj=-3.10%
R00136,2025-10-22T01:36:00Z,A7,Phone,252.42 C1,flag=R; adj=-0.46%; fee=-17.85; items=1
R00086,2025-09-16T10:19:58Z,A4, phone ,255.414,items=50; adj=+4.05%; fee=-47.88
R00106,2025-08-20T15:19:19Z,A6,phone,80.27 C1,adj=+0.94%; WaIvE=true; fee=+1.38
R00108,2025-12-11T20:46:59Z,A1,app,106,fee=+36.54; flag=U; items=5; adj=-12.38%
R00054,2025-10-09T10:02:00Z,A2,phone,,adj=+2.17%; fee=-40.60; items=6; flag=S
R00159,,A3,phone	, C1 114.67,items=2; adj=-10.85%; fee=+11.78
R00296,2025-11-13T20:34:24Z,A2, phone ,C1 154 . 21,items=2; adj=-5.72%
R00266,2025-10-28T00:00:00Z,A2,phone,-467.11 C1,items=8; adj=+2.91%; fee=-11.24
R00113,2025-11-14T10:01:00Z,A6,phone	,116.449,items=1; fee=-11.88; adj=-15.38%
R00293,2025-12-21T09:19:55Z,A8,Phone,"91 , 72 C2 CR",items=4; flag=R; fee=-77.36; WaIvE=true; adj=-8.29%
R00035,2025-08-21T11:04:00Z,A8,email,CR C1 73.31,items=2; fee=+17.04; adj=-5.22%; flag=R
R00163,2025-11-12T19:02:00Z,A1,PHONE,,items=5; adj=-6.10%; fee=-5.50; flag=T
R00185,2025-08-18T23:54:17Z,A8,phone,89.45 C1,flag=R; items=1; adj=+8.52%; WaIvE=true; fee=+0.60
R00246,2025-08-29T04:30:41Z,A2, phone ,136.97 C1,flag=R; adj=+6.52%; fee=+11.38; items=1
R00078,2025-08-22T20:10:00Z,A2,Phone,(C1 115.06),adj=-10.06%; items=5; fee=+9.01
R00205,2025-08-25T00:29:00Z,A8,Phone,,adj=+9.15%; fee=-5.19; items=12
R00049,2025-09-04T02:06:59Z,A1,phone	, 177.51 C2,adj=+0.27%; items=1; fee=+18.82; flag=S
R00004,2025-12-30T22:28:48Z,A8,Phone,C1 90.88,adj=+15.23%; flag=T; items=10; fee=+12.01
R00035,2025-12-10T05:19:00Z,A6,phone,"C1 1,234.56",fee=-16.18; items=3; adj=+0.76%; WAIVE=TRUE
R00289,2025-11-15T00:34:00Z,A5,app, 203.67 C2,adj=+5.38%; fee=-21.14; items=8; WaIvE=true
R00292,2025-08-09T06:51:00Z,A4,phone	, C1 108.53 ,items=4; adj=+8.38%; flag=U; fee=-17.48
R00193,2025-10-24T06:12:00Z,A6,app," C1 115 , 73",fee=+25.78; items=2; flag=S; adj=-12.66%
R00283,2025-08-29T00:00:00Z,A2,phone,C1 102.37,fee=+13.04
R00235,2025-12-09T23:38:00Z,A4,app,108.56,items=6; adj=-0.42%; fee=-7.75
R00079,2025-09-01T23:03:04Z,A2,Phone,,adj=+12.64%; flag=U; items=25
R00087,2025-10-18T00:39:00Z,A5,app,,waive=true; fee=-3.95; adj=-6.49%; items=10; flag=U
R00091,2025-09-18T01:01:00Z,A2, phone ,C1 147.45,adj=-7.64%; fee=-11.74; flag=R; items=12
R00179,2025-11-07T05:12:41Z,A3,phone	,"83,75 C2",adj=-5.58%; items=1; fee=+20.11
R00284,2025-10-09T00:00:00Z,A1,Phone,C1 98,adj=+15.06%; fee=-33.08; flag=T; items=8
R00105,2025-12-10T18:31:29Z,A5,app, C1 93.62,items=12; adj=+1.88%; flag=T; fee=-16.09
R00238,2025-10-05T18:38:30Z,A6,app,98.79 C1,items=50; adj=+4.61%; fee=+14.50
R00248,2025-10-16T02:12:21Z,A8,app,86 ,items=8; adj=+0.35%; flag=U; fee=-2.97
R00234,2025-09-01T20:55:00Z,A6,Phone,C1 610.03,adj=-2.01%; items=8; fee=-16.74; flag=T
R00055,2025-11-07T00:00:00Z,A7, phone ,38,adj=+2.28%; fee=+6.76; waive=true; flag=R
R00085,2025-09-06T13:56:52Z,A6,PHONE,64.01,fee=-13.43; items=0; adj=-3.90%; flag=T
R00040,2025-10-11T08:27:00Z,A6,phone,73,waive=true; adj=+4.69%; items=1; fee=+8.57; flag=R
R00136,2025-09-14T05:34:00Z,A2,Phone,C1 79.09 ,
R00037,2025-09-29T14:13:19Z,A4,PHONE,C1 73,flag=N; adj=+0.01%; items=12
R00136,2025-10-05T00:37:48Z,A2,phone,139.59 C1,fee=+34.05; adj=-2.95%; items=1; flag=S
R00004,2025-11-09T07:00:00Z,A5,web,C1 100.00,items=1; adj=+0.00%; fee=+0.00
R00183,,A5,PHONE,"39,97 C2",fee=-23.37; items=0; flag=T; adj=-0.01%
R00224,2025-10-08T14:09:00Z,A5,app,213,adj=-7.93%; fee=+18.61; items=10
R00138,2025-11-11T10:53:00Z,A5,email,C1 128.45 ,fee=+10.60; waive=true; items=5
R00258,2025-08-07T00:00:00Z,A8,email,C1 56,fee=-24.36; flag=R; items=25
R00019,2025-10-02T00:00:00Z,A4,phone,,fee=-33.53; adj=+3.82%; items=0
R00135,2025-10-12T05:04:00Z,A6,email,"42 , 55 C2",adj=+4.76%; items=10; fee=-25.74
R00035,2025-09-24T21:58:17Z,A4, phone ,127.48 C2,fee=+13.69; items=6; adj=-1.81%
R00152,2025-09-24T12:43:10Z,A3,phone	,C1 166.72,items=12; adj=-13.32%; fee=-5.30; flag=R
R00069,2025-08-06T00:00:00Z,A7,phone,-C1 95.14,adj=+5.86%; fee=+3.27; items=2
R00227,2025-10-26T14:42:44Z,A5,PHONE,C1 182.54,fee=-29.03; adj=-11.42%; items=2
R00105,2025-09-26T16:43:05Z,A5, phone ,278,items=10; flag=T; adj=-17.25%
R00045,2025-10-26T19:53:59Z,A5,web,246.87 C1,flag=N; items=3; fee=+37.78; adj=-10.84%
R00111,2025-09-28T04:04:00Z,A2,email,175 . 01 C1,fee=+14.79; adj=+3.00%; items=2
R00166,2025-11-15T07:59:22Z,A4,email,C1 80 . 47,items=5; adj=+11.29%; fee=+0.23
R00180,2025-11-14T20:51:12Z,A8,email,(142 C2,adj=-7.92%
R00258,2025-09-25T17:37:00Z,A5, phone ,-115.52 C1,flag=N; fee=-24.90; items=6; adj=-14.60%
R00076,2025-09-06T14:20:00Z,A2,phone,115.42 C1,fee=-31.89; flag=T; items=1
R00238,2025-09-09T00:00:00Z,A6,phone,(43,adj=+0.77%; items=1; flag=R; fee=+68.45
R00155,2025-11-11T00:09:00Z,A2,app,140 C2,items=5; fee=-1.51; flag=R; adj=-2.83%
R00021,2025-08-20T11:13:22Z,A4,Phone,95.07),fee=+34.28; adj=+2.71%; items=50; flag=R
R00100,2025-09-24T13:48:00Z,A1,PHONE,"C1 12,345",items=4; adj=+5.10%; flag=U; fee=+9.42
R00281,2025-08-18T02:55:59Z,A5,app, C1 54 . 87 ,items=2; adj=-4.18%; fee=+128.61
R00168,2025-10-08T03:47:03Z,A6,phone	,91.07,items=1; flag=N; fee=+27.96; adj=+11.04%
R00096,2025-11-03T15:52:00Z,A4,phone,67 . 63,adj=-10.19%; fee=-42.78; items=1
R00087,2025-11-07T00:48:17Z,A6, phone ,12.345 C2,flag=T; items=4; adj=+8.06%; fee=+11.68
R00260,2025-10-30T21:59:35Z,A1,phone,167.19,adj=-3.76%; items=50; fee=+2.53; flag=N
R00104,2025-10-14T02:24:36Z,A4,app, 45.30 C2,adj=+3.27%; flag=T; items=12
R00248,2025-09-18T08:27:06Z,A4, phone ,"62,68 C2",WAIVE=TRUE; items=3; fee=-4.91
R00299,,A5,PHONE,"67,00 C2",adj=-4.96%; items=2; fee=+37.94
R00160,2025-08-22T00:00:00Z,A4,PHONE,C1 116,adj=-11.29%; items=3; fee=-17.25; flag=N
R00116,2025-10-30T00:18:00Z,A2, phone ,"114,10 C2",items=8; adj=+3.69%; fee=+26.55; flag=N
R00284,2025-05-10T14:04:00Z,A3,PHONE,54.18 C1,adj=+3.43%; flag=U; fee=-6.37; items=5
R00188,2025-10-22T17:44:33Z,A1,email,47.93,fee=+2.61; flag=U; adj=+11.56%
R00184,2025-09-20T05:18:31Z,A2,email,,items=0; flag=S; adj=+2.69%; fee=-30.22
R00100,2025-09-05T12:23:00Z,A4,PHONE, C1 221.45,items=2; fee=+9.99; adj=+15.75%
R00089,2025-10-28T21:18:00Z,A2,email,C1 123.45 CR,adj=+8.07%; flag=T; items=4
R00249,2025-10-04T15:41:31Z,A5,web,,WAIVE=TRUE; items=6; fee=-30.47; flag=T
R00028,2025-11-07T07:00:00Z,A7,web,C1 100.00,items=1; adj=+0.00%; fee=+0.00
R00246,2025-09-15T14:48:00Z,A6,phone,C1 108.33 ,items=1; fee=-27.75; adj=+7.90%
R00160,2025-10-24T14:03:23Z,A7, phone , 76 C2,adj=-20.15%; items=1; fee=-6.77
R00012,,A7,phone,,fee=+8.11; flag=U; items=5; WaIvE=true; adj=+3.60%
R00279,2025-08-24T15:56:00Z,A5,phone,,adj=-5.00%; fee=+12.24; items=25
R00024,2025-08-31T11:14:00Z,A4,PHONE,,items=12; waive=true; fee=-13.19; adj=+17.81%
R00090,2025-09-29T10:48:54Z,A5,Phone, 190.80 CR,flag=N; adj=+9.24%; fee=+12.46
R00208,2025-08-29T06:37:00Z,A2,Phone,"68,78 C2",items=8; flag=T; fee=+34.08; waive=true; adj=-0.39%
R00225,2025-08-11T17:05:00Z,A6,email,"C1 78,10",adj=-3.52%; fee=+32.48; items=1
R00014,2025-10-11T04:26:00Z,A1,phone,,flag=T; adj=+2.13%; items=5; fee=+1.55
R00263,2025-08-01T11:22:00Z,A6, phone ,"115,28 C2",fee=-3.80; adj=-1.90%; items=4
R00144,2025-10-12T00:44:00Z,A3,phone,,adj=+3.44%; items=25; fee=+18.38
R00234,2025-09-16T20:11:00Z,A1, phone ,126.09 C1,adj=+1.16%; WAIVE=TRUE; flag=T; fee=+2.90
R00238,2025-10-21T21:40:00Z,A7,PHONE,,items=2; fee=+63.86; adj=-1.44%
R00200,2025-09-14T14:40:00Z,A3,email,C1 102.28,fee=-31.70; adj=-23.41%
R00183,2025-08-24T07:54:16Z,A5,phone,130.304,flag=U; items=1; fee=-34.90; adj=-25.85%
R00200,2025-07-08T08:37:00Z,A1,phone	,225 C2,adj=+19.90%; fee=-35.85; items=5
R00069,2025-09-15T06:58:27Z,A8, phone ,"94,00 C2",items=5; adj=+9.99%; flag=U
R00129,,A3,Phone,79.64 C1,adj=-1.12%; fee=-12.09; items=6
R00251,2025-09-01T03:06:00Z,A5,app, 88.56,adj=+0.62%; fee=-12.11
R00199,2025-08-19T20:04:18Z,A6,phone,"1.234,56 C2",fee=-8.81; items=8; adj=+2.02%
R00278,2025-09-26T06:20:00Z,A5, phone ,,adj=-4.72%; fee=+21.76; items=1; flag=S
R00228,2025-07-11T10:22:16Z,A4,phone,"51,10 C2 ",fee=-30.36; items=3; flag=U; adj=-10.45%
R00218,2025-08-03T15:04:58Z,A5,web,112.67 C1 CR,adj=+15.21%; fee=+7.97; flag=U; items=4
R00038,2025-10-31T10:14:00Z,A7,app,,WaIvE=true; adj=+10.01%; items=4; fee=+5.49
R00046,2025-11-28T16:09:21Z,A3,email,74.10 C1,fee=+13.37; items=1; adj=+9.27%; flag=S
R00031,2025-09-03T00:00:00Z,A1,phone	,C1 92.30,fee=-26.11; adj=-5.90%
R00119,2025-08-27T10:17:00Z,A3, phone ,103.631,flag=R; fee=+17.27; items=5; adj=+0.19%
R00213,2025-08-04T18:14:50Z,A8,phone,83.25,flag=T; adj=-19.36%; items=12
R00263,2025-10-13T12:54:00Z,A1,email,C1137.74,adj=-6.41%; items=10; fee=-18.86
R00211,2025-09-21T08:17:29Z,A2,phone,89.37,adj=-18.60%; fee=+7.55; flag=T; WaIvE=true; items=10
R00102,2025-11-14T07:54:40Z,A7,web,"-158,24 C2",adj=+2.32%; flag=N; fee=+0.00; items=3
R00259,,A8,email,,fee=+5.85; adj=-0.18%; flag=S; items=6
R00075,2025-08-03T18:38:00Z,A2,app,73.09 CR ,flag=N; fee=-11.40; adj=-3.74%; items=2
R00050,2025-09-25T22:43:00Z,A8,email,C1 146,adj=+7.46%; items=1; fee=+32.21; flag=R
R00208,2025-09-20T03:23:05Z,A2,phone	,71,adj=-7.12%; fee=+6.76; items=8
R00227,2025-08-29T19:08:23Z,A7,Phone,109.908,fee=-78.12; adj=-5.48%; items=1
R00231,2025-10-26T00:00:00Z,A3,phone,"120 , 82 C2",items=3; fee=-5.51; adj=-11.22%
R00063,2025-09-03T20:25:56Z,A3,Phone,"79,75 C2",flag=N; items=2; adj=+9.97%
R00002,2025-11-20T09:30:00Z,A8,web,"1,000 C2",adj=+2.86%; items=1; fee=-28.55
R00176,2025-08-03T02:47:00Z,A4,web,814.295,flag=U; fee=-5.24; adj=-9.17%; items=8
R00197,2025-08-25T22:31:00Z,A2,Phone, 174.73 C1,fee=+18.24; flag=R; adj=+5.23%; items=1
R00064,2025-11-07T08:00:00Z,A3,web,C1 100.00,items=1; adj=+0.00%; fee=+0.00
R00285,2025-08-27T19:56:51Z,A6, phone ,,flag=S; adj=+3.99%; items=4
R00033,,A4,Phone,,
R00055,2025-09-11T08:40:19Z,A7,PHONE,C1112.67,items=25; fee=-36.42; adj=+0.22%; flag=T
R00162,2025-11-21T22:49:55Z,A1,app,146.78 C1,adj=-0.66%; flag=T; items=25; fee=-24.19
R00272,2025-06-08T09:51:00Z,A6,PHONE,"C1 12,345",items=5; fee=-1.95; adj=+4.48%; flag=S
R00052,2025-08-05T20:51:59Z,A5,email,67.20,fee=+1.95; items=8; adj=-6.36%
R00164,2025-05-09T03:27:00Z,A5,PHONE,"91,20 C2",items=8; fee=+1.12; adj=+3.63%; flag=U
R00023,2025-09-08T18:42:00Z,A2,app,"116,89 C2",adj=+1.16%; fee=-3.19; items=12
R00012,2025-10-22T09:13:47Z,A2,app,C1146,adj=+5.82%; flag=T; fee=+1.93; items=10
R00069,,A8,app,C1 56,adj=-23.77%; items=6
R00031,2025-10-23T11:22:00Z,A8,web,"77,57 C2",fee=-5.74; items=1; flag=S; adj=+5.80%
R00245,2025-08-23T20:04:00Z,A4,phone	, 62 . 12 C1,adj=-6.86%; items=0; fee=+41.08
R00183,2025-11-12T03:38:48Z,A3,email,69.60 CR ,items=5; adj=-14.95%; flag=S; fee=+3.78
R00167,2025-08-07T22:25:00Z,A1,Phone,486,flag=T; adj=-10.69%; fee=+8.64; items=5
R00134,2025-09-07T22:06:00Z,A2,phone,111.64C1,adj=-2.42%; items=6; flag=N; fee=-37.86
R00182,2025-06-09T16:44:00Z,A8,app,C1 54,adj=+10.97%; items=12; fee=+5.15
R00171,2025-09-20T00:00:00Z,A2, phone , C1 104.42,flag=S; adj=-14.56%; fee=-0.72
R00069,2025-12-06T11:21:36Z,A1,PHONE,126.14 C1,adj=+0.47%; fee=-44.68; items=5
R00189,2025-12-07T17:07:22Z,A1, phone ,82 C2,fee=-8.25; flag=N; items=8; adj=+3.73%
R00248,2025-08-15T07:07:46Z,A8,app,C1 56.74,adj=-9.97%; fee=-46.16; items=3; flag=S
R00281,2025-09-12T04:39:30Z,A2,web,"83,81C2",adj=+0.92%; flag=S; fee=-18.60; items=3
R00125,2025-08-28T20:20:00Z,A4,PHONE,"125,37 C2",fee=-16.74; flag=S; adj=-1.85%; items=10
R00199,2025-08-05T14:39:39Z,A3,phone	,,adj=-15.82%; items=1
R00176,2025-08-09T03:35:54Z,A3,Phone,59.202 ,adj=-5.87%; items=3; fee=-14.47
R00018,2025-09-22T23:43:00Z,A8,phone	,115 ,adj=+9.90%; items=4; fee=-1.69
R00172,2025-10-07T06:24:00Z,A7,phone,"C1 1,234.56",fee=+7.19; items=1; flag=S
R00161,2025-08-21T15:36:00Z,A5,PHONE,(C1 123.45),flag=S; items=3; adj=-2.75%; fee=+28.62
R00097,2025-10-19T09:35:00Z,A1,Phone,44.199,adj=-21.72%; fee=+1.73; items=3
R00013,2025-11-20T09:30:00Z,A6,email,"C1 1,000.00",items=1; adj=-12.23%; fee=-7.35
R00134,2025-07-08T10:00:00Z,A7, phone ,69.28 C1,flag=U; items=2; adj=+3.73%
R00064,2025-10-08T21:16:00Z,A1,Phone,,fee=-4.33; items=10; adj=-9.57%
R00290,2025-03-08T16:54:00Z,A7,web, C1 54.86,items=10; adj=+10.02%; fee=+38.80; flag=U
R00068,2025-08-18T03:33:00Z,A6,phone,101.43,adj=-1.67%; fee=+5.80; items=4
R00170,,A3,phone,207.34C1,fee=-0.09; waive=true; items=4; adj=-5.14%; flag=R
R00110,2025-10-10T17:17:18Z,A2,Phone,C1 81.02,fee=-10.93; adj=+3.80%; items=6
R00086,2025-08-12T00:32:00Z,A5,phone,"83 , 19 C2",adj=-13.99%; fee=-35.67; flag=N; items=2
R00249,2025-09-12T15:44:16Z,A1, phone , C1 115.94,fee=+34.67; items=0; adj=-3.99%
R00019,2025-09-04T15:26:03Z,A4,PHONE,145C2,items=2; fee=+34.17; adj=+18.12%
R00126,2025-10-21T09:06:33Z,A8,PHONE,55.18,flag=U; items=12; adj=+20.20%
R00235,2025-08-16T18:03:25Z,A5,phone,C1107.38,adj=+14.91%; flag=T; items=50
R00029,2025-09-30T18:10:29Z,A5,email, 51.363,fee=-28.65; items=5; adj=+4.83%
R00232,2025-10-01T16:05:00Z,A1,phone	,,fee=+34.11; adj=-10.54%; items=10
R00278,2025-08-24T22:28:28Z,A5,web,C1 75.61 ,adj=-9.99%; fee=-23.31; flag=R; items=1
R00063,,A3,email,51.148 ,flag=S; adj=+3.06%; fee=+1.84
R00125,2025-10-03T22:15:00Z,A8,phone	,"46 , 27 C2 ",items=1; fee=-11.69; adj=-5.00%
R00150,2025-10-11T20:45:30Z,A5,web,C1 135.71 CR,items=1; fee=+9.82
R00255,2025-10-26T23:54:46Z,A7,PHONE,C1 115,items=8; adj=+19.65%; fee=+4.91
R00219,2025-10-16T14:46:56Z,A5,phone,,items=5; WAIVE=TRUE; adj=+20.05%; fee=+8.97
R00274,2025-11-02T03:56:38Z,A7,app,165.30 C1,fee=+6.23; items=1; WaIvE=true; adj=+15.75%
R00072,2025-11-11T08:00:00Z,A1,web,C1 100.00,items=1; adj=+0.00%; fee=+0.00
R00232,2025-09-25T15:27:26Z,A3,email,57.66C1,flag=U; fee=+23.47; adj=-11.57%; items=4
R00188,2025-11-04T15:52:09Z,A8,app,138.77 C2,flag=S; fee=+7.92; items=5; adj=+14.68%
R00272,2025-10-24T10:01:00Z,A6,email,76.004,fee=+8.06; adj=+4.08%; items=3
R00213,2025-10-30T23:36:23Z,A5,phone	,"111,06 C2",items=1; adj=+22.24%; flag=U
R00001,2025-08-08T10:18:27Z,A7,email,-130.84 C1,adj=-17.97%; items=0; fee=+19.54
R00117,2025-09-13T19:05:41Z,A3,web,C1 27.44,fee=-13.72; adj=+8.51%; flag=S; items=6
R00227,2025-03-10T17:20:00Z,A5,web,137.81C1,fee=-21.58; adj=-7.03%; items=8
R00020,2025-11-07T08:00:00Z,A1,web,C1 100.00,items=1; adj=+0.00%; fee=+0.00
R00024,2025-10-19T19:13:00Z,A3,app,C1 131.50,adj=+5.59%; fee=+13.88; items=12
R00274,2025-10-13T10:31:00Z,A7,email,81.81,items=2; flag=R; adj=-8.18%
R00067,2025-11-20T09:30:00Z,A3,web,"C1 12,345",adj=-20.36%; fee=+3.34; items=1
R00007,,A6,app,66,adj=+4.23%; items=0; fee=-16.92
R00042,2025-09-25T08:29:36Z,A8,app,"141,09 C2",adj=-9.19%; items=6; fee=-24.56
R00260,2025-09-15T12:45:09Z,A7,email,146.61 C1,adj=+8.27%; items=3; fee=+37.13
R00113,2025-11-11T05:12:25Z,A6,phone,94.24 C2,flag=N; WAIVE=TRUE; items=3; fee=-10.91; adj=+3.52%
R00110,2025-08-01T02:31:45Z,A1,email,"77,61 C2",items=1; flag=S; fee=-5.38; adj=+3.21%
R00299,,A5,phone,,items=5; adj=-2.75%; fee=-3.77
R00190,2025-08-02T00:00:00Z,A8,Phone,250 ,items=6; adj=+4.04%; fee=+19.10
R00012,2025-11-10T08:00:00Z,A1,web,C1 100.00,items=1; adj=+0.00%; fee=+0.00
R00022,2025-11-03T21:57:00Z,A2, phone ,77.32,adj=-2.19%; items=6; fee=+13.36
R00180,2025-08-09T12:30:00Z,A2,phone	,75 . 13,fee=-20.10; adj=-8.74%; items=12
R00246,2025-08-27T20:19:00Z,A4,phone,102.92,items=8; adj=-3.26%; fee=-23.37
R00154,2025-10-12T04:42:00Z,A3,phone,89.03,adj=-1.76%; items=2; fee=+12.28
R00054,,A8,PHONE,,adj=-5.05%; flag=R; fee=-3.99; items=1
R00240,2025-11-07T16:48:00Z,A2, phone ,"189,57 C2",fee=-7.91; adj=+2.78%; flag=S; items=6
R00128,,A8,phone	,C1 106,adj=-7.59%; flag=U; fee=+1.05; items=1
R00205,2025-11-20T10:01:21Z,A2, phone ,"96,71 C2)",waive=true; items=50; fee=-18.78; adj=-9.83%
R00095,2025-07-10T09:50:05Z,A4,Phone,"C1 12,345",items=3; fee=-35.02; adj=+1.75%
R00184,2025-10-24T15:25:31Z,A6,phone, C1 119.08,fee=+18.72; adj=+7.45%; items=12; flag=N
R00189,2025-10-26T06:25:00Z,A1,phone	,,fee=-4.45; WaIvE=true; adj=+6.51%
R00140,2025-09-12T10:32:00Z,A4,phone,145.81 C1 ,adj=+3.88%; items=4; flag=N
R00219,2025-09-09T10:20:00Z,A7,Phone,C1 131,adj=-4.59%; fee=-20.85; items=1
R00176,2025-12-25T14:33:46Z,A8,web,109.66,fee=-17.99; adj=+0.33%; items=4; flag=T
R00120,2025-12-25T18:57:21Z,A7,web,"117,00 C2",flag=U; items=10; adj=+7.33%; fee=-3.59
R00126,2025-03-10T01:58:21Z,A3,phone,C1 671.10,items=3; adj=+1.41%; fee=+28.74
R00068,2025-08-17T15:12:45Z,A4, phone ,115.80 C1 ,items=50; fee=+4.72; flag=T; adj=+14.80%
R00057,2025-11-25T15:00:00Z,A5,web,"C1 1,234.56",items=1; adj=+0.00%; fee=+0.00
R00109,2025-12-08T05:05:00Z,A7,web,12.345 C2,flag=U; fee=-46.34; adj=-1.71%
R00010,,A6,phone,C1 49),flag=N; fee=-45.65; items=8
R00297,2025-10-14T09:47:00Z,A4,phone,178.84 C2,fee=+12.33; items=3; adj=-2.88%; flag=U
R00145,2025-09-13T05:33:37Z,A3,email,120.21 C1,fee=-29.09; adj=+5.50%; items=3
R00167,2025-09-25T13:34:00Z,A1, phone ,91.94,items=4; WaIvE=true; adj=+17.23%; fee=-0.36; flag=T
R00201,2025-10-23T22:43:45Z,A2,PHONE,,fee=+9.42; flag=S; items=0; adj=+13.02%
R00236,2025-10-26T00:32:00Z,A4, phone ,C1 96.61,flag=T; fee=-52.96; items=1; adj=-5.54%
R00263,2025-09-20T23:41:23Z,A3,phone	, C1 164.50,fee=-15.07; items=3
R00044,,A7,phone,,fee=-9.24; adj=-2.70%; WaIvE=true; flag=N; items=3
R00153,2025-09-25T01:04:36Z,A8,email,"C1 12,345",flag=N; items=2; adj=-1.30%; fee=-12.44
R00293,2025-08-05T00:00:00Z,A1,app,206.03,fee=-18.39; flag=N; items=2
R00169,2025-10-15T00:00:00Z,A2,phone,45.185,items=4; adj=-1.89%; fee=-6.01
R00066,2025-10-13T08:01:55Z,A4, phone ,"151,77 C2",adj=-9.97%; fee=-18.02; items=1
R00121,2025-08-12T05:00:00Z,A6,email,98.801,adj=+8.49%; items=2; flag=T; fee=-1.97; WaIvE=true
R00270,2025-09-18T22:00:51Z,A4,Phone,151.29 C1,adj=-13.57%; fee=-11.14; items=1; flag=T
R00201,2025-11-15T11:00:40Z,A2,web,,items=1; flag=R; waive=true
R00102,,A6,email,C1 123.45 CR,adj=-10.48%; fee=-51.99; items=6
R00046,2025-10-18T16:05:38Z,A3,phone,86.014,fee=+22.76; flag=S; items=8; adj=-4.70%
R00249,,A4,web,141 C2 ,flag=R; items=1; WaIvE=true; adj=-2.69%; fee=+17.72
R00127,2025-03-10T09:35:00Z,A6,web, 99 C2,fee=-3.53; adj=+4.38%; items=1
R00100,2025-11-29T05:01:26Z,A4,PHONE,117.36,adj=-14.02%; flag=S; fee=+7.08; items=8
R00077,2025-10-22T16:44:00Z,A7,PHONE,C1 90.80,fee=-16.40; flag=S; adj=-2.40%; items=3; WaIvE=true
R00284,2025-11-13T05:35:00Z,A8,email,"-114,67 C2",adj=+6.59%; items=0; flag=N; fee=+26.40
R00074,2025-10-02T06:56:00Z,A4,phone,109.736,flag=S; fee=+8.25; adj=+6.60%; items=2
R00029,2025-08-15T00:42:00Z,A3,phone	,,flag=U; fee=+12.97; waive=true; adj=+6.33%; items=1
R00284,2025-12-09T08:57:21Z,A1,phone,"88,93 C2",adj=-7.82%; items=1; flag=S; fee=-7.64
R00235,2025-12-14T10:04:15Z,A6,email, 170.92,fee=+3.78; items=2; adj=+3.66%; flag=T
R00107,,A8,app,,items=1; adj=-14.66%; flag=S
R00084,2025-09-10T01:53:00Z,A4,email," 244,89 C2",adj=+10.29%; items=3; flag=R; fee=-15.77
R00148,2025-10-27T23:25:00Z,A4,phone,90.40,items=6; fee=-30.80; adj=+1.21%
R00195,2025-09-13T06:46:28Z,A6, phone ,143.43 ,fee=+15.05; adj=-18.00%; items=3; flag=N
R00191,2025-10-15T08:41:00Z,A2,PHONE,,fee=-2.97; flag=T; adj=+1.20%; items=6
R00113,2025-10-27T03:00:00Z,A4,app, 117.36 C1,fee=-11.23; adj=-1.34%; items=1; flag=R
R00022,2025-10-24T05:40:28Z,A3,email, 77.54 C2,
R00022,,A8,web,C1 217.12,items=0; adj=+1.09%; fee=-0.06
R00038,2025-12-25T03:18:28Z,A7,app, C1 152.57 ,items=6
R00165,2025-09-28T00:00:00Z,A3,phone,101,fee=+10.25; adj=-12.28%
R00033,2025-08-15T00:00:00Z,A8,PHONE,,fee=+11.08; items=50; flag=T; adj=-5.42%
R00202,2025-10-01T00:00:00Z,A2,phone,,adj=+2.34%; fee=+24.53; items=2
R00017,2025-09-06T20:15:59Z,A6,web,96 C2,flag=T; adj=+15.50%; items=10; fee=+35.43
R00012,,A8,web,,flag=R; items=0
R00103,2025-08-22T00:00:00Z,A5,web, 133.42,flag=T; adj=-0.92%; items=2; fee=-37.97
R00003,2025-10-05T19:11:00Z,A1,web,C1 53.17,items=4
R00190,2025-09-28T04:48:42Z,A8,Phone,84.14 C2 ,items=3; adj=-1.77%; fee=+2.65
R00065,,A8,app,(92.99 C1,adj=+7.56%; items=2; fee=-0.49
R00001,2025-09-07T22:53:33Z,A7,phone,"262,24 C2)",items=3; fee=-9.38; adj=+3.92%
R00080,2025-02-10T10:38:00Z,A1,phone,"95,81 C2",WAIVE=TRUE; fee=+20.74; items=3; flag=R
R00167,2025-09-29T05:09:38Z,A3, phone ,"C1 84,56",
R00134,2025-09-13T20:47:23Z,A6,PHONE,"181,59 C2",fee=+15.19; adj=-4.86%; WaIvE=true; items=50
R00012,2025-08-05T20:19:00Z,A4,phone	,C1 140,items=8; WAIVE=TRUE; flag=R; adj=+3.24%
R00227,2025-10-14T14:50:05Z,A8,phone	,57.27,adj=+2.81%; flag=U; items=1; fee=-10.19
R00052,2025-12-18T18:45:00Z,A1,web,"C1 1,000.00",flag=U; items=1; adj=-1.26%; fee=-13.00
R00089,2025-08-17T00:01:27Z,A7,app,C1 125 . 23,flag=R; fee=-12.97; adj=-9.89%; items=0
R00058,2025-08-12T00:00:00Z,A8,app,,adj=-6.52%; items=4; WAIVE=TRUE; fee=+3.09
