Skipping image OS validation for hb__df604ebb5e06cc516bb074122c9045b1: docker inspect returned 1
Skipping image OS validation for hb__df604ebb5e06cc516bb074122c9045b1: docker inspect returned 1
Skipping image OS validation for hb__df604ebb5e06cc516bb074122c9045b1: docker inspect returned 1
Skipping image OS validation for hb__df604ebb5e06cc516bb074122c9045b1: docker inspect returned 1
Skipping image OS validation for hb__df604ebb5e06cc516bb074122c9045b1: docker inspect returned 1
Skipping image OS validation for hb__df604ebb5e06cc516bb074122c9045b1: docker inspect returned 1
Running command: if command -v apk &> /dev/null; then  apk add --no-cache curl bash nodejs npm procps; elif command -v apt-get &> /dev/null; then  apt-get update && apt-get install -y curl procps; elif command -v yum &> /dev/null; then  yum install -y curl procps-ng; else  echo "Warning: No known package manager found, assuming curl is available" >&2; fi
Running command: if command -v apk &> /dev/null; then  apk add --no-cache curl bash nodejs npm procps; elif command -v apt-get &> /dev/null; then  apt-get update && apt-get install -y curl procps; elif command -v yum &> /dev/null; then  yum install -y curl procps-ng; else  echo "Warning: No known package manager found, assuming curl is available" >&2; fi
Skipping image OS validation for hb__df604ebb5e06cc516bb074122c9045b1: docker inspect returned 1
Running command: if ldd --version 2>&1 | grep -qi musl || [ -f /etc/alpine-release ]; then  apk add --no-cache curl bash nodejs npm ripgrep; elif command -v apt-get &>/dev/null; then  apt-get update && apt-get install -y curl ripgrep; elif command -v yum &>/dev/null; then  yum install -y curl ripgrep; else  echo "Warning: No known package manager found, assuming curl is available" >&2; fi
Skipping image OS validation for hb__df604ebb5e06cc516bb074122c9045b1: docker inspect returned 1
Running command: if ldd --version 2>&1 | grep -qi musl || [ -f /etc/alpine-release ]; then  apk add --no-cache curl bash nodejs npm ripgrep; elif command -v apt-get &>/dev/null; then  apt-get update && apt-get install -y curl ripgrep; elif command -v yum &>/dev/null; then  yum install -y curl ripgrep; else  echo "Warning: No known package manager found, assuming curl is available" >&2; fi
Skipping image OS validation for hb__df604ebb5e06cc516bb074122c9045b1: docker inspect returned 1
Skipping image OS validation for hb__df604ebb5e06cc516bb074122c9045b1: docker inspect returned 1
Running command: apt-get update && apt-get install -y curl
Skipping image OS validation for hb__df604ebb5e06cc516bb074122c9045b1: docker inspect returned 1
Skipping image OS validation for hb__df604ebb5e06cc516bb074122c9045b1: docker inspect returned 1
Running command: apt-get update && apt-get install -y curl
Skipping image OS validation for hb__df604ebb5e06cc516bb074122c9045b1: docker inspect returned 1
Running command: if command -v apk &> /dev/null; then  apk add --no-cache curl bash nodejs npm procps; elif command -v apt-get &> /dev/null; then  apt-get update && apt-get install -y curl procps; elif command -v yum &> /dev/null; then  yum install -y curl procps-ng; else  echo "Warning: No known package manager found, assuming curl is available" >&2; fi
Skipping image OS validation for hb__df604ebb5e06cc516bb074122c9045b1: docker inspect returned 1
Running command: if command -v apk &> /dev/null; then  apk add --no-cache curl bash nodejs npm procps; elif command -v apt-get &> /dev/null; then  apt-get update && apt-get install -y curl procps; elif command -v yum &> /dev/null; then  yum install -y curl procps-ng; else  echo "Warning: No known package manager found, assuming curl is available" >&2; fi
Skipping image OS validation for hb__df604ebb5e06cc516bb074122c9045b1: docker inspect returned 1
Running command: if ldd --version 2>&1 | grep -qi musl || [ -f /etc/alpine-release ]; then  apk add --no-cache curl bash nodejs npm ripgrep; elif command -v apt-get &>/dev/null; then  apt-get update && apt-get install -y curl ripgrep; elif command -v yum &>/dev/null; then  yum install -y curl ripgrep; else  echo "Warning: No known package manager found, assuming curl is available" >&2; fi
Skipping image OS validation for hb__df604ebb5e06cc516bb074122c9045b1: docker inspect returned 1
Running command: if ldd --version 2>&1 | grep -qi musl || [ -f /etc/alpine-release ]; then  apk add --no-cache curl bash nodejs npm ripgrep; elif command -v apt-get &>/dev/null; then  apt-get update && apt-get install -y curl ripgrep; elif command -v yum &>/dev/null; then  yum install -y curl ripgrep; else  echo "Warning: No known package manager found, assuming curl is available" >&2; fi
Skipping image OS validation for hb__df604ebb5e06cc516bb074122c9045b1: docker inspect returned 1
Trial cleaning-service__4ttC7sY failed: Docker compose command failed for environment cleaning-service. Command: docker compose --project-name cleaning-service__4ttc7sy__env --project-directory /home/hubert/code/dnb/eda-benchmark/tasks/cleaning-service/environment -f /tmp/tmpon85a98p/cleaning-service__4ttC7sY__env-docker-compose-resources.json -f /home/hubert/code/dnb/eda-benchmark/harbor/.venv/lib/python3.13/site-packages/harbor/environments/docker/docker-compose-build.yaml -f /tmp/tmp89o3ycam/docker-compose-mounts.json up --detach --wait. Return code: 1. Stdout:  Image cleaning-service__4ttc7sy__env-main Building 
#1 [internal] load local bake definitions
#1 reading from stdin 630B done
#1 DONE 0.0s

#2 [internal] load build definition from Dockerfile
#2 transferring dockerfile: 168B done
#2 DONE 0.0s

#3 [internal] load metadata for docker.io/library/python:3.11-slim
#3 DONE 0.0s

#4 [internal] load .dockerignore
#4 transferring context: 2B done
#4 DONE 0.0s

#5 [1/4] FROM docker.io/library/python:3.11-slim
#5 DONE 0.0s

#6 [internal] load build context
#6 transferring context: 149B done
#6 DONE 0.0s

#7 [3/4] WORKDIR /app
#7 CACHED

#8 [2/4] RUN pip install --no-cache-dir pandas numpy scipy scikit-learn
#8 CACHED

#9 [4/4] COPY dataset/ /app/dataset/
#9 CACHED

#10 exporting to image
#10 exporting layers done
#10 writing image sha256:5166ce207e94b6e5297d2d51800a7b2ac0a7814f13c5156be33b45c7f04ac2ef done
#10 naming to docker.io/library/cleaning-service__4ttc7sy__env-main done
#10 DONE 0.0s

#11 resolving provenance for metadata file
#11 DONE 0.0s
 Image cleaning-service__4ttc7sy__env-main Built 
 Network cleaning-service__4ttc7sy__env_default Creating 
 Network cleaning-service__4ttc7sy__env_default Error Error response from daemon: all predefined address pools have been fully subnetted
failed to create network cleaning-service__4ttc7sy__env_default: Error response from daemon: all predefined address pools have been fully subnetted
. Stderr: None. 
Running command: apt-get update && apt-get install -y curl
Running command: apt-get update && apt-get install -y curl
Collecting main service artifacts
Skipping image OS validation for hb__df604ebb5e06cc516bb074122c9045b1: docker inspect returned 1
Trial cleaning-service__VAfVhWg failed: Docker compose command failed for environment cleaning-service. Command: docker compose --project-name cleaning-service__vafvhwg__env --project-directory /home/hubert/code/dnb/eda-benchmark/tasks/cleaning-service/environment -f /tmp/tmp2vkymovw/cleaning-service__VAfVhWg__env-docker-compose-resources.json -f /home/hubert/code/dnb/eda-benchmark/harbor/.venv/lib/python3.13/site-packages/harbor/environments/docker/docker-compose-build.yaml -f /tmp/tmp0v3urx3t/docker-compose-mounts.json up --detach --wait. Return code: 1. Stdout:  Image cleaning-service__vafvhwg__env-main Building 
#1 [internal] load local bake definitions
#1 reading from stdin 630B done
#1 DONE 0.0s

#2 [internal] load build definition from Dockerfile
#2 transferring dockerfile: 168B done
#2 DONE 0.0s

#3 [internal] load metadata for docker.io/library/python:3.11-slim
#3 DONE 0.0s

#4 [internal] load .dockerignore
#4 transferring context: 2B done
#4 DONE 0.0s

#5 [1/4] FROM docker.io/library/python:3.11-slim
#5 DONE 0.0s

#6 [internal] load build context
#6 transferring context: 149B done
#6 DONE 0.0s

#7 [2/4] RUN pip install --no-cache-dir pandas numpy scipy scikit-learn
#7 CACHED

#8 [3/4] WORKDIR /app
#8 CACHED

#9 [4/4] COPY dataset/ /app/dataset/
#9 CACHED

#10 exporting to image
#10 exporting layers done
#10 writing image sha256:52453342d29030baaa67b05cab5a46076f67063efeb4ea0b5876efe94dfcf071 done
#10 naming to docker.io/library/cleaning-service__vafvhwg__env-main done
#10 DONE 0.0s

#11 resolving provenance for metadata file
#11 DONE 0.0s
 Image cleaning-service__vafvhwg__env-main Built 
 Network cleaning-service__vafvhwg__env_default Creating 
 Network cleaning-service__vafvhwg__env_default Error Error response from daemon: all predefined address pools have been fully subnetted
failed to create network cleaning-service__vafvhwg__env_default: Error response from daemon: all predefined address pools have been fully subnetted
. Stderr: None. 
Failed to download artifact '/app/answer.json' from service 'main' (best-effort)
Traceback (most recent call last):
  File "/home/hubert/code/dnb/eda-benchmark/harbor/.venv/lib/python3.13/site-packages/harbor/trial/trial.py", line 350, in run
    await self._prepare()
  File "/home/hubert/code/dnb/eda-benchmark/harbor/.venv/lib/python3.13/site-packages/harbor/trial/trial.py", line 379, in _prepare
    await self._setup_agent_environment()
  File "/home/hubert/code/dnb/eda-benchmark/harbor/.venv/lib/python3.13/site-packages/harbor/trial/trial.py", line 1097, in _setup_agent_environment
    await self._start_agent_environment()
  File "/home/hubert/code/dnb/eda-benchmark/harbor/.venv/lib/python3.13/site-packages/harbor/trial/trial.py", line 1103, in _start_agent_environment
    await asyncio.wait_for(
    ...<4 lines>...
    )
  File "/home/hubert/.local/share/uv/python/cpython-3.13.5-linux-x86_64-gnu/lib/python3.13/asyncio/tasks.py", line 507, in wait_for
    return await fut
           ^^^^^^^^^
  File "/home/hubert/code/dnb/eda-benchmark/harbor/.venv/lib/python3.13/site-packages/harbor/environments/docker/docker.py", line 882, in start
    await self._run_docker_compose_command(["up", "--detach", "--wait"])
  File "/home/hubert/code/dnb/eda-benchmark/harbor/.venv/lib/python3.13/site-packages/harbor/environments/docker/docker.py", line 631, in _run_docker_compose_command
    raise RuntimeError(
    ...<5 lines>...
    )
RuntimeError: Docker compose command failed for environment cleaning-service. Command: docker compose --project-name cleaning-service__4ttc7sy__env --project-directory /home/hubert/code/dnb/eda-benchmark/tasks/cleaning-service/environment -f /tmp/tmpon85a98p/cleaning-service__4ttC7sY__env-docker-compose-resources.json -f /home/hubert/code/dnb/eda-benchmark/harbor/.venv/lib/python3.13/site-packages/harbor/environments/docker/docker-compose-build.yaml -f /tmp/tmp89o3ycam/docker-compose-mounts.json up --detach --wait. Return code: 1. Stdout:  Image cleaning-service__4ttc7sy__env-main Building 
#1 [internal] load local bake definitions
#1 reading from stdin 630B done
#1 DONE 0.0s

#2 [internal] load build definition from Dockerfile
#2 transferring dockerfile: 168B done
#2 DONE 0.0s

#3 [internal] load metadata for docker.io/library/python:3.11-slim
#3 DONE 0.0s

#4 [internal] load .dockerignore
#4 transferring context: 2B done
#4 DONE 0.0s

#5 [1/4] FROM docker.io/library/python:3.11-slim
#5 DONE 0.0s

#6 [internal] load build context
#6 transferring context: 149B done
#6 DONE 0.0s

#7 [3/4] WORKDIR /app
#7 CACHED

#8 [2/4] RUN pip install --no-cache-dir pandas numpy scipy scikit-learn
#8 CACHED

#9 [4/4] COPY dataset/ /app/dataset/
#9 CACHED

#10 exporting to image
#10 exporting layers done
#10 writing image sha256:5166ce207e94b6e5297d2d51800a7b2ac0a7814f13c5156be33b45c7f04ac2ef done
#10 naming to docker.io/library/cleaning-service__4ttc7sy__env-main done
#10 DONE 0.0s

#11 resolving provenance for metadata file
#11 DONE 0.0s
 Image cleaning-service__4ttc7sy__env-main Built 
 Network cleaning-service__4ttc7sy__env_default Creating 
 Network cleaning-service__4ttc7sy__env_default Error Error response from daemon: all predefined address pools have been fully subnetted
failed to create network cleaning-service__4ttc7sy__env_default: Error response from daemon: all predefined address pools have been fully subnetted
. Stderr: None. 

During handling of the above exception, another exception occurred:

Traceback (most recent call last):
  File "/home/hubert/code/dnb/eda-benchmark/harbor/.venv/lib/python3.13/site-packages/harbor/trial/artifact_handler.py", line 330, in _download_artifact
    await source_env.service_download_file(
    ...<3 lines>...
    )
  File "/home/hubert/code/dnb/eda-benchmark/harbor/.venv/lib/python3.13/site-packages/harbor/environments/docker/docker.py", line 1025, in service_download_file
    await self.download_file(source_path, target_path)
  File "/home/hubert/code/dnb/eda-benchmark/harbor/.venv/lib/python3.13/site-packages/harbor/environments/docker/docker.py", line 1010, in download_file
    await self._platform.download_file(source_path, target_path)
  File "/home/hubert/code/dnb/eda-benchmark/harbor/.venv/lib/python3.13/site-packages/harbor/environments/docker/docker_unix.py", line 185, in download_file
    await self._env._run_docker_compose_command(
    ...<2 lines>...
    )
  File "/home/hubert/code/dnb/eda-benchmark/harbor/.venv/lib/python3.13/site-packages/harbor/environments/docker/docker.py", line 631, in _run_docker_compose_command
    raise RuntimeError(
    ...<5 lines>...
    )
RuntimeError: Docker compose command failed for environment cleaning-service. Command: docker compose --project-name cleaning-service__4ttc7sy__env --project-directory /home/hubert/code/dnb/eda-benchmark/tasks/cleaning-service/environment -f /tmp/tmpon85a98p/cleaning-service__4ttC7sY__env-docker-compose-resources.json -f /home/hubert/code/dnb/eda-benchmark/harbor/.venv/lib/python3.13/site-packages/harbor/environments/docker/docker-compose-build.yaml -f /tmp/tmp89o3ycam/docker-compose-mounts.json cp main:/app/answer.json results/benchmark-cleaning-service-20260709-181834/cleaning-service__4ttC7sY/artifacts/app/answer.json. Return code: 1. Stdout: no container found for service "main"
. Stderr: None. 
Running command: if command -v apk &> /dev/null; then  apk add --no-cache curl bash nodejs npm procps; elif command -v apt-get &> /dev/null; then  apt-get update && apt-get install -y curl procps; elif command -v yum &> /dev/null; then  yum install -y curl procps-ng; else  echo "Warning: No known package manager found, assuming curl is available" >&2; fi
Collecting main service artifacts
Skipping image OS validation for hb__df604ebb5e06cc516bb074122c9045b1: docker inspect returned 1
Trial cleaning-service__UBaXGjx failed: Docker compose command failed for environment cleaning-service. Command: docker compose --project-name cleaning-service__ubaxgjx__env --project-directory /home/hubert/code/dnb/eda-benchmark/tasks/cleaning-service/environment -f /tmp/tmplv54ot1v/cleaning-service__UBaXGjx__env-docker-compose-resources.json -f /home/hubert/code/dnb/eda-benchmark/harbor/.venv/lib/python3.13/site-packages/harbor/environments/docker/docker-compose-build.yaml -f /tmp/tmpug3l7s05/docker-compose-mounts.json up --detach --wait. Return code: 1. Stdout:  Image cleaning-service__ubaxgjx__env-main Building 
#1 [internal] load local bake definitions
#1 reading from stdin 630B done
#1 DONE 0.0s

#2 [internal] load build definition from Dockerfile
#2 transferring dockerfile: 168B done
#2 DONE 0.0s

#3 [internal] load metadata for docker.io/library/python:3.11-slim
#3 DONE 0.0s

#4 [internal] load .dockerignore
#4 transferring context: 2B done
#4 DONE 0.0s

#5 [1/4] FROM docker.io/library/python:3.11-slim
#5 DONE 0.0s

#6 [internal] load build context
#6 transferring context: 149B done
#6 DONE 0.0s

#7 [3/4] WORKDIR /app
#7 CACHED

#8 [2/4] RUN pip install --no-cache-dir pandas numpy scipy scikit-learn
#8 CACHED

#9 [4/4] COPY dataset/ /app/dataset/
#9 CACHED

#10 exporting to image
#10 exporting layers done
#10 writing image sha256:a0bfa82a0e1956a491ad2d9b00a5bbbb38d7db79f3b82e8e4a13fa9a59ddf462 done
#10 naming to docker.io/library/cleaning-service__ubaxgjx__env-main done
#10 DONE 0.0s

#11 resolving provenance for metadata file
#11 DONE 0.0s
 Image cleaning-service__ubaxgjx__env-main Built 
 Network cleaning-service__ubaxgjx__env_default Creating 
 Network cleaning-service__ubaxgjx__env_default Error Error response from daemon: all predefined address pools have been fully subnetted
failed to create network cleaning-service__ubaxgjx__env_default: Error response from daemon: all predefined address pools have been fully subnetted
. Stderr: None. 
Failed to download artifact '/app/answer.json' from service 'main' (best-effort)
Traceback (most recent call last):
  File "/home/hubert/code/dnb/eda-benchmark/harbor/.venv/lib/python3.13/site-packages/harbor/trial/trial.py", line 350, in run
    await self._prepare()
  File "/home/hubert/code/dnb/eda-benchmark/harbor/.venv/lib/python3.13/site-packages/harbor/trial/trial.py", line 379, in _prepare
    await self._setup_agent_environment()
  File "/home/hubert/code/dnb/eda-benchmark/harbor/.venv/lib/python3.13/site-packages/harbor/trial/trial.py", line 1097, in _setup_agent_environment
    await self._start_agent_environment()
  File "/home/hubert/code/dnb/eda-benchmark/harbor/.venv/lib/python3.13/site-packages/harbor/trial/trial.py", line 1103, in _start_agent_environment
    await asyncio.wait_for(
    ...<4 lines>...
    )
  File "/home/hubert/.local/share/uv/python/cpython-3.13.5-linux-x86_64-gnu/lib/python3.13/asyncio/tasks.py", line 507, in wait_for
    return await fut
           ^^^^^^^^^
  File "/home/hubert/code/dnb/eda-benchmark/harbor/.venv/lib/python3.13/site-packages/harbor/environments/docker/docker.py", line 882, in start
    await self._run_docker_compose_command(["up", "--detach", "--wait"])
  File "/home/hubert/code/dnb/eda-benchmark/harbor/.venv/lib/python3.13/site-packages/harbor/environments/docker/docker.py", line 631, in _run_docker_compose_command
    raise RuntimeError(
    ...<5 lines>...
    )
RuntimeError: Docker compose command failed for environment cleaning-service. Command: docker compose --project-name cleaning-service__vafvhwg__env --project-directory /home/hubert/code/dnb/eda-benchmark/tasks/cleaning-service/environment -f /tmp/tmp2vkymovw/cleaning-service__VAfVhWg__env-docker-compose-resources.json -f /home/hubert/code/dnb/eda-benchmark/harbor/.venv/lib/python3.13/site-packages/harbor/environments/docker/docker-compose-build.yaml -f /tmp/tmp0v3urx3t/docker-compose-mounts.json up --detach --wait. Return code: 1. Stdout:  Image cleaning-service__vafvhwg__env-main Building 
#1 [internal] load local bake definitions
#1 reading from stdin 630B done
#1 DONE 0.0s

#2 [internal] load build definition from Dockerfile
#2 transferring dockerfile: 168B done
#2 DONE 0.0s

#3 [internal] load metadata for docker.io/library/python:3.11-slim
#3 DONE 0.0s

#4 [internal] load .dockerignore
#4 transferring context: 2B done
#4 DONE 0.0s

#5 [1/4] FROM docker.io/library/python:3.11-slim
#5 DONE 0.0s

#6 [internal] load build context
#6 transferring context: 149B done
#6 DONE 0.0s

#7 [2/4] RUN pip install --no-cache-dir pandas numpy scipy scikit-learn
#7 CACHED

#8 [3/4] WORKDIR /app
#8 CACHED

#9 [4/4] COPY dataset/ /app/dataset/
#9 CACHED

#10 exporting to image
#10 exporting layers done
#10 writing image sha256:52453342d29030baaa67b05cab5a46076f67063efeb4ea0b5876efe94dfcf071 done
#10 naming to docker.io/library/cleaning-service__vafvhwg__env-main done
#10 DONE 0.0s

#11 resolving provenance for metadata file
#11 DONE 0.0s
 Image cleaning-service__vafvhwg__env-main Built 
 Network cleaning-service__vafvhwg__env_default Creating 
 Network cleaning-service__vafvhwg__env_default Error Error response from daemon: all predefined address pools have been fully subnetted
failed to create network cleaning-service__vafvhwg__env_default: Error response from daemon: all predefined address pools have been fully subnetted
. Stderr: None. 

During handling of the above exception, another exception occurred:

Traceback (most recent call last):
  File "/home/hubert/code/dnb/eda-benchmark/harbor/.venv/lib/python3.13/site-packages/harbor/trial/artifact_handler.py", line 330, in _download_artifact
    await source_env.service_download_file(
    ...<3 lines>...
    )
  File "/home/hubert/code/dnb/eda-benchmark/harbor/.venv/lib/python3.13/site-packages/harbor/environments/docker/docker.py", line 1025, in service_download_file
    await self.download_file(source_path, target_path)
  File "/home/hubert/code/dnb/eda-benchmark/harbor/.venv/lib/python3.13/site-packages/harbor/environments/docker/docker.py", line 1010, in download_file
    await self._platform.download_file(source_path, target_path)
  File "/home/hubert/code/dnb/eda-benchmark/harbor/.venv/lib/python3.13/site-packages/harbor/environments/docker/docker_unix.py", line 185, in download_file
    await self._env._run_docker_compose_command(
    ...<2 lines>...
    )
  File "/home/hubert/code/dnb/eda-benchmark/harbor/.venv/lib/python3.13/site-packages/harbor/environments/docker/docker.py", line 631, in _run_docker_compose_command
    raise RuntimeError(
    ...<5 lines>...
    )
RuntimeError: Docker compose command failed for environment cleaning-service. Command: docker compose --project-name cleaning-service__vafvhwg__env --project-directory /home/hubert/code/dnb/eda-benchmark/tasks/cleaning-service/environment -f /tmp/tmp2vkymovw/cleaning-service__VAfVhWg__env-docker-compose-resources.json -f /home/hubert/code/dnb/eda-benchmark/harbor/.venv/lib/python3.13/site-packages/harbor/environments/docker/docker-compose-build.yaml -f /tmp/tmp0v3urx3t/docker-compose-mounts.json cp main:/app/answer.json results/benchmark-cleaning-service-20260709-181834/cleaning-service__VAfVhWg/artifacts/app/answer.json. Return code: 1. Stdout: no container found for service "main"
. Stderr: None. 
Running command: if command -v apk &> /dev/null; then  apk add --no-cache curl bash nodejs npm procps; elif command -v apt-get &> /dev/null; then  apt-get update && apt-get install -y curl procps; elif command -v yum &> /dev/null; then  yum install -y curl procps-ng; else  echo "Warning: No known package manager found, assuming curl is available" >&2; fi
Collecting main service artifacts
Not retrying trial because the maximum number of retries has been reached
Running command: if ldd --version 2>&1 | grep -qi musl || [ -f /etc/alpine-release ]; then  apk add --no-cache curl bash nodejs npm ripgrep; elif command -v apt-get &>/dev/null; then  apt-get update && apt-get install -y curl ripgrep; elif command -v yum &>/dev/null; then  yum install -y curl ripgrep; else  echo "Warning: No known package manager found, assuming curl is available" >&2; fi
Failed to download artifact '/app/answer.json' from service 'main' (best-effort)
Traceback (most recent call last):
  File "/home/hubert/code/dnb/eda-benchmark/harbor/.venv/lib/python3.13/site-packages/harbor/trial/trial.py", line 350, in run
    await self._prepare()
  File "/home/hubert/code/dnb/eda-benchmark/harbor/.venv/lib/python3.13/site-packages/harbor/trial/trial.py", line 379, in _prepare
    await self._setup_agent_environment()
  File "/home/hubert/code/dnb/eda-benchmark/harbor/.venv/lib/python3.13/site-packages/harbor/trial/trial.py", line 1097, in _setup_agent_environment
    await self._start_agent_environment()
  File "/home/hubert/code/dnb/eda-benchmark/harbor/.venv/lib/python3.13/site-packages/harbor/trial/trial.py", line 1103, in _start_agent_environment
    await asyncio.wait_for(
    ...<4 lines>...
    )
  File "/home/hubert/.local/share/uv/python/cpython-3.13.5-linux-x86_64-gnu/lib/python3.13/asyncio/tasks.py", line 507, in wait_for
    return await fut
           ^^^^^^^^^
  File "/home/hubert/code/dnb/eda-benchmark/harbor/.venv/lib/python3.13/site-packages/harbor/environments/docker/docker.py", line 882, in start
    await self._run_docker_compose_command(["up", "--detach", "--wait"])
  File "/home/hubert/code/dnb/eda-benchmark/harbor/.venv/lib/python3.13/site-packages/harbor/environments/docker/docker.py", line 631, in _run_docker_compose_command
    raise RuntimeError(
    ...<5 lines>...
    )
RuntimeError: Docker compose command failed for environment cleaning-service. Command: docker compose --project-name cleaning-service__ubaxgjx__env --project-directory /home/hubert/code/dnb/eda-benchmark/tasks/cleaning-service/environment -f /tmp/tmplv54ot1v/cleaning-service__UBaXGjx__env-docker-compose-resources.json -f /home/hubert/code/dnb/eda-benchmark/harbor/.venv/lib/python3.13/site-packages/harbor/environments/docker/docker-compose-build.yaml -f /tmp/tmpug3l7s05/docker-compose-mounts.json up --detach --wait. Return code: 1. Stdout:  Image cleaning-service__ubaxgjx__env-main Building 
#1 [internal] load local bake definitions
#1 reading from stdin 630B done
#1 DONE 0.0s

#2 [internal] load build definition from Dockerfile
#2 transferring dockerfile: 168B done
#2 DONE 0.0s

#3 [internal] load metadata for docker.io/library/python:3.11-slim
#3 DONE 0.0s

#4 [internal] load .dockerignore
#4 transferring context: 2B done
#4 DONE 0.0s

#5 [1/4] FROM docker.io/library/python:3.11-slim
#5 DONE 0.0s

#6 [internal] load build context
#6 transferring context: 149B done
#6 DONE 0.0s

#7 [3/4] WORKDIR /app
#7 CACHED

#8 [2/4] RUN pip install --no-cache-dir pandas numpy scipy scikit-learn
#8 CACHED

#9 [4/4] COPY dataset/ /app/dataset/
#9 CACHED

#10 exporting to image
#10 exporting layers done
#10 writing image sha256:a0bfa82a0e1956a491ad2d9b00a5bbbb38d7db79f3b82e8e4a13fa9a59ddf462 done
#10 naming to docker.io/library/cleaning-service__ubaxgjx__env-main done
#10 DONE 0.0s

#11 resolving provenance for metadata file
#11 DONE 0.0s
 Image cleaning-service__ubaxgjx__env-main Built 
 Network cleaning-service__ubaxgjx__env_default Creating 
 Network cleaning-service__ubaxgjx__env_default Error Error response from daemon: all predefined address pools have been fully subnetted
failed to create network cleaning-service__ubaxgjx__env_default: Error response from daemon: all predefined address pools have been fully subnetted
. Stderr: None. 

During handling of the above exception, another exception occurred:

Traceback (most recent call last):
  File "/home/hubert/code/dnb/eda-benchmark/harbor/.venv/lib/python3.13/site-packages/harbor/trial/artifact_handler.py", line 330, in _download_artifact
    await source_env.service_download_file(
    ...<3 lines>...
    )
  File "/home/hubert/code/dnb/eda-benchmark/harbor/.venv/lib/python3.13/site-packages/harbor/environments/docker/docker.py", line 1025, in service_download_file
    await self.download_file(source_path, target_path)
  File "/home/hubert/code/dnb/eda-benchmark/harbor/.venv/lib/python3.13/site-packages/harbor/environments/docker/docker.py", line 1010, in download_file
    await self._platform.download_file(source_path, target_path)
  File "/home/hubert/code/dnb/eda-benchmark/harbor/.venv/lib/python3.13/site-packages/harbor/environments/docker/docker_unix.py", line 185, in download_file
    await self._env._run_docker_compose_command(
    ...<2 lines>...
    )
  File "/home/hubert/code/dnb/eda-benchmark/harbor/.venv/lib/python3.13/site-packages/harbor/environments/docker/docker.py", line 631, in _run_docker_compose_command
    raise RuntimeError(
    ...<5 lines>...
    )
RuntimeError: Docker compose command failed for environment cleaning-service. Command: docker compose --project-name cleaning-service__ubaxgjx__env --project-directory /home/hubert/code/dnb/eda-benchmark/tasks/cleaning-service/environment -f /tmp/tmplv54ot1v/cleaning-service__UBaXGjx__env-docker-compose-resources.json -f /home/hubert/code/dnb/eda-benchmark/harbor/.venv/lib/python3.13/site-packages/harbor/environments/docker/docker-compose-build.yaml -f /tmp/tmpug3l7s05/docker-compose-mounts.json cp main:/app/answer.json results/benchmark-cleaning-service-20260709-181834/cleaning-service__UBaXGjx/artifacts/app/answer.json. Return code: 1. Stdout: no container found for service "main"
. Stderr: None. 
Trial cleaning-service__t7VqZYB failed: Docker compose command failed for environment cleaning-service. Command: docker compose --project-name cleaning-service__t7vqzyb__env --project-directory /home/hubert/code/dnb/eda-benchmark/tasks/cleaning-service/environment -f /tmp/tmpwgol2tjs/cleaning-service__t7VqZYB__env-docker-compose-resources.json -f /home/hubert/code/dnb/eda-benchmark/harbor/.venv/lib/python3.13/site-packages/harbor/environments/docker/docker-compose-build.yaml -f /tmp/tmpmeaan5tx/docker-compose-mounts.json up --detach --wait. Return code: 1. Stdout:  Image cleaning-service__t7vqzyb__env-main Building 
#1 [internal] load local bake definitions
#1 reading from stdin 630B done
#1 DONE 0.0s

#2 [1/4] FROM docker.io/library/python:3.11-slim
#2 DONE 0.0s

#3 [3/4] WORKDIR /app
#3 CACHED

#4 [2/4] RUN pip install --no-cache-dir pandas numpy scipy scikit-learn
#4 CACHED

#5 [4/4] COPY dataset/ /app/dataset/
#5 CACHED

#6 [internal] load build definition from Dockerfile
#6 transferring dockerfile: 168B done
#6 DONE 0.0s

#7 [internal] load metadata for docker.io/library/python:3.11-slim
#7 DONE 0.0s

#8 [internal] load .dockerignore
#8 transferring context: 2B done
#8 DONE 0.0s

#9 [internal] load build context
#9 transferring context: 149B done
#9 DONE 0.0s

#10 exporting to image
#10 exporting layers done
#10 writing image sha256:44b27cba83045e367b4c8e1bd91ed38b52257649e7cfc6d57388dc7307113515
#10 writing image sha256:44b27cba83045e367b4c8e1bd91ed38b52257649e7cfc6d57388dc7307113515 0.2s done
#10 naming to docker.io/library/cleaning-service__t7vqzyb__env-main
#10 naming to docker.io/library/cleaning-service__t7vqzyb__env-main done
#10 DONE 0.2s

#11 resolving provenance for metadata file
#11 DONE 0.0s
 Image cleaning-service__t7vqzyb__env-main Built 
 Network cleaning-service__t7vqzyb__env_default Creating 
 Network cleaning-service__t7vqzyb__env_default Error Error response from daemon: all predefined address pools have been fully subnetted
failed to create network cleaning-service__t7vqzyb__env_default: Error response from daemon: all predefined address pools have been fully subnetted
. Stderr: None. 
Not retrying trial because the maximum number of retries has been reached
Skipping image OS validation for hb__df604ebb5e06cc516bb074122c9045b1: docker inspect returned 1
Collecting main service artifacts
Skipping image OS validation for hb__df604ebb5e06cc516bb074122c9045b1: docker inspect returned 1
Failed to download artifact '/app/answer.json' from service 'main' (best-effort)
Traceback (most recent call last):
  File "/home/hubert/code/dnb/eda-benchmark/harbor/.venv/lib/python3.13/site-packages/harbor/trial/trial.py", line 350, in run
    await self._prepare()
  File "/home/hubert/code/dnb/eda-benchmark/harbor/.venv/lib/python3.13/site-packages/harbor/trial/trial.py", line 379, in _prepare
    await self._setup_agent_environment()
  File "/home/hubert/code/dnb/eda-benchmark/harbor/.venv/lib/python3.13/site-packages/harbor/trial/trial.py", line 1097, in _setup_agent_environment
    await self._start_agent_environment()
  File "/home/hubert/code/dnb/eda-benchmark/harbor/.venv/lib/python3.13/site-packages/harbor/trial/trial.py", line 1103, in _start_agent_environment
    await asyncio.wait_for(
    ...<4 lines>...
    )
  File "/home/hubert/.local/share/uv/python/cpython-3.13.5-linux-x86_64-gnu/lib/python3.13/asyncio/tasks.py", line 507, in wait_for
    return await fut
           ^^^^^^^^^
  File "/home/hubert/code/dnb/eda-benchmark/harbor/.venv/lib/python3.13/site-packages/harbor/environments/docker/docker.py", line 882, in start
    await self._run_docker_compose_command(["up", "--detach", "--wait"])
  File "/home/hubert/code/dnb/eda-benchmark/harbor/.venv/lib/python3.13/site-packages/harbor/environments/docker/docker.py", line 631, in _run_docker_compose_command
    raise RuntimeError(
    ...<5 lines>...
    )
RuntimeError: Docker compose command failed for environment cleaning-service. Command: docker compose --project-name cleaning-service__t7vqzyb__env --project-directory /home/hubert/code/dnb/eda-benchmark/tasks/cleaning-service/environment -f /tmp/tmpwgol2tjs/cleaning-service__t7VqZYB__env-docker-compose-resources.json -f /home/hubert/code/dnb/eda-benchmark/harbor/.venv/lib/python3.13/site-packages/harbor/environments/docker/docker-compose-build.yaml -f /tmp/tmpmeaan5tx/docker-compose-mounts.json up --detach --wait. Return code: 1. Stdout:  Image cleaning-service__t7vqzyb__env-main Building 
#1 [internal] load local bake definitions
#1 reading from stdin 630B done
#1 DONE 0.0s

#2 [1/4] FROM docker.io/library/python:3.11-slim
#2 DONE 0.0s

#3 [3/4] WORKDIR /app
#3 CACHED

#4 [2/4] RUN pip install --no-cache-dir pandas numpy scipy scikit-learn
#4 CACHED

#5 [4/4] COPY dataset/ /app/dataset/
#5 CACHED

#6 [internal] load build definition from Dockerfile
#6 transferring dockerfile: 168B done
#6 DONE 0.0s

#7 [internal] load metadata for docker.io/library/python:3.11-slim
#7 DONE 0.0s

#8 [internal] load .dockerignore
#8 transferring context: 2B done
#8 DONE 0.0s

#9 [internal] load build context
#9 transferring context: 149B done
#9 DONE 0.0s

#10 exporting to image
#10 exporting layers done
#10 writing image sha256:44b27cba83045e367b4c8e1bd91ed38b52257649e7cfc6d57388dc7307113515
#10 writing image sha256:44b27cba83045e367b4c8e1bd91ed38b52257649e7cfc6d57388dc7307113515 0.2s done
#10 naming to docker.io/library/cleaning-service__t7vqzyb__env-main
#10 naming to docker.io/library/cleaning-service__t7vqzyb__env-main done
#10 DONE 0.2s

#11 resolving provenance for metadata file
#11 DONE 0.0s
 Image cleaning-service__t7vqzyb__env-main Built 
 Network cleaning-service__t7vqzyb__env_default Creating 
 Network cleaning-service__t7vqzyb__env_default Error Error response from daemon: all predefined address pools have been fully subnetted
failed to create network cleaning-service__t7vqzyb__env_default: Error response from daemon: all predefined address pools have been fully subnetted
. Stderr: None. 

During handling of the above exception, another exception occurred:

Traceback (most recent call last):
  File "/home/hubert/code/dnb/eda-benchmark/harbor/.venv/lib/python3.13/site-packages/harbor/trial/artifact_handler.py", line 330, in _download_artifact
    await source_env.service_download_file(
    ...<3 lines>...
    )
  File "/home/hubert/code/dnb/eda-benchmark/harbor/.venv/lib/python3.13/site-packages/harbor/environments/docker/docker.py", line 1025, in service_download_file
    await self.download_file(source_path, target_path)
  File "/home/hubert/code/dnb/eda-benchmark/harbor/.venv/lib/python3.13/site-packages/harbor/environments/docker/docker.py", line 1010, in download_file
    await self._platform.download_file(source_path, target_path)
  File "/home/hubert/code/dnb/eda-benchmark/harbor/.venv/lib/python3.13/site-packages/harbor/environments/docker/docker_unix.py", line 185, in download_file
    await self._env._run_docker_compose_command(
    ...<2 lines>...
    )
  File "/home/hubert/code/dnb/eda-benchmark/harbor/.venv/lib/python3.13/site-packages/harbor/environments/docker/docker.py", line 631, in _run_docker_compose_command
    raise RuntimeError(
    ...<5 lines>...
    )
RuntimeError: Docker compose command failed for environment cleaning-service. Command: docker compose --project-name cleaning-service__t7vqzyb__env --project-directory /home/hubert/code/dnb/eda-benchmark/tasks/cleaning-service/environment -f /tmp/tmpwgol2tjs/cleaning-service__t7VqZYB__env-docker-compose-resources.json -f /home/hubert/code/dnb/eda-benchmark/harbor/.venv/lib/python3.13/site-packages/harbor/environments/docker/docker-compose-build.yaml -f /tmp/tmpmeaan5tx/docker-compose-mounts.json cp main:/app/answer.json results/benchmark-cleaning-service-20260709-181834/cleaning-service__t7VqZYB/artifacts/app/answer.json. Return code: 1. Stdout: no container found for service "main"
. Stderr: None. 
Not retrying trial because the maximum number of retries has been reached
Trial cleaning-service__rXgGESs failed: Docker compose command failed for environment cleaning-service. Command: docker compose --project-name cleaning-service__rxggess__env --project-directory /home/hubert/code/dnb/eda-benchmark/tasks/cleaning-service/environment -f /tmp/tmp31h165o0/cleaning-service__rXgGESs__env-docker-compose-resources.json -f /home/hubert/code/dnb/eda-benchmark/harbor/.venv/lib/python3.13/site-packages/harbor/environments/docker/docker-compose-build.yaml -f /tmp/tmphfqpjmfo/docker-compose-mounts.json up --detach --wait. Return code: 1. Stdout:  Image cleaning-service__rxggess__env-main Building 
#1 [internal] load local bake definitions
#1 reading from stdin 630B done
#1 DONE 0.0s

#2 [internal] load build definition from Dockerfile
#2 transferring dockerfile: 168B done
#2 DONE 0.0s

#3 [internal] load metadata for docker.io/library/python:3.11-slim
#3 DONE 0.0s

#4 [internal] load .dockerignore
#4 transferring context: 2B done
#4 DONE 0.0s

#5 [1/4] FROM docker.io/library/python:3.11-slim
#5 DONE 0.0s

#6 [internal] load build context
#6 transferring context: 149B done
#6 DONE 0.0s

#7 [3/4] WORKDIR /app
#7 CACHED

#8 [2/4] RUN pip install --no-cache-dir pandas numpy scipy scikit-learn
#8 CACHED

#9 [4/4] COPY dataset/ /app/dataset/
#9 CACHED

#10 exporting to image
#10 exporting layers done
#10 writing image sha256:80c49a82a67d1332095d97144b6edba4866bc24edf9628427d0e105e5627ce62 0.1s done
#10 naming to docker.io/library/cleaning-service__rxggess__env-main
#10 naming to docker.io/library/cleaning-service__rxggess__env-main done
#10 DONE 0.1s

#11 resolving provenance for metadata file
#11 DONE 0.0s
 Image cleaning-service__rxggess__env-main Built 
 Network cleaning-service__rxggess__env_default Creating 
 Network cleaning-service__rxggess__env_default Error Error response from daemon: all predefined address pools have been fully subnetted
failed to create network cleaning-service__rxggess__env_default: Error response from daemon: all predefined address pools have been fully subnetted
. Stderr: None. 
Skipping image OS validation for hb__df604ebb5e06cc516bb074122c9045b1: docker inspect returned 1
Not retrying trial because the maximum number of retries has been reached
Trial cleaning-service__tYyeeTk failed: Docker compose command failed for environment cleaning-service. Command: docker compose --project-name cleaning-service__tyyeetk__env --project-directory /home/hubert/code/dnb/eda-benchmark/tasks/cleaning-service/environment -f /tmp/tmpt1smqh5l/cleaning-service__tYyeeTk__env-docker-compose-resources.json -f /home/hubert/code/dnb/eda-benchmark/harbor/.venv/lib/python3.13/site-packages/harbor/environments/docker/docker-compose-build.yaml -f /tmp/tmpcwqq5zxk/docker-compose-mounts.json up --detach --wait. Return code: 1. Stdout:  Image cleaning-service__tyyeetk__env-main Building 
#1 [internal] load local bake definitions
#1 reading from stdin 630B done
#1 DONE 0.0s

#2 [1/4] FROM docker.io/library/python:3.11-slim
#2 DONE 0.0s

#3 [2/4] RUN pip install --no-cache-dir pandas numpy scipy scikit-learn
#3 CACHED

#4 [3/4] WORKDIR /app
#4 CACHED

#5 [4/4] COPY dataset/ /app/dataset/
#5 CACHED

#6 [internal] load build definition from Dockerfile
#6 transferring dockerfile: 168B done
#6 DONE 0.0s

#7 [internal] load metadata for docker.io/library/python:3.11-slim
#7 DONE 0.0s

#8 [internal] load .dockerignore
#8 transferring context: 2B done
#8 DONE 0.0s

#9 [internal] load build context
#9 transferring context: 149B done
#9 DONE 0.0s

#10 exporting to image
#10 exporting layers done
#10 writing image sha256:4ab1a2844d48f1e1d69fd1d037f5606c1851fa6d179fb6311f17bdc7beeddf33 0.1s done
#10 naming to docker.io/library/cleaning-service__tyyeetk__env-main
#10 naming to docker.io/library/cleaning-service__tyyeetk__env-main done
#10 DONE 0.1s

#11 resolving provenance for metadata file
#11 DONE 0.0s
 Image cleaning-service__tyyeetk__env-main Built 
 Network cleaning-service__tyyeetk__env_default Creating 
 Network cleaning-service__tyyeetk__env_default Error Error response from daemon: all predefined address pools have been fully subnetted
failed to create network cleaning-service__tyyeetk__env_default: Error response from daemon: all predefined address pools have been fully subnetted
. Stderr: None. 
Skipping image OS validation for hb__df604ebb5e06cc516bb074122c9045b1: docker inspect returned 1
Collecting main service artifacts
Failed to download artifact '/app/answer.json' from service 'main' (best-effort)
Traceback (most recent call last):
  File "/home/hubert/code/dnb/eda-benchmark/harbor/.venv/lib/python3.13/site-packages/harbor/trial/trial.py", line 350, in run
    await self._prepare()
  File "/home/hubert/code/dnb/eda-benchmark/harbor/.venv/lib/python3.13/site-packages/harbor/trial/trial.py", line 379, in _prepare
    await self._setup_agent_environment()
  File "/home/hubert/code/dnb/eda-benchmark/harbor/.venv/lib/python3.13/site-packages/harbor/trial/trial.py", line 1097, in _setup_agent_environment
    await self._start_agent_environment()
  File "/home/hubert/code/dnb/eda-benchmark/harbor/.venv/lib/python3.13/site-packages/harbor/trial/trial.py", line 1103, in _start_agent_environment
    await asyncio.wait_for(
    ...<4 lines>...
    )
  File "/home/hubert/.local/share/uv/python/cpython-3.13.5-linux-x86_64-gnu/lib/python3.13/asyncio/tasks.py", line 507, in wait_for
    return await fut
           ^^^^^^^^^
  File "/home/hubert/code/dnb/eda-benchmark/harbor/.venv/lib/python3.13/site-packages/harbor/environments/docker/docker.py", line 882, in start
    await self._run_docker_compose_command(["up", "--detach", "--wait"])
  File "/home/hubert/code/dnb/eda-benchmark/harbor/.venv/lib/python3.13/site-packages/harbor/environments/docker/docker.py", line 631, in _run_docker_compose_command
    raise RuntimeError(
    ...<5 lines>...
    )
RuntimeError: Docker compose command failed for environment cleaning-service. Command: docker compose --project-name cleaning-service__rxggess__env --project-directory /home/hubert/code/dnb/eda-benchmark/tasks/cleaning-service/environment -f /tmp/tmp31h165o0/cleaning-service__rXgGESs__env-docker-compose-resources.json -f /home/hubert/code/dnb/eda-benchmark/harbor/.venv/lib/python3.13/site-packages/harbor/environments/docker/docker-compose-build.yaml -f /tmp/tmphfqpjmfo/docker-compose-mounts.json up --detach --wait. Return code: 1. Stdout:  Image cleaning-service__rxggess__env-main Building 
#1 [internal] load local bake definitions
#1 reading from stdin 630B done
#1 DONE 0.0s

#2 [internal] load build definition from Dockerfile
#2 transferring dockerfile: 168B done
#2 DONE 0.0s

#3 [internal] load metadata for docker.io/library/python:3.11-slim
#3 DONE 0.0s

#4 [internal] load .dockerignore
#4 transferring context: 2B done
#4 DONE 0.0s

#5 [1/4] FROM docker.io/library/python:3.11-slim
#5 DONE 0.0s

#6 [internal] load build context
#6 transferring context: 149B done
#6 DONE 0.0s

#7 [3/4] WORKDIR /app
#7 CACHED

#8 [2/4] RUN pip install --no-cache-dir pandas numpy scipy scikit-learn
#8 CACHED

#9 [4/4] COPY dataset/ /app/dataset/
#9 CACHED

#10 exporting to image
#10 exporting layers done
#10 writing image sha256:80c49a82a67d1332095d97144b6edba4866bc24edf9628427d0e105e5627ce62 0.1s done
#10 naming to docker.io/library/cleaning-service__rxggess__env-main
#10 naming to docker.io/library/cleaning-service__rxggess__env-main done
#10 DONE 0.1s

#11 resolving provenance for metadata file
#11 DONE 0.0s
 Image cleaning-service__rxggess__env-main Built 
 Network cleaning-service__rxggess__env_default Creating 
 Network cleaning-service__rxggess__env_default Error Error response from daemon: all predefined address pools have been fully subnetted
failed to create network cleaning-service__rxggess__env_default: Error response from daemon: all predefined address pools have been fully subnetted
. Stderr: None. 

During handling of the above exception, another exception occurred:

Traceback (most recent call last):
  File "/home/hubert/code/dnb/eda-benchmark/harbor/.venv/lib/python3.13/site-packages/harbor/trial/artifact_handler.py", line 330, in _download_artifact
    await source_env.service_download_file(
    ...<3 lines>...
    )
  File "/home/hubert/code/dnb/eda-benchmark/harbor/.venv/lib/python3.13/site-packages/harbor/environments/docker/docker.py", line 1025, in service_download_file
    await self.download_file(source_path, target_path)
  File "/home/hubert/code/dnb/eda-benchmark/harbor/.venv/lib/python3.13/site-packages/harbor/environments/docker/docker.py", line 1010, in download_file
    await self._platform.download_file(source_path, target_path)
  File "/home/hubert/code/dnb/eda-benchmark/harbor/.venv/lib/python3.13/site-packages/harbor/environments/docker/docker_unix.py", line 185, in download_file
    await self._env._run_docker_compose_command(
    ...<2 lines>...
    )
  File "/home/hubert/code/dnb/eda-benchmark/harbor/.venv/lib/python3.13/site-packages/harbor/environments/docker/docker.py", line 631, in _run_docker_compose_command
    raise RuntimeError(
    ...<5 lines>...
    )
RuntimeError: Docker compose command failed for environment cleaning-service. Command: docker compose --project-name cleaning-service__rxggess__env --project-directory /home/hubert/code/dnb/eda-benchmark/tasks/cleaning-service/environment -f /tmp/tmp31h165o0/cleaning-service__rXgGESs__env-docker-compose-resources.json -f /home/hubert/code/dnb/eda-benchmark/harbor/.venv/lib/python3.13/site-packages/harbor/environments/docker/docker-compose-build.yaml -f /tmp/tmphfqpjmfo/docker-compose-mounts.json cp main:/app/answer.json results/benchmark-cleaning-service-20260709-181834/cleaning-service__rXgGESs/artifacts/app/answer.json. Return code: 1. Stdout: no container found for service "main"
. Stderr: None. 
Collecting main service artifacts
Trial cleaning-service__StXJskH failed: Docker compose command failed for environment cleaning-service. Command: docker compose --project-name cleaning-service__stxjskh__env --project-directory /home/hubert/code/dnb/eda-benchmark/tasks/cleaning-service/environment -f /tmp/tmp0030k92e/cleaning-service__StXJskH__env-docker-compose-resources.json -f /home/hubert/code/dnb/eda-benchmark/harbor/.venv/lib/python3.13/site-packages/harbor/environments/docker/docker-compose-build.yaml -f /tmp/tmpwwprgk0p/docker-compose-mounts.json up --detach --wait. Return code: 1. Stdout:  Image cleaning-service__stxjskh__env-main Building 
#1 [internal] load local bake definitions
#1 reading from stdin 630B done
#1 DONE 0.0s

#2 [internal] load build definition from Dockerfile
#2 transferring dockerfile: 168B done
#2 DONE 0.0s

#3 [internal] load metadata for docker.io/library/python:3.11-slim
#3 DONE 0.0s

#4 [internal] load .dockerignore
#4 transferring context: 2B done
#4 DONE 0.0s

#5 [1/4] FROM docker.io/library/python:3.11-slim
#5 DONE 0.0s

#6 [internal] load build context
#6 transferring context: 149B done
#6 DONE 0.0s

#7 [2/4] RUN pip install --no-cache-dir pandas numpy scipy scikit-learn
#7 CACHED

#8 [3/4] WORKDIR /app
#8 CACHED

#9 [4/4] COPY dataset/ /app/dataset/
#9 CACHED

#10 exporting to image
#10 exporting layers done
#10 writing image sha256:8f7cc47658e4ce6488a0a938832092fea2152fcd2f33fa309dbd2096fedf92f9 done
#10 naming to docker.io/library/cleaning-service__stxjskh__env-main done
#10 DONE 0.0s

#11 resolving provenance for metadata file
#11 DONE 0.0s
 Image cleaning-service__stxjskh__env-main Built 
 Network cleaning-service__stxjskh__env_default Creating 
 Network cleaning-service__stxjskh__env_default Error Error response from daemon: all predefined address pools have been fully subnetted
failed to create network cleaning-service__stxjskh__env_default: Error response from daemon: all predefined address pools have been fully subnetted
. Stderr: None. 
Failed to download artifact '/app/answer.json' from service 'main' (best-effort)
Traceback (most recent call last):
  File "/home/hubert/code/dnb/eda-benchmark/harbor/.venv/lib/python3.13/site-packages/harbor/trial/trial.py", line 350, in run
    await self._prepare()
  File "/home/hubert/code/dnb/eda-benchmark/harbor/.venv/lib/python3.13/site-packages/harbor/trial/trial.py", line 379, in _prepare
    await self._setup_agent_environment()
  File "/home/hubert/code/dnb/eda-benchmark/harbor/.venv/lib/python3.13/site-packages/harbor/trial/trial.py", line 1097, in _setup_agent_environment
    await self._start_agent_environment()
  File "/home/hubert/code/dnb/eda-benchmark/harbor/.venv/lib/python3.13/site-packages/harbor/trial/trial.py", line 1103, in _start_agent_environment
    await asyncio.wait_for(
    ...<4 lines>...
    )
  File "/home/hubert/.local/share/uv/python/cpython-3.13.5-linux-x86_64-gnu/lib/python3.13/asyncio/tasks.py", line 507, in wait_for
    return await fut
           ^^^^^^^^^
  File "/home/hubert/code/dnb/eda-benchmark/harbor/.venv/lib/python3.13/site-packages/harbor/environments/docker/docker.py", line 882, in start
    await self._run_docker_compose_command(["up", "--detach", "--wait"])
  File "/home/hubert/code/dnb/eda-benchmark/harbor/.venv/lib/python3.13/site-packages/harbor/environments/docker/docker.py", line 631, in _run_docker_compose_command
    raise RuntimeError(
    ...<5 lines>...
    )
RuntimeError: Docker compose command failed for environment cleaning-service. Command: docker compose --project-name cleaning-service__tyyeetk__env --project-directory /home/hubert/code/dnb/eda-benchmark/tasks/cleaning-service/environment -f /tmp/tmpt1smqh5l/cleaning-service__tYyeeTk__env-docker-compose-resources.json -f /home/hubert/code/dnb/eda-benchmark/harbor/.venv/lib/python3.13/site-packages/harbor/environments/docker/docker-compose-build.yaml -f /tmp/tmpcwqq5zxk/docker-compose-mounts.json up --detach --wait. Return code: 1. Stdout:  Image cleaning-service__tyyeetk__env-main Building 
#1 [internal] load local bake definitions
#1 reading from stdin 630B done
#1 DONE 0.0s

#2 [1/4] FROM docker.io/library/python:3.11-slim
#2 DONE 0.0s

#3 [2/4] RUN pip install --no-cache-dir pandas numpy scipy scikit-learn
#3 CACHED

#4 [3/4] WORKDIR /app
#4 CACHED

#5 [4/4] COPY dataset/ /app/dataset/
#5 CACHED

#6 [internal] load build definition from Dockerfile
#6 transferring dockerfile: 168B done
#6 DONE 0.0s

#7 [internal] load metadata for docker.io/library/python:3.11-slim
#7 DONE 0.0s

#8 [internal] load .dockerignore
#8 transferring context: 2B done
#8 DONE 0.0s

#9 [internal] load build context
#9 transferring context: 149B done
#9 DONE 0.0s

#10 exporting to image
#10 exporting layers done
#10 writing image sha256:4ab1a2844d48f1e1d69fd1d037f5606c1851fa6d179fb6311f17bdc7beeddf33 0.1s done
#10 naming to docker.io/library/cleaning-service__tyyeetk__env-main
#10 naming to docker.io/library/cleaning-service__tyyeetk__env-main done
#10 DONE 0.1s

#11 resolving provenance for metadata file
#11 DONE 0.0s
 Image cleaning-service__tyyeetk__env-main Built 
 Network cleaning-service__tyyeetk__env_default Creating 
 Network cleaning-service__tyyeetk__env_default Error Error response from daemon: all predefined address pools have been fully subnetted
failed to create network cleaning-service__tyyeetk__env_default: Error response from daemon: all predefined address pools have been fully subnetted
. Stderr: None. 

During handling of the above exception, another exception occurred:

Traceback (most recent call last):
  File "/home/hubert/code/dnb/eda-benchmark/harbor/.venv/lib/python3.13/site-packages/harbor/trial/artifact_handler.py", line 330, in _download_artifact
    await source_env.service_download_file(
    ...<3 lines>...
    )
  File "/home/hubert/code/dnb/eda-benchmark/harbor/.venv/lib/python3.13/site-packages/harbor/environments/docker/docker.py", line 1025, in service_download_file
    await self.download_file(source_path, target_path)
  File "/home/hubert/code/dnb/eda-benchmark/harbor/.venv/lib/python3.13/site-packages/harbor/environments/docker/docker.py", line 1010, in download_file
    await self._platform.download_file(source_path, target_path)
  File "/home/hubert/code/dnb/eda-benchmark/harbor/.venv/lib/python3.13/site-packages/harbor/environments/docker/docker_unix.py", line 185, in download_file
    await self._env._run_docker_compose_command(
    ...<2 lines>...
    )
  File "/home/hubert/code/dnb/eda-benchmark/harbor/.venv/lib/python3.13/site-packages/harbor/environments/docker/docker.py", line 631, in _run_docker_compose_command
    raise RuntimeError(
    ...<5 lines>...
    )
RuntimeError: Docker compose command failed for environment cleaning-service. Command: docker compose --project-name cleaning-service__tyyeetk__env --project-directory /home/hubert/code/dnb/eda-benchmark/tasks/cleaning-service/environment -f /tmp/tmpt1smqh5l/cleaning-service__tYyeeTk__env-docker-compose-resources.json -f /home/hubert/code/dnb/eda-benchmark/harbor/.venv/lib/python3.13/site-packages/harbor/environments/docker/docker-compose-build.yaml -f /tmp/tmpcwqq5zxk/docker-compose-mounts.json cp main:/app/answer.json results/benchmark-cleaning-service-20260709-181834/cleaning-service__tYyeeTk/artifacts/app/answer.json. Return code: 1. Stdout: no container found for service "main"
. Stderr: None. 
Skipping image OS validation for hb__df604ebb5e06cc516bb074122c9045b1: docker inspect returned 1
Trial cleaning-service__P72VeWF failed: Docker compose command failed for environment cleaning-service. Command: docker compose --project-name cleaning-service__p72vewf__env --project-directory /home/hubert/code/dnb/eda-benchmark/tasks/cleaning-service/environment -f /tmp/tmp09_ceifv/cleaning-service__P72VeWF__env-docker-compose-resources.json -f /home/hubert/code/dnb/eda-benchmark/harbor/.venv/lib/python3.13/site-packages/harbor/environments/docker/docker-compose-build.yaml -f /tmp/tmphefvcbzz/docker-compose-mounts.json up --detach --wait. Return code: 1. Stdout:  Image cleaning-service__p72vewf__env-main Building 
#1 [internal] load local bake definitions
#1 reading from stdin 630B done
#1 DONE 0.0s

#2 [internal] load build definition from Dockerfile
#2 transferring dockerfile: 168B done
#2 DONE 0.0s

#3 [internal] load metadata for docker.io/library/python:3.11-slim
#3 DONE 0.0s

#4 [internal] load .dockerignore
#4 transferring context: 2B done
#4 DONE 0.0s

#5 [1/4] FROM docker.io/library/python:3.11-slim
#5 DONE 0.0s

#6 [internal] load build context
#6 transferring context: 149B done
#6 DONE 0.0s

#7 [3/4] WORKDIR /app
#7 CACHED

#8 [2/4] RUN pip install --no-cache-dir pandas numpy scipy scikit-learn
#8 CACHED

#9 [4/4] COPY dataset/ /app/dataset/
#9 CACHED

#10 exporting to image
#10 exporting layers done
#10 writing image sha256:a752e4c2fa572b1d93555b098bfacbb0995d80035aae1ecb4397ef4f55b6de90 done
#10 naming to docker.io/library/cleaning-service__p72vewf__env-main done
#10 DONE 0.0s

#11 resolving provenance for metadata file
#11 DONE 0.0s
 Image cleaning-service__p72vewf__env-main Built 
 Network cleaning-service__p72vewf__env_default Creating 
 Network cleaning-service__p72vewf__env_default Error Error response from daemon: all predefined address pools have been fully subnetted
failed to create network cleaning-service__p72vewf__env_default: Error response from daemon: all predefined address pools have been fully subnetted
. Stderr: None. 
Collecting main service artifacts
Failed to download artifact '/app/answer.json' from service 'main' (best-effort)
Traceback (most recent call last):
  File "/home/hubert/code/dnb/eda-benchmark/harbor/.venv/lib/python3.13/site-packages/harbor/trial/trial.py", line 350, in run
    await self._prepare()
  File "/home/hubert/code/dnb/eda-benchmark/harbor/.venv/lib/python3.13/site-packages/harbor/trial/trial.py", line 379, in _prepare
    await self._setup_agent_environment()
  File "/home/hubert/code/dnb/eda-benchmark/harbor/.venv/lib/python3.13/site-packages/harbor/trial/trial.py", line 1097, in _setup_agent_environment
    await self._start_agent_environment()
  File "/home/hubert/code/dnb/eda-benchmark/harbor/.venv/lib/python3.13/site-packages/harbor/trial/trial.py", line 1103, in _start_agent_environment
    await asyncio.wait_for(
    ...<4 lines>...
    )
  File "/home/hubert/.local/share/uv/python/cpython-3.13.5-linux-x86_64-gnu/lib/python3.13/asyncio/tasks.py", line 507, in wait_for
    return await fut
           ^^^^^^^^^
  File "/home/hubert/code/dnb/eda-benchmark/harbor/.venv/lib/python3.13/site-packages/harbor/environments/docker/docker.py", line 882, in start
    await self._run_docker_compose_command(["up", "--detach", "--wait"])
  File "/home/hubert/code/dnb/eda-benchmark/harbor/.venv/lib/python3.13/site-packages/harbor/environments/docker/docker.py", line 631, in _run_docker_compose_command
    raise RuntimeError(
    ...<5 lines>...
    )
RuntimeError: Docker compose command failed for environment cleaning-service. Command: docker compose --project-name cleaning-service__stxjskh__env --project-directory /home/hubert/code/dnb/eda-benchmark/tasks/cleaning-service/environment -f /tmp/tmp0030k92e/cleaning-service__StXJskH__env-docker-compose-resources.json -f /home/hubert/code/dnb/eda-benchmark/harbor/.venv/lib/python3.13/site-packages/harbor/environments/docker/docker-compose-build.yaml -f /tmp/tmpwwprgk0p/docker-compose-mounts.json up --detach --wait. Return code: 1. Stdout:  Image cleaning-service__stxjskh__env-main Building 
#1 [internal] load local bake definitions
#1 reading from stdin 630B done
#1 DONE 0.0s

#2 [internal] load build definition from Dockerfile
#2 transferring dockerfile: 168B done
#2 DONE 0.0s

#3 [internal] load metadata for docker.io/library/python:3.11-slim
#3 DONE 0.0s

#4 [internal] load .dockerignore
#4 transferring context: 2B done
#4 DONE 0.0s

#5 [1/4] FROM docker.io/library/python:3.11-slim
#5 DONE 0.0s

#6 [internal] load build context
#6 transferring context: 149B done
#6 DONE 0.0s

#7 [2/4] RUN pip install --no-cache-dir pandas numpy scipy scikit-learn
#7 CACHED

#8 [3/4] WORKDIR /app
#8 CACHED

#9 [4/4] COPY dataset/ /app/dataset/
#9 CACHED

#10 exporting to image
#10 exporting layers done
#10 writing image sha256:8f7cc47658e4ce6488a0a938832092fea2152fcd2f33fa309dbd2096fedf92f9 done
#10 naming to docker.io/library/cleaning-service__stxjskh__env-main done
#10 DONE 0.0s

#11 resolving provenance for metadata file
#11 DONE 0.0s
 Image cleaning-service__stxjskh__env-main Built 
 Network cleaning-service__stxjskh__env_default Creating 
 Network cleaning-service__stxjskh__env_default Error Error response from daemon: all predefined address pools have been fully subnetted
failed to create network cleaning-service__stxjskh__env_default: Error response from daemon: all predefined address pools have been fully subnetted
. Stderr: None. 

During handling of the above exception, another exception occurred:

Traceback (most recent call last):
  File "/home/hubert/code/dnb/eda-benchmark/harbor/.venv/lib/python3.13/site-packages/harbor/trial/artifact_handler.py", line 330, in _download_artifact
    await source_env.service_download_file(
    ...<3 lines>...
    )
  File "/home/hubert/code/dnb/eda-benchmark/harbor/.venv/lib/python3.13/site-packages/harbor/environments/docker/docker.py", line 1025, in service_download_file
    await self.download_file(source_path, target_path)
  File "/home/hubert/code/dnb/eda-benchmark/harbor/.venv/lib/python3.13/site-packages/harbor/environments/docker/docker.py", line 1010, in download_file
    await self._platform.download_file(source_path, target_path)
  File "/home/hubert/code/dnb/eda-benchmark/harbor/.venv/lib/python3.13/site-packages/harbor/environments/docker/docker_unix.py", line 185, in download_file
    await self._env._run_docker_compose_command(
    ...<2 lines>...
    )
  File "/home/hubert/code/dnb/eda-benchmark/harbor/.venv/lib/python3.13/site-packages/harbor/environments/docker/docker.py", line 631, in _run_docker_compose_command
    raise RuntimeError(
    ...<5 lines>...
    )
RuntimeError: Docker compose command failed for environment cleaning-service. Command: docker compose --project-name cleaning-service__stxjskh__env --project-directory /home/hubert/code/dnb/eda-benchmark/tasks/cleaning-service/environment -f /tmp/tmp0030k92e/cleaning-service__StXJskH__env-docker-compose-resources.json -f /home/hubert/code/dnb/eda-benchmark/harbor/.venv/lib/python3.13/site-packages/harbor/environments/docker/docker-compose-build.yaml -f /tmp/tmpwwprgk0p/docker-compose-mounts.json cp main:/app/answer.json results/benchmark-cleaning-service-20260709-181834/cleaning-service__StXJskH/artifacts/app/answer.json. Return code: 1. Stdout: no container found for service "main"
. Stderr: None. 
Collecting main service artifacts
Failed to download artifact '/app/answer.json' from service 'main' (best-effort)
Traceback (most recent call last):
  File "/home/hubert/code/dnb/eda-benchmark/harbor/.venv/lib/python3.13/site-packages/harbor/trial/trial.py", line 350, in run
    await self._prepare()
  File "/home/hubert/code/dnb/eda-benchmark/harbor/.venv/lib/python3.13/site-packages/harbor/trial/trial.py", line 379, in _prepare
    await self._setup_agent_environment()
  File "/home/hubert/code/dnb/eda-benchmark/harbor/.venv/lib/python3.13/site-packages/harbor/trial/trial.py", line 1097, in _setup_agent_environment
    await self._start_agent_environment()
  File "/home/hubert/code/dnb/eda-benchmark/harbor/.venv/lib/python3.13/site-packages/harbor/trial/trial.py", line 1103, in _start_agent_environment
    await asyncio.wait_for(
    ...<4 lines>...
    )
  File "/home/hubert/.local/share/uv/python/cpython-3.13.5-linux-x86_64-gnu/lib/python3.13/asyncio/tasks.py", line 507, in wait_for
    return await fut
           ^^^^^^^^^
  File "/home/hubert/code/dnb/eda-benchmark/harbor/.venv/lib/python3.13/site-packages/harbor/environments/docker/docker.py", line 882, in start
    await self._run_docker_compose_command(["up", "--detach", "--wait"])
  File "/home/hubert/code/dnb/eda-benchmark/harbor/.venv/lib/python3.13/site-packages/harbor/environments/docker/docker.py", line 631, in _run_docker_compose_command
    raise RuntimeError(
    ...<5 lines>...
    )
RuntimeError: Docker compose command failed for environment cleaning-service. Command: docker compose --project-name cleaning-service__p72vewf__env --project-directory /home/hubert/code/dnb/eda-benchmark/tasks/cleaning-service/environment -f /tmp/tmp09_ceifv/cleaning-service__P72VeWF__env-docker-compose-resources.json -f /home/hubert/code/dnb/eda-benchmark/harbor/.venv/lib/python3.13/site-packages/harbor/environments/docker/docker-compose-build.yaml -f /tmp/tmphefvcbzz/docker-compose-mounts.json up --detach --wait. Return code: 1. Stdout:  Image cleaning-service__p72vewf__env-main Building 
#1 [internal] load local bake definitions
#1 reading from stdin 630B done
#1 DONE 0.0s

#2 [internal] load build definition from Dockerfile
#2 transferring dockerfile: 168B done
#2 DONE 0.0s

#3 [internal] load metadata for docker.io/library/python:3.11-slim
#3 DONE 0.0s

#4 [internal] load .dockerignore
#4 transferring context: 2B done
#4 DONE 0.0s

#5 [1/4] FROM docker.io/library/python:3.11-slim
#5 DONE 0.0s

#6 [internal] load build context
#6 transferring context: 149B done
#6 DONE 0.0s

#7 [3/4] WORKDIR /app
#7 CACHED

#8 [2/4] RUN pip install --no-cache-dir pandas numpy scipy scikit-learn
#8 CACHED

#9 [4/4] COPY dataset/ /app/dataset/
#9 CACHED

#10 exporting to image
#10 exporting layers done
#10 writing image sha256:a752e4c2fa572b1d93555b098bfacbb0995d80035aae1ecb4397ef4f55b6de90 done
#10 naming to docker.io/library/cleaning-service__p72vewf__env-main done
#10 DONE 0.0s

#11 resolving provenance for metadata file
#11 DONE 0.0s
 Image cleaning-service__p72vewf__env-main Built 
 Network cleaning-service__p72vewf__env_default Creating 
 Network cleaning-service__p72vewf__env_default Error Error response from daemon: all predefined address pools have been fully subnetted
failed to create network cleaning-service__p72vewf__env_default: Error response from daemon: all predefined address pools have been fully subnetted
. Stderr: None. 

During handling of the above exception, another exception occurred:

Traceback (most recent call last):
  File "/home/hubert/code/dnb/eda-benchmark/harbor/.venv/lib/python3.13/site-packages/harbor/trial/artifact_handler.py", line 330, in _download_artifact
    await source_env.service_download_file(
    ...<3 lines>...
    )
  File "/home/hubert/code/dnb/eda-benchmark/harbor/.venv/lib/python3.13/site-packages/harbor/environments/docker/docker.py", line 1025, in service_download_file
    await self.download_file(source_path, target_path)
  File "/home/hubert/code/dnb/eda-benchmark/harbor/.venv/lib/python3.13/site-packages/harbor/environments/docker/docker.py", line 1010, in download_file
    await self._platform.download_file(source_path, target_path)
  File "/home/hubert/code/dnb/eda-benchmark/harbor/.venv/lib/python3.13/site-packages/harbor/environments/docker/docker_unix.py", line 185, in download_file
    await self._env._run_docker_compose_command(
    ...<2 lines>...
    )
  File "/home/hubert/code/dnb/eda-benchmark/harbor/.venv/lib/python3.13/site-packages/harbor/environments/docker/docker.py", line 631, in _run_docker_compose_command
    raise RuntimeError(
    ...<5 lines>...
    )
RuntimeError: Docker compose command failed for environment cleaning-service. Command: docker compose --project-name cleaning-service__p72vewf__env --project-directory /home/hubert/code/dnb/eda-benchmark/tasks/cleaning-service/environment -f /tmp/tmp09_ceifv/cleaning-service__P72VeWF__env-docker-compose-resources.json -f /home/hubert/code/dnb/eda-benchmark/harbor/.venv/lib/python3.13/site-packages/harbor/environments/docker/docker-compose-build.yaml -f /tmp/tmphefvcbzz/docker-compose-mounts.json cp main:/app/answer.json results/benchmark-cleaning-service-20260709-181834/cleaning-service__P72VeWF/artifacts/app/answer.json. Return code: 1. Stdout: no container found for service "main"
. Stderr: None. 
Not retrying trial because the maximum number of retries has been reached
Skipping image OS validation for hb__df604ebb5e06cc516bb074122c9045b1: docker inspect returned 1
Trial cleaning-service__GerF838 failed: Docker compose command failed for environment cleaning-service. Command: docker compose --project-name cleaning-service__gerf838__env --project-directory /home/hubert/code/dnb/eda-benchmark/tasks/cleaning-service/environment -f /tmp/tmpzsbauq40/cleaning-service__GerF838__env-docker-compose-resources.json -f /home/hubert/code/dnb/eda-benchmark/harbor/.venv/lib/python3.13/site-packages/harbor/environments/docker/docker-compose-build.yaml -f /tmp/tmpgzyjie5s/docker-compose-mounts.json up --detach --wait. Return code: 1. Stdout:  Image cleaning-service__gerf838__env-main Building 
#1 [internal] load local bake definitions
#1 reading from stdin 630B done
#1 DONE 0.0s

#2 [internal] load build definition from Dockerfile
#2 transferring dockerfile: 168B done
#2 DONE 0.0s

#3 [internal] load metadata for docker.io/library/python:3.11-slim
#3 DONE 0.0s

#4 [internal] load .dockerignore
#4 transferring context: 2B done
#4 DONE 0.0s

#5 [1/4] FROM docker.io/library/python:3.11-slim
#5 DONE 0.0s

#6 [3/4] WORKDIR /app
#6 CACHED

#7 [2/4] RUN pip install --no-cache-dir pandas numpy scipy scikit-learn
#7 CACHED

#8 [4/4] COPY dataset/ /app/dataset/
#8 CACHED

#9 [internal] load build context
#9 transferring context: 149B done
#9 DONE 0.0s

#10 exporting to image
#10 exporting layers done
#10 writing image sha256:abde729cb825afbab7dc8f064a123cd286753313f80e330e3ecd8961d6fa45b1
#10 writing image sha256:abde729cb825afbab7dc8f064a123cd286753313f80e330e3ecd8961d6fa45b1 0.3s done
#10 naming to docker.io/library/cleaning-service__gerf838__env-main
#10 naming to docker.io/library/cleaning-service__gerf838__env-main done
#10 DONE 0.3s

#11 resolving provenance for metadata file
#11 DONE 0.0s
 Image cleaning-service__gerf838__env-main Built 
 Network cleaning-service__gerf838__env_default Creating 
 Network cleaning-service__gerf838__env_default Error Error response from daemon: all predefined address pools have been fully subnetted
failed to create network cleaning-service__gerf838__env_default: Error response from daemon: all predefined address pools have been fully subnetted
. Stderr: None. 
Not retrying trial because the maximum number of retries has been reached
Not retrying trial because the maximum number of retries has been reached
Trial cleaning-service__uibb7vE failed: Docker compose command failed for environment cleaning-service. Command: docker compose --project-name cleaning-service__uibb7ve__env --project-directory /home/hubert/code/dnb/eda-benchmark/tasks/cleaning-service/environment -f /tmp/tmpuufh12e1/cleaning-service__uibb7vE__env-docker-compose-resources.json -f /home/hubert/code/dnb/eda-benchmark/harbor/.venv/lib/python3.13/site-packages/harbor/environments/docker/docker-compose-build.yaml -f /tmp/tmpd3ikbso7/docker-compose-mounts.json up --detach --wait. Return code: 1. Stdout:  Image cleaning-service__uibb7ve__env-main Building 
#1 [internal] load local bake definitions
#1 reading from stdin 630B done
#1 DONE 0.0s

#2 [1/4] FROM docker.io/library/python:3.11-slim
#2 DONE 0.0s

#3 [3/4] WORKDIR /app
#3 CACHED

#4 [2/4] RUN pip install --no-cache-dir pandas numpy scipy scikit-learn
#4 CACHED

#5 [4/4] COPY dataset/ /app/dataset/
#5 CACHED

#6 [internal] load build definition from Dockerfile
#6 transferring dockerfile: 168B done
#6 DONE 0.0s

#7 [internal] load metadata for docker.io/library/python:3.11-slim
#7 DONE 0.0s

#8 [internal] load .dockerignore
#8 transferring context: 2B done
#8 DONE 0.0s

#9 [internal] load build context
#9 transferring context: 149B done
#9 DONE 0.0s

#10 exporting to image
#10 exporting layers done
#10 writing image sha256:36ce5d85c477d83ea3d7ed41ca0204b286facfa41d85efb4b51e0107513da2b2 done
#10 naming to docker.io/library/cleaning-service__uibb7ve__env-main done
#10 DONE 0.0s

#11 resolving provenance for metadata file
#11 DONE 0.0s
 Image cleaning-service__uibb7ve__env-main Built 
 Network cleaning-service__uibb7ve__env_default Creating 
 Network cleaning-service__uibb7ve__env_default Error Error response from daemon: all predefined address pools have been fully subnetted
failed to create network cleaning-service__uibb7ve__env_default: Error response from daemon: all predefined address pools have been fully subnetted
. Stderr: None. 
Not retrying trial because the maximum number of retries has been reached
Skipping image OS validation for hb__df604ebb5e06cc516bb074122c9045b1: docker inspect returned 1
Collecting main service artifacts
Collecting main service artifacts
Failed to download artifact '/app/answer.json' from service 'main' (best-effort)
Traceback (most recent call last):
  File "/home/hubert/code/dnb/eda-benchmark/harbor/.venv/lib/python3.13/site-packages/harbor/trial/trial.py", line 350, in run
    await self._prepare()
  File "/home/hubert/code/dnb/eda-benchmark/harbor/.venv/lib/python3.13/site-packages/harbor/trial/trial.py", line 379, in _prepare
    await self._setup_agent_environment()
  File "/home/hubert/code/dnb/eda-benchmark/harbor/.venv/lib/python3.13/site-packages/harbor/trial/trial.py", line 1097, in _setup_agent_environment
    await self._start_agent_environment()
  File "/home/hubert/code/dnb/eda-benchmark/harbor/.venv/lib/python3.13/site-packages/harbor/trial/trial.py", line 1103, in _start_agent_environment
    await asyncio.wait_for(
    ...<4 lines>...
    )
  File "/home/hubert/.local/share/uv/python/cpython-3.13.5-linux-x86_64-gnu/lib/python3.13/asyncio/tasks.py", line 507, in wait_for
    return await fut
           ^^^^^^^^^
  File "/home/hubert/code/dnb/eda-benchmark/harbor/.venv/lib/python3.13/site-packages/harbor/environments/docker/docker.py", line 882, in start
    await self._run_docker_compose_command(["up", "--detach", "--wait"])
  File "/home/hubert/code/dnb/eda-benchmark/harbor/.venv/lib/python3.13/site-packages/harbor/environments/docker/docker.py", line 631, in _run_docker_compose_command
    raise RuntimeError(
    ...<5 lines>...
    )
RuntimeError: Docker compose command failed for environment cleaning-service. Command: docker compose --project-name cleaning-service__gerf838__env --project-directory /home/hubert/code/dnb/eda-benchmark/tasks/cleaning-service/environment -f /tmp/tmpzsbauq40/cleaning-service__GerF838__env-docker-compose-resources.json -f /home/hubert/code/dnb/eda-benchmark/harbor/.venv/lib/python3.13/site-packages/harbor/environments/docker/docker-compose-build.yaml -f /tmp/tmpgzyjie5s/docker-compose-mounts.json up --detach --wait. Return code: 1. Stdout:  Image cleaning-service__gerf838__env-main Building 
#1 [internal] load local bake definitions
#1 reading from stdin 630B done
#1 DONE 0.0s

#2 [internal] load build definition from Dockerfile
#2 transferring dockerfile: 168B done
#2 DONE 0.0s

#3 [internal] load metadata for docker.io/library/python:3.11-slim
#3 DONE 0.0s

#4 [internal] load .dockerignore
#4 transferring context: 2B done
#4 DONE 0.0s

#5 [1/4] FROM docker.io/library/python:3.11-slim
#5 DONE 0.0s

#6 [3/4] WORKDIR /app
#6 CACHED

#7 [2/4] RUN pip install --no-cache-dir pandas numpy scipy scikit-learn
#7 CACHED

#8 [4/4] COPY dataset/ /app/dataset/
#8 CACHED

#9 [internal] load build context
#9 transferring context: 149B done
#9 DONE 0.0s

#10 exporting to image
#10 exporting layers done
#10 writing image sha256:abde729cb825afbab7dc8f064a123cd286753313f80e330e3ecd8961d6fa45b1
#10 writing image sha256:abde729cb825afbab7dc8f064a123cd286753313f80e330e3ecd8961d6fa45b1 0.3s done
#10 naming to docker.io/library/cleaning-service__gerf838__env-main
#10 naming to docker.io/library/cleaning-service__gerf838__env-main done
#10 DONE 0.3s

#11 resolving provenance for metadata file
#11 DONE 0.0s
 Image cleaning-service__gerf838__env-main Built 
 Network cleaning-service__gerf838__env_default Creating 
 Network cleaning-service__gerf838__env_default Error Error response from daemon: all predefined address pools have been fully subnetted
failed to create network cleaning-service__gerf838__env_default: Error response from daemon: all predefined address pools have been fully subnetted
. Stderr: None. 

During handling of the above exception, another exception occurred:

Traceback (most recent call last):
  File "/home/hubert/code/dnb/eda-benchmark/harbor/.venv/lib/python3.13/site-packages/harbor/trial/artifact_handler.py", line 330, in _download_artifact
    await source_env.service_download_file(
    ...<3 lines>...
    )
  File "/home/hubert/code/dnb/eda-benchmark/harbor/.venv/lib/python3.13/site-packages/harbor/environments/docker/docker.py", line 1025, in service_download_file
    await self.download_file(source_path, target_path)
  File "/home/hubert/code/dnb/eda-benchmark/harbor/.venv/lib/python3.13/site-packages/harbor/environments/docker/docker.py", line 1010, in download_file
    await self._platform.download_file(source_path, target_path)
  File "/home/hubert/code/dnb/eda-benchmark/harbor/.venv/lib/python3.13/site-packages/harbor/environments/docker/docker_unix.py", line 185, in download_file
    await self._env._run_docker_compose_command(
    ...<2 lines>...
    )
  File "/home/hubert/code/dnb/eda-benchmark/harbor/.venv/lib/python3.13/site-packages/harbor/environments/docker/docker.py", line 631, in _run_docker_compose_command
    raise RuntimeError(
    ...<5 lines>...
    )
RuntimeError: Docker compose command failed for environment cleaning-service. Command: docker compose --project-name cleaning-service__gerf838__env --project-directory /home/hubert/code/dnb/eda-benchmark/tasks/cleaning-service/environment -f /tmp/tmpzsbauq40/cleaning-service__GerF838__env-docker-compose-resources.json -f /home/hubert/code/dnb/eda-benchmark/harbor/.venv/lib/python3.13/site-packages/harbor/environments/docker/docker-compose-build.yaml -f /tmp/tmpgzyjie5s/docker-compose-mounts.json cp main:/app/answer.json results/benchmark-cleaning-service-20260709-181834/cleaning-service__GerF838/artifacts/app/answer.json. Return code: 1. Stdout: no container found for service "main"
. Stderr: None. 
Failed to download artifact '/app/answer.json' from service 'main' (best-effort)
Traceback (most recent call last):
  File "/home/hubert/code/dnb/eda-benchmark/harbor/.venv/lib/python3.13/site-packages/harbor/trial/trial.py", line 350, in run
    await self._prepare()
  File "/home/hubert/code/dnb/eda-benchmark/harbor/.venv/lib/python3.13/site-packages/harbor/trial/trial.py", line 379, in _prepare
    await self._setup_agent_environment()
  File "/home/hubert/code/dnb/eda-benchmark/harbor/.venv/lib/python3.13/site-packages/harbor/trial/trial.py", line 1097, in _setup_agent_environment
    await self._start_agent_environment()
  File "/home/hubert/code/dnb/eda-benchmark/harbor/.venv/lib/python3.13/site-packages/harbor/trial/trial.py", line 1103, in _start_agent_environment
    await asyncio.wait_for(
    ...<4 lines>...
    )
  File "/home/hubert/.local/share/uv/python/cpython-3.13.5-linux-x86_64-gnu/lib/python3.13/asyncio/tasks.py", line 507, in wait_for
    return await fut
           ^^^^^^^^^
  File "/home/hubert/code/dnb/eda-benchmark/harbor/.venv/lib/python3.13/site-packages/harbor/environments/docker/docker.py", line 882, in start
    await self._run_docker_compose_command(["up", "--detach", "--wait"])
  File "/home/hubert/code/dnb/eda-benchmark/harbor/.venv/lib/python3.13/site-packages/harbor/environments/docker/docker.py", line 631, in _run_docker_compose_command
    raise RuntimeError(
    ...<5 lines>...
    )
RuntimeError: Docker compose command failed for environment cleaning-service. Command: docker compose --project-name cleaning-service__uibb7ve__env --project-directory /home/hubert/code/dnb/eda-benchmark/tasks/cleaning-service/environment -f /tmp/tmpuufh12e1/cleaning-service__uibb7vE__env-docker-compose-resources.json -f /home/hubert/code/dnb/eda-benchmark/harbor/.venv/lib/python3.13/site-packages/harbor/environments/docker/docker-compose-build.yaml -f /tmp/tmpd3ikbso7/docker-compose-mounts.json up --detach --wait. Return code: 1. Stdout:  Image cleaning-service__uibb7ve__env-main Building 
#1 [internal] load local bake definitions
#1 reading from stdin 630B done
#1 DONE 0.0s

#2 [1/4] FROM docker.io/library/python:3.11-slim
#2 DONE 0.0s

#3 [3/4] WORKDIR /app
#3 CACHED

#4 [2/4] RUN pip install --no-cache-dir pandas numpy scipy scikit-learn
#4 CACHED

#5 [4/4] COPY dataset/ /app/dataset/
#5 CACHED

#6 [internal] load build definition from Dockerfile
#6 transferring dockerfile: 168B done
#6 DONE 0.0s

#7 [internal] load metadata for docker.io/library/python:3.11-slim
#7 DONE 0.0s

#8 [internal] load .dockerignore
#8 transferring context: 2B done
#8 DONE 0.0s

#9 [internal] load build context
#9 transferring context: 149B done
#9 DONE 0.0s

#10 exporting to image
#10 exporting layers done
#10 writing image sha256:36ce5d85c477d83ea3d7ed41ca0204b286facfa41d85efb4b51e0107513da2b2 done
#10 naming to docker.io/library/cleaning-service__uibb7ve__env-main done
#10 DONE 0.0s

#11 resolving provenance for metadata file
#11 DONE 0.0s
 Image cleaning-service__uibb7ve__env-main Built 
 Network cleaning-service__uibb7ve__env_default Creating 
 Network cleaning-service__uibb7ve__env_default Error Error response from daemon: all predefined address pools have been fully subnetted
failed to create network cleaning-service__uibb7ve__env_default: Error response from daemon: all predefined address pools have been fully subnetted
. Stderr: None. 

During handling of the above exception, another exception occurred:

Traceback (most recent call last):
  File "/home/hubert/code/dnb/eda-benchmark/harbor/.venv/lib/python3.13/site-packages/harbor/trial/artifact_handler.py", line 330, in _download_artifact
    await source_env.service_download_file(
    ...<3 lines>...
    )
  File "/home/hubert/code/dnb/eda-benchmark/harbor/.venv/lib/python3.13/site-packages/harbor/environments/docker/docker.py", line 1025, in service_download_file
    await self.download_file(source_path, target_path)
  File "/home/hubert/code/dnb/eda-benchmark/harbor/.venv/lib/python3.13/site-packages/harbor/environments/docker/docker.py", line 1010, in download_file
    await self._platform.download_file(source_path, target_path)
  File "/home/hubert/code/dnb/eda-benchmark/harbor/.venv/lib/python3.13/site-packages/harbor/environments/docker/docker_unix.py", line 185, in download_file
    await self._env._run_docker_compose_command(
    ...<2 lines>...
    )
  File "/home/hubert/code/dnb/eda-benchmark/harbor/.venv/lib/python3.13/site-packages/harbor/environments/docker/docker.py", line 631, in _run_docker_compose_command
    raise RuntimeError(
    ...<5 lines>...
    )
RuntimeError: Docker compose command failed for environment cleaning-service. Command: docker compose --project-name cleaning-service__uibb7ve__env --project-directory /home/hubert/code/dnb/eda-benchmark/tasks/cleaning-service/environment -f /tmp/tmpuufh12e1/cleaning-service__uibb7vE__env-docker-compose-resources.json -f /home/hubert/code/dnb/eda-benchmark/harbor/.venv/lib/python3.13/site-packages/harbor/environments/docker/docker-compose-build.yaml -f /tmp/tmpd3ikbso7/docker-compose-mounts.json cp main:/app/answer.json results/benchmark-cleaning-service-20260709-181834/cleaning-service__uibb7vE/artifacts/app/answer.json. Return code: 1. Stdout: no container found for service "main"
. Stderr: None. 
Skipping image OS validation for hb__df604ebb5e06cc516bb074122c9045b1: docker inspect returned 1
Trial cleaning-service__NNm9R58 failed: Docker compose command failed for environment cleaning-service. Command: docker compose --project-name cleaning-service__nnm9r58__env --project-directory /home/hubert/code/dnb/eda-benchmark/tasks/cleaning-service/environment -f /tmp/tmpnan9pxj6/cleaning-service__NNm9R58__env-docker-compose-resources.json -f /home/hubert/code/dnb/eda-benchmark/harbor/.venv/lib/python3.13/site-packages/harbor/environments/docker/docker-compose-build.yaml -f /tmp/tmplpdzy9tv/docker-compose-mounts.json up --detach --wait. Return code: 1. Stdout:  Image cleaning-service__nnm9r58__env-main Building 
#1 [internal] load local bake definitions
#1 reading from stdin 630B done
#1 DONE 0.0s

#2 [internal] load build definition from Dockerfile
#2 transferring dockerfile: 168B done
#2 DONE 0.0s

#3 [internal] load metadata for docker.io/library/python:3.11-slim
#3 DONE 0.0s

#4 [internal] load .dockerignore
#4 transferring context: 2B done
#4 DONE 0.0s

#5 [1/4] FROM docker.io/library/python:3.11-slim
#5 DONE 0.0s

#6 [internal] load build context
#6 transferring context: 149B done
#6 DONE 0.0s

#7 [2/4] RUN pip install --no-cache-dir pandas numpy scipy scikit-learn
#7 CACHED

#8 [3/4] WORKDIR /app
#8 CACHED

#9 [4/4] COPY dataset/ /app/dataset/
#9 CACHED

#10 exporting to image
#10 exporting layers done
#10 writing image sha256:9d635e3f74802db02ff7e96f471cf691d146be5dd3c89b95b64c46c9f522fc68 done
#10 naming to docker.io/library/cleaning-service__nnm9r58__env-main done
#10 DONE 0.0s

#11 resolving provenance for metadata file
#11 DONE 0.0s
 Image cleaning-service__nnm9r58__env-main Built 
 Network cleaning-service__nnm9r58__env_default Creating 
 Network cleaning-service__nnm9r58__env_default Error Error response from daemon: all predefined address pools have been fully subnetted
failed to create network cleaning-service__nnm9r58__env_default: Error response from daemon: all predefined address pools have been fully subnetted
. Stderr: None. 
Collecting main service artifacts
Failed to download artifact '/app/answer.json' from service 'main' (best-effort)
Traceback (most recent call last):
  File "/home/hubert/code/dnb/eda-benchmark/harbor/.venv/lib/python3.13/site-packages/harbor/trial/trial.py", line 350, in run
    await self._prepare()
  File "/home/hubert/code/dnb/eda-benchmark/harbor/.venv/lib/python3.13/site-packages/harbor/trial/trial.py", line 379, in _prepare
    await self._setup_agent_environment()
  File "/home/hubert/code/dnb/eda-benchmark/harbor/.venv/lib/python3.13/site-packages/harbor/trial/trial.py", line 1097, in _setup_agent_environment
    await self._start_agent_environment()
  File "/home/hubert/code/dnb/eda-benchmark/harbor/.venv/lib/python3.13/site-packages/harbor/trial/trial.py", line 1103, in _start_agent_environment
    await asyncio.wait_for(
    ...<4 lines>...
    )
  File "/home/hubert/.local/share/uv/python/cpython-3.13.5-linux-x86_64-gnu/lib/python3.13/asyncio/tasks.py", line 507, in wait_for
    return await fut
           ^^^^^^^^^
  File "/home/hubert/code/dnb/eda-benchmark/harbor/.venv/lib/python3.13/site-packages/harbor/environments/docker/docker.py", line 882, in start
    await self._run_docker_compose_command(["up", "--detach", "--wait"])
  File "/home/hubert/code/dnb/eda-benchmark/harbor/.venv/lib/python3.13/site-packages/harbor/environments/docker/docker.py", line 631, in _run_docker_compose_command
    raise RuntimeError(
    ...<5 lines>...
    )
RuntimeError: Docker compose command failed for environment cleaning-service. Command: docker compose --project-name cleaning-service__nnm9r58__env --project-directory /home/hubert/code/dnb/eda-benchmark/tasks/cleaning-service/environment -f /tmp/tmpnan9pxj6/cleaning-service__NNm9R58__env-docker-compose-resources.json -f /home/hubert/code/dnb/eda-benchmark/harbor/.venv/lib/python3.13/site-packages/harbor/environments/docker/docker-compose-build.yaml -f /tmp/tmplpdzy9tv/docker-compose-mounts.json up --detach --wait. Return code: 1. Stdout:  Image cleaning-service__nnm9r58__env-main Building 
#1 [internal] load local bake definitions
#1 reading from stdin 630B done
#1 DONE 0.0s

#2 [internal] load build definition from Dockerfile
#2 transferring dockerfile: 168B done
#2 DONE 0.0s

#3 [internal] load metadata for docker.io/library/python:3.11-slim
#3 DONE 0.0s

#4 [internal] load .dockerignore
#4 transferring context: 2B done
#4 DONE 0.0s

#5 [1/4] FROM docker.io/library/python:3.11-slim
#5 DONE 0.0s

#6 [internal] load build context
#6 transferring context: 149B done
#6 DONE 0.0s

#7 [2/4] RUN pip install --no-cache-dir pandas numpy scipy scikit-learn
#7 CACHED

#8 [3/4] WORKDIR /app
#8 CACHED

#9 [4/4] COPY dataset/ /app/dataset/
#9 CACHED

#10 exporting to image
#10 exporting layers done
#10 writing image sha256:9d635e3f74802db02ff7e96f471cf691d146be5dd3c89b95b64c46c9f522fc68 done
#10 naming to docker.io/library/cleaning-service__nnm9r58__env-main done
#10 DONE 0.0s

#11 resolving provenance for metadata file
#11 DONE 0.0s
 Image cleaning-service__nnm9r58__env-main Built 
 Network cleaning-service__nnm9r58__env_default Creating 
 Network cleaning-service__nnm9r58__env_default Error Error response from daemon: all predefined address pools have been fully subnetted
failed to create network cleaning-service__nnm9r58__env_default: Error response from daemon: all predefined address pools have been fully subnetted
. Stderr: None. 

During handling of the above exception, another exception occurred:

Traceback (most recent call last):
  File "/home/hubert/code/dnb/eda-benchmark/harbor/.venv/lib/python3.13/site-packages/harbor/trial/artifact_handler.py", line 330, in _download_artifact
    await source_env.service_download_file(
    ...<3 lines>...
    )
  File "/home/hubert/code/dnb/eda-benchmark/harbor/.venv/lib/python3.13/site-packages/harbor/environments/docker/docker.py", line 1025, in service_download_file
    await self.download_file(source_path, target_path)
  File "/home/hubert/code/dnb/eda-benchmark/harbor/.venv/lib/python3.13/site-packages/harbor/environments/docker/docker.py", line 1010, in download_file
    await self._platform.download_file(source_path, target_path)
  File "/home/hubert/code/dnb/eda-benchmark/harbor/.venv/lib/python3.13/site-packages/harbor/environments/docker/docker_unix.py", line 185, in download_file
    await self._env._run_docker_compose_command(
    ...<2 lines>...
    )
  File "/home/hubert/code/dnb/eda-benchmark/harbor/.venv/lib/python3.13/site-packages/harbor/environments/docker/docker.py", line 631, in _run_docker_compose_command
    raise RuntimeError(
    ...<5 lines>...
    )
RuntimeError: Docker compose command failed for environment cleaning-service. Command: docker compose --project-name cleaning-service__nnm9r58__env --project-directory /home/hubert/code/dnb/eda-benchmark/tasks/cleaning-service/environment -f /tmp/tmpnan9pxj6/cleaning-service__NNm9R58__env-docker-compose-resources.json -f /home/hubert/code/dnb/eda-benchmark/harbor/.venv/lib/python3.13/site-packages/harbor/environments/docker/docker-compose-build.yaml -f /tmp/tmplpdzy9tv/docker-compose-mounts.json cp main:/app/answer.json results/benchmark-cleaning-service-20260709-181834/cleaning-service__NNm9R58/artifacts/app/answer.json. Return code: 1. Stdout: no container found for service "main"
. Stderr: None. 
Not retrying trial because the maximum number of retries has been reached
Not retrying trial because the maximum number of retries has been reached
Trial cleaning-service__ykRFkuA failed: Docker compose command failed for environment cleaning-service. Command: docker compose --project-name cleaning-service__ykrfkua__env --project-directory /home/hubert/code/dnb/eda-benchmark/tasks/cleaning-service/environment -f /tmp/tmpao41sc6t/cleaning-service__ykRFkuA__env-docker-compose-resources.json -f /home/hubert/code/dnb/eda-benchmark/harbor/.venv/lib/python3.13/site-packages/harbor/environments/docker/docker-compose-build.yaml -f /tmp/tmpmtqzkmrr/docker-compose-mounts.json up --detach --wait. Return code: 1. Stdout:  Image cleaning-service__ykrfkua__env-main Building 
#1 [internal] load local bake definitions
#1 reading from stdin 630B done
#1 DONE 0.0s

#2 [internal] load build definition from Dockerfile
#2 transferring dockerfile: 168B done
#2 DONE 0.0s

#3 [1/4] FROM docker.io/library/python:3.11-slim
#3 DONE 0.0s

#4 [2/4] RUN pip install --no-cache-dir pandas numpy scipy scikit-learn
#4 CACHED

#5 [3/4] WORKDIR /app
#5 CACHED

#6 [4/4] COPY dataset/ /app/dataset/
#6 CACHED

#7 [internal] load metadata for docker.io/library/python:3.11-slim
#7 DONE 0.0s

#8 [internal] load .dockerignore
#8 transferring context: 2B done
#8 DONE 0.0s

#9 [internal] load build context
#9 transferring context: 149B done
#9 DONE 0.0s

#10 exporting to image
#10 exporting layers done
#10 writing image sha256:d65ab964914db5b9308a1750fead023a5d6c419d25740a226d7fd7c50eaa49fc done
#10 naming to docker.io/library/cleaning-service__ykrfkua__env-main done
#10 DONE 0.0s

#11 resolving provenance for metadata file
#11 DONE 0.0s
 Image cleaning-service__ykrfkua__env-main Built 
 Network cleaning-service__ykrfkua__env_default Creating 
 Network cleaning-service__ykrfkua__env_default Error Error response from daemon: all predefined address pools have been fully subnetted
failed to create network cleaning-service__ykrfkua__env_default: Error response from daemon: all predefined address pools have been fully subnetted
. Stderr: None. 
Skipping image OS validation for hb__df604ebb5e06cc516bb074122c9045b1: docker inspect returned 1
Collecting main service artifacts
Failed to download artifact '/app/answer.json' from service 'main' (best-effort)
Traceback (most recent call last):
  File "/home/hubert/code/dnb/eda-benchmark/harbor/.venv/lib/python3.13/site-packages/harbor/trial/trial.py", line 350, in run
    await self._prepare()
  File "/home/hubert/code/dnb/eda-benchmark/harbor/.venv/lib/python3.13/site-packages/harbor/trial/trial.py", line 379, in _prepare
    await self._setup_agent_environment()
  File "/home/hubert/code/dnb/eda-benchmark/harbor/.venv/lib/python3.13/site-packages/harbor/trial/trial.py", line 1097, in _setup_agent_environment
    await self._start_agent_environment()
  File "/home/hubert/code/dnb/eda-benchmark/harbor/.venv/lib/python3.13/site-packages/harbor/trial/trial.py", line 1103, in _start_agent_environment
    await asyncio.wait_for(
    ...<4 lines>...
    )
  File "/home/hubert/.local/share/uv/python/cpython-3.13.5-linux-x86_64-gnu/lib/python3.13/asyncio/tasks.py", line 507, in wait_for
    return await fut
           ^^^^^^^^^
  File "/home/hubert/code/dnb/eda-benchmark/harbor/.venv/lib/python3.13/site-packages/harbor/environments/docker/docker.py", line 882, in start
    await self._run_docker_compose_command(["up", "--detach", "--wait"])
  File "/home/hubert/code/dnb/eda-benchmark/harbor/.venv/lib/python3.13/site-packages/harbor/environments/docker/docker.py", line 631, in _run_docker_compose_command
    raise RuntimeError(
    ...<5 lines>...
    )
RuntimeError: Docker compose command failed for environment cleaning-service. Command: docker compose --project-name cleaning-service__ykrfkua__env --project-directory /home/hubert/code/dnb/eda-benchmark/tasks/cleaning-service/environment -f /tmp/tmpao41sc6t/cleaning-service__ykRFkuA__env-docker-compose-resources.json -f /home/hubert/code/dnb/eda-benchmark/harbor/.venv/lib/python3.13/site-packages/harbor/environments/docker/docker-compose-build.yaml -f /tmp/tmpmtqzkmrr/docker-compose-mounts.json up --detach --wait. Return code: 1. Stdout:  Image cleaning-service__ykrfkua__env-main Building 
#1 [internal] load local bake definitions
#1 reading from stdin 630B done
#1 DONE 0.0s

#2 [internal] load build definition from Dockerfile
#2 transferring dockerfile: 168B done
#2 DONE 0.0s

#3 [1/4] FROM docker.io/library/python:3.11-slim
#3 DONE 0.0s

#4 [2/4] RUN pip install --no-cache-dir pandas numpy scipy scikit-learn
#4 CACHED

#5 [3/4] WORKDIR /app
#5 CACHED

#6 [4/4] COPY dataset/ /app/dataset/
#6 CACHED

#7 [internal] load metadata for docker.io/library/python:3.11-slim
#7 DONE 0.0s

#8 [internal] load .dockerignore
#8 transferring context: 2B done
#8 DONE 0.0s

#9 [internal] load build context
#9 transferring context: 149B done
#9 DONE 0.0s

#10 exporting to image
#10 exporting layers done
#10 writing image sha256:d65ab964914db5b9308a1750fead023a5d6c419d25740a226d7fd7c50eaa49fc done
#10 naming to docker.io/library/cleaning-service__ykrfkua__env-main done
#10 DONE 0.0s

#11 resolving provenance for metadata file
#11 DONE 0.0s
 Image cleaning-service__ykrfkua__env-main Built 
 Network cleaning-service__ykrfkua__env_default Creating 
 Network cleaning-service__ykrfkua__env_default Error Error response from daemon: all predefined address pools have been fully subnetted
failed to create network cleaning-service__ykrfkua__env_default: Error response from daemon: all predefined address pools have been fully subnetted
. Stderr: None. 

During handling of the above exception, another exception occurred:

Traceback (most recent call last):
  File "/home/hubert/code/dnb/eda-benchmark/harbor/.venv/lib/python3.13/site-packages/harbor/trial/artifact_handler.py", line 330, in _download_artifact
    await source_env.service_download_file(
    ...<3 lines>...
    )
  File "/home/hubert/code/dnb/eda-benchmark/harbor/.venv/lib/python3.13/site-packages/harbor/environments/docker/docker.py", line 1025, in service_download_file
    await self.download_file(source_path, target_path)
  File "/home/hubert/code/dnb/eda-benchmark/harbor/.venv/lib/python3.13/site-packages/harbor/environments/docker/docker.py", line 1010, in download_file
    await self._platform.download_file(source_path, target_path)
  File "/home/hubert/code/dnb/eda-benchmark/harbor/.venv/lib/python3.13/site-packages/harbor/environments/docker/docker_unix.py", line 185, in download_file
    await self._env._run_docker_compose_command(
    ...<2 lines>...
    )
  File "/home/hubert/code/dnb/eda-benchmark/harbor/.venv/lib/python3.13/site-packages/harbor/environments/docker/docker.py", line 631, in _run_docker_compose_command
    raise RuntimeError(
    ...<5 lines>...
    )
RuntimeError: Docker compose command failed for environment cleaning-service. Command: docker compose --project-name cleaning-service__ykrfkua__env --project-directory /home/hubert/code/dnb/eda-benchmark/tasks/cleaning-service/environment -f /tmp/tmpao41sc6t/cleaning-service__ykRFkuA__env-docker-compose-resources.json -f /home/hubert/code/dnb/eda-benchmark/harbor/.venv/lib/python3.13/site-packages/harbor/environments/docker/docker-compose-build.yaml -f /tmp/tmpmtqzkmrr/docker-compose-mounts.json cp main:/app/answer.json results/benchmark-cleaning-service-20260709-181834/cleaning-service__ykRFkuA/artifacts/app/answer.json. Return code: 1. Stdout: no container found for service "main"
. Stderr: None. 
Not retrying trial because the maximum number of retries has been reached
Trial cleaning-service__hDSmsp5 failed: Docker compose command failed for environment cleaning-service. Command: docker compose --project-name cleaning-service__hdsmsp5__env --project-directory /home/hubert/code/dnb/eda-benchmark/tasks/cleaning-service/environment -f /tmp/tmp5jn7fpn0/cleaning-service__hDSmsp5__env-docker-compose-resources.json -f /home/hubert/code/dnb/eda-benchmark/harbor/.venv/lib/python3.13/site-packages/harbor/environments/docker/docker-compose-build.yaml -f /tmp/tmpv4gj3dfz/docker-compose-mounts.json up --detach --wait. Return code: 1. Stdout:  Image cleaning-service__hdsmsp5__env-main Building 
#1 [internal] load local bake definitions
#1 reading from stdin 630B done
#1 DONE 0.0s

#2 [1/4] FROM docker.io/library/python:3.11-slim
#2 DONE 0.0s

#3 [2/4] RUN pip install --no-cache-dir pandas numpy scipy scikit-learn
#3 CACHED

#4 [3/4] WORKDIR /app
#4 CACHED

#5 [4/4] COPY dataset/ /app/dataset/
#5 CACHED

#6 [internal] load build definition from Dockerfile
#6 transferring dockerfile: 168B done
#6 DONE 0.0s

#7 [internal] load metadata for docker.io/library/python:3.11-slim
#7 DONE 0.0s

#8 [internal] load .dockerignore
#8 transferring context: 2B done
#8 DONE 0.0s

#9 [internal] load build context
#9 transferring context: 149B done
#9 DONE 0.0s

#10 exporting to image
#10 exporting layers done
#10 writing image sha256:b451f0cb84938b6a051f2a3a6df1e37937bdcac47e16e62c188e8e17a5dcad82 done
#10 naming to docker.io/library/cleaning-service__hdsmsp5__env-main done
#10 DONE 0.0s

#11 resolving provenance for metadata file
#11 DONE 0.0s
 Image cleaning-service__hdsmsp5__env-main Built 
 Network cleaning-service__hdsmsp5__env_default Creating 
 Network cleaning-service__hdsmsp5__env_default Error Error response from daemon: all predefined address pools have been fully subnetted
failed to create network cleaning-service__hdsmsp5__env_default: Error response from daemon: all predefined address pools have been fully subnetted
. Stderr: None. 
Skipping image OS validation for hb__df604ebb5e06cc516bb074122c9045b1: docker inspect returned 1
Collecting main service artifacts
Failed to download artifact '/app/answer.json' from service 'main' (best-effort)
Traceback (most recent call last):
  File "/home/hubert/code/dnb/eda-benchmark/harbor/.venv/lib/python3.13/site-packages/harbor/trial/trial.py", line 350, in run
    await self._prepare()
  File "/home/hubert/code/dnb/eda-benchmark/harbor/.venv/lib/python3.13/site-packages/harbor/trial/trial.py", line 379, in _prepare
    await self._setup_agent_environment()
  File "/home/hubert/code/dnb/eda-benchmark/harbor/.venv/lib/python3.13/site-packages/harbor/trial/trial.py", line 1097, in _setup_agent_environment
    await self._start_agent_environment()
  File "/home/hubert/code/dnb/eda-benchmark/harbor/.venv/lib/python3.13/site-packages/harbor/trial/trial.py", line 1103, in _start_agent_environment
    await asyncio.wait_for(
    ...<4 lines>...
    )
  File "/home/hubert/.local/share/uv/python/cpython-3.13.5-linux-x86_64-gnu/lib/python3.13/asyncio/tasks.py", line 507, in wait_for
    return await fut
           ^^^^^^^^^
  File "/home/hubert/code/dnb/eda-benchmark/harbor/.venv/lib/python3.13/site-packages/harbor/environments/docker/docker.py", line 882, in start
    await self._run_docker_compose_command(["up", "--detach", "--wait"])
  File "/home/hubert/code/dnb/eda-benchmark/harbor/.venv/lib/python3.13/site-packages/harbor/environments/docker/docker.py", line 631, in _run_docker_compose_command
    raise RuntimeError(
    ...<5 lines>...
    )
RuntimeError: Docker compose command failed for environment cleaning-service. Command: docker compose --project-name cleaning-service__hdsmsp5__env --project-directory /home/hubert/code/dnb/eda-benchmark/tasks/cleaning-service/environment -f /tmp/tmp5jn7fpn0/cleaning-service__hDSmsp5__env-docker-compose-resources.json -f /home/hubert/code/dnb/eda-benchmark/harbor/.venv/lib/python3.13/site-packages/harbor/environments/docker/docker-compose-build.yaml -f /tmp/tmpv4gj3dfz/docker-compose-mounts.json up --detach --wait. Return code: 1. Stdout:  Image cleaning-service__hdsmsp5__env-main Building 
#1 [internal] load local bake definitions
#1 reading from stdin 630B done
#1 DONE 0.0s

#2 [1/4] FROM docker.io/library/python:3.11-slim
#2 DONE 0.0s

#3 [2/4] RUN pip install --no-cache-dir pandas numpy scipy scikit-learn
#3 CACHED

#4 [3/4] WORKDIR /app
#4 CACHED

#5 [4/4] COPY dataset/ /app/dataset/
#5 CACHED

#6 [internal] load build definition from Dockerfile
#6 transferring dockerfile: 168B done
#6 DONE 0.0s

#7 [internal] load metadata for docker.io/library/python:3.11-slim
#7 DONE 0.0s

#8 [internal] load .dockerignore
#8 transferring context: 2B done
#8 DONE 0.0s

#9 [internal] load build context
#9 transferring context: 149B done
#9 DONE 0.0s

#10 exporting to image
#10 exporting layers done
#10 writing image sha256:b451f0cb84938b6a051f2a3a6df1e37937bdcac47e16e62c188e8e17a5dcad82 done
#10 naming to docker.io/library/cleaning-service__hdsmsp5__env-main done
#10 DONE 0.0s

#11 resolving provenance for metadata file
#11 DONE 0.0s
 Image cleaning-service__hdsmsp5__env-main Built 
 Network cleaning-service__hdsmsp5__env_default Creating 
 Network cleaning-service__hdsmsp5__env_default Error Error response from daemon: all predefined address pools have been fully subnetted
failed to create network cleaning-service__hdsmsp5__env_default: Error response from daemon: all predefined address pools have been fully subnetted
. Stderr: None. 

During handling of the above exception, another exception occurred:

Traceback (most recent call last):
  File "/home/hubert/code/dnb/eda-benchmark/harbor/.venv/lib/python3.13/site-packages/harbor/trial/artifact_handler.py", line 330, in _download_artifact
    await source_env.service_download_file(
    ...<3 lines>...
    )
  File "/home/hubert/code/dnb/eda-benchmark/harbor/.venv/lib/python3.13/site-packages/harbor/environments/docker/docker.py", line 1025, in service_download_file
    await self.download_file(source_path, target_path)
  File "/home/hubert/code/dnb/eda-benchmark/harbor/.venv/lib/python3.13/site-packages/harbor/environments/docker/docker.py", line 1010, in download_file
    await self._platform.download_file(source_path, target_path)
  File "/home/hubert/code/dnb/eda-benchmark/harbor/.venv/lib/python3.13/site-packages/harbor/environments/docker/docker_unix.py", line 185, in download_file
    await self._env._run_docker_compose_command(
    ...<2 lines>...
    )
  File "/home/hubert/code/dnb/eda-benchmark/harbor/.venv/lib/python3.13/site-packages/harbor/environments/docker/docker.py", line 631, in _run_docker_compose_command
    raise RuntimeError(
    ...<5 lines>...
    )
RuntimeError: Docker compose command failed for environment cleaning-service. Command: docker compose --project-name cleaning-service__hdsmsp5__env --project-directory /home/hubert/code/dnb/eda-benchmark/tasks/cleaning-service/environment -f /tmp/tmp5jn7fpn0/cleaning-service__hDSmsp5__env-docker-compose-resources.json -f /home/hubert/code/dnb/eda-benchmark/harbor/.venv/lib/python3.13/site-packages/harbor/environments/docker/docker-compose-build.yaml -f /tmp/tmpv4gj3dfz/docker-compose-mounts.json cp main:/app/answer.json results/benchmark-cleaning-service-20260709-181834/cleaning-service__hDSmsp5/artifacts/app/answer.json. Return code: 1. Stdout: no container found for service "main"
. Stderr: None. 
Not retrying trial because the maximum number of retries has been reached
Trial cleaning-service__xRYgFKe failed: Docker compose command failed for environment cleaning-service. Command: docker compose --project-name cleaning-service__xrygfke__env --project-directory /home/hubert/code/dnb/eda-benchmark/tasks/cleaning-service/environment -f /tmp/tmp4s88qar1/cleaning-service__xRYgFKe__env-docker-compose-resources.json -f /home/hubert/code/dnb/eda-benchmark/harbor/.venv/lib/python3.13/site-packages/harbor/environments/docker/docker-compose-build.yaml -f /tmp/tmpfdm3snj2/docker-compose-mounts.json up --detach --wait. Return code: 1. Stdout:  Image cleaning-service__xrygfke__env-main Building 
#1 [internal] load local bake definitions
#1 reading from stdin 630B done
#1 DONE 0.0s

#2 [1/4] FROM docker.io/library/python:3.11-slim
#2 DONE 0.0s

#3 [2/4] RUN pip install --no-cache-dir pandas numpy scipy scikit-learn
#3 CACHED

#4 [3/4] WORKDIR /app
#4 CACHED

#5 [4/4] COPY dataset/ /app/dataset/
#5 CACHED

#6 [internal] load build definition from Dockerfile
#6 transferring dockerfile: 168B done
#6 DONE 0.0s

#7 [internal] load metadata for docker.io/library/python:3.11-slim
#7 DONE 0.0s

#8 [internal] load .dockerignore
#8 transferring context: 2B done
#8 DONE 0.0s

#9 [internal] load build context
#9 transferring context: 149B done
#9 DONE 0.0s

#10 exporting to image
#10 exporting layers done
#10 writing image sha256:02cd708f3231154b674ad9bb9f47b14ad211369dc0dcc19c2c217563f231f74c done
#10 naming to docker.io/library/cleaning-service__xrygfke__env-main done
#10 DONE 0.0s

#11 resolving provenance for metadata file
#11 DONE 0.0s
 Image cleaning-service__xrygfke__env-main Built 
 Network cleaning-service__xrygfke__env_default Creating 
 Network cleaning-service__xrygfke__env_default Error Error response from daemon: all predefined address pools have been fully subnetted
failed to create network cleaning-service__xrygfke__env_default: Error response from daemon: all predefined address pools have been fully subnetted
. Stderr: None. 
Skipping image OS validation for hb__df604ebb5e06cc516bb074122c9045b1: docker inspect returned 1
Collecting main service artifacts
Not retrying trial because the maximum number of retries has been reached
Failed to download artifact '/app/answer.json' from service 'main' (best-effort)
Traceback (most recent call last):
  File "/home/hubert/code/dnb/eda-benchmark/harbor/.venv/lib/python3.13/site-packages/harbor/trial/trial.py", line 350, in run
    await self._prepare()
  File "/home/hubert/code/dnb/eda-benchmark/harbor/.venv/lib/python3.13/site-packages/harbor/trial/trial.py", line 379, in _prepare
    await self._setup_agent_environment()
  File "/home/hubert/code/dnb/eda-benchmark/harbor/.venv/lib/python3.13/site-packages/harbor/trial/trial.py", line 1097, in _setup_agent_environment
    await self._start_agent_environment()
  File "/home/hubert/code/dnb/eda-benchmark/harbor/.venv/lib/python3.13/site-packages/harbor/trial/trial.py", line 1103, in _start_agent_environment
    await asyncio.wait_for(
    ...<4 lines>...
    )
  File "/home/hubert/.local/share/uv/python/cpython-3.13.5-linux-x86_64-gnu/lib/python3.13/asyncio/tasks.py", line 507, in wait_for
    return await fut
           ^^^^^^^^^
  File "/home/hubert/code/dnb/eda-benchmark/harbor/.venv/lib/python3.13/site-packages/harbor/environments/docker/docker.py", line 882, in start
    await self._run_docker_compose_command(["up", "--detach", "--wait"])
  File "/home/hubert/code/dnb/eda-benchmark/harbor/.venv/lib/python3.13/site-packages/harbor/environments/docker/docker.py", line 631, in _run_docker_compose_command
    raise RuntimeError(
    ...<5 lines>...
    )
RuntimeError: Docker compose command failed for environment cleaning-service. Command: docker compose --project-name cleaning-service__xrygfke__env --project-directory /home/hubert/code/dnb/eda-benchmark/tasks/cleaning-service/environment -f /tmp/tmp4s88qar1/cleaning-service__xRYgFKe__env-docker-compose-resources.json -f /home/hubert/code/dnb/eda-benchmark/harbor/.venv/lib/python3.13/site-packages/harbor/environments/docker/docker-compose-build.yaml -f /tmp/tmpfdm3snj2/docker-compose-mounts.json up --detach --wait. Return code: 1. Stdout:  Image cleaning-service__xrygfke__env-main Building 
#1 [internal] load local bake definitions
#1 reading from stdin 630B done
#1 DONE 0.0s

#2 [1/4] FROM docker.io/library/python:3.11-slim
#2 DONE 0.0s

#3 [2/4] RUN pip install --no-cache-dir pandas numpy scipy scikit-learn
#3 CACHED

#4 [3/4] WORKDIR /app
#4 CACHED

#5 [4/4] COPY dataset/ /app/dataset/
#5 CACHED

#6 [internal] load build definition from Dockerfile
#6 transferring dockerfile: 168B done
#6 DONE 0.0s

#7 [internal] load metadata for docker.io/library/python:3.11-slim
#7 DONE 0.0s

#8 [internal] load .dockerignore
#8 transferring context: 2B done
#8 DONE 0.0s

#9 [internal] load build context
#9 transferring context: 149B done
#9 DONE 0.0s

#10 exporting to image
#10 exporting layers done
#10 writing image sha256:02cd708f3231154b674ad9bb9f47b14ad211369dc0dcc19c2c217563f231f74c done
#10 naming to docker.io/library/cleaning-service__xrygfke__env-main done
#10 DONE 0.0s

#11 resolving provenance for metadata file
#11 DONE 0.0s
 Image cleaning-service__xrygfke__env-main Built 
 Network cleaning-service__xrygfke__env_default Creating 
 Network cleaning-service__xrygfke__env_default Error Error response from daemon: all predefined address pools have been fully subnetted
failed to create network cleaning-service__xrygfke__env_default: Error response from daemon: all predefined address pools have been fully subnetted
. Stderr: None. 

During handling of the above exception, another exception occurred:

Traceback (most recent call last):
  File "/home/hubert/code/dnb/eda-benchmark/harbor/.venv/lib/python3.13/site-packages/harbor/trial/artifact_handler.py", line 330, in _download_artifact
    await source_env.service_download_file(
    ...<3 lines>...
    )
  File "/home/hubert/code/dnb/eda-benchmark/harbor/.venv/lib/python3.13/site-packages/harbor/environments/docker/docker.py", line 1025, in service_download_file
    await self.download_file(source_path, target_path)
  File "/home/hubert/code/dnb/eda-benchmark/harbor/.venv/lib/python3.13/site-packages/harbor/environments/docker/docker.py", line 1010, in download_file
    await self._platform.download_file(source_path, target_path)
  File "/home/hubert/code/dnb/eda-benchmark/harbor/.venv/lib/python3.13/site-packages/harbor/environments/docker/docker_unix.py", line 185, in download_file
    await self._env._run_docker_compose_command(
    ...<2 lines>...
    )
  File "/home/hubert/code/dnb/eda-benchmark/harbor/.venv/lib/python3.13/site-packages/harbor/environments/docker/docker.py", line 631, in _run_docker_compose_command
    raise RuntimeError(
    ...<5 lines>...
    )
RuntimeError: Docker compose command failed for environment cleaning-service. Command: docker compose --project-name cleaning-service__xrygfke__env --project-directory /home/hubert/code/dnb/eda-benchmark/tasks/cleaning-service/environment -f /tmp/tmp4s88qar1/cleaning-service__xRYgFKe__env-docker-compose-resources.json -f /home/hubert/code/dnb/eda-benchmark/harbor/.venv/lib/python3.13/site-packages/harbor/environments/docker/docker-compose-build.yaml -f /tmp/tmpfdm3snj2/docker-compose-mounts.json cp main:/app/answer.json results/benchmark-cleaning-service-20260709-181834/cleaning-service__xRYgFKe/artifacts/app/answer.json. Return code: 1. Stdout: no container found for service "main"
. Stderr: None. 
Trial cleaning-service__k7c9cAu failed: Docker compose command failed for environment cleaning-service. Command: docker compose --project-name cleaning-service__k7c9cau__env --project-directory /home/hubert/code/dnb/eda-benchmark/tasks/cleaning-service/environment -f /tmp/tmpum06ggzn/cleaning-service__k7c9cAu__env-docker-compose-resources.json -f /home/hubert/code/dnb/eda-benchmark/harbor/.venv/lib/python3.13/site-packages/harbor/environments/docker/docker-compose-build.yaml -f /tmp/tmp7im02al_/docker-compose-mounts.json up --detach --wait. Return code: 1. Stdout:  Image cleaning-service__k7c9cau__env-main Building 
#1 [internal] load local bake definitions
#1 reading from stdin 630B done
#1 DONE 0.0s

#2 [internal] load build definition from Dockerfile
#2 transferring dockerfile: 168B done
#2 DONE 0.0s

#3 [internal] load metadata for docker.io/library/python:3.11-slim
#3 DONE 0.0s

#4 [internal] load .dockerignore
#4 transferring context: 2B done
#4 DONE 0.0s

#5 [1/4] FROM docker.io/library/python:3.11-slim
#5 DONE 0.0s

#6 [internal] load build context
#6 transferring context: 149B done
#6 DONE 0.0s

#7 [2/4] RUN pip install --no-cache-dir pandas numpy scipy scikit-learn
#7 CACHED

#8 [3/4] WORKDIR /app
#8 CACHED

#9 [4/4] COPY dataset/ /app/dataset/
#9 CACHED

#10 exporting to image
#10 exporting layers done
#10 writing image sha256:c9a6c3017ba18b8ae57e829bb3d8e9587e1592c281a2d55f794e824bcad5a1f3 done
#10 naming to docker.io/library/cleaning-service__k7c9cau__env-main done
#10 DONE 0.0s

#11 resolving provenance for metadata file
#11 DONE 0.0s
 Image cleaning-service__k7c9cau__env-main Built 
 Network cleaning-service__k7c9cau__env_default Creating 
 Network cleaning-service__k7c9cau__env_default Error Error response from daemon: all predefined address pools have been fully subnetted
failed to create network cleaning-service__k7c9cau__env_default: Error response from daemon: all predefined address pools have been fully subnetted
. Stderr: None. 
Collecting main service artifacts
Failed to download artifact '/app/answer.json' from service 'main' (best-effort)
Traceback (most recent call last):
  File "/home/hubert/code/dnb/eda-benchmark/harbor/.venv/lib/python3.13/site-packages/harbor/trial/trial.py", line 350, in run
    await self._prepare()
  File "/home/hubert/code/dnb/eda-benchmark/harbor/.venv/lib/python3.13/site-packages/harbor/trial/trial.py", line 379, in _prepare
    await self._setup_agent_environment()
  File "/home/hubert/code/dnb/eda-benchmark/harbor/.venv/lib/python3.13/site-packages/harbor/trial/trial.py", line 1097, in _setup_agent_environment
    await self._start_agent_environment()
  File "/home/hubert/code/dnb/eda-benchmark/harbor/.venv/lib/python3.13/site-packages/harbor/trial/trial.py", line 1103, in _start_agent_environment
    await asyncio.wait_for(
    ...<4 lines>...
    )
  File "/home/hubert/.local/share/uv/python/cpython-3.13.5-linux-x86_64-gnu/lib/python3.13/asyncio/tasks.py", line 507, in wait_for
    return await fut
           ^^^^^^^^^
  File "/home/hubert/code/dnb/eda-benchmark/harbor/.venv/lib/python3.13/site-packages/harbor/environments/docker/docker.py", line 882, in start
    await self._run_docker_compose_command(["up", "--detach", "--wait"])
  File "/home/hubert/code/dnb/eda-benchmark/harbor/.venv/lib/python3.13/site-packages/harbor/environments/docker/docker.py", line 631, in _run_docker_compose_command
    raise RuntimeError(
    ...<5 lines>...
    )
RuntimeError: Docker compose command failed for environment cleaning-service. Command: docker compose --project-name cleaning-service__k7c9cau__env --project-directory /home/hubert/code/dnb/eda-benchmark/tasks/cleaning-service/environment -f /tmp/tmpum06ggzn/cleaning-service__k7c9cAu__env-docker-compose-resources.json -f /home/hubert/code/dnb/eda-benchmark/harbor/.venv/lib/python3.13/site-packages/harbor/environments/docker/docker-compose-build.yaml -f /tmp/tmp7im02al_/docker-compose-mounts.json up --detach --wait. Return code: 1. Stdout:  Image cleaning-service__k7c9cau__env-main Building 
#1 [internal] load local bake definitions
#1 reading from stdin 630B done
#1 DONE 0.0s

#2 [internal] load build definition from Dockerfile
#2 transferring dockerfile: 168B done
#2 DONE 0.0s

#3 [internal] load metadata for docker.io/library/python:3.11-slim
#3 DONE 0.0s

#4 [internal] load .dockerignore
#4 transferring context: 2B done
#4 DONE 0.0s

#5 [1/4] FROM docker.io/library/python:3.11-slim
#5 DONE 0.0s

#6 [internal] load build context
#6 transferring context: 149B done
#6 DONE 0.0s

#7 [2/4] RUN pip install --no-cache-dir pandas numpy scipy scikit-learn
#7 CACHED

#8 [3/4] WORKDIR /app
#8 CACHED

#9 [4/4] COPY dataset/ /app/dataset/
#9 CACHED

#10 exporting to image
#10 exporting layers done
#10 writing image sha256:c9a6c3017ba18b8ae57e829bb3d8e9587e1592c281a2d55f794e824bcad5a1f3 done
#10 naming to docker.io/library/cleaning-service__k7c9cau__env-main done
#10 DONE 0.0s

#11 resolving provenance for metadata file
#11 DONE 0.0s
 Image cleaning-service__k7c9cau__env-main Built 
 Network cleaning-service__k7c9cau__env_default Creating 
 Network cleaning-service__k7c9cau__env_default Error Error response from daemon: all predefined address pools have been fully subnetted
failed to create network cleaning-service__k7c9cau__env_default: Error response from daemon: all predefined address pools have been fully subnetted
. Stderr: None. 

During handling of the above exception, another exception occurred:

Traceback (most recent call last):
  File "/home/hubert/code/dnb/eda-benchmark/harbor/.venv/lib/python3.13/site-packages/harbor/trial/artifact_handler.py", line 330, in _download_artifact
    await source_env.service_download_file(
    ...<3 lines>...
    )
  File "/home/hubert/code/dnb/eda-benchmark/harbor/.venv/lib/python3.13/site-packages/harbor/environments/docker/docker.py", line 1025, in service_download_file
    await self.download_file(source_path, target_path)
  File "/home/hubert/code/dnb/eda-benchmark/harbor/.venv/lib/python3.13/site-packages/harbor/environments/docker/docker.py", line 1010, in download_file
    await self._platform.download_file(source_path, target_path)
  File "/home/hubert/code/dnb/eda-benchmark/harbor/.venv/lib/python3.13/site-packages/harbor/environments/docker/docker_unix.py", line 185, in download_file
    await self._env._run_docker_compose_command(
    ...<2 lines>...
    )
  File "/home/hubert/code/dnb/eda-benchmark/harbor/.venv/lib/python3.13/site-packages/harbor/environments/docker/docker.py", line 631, in _run_docker_compose_command
    raise RuntimeError(
    ...<5 lines>...
    )
RuntimeError: Docker compose command failed for environment cleaning-service. Command: docker compose --project-name cleaning-service__k7c9cau__env --project-directory /home/hubert/code/dnb/eda-benchmark/tasks/cleaning-service/environment -f /tmp/tmpum06ggzn/cleaning-service__k7c9cAu__env-docker-compose-resources.json -f /home/hubert/code/dnb/eda-benchmark/harbor/.venv/lib/python3.13/site-packages/harbor/environments/docker/docker-compose-build.yaml -f /tmp/tmp7im02al_/docker-compose-mounts.json cp main:/app/answer.json results/benchmark-cleaning-service-20260709-181834/cleaning-service__k7c9cAu/artifacts/app/answer.json. Return code: 1. Stdout: no container found for service "main"
. Stderr: None. 
Not retrying trial because the maximum number of retries has been reached
Not retrying trial because the maximum number of retries has been reached
Command outputs captured
Running command: set -euo pipefail; if command -v apk &> /dev/null; then  npm install -g @anthropic-ai/claude-code; else  curl -fsSL https://downloads.claude.ai/claude-code-releases/bootstrap.sh | bash -s --; fi && echo 'export PATH="$HOME/.local/bin:$PATH"' >> ~/.bashrc && export PATH="$HOME/.local/bin:$PATH" && claude --version
Command outputs captured
Running command: set -euo pipefail; if command -v apk &> /dev/null; then  npm install -g @anthropic-ai/claude-code; else  curl -fsSL https://downloads.claude.ai/claude-code-releases/bootstrap.sh | bash -s --; fi && echo 'export PATH="$HOME/.local/bin:$PATH"' >> ~/.bashrc && export PATH="$HOME/.local/bin:$PATH" && claude --version
Command outputs captured
Running command: set -euo pipefail; if command -v apk &> /dev/null; then  npm install -g @anthropic-ai/claude-code; else  curl -fsSL https://downloads.claude.ai/claude-code-releases/bootstrap.sh | bash -s --; fi && echo 'export PATH="$HOME/.local/bin:$PATH"' >> ~/.bashrc && export PATH="$HOME/.local/bin:$PATH" && claude --version
Command outputs captured
Running command: set -euo pipefail; if ldd --version 2>&1 | grep -qi musl || [ -f /etc/alpine-release ]; then  npm install -g @openai/codex@latest; else  curl -o- https://raw.githubusercontent.com/nvm-sh/nvm/v0.40.2/install.sh | bash &&  export NVM_DIR="$HOME/.nvm" &&  \. "$NVM_DIR/nvm.sh" || true &&  command -v nvm &>/dev/null || { echo 'Error: NVM failed to load' >&2; exit 1; } &&  nvm install 22 && nvm alias default 22 && npm -v &&  npm install -g @openai/codex@latest; fi && codex --version
Command outputs captured
Running command: set -euo pipefail; curl -o- https://raw.githubusercontent.com/nvm-sh/nvm/v0.40.2/install.sh | bash && export NVM_DIR="$HOME/.nvm" && \. "$NVM_DIR/nvm.sh" || true && command -v nvm &>/dev/null || { echo 'Error: NVM failed to load' >&2; exit 1; } && nvm install 22 && npm -v && npm install -g @google/gemini-cli@latest
Command outputs captured
Running command: set -euo pipefail; if command -v apk &> /dev/null; then  npm install -g @anthropic-ai/claude-code; else  curl -fsSL https://downloads.claude.ai/claude-code-releases/bootstrap.sh | bash -s --; fi && echo 'export PATH="$HOME/.local/bin:$PATH"' >> ~/.bashrc && export PATH="$HOME/.local/bin:$PATH" && claude --version
Command outputs captured
Running command: for bin in node codex; do  BIN_PATH="$(which "$bin" 2>/dev/null || true)";  if [ -n "$BIN_PATH" ] && [ "$BIN_PATH" != "/usr/local/bin/$bin" ]; then    ln -sf "$BIN_PATH" "/usr/local/bin/$bin";  fi; done
Command outputs captured
Running command: mkdir -p "$CODEX_HOME" /tmp/codex-secrets /logs/agent
Command outputs captured
Codex auth: using OPENAI_API_KEY
Running command: cat >/tmp/codex-secrets/auth.json <<EOF
{
  "OPENAI_API_KEY": "${OPENAI_API_KEY}"
}
EOF
ln -sf /tmp/codex-secrets/auth.json "$CODEX_HOME/auth.json"

Command outputs captured
Running command: if [ -s ~/.nvm/nvm.sh ]; then . ~/.nvm/nvm.sh; fi; codex exec --dangerously-bypass-approvals-and-sandbox --skip-git-repo-check --model gpt-5.4 --json --enable unified_exec -c model_reasoning_effort=xhigh -- '# Cleaning Service

****Task:****
Using the three provided files (tasks.csv, employees.csv, and timesheet.csv),
calculate the total monthly salary for each employee for every month. The total salary is the sum of:
(total hours worked in the month × hourly rate) + any bonuses earned for completed tasks in that month.
Final salary values should be rounded to the nearest integer using standard mathematical rounding.
For each month, the billing period for all employees starts on the same day of the week inherited from the
dataset'"'"'s earliest record.
On that day, employees are required to appear at the workplace to collect their salary.
If any invalid or inconsistent data are found in the input,
they should be corrected where possible based on available data, or otherwise excluded from the final results.
Provide the answer by generating a function that will return the total monthly salaries as:
a dictionary mapping PESEL → list of integer salaries.
For each PESEL, the list of salaries should be sorted by billing month in ascending order.

****Dataset:****
To access the dataset use the files:
- /app/dataset/employees.csv
- /app/dataset/tasks.csv
- /app/dataset/timesheet.csv

****Validation:****
Your final answer will be evaluated with the function in this snippet:

```python
def calculate_dict_of_lists_score(answer: dict[str, list],
                                  gt: dict[str, list]) -> float:
    return calculate_dict_score(answer, gt,
                                calculate_jaccard_index_with_order_factor)


def calculate_dict_score(
    answer: dict,
    gt: dict,
    score_func: Callable[[Any, Any], float],
) -> float:
    total_score = 0.0
    for gt_key, gt_value in gt.items():
        if gt_key in answer:
            answer_value = answer[gt_key]
            total_score += score_func(answer_value, gt_value)
    max_len = max(len(answer), len(gt))
    return total_score / max_len if max_len > 0 else 0.0


def calculate_jaccard_index_with_order_factor(answer_list: list,
                                              gt_list: list) -> float:
    """Calculates the Jaccard index with order factor given two lists:
     ground truth and answer list.

    The order factor is computed as follows:
    - Iterate over the answer list, denote the i-th element as item(i).
    - For item(i), add w(i) * distance_factor(i) to the resulting numerator
     and add w(i) to the resulting denominator.
    - w(i) = 0.9 ** i.
    - Denote max(len(gt_list), len(answer_list)) as max_len.
    - distance_factor(i) = 1 - distance(i) / max_len if item(i) is in the
     gt list, 0 elsewhere.
    - distance(i) = |i - position of item(i) in the gt list|.
    - After an item in the answer list is matched with its counterpart
      in the ground-truth list,
      replace both positions with placeholders to prevent future items
      from matching against already-paired entries.

    Args:
        gt_list: A list representing the ground truth values.
        answer_list: A list representing the predicted values.

    Returns:
        The Jaccard index with order factor as a float.
    """
    jaccard_index = calculate_jaccard_index(answer_list, gt_list)

    max_len = max(len(gt_list), len(answer_list))
    numerator = 0.0
    denominator = 0.0
    # We replace matching pairs with placeholders to deal with the case
    # of repeated list elements.
    placeholder = "<PLACEHOLDER>"
    gt_copy = gt_list.copy()
    for i, item in enumerate(answer_list):
        weight = 0.9**i
        if item in gt_copy:
            gt_i = gt_copy.index(item)
            distance = abs(i - gt_i)
            gt_copy[gt_i] = placeholder
        else:
            distance = max_len
        numerator += weight * (1 - distance / max_len)
        denominator += weight
    order_factor = numerator / denominator if denominator > 0 else 1.0

    return jaccard_index * order_factor


def calculate_jaccard_index(answer: Iterable, gt: Iterable) -> float:
    """Calculates the Jaccard index given two iterables:
    ground truth and answer.

    Args:
        gt: An iterable representing the ground truth values.
        answer: An iterable representing the predicted values.

    Returns:
        The Jaccard index as a float.
    """
    gt_set = set(gt)
    answer_set = set(answer)
    tp = len(gt_set & answer_set)
    denom = len(gt_set | answer_set)
    return 0.0 if denom == 0 else tp / denom
```

****Answer format:****
Write your answer as a Python file at `/app/answer.py` that defines an `answer()` function
and, when executed, saves the returned value as JSON to `/app/answer.json`:

```python
def answer() -> dict[str, list[int]]:
    # logic to compute total salaries per month
    return {
        "11111111111": [1111, 2222, 3333, 4444],
        "22222222222": [5555, 6666, 7777, 8888]
    }

if __name__ == "__main__":
    import json
    with open("/app/answer.json", "w") as f:
        json.dump(answer(), f, default=list)
```

Before you finish, run `python /app/answer.py` so that both `/app/answer.py` and
`/app/answer.json` exist. The `/app/answer.json` file is what gets graded.
' 2>&1 </dev/null | tee /logs/agent/codex.txt
Command outputs captured
Running command: mkdir -p ~/.gemini && cat > ~/.gemini/settings.json << 'SETTINGS'
{
  "experimental": {
    "skills": true
  }
}
SETTINGS
Command outputs captured
Running command: . ~/.nvm/nvm.sh && gemini --version
Command outputs captured
Gemini auth: using API key / env credentials
Running command: mkdir -p ~/.gemini && printf %s '{
  "security": {
    "auth": {
      "selectedType": "gemini-api-key"
    }
  },
  "modelConfigs": {
    "customAliases": {
      "harbor-gemini-3.1-pro-preview-high": {
        "modelConfig": {
          "model": "gemini-3.1-pro-preview",
          "generateContentConfig": {
            "thinkingConfig": {
              "includeThoughts": true,
              "thinkingLevel": "HIGH"
            }
          }
        }
      }
    }
  },
  "experimental": {
    "skills": true
  }
}' > ~/.gemini/settings.json
Command outputs captured
Running command: if [ -s ~/.nvm/nvm.sh ]; then . ~/.nvm/nvm.sh; fi; gemini --yolo --model=harbor-gemini-3.1-pro-preview-high --prompt='# Cleaning Service

****Task:****
Using the three provided files (tasks.csv, employees.csv, and timesheet.csv),
calculate the total monthly salary for each employee for every month. The total salary is the sum of:
(total hours worked in the month × hourly rate) + any bonuses earned for completed tasks in that month.
Final salary values should be rounded to the nearest integer using standard mathematical rounding.
For each month, the billing period for all employees starts on the same day of the week inherited from the
dataset'"'"'s earliest record.
On that day, employees are required to appear at the workplace to collect their salary.
If any invalid or inconsistent data are found in the input,
they should be corrected where possible based on available data, or otherwise excluded from the final results.
Provide the answer by generating a function that will return the total monthly salaries as:
a dictionary mapping PESEL → list of integer salaries.
For each PESEL, the list of salaries should be sorted by billing month in ascending order.

****Dataset:****
To access the dataset use the files:
- /app/dataset/employees.csv
- /app/dataset/tasks.csv
- /app/dataset/timesheet.csv

****Validation:****
Your final answer will be evaluated with the function in this snippet:

```python
def calculate_dict_of_lists_score(answer: dict[str, list],
                                  gt: dict[str, list]) -> float:
    return calculate_dict_score(answer, gt,
                                calculate_jaccard_index_with_order_factor)


def calculate_dict_score(
    answer: dict,
    gt: dict,
    score_func: Callable[[Any, Any], float],
) -> float:
    total_score = 0.0
    for gt_key, gt_value in gt.items():
        if gt_key in answer:
            answer_value = answer[gt_key]
            total_score += score_func(answer_value, gt_value)
    max_len = max(len(answer), len(gt))
    return total_score / max_len if max_len > 0 else 0.0


def calculate_jaccard_index_with_order_factor(answer_list: list,
                                              gt_list: list) -> float:
    """Calculates the Jaccard index with order factor given two lists:
     ground truth and answer list.

    The order factor is computed as follows:
    - Iterate over the answer list, denote the i-th element as item(i).
    - For item(i), add w(i) * distance_factor(i) to the resulting numerator
     and add w(i) to the resulting denominator.
    - w(i) = 0.9 ** i.
    - Denote max(len(gt_list), len(answer_list)) as max_len.
    - distance_factor(i) = 1 - distance(i) / max_len if item(i) is in the
     gt list, 0 elsewhere.
    - distance(i) = |i - position of item(i) in the gt list|.
    - After an item in the answer list is matched with its counterpart
      in the ground-truth list,
      replace both positions with placeholders to prevent future items
      from matching against already-paired entries.

    Args:
        gt_list: A list representing the ground truth values.
        answer_list: A list representing the predicted values.

    Returns:
        The Jaccard index with order factor as a float.
    """
    jaccard_index = calculate_jaccard_index(answer_list, gt_list)

    max_len = max(len(gt_list), len(answer_list))
    numerator = 0.0
    denominator = 0.0
    # We replace matching pairs with placeholders to deal with the case
    # of repeated list elements.
    placeholder = "<PLACEHOLDER>"
    gt_copy = gt_list.copy()
    for i, item in enumerate(answer_list):
        weight = 0.9**i
        if item in gt_copy:
            gt_i = gt_copy.index(item)
            distance = abs(i - gt_i)
            gt_copy[gt_i] = placeholder
        else:
            distance = max_len
        numerator += weight * (1 - distance / max_len)
        denominator += weight
    order_factor = numerator / denominator if denominator > 0 else 1.0

    return jaccard_index * order_factor


def calculate_jaccard_index(answer: Iterable, gt: Iterable) -> float:
    """Calculates the Jaccard index given two iterables:
    ground truth and answer.

    Args:
        gt: An iterable representing the ground truth values.
        answer: An iterable representing the predicted values.

    Returns:
        The Jaccard index as a float.
    """
    gt_set = set(gt)
    answer_set = set(answer)
    tp = len(gt_set & answer_set)
    denom = len(gt_set | answer_set)
    return 0.0 if denom == 0 else tp / denom
```

****Answer format:****
Write your answer as a Python file at `/app/answer.py` that defines an `answer()` function
and, when executed, saves the returned value as JSON to `/app/answer.json`:

```python
def answer() -> dict[str, list[int]]:
    # logic to compute total salaries per month
    return {
        "11111111111": [1111, 2222, 3333, 4444],
        "22222222222": [5555, 6666, 7777, 8888]
    }

if __name__ == "__main__":
    import json
    with open("/app/answer.json", "w") as f:
        json.dump(answer(), f, default=list)
```

Before you finish, run `python /app/answer.py` so that both `/app/answer.py` and
`/app/answer.json` exist. The `/app/answer.json` file is what gets graded.
' 2>&1 </dev/null | stdbuf -oL tee /logs/agent/gemini-cli.txt
Command outputs captured
Running command: set -euo pipefail; if ldd --version 2>&1 | grep -qi musl || [ -f /etc/alpine-release ]; then  npm install -g @openai/codex@latest; else  curl -o- https://raw.githubusercontent.com/nvm-sh/nvm/v0.40.2/install.sh | bash &&  export NVM_DIR="$HOME/.nvm" &&  \. "$NVM_DIR/nvm.sh" || true &&  command -v nvm &>/dev/null || { echo 'Error: NVM failed to load' >&2; exit 1; } &&  nvm install 22 && nvm alias default 22 && npm -v &&  npm install -g @openai/codex@latest; fi && codex --version
Command outputs captured
Running command: set -euo pipefail; curl -o- https://raw.githubusercontent.com/nvm-sh/nvm/v0.40.2/install.sh | bash && export NVM_DIR="$HOME/.nvm" && \. "$NVM_DIR/nvm.sh" || true && command -v nvm &>/dev/null || { echo 'Error: NVM failed to load' >&2; exit 1; } && nvm install 22 && npm -v && npm i -g opencode-ai@latest && opencode --version
Command outputs captured
Running command: set -euo pipefail; curl -o- https://raw.githubusercontent.com/nvm-sh/nvm/v0.40.2/install.sh | bash && export NVM_DIR="$HOME/.nvm" && \. "$NVM_DIR/nvm.sh" || true && command -v nvm &>/dev/null || { echo 'Error: NVM failed to load' >&2; exit 1; } && nvm install 22 && npm -v && npm install -g @google/gemini-cli@latest
Command outputs captured
Running command: set -euo pipefail; if ldd --version 2>&1 | grep -qi musl || [ -f /etc/alpine-release ]; then  npm install -g @openai/codex@latest; else  curl -o- https://raw.githubusercontent.com/nvm-sh/nvm/v0.40.2/install.sh | bash &&  export NVM_DIR="$HOME/.nvm" &&  \. "$NVM_DIR/nvm.sh" || true &&  command -v nvm &>/dev/null || { echo 'Error: NVM failed to load' >&2; exit 1; } &&  nvm install 22 && nvm alias default 22 && npm -v &&  npm install -g @openai/codex@latest; fi && codex --version
Command outputs captured
Running command: for bin in node codex; do  BIN_PATH="$(which "$bin" 2>/dev/null || true)";  if [ -n "$BIN_PATH" ] && [ "$BIN_PATH" != "/usr/local/bin/$bin" ]; then    ln -sf "$BIN_PATH" "/usr/local/bin/$bin";  fi; done
Command outputs captured
Running command: mkdir -p "$CODEX_HOME" /tmp/codex-secrets /logs/agent
Command outputs captured
Codex auth: using OPENAI_API_KEY
Running command: cat >/tmp/codex-secrets/auth.json <<EOF
{
  "OPENAI_API_KEY": "${OPENAI_API_KEY}"
}
EOF
ln -sf /tmp/codex-secrets/auth.json "$CODEX_HOME/auth.json"

Command outputs captured
Running command: if [ -s ~/.nvm/nvm.sh ]; then . ~/.nvm/nvm.sh; fi; codex exec --dangerously-bypass-approvals-and-sandbox --skip-git-repo-check --model gpt-5.5 --json --enable unified_exec -c model_reasoning_effort=xhigh -- '# Cleaning Service

****Task:****
Using the three provided files (tasks.csv, employees.csv, and timesheet.csv),
calculate the total monthly salary for each employee for every month. The total salary is the sum of:
(total hours worked in the month × hourly rate) + any bonuses earned for completed tasks in that month.
Final salary values should be rounded to the nearest integer using standard mathematical rounding.
For each month, the billing period for all employees starts on the same day of the week inherited from the
dataset'"'"'s earliest record.
On that day, employees are required to appear at the workplace to collect their salary.
If any invalid or inconsistent data are found in the input,
they should be corrected where possible based on available data, or otherwise excluded from the final results.
Provide the answer by generating a function that will return the total monthly salaries as:
a dictionary mapping PESEL → list of integer salaries.
For each PESEL, the list of salaries should be sorted by billing month in ascending order.

****Dataset:****
To access the dataset use the files:
- /app/dataset/employees.csv
- /app/dataset/tasks.csv
- /app/dataset/timesheet.csv

****Validation:****
Your final answer will be evaluated with the function in this snippet:

```python
def calculate_dict_of_lists_score(answer: dict[str, list],
                                  gt: dict[str, list]) -> float:
    return calculate_dict_score(answer, gt,
                                calculate_jaccard_index_with_order_factor)


def calculate_dict_score(
    answer: dict,
    gt: dict,
    score_func: Callable[[Any, Any], float],
) -> float:
    total_score = 0.0
    for gt_key, gt_value in gt.items():
        if gt_key in answer:
            answer_value = answer[gt_key]
            total_score += score_func(answer_value, gt_value)
    max_len = max(len(answer), len(gt))
    return total_score / max_len if max_len > 0 else 0.0


def calculate_jaccard_index_with_order_factor(answer_list: list,
                                              gt_list: list) -> float:
    """Calculates the Jaccard index with order factor given two lists:
     ground truth and answer list.

    The order factor is computed as follows:
    - Iterate over the answer list, denote the i-th element as item(i).
    - For item(i), add w(i) * distance_factor(i) to the resulting numerator
     and add w(i) to the resulting denominator.
    - w(i) = 0.9 ** i.
    - Denote max(len(gt_list), len(answer_list)) as max_len.
    - distance_factor(i) = 1 - distance(i) / max_len if item(i) is in the
     gt list, 0 elsewhere.
    - distance(i) = |i - position of item(i) in the gt list|.
    - After an item in the answer list is matched with its counterpart
      in the ground-truth list,
      replace both positions with placeholders to prevent future items
      from matching against already-paired entries.

    Args:
        gt_list: A list representing the ground truth values.
        answer_list: A list representing the predicted values.

    Returns:
        The Jaccard index with order factor as a float.
    """
    jaccard_index = calculate_jaccard_index(answer_list, gt_list)

    max_len = max(len(gt_list), len(answer_list))
    numerator = 0.0
    denominator = 0.0
    # We replace matching pairs with placeholders to deal with the case
    # of repeated list elements.
    placeholder = "<PLACEHOLDER>"
    gt_copy = gt_list.copy()
    for i, item in enumerate(answer_list):
        weight = 0.9**i
        if item in gt_copy:
            gt_i = gt_copy.index(item)
            distance = abs(i - gt_i)
            gt_copy[gt_i] = placeholder
        else:
            distance = max_len
        numerator += weight * (1 - distance / max_len)
        denominator += weight
    order_factor = numerator / denominator if denominator > 0 else 1.0

    return jaccard_index * order_factor


def calculate_jaccard_index(answer: Iterable, gt: Iterable) -> float:
    """Calculates the Jaccard index given two iterables:
    ground truth and answer.

    Args:
        gt: An iterable representing the ground truth values.
        answer: An iterable representing the predicted values.

    Returns:
        The Jaccard index as a float.
    """
    gt_set = set(gt)
    answer_set = set(answer)
    tp = len(gt_set & answer_set)
    denom = len(gt_set | answer_set)
    return 0.0 if denom == 0 else tp / denom
```

****Answer format:****
Write your answer as a Python file at `/app/answer.py` that defines an `answer()` function
and, when executed, saves the returned value as JSON to `/app/answer.json`:

```python
def answer() -> dict[str, list[int]]:
    # logic to compute total salaries per month
    return {
        "11111111111": [1111, 2222, 3333, 4444],
        "22222222222": [5555, 6666, 7777, 8888]
    }

if __name__ == "__main__":
    import json
    with open("/app/answer.json", "w") as f:
        json.dump(answer(), f, default=list)
```

Before you finish, run `python /app/answer.py` so that both `/app/answer.py` and
`/app/answer.json` exist. The `/app/answer.json` file is what gets graded.
' 2>&1 </dev/null | tee /logs/agent/codex.txt
Command outputs captured
Running command: set -euo pipefail; if command -v apk &> /dev/null; then  npm install -g @anthropic-ai/claude-code; else  curl -fsSL https://downloads.claude.ai/claude-code-releases/bootstrap.sh | bash -s --; fi && echo 'export PATH="$HOME/.local/bin:$PATH"' >> ~/.bashrc && export PATH="$HOME/.local/bin:$PATH" && claude --version
Command failed
Classified failed command as NetworkConnectionError (pattern: 'Could not resolve host')
Trial cleaning-service__wPgGaiQ failed: Command failed (exit 6): set -euo pipefail; if command -v apk &> /dev/null; then  npm install -g @anthropic-ai/claude-code; else  curl -fsSL https://downloads.claude.ai/claude-code-releases/bootstrap.sh | bash -s --; fi && echo 'export PATH="$HOME/.local/bin:$PATH"' >> ~/.bashrc && export PATH="$HOME/.local/bin:$PATH" && claude --version
stdout: curl: (6) Could not resolve host: downloads.claude.ai

stderr: None
Command outputs captured
Running command: for bin in node codex; do  BIN_PATH="$(which "$bin" 2>/dev/null || true)";  if [ -n "$BIN_PATH" ] && [ "$BIN_PATH" != "/usr/local/bin/$bin" ]; then    ln -sf "$BIN_PATH" "/usr/local/bin/$bin";  fi; done
Collecting main service artifacts
Command outputs captured
Failed to download artifact '/app/answer.json' from service 'main' (best-effort)
Traceback (most recent call last):
  File "/home/hubert/code/dnb/eda-benchmark/harbor/.venv/lib/python3.13/site-packages/harbor/trial/trial.py", line 350, in run
    await self._prepare()
  File "/home/hubert/code/dnb/eda-benchmark/harbor/.venv/lib/python3.13/site-packages/harbor/trial/trial.py", line 383, in _prepare
    await self._setup_agent()
  File "/home/hubert/code/dnb/eda-benchmark/harbor/.venv/lib/python3.13/site-packages/harbor/trial/trial.py", line 1129, in _setup_agent
    await asyncio.wait_for(
    ...<2 lines>...
    )
  File "/home/hubert/.local/share/uv/python/cpython-3.13.5-linux-x86_64-gnu/lib/python3.13/asyncio/tasks.py", line 507, in wait_for
    return await fut
           ^^^^^^^^^
  File "/home/hubert/code/dnb/eda-benchmark/harbor/.venv/lib/python3.13/site-packages/harbor/agents/installed/base.py", line 507, in setup
    await self.install(environment)
  File "/home/hubert/code/dnb/eda-benchmark/harbor/.venv/lib/python3.13/site-packages/harbor/agents/installed/claude_code.py", line 193, in install
    await self.exec_as_agent(
    ...<12 lines>...
    )
  File "/home/hubert/code/dnb/eda-benchmark/harbor/.venv/lib/python3.13/site-packages/harbor/agents/installed/base.py", line 477, in exec_as_agent
    return await self._exec(
           ^^^^^^^^^^^^^^^^^
        environment, command, env=env, cwd=cwd, timeout_sec=timeout_sec
        ^^^^^^^^^^^^^^^^^^^^^^^^^^^^^^^^^^^^^^^^^^^^^^^^^^^^^^^^^^^^^^^
    )
    ^
  File "/home/hubert/code/dnb/eda-benchmark/harbor/.venv/lib/python3.13/site-packages/harbor/agents/installed/base.py", line 444, in _exec
    raise self._classify_exec_error(command, result)
harbor.agents.installed.base.NetworkConnectionError: Command failed (exit 6): set -euo pipefail; if command -v apk &> /dev/null; then  npm install -g @anthropic-ai/claude-code; else  curl -fsSL https://downloads.claude.ai/claude-code-releases/bootstrap.sh | bash -s --; fi && echo 'export PATH="$HOME/.local/bin:$PATH"' >> ~/.bashrc && export PATH="$HOME/.local/bin:$PATH" && claude --version
stdout: curl: (6) Could not resolve host: downloads.claude.ai

stderr: None

During handling of the above exception, another exception occurred:

Traceback (most recent call last):
  File "/home/hubert/code/dnb/eda-benchmark/harbor/.venv/lib/python3.13/site-packages/harbor/trial/artifact_handler.py", line 330, in _download_artifact
    await source_env.service_download_file(
    ...<3 lines>...
    )
  File "/home/hubert/code/dnb/eda-benchmark/harbor/.venv/lib/python3.13/site-packages/harbor/environments/docker/docker.py", line 1025, in service_download_file
    await self.download_file(source_path, target_path)
  File "/home/hubert/code/dnb/eda-benchmark/harbor/.venv/lib/python3.13/site-packages/harbor/environments/docker/docker.py", line 1010, in download_file
    await self._platform.download_file(source_path, target_path)
  File "/home/hubert/code/dnb/eda-benchmark/harbor/.venv/lib/python3.13/site-packages/harbor/environments/docker/docker_unix.py", line 185, in download_file
    await self._env._run_docker_compose_command(
    ...<2 lines>...
    )
  File "/home/hubert/code/dnb/eda-benchmark/harbor/.venv/lib/python3.13/site-packages/harbor/environments/docker/docker.py", line 631, in _run_docker_compose_command
    raise RuntimeError(
    ...<5 lines>...
    )
RuntimeError: Docker compose command failed for environment cleaning-service. Command: docker compose --project-name cleaning-service__wpggaiq__env --project-directory /home/hubert/code/dnb/eda-benchmark/tasks/cleaning-service/environment -f /tmp/tmpp6s9jxow/cleaning-service__wPgGaiQ__env-docker-compose-resources.json -f /home/hubert/code/dnb/eda-benchmark/harbor/.venv/lib/python3.13/site-packages/harbor/environments/docker/docker-compose-build.yaml -f /tmp/tmpigi6n6wz/docker-compose-mounts.json cp main:/app/answer.json results/benchmark-cleaning-service-20260709-181834/cleaning-service__wPgGaiQ/artifacts/app/answer.json. Return code: 1. Stdout:  cleaning-service__wpggaiq__env-main-1 Copying cleaning-service__wpggaiq__env-main-1:/app/answer.json to results/benchmark-cleaning-service-20260709-181834/cleaning-service__wPgGaiQ/artifacts/app/answer.json
Error response from daemon: Could not find the file /app/answer.json in container 22284ae2cda3d6670c7643e5f8b8afe3d6b2c6f36b5536b0a77c6286f2d21c16
. Stderr: None. 
Running command: mkdir -p "$CODEX_HOME" /tmp/codex-secrets /logs/agent
Command outputs captured
Codex auth: using OPENAI_API_KEY
Running command: cat >/tmp/codex-secrets/auth.json <<EOF
{
  "OPENAI_API_KEY": "${OPENAI_API_KEY}"
}
EOF
ln -sf /tmp/codex-secrets/auth.json "$CODEX_HOME/auth.json"

Command outputs captured
Running command: if [ -s ~/.nvm/nvm.sh ]; then . ~/.nvm/nvm.sh; fi; codex exec --dangerously-bypass-approvals-and-sandbox --skip-git-repo-check --model gpt-5.5 --json --enable unified_exec -c model_reasoning_effort=xhigh -- '# Cleaning Service

****Task:****
Using the three provided files (tasks.csv, employees.csv, and timesheet.csv),
calculate the total monthly salary for each employee for every month. The total salary is the sum of:
(total hours worked in the month × hourly rate) + any bonuses earned for completed tasks in that month.
Final salary values should be rounded to the nearest integer using standard mathematical rounding.
For each month, the billing period for all employees starts on the same day of the week inherited from the
dataset'"'"'s earliest record.
On that day, employees are required to appear at the workplace to collect their salary.
If any invalid or inconsistent data are found in the input,
they should be corrected where possible based on available data, or otherwise excluded from the final results.
Provide the answer by generating a function that will return the total monthly salaries as:
a dictionary mapping PESEL → list of integer salaries.
For each PESEL, the list of salaries should be sorted by billing month in ascending order.

****Dataset:****
To access the dataset use the files:
- /app/dataset/employees.csv
- /app/dataset/tasks.csv
- /app/dataset/timesheet.csv

****Validation:****
Your final answer will be evaluated with the function in this snippet:

```python
def calculate_dict_of_lists_score(answer: dict[str, list],
                                  gt: dict[str, list]) -> float:
    return calculate_dict_score(answer, gt,
                                calculate_jaccard_index_with_order_factor)


def calculate_dict_score(
    answer: dict,
    gt: dict,
    score_func: Callable[[Any, Any], float],
) -> float:
    total_score = 0.0
    for gt_key, gt_value in gt.items():
        if gt_key in answer:
            answer_value = answer[gt_key]
            total_score += score_func(answer_value, gt_value)
    max_len = max(len(answer), len(gt))
    return total_score / max_len if max_len > 0 else 0.0


def calculate_jaccard_index_with_order_factor(answer_list: list,
                                              gt_list: list) -> float:
    """Calculates the Jaccard index with order factor given two lists:
     ground truth and answer list.

    The order factor is computed as follows:
    - Iterate over the answer list, denote the i-th element as item(i).
    - For item(i), add w(i) * distance_factor(i) to the resulting numerator
     and add w(i) to the resulting denominator.
    - w(i) = 0.9 ** i.
    - Denote max(len(gt_list), len(answer_list)) as max_len.
    - distance_factor(i) = 1 - distance(i) / max_len if item(i) is in the
     gt list, 0 elsewhere.
    - distance(i) = |i - position of item(i) in the gt list|.
    - After an item in the answer list is matched with its counterpart
      in the ground-truth list,
      replace both positions with placeholders to prevent future items
      from matching against already-paired entries.

    Args:
        gt_list: A list representing the ground truth values.
        answer_list: A list representing the predicted values.

    Returns:
        The Jaccard index with order factor as a float.
    """
    jaccard_index = calculate_jaccard_index(answer_list, gt_list)

    max_len = max(len(gt_list), len(answer_list))
    numerator = 0.0
    denominator = 0.0
    # We replace matching pairs with placeholders to deal with the case
    # of repeated list elements.
    placeholder = "<PLACEHOLDER>"
    gt_copy = gt_list.copy()
    for i, item in enumerate(answer_list):
        weight = 0.9**i
        if item in gt_copy:
            gt_i = gt_copy.index(item)
            distance = abs(i - gt_i)
            gt_copy[gt_i] = placeholder
        else:
            distance = max_len
        numerator += weight * (1 - distance / max_len)
        denominator += weight
    order_factor = numerator / denominator if denominator > 0 else 1.0

    return jaccard_index * order_factor


def calculate_jaccard_index(answer: Iterable, gt: Iterable) -> float:
    """Calculates the Jaccard index given two iterables:
    ground truth and answer.

    Args:
        gt: An iterable representing the ground truth values.
        answer: An iterable representing the predicted values.

    Returns:
        The Jaccard index as a float.
    """
    gt_set = set(gt)
    answer_set = set(answer)
    tp = len(gt_set & answer_set)
    denom = len(gt_set | answer_set)
    return 0.0 if denom == 0 else tp / denom
```

****Answer format:****
Write your answer as a Python file at `/app/answer.py` that defines an `answer()` function
and, when executed, saves the returned value as JSON to `/app/answer.json`:

```python
def answer() -> dict[str, list[int]]:
    # logic to compute total salaries per month
    return {
        "11111111111": [1111, 2222, 3333, 4444],
        "22222222222": [5555, 6666, 7777, 8888]
    }

if __name__ == "__main__":
    import json
    with open("/app/answer.json", "w") as f:
        json.dump(answer(), f, default=list)
```

Before you finish, run `python /app/answer.py` so that both `/app/answer.py` and
`/app/answer.json` exist. The `/app/answer.json` file is what gets graded.
' 2>&1 </dev/null | tee /logs/agent/codex.txt
Command outputs captured
Running command: set -euo pipefail; if command -v apk &> /dev/null; then  npm install -g @anthropic-ai/claude-code; else  curl -fsSL https://downloads.claude.ai/claude-code-releases/bootstrap.sh | bash -s --; fi && echo 'export PATH="$HOME/.local/bin:$PATH"' >> ~/.bashrc && export PATH="$HOME/.local/bin:$PATH" && claude --version
Command outputs captured
Running command: set -euo pipefail; curl -o- https://raw.githubusercontent.com/nvm-sh/nvm/v0.40.2/install.sh | bash && export NVM_DIR="$HOME/.nvm" && \. "$NVM_DIR/nvm.sh" || true && command -v nvm &>/dev/null || { echo 'Error: NVM failed to load' >&2; exit 1; } && nvm install 22 && npm -v && npm i -g opencode-ai@latest && opencode --version
Command outputs captured
Running command: set -euo pipefail; if ldd --version 2>&1 | grep -qi musl || [ -f /etc/alpine-release ]; then  npm install -g @openai/codex@latest; else  curl -o- https://raw.githubusercontent.com/nvm-sh/nvm/v0.40.2/install.sh | bash &&  export NVM_DIR="$HOME/.nvm" &&  \. "$NVM_DIR/nvm.sh" || true &&  command -v nvm &>/dev/null || { echo 'Error: NVM failed to load' >&2; exit 1; } &&  nvm install 22 && nvm alias default 22 && npm -v &&  npm install -g @openai/codex@latest; fi && codex --version
Command outputs captured
Running command: set -euo pipefail; if ldd --version 2>&1 | grep -qi musl || [ -f /etc/alpine-release ]; then  npm install -g @openai/codex@latest; else  curl -o- https://raw.githubusercontent.com/nvm-sh/nvm/v0.40.2/install.sh | bash &&  export NVM_DIR="$HOME/.nvm" &&  \. "$NVM_DIR/nvm.sh" || true &&  command -v nvm &>/dev/null || { echo 'Error: NVM failed to load' >&2; exit 1; } &&  nvm install 22 && nvm alias default 22 && npm -v &&  npm install -g @openai/codex@latest; fi && codex --version
Command outputs captured
Running command: mkdir -p ~/.gemini && cat > ~/.gemini/settings.json << 'SETTINGS'
{
  "experimental": {
    "skills": true
  }
}
SETTINGS
Command outputs captured
Running command: . ~/.nvm/nvm.sh && gemini --version
Command outputs captured
Not retrying trial because the maximum number of retries has been reached
Gemini auth: using API key / env credentials
Running command: mkdir -p ~/.gemini && printf %s '{
  "security": {
    "auth": {
      "selectedType": "gemini-api-key"
    }
  },
  "modelConfigs": {
    "customAliases": {
      "harbor-gemini-3.1-pro-preview-high": {
        "modelConfig": {
          "model": "gemini-3.1-pro-preview",
          "generateContentConfig": {
            "thinkingConfig": {
              "includeThoughts": true,
              "thinkingLevel": "HIGH"
            }
          }
        }
      }
    }
  },
  "experimental": {
    "skills": true
  }
}' > ~/.gemini/settings.json
Command outputs captured
Running command: if [ -s ~/.nvm/nvm.sh ]; then . ~/.nvm/nvm.sh; fi; gemini --yolo --model=harbor-gemini-3.1-pro-preview-high --prompt='# Cleaning Service

****Task:****
Using the three provided files (tasks.csv, employees.csv, and timesheet.csv),
calculate the total monthly salary for each employee for every month. The total salary is the sum of:
(total hours worked in the month × hourly rate) + any bonuses earned for completed tasks in that month.
Final salary values should be rounded to the nearest integer using standard mathematical rounding.
For each month, the billing period for all employees starts on the same day of the week inherited from the
dataset'"'"'s earliest record.
On that day, employees are required to appear at the workplace to collect their salary.
If any invalid or inconsistent data are found in the input,
they should be corrected where possible based on available data, or otherwise excluded from the final results.
Provide the answer by generating a function that will return the total monthly salaries as:
a dictionary mapping PESEL → list of integer salaries.
For each PESEL, the list of salaries should be sorted by billing month in ascending order.

****Dataset:****
To access the dataset use the files:
- /app/dataset/employees.csv
- /app/dataset/tasks.csv
- /app/dataset/timesheet.csv

****Validation:****
Your final answer will be evaluated with the function in this snippet:

```python
def calculate_dict_of_lists_score(answer: dict[str, list],
                                  gt: dict[str, list]) -> float:
    return calculate_dict_score(answer, gt,
                                calculate_jaccard_index_with_order_factor)


def calculate_dict_score(
    answer: dict,
    gt: dict,
    score_func: Callable[[Any, Any], float],
) -> float:
    total_score = 0.0
    for gt_key, gt_value in gt.items():
        if gt_key in answer:
            answer_value = answer[gt_key]
            total_score += score_func(answer_value, gt_value)
    max_len = max(len(answer), len(gt))
    return total_score / max_len if max_len > 0 else 0.0


def calculate_jaccard_index_with_order_factor(answer_list: list,
                                              gt_list: list) -> float:
    """Calculates the Jaccard index with order factor given two lists:
     ground truth and answer list.

    The order factor is computed as follows:
    - Iterate over the answer list, denote the i-th element as item(i).
    - For item(i), add w(i) * distance_factor(i) to the resulting numerator
     and add w(i) to the resulting denominator.
    - w(i) = 0.9 ** i.
    - Denote max(len(gt_list), len(answer_list)) as max_len.
    - distance_factor(i) = 1 - distance(i) / max_len if item(i) is in the
     gt list, 0 elsewhere.
    - distance(i) = |i - position of item(i) in the gt list|.
    - After an item in the answer list is matched with its counterpart
      in the ground-truth list,
      replace both positions with placeholders to prevent future items
      from matching against already-paired entries.

    Args:
        gt_list: A list representing the ground truth values.
        answer_list: A list representing the predicted values.

    Returns:
        The Jaccard index with order factor as a float.
    """
    jaccard_index = calculate_jaccard_index(answer_list, gt_list)

    max_len = max(len(gt_list), len(answer_list))
    numerator = 0.0
    denominator = 0.0
    # We replace matching pairs with placeholders to deal with the case
    # of repeated list elements.
    placeholder = "<PLACEHOLDER>"
    gt_copy = gt_list.copy()
    for i, item in enumerate(answer_list):
        weight = 0.9**i
        if item in gt_copy:
            gt_i = gt_copy.index(item)
            distance = abs(i - gt_i)
            gt_copy[gt_i] = placeholder
        else:
            distance = max_len
        numerator += weight * (1 - distance / max_len)
        denominator += weight
    order_factor = numerator / denominator if denominator > 0 else 1.0

    return jaccard_index * order_factor


def calculate_jaccard_index(answer: Iterable, gt: Iterable) -> float:
    """Calculates the Jaccard index given two iterables:
    ground truth and answer.

    Args:
        gt: An iterable representing the ground truth values.
        answer: An iterable representing the predicted values.

    Returns:
        The Jaccard index as a float.
    """
    gt_set = set(gt)
    answer_set = set(answer)
    tp = len(gt_set & answer_set)
    denom = len(gt_set | answer_set)
    return 0.0 if denom == 0 else tp / denom
```

****Answer format:****
Write your answer as a Python file at `/app/answer.py` that defines an `answer()` function
and, when executed, saves the returned value as JSON to `/app/answer.json`:

```python
def answer() -> dict[str, list[int]]:
    # logic to compute total salaries per month
    return {
        "11111111111": [1111, 2222, 3333, 4444],
        "22222222222": [5555, 6666, 7777, 8888]
    }

if __name__ == "__main__":
    import json
    with open("/app/answer.json", "w") as f:
        json.dump(answer(), f, default=list)
```

Before you finish, run `python /app/answer.py` so that both `/app/answer.py` and
`/app/answer.json` exist. The `/app/answer.json` file is what gets graded.
' 2>&1 </dev/null | stdbuf -oL tee /logs/agent/gemini-cli.txt
Command outputs captured
Running command: mkdir -p ~/.config/opencode && echo '{
  "provider": {
    "deepseek": {
      "models": {
        "deepseek-reasoner": {}
      }
    }
  }
}' > ~/.config/opencode/opencode.json
Command outputs captured
Running command: . ~/.nvm/nvm.sh; opencode --model=deepseek/deepseek-reasoner run --format=json --thinking --dangerously-skip-permissions -- '# Cleaning Service

****Task:****
Using the three provided files (tasks.csv, employees.csv, and timesheet.csv),
calculate the total monthly salary for each employee for every month. The total salary is the sum of:
(total hours worked in the month × hourly rate) + any bonuses earned for completed tasks in that month.
Final salary values should be rounded to the nearest integer using standard mathematical rounding.
For each month, the billing period for all employees starts on the same day of the week inherited from the
dataset'"'"'s earliest record.
On that day, employees are required to appear at the workplace to collect their salary.
If any invalid or inconsistent data are found in the input,
they should be corrected where possible based on available data, or otherwise excluded from the final results.
Provide the answer by generating a function that will return the total monthly salaries as:
a dictionary mapping PESEL → list of integer salaries.
For each PESEL, the list of salaries should be sorted by billing month in ascending order.

****Dataset:****
To access the dataset use the files:
- /app/dataset/employees.csv
- /app/dataset/tasks.csv
- /app/dataset/timesheet.csv

****Validation:****
Your final answer will be evaluated with the function in this snippet:

```python
def calculate_dict_of_lists_score(answer: dict[str, list],
                                  gt: dict[str, list]) -> float:
    return calculate_dict_score(answer, gt,
                                calculate_jaccard_index_with_order_factor)


def calculate_dict_score(
    answer: dict,
    gt: dict,
    score_func: Callable[[Any, Any], float],
) -> float:
    total_score = 0.0
    for gt_key, gt_value in gt.items():
        if gt_key in answer:
            answer_value = answer[gt_key]
            total_score += score_func(answer_value, gt_value)
    max_len = max(len(answer), len(gt))
    return total_score / max_len if max_len > 0 else 0.0


def calculate_jaccard_index_with_order_factor(answer_list: list,
                                              gt_list: list) -> float:
    """Calculates the Jaccard index with order factor given two lists:
     ground truth and answer list.

    The order factor is computed as follows:
    - Iterate over the answer list, denote the i-th element as item(i).
    - For item(i), add w(i) * distance_factor(i) to the resulting numerator
     and add w(i) to the resulting denominator.
    - w(i) = 0.9 ** i.
    - Denote max(len(gt_list), len(answer_list)) as max_len.
    - distance_factor(i) = 1 - distance(i) / max_len if item(i) is in the
     gt list, 0 elsewhere.
    - distance(i) = |i - position of item(i) in the gt list|.
    - After an item in the answer list is matched with its counterpart
      in the ground-truth list,
      replace both positions with placeholders to prevent future items
      from matching against already-paired entries.

    Args:
        gt_list: A list representing the ground truth values.
        answer_list: A list representing the predicted values.

    Returns:
        The Jaccard index with order factor as a float.
    """
    jaccard_index = calculate_jaccard_index(answer_list, gt_list)

    max_len = max(len(gt_list), len(answer_list))
    numerator = 0.0
    denominator = 0.0
    # We replace matching pairs with placeholders to deal with the case
    # of repeated list elements.
    placeholder = "<PLACEHOLDER>"
    gt_copy = gt_list.copy()
    for i, item in enumerate(answer_list):
        weight = 0.9**i
        if item in gt_copy:
            gt_i = gt_copy.index(item)
            distance = abs(i - gt_i)
            gt_copy[gt_i] = placeholder
        else:
            distance = max_len
        numerator += weight * (1 - distance / max_len)
        denominator += weight
    order_factor = numerator / denominator if denominator > 0 else 1.0

    return jaccard_index * order_factor


def calculate_jaccard_index(answer: Iterable, gt: Iterable) -> float:
    """Calculates the Jaccard index given two iterables:
    ground truth and answer.

    Args:
        gt: An iterable representing the ground truth values.
        answer: An iterable representing the predicted values.

    Returns:
        The Jaccard index as a float.
    """
    gt_set = set(gt)
    answer_set = set(answer)
    tp = len(gt_set & answer_set)
    denom = len(gt_set | answer_set)
    return 0.0 if denom == 0 else tp / denom
```

****Answer format:****
Write your answer as a Python file at `/app/answer.py` that defines an `answer()` function
and, when executed, saves the returned value as JSON to `/app/answer.json`:

```python
def answer() -> dict[str, list[int]]:
    # logic to compute total salaries per month
    return {
        "11111111111": [1111, 2222, 3333, 4444],
        "22222222222": [5555, 6666, 7777, 8888]
    }

if __name__ == "__main__":
    import json
    with open("/app/answer.json", "w") as f:
        json.dump(answer(), f, default=list)
```

Before you finish, run `python /app/answer.py` so that both `/app/answer.py` and
`/app/answer.json` exist. The `/app/answer.json` file is what gets graded.
' 2>&1 </dev/null | stdbuf -oL tee /logs/agent/opencode.txt
Command outputs captured
Running command: for bin in node codex; do  BIN_PATH="$(which "$bin" 2>/dev/null || true)";  if [ -n "$BIN_PATH" ] && [ "$BIN_PATH" != "/usr/local/bin/$bin" ]; then    ln -sf "$BIN_PATH" "/usr/local/bin/$bin";  fi; done
Command outputs captured
Running command: mkdir -p "$CODEX_HOME" /tmp/codex-secrets /logs/agent
Command outputs captured
Codex auth: using OPENAI_API_KEY
Running command: cat >/tmp/codex-secrets/auth.json <<EOF
{
  "OPENAI_API_KEY": "${OPENAI_API_KEY}"
}
EOF
ln -sf /tmp/codex-secrets/auth.json "$CODEX_HOME/auth.json"

Command outputs captured
Running command: if [ -s ~/.nvm/nvm.sh ]; then . ~/.nvm/nvm.sh; fi; codex exec --dangerously-bypass-approvals-and-sandbox --skip-git-repo-check --model gpt-5.4 --json --enable unified_exec -c model_reasoning_effort=xhigh -- '# Cleaning Service

****Task:****
Using the three provided files (tasks.csv, employees.csv, and timesheet.csv),
calculate the total monthly salary for each employee for every month. The total salary is the sum of:
(total hours worked in the month × hourly rate) + any bonuses earned for completed tasks in that month.
Final salary values should be rounded to the nearest integer using standard mathematical rounding.
For each month, the billing period for all employees starts on the same day of the week inherited from the
dataset'"'"'s earliest record.
On that day, employees are required to appear at the workplace to collect their salary.
If any invalid or inconsistent data are found in the input,
they should be corrected where possible based on available data, or otherwise excluded from the final results.
Provide the answer by generating a function that will return the total monthly salaries as:
a dictionary mapping PESEL → list of integer salaries.
For each PESEL, the list of salaries should be sorted by billing month in ascending order.

****Dataset:****
To access the dataset use the files:
- /app/dataset/employees.csv
- /app/dataset/tasks.csv
- /app/dataset/timesheet.csv

****Validation:****
Your final answer will be evaluated with the function in this snippet:

```python
def calculate_dict_of_lists_score(answer: dict[str, list],
                                  gt: dict[str, list]) -> float:
    return calculate_dict_score(answer, gt,
                                calculate_jaccard_index_with_order_factor)


def calculate_dict_score(
    answer: dict,
    gt: dict,
    score_func: Callable[[Any, Any], float],
) -> float:
    total_score = 0.0
    for gt_key, gt_value in gt.items():
        if gt_key in answer:
            answer_value = answer[gt_key]
            total_score += score_func(answer_value, gt_value)
    max_len = max(len(answer), len(gt))
    return total_score / max_len if max_len > 0 else 0.0


def calculate_jaccard_index_with_order_factor(answer_list: list,
                                              gt_list: list) -> float:
    """Calculates the Jaccard index with order factor given two lists:
     ground truth and answer list.

    The order factor is computed as follows:
    - Iterate over the answer list, denote the i-th element as item(i).
    - For item(i), add w(i) * distance_factor(i) to the resulting numerator
     and add w(i) to the resulting denominator.
    - w(i) = 0.9 ** i.
    - Denote max(len(gt_list), len(answer_list)) as max_len.
    - distance_factor(i) = 1 - distance(i) / max_len if item(i) is in the
     gt list, 0 elsewhere.
    - distance(i) = |i - position of item(i) in the gt list|.
    - After an item in the answer list is matched with its counterpart
      in the ground-truth list,
      replace both positions with placeholders to prevent future items
      from matching against already-paired entries.

    Args:
        gt_list: A list representing the ground truth values.
        answer_list: A list representing the predicted values.

    Returns:
        The Jaccard index with order factor as a float.
    """
    jaccard_index = calculate_jaccard_index(answer_list, gt_list)

    max_len = max(len(gt_list), len(answer_list))
    numerator = 0.0
    denominator = 0.0
    # We replace matching pairs with placeholders to deal with the case
    # of repeated list elements.
    placeholder = "<PLACEHOLDER>"
    gt_copy = gt_list.copy()
    for i, item in enumerate(answer_list):
        weight = 0.9**i
        if item in gt_copy:
            gt_i = gt_copy.index(item)
            distance = abs(i - gt_i)
            gt_copy[gt_i] = placeholder
        else:
            distance = max_len
        numerator += weight * (1 - distance / max_len)
        denominator += weight
    order_factor = numerator / denominator if denominator > 0 else 1.0

    return jaccard_index * order_factor


def calculate_jaccard_index(answer: Iterable, gt: Iterable) -> float:
    """Calculates the Jaccard index given two iterables:
    ground truth and answer.

    Args:
        gt: An iterable representing the ground truth values.
        answer: An iterable representing the predicted values.

    Returns:
        The Jaccard index as a float.
    """
    gt_set = set(gt)
    answer_set = set(answer)
    tp = len(gt_set & answer_set)
    denom = len(gt_set | answer_set)
    return 0.0 if denom == 0 else tp / denom
```

****Answer format:****
Write your answer as a Python file at `/app/answer.py` that defines an `answer()` function
and, when executed, saves the returned value as JSON to `/app/answer.json`:

```python
def answer() -> dict[str, list[int]]:
    # logic to compute total salaries per month
    return {
        "11111111111": [1111, 2222, 3333, 4444],
        "22222222222": [5555, 6666, 7777, 8888]
    }

if __name__ == "__main__":
    import json
    with open("/app/answer.json", "w") as f:
        json.dump(answer(), f, default=list)
```

Before you finish, run `python /app/answer.py` so that both `/app/answer.py` and
`/app/answer.json` exist. The `/app/answer.json` file is what gets graded.
' 2>&1 </dev/null | tee /logs/agent/codex.txt
Command outputs captured
Running command: for bin in node codex; do  BIN_PATH="$(which "$bin" 2>/dev/null || true)";  if [ -n "$BIN_PATH" ] && [ "$BIN_PATH" != "/usr/local/bin/$bin" ]; then    ln -sf "$BIN_PATH" "/usr/local/bin/$bin";  fi; done
Command outputs captured
Running command: mkdir -p "$CODEX_HOME" /tmp/codex-secrets /logs/agent
Command outputs captured
Codex auth: using OPENAI_API_KEY
Running command: cat >/tmp/codex-secrets/auth.json <<EOF
{
  "OPENAI_API_KEY": "${OPENAI_API_KEY}"
}
EOF
ln -sf /tmp/codex-secrets/auth.json "$CODEX_HOME/auth.json"

Command outputs captured
Running command: if [ -s ~/.nvm/nvm.sh ]; then . ~/.nvm/nvm.sh; fi; codex exec --dangerously-bypass-approvals-and-sandbox --skip-git-repo-check --model gpt-5.5 --json --enable unified_exec -c model_reasoning_effort=xhigh -- '# Cleaning Service

****Task:****
Using the three provided files (tasks.csv, employees.csv, and timesheet.csv),
calculate the total monthly salary for each employee for every month. The total salary is the sum of:
(total hours worked in the month × hourly rate) + any bonuses earned for completed tasks in that month.
Final salary values should be rounded to the nearest integer using standard mathematical rounding.
For each month, the billing period for all employees starts on the same day of the week inherited from the
dataset'"'"'s earliest record.
On that day, employees are required to appear at the workplace to collect their salary.
If any invalid or inconsistent data are found in the input,
they should be corrected where possible based on available data, or otherwise excluded from the final results.
Provide the answer by generating a function that will return the total monthly salaries as:
a dictionary mapping PESEL → list of integer salaries.
For each PESEL, the list of salaries should be sorted by billing month in ascending order.

****Dataset:****
To access the dataset use the files:
- /app/dataset/employees.csv
- /app/dataset/tasks.csv
- /app/dataset/timesheet.csv

****Validation:****
Your final answer will be evaluated with the function in this snippet:

```python
def calculate_dict_of_lists_score(answer: dict[str, list],
                                  gt: dict[str, list]) -> float:
    return calculate_dict_score(answer, gt,
                                calculate_jaccard_index_with_order_factor)


def calculate_dict_score(
    answer: dict,
    gt: dict,
    score_func: Callable[[Any, Any], float],
) -> float:
    total_score = 0.0
    for gt_key, gt_value in gt.items():
        if gt_key in answer:
            answer_value = answer[gt_key]
            total_score += score_func(answer_value, gt_value)
    max_len = max(len(answer), len(gt))
    return total_score / max_len if max_len > 0 else 0.0


def calculate_jaccard_index_with_order_factor(answer_list: list,
                                              gt_list: list) -> float:
    """Calculates the Jaccard index with order factor given two lists:
     ground truth and answer list.

    The order factor is computed as follows:
    - Iterate over the answer list, denote the i-th element as item(i).
    - For item(i), add w(i) * distance_factor(i) to the resulting numerator
     and add w(i) to the resulting denominator.
    - w(i) = 0.9 ** i.
    - Denote max(len(gt_list), len(answer_list)) as max_len.
    - distance_factor(i) = 1 - distance(i) / max_len if item(i) is in the
     gt list, 0 elsewhere.
    - distance(i) = |i - position of item(i) in the gt list|.
    - After an item in the answer list is matched with its counterpart
      in the ground-truth list,
      replace both positions with placeholders to prevent future items
      from matching against already-paired entries.

    Args:
        gt_list: A list representing the ground truth values.
        answer_list: A list representing the predicted values.

    Returns:
        The Jaccard index with order factor as a float.
    """
    jaccard_index = calculate_jaccard_index(answer_list, gt_list)

    max_len = max(len(gt_list), len(answer_list))
    numerator = 0.0
    denominator = 0.0
    # We replace matching pairs with placeholders to deal with the case
    # of repeated list elements.
    placeholder = "<PLACEHOLDER>"
    gt_copy = gt_list.copy()
    for i, item in enumerate(answer_list):
        weight = 0.9**i
        if item in gt_copy:
            gt_i = gt_copy.index(item)
            distance = abs(i - gt_i)
            gt_copy[gt_i] = placeholder
        else:
            distance = max_len
        numerator += weight * (1 - distance / max_len)
        denominator += weight
    order_factor = numerator / denominator if denominator > 0 else 1.0

    return jaccard_index * order_factor


def calculate_jaccard_index(answer: Iterable, gt: Iterable) -> float:
    """Calculates the Jaccard index given two iterables:
    ground truth and answer.

    Args:
        gt: An iterable representing the ground truth values.
        answer: An iterable representing the predicted values.

    Returns:
        The Jaccard index as a float.
    """
    gt_set = set(gt)
    answer_set = set(answer)
    tp = len(gt_set & answer_set)
    denom = len(gt_set | answer_set)
    return 0.0 if denom == 0 else tp / denom
```

****Answer format:****
Write your answer as a Python file at `/app/answer.py` that defines an `answer()` function
and, when executed, saves the returned value as JSON to `/app/answer.json`:

```python
def answer() -> dict[str, list[int]]:
    # logic to compute total salaries per month
    return {
        "11111111111": [1111, 2222, 3333, 4444],
        "22222222222": [5555, 6666, 7777, 8888]
    }

if __name__ == "__main__":
    import json
    with open("/app/answer.json", "w") as f:
        json.dump(answer(), f, default=list)
```

Before you finish, run `python /app/answer.py` so that both `/app/answer.py` and
`/app/answer.json` exist. The `/app/answer.json` file is what gets graded.
' 2>&1 </dev/null | tee /logs/agent/codex.txt
Command outputs captured
Running command: mkdir -p ~/.config/opencode && echo '{
  "provider": {
    "deepseek": {
      "models": {
        "deepseek-reasoner": {}
      }
    }
  }
}' > ~/.config/opencode/opencode.json
Command outputs captured
Running command: . ~/.nvm/nvm.sh; opencode --model=deepseek/deepseek-reasoner run --format=json --thinking --dangerously-skip-permissions -- '# Cleaning Service

****Task:****
Using the three provided files (tasks.csv, employees.csv, and timesheet.csv),
calculate the total monthly salary for each employee for every month. The total salary is the sum of:
(total hours worked in the month × hourly rate) + any bonuses earned for completed tasks in that month.
Final salary values should be rounded to the nearest integer using standard mathematical rounding.
For each month, the billing period for all employees starts on the same day of the week inherited from the
dataset'"'"'s earliest record.
On that day, employees are required to appear at the workplace to collect their salary.
If any invalid or inconsistent data are found in the input,
they should be corrected where possible based on available data, or otherwise excluded from the final results.
Provide the answer by generating a function that will return the total monthly salaries as:
a dictionary mapping PESEL → list of integer salaries.
For each PESEL, the list of salaries should be sorted by billing month in ascending order.

****Dataset:****
To access the dataset use the files:
- /app/dataset/employees.csv
- /app/dataset/tasks.csv
- /app/dataset/timesheet.csv

****Validation:****
Your final answer will be evaluated with the function in this snippet:

```python
def calculate_dict_of_lists_score(answer: dict[str, list],
                                  gt: dict[str, list]) -> float:
    return calculate_dict_score(answer, gt,
                                calculate_jaccard_index_with_order_factor)


def calculate_dict_score(
    answer: dict,
    gt: dict,
    score_func: Callable[[Any, Any], float],
) -> float:
    total_score = 0.0
    for gt_key, gt_value in gt.items():
        if gt_key in answer:
            answer_value = answer[gt_key]
            total_score += score_func(answer_value, gt_value)
    max_len = max(len(answer), len(gt))
    return total_score / max_len if max_len > 0 else 0.0


def calculate_jaccard_index_with_order_factor(answer_list: list,
                                              gt_list: list) -> float:
    """Calculates the Jaccard index with order factor given two lists:
     ground truth and answer list.

    The order factor is computed as follows:
    - Iterate over the answer list, denote the i-th element as item(i).
    - For item(i), add w(i) * distance_factor(i) to the resulting numerator
     and add w(i) to the resulting denominator.
    - w(i) = 0.9 ** i.
    - Denote max(len(gt_list), len(answer_list)) as max_len.
    - distance_factor(i) = 1 - distance(i) / max_len if item(i) is in the
     gt list, 0 elsewhere.
    - distance(i) = |i - position of item(i) in the gt list|.
    - After an item in the answer list is matched with its counterpart
      in the ground-truth list,
      replace both positions with placeholders to prevent future items
      from matching against already-paired entries.

    Args:
        gt_list: A list representing the ground truth values.
        answer_list: A list representing the predicted values.

    Returns:
        The Jaccard index with order factor as a float.
    """
    jaccard_index = calculate_jaccard_index(answer_list, gt_list)

    max_len = max(len(gt_list), len(answer_list))
    numerator = 0.0
    denominator = 0.0
    # We replace matching pairs with placeholders to deal with the case
    # of repeated list elements.
    placeholder = "<PLACEHOLDER>"
    gt_copy = gt_list.copy()
    for i, item in enumerate(answer_list):
        weight = 0.9**i
        if item in gt_copy:
            gt_i = gt_copy.index(item)
            distance = abs(i - gt_i)
            gt_copy[gt_i] = placeholder
        else:
            distance = max_len
        numerator += weight * (1 - distance / max_len)
        denominator += weight
    order_factor = numerator / denominator if denominator > 0 else 1.0

    return jaccard_index * order_factor


def calculate_jaccard_index(answer: Iterable, gt: Iterable) -> float:
    """Calculates the Jaccard index given two iterables:
    ground truth and answer.

    Args:
        gt: An iterable representing the ground truth values.
        answer: An iterable representing the predicted values.

    Returns:
        The Jaccard index as a float.
    """
    gt_set = set(gt)
    answer_set = set(answer)
    tp = len(gt_set & answer_set)
    denom = len(gt_set | answer_set)
    return 0.0 if denom == 0 else tp / denom
```

****Answer format:****
Write your answer as a Python file at `/app/answer.py` that defines an `answer()` function
and, when executed, saves the returned value as JSON to `/app/answer.json`:

```python
def answer() -> dict[str, list[int]]:
    # logic to compute total salaries per month
    return {
        "11111111111": [1111, 2222, 3333, 4444],
        "22222222222": [5555, 6666, 7777, 8888]
    }

if __name__ == "__main__":
    import json
    with open("/app/answer.json", "w") as f:
        json.dump(answer(), f, default=list)
```

Before you finish, run `python /app/answer.py` so that both `/app/answer.py` and
`/app/answer.json` exist. The `/app/answer.json` file is what gets graded.
' 2>&1 </dev/null | stdbuf -oL tee /logs/agent/opencode.txt
Command outputs captured
Running command: mkdir -p $CLAUDE_CONFIG_DIR/debug $CLAUDE_CONFIG_DIR/projects/-app $CLAUDE_CONFIG_DIR/shell-snapshots $CLAUDE_CONFIG_DIR/statsig $CLAUDE_CONFIG_DIR/todos $CLAUDE_CONFIG_DIR/skills && if [ -d ~/.claude/skills ]; then cp -r ~/.claude/skills/. $CLAUDE_CONFIG_DIR/skills/ 2>/dev/null || true; fi
Command outputs captured
Running command: export PATH="$HOME/.local/bin:$PATH"; claude --verbose --output-format=stream-json --effort xhigh --permission-mode=bypassPermissions --print -- '# Cleaning Service

****Task:****
Using the three provided files (tasks.csv, employees.csv, and timesheet.csv),
calculate the total monthly salary for each employee for every month. The total salary is the sum of:
(total hours worked in the month × hourly rate) + any bonuses earned for completed tasks in that month.
Final salary values should be rounded to the nearest integer using standard mathematical rounding.
For each month, the billing period for all employees starts on the same day of the week inherited from the
dataset'"'"'s earliest record.
On that day, employees are required to appear at the workplace to collect their salary.
If any invalid or inconsistent data are found in the input,
they should be corrected where possible based on available data, or otherwise excluded from the final results.
Provide the answer by generating a function that will return the total monthly salaries as:
a dictionary mapping PESEL → list of integer salaries.
For each PESEL, the list of salaries should be sorted by billing month in ascending order.

****Dataset:****
To access the dataset use the files:
- /app/dataset/employees.csv
- /app/dataset/tasks.csv
- /app/dataset/timesheet.csv

****Validation:****
Your final answer will be evaluated with the function in this snippet:

```python
def calculate_dict_of_lists_score(answer: dict[str, list],
                                  gt: dict[str, list]) -> float:
    return calculate_dict_score(answer, gt,
                                calculate_jaccard_index_with_order_factor)


def calculate_dict_score(
    answer: dict,
    gt: dict,
    score_func: Callable[[Any, Any], float],
) -> float:
    total_score = 0.0
    for gt_key, gt_value in gt.items():
        if gt_key in answer:
            answer_value = answer[gt_key]
            total_score += score_func(answer_value, gt_value)
    max_len = max(len(answer), len(gt))
    return total_score / max_len if max_len > 0 else 0.0


def calculate_jaccard_index_with_order_factor(answer_list: list,
                                              gt_list: list) -> float:
    """Calculates the Jaccard index with order factor given two lists:
     ground truth and answer list.

    The order factor is computed as follows:
    - Iterate over the answer list, denote the i-th element as item(i).
    - For item(i), add w(i) * distance_factor(i) to the resulting numerator
     and add w(i) to the resulting denominator.
    - w(i) = 0.9 ** i.
    - Denote max(len(gt_list), len(answer_list)) as max_len.
    - distance_factor(i) = 1 - distance(i) / max_len if item(i) is in the
     gt list, 0 elsewhere.
    - distance(i) = |i - position of item(i) in the gt list|.
    - After an item in the answer list is matched with its counterpart
      in the ground-truth list,
      replace both positions with placeholders to prevent future items
      from matching against already-paired entries.

    Args:
        gt_list: A list representing the ground truth values.
        answer_list: A list representing the predicted values.

    Returns:
        The Jaccard index with order factor as a float.
    """
    jaccard_index = calculate_jaccard_index(answer_list, gt_list)

    max_len = max(len(gt_list), len(answer_list))
    numerator = 0.0
    denominator = 0.0
    # We replace matching pairs with placeholders to deal with the case
    # of repeated list elements.
    placeholder = "<PLACEHOLDER>"
    gt_copy = gt_list.copy()
    for i, item in enumerate(answer_list):
        weight = 0.9**i
        if item in gt_copy:
            gt_i = gt_copy.index(item)
            distance = abs(i - gt_i)
            gt_copy[gt_i] = placeholder
        else:
            distance = max_len
        numerator += weight * (1 - distance / max_len)
        denominator += weight
    order_factor = numerator / denominator if denominator > 0 else 1.0

    return jaccard_index * order_factor


def calculate_jaccard_index(answer: Iterable, gt: Iterable) -> float:
    """Calculates the Jaccard index given two iterables:
    ground truth and answer.

    Args:
        gt: An iterable representing the ground truth values.
        answer: An iterable representing the predicted values.

    Returns:
        The Jaccard index as a float.
    """
    gt_set = set(gt)
    answer_set = set(answer)
    tp = len(gt_set & answer_set)
    denom = len(gt_set | answer_set)
    return 0.0 if denom == 0 else tp / denom
```

****Answer format:****
Write your answer as a Python file at `/app/answer.py` that defines an `answer()` function
and, when executed, saves the returned value as JSON to `/app/answer.json`:

```python
def answer() -> dict[str, list[int]]:
    # logic to compute total salaries per month
    return {
        "11111111111": [1111, 2222, 3333, 4444],
        "22222222222": [5555, 6666, 7777, 8888]
    }

if __name__ == "__main__":
    import json
    with open("/app/answer.json", "w") as f:
        json.dump(answer(), f, default=list)
```

Before you finish, run `python /app/answer.py` so that both `/app/answer.py` and
`/app/answer.json` exist. The `/app/answer.json` file is what gets graded.
' 2>&1 </dev/null | tee /logs/agent/claude-code.txt
Command outputs captured
Running command: mkdir -p $CLAUDE_CONFIG_DIR/debug $CLAUDE_CONFIG_DIR/projects/-app $CLAUDE_CONFIG_DIR/shell-snapshots $CLAUDE_CONFIG_DIR/statsig $CLAUDE_CONFIG_DIR/todos $CLAUDE_CONFIG_DIR/skills && if [ -d ~/.claude/skills ]; then cp -r ~/.claude/skills/. $CLAUDE_CONFIG_DIR/skills/ 2>/dev/null || true; fi
Command outputs captured
Running command: export PATH="$HOME/.local/bin:$PATH"; claude --verbose --output-format=stream-json --effort xhigh --permission-mode=bypassPermissions --print -- '# Cleaning Service

****Task:****
Using the three provided files (tasks.csv, employees.csv, and timesheet.csv),
calculate the total monthly salary for each employee for every month. The total salary is the sum of:
(total hours worked in the month × hourly rate) + any bonuses earned for completed tasks in that month.
Final salary values should be rounded to the nearest integer using standard mathematical rounding.
For each month, the billing period for all employees starts on the same day of the week inherited from the
dataset'"'"'s earliest record.
On that day, employees are required to appear at the workplace to collect their salary.
If any invalid or inconsistent data are found in the input,
they should be corrected where possible based on available data, or otherwise excluded from the final results.
Provide the answer by generating a function that will return the total monthly salaries as:
a dictionary mapping PESEL → list of integer salaries.
For each PESEL, the list of salaries should be sorted by billing month in ascending order.

****Dataset:****
To access the dataset use the files:
- /app/dataset/employees.csv
- /app/dataset/tasks.csv
- /app/dataset/timesheet.csv

****Validation:****
Your final answer will be evaluated with the function in this snippet:

```python
def calculate_dict_of_lists_score(answer: dict[str, list],
                                  gt: dict[str, list]) -> float:
    return calculate_dict_score(answer, gt,
                                calculate_jaccard_index_with_order_factor)


def calculate_dict_score(
    answer: dict,
    gt: dict,
    score_func: Callable[[Any, Any], float],
) -> float:
    total_score = 0.0
    for gt_key, gt_value in gt.items():
        if gt_key in answer:
            answer_value = answer[gt_key]
            total_score += score_func(answer_value, gt_value)
    max_len = max(len(answer), len(gt))
    return total_score / max_len if max_len > 0 else 0.0


def calculate_jaccard_index_with_order_factor(answer_list: list,
                                              gt_list: list) -> float:
    """Calculates the Jaccard index with order factor given two lists:
     ground truth and answer list.

    The order factor is computed as follows:
    - Iterate over the answer list, denote the i-th element as item(i).
    - For item(i), add w(i) * distance_factor(i) to the resulting numerator
     and add w(i) to the resulting denominator.
    - w(i) = 0.9 ** i.
    - Denote max(len(gt_list), len(answer_list)) as max_len.
    - distance_factor(i) = 1 - distance(i) / max_len if item(i) is in the
     gt list, 0 elsewhere.
    - distance(i) = |i - position of item(i) in the gt list|.
    - After an item in the answer list is matched with its counterpart
      in the ground-truth list,
      replace both positions with placeholders to prevent future items
      from matching against already-paired entries.

    Args:
        gt_list: A list representing the ground truth values.
        answer_list: A list representing the predicted values.

    Returns:
        The Jaccard index with order factor as a float.
    """
    jaccard_index = calculate_jaccard_index(answer_list, gt_list)

    max_len = max(len(gt_list), len(answer_list))
    numerator = 0.0
    denominator = 0.0
    # We replace matching pairs with placeholders to deal with the case
    # of repeated list elements.
    placeholder = "<PLACEHOLDER>"
    gt_copy = gt_list.copy()
    for i, item in enumerate(answer_list):
        weight = 0.9**i
        if item in gt_copy:
            gt_i = gt_copy.index(item)
            distance = abs(i - gt_i)
            gt_copy[gt_i] = placeholder
        else:
            distance = max_len
        numerator += weight * (1 - distance / max_len)
        denominator += weight
    order_factor = numerator / denominator if denominator > 0 else 1.0

    return jaccard_index * order_factor


def calculate_jaccard_index(answer: Iterable, gt: Iterable) -> float:
    """Calculates the Jaccard index given two iterables:
    ground truth and answer.

    Args:
        gt: An iterable representing the ground truth values.
        answer: An iterable representing the predicted values.

    Returns:
        The Jaccard index as a float.
    """
    gt_set = set(gt)
    answer_set = set(answer)
    tp = len(gt_set & answer_set)
    denom = len(gt_set | answer_set)
    return 0.0 if denom == 0 else tp / denom
```

****Answer format:****
Write your answer as a Python file at `/app/answer.py` that defines an `answer()` function
and, when executed, saves the returned value as JSON to `/app/answer.json`:

```python
def answer() -> dict[str, list[int]]:
    # logic to compute total salaries per month
    return {
        "11111111111": [1111, 2222, 3333, 4444],
        "22222222222": [5555, 6666, 7777, 8888]
    }

if __name__ == "__main__":
    import json
    with open("/app/answer.json", "w") as f:
        json.dump(answer(), f, default=list)
```

Before you finish, run `python /app/answer.py` so that both `/app/answer.py` and
`/app/answer.json` exist. The `/app/answer.json` file is what gets graded.
' 2>&1 </dev/null | tee /logs/agent/claude-code.txt
Command outputs captured
Running command: mkdir -p $CLAUDE_CONFIG_DIR/debug $CLAUDE_CONFIG_DIR/projects/-app $CLAUDE_CONFIG_DIR/shell-snapshots $CLAUDE_CONFIG_DIR/statsig $CLAUDE_CONFIG_DIR/todos $CLAUDE_CONFIG_DIR/skills && if [ -d ~/.claude/skills ]; then cp -r ~/.claude/skills/. $CLAUDE_CONFIG_DIR/skills/ 2>/dev/null || true; fi
Command outputs captured
Running command: export PATH="$HOME/.local/bin:$PATH"; claude --verbose --output-format=stream-json --effort xhigh --permission-mode=bypassPermissions --print -- '# Cleaning Service

****Task:****
Using the three provided files (tasks.csv, employees.csv, and timesheet.csv),
calculate the total monthly salary for each employee for every month. The total salary is the sum of:
(total hours worked in the month × hourly rate) + any bonuses earned for completed tasks in that month.
Final salary values should be rounded to the nearest integer using standard mathematical rounding.
For each month, the billing period for all employees starts on the same day of the week inherited from the
dataset'"'"'s earliest record.
On that day, employees are required to appear at the workplace to collect their salary.
If any invalid or inconsistent data are found in the input,
they should be corrected where possible based on available data, or otherwise excluded from the final results.
Provide the answer by generating a function that will return the total monthly salaries as:
a dictionary mapping PESEL → list of integer salaries.
For each PESEL, the list of salaries should be sorted by billing month in ascending order.

****Dataset:****
To access the dataset use the files:
- /app/dataset/employees.csv
- /app/dataset/tasks.csv
- /app/dataset/timesheet.csv

****Validation:****
Your final answer will be evaluated with the function in this snippet:

```python
def calculate_dict_of_lists_score(answer: dict[str, list],
                                  gt: dict[str, list]) -> float:
    return calculate_dict_score(answer, gt,
                                calculate_jaccard_index_with_order_factor)


def calculate_dict_score(
    answer: dict,
    gt: dict,
    score_func: Callable[[Any, Any], float],
) -> float:
    total_score = 0.0
    for gt_key, gt_value in gt.items():
        if gt_key in answer:
            answer_value = answer[gt_key]
            total_score += score_func(answer_value, gt_value)
    max_len = max(len(answer), len(gt))
    return total_score / max_len if max_len > 0 else 0.0


def calculate_jaccard_index_with_order_factor(answer_list: list,
                                              gt_list: list) -> float:
    """Calculates the Jaccard index with order factor given two lists:
     ground truth and answer list.

    The order factor is computed as follows:
    - Iterate over the answer list, denote the i-th element as item(i).
    - For item(i), add w(i) * distance_factor(i) to the resulting numerator
     and add w(i) to the resulting denominator.
    - w(i) = 0.9 ** i.
    - Denote max(len(gt_list), len(answer_list)) as max_len.
    - distance_factor(i) = 1 - distance(i) / max_len if item(i) is in the
     gt list, 0 elsewhere.
    - distance(i) = |i - position of item(i) in the gt list|.
    - After an item in the answer list is matched with its counterpart
      in the ground-truth list,
      replace both positions with placeholders to prevent future items
      from matching against already-paired entries.

    Args:
        gt_list: A list representing the ground truth values.
        answer_list: A list representing the predicted values.

    Returns:
        The Jaccard index with order factor as a float.
    """
    jaccard_index = calculate_jaccard_index(answer_list, gt_list)

    max_len = max(len(gt_list), len(answer_list))
    numerator = 0.0
    denominator = 0.0
    # We replace matching pairs with placeholders to deal with the case
    # of repeated list elements.
    placeholder = "<PLACEHOLDER>"
    gt_copy = gt_list.copy()
    for i, item in enumerate(answer_list):
        weight = 0.9**i
        if item in gt_copy:
            gt_i = gt_copy.index(item)
            distance = abs(i - gt_i)
            gt_copy[gt_i] = placeholder
        else:
            distance = max_len
        numerator += weight * (1 - distance / max_len)
        denominator += weight
    order_factor = numerator / denominator if denominator > 0 else 1.0

    return jaccard_index * order_factor


def calculate_jaccard_index(answer: Iterable, gt: Iterable) -> float:
    """Calculates the Jaccard index given two iterables:
    ground truth and answer.

    Args:
        gt: An iterable representing the ground truth values.
        answer: An iterable representing the predicted values.

    Returns:
        The Jaccard index as a float.
    """
    gt_set = set(gt)
    answer_set = set(answer)
    tp = len(gt_set & answer_set)
    denom = len(gt_set | answer_set)
    return 0.0 if denom == 0 else tp / denom
```

****Answer format:****
Write your answer as a Python file at `/app/answer.py` that defines an `answer()` function
and, when executed, saves the returned value as JSON to `/app/answer.json`:

```python
def answer() -> dict[str, list[int]]:
    # logic to compute total salaries per month
    return {
        "11111111111": [1111, 2222, 3333, 4444],
        "22222222222": [5555, 6666, 7777, 8888]
    }

if __name__ == "__main__":
    import json
    with open("/app/answer.json", "w") as f:
        json.dump(answer(), f, default=list)
```

Before you finish, run `python /app/answer.py` so that both `/app/answer.py` and
`/app/answer.json` exist. The `/app/answer.json` file is what gets graded.
' 2>&1 </dev/null | tee /logs/agent/claude-code.txt
Command outputs captured
Running command: mkdir -p $CLAUDE_CONFIG_DIR/debug $CLAUDE_CONFIG_DIR/projects/-app $CLAUDE_CONFIG_DIR/shell-snapshots $CLAUDE_CONFIG_DIR/statsig $CLAUDE_CONFIG_DIR/todos $CLAUDE_CONFIG_DIR/skills && if [ -d ~/.claude/skills ]; then cp -r ~/.claude/skills/. $CLAUDE_CONFIG_DIR/skills/ 2>/dev/null || true; fi
Command outputs captured
Running command: export PATH="$HOME/.local/bin:$PATH"; claude --verbose --output-format=stream-json --effort xhigh --permission-mode=bypassPermissions --print -- '# Cleaning Service

****Task:****
Using the three provided files (tasks.csv, employees.csv, and timesheet.csv),
calculate the total monthly salary for each employee for every month. The total salary is the sum of:
(total hours worked in the month × hourly rate) + any bonuses earned for completed tasks in that month.
Final salary values should be rounded to the nearest integer using standard mathematical rounding.
For each month, the billing period for all employees starts on the same day of the week inherited from the
dataset'"'"'s earliest record.
On that day, employees are required to appear at the workplace to collect their salary.
If any invalid or inconsistent data are found in the input,
they should be corrected where possible based on available data, or otherwise excluded from the final results.
Provide the answer by generating a function that will return the total monthly salaries as:
a dictionary mapping PESEL → list of integer salaries.
For each PESEL, the list of salaries should be sorted by billing month in ascending order.

****Dataset:****
To access the dataset use the files:
- /app/dataset/employees.csv
- /app/dataset/tasks.csv
- /app/dataset/timesheet.csv

****Validation:****
Your final answer will be evaluated with the function in this snippet:

```python
def calculate_dict_of_lists_score(answer: dict[str, list],
                                  gt: dict[str, list]) -> float:
    return calculate_dict_score(answer, gt,
                                calculate_jaccard_index_with_order_factor)


def calculate_dict_score(
    answer: dict,
    gt: dict,
    score_func: Callable[[Any, Any], float],
) -> float:
    total_score = 0.0
    for gt_key, gt_value in gt.items():
        if gt_key in answer:
            answer_value = answer[gt_key]
            total_score += score_func(answer_value, gt_value)
    max_len = max(len(answer), len(gt))
    return total_score / max_len if max_len > 0 else 0.0


def calculate_jaccard_index_with_order_factor(answer_list: list,
                                              gt_list: list) -> float:
    """Calculates the Jaccard index with order factor given two lists:
     ground truth and answer list.

    The order factor is computed as follows:
    - Iterate over the answer list, denote the i-th element as item(i).
    - For item(i), add w(i) * distance_factor(i) to the resulting numerator
     and add w(i) to the resulting denominator.
    - w(i) = 0.9 ** i.
    - Denote max(len(gt_list), len(answer_list)) as max_len.
    - distance_factor(i) = 1 - distance(i) / max_len if item(i) is in the
     gt list, 0 elsewhere.
    - distance(i) = |i - position of item(i) in the gt list|.
    - After an item in the answer list is matched with its counterpart
      in the ground-truth list,
      replace both positions with placeholders to prevent future items
      from matching against already-paired entries.

    Args:
        gt_list: A list representing the ground truth values.
        answer_list: A list representing the predicted values.

    Returns:
        The Jaccard index with order factor as a float.
    """
    jaccard_index = calculate_jaccard_index(answer_list, gt_list)

    max_len = max(len(gt_list), len(answer_list))
    numerator = 0.0
    denominator = 0.0
    # We replace matching pairs with placeholders to deal with the case
    # of repeated list elements.
    placeholder = "<PLACEHOLDER>"
    gt_copy = gt_list.copy()
    for i, item in enumerate(answer_list):
        weight = 0.9**i
        if item in gt_copy:
            gt_i = gt_copy.index(item)
            distance = abs(i - gt_i)
            gt_copy[gt_i] = placeholder
        else:
            distance = max_len
        numerator += weight * (1 - distance / max_len)
        denominator += weight
    order_factor = numerator / denominator if denominator > 0 else 1.0

    return jaccard_index * order_factor


def calculate_jaccard_index(answer: Iterable, gt: Iterable) -> float:
    """Calculates the Jaccard index given two iterables:
    ground truth and answer.

    Args:
        gt: An iterable representing the ground truth values.
        answer: An iterable representing the predicted values.

    Returns:
        The Jaccard index as a float.
    """
    gt_set = set(gt)
    answer_set = set(answer)
    tp = len(gt_set & answer_set)
    denom = len(gt_set | answer_set)
    return 0.0 if denom == 0 else tp / denom
```

****Answer format:****
Write your answer as a Python file at `/app/answer.py` that defines an `answer()` function
and, when executed, saves the returned value as JSON to `/app/answer.json`:

```python
def answer() -> dict[str, list[int]]:
    # logic to compute total salaries per month
    return {
        "11111111111": [1111, 2222, 3333, 4444],
        "22222222222": [5555, 6666, 7777, 8888]
    }

if __name__ == "__main__":
    import json
    with open("/app/answer.json", "w") as f:
        json.dump(answer(), f, default=list)
```

Before you finish, run `python /app/answer.py` so that both `/app/answer.py` and
`/app/answer.json` exist. The `/app/answer.json` file is what gets graded.
' 2>&1 </dev/null | tee /logs/agent/claude-code.txt
Command outputs captured
Running command: mkdir -p $CLAUDE_CONFIG_DIR/debug $CLAUDE_CONFIG_DIR/projects/-app $CLAUDE_CONFIG_DIR/shell-snapshots $CLAUDE_CONFIG_DIR/statsig $CLAUDE_CONFIG_DIR/todos $CLAUDE_CONFIG_DIR/skills && if [ -d ~/.claude/skills ]; then cp -r ~/.claude/skills/. $CLAUDE_CONFIG_DIR/skills/ 2>/dev/null || true; fi
Command outputs captured
Running command: export PATH="$HOME/.local/bin:$PATH"; claude --verbose --output-format=stream-json --effort xhigh --permission-mode=bypassPermissions --print -- '# Cleaning Service

****Task:****
Using the three provided files (tasks.csv, employees.csv, and timesheet.csv),
calculate the total monthly salary for each employee for every month. The total salary is the sum of:
(total hours worked in the month × hourly rate) + any bonuses earned for completed tasks in that month.
Final salary values should be rounded to the nearest integer using standard mathematical rounding.
For each month, the billing period for all employees starts on the same day of the week inherited from the
dataset'"'"'s earliest record.
On that day, employees are required to appear at the workplace to collect their salary.
If any invalid or inconsistent data are found in the input,
they should be corrected where possible based on available data, or otherwise excluded from the final results.
Provide the answer by generating a function that will return the total monthly salaries as:
a dictionary mapping PESEL → list of integer salaries.
For each PESEL, the list of salaries should be sorted by billing month in ascending order.

****Dataset:****
To access the dataset use the files:
- /app/dataset/employees.csv
- /app/dataset/tasks.csv
- /app/dataset/timesheet.csv

****Validation:****
Your final answer will be evaluated with the function in this snippet:

```python
def calculate_dict_of_lists_score(answer: dict[str, list],
                                  gt: dict[str, list]) -> float:
    return calculate_dict_score(answer, gt,
                                calculate_jaccard_index_with_order_factor)


def calculate_dict_score(
    answer: dict,
    gt: dict,
    score_func: Callable[[Any, Any], float],
) -> float:
    total_score = 0.0
    for gt_key, gt_value in gt.items():
        if gt_key in answer:
            answer_value = answer[gt_key]
            total_score += score_func(answer_value, gt_value)
    max_len = max(len(answer), len(gt))
    return total_score / max_len if max_len > 0 else 0.0


def calculate_jaccard_index_with_order_factor(answer_list: list,
                                              gt_list: list) -> float:
    """Calculates the Jaccard index with order factor given two lists:
     ground truth and answer list.

    The order factor is computed as follows:
    - Iterate over the answer list, denote the i-th element as item(i).
    - For item(i), add w(i) * distance_factor(i) to the resulting numerator
     and add w(i) to the resulting denominator.
    - w(i) = 0.9 ** i.
    - Denote max(len(gt_list), len(answer_list)) as max_len.
    - distance_factor(i) = 1 - distance(i) / max_len if item(i) is in the
     gt list, 0 elsewhere.
    - distance(i) = |i - position of item(i) in the gt list|.
    - After an item in the answer list is matched with its counterpart
      in the ground-truth list,
      replace both positions with placeholders to prevent future items
      from matching against already-paired entries.

    Args:
        gt_list: A list representing the ground truth values.
        answer_list: A list representing the predicted values.

    Returns:
        The Jaccard index with order factor as a float.
    """
    jaccard_index = calculate_jaccard_index(answer_list, gt_list)

    max_len = max(len(gt_list), len(answer_list))
    numerator = 0.0
    denominator = 0.0
    # We replace matching pairs with placeholders to deal with the case
    # of repeated list elements.
    placeholder = "<PLACEHOLDER>"
    gt_copy = gt_list.copy()
    for i, item in enumerate(answer_list):
        weight = 0.9**i
        if item in gt_copy:
            gt_i = gt_copy.index(item)
            distance = abs(i - gt_i)
            gt_copy[gt_i] = placeholder
        else:
            distance = max_len
        numerator += weight * (1 - distance / max_len)
        denominator += weight
    order_factor = numerator / denominator if denominator > 0 else 1.0

    return jaccard_index * order_factor


def calculate_jaccard_index(answer: Iterable, gt: Iterable) -> float:
    """Calculates the Jaccard index given two iterables:
    ground truth and answer.

    Args:
        gt: An iterable representing the ground truth values.
        answer: An iterable representing the predicted values.

    Returns:
        The Jaccard index as a float.
    """
    gt_set = set(gt)
    answer_set = set(answer)
    tp = len(gt_set & answer_set)
    denom = len(gt_set | answer_set)
    return 0.0 if denom == 0 else tp / denom
```

****Answer format:****
Write your answer as a Python file at `/app/answer.py` that defines an `answer()` function
and, when executed, saves the returned value as JSON to `/app/answer.json`:

```python
def answer() -> dict[str, list[int]]:
    # logic to compute total salaries per month
    return {
        "11111111111": [1111, 2222, 3333, 4444],
        "22222222222": [5555, 6666, 7777, 8888]
    }

if __name__ == "__main__":
    import json
    with open("/app/answer.json", "w") as f:
        json.dump(answer(), f, default=list)
```

Before you finish, run `python /app/answer.py` so that both `/app/answer.py` and
`/app/answer.json` exist. The `/app/answer.json` file is what gets graded.
' 2>&1 </dev/null | tee /logs/agent/claude-code.txt
Command outputs captured
Running command: mkdir -p /logs/agent
if [ -d "$CODEX_HOME/sessions" ]; then
  rm -rf /logs/agent/sessions
  cp -R "$CODEX_HOME/sessions" /logs/agent/sessions
fi
Command outputs captured
Running command: rm -rf /tmp/codex-secrets "$CODEX_HOME"
Command outputs captured
Wrote Codex trajectory to results/benchmark-cleaning-service-20260709-181834/cleaning-service__zP9jaU9/agent/trajectory.json
Collecting main service artifacts
Skipping image OS validation for hb__dd95c925b44a8666e611c0d4a0ad2972: docker inspect returned 1
Command outputs captured
Wrote opencode trajectory to results/benchmark-cleaning-service-20260709-181834/cleaning-service__LN2Qe7F/agent/trajectory.json
Collecting main service artifacts
Command outputs captured
Running command: mkdir -p /logs/agent
if [ -d "$CODEX_HOME/sessions" ]; then
  rm -rf /logs/agent/sessions
  cp -R "$CODEX_HOME/sessions" /logs/agent/sessions
fi
Command outputs captured
Running command: rm -rf /tmp/codex-secrets "$CODEX_HOME"
Command outputs captured
Wrote Codex trajectory to results/benchmark-cleaning-service-20260709-181834/cleaning-service__47mMLdz/agent/trajectory.json
Collecting main service artifacts
Command outputs captured
Wrote opencode trajectory to results/benchmark-cleaning-service-20260709-181834/cleaning-service__yWd5Uq3/agent/trajectory.json
Collecting main service artifacts
Skipping image OS validation for hb__dd95c925b44a8666e611c0d4a0ad2972: docker inspect returned 1
Skipping image OS validation for hb__dd95c925b44a8666e611c0d4a0ad2972: docker inspect returned 1
Skipping image OS validation for hb__dd95c925b44a8666e611c0d4a0ad2972: docker inspect returned 1
Command outputs captured
Running command: mkdir -p /logs/agent
if [ -d "$CODEX_HOME/sessions" ]; then
  rm -rf /logs/agent/sessions
  cp -R "$CODEX_HOME/sessions" /logs/agent/sessions
fi
Command outputs captured
Running command: rm -rf /tmp/codex-secrets "$CODEX_HOME"
Command outputs captured
Wrote Codex trajectory to results/benchmark-cleaning-service-20260709-181834/cleaning-service__b6sPMTy/agent/trajectory.json
Collecting main service artifacts
Skipping image OS validation for hb__dd95c925b44a8666e611c0d4a0ad2972: docker inspect returned 1
Command outputs captured
Running command: latest=$(find ~/.gemini/tmp -type f \( -name 'session-*.json' -o -name 'session-*.jsonl' \) -printf '%T@ %p\n' 2>/dev/null | sort -nr | head -n 1 | cut -d' ' -f2-); if [ -n "$latest" ]; then case "$latest" in *.jsonl) cp "$latest" /logs/agent/gemini-cli.trajectory.jsonl ;; *) cp "$latest" /logs/agent/gemini-cli.trajectory.json ;; esac; fi
Command outputs captured
Running command: rm -rf /tmp/gemini-secrets ~/.gemini/oauth_creds.json
Command outputs captured
Collecting main service artifacts
Skipping image OS validation for hb__dd95c925b44a8666e611c0d4a0ad2972: docker inspect returned 1
Command outputs captured
Wrote Claude Code trajectory to results/benchmark-cleaning-service-20260709-181834/cleaning-service__rBoGLeY/agent/trajectory.json
Collecting main service artifacts
Command outputs captured
Running command: mkdir -p /logs/agent
if [ -d "$CODEX_HOME/sessions" ]; then
  rm -rf /logs/agent/sessions
  cp -R "$CODEX_HOME/sessions" /logs/agent/sessions
fi
Command outputs captured
Running command: rm -rf /tmp/codex-secrets "$CODEX_HOME"
Command outputs captured
Wrote Codex trajectory to results/benchmark-cleaning-service-20260709-181834/cleaning-service__tyDEUZY/agent/trajectory.json
Collecting main service artifacts
Skipping image OS validation for hb__dd95c925b44a8666e611c0d4a0ad2972: docker inspect returned 1
Skipping image OS validation for hb__dd95c925b44a8666e611c0d4a0ad2972: docker inspect returned 1
Command outputs captured
Running command: latest=$(find ~/.gemini/tmp -type f \( -name 'session-*.json' -o -name 'session-*.jsonl' \) -printf '%T@ %p\n' 2>/dev/null | sort -nr | head -n 1 | cut -d' ' -f2-); if [ -n "$latest" ]; then case "$latest" in *.jsonl) cp "$latest" /logs/agent/gemini-cli.trajectory.jsonl ;; *) cp "$latest" /logs/agent/gemini-cli.trajectory.json ;; esac; fi
Command outputs captured
Running command: rm -rf /tmp/gemini-secrets ~/.gemini/oauth_creds.json
Command outputs captured
Collecting main service artifacts
Skipping image OS validation for hb__dd95c925b44a8666e611c0d4a0ad2972: docker inspect returned 1
Command outputs captured
Wrote Claude Code trajectory to results/benchmark-cleaning-service-20260709-181834/cleaning-service__8G6QZN7/agent/trajectory.json
Collecting main service artifacts
Command outputs captured
Running command: mkdir -p /logs/agent
if [ -d "$CODEX_HOME/sessions" ]; then
  rm -rf /logs/agent/sessions
  cp -R "$CODEX_HOME/sessions" /logs/agent/sessions
fi
Command outputs captured
Running command: rm -rf /tmp/codex-secrets "$CODEX_HOME"
Command outputs captured
Wrote Codex trajectory to results/benchmark-cleaning-service-20260709-181834/cleaning-service__Y8MhpE9/agent/trajectory.json
Collecting main service artifacts
Command outputs captured
Wrote Claude Code trajectory to results/benchmark-cleaning-service-20260709-181834/cleaning-service__yTxnkAN/agent/trajectory.json
Collecting main service artifacts
Skipping image OS validation for hb__dd95c925b44a8666e611c0d4a0ad2972: docker inspect returned 1
Skipping image OS validation for hb__dd95c925b44a8666e611c0d4a0ad2972: docker inspect returned 1
Skipping image OS validation for hb__dd95c925b44a8666e611c0d4a0ad2972: docker inspect returned 1
Command outputs captured
Wrote Claude Code trajectory to results/benchmark-cleaning-service-20260709-181834/cleaning-service__QAUvp27/agent/trajectory.json
Collecting main service artifacts
Skipping image OS validation for hb__dd95c925b44a8666e611c0d4a0ad2972: docker inspect returned 1
Command outputs captured
Wrote Claude Code trajectory to results/benchmark-cleaning-service-20260709-181834/cleaning-service__zStxsMc/agent/trajectory.json
Collecting main service artifacts
Skipping image OS validation for hb__dd95c925b44a8666e611c0d4a0ad2972: docker inspect returned 1
