invoice_id,seller_id,buyer_id,invoice_date,net_amount,vat_amount,gross_amount,vat_rate,product_category,payment_delay_days
689474,9357,5765,2019-11-17,19510.81,4487.49,23998.3,0.23,Services,0
926567,5125,5765,2019-11-19,28530.08,6561.92,35092.0,0.23,Services,3
240600,9357,5765,2019-11-21,23124.23,5318.57,28442.8,0.23,Services,1
690384,5125,5765,2019-11-23,21288.49,4896.35,26184.84,0.23,Services,2
240721,9357,5765,2019-11-25,34393.58,7910.52,42304.1,0.23,Services,3
371539,5125,5765,2019-11-27,28671.89,6594.53,35266.42,0.23,Services,2
578141,9357,5765,2019-11-29,33026.03,7595.99,40622.02,0.23,Services,3
318877,5125,5765,2019-12-01,21704.76,4992.09,26696.85,0.23,Services,2
134866,9357,5765,2019-12-03,21596.98,4967.31,26564.29,0.23,Services,0
609878,5125,5765,2019-12-05,19635.56,4516.18,24151.74,0.23,Services,2
236717,4136,1967,2019-09-12,28427.93,6538.42,34966.35,0.23,Services,3
694223,4866,1967,2019-09-14,24113.38,5546.08,29659.46,0.23,Services,2
472089,4136,1967,2019-09-16,34204.31,7866.99,42071.3,0.23,Services,3
986493,4866,1967,2019-09-18,31236.46,7184.39,38420.85,0.23,Services,3
635807,4136,1967,2019-09-20,34613.59,7961.13,42574.72,0.23,Services,3
587572,4866,1967,2019-09-22,28207.76,6487.78,34695.54,0.23,Services,2
730364,4136,1967,2019-09-24,19102.07,4393.48,23495.55,0.23,Services,3
864127,4866,1967,2019-09-26,27419.06,6306.38,33725.44,0.23,Services,2
109064,4136,1967,2019-09-28,18641.31,4287.5,22928.81,0.23,Services,2
545520,4866,1967,2019-09-30,19478.18,4479.98,23958.16,0.23,Services,1
690149,9464,3554,2019-10-05,25193.71,5794.55,30988.26,0.23,Services,0
408864,8100,3554,2019-10-07,31816.69,7317.84,39134.53,0.23,Services,2
682318,9464,3554,2019-10-09,29454.43,6774.52,36228.95,0.23,Services,2
342116,8100,3554,2019-10-11,18535.61,4263.19,22798.8,0.23,Services,1
292519,9464,3554,2019-10-13,20485.24,4711.61,25196.85,0.23,Services,3
578174,8100,3554,2019-10-15,23145.06,5323.36,28468.42,0.23,Services,2
555762,9464,3554,2019-10-17,33809.89,7776.27,41586.16,0.23,Services,2
956800,8100,3554,2019-10-19,34968.54,8042.76,43011.3,0.23,Services,0
451732,9464,3554,2019-10-21,30398.34,6991.62,37389.96,0.23,Services,3
148370,8100,3554,2019-10-23,26970.6,6203.24,33173.84,0.23,Services,0
567553,9198,2950,2019-12-23,34738.93,7989.95,42728.88,0.23,,1
849775,9292,2950,2019-12-25,34653.46,7970.3,42623.76,0.23,Services,2
570800,9198,2950,2019-12-27,22097.83,5082.5,27180.33,0.23,Services,1
282160,9292,2950,2019-12-29,21901.81,5037.42,26939.23,0.23,Services,0
638764,9198,2950,2019-12-31,21804.03,5014.93,26818.96,0.23,Services,1
579297,9292,2950,2020-01-02,29024.44,6675.62,35700.06,0.23,Services,3
338717,9198,2950,2020-01-04,19762.51,4545.38,24307.89,0.23,Services,0
568913,9292,2950,2020-01-06,22707.88,5222.81,27930.69,0.23,Services,3
376976,9198,2950,2020-01-08,23495.92,5404.06,28899.98,0.23,Services,3
247231,9292,2950,2020-01-10,26003.89,5980.89,31984.78,0.23,Services,1
236751,6315,8810,2019-11-07,30426.48,6998.09,37424.57,0.23,Services,1
409263,3690,8810,2019-11-09,22863.15,5258.52,28121.67,0.23,Services,1
532920,6315,8810,2019-11-11,25664.96,5902.94,31567.9,0.23,Services,2
339985,3690,8810,2019-11-13,33752.67,7763.11,41515.78,0.23,Services,1
126667,6315,8810,2019-11-15,31160.09,7166.82,38326.91,0.23,Services,3
861252,3690,8810,2019-11-17,33562.89,7719.46,41282.35,0.23,,1
649451,6315,8810,2019-11-19,29125.89,6698.95,35824.84,0.23,Services,0
193984,3690,8810,2019-11-21,21372.26,4915.62,26287.88,0.23,Services,3
311091,5232,7021,2019-10-22,30265.4,6961.04,37226.44,0.23,Services,2
579668,9598,7021,2019-10-24,32780.81,7539.59,40320.4,0.23,Services,1
217503,5232,7021,2019-10-26,33747.83,7762.0,41509.83,0.23,Services,2
637919,9598,7021,2019-10-28,33094.11,7611.65,40705.76,0.23,Services,2
835093,5232,7021,2019-10-30,21901.84,5037.42,26939.26,0.23,Services,3
481505,9598,7021,2019-11-01,27034.62,6217.96,33252.58,0.23,Services,1
297134,5232,7021,2019-11-03,34593.74,7956.56,42550.3,0.23,Services,2
407939,9598,7021,2019-11-05,18198.0,4185.54,22383.54,0.23,Services,1
259587,5144,8770,2019-09-06,31896.21,7336.13,39232.34,0.23,Services,1
931891,6456,8770,2019-09-08,18766.21,4316.23,23082.44,0.23,Services,1
223395,5144,8770,2019-09-10,30098.64,6922.69,37021.33,0.23,Services,1
717552,6456,8770,2019-09-12,24914.58,5730.35,30644.93,0.23,Services,2
620321,5144,8770,2019-09-14,28384.49,6528.43,34912.92,0.23,Services,0
594354,6456,8770,2019-09-16,26884.37,6183.41,33067.78,0.23,,0
305170,5144,8770,2019-09-18,30724.95,7066.74,37791.69,0.23,Services,3
737532,6456,8770,2019-09-20,34764.99,7995.95,42760.94,0.23,Services,0
323720,5529,4521,2019-09-23,30112.66,6925.91,37038.57,0.23,Services,2
453928,4747,4521,2019-09-25,25948.37,5968.13,31916.5,0.23,Services,2
834635,5529,4521,2019-09-27,18777.52,4318.83,23096.35,0.23,Services,0
758283,4747,4521,2019-09-29,32250.9,7417.71,39668.61,0.23,Services,2
637434,5529,4521,2019-10-01,20763.18,4775.53,25538.71,0.23,Services,3
162339,4747,4521,2019-10-03,28968.08,6662.66,35630.74,0.23,Services,3
856548,5529,4521,2019-10-05,27479.62,6320.31,33799.93,0.23,Services,2
332856,4747,4521,2019-10-07,23392.89,5380.36,28773.25,0.23,Services,1
688642,4659,3495,2019-12-20,29085.95,6689.77,35775.72,0.23,Services,2
883083,7073,3495,2019-12-22,30261.91,6960.24,37222.15,0.23,,0
606340,4659,3495,2019-12-24,33684.1,7747.34,41431.44,0.23,,0
441194,7073,3495,2019-12-26,22858.78,5257.52,28116.3,0.23,Services,1
620796,4659,3495,2019-12-28,33187.53,7633.13,40820.66,0.23,Services,3
374229,7073,3495,2019-12-30,29070.8,6686.28,35757.08,0.23,Services,1
488121,4659,3495,2020-01-01,19853.82,4566.38,24420.2,0.23,Services,2
334015,7073,3495,2020-01-03,25415.76,5845.62,31261.38,0.23,Services,3
204185,8919,1060,2019-12-27,34889.18,8024.51,42913.69,0.23,,0
716843,6115,1060,2019-12-29,23647.98,5439.04,29087.02,0.23,,1
626541,8919,1060,2019-12-31,22276.0,5123.48,27399.48,0.23,Services,1
511539,6115,1060,2020-01-02,28982.34,6665.94,35648.28,0.23,Services,1
139701,8919,1060,2020-01-04,31437.33,7230.59,38667.92,0.23,Services,1
323084,6115,1060,2020-01-06,26712.41,6143.85,32856.26,0.23,Services,0
135567,8919,1060,2020-01-08,26205.69,6027.31,32233.0,0.23,Services,0
484799,6115,1060,2020-01-10,18938.18,4355.78,23293.96,0.23,Services,3
608066,2530,8285,2019-12-31,25819.41,5938.46,31757.87,0.23,Services,0
772327,3679,8285,2020-01-02,21318.13,4903.17,26221.3,0.23,Services,1
719081,2530,8285,2020-01-04,25831.87,5941.33,31773.2,0.23,Services,2
947518,3679,8285,2020-01-06,34192.88,7864.36,42057.24,0.23,Services,1
974844,2530,8285,2020-01-08,27804.44,6395.02,34199.46,0.23,Services,0
756478,3679,8285,2020-01-10,30246.79,6956.76,37203.55,0.23,Services,3
191395,2530,8285,2020-01-12,28819.86,6628.57,35448.43,0.23,Services,0
533012,3679,8285,2020-01-14,32692.06,7519.17,40211.23,0.23,Services,1
811693,4612,7894,2019-02-08,999.22,229.82,1229.04,0.23,Software,14
616868,4612,8142,2019-08-17,998.73,229.71,1228.44,0.23,Software,27
762977,4612,7365,2019-06-07,999.27,229.83,1229.1,0.23,Software,4
221831,4612,5655,2019-07-21,998.58,229.67,1228.25,0.23,Software,27
211853,4612,8615,2019-04-20,998.7,229.7,1228.4,0.23,Software,25
660743,4612,5297,2019-09-12,998.68,229.7,1228.38,0.23,Software,21
360131,4612,6176,2019-03-14,998.96,229.76,1228.72,0.23,Software,4
529463,4612,4327,2019-05-05,999.16,229.81,1228.97,0.23,Software,29
757011,4612,1471,2019-06-05,998.52,229.66,1228.18,0.23,Software,18
241274,4612,1128,2019-05-28,998.83,229.73,1228.56,0.23,Software,0
195674,4612,6394,2019-08-27,999.03,229.78,1228.81,0.23,Software,19
892891,4612,8246,2019-01-20,999.1,229.79,1228.89,0.23,Software,5
584311,4612,1356,2019-02-14,998.69,229.7,1228.39,0.23,Software,5
675965,4612,6743,2019-04-18,999.03,229.78,1228.81,0.23,Software,1
526045,4612,4661,2019-04-14,998.53,229.66,1228.19,0.23,Software,22
585661,4612,2554,2019-06-17,998.73,229.71,1228.44,0.23,Software,26
941395,4612,5478,2019-04-21,999.11,229.8,1228.91,0.23,,1
959754,4612,1038,2019-04-12,999.03,229.78,1228.81,0.23,Software,22
460295,4612,5859,2019-11-14,999.45,229.87,1229.32,0.23,Software,1
979154,4612,4738,2019-08-24,998.72,229.71,1228.43,0.23,Software,22
482659,4612,3419,2019-11-06,999.24,229.83,1229.07,0.23,Software,4
184112,4612,1643,2019-09-22,999.25,229.83,1229.08,0.23,Software,8
685821,4612,9030,2019-07-04,998.85,229.74,1228.59,0.23,Software,16
551747,4612,7398,2019-07-29,999.01,229.77,1228.78,0.23,Software,18
145504,4612,5611,2019-04-04,999.04,229.78,1228.82,0.23,Software,18
404363,8382,9316,2019-03-19,998.86,229.74,1228.6,0.23,Software,11
721521,8382,3690,2019-07-31,999.4,229.86,1229.26,0.23,Software,28
592490,8382,5597,2019-10-18,998.77,229.72,1228.49,0.23,Software,19
411036,8382,5219,2019-05-14,999.43,229.87,1229.3,0.23,Software,26
182949,8382,1471,2019-03-25,998.78,229.72,1228.5,0.23,Software,27
234206,8382,1867,2019-06-11,998.92,229.75,1228.67,0.23,Software,0
388589,8382,6847,2019-08-16,999.04,229.78,1228.82,0.23,Software,4
237545,8382,5786,2019-08-21,998.7,229.7,1228.4,0.23,Software,6
677743,8382,4642,2019-03-24,998.58,229.67,1228.25,0.23,Software,28
575551,8382,3203,2019-04-17,998.82,229.73,1228.55,0.23,Software,5
490648,8382,6139,2019-09-19,999.21,229.82,1229.03,0.23,Software,13
524593,8382,9569,2019-12-22,999.33,229.85,1229.18,0.23,Software,8
630048,8382,4443,2019-11-23,999.27,229.83,1229.1,0.23,Software,10
321752,8382,4541,2019-09-18,998.51,229.66,1228.17,0.23,Software,27
106949,8382,8624,2019-06-16,999.12,229.8,1228.92,0.23,Software,20
286133,8382,8094,2019-04-17,998.61,229.68,1228.29,0.23,Software,24
718932,8382,6646,2019-08-03,999.36,229.85,1229.21,0.23,Software,0
963435,8382,5222,2019-12-04,999.06,229.78,1228.84,0.23,Software,14
579415,8382,7326,2019-04-07,999.28,229.83,1229.11,0.23,Software,17
422743,8382,8954,2019-01-24,998.91,229.75,1228.66,0.23,Software,25
979035,8382,6176,2019-05-16,998.98,229.77,1228.75,0.23,Software,13
213697,8382,6587,2019-10-26,999.1,229.79,1228.89,0.23,,24
694120,8382,1179,2019-12-03,999.18,229.81,1228.99,0.23,Software,19
570360,8382,7272,2019-10-19,999.11,229.8,1228.91,0.23,Software,2
483606,8382,2554,2019-04-18,999.02,229.77,1228.79,0.23,Software,7
418933,2029,12345679,2020-01-01,47306.48,10880.49,58186.97,0.23,Services,2
187811,2029,12345680,2020-01-04,57792.25,13292.22,71084.47,0.23,,0
263412,2029,12345679,2020-01-07,38019.15,8744.4,46763.55,0.23,Services,3
618328,2029,12345680,2020-01-10,30363.28,6983.55,37346.83,0.23,Services,5
442097,2029,12345679,2020-01-13,32916.5,7570.8,40487.3,0.23,Services,2
635078,2029,12345680,2020-01-16,52758.22,12134.39,64892.61,0.23,Services,2
812551,2029,12345679,2020-01-19,58276.85,13403.68,71680.53,0.23,Services,1
977122,6453,12345679,2019-10-31,40663.82,9352.68,50016.5,0.23,Services,4
957039,6453,12345680,2019-11-03,47511.28,10927.59,58438.87,0.23,Services,0
671111,6453,12345679,2019-11-06,41401.31,9522.3,50923.61,0.23,Services,2
983954,6453,12345680,2019-11-09,44401.78,10212.41,54614.19,0.23,Services,5
444228,6453,12345679,2019-11-12,52963.41,12181.58,65144.99,0.23,Services,4
780490,6453,12345680,2019-11-15,32948.33,7578.12,40526.45,0.23,Services,5
903019,6453,12345679,2019-11-18,43225.39,9941.84,53167.23,0.23,Services,0
612406,3915,1798,2019-09-16,8680.89,434.04,9114.93,0.05,Pharmaceuticals,24
194245,3915,2192,2019-09-19,7951.06,397.55,8348.61,0.05,Furniture,25
101209,3915,4659,2019-09-22,8600.21,430.01,9030.22,0.05,Education Services,26
513478,3915,2868,2019-09-25,385.74,88.72,474.46,0.23,Construction Materials,49
492168,3915,5232,2019-09-28,9676.21,2225.53,11901.74,0.23,Services,40
104918,3915,3215,2019-10-01,561.15,28.06,589.21,0.05,Pharmaceuticals,9
510442,3915,6139,2019-10-04,760.54,38.03,798.57,0.05,Machinery,43
299950,3915,5403,2019-10-07,9895.41,494.77,10390.18,0.05,Construction Materials,16
813318,3915,3293,2019-10-10,806.01,185.38,991.39,0.23,Machinery,46
321119,3915,6371,2019-10-13,377.68,18.88,396.56,0.05,Automotive,16
487728,3915,5544,2019-10-16,9499.35,759.95,10259.3,0.08,Food,23
248339,3915,5340,2019-10-19,7820.11,1798.63,9618.74,0.23,Electronics,20
690885,3915,6862,2019-10-22,9767.1,781.37,10548.47,0.08,,25
860696,3915,1389,2019-10-25,6441.4,515.31,6956.71,0.08,Pharmaceuticals,1
359973,3915,3472,2019-10-28,912.81,73.02,985.83,0.08,Furniture,51
992727,3915,5800,2019-10-31,930.1,46.51,976.61,0.05,Electronics,40
765308,3915,1484,2019-11-03,9546.3,763.7,10310.0,0.08,Food,12
293347,3915,7961,2019-11-06,20770.56,1038.53,21809.09,0.05,Food,55
966970,3915,1682,2019-11-09,4270.01,341.6,4611.61,0.08,Furniture,29
612092,3915,9171,2019-11-12,739.37,170.06,909.43,0.23,Financial Services,10
184160,4691,1068,2019-10-03,959.53,47.98,1007.51,0.05,Office Supplies,59
421087,4691,2293,2019-10-06,7783.56,389.18,8172.74,0.05,Financial Services,27
868725,4691,7043,2019-10-09,1739.64,400.12,2139.76,0.23,Financial Services,43
956562,4691,8034,2019-10-12,938.84,75.11,1013.95,0.08,Construction Materials,55
775094,4691,5918,2019-10-15,453.76,22.69,476.45,0.05,Financial Services,9
804212,4691,6371,2019-10-18,3136.49,721.39,3857.88,0.23,Financial Services,10
279896,4691,9335,2019-10-21,964.44,221.82,1186.26,0.23,Food,10
430303,4691,4925,2019-10-24,979.88,78.39,1058.27,0.08,Healthcare Equipment,23
117411,4691,6740,2019-10-27,17398.89,4001.74,21400.63,0.23,Office Supplies,16
570570,4691,2454,2019-10-30,9732.46,486.62,10219.08,0.05,Construction Materials,19
454134,4691,8378,2019-11-02,910.86,209.5,1120.36,0.23,Electronics,39
822241,4691,9747,2019-11-05,905.88,72.47,978.35,0.08,Clothing,42
964438,4691,1526,2019-11-08,883.87,203.29,1087.16,0.23,Financial Services,6
546920,4691,6485,2019-11-11,965.17,77.21,1042.38,0.08,Automotive,12
471503,4691,3668,2019-11-14,9889.62,494.48,10384.1,0.05,Food,34
355758,4691,7911,2019-11-17,8677.09,694.17,9371.26,0.08,Healthcare Equipment,22
465742,4691,9621,2019-11-20,7376.82,368.84,7745.66,0.05,Healthcare Equipment,8
754305,4691,5593,2019-11-23,4979.82,398.39,5378.21,0.08,Electronics,13
164344,4691,2939,2019-11-26,7475.42,373.77,7849.19,0.05,Clothing,39
118515,4691,4119,2019-11-29,5849.2,1345.32,7194.52,0.23,Healthcare Equipment,22
973440,6703,9515,2019-09-14,9085.06,2089.56,11174.62,0.23,Financial Services,42
199027,6703,3727,2019-09-17,721.14,57.69,778.83,0.08,Services,48
624324,6703,8481,2019-09-20,8487.17,424.36,8911.53,0.05,Clothing,25
174573,6703,1082,2019-09-23,24775.56,1238.78,26014.34,0.05,Automotive,41
662465,6703,4665,2019-09-26,573.55,45.88,619.43,0.08,Pharmaceuticals,57
171982,6703,7971,2019-09-29,743.11,37.16,780.27,0.05,Education Services,24
858072,6703,6750,2019-10-02,7950.97,397.55,8348.52,0.05,Healthcare Equipment,56
428140,6703,3974,2019-10-05,8117.25,405.86,8523.11,0.05,Clothing,45
702611,6703,2040,2019-10-08,8412.64,420.63,8833.27,0.05,Furniture,6
119718,6703,9783,2019-10-11,715.22,35.76,750.98,0.05,Furniture,9
671061,6703,9464,2019-10-14,9986.17,499.31,10485.48,0.05,Services,4
629679,6703,9814,2019-10-17,793.59,182.53,976.12,0.23,Office Supplies,52
283023,6703,3839,2019-10-20,2145.1,493.37,2638.47,0.23,Software,51
953233,6703,2536,2019-10-23,929.64,213.82,1143.46,0.23,Software,52
311108,6703,5362,2019-10-26,937.24,215.57,1152.81,0.23,Pharmaceuticals,2
407814,6703,6300,2019-10-29,6484.77,518.78,7003.55,0.08,Electronics,38
460761,6703,9179,2019-11-01,4666.5,373.32,5039.82,0.08,Automotive,20
125110,6703,6631,2019-11-04,757.75,37.89,795.64,0.05,Healthcare Equipment,9
845397,6703,6078,2019-11-07,512.17,25.61,537.78,0.05,Services,18
953403,6703,9099,2019-11-10,8331.03,416.55,8747.58,0.05,Clothing,59
250326,7951,6398,2019-11-24,21696.87,1084.84,22781.71,0.05,Food,9
300633,7951,3780,2019-11-27,9988.12,2297.27,12285.39,0.23,Education Services,17
243531,7951,4928,2019-11-30,544.72,125.29,670.01,0.23,Clothing,32
910266,7951,5541,2019-12-03,896.11,44.81,940.92,0.05,Healthcare Equipment,11
114610,7951,5597,2019-12-06,931.2,74.5,1005.7,0.08,Healthcare Equipment,41
639666,7951,3152,2019-12-09,5653.83,452.31,6106.14,0.08,Pharmaceuticals,6
965461,7951,9814,2019-12-12,892.83,71.43,964.26,0.08,Construction Materials,25
687482,7951,6600,2019-12-15,829.61,41.48,871.09,0.05,Automotive,12
374334,7951,2070,2019-12-18,817.89,65.43,883.32,0.08,Food,44
188072,7951,9220,2019-12-21,790.3,181.77,972.07,0.23,Construction Materials,47
497039,7951,9467,2019-12-24,939.04,215.98,1155.02,0.23,Services,21
360788,7951,8947,2019-12-27,6165.22,493.22,6658.44,0.08,Services,35
347390,7951,8556,2019-12-30,3422.85,787.26,4210.11,0.23,Automotive,21
564965,7951,3974,2020-01-02,983.95,49.2,1033.15,0.05,Education Services,16
704778,7951,9018,2020-01-05,701.68,35.08,736.76,0.05,Automotive,46
104680,7951,4460,2020-01-08,567.79,45.42,613.21,0.08,,29
443247,7951,5764,2020-01-11,396.2,31.7,427.9,0.08,Automotive,13
719068,7951,7393,2020-01-14,843.5,67.48,910.98,0.08,Education Services,58
283939,7951,8556,2020-01-17,793.51,182.51,976.02,0.23,Furniture,24
971741,7951,3293,2020-01-20,635.88,50.87,686.75,0.08,Services,7
852703,7859,7357,2019-07-04,2844.56,654.25,3498.81,0.23,Office Supplies,47
164479,7898,8944,2019-05-28,11121.22,889.7,12010.92,0.08,,39
255986,6315,1714,2019-02-09,222.58,51.19,273.77,0.23,Clothing,3
485238,1473,9560,2019-03-05,283.06,65.1,348.16,0.23,Services,54
887331,2105,7992,2019-12-05,24361.59,1218.08,25579.67,0.05,Education Services,29
256356,4619,1537,2019-01-02,8611.32,1980.6,10591.92,0.23,Clothing,46
598652,5098,6895,2019-01-01,151.23,12.1,163.33,0.08,Automotive,45
965144,6115,2043,2019-11-28,476.44,23.82,500.26,0.05,Healthcare Equipment,21
935161,1343,8035,2019-09-19,19874.51,993.73,20868.24,0.05,Office Supplies,2
909842,3407,2906,2019-07-13,1358.21,312.39,1670.6,0.23,Software,33
135561,2363,8152,2019-03-17,24586.67,1966.93,26553.6,0.08,Pharmaceuticals,38
615917,7801,4655,2019-10-02,1906.91,152.55,2059.46,0.08,Automotive,44
453518,5544,7297,2019-04-13,12898.74,644.94,13543.68,0.05,Automotive,31
659957,4823,1381,2019-12-12,2901.69,145.08,3046.77,0.05,Food,6
367518,6539,1422,2019-06-13,167.53,13.4,180.93,0.08,Electronics,44
687522,4327,3251,2019-07-09,1306.66,104.53,1411.19,0.08,Services,38
329184,8902,5615,2019-04-26,22859.56,1142.98,24002.54,0.05,Automotive,9
239159,1925,2156,2019-01-30,5897.21,294.86,6192.07,0.05,,18
289158,9783,9050,2019-05-28,16564.62,3809.86,20374.48,0.23,Office Supplies,30
482011,3378,4866,2019-05-14,7443.0,595.44,8038.44,0.08,Healthcare Equipment,8
429537,3645,4745,2019-07-02,16276.32,3743.55,20019.87,0.23,Education Services,2
240683,7294,5597,2019-02-15,561.79,28.09,589.88,0.05,Services,42
648443,3420,7421,2019-10-15,18625.17,931.26,19556.43,0.05,Food,35
466890,7120,1929,2019-12-27,445.79,22.29,468.08,0.05,Services,7
508650,7340,2379,2019-02-15,960.16,220.84,1181.0,0.23,Furniture,1
601682,7398,4889,2019-02-12,1611.9,80.6,1692.5,0.05,Education Services,48
641258,4925,1826,2019-03-05,495.0,24.75,519.75,0.05,Pharmaceuticals,59
353821,9158,7992,2019-01-13,2101.48,483.34,2584.82,0.23,Pharmaceuticals,41
742973,9514,8919,2019-01-21,891.41,205.02,1096.43,0.23,Services,32
210465,7258,7032,2019-01-29,2585.75,594.72,3180.47,0.23,Pharmaceuticals,34
586337,3407,5057,2019-10-28,3330.78,166.54,3497.32,0.05,Furniture,8
503361,6167,1786,2019-07-14,177.3,8.87,186.17,0.05,Services,60
218571,7971,2164,2019-01-10,148.47,7.42,155.89,0.05,Office Supplies,39
604258,1733,7479,2019-12-31,281.98,14.1,296.08,0.05,Clothing,35
917610,7055,7760,2019-12-27,1147.99,57.4,1205.39,0.05,Machinery,20
268778,3808,1151,2019-08-15,8007.0,400.35,8407.35,0.05,Financial Services,38
918656,2329,1925,2019-06-09,531.65,26.58,558.23,0.05,Pharmaceuticals,44
376424,3378,1763,2019-01-10,346.72,17.34,364.06,0.05,Clothing,47
241419,1792,8226,2019-05-16,4549.71,1046.43,5596.14,0.23,Healthcare Equipment,6
213441,7340,5156,2019-01-03,1871.87,93.59,1965.46,0.05,Office Supplies,57
498592,3692,5240,2019-12-30,1590.31,79.52,1669.83,0.05,Clothing,11
684113,9073,1966,2019-01-22,654.96,32.75,687.71,0.05,Financial Services,55
129848,9226,3502,2019-11-30,281.96,22.56,304.52,0.08,Financial Services,39
144108,6676,2916,2019-04-29,8324.1,1914.54,10238.64,0.23,Construction Materials,40
846296,1867,8441,2019-01-21,4661.82,1072.22,5734.04,0.23,Clothing,10
904350,4245,9868,2019-12-16,278.94,64.16,343.1,0.23,Healthcare Equipment,29
651286,7258,7305,2019-06-08,229.06,11.45,240.51,0.05,Healthcare Equipment,22
327962,9198,4901677,2019-04-05,222.12,51.09,273.21,0.23,Services,17
309945,9674,7952,2019-05-19,4341.63,347.33,4688.96,0.08,Furniture,28
338839,6274,9115212733,2019-10-30,1126.28,259.04,1385.32,0.23,Services,35
333752,6357,8377,2019-12-28,572.21,131.61,703.82,0.23,Electronics,49
412716,9482,9971,2019-10-03,15622.88,1249.83,16872.71,0.08,Services,43
301699,3502,7971,2019-11-17,384.23,30.74,414.97,0.08,Services,3
376233,7099,8556,2019-12-01,24506.46,1225.32,25731.78,0.05,Financial Services,20
421199,3779,6685,2019-01-08,506.15,25.31,531.46,0.05,Financial Services,44
767998,9966,6295,2019-01-19,931.59,74.53,1006.12,0.08,Furniture,56
805650,6295,3930,2019-01-16,271.95,62.55,334.5,0.23,Healthcare Equipment,29
199730,4991,8158,2019-06-22,2712.52,623.88,3336.4,0.23,Food,43
338447,6600,7801,2019-04-24,17392.95,1391.44,18784.39,0.08,Automotive,60
189677,1302,1422,2019-12-08,8389.3,419.46,8808.76,0.05,Clothing,15
131903,2464,2044,2019-04-07,1095.19,87.62,1182.81,0.08,Electronics,16
629192,8508,1048,2019-10-06,767.71,38.39,806.1,0.05,Furniture,39
129942,2328,5814,2019-04-17,7757.42,1784.21,9541.63,0.23,Automotive,48
107714,3775,6132,2019-05-29,8128.28,650.26,8778.54,0.08,Electronics,34
126958,7396,6917,2019-07-28,4609.69,230.48,4840.17,0.05,Machinery,42
754836,7396,7073,2019-09-01,116.29,9.3,125.59,0.08,Services,56
204216,5538,1185,2019-10-30,235.4,11.77,247.17,0.05,Machinery,59
133530,6422,2405,2019-12-29,4327.69,216.38,4544.07,0.05,Pharmaceuticals,53
770528,3756,9335,2019-01-21,898.79,206.72,1105.51,0.23,Automotive,18
869626,2454,3419,2019-10-27,6881.39,344.07,7225.46,0.05,Office Supplies,27
194789,6238,4984,2019-04-29,297.86,68.51,366.37,0.23,Services,17
490051,5694,5061,2019-01-21,19878.09,993.9,20871.99,0.05,Electronics,12
355510,9598,4541,2019-06-24,264.45,13.22,277.67,0.05,Healthcare Equipment,39
155313,3650,2750,2019-02-11,124.14,9.93,134.07,0.08,Pharmaceuticals,5
574068,3543,9998,2019-06-24,897.08,71.77,968.85,0.08,Software,15
503596,1372,3199,2019-02-01,421.91,97.04,518.95,0.23,Electronics,45
487560,1151,9654,2019-08-22,367.94,29.44,397.38,0.08,,9
893020,8256,5098,2019-12-13,352.24,28.18,380.42,0.08,Automotive,37
557567,1356,6295,2019-04-10,8376.0,1926.48,10302.48,0.23,Office Supplies,56
392225,6796,12345679,2019-07-02,1027.78,236.39,1264.17,0.23,Services,43
448878,1250,5613,2019-06-06,1356.82,108.55,1465.37,0.08,Automotive,26
469660,6895,4663,2019-06-26,891.84,71.35,963.19,0.08,Food,35
329191,5531,4469,2019-01-06,319.54,73.49,393.03,0.23,Construction Materials,53
606362,5786,9565,2019-03-31,3905.81,312.46,4218.27,0.08,Financial Services,10
632398,9226,4434,2019-12-20,166.09,13.29,179.38,0.08,Healthcare Equipment,24
123275,6935,6390,2019-12-03,1992.66,458.31,2450.97,0.23,Food,59
655449,7392,1372,2019-02-27,1612.12,80.61,1692.73,0.05,Food,58
635189,3472,8645,2019-04-26,6384.72,1468.49,7853.21,0.23,Construction Materials,49
337588,3690,9613,2019-06-28,22629.42,1810.35,24439.77,0.08,Office Supplies,25
836497,9464,9812,2019-01-17,1478.41,118.27,1596.68,0.08,Construction Materials,53
824173,9444,9226,2019-01-29,911.49,45.57,957.06,0.05,Pharmaceuticals,26
501921,8816,8070,2019-11-09,497.74,114.48,612.22,0.23,Education Services,20
403548,2044,4340,2019-08-30,366.32,18.32,384.64,0.05,Electronics,23
613664,5426,5003,2019-12-18,930.49,46.52,977.01,0.05,Construction Materials,16
624368,5114,4674,2019-07-31,23599.2,5427.82,29027.02,0.23,Machinery,21
820302,5853,3361,2019-07-16,226.88,52.18,279.06,0.23,Construction Materials,25
784352,3668,4306,2019-03-09,133.33,30.67,164.0,0.23,Financial Services,52
826426,4665,1546,2019-12-28,216.49,49.79,266.28,0.23,Healthcare Equipment,2
507982,4642,5614,2019-07-09,143.54,11.48,155.02,0.08,Machinery,34
597590,9224,2326,2019-11-16,3025.38,151.27,3176.65,0.05,Automotive,46
583568,3136,7911,2019-01-30,8456.47,676.52,9132.99,0.08,Machinery,41
888541,3269,4663,2019-04-08,427.23,34.18,461.41,0.08,Healthcare Equipment,43
403173,4642,1627,2019-11-01,812.82,65.03,877.85,0.08,Food,22
332390,1786,4313,2019-07-20,174.2,40.07,214.27,0.23,Education Services,29
753705,6917,2916,2019-04-05,716.98,164.91,881.89,0.23,Software,60
272815,8256,1250,2019-08-16,882.22,70.58,952.8,0.08,Services,59
637369,2771,7651,2019-06-14,2447.54,122.38,2569.92,0.05,Office Supplies,40
399423,8368,3126,2019-07-11,9928.54,496.43,10424.97,0.05,Pharmaceuticals,7
848079,4659,8665,2019-03-28,12655.53,632.78,13288.31,0.05,Furniture,5
106418,9292,8674,2019-02-24,14259.09,712.95,14972.04,0.05,Office Supplies,4
905743,1323,4617,2019-01-29,7873.11,1810.82,9683.93,0.23,Education Services,30
364499,9179,3027,2019-08-29,3394.22,271.54,3665.76,0.08,Furniture,34
794898,2298,4560,2019-05-19,6072.53,1396.68,7469.21,0.23,Services,38
240403,7393,3469,2019-03-31,3956.16,197.81,4153.97,0.05,Automotive,51
712298,9335,9939,2019-12-13,5109.32,255.47,5364.79,0.05,Electronics,57
473606,2750,7453,2019-07-18,7018.97,1614.36,8633.33,0.23,Electronics,19
296092,5541,6703,2019-01-01,733.33,168.67,902.0,0.23,Food,23
715799,8785,5411,2019-04-18,11860.95,593.05,12454.0,0.05,Pharmaceuticals,17
158337,5232,6031,2019-12-25,1669.81,133.58,1803.39,0.08,Machinery,38
773106,3808,4659,2019-12-16,20646.01,1651.68,22297.69,0.08,Construction Materials,40
359207,5507,6558,2019-06-17,113.13,5.66,118.79,0.05,Healthcare Equipment,34
497360,2750,3915,2019-08-17,274.36,13.72,288.08,0.05,Furniture,6
920882,3112,1473,2019-05-12,18997.78,949.89,19947.67,0.05,Machinery,49
696485,8179,4317,2019-12-18,1862.09,148.97,2011.06,0.08,,60
841506,5232,3828,2019-10-17,556.49,127.99,684.48,0.23,Automotive,14
234201,4689,2683,2019-02-02,391.38,90.02,481.4,0.23,Electronics,54
262021,2363,3163,2019-06-26,4048.94,931.26,4980.2,0.23,Electronics,16
162711,3247,1343,2019-04-28,3151.78,157.59,3309.37,0.05,Education Services,48
787821,1688,6394,2019-12-04,24339.64,1947.17,26286.81,0.08,Automotive,33
856290,1688,1038,2019-05-27,1518.27,121.46,1639.73,0.08,Food,38
571531,2955,2771,2019-03-30,1685.91,134.87,1820.78,0.08,Education Services,11
523302,2529,6463,2019-05-22,4144.93,331.59,4476.52,0.08,Education Services,42
991123,9783,8441,2019-03-29,437.6,100.65,538.25,0.23,Services,30
460896,3300,2753,2019-02-06,794.15,182.65,976.8,0.23,Education Services,36
734734,2868,8342,2019-01-07,769.51,61.56,831.07,0.08,Office Supplies,2
492104,1106,2439681,2019-05-04,885.35,203.63,1088.98,0.23,Services,31
696609,4245,7784,2019-10-06,455.43,104.75,560.18,0.23,Pharmaceuticals,49
886370,5240,9390,2019-06-06,249.43,19.95,269.38,0.08,Financial Services,12
214207,9444,8924,2019-09-15,1562.92,125.03,1687.95,0.08,Electronics,57
881841,9963,5340,2019-04-05,7418.65,1706.29,9124.94,0.23,Pharmaceuticals,18
215007,2819,8488,2019-01-27,357.01,17.85,374.86,0.05,Office Supplies,42
383916,1925,3727,2019-09-23,6854.5,342.73,7197.23,0.05,Software,39
267486,3213,2030,2019-02-16,1698.16,390.58,2088.74,0.23,Services,23
918225,4505,6802,2019-11-04,300.79,24.06,324.85,0.08,Healthcare Equipment,24
990544,7522,4991,2019-03-23,689.39,55.15,744.54,0.08,Services,34
589926,2553,8366,2019-04-19,24946.06,5737.59,30683.65,0.23,Construction Materials,14
880825,2070,3472,2019-09-11,16324.26,1305.94,17630.2,0.08,Pharmaceuticals,41
893786,2226,2326,2019-03-11,223.2,17.86,241.06,0.08,,8
528877,6594,9214,2019-03-17,215.53,10.78,226.31,0.05,Automotive,52
203586,6080,8806,2019-01-03,2407.75,553.78,2961.53,0.23,Furniture,3
626119,8806,12345679,2019-09-05,330.52,76.02,406.54,0.23,Services,6
501523,6167,8246,2019-06-22,9178.1,458.91,9637.01,0.05,Machinery,7
803376,3168,1185,2019-05-22,3869.38,193.47,4062.85,0.05,Services,8
613539,7055,1381,2019-02-16,7681.16,1766.67,9447.83,0.23,Furniture,17
822098,6594,7393,2019-10-30,2875.73,230.06,3105.79,0.08,Software,41
526897,8142,8481,2019-12-28,984.97,49.25,1034.22,0.05,Pharmaceuticals,9
584073,1966,4646,2019-04-28,6554.11,1507.45,8061.56,0.23,Furniture,36
783332,8809,9347,2019-04-12,468.02,23.4,491.42,0.05,Food,57
462550,2044,3809,2019-11-30,1110.5,255.42,1365.92,0.23,Software,11
591383,3125,2490,2019-07-07,181.96,9.1,191.06,0.05,Pharmaceuticals,4
950773,4090,1139,2019-12-25,4326.04,346.08,4672.12,0.08,,24
151042,1048,5738,2019-11-17,155.74,35.82,191.56,0.23,Furniture,2
351483,6479,5786,2019-07-20,9497.14,759.77,10256.91,0.08,Electronics,15
473798,3284,3988,2019-01-02,20059.69,1002.98,21062.67,0.05,Food,17
850266,2536,3657,2019-08-03,288.87,23.11,311.98,0.08,Furniture,17
656855,1718,3867,2019-08-22,972.02,77.76,1049.78,0.08,Services,30
170963,1484,5914,2019-06-15,620.36,142.68,763.04,0.23,Pharmaceuticals,25
968824,9910,3472,2019-01-30,1855.09,426.67,2281.76,0.23,Furniture,56
156397,1304,4595,2019-11-23,22558.96,1127.95,23686.91,0.05,Services,14
133329,7971,1185,2019-02-21,3952.06,908.97,4861.03,0.23,Automotive,47
543559,7305,7272,2019-10-26,967.34,77.39,1044.73,0.08,Services,13
280555,2906,3668,2019-01-05,221.94,51.05,272.99,0.23,Clothing,51
596565,4834,6547,2019-01-29,310.69,71.46,382.15,0.23,Education Services,8
594720,4090,9180,2019-08-18,7056.36,564.51,7620.87,0.08,Education Services,0
275926,1343,7312,2019-06-15,3778.12,868.97,4647.09,0.23,Office Supplies,14
558883,5548,7605,2019-07-03,22283.36,1782.67,24066.03,0.08,Pharmaceuticals,29
234598,2790,7965,2019-02-20,288.55,14.43,302.98,0.05,Food,33
994598,5615,6456,2019-09-15,425.26,97.81,523.07,0.23,Machinery,37
437340,7843,9259,2019-02-18,290.07,66.72,356.79,0.23,Services,39
803498,9661,8377,2019-09-30,13887.77,3194.19,17081.96,0.23,Healthcare Equipment,34
714612,5362,5984,2019-01-20,289.43,14.47,303.9,0.05,Office Supplies,47
397422,7784,4868,2019-12-10,14405.93,1152.47,15558.4,0.08,Healthcare Equipment,23
237175,3851,8623,2019-02-12,3067.51,245.4,3312.91,0.08,Machinery,4
127345,4533,8508,2019-10-09,413.81,95.18,508.99,0.23,Pharmaceuticals,10
279536,1916,8467,2019-01-03,244.34,12.22,256.56,0.05,Services,41
447683,9674,9224,2019-10-26,5851.28,292.56,6143.84,0.05,Clothing,47
206225,4960,8801,2019-07-10,4714.94,377.2,5092.14,0.08,Furniture,22
290731,4737,1736,2019-08-02,9966.98,498.35,10465.33,0.05,Clothing,12
425081,5647,6547,2019-09-03,1701.39,85.07,1786.46,0.05,Electronics,31
818518,5316,6506,2019-01-14,948.92,47.45,996.37,0.05,Construction Materials,48
960394,7337,2176,2019-10-22,771.38,38.57,809.95,0.05,Office Supplies,59
948585,4313,9368,2019-04-13,185.84,42.74,228.58,0.23,Automotive,49
562586,2070,6357,2019-11-16,1850.82,92.54,1943.36,0.05,Financial Services,18
803700,3236,3215,2019-05-18,22150.27,1107.51,23257.78,0.05,Clothing,40
376139,3657,34339537,2019-05-12,848.36,195.12,1043.48,0.23,Services,33
141497,7250,3331,2019-02-05,3269.94,752.09,4022.03,0.23,Food,2
611075,3429,1377,2019-11-22,700.6,161.14,861.74,0.23,Services,19
603507,7863,3199,2019-07-24,2789.79,641.65,3431.44,0.23,Office Supplies,0
770045,7029,9420,2019-02-06,6365.03,318.25,6683.28,0.05,Pharmaceuticals,34
545241,9755,9585,2019-12-31,183.49,42.2,225.69,0.23,Education Services,14
309465,8452,9814,2019-05-31,897.73,44.89,942.62,0.05,,34
169107,3338,9224,2019-10-04,174.54,8.73,183.27,0.05,Clothing,34
625142,5798,8816,2019-08-05,863.28,198.55,1061.83,0.23,Healthcare Equipment,28
216770,4245,8709,2019-07-29,12668.79,2913.82,15582.61,0.23,Construction Materials,25
895785,1736,9171,2019-09-25,2107.06,484.62,2591.68,0.23,Automotive,16
631903,1068,3393,2019-01-31,1983.95,99.2,2083.15,0.05,Software,14
458098,2490,2536,2019-05-26,6329.29,1455.74,7785.03,0.23,Food,38
160183,5937,9674,2019-03-16,4202.25,336.18,4538.43,0.08,Financial Services,34
362031,3269,6184,2019-09-15,14542.91,727.15,15270.06,0.05,Office Supplies,15
854305,5254,6703,2019-10-04,15638.64,1251.09,16889.73,0.08,Electronics,14
216743,1377,3296,2019-07-26,363.6,83.63,447.23,0.23,Services,39
564996,7894,9179,2019-12-29,247.43,19.79,267.22,0.08,Construction Materials,52
980018,7859,8460,2019-09-26,2760.18,634.84,3395.02,0.23,Automotive,14
363153,5046,2955,2019-04-27,307.94,15.4,323.34,0.05,Food,50
612167,8826,6039,2019-08-27,175.16,14.01,189.17,0.08,Software,23
437413,8559,1319,2019-07-13,178.88,41.14,220.02,0.23,Electronics,12
788042,5057,8179,2019-11-28,464.25,37.14,501.39,0.08,Electronics,30
719437,2790,2953,2019-11-17,377.58,18.88,396.46,0.05,Automotive,49
145647,1211,9444,2019-12-29,198.33,15.87,214.2,0.08,Furniture,10
525156,7880,8488,2019-06-14,1572.11,125.77,1697.88,0.08,Pharmaceuticals,33
493737,6184,9418,2019-03-04,16495.23,824.76,17319.99,0.05,Food,8
282461,2508,4674,2019-12-07,176.03,14.08,190.11,0.08,Electronics,32
494347,5219,2753,2019-09-20,8527.2,1961.26,10488.46,0.23,Food,4
497573,3756,7360,2019-11-27,578.82,46.31,625.13,0.08,Automotive,10
352922,4663,9390,2019-05-12,139.86,32.17,172.03,0.23,Office Supplies,17
255660,6296,1938,2019-07-01,1593.43,366.49,1959.92,0.23,Healthcare Equipment,3
672621,5402,7878,2019-04-13,1785.38,89.27,1874.65,0.05,Services,13
120303,3964,3061,2019-08-25,527.34,26.37,553.71,0.05,Education Services,28
140981,5507,4981,2019-07-26,2928.31,673.51,3601.82,0.23,Furniture,51
446192,9868,8112,2019-10-27,244.24,12.21,256.45,0.05,,48
628127,2176,12345679,2019-12-25,1469.76,338.04,1807.8,0.23,Services,52
243813,5786,6802,2019-07-07,647.94,149.03,796.97,0.23,Furniture,13
569841,9849,7873,2019-06-29,358.36,17.92,376.28,0.05,Construction Materials,42
665672,9868,3224,2019-11-23,432.95,34.64,467.59,0.08,Education Services,0
817241,7762,6506,2019-08-08,1949.12,155.93,2105.05,0.08,Construction Materials,59
578140,8548,4136,2019-06-17,1884.63,150.77,2035.4,0.08,Financial Services,33
230612,3808,6718,2019-06-18,2912.41,232.99,3145.4,0.08,Office Supplies,30
363676,9988,7512,2019-02-11,453.42,104.29,557.71,0.23,Pharmaceuticals,8
634350,5411,7491,2019-01-14,389.42,31.15,420.57,0.08,Construction Materials,49
515866,5200,5655,2019-03-14,104.21,5.21,109.42,0.05,Machinery,54
298430,9567,4834,2019-04-21,271.83,13.59,285.42,0.05,Clothing,50
351414,5655,6398,2019-12-16,4529.36,1041.75,5571.11,0.23,Electronics,7
924330,4512,4960,2019-06-03,5149.17,1184.31,6333.48,0.23,Healthcare Equipment,7
657769,3717,5738,2019-03-21,2468.57,123.43,2592.0,0.05,Pharmaceuticals,15
420338,9771,3564,2019-07-22,1448.54,115.88,1564.42,0.08,Financial Services,13
345917,8940,1682,2019-07-24,413.14,33.05,446.19,0.08,Electronics,38
826884,5009,3171,2019-07-22,5100.78,408.06,5508.84,0.08,Furniture,32
800260,9849,6184,2019-06-13,195.47,9.77,205.24,0.05,Pharmaceuticals,39
748075,5200,6558,2019-10-11,564.7,28.24,592.94,0.05,Services,53
423825,3365,12345679,2019-06-18,1378.67,317.09,1695.76,0.23,Services,58
232849,2213,3236,2019-09-17,597.34,137.39,734.73,0.23,,36
830627,7350,1473,2019-05-19,15454.32,3554.49,19008.81,0.23,Automotive,18
280064,5030,2832,2019-08-15,5803.14,464.25,6267.39,0.08,Software,49
939141,5046,8108,2019-10-15,811.43,186.63,998.06,0.23,Healthcare Equipment,30
345290,3606,5102,2019-05-14,11676.75,934.14,12610.89,0.08,Financial Services,22
964402,8269,2157,2019-04-09,248.39,19.87,268.26,0.08,Clothing,36
934829,4276,1760,2019-03-25,3906.75,195.34,4102.09,0.05,Software,20
477419,8747,6539,2019-12-02,3136.39,250.91,3387.3,0.08,Office Supplies,56
686229,6510,6904,2019-11-15,581.53,46.52,628.05,0.08,Clothing,14
559703,2176,3564,2019-01-04,269.23,13.46,282.69,0.05,Construction Materials,58
709903,7857,2246,2019-03-25,8349.43,1920.37,10269.8,0.23,Office Supplies,51
978460,3013,7915,2019-06-14,667.87,33.39,701.26,0.05,Healthcare Equipment,56
238678,8645,1867,2019-08-20,16945.91,1355.67,18301.58,0.08,,38
965360,2108,5647,2019-09-04,402.14,20.11,422.25,0.05,,10
993412,9910,9509,2019-05-29,1769.36,406.95,2176.31,0.23,Financial Services,38
546234,5803,6796,2019-02-02,172.45,39.66,212.11,0.23,Electronics,3
966422,4568,9514,2019-08-13,4852.82,1116.15,5968.97,0.23,Furniture,12
912828,4737,2360,2019-06-04,1751.27,140.1,1891.37,0.08,Construction Materials,59
168393,8436,5200,2019-03-02,366.86,29.35,396.21,0.08,Automotive,57
747419,9687,2116,2019-01-27,7140.53,357.03,7497.56,0.05,Pharmaceuticals,32
234408,1471,7340,2019-01-26,1101.08,253.25,1354.33,0.23,Furniture,33
998395,2412,8791354239,2019-02-28,1124.29,258.59,1382.88,0.23,Services,24
468884,1988,5886,2019-02-24,18769.36,938.47,19707.83,0.05,Software,27
612974,8559,5621,2019-03-11,19787.95,1583.04,21370.99,0.08,Pharmaceuticals,41
759707,8598,1733,2019-09-07,2393.4,191.47,2584.87,0.08,Clothing,45
994698,2298,6646,2019-06-19,2963.44,148.17,3111.61,0.05,Construction Materials,36
615043,3930,9444,2019-08-05,21220.27,1061.01,22281.28,0.05,Clothing,16
198277,5455,6080,2019-04-19,327.5,26.2,353.7,0.08,Automotive,18
321799,7453,9122,2019-07-13,1210.96,96.88,1307.84,0.08,Construction Materials,10
165542,6157,9613,2019-07-26,494.95,24.75,519.7,0.05,Clothing,33
210682,4568,4719,2019-09-21,789.14,181.5,970.64,0.23,Construction Materials,3
116938,1925,3956,2019-12-05,574.77,132.2,706.97,0.23,,17
776770,8472,5918,2019-07-03,674.83,33.74,708.57,0.05,Healthcare Equipment,13
858931,2156,5046,2019-09-13,4153.55,207.68,4361.23,0.05,Automotive,13
207081,3171,3033,2019-01-25,2214.04,177.12,2391.16,0.08,Electronics,58
631430,6145,3836,2019-11-25,21709.83,1736.79,23446.62,0.08,Education Services,56
864410,1929,1188,2019-06-09,16248.87,812.44,17061.31,0.05,Construction Materials,15
162393,1038,3020,2019-08-15,6908.01,552.64,7460.65,0.08,Food,43
185517,5517,8598,2019-05-01,4248.18,339.85,4588.03,0.08,Education Services,47
807613,1506,4955,2019-12-07,171.54,39.45,210.99,0.23,Food,53
948890,4634,7777,2019-09-12,275.75,63.42,339.17,0.23,Office Supplies,36
503287,4985,3247,2019-03-25,2312.08,531.78,2843.86,0.23,,60
725211,5196,2157,2019-08-02,227.17,18.17,245.34,0.08,Services,52
642380,7030,1484,2019-09-02,544.82,43.59,588.41,0.08,Education Services,1
456202,4892,2412,2019-10-06,24989.27,1999.14,26988.41,0.08,Machinery,0
178254,5615,9687,2019-10-22,1537.73,76.89,1614.62,0.05,Pharmaceuticals,12
641552,6357,7421,2019-08-02,251.04,12.55,263.59,0.05,Furniture,42
236917,6228,8100,2019-02-16,765.81,61.26,827.07,0.08,Furniture,23
612637,8152,6107,2019-05-07,130.77,6.54,137.31,0.05,Electronics,21
994874,3650,5538,2019-10-25,498.48,24.92,523.4,0.05,Software,1
953605,3061,6362,2019-10-23,16376.32,818.82,17195.14,0.05,Electronics,24
547343,2968,3738,2019-02-03,140.24,32.26,172.5,0.23,Clothing,16
132988,2541,9347,2019-05-26,3123.98,249.92,3373.9,0.08,Automotive,18
354309,1185,7265,2019-08-27,9480.54,758.44,10238.98,0.08,Construction Materials,42
722224,6506,1754,2019-01-27,130.6,10.45,141.05,0.08,Automotive,16
335064,8556,3033,2019-06-21,14202.91,3266.67,17469.58,0.23,Machinery,58
967203,6917,5319,2019-07-11,282.72,65.03,347.75,0.23,,56
663566,4985,1916,2019-11-25,4910.02,245.5,5155.52,0.05,Automotive,16
689803,4834,9171,2019-04-25,803.38,184.78,988.16,0.23,Clothing,40
706640,6277,6503,2019-08-07,3860.54,308.84,4169.38,0.08,Automotive,35
689677,7365,4357,2019-02-25,16109.21,3705.12,19814.33,0.23,Clothing,48
405533,3300,6167,2019-03-05,1413.14,113.05,1526.19,0.08,Education Services,24
229715,6163,3112,2019-02-27,5358.51,267.93,5626.44,0.05,Services,35
861151,2164,9569,2019-09-13,352.24,28.18,380.42,0.08,Office Supplies,57
934766,4161,8809,2019-06-28,2544.79,585.3,3130.09,0.23,Electronics,21
844719,4533,7451,2019-12-14,158.01,7.9,165.91,0.05,Financial Services,36
873824,7491,6274,2019-04-22,853.79,68.3,922.09,0.08,Construction Materials,43
505174,1059,4129,2019-01-08,2509.23,200.74,2709.97,0.08,Software,50
158250,9226,7746,2019-04-16,23601.13,5428.26,29029.39,0.23,Food,33
122887,3338,5520,2019-12-08,1091.08,250.95,1342.03,0.23,Automotive,52
761763,7099,6485,2019-03-12,471.33,108.41,579.74,0.23,Automotive,9
130820,3780,5240,2019-05-26,1232.41,283.45,1515.86,0.23,Office Supplies,44
499069,2530,12345679,2019-05-26,941.28,216.49,1157.77,0.23,Services,60
991020,5316,1763,2019-09-25,563.67,45.09,608.76,0.08,Electronics,35
184646,2747,9000,2019-05-26,22237.23,5114.56,27351.79,0.23,Education Services,13
841617,7947,8460,2019-09-15,103.31,5.17,108.48,0.05,Education Services,26
571105,7873,8940,2019-12-25,271.36,21.71,293.07,0.08,Financial Services,28
555559,5980,5494,2019-11-01,17571.93,4041.54,21613.47,0.23,Financial Services,35
166674,5056,6919,2019-10-31,2303.52,184.28,2487.8,0.08,Machinery,49
647591,4880,9096,2019-04-12,2134.22,170.74,2304.96,0.08,Machinery,11
638495,6064,1250,2019-12-16,11867.79,949.42,12817.21,0.08,Healthcare Equipment,3
565037,6542,3809,2019-01-03,5883.19,294.16,6177.35,0.05,Electronics,40
250556,8304,6685,2019-01-31,451.1,36.09,487.19,0.08,Machinery,32
104994,9514,5613,2019-02-17,725.55,166.88,892.43,0.23,Education Services,12
470181,5613,9514,2019-09-21,168.81,8.44,177.25,0.05,Financial Services,39
745739,4443,3472,2019-11-30,8629.71,431.49,9061.2,0.05,Education Services,30
630988,9686,8482,2019-10-15,266.41,21.31,287.72,0.08,Machinery,33
731605,2027,6211,2019-07-10,215.23,17.22,232.45,0.08,Financial Services,43
729266,1048,8035,2019-07-05,3548.5,283.88,3832.38,0.08,Food,10
616912,5905,3650,2019-11-04,680.88,34.04,714.92,0.05,Financial Services,56
862344,3526,12345679,2019-10-13,1067.74,245.58,1313.32,0.23,Services,10
320583,1117,1082,2019-12-10,298.9,23.91,322.81,0.08,Food,24
824050,6064,9171,2019-03-01,7391.1,369.56,7760.66,0.05,Electronics,39
357081,1836,7245,2019-10-11,350.73,17.54,368.27,0.05,Machinery,58
920920,5859,8340,2019-06-23,484.43,38.75,523.18,0.08,Services,14
527463,8864,4429,2019-01-18,120.32,9.63,129.95,0.08,,38
152444,2266,9519,2019-10-28,1660.97,132.88,1793.85,0.08,Healthcare Equipment,4
217338,4738,2423,2019-01-29,19818.93,1585.51,21404.44,0.08,Education Services,22
365138,6031,7357,2019-01-18,2059.01,473.57,2532.58,0.23,Office Supplies,51
298637,6479,8094,2019-09-19,16559.71,827.99,17387.7,0.05,Clothing,8
450119,8887,9194,2019-03-15,659.54,32.98,692.52,0.05,Healthcare Equipment,35
656644,3027,3462,2019-03-07,6700.51,536.04,7236.55,0.08,Electronics,48
712562,6510,4533,2019-04-25,133.85,10.71,144.56,0.08,Electronics,54
489999,9966,1282,2019-01-22,4577.49,1052.82,5630.31,0.23,Pharmaceuticals,33
309140,4841,9420,2019-09-25,12998.77,649.94,13648.71,0.05,Clothing,15
850514,6598,6634,2019-04-26,2077.53,103.88,2181.41,0.05,Clothing,19
852645,4429,1974,2019-12-13,330.38,26.43,356.81,0.08,Financial Services,35
460631,4204,1760,2019-05-18,447.07,35.77,482.84,0.08,Pharmaceuticals,22
708586,4568,7170,2019-11-21,5889.58,471.17,6360.75,0.08,Construction Materials,45
983008,8966,1055,2019-09-17,600.34,48.03,648.37,0.08,Education Services,3
222162,3780,3540,2019-03-29,4169.6,208.48,4378.08,0.05,Office Supplies,8
738486,1718,7753,2019-02-16,572.12,131.59,703.71,0.23,Software,52
847075,8190,2134,2019-03-16,245.39,56.44,301.83,0.23,Healthcare Equipment,58
960967,5914,4866,2019-10-15,733.04,168.6,901.64,0.23,Healthcare Equipment,41
745045,1372,71833163,2019-07-10,312.54,71.88,384.42,0.23,Services,20
915390,4812,3502,2019-06-07,9978.52,798.28,10776.8,0.08,Food,10
114918,3349,5553,2019-10-13,401.15,32.09,433.24,0.08,Financial Services,47
501642,1475,2411,2019-04-18,102.47,23.57,126.04,0.23,Electronics,4
401574,4928,7784,2019-02-21,3367.41,774.5,4141.91,0.23,Office Supplies,54
139406,1376,3215,2019-08-06,1696.28,390.14,2086.42,0.23,Clothing,34
399934,9224,2993,2019-06-14,480.66,38.45,519.11,0.08,Pharmaceuticals,26
754899,3930,5560,2019-10-24,119.85,5.99,125.84,0.05,Services,28
611990,5003,8851,2019-06-03,1813.82,90.69,1904.51,0.05,Software,40
161269,8342,2825,2019-12-19,4785.3,382.82,5168.12,0.08,,7
455197,8035,9731,2019-09-19,138.42,11.07,149.49,0.08,Office Supplies,9
223334,4928,6194453318,2019-06-19,564.89,129.92,694.81,0.23,Services,42
910156,8383,5222,2019-09-07,24790.99,5701.93,30492.92,0.23,Office Supplies,9
697352,9613,6600,2019-03-07,275.21,13.76,288.97,0.05,Office Supplies,19
680615,2298,3338,2019-02-28,328.84,26.31,355.15,0.08,Construction Materials,33
197582,3496,4789,2019-12-09,2048.27,102.41,2150.68,0.05,Clothing,3
966306,2226,8083,2019-04-06,146.53,11.72,158.25,0.08,Healthcare Equipment,13
119889,7753,1044,2019-11-18,3040.67,699.35,3740.02,0.23,Machinery,16
122737,2454,1817,2019-09-16,9071.83,725.75,9797.58,0.08,Clothing,59
717514,2379,7666,2019-09-27,648.83,51.91,700.74,0.08,Electronics,50
452977,3284,1457,2019-04-19,686.63,34.33,720.96,0.05,Education Services,60
288070,5538,4460,2019-01-13,325.77,74.93,400.7,0.23,Services,47
873217,5548,8852,2019-04-21,385.77,30.86,416.63,0.08,Food,43
426464,4661,4834,2019-09-09,491.75,39.34,531.09,0.08,Services,39
982321,3597,5615,2019-06-09,763.78,175.67,939.45,0.23,,39
753545,9579,3300,2019-02-17,6592.14,527.37,7119.51,0.08,Education Services,37
514425,2120,3548,2019-11-09,2267.78,181.42,2449.2,0.08,Food,0
510668,5058,8874,2019-04-13,11934.52,596.73,12531.25,0.05,,23
329022,1817,4204,2019-04-21,10830.3,866.42,11696.72,0.08,,35
949114,3136,9477,2019-05-22,507.56,116.74,624.3,0.23,Financial Services,58
366893,4689,2027,2019-12-20,2005.71,100.29,2106.0,0.05,Clothing,26
817516,6398,7396,2019-09-30,10534.92,842.79,11377.71,0.08,Automotive,13
582791,1853,1471,2019-06-06,159.94,36.79,196.73,0.23,Furniture,19
514657,7867,2044,2019-12-22,564.54,28.23,592.77,0.05,Pharmaceuticals,39
267833,7762,7500,2019-07-17,18463.27,1477.06,19940.33,0.08,Machinery,8
231287,7453,4617,2019-10-02,182.26,9.11,191.37,0.05,Automotive,11
850024,5593,2131,2019-02-13,751.62,37.58,789.2,0.05,Construction Materials,60
812573,7254,3930,2019-03-07,2175.16,500.29,2675.45,0.23,Pharmaceuticals,39
475351,6440,5738,2019-10-03,294.9,14.74,309.64,0.05,Food,0
855005,3717,9198,2019-03-01,5342.15,1228.69,6570.84,0.23,Software,48
641618,3839,8909,2019-08-13,3234.64,743.97,3978.61,0.23,Services,26
878870,3628,8472,2019-04-08,16087.2,804.36,16891.56,0.05,Education Services,0
144088,4533,2327,2019-10-09,3209.24,738.13,3947.37,0.23,Furniture,54
566995,8034,6895,2019-07-05,539.63,124.11,663.74,0.23,Services,47
973893,6911,4617,2019-04-05,19876.45,4571.58,24448.03,0.23,Machinery,5
230262,4868,7004,2019-09-12,24075.09,1926.01,26001.1,0.08,Clothing,51
472126,1356,2690,2019-09-26,3256.47,748.99,4005.46,0.23,Machinery,47
924667,1736,6357,2019-02-22,8904.1,2047.94,10952.04,0.23,Healthcare Equipment,45
428022,5144,6862,2019-08-15,8520.85,681.67,9202.52,0.08,Office Supplies,34
302088,8304,5694,2019-05-22,11839.13,947.13,12786.26,0.08,Furniture,34
691583,7256,3361,2019-11-08,6548.38,523.87,7072.25,0.08,Education Services,52
691718,9324,7777,2019-09-13,203.96,10.2,214.16,0.05,Software,14
508125,9179,5984,2019-07-25,5644.23,282.21,5926.44,0.05,Machinery,52
846886,5057,6211,2019-03-15,6905.85,1588.35,8494.2,0.23,Pharmaceuticals,19
925753,7732,9484,2019-06-15,874.8,201.2,1076.0,0.23,Machinery,49
631919,1356,1256,2019-01-13,6258.91,312.95,6571.86,0.05,Clothing,40
214608,6542,6169,2019-01-07,469.65,23.48,493.13,0.05,Clothing,20
721857,7073,1736,2019-03-20,180.15,41.43,221.58,0.23,Education Services,40
360722,2409,1685,2019-10-22,386.67,30.93,417.6,0.08,Services,20
320093,5831,6925,2019-06-11,7712.05,616.96,8329.01,0.08,Pharmaceuticals,52
472628,1185,8079,2019-04-15,18455.56,1476.44,19932.0,0.08,Clothing,5
778977,1851,3548,2019-06-02,142.01,32.66,174.67,0.23,Financial Services,20
675941,5895,8947,2019-12-21,141.59,7.08,148.67,0.05,Clothing,60
544801,3247,2120,2019-03-23,512.62,117.9,630.52,0.23,Clothing,3
445162,1841,3826,2019-02-07,142.59,11.41,154.0,0.08,Clothing,9
372291,7247,7231,2019-09-07,9345.56,467.28,9812.84,0.05,Food,29
756310,7554,2553,2019-08-03,1756.92,404.09,2161.01,0.23,Automotive,13
876501,1824,4827,2019-12-29,2633.87,131.69,2765.56,0.05,Food,24
526577,6543,3828,2019-05-03,675.33,155.33,830.66,0.23,Furniture,47
964991,7701,6132,2019-10-03,538.7,26.94,565.64,0.05,Financial Services,12
451477,6887,7732,2019-04-24,113.66,5.68,119.34,0.05,Services,53
280021,3597,4715692,2019-01-30,903.88,207.89,1111.77,0.23,Services,17
689878,1128,2209,2019-02-23,13331.44,3066.23,16397.67,0.23,Financial Services,57
938789,3657,6847,2019-07-19,8367.04,418.35,8785.39,0.05,Clothing,58
520811,4868,3215,2019-02-06,16452.28,1316.18,17768.46,0.08,Furniture,9
207519,5203,1867,2019-01-15,1147.13,91.77,1238.9,0.08,Healthcare Equipment,27
957587,6390,2664,2019-09-08,5324.01,1224.52,6548.53,0.23,Automotive,4
317585,9224,1988,2019-05-03,1831.71,146.54,1978.25,0.08,Services,49
253314,5340,1783,2019-07-18,422.12,33.77,455.89,0.08,Services,39
880759,2638,7512,2019-02-01,2957.32,236.59,3193.91,0.08,Education Services,1
292161,3867,2176,2019-05-27,966.59,222.32,1188.91,0.23,Pharmaceuticals,47
186652,4689,7652,2019-08-30,6172.23,308.61,6480.84,0.05,Pharmaceuticals,27
387516,5057,4317,2019-08-18,17021.41,3914.92,20936.33,0.23,Food,39
118856,3426,5069,2019-08-26,5758.85,460.71,6219.56,0.08,Office Supplies,25
954961,9222,4460,2019-08-07,13130.51,656.53,13787.04,0.05,Pharmaceuticals,8
437219,6547,7911,2019-11-03,11384.29,2618.39,14002.68,0.23,Office Supplies,16
424587,6626,8598,2019-03-05,599.84,29.99,629.83,0.05,Food,10
903705,9096,4434,2019-01-04,346.61,79.72,426.33,0.23,Construction Materials,44
180527,9605,9335,2019-04-19,147.96,11.84,159.8,0.08,Financial Services,38
560175,1512,2043,2019-05-30,247.93,12.4,260.33,0.05,Financial Services,31
740783,9709,2747,2019-12-10,393.37,19.67,413.04,0.05,Office Supplies,52
176012,9326,1888,2019-03-21,647.92,32.4,680.32,0.05,Furniture,23
227477,4081,8801,2019-09-05,951.35,218.81,1170.16,0.23,Construction Materials,51
414863,1854,6163,2019-05-13,7135.18,1641.09,8776.27,0.23,Machinery,12
959908,9018,7189,2019-02-04,125.87,10.07,135.94,0.08,Education Services,33
230533,9290,9030,2019-07-06,8523.58,426.18,8949.76,0.05,Office Supplies,23
749747,5478,7393,2019-11-25,415.12,33.21,448.33,0.08,Office Supplies,18
937387,8665,5868,2019-06-21,276.29,13.81,290.1,0.05,Food,13
591923,9560,1988,2019-04-01,5816.52,465.32,6281.84,0.08,Electronics,36
420188,5125,5842,2019-09-06,15494.21,1239.54,16733.75,0.08,Financial Services,58
918803,7863,5076,2019-05-02,662.81,33.14,695.95,0.05,Electronics,18
184848,1754,1786,2019-12-17,746.55,171.71,918.26,0.23,,58
947206,2363,4559,2019-01-02,1799.43,143.95,1943.38,0.08,Clothing,2
551676,8709,4892,2019-08-14,1310.65,104.85,1415.5,0.08,Construction Materials,43
632979,3964,1185,2019-09-01,340.71,78.36,419.07,0.23,Clothing,58
861031,1853,4831,2019-04-16,466.51,37.32,503.83,0.08,Pharmaceuticals,44
307968,4823,4663,2019-03-23,254.66,12.73,267.39,0.05,Clothing,12
942661,3420,8919,2019-03-05,4460.78,356.86,4817.64,0.08,Food,4
222912,4663,3727,2019-04-11,1028.39,82.27,1110.66,0.08,,43
396149,2226,5937,2019-10-07,128.33,6.42,134.75,0.05,,7
991744,9812,1966,2019-04-23,374.71,18.74,393.45,0.05,Pharmaceuticals,28
477096,7491,8460,2019-11-03,731.95,168.35,900.3,0.23,Clothing,48
472190,6157,6917,2019-05-25,16128.81,1290.3,17419.11,0.08,,4
997095,7272,2446,2019-06-12,4445.45,1022.45,5467.9,0.23,Machinery,2
892883,5297,6543,2019-07-12,199.23,15.94,215.17,0.08,Construction Materials,39
993524,7326,4354,2019-12-08,421.55,96.96,518.51,0.23,Healthcare Equipment,59
414362,7217,1038,2019-10-09,5018.29,1154.21,6172.5,0.23,,1
884736,8152,7277,2019-12-04,860.47,68.84,929.31,0.08,Pharmaceuticals,41
950661,7666,6919,2019-02-05,2843.37,653.98,3497.35,0.23,Food,22
301790,3020,6703,2019-01-02,24926.75,5733.15,30659.9,0.23,Education Services,3
468445,9966,3645,2019-06-08,202.01,16.16,218.17,0.08,Electronics,51
609858,8112,84960692,2019-06-08,1244.65,286.27,1530.92,0.23,Services,60
391197,9605,5340,2019-04-07,19242.85,1539.43,20782.28,0.08,Construction Materials,51
312539,3055,5886,2019-11-30,23833.05,1191.65,25024.7,0.05,Software,1
573811,7878,2690,2019-07-02,1543.67,355.04,1898.71,0.23,Education Services,5
306950,7952,6161,2019-08-02,413.11,95.02,508.13,0.23,Healthcare Equipment,29
338508,8874,5914,2019-03-30,4400.53,1012.12,5412.65,0.23,Office Supplies,29
735033,5928,3181,2019-11-11,4669.68,1074.03,5743.71,0.23,,1
833511,2204,9879,2019-03-08,5773.86,1327.99,7101.85,0.23,Financial Services,40
744856,2638,3462,2019-03-22,21786.61,1742.93,23529.54,0.08,Services,15
178073,7073,8887,2019-05-19,305.06,24.4,329.46,0.08,Software,51
476906,3543,7859,2019-01-29,1167.44,93.4,1260.84,0.08,Food,22
551684,2868,4646,2019-03-19,700.33,56.03,756.36,0.08,Office Supplies,33
560684,4354,1436,2020-01-01,131.11,6.56,137.67,0.05,Food,51
690786,1376,1188,2019-04-24,463.83,106.68,570.51,0.23,Healthcare Equipment,59
688421,5050,9756,2019-08-09,2070.25,165.62,2235.87,0.08,Machinery,53
341815,8864,8342,2019-01-01,5499.71,439.98,5939.69,0.08,Pharmaceuticals,6
619492,7357,9515,2019-10-04,12645.93,1011.67,13657.6,0.08,Healthcare Equipment,25
388911,5261,5222,2019-10-16,168.77,38.82,207.59,0.23,Furniture,56
221589,6362,1736,2019-03-08,6890.22,551.22,7441.44,0.08,Software,17
794183,8966,8152,2019-11-23,15706.78,1256.54,16963.32,0.08,Financial Services,54
537294,5647,4991,2019-03-17,9221.84,461.09,9682.93,0.05,Financial Services,29
143005,6631,9171,2019-02-11,159.28,36.63,195.91,0.23,Healthcare Equipment,55
955264,9368,1711,2019-09-06,1831.05,146.48,1977.53,0.08,Education Services,15
452507,8079,9585,2019-05-06,2692.88,134.64,2827.52,0.05,Office Supplies,5
836165,5403,4090,2019-07-17,1834.93,91.75,1926.68,0.05,Education Services,43
290324,9042,7073,2019-08-14,6156.93,492.55,6649.48,0.08,Education Services,40
722822,4533,8508,2019-01-11,164.24,8.21,172.45,0.05,Automotive,18
342444,7393,6698,2019-01-20,295.69,14.78,310.47,0.05,Clothing,50
211935,8366,7840,2019-06-11,3275.8,163.79,3439.59,0.05,Services,39
263234,3393,5156,2019-06-28,188.62,9.43,198.05,0.05,Financial Services,41
440133,4735,1546,2019-07-01,2018.78,161.5,2180.28,0.08,Furniture,1
598964,9661,2993,2019-10-19,182.81,14.62,197.43,0.08,Construction Materials,28
812827,1048,4003,2019-11-27,874.71,69.98,944.69,0.08,Pharmaceuticals,25
955972,3842,4003,2019-09-25,880.73,44.04,924.77,0.05,Education Services,48
453197,5061,4049,2019-02-02,863.67,69.09,932.76,0.08,Healthcare Equipment,25
223218,3284,3378,2019-07-01,8098.83,404.94,8503.77,0.05,Healthcare Equipment,54
483555,7466,2176,2019-04-01,12109.77,968.78,13078.55,0.08,Office Supplies,41
890885,7659,5621,2019-07-07,10868.86,543.44,11412.3,0.05,Furniture,17
913422,1986,2465,2019-03-31,822.32,65.79,888.11,0.08,Office Supplies,27
313128,8472,7296,2019-02-04,1300.88,104.07,1404.95,0.08,Office Supplies,48
644905,9661,3540,2019-11-03,4599.51,229.98,4829.49,0.05,Healthcare Equipment,31
508561,9198,2311,2019-08-11,566.33,28.32,594.65,0.05,Education Services,12
133370,9316,3730,2019-06-18,15156.93,1212.55,16369.48,0.08,Services,30
319704,6145,3407,2019-03-16,1834.09,421.84,2255.93,0.23,Office Supplies,22
726591,7527,2953,2019-04-12,491.15,112.96,604.11,0.23,Pharmaceuticals,59
201006,1506,9204,2019-12-20,3974.57,317.97,4292.54,0.08,Financial Services,35
767050,8436,8674,2019-03-22,8849.07,442.45,9291.52,0.05,Healthcare Equipment,57
396530,4652,1988,2019-11-14,242.49,12.12,254.61,0.05,Education Services,54
232558,6463,7522,2019-07-04,4665.03,1072.96,5737.99,0.23,Clothing,59
616888,6080,2329,2019-04-03,3319.28,763.43,4082.71,0.23,Construction Materials,8
669449,1180,1826,2019-11-24,690.53,55.24,745.77,0.08,Healthcare Equipment,47
682781,9482,6703,2019-07-04,1723.93,137.91,1861.84,0.08,Office Supplies,38
513173,5293,1343,2019-08-27,196.33,15.71,212.04,0.08,,1
735399,9569,4723,2019-10-05,9206.01,2117.38,11323.39,0.23,Pharmaceuticals,32
844484,1160,7859,2019-07-18,1850.51,425.62,2276.13,0.23,Education Services,47
586358,9820,9605,2019-10-24,485.93,111.76,597.69,0.23,Food,12
608559,5928,9910,2019-02-20,247.66,56.96,304.62,0.23,Software,56
620683,9565,8931,2019-05-26,6368.93,318.45,6687.38,0.05,Software,40
829459,2311,9565,2019-06-01,502.03,25.1,527.13,0.05,Automotive,54
596355,1888,6646,2019-08-02,3782.82,870.05,4652.87,0.23,Healthcare Equipment,40
877867,8806,4960,2019-05-06,5334.98,426.8,5761.78,0.08,Food,59
661652,2411,2066,2019-11-10,169.52,38.99,208.51,0.23,Pharmaceuticals,59
447933,7479,3224,2019-08-06,725.24,58.02,783.26,0.08,Clothing,32
727458,5254,3628,2019-02-07,195.12,44.88,240.0,0.23,Food,5
905759,9050,5895,2019-04-10,8753.78,437.69,9191.47,0.05,Construction Materials,10
511187,6107,5254,2019-01-03,3313.31,265.06,3578.37,0.08,Services,3
855087,6862,8488,2019-12-09,996.96,49.85,1046.81,0.05,Electronics,46
126826,2715,4758,2019-04-29,256.79,59.06,315.85,0.23,Automotive,56
594843,7029,9585,2019-05-30,506.48,116.49,622.97,0.23,Services,48
528952,6990,1966,2019-03-07,2131.49,170.52,2302.01,0.08,Clothing,34
851573,2329,8246,2019-03-16,947.23,47.36,994.59,0.05,Clothing,40
741581,5859,2156,2019-03-19,1924.82,153.99,2078.81,0.08,Furniture,41
548264,5403,4747,2019-03-07,171.06,39.34,210.4,0.23,Machinery,24
940372,7398,1688,2019-11-20,12601.99,630.1,13232.09,0.05,Pharmaceuticals,20
261143,4560,9527,2019-12-19,2785.71,640.71,3426.42,0.23,Education Services,13
765476,3756,3628,2019-04-18,443.48,35.48,478.96,0.08,Machinery,59
881582,9988,9122,2019-04-30,18141.48,1451.32,19592.8,0.08,Education Services,37
499858,7801,6525,2019-07-01,1676.05,83.8,1759.85,0.05,Food,48
356512,4559,7365,2019-10-23,504.78,116.1,620.88,0.23,Software,7
460314,8431,4889,2019-02-28,2560.57,204.85,2765.42,0.08,Software,6
587627,3236,6157,2019-02-04,2147.88,171.83,2319.71,0.08,Healthcare Equipment,39
143249,9275,1740,2019-07-14,9585.75,766.86,10352.61,0.08,Clothing,22
723671,8944,6895,2019-01-06,12593.45,629.67,13223.12,0.05,Electronics,20
915828,7461,4659,2019-09-27,1072.59,85.81,1158.4,0.08,Financial Services,26
503159,2286,7004,2019-11-20,3736.79,859.46,4596.25,0.23,,5
507187,7659,9115,2019-01-04,560.23,128.85,689.08,0.23,Food,30
803467,5340,3692,2019-12-02,693.66,159.54,853.2,0.23,Financial Services,27
660623,9803,2266,2019-03-05,542.32,124.73,667.05,0.23,Food,17
305765,8460,7859,2019-09-08,376.98,86.71,463.69,0.23,Financial Services,49
156148,9405,9514,2019-04-13,417.2,95.96,513.16,0.23,Furniture,32
348214,4327,7737,2019-08-03,576.53,46.12,622.65,0.08,Construction Materials,9
949273,8034,4183,2019-09-01,494.49,113.73,608.22,0.23,Automotive,54
451814,5219,7701,2019-04-11,16383.84,819.19,17203.03,0.05,Software,49
623015,9368,3779,2019-07-02,555.41,127.74,683.15,0.23,Office Supplies,28
128651,7004,8709,2019-02-17,3890.72,311.26,4201.98,0.08,Food,34
769748,6375,6662,2019-09-30,434.48,99.93,534.41,0.23,Machinery,45
298621,1546,1643,2019-05-31,328.3,26.26,354.56,0.08,Education Services,14
836451,6789,2993,2019-04-04,2990.74,687.87,3678.61,0.23,Education Services,31
939222,2536,8814,2019-08-30,2468.52,567.76,3036.28,0.23,Construction Materials,9
204409,2411,3393,2019-12-25,8397.79,671.82,9069.61,0.08,Services,5
961371,9803,7695,2019-12-18,309.85,15.49,325.34,0.05,Services,32
630213,6510,7301,2019-10-31,921.38,46.07,967.45,0.05,,27
564610,4889,7254,2019-05-08,687.53,158.13,845.66,0.23,Furniture,10
767262,4090,7857,2019-11-02,812.02,186.76,998.78,0.23,Pharmaceuticals,49
334282,3851,2193,2019-05-02,333.75,26.7,360.45,0.08,Healthcare Equipment,6
304182,3108,2464,2019-03-30,2402.45,552.56,2955.01,0.23,Services,59
619140,6935,7480,2019-05-23,179.92,14.39,194.31,0.08,Pharmaceuticals,32
687512,1546,3974,2019-04-23,422.25,21.11,443.36,0.05,Electronics,13
345598,5316,9569,2019-04-09,544.28,27.21,571.49,0.05,Furniture,10
157844,8051,1733,2019-08-08,1709.13,85.46,1794.59,0.05,Financial Services,13
771263,5895,6456,2019-01-05,2145.95,171.68,2317.63,0.08,Clothing,4
882810,6053,8112,2019-02-26,5498.25,439.86,5938.11,0.08,Food,48
955713,3516,5217,2019-11-04,3116.98,155.85,3272.83,0.05,Education Services,10
682983,8864,9405,2019-07-29,194.43,44.72,239.15,0.23,Healthcare Equipment,42
548504,4868,1381,2019-01-22,8408.53,420.43,8828.96,0.05,Services,50
158896,4412,2155,2019-03-17,651.73,52.14,703.87,0.08,,16
223890,7277,3988,2019-06-17,1036.67,51.83,1088.5,0.05,Software,53
469184,5764,9179,2019-04-14,256.59,59.02,315.61,0.23,Office Supplies,12
788076,7863,7733,2019-08-25,808.86,40.44,849.3,0.05,Electronics,20
904508,2021,5102,2019-04-13,499.42,114.87,614.29,0.23,,39
105128,6440,5529,2019-02-25,6850.74,548.06,7398.8,0.08,Electronics,5
851668,6743,7421,2019-11-16,3944.22,197.21,4141.43,0.05,Clothing,44
765790,5555,8500,2019-05-23,1826.11,91.31,1917.42,0.05,Clothing,9
400984,1042,2105,2019-03-12,4883.32,244.17,5127.49,0.05,Software,35
769123,4695,4554,2019-06-12,14462.15,3326.29,17788.44,0.23,Education Services,27
439345,6422,4642,2019-04-26,143.25,7.16,150.41,0.05,Healthcare Equipment,29
829969,2199,6895,2019-03-02,5141.38,411.31,5552.69,0.08,Food,51
458899,8598,8158,2019-09-09,3308.96,264.72,3573.68,0.08,Healthcare Equipment,24
527864,2530,5800,2019-04-21,3704.94,185.25,3890.19,0.05,Education Services,56
666106,8378,1180,2019-10-12,3263.83,163.19,3427.02,0.05,Furniture,10
985006,6483,7753,2019-09-30,4561.1,1049.05,5610.15,0.23,Pharmaceuticals,47
394698,5102,1754,2019-01-26,966.08,48.3,1014.38,0.05,Automotive,49
142392,7279,2263,2019-11-14,548.86,27.44,576.3,0.05,Clothing,44
988792,7746,9812,2019-05-10,315.13,72.48,387.61,0.23,Furniture,60
301735,8851,6662,2019-05-09,125.62,10.05,135.67,0.08,Office Supplies,9
797806,7867,7633,2019-10-30,395.17,90.89,486.06,0.23,Financial Services,14
761296,5379,6862,2019-04-20,1541.78,354.61,1896.39,0.23,Automotive,22
825529,3126,4505,2019-09-19,7471.88,373.59,7845.47,0.05,Electronics,54
412224,7733,3125,2019-02-09,450.25,103.56,553.81,0.23,Food,39
348901,9335,1068,2019-09-24,2203.72,110.19,2313.91,0.05,Electronics,18
568270,2204,1537,2019-02-21,865.39,69.23,934.62,0.08,Automotive,31
405480,2508,4695,2019-04-20,162.12,8.11,170.23,0.05,Education Services,40
946312,2619,9674,2019-06-22,227.61,11.38,238.99,0.05,Pharmaceuticals,56
907927,4889,4230,2019-05-10,276.75,13.84,290.59,0.05,Education Services,17
221424,1180,1151,2019-10-31,218.99,17.52,236.51,0.08,Furniture,15
191224,6539,8747,2019-08-20,7654.34,612.35,8266.69,0.08,Machinery,40
265985,5974,2030,2019-02-09,2082.43,166.59,2249.02,0.08,Services,48
148786,7458,9018,2019-02-01,1313.19,105.06,1418.25,0.08,Furniture,27
560304,1506,7951,2019-11-02,2272.09,113.6,2385.69,0.05,Financial Services,57
477085,9661,3393,2019-01-14,3736.3,186.82,3923.12,0.05,Food,22
464129,4469,1389,2019-04-05,523.43,41.87,565.3,0.08,,5
953101,8872,9971,2019-03-08,7578.17,606.25,8184.42,0.08,Financial Services,51
552391,9990,8377,2019-12-20,4684.96,374.8,5059.76,0.08,Food,36
473396,3564,7043,2019-04-23,5723.35,457.87,6181.22,0.08,Electronics,26
936168,7753,5217,2019-12-24,6511.76,1497.7,8009.46,0.23,Clothing,44
694440,8851,3606,2019-04-04,6282.72,502.62,6785.34,0.08,Food,15
784406,7360,1826,2019-08-04,565.52,130.07,695.59,0.23,Food,30
189434,7247,4505,2019-04-23,6875.22,550.02,7425.24,0.08,Services,24
306337,9874,6506,2019-09-23,1693.01,84.65,1777.66,0.05,Services,51
225494,3650,4689,2019-01-16,6984.86,349.24,7334.1,0.05,Healthcare Equipment,37
799778,3296,5868,2019-05-29,20790.79,1039.54,21830.33,0.05,Furniture,7
110097,7965,8529,2019-06-25,3734.35,858.9,4593.25,0.23,Machinery,27
587930,4723,6917,2019-06-06,22049.0,1102.45,23151.45,0.05,Automotive,27
450668,1284,1352,2019-12-21,3771.83,867.52,4639.35,0.23,Healthcare Equipment,12
712906,1925,6506,2019-04-21,3775.42,868.35,4643.77,0.23,Pharmaceuticals,10
435627,6160,9444,2019-07-24,377.77,30.22,407.99,0.08,Food,28
704944,9198,3269,2019-04-04,3327.05,266.16,3593.21,0.08,Office Supplies,9
396134,3668,3628,2019-06-30,6109.03,488.72,6597.75,0.08,Automotive,15
112376,5630,6539,2019-08-05,106.45,24.48,130.93,0.23,Machinery,2
842841,4617,7857,2019-03-17,3555.58,817.78,4373.36,0.23,Financial Services,59
859841,4313,6412,2019-07-22,5232.9,1203.57,6436.47,0.23,Office Supplies,22
419209,2157,8809,2019-07-29,8691.83,695.35,9387.18,0.08,Office Supplies,47
422511,3251,9783,2019-07-03,274.89,13.74,288.63,0.05,Construction Materials,41
713545,7297,8377,2019-08-22,20788.34,4781.32,25569.66,0.23,Food,35
639679,5222,6698,2019-05-19,18045.96,902.3,18948.26,0.05,Food,47
985107,9703,3974,2019-01-05,18157.9,907.9,19065.8,0.05,Services,22
732851,2968,1267,2019-11-06,160.45,12.84,173.29,0.08,Pharmaceuticals,54
958973,9874,1319,2019-08-11,1098.27,54.91,1153.18,0.05,Education Services,49
120254,6743,6479,2019-07-26,1950.39,448.59,2398.98,0.23,Software,32
150287,1754,9226,2019-11-12,19160.55,4406.93,23567.48,0.23,Pharmaceuticals,29
225742,3168,7666,2019-08-03,6718.93,335.95,7054.88,0.05,Healthcare Equipment,11
645301,5905,4340,2019-06-22,1379.94,69.0,1448.94,0.05,Pharmaceuticals,13
368874,2193,1376,2019-01-05,1145.42,57.27,1202.69,0.05,Electronics,8
704033,7073,1736,2019-10-05,17080.22,854.01,17934.23,0.05,Furniture,45
619129,5520,8143,2019-01-11,10811.08,864.89,11675.97,0.08,Office Supplies,3
233472,7378,6587,2019-04-27,2424.34,121.22,2545.56,0.05,Machinery,21
789621,4984,3867,2019-05-01,849.44,195.37,1044.81,0.23,Electronics,29
877557,1139,7666,2019-08-14,1628.46,374.55,2003.01,0.23,Education Services,1
632674,1688,1323,2019-03-21,1137.78,56.89,1194.67,0.05,Pharmaceuticals,32
769523,7992,5297,2019-11-12,2847.89,227.83,3075.72,0.08,Furniture,27
590820,6743,6541,2019-09-27,158.08,12.65,170.73,0.08,Machinery,36
826019,5319,6740,2019-04-04,2402.91,192.23,2595.14,0.08,Clothing,16
571244,3419,2383,2019-03-10,2263.18,520.53,2783.71,0.23,Office Supplies,6
816677,7911,1267,2019-02-11,1431.68,114.53,1546.21,0.08,Office Supplies,60
506223,2199,6296,2019-07-13,983.41,49.17,1032.58,0.05,Furniture,47
591122,7915,5694,2019-11-23,497.4,114.4,611.8,0.23,Education Services,47
373302,9220,2423,2019-12-01,13870.92,693.55,14564.47,0.05,Pharmaceuticals,60
489364,2187,9180,2019-03-08,6469.82,517.59,6987.41,0.08,Automotive,8
856521,8094,2243,2019-02-11,2100.29,168.02,2268.31,0.08,Pharmaceuticals,60
573729,3780,6122,2019-02-02,11516.13,2648.71,14164.84,0.23,Electronics,46
710105,5735,7312,2019-05-04,12962.8,2981.44,15944.24,0.23,Electronics,22
779181,6505,9827,2019-04-11,186.23,9.31,195.54,0.05,Services,0
306743,8441,9771,2019-11-26,301.7,15.09,316.79,0.05,Services,11
567304,1356,4719,2019-05-12,299.9,23.99,323.89,0.08,Furniture,1
920487,1422,5263,2019-11-15,115.95,5.8,121.75,0.05,Automotive,56
801100,7605,2192,2019-10-25,149.66,7.48,157.14,0.05,Software,41
672727,8623,12345680,2019-12-05,100.6,23.14,123.74,0.23,Services,3
533296,4589,8426,2019-05-19,6869.16,549.53,7418.69,0.08,Automotive,47
210737,1475,3540,2019-03-16,178.83,8.94,187.77,0.05,Clothing,11
587802,3478,4568,2019-02-07,20253.29,1620.26,21873.55,0.08,Pharmaceuticals,11
756284,9180,1736,2019-12-17,17403.75,4002.86,21406.61,0.23,Services,24
784523,2192,1055,2019-03-05,451.52,36.12,487.64,0.08,,36
674306,5553,6483,2019-05-21,646.57,32.33,678.9,0.05,Healthcare Equipment,7
760195,7952,6717,2019-03-11,4280.1,214.01,4494.11,0.05,Automotive,57
333016,8931,9390,2019-03-30,8814.28,440.71,9254.99,0.05,Machinery,10
859193,7117,1854,2019-05-07,12907.9,1032.63,13940.53,0.08,Automotive,45
213634,6163,3296,2019-08-22,105.11,24.18,129.29,0.23,Healthcare Equipment,43
490257,9560,1128,2019-12-10,6789.33,339.47,7128.8,0.05,Construction Materials,51
908571,9050,9220,2019-05-20,262.92,60.47,323.39,0.23,Software,39
881948,6743,5845,2019-03-13,419.86,20.99,440.85,0.05,Financial Services,2
917569,3510,1106,2019-07-17,3237.43,161.87,3399.3,0.05,Pharmaceuticals,7
416827,8070,9335,2019-11-12,787.91,181.22,969.13,0.23,Financial Services,21
457833,4434,6300,2019-11-07,7873.66,1810.94,9684.6,0.23,Machinery,9
665973,2832,9421,2019-05-22,17560.42,878.02,18438.44,0.05,Software,4
118155,8448,7378,2019-02-25,252.27,58.02,310.29,0.23,Pharmaceuticals,11
376824,5126,7814,2019-02-26,2274.71,181.98,2456.69,0.08,Education Services,14
657980,7326,1627,2019-06-21,6278.55,1444.07,7722.62,0.23,,0
457402,9384,9307,2019-11-05,3961.75,316.94,4278.69,0.08,Education Services,47
725843,6091,6211,2019-09-06,6380.23,1467.45,7847.68,0.23,Office Supplies,45
986766,6412,9484,2019-12-08,404.19,20.21,424.4,0.05,Automotive,4
412927,8472,8500,2019-02-22,480.84,38.47,519.31,0.08,Machinery,54
597151,8050,4889,2019-05-12,120.41,6.02,126.43,0.05,Electronics,56
720734,3564,5232,2019-05-09,12885.69,644.28,13529.97,0.05,Financial Services,13
305594,9966,12345679,2019-07-10,279.69,64.33,344.02,0.23,Services,14
955994,1055,4657104,2019-01-03,998.01,229.54,1227.55,0.23,Services,41
804527,1786,5240,2019-06-26,689.13,34.46,723.59,0.05,Machinery,33
726025,3510,9220,2019-09-23,594.63,47.57,642.2,0.08,Furniture,30
563056,7992,6634,2019-07-05,486.22,38.9,525.12,0.08,Healthcare Equipment,7
493617,5050,9018,2019-12-23,16756.98,3854.11,20611.09,0.23,Office Supplies,0
113802,8134,8874,2019-04-29,3047.48,700.92,3748.4,0.23,Financial Services,14
909467,1059,8645,2019-01-01,1990.17,159.21,2149.38,0.08,Office Supplies,46
622165,2446,6862,2019-04-04,147.75,7.39,155.14,0.05,Office Supplies,46
893821,7393,7700,2019-03-13,1749.25,87.46,1836.71,0.05,Office Supplies,28
115877,8422,5455,2019-09-24,108.58,24.97,133.55,0.23,Food,46
807861,3024,7301,2019-11-09,246.93,56.79,303.72,0.23,Software,11
463184,5538,9324,2019-03-31,1680.42,386.5,2066.92,0.23,Services,59
339222,2649,9687,2019-08-22,1397.61,111.81,1509.42,0.08,Furniture,28
608569,5792,9467,2019-12-31,748.54,37.43,785.97,0.05,Software,12
423731,7863,7700,2019-12-03,4361.02,218.05,4579.07,0.05,Financial Services,28
304674,9123,1375,2019-05-10,2652.56,212.2,2864.76,0.08,Food,41
783579,9879,6412,2019-06-29,14881.7,3422.79,18304.49,0.23,Electronics,28
206500,8645,6228,2019-08-02,1717.25,85.86,1803.11,0.05,Financial Services,0
275997,6394,4619,2019-08-17,388.29,89.31,477.6,0.23,Machinery,5
913108,4327,5984,2019-10-08,282.4,64.95,347.35,0.23,Services,27
790776,1841,2649,2019-01-04,12291.8,983.34,13275.14,0.08,Machinery,16
766257,6300,2243,2019-06-18,1335.8,307.23,1643.03,0.23,Construction Materials,25
626868,5379,9185,2019-03-12,7335.15,586.81,7921.96,0.08,Furniture,45
235906,2446,2379,2019-04-30,3667.42,843.51,4510.93,0.23,Automotive,29
495832,6295,6598,2019-07-15,8211.7,1888.69,10100.39,0.23,Financial Services,41
789923,9709,7880,2019-06-10,3902.9,195.15,4098.05,0.05,Software,19
213841,6161,8342,2019-04-17,8216.96,410.85,8627.81,0.05,Clothing,27
170067,3488,6821,2019-05-02,22843.7,1827.5,24671.2,0.08,Services,10
733810,6662,4245,2019-07-01,862.74,198.43,1061.17,0.23,Clothing,22
783939,5611,1938,2019-10-27,321.01,16.05,337.06,0.05,Pharmaceuticals,16
314172,8924,5120,2019-09-10,839.83,41.99,881.82,0.05,Machinery,41
431937,8472,3378,2019-09-26,2786.41,222.91,3009.32,0.08,Services,45
282184,9686,4642,2019-07-31,4982.45,1145.96,6128.41,0.23,Electronics,40
613047,1867,2131,2019-07-09,393.67,19.68,413.35,0.05,Pharmaceuticals,2
238013,5630,9731733965,2019-06-15,578.45,133.04,711.49,0.23,Services,1
163130,9913,9659,2019-10-30,446.04,22.3,468.34,0.05,Automotive,59
635968,3108,9518,2019-12-23,483.91,38.71,522.62,0.08,Food,58
602379,7170,4245,2019-01-25,386.63,88.92,475.55,0.23,Construction Materials,40
980347,5647,3393,2019-01-19,5041.66,252.08,5293.74,0.05,Clothing,27
378191,3251,5046,2019-05-15,1648.78,82.44,1731.22,0.05,Education Services,44
422600,2226,4812,2019-10-03,831.01,66.48,897.49,0.08,Automotive,29
186123,9966,6361,2019-02-14,449.41,22.47,471.88,0.05,,23
725667,1733,4179,2019-05-13,8196.03,1885.09,10081.12,0.23,Construction Materials,22
597504,2464,6506,2019-04-30,5803.81,464.3,6268.11,0.08,Clothing,37
239453,9812,5553,2019-01-03,871.06,200.34,1071.4,0.23,Healthcare Equipment,15
437835,7491,2409,2019-06-03,4453.31,356.26,4809.57,0.08,Clothing,13
547001,1974,8747,2019-07-04,1814.55,417.35,2231.9,0.23,Pharmaceuticals,23
404530,5034,1988,2019-09-14,212.73,48.93,261.66,0.23,Software,4
538013,3496,4589,2019-02-10,822.78,65.82,888.6,0.08,Construction Materials,37
394322,7974,2504,2019-08-21,23409.04,5384.08,28793.12,0.23,,0
294606,3543,9042,2019-08-19,23435.59,1171.78,24607.37,0.05,Healthcare Equipment,47
589215,5013,4812,2019-03-06,339.52,16.98,356.5,0.05,Electronics,22
485823,8079,1267,2019-11-04,345.44,17.27,362.71,0.05,Machinery,1
335310,8826,3429,2019-09-23,400.39,20.02,420.41,0.05,Clothing,20
330328,8488,1853,2019-04-30,613.01,140.99,754.0,0.23,Healthcare Equipment,32
885311,1800,6662,2019-04-11,115.94,5.8,121.74,0.05,Pharmaceuticals,49
892962,4541,9988,2019-04-19,188.72,43.41,232.13,0.23,Food,59
933855,4317,7531,2019-11-04,1714.7,394.38,2109.08,0.23,Pharmaceuticals,48
116921,6238,7378,2019-09-16,4219.8,970.55,5190.35,0.23,Clothing,55
426694,6676,7659,2019-06-16,4014.22,321.14,4335.36,0.08,Furniture,43
537063,3152,8448,2019-03-03,1348.37,310.13,1658.5,0.23,Software,58
888245,6535,4466,2019-03-25,3434.13,274.73,3708.86,0.08,Healthcare Equipment,19
539077,9747,6646,2019-06-03,1604.26,128.34,1732.6,0.08,Electronics,16
810546,5290,8488,2019-03-22,21392.95,4920.38,26313.33,0.23,Software,30
699193,7760,7357,2019-03-25,1808.92,144.71,1953.63,0.08,Office Supplies,44
344560,7466,8270,2019-05-31,1534.85,76.74,1611.59,0.05,Education Services,51
607829,9292,9814,2019-01-03,447.77,22.39,470.16,0.05,Food,34
894010,1872,8674,2019-12-24,1313.69,302.15,1615.84,0.23,Machinery,26
615962,6598,3657,2019-01-20,21091.1,1687.29,22778.39,0.08,Food,44
446749,8467,9255,2019-01-19,1825.74,419.92,2245.66,0.23,Construction Materials,42
430192,3988,4889,2019-11-17,12171.73,973.74,13145.47,0.08,Pharmaceuticals,20
703964,6394,8615,2019-07-11,276.43,22.11,298.54,0.08,Automotive,13
711651,9981,7651,2019-06-05,725.39,36.27,761.66,0.05,Construction Materials,25
791549,3645,5144,2019-12-10,4707.34,1082.69,5790.03,0.23,Office Supplies,35
324510,3956,4512,2019-10-28,13339.83,666.99,14006.82,0.05,Pharmaceuticals,7
757581,5200,2411,2019-09-03,116.57,26.81,143.38,0.23,Software,58
861948,8954,8079,2019-03-02,2407.22,120.36,2527.58,0.05,Construction Materials,49
543737,4689,9771,2019-12-07,388.58,31.09,419.67,0.08,Furniture,3
957638,6145,1696,2019-01-20,4232.98,973.59,5206.57,0.23,Construction Materials,18
806532,3597,1475,2019-07-29,10272.29,2362.63,12634.92,0.23,Financial Services,44
299694,1180,4831,2019-10-30,23374.27,5376.08,28750.35,0.23,Office Supplies,56
824060,6031,5297,2019-04-14,2197.36,175.79,2373.15,0.08,Financial Services,29
505791,5655,6169,2019-08-20,2382.06,190.56,2572.62,0.08,Automotive,15
729329,3730,75343268,2019-02-24,1221.15,280.86,1502.01,0.23,Services,5
348881,2825,2446,2019-06-23,580.55,29.03,609.58,0.05,Office Supplies,25
391278,2471,6634,2019-10-25,101.24,8.1,109.34,0.08,Clothing,48
288065,6428,3727,2019-04-29,1723.25,86.16,1809.41,0.05,,18
960769,9118,2906,2019-08-18,1187.53,59.38,1246.91,0.05,Pharmaceuticals,33
185177,2363,6925,2019-07-01,15085.31,1206.82,16292.13,0.08,Software,35
774419,2504,1304,2019-01-03,115.4,26.54,141.94,0.23,Software,37
324568,2378,3181,2019-11-22,19466.28,1557.3,21023.58,0.08,Services,21
649988,9226,3679,2019-06-10,5068.13,405.45,5473.58,0.08,Education Services,19
599180,4831,6594,2019-10-06,103.04,23.7,126.74,0.23,Financial Services,38
185676,4313,4866,2019-07-24,947.91,218.02,1165.93,0.23,Office Supplies,36
530702,9316,2471,2019-01-14,112.45,9.0,121.45,0.08,Furniture,26
446799,2070,9456,2019-04-12,2974.82,237.99,3212.81,0.08,Pharmaceuticals,18
763415,6863,8467,2019-05-31,21777.27,1088.86,22866.13,0.05,Financial Services,32
527551,5937,7531,2019-05-16,2784.93,139.25,2924.18,0.05,Construction Materials,21
413386,2155,9988,2019-10-30,8087.71,647.02,8734.73,0.08,Electronics,23
271650,8624,3738,2019-01-19,1371.01,68.55,1439.56,0.05,Education Services,41
204384,8096,9179,2019-04-21,104.1,23.94,128.04,0.23,Office Supplies,40
227892,7099,7974,2019-01-30,102.52,8.2,110.72,0.08,Office Supplies,35
773527,5500,7491,2019-12-24,173.3,39.86,213.16,0.23,Software,48
202174,1988,2266,2019-05-26,173.31,8.67,181.98,0.05,Healthcare Equipment,27
110681,1282,6558,2019-11-18,992.72,79.42,1072.14,0.08,Software,49
791754,6917,5203,2019-07-16,326.98,16.35,343.33,0.05,Clothing,56
245676,2120,6800,2019-12-01,128.09,6.4,134.49,0.05,Financial Services,29
415024,8931,9030,2019-09-20,179.11,14.33,193.44,0.08,Automotive,54
738690,8887,4758,2019-05-16,142.32,7.12,149.44,0.05,Furniture,44
303718,6919,81637463,2019-08-14,1422.96,327.28,1750.24,0.23,Services,14
568478,3286,3199,2019-04-05,682.45,156.96,839.41,0.23,Automotive,4
617971,7652,12345680,2019-08-23,132.74,30.53,163.27,0.23,Services,13
920321,4663,7189,2019-05-28,155.44,35.75,191.19,0.23,Furniture,53
897779,1381,7193,2019-09-27,757.95,37.9,795.85,0.05,Machinery,42
675279,7398,2504,2019-03-14,16269.21,1301.54,17570.75,0.08,Automotive,53
482219,8816,8190,2019-09-14,4583.0,229.15,4812.15,0.05,Software,28
872657,9981,9605,2019-04-05,544.3,27.21,571.51,0.05,Clothing,30
740094,4789,3644,2019-07-14,1457.59,72.88,1530.47,0.05,Financial Services,14
895405,6539,3462,2019-08-29,338.2,77.79,415.99,0.23,Automotive,16
912734,8035,9096,2019-02-24,4552.59,227.63,4780.22,0.05,Clothing,10
183270,4619,3199,2019-09-19,842.51,67.4,909.91,0.08,Software,27
406411,8954,7272,2019-12-28,144.98,33.35,178.33,0.23,Construction Materials,12
514087,7254,4230,2019-07-14,3226.17,742.02,3968.19,0.23,Food,16
156104,4776,2931,2019-05-30,4300.4,989.09,5289.49,0.23,Office Supplies,28
362809,3334,9756,2019-04-25,275.3,22.02,297.32,0.08,Pharmaceuticals,13
682872,2825,9220,2019-12-21,4667.19,233.36,4900.55,0.05,Food,12
318739,9910,8500,2019-03-23,4725.33,1086.83,5812.16,0.23,Automotive,56
617204,2363,2906,2019-06-16,1975.56,158.04,2133.6,0.08,Machinery,45
467089,2753,1824,2019-05-05,392.12,31.37,423.49,0.08,Office Supplies,43
759918,7357,5293,2019-11-02,5356.92,1232.09,6589.01,0.23,,14
388665,9605,8079,2019-10-31,351.3,80.8,432.1,0.23,Services,31
276482,3269,6872,2019-01-08,190.33,9.52,199.85,0.05,Food,8
257961,1048,9605,2019-07-16,833.11,41.66,874.77,0.05,,52
430046,2906,5340,2019-11-09,4631.32,231.57,4862.89,0.05,Electronics,42
484223,6872,7421,2019-06-05,4989.06,399.12,5388.18,0.08,Office Supplies,16
489335,6547,9464,2019-03-09,1726.4,397.07,2123.47,0.23,,16
445123,4161,1484,2019-09-22,280.07,22.41,302.48,0.08,Electronics,9
262100,2955,3365,2019-05-12,503.99,25.2,529.19,0.05,Food,36
467755,8436,7952,2019-09-26,138.0,11.04,149.04,0.08,Automotive,34
105157,7522,2939,2019-08-27,3152.7,157.63,3310.33,0.05,Electronics,21
590325,9206,8624,2019-06-26,6520.73,521.66,7042.39,0.08,Services,57
319706,8283,8852,2019-03-18,204.59,47.06,251.65,0.23,Food,38
299506,3469,9731,2019-12-02,292.04,67.17,359.21,0.23,,2
143704,3108,7453,2019-07-31,17246.88,1379.75,18626.63,0.08,Software,6
130816,8368,2213,2019-06-03,1908.31,152.66,2060.97,0.08,Software,26
329322,4868,8873,2019-06-14,5694.39,284.72,5979.11,0.05,Clothing,52
868056,7666,6039,2019-04-02,14285.52,3285.67,17571.19,0.23,Office Supplies,12
506271,9845,4512,2019-10-18,6876.98,550.16,7427.14,0.08,Software,15
706255,4129,6631,2019-11-14,269.71,21.58,291.29,0.08,Pharmaceuticals,9
343757,6600,8755,2019-03-08,4351.89,1000.93,5352.82,0.23,Construction Materials,17
491352,9971,5069,2019-11-15,799.23,183.82,983.05,0.23,Office Supplies,14
929929,5293,2378,2019-08-16,975.22,78.02,1053.24,0.08,Construction Materials,60
210431,8112,5232,2019-06-26,1683.42,134.67,1818.09,0.08,Education Services,22
502517,9099,6371,2019-04-20,23805.63,5475.29,29280.92,0.23,Construction Materials,2
195898,5520,9042,2019-07-08,5325.83,1224.94,6550.77,0.23,,60
998088,5478,4533,2019-06-10,543.96,125.11,669.07,0.23,Automotive,46
827854,4560,2125,2019-08-04,11245.81,899.66,12145.47,0.08,Automotive,36
699883,9308,6863,2019-10-19,1495.6,119.65,1615.25,0.08,Food,34
866419,1185,3349,2019-01-13,138.25,6.91,145.16,0.05,Pharmaceuticals,36
402157,3690,1627,2019-01-25,621.74,49.74,671.48,0.08,Software,42
827143,8452,6315,2019-05-19,15367.3,1229.38,16596.68,0.08,Furniture,11
165614,2293,7915,2019-06-18,23614.28,5431.28,29045.56,0.23,Education Services,48
324455,8460,4841,2019-03-06,409.8,94.25,504.05,0.23,Services,53
802278,4719,5069,2019-09-27,3313.4,165.67,3479.07,0.05,Machinery,28
599106,6911,5057,2019-07-30,2725.5,218.04,2943.54,0.08,Food,10
411189,9042,1311,2019-03-11,2336.19,186.9,2523.09,0.08,Education Services,60
400974,1188,2423,2019-01-10,123.45,28.39,151.84,0.23,Pharmaceuticals,7
269719,9180,2974,2019-11-09,229.02,11.45,240.47,0.05,Office Supplies,32
327373,2134,3152,2019-10-13,346.33,17.32,363.65,0.05,Office Supplies,31
913254,4827,7811,2019-11-10,4513.91,1038.2,5552.11,0.23,Financial Services,49
261011,5593,9913,2019-04-01,259.75,20.78,280.53,0.08,Machinery,32
638507,1938,9527,2019-04-22,280.81,14.04,294.85,0.05,Clothing,9
207507,3407,2010,2019-03-20,280.08,14.0,294.08,0.05,Automotive,13
932416,8441,8500,2019-05-05,162.2,37.31,199.51,0.23,Financial Services,49
261707,9368,5319,2019-02-13,202.25,46.52,248.77,0.23,Education Services,53
893717,1780,9307,2019-08-07,236.31,11.82,248.13,0.05,Automotive,19
834379,5494,5217,2019-05-04,986.13,49.31,1035.44,0.05,Machinery,44
820829,1851,6277,2019-02-13,170.32,8.52,178.84,0.05,Pharmaceuticals,49
258202,2065,1867,2019-01-18,3323.55,265.88,3589.43,0.08,Clothing,25
215315,8902,1375,2019-11-08,9689.57,2228.6,11918.17,0.23,Services,53
670212,7298,4586,2019-12-08,4648.86,1069.24,5718.1,0.23,Electronics,46
339242,9812,6122,2019-01-30,1009.47,50.47,1059.94,0.05,Healthcare Equipment,31
115775,6595,7954,2019-10-07,134.04,10.72,144.76,0.08,Construction Materials,23
945576,5076,12345680,2019-05-13,171.35,39.41,210.76,0.23,Services,43
723476,5647,5786,2019-03-14,336.09,26.89,362.98,0.08,Education Services,43
892320,8134,9073,2019-09-15,2347.91,187.83,2535.74,0.08,Food,40
811235,8340,3650,2019-01-17,164.63,8.23,172.86,0.05,Automotive,40
164378,5831,5240,2019-06-08,5531.21,1272.18,6803.39,0.23,Education Services,2
578768,9171,7647,2019-07-29,9734.59,778.77,10513.36,0.08,Automotive,26
983656,7265,6106,2019-04-26,215.71,49.61,265.32,0.23,Education Services,26
493028,8448,7398,2019-01-05,2721.19,217.7,2938.89,0.08,Software,24
916606,1836,8559,2019-05-10,3042.31,699.73,3742.04,0.23,Pharmaceuticals,58
121826,9519,1436,2019-05-11,561.34,28.07,589.41,0.05,Automotive,1
344242,4880,9220,2019-07-18,745.64,59.65,805.29,0.08,Software,56
795135,5282,2490,2019-11-08,165.69,8.28,173.97,0.05,Food,58
351991,6631,8940,2019-04-14,2560.94,128.05,2688.99,0.05,Financial Services,24
588353,4827,3597,2019-05-04,3436.88,274.95,3711.83,0.08,Food,52
302490,7294,2825,2019-03-15,390.94,19.55,410.49,0.05,,34
195156,5500,2066,2019-11-11,6178.19,1420.98,7599.17,0.23,Clothing,6
818184,5541,8270,2019-11-16,15642.22,3597.71,19239.93,0.23,Automotive,21
120322,4460,6743,2019-10-13,110.98,5.55,116.53,0.05,Furniture,18
847464,2471,12345679,2019-05-11,1113.25,256.05,1369.3,0.23,Services,45
122152,3808,8931,2019-06-03,22033.09,1101.65,23134.74,0.05,Healthcare Equipment,14
869237,2048,6539,2019-05-13,4755.95,380.48,5136.43,0.08,,8
673889,7043,6685,2019-03-12,2622.64,209.81,2832.45,0.08,,30
900390,2553,9224,2019-01-30,13617.9,680.89,14298.79,0.05,Pharmaceuticals,29
506753,9783,9220,2019-07-25,1211.71,96.94,1308.65,0.08,Healthcare Equipment,29
525053,9966,5544,2019-04-06,801.03,64.08,865.11,0.08,Clothing,5
975301,4827,3730,2019-12-03,5114.47,1176.33,6290.8,0.23,Automotive,34
336139,4317,2108,2019-01-10,6203.35,310.17,6513.52,0.05,Machinery,43
699693,2010,8954,2019-06-10,4044.38,323.55,4367.93,0.08,Construction Materials,0
109042,1352,2009,2019-10-06,169.82,13.59,183.41,0.08,Electronics,59
506866,7911,3163,2019-07-08,614.7,49.18,663.88,0.08,Construction Materials,30
104566,1867,9096,2019-03-29,962.85,221.46,1184.31,0.23,Food,7
765198,3033,5076,2019-07-25,3845.39,192.27,4037.66,0.05,Furniture,54
201703,2868,5088,2019-05-22,231.27,53.19,284.46,0.23,Electronics,30
172446,4366,3727,2019-11-03,14237.9,1139.03,15376.93,0.08,Electronics,43
562942,9998,4860,2019-01-25,616.97,30.85,647.82,0.05,Financial Services,15
493753,6167,9412,2019-03-13,4237.62,211.88,4449.5,0.05,Electronics,40
689448,3033,7480,2019-07-22,23421.64,5386.98,28808.62,0.23,Pharmaceuticals,8
971052,8143,9324,2019-08-15,16050.32,802.52,16852.84,0.05,Furniture,20
828720,6274,1740,2019-06-08,4038.56,201.93,4240.49,0.05,Machinery,28
872078,6895,5508,2019-01-29,251.17,12.56,263.73,0.05,Office Supplies,24
342076,2683,3510,2019-09-19,4520.6,226.03,4746.63,0.05,Healthcare Equipment,6
494500,8190,4162,2019-12-14,1078.52,248.06,1326.58,0.23,Healthcare Equipment,51
978417,7840,5593,2019-03-11,7437.88,371.89,7809.77,0.05,Furniture,15
343075,9444,5057,2019-11-03,505.97,116.37,622.34,0.23,Education Services,13
760279,5050,7746,2019-11-25,484.31,111.39,595.7,0.23,Education Services,11
900935,2311,1117,2019-05-13,560.41,28.02,588.43,0.05,Furniture,24
208697,4081,1038,2019-11-12,417.16,95.95,513.11,0.23,Education Services,13
197142,5974,7004,2019-03-13,257.74,59.28,317.02,0.23,Services,57
764904,1682,5553,2019-12-06,999.72,49.99,1049.71,0.05,Software,15
841069,2156,3956,2019-02-28,17244.52,862.23,18106.75,0.05,Clothing,35
842496,3171,2116,2019-01-25,457.47,105.22,562.69,0.23,Financial Services,33
417123,7170,9941,2019-11-03,343.24,78.95,422.19,0.23,Food,37
554609,8919,6145,2019-05-30,617.01,30.85,647.86,0.05,Automotive,45
637275,2131,1867,2019-06-20,320.04,73.61,393.65,0.23,Construction Materials,36
444207,8179,1624,2019-03-21,547.09,43.77,590.86,0.08,Clothing,29
408999,3564,7055,2019-10-20,19905.36,4578.23,24483.59,0.23,Furniture,9
807372,8029,6472,2019-06-12,811.05,186.54,997.59,0.23,Electronics,17
373501,3679,7217,2019-11-06,423.24,33.86,457.1,0.08,Construction Materials,30
671236,3780,7294,2019-12-27,1032.78,237.54,1270.32,0.23,Financial Services,47
450177,7947,6080,2019-09-13,1361.08,68.05,1429.13,0.05,Office Supplies,18
423526,2579,6157,2019-10-31,805.21,185.2,990.41,0.23,Services,18
720970,4469,2066,2019-02-04,178.48,8.92,187.4,0.05,Furniture,22
370669,7491,7294,2019-06-06,531.92,42.55,574.47,0.08,,25
566497,3775,4505,2019-09-24,2198.21,109.91,2308.12,0.05,Clothing,21
362811,7859,6412,2019-12-30,14621.57,1169.73,15791.3,0.08,Healthcare Equipment,47
521512,9613,1044,2019-06-25,11864.1,949.13,12813.23,0.08,Software,14
146720,1817,2649,2019-03-02,357.38,17.87,375.25,0.05,Construction Materials,50
128517,3378,8426,2019-11-06,1677.45,83.87,1761.32,0.05,Education Services,44
591579,1389,9384,2019-12-01,1319.77,65.99,1385.76,0.05,Healthcare Equipment,17
303019,4659,2105,2019-10-31,10310.69,2371.46,12682.15,0.23,Clothing,54
777011,7421,7312,2019-01-08,302.54,24.2,326.74,0.08,Services,32
586152,4812,5655,2019-06-17,338.65,27.09,365.74,0.08,Office Supplies,5
644868,7479,14610713,2019-03-06,218.03,50.15,268.18,0.23,Services,36
140949,7777,61592067,2019-11-22,252.87,58.16,311.03,0.23,Services,0
907111,2378,4994,2019-05-03,877.82,70.23,948.05,0.08,Clothing,32
196734,2993,12345679,2019-08-23,215.62,49.59,265.21,0.23,Services,39
419520,1108,5156,2019-07-14,1864.75,93.24,1957.99,0.05,Automotive,43
315884,7043,4991,2019-11-04,11538.5,2653.86,14192.36,0.23,Construction Materials,43
264810,9939,6412,2019-09-06,13413.9,3085.2,16499.1,0.23,Software,48
308560,5034,6935,2019-02-02,472.52,37.8,510.32,0.08,Healthcare Equipment,38
194324,7297,1343,2019-03-21,6412.96,320.65,6733.61,0.05,Software,44
158059,2974,8342,2019-03-21,225.16,11.26,236.42,0.05,Pharmaceuticals,5
816734,4689,4570,2019-01-04,358.85,17.94,376.79,0.05,Electronics,41
461821,6122,9910,2019-08-06,15006.7,750.34,15757.04,0.05,Clothing,43
220880,7096,8366,2019-03-19,6387.55,511.0,6898.55,0.08,Healthcare Equipment,37
141739,3738,6078,2019-09-20,162.07,12.97,175.04,0.08,,42
503666,1867,3543,2019-03-05,162.65,8.13,170.78,0.05,Software,30
771628,5508,2530,2019-01-07,7663.96,1762.71,9426.67,0.23,Automotive,32
486698,2009,1377,2019-12-30,6051.85,302.59,6354.44,0.05,Education Services,40
921484,5114,6595,2019-11-01,2179.17,174.33,2353.5,0.08,Services,38
295306,3378,8142,2019-11-12,436.86,21.84,458.7,0.05,Furniture,31
508536,9167,1117,2019-10-06,4640.74,232.04,4872.78,0.05,Furniture,46
729932,3756,8556,2019-05-05,3346.84,267.75,3614.59,0.08,Education Services,60
428298,8814,4185,2019-07-20,385.27,88.61,473.88,0.23,Food,13
989735,5196,9598,2019-03-11,6100.49,488.04,6588.53,0.08,Automotive,22
944886,7605,7073,2019-10-12,3815.75,305.26,4121.01,0.08,Office Supplies,55
156888,4568,5065,2019-03-11,6546.41,523.71,7070.12,0.08,Food,30
998491,6736,1284,2019-01-12,1422.68,71.13,1493.81,0.05,Clothing,4
194561,3152,3756,2019-12-10,824.76,41.24,866.0,0.05,Pharmaceuticals,55
570611,7170,6275,2019-09-27,3507.42,175.37,3682.79,0.05,Clothing,30
341988,7193,8940,2019-02-15,619.02,30.95,649.97,0.05,Machinery,10
291271,3334,6188,2019-06-18,6816.09,340.8,7156.89,0.05,Automotive,51
674759,7392,9913,2019-04-27,258.91,20.71,279.62,0.08,Automotive,1
567966,1475,9482,2019-01-08,101.61,8.13,109.74,0.08,Pharmaceuticals,14
357641,4617,1042,2019-05-15,148.97,11.92,160.89,0.08,Machinery,37
245252,3284,6919,2019-02-19,3585.24,286.82,3872.06,0.08,Office Supplies,39
246938,7605,7247,2019-11-27,7631.34,381.57,8012.91,0.05,Food,58
754891,7554,9292,2019-03-23,9946.87,795.75,10742.62,0.08,Furniture,14
559396,1755,7656,2019-11-06,431.11,21.56,452.67,0.05,Clothing,40
451295,7279,7857,2019-08-01,5079.85,1168.37,6248.22,0.23,Construction Materials,56
543110,4860,3061,2019-07-26,114.58,5.73,120.31,0.05,Construction Materials,3
615284,4928,3224,2019-12-23,837.76,67.02,904.78,0.08,Education Services,31
939295,5544,2065,2019-03-06,4350.04,1000.51,5350.55,0.23,Clothing,8
529690,9115,8270,2019-09-21,9825.07,2259.77,12084.84,0.23,Healthcare Equipment,48
333526,7971,9335,2019-04-11,474.52,109.14,583.66,0.23,Electronics,58
879287,9783,7531,2019-11-24,869.35,43.47,912.82,0.05,Healthcare Equipment,40
967983,7898,4443,2019-12-21,1149.49,264.38,1413.87,0.23,Healthcare Equipment,36
238188,7096,5615,2019-11-30,2302.45,529.56,2832.01,0.23,Machinery,10
171549,8931,6398,2019-08-24,514.34,25.72,540.06,0.05,Education Services,20
506842,3628,1059,2019-10-16,1016.49,50.82,1067.31,0.05,Pharmaceuticals,55
654407,2021,5694,2019-04-27,4434.39,354.75,4789.14,0.08,,34
402111,4737,8142,2019-09-15,4282.83,985.05,5267.88,0.23,Healthcare Equipment,44
813649,1966,1471,2019-12-21,2873.35,229.87,3103.22,0.08,Office Supplies,8
194770,5859,3334,2019-10-09,273.23,62.84,336.07,0.23,Machinery,18
346113,6327,2227,2019-04-03,2066.02,103.3,2169.32,0.05,Food,26
332292,8378,7047,2019-08-23,6904.22,552.34,7456.56,0.08,Automotive,0
975339,2790,3437,2019-03-02,9828.16,2260.48,12088.64,0.23,Office Supplies,56
198204,2027,7258,2019-01-14,10728.48,2467.55,13196.03,0.23,,28
515324,7966,7350,2019-01-21,11351.05,908.08,12259.13,0.08,Electronics,8
788840,2819,6696,2019-08-30,11325.74,566.29,11892.03,0.05,Construction Materials,6
541229,4994,12345679,2019-01-09,236.53,54.4,290.93,0.23,Services,2
105715,3867,5538,2019-04-21,688.98,55.12,744.1,0.08,Services,12
554779,6375,7863,2019-12-06,3050.91,701.71,3752.62,0.23,Pharmaceuticals,58
973248,6595,6802,2019-10-18,171.38,8.57,179.95,0.05,Office Supplies,32
768369,4136,2579,2019-03-08,682.19,54.58,736.77,0.08,Clothing,36
204074,2204,6228,2019-08-04,4002.6,200.13,4202.73,0.05,Electronics,46
641590,3163,8342,2019-06-10,1073.24,85.86,1159.1,0.08,Machinery,15
896898,3144,49515351,2019-09-14,470.11,108.13,578.24,0.23,Services,24
659549,9771,6078,2019-03-19,7311.74,584.94,7896.68,0.08,Construction Materials,15
758536,2542,1685,2019-02-14,3175.91,254.07,3429.98,0.08,Electronics,46
633241,6463,2750,2019-06-18,386.87,30.95,417.82,0.08,Construction Materials,46
658570,8624,8178,2019-02-26,5324.74,1224.69,6549.43,0.23,Education Services,33
719017,4994,7357,2019-07-12,7619.99,1752.6,9372.59,0.23,Machinery,22
338595,5009,7154546430,2019-09-13,423.93,97.5,521.43,0.23,Services,13
711689,4663,9894,2019-10-29,16661.85,1332.95,17994.8,0.08,Software,29
131585,5615,1059,2019-04-12,3085.52,246.84,3332.36,0.08,Pharmaceuticals,25
487476,3331,2192,2019-06-18,4571.26,228.56,4799.82,0.05,Education Services,41
814382,7992,6802,2019-03-31,581.77,29.09,610.86,0.05,Construction Materials,59
320354,2619,1902,2019-01-04,583.11,46.65,629.76,0.08,Electronics,59
749011,3136,4665,2019-06-12,8364.32,669.15,9033.47,0.08,Healthcare Equipment,17
748222,7312,5263,2019-08-24,239.84,19.19,259.03,0.08,Furniture,44
402284,4723,5845,2019-07-16,722.95,36.15,759.1,0.05,Machinery,44
273864,7605,5505,2019-06-11,532.13,122.39,654.52,0.23,Education Services,29
238774,4161,6357,2019-12-21,9193.73,2114.56,11308.29,0.23,Construction Materials,36
284159,8940,5602,2019-09-03,5248.68,419.89,5668.57,0.08,Construction Materials,41
801842,8615,3645,2019-12-05,587.79,47.02,634.81,0.08,Food,13
853311,7863,7695,2019-09-28,3276.12,163.81,3439.93,0.05,Office Supplies,6
932209,9514,5069,2019-11-19,6042.61,483.41,6526.02,0.08,Software,51
491124,5738,9222,2019-02-28,19167.39,958.37,20125.76,0.05,Machinery,15
112457,1139,1048,2019-12-10,942.68,216.82,1159.5,0.23,Healthcare Equipment,58
610112,9198,2939,2019-12-05,6248.91,499.91,6748.82,0.08,Office Supplies,25
421602,2009,2790,2019-12-01,402.76,92.63,495.39,0.23,Automotive,21
550675,8436,6500,2019-02-05,424.5,97.64,522.14,0.23,Services,34
682112,4090,12345680,2019-12-16,962.94,221.48,1184.42,0.23,Services,19
244440,3780,3033,2019-07-18,5150.72,412.06,5562.78,0.08,Financial Services,21
638912,5738,8452,2019-01-09,167.52,38.53,206.05,0.23,Education Services,32
678697,9204,5501,2019-04-23,632.96,145.58,778.54,0.23,Software,56
699175,7695,4179,2019-04-01,3236.13,744.31,3980.44,0.23,,22
508609,5426,2465,2019-07-28,3212.91,160.65,3373.56,0.05,Services,25
685584,1446,6357,2019-05-07,6876.04,550.08,7426.12,0.08,Financial Services,51
955137,7047,9464,2019-09-07,1185.31,272.62,1457.93,0.23,Food,56
474405,9812,5785,2019-12-07,850.47,195.61,1046.08,0.23,Automotive,54
337996,7211,1988,2019-04-07,327.52,26.2,353.72,0.08,Construction Materials,60
280038,1888,8179,2019-09-27,1892.57,435.29,2327.86,0.23,Software,55
452161,8801,7231,2019-01-19,4310.45,344.84,4655.29,0.08,Financial Services,55
180030,1475,8256,2019-10-28,22666.3,5213.25,27879.55,0.23,,19
477698,5914,4412,2019-09-25,122.87,9.83,132.7,0.08,,47
632883,7961,7312,2019-02-02,4703.29,235.16,4938.45,0.05,Machinery,51
126339,1377,9418,2019-02-05,722.2,36.11,758.31,0.05,Machinery,32
718042,7878,5548,2019-02-16,9699.6,2230.91,11930.51,0.23,Construction Materials,53
943097,6543,6106,2019-12-27,8230.76,658.46,8889.22,0.08,Software,38
595040,4313,9731,2019-12-28,410.48,32.84,443.32,0.08,Food,13
643347,2504,1786,2019-01-08,4179.2,334.34,4513.54,0.08,Automotive,55
923460,4568,3112,2019-03-28,9144.68,457.23,9601.91,0.05,Services,10
679630,9674,3338,2019-06-22,3619.02,180.95,3799.97,0.05,Pharmaceuticals,36
448604,1974,2131,2019-04-03,1938.33,96.92,2035.25,0.05,Pharmaceuticals,58
276938,8269,1696,2019-01-07,227.08,18.17,245.25,0.08,Automotive,17
393356,1185,5411,2019-03-25,24834.33,1986.75,26821.08,0.08,Services,21
591669,8940,4183,2019-03-19,628.66,50.29,678.95,0.08,Electronics,50
728945,2311,5694,2019-03-03,24702.64,1235.13,25937.77,0.05,Food,28
361380,9515,3152,2019-04-13,182.52,14.6,197.12,0.08,Electronics,16
489211,5065,9621,2019-02-14,3509.29,807.14,4316.43,0.23,Office Supplies,27
474325,1896,8178,2019-09-17,402.26,32.18,434.44,0.08,Construction Materials,45
652639,1733,9812,2019-03-31,6237.47,1434.62,7672.09,0.23,Financial Services,50
232281,1106,7337,2019-01-24,151.01,7.55,158.56,0.05,Education Services,26
121508,9565,2120,2019-04-26,20203.2,1616.26,21819.46,0.08,Automotive,9
733104,5831,12345679,2019-09-16,745.31,171.42,916.73,0.23,Services,7
652452,5120,3623,2019-03-30,569.19,45.54,614.73,0.08,,23
664642,4018,7873,2019-03-20,391.16,19.56,410.72,0.05,Automotive,23
786677,8051,9971,2019-09-17,876.65,70.13,946.78,0.08,Office Supplies,58
232828,9941,5505,2019-10-22,23696.51,1184.83,24881.34,0.05,,11
575471,3284,4691,2019-10-03,4153.88,332.31,4486.19,0.08,Furniture,41
830758,4460,3756,2019-07-05,21987.42,1099.37,23086.79,0.05,,40
641059,9307,7512,2019-10-08,584.59,46.77,631.36,0.08,Services,28
197136,2690,9122,2019-03-08,502.19,40.18,542.37,0.08,,42
161545,3441,7659,2019-07-29,692.02,159.16,851.18,0.23,Automotive,17
345731,4661,9686,2019-09-26,332.47,26.6,359.07,0.08,Food,56
448056,6184,2454,2019-09-25,275.19,63.29,338.48,0.23,Clothing,33
658630,2771,7954,2019-11-15,624.02,143.52,767.54,0.23,Financial Services,60
138292,1068,3024,2019-07-12,2137.85,491.71,2629.56,0.23,Office Supplies,30
325107,5914,6917,2019-03-20,2491.9,573.14,3065.04,0.23,Machinery,38
451949,9255,1651,2019-07-04,11847.09,947.77,12794.86,0.08,Food,51
593522,8559,6463,2019-09-14,227.26,11.36,238.62,0.05,Office Supplies,52
789117,7398,9913,2019-03-05,134.04,6.7,140.74,0.05,Electronics,13
487090,8422,2931,2019-11-02,5317.36,425.39,5742.75,0.08,Clothing,36
514224,6440,6547,2019-12-30,625.18,31.26,656.44,0.05,Financial Services,60
839897,9412,4868,2019-10-21,24090.51,5540.82,29631.33,0.23,Office Supplies,57
370931,5621,5615,2019-11-11,3455.91,794.86,4250.77,0.23,Clothing,19
205067,2048,5057,2019-06-11,1720.1,86.0,1806.1,0.05,Electronics,18
499363,9420,3666,2019-12-13,5136.81,1181.47,6318.28,0.23,Healthcare Equipment,21
763518,6505,2529,2019-10-15,2841.02,227.28,3068.3,0.08,Furniture,9
879172,3780,12345680,2019-04-19,1367.65,314.56,1682.21,0.23,Services,11
276237,3809,4245,2019-09-09,4904.25,1127.98,6032.23,0.23,Software,46
339923,6479,3349,2019-05-15,953.88,219.39,1173.27,0.23,Machinery,51
766740,9703,8909,2019-10-16,5376.42,1236.58,6613.0,0.23,Furniture,48
311046,6685,6463,2019-10-03,669.29,33.46,702.75,0.05,Financial Services,54
317819,8623,3472,2019-02-18,1877.11,93.86,1970.97,0.05,Pharmaceuticals,57
774527,2504,3024,2019-03-17,4038.54,323.08,4361.62,0.08,Education Services,38
811136,5358,3393,2019-10-23,21056.89,1684.55,22741.44,0.08,Electronics,51
914404,1986,3269,2019-04-29,2229.68,178.37,2408.05,0.08,Furniture,41
291697,7073,1160,2019-06-19,14025.53,3225.87,17251.4,0.23,Food,17
969688,6685,2293,2019-02-07,986.85,49.34,1036.19,0.05,Office Supplies,24
558808,4081,2567,2019-12-29,9964.75,2291.89,12256.64,0.23,Education Services,55
386008,8755,4466,2019-05-25,110.73,5.54,116.27,0.05,Construction Materials,10
452512,5232,7966,2019-11-15,1739.77,86.99,1826.76,0.05,Healthcare Equipment,29
706836,9515,4434,2019-04-05,344.64,17.23,361.87,0.05,Food,54
719397,4412,6863,2019-02-10,5797.78,1333.49,7131.27,0.23,Electronics,21
983802,6053,7117,2019-10-09,17736.39,1418.91,19155.3,0.08,Pharmaceuticals,45
580571,4668,8873,2019-11-23,1379.5,317.29,1696.79,0.23,Automotive,17
120105,4663,2374,2019-05-22,20894.62,4805.76,25700.38,0.23,Education Services,35
201296,6228,7647,2019-10-31,6145.73,1413.52,7559.25,0.23,Healthcare Equipment,48
611946,8556,1817,2019-03-08,168.57,38.77,207.34,0.23,Clothing,14
723359,2953,4595,2019-02-09,7330.78,1686.08,9016.86,0.23,Automotive,39
613783,4466,8065250829,2019-12-24,393.15,90.42,483.57,0.23,Services,14
441171,6919,9939,2019-07-01,515.44,25.77,541.21,0.05,Healthcare Equipment,7
320034,8426,3930,2019-12-11,2998.81,689.73,3688.54,0.23,Electronics,14
292445,9292,7211,2019-06-17,771.22,61.7,832.92,0.08,Financial Services,53
924281,6872,8246,2019-10-12,971.75,48.59,1020.34,0.05,Clothing,40
230398,7746,7277,2019-06-26,16855.87,842.79,17698.66,0.05,Education Services,54
501559,9420,9129,2019-02-23,2683.43,214.67,2898.1,0.08,Clothing,4
201745,1841,4505,2019-11-22,3886.78,893.96,4780.74,0.23,Machinery,9
486513,4306,5232,2019-04-04,820.43,188.7,1009.13,0.23,Automotive,18
680959,7878,6398,2019-06-30,543.25,27.16,570.41,0.05,Pharmaceuticals,4
321008,8270,2619,2019-04-14,327.35,75.29,402.64,0.23,Construction Materials,37
572027,9735,2993,2019-07-17,5118.51,255.93,5374.44,0.05,Healthcare Equipment,16
628218,2213,3759750,2019-02-10,1246.05,286.59,1532.64,0.23,Services,12
744822,9118,4129,2019-12-19,2325.43,116.27,2441.7,0.05,Education Services,31
742495,2025,5541,2019-08-01,5860.54,1347.92,7208.46,0.23,Construction Materials,11
520584,7360,4668,2019-08-08,1898.58,94.93,1993.51,0.05,Software,53
221595,8108,3679,2019-03-11,5066.91,405.35,5472.26,0.08,Financial Services,8
386130,1456,8094,2019-10-31,3269.5,751.99,4021.49,0.23,Machinery,49
777019,3334,7966,2019-09-21,318.12,15.91,334.03,0.05,Healthcare Equipment,21
431538,6327,2156,2019-07-10,4702.09,376.17,5078.26,0.08,Food,28
675316,1800,8887,2019-01-20,1695.04,84.75,1779.79,0.05,Software,7
770813,5263,8488,2019-02-20,533.02,26.65,559.67,0.05,Furniture,32
570153,1160,8179,2019-08-22,3000.87,150.04,3150.91,0.05,Food,27
143698,7265,9845,2019-11-25,1663.78,382.67,2046.45,0.23,Pharmaceuticals,53
252475,3650,2412,2019-03-12,4606.03,1059.39,5665.42,0.23,Electronics,14
385745,3867,7732,2019-12-03,2392.42,119.62,2512.04,0.05,Healthcare Equipment,54
131607,4090,9567,2019-07-31,9363.43,2153.59,11517.02,0.23,Clothing,44
474430,7491,2553,2019-01-26,1249.7,287.43,1537.13,0.23,Financial Services,54
574905,9290,3956,2019-05-18,4318.51,345.48,4663.99,0.08,Clothing,32
150888,4429,9000,2019-07-01,240.11,19.21,259.32,0.08,Services,20
250359,4185,5914,2019-03-15,2714.71,135.74,2850.45,0.05,Machinery,21
973065,4831,7859,2019-10-01,473.75,23.69,497.44,0.05,Machinery,50
815543,5126,2145,2019-05-29,127.79,6.39,134.18,0.05,Clothing,59
123572,6479,9820,2019-02-28,726.44,167.08,893.52,0.23,Electronics,9
196067,1826,4136,2019-08-10,3136.11,721.31,3857.42,0.23,Healthcare Equipment,35
379425,3842,12345679,2019-01-22,1464.08,336.74,1800.82,0.23,Services,17
331499,9654,9605,2019-04-11,165.67,13.25,178.92,0.08,Clothing,34
729462,4568,6412,2019-07-04,257.82,59.3,317.12,0.23,Software,20
864648,5098,5492,2019-09-15,174.34,8.72,183.06,0.05,Food,40
622560,8472,3738,2019-10-24,4603.39,368.27,4971.66,0.08,Food,58
848125,7258,9206,2019-07-17,961.67,48.08,1009.75,0.05,Pharmaceuticals,50
468693,8665,3930,2019-12-09,151.41,7.57,158.98,0.05,Financial Services,10
218729,4880,7193,2019-12-07,3017.65,694.06,3711.71,0.23,Construction Materials,45
451283,4589,6539,2019-08-07,2029.03,101.45,2130.48,0.05,Office Supplies,16
226796,4652,8050,2019-01-13,1546.74,355.75,1902.49,0.23,Education Services,19
565757,1754,4170,2019-08-12,2690.82,618.89,3309.71,0.23,Clothing,54
588418,8035,3013,2019-10-02,4870.51,389.64,5260.15,0.08,Automotive,60
521466,3488,6238,2019-09-13,1962.31,451.33,2413.64,0.23,Furniture,22
126730,8785,3108,2019-01-29,5196.58,259.83,5456.41,0.05,Pharmaceuticals,48
735698,1302,9527,2019-12-15,170.79,13.66,184.45,0.08,Construction Materials,20
684271,5050,5531,2019-04-01,7317.81,365.89,7683.7,0.05,Furniture,30
396909,5069,7258,2019-09-01,5992.96,299.65,6292.61,0.05,Automotive,23
992104,3061,6872,2019-09-07,20335.89,1626.87,21962.76,0.08,Healthcare Equipment,2
903065,2360,8340,2019-03-16,9626.91,770.15,10397.06,0.08,,37
806355,1643,8094,2019-04-26,108.85,8.71,117.56,0.08,Services,12
586603,6736,9687,2019-06-01,285.29,65.62,350.91,0.23,Services,43
288147,9167,3548,2019-11-02,427.19,21.36,448.55,0.05,Financial Services,17
359473,3334,2044,2019-02-28,3659.05,182.95,3842.0,0.05,Food,30
294696,8598,3775,2019-06-25,6355.63,1461.79,7817.42,0.23,Clothing,21
774022,8522,5895,2019-05-14,7877.83,393.89,8271.72,0.05,Automotive,26
221306,5613,7695,2019-12-16,16043.86,802.19,16846.05,0.05,Pharmaceuticals,16
950944,1929,7047,2019-04-08,1053.06,52.65,1105.71,0.05,Food,44
408402,3756,12345679,2019-11-26,1089.96,250.69,1340.65,0.23,Services,39
557499,8548,9335,2019-12-24,369.47,84.98,454.45,0.23,Automotive,28
997922,1733,9405,2019-10-18,239.1,54.99,294.09,0.23,Education Services,9
306170,7030,2030,2019-12-10,294.72,23.58,318.3,0.08,Financial Services,53
796501,1117,8665,2019-04-17,3056.61,152.83,3209.44,0.05,Pharmaceuticals,14
577571,2379,4003,2019-11-27,1230.27,98.42,1328.69,0.08,Education Services,29
347625,1471,4090,2019-08-28,1553.57,124.29,1677.86,0.08,Food,7
495880,8436,9477,2019-10-23,145.68,7.28,152.96,0.05,Healthcare Equipment,32
814641,6039,6188,2019-03-30,554.37,127.51,681.88,0.23,Office Supplies,54
740728,2266,4354,2019-03-31,165.23,13.22,178.45,0.08,Office Supplies,1
545616,2541,3836,2019-06-01,351.73,28.14,379.87,0.08,Services,26
977001,3851,3988,2019-10-14,16248.24,812.41,17060.65,0.05,Construction Materials,32
668516,1624,3163,2019-03-20,294.25,14.71,308.96,0.05,Furniture,16
557280,8674,1826,2019-06-01,2724.65,217.97,2942.62,0.08,Pharmaceuticals,10
994931,3108,8283,2019-12-04,12803.01,1024.24,13827.25,0.08,Software,51
968065,7055,9275,2019-01-22,7466.83,373.34,7840.17,0.05,Automotive,35
118465,4003,5282,2019-03-15,1664.57,133.17,1797.74,0.08,Software,25
490045,6526,7867,2019-06-20,22565.51,5190.07,27755.58,0.23,Electronics,21
708245,9194,9214,2019-04-09,988.48,227.35,1215.83,0.23,Pharmaceuticals,55
421710,7801,2530,2019-02-07,277.5,63.83,341.33,0.23,Healthcare Equipment,55
923565,2993,1682,2019-10-19,2084.55,479.45,2564.0,0.23,Office Supplies,59
154505,1895,2295,2019-08-18,9807.23,784.58,10591.81,0.08,Financial Services,22
865709,9292,1471,2019-02-08,942.19,216.7,1158.89,0.23,Clothing,48
185233,8366,8826,2019-07-18,128.43,29.54,157.97,0.23,Pharmaceuticals,45
508202,8158,4081,2019-07-10,5115.37,409.23,5524.6,0.08,Electronics,25
693091,4868,1755,2019-02-03,838.87,192.94,1031.81,0.23,Education Services,28
187925,5058,4735,2019-05-21,213.79,10.69,224.48,0.05,Machinery,44
451842,1160,4003,2019-11-18,544.45,43.56,588.01,0.08,Furniture,54
843377,7265,8142,2019-08-01,3914.57,313.17,4227.74,0.08,Machinery,9
919991,8624,9735,2019-02-13,1415.75,325.62,1741.37,0.23,Construction Materials,41
781197,5290,5358,2019-07-04,22836.52,1826.92,24663.44,0.08,Pharmaceuticals,35
890593,5254,4812,2019-11-17,3311.72,165.59,3477.31,0.05,Machinery,8
921410,7777,7531,2019-09-24,1937.68,445.67,2383.35,0.23,Healthcare Equipment,1
643869,6440,1319,2019-10-07,4244.42,339.55,4583.97,0.08,Pharmaceuticals,22
943359,1895,2446,2019-10-17,2460.45,123.02,2583.47,0.05,Healthcare Equipment,9
621857,7340,1851,2019-01-30,2199.65,109.98,2309.63,0.05,Financial Services,3
869672,4559,1938,2019-07-19,396.51,91.2,487.71,0.23,Food,27
966035,4889,5263,2019-02-19,3600.7,288.06,3888.76,0.08,Clothing,29
231231,6634,3199,2019-09-13,2068.26,103.41,2171.67,0.05,Pharmaceuticals,36
898681,9598,1755,2019-12-12,1406.0,112.48,1518.48,0.08,Machinery,43
254120,9456,2192,2019-04-22,1296.33,298.16,1594.49,0.23,Services,18
571897,2253,2906,2019-05-22,4481.31,224.07,4705.38,0.05,Education Services,32
521932,8034,9621,2019-04-07,457.98,36.64,494.62,0.08,Pharmaceuticals,53
682589,4738,8452,2019-11-14,14259.73,712.99,14972.72,0.05,Pharmaceuticals,39
143240,5541,7700,2019-09-25,298.4,68.63,367.03,0.23,Education Services,36
423395,4136,6428,2019-04-12,5052.26,1162.02,6214.28,0.23,Clothing,54
572997,1185,5914,2019-08-25,18409.05,4234.08,22643.13,0.23,Pharmaceuticals,2
452063,8887,7633,2019-01-07,24138.16,1931.05,26069.21,0.08,Healthcare Equipment,59
937430,8378,6821,2019-09-18,3185.61,732.69,3918.3,0.23,Services,31
607502,1853,2649,2019-05-08,4421.85,221.09,4642.94,0.05,Construction Materials,49
315729,6584,1210,2019-09-07,24077.4,1203.87,25281.27,0.05,Office Supplies,51
513590,9820,3606,2019-08-18,118.45,9.48,127.93,0.08,Machinery,29
404623,3286,2295,2019-03-17,22782.99,1139.15,23922.14,0.05,Financial Services,37
555604,1546,6698,2019-02-18,6656.8,332.84,6989.64,0.05,Construction Materials,59
410831,8909,6157,2019-11-01,539.73,124.14,663.87,0.23,Electronics,50
505841,8422,5529,2019-03-23,18943.41,4356.98,23300.39,0.23,Clothing,50
801028,2541,1970,2019-11-11,2799.59,643.91,3443.5,0.23,Clothing,26
729057,1282,5086,2019-05-09,1286.35,295.86,1582.21,0.23,Services,18
186370,8481,2753,2019-07-30,225.95,18.08,244.03,0.08,Financial Services,35
512935,1853,7873,2019-09-12,659.2,32.96,692.16,0.05,Financial Services,31
992572,7326,7522,2019-11-06,7597.23,379.86,7977.09,0.05,Education Services,51
180134,6922,5694,2019-05-16,1077.18,86.17,1163.35,0.08,Clothing,24
452294,4460,4981,2019-04-26,332.87,26.63,359.5,0.08,Healthcare Equipment,41
199915,4162,5203,2019-05-31,4464.55,223.23,4687.78,0.05,Automotive,42
289944,2116,9224,2019-07-20,4295.46,987.96,5283.42,0.23,Machinery,57
122770,4554,12345680,2019-04-28,618.92,142.35,761.27,0.23,Services,23
494715,2747,5144,2019-12-29,801.89,184.43,986.32,0.23,Services,36
876108,4719,9050,2019-07-21,946.35,47.32,993.67,0.05,Clothing,54
963426,1048,9687,2019-03-14,2996.73,149.84,3146.57,0.05,Financial Services,17
167320,4090,5792,2019-09-18,1654.53,380.54,2035.07,0.23,Software,13
230439,1108,9484,2019-10-28,457.28,22.86,480.14,0.05,Education Services,23
326570,2044,4659,2019-11-04,354.49,28.36,382.85,0.08,Furniture,12
926808,7961,9316,2019-09-12,2903.08,232.25,3135.33,0.08,Food,34
824146,8096,6163,2019-06-10,1334.37,106.75,1441.12,0.08,Automotive,47
316087,4776,5009,2019-05-14,1661.71,132.94,1794.65,0.08,Furniture,34
910764,4866,5859,2019-02-20,755.83,60.47,816.3,0.08,,58
228791,4981,6295,2019-03-28,3023.75,241.9,3265.65,0.08,Healthcare Equipment,53
850272,7305,2209,2019-07-03,133.64,10.69,144.33,0.08,Construction Materials,9
165851,3692,9132,2019-03-04,184.25,14.74,198.99,0.08,Software,45
470859,6584,8548,2019-09-01,191.46,44.04,235.5,0.23,Pharmaceuticals,34
333355,5156,3650,2019-01-02,5251.24,420.1,5671.34,0.08,Services,15
675990,7652,2974,2019-09-04,1271.34,101.71,1373.05,0.08,Food,7
945287,9542,73320036,2019-04-18,1022.88,235.26,1258.14,0.23,Services,41
832773,9756,7053,2019-04-23,14661.48,3372.14,18033.62,0.23,Pharmaceuticals,59
199104,2108,6315,2019-02-06,352.25,17.61,369.86,0.05,Construction Materials,38
932943,6463,2423,2019-04-27,762.68,61.01,823.69,0.08,Furniture,24
196420,5156,6927,2019-01-04,8388.06,671.04,9059.1,0.08,Services,1
832165,5803,6634,2019-08-31,102.62,23.6,126.22,0.23,Furniture,39
175691,3666,3296,2019-07-02,1579.11,126.33,1705.44,0.08,Food,44
796500,8809,1567,2019-08-30,18868.25,1509.46,20377.71,0.08,Healthcare Equipment,39
797819,8488,7231,2019-12-19,2731.22,628.18,3359.4,0.23,Automotive,16
110503,4889,3488,2019-11-05,122.87,28.26,151.13,0.23,Furniture,19
318734,3429,1916,2019-05-12,430.09,34.41,464.5,0.08,Automotive,50
381696,1765,5984,2019-06-17,346.25,27.7,373.95,0.08,,48
353265,1851,4559,2019-10-12,2358.81,117.94,2476.75,0.05,Food,56
231752,6510,1792,2019-12-26,190.44,9.52,199.96,0.05,Machinery,36
479016,5786,2412,2019-07-20,1522.11,350.09,1872.2,0.23,Electronics,42
461595,8096,2939,2019-10-03,347.4,17.37,364.77,0.05,Services,38
618189,2116,1760,2019-06-08,289.27,66.53,355.8,0.23,Pharmaceuticals,15
594967,6789,1375,2019-03-17,400.06,20.0,420.06,0.05,Office Supplies,10
252156,4570,4366,2019-06-11,308.2,15.41,323.61,0.05,Education Services,13
529287,5531,5914,2019-11-05,8905.12,712.41,9617.53,0.08,Furniture,46
451709,7527,8814,2019-10-09,296.65,68.23,364.88,0.23,Food,45
265711,7365,8112,2019-05-04,945.52,47.28,992.8,0.05,Services,12
828021,9814,8857,2019-02-23,4934.14,1134.85,6068.99,0.23,Machinery,15
496507,7512,1966,2019-05-05,1562.31,78.12,1640.43,0.05,Financial Services,25
365418,4841,6422,2019-01-28,16084.29,1286.74,17371.03,0.08,Construction Materials,36
264256,6887,7053,2019-02-09,557.67,27.88,585.55,0.05,Pharmaceuticals,34
674519,4659,5735,2019-05-20,282.53,22.6,305.13,0.08,Education Services,9
276669,5061,7055,2019-03-03,5918.6,295.93,6214.53,0.05,Furniture,23
471483,2066,2375,2019-07-24,12258.18,980.65,13238.83,0.08,Services,41
445315,9822,9421,2019-02-02,121.96,6.1,128.06,0.05,Furniture,10
632134,7784,9308,2019-01-12,142.92,7.15,150.07,0.05,Pharmaceuticals,20
403536,1925,4789,2019-09-15,21838.66,1747.09,23585.75,0.08,Education Services,32
661303,8709,1896,2019-10-30,415.48,33.24,448.72,0.08,Healthcare Equipment,55
769422,9812,7177,2019-06-06,308.04,24.64,332.68,0.08,Education Services,34
862741,1853,5555,2019-02-08,603.71,138.85,742.56,0.23,Services,41
434370,9226,4642,2019-01-27,3233.67,161.68,3395.35,0.05,Machinery,44
995202,9042,6168,2019-03-26,9317.88,2143.11,11460.99,0.23,Clothing,45
775899,9290,1343,2019-05-16,396.75,19.84,416.59,0.05,Furniture,1
205548,3061,7319,2019-11-27,2373.46,118.67,2492.13,0.05,Furniture,14
939360,4738,4469,2019-04-01,104.87,8.39,113.26,0.08,Education Services,18
999984,9910,5520,2019-04-30,315.74,72.62,388.36,0.23,Machinery,25
448245,3692,9085,2019-05-09,14304.61,715.23,15019.84,0.05,Healthcare Equipment,13
495630,8556,8809,2019-04-11,1446.18,72.31,1518.49,0.05,Financial Services,36
296477,7527,8931,2019-05-01,3129.65,250.37,3380.02,0.08,Furniture,60
653680,6361,5984,2019-09-28,6966.59,348.33,7314.92,0.05,Electronics,28
846967,6078,7382,2019-09-21,2814.9,225.19,3040.09,0.08,Education Services,45
272434,4652,7357,2019-01-16,9146.9,2103.79,11250.69,0.23,Electronics,10
571622,5508,2246,2019-04-27,4838.17,241.91,5080.08,0.05,Food,14
726575,1888,3478,2019-06-18,822.49,189.17,1011.66,0.23,Food,56
735351,8340,6053,2019-05-18,2733.09,218.65,2951.74,0.08,Services,29
975656,8094,8814,2019-01-03,307.65,70.76,378.41,0.23,Healthcare Equipment,4
385478,1471,5501,2019-08-26,132.76,30.53,163.29,0.23,Machinery,4
210027,8873,5597,2019-02-18,521.5,26.08,547.58,0.05,Automotive,44
697465,6506,2405,2019-05-12,9119.3,729.54,9848.84,0.08,Electronics,58
366433,3842,4586,2019-10-03,325.87,16.29,342.16,0.05,Financial Services,31
428069,4994,3378,2019-11-24,1396.2,111.7,1507.9,0.08,Office Supplies,6
989082,8508,7211,2019-01-31,4582.66,366.61,4949.27,0.08,Construction Materials,58
402947,4317,2120,2019-03-19,10396.49,831.72,11228.21,0.08,Financial Services,27
589457,3496,5114,2019-07-07,142.89,11.43,154.32,0.08,Pharmaceuticals,54
396404,4928,3964,2019-08-04,278.35,22.27,300.62,0.08,Construction Materials,24
644966,6517,2209,2019-05-31,741.42,37.07,778.49,0.05,Machinery,44
766121,8377,5411,2019-01-28,7453.67,596.29,8049.96,0.08,Financial Services,45
531455,7030,7170,2019-03-07,2142.73,107.14,2249.87,0.05,Clothing,35
185146,6796,6483,2019-11-22,5246.08,1206.6,6452.68,0.23,Services,37
598856,7326,5003,2019-02-07,13078.17,653.91,13732.08,0.05,Financial Services,48
927744,2025,3582,2019-08-04,143.25,32.95,176.2,0.23,Machinery,38
276617,9484,7047,2019-07-14,5205.43,260.27,5465.7,0.05,,27
571869,9198,3780,2019-02-10,1760.87,88.04,1848.91,0.05,Automotive,15
356482,6541,2464,2019-03-25,3657.4,182.87,3840.27,0.05,Healthcare Equipment,7
221542,8919,1484,2019-05-22,8798.59,439.93,9238.52,0.05,Education Services,18
131015,8441,5611,2019-04-24,440.38,22.02,462.4,0.05,Financial Services,10
993516,2192,8029,2019-04-22,1149.67,91.97,1241.64,0.08,Software,43
991966,3526,2245,2019-11-25,5436.23,434.9,5871.13,0.08,Office Supplies,33
691878,1422,5362,2019-08-03,110.51,8.84,119.35,0.08,Clothing,47
894943,2360,3826,2019-07-26,22451.46,5163.84,27615.3,0.23,Education Services,3
359511,3692,7350,2019-06-08,5332.26,1226.42,6558.68,0.23,Construction Materials,27
708993,5517,6160,2019-04-09,1904.71,95.24,1999.95,0.05,Automotive,2
830877,2043,4737,2019-09-20,277.38,63.8,341.18,0.23,Automotive,33
574342,7873,7971,2019-05-08,461.58,36.93,498.51,0.08,Machinery,44
952399,4340,2446,2019-06-19,126.41,6.32,132.73,0.05,Machinery,55
244543,5670,1475,2019-02-06,1404.01,112.32,1516.33,0.08,Office Supplies,59
218838,9731,8269,2019-10-12,2250.5,517.62,2768.12,0.23,Software,0
870108,7396,6167,2019-03-10,6401.51,512.12,6913.63,0.08,Machinery,13
753363,8559,6895,2019-01-11,1890.9,434.91,2325.81,0.23,Electronics,23
271948,7954,5009,2019-09-16,10514.56,841.16,11355.72,0.08,Software,17
913991,9464,3437,2019-01-30,2392.92,550.37,2943.29,0.23,Education Services,37
120750,5254,4559,2019-08-14,928.06,213.45,1141.51,0.23,,25
762779,1763,8623,2019-09-13,17998.04,1439.84,19437.88,0.08,Clothing,14
770206,2105,3717,2019-09-13,700.41,161.09,861.5,0.23,Machinery,18
708619,6375,8747,2019-03-16,1254.91,100.39,1355.3,0.08,Construction Materials,54
164311,4170,4559,2019-08-03,178.38,41.03,219.41,0.23,Financial Services,5
185548,3247,5058,2019-12-28,2939.28,676.03,3615.31,0.23,Furniture,40
886176,7250,8083,2019-07-20,4750.2,237.51,4987.71,0.05,Automotive,42
847222,2753,37251837,2019-04-03,1341.78,308.61,1650.39,0.23,Services,40
602808,8100,9939,2019-12-11,6000.05,480.0,6480.05,0.08,Services,46
845608,1304,5670,2019-12-01,2825.06,649.76,3474.82,0.23,Software,51
315508,6398,1916,2019-10-30,3664.07,293.13,3957.2,0.08,Electronics,36
108408,5222,3516,2019-04-22,3017.16,150.86,3168.02,0.05,Construction Materials,40
879311,3462,9368,2019-12-22,3173.42,729.89,3903.31,0.23,Construction Materials,26
604674,9357,6543,2019-08-05,3436.8,171.84,3608.64,0.05,Construction Materials,34
820397,1798,3915,2019-10-08,2621.86,603.03,3224.89,0.23,Food,1
177718,9747,6456,2019-04-17,314.3,15.72,330.02,0.05,,39
280013,1888,8500,2019-11-18,7558.71,377.94,7936.65,0.05,Healthcare Equipment,1
372366,3144,5319,2019-11-11,794.51,63.56,858.07,0.08,Automotive,48
342628,4860,3540,2019-03-13,2166.16,498.22,2664.38,0.23,Construction Materials,18
369675,3851,2243,2019-06-04,1649.36,379.35,2028.71,0.23,Software,23
237319,3720,1446,2019-09-19,21684.87,4987.52,26672.39,0.23,Food,2
605360,7211,2327,2019-08-05,4222.02,971.06,5193.08,0.23,Education Services,59
364738,9444,5058,2019-08-07,11789.07,589.45,12378.52,0.05,Healthcare Equipment,11
944830,9747,8083,2019-08-13,987.83,49.39,1037.22,0.05,Automotive,35
801036,1895,6696,2019-06-26,4198.68,209.93,4408.61,0.05,Electronics,3
494294,6275,2010,2019-01-14,11479.06,573.95,12053.01,0.05,Clothing,23
138804,6631,5984,2019-08-31,435.9,100.26,536.16,0.23,Office Supplies,51
710124,5069,12345679,2019-10-25,1459.86,335.77,1795.63,0.23,Services,14
400577,1798,4985,2019-05-10,744.87,171.32,916.19,0.23,Food,10
255997,5358,2464,2019-01-30,431.96,34.56,466.52,0.08,Office Supplies,52
207691,1780,2375,2019-07-20,2803.5,224.28,3027.78,0.08,,57
570309,7762,5886,2019-04-09,2405.89,553.35,2959.24,0.23,Financial Services,56
127472,6503,8814,2019-03-22,1416.89,70.84,1487.73,0.05,Healthcare Equipment,40
357855,1974,7256,2019-07-04,1990.2,99.51,2089.71,0.05,Electronics,31
267086,4355,6935,2019-04-10,16646.21,832.31,17478.52,0.05,Furniture,54
362018,8467,5553,2019-09-20,168.85,38.84,207.69,0.23,Services,53
978738,4018,4245,2019-12-05,23956.31,1916.5,25872.81,0.08,Healthcare Equipment,5
491552,5621,1696,2019-01-24,490.8,112.88,603.68,0.23,Financial Services,1
856346,1319,3496,2019-03-10,9078.55,2088.07,11166.62,0.23,Education Services,37
582083,1526,5670,2019-08-22,3646.05,291.68,3937.73,0.08,Clothing,44
317150,7350,6160,2019-10-29,338.13,27.05,365.18,0.08,Healthcare Equipment,23
362673,7170,4327,2019-03-23,363.24,83.55,446.79,0.23,Financial Services,40
186507,9477,2465,2019-09-03,117.87,9.43,127.3,0.08,Construction Materials,50
150765,2968,2579,2019-03-26,788.92,181.45,970.37,0.23,Automotive,3
985755,2021,2209,2019-05-13,1640.15,131.21,1771.36,0.08,Services,21
673650,8864,2327,2019-09-07,6269.82,501.59,6771.41,0.08,,23
928653,8100,34869963,2019-01-12,986.01,226.78,1212.79,0.23,Services,22
332316,6547,1888,2019-07-06,1372.97,68.65,1441.62,0.05,Clothing,52
617294,5647,9259,2019-07-11,764.83,61.19,826.02,0.08,Healthcare Equipment,1
695052,6440,7032,2019-10-28,377.8,30.22,408.02,0.08,Healthcare Equipment,6
525223,6539,4823,2019-09-04,713.27,35.66,748.93,0.05,Construction Materials,25
762187,4955,7656,2019-07-09,13519.89,1081.59,14601.48,0.08,Education Services,15
214274,7491,2504,2019-07-12,7917.07,633.37,8550.44,0.08,Pharmaceuticals,20
444742,9687,2360,2019-06-24,204.56,16.36,220.92,0.08,Financial Services,37
176009,3750,5057,2019-05-30,2438.43,195.07,2633.5,0.08,Services,42
387580,2635,7032,2019-10-25,913.65,45.68,959.33,0.05,Office Supplies,56
482454,5785,9845,2019-08-04,2661.79,133.09,2794.88,0.05,Pharmaceuticals,40
566593,2683,7032,2019-12-20,635.8,50.86,686.66,0.08,Services,54
649354,2567,8340,2019-02-04,15164.89,758.24,15923.13,0.05,Machinery,1
799653,4049,4586,2019-01-02,9372.28,468.61,9840.89,0.05,Pharmaceuticals,44
394262,6676,3582,2019-11-02,654.95,150.64,805.59,0.23,Healthcare Equipment,45
401060,4245,12345680,2019-07-21,475.27,109.31,584.58,0.23,Services,37
766360,1872,9585,2019-01-18,694.14,159.65,853.79,0.23,Automotive,33
777197,5492,2156,2019-09-02,11972.12,2753.59,14725.71,0.23,Healthcare Equipment,48
331425,3690,6375,2019-07-06,17626.78,4054.16,21680.94,0.23,Financial Services,51
781302,6676,7451,2019-02-05,2699.67,215.97,2915.64,0.08,Food,30
650669,6800,2541,2019-08-24,661.43,52.91,714.34,0.08,Construction Materials,10
929514,2953,9910,2019-10-14,2218.29,177.46,2395.75,0.08,Clothing,44
528614,4986,8482,2019-04-23,199.53,15.96,215.49,0.08,Office Supplies,29
396165,2105,3213,2019-09-06,6406.18,512.49,6918.67,0.08,Office Supplies,55
637283,5974,9827,2019-10-21,217.25,17.38,234.63,0.08,Healthcare Equipment,58
618453,5845,5403,2019-01-03,3145.84,723.54,3869.38,0.23,Electronics,7
206017,1304,3727,2019-05-27,733.94,58.72,792.66,0.08,Food,25
126312,1938,2213,2019-01-14,985.96,226.77,1212.73,0.23,Financial Services,47
640384,9206,6887,2019-07-13,288.95,66.46,355.41,0.23,Clothing,58
680903,6091,3623,2019-08-02,8780.36,2019.48,10799.84,0.23,Automotive,30
483012,3679,9482,2019-11-10,23798.3,1903.86,25702.16,0.08,,18
217603,8785,2383,2019-01-19,221.58,11.08,232.66,0.05,Automotive,20
867978,4327,7905049,2019-02-15,453.5,104.31,557.81,0.23,Services,9
599607,6598,9827,2019-07-26,4202.0,966.46,5168.46,0.23,Office Supplies,12
185948,3756,12345679,2019-02-13,239.11,55.0,294.11,0.23,Services,47
224195,2690,3247,2019-06-01,4364.43,349.15,4713.58,0.08,Construction Materials,25
112874,9206,6122,2019-08-24,323.58,25.89,349.47,0.08,Pharmaceuticals,26
154915,2378,7245,2019-05-21,5508.96,440.72,5949.68,0.08,,17
209794,1754,1506,2019-05-01,2840.54,227.24,3067.78,0.08,Clothing,5
869299,3650,3293,2019-04-11,5619.53,1292.49,6912.02,0.23,Construction Materials,33
608453,1916,9118,2019-03-28,3720.2,297.62,4017.82,0.08,Software,25
305510,7965,2955,2019-02-05,6902.02,345.1,7247.12,0.05,Clothing,0
411546,5500,5868,2019-08-03,311.28,24.9,336.18,0.08,Construction Materials,41
478772,2454,2454,2019-03-10,2550.49,127.52,2678.01,0.05,Education Services,40
524776,3808,1755,2019-06-01,8302.93,415.15,8718.08,0.05,Furniture,8
790444,6115,1375,2019-10-11,4994.48,399.56,5394.04,0.08,Food,58
980475,6526,9874,2019-01-11,10578.31,2433.01,13011.32,0.23,Pharmaceuticals,41
554702,4655,2825,2019-11-15,113.09,9.05,122.14,0.08,Construction Materials,38
673281,1718,4595,2019-05-18,218.09,10.9,228.99,0.05,Services,60
727030,5426,1282,2019-10-03,145.7,7.29,152.99,0.05,Machinery,21
822698,1446,8919,2019-08-24,534.49,26.72,561.21,0.05,Software,42
334603,6634,7512,2019-12-13,2854.22,228.34,3082.56,0.08,Services,31
337074,2579,3269,2019-03-17,272.76,21.82,294.58,0.08,Pharmaceuticals,48
788381,9814,7247,2019-01-03,677.23,54.18,731.41,0.08,Clothing,49
163516,1446,4469,2019-09-12,477.06,109.72,586.78,0.23,Services,57
180712,7666,5200,2019-01-15,4250.15,977.53,5227.68,0.23,Pharmaceuticals,5
746304,2043,9421,2019-06-18,5333.02,266.65,5599.67,0.05,Financial Services,15
463326,1800,7032,2019-02-04,16868.46,843.42,17711.88,0.05,Office Supplies,7
944547,8226,8179,2019-12-26,2877.42,143.87,3021.29,0.05,Electronics,29
508560,6463,3543,2019-01-06,3600.22,828.05,4428.27,0.23,Food,39
412024,3956,8947,2019-02-03,5817.96,1338.13,7156.09,0.23,Construction Materials,13
298878,3061,3152,2019-07-31,5677.62,283.88,5961.5,0.05,Office Supplies,29
215945,2065,1151,2019-09-05,8657.16,432.86,9090.02,0.05,Food,44
627461,6517,3488,2019-04-14,2202.55,506.59,2709.14,0.23,Services,56
738813,9335,9030,2019-07-23,380.1,87.42,467.52,0.23,Clothing,41
559393,9180,5120,2019-12-06,192.91,44.37,237.28,0.23,Food,24
850091,9585,1084621700,2019-02-26,838.4,192.83,1031.23,0.23,Services,60
982583,1736,6703,2019-09-20,384.19,19.21,403.4,0.05,Financial Services,18
560890,3722,6703,2019-08-26,4621.51,369.72,4991.23,0.08,Electronics,34
322371,6139,5529,2019-01-28,176.08,40.5,216.58,0.23,Electronics,56
173120,3628,1902,2019-08-28,4379.96,350.4,4730.36,0.08,Furniture,27
571768,1512,2374,2019-08-09,3496.34,174.82,3671.16,0.05,Office Supplies,25
457723,3181,6500,2019-05-30,1266.84,101.35,1368.19,0.08,Pharmaceuticals,45
224778,6505,7848,2019-07-12,4024.53,201.23,4225.76,0.05,Automotive,31
685868,4412,1824,2019-12-25,13987.62,3217.15,17204.77,0.23,Machinery,15
480976,1916,3331,2019-02-02,309.02,71.07,380.09,0.23,Financial Services,30
300859,7700,1718,2019-02-25,1127.97,56.4,1184.37,0.05,Software,7
785736,7298,5984,2019-01-13,6166.72,1418.35,7585.07,0.23,Pharmaceuticals,15
699994,7245,2530,2019-09-19,338.79,27.1,365.89,0.08,Machinery,58
130762,8448,4695,2020-01-01,13605.14,680.26,14285.4,0.05,Food,6
984068,6277,7333,2019-07-29,4757.3,380.58,5137.88,0.08,Electronics,35
204117,3181,5358,2019-05-16,462.46,23.12,485.58,0.05,Services,28
874705,2326,5293,2019-12-25,476.71,109.64,586.35,0.23,Construction Materials,46
302805,7382,9913,2019-02-14,870.49,200.21,1070.7,0.23,Software,58
910829,1627,1475,2019-09-21,131.06,10.48,141.54,0.08,Education Services,13
619875,8441,5144,2019-02-09,817.85,40.89,858.74,0.05,Automotive,29
721879,7312,7189,2019-12-22,585.36,46.83,632.19,0.08,Pharmaceuticals,10
952644,1627,9390,2019-07-12,8469.84,423.49,8893.33,0.05,Financial Services,12
776308,5803,2471,2019-05-25,1200.74,96.06,1296.8,0.08,Clothing,27
102023,6542,7700,2019-11-12,761.31,60.9,822.21,0.08,Electronics,32
377895,1970,3349,2019-04-16,7623.4,381.17,8004.57,0.05,Machinery,23
349310,3171,7784,2019-07-05,143.95,11.52,155.47,0.08,Financial Services,15
908050,7043,6485,2019-04-04,9801.92,490.1,10292.02,0.05,Construction Materials,6
335833,6685,2326,2019-07-17,3971.35,198.57,4169.92,0.05,Office Supplies,60
279426,8481,6078,2019-07-27,338.54,27.08,365.62,0.08,Pharmaceuticals,48
279380,1210,1824,2019-01-28,246.78,12.34,259.12,0.05,Education Services,52
441098,6911,9477,2019-04-10,449.9,35.99,485.89,0.08,Education Services,34
719272,4230,9990,2019-08-19,919.56,211.5,1131.06,0.23,Machinery,45
942624,2931,2243,2019-12-27,8164.5,1877.84,10042.34,0.23,Software,58
179635,3730,6169,2019-01-28,4469.23,1027.92,5497.15,0.23,Automotive,35
579866,4366,3355,2019-09-13,422.52,97.18,519.7,0.23,Automotive,40
996374,3956,8452,2019-06-30,380.03,19.0,399.03,0.05,Automotive,11
848084,9167,6587,2019-12-10,115.71,5.79,121.5,0.05,Furniture,46
841888,5046,9894,2019-10-21,6927.13,346.36,7273.49,0.05,Clothing,28
714427,1356,4460,2019-03-28,1901.32,437.3,2338.62,0.23,Education Services,18
577162,7605,4533,2019-06-28,119.7,5.99,125.69,0.05,Financial Services,32
413215,5538,1160,2019-11-04,227.47,18.2,245.67,0.08,Education Services,6
256986,2044,2204,2019-03-18,752.19,60.18,812.37,0.08,Financial Services,49
417315,1718,5003,2019-09-17,2319.65,185.57,2505.22,0.08,Pharmaceuticals,19
113722,4668,6122,2019-05-15,178.28,8.91,187.19,0.05,Electronics,57
844810,1160,6168,2019-04-27,378.63,87.08,465.71,0.23,Healthcare Equipment,42
998816,1282,4150,2019-11-28,206.89,47.58,254.47,0.23,Electronics,8
856698,9565,6863,2019-10-13,592.92,136.37,729.29,0.23,Automotive,31
160892,6361,2567,2019-12-19,1796.09,89.8,1885.89,0.05,Pharmaceuticals,14
611588,6887,5614,2019-01-15,694.71,159.78,854.49,0.23,Construction Materials,39
776336,3136,5507,2019-12-12,167.06,8.35,175.41,0.05,Pharmaceuticals,13
738974,1389,7363,2019-07-06,132.47,10.6,143.07,0.08,Healthcare Equipment,23
277641,5803,8954,2019-11-04,757.37,174.2,931.57,0.23,,36
675144,1038,3597,2019-10-04,299.27,68.83,368.1,0.23,Office Supplies,10
100513,4737,4136,2019-06-08,573.61,28.68,602.29,0.05,Services,13
553861,4541,8226,2019-05-20,184.13,14.73,198.86,0.08,Office Supplies,14
178109,8940,7363,2019-08-02,3469.82,277.59,3747.41,0.08,Office Supplies,16
353798,2286,4340,2019-11-18,1377.36,110.19,1487.55,0.08,Pharmaceuticals,1
263118,4003,7732,2019-01-23,166.29,38.25,204.54,0.23,Machinery,49
789482,6472,3496,2019-01-08,2788.98,641.47,3430.45,0.23,Furniture,25
446046,9717,8426,2019-09-03,250.69,12.53,263.22,0.05,Software,15
693620,6847,1760,2019-08-25,546.53,43.72,590.25,0.08,Software,15
953452,6078,8747,2019-02-12,6782.5,339.12,7121.62,0.05,Food,45
484833,7120,8371,2019-05-07,365.08,83.97,449.05,0.23,Food,15
414246,9484,6662,2019-03-27,2979.45,238.36,3217.81,0.08,Financial Services,38
674298,9812,1471,2019-11-06,2954.42,679.52,3633.94,0.23,Automotive,51
865334,1267,9085,2019-04-14,162.71,13.02,175.73,0.08,Pharmaceuticals,57
221996,9456,9509,2019-07-04,871.9,43.59,915.49,0.05,Machinery,49
700118,5531,4469,2019-04-29,3665.26,843.01,4508.27,0.23,Pharmaceuticals,12
809760,9735,7365,2019-10-29,183.35,42.17,225.52,0.23,Financial Services,21
837200,2825,6662,2019-01-13,1062.09,244.28,1306.37,0.23,Healthcare Equipment,47
526055,8755,4090,2019-04-28,3162.03,158.1,3320.13,0.05,Construction Materials,26
271604,1872,2790,2019-11-28,149.23,7.46,156.69,0.05,Financial Services,44
717930,3469,4434,2019-12-26,2985.12,686.58,3671.7,0.23,,15
474972,6047,2156,2019-04-28,331.4,26.51,357.91,0.08,Healthcare Equipment,27
376686,8094,8452,2019-10-12,13947.0,3207.81,17154.81,0.23,Financial Services,35
398082,9420,2375,2019-05-16,378.83,30.31,409.14,0.08,Clothing,34
112977,5553,2530,2019-12-18,8654.72,432.74,9087.46,0.05,Food,59
344750,6662,3033,2019-12-01,173.35,8.67,182.02,0.05,Software,39
216767,2286,3679,2019-06-12,1425.58,327.88,1753.46,0.23,Software,20
364984,9167,5798,2019-12-02,8144.13,1873.15,10017.28,0.23,Financial Services,9
366290,5240,6053,2019-05-27,217.09,17.37,234.46,0.08,Clothing,56
203281,6911,8460,2019-05-07,123.66,6.18,129.84,0.05,Furniture,34
483834,7814,3181,2019-12-07,173.07,13.85,186.92,0.08,Furniture,20
760251,1685,5282,2019-04-07,263.39,13.17,276.56,0.05,Furniture,14
753872,9569,6717,2019-11-25,411.09,32.89,443.98,0.08,Office Supplies,28
351774,3331,6139,2019-10-29,8924.2,713.94,9638.14,0.08,Furniture,42
643263,8050,3666,2019-07-15,138.87,11.11,149.98,0.08,,13
377767,2363,1841,2019-06-02,1497.1,344.33,1841.43,0.23,Electronics,11
121377,1792,5209,2019-08-12,12581.8,629.09,13210.89,0.05,Construction Materials,38
269419,1537,5520,2019-10-07,635.19,146.09,781.28,0.23,Software,52
965480,4541,2066,2019-04-25,5509.56,275.48,5785.04,0.05,Clothing,53
929456,2750,5500,2019-02-06,5765.81,1326.14,7091.95,0.23,Education Services,2
402219,9519,9042,2019-03-18,22488.93,1124.45,23613.38,0.05,Education Services,53
472850,9518,7777,2019-04-09,2820.93,648.81,3469.74,0.23,Furniture,43
533308,9874,9659,2019-05-27,523.06,120.3,643.36,0.23,Education Services,5
896147,7029,7350,2019-06-08,20894.13,4805.65,25699.78,0.23,Office Supplies,7
786283,7461,2120,2019-05-29,1424.74,327.69,1752.43,0.23,Services,39
968651,7700,7760,2019-09-06,435.55,34.84,470.39,0.08,Automotive,22
759591,2446,4434,2019-10-08,2225.86,178.07,2403.93,0.08,Software,7
176162,8857,8902,2019-01-25,10867.77,869.42,11737.19,0.08,Software,14
494447,1381,5452,2019-12-27,128.29,29.51,157.8,0.23,Healthcare Equipment,25
792765,3199,2246,2019-01-11,1119.41,55.97,1175.38,0.05,Office Supplies,22
442110,3839,4981,2019-09-05,928.33,46.42,974.75,0.05,Software,37
131820,5512,9509,2019-01-24,968.27,222.7,1190.97,0.23,Pharmaceuticals,49
642445,4003,5814,2019-09-25,2564.96,205.2,2770.16,0.08,Healthcare Equipment,34
286225,6925,1068,2019-01-04,373.35,85.87,459.22,0.23,Food,40
545312,8050,2490,2019-12-19,856.84,197.07,1053.91,0.23,Construction Materials,53
820992,3510,9484,2019-10-21,317.62,25.41,343.03,0.08,Automotive,49
543416,7843,2405,2019-11-03,2477.86,569.91,3047.77,0.23,Services,30
629902,9981,5056,2019-03-28,334.03,76.83,410.86,0.23,Office Supplies,55
738482,4747,7177,2019-12-05,364.74,29.18,393.92,0.08,Construction Materials,23
635425,5512,3717,2019-01-27,202.47,16.2,218.67,0.08,Pharmaceuticals,22
999949,6685,1718,2019-02-23,3767.82,866.6,4634.42,0.23,Office Supplies,19
522060,9755,1256,2019-07-12,11256.16,562.81,11818.97,0.05,Education Services,22
821200,4738,1988,2019-10-10,5468.99,273.45,5742.44,0.05,Machinery,54
134229,8100,2771,2019-08-16,680.45,54.44,734.89,0.08,Office Supplies,12
764148,4276,6277,2019-03-13,140.73,32.37,173.1,0.23,Financial Services,2
770181,2409,1643,2019-03-15,3923.22,902.34,4825.56,0.23,Machinery,51
640167,5602,8179,2019-03-14,162.88,37.46,200.34,0.23,Financial Services,1
967001,4119,9477,2019-07-12,1304.3,65.22,1369.52,0.05,Automotive,24
842967,9326,8709,2019-04-23,3835.55,882.18,4717.73,0.23,Office Supplies,23
404874,6820,6505,2019-06-18,7427.05,594.16,8021.21,0.08,Food,30
720755,4554,3199,2019-03-09,4749.1,379.93,5129.03,0.08,Automotive,59
409016,2226,4276,2019-07-10,1190.56,59.53,1250.09,0.05,Machinery,7
772227,1718,4665,2019-07-14,1609.21,370.12,1979.33,0.23,Healthcare Equipment,35
591921,7256,5918,2019-12-18,313.79,15.69,329.48,0.05,Clothing,45
843228,8134,4469,2019-07-29,1083.05,54.15,1137.2,0.05,Software,4
629685,4823,7762,2019-07-22,2960.05,680.81,3640.86,0.23,Healthcare Equipment,28
396929,4230,4595,2019-10-26,493.57,24.68,518.25,0.05,Education Services,52
806546,6500,6506,2019-11-16,6833.6,1571.73,8405.33,0.23,Office Supplies,27
561135,4892,8083,2019-02-28,817.35,40.87,858.22,0.05,Electronics,54
426902,8108,3061,2019-11-10,9188.69,459.43,9648.12,0.05,Healthcare Equipment,54
737095,2790,3472,2019-09-22,1625.26,130.02,1755.28,0.08,Furniture,1
836303,7974,4505,2019-08-11,3092.08,154.6,3246.68,0.05,Office Supplies,21
501800,5647,8902,2019-05-22,4045.39,202.27,4247.66,0.05,Automotive,17
607687,7231,9910,2019-10-27,5933.36,474.67,6408.03,0.08,Machinery,22
800340,7029,5553,2019-10-10,2625.94,131.3,2757.24,0.05,Machinery,9
965627,3163,6080,2019-05-28,607.24,30.36,637.6,0.05,Food,52
201576,9220,3775,2019-10-11,848.63,42.43,891.06,0.05,,43
882230,1446,2554,2019-06-04,627.41,50.19,677.6,0.08,Education Services,0
136246,4719,5738,2019-02-16,547.82,43.83,591.65,0.08,Clothing,51
201897,9214,2906,2019-06-02,106.66,24.53,131.19,0.23,Construction Materials,25
568448,3300,7732,2019-08-29,16077.08,3697.73,19774.81,0.23,Automotive,49
718922,9966,7378,2019-09-28,24622.2,1231.11,25853.31,0.05,Food,20
957282,5868,1970,2019-04-12,784.12,39.21,823.33,0.05,Furniture,27
745399,7811,7350,2019-06-15,1926.94,443.2,2370.14,0.23,Food,39
241176,6646,9123,2019-02-19,10682.7,854.62,11537.32,0.08,Office Supplies,45
464160,3548,8096,2019-07-29,5435.68,1250.21,6685.89,0.23,Food,2
457324,1824,6676,2019-11-08,621.48,31.07,652.55,0.05,Clothing,5
416329,2490,3331,2019-09-20,21059.98,1053.0,22112.98,0.05,Software,25
424220,1966,5290,2019-08-11,591.86,47.35,639.21,0.08,Healthcare Equipment,44
381163,7512,6390,2019-08-19,266.34,13.32,279.66,0.05,Machinery,58
790240,2819,1082,2019-01-31,1260.43,100.83,1361.26,0.08,Pharmaceuticals,33
747961,4136,5785,2019-07-21,412.58,94.89,507.47,0.23,Healthcare Equipment,1
442740,8142,1211,2019-01-19,197.84,9.89,207.73,0.05,Automotive,1
869553,4663,6676,2019-10-30,4148.4,954.13,5102.53,0.23,Pharmaceuticals,1
137480,8785,5402,2019-07-10,3243.23,745.94,3989.17,0.23,Furniture,16
767742,8548,5508,2019-06-23,2995.82,239.67,3235.49,0.08,Automotive,12
206528,5003,5492,2019-04-06,3110.61,248.85,3359.46,0.08,,9
145427,2108,5403,2019-01-16,14819.81,1185.58,16005.39,0.08,Furniture,9
274011,7247,3013,2019-09-08,549.58,126.4,675.98,0.23,Office Supplies,23
978570,6594,6176,2019-06-19,159.54,7.98,167.52,0.05,Clothing,47
254329,3006,9132,2019-07-02,5099.16,1172.81,6271.97,0.23,Electronics,31
896985,8814,3284,2019-11-11,198.41,9.92,208.33,0.05,Food,17
671843,3126,3496,2019-01-17,11845.82,947.67,12793.49,0.08,Electronics,4
570565,5512,3964,2019-09-14,137.07,10.97,148.04,0.08,,12
282420,3717,7029,2019-12-05,203.17,16.25,219.42,0.08,Machinery,43
732850,7378,7326,2019-11-20,4969.35,1142.95,6112.3,0.23,Electronics,3
826839,9484,7073,2019-05-07,203.59,10.18,213.77,0.05,Services,60
639269,4793,2383,2019-06-28,480.53,24.03,504.56,0.05,Software,15
876056,6821,7512,2019-08-26,10876.07,870.09,11746.16,0.08,Financial Services,17
420870,4789,9066078,2019-11-30,123.73,28.46,152.19,0.23,Services,29
834942,3564,3361,2019-12-16,2238.76,179.1,2417.86,0.08,Financial Services,20
993612,5647,9307,2019-09-03,215.35,10.77,226.12,0.05,Services,32
884519,4665,4723,2019-12-28,14915.16,3430.49,18345.65,0.23,Education Services,34
647120,1139,2109,2019-11-06,1275.29,63.76,1339.05,0.05,Electronics,45
696309,3488,1566,2019-10-08,12124.81,969.98,13094.79,0.08,Machinery,13
941876,4469,12345679,2019-05-25,555.9,127.86,683.76,0.23,Services,17
676326,3112,9659,2019-04-24,927.53,74.2,1001.73,0.08,Software,15
747273,2243,12345680,2019-10-10,929.54,213.79,1143.33,0.23,,19
292488,9879,5162396,2019-05-19,676.23,155.53,831.76,0.23,Services,48
709646,4663,2243,2019-01-12,947.25,217.87,1165.12,0.23,Construction Materials,13
754289,5222,5290,2019-09-18,2860.68,657.96,3518.64,0.23,Software,5
294990,1627,1736,2019-10-04,3732.43,298.59,4031.02,0.08,Machinery,3
881285,9939,8100,2019-09-22,712.69,35.63,748.32,0.05,Healthcare Equipment,0
526826,8624,4646,2019-02-28,487.66,39.01,526.67,0.08,Education Services,9
993077,6717,2155,2019-09-20,1333.9,306.8,1640.7,0.23,Office Supplies,0
351230,6517,5630,2019-09-19,408.26,20.41,428.67,0.05,Furniture,42
641513,1537,9467,2019-01-20,9207.76,2117.78,11325.54,0.23,Healthcare Equipment,30
370535,6919,2536,2019-10-24,774.53,178.14,952.67,0.23,Software,18
152198,3779,7453,2019-12-16,4975.61,1144.39,6120.0,0.23,Automotive,51
558669,2040,5630,2019-09-09,1870.63,149.65,2020.28,0.08,,45
443675,4925,4466,2019-11-01,785.22,39.26,824.48,0.05,Services,37
370628,3429,12345680,2019-11-10,231.62,53.27,284.89,0.23,Services,3
963173,4860,2334,2019-04-27,333.07,26.65,359.72,0.08,Clothing,17
739271,8801,2753,2019-05-05,3733.01,186.65,3919.66,0.05,Food,9
342246,7956,6595,2019-09-10,4299.75,214.99,4514.74,0.05,Services,18
899105,4981,9771,2019-03-19,3333.23,266.66,3599.89,0.08,Electronics,25
728801,4619,5030,2019-07-13,2497.48,124.87,2622.35,0.05,Automotive,57
914980,5694,4793,2019-12-30,2165.73,173.26,2338.99,0.08,Construction Materials,25
133507,2044,9519,2019-09-19,282.18,22.57,304.75,0.08,Food,58
443846,1780,7319,2019-10-15,3625.14,833.78,4458.92,0.23,Office Supplies,27
715481,6558,9042,2019-07-13,4973.86,1143.99,6117.85,0.23,Furniture,19
700333,3720,5886,2019-07-17,2958.63,236.69,3195.32,0.08,,58
591932,8500,5694,2019-03-12,930.21,74.42,1004.63,0.08,Software,4
261210,7004,9654,2019-06-16,268.23,61.69,329.92,0.23,Furniture,43
468450,9981,1456,2019-06-18,611.29,140.6,751.89,0.23,Construction Materials,26
443245,7966,6698,2019-02-12,345.92,17.3,363.22,0.05,Furniture,38
109266,7360,3851,2019-05-18,675.4,155.34,830.74,0.23,Food,5
603163,2025,9132,2019-11-01,2999.78,689.95,3689.73,0.23,Healthcare Equipment,9
832793,4737,7857,2019-03-16,1462.33,73.12,1535.45,0.05,Electronics,23
491360,5403,6228,2019-08-26,14524.85,3340.72,17865.57,0.23,Food,4
635321,5500,5792,2019-11-04,379.01,30.32,409.33,0.08,Electronics,18
550620,8051,4834,2019-10-11,316.21,72.73,388.94,0.23,Furniture,27
183878,4661,5263,2019-09-08,344.82,17.24,362.06,0.05,Education Services,10
331154,7279,7099,2019-07-06,154.39,35.51,189.9,0.23,Pharmaceuticals,51
445900,7392,2955,2019-11-20,1757.13,404.14,2161.27,0.23,Machinery,56
261854,3839,5803,2019-04-16,1629.12,81.46,1710.58,0.05,Services,40
257145,2542,3502,2019-08-21,6682.14,1536.89,8219.03,0.23,Financial Services,26
979417,2916,8079,2019-09-22,388.64,89.39,478.03,0.23,Services,29
709021,9420,7297,2019-04-30,180.31,41.47,221.78,0.23,Construction Materials,4
697334,8887,6375,2019-06-11,258.58,12.93,271.51,0.05,Services,45
690512,4665,3361,2019-01-27,7079.62,566.37,7645.99,0.08,Pharmaceuticals,6
670644,8855,2375,2019-12-01,971.89,77.75,1049.64,0.08,Services,20
411705,5034,6275,2019-06-12,24373.54,1949.88,26323.42,0.08,Electronics,23
510766,6594,7491,2019-03-23,9383.66,469.18,9852.84,0.05,Machinery,56
368425,7615,4619,2019-02-06,12983.8,2986.27,15970.07,0.23,Furniture,7
435137,9621,5013,2019-06-24,2181.62,174.53,2356.15,0.08,Services,12
870555,1902,3526,2019-10-19,9815.08,2257.47,12072.55,0.23,Construction Materials,35
290059,6238,4119,2019-03-23,185.37,42.64,228.01,0.23,Clothing,58
606756,3251,1284,2019-11-30,1916.17,95.81,2011.98,0.05,Financial Services,28
290791,2931,5114,2019-03-16,889.25,204.53,1093.78,0.23,Electronics,22
757461,7954,9820,2019-03-26,1687.22,134.98,1822.2,0.08,Services,54
999085,5937,5362,2019-06-02,6776.19,338.81,7115.0,0.05,Services,10
604912,8809,6362,2019-12-08,8241.29,659.3,8900.59,0.08,Machinery,3
419141,1267,7047,2019-06-10,17064.22,3924.77,20988.99,0.23,,57
264399,2070,4925,2019-06-23,1000.11,50.01,1050.12,0.05,Healthcare Equipment,26
850803,8035,6315,2019-05-18,7151.94,572.16,7724.1,0.08,Electronics,36
700844,9096,4276,2019-05-01,365.77,29.26,395.03,0.08,Furniture,49
386364,1311,7737,2019-06-11,311.22,15.56,326.78,0.05,Education Services,49
850989,6600,1736,2019-09-11,6787.88,339.39,7127.27,0.05,Furniture,11
726917,2253,4317,2019-10-15,517.01,118.91,635.92,0.23,Furniture,49
929040,8615,8100,2019-03-31,111.0,8.88,119.88,0.08,Office Supplies,34
430584,6736,7032,2019-11-03,243.97,12.2,256.17,0.05,Clothing,16
876702,3988,3727,2019-01-18,235.83,11.79,247.62,0.05,Software,35
248806,6078,5814,2019-06-16,7239.95,362.0,7601.95,0.05,Furniture,49
750106,9220,6176,2019-08-11,14746.96,1179.76,15926.72,0.08,Automotive,57
274692,2379,3809,2019-03-22,134.59,30.96,165.55,0.23,Clothing,0
715965,8142,8190,2019-11-09,966.05,77.28,1043.33,0.08,Pharmaceuticals,57
722495,7531,6053,2019-04-01,9037.89,2078.71,11116.6,0.23,Office Supplies,45
207469,5621,1422,2019-10-17,1095.08,251.87,1346.95,0.23,Software,8
227433,2116,7177,2019-12-27,340.52,78.32,418.84,0.23,Office Supplies,31
580966,3429,1422,2019-11-15,6156.07,1415.9,7571.97,0.23,Furniture,5
334001,5541,3168,2019-03-09,5071.21,1166.38,6237.59,0.23,Financial Services,29
891679,8142,2243,2019-08-02,178.1,40.96,219.06,0.23,Healthcare Equipment,3
624275,2953,9405,2019-07-16,1808.79,144.7,1953.49,0.08,Education Services,9
449884,7298,6517,2019-03-26,949.21,47.46,996.67,0.05,Education Services,32
157846,9259,8441,2019-08-03,3998.86,319.91,4318.77,0.08,Financial Services,47
589369,2164,3564,2019-12-21,102.58,5.13,107.71,0.05,Machinery,8
502981,4981,4668,2019-03-02,771.22,38.56,809.78,0.05,Electronics,38
788667,3006,2664,2019-08-17,339.26,16.96,356.22,0.05,Office Supplies,54
474705,7396,6472,2019-12-20,1104.24,253.98,1358.22,0.23,Healthcare Equipment,57
968907,4758,8482,2019-01-26,473.38,23.67,497.05,0.05,Financial Services,55
257572,5500,4081,2019-10-31,1106.72,254.55,1361.27,0.23,Automotive,10
338137,3419,6887,2019-03-28,331.02,16.55,347.57,0.05,Healthcare Equipment,24
315460,5232,4570,2019-03-28,6925.25,1592.81,8518.06,0.23,Office Supplies,29
701833,7029,1160,2019-01-02,8463.6,423.18,8886.78,0.05,Construction Materials,15
702334,1735,1473,2019-09-29,230.59,53.04,283.63,0.23,Clothing,26
555704,7873,4136,2019-07-16,13896.8,1111.74,15008.54,0.08,Financial Services,4
302137,5895,7867,2019-05-31,1388.57,319.37,1707.94,0.23,Services,56
850974,4674,2120,2019-12-27,109.07,25.09,134.16,0.23,Financial Services,59
282710,6990,1627,2019-02-12,2760.03,220.8,2980.83,0.08,Machinery,50
555081,3478,4981,2019-04-12,1197.91,95.83,1293.74,0.08,Financial Services,49
486163,9018,5647,2019-03-05,433.1,99.61,532.71,0.23,Automotive,41
174876,6927,1210,2019-09-11,1295.92,64.8,1360.72,0.05,Services,6
300146,5647,9073,2019-10-24,773.01,177.79,950.8,0.23,Office Supplies,51
850458,4753,5621,2019-02-11,6270.3,1442.17,7712.47,0.23,Pharmaceuticals,23
204181,2108,9179,2019-01-16,5015.9,401.27,5417.17,0.08,Office Supplies,13
864618,1381,2157,2019-04-19,5242.87,1205.86,6448.73,0.23,Automotive,30
498770,3851,9420,2019-11-27,325.91,26.07,351.98,0.08,Electronics,50
610054,5263,1471,2019-06-30,4372.91,349.83,4722.74,0.08,Automotive,51
315452,6598,9703,2019-11-08,489.41,112.56,601.97,0.23,Pharmaceuticals,51
276647,7954,7863,2019-07-20,4193.38,964.48,5157.86,0.23,Clothing,2
964938,7294,8083,2019-03-29,922.13,73.77,995.9,0.08,Healthcare Equipment,42
877583,6796,3657,2019-12-30,300.88,69.2,370.08,0.23,Pharmaceuticals,33
737180,9868,9820,2019-06-25,7337.01,586.96,7923.97,0.08,Office Supplies,6
469038,9456,4738,2019-04-21,2366.44,544.28,2910.72,0.23,Machinery,58
237746,5203,9018,2019-04-12,14825.4,741.27,15566.67,0.05,Food,33
507595,3420,4758,2019-01-28,322.53,74.18,396.71,0.23,Furniture,54
715752,4834,8785,2019-04-05,23458.43,5395.44,28853.87,0.23,,40
811599,7656,7633,2019-05-07,3678.73,846.11,4524.84,0.23,Machinery,44
299353,6296,4466,2019-04-09,181.49,14.52,196.01,0.08,Software,5
924525,6176,4460,2019-05-23,778.45,38.92,817.37,0.05,Construction Materials,17
655631,6357,4691,2019-05-05,1417.7,326.07,1743.77,0.23,Furniture,14
344861,8158,6327,2019-11-20,6400.04,1472.01,7872.05,0.23,Furniture,56
658098,9255,8598,2019-09-05,153.79,12.3,166.09,0.08,Food,17
589748,2504,8448,2019-04-23,15221.27,1217.7,16438.97,0.08,Software,59
854803,6327,5555,2019-10-23,6716.56,1544.81,8261.37,0.23,Financial Services,22
569152,2116,6547,2019-04-14,11954.69,597.73,12552.42,0.05,Office Supplies,51
277452,5512,3826,2019-04-15,19416.76,1553.34,20970.1,0.08,Financial Services,2
441392,1389,7055,2019-10-07,190.82,43.89,234.71,0.23,Furniture,55
396475,5800,9542,2019-09-06,5439.16,1251.01,6690.17,0.23,Clothing,53
336965,2030,6361,2019-02-19,2284.75,114.24,2398.99,0.05,Electronics,19
412901,7258,5003,2019-11-14,2653.48,610.3,3263.78,0.23,Machinery,5
989943,5232,9096,2019-12-21,3041.09,152.05,3193.14,0.05,Machinery,60
414212,3125,7326,2019-12-05,9206.13,2117.41,11323.54,0.23,Office Supplies,12
711030,3645,6718,2019-06-01,210.83,48.49,259.32,0.23,Financial Services,29
355678,6300,9099,2019-07-23,1376.84,68.84,1445.68,0.05,Software,21
580956,5013,3690,2019-03-30,141.81,32.62,174.43,0.23,Education Services,5
736638,8665,9357,2019-10-21,2735.06,218.8,2953.86,0.08,Services,47
972503,9308,7211,2019-03-20,20681.53,1034.08,21715.61,0.05,Machinery,13
387495,6600,7859,2019-04-11,309.13,71.1,380.23,0.23,Electronics,50
627938,6510,7491,2019-04-09,481.71,110.79,592.5,0.23,Food,52
175766,8100,1457,2019-11-06,971.87,223.53,1195.4,0.23,Automotive,32
609136,7633,5200,2019-07-29,298.6,68.68,367.28,0.23,Clothing,43
616186,7894,4617,2019-08-01,123.67,6.18,129.85,0.05,Construction Materials,3
473809,6922,1786,2019-10-14,1117.03,256.92,1373.95,0.23,Machinery,60
546320,2109,4185,2019-12-30,4471.55,357.72,4829.27,0.08,Services,2
136373,9910,4554,2019-11-09,313.45,15.67,329.12,0.05,Automotive,27
433958,4355,4443,2019-01-05,2685.85,134.29,2820.14,0.05,Construction Materials,40
852150,3690,4880,2019-12-24,2753.5,633.31,3386.81,0.23,Clothing,36
113941,1376,1055,2019-10-15,172.4,8.62,181.02,0.05,Office Supplies,46
911128,1854,2293,2019-04-20,2491.11,572.96,3064.07,0.23,,16
307691,7992,1512,2019-08-02,128.52,10.28,138.8,0.08,Healthcare Equipment,55
815146,1836,12345680,2019-10-09,1342.77,308.84,1651.61,0.23,Services,34
743472,6631,2044,2019-07-11,12516.15,625.81,13141.96,0.05,Financial Services,37
691238,8522,8079,2019-04-21,17235.19,1378.82,18614.01,0.08,Food,43
329228,9998,7120,2019-01-08,755.47,37.77,793.24,0.05,Electronics,29
875801,9709,7265,2019-09-30,240.98,55.43,296.41,0.23,Furniture,40
996887,4812,6115,2019-05-24,3752.59,187.63,3940.22,0.05,Pharmaceuticals,31
608665,9567,1082,2019-02-09,6603.91,330.2,6934.11,0.05,Financial Services,22
118824,6802,5125,2019-12-11,9242.6,2125.8,11368.4,0.23,Clothing,14
526436,7811,1929,2019-01-12,3758.12,864.37,4622.49,0.23,Machinery,58
942316,9998,2464,2019-10-13,249.75,12.49,262.24,0.05,Electronics,24
522106,6485,3293,2019-07-06,108.5,5.43,113.93,0.05,Automotive,5
766058,2635,5319,2019-12-27,5714.9,1314.43,7029.33,0.23,Office Supplies,15
810283,2295,4723,2019-12-26,18641.77,932.09,19573.86,0.05,,37
528196,7857,1986,2019-02-05,2662.02,612.26,3274.28,0.23,Software,14
614065,5050,3668,2019-01-02,529.34,121.75,651.09,0.23,Pharmaceuticals,3
823733,8108,4723,2019-05-19,2898.32,231.87,3130.19,0.08,Healthcare Equipment,7
191628,6676,5845,2019-01-08,2436.25,121.81,2558.06,0.05,Healthcare Equipment,59
780870,3628,9030,2019-11-25,3166.24,728.24,3894.48,0.23,Machinery,58
421788,5508,9048,2019-07-02,15057.78,752.89,15810.67,0.05,Services,9
931913,6160,5034,2019-06-18,18403.63,1472.29,19875.92,0.08,Healthcare Equipment,58
913423,7265,1780,2019-04-30,184.04,9.2,193.24,0.05,Electronics,29
701533,7319,8508,2019-08-13,2075.35,166.03,2241.38,0.08,Financial Services,24
941722,8368,2953,2019-09-06,314.05,25.12,339.17,0.08,Pharmaceuticals,46
829097,6595,4991,2019-08-22,2598.92,207.91,2806.83,0.08,,18
707699,6398,9894,2019-05-16,108.84,5.44,114.28,0.05,Clothing,20
334275,1376,4925,2019-11-25,501.88,115.43,617.31,0.23,Automotive,2
909012,4443,1916,2019-06-21,393.92,19.7,413.62,0.05,Automotive,48
436351,1048,9307,2019-05-23,7343.95,1689.11,9033.06,0.23,Machinery,22
412292,1055,6107,2019-10-28,10120.36,809.63,10929.99,0.08,Education Services,16
756529,4659,4866,2019-03-17,8751.59,2012.87,10764.46,0.23,Electronics,41
180103,5293,8857,2019-09-25,1241.04,285.44,1526.48,0.23,Machinery,25
393668,9204,2318,2019-03-27,250.92,57.71,308.63,0.23,Financial Services,43
441349,9527,9347,2019-12-08,5631.3,281.56,5912.86,0.05,Services,52
990659,5630,7495,2019-08-03,911.24,209.59,1120.83,0.23,Food,11
608952,2536,9185,2019-10-20,444.06,22.2,466.26,0.05,Machinery,44
883496,4991,4955,2019-03-09,327.76,16.39,344.15,0.05,Machinery,14
592327,2832,7753,2019-07-07,5113.26,409.06,5522.32,0.08,Furniture,17
686600,1044,1180,2019-05-02,4252.21,340.18,4592.39,0.08,Office Supplies,36
555305,6503,3779,2019-09-08,880.53,44.03,924.56,0.05,Construction Materials,2
522320,5254,3055,2019-09-11,2490.94,124.55,2615.49,0.05,Software,14
572274,7211,3645,2019-05-06,365.78,29.26,395.04,0.08,Office Supplies,6
316460,8142,7801,2019-08-13,273.69,62.95,336.64,0.23,,50
107632,8919,8378,2019-10-30,292.12,67.19,359.31,0.23,Pharmaceuticals,59
664158,3361,9703,2019-07-16,1865.79,93.29,1959.08,0.05,Furniture,23
124818,7326,2464,2019-04-22,3778.2,302.26,4080.46,0.08,Construction Materials,20
972648,7863,1817,2019-03-27,17455.56,4014.78,21470.34,0.23,Electronics,57
960610,5494,1376,2019-09-22,8145.43,407.27,8552.7,0.05,Clothing,39
138448,1512,6422,2019-04-21,267.43,61.51,328.94,0.23,Food,5
900785,8624,8624,2019-02-13,8073.37,403.67,8477.04,0.05,Furniture,10
523610,1643,7951,2019-06-21,10408.43,2393.94,12802.37,0.23,Automotive,33
224676,5517,2464,2019-04-16,1064.16,53.21,1117.37,0.05,Services,3
423004,5621,1567,2019-04-23,16325.68,816.28,17141.96,0.05,Furniture,8
322172,1284,2405,2019-09-22,7800.07,1794.02,9594.09,0.23,Food,30
597036,5222,3293,2019-08-04,7608.19,608.66,8216.85,0.08,Construction Materials,1
263765,2715,8448,2019-04-28,6574.62,328.73,6903.35,0.05,Pharmaceuticals,44
287623,3496,1765,2019-11-19,1536.12,122.89,1659.01,0.08,Food,26
723305,9259,1974,2019-06-25,308.93,15.45,324.38,0.05,Financial Services,6
627361,1763,9686,2019-08-27,8015.24,641.22,8656.46,0.08,Healthcare Equipment,5
730682,8383,2492,2019-02-19,5374.27,429.94,5804.21,0.08,Pharmaceuticals,13
868789,7784,7250,2019-04-05,109.94,5.5,115.44,0.05,Furniture,24
572078,6132,3061,2019-01-18,7465.76,373.29,7839.05,0.05,Machinery,55
707928,4793,6789,2019-05-13,1490.82,74.54,1565.36,0.05,Automotive,21
674465,4179,1643,2019-01-17,442.11,22.11,464.22,0.05,Automotive,32
309995,1780,7647,2019-01-07,12375.73,2846.42,15222.15,0.23,Food,6
657525,4541,6428,2019-08-22,265.0,13.25,278.25,0.05,Machinery,23
945892,5886,1473,2019-09-19,1226.59,61.33,1287.92,0.05,Education Services,5
275098,1185,4619,2019-02-14,3431.22,274.5,3705.72,0.08,Machinery,48
218773,5403,3251,2019-12-02,5980.96,1375.62,7356.58,0.23,Construction Materials,8
399075,7652,7554,2019-06-19,3141.68,722.59,3864.27,0.23,Financial Services,39
648042,2374,4554,2019-01-17,170.45,13.64,184.09,0.08,Electronics,22
545842,7659,9085,2019-12-31,3239.14,259.13,3498.27,0.08,Software,13
706908,3125,5842,2019-06-10,571.35,131.41,702.76,0.23,Machinery,28
689693,6904,1179,2019-07-11,19561.19,978.06,20539.25,0.05,Clothing,44
457352,2993,9981,2019-07-12,1405.74,112.46,1518.2,0.08,Software,21
589712,6718,4646,2019-10-04,4554.47,364.36,4918.83,0.08,Machinery,58
336240,9879,3917,2019-02-09,193.75,44.56,238.31,0.23,Financial Services,35
442895,5914,4559,2019-04-18,19415.56,970.78,20386.34,0.05,Financial Services,6
946898,5597,2192,2019-01-06,395.16,19.76,414.92,0.05,Furniture,55
538722,9659,9527,2019-02-11,3989.59,319.17,4308.76,0.08,Services,31
889484,1422,2715,2019-08-30,1771.69,141.74,1913.43,0.08,Clothing,2
473032,4831,4081,2019-01-14,2295.42,114.77,2410.19,0.05,Office Supplies,44
629772,3623,1853,2019-08-29,16278.05,813.9,17091.95,0.05,Automotive,0
695829,4589,4313,2019-03-23,291.54,23.32,314.86,0.08,Software,0
558260,5426,5798,2019-08-22,7108.59,355.43,7464.02,0.05,Office Supplies,40
620907,3828,1624,2019-12-21,873.01,200.79,1073.8,0.23,Electronics,21
200578,9621,4634,2019-02-02,692.22,159.21,851.43,0.23,Automotive,53
775505,3420,7814,2019-08-26,121.92,28.04,149.96,0.23,Automotive,53
593334,5560,4162,2019-01-06,414.66,95.37,510.03,0.23,Electronics,43
668796,1755,7656,2019-09-11,256.3,12.82,269.12,0.05,Healthcare Equipment,10
366039,5088,8931,2019-06-08,1082.61,86.61,1169.22,0.08,Clothing,5
221469,7312,9122,2019-11-06,20030.55,4607.03,24637.58,0.23,,12
428537,6598,2253,2019-11-20,329.78,75.85,405.63,0.23,Clothing,21
576394,1798,5647,2019-12-08,3080.51,246.44,3326.95,0.08,Software,19
535849,8472,7971,2019-05-29,2423.1,193.85,2616.95,0.08,Office Supplies,50
892575,1755,6483,2019-07-01,5299.23,423.94,5723.17,0.08,Healthcare Equipment,44
827857,6394,6169,2019-05-03,1221.04,280.84,1501.88,0.23,Financial Services,18
788364,4994,7250,2019-06-13,358.0,82.34,440.34,0.23,Clothing,41
295980,3144,3488,2019-11-09,167.23,38.46,205.69,0.23,Services,12
914835,9096,8873,2019-03-11,1639.67,81.98,1721.65,0.05,Software,23
192195,6750,9518,2019-04-24,1067.51,85.4,1152.91,0.08,Financial Services,31
841820,6064,2245,2019-12-06,1721.59,86.08,1807.67,0.05,Furniture,36
211074,9567,4090,2019-04-30,15793.28,1263.46,17056.74,0.08,Education Services,10
697302,7096,5293,2019-02-01,354.4,28.35,382.75,0.08,Food,51
532801,8079,9222,2019-02-20,6525.59,326.28,6851.87,0.05,Services,29
592444,9042,12345679,2019-12-07,1303.55,299.82,1603.37,0.23,Services,39
937308,3657,1471,2019-06-30,858.97,42.95,901.92,0.05,Software,54
816836,8598,2295,2019-04-09,426.54,34.12,460.66,0.08,Healthcare Equipment,21
521634,8559,7633,2019-02-20,110.09,8.81,118.9,0.08,Construction Materials,10
841857,9412,6132,2019-02-26,213.48,49.1,262.58,0.23,Software,44
208240,9222,7615,2019-09-03,232.88,11.64,244.52,0.05,Construction Materials,14
315096,3027,3393,2019-02-10,3826.28,880.04,4706.32,0.23,Clothing,44
570180,3426,1537,2019-06-11,4773.22,381.86,5155.08,0.08,Financial Services,24
188633,6053,5282,2019-01-30,876.46,43.82,920.28,0.05,Healthcare Equipment,30
322515,2490,2048,2019-11-27,23633.12,1181.66,24814.78,0.05,Automotive,15
901196,4994,4003,2019-03-03,635.89,31.79,667.68,0.05,Education Services,14
968510,3597,5980,2019-03-16,3691.93,184.6,3876.53,0.05,Software,34
941651,3738,4889,2019-01-04,2605.41,208.43,2813.84,0.08,Construction Materials,6
947379,5670,3808,2019-09-10,395.39,90.94,486.33,0.23,Electronics,38
180105,4674,6637063,2019-09-10,1412.47,324.87,1737.34,0.23,Services,1
310787,3843,5630,2019-06-17,161.98,8.1,170.08,0.05,Education Services,17
427934,4735,3839,2019-04-05,1851.52,148.12,1999.64,0.08,Services,43
446009,2245,3843,2019-10-22,919.41,73.55,992.96,0.08,Electronics,18
635213,2542,3780,2019-03-30,7388.74,369.44,7758.18,0.05,Software,48
678628,2635,2383,2019-04-01,1589.1,365.49,1954.59,0.23,Education Services,33
775616,9990,4162,2019-06-15,530.61,42.45,573.06,0.08,Pharmaceuticals,51
161855,7398,1988,2019-11-27,543.96,43.52,587.48,0.08,Software,19
422374,2105,5196,2019-02-10,742.82,59.43,802.25,0.08,Pharmaceuticals,31
237774,8436,5500,2019-01-27,559.43,44.75,604.18,0.08,Automotive,25
381795,5974,5261,2019-11-26,1891.22,434.98,2326.2,0.23,Automotive,48
555464,1798,8709,2019-12-15,3580.86,179.04,3759.9,0.05,Pharmaceuticals,0
729788,9444,7961,2019-01-14,5581.27,1283.69,6864.96,0.23,Food,3
160646,3836,5034,2019-03-16,348.83,27.91,376.74,0.08,Education Services,36
407670,4512,9132,2019-10-08,4580.48,1053.51,5633.99,0.23,Healthcare Equipment,18
782161,5478,7954,2019-05-14,529.67,121.82,651.49,0.23,Software,19
550227,6584,4460,2019-09-10,203.26,16.26,219.52,0.08,Construction Materials,53
172665,6479,2480,2019-11-09,4873.57,243.68,5117.25,0.05,Services,13
687240,1302,12345680,2019-03-06,312.28,71.82,384.1,0.23,Services,15
686127,3644,2541,2019-08-31,406.94,20.35,427.29,0.05,Financial Services,24
658881,7451,2939,2019-04-24,896.54,71.72,968.26,0.08,,0
667158,7365,2078,2019-12-15,6787.23,1561.06,8348.29,0.23,Electronics,26
760559,5507,6525,2019-11-24,183.51,9.18,192.69,0.05,Software,39
972847,2579,3526,2019-09-29,1886.11,433.81,2319.92,0.23,Electronics,36
552787,5114,4860,2019-11-29,12889.42,1031.15,13920.57,0.08,Clothing,28
872122,7047,1473,2019-02-24,1991.14,159.29,2150.43,0.08,,58
796544,9868,5613,2019-08-01,821.86,189.03,1010.89,0.23,Office Supplies,28
482763,1688,1323,2019-02-11,250.13,12.51,262.64,0.05,Clothing,55
338927,3426,2328,2019-12-28,492.35,24.62,516.97,0.05,Furniture,48
384845,5203,1422,2019-09-19,8660.02,692.8,9352.82,0.08,Education Services,27
120766,6789,9955599616,2019-09-11,1213.09,279.01,1492.1,0.23,Services,8
299339,1567,9060,2019-04-16,625.29,143.82,769.11,0.23,Electronics,42
992564,9747,7656,2019-06-13,220.28,17.62,237.9,0.08,Pharmaceuticals,55
978245,6275,9482,2019-07-14,5914.13,473.13,6387.26,0.08,,31
873147,7004,6362,2019-04-10,237.13,11.86,248.99,0.05,Clothing,9
367777,7898,3213,2019-10-07,11224.2,897.94,12122.14,0.08,Automotive,5
423143,4646,3136,2019-04-28,16359.08,817.95,17177.03,0.05,Furniture,29
741936,4018,7652,2019-12-30,249.46,19.96,269.42,0.08,Food,51
287114,5613,8096,2019-12-25,16978.25,848.91,17827.16,0.05,Healthcare Equipment,48
327298,3775,2066,2019-12-23,3103.9,248.31,3352.21,0.08,Clothing,46
636474,8887,7279,2019-08-07,748.13,59.85,807.98,0.08,Office Supplies,29
402130,4568,4366,2019-09-24,2984.01,149.2,3133.21,0.05,Pharmaceuticals,20
896874,2318,9998,2019-07-14,711.25,56.9,768.15,0.08,Office Supplies,15
881880,9096,8304,2019-02-25,104.58,5.23,109.81,0.05,Office Supplies,37
992214,7363,3006,2019-02-19,9808.94,784.72,10593.66,0.08,Furniture,39
654998,1048,1302,2019-11-26,660.18,33.01,693.19,0.05,Electronics,41
615550,8270,3378,2019-06-23,202.03,46.47,248.5,0.23,,9
769359,3469,8096,2019-07-01,7486.64,1721.93,9208.57,0.23,Automotive,51
247683,8826,4429,2019-02-05,389.45,31.16,420.61,0.08,Machinery,28
979103,9451,4745,2019-08-02,11359.28,908.74,12268.02,0.08,Machinery,26
409883,1854,4547,2019-12-13,401.33,32.11,433.44,0.08,Automotive,39
191365,6990,2156,2019-01-29,397.59,91.45,489.04,0.23,Machinery,41
419129,7867,12345679,2019-04-19,1407.65,323.76,1731.41,0.23,Services,32
230131,1055,4276,2019-02-14,459.57,22.98,482.55,0.05,Construction Materials,18
603585,1696,4955,2019-12-25,205.72,47.32,253.04,0.23,Food,58
411857,5120,3251,2019-02-21,7682.3,614.58,8296.88,0.08,Healthcare Equipment,21
487348,4340,4928,2019-09-20,306.63,70.52,377.15,0.23,Financial Services,37
793091,2504,6277,2019-07-27,1900.21,95.01,1995.22,0.05,,7
712049,8029,6587,2019-08-18,1604.05,368.93,1972.98,0.23,Electronics,50
663797,7357,5613,2019-09-29,706.6,56.53,763.13,0.08,Healthcare Equipment,15
378441,2405,7365,2019-02-18,260.09,20.81,280.9,0.08,Financial Services,7
479440,3582,5411,2019-10-03,6893.2,1585.44,8478.64,0.23,Financial Services,42
747591,2832,3251,2019-06-24,1406.41,323.47,1729.88,0.23,Construction Materials,4
777228,3756,3826,2019-04-01,584.89,29.24,614.13,0.05,Electronics,57
850081,6626,7859,2019-09-30,2609.56,600.2,3209.76,0.23,Food,27
874184,8709,3488,2019-12-13,1034.77,51.74,1086.51,0.05,Automotive,31
759869,4505,5156,2019-04-29,134.78,6.74,141.52,0.05,Clothing,13
513580,5520,3582,2019-11-29,105.4,24.24,129.64,0.23,Pharmaceuticals,21
694063,7873,4889,2019-04-30,20461.77,1023.09,21484.86,0.05,Financial Services,60
648324,9167,8665,2019-06-15,1455.93,334.86,1790.79,0.23,Electronics,44
505251,7032,7301,2019-09-03,4486.17,358.89,4845.06,0.08,Automotive,13
797307,6238,7911,2019-11-01,283.96,22.72,306.68,0.08,,31
111209,3469,8035,2019-04-01,425.96,21.3,447.26,0.05,Food,56
536241,3224,3543,2019-11-18,234.94,54.04,288.98,0.23,Electronics,14
670686,1059,5222,2019-09-14,249.64,12.48,262.12,0.05,Pharmaceuticals,41
540595,1970,3247,2019-09-06,731.3,168.2,899.5,0.23,Office Supplies,53
998428,8083,3168,2019-02-21,501.27,25.06,526.33,0.05,Education Services,6
382199,6506,6176,2019-05-24,6071.69,1396.49,7468.18,0.23,Office Supplies,21
635599,5512,2635,2019-01-07,8490.36,424.52,8914.88,0.05,Construction Materials,48
362986,5402,9122,2019-05-25,9814.95,785.2,10600.15,0.08,Furniture,21
235378,9390,3548,2019-12-25,170.35,8.52,178.87,0.05,Clothing,60
386567,8079,2553,2019-03-31,16636.95,831.85,17468.8,0.05,Services,46
573028,2025,1925,2019-02-19,388.95,89.46,478.41,0.23,Pharmaceuticals,15
677230,6472,8467,2019-04-14,21549.31,4956.34,26505.65,0.23,Construction Materials,38
767801,8966,7395,2019-02-28,6267.15,1441.44,7708.59,0.23,Electronics,37
661382,5232,1718,2019-07-03,327.26,16.36,343.62,0.05,Construction Materials,60
467975,8624,6800,2019-12-09,1226.58,98.13,1324.71,0.08,Healthcare Equipment,59
398698,5290,5088,2019-06-05,315.08,72.47,387.55,0.23,Machinery,4
335969,1798,7398,2019-04-23,6401.16,320.06,6721.22,0.05,Healthcare Equipment,20
367686,3213,3013,2019-03-15,357.28,17.86,375.14,0.05,Pharmaceuticals,29
551467,9755,9868,2019-07-31,16227.43,3732.31,19959.74,0.23,Financial Services,1
481261,1471,7382,2019-06-18,3275.79,262.06,3537.85,0.08,Construction Materials,38
692336,1624,5030,2019-10-04,8182.53,1881.98,10064.51,0.23,,5
783558,2490,1352,2019-06-03,887.08,204.03,1091.11,0.23,Financial Services,3
337489,7732,5548,2019-05-26,1645.27,82.26,1727.53,0.05,Machinery,11
388332,7974,8371,2019-02-26,9734.72,2238.99,11973.71,0.23,Financial Services,20
249570,6594,4753,2019-12-28,1752.71,140.22,1892.93,0.08,,41
480675,2635,6887,2019-12-11,806.98,185.61,992.59,0.23,Machinery,39
746420,6871,5494,2019-03-22,8574.94,686.0,9260.94,0.08,Services,1
219850,8100,6789,2019-10-09,6997.92,1609.52,8607.44,0.23,Software,19
986433,9613,2530,2019-11-06,19610.07,4510.32,24120.39,0.23,Financial Services,32
292290,9206,9585,2019-09-15,4730.05,378.4,5108.45,0.08,Financial Services,18
478778,6169,1763,2019-01-08,618.84,30.94,649.78,0.05,Construction Materials,26
360086,6631,1323,2019-09-16,193.57,9.68,203.25,0.05,Software,44
909106,5548,3293,2019-05-14,118.19,27.18,145.37,0.23,Education Services,18
206693,1763,6169,2019-05-24,9716.27,2234.74,11951.01,0.23,Clothing,57
890165,5003,9565,2019-06-10,260.7,59.96,320.66,0.23,Clothing,1
168802,7966,1506,2019-10-04,3069.97,245.6,3315.57,0.08,Office Supplies,15
889110,3738,5034,2019-10-06,1045.25,83.62,1128.87,0.08,Construction Materials,11
345808,6394,3168,2019-01-19,915.97,210.67,1126.64,0.23,Office Supplies,4
538250,8377,3780,2019-10-10,17289.65,1383.17,18672.82,0.08,Food,54
290427,7279,7954,2019-01-23,1155.45,265.75,1421.2,0.23,Software,15
954994,2747,2955,2019-06-11,304.38,70.01,374.39,0.23,Pharmaceuticals,28
342250,7894,1929,2019-12-07,2982.49,238.6,3221.09,0.08,Construction Materials,47
623196,7466,6584,2019-12-18,2130.41,106.52,2236.93,0.05,Food,54
895063,9444,6526,2019-01-18,2351.55,540.86,2892.41,0.23,Food,35
771018,2070,4049,2019-02-25,284.07,22.73,306.8,0.08,Food,27
598960,3826,8258,2019-09-16,8505.92,1956.36,10462.28,0.23,Construction Materials,33
819847,5630,70412017,2019-07-12,100.04,23.01,123.05,0.23,Services,40
555612,3251,1484,2019-02-24,803.78,64.3,868.08,0.08,Clothing,31
965304,9755,7911,2019-04-14,273.33,21.87,295.2,0.08,Pharmaceuticals,49
732107,5316,6031,2019-05-27,588.92,29.45,618.37,0.05,Financial Services,44
307433,6132,9179,2019-02-01,23291.83,1164.59,24456.42,0.05,Financial Services,25
797622,9990,7700,2019-07-26,1310.24,301.36,1611.6,0.23,,12
580946,6904,6184,2019-05-08,3064.45,153.22,3217.67,0.05,Electronics,21
181556,1352,8035,2019-09-24,1698.36,390.62,2088.98,0.23,Electronics,41
613418,3727,6163,2019-06-22,17535.17,4033.09,21568.26,0.23,Automotive,49
892023,1817,1284,2019-11-20,5535.78,276.79,5812.57,0.05,Education Services,56
781807,2613,6064,2019-03-10,136.47,31.39,167.86,0.23,Construction Materials,37
831764,1800,5263,2019-03-16,362.86,18.14,381.0,0.05,Machinery,43
599677,1800,2266,2019-12-16,3900.41,897.09,4797.5,0.23,Services,36
947510,4719,1888,2019-11-27,3562.77,285.02,3847.79,0.08,Food,49
720394,9659,3024,2019-03-21,8989.5,719.16,9708.66,0.08,Education Services,59
356351,5379,1210,2019-08-16,129.7,10.38,140.08,0.08,Education Services,51
995993,2044,9390,2019-10-20,17780.12,1422.41,19202.53,0.08,Services,34
963160,3666,1185,2019-01-13,262.94,13.15,276.09,0.05,Services,2
732712,1160,7495,2019-03-24,13431.37,3089.22,16520.59,0.23,Electronics,45
102159,5517,4306,2019-01-18,3107.3,155.37,3262.67,0.05,Furniture,34
770251,7652,4738,2019-08-18,528.36,42.27,570.63,0.08,Software,48
696993,1986,6078,2019-12-31,134.32,10.75,145.07,0.08,Education Services,28
568934,5895,6053,2019-02-10,498.18,114.58,612.76,0.23,Office Supplies,24
590702,8460,12345679,2019-01-30,1461.27,336.09,1797.36,0.23,,55
513780,2383,3988,2019-10-01,378.5,18.93,397.43,0.05,Automotive,27
585871,9050,3426,2019-04-02,445.57,35.65,481.22,0.08,Office Supplies,1
721573,7760,7784,2019-12-04,773.48,38.67,812.15,0.05,Construction Materials,8
164620,4595,7956,2019-08-16,124.53,9.96,134.49,0.08,Automotive,10
139971,2009,9167,2019-03-19,3023.42,241.87,3265.29,0.08,Office Supplies,57
680797,7554,3779,2019-09-04,3590.0,287.2,3877.2,0.08,Furniture,56
296515,5845,5263,2019-02-07,288.04,66.25,354.29,0.23,Services,45
406070,8665,6517,2019-11-28,4332.04,346.56,4678.6,0.08,Software,25
259279,4758,6176,2019-01-31,460.07,105.82,565.89,0.23,Pharmaceuticals,21
601331,8304,2326,2019-07-24,4365.33,218.27,4583.6,0.05,Food,32
641671,3024,5282,2019-01-14,2688.84,618.43,3307.27,0.23,Machinery,53
388574,3338,6362,2019-11-05,3581.16,179.06,3760.22,0.05,Services,16
922842,6584,1059,2019-08-17,206.6,16.53,223.13,0.08,Clothing,44
254637,8931,5219,2019-11-18,756.82,37.84,794.66,0.05,Pharmaceuticals,37
516687,1988,8857,2019-07-10,5656.49,1300.99,6957.48,0.23,Services,27
442667,2536,6039,2019-10-27,1821.5,145.72,1967.22,0.08,Education Services,58
164938,2750,9755,2019-11-30,24406.82,1220.34,25627.16,0.05,Office Supplies,31
112400,1888,8342,2019-03-24,9874.52,789.96,10664.48,0.08,Healthcare Equipment,51
444429,9567,6911,2019-10-03,936.39,74.91,1011.3,0.08,Software,51
364324,7840,8051,2019-08-23,834.32,191.89,1026.21,0.23,Clothing,57
447993,1267,6547,2019-12-10,13018.35,2994.22,16012.57,0.23,Machinery,41
939734,8108,7451,2019-01-30,789.16,63.13,852.29,0.08,Automotive,41
280969,5555,1888,2019-07-01,2156.17,495.92,2652.09,0.23,Financial Services,22
301380,7843,9179,2019-06-16,8769.17,438.46,9207.63,0.05,Services,39
953088,3136,12345679,2019-07-21,1415.57,325.58,1741.15,0.23,Services,26
628964,2246,1377,2019-06-11,967.73,48.39,1016.12,0.05,Machinery,5
700136,7296,5003,2019-02-27,3982.7,916.02,4898.72,0.23,,25
731088,3851,7217,2019-06-23,251.77,12.59,264.36,0.05,Electronics,45
964316,3988,4827,2019-02-14,8033.04,401.65,8434.69,0.05,Construction Materials,15
897933,7527,1059,2019-01-20,8107.72,405.39,8513.11,0.05,Construction Materials,16
127620,9910,6485,2019-11-17,5875.95,470.08,6346.03,0.08,Clothing,51
408403,6600,3152,2019-09-03,1669.76,384.04,2053.8,0.23,Software,51
849359,8158,5508,2019-03-25,490.44,112.8,603.24,0.23,Construction Materials,25
350522,3251,1783,2019-08-20,779.07,38.95,818.02,0.05,Healthcare Equipment,29
388277,1160,7965,2019-03-10,3234.03,161.7,3395.73,0.05,Financial Services,15
612005,1896,4317,2019-04-29,1907.47,438.72,2346.19,0.23,Financial Services,48
236702,7453,9709,2019-07-03,6280.28,502.42,6782.7,0.08,Construction Materials,44
672180,3144,2664,2019-11-08,2250.56,112.53,2363.09,0.05,Services,30
517944,2078,1627,2019-10-19,1635.38,81.77,1717.15,0.05,Food,32
753781,7971,9747,2019-03-15,1090.63,87.25,1177.88,0.08,Electronics,11
946137,8383,3293,2019-03-04,22911.82,5269.72,28181.54,0.23,Education Services,44
123994,3203,7396,2019-02-15,230.59,18.45,249.04,0.08,Food,37
863171,7956,8665,2019-07-16,1746.98,401.81,2148.79,0.23,Education Services,31
362999,4984,3152,2019-08-24,903.4,72.27,975.67,0.08,Automotive,38
252128,3564,1688,2019-03-15,770.53,38.53,809.06,0.05,Pharmaceuticals,51
322291,3526,4183,2019-11-09,1727.21,138.18,1865.39,0.08,Machinery,20
329120,2405,8083,2019-09-02,23282.51,1862.6,25145.11,0.08,Furniture,25
349627,7073,7956,2019-05-13,385.84,19.29,405.13,0.05,Services,46
776937,4642,5125,2019-06-20,661.39,33.07,694.46,0.05,Office Supplies,57
298963,4162,6394,2019-01-03,763.03,38.15,801.18,0.05,Construction Materials,16
232349,5792,5340,2019-07-20,5210.1,1198.32,6408.42,0.23,Machinery,29
242003,4793,1055,2019-07-14,227.88,52.41,280.29,0.23,Construction Materials,46
971252,5764,7319,2019-11-09,145.1,7.25,152.35,0.05,Healthcare Equipment,56
539442,6634,4429,2019-04-22,788.03,63.04,851.07,0.08,Clothing,1
183318,1783,4880,2019-03-01,707.05,162.62,869.67,0.23,Office Supplies,5
536172,6696,2105,2019-09-27,13253.91,3048.4,16302.31,0.23,Clothing,28
727283,9420,9509,2019-09-14,2674.26,133.71,2807.97,0.05,Machinery,57
739164,5058,6362,2019-02-27,18652.79,1492.22,20145.01,0.08,Clothing,46
215059,5845,3269,2019-10-20,198.5,9.93,208.43,0.05,Machinery,44
426525,9605,7211,2019-07-25,4846.18,242.31,5088.49,0.05,Clothing,57
501485,5362,5520,2019-06-26,3030.22,242.42,3272.64,0.08,Clothing,28
546275,3181,8481,2019-02-15,23529.17,1176.46,24705.63,0.05,Financial Services,17
525852,9567,4185,2019-01-03,173.3,8.67,181.97,0.05,Clothing,60
606965,9756,7633,2019-12-30,361.46,28.92,390.38,0.08,Clothing,41
107559,2293,8814,2019-08-21,6539.21,326.96,6866.17,0.05,Pharmaceuticals,25
401769,1754,3469,2019-06-07,1167.07,58.35,1225.42,0.05,Electronics,29
777973,1688,1711,2019-08-09,3730.31,857.97,4588.28,0.23,Education Services,13
929911,8814,8134,2019-10-12,329.21,26.34,355.55,0.08,Office Supplies,37
674700,5065,1567,2019-12-21,639.13,31.96,671.09,0.05,Software,49
274459,8371,8342,2019-03-02,17283.49,1382.68,18666.17,0.08,Office Supplies,10
441839,2363,4925,2019-06-05,17275.0,1382.0,18657.0,0.08,Construction Materials,23
148903,7312,7395,2019-04-03,1832.15,91.61,1923.76,0.05,Financial Services,33
603571,8940,7120,2019-05-25,4585.22,366.82,4952.04,0.08,Electronics,28
509386,5785,3112,2019-02-10,2536.03,202.88,2738.91,0.08,Software,6
736731,7898,3679,2019-08-21,5905.43,472.43,6377.86,0.08,Healthcare Equipment,57
308824,6184,5512,2019-11-17,493.86,39.51,533.37,0.08,Machinery,21
730074,4753,3964,2019-03-25,411.62,20.58,432.2,0.05,Clothing,42
633235,8747,7760,2019-04-02,193.13,9.66,202.79,0.05,Furniture,59
750183,4512,5611,2019-12-15,17900.63,4117.14,22017.77,0.23,Food,17
177019,3780,3836,2019-11-15,4672.91,373.83,5046.74,0.08,Furniture,58
203216,1916,1986,2019-05-24,13254.18,662.71,13916.89,0.05,Healthcare Equipment,48
833926,7279,6904,2019-07-25,471.21,23.56,494.77,0.05,Pharmaceuticals,12
843641,6357,4505,2019-05-03,3653.35,840.27,4493.62,0.23,Office Supplies,22
556651,7651,4663,2019-08-22,16959.24,1356.74,18315.98,0.08,Clothing,3
606699,3420,8452,2019-12-09,4179.18,334.33,4513.51,0.08,Food,1
114520,6676,7120,2019-01-26,5090.08,1170.72,6260.8,0.23,,6
124132,8814,6718,2019-06-12,9684.08,2227.34,11911.42,0.23,Healthcare Equipment,25
726815,7117,3215,2019-07-10,3203.49,160.17,3363.66,0.05,Automotive,51
112221,2375,9717,2019-07-04,356.53,82.0,438.53,0.23,Pharmaceuticals,51
329114,6696,5647,2019-05-05,653.31,150.26,803.57,0.23,Software,58
300082,9060,3974,2019-06-20,4164.64,208.23,4372.87,0.05,Software,10
275998,8452,3809,2019-03-07,2076.52,477.6,2554.12,0.23,Construction Materials,24
697473,5507,7004,2019-12-18,426.15,34.09,460.24,0.08,Healthcare Equipment,36
373353,4868,6935,2019-08-29,1425.44,327.85,1753.29,0.23,Furniture,24
830456,8522,9709,2019-02-26,1413.46,113.08,1526.54,0.08,Clothing,43
631829,8029,8940,2019-09-16,225.37,18.03,243.4,0.08,Healthcare Equipment,3
291240,1688,3828,2019-02-23,16544.84,3805.31,20350.15,0.23,Office Supplies,33
336552,4306,6163,2019-01-16,143.06,11.44,154.5,0.08,Electronics,43
387962,7965,4505,2019-09-16,965.04,77.2,1042.24,0.08,Clothing,8
128419,2286,9420,2019-03-02,377.91,86.92,464.83,0.23,Healthcare Equipment,27
341892,8909,7256,2019-06-15,575.04,46.0,621.04,0.08,Healthcare Equipment,16
822492,2619,7305,2019-08-09,20327.35,4675.29,25002.64,0.23,Furniture,25
424169,4986,5980,2019-07-28,7730.73,618.46,8349.19,0.08,Food,33
343916,8851,8816,2019-02-13,279.87,22.39,302.26,0.08,Clothing,40
335830,1304,5613,2019-04-16,14559.1,3348.59,17907.69,0.23,,35
988083,4689,1763,2019-07-08,3426.95,788.2,4215.15,0.23,Construction Materials,0
128397,6371,6483,2019-06-19,3750.27,862.56,4612.83,0.23,Construction Materials,7
598743,6390,5597,2019-05-22,7146.27,571.7,7717.97,0.08,Healthcare Equipment,50
347735,1457,1938,2019-08-18,1258.98,100.72,1359.7,0.08,Construction Materials,29
651297,4533,7951,2019-04-04,111.63,5.58,117.21,0.05,Machinery,20
407581,7954,2227,2019-02-18,3619.57,180.98,3800.55,0.05,Machinery,25
290224,3407,1484,2019-04-16,455.6,36.45,492.05,0.08,Clothing,58
868401,6188,8187,2019-08-18,277.07,13.85,290.92,0.05,Machinery,6
717023,7894,7217,2019-04-10,1683.27,84.16,1767.43,0.05,Healthcare Equipment,51
417353,4559,4719,2019-08-19,4708.97,1083.06,5792.03,0.23,Construction Materials,45
158847,4170,5282,2019-09-24,15354.13,3531.45,18885.58,0.23,Software,32
446930,6394,9179,2019-03-04,2289.28,114.46,2403.74,0.05,Healthcare Equipment,17
855774,6176,2868,2019-04-11,285.53,14.28,299.81,0.05,Services,48
940736,3331,5914,2019-02-03,9417.17,470.86,9888.03,0.05,Education Services,57
100348,8598,8029,2019-01-17,183.11,9.16,192.27,0.05,Furniture,41
171462,1526,3407,2019-01-28,270.96,21.68,292.64,0.08,Services,9
669246,8246,5050,2019-04-30,15760.05,3624.81,19384.86,0.23,Services,45
706902,7500,4340,2019-08-08,996.22,49.81,1046.03,0.05,Electronics,8
827208,3286,8814,2019-02-28,4211.07,336.89,4547.96,0.08,Pharmaceuticals,0
953687,7731,5538,2019-09-25,912.65,45.63,958.28,0.05,Machinery,41
201801,1343,3738,2019-05-17,418.2,96.19,514.39,0.23,Financial Services,3
145577,3462,3842,2019-08-21,146.7,7.33,154.03,0.05,Automotive,6
837870,3355,2974,2019-02-25,378.04,86.95,464.99,0.23,Electronics,51
380351,5411,6394,2019-06-11,1345.89,107.67,1453.56,0.08,Healthcare Equipment,54
350525,9206,1929,2019-02-24,2484.08,124.2,2608.28,0.05,Food,18
219005,2131,8522,2019-06-14,10948.88,547.44,11496.32,0.05,Clothing,26
808029,7211,8431,2019-09-20,511.38,117.62,629.0,0.23,,23
121130,7894,7421,2019-04-24,1634.58,375.95,2010.53,0.23,Furniture,31
396597,4619,4758,2019-04-20,552.12,126.99,679.11,0.23,Construction Materials,60
447914,6456,6327,2019-12-21,2242.93,515.87,2758.8,0.23,Automotive,26
412588,7099,7170,2019-10-21,715.12,35.76,750.88,0.05,Healthcare Equipment,40
673041,3152,1740,2019-08-02,123.7,28.45,152.15,0.23,Pharmaceuticals,24
556263,7651,3215,2019-11-09,201.2,10.06,211.26,0.05,Education Services,13
373242,5544,3420,2019-08-02,5912.76,473.02,6385.78,0.08,Pharmaceuticals,53
363259,2405,2411,2019-08-11,1934.2,444.87,2379.07,0.23,,3
633482,6238,6600,2019-05-27,7225.0,361.25,7586.25,0.05,Software,59
854097,4776,3024,2019-03-21,7687.9,1768.22,9456.12,0.23,Pharmaceuticals,6
197871,6863,7915,2019-05-31,4909.21,1129.12,6038.33,0.23,Healthcare Equipment,7
663384,1537,7952,2019-05-31,4653.72,232.69,4886.41,0.05,Services,22
547535,1185,9747,2019-03-02,20917.21,1045.86,21963.07,0.05,Software,38
363873,4812,6064,2019-07-18,411.47,94.64,506.11,0.23,Electronics,37
226382,7647,7378,2019-11-19,496.9,24.84,521.74,0.05,Electronics,54
142325,1783,3722,2019-03-12,420.1,33.61,453.71,0.08,Construction Materials,45
355465,3419,7298,2019-12-20,191.69,15.34,207.03,0.08,Education Services,25
758533,7043,8488,2019-05-21,8046.33,1850.66,9896.99,0.23,Electronics,40
537064,1986,9085,2019-09-11,824.15,65.93,890.08,0.08,Construction Materials,41
707285,5886,7254,2019-12-16,6341.58,1458.56,7800.14,0.23,Food,46
241449,4834,6274,2019-08-08,120.3,27.67,147.97,0.23,Machinery,42
166595,7451,8801,2019-05-22,17327.77,866.39,18194.16,0.05,Electronics,24
874244,6750,8112,2019-02-22,347.23,27.78,375.01,0.08,Machinery,8
228934,9484,9484,2019-05-10,899.66,44.98,944.64,0.05,Machinery,25
166977,8940,3597,2019-05-29,13439.66,1075.17,14514.83,0.08,Automotive,33
861073,7099,1389,2019-05-18,6386.51,1468.9,7855.41,0.23,Pharmaceuticals,14
408024,7961,6412,2019-10-20,136.54,10.92,147.46,0.08,Clothing,60
283650,1128,1718,2019-05-04,401.26,20.06,421.32,0.05,Pharmaceuticals,17
923787,7170,5735,2019-01-04,631.2,145.18,776.38,0.23,Machinery,27
634266,8851,2375,2019-11-20,11150.8,557.54,11708.34,0.05,Construction Materials,13
882535,3779,4306,2019-02-03,13579.47,3123.28,16702.75,0.23,Education Services,10
154513,6361,4823,2019-02-26,7525.87,376.29,7902.16,0.05,Electronics,44
457581,2329,4300,2019-06-08,311.76,24.94,336.7,0.08,,38
112717,6357,6106,2019-10-20,5822.14,465.77,6287.91,0.08,Pharmaceuticals,37
994641,9654,1473,2019-09-29,1072.12,53.61,1125.73,0.05,Software,3
687054,7777,7453,2019-06-10,992.36,79.39,1071.75,0.08,Financial Services,41
958611,1988,4960,2019-08-09,208.55,47.97,256.52,0.23,Construction Materials,59
152519,2116,3181,2019-07-09,1581.89,79.09,1660.98,0.05,Office Supplies,20
255310,7350,4354,2019-03-20,256.37,20.51,276.88,0.08,Clothing,34
421857,8801,3828,2019-09-02,242.86,12.14,255.0,0.05,Food,50
353778,1048,8902,2019-03-03,232.45,53.46,285.91,0.23,Pharmaceuticals,3
203670,6796,6163,2019-01-09,4021.21,321.7,4342.91,0.08,Software,37
863026,8134,5831,2019-10-30,21375.48,1068.77,22444.25,0.05,Clothing,5
984351,9226,1284,2019-10-29,1706.97,85.35,1792.32,0.05,Construction Materials,37
706391,2492,5803,2019-05-20,2862.95,658.48,3521.43,0.23,Machinery,43
904377,4617,6863,2019-10-20,2952.23,147.61,3099.84,0.05,,60
603653,7296,4443,2019-06-27,225.52,18.04,243.56,0.08,Construction Materials,9
961855,5455,3644,2019-12-30,3597.33,827.39,4424.72,0.23,Education Services,51
231319,5263,7466,2019-03-15,7017.06,561.36,7578.42,0.08,Food,43
424471,8674,4119,2019-07-10,165.43,13.23,178.66,0.08,Electronics,50
473266,4018,7878,2019-10-06,24725.77,5686.93,30412.7,0.23,,25
337433,5670,5886,2019-09-29,3834.71,306.78,4141.49,0.08,Services,54
907676,2108,6422,2019-05-23,2774.89,138.74,2913.63,0.05,Clothing,17
523523,4554,7453,2019-04-20,473.65,37.89,511.54,0.08,Pharmaceuticals,42
226909,8488,9565,2019-09-10,23806.9,1904.55,25711.45,0.08,Automotive,27
372378,9167,4003,2019-12-14,174.35,8.72,183.07,0.05,Clothing,39
338816,7495,3407,2019-05-25,190.51,9.53,200.04,0.05,Office Supplies,8
852744,2459,3915,2019-08-20,214.86,10.74,225.6,0.05,Financial Services,14
142876,9290,8371,2019-08-08,168.6,38.78,207.38,0.23,Construction Materials,25
712945,9158,2504,2019-02-04,138.38,6.92,145.3,0.05,Education Services,54
199266,9129,2192,2019-04-23,12610.15,1008.81,13618.96,0.08,Office Supplies,39
681938,5785,6157,2019-05-16,4433.93,1019.8,5453.73,0.23,Pharmaceuticals,3
257708,2508,9085,2019-01-22,18969.66,1517.57,20487.23,0.08,Machinery,24
857641,8966,2286,2019-07-27,1660.3,132.82,1793.12,0.08,Construction Materials,2
623281,1180,1696,2019-09-02,11447.3,572.37,12019.67,0.05,Electronics,44
527828,4327,8371,2019-06-15,458.94,105.56,564.5,0.23,Food,6
979493,7055,5009,2019-04-01,21338.1,1707.05,23045.15,0.08,Construction Materials,45
644499,7120,7898,2019-02-12,180.62,14.45,195.07,0.08,Furniture,51
213086,3407,4049,2019-02-13,5980.34,299.02,6279.36,0.05,Financial Services,26
243685,9118,4150,2019-05-25,473.72,108.96,582.68,0.23,Food,50
670793,7522,1824,2019-12-01,4522.63,1040.2,5562.83,0.23,Healthcare Equipment,38
345929,4738,2156,2019-02-06,410.67,32.85,443.52,0.08,Machinery,53
314071,7117,7258,2019-03-05,960.77,48.04,1008.81,0.05,Machinery,22
643720,9755,8256,2019-01-06,262.89,13.14,276.03,0.05,Financial Services,29
914306,7652,3510,2019-12-17,1132.7,260.52,1393.22,0.23,Construction Materials,1
276442,8472,2747,2019-12-10,225.61,11.28,236.89,0.05,Financial Services,59
940822,2116,6115,2019-06-02,651.59,52.13,703.72,0.08,Food,59
503896,7393,2044,2019-06-12,4711.54,1083.65,5795.19,0.23,Machinery,13
279304,6327,7382,2019-02-22,8227.8,411.39,8639.19,0.05,Office Supplies,58
565374,5868,6398,2019-04-07,511.95,25.6,537.55,0.05,Automotive,17
748969,3152,3420,2019-11-13,4445.59,355.65,4801.24,0.08,,19
476926,6479,6750,2019-09-10,9964.04,498.2,10462.24,0.05,Clothing,47
666383,6789,6539,2019-03-15,4897.14,391.77,5288.91,0.08,Pharmaceuticals,8
258829,2134,1343,2019-01-29,2880.71,662.56,3543.27,0.23,Machinery,32
323058,7732,9827,2019-08-13,7551.03,377.55,7928.58,0.05,Automotive,52
950748,1567,1616,2019-06-25,580.74,29.04,609.78,0.05,Electronics,18
472746,5232,2508,2019-09-30,6538.55,523.08,7061.63,0.08,Furniture,15
524363,5560,4547,2019-09-19,1981.67,158.53,2140.2,0.08,Healthcare Equipment,31
578053,7247,9783,2019-11-21,336.65,16.83,353.48,0.05,Machinery,23
403983,7217,8548,2019-10-12,5253.52,1208.31,6461.83,0.23,Construction Materials,22
720772,5196,7030,2019-05-07,19861.36,993.07,20854.43,0.05,Furniture,4
797816,2070,8283,2019-01-11,21271.14,4892.36,26163.5,0.23,Healthcare Equipment,18
819700,1151,8094,2019-03-15,2400.04,552.01,2952.05,0.23,Education Services,29
883593,8522,4665,2019-12-12,692.95,34.65,727.6,0.05,Furniture,10
919206,2465,4018,2019-10-05,152.32,7.62,159.94,0.05,Machinery,6
494987,2120,5800,2019-01-11,1025.61,82.05,1107.66,0.08,Pharmaceuticals,14
139879,1735,4776,2019-02-27,3634.46,835.93,4470.39,0.23,Office Supplies,51
174850,1800,7652,2019-11-18,192.38,15.39,207.77,0.08,Automotive,35
766152,2043,12345680,2019-05-16,111.77,25.71,137.48,0.23,Services,8
749414,7363,6535,2019-03-17,239.54,11.98,251.52,0.05,Machinery,12
462889,9988,4925,2019-11-20,516.58,25.83,542.41,0.05,Pharmaceuticals,45
558976,5800,9129,2019-05-11,23987.62,1199.38,25187.0,0.05,,22
967923,9368,9519,2019-06-10,293.95,14.7,308.65,0.05,Food,35
841320,4642,7880,2019-06-28,298.17,14.91,313.08,0.05,,27
812387,2635,3426,2019-03-12,455.2,36.42,491.62,0.08,Clothing,16
514851,1436,12345680,2019-04-14,326.2,75.03,401.23,0.23,,9
540932,7701,9771,2019-02-21,973.44,77.88,1051.32,0.08,Clothing,49
866325,4306,4955,2019-10-25,658.02,32.9,690.92,0.05,Clothing,31
530556,1765,7029,2019-10-28,317.57,15.88,333.45,0.05,Furniture,23
204959,6500,2490,2019-07-29,3117.44,717.01,3834.45,0.23,Software,52
797991,4003,1925,2019-11-09,7985.76,1836.72,9822.48,0.23,,30
203008,3606,2459,2019-04-13,18271.3,1461.7,19733.0,0.08,Construction Materials,52
668115,4738,1851,2019-09-10,239.73,19.18,258.91,0.08,Clothing,35
146070,7762,5541,2019-08-10,13481.37,674.07,14155.44,0.05,Financial Services,38
489171,3286,5076,2019-09-02,7493.04,374.65,7867.69,0.05,Software,54
406333,7120,2326,2019-10-26,15677.35,3605.79,19283.14,0.23,Education Services,52
475583,5984,6300,2019-07-07,3127.68,156.38,3284.06,0.05,Clothing,36
146887,9941,6228,2019-02-19,13450.61,672.53,14123.14,0.05,Construction Materials,0
924791,2009,7392,2019-08-14,453.39,104.28,557.67,0.23,Construction Materials,24
140566,2010,4003,2019-03-03,1683.78,134.7,1818.48,0.08,Education Services,57
413698,5125,9123,2019-02-18,312.49,15.62,328.11,0.05,Financial Services,28
411192,2243,7954,2019-11-01,6041.92,302.1,6344.02,0.05,Services,34
456892,5621,2471,2019-10-15,10288.08,514.4,10802.48,0.05,Machinery,1
337208,2227,9390,2019-09-05,3479.63,800.31,4279.94,0.23,Construction Materials,51
138968,6935,4533,2019-08-13,101.28,8.1,109.38,0.08,Healthcare Equipment,17
273436,4161,7480,2019-05-26,11445.37,572.27,12017.64,0.05,Construction Materials,38
716160,2939,3472,2019-05-13,2859.49,228.76,3088.25,0.08,Software,48
216381,6163,2492,2019-07-18,619.3,49.54,668.84,0.08,Financial Services,48
839447,1180,7319,2019-06-03,122.84,9.83,132.67,0.08,Food,60
242363,5263,2078,2019-02-23,19154.63,957.73,20112.36,0.05,Clothing,22
977930,8966,8709,2019-04-23,1971.69,98.58,2070.27,0.05,Software,11
933208,1836,6228,2019-12-10,338.71,16.94,355.65,0.05,Software,15
335111,4925,12345680,2019-03-23,198.2,45.59,243.79,0.23,,38
970922,4659,4003,2019-05-08,384.54,30.76,415.3,0.08,Machinery,19
444852,8029,1512,2019-07-29,7879.29,393.96,8273.25,0.05,Healthcare Equipment,16
723751,3780,6543,2019-06-09,3545.43,177.27,3722.7,0.05,Financial Services,17
551212,2363,1389,2019-03-18,381.6,87.77,469.37,0.23,Clothing,0
153129,8029,7312,2019-09-01,1703.26,136.26,1839.52,0.08,Pharmaceuticals,41
478351,2750,1711,2019-03-29,5366.39,1234.27,6600.66,0.23,Clothing,26
519390,5520,9405,2019-05-21,449.86,103.47,553.33,0.23,Construction Materials,30
753212,4984,6238,2019-01-19,445.63,102.49,548.12,0.23,Pharmaceuticals,0
218087,2541,8304,2019-05-24,221.74,11.09,232.83,0.05,Pharmaceuticals,18
738864,6122,1375,2019-09-14,393.83,19.69,413.52,0.05,Software,24
742852,3717,6895,2019-12-02,4608.25,1059.9,5668.15,0.23,Furniture,23
997602,5630,4317,2019-10-13,6323.88,316.19,6640.07,0.05,Office Supplies,23
558026,5738,9418,2019-08-05,1540.62,77.03,1617.65,0.05,Automotive,21
571047,2070,2790,2019-08-01,8914.35,713.15,9627.5,0.08,Office Supplies,48
788916,3112,4554,2019-12-17,1055.59,84.45,1140.04,0.08,Clothing,13
104777,9560,5831,2019-07-27,1853.18,92.66,1945.84,0.05,Food,55
122278,3606,1733,2019-12-24,4082.34,938.94,5021.28,0.23,Electronics,7
542734,1475,9605,2019-01-08,3743.36,299.47,4042.83,0.08,Machinery,28
168810,1627,5209,2019-01-08,9100.06,728.0,9828.06,0.08,Office Supplies,48
263671,4665,6422,2019-01-19,635.74,146.22,781.96,0.23,Machinery,57
490123,5655,8623,2019-10-02,6177.85,494.23,6672.08,0.08,Machinery,10
718640,7030,1256,2019-01-01,2144.71,107.24,2251.95,0.05,Food,37
659798,8340,4994,2019-02-05,891.88,44.59,936.47,0.05,Pharmaceuticals,14
570383,7458,7363,2019-03-11,789.72,181.64,971.36,0.23,Electronics,23
808004,6584,1925,2019-06-14,1344.46,107.56,1452.02,0.08,Machinery,35
596462,6091,9275,2019-03-28,15219.79,3500.55,18720.34,0.23,Food,11
102190,9756,1988,2019-09-22,2355.24,188.42,2543.66,0.08,Office Supplies,1
243193,7873,1735,2019-05-12,10568.96,2430.86,12999.82,0.23,Electronics,0
345304,4827,8419,2019-05-12,3081.78,246.54,3328.32,0.08,Pharmaceuticals,57
755536,7801,5980,2019-12-02,1858.24,148.66,2006.9,0.08,Pharmaceuticals,44
421804,4161,8940,2019-08-30,7350.06,1690.51,9040.57,0.23,Pharmaceuticals,22
913255,2145,2409,2019-03-12,24968.91,1997.51,26966.42,0.08,Services,25
639469,8467,4753,2019-05-21,1511.51,120.92,1632.43,0.08,Food,38
412009,9048,3026788,2019-11-05,799.07,183.79,982.86,0.23,Services,43
605928,4646,4306,2019-06-17,776.49,38.82,815.31,0.05,Machinery,6
857454,1974,8747,2019-02-15,664.23,53.14,717.37,0.08,Education Services,2
406352,2065,1446,2019-03-19,616.17,30.81,646.98,0.05,Automotive,49
561840,8873,4955,2019-06-06,6905.67,345.28,7250.95,0.05,Food,45
409620,9735,5505,2019-02-22,2255.08,518.67,2773.75,0.23,Automotive,1
239143,5455,9050,2019-04-10,537.41,26.87,564.28,0.05,Machinery,9
135116,2199,3378,2019-01-23,238.18,11.91,250.09,0.05,Machinery,6
649704,2192,9567,2019-12-05,570.9,131.31,702.21,0.23,Education Services,6
561335,7193,4340,2019-02-25,3698.93,295.91,3994.84,0.08,Financial Services,60
516414,1106,7296,2019-07-25,7795.02,389.75,8184.77,0.05,Software,50
138371,5905,2245,2019-10-05,160.38,36.89,197.27,0.23,Clothing,28
966051,3690,1068,2019-03-15,1622.84,81.14,1703.98,0.05,Electronics,60
688216,2553,3779,2019-01-14,5360.82,1232.99,6593.81,0.23,Financial Services,47
973698,9874,1356,2019-02-25,620.19,31.01,651.2,0.05,Software,30
990067,8179,5061,2019-08-27,1090.54,54.53,1145.07,0.05,Services,13
141694,8919,3839,2019-06-16,826.11,190.01,1016.12,0.23,Electronics,22
763122,6503,5520,2019-08-31,4866.55,243.33,5109.88,0.05,Food,38
861903,9971,9755,2019-09-17,494.74,24.74,519.48,0.05,Healthcare Equipment,29
682135,6547,9913,2019-02-14,2073.83,476.98,2550.81,0.23,Automotive,41
463983,8371,5508,2019-05-28,1985.39,158.83,2144.22,0.08,Pharmaceuticals,0
318323,6821,6107,2019-01-24,844.88,67.59,912.47,0.08,Food,11
245707,7971,9735,2019-09-12,694.75,55.58,750.33,0.08,Machinery,39
161054,7170,9674,2019-08-08,527.64,121.36,649.0,0.23,Food,27
108324,1711,7700,2019-11-21,5113.49,409.08,5522.57,0.08,Furniture,22
257063,6503,1711,2019-06-15,2485.77,571.73,3057.5,0.23,Electronics,51
427642,4652,3226316707,2019-12-10,265.23,61.0,326.23,0.23,Services,57
467933,3650,3644,2019-08-29,1150.28,264.56,1414.84,0.23,Services,10
603749,5126,4642,2019-07-05,4644.35,371.55,5015.9,0.08,Construction Materials,10
492193,9357,8481,2019-09-20,458.61,105.48,564.09,0.23,Automotive,34
928192,3136,6115,2019-07-22,11891.85,951.35,12843.2,0.08,Machinery,40
569793,9990,5544,2019-03-04,3504.18,280.33,3784.51,0.08,Financial Services,6
716246,7073,8158,2019-06-15,879.25,43.96,923.21,0.05,Furniture,7
246681,3668,9464,2019-11-22,160.54,8.03,168.57,0.05,Services,16
159485,5593,9971,2019-06-02,3780.03,869.41,4649.44,0.23,Electronics,7
348938,6161,2286,2019-01-23,4747.34,1091.89,5839.23,0.23,Education Services,38
689972,2567,4185,2019-09-26,5181.36,414.51,5595.87,0.08,Furniture,9
982058,8851,6361,2019-08-27,9208.93,736.71,9945.64,0.08,Food,58
174168,1179,4860,2019-06-12,335.76,77.22,412.98,0.23,Pharmaceuticals,6
936583,4674,6211,2019-04-07,610.78,30.54,641.32,0.05,Services,55
239703,3597,9073,2019-09-12,1050.07,241.52,1291.59,0.23,Furniture,58
188925,2750,9565,2019-08-03,188.62,43.38,232.0,0.23,Education Services,44
287455,8954,3543,2019-03-19,21180.49,1694.44,22874.93,0.08,,1
347250,4646,6357,2019-05-23,4400.5,1012.12,5412.62,0.23,Clothing,3
112337,2204,6160,2019-09-10,877.3,201.78,1079.08,0.23,,26
322369,7365,1352,2019-08-24,150.03,34.51,184.54,0.23,Office Supplies,44
476501,9621,5555,2019-07-01,124.69,28.68,153.37,0.23,Software,5
810302,5240,9998,2019-11-25,363.58,18.18,381.76,0.05,Office Supplies,17
762261,2010,9910,2019-10-22,1360.82,68.04,1428.86,0.05,Healthcare Equipment,10
912053,9194,9482,2019-08-24,401.35,92.31,493.66,0.23,Pharmaceuticals,16
605914,7605,2492,2019-05-07,7094.79,567.58,7662.37,0.08,Machinery,55
284149,2750,5196,2019-02-24,5431.65,1249.28,6680.93,0.23,Healthcare Equipment,22
831413,1038,3510,2019-04-10,4840.85,242.04,5082.89,0.05,Services,12
816870,9357,6091,2019-08-13,2416.9,120.85,2537.75,0.05,Food,2
423446,1151,1188,2019-12-27,14269.69,1141.58,15411.27,0.08,Healthcare Equipment,34
587903,6228,5508,2019-03-23,20878.25,1043.91,21922.16,0.05,Construction Materials,38
934313,4412,3756,2019-06-22,336.61,26.93,363.54,0.08,Construction Materials,17
757672,5144,5114,2019-03-18,857.4,197.2,1054.6,0.23,Services,39
474229,5501,2009,2019-01-07,18533.8,1482.7,20016.5,0.08,Clothing,54
113396,7043,9747,2019-04-16,693.34,159.47,852.81,0.23,Furniture,25
448253,7762,1938,2019-03-04,13311.59,1064.93,14376.52,0.08,Food,59
734226,2009,6228,2019-06-21,1733.2,86.66,1819.86,0.05,Software,29
426047,4533,7120,2019-05-04,6699.49,1540.88,8240.37,0.23,Financial Services,53
267709,5003,6139,2019-09-30,8249.88,1897.47,10147.35,0.23,Machinery,11
730544,5217,57738724,2019-08-08,274.44,63.12,337.56,0.23,Services,29
705832,7652,9515,2019-06-25,240.74,55.37,296.11,0.23,Office Supplies,38
508824,7605,2010,2019-04-18,127.99,6.4,134.39,0.05,Automotive,50
314704,5512,6503,2019-05-04,6243.63,499.49,6743.12,0.08,Furniture,3
925068,3338,7008,2019-12-25,3553.79,177.69,3731.48,0.05,Financial Services,42
526260,6485,6169,2019-01-06,5705.95,1312.37,7018.32,0.23,Construction Materials,51
645022,7666,6422,2019-07-07,357.74,28.62,386.36,0.08,Education Services,53
585043,6872,8924,2019-10-03,5241.43,1205.53,6446.96,0.23,,19
710525,1302,8070,2019-12-06,182.39,9.12,191.51,0.05,Services,30
383478,1377,4866,2019-12-08,1449.96,72.5,1522.46,0.05,Financial Services,33
836909,3488,2157,2019-01-26,9755.78,487.79,10243.57,0.05,Automotive,56
418559,8801,12345679,2019-05-24,1125.89,258.95,1384.84,0.23,Services,39
700633,2134,2078,2019-01-14,765.77,61.26,827.03,0.08,Automotive,50
956473,8152,7073,2019-11-12,872.97,69.84,942.81,0.08,Healthcare Equipment,11
446047,6696,8488,2019-05-03,2114.56,486.35,2600.91,0.23,Software,18
694104,9527,6729760,2019-07-25,146.52,33.7,180.22,0.23,Services,54
107042,5655,4889,2019-05-20,355.39,17.77,373.16,0.05,Education Services,53
845519,7814,2955,2019-02-22,3915.48,195.77,4111.25,0.05,Financial Services,24
496161,7189,3393,2019-04-07,19819.45,4558.47,24377.92,0.23,Pharmaceuticals,48
202363,9171,6047,2019-11-26,389.8,19.49,409.29,0.05,Electronics,54
488249,6188,1567,2019-03-05,22383.27,5148.15,27531.42,0.23,Software,35
714453,1108,9123,2019-02-28,272.0,13.6,285.6,0.05,Automotive,38
875937,9988,1566,2019-07-28,1047.62,83.81,1131.43,0.08,Automotive,10
579794,7737,9198,2019-09-05,6627.89,1524.41,8152.3,0.23,Services,24
141679,6698,7008,2019-05-04,20106.2,1005.31,21111.51,0.05,Services,5
104454,8615,9073,2019-10-10,335.82,16.79,352.61,0.05,Financial Services,22
735726,6047,8872,2019-11-14,20359.99,1628.8,21988.79,0.08,Office Supplies,5
950047,2490,2504,2019-08-05,4863.53,1118.61,5982.14,0.23,Office Supplies,20
291554,8508,9998,2019-05-23,10306.69,824.54,11131.23,0.08,Financial Services,23
258230,6064,9224,2019-09-20,5612.51,1290.88,6903.39,0.23,Software,59
610811,1763,2156,2019-01-31,431.79,99.31,531.1,0.23,Machinery,58
700588,7878,5478,2019-07-09,4676.58,374.13,5050.71,0.08,Healthcare Equipment,29
944410,6740,2753,2019-10-27,7339.77,366.99,7706.76,0.05,Construction Materials,47
974225,8548,2009,2019-12-29,148.07,11.85,159.92,0.08,Services,11
353842,4327,9357,2019-03-09,661.17,52.89,714.06,0.08,Food,26
615596,1718,6394,2019-08-11,165.23,13.22,178.45,0.08,Food,57
551219,3296,2078,2019-03-11,4792.13,383.37,5175.5,0.08,Furniture,49
965734,1160,3171,2019-11-06,313.75,72.16,385.91,0.23,Office Supplies,18
739026,9224,8051,2019-05-15,13886.14,1110.89,14997.03,0.08,Financial Services,58
528063,1643,4994,2019-02-09,349.25,17.46,366.71,0.05,Machinery,19
890311,6847,1872,2019-08-14,190.69,9.53,200.22,0.05,Electronics,2
639897,3628,2819,2019-04-09,16377.99,3766.94,20144.93,0.23,Software,0
117496,7217,2363,2019-02-06,3756.29,300.5,4056.79,0.08,Automotive,23
768494,5293,4860,2019-07-12,10244.75,819.58,11064.33,0.08,Automotive,5
672090,1966,1836,2019-09-28,470.24,108.16,578.4,0.23,Software,60
160976,7265,1250,2019-12-21,1862.43,93.12,1955.55,0.05,Clothing,40
287257,3496,8559,2019-02-25,8837.92,707.03,9544.95,0.08,Office Supplies,30
637531,1966,2412,2019-09-16,4600.51,368.04,4968.55,0.08,Education Services,20
704585,6500,3361,2019-09-04,278.42,13.92,292.34,0.05,Healthcare Equipment,15
772462,4357,1059,2019-09-16,4129.62,949.81,5079.43,0.23,Office Supplies,57
600532,7247,6456,2019-12-24,328.2,75.49,403.69,0.23,,53
748344,2243,7952,2019-07-09,8718.36,2005.22,10723.58,0.23,Healthcare Equipment,14
806017,1966,2193,2019-11-03,252.82,58.15,310.97,0.23,Services,12
608918,6080,9747,2019-07-15,548.94,126.26,675.2,0.23,Education Services,26
975714,5842,8851,2019-12-02,4415.39,1015.54,5430.93,0.23,Education Services,25
657094,1042,6750,2019-08-02,3108.27,248.66,3356.93,0.08,Education Services,32
737048,4533,8094,2019-02-13,478.87,38.31,517.18,0.08,Machinery,8
906702,9030,3125,2019-06-19,2141.84,107.09,2248.93,0.05,Clothing,23
962418,7055,8548,2019-07-31,19911.43,4579.63,24491.06,0.23,Financial Services,33
308084,7008,6911,2019-11-14,20658.24,4751.4,25409.64,0.23,Furniture,58
470779,2009,3623,2019-11-13,400.07,32.01,432.08,0.08,Electronics,12
152812,1151,7652,2019-01-23,118.16,5.91,124.07,0.05,Machinery,12
607566,4434,9939,2019-05-30,127.15,10.17,137.32,0.08,Automotive,33
470216,3510,2771,2019-08-03,159.15,7.96,167.11,0.05,Food,23
783142,2753,8096,2019-08-30,1872.81,149.82,2022.63,0.08,Construction Materials,49
251598,3657,2078,2019-01-11,309.57,15.48,325.05,0.05,Food,19
746642,5098,3199,2019-03-15,887.59,71.01,958.6,0.08,Food,16
970231,2108,9659,2019-04-25,13783.58,689.18,14472.76,0.05,Financial Services,54
261671,7231,3644,2019-01-08,5115.83,255.79,5371.62,0.05,,24
459604,5088,8872,2019-10-21,279.14,64.2,343.34,0.23,Software,36
222561,4793,1798,2019-03-02,6772.73,1557.73,8330.46,0.23,Furniture,10
690230,6080,9226,2019-07-12,175.24,40.31,215.55,0.23,Construction Materials,52
439577,4313,7666,2019-12-16,627.7,50.22,677.92,0.08,Machinery,38
673849,3020,7096,2019-05-17,651.43,32.57,684.0,0.05,Office Supplies,49
580278,2245,6676,2019-08-20,14806.44,3405.48,18211.92,0.23,Software,53
303821,9910,3419,2019-02-16,14472.75,1157.82,15630.57,0.08,Healthcare Equipment,15
998488,9224,4985,2019-08-06,4922.2,246.11,5168.31,0.05,Food,40
302455,3284,2108,2019-02-04,917.95,211.13,1129.08,0.23,Services,48
196828,9585,5076,2019-12-29,190.97,9.55,200.52,0.05,Construction Materials,15
640785,1117,7296,2019-06-04,153.13,35.22,188.35,0.23,Office Supplies,52
943614,3930,9115,2019-04-26,2612.46,600.87,3213.33,0.23,Clothing,4
782251,1888,4758,2019-09-28,377.16,30.17,407.33,0.08,Furniture,52
564852,1824,3061,2019-02-13,233.93,18.71,252.64,0.08,Financial Services,2
644405,9129,4758,2019-04-15,1382.52,69.13,1451.65,0.05,Electronics,37
346233,7120,3251,2019-05-26,2780.48,139.02,2919.5,0.05,Financial Services,42
712224,9085,2193,2019-07-07,21116.72,1055.84,22172.56,0.05,,28
610664,5126,8909,2019-07-12,1356.16,67.81,1423.97,0.05,Machinery,31
272483,8108,6526,2019-07-27,119.69,5.98,125.67,0.05,Clothing,48
420260,1446,5928,2019-10-30,1838.74,422.91,2261.65,0.23,Furniture,35
246992,7966,8472,2019-03-03,11407.5,570.38,11977.88,0.05,Clothing,52
246625,8467,1824,2019-06-09,2783.92,139.2,2923.12,0.05,Electronics,7
120340,3181,9910,2019-03-24,1371.47,109.72,1481.19,0.08,Healthcare Equipment,51
603897,4586,8094,2019-08-17,108.77,25.02,133.79,0.23,Healthcare Equipment,29
526916,6526,2329,2019-10-13,165.32,38.02,203.34,0.23,Software,41
194095,7531,12345680,2019-09-20,839.0,192.97,1031.97,0.23,Services,12
413243,5541,9226,2019-08-07,583.05,46.64,629.69,0.08,Automotive,49
733041,9981,9515,2019-01-25,449.13,35.93,485.06,0.08,Machinery,28
720399,3407,9565,2019-08-07,289.75,14.49,304.24,0.05,Construction Materials,48
346364,7894,7867,2019-09-10,1616.15,371.71,1987.86,0.23,Pharmaceuticals,27
722898,4317,4412,2019-07-01,4502.12,225.11,4727.23,0.05,Software,27
724562,3548,2318,2019-05-27,1340.31,308.27,1648.58,0.23,Electronics,43
818061,8426,1160,2019-10-04,542.97,43.44,586.41,0.08,Construction Materials,52
193249,3462,2327,2019-01-01,1520.84,349.79,1870.63,0.23,Software,42
216740,9756,4834,2019-01-27,3784.81,870.51,4655.32,0.23,Financial Services,43
960045,7746,2245,2019-04-12,972.82,223.75,1196.57,0.23,Automotive,4
418127,4179,7099,2019-02-23,7977.52,398.88,8376.4,0.05,Office Supplies,45
895513,1356,8029,2019-03-20,1881.76,432.8,2314.56,0.23,Education Services,32
402087,9158,7099,2019-05-17,1959.67,97.98,2057.65,0.05,Furniture,22
526914,6163,1643,2019-12-12,21279.69,1702.38,22982.07,0.08,Electronics,3
673501,7859,5455,2019-01-21,493.9,24.7,518.6,0.05,Furniture,39
348124,3666,4018,2019-11-25,676.84,33.84,710.68,0.05,Furniture,5
774221,5057,8472,2019-07-08,16117.68,1289.41,17407.09,0.08,Financial Services,21
673165,5057,6919,2019-12-05,11561.35,2659.11,14220.46,0.23,Clothing,44
440448,1696,2187,2019-04-06,246.34,19.71,266.05,0.08,Financial Services,58
226890,2649,8872,2019-05-11,5790.82,1331.89,7122.71,0.23,Services,35
722887,4831,1323,2019-05-31,409.96,94.29,504.25,0.23,Electronics,45
638480,6990,9814,2019-02-24,1646.98,82.35,1729.33,0.05,Healthcare Equipment,12
820681,8366,5501,2019-11-28,15150.58,757.53,15908.11,0.05,Pharmaceuticals,32
320299,5544,6412,2019-03-02,6673.74,533.9,7207.64,0.08,Pharmaceuticals,58
576602,8709,4674,2019-12-28,194.28,9.71,203.99,0.05,Office Supplies,22
421714,8134,5914,2019-04-17,1019.44,81.56,1101.0,0.08,Automotive,8
814963,4642,3543,2019-11-16,15440.51,772.03,16212.54,0.05,Machinery,8
504383,2066,8801,2019-07-05,22313.87,5132.19,27446.06,0.23,Financial Services,19
381177,6168,9451,2019-05-02,14296.31,1143.7,15440.01,0.08,Clothing,8
869466,1895,1375,2019-04-29,3785.49,189.27,3974.76,0.05,Food,23
266196,2131,4136,2019-07-20,800.16,184.04,984.2,0.23,Services,11
945181,3203,3679,2019-02-03,1926.53,96.33,2022.86,0.05,Automotive,7
522569,4533,3496,2019-12-26,3762.65,301.01,4063.66,0.08,Software,10
999094,6895,7848,2019-11-27,4548.06,227.4,4775.46,0.05,Machinery,16
570930,2105,9585,2019-06-09,2653.89,212.31,2866.2,0.08,Services,28
769522,1059,5531,2019-06-13,1500.73,75.04,1575.77,0.05,Education Services,39
147339,5538,12345679,2019-05-11,890.16,204.74,1094.9,0.23,Services,57
929560,7731,8431,2019-04-25,3543.78,283.5,3827.28,0.08,Food,31
646909,1377,6676,2019-10-07,110.68,5.53,116.21,0.05,Machinery,32
150842,7096,8179,2019-12-02,6041.55,1389.56,7431.11,0.23,Education Services,56
268481,3843,5455,2019-06-09,10582.88,2434.06,13016.94,0.23,Healthcare Equipment,22
650313,7880,6106,2019-07-10,1875.25,150.02,2025.27,0.08,Construction Materials,7
216273,3623,2213,2019-04-13,1707.73,136.62,1844.35,0.08,Furniture,20
128272,3930,1128,2019-06-14,2893.74,144.69,3038.43,0.05,Pharmaceuticals,16
709622,8709,7211,2020-01-01,18797.23,939.86,19737.09,0.05,Office Supplies,38
924701,5340,3033,2019-11-30,9836.7,491.84,10328.54,0.05,Machinery,33
323156,7096,5156,2019-09-30,1777.18,142.17,1919.35,0.08,Food,22
196536,7096,5785,2019-12-05,6950.96,556.08,7507.04,0.08,Office Supplies,1
656410,7353,1377,2019-06-26,2705.78,216.46,2922.24,0.08,Software,49
139393,4892,6584,2019-02-18,983.01,226.09,1209.1,0.23,Clothing,50
213716,8857,1854,2019-11-04,1957.61,97.88,2055.49,0.05,Services,6
552184,9451,8747,2019-11-30,2293.67,527.54,2821.21,0.23,Office Supplies,33
781335,2454,4119,2019-03-29,12298.85,983.91,13282.76,0.08,Office Supplies,10
554909,5735,5057,2019-04-18,1315.16,302.49,1617.65,0.23,Automotive,8
126025,9477,1546,2019-08-04,1671.47,133.72,1805.19,0.08,Machinery,60
946624,2125,6428,2019-12-13,2824.69,141.23,2965.92,0.05,Healthcare Equipment,4
265384,5088,6717,2019-12-06,8314.43,415.72,8730.15,0.05,Furniture,15
105220,5046,5232,2019-10-04,126.6,10.13,136.73,0.08,Food,16
453999,9204,1780,2019-09-28,423.53,21.18,444.71,0.05,Healthcare Equipment,55
900748,5541,2542,2019-08-23,162.08,37.28,199.36,0.23,Construction Materials,41
904518,5905,8624,2019-01-11,163.63,13.09,176.72,0.08,Machinery,14
763491,7333,8108,2019-05-27,4171.73,959.5,5131.23,0.23,Food,12
320207,2753,5297,2019-02-22,696.83,160.27,857.1,0.23,Automotive,25
332080,1055,4668,2019-06-12,470.59,23.53,494.12,0.05,Automotive,24
103313,1817,4245,2019-06-26,538.12,43.05,581.17,0.08,Machinery,39
720501,3168,4758,2019-12-16,17506.84,875.34,18382.18,0.05,Healthcare Equipment,20
363999,4668,5030,2019-01-30,1384.24,318.38,1702.62,0.23,Electronics,8
494841,6547,5614,2019-01-28,631.51,145.25,776.76,0.23,,25
260702,7217,4689,2019-07-29,616.68,49.33,666.01,0.08,,30
181707,9123,2010,2019-10-14,425.52,34.04,459.56,0.08,Construction Materials,49
248384,3236,5937,2019-06-24,334.02,26.72,360.74,0.08,Food,19
804100,7952,3199,2019-06-16,3114.54,716.34,3830.88,0.23,Software,46
325006,9390,9849,2019-09-03,1376.86,68.84,1445.7,0.05,Healthcare Equipment,48
249352,7073,9910,2019-06-21,591.02,135.93,726.95,0.23,Machinery,7
331595,7395,9894,2019-10-23,879.89,202.37,1082.26,0.23,Pharmaceuticals,49
148471,9988,6587,2019-03-11,735.87,58.87,794.74,0.08,Software,47
459827,7840,4161,2019-12-06,20783.01,1662.64,22445.65,0.08,Construction Materials,20
710187,1456,2751,2019-04-11,956.67,76.53,1033.2,0.08,Office Supplies,11
850480,9335,6897928,2019-03-25,224.48,51.63,276.11,0.23,,7
402319,5735,8426,2019-04-09,3098.91,712.75,3811.66,0.23,Electronics,24
941569,1068,3628,2019-10-21,800.38,40.02,840.4,0.05,Food,41
589632,6161,3462,2019-01-10,14473.57,1157.89,15631.46,0.08,Furniture,31
983765,9060,3331,2019-07-23,18858.79,942.94,19801.73,0.05,Healthcare Equipment,13
548601,7256,8441,2019-12-12,362.21,28.98,391.19,0.08,Office Supplies,59
529046,4955,7500,2019-08-20,13932.94,1114.64,15047.58,0.08,Software,22
339285,7298,2116,2019-05-27,546.68,125.74,672.42,0.23,Furniture,19
144748,7170,7652,2019-08-15,249.35,19.95,269.3,0.08,Financial Services,41
595242,4559,3112,2019-08-18,9987.06,2297.02,12284.08,0.23,Financial Services,59
156409,6145,7873,2019-03-22,537.27,123.57,660.84,0.23,Furniture,11
529052,3472,1055,2019-08-14,603.26,30.16,633.42,0.05,Education Services,32
981687,3727,6911,2019-04-04,11856.5,2727.0,14583.5,0.23,Furniture,41
186578,6184,3836,2019-10-17,1522.74,121.82,1644.56,0.08,Construction Materials,51
646111,7898,8909,2019-02-20,11180.35,2571.48,13751.83,0.23,Automotive,19
132720,2030,4652,2019-12-27,191.31,44.0,235.31,0.23,Financial Services,48
589005,6634,8902,2019-11-23,417.04,95.92,512.96,0.23,Software,21
574665,5086,7461,2019-08-02,18778.03,4318.95,23096.98,0.23,Electronics,42
389134,1765,3462,2019-09-09,3727.35,857.29,4584.64,0.23,Services,17
515428,9621,9783,2019-08-14,746.59,171.72,918.31,0.23,Pharmaceuticals,22
361213,2375,4018,2019-06-07,24086.07,5539.8,29625.87,0.23,Healthcare Equipment,44
728419,9324,9509,2019-05-28,471.09,23.55,494.64,0.05,,7
134157,2116,3543,2019-10-06,3532.12,176.61,3708.73,0.05,Food,29
152207,4841,7382,2019-12-01,6788.98,543.12,7332.1,0.08,Furniture,56
982990,8488,5918,2019-12-28,404.2,32.34,436.54,0.08,Furniture,46
596698,5120,4568,2019-04-19,12411.13,992.89,13404.02,0.08,Healthcare Equipment,23
360236,7004,12345680,2019-09-15,954.34,219.5,1173.84,0.23,Services,4
978793,8855,5455,2019-06-20,5865.25,1349.01,7214.26,0.23,Software,46
904530,5611,6106,2019-04-03,273.13,13.66,286.79,0.05,Clothing,20
464414,9703,8785,2019-12-13,8491.33,1953.01,10444.34,0.23,Healthcare Equipment,32
477564,1754,3668,2019-10-06,207.12,47.64,254.76,0.23,Automotive,4
743671,5125,4595,2019-05-03,19321.22,966.06,20287.28,0.05,Electronics,17
230235,3269,4753,2019-02-24,234.04,53.83,287.87,0.23,Electronics,37
698629,6161,1740,2019-06-27,106.54,8.52,115.06,0.08,Pharmaceuticals,26
383460,6483,7894,2019-12-17,8990.31,719.22,9709.53,0.08,Financial Services,41
431914,3750,5030,2019-03-18,1694.85,135.59,1830.44,0.08,Healthcare Equipment,3
934470,4018,8785,2019-01-20,302.35,24.19,326.54,0.08,Healthcare Equipment,1
673578,1356,1733,2019-04-10,1257.59,289.25,1546.84,0.23,Office Supplies,7
226315,6696,6188,2019-12-22,9338.96,466.95,9805.91,0.05,Electronics,58
565344,4559,7337,2019-05-23,571.82,28.59,600.41,0.05,Electronics,5
224136,4412,6740,2019-03-09,10197.73,2345.48,12543.21,0.23,Pharmaceuticals,54
635416,6543,8340,2019-04-25,2676.54,615.6,3292.14,0.23,Machinery,57
901834,5358,3462,2019-12-25,176.19,40.52,216.71,0.23,Financial Services,15
535514,8436,3917,2019-10-03,546.35,125.66,672.01,0.23,,49
146538,7894,7458,2019-09-29,15039.1,3458.99,18498.09,0.23,,3
289758,1082,8301103,2019-05-08,1388.35,319.32,1707.67,0.23,Services,20
404661,2226,4589,2019-11-19,6712.56,1543.89,8256.45,0.23,Food,47
763847,6228,7615,2019-05-26,2275.92,113.8,2389.72,0.05,Financial Services,50
573796,2176,7073,2019-10-02,213.97,17.12,231.09,0.08,Automotive,14
863887,6483,9048,2019-11-09,9427.17,2168.25,11595.42,0.23,Electronics,40
864573,6740,8826,2019-01-28,842.92,67.43,910.35,0.08,Electronics,41
114672,7453,4695,2019-09-22,4044.55,323.56,4368.11,0.08,Food,38
938304,5009,7357,2019-07-29,642.86,147.86,790.72,0.23,Electronics,27
571340,9756,3027,2019-01-16,3801.81,190.09,3991.9,0.05,Office Supplies,29
651356,3808,2329,2019-01-29,3653.25,182.66,3835.91,0.05,Furniture,11
412081,7231,7867,2019-05-16,8713.44,697.08,9410.52,0.08,Education Services,6
593788,1282,5615,2019-08-04,1577.08,362.73,1939.81,0.23,Healthcare Equipment,45
661446,9527,8801,2019-07-10,1492.05,119.36,1611.41,0.08,Healthcare Equipment,18
748633,7898,8422,2019-10-08,15679.2,783.96,16463.16,0.05,Construction Materials,23
545906,2751,4659,2019-07-13,16387.93,3769.22,20157.15,0.23,Services,37
374836,5057,4617,2019-04-09,3718.05,297.44,4015.49,0.08,Financial Services,38
945520,4560,2471,2019-12-30,4032.08,322.57,4354.65,0.08,Office Supplies,6
132030,5362,5013,2019-02-06,100.87,5.04,105.91,0.05,Furniture,49
313012,3564,4823,2019-08-22,16074.06,803.7,16877.76,0.05,Software,31
836466,5478,6820,2019-07-06,673.85,33.69,707.54,0.05,Office Supplies,21
730094,3606,4689,2019-07-31,1257.66,100.61,1358.27,0.08,Services,46
148137,9803,8467,2019-09-08,103.72,8.3,112.02,0.08,Healthcare Equipment,19
174794,6594,9654,2019-09-23,18263.14,4200.52,22463.66,0.23,Clothing,20
593246,7392,7008,2019-03-03,377.31,86.78,464.09,0.23,Furniture,40
494450,1711,1381,2019-12-09,1530.74,122.46,1653.2,0.08,Office Supplies,17
338631,6176,12345679,2019-09-08,481.01,110.63,591.64,0.23,Services,18
155770,9560,1824,2019-08-07,1860.83,427.99,2288.82,0.23,Software,57
136375,1188,4512,2019-01-09,244.37,19.55,263.92,0.08,Clothing,48
585127,5282,9042,2019-10-28,1039.73,83.18,1122.91,0.08,Clothing,57
358075,6927,5764,2019-08-05,2309.04,184.72,2493.76,0.08,Education Services,2
605049,9868,2105,2019-01-25,273.71,62.95,336.66,0.23,Healthcare Equipment,45
187200,8152,5886,2019-07-31,2737.15,136.86,2874.01,0.05,Financial Services,40
119160,6584,6505,2019-06-02,14226.43,3272.08,17498.51,0.23,Financial Services,27
354023,9783,6479,2019-01-09,272.25,21.78,294.03,0.08,Construction Materials,57
320309,5156,9420216053,2019-06-26,1063.49,244.6,1308.09,0.23,Services,59
858227,4366,8801,2019-04-17,1200.61,96.05,1296.66,0.08,Office Supplies,36
493342,2131,9879,2019-06-01,697.65,160.46,858.11,0.23,Office Supplies,4
275559,1896,4357,2019-04-24,382.96,88.08,471.04,0.23,Food,23
903528,2751,8816,2019-12-17,326.38,75.07,401.45,0.23,Food,8
730794,8709,3775,2019-06-17,1088.26,87.06,1175.32,0.08,Machinery,41
812667,8864,1456,2019-07-13,914.65,73.17,987.82,0.08,Electronics,27
622559,5076,9874,2019-01-05,658.07,52.65,710.72,0.08,,48
883531,6717,2819,2019-09-27,619.42,49.55,668.97,0.08,Electronics,44
584131,7652,5494,2019-04-24,4721.24,1085.89,5807.13,0.23,Automotive,56
443298,5455,3462,2019-08-21,2174.4,108.72,2283.12,0.05,Automotive,52
159347,3775,7859,2019-12-17,2237.19,111.86,2349.05,0.05,,34
119378,2916,4460,2019-11-11,20250.82,1620.07,21870.89,0.08,Pharmaceuticals,13
752870,7867,9868,2019-04-13,4085.37,204.27,4289.64,0.05,Construction Materials,27
132759,7360,3510,2019-06-25,1101.4,253.32,1354.72,0.23,Furniture,23
740480,7466,5905,2019-03-29,588.35,47.07,635.42,0.08,Machinery,18
284410,7956,9073,2019-01-28,409.72,32.78,442.5,0.08,Healthcare Equipment,51
414815,9565,3469,2019-07-31,21771.95,5007.55,26779.5,0.23,Construction Materials,58
325944,2048,8887,2019-06-12,132.69,30.52,163.21,0.23,Food,27
938865,7873,9827,2019-05-22,5821.31,465.7,6287.01,0.08,Construction Materials,12
570283,1718,7915,2019-03-26,394.82,31.59,426.41,0.08,Office Supplies,3
987381,2832,2209,2019-09-20,394.68,31.57,426.25,0.08,Electronics,1
208263,9939,3236,2019-05-12,1615.06,371.46,1986.52,0.23,Education Services,38
492000,4090,1323,2019-02-27,9969.17,797.53,10766.7,0.08,Furniture,58
873026,5508,7073,2019-04-05,1539.85,354.17,1894.02,0.23,Electronics,26
437900,2286,8256,2019-03-09,746.64,37.33,783.97,0.05,Financial Services,18
555721,7733,8304,2019-07-28,16967.85,848.39,17816.24,0.05,Healthcare Equipment,54
704423,7353,5845,2019-07-01,103.91,23.9,127.81,0.23,Food,38
809437,4758,3247,2019-07-03,129.1,29.69,158.79,0.23,Construction Materials,6
998405,8258,4230,2019-06-25,4954.9,396.39,5351.29,0.08,Food,0
557601,1377,4081,2019-01-19,176.89,40.68,217.57,0.23,Software,8
219252,7843,1068,2019-12-31,2624.71,131.24,2755.95,0.05,Machinery,33
268094,3055,1988,2019-04-19,5656.69,282.83,5939.52,0.05,Machinery,2
119500,6927,4789,2019-07-13,5009.92,400.79,5410.71,0.08,Clothing,44
172804,7512,3163,2019-10-17,5004.82,400.39,5405.21,0.08,Food,8
437823,9085,9735,2019-12-07,6053.72,1392.36,7446.08,0.23,Software,19
351690,5492,8034,2019-07-02,1695.35,389.93,2085.28,0.23,Furniture,23
482622,3564,5501,2019-03-25,444.93,35.59,480.52,0.08,Clothing,60
662202,5114,3419,2019-05-30,814.2,65.14,879.34,0.08,Clothing,7
820019,5293,8226,2019-09-03,18986.12,949.31,19935.43,0.05,Furniture,36
623026,9585,8940,2019-09-18,222.34,51.14,273.48,0.23,Software,28
295579,2134,9204,2019-03-28,717.82,57.43,775.25,0.08,Furniture,37
377480,1106,8158,2019-05-23,153.83,7.69,161.52,0.05,Electronics,55
174083,2753,7633,2019-01-06,1739.73,86.99,1826.72,0.05,Clothing,42
977257,1740,7189,2019-08-07,674.5,33.73,708.23,0.05,Education Services,1
641894,6717,7656,2019-08-14,6304.11,504.33,6808.44,0.08,Financial Services,52
747323,7652,1798,2019-09-22,1068.29,53.41,1121.7,0.05,Automotive,45
455918,9755,2541,2019-12-25,620.75,31.04,651.79,0.05,Construction Materials,4
896735,1068,2213,2019-07-14,2476.59,123.83,2600.42,0.05,Healthcare Equipment,58
281001,4460,1888,2019-08-06,261.71,60.19,321.9,0.23,Services,48
566864,5980,2176,2019-08-03,351.9,17.59,369.49,0.05,,21
489410,6211,6472,2019-05-08,1614.19,129.14,1743.33,0.08,Education Services,36
294063,8623,1381,2019-03-17,1837.84,422.7,2260.54,0.23,Education Services,46
924625,2955,2010,2019-06-07,168.04,38.65,206.69,0.23,Furniture,30
600163,3152,5411,2019-03-03,291.64,67.08,358.72,0.23,Electronics,37
234008,1974,5076,2019-04-26,122.97,28.28,151.25,0.23,Automotive,0
489515,2363,9214,2019-05-21,1464.57,336.85,1801.42,0.23,Software,38
550055,9569,4018,2019-02-15,389.51,31.16,420.67,0.08,Food,47
672847,8852,1304,2019-01-31,298.17,14.91,313.08,0.05,Office Supplies,42
620583,1352,6275,2019-08-29,724.76,166.69,891.45,0.23,Office Supplies,48
420132,9115,8269,2019-11-29,2106.16,168.49,2274.65,0.08,Furniture,33
678121,6145,9132,2019-11-19,4732.52,1088.48,5821.0,0.23,Automotive,45
631243,6440,7296,2019-09-15,9316.52,2142.8,11459.32,0.23,Furniture,8
953616,8256,2536,2019-03-31,4713.48,1084.1,5797.58,0.23,Machinery,52
537547,2021,5057,2019-09-10,261.92,60.24,322.16,0.23,Healthcare Equipment,4
884215,7231,8482,2019-09-23,13289.57,1063.17,14352.74,0.08,Software,20
360606,5764,2405,2019-11-21,5396.15,1241.11,6637.26,0.23,Electronics,10
552016,9990,7120,2019-11-24,170.2,13.62,183.82,0.08,Software,13
413441,6802,6800,2019-07-20,1874.43,93.72,1968.15,0.05,Food,7
728985,2378,4161,2019-05-11,378.48,18.92,397.4,0.05,Clothing,21
277219,8826,1867,2019-07-22,392.2,90.21,482.41,0.23,Automotive,47
266062,7651,8142,2019-11-20,256.47,12.82,269.29,0.05,Pharmaceuticals,3
131701,4985,5630,2019-01-26,194.96,9.75,204.71,0.05,Furniture,4
886318,7731,8378,2019-07-23,2933.36,146.67,3080.03,0.05,Construction Materials,48
811912,9326,5895,2019-05-24,22588.95,5195.46,27784.41,0.23,Construction Materials,32
299552,4136,9565,2019-01-09,21217.43,4880.01,26097.44,0.23,Education Services,8
661172,5065,2664,2019-03-18,5150.23,412.02,5562.25,0.08,Software,26
984001,4129,6911,2019-12-26,1270.95,292.32,1563.27,0.23,Office Supplies,60
756892,6080,2753,2019-07-22,401.38,20.07,421.45,0.05,Electronics,24
568590,2043,1319,2019-10-17,354.17,81.46,435.63,0.23,Services,57
991573,1798,7353,2019-03-25,5980.73,1375.57,7356.3,0.23,Automotive,24
516317,4560,6428,2019-12-27,781.34,179.71,961.05,0.23,Automotive,31
958671,8112,5217,2019-06-03,1012.06,80.96,1093.02,0.08,Automotive,19
202185,4505,9194,2019-08-03,304.25,24.34,328.59,0.08,Food,34
960086,5520,2209,2019-07-03,141.08,32.45,173.53,0.23,Electronics,54
836335,4170,4793,2019-07-20,594.85,29.74,624.59,0.05,,41
914418,5232,2213,2019-02-12,15072.8,1205.82,16278.62,0.08,Clothing,53
215428,7880,8051,2019-08-08,335.24,77.11,412.35,0.23,Healthcare Equipment,33
862786,6412,7701,2019-07-24,4590.9,1055.91,5646.81,0.23,Pharmaceuticals,50
376043,4646,3407,2019-05-02,643.98,51.52,695.5,0.08,Healthcare Equipment,33
782792,1059,1902,2019-11-07,7465.53,373.28,7838.81,0.05,Software,59
138494,1735,2298,2019-04-20,21260.09,4889.82,26149.91,0.23,,34
658107,5520,4960,2019-05-17,184.58,14.77,199.35,0.08,Clothing,43
581593,2116,8806,2019-09-20,760.85,38.04,798.89,0.05,Furniture,24
238662,6904,6587,2019-08-10,8646.47,691.72,9338.19,0.08,Furniture,19
921239,7731,2492,2019-12-13,229.92,52.88,282.8,0.23,Office Supplies,5
357742,7527,7032,2019-09-17,8188.14,409.41,8597.55,0.05,Healthcare Equipment,5
369907,5937,4691,2019-05-26,535.07,26.75,561.82,0.05,Automotive,44
453976,7965,7298,2019-07-19,6824.44,1569.62,8394.06,0.23,Furniture,46
868761,4661,2751,2019-01-26,715.41,35.77,751.18,0.05,Furniture,41
400175,2567,1311,2019-07-29,1827.12,420.24,2247.36,0.23,Healthcare Equipment,0
249013,7453,1966,2019-11-15,4740.7,379.26,5119.96,0.08,Healthcare Equipment,10
843803,4179,8187,2019-03-12,639.37,147.06,786.43,0.23,Machinery,32
963306,4090,1256,2019-06-08,4944.79,395.58,5340.37,0.08,Machinery,7
650979,5800,7495,2019-01-01,312.32,71.83,384.15,0.23,Pharmaceuticals,49
577923,8134,4366,2019-07-07,258.53,12.93,271.46,0.05,Healthcare Equipment,5
614225,6922,8902,2019-09-18,3075.91,153.8,3229.71,0.05,Education Services,29
908379,2579,6139,2019-12-31,3143.9,723.1,3867.0,0.23,Machinery,24
548284,7211,5222,2019-01-03,147.91,11.83,159.74,0.08,Office Supplies,28
412449,3548,1685,2019-01-10,112.94,5.65,118.59,0.05,Healthcare Equipment,12
105464,1375,9214,2019-06-23,1485.62,341.69,1827.31,0.23,Financial Services,24
124678,6500,8954,2019-02-13,2253.81,180.3,2434.11,0.08,Healthcare Equipment,38
597486,5261,2753,2019-09-01,157.4,7.87,165.27,0.05,Clothing,8
953610,1151,9661,2019-06-10,303.58,69.82,373.4,0.23,Pharmaceuticals,58
666709,2253,2379,2019-01-15,674.27,53.94,728.21,0.08,Financial Services,14
535988,8035,9814,2019-04-12,475.13,38.01,513.14,0.08,Construction Materials,15
551921,9542,2253,2019-07-04,3443.78,792.07,4235.85,0.23,Education Services,37
918857,1736,6327,2019-09-22,4078.06,203.9,4281.96,0.05,Pharmaceuticals,21
842649,4090,5494,2019-05-01,1610.98,370.53,1981.51,0.23,Food,49
254309,4317,8940,2019-10-31,4760.36,380.83,5141.19,0.08,Automotive,47
723808,1616,9118,2019-08-07,729.32,167.74,897.06,0.23,Office Supplies,56
609387,3125,4541,2019-08-25,795.42,39.77,835.19,0.05,Construction Materials,4
623550,7337,4018,2019-05-05,4111.6,205.58,4317.18,0.05,Clothing,42
904330,6039,8500,2019-01-01,843.42,42.17,885.59,0.05,Services,24
858803,3061,5046,2019-04-25,924.07,73.93,998.0,0.08,Pharmaceuticals,33
977102,8226,1250,2019-09-16,1761.14,405.06,2166.2,0.23,Clothing,10
436692,5126,5529,2019-11-21,9614.67,2211.37,11826.04,0.23,Electronics,30
324948,9990,4327,2019-08-18,19462.66,973.13,20435.79,0.05,Healthcare Equipment,56
402842,9085,5507,2019-10-12,12156.13,2795.91,14952.04,0.23,Electronics,3
202710,8615,8674,2019-03-12,6306.3,504.5,6810.8,0.08,Healthcare Equipment,44
194489,9324,8522,2019-09-29,293.66,23.49,317.15,0.08,Education Services,60
756079,7762,5034,2019-05-13,575.98,132.48,708.46,0.23,Office Supplies,31
641371,7732,8919,2019-07-20,969.51,222.99,1192.5,0.23,Machinery,51
308399,4340,7073,2019-12-12,330.75,26.46,357.21,0.08,Food,54
374986,2204,4245,2019-06-07,773.07,177.81,950.88,0.23,Machinery,60
783297,7701,4429,2019-09-07,183.94,9.2,193.14,0.05,Office Supplies,2
574791,4443,7363,2019-04-28,467.51,23.38,490.89,0.05,Clothing,55
305137,8083,9099,2019-02-28,132.13,10.57,142.7,0.08,Construction Materials,21
592064,7030,3720,2019-10-26,357.34,17.87,375.21,0.05,Software,14
518433,7971,5853,2019-12-04,23271.27,1861.7,25132.97,0.08,Financial Services,1
750597,1506,1484,2019-07-18,23409.52,5384.19,28793.71,0.23,Healthcare Equipment,4
742317,9585,9307,2019-05-14,13878.52,1110.28,14988.8,0.08,Automotive,6
103797,2508,4003,2019-11-14,1460.3,73.02,1533.32,0.05,Software,23
695967,5046,6300,2019-10-23,360.81,28.86,389.67,0.08,Office Supplies,32
459031,1068,6542,2019-06-05,3743.24,187.16,3930.4,0.05,Services,43
273373,1760,2187,2019-07-14,590.5,29.53,620.03,0.05,Automotive,22
438352,7700,6911,2019-03-08,5850.88,1345.7,7196.58,0.23,Healthcare Equipment,43
913042,8623,1323,2019-10-25,376.81,18.84,395.65,0.05,Healthcare Equipment,59
694519,9998,7732,2019-04-28,3172.43,158.62,3331.05,0.05,Electronics,31
160297,9998,6539,2019-07-21,214.43,49.32,263.75,0.23,Clothing,16
573074,7170,9214,2019-12-18,15396.72,769.84,16166.56,0.05,Automotive,2
273981,9384,9405,2019-10-14,1280.73,102.46,1383.19,0.08,,10
738419,5544,7312,2019-12-11,2366.3,189.3,2555.6,0.08,Machinery,53
146157,2116,7605,2019-07-03,4045.49,323.64,4369.13,0.08,Education Services,24
434900,9324,7531,2019-02-06,351.83,28.15,379.98,0.08,Clothing,14
246167,2116,6698,2019-02-22,145.15,7.26,152.41,0.05,Electronics,38
952113,9122,4355,2019-09-12,296.95,23.76,320.71,0.08,Pharmaceuticals,57
272965,9292,8246,2019-04-05,292.25,14.61,306.86,0.05,Clothing,1
125444,1851,9444,2020-01-01,2808.66,645.99,3454.65,0.23,,18
283553,5895,9966,2019-08-14,1997.45,99.87,2097.32,0.05,Electronics,30
372438,8801,6917,2019-01-19,4150.26,207.51,4357.77,0.05,Automotive,15
826374,9048,4150,2019-02-17,2558.78,588.52,3147.3,0.23,Financial Services,24
631482,1792,6935,2019-05-06,13805.49,690.27,14495.76,0.05,Healthcare Equipment,45
130496,8436,9132,2019-10-09,12046.52,963.72,13010.24,0.08,Electronics,14
283161,4204,1763,2019-07-30,1144.17,263.16,1407.33,0.23,,17
733537,3378,4985,2019-07-29,8494.31,1953.69,10448.0,0.23,Clothing,59
941483,2120,2423,2019-12-08,17327.81,3985.4,21313.21,0.23,,18
457663,7605,9771,2019-08-28,14532.37,3342.45,17874.82,0.23,Clothing,53
472652,2819,5630,2019-06-23,938.67,215.89,1154.56,0.23,Automotive,6
507452,4738,6685,2019-06-08,879.57,43.98,923.55,0.05,Food,5
374802,3956,3988,2019-10-16,215.24,49.51,264.75,0.23,Software,32
607929,4789,9347,2019-12-17,5423.89,433.91,5857.8,0.08,Healthcare Equipment,13
248684,4179,4469,2019-08-27,189.39,15.15,204.54,0.08,Food,2
782789,4300,9308,2019-12-27,3680.51,846.52,4527.03,0.23,Education Services,5
385871,7265,4745,2019-01-17,3893.55,895.52,4789.07,0.23,Construction Materials,4
227094,4170,2286,2019-07-22,102.54,8.2,110.74,0.08,Services,5
547696,1867,7350,2019-02-02,387.86,31.03,418.89,0.08,Construction Materials,10
401114,4230,4831,2019-11-18,1381.43,110.51,1491.94,0.08,Machinery,41
480370,1446,5316,2019-12-20,384.36,88.4,472.76,0.23,Food,27
621543,5842,6168,2019-08-11,428.07,98.46,526.53,0.23,Machinery,18
826310,6039,1352,2019-02-01,957.63,220.25,1177.88,0.23,Pharmaceuticals,19
427789,2134,4183,2019-05-31,1030.15,236.93,1267.08,0.23,Clothing,53
540993,6472,1044,2019-02-24,9458.95,472.95,9931.9,0.05,Food,22
291624,5611,2116,2019-06-29,20105.16,4624.19,24729.35,0.23,Furniture,32
151501,7737,9185,2019-11-12,2458.47,122.92,2581.39,0.05,Education Services,8
963518,1188,4652,2019-09-24,259.16,12.96,272.12,0.05,Pharmaceuticals,16
723136,1714,7695,2019-03-17,18039.75,1443.18,19482.93,0.08,Services,19
101681,4659,1800,2019-02-16,3287.73,756.18,4043.91,0.23,Office Supplies,40
752182,2974,7466,2019-11-27,12065.59,965.25,13030.84,0.08,Machinery,28
566703,3181,4889,2019-04-08,4882.76,390.62,5273.38,0.08,Electronics,55
972636,4668,1160,2019-09-07,595.41,136.94,732.35,0.23,Financial Services,45
754215,3502,6820,2019-12-20,2622.49,603.17,3225.66,0.23,Automotive,5
973903,4991,3582,2019-08-13,2091.93,167.35,2259.28,0.08,Services,31
285010,6274,5895,2019-09-04,5384.09,1238.34,6622.43,0.23,Pharmaceuticals,37
955224,7421,2790,2019-04-09,24038.94,1201.95,25240.89,0.05,Software,23
928414,9845,4327,2019-02-22,8733.19,2008.63,10741.82,0.23,,40
712580,9096,2204,2019-12-25,18815.56,1505.24,20320.8,0.08,Services,59
930475,3152,3650,2019-02-05,6818.0,340.9,7158.9,0.05,Electronics,44
411509,6922,3378,2019-05-07,122.84,6.14,128.98,0.05,Pharmaceuticals,56
787555,5800,7753,2019-07-06,18356.68,4222.04,22578.72,0.23,Furniture,44
373167,1786,6371,2019-01-03,1823.28,145.86,1969.14,0.08,Automotive,1
836668,9198,2379,2019-06-02,187.71,43.17,230.88,0.23,Electronics,40
732228,9845,2638,2019-09-26,9896.49,2276.19,12172.68,0.23,Machinery,27
924759,9405,7966,2019-09-04,2901.08,667.25,3568.33,0.23,Software,43
466886,2974,9939,2019-12-24,938.86,215.94,1154.8,0.23,Services,40
159165,2327,9220,2019-01-25,633.41,145.68,779.09,0.23,Services,34
659523,5426,1624,2019-01-20,5703.28,285.16,5988.44,0.05,Office Supplies,34
309800,1916,9444,2019-01-14,932.13,46.61,978.74,0.05,Healthcare Equipment,47
582190,9050,7312,2019-09-14,19731.05,1578.48,21309.53,0.08,Construction Materials,2
411330,3203,4179,2019-12-12,2840.62,142.03,2982.65,0.05,Food,30
500554,7398,3163,2019-03-05,3328.99,266.32,3595.31,0.08,Office Supplies,50
434527,9803,8152,2019-02-13,5695.38,455.63,6151.01,0.08,Services,58
415110,6479,9214,2019-04-08,14813.08,740.65,15553.73,0.05,Services,17
303493,1343,6547,2019-02-21,9543.19,2194.93,11738.12,0.23,Construction Materials,16
134379,9515,6485,2019-02-09,6325.16,506.01,6831.17,0.08,Furniture,35
687685,9420,5217,2019-10-27,1757.14,87.86,1845.0,0.05,Automotive,30
577009,5602,6800,2019-05-11,3216.55,160.83,3377.38,0.05,Education Services,50
123394,3851,2070,2019-02-19,1122.51,258.18,1380.69,0.23,Pharmaceuticals,9
303540,4994,2156,2019-07-01,23678.2,1894.26,25572.46,0.08,Clothing,29
877767,2134,4560,2019-04-16,1004.15,230.95,1235.1,0.23,Healthcare Equipment,26
146964,3419,6161,2019-01-28,316.66,72.83,389.49,0.23,Healthcare Equipment,17
606466,1526,2825,2019-02-21,7799.55,389.98,8189.53,0.05,Software,14
191091,5738,5785,2019-07-24,14106.31,705.32,14811.63,0.05,Services,14
887265,9560,2293,2019-06-19,1167.46,268.52,1435.98,0.23,Furniture,43
170799,9849,6510,2019-01-31,177.14,8.86,186.0,0.05,Machinery,57
688143,2192,5814,2019-12-25,153.7,35.35,189.05,0.23,Construction Materials,37
739434,3215,8460,2019-06-29,11379.39,2617.26,13996.65,0.23,Software,20
396546,3526,5597,2019-01-07,2706.17,622.42,3328.59,0.23,Education Services,6
758532,7863,2164,2019-01-07,3245.28,162.26,3407.54,0.05,Construction Materials,23
850591,3136,6106,2019-05-20,4496.45,224.82,4721.27,0.05,Pharmaceuticals,43
357461,8371,2155,2019-05-24,17882.05,1430.56,19312.61,0.08,Clothing,46
853950,7867,6631,2019-09-17,338.11,16.91,355.02,0.05,Automotive,38
125932,4866,3472,2019-07-18,348.78,80.22,429.0,0.23,Education Services,38
345453,6122,7258,2019-05-04,927.15,46.36,973.51,0.05,Software,51
458103,6800,5402,2019-03-28,5960.22,476.82,6437.04,0.08,Financial Services,37
766731,4003,7170,2019-12-29,1967.12,452.44,2419.56,0.23,Furniture,18
672826,2412,4317,2019-05-02,16814.21,3867.27,20681.48,0.23,Financial Services,7
753513,7762,4831,2019-01-31,3758.34,864.42,4622.76,0.23,Food,11
580198,7398,9565,2019-04-20,799.44,63.96,863.4,0.08,Electronics,57
319270,4984,6211,2019-09-13,326.96,16.35,343.31,0.05,Pharmaceuticals,17
645419,2454,7651,2019-12-24,9486.09,474.3,9960.39,0.05,Construction Materials,28
826256,3720,4150,2019-02-03,6850.15,342.51,7192.66,0.05,Machinery,46
463467,2465,8814,2019-06-06,1628.71,374.6,2003.31,0.23,Automotive,51
848114,2459,7382,2019-08-22,1482.5,340.98,1823.48,0.23,Education Services,23
772180,6634,5694,2019-01-07,16955.44,3899.75,20855.19,0.23,Clothing,3
857608,7099,1457,2019-06-16,1072.71,246.72,1319.43,0.23,Pharmaceuticals,24
675137,9812,7099,2019-03-17,370.73,18.54,389.27,0.05,Construction Materials,44
727861,2423,1180,2019-07-18,4809.74,240.49,5050.23,0.05,Financial Services,12
687631,2155,7777,2019-03-31,3653.09,292.25,3945.34,0.08,Software,15
981319,3828,7843,2019-01-27,6037.25,1388.57,7425.82,0.23,Electronics,21
166770,4652,8954,2019-05-25,3419.41,170.97,3590.38,0.05,,27
798850,8083,4513,2019-04-10,701.94,35.1,737.04,0.05,Education Services,23
643718,7421,2311,2019-09-20,23353.33,5371.27,28724.6,0.23,Furniture,20
979133,9018,6115,2019-04-12,7487.06,1722.02,9209.08,0.23,Construction Materials,49
182262,6161,2065,2019-12-22,273.73,21.9,295.63,0.08,Automotive,47
874416,4758,1151,2019-01-11,277.1,13.86,290.96,0.05,Furniture,44
619340,3420,1792,2019-03-12,163.17,37.53,200.7,0.23,Financial Services,44
459936,3727,5494,2019-01-24,567.72,130.58,698.3,0.23,Automotive,31
179666,7120,8851,2019-12-22,466.15,23.31,489.46,0.05,Software,35
347998,1867,3606,2019-06-12,6288.28,1446.3,7734.58,0.23,Construction Materials,20
267068,7382,2245,2019-06-13,4159.6,207.98,4367.58,0.05,Furniture,25
639618,6696,2529,2019-11-17,1110.66,88.85,1199.51,0.08,Services,36
452614,3469,3293,2019-11-29,4669.94,373.6,5043.54,0.08,Financial Services,28
171209,8187,3516,2019-08-03,1748.11,139.85,1887.96,0.08,,40
400330,1128,3349,2019-11-11,7490.06,374.5,7864.56,0.05,Electronics,3
235581,8852,2968,2019-11-18,16015.59,1281.25,17296.84,0.08,Services,48
806985,5058,9255,2019-08-25,3925.1,902.77,4827.87,0.23,Furniture,26
111516,4460,2683,2019-05-04,874.98,201.25,1076.23,0.23,Pharmaceuticals,18
893198,8954,5316,2019-08-20,1742.45,87.12,1829.57,0.05,Machinery,4
842215,3543,4313,2019-03-30,219.69,50.53,270.22,0.23,Electronics,19
572971,2105,2939,2019-10-24,561.25,28.06,589.31,0.05,Construction Materials,21
982809,4434,3915,2019-04-15,9940.23,497.01,10437.24,0.05,Services,0
799144,9598,3690,2019-01-18,486.62,24.33,510.95,0.05,,56
371906,9292,7857,2019-02-10,8613.24,689.06,9302.3,0.08,Healthcare Equipment,24
897017,3828,9464,2019-01-15,812.43,40.62,853.05,0.05,Services,35
142669,9275,5362,2019-01-28,125.94,10.08,136.02,0.08,Services,23
193977,4960,2131,2019-10-09,3076.39,246.11,3322.5,0.08,Automotive,40
171336,7777,2471,2019-11-29,5185.66,414.85,5600.51,0.08,Healthcare Equipment,39
411786,4049,5203,2019-02-17,200.39,10.02,210.41,0.05,Education Services,12
905982,7753,6935,2019-04-19,115.95,5.8,121.75,0.05,Electronics,37
615230,9418,7211,2019-10-02,128.55,29.57,158.12,0.23,Services,48
912228,9292,6064,2019-08-19,7896.33,394.82,8291.15,0.05,Office Supplies,46
787636,2819,7898,2019-12-22,2411.6,554.67,2966.27,0.23,Pharmaceuticals,34
533186,2044,9073,2019-12-01,557.91,44.63,602.54,0.08,Education Services,27
234131,1377,9073,2019-01-07,2558.27,127.91,2686.18,0.05,Automotive,16
489940,9822,8246,2019-09-09,156.05,12.48,168.53,0.08,Machinery,46
753187,5764,7337,2019-01-10,148.37,34.13,182.5,0.23,Services,22
696445,5798,3540,2019-06-02,11946.77,597.34,12544.11,0.05,Automotive,55
123414,3393,6911,2019-12-23,146.97,33.8,180.77,0.23,Healthcare Equipment,43
727658,9085,8851,2019-11-22,8711.6,696.93,9408.53,0.08,Software,38
133243,2553,8816,2019-05-15,11931.63,2744.27,14675.9,0.23,Office Supplies,30
951033,6631,3843,2019-08-08,6720.67,336.03,7056.7,0.05,Services,10
816296,6167,9971,2019-03-09,12401.7,992.14,13393.84,0.08,Education Services,27
917200,9613,3251,2019-01-28,4214.85,969.42,5184.27,0.23,Pharmaceuticals,48
641645,7177,9518,2019-08-25,949.34,218.35,1167.69,0.23,Machinery,17
972551,5261,1841,2019-04-12,2980.05,149.0,3129.05,0.05,Electronics,0
457624,9390,9451,2019-05-20,402.41,32.19,434.6,0.08,Furniture,58
501524,3727,9096,2019-10-01,2555.35,204.43,2759.78,0.08,Software,25
548451,3296,8190,2019-04-28,2014.41,463.31,2477.72,0.23,Services,11
969991,9390,2868,2019-09-20,4430.59,221.53,4652.12,0.05,Healthcare Equipment,45
947106,9661,9451,2019-06-09,2871.35,143.57,3014.92,0.05,Food,45
615848,3215,6106,2019-05-22,323.22,74.34,397.56,0.23,Office Supplies,57
718646,8598,8747,2019-11-12,143.74,7.19,150.93,0.05,Construction Materials,46
941646,8488,6238,2019-11-30,3119.5,155.98,3275.48,0.05,Furniture,58
640577,1381,1783,2019-07-21,3071.29,245.7,3316.99,0.08,Furniture,26
221745,1457,2750,2019-11-14,466.44,23.32,489.76,0.05,,38
361199,6394,1106,2019-02-24,3241.08,162.05,3403.13,0.05,Food,51
129493,9290,4642,2019-10-27,507.37,25.37,532.74,0.05,,24
627598,9158,8806,2019-05-07,9084.38,726.75,9811.13,0.08,Automotive,15
961441,7170,9845,2019-02-21,13917.45,695.87,14613.32,0.05,Education Services,12
720679,5555,2464,2019-08-10,566.84,28.34,595.18,0.05,,34
162131,2541,5544,2019-12-21,108.71,5.44,114.15,0.05,Machinery,29
875935,2227,9518,2019-07-09,1221.7,61.09,1282.79,0.05,Healthcare Equipment,35
154248,7392,3355,2019-06-26,5435.78,1250.23,6686.01,0.23,Food,51
157620,7277,6510,2019-01-24,151.08,12.09,163.17,0.08,Healthcare Equipment,4
636995,6631,4892,2019-02-02,397.26,19.86,417.12,0.05,Office Supplies,7
799997,1180,3727,2019-08-24,9772.13,488.61,10260.74,0.05,Financial Services,5
960579,3510,9214,2019-03-08,23528.48,1176.42,24704.9,0.05,Healthcare Equipment,30
770870,6598,3692,2019-06-06,3136.5,721.39,3857.89,0.23,Services,26
534441,9567,1484,2019-05-09,10288.7,2366.4,12655.1,0.23,Machinery,41
590653,1888,7695,2019-01-31,6069.95,1396.09,7466.04,0.23,Office Supplies,21
869773,8143,5217,2019-05-25,1133.74,90.7,1224.44,0.08,Financial Services,17
889789,6887,5800,2019-05-21,413.34,20.67,434.01,0.05,Pharmaceuticals,59
197894,8674,5500,2019-01-12,2627.02,131.35,2758.37,0.05,Food,59
934310,3171,3061,2019-10-07,4078.19,203.91,4282.1,0.05,Electronics,33
805727,6361,2916,2019-09-24,230.87,53.1,283.97,0.23,Clothing,20
140288,6558,6157,2019-03-25,8480.49,424.02,8904.51,0.05,Machinery,54
553297,7353,4179,2019-03-09,13128.21,656.41,13784.62,0.05,Food,52
841549,2209,4136,2019-03-13,2279.54,113.98,2393.52,0.05,Pharmaceuticals,27
503368,1484,6047,2019-07-02,484.01,111.32,595.33,0.23,Electronics,32
660712,6145,2771,2019-06-07,229.51,18.36,247.87,0.08,Electronics,24
108926,6412,5316,2019-03-18,225.13,18.01,243.14,0.08,Software,31
128849,8270,4985,2019-09-22,582.7,46.62,629.32,0.08,Machinery,42
811736,7695,8070,2019-12-23,349.09,27.93,377.02,0.08,Office Supplies,41
811974,7333,8472,2019-01-07,288.68,14.43,303.11,0.05,Automotive,16
466264,5455,1783,2019-06-09,612.58,49.01,661.59,0.08,Pharmaceuticals,43
492532,5086,6925,2019-09-29,116.75,5.84,122.59,0.05,Machinery,15
673704,1042,1740,2019-10-13,175.8,8.79,184.59,0.05,Office Supplies,56
960504,2298,1038,2019-06-05,2929.12,673.7,3602.82,0.23,Furniture,44
780267,6535,2411,2019-06-15,24670.63,1973.65,26644.28,0.08,Electronics,6
511728,3027,12345679,2019-05-11,1256.84,289.07,1545.91,0.23,Services,33
220071,8615,9771,2019-11-09,18915.93,1513.27,20429.2,0.08,Healthcare Equipment,12
292356,7294,4745,2019-01-10,2886.37,663.87,3550.24,0.23,Clothing,42
444823,2131,3168,2019-05-21,2753.53,137.68,2891.21,0.05,,59
206333,6631,1506,2019-10-30,1398.95,69.95,1468.9,0.05,Services,0
277268,1826,7733,2019-07-10,22537.42,1802.99,24340.41,0.08,Clothing,42
621921,6479,4691,2019-05-10,550.87,27.54,578.41,0.05,Clothing,50
283725,3809,5886,2019-02-13,136.43,10.91,147.34,0.08,Clothing,14
132373,2423,4646,2019-08-30,14920.38,1193.63,16114.01,0.08,Office Supplies,57
833023,7762,9096,2019-04-09,347.0,17.35,364.35,0.05,Education Services,25
380943,3690,8270,2019-03-30,158.53,12.68,171.21,0.08,Healthcare Equipment,47
558063,3284,8152,2019-10-31,471.62,23.58,495.2,0.05,Food,8
855163,3286,9827,2019-10-22,2678.12,133.91,2812.03,0.05,Construction Materials,26
617162,5126,4776,2019-04-30,14258.64,712.93,14971.57,0.05,Construction Materials,43
110859,7231,5803,2019-03-07,1850.45,148.04,1998.49,0.08,Machinery,51
637595,5340,2065,2019-04-20,227.52,52.33,279.85,0.23,Software,32
818017,5411,5694,2019-09-09,6772.43,338.62,7111.05,0.05,Automotive,55
560479,9464,1512,2019-10-22,1945.49,155.64,2101.13,0.08,Food,57
967464,8919,9990,2019-10-30,173.59,8.68,182.27,0.05,Machinery,44
934366,2953,4738,2019-09-30,11568.79,578.44,12147.23,0.05,Electronics,11
695189,4960,3756,2019-02-23,14795.79,739.79,15535.58,0.05,Services,25
646292,5316,37056557,2019-07-25,1051.72,241.9,1293.62,0.23,Services,53
928006,6887,5937,2019-12-24,10194.95,815.6,11010.55,0.08,Construction Materials,33
280224,2508,2116,2019-01-17,3451.59,276.13,3727.72,0.08,Electronics,50
488620,5593,5126,2019-06-04,161.42,37.13,198.55,0.23,Software,39
173374,3472,9122,2019-11-19,1637.62,81.88,1719.5,0.05,Machinery,33
452843,5735,2030,2019-01-03,146.1,33.6,179.7,0.23,Pharmaceuticals,58
882776,7032,4689,2019-11-29,2841.47,653.54,3495.01,0.23,Construction Materials,11
663613,5297,5980,2019-07-16,15823.72,791.19,16614.91,0.05,Services,5
862950,4735,1916,2019-07-23,254.08,20.33,274.41,0.08,Clothing,5
437818,8806,2329,2019-11-09,399.72,19.99,419.71,0.05,,56
958592,9115,9412,2019-08-19,6276.97,502.16,6779.13,0.08,Healthcare Equipment,28
799087,2021,5764,2019-03-06,328.13,26.25,354.38,0.08,Office Supplies,54
140652,1966,2176,2019-02-12,782.08,179.88,961.96,0.23,Education Services,17
905653,4986,19073589,2019-07-28,848.01,195.04,1043.05,0.23,Services,45
433353,8801,2145,2019-04-16,427.75,21.39,449.14,0.05,Furniture,10
963008,6163,4340,2019-02-12,6294.23,314.71,6608.94,0.05,,37
682031,5061,6600,2019-06-19,3711.39,296.91,4008.3,0.08,Office Supplies,60
590631,7008,6922,2019-12-19,4019.18,321.53,4340.71,0.08,Food,35
745040,4081,5261,2019-09-04,2075.51,477.37,2552.88,0.23,Food,4
887982,8947,9565,2019-07-16,2763.47,221.08,2984.55,0.08,Software,0
335560,1929,1755,2019-03-15,3127.98,250.24,3378.22,0.08,Pharmaceuticals,36
287693,2374,6485,2019-12-06,755.37,173.74,929.11,0.23,Office Supplies,0
876659,2916,8645,2019-12-23,302.98,24.24,327.22,0.08,Healthcare Equipment,27
486482,2199,4617,2019-08-25,142.55,7.13,149.68,0.05,Software,34
924440,6139,7461,2019-04-11,207.12,10.36,217.48,0.05,Financial Services,28
362399,2753,6275,2019-11-16,20147.17,1007.36,21154.53,0.05,Machinery,23
758047,6107,2993,2019-10-18,18839.57,4333.1,23172.67,0.23,Electronics,56
901178,3393,6472,2019-07-26,24751.5,5692.85,30444.35,0.23,Construction Materials,54
269867,1627,7032,2019-02-25,160.26,8.01,168.27,0.05,Construction Materials,24
121465,2025,8806,2019-04-10,630.87,50.47,681.34,0.08,Electronics,59
565845,7096,1106,2019-09-12,14995.27,3448.91,18444.18,0.23,Electronics,31
527968,2311,2120,2019-06-01,334.25,16.71,350.96,0.05,Clothing,22
743990,1376,2293,2019-07-23,142.35,11.39,153.74,0.08,Food,29
713741,1867,9073,2019-09-12,1607.27,128.58,1735.85,0.08,Electronics,40
501691,8857,9735,2019-09-18,1898.86,151.91,2050.77,0.08,Food,49
285821,9822,8050,2019-05-04,5415.58,1245.58,6661.16,0.23,Electronics,44
212271,4533,3843,2019-07-13,5592.61,447.41,6040.02,0.08,,45
360884,8874,4737,2019-07-31,5022.36,401.79,5424.15,0.08,Machinery,23
525502,9849,1375,2019-06-20,3241.58,162.08,3403.66,0.05,Machinery,2
599954,4745,2554,2019-01-01,204.41,10.22,214.63,0.05,Construction Materials,22
988791,3548,5209,2019-12-18,8028.16,1846.48,9874.64,0.23,Machinery,7
118921,7746,8615,2019-09-14,457.52,36.6,494.12,0.08,Financial Services,13
162800,7659,8112,2019-04-11,332.95,76.58,409.53,0.23,Machinery,23
648752,7312,2819,2019-10-10,4138.94,206.95,4345.89,0.05,Construction Materials,42
648944,3597,2683,2019-05-01,457.37,22.87,480.24,0.05,Financial Services,5
202153,1616,1512,2019-02-26,5303.79,424.3,5728.09,0.08,Healthcare Equipment,17
607974,1902,6743,2019-08-05,100.48,8.04,108.52,0.08,Food,26
612174,7971,9467,2019-06-15,22708.49,5222.95,27931.44,0.23,Software,20
285234,6440,4955,2019-09-25,1172.51,269.68,1442.19,0.23,Automotive,42
521399,7279,9220,2019-02-21,5156.41,412.51,5568.92,0.08,Construction Materials,43
171284,6277,6922,2019-04-21,623.45,31.17,654.62,0.05,Software,51
398675,1735,2327,2019-05-24,504.69,116.08,620.77,0.23,Automotive,55
518889,2541,6188,2019-01-14,6937.26,346.86,7284.12,0.05,Food,40
309473,9482,8096,2019-07-10,139.36,32.05,171.41,0.23,,4
121891,2199,12345680,2019-04-30,1278.91,294.15,1573.06,0.23,Services,1
125061,2187,4568,2019-02-26,127.33,6.37,133.7,0.05,Machinery,55
905391,8226,1616,2019-06-14,4087.0,940.01,5027.01,0.23,Software,24
594021,5937,8855,2019-05-14,11867.41,2729.5,14596.91,0.23,Software,55
236712,2832,1457,2019-12-29,154.37,7.72,162.09,0.05,Services,43
372572,4018,9224,2019-06-01,324.79,25.98,350.77,0.08,Clothing,12
167171,2021,3644,2019-10-16,6923.49,346.17,7269.66,0.05,Machinery,45
400788,1044,7479,2019-02-14,493.91,113.6,607.51,0.23,Automotive,46
852811,8887,1970,2019-11-17,580.38,29.02,609.4,0.05,Software,58
631170,7301,9418,2019-08-02,998.92,79.91,1078.83,0.08,Food,9
508166,8448,9030,2019-08-07,1533.45,352.69,1886.14,0.23,Machinery,41
382295,3956,3775,2019-09-24,3743.96,861.11,4605.07,0.23,Automotive,48
140438,1763,7777,2019-12-31,4622.24,1063.12,5685.36,0.23,Pharmaceuticals,49
741535,2750,6139,2019-05-02,669.04,153.88,822.92,0.23,Financial Services,37
392958,1888,1526,2019-10-13,372.99,18.65,391.64,0.05,Clothing,40
144221,2554,1798,2019-12-09,9716.62,2234.82,11951.44,0.23,Pharmaceuticals,51
968265,5319,9849,2019-05-08,345.42,79.45,424.87,0.23,Education Services,37
797631,9674,3666,2019-09-20,18577.59,928.88,19506.47,0.05,Furniture,44
665615,5293,2635,2019-12-14,4231.96,211.6,4443.56,0.05,Financial Services,26
566706,6362,3420,2019-03-26,230.18,11.51,241.69,0.05,Clothing,8
235572,8371,5069,2019-08-14,1820.35,418.68,2239.03,0.23,Software,40
316169,3126,7753,2019-01-16,895.22,44.76,939.98,0.05,Automotive,9
758598,5501,3839,2019-01-31,5651.09,1299.75,6950.84,0.23,Financial Services,31
151638,6064,1817,2019-01-13,9703.82,485.19,10189.01,0.05,Machinery,39
453703,5120,3988,2019-10-06,7467.26,1717.47,9184.73,0.23,Software,40
846271,9567,8371,2019-12-12,5316.89,265.84,5582.73,0.05,Clothing,12
547016,3171,8785,2019-06-03,2775.17,138.76,2913.93,0.05,Services,5
716611,1211,4981,2019-07-27,17207.33,860.37,18067.7,0.05,Education Services,52
645983,9605,2246,2019-09-26,3887.84,894.2,4782.04,0.23,Healthcare Equipment,48
306043,8472,7029,2019-03-22,6872.56,343.63,7216.19,0.05,Office Supplies,41
680114,5735,12345680,2019-06-12,780.92,179.61,960.53,0.23,Services,14
306938,1128,1791,2019-08-22,132.51,6.63,139.14,0.05,Office Supplies,24
373668,7301,7279,2019-12-12,863.67,43.18,906.85,0.05,Electronics,16
579974,3293,2298,2019-04-07,2618.2,130.91,2749.11,0.05,Electronics,21
987394,1381,5621,2019-07-25,209.41,48.16,257.57,0.23,Automotive,58
425108,4533,2471,2019-04-17,6393.04,511.44,6904.48,0.08,Healthcare Equipment,46
823792,2027,9868,2019-05-26,3550.43,284.03,3834.46,0.08,Automotive,43
594735,3027,2065,2019-01-28,560.02,128.8,688.82,0.23,Software,48
819234,8508,7737,2019-12-25,743.7,59.5,803.2,0.08,Machinery,17
530350,2542,8366,2019-06-23,1088.32,250.31,1338.63,0.23,Food,9
754402,8378,5984,2019-09-30,7888.33,1814.32,9702.65,0.23,Construction Materials,5
132032,7840,2199,2019-04-25,15226.93,3502.19,18729.12,0.23,Automotive,34
234439,7500,8366,2019-06-29,9133.82,2100.78,11234.6,0.23,Automotive,50
975579,4161,5196,2019-11-12,195.73,9.79,205.52,0.05,Services,53
109627,6634,6887,2019-06-16,1486.3,341.85,1828.15,0.23,Clothing,30
326996,8051,6736,2019-12-18,466.11,23.31,489.42,0.05,Furniture,36
404993,2009,7605,2019-10-17,6574.01,1512.02,8086.03,0.23,Healthcare Equipment,8
344150,9514,6371,2019-01-31,369.24,18.46,387.7,0.05,Healthcare Equipment,33
790650,2131,5086,2019-09-29,296.32,23.71,320.03,0.08,Software,22
697920,2530,1055,2019-08-27,3249.4,162.47,3411.87,0.05,,12
396763,1853,5984,2019-02-24,6729.65,538.37,7268.02,0.08,Pharmaceuticals,15
669511,4589,8508,2019-08-22,9455.83,2174.84,11630.67,0.23,Automotive,23
475859,2156,1188,2019-12-09,276.07,13.8,289.87,0.05,Food,35
988281,3779,2009,2019-03-03,20985.95,1049.3,22035.25,0.05,Furniture,52
958091,8096,3540,2019-12-09,6576.25,328.81,6905.06,0.05,Clothing,50
936823,3510,3930,2019-07-24,164.68,8.23,172.91,0.05,Automotive,34
807874,8851,5886,2019-04-10,196.26,15.7,211.96,0.08,Automotive,24
786560,4355,3720,2019-06-01,934.79,215.0,1149.79,0.23,Construction Materials,13
243890,2010,3300,2019-01-12,447.81,35.82,483.63,0.08,Furniture,39
307218,7393,2157,2019-12-03,2231.86,513.33,2745.19,0.23,Healthcare Equipment,29
789986,7265,2329,2019-12-13,366.44,18.32,384.76,0.05,Office Supplies,27
586331,8806,2109,2019-12-28,146.73,7.34,154.07,0.05,Automotive,18
779436,5340,1765,2019-12-04,1008.08,50.4,1058.48,0.05,Education Services,46
508393,7894,7298,2019-09-12,1940.21,446.25,2386.46,0.23,Food,5
119699,7461,2379,2019-11-24,2936.46,675.39,3611.85,0.23,Healthcare Equipment,20
756452,7859,6925,2019-11-10,1391.23,319.98,1711.21,0.23,Food,19
749529,7461,9420,2019-06-22,5230.72,418.46,5649.18,0.08,Construction Materials,51
445420,7894,6646,2019-01-28,431.8,34.54,466.34,0.08,Machinery,60
611420,9405,4889,2019-10-28,3600.54,828.12,4428.66,0.23,Healthcare Equipment,13
363127,3334,9659,2019-10-28,2338.23,116.91,2455.14,0.05,Machinery,14
580806,2246,6802,2019-10-28,145.58,7.28,152.86,0.05,Automotive,3
320826,2405,2635,2019-05-13,1442.48,72.12,1514.6,0.05,Electronics,52
152331,7512,7254,2019-08-26,827.48,41.37,868.85,0.05,Food,12
861692,8371,6990,2019-01-11,11974.21,957.94,12932.15,0.08,Machinery,52
501165,1938,4663,2019-10-29,9065.27,725.22,9790.49,0.08,Education Services,51
215718,2383,1211,2019-03-16,233.26,18.66,251.92,0.08,Healthcare Equipment,49
261947,7279,8283,2019-07-10,1004.59,231.06,1235.65,0.23,Healthcare Equipment,27
207272,6510,8665,2019-09-26,6034.42,482.75,6517.17,0.08,Pharmaceuticals,19
611380,7480,4634,2019-08-07,117.5,5.88,123.38,0.05,Services,11
746765,4003,9998,2019-03-11,515.26,25.76,541.02,0.05,Construction Materials,15
940504,6802,2025,2019-06-24,500.62,25.03,525.65,0.05,Office Supplies,3
261492,7531,7840,2019-09-07,15968.95,1277.52,17246.47,0.08,Healthcare Equipment,55
836357,3293,3722,2019-01-25,5235.88,261.79,5497.67,0.05,Furniture,43
613401,1377,2176,2019-06-11,16208.41,1296.67,17505.08,0.08,Office Supplies,51
258377,5914,3917,2019-05-14,597.77,29.89,627.66,0.05,Healthcare Equipment,43
175265,1038,9096,2019-09-29,1949.33,448.35,2397.68,0.23,Electronics,46
576356,7265,9913,2019-12-23,6984.24,349.21,7333.45,0.05,Clothing,24
719158,1038,5548,2019-07-27,8718.56,2005.27,10723.83,0.23,Machinery,58
891849,2454,9335,2019-06-12,2397.88,119.89,2517.77,0.05,Food,50
550068,3780,6542,2019-10-31,8308.87,415.44,8724.31,0.05,Food,14
901543,4735,1651,2019-03-23,288.6,66.38,354.98,0.23,Furniture,2
334347,9204,6375,2019-10-26,110.89,25.5,136.39,0.23,Office Supplies,17
372025,8051,7746,2019-03-26,679.09,54.33,733.42,0.08,Services,45
376845,6412,7296,2019-12-19,465.5,37.24,502.74,0.08,Machinery,46
106584,5520,7365,2019-06-25,5431.22,271.56,5702.78,0.05,Clothing,56
400774,7099,4129,2019-06-08,549.74,126.44,676.18,0.23,Financial Services,43
902183,5316,4185,2019-03-29,11224.41,897.95,12122.36,0.08,Financial Services,45
223170,5452,5452,2019-12-18,4602.53,230.13,4832.66,0.05,Education Services,34
131101,7615,7811,2019-08-12,814.14,40.71,854.85,0.05,Services,11
762265,7365,2690,2019-11-26,279.92,14.0,293.92,0.05,Education Services,39
342671,1304,9845,2019-04-18,435.14,34.81,469.95,0.08,Food,44
868751,2375,7177,2019-11-02,123.78,28.47,152.25,0.23,Furniture,4
956535,1282,7894,2019-06-27,971.54,77.72,1049.26,0.08,Financial Services,49
589460,4642,6211,2019-02-22,602.13,48.17,650.3,0.08,Construction Materials,48
495314,5034,3548,2019-11-28,3449.6,793.41,4243.01,0.23,Office Supplies,5
465236,9405,9420,2019-03-31,498.91,114.75,613.66,0.23,Electronics,34
746634,6789,1616,2019-11-16,8674.3,1995.09,10669.39,0.23,Furniture,6
852700,1381,6145,2019-07-31,403.23,20.16,423.39,0.05,Software,12
128641,6698,3526,2019-07-19,484.92,38.79,523.71,0.08,Services,54
772817,3112,5593,2019-10-31,4484.24,358.74,4842.98,0.08,Education Services,2
757344,6031,8548,2019-10-09,3612.88,180.64,3793.52,0.05,Electronics,45
592885,6925,2567,2019-09-10,621.1,142.85,763.95,0.23,Automotive,47
671844,8624,4412,2019-08-16,7482.57,598.61,8081.18,0.08,Financial Services,16
546655,3510,6428,2019-01-17,2930.61,234.45,3165.06,0.08,Software,55
396892,3429,1970,2019-06-08,2770.33,138.52,2908.85,0.05,Food,53
576195,6595,4981,2019-06-09,759.28,60.74,820.02,0.08,Healthcare Equipment,51
390233,7120,3152,2019-06-15,811.89,40.59,852.48,0.05,Machinery,51
785225,4928,8665,2019-03-10,2020.36,161.63,2181.99,0.08,Construction Materials,44
184755,5403,9171,2019-04-15,104.42,24.02,128.44,0.23,Electronics,2
215201,6541,6517,2019-08-27,1151.88,57.59,1209.47,0.05,Automotive,58
733979,4868,8857,2019-12-16,5342.8,427.42,5770.22,0.08,Financial Services,35
948400,4586,1188,2019-04-03,13003.82,650.19,13654.01,0.05,Financial Services,52
365408,5614,2747,2019-11-01,8982.62,2066.0,11048.62,0.23,Services,40
221889,8142,9803,2019-05-18,314.93,72.43,387.36,0.23,Pharmaceuticals,0
351020,7265,7531,2019-05-02,1461.77,73.09,1534.86,0.05,Construction Materials,11
808137,3974,7840,2019-05-07,389.51,31.16,420.67,0.08,Furniture,43
679157,2293,3690,2019-10-10,782.14,39.11,821.25,0.05,Services,44
111196,7461,1824,2019-05-13,511.54,25.58,537.12,0.05,Machinery,53
418007,7915,7480,2019-03-03,756.85,174.08,930.93,0.23,Services,42
195207,1311,2157,2019-07-12,172.04,39.57,211.61,0.23,Software,8
895117,5798,6483,2019-11-25,4991.76,1148.1,6139.86,0.23,Software,38
953374,4317,8645,2019-05-03,2755.34,137.77,2893.11,0.05,Electronics,57
938665,2009,5501,2019-07-30,671.19,33.56,704.75,0.05,Pharmaceuticals,52
280960,1372,2383,2019-07-06,13120.53,1049.64,14170.17,0.08,Services,16
912695,7894,6456,2019-12-30,532.24,26.61,558.85,0.05,,30
778759,7382,4719,2019-04-17,140.79,32.38,173.17,0.23,Electronics,51
224063,9308,3349,2019-08-06,20155.63,4635.79,24791.42,0.23,Clothing,47
441402,4327,7652,2019-10-01,2727.21,627.26,3354.47,0.23,Electronics,37
159197,4541,3365,2019-02-12,2314.45,185.16,2499.61,0.08,Machinery,29
653675,5928,2649,2019-03-15,19004.74,4371.09,23375.83,0.23,Healthcare Equipment,16
778628,1792,3779,2019-04-10,591.03,135.94,726.97,0.23,,35
504409,7030,5196,2019-05-25,9534.4,762.75,10297.15,0.08,Education Services,8
805051,4136,5196,2019-11-02,269.19,61.91,331.1,0.23,Electronics,10
891201,1567,6800,2019-07-25,557.31,27.87,585.18,0.05,Pharmaceuticals,34
773433,8801,9220,2019-12-15,23571.75,1885.74,25457.49,0.08,Clothing,19
316960,9224,8283,2019-12-10,4690.61,375.25,5065.86,0.08,Education Services,50
353487,4841,1765,2019-02-08,267.81,13.39,281.2,0.05,Furniture,22
191932,5065,4812,2019-09-21,6485.0,324.25,6809.25,0.05,,13
254047,2974,7898,2019-01-11,2261.68,520.19,2781.87,0.23,Electronics,16
969852,9222,7170,2019-10-06,8821.02,441.05,9262.07,0.05,Machinery,35
919723,5319,7217,2019-09-02,322.02,74.06,396.08,0.23,Construction Materials,58
820865,2411,1048,2019-11-25,424.54,97.64,522.18,0.23,Construction Materials,21
509207,7395,2027,2019-05-22,3529.84,282.39,3812.23,0.08,Services,13
721057,1512,9467,2019-11-14,3018.94,694.36,3713.3,0.23,Furniture,4
906005,4880,3780,2019-04-23,20913.52,1045.68,21959.2,0.05,Electronics,11
194523,1841,6558,2019-11-02,1798.53,143.88,1942.41,0.08,Pharmaceuticals,58
823761,9687,7512,2019-07-21,942.34,47.12,989.46,0.05,Financial Services,30
379677,3236,1733,2019-10-17,13337.59,666.88,14004.47,0.05,Services,41
450643,5452,5520,2019-09-26,17582.19,879.11,18461.3,0.05,Healthcare Equipment,52
788391,1688,28365938,2019-06-28,1260.56,289.93,1550.49,0.23,Services,22
536091,6796,3779,2019-09-22,1953.48,97.67,2051.15,0.05,Healthcare Equipment,55
230004,5056,2328,2019-06-22,7151.17,357.56,7508.73,0.05,Construction Materials,43
730615,7762,3679,2019-05-31,355.74,17.79,373.53,0.05,Automotive,32
442790,1735,9814,2019-09-21,1340.32,67.02,1407.34,0.05,Automotive,3
452881,3472,7396,2019-10-28,466.04,37.28,503.32,0.08,Financial Services,56
912655,7032,1624,2019-08-18,6842.39,1573.75,8416.14,0.23,Pharmaceuticals,28
844054,1925,7461,2019-07-29,1148.97,57.45,1206.42,0.05,Healthcare Equipment,49
376165,3251,5219,2019-10-28,8739.85,699.19,9439.04,0.08,Software,2
776873,6631,7250,2019-03-02,259.18,20.73,279.91,0.08,Electronics,33
509841,7956,2750,2019-02-26,561.72,28.09,589.81,0.05,,53
632203,8448,1267,2019-08-08,2663.35,612.57,3275.92,0.23,Software,57
599246,2116,36956928,2019-11-04,791.63,182.07,973.7,0.23,Services,48
302988,2454,2868,2019-11-30,2312.02,115.6,2427.62,0.05,Services,59
448880,7659,1925,2019-08-15,190.19,9.51,199.7,0.05,Education Services,46
742003,7651,5615,2019-12-06,407.24,20.36,427.6,0.05,Electronics,56
205456,4586,6274033,2019-11-17,1222.49,281.17,1503.66,0.23,Services,22
479893,3750,4841,2019-04-06,224.18,51.56,275.74,0.23,Software,2
528884,9717,9129,2019-03-11,872.15,43.61,915.76,0.05,Office Supplies,28
181838,4300,2116,2019-02-14,491.39,39.31,530.7,0.08,Furniture,28
463824,4466,4695,2019-09-23,119.13,27.4,146.53,0.23,Electronics,24
771407,2529,2753,2019-12-21,989.13,79.13,1068.26,0.08,Construction Materials,4
407492,6078,1211,2019-01-11,2615.7,601.61,3217.31,0.23,Financial Services,22
757024,2508,8178,2019-10-12,372.76,85.73,458.49,0.23,Automotive,9
604270,7326,8452,2019-07-07,1876.78,93.84,1970.62,0.05,Healthcare Equipment,3
695339,2155,7695,2019-01-25,207.97,16.64,224.61,0.08,Services,20
894863,1180,9030,2019-12-12,7146.64,1643.73,8790.37,0.23,Education Services,38
736193,5114,2522079,2019-10-11,1299.97,298.99,1598.96,0.23,Services,55
433031,1696,8094,2019-04-23,146.54,33.7,180.24,0.23,Education Services,13
263262,9464,8467,2019-01-23,457.89,36.63,494.52,0.08,Services,6
522279,6163,2155,2019-10-14,2565.19,205.22,2770.41,0.08,,38
870872,5501,4984,2019-12-12,131.76,30.3,162.06,0.23,Electronics,37
375470,8283,6169,2019-08-12,3107.37,155.37,3262.74,0.05,Construction Materials,35
992200,4655,1643,2019-12-25,5132.41,410.59,5543.0,0.08,Financial Services,24
894258,4841,4554,2019-10-25,17056.95,852.85,17909.8,0.05,Electronics,30
999603,1352,9560,2019-11-23,5439.56,1251.1,6690.66,0.23,Automotive,41
280303,2193,1974,2019-05-02,11065.52,885.24,11950.76,0.08,Healthcare Equipment,12
205170,9347,1735,2019-06-27,1928.05,443.45,2371.5,0.23,Office Supplies,30
755473,1526,9717,2019-10-11,2215.41,110.77,2326.18,0.05,Electronics,44
746490,5529,2192,2019-12-26,5998.56,1379.67,7378.23,0.23,Office Supplies,2
178161,8070,3644,2019-11-04,1361.12,108.89,1470.01,0.08,Electronics,49
280858,2043,2423,2019-01-21,305.58,15.28,320.86,0.05,Office Supplies,51
532755,6176,1484,2019-04-29,3165.09,253.21,3418.3,0.08,Education Services,49
165808,5088,1512,2019-08-08,3792.15,303.37,4095.52,0.08,Furniture,46
840636,9456,6542,2019-07-25,224.39,17.95,242.34,0.08,Pharmaceuticals,26
116531,9731,7258,2019-04-07,649.98,32.5,682.48,0.05,Pharmaceuticals,49
430927,9122,4090,2019-03-02,3590.19,825.74,4415.93,0.23,Construction Materials,55
377825,9845,1974,2019-07-11,1991.12,457.96,2449.08,0.23,Furniture,15
367701,6275,7047,2019-04-14,302.46,15.12,317.58,0.05,Automotive,26
999960,4119,6238,2019-06-13,556.14,27.81,583.95,0.05,Furniture,54
780043,7177,3136,2019-12-07,116.76,26.85,143.61,0.23,Automotive,44
667382,1188,8500,2019-06-17,336.55,77.41,413.96,0.23,Machinery,23
726763,2328,8482,2019-10-11,1717.45,395.01,2112.46,0.23,Construction Materials,56
158352,2374,4827,2019-10-10,547.16,43.77,590.93,0.08,Furniture,25
624133,7350,3809,2019-10-17,4167.52,333.4,4500.92,0.08,Machinery,4
318577,8887,8857,2019-08-05,317.35,72.99,390.34,0.23,Construction Materials,12
312906,4634,2009,2019-12-25,1258.95,62.95,1321.9,0.05,Construction Materials,34
169228,7500,8852,2019-02-27,2467.23,567.46,3034.69,0.23,Healthcare Equipment,5
351156,5928,12345679,2019-03-17,1119.04,257.38,1376.42,0.23,Services,41
987669,3679,6295,2019-11-29,2834.43,141.72,2976.15,0.05,Food,16
875019,3300,3462,2019-08-28,497.29,24.86,522.15,0.05,Machinery,38
523774,9308,2131,2019-06-11,4485.17,358.81,4843.98,0.08,Furniture,25
736056,3144,6535,2019-08-20,6327.54,506.2,6833.74,0.08,Machinery,16
795102,2209,7305,2019-11-03,774.08,61.93,836.01,0.08,Clothing,10
580844,9814,1696,2019-06-25,223.65,17.89,241.54,0.08,Machinery,17
478765,6594,4204,2019-04-22,3337.43,166.87,3504.3,0.05,Pharmaceuticals,11
448828,6547,7301,2019-12-01,1330.59,66.53,1397.12,0.05,Machinery,8
409506,8448,1836,2019-01-27,9968.25,2292.7,12260.95,0.23,Office Supplies,21
936835,1783,1352,2019-12-30,1720.53,137.64,1858.17,0.08,Education Services,36
288040,5845,9827,2019-06-05,9170.37,458.52,9628.89,0.05,Automotive,29
811326,4991,5548,2019-05-21,1819.49,418.48,2237.97,0.23,Food,10
443193,9050,3720,2019-08-07,259.94,59.79,319.73,0.23,Healthcare Equipment,35
538585,1311,6357,2019-10-28,290.07,14.5,304.57,0.05,,47
320965,9868,3540,2019-03-05,7862.34,393.12,8255.46,0.05,Furniture,3
390739,8368,2326,2019-12-03,435.58,21.78,457.36,0.05,Construction Materials,40
631278,8152,4354,2019-02-07,2104.86,168.39,2273.25,0.08,Healthcare Equipment,38
146112,2993,1714,2019-11-20,235.04,11.75,246.79,0.05,Machinery,15
371264,7254,8806,2019-11-02,102.22,8.18,110.4,0.08,Financial Services,47
169388,9731,7554,2019-09-09,270.4,62.19,332.59,0.23,Healthcare Equipment,57
301268,1160,8283,2019-12-24,9366.99,749.36,10116.35,0.08,Financial Services,28
513639,3628,9579,2019-08-29,926.41,213.07,1139.48,0.23,Pharmaceuticals,39
187655,3126,6479,2019-11-24,175.37,8.77,184.14,0.05,Pharmaceuticals,50
423117,4586,8500,2019-10-29,995.91,79.67,1075.58,0.08,Financial Services,5
416439,4991,5200,2019-07-29,922.52,212.18,1134.7,0.23,,49
458000,8368,9118,2019-01-13,238.21,11.91,250.12,0.05,,11
775456,6398,9484,2019-05-25,17521.27,1401.7,18922.97,0.08,Software,7
360363,6327,1188,2019-07-12,367.5,29.4,396.9,0.08,Construction Materials,60
889692,4665,7350,2019-10-11,107.43,24.71,132.14,0.23,,2
231791,3650,3247,2019-02-12,938.54,75.08,1013.62,0.08,Food,51
162250,6595,7004,2019-02-20,11876.36,950.11,12826.47,0.08,Office Supplies,36
514561,1986,3809,2019-12-15,11582.7,2664.02,14246.72,0.23,Automotive,25
446350,4183,5379,2019-06-30,1239.19,99.14,1338.33,0.08,Furniture,45
104632,4547,5057,2019-03-30,4509.7,360.78,4870.48,0.08,Construction Materials,4
750429,5738,5403,2019-07-15,7081.91,1628.84,8710.75,0.23,Services,36
103121,3606,3365,2019-10-25,3038.81,151.94,3190.75,0.05,Financial Services,34
351417,7500,1938,2019-01-27,231.83,11.59,243.42,0.05,Construction Materials,53
641559,3112,3215,2019-05-30,551.22,44.1,595.32,0.08,Financial Services,5
569328,1791,4646,2019-11-30,399.76,19.99,419.75,0.05,Software,15
940165,9405,8548,2019-10-28,2986.09,238.89,3224.98,0.08,Pharmaceuticals,13
695813,6696,6535,2019-09-23,243.97,56.11,300.08,0.23,Automotive,58
983603,5319,7647,2019-05-26,299.8,23.98,323.78,0.08,Furniture,25
220389,3269,6796,2019-12-03,5954.79,1369.6,7324.39,0.23,Software,30
225036,6506,7666,2019-07-16,3114.54,716.34,3830.88,0.23,Clothing,57
485465,3284,5613,2019-03-04,16763.7,3855.65,20619.35,0.23,Healthcare Equipment,38
207855,7911,5886,2019-10-19,606.68,30.33,637.01,0.05,Machinery,20
341372,5196,5974,2019-03-22,3025.12,695.78,3720.9,0.23,Services,13
480495,9845,2298,2019-06-10,6012.28,1382.82,7395.1,0.23,Electronics,31
808190,5500,1896,2019-07-01,19464.46,973.22,20437.68,0.05,Clothing,0
737475,2939,9585,2019-01-11,11048.51,2541.16,13589.67,0.23,Furniture,38
375963,6064,7301,2019-07-15,4302.96,215.15,4518.11,0.05,Pharmaceuticals,15
285297,8674,7961,2019-12-20,918.21,45.91,964.12,0.05,Construction Materials,23
475852,1381,9822,2019-04-02,10508.61,525.43,11034.04,0.05,Services,16
356214,3917,5009,2019-06-12,246.97,56.8,303.77,0.23,Education Services,25
174480,5980,6676,2019-06-30,2519.93,201.59,2721.52,0.08,Clothing,14
570704,6275,2204,2019-12-27,16840.35,3873.28,20713.63,0.23,Electronics,57
497081,6428,4735,2019-09-10,6181.52,1421.75,7603.27,0.23,Healthcare Equipment,59
268534,9179,4018,2019-03-04,255.47,20.44,275.91,0.08,,47
908881,7458,9998,2019-07-05,973.2,77.86,1051.06,0.08,Construction Materials,0
104788,8304,4554,2019-01-17,11892.34,951.39,12843.73,0.08,Food,37
847089,7398,3964,2019-03-19,23713.36,1897.07,25610.43,0.08,Automotive,30
246784,2226,1302,2019-07-12,326.66,75.13,401.79,0.23,Financial Services,31
488493,9803,3144,2019-04-06,6638.32,331.92,6970.24,0.05,Education Services,59
835187,2715,7312,2019-10-10,2847.85,227.83,3075.68,0.08,Pharmaceuticals,12
932890,7760,3462,2019-01-17,11047.7,883.82,11931.52,0.08,Software,50
367754,2263,2193,2019-09-20,480.15,38.41,518.56,0.08,Food,18
694430,5144,8472,2019-03-10,1088.08,87.05,1175.13,0.08,Education Services,35
574417,4570,2790,2019-08-02,6871.02,1580.33,8451.35,0.23,Food,31
594385,8826,8472,2019-02-05,609.81,140.26,750.07,0.23,Automotive,26
222550,6122,1160,2019-04-07,975.76,224.42,1200.18,0.23,Education Services,33
428616,5831,9390,2019-07-14,813.85,187.19,1001.04,0.23,Clothing,21
955761,2411,9324,2019-01-27,300.59,15.03,315.62,0.05,Software,20
341818,8467,6064,2019-10-11,5827.66,1340.36,7168.02,0.23,Office Supplies,19
328091,7894,4136,2019-07-15,6236.79,498.94,6735.73,0.08,,36
494668,3956,7265,2019-01-13,6173.49,493.88,6667.37,0.08,Construction Materials,33
147848,3020,9194,2019-11-06,4882.55,390.6,5273.15,0.08,Software,41
282246,4889,6463,2019-02-16,197.13,45.34,242.47,0.23,Pharmaceuticals,41
181568,7008,4981,2019-02-11,3121.74,718.0,3839.74,0.23,Furniture,33
578013,2638,7177,2019-11-17,793.56,63.48,857.04,0.08,Education Services,57
813607,1826,5892800,2019-10-30,558.26,128.4,686.66,0.23,Services,32
919137,3756,6161,2019-07-10,5643.85,451.51,6095.36,0.08,Services,24
671234,2542,1841,2019-09-28,1260.34,100.83,1361.17,0.08,Automotive,60
274576,6539,4866,2019-11-09,571.21,28.56,599.77,0.05,Food,17
661854,5358,3469,2019-06-24,432.96,99.58,532.54,0.23,Automotive,54
779139,7008,9118,2019-09-08,217.07,10.85,227.92,0.05,Machinery,18
280410,3836,7378,2019-10-27,280.25,14.01,294.26,0.05,Office Supplies,11
672221,1210,4554,2019-01-04,2023.25,465.35,2488.6,0.23,Construction Materials,1
118627,2105,4313,2019-02-18,324.88,25.99,350.87,0.08,Software,40
407076,3136,1068,2019-06-15,3984.24,199.21,4183.45,0.05,Clothing,6
211088,2044,8472,2019-06-13,589.27,135.53,724.8,0.23,Pharmaceuticals,46
931728,5003,9123,2019-06-29,6360.32,318.02,6678.34,0.05,Construction Materials,51
883029,8931,7954,2019-02-23,4878.52,1122.06,6000.58,0.23,Healthcare Equipment,6
347049,1059,9827,2019-01-21,3787.54,871.13,4658.67,0.23,,38
956648,9115,4018,2019-02-24,768.26,38.41,806.67,0.05,,41
727294,3213,3690,2019-07-13,590.73,29.54,620.27,0.05,Software,41
197163,9613,1526,2019-06-24,9887.75,2274.18,12161.93,0.23,Software,24
994216,7615,9412,2019-05-04,18512.22,4257.81,22770.03,0.23,Electronics,56
539688,4986,5560,2019-01-09,2177.68,500.87,2678.55,0.23,Machinery,16
886323,5263,5694,2019-10-14,323.61,16.18,339.79,0.05,Healthcare Equipment,60
732737,9194,12345680,2019-03-22,221.93,51.04,272.97,0.23,Services,11
747204,6394,6176,2019-01-21,700.31,35.02,735.33,0.05,Furniture,2
891480,2145,8873,2019-04-25,6041.65,302.08,6343.73,0.05,Furniture,58
943356,6662,6541,2019-03-12,24559.48,1227.97,25787.45,0.05,Food,24
383700,6696,9803,2019-07-17,675.52,54.04,729.56,0.08,Machinery,46
238976,9717,9560,2019-01-30,810.31,186.37,996.68,0.23,Automotive,9
637099,1457,2750,2019-11-23,426.96,98.2,525.16,0.23,Construction Materials,15
879928,1256,2664,2019-03-12,156.48,7.82,164.3,0.05,Healthcare Equipment,14
855916,9220,2465,2019-12-21,411.8,32.94,444.74,0.08,Machinery,55
537461,2541,9390,2019-03-09,1998.28,99.91,2098.19,0.05,Furniture,2
816885,8283,4327,2019-10-08,162.05,12.96,175.01,0.08,Electronics,28
434158,3361,8645,2019-01-01,23190.27,5333.76,28524.03,0.23,Pharmaceuticals,7
118481,6362,2530,2019-09-11,4705.67,235.28,4940.95,0.05,Healthcare Equipment,20
652868,5555,6327,2019-12-18,707.36,35.37,742.73,0.05,Financial Services,48
928005,5098,7245,2019-06-01,3642.02,837.66,4479.68,0.23,Clothing,0
548084,4570,5914,2019-03-16,4278.28,984.0,5262.28,0.23,Machinery,9
907982,4659,2328,2019-12-08,336.47,26.92,363.39,0.08,Automotive,6
239468,9073,5050,2019-11-06,3499.39,174.97,3674.36,0.05,Software,26
232388,7656,8178,2019-03-21,118.04,9.44,127.48,0.08,Services,25
112733,3727,1151,2019-02-09,406.13,32.49,438.62,0.08,Clothing,28
517265,9096,7395,2019-02-15,713.64,57.09,770.73,0.08,Machinery,27
369399,7746,3808,2019-07-18,163.13,13.05,176.18,0.08,Food,33
159041,8482,1792,2019-07-28,204.32,16.35,220.67,0.08,Automotive,14
987088,1714,6394,2019-03-15,460.9,106.01,566.91,0.23,Financial Services,33
647709,8814,2541,2019-02-23,160.44,12.84,173.28,0.08,Education Services,11
535017,7952,6526,2019-04-22,3386.62,270.93,3657.55,0.08,Services,40
148705,7915,4170,2019-05-01,9031.53,2077.25,11108.78,0.23,,26
300043,9451,7894,2019-06-15,338.0,16.9,354.9,0.05,Pharmaceuticals,45
170195,6541,3526,2019-11-16,8565.94,685.28,9251.22,0.08,Financial Services,58
499939,8340,5316,2019-03-08,11907.73,2738.78,14646.51,0.23,Software,36
274619,2931,1760,2019-09-24,567.36,130.49,697.85,0.23,Services,0
326362,6595,4889,2019-05-04,776.26,62.1,838.36,0.08,Software,22
338051,1151,7951,2019-07-23,178.53,14.28,192.81,0.08,Software,8
896820,8419,5798,2019-05-31,7997.59,639.81,8637.4,0.08,Machinery,2
730232,5263,4586,2019-04-07,1163.98,93.12,1257.1,0.08,Clothing,8
254607,1836,5102,2019-06-14,15220.5,761.03,15981.53,0.05,Clothing,44
777350,4661,7859,2019-03-10,14187.33,1134.99,15322.32,0.08,Services,29
600472,4984,7170,2019-02-18,220.26,11.01,231.27,0.05,Office Supplies,18
596243,8944,9204,2019-10-06,433.19,99.63,532.82,0.23,Food,15
890789,5974,6503,2019-11-07,218.12,17.45,235.57,0.08,Machinery,56
179804,4925,4340,2019-01-05,1150.06,92.0,1242.06,0.08,Education Services,2
414075,7043,4081,2019-10-21,329.91,75.88,405.79,0.23,Furniture,10
103460,3296,6535,2019-10-20,14472.44,3328.66,17801.1,0.23,Machinery,27
757787,8094,5098,2019-11-05,8253.46,1898.3,10151.76,0.23,Machinery,56
157219,5358,6095443,2019-04-03,436.78,100.46,537.24,0.23,Services,12
539180,5114,3843,2019-05-12,156.62,7.83,164.45,0.05,Machinery,41
646224,9542,4668,2019-09-22,391.86,19.59,411.45,0.05,Machinery,45
838730,7451,6122,2019-06-03,19301.49,1544.12,20845.61,0.08,Food,6
907911,3334,4665,2019-12-11,466.67,37.33,504.0,0.08,Construction Materials,6
943395,6717,3199,2019-02-07,1136.69,90.94,1227.63,0.08,Construction Materials,55
702597,7777,9939,2019-04-06,6574.69,525.98,7100.67,0.08,Services,40
865459,7873,2974,2019-06-22,191.76,15.34,207.1,0.08,Food,15
704449,8448,5501,2019-10-30,693.69,159.55,853.24,0.23,Office Supplies,48
934138,2579,2108,2019-07-31,293.17,67.43,360.6,0.23,Healthcare Equipment,0
124565,5800,8051,2019-06-23,15425.06,3547.76,18972.82,0.23,Services,56
243918,1422,1323,2019-05-09,2054.06,102.7,2156.76,0.05,Electronics,3
193894,5058,8051,2019-06-26,212.94,17.04,229.98,0.08,Education Services,27
385146,8954,1526,2019-05-31,359.96,82.79,442.75,0.23,Pharmaceuticals,32
262464,3956,8112,2019-06-14,1919.21,441.42,2360.63,0.23,Construction Materials,48
455141,6895,6547,2019-10-13,2929.02,234.32,3163.34,0.08,Financial Services,52
847666,2405,5738,2019-02-16,578.39,46.27,624.66,0.08,Construction Materials,12
110255,1471,8366,2019-08-06,2375.8,190.06,2565.86,0.08,Automotive,4
333131,9316,3152,2019-04-21,5045.94,1160.57,6206.51,0.23,Software,44
198469,5905,1643,2019-08-04,160.48,8.02,168.5,0.05,Services,25
762715,9654,3956,2019-03-10,2452.59,122.63,2575.22,0.05,Electronics,11
644234,1929,5738,2019-05-09,1422.89,327.26,1750.15,0.23,Food,24
983165,1792,5553,2019-07-30,292.41,67.25,359.66,0.23,,0
852869,3013,5411,2019-06-08,2009.85,462.27,2472.12,0.23,Education Services,14
243199,3199,1567,2019-09-22,106.4,5.32,111.72,0.05,Food,33
666387,5597,9179,2019-06-30,9329.99,2145.9,11475.89,0.23,Furniture,1
703001,3393,6904,2019-03-21,608.5,48.68,657.18,0.08,Furniture,0
675594,2318,3750,2019-10-07,5608.86,1290.04,6898.9,0.23,Office Supplies,20
771773,3836,7297,2019-06-28,1561.02,359.03,1920.05,0.23,Software,37
102859,5508,5501,2019-08-18,2598.49,129.92,2728.41,0.05,Office Supplies,21
386729,2683,2751,2019-05-30,592.02,47.36,639.38,0.08,Machinery,44
617107,7811,6169,2019-12-18,115.99,26.68,142.67,0.23,Office Supplies,30
915583,7961,7305,2019-06-07,7754.72,1783.59,9538.31,0.23,Office Supplies,16
199101,1055,6132,2019-10-21,428.13,21.41,449.54,0.05,Construction Materials,4
590924,4753,6167,2019-03-30,16853.79,3876.37,20730.16,0.23,Food,44
471025,4646,1375,2019-05-27,3561.76,178.09,3739.85,0.05,Education Services,0
705690,3407,2974,2019-03-26,663.56,33.18,696.74,0.05,Financial Services,32
559101,9224,7117,2019-05-05,329.67,75.82,405.49,0.23,Services,42
917060,5655,7843,2019-06-19,15185.93,3492.76,18678.69,0.23,Services,30
994781,1042,9224,2019-07-16,640.95,32.05,673.0,0.05,Healthcare Equipment,15
849759,5735,6145,2019-11-18,420.54,96.72,517.26,0.23,Healthcare Equipment,34
915748,6479,9515,2019-06-19,986.59,226.92,1213.51,0.23,Electronics,39
372979,9755,1988,2019-10-05,2558.11,588.37,3146.48,0.23,Healthcare Equipment,58
804522,6167,8809,2019-03-08,435.73,21.79,457.52,0.05,Pharmaceuticals,45
459532,7297,1381,2019-02-05,6365.61,318.28,6683.89,0.05,Machinery,22
712860,6428,1055,2019-12-18,1838.18,422.78,2260.96,0.23,Pharmaceuticals,34
362873,4355,5500,2019-11-16,188.72,43.41,232.13,0.23,Office Supplies,51
301883,1267,5548,2019-02-12,2219.3,510.44,2729.74,0.23,Clothing,7
374514,9822,4659,2019-06-02,328.84,16.44,345.28,0.05,Office Supplies,40
259021,5800,9477,2019-02-10,16002.87,1280.23,17283.1,0.08,Education Services,45
698800,9874,3738,2019-05-16,19083.76,954.19,20037.95,0.05,Automotive,16
653902,1506,8887,2019-05-03,1154.35,57.72,1212.07,0.05,Clothing,12
157897,1055,1567,2019-01-28,2425.45,557.85,2983.3,0.23,Furniture,57
221246,2157,1888,2019-04-16,2213.12,177.05,2390.17,0.08,,56
438157,4866,9621,2019-05-30,6424.89,321.24,6746.13,0.05,Pharmaceuticals,53
907398,1343,1128,2019-04-07,527.38,42.19,569.57,0.08,Food,14
559134,9519,1966,2019-12-25,599.09,47.93,647.02,0.08,Pharmaceuticals,58
408968,2065,7365,2019-07-22,18956.17,4359.92,23316.09,0.23,Food,57
797497,3964,3628,2019-03-26,293.93,23.51,317.44,0.08,Furniture,29
206944,4719,3582,2019-06-25,2818.85,140.94,2959.79,0.05,Education Services,59
670589,5500,8902,2019-02-12,966.38,48.32,1014.7,0.05,Furniture,50
627193,6115,3540,2019-07-14,1596.08,367.1,1963.18,0.23,Furniture,19
787904,1624,1506,2019-03-21,362.33,28.99,391.32,0.08,Education Services,6
212842,7382,6479,2019-12-28,6836.67,546.93,7383.6,0.08,Healthcare Equipment,10
360071,7030,9158,2019-04-17,429.06,21.45,450.51,0.05,Healthcare Equipment,59
559366,8826,1457,2019-11-01,13514.69,1081.18,14595.87,0.08,Financial Services,20
457494,7258,5494,2019-12-26,7278.09,582.25,7860.34,0.08,Clothing,38
940469,3061,6031,2019-03-28,186.02,9.3,195.32,0.05,Construction Materials,52
417728,9803,3469,2019-05-24,515.25,118.51,633.76,0.23,Electronics,25
122059,5507,1783,2019-07-30,2358.46,188.68,2547.14,0.08,Education Services,1
163945,6107,3338,2019-01-23,4516.08,1038.7,5554.78,0.23,Automotive,47
168049,3666,7177,2019-08-12,9288.96,743.12,10032.08,0.08,Pharmaceuticals,20
978226,2465,8383,2019-09-06,580.26,46.42,626.68,0.08,Education Services,7
213364,6315,7296,2019-07-16,1409.27,70.46,1479.73,0.05,Electronics,11
778762,7647,8806,2019-07-19,824.53,41.23,865.76,0.05,Furniture,28
724100,4357,5196,2019-03-25,2827.83,141.39,2969.22,0.05,Food,38
226295,6510,7265,2019-09-01,5094.18,254.71,5348.89,0.05,Construction Materials,46
434050,8436,12345679,2019-08-05,846.67,194.73,1041.4,0.23,Services,2
349133,7954,8112,2019-01-22,22463.06,1797.04,24260.1,0.08,Construction Materials,33
338461,5613,9674,2019-11-02,298.87,23.91,322.78,0.08,Machinery,12
258127,2753,9519,2019-11-27,4301.57,344.13,4645.7,0.08,Healthcare Equipment,17
812700,3839,2176,2019-07-17,4811.89,384.95,5196.84,0.08,Pharmaceuticals,14
816909,1851,4634,2019-11-20,599.25,137.83,737.08,0.23,Financial Services,24
403286,8508,2334,2019-08-23,513.93,41.11,555.04,0.08,Pharmaceuticals,13
641002,8851,8179,2019-12-14,8657.24,1991.17,10648.41,0.23,Healthcare Equipment,41
423211,2030,5859,2019-05-06,4673.69,373.9,5047.59,0.08,Clothing,10
272405,6375,6541,2019-06-16,834.53,191.94,1026.47,0.23,Software,14
642515,4984,7760,2019-12-08,14149.88,1131.99,15281.87,0.08,Services,2
324385,2243,7615,2019-11-10,15121.1,3477.85,18598.95,0.23,Food,13
147029,2065,7814,2019-11-03,1418.35,113.47,1531.82,0.08,Machinery,37
526102,5203,2446,2019-09-06,159.56,36.7,196.26,0.23,Automotive,49
470400,1179,1179,2019-02-20,5766.92,288.35,6055.27,0.05,Healthcare Equipment,16
193525,1537,2378,2019-05-26,3772.6,301.81,4074.41,0.08,Food,53
580569,4230,5529,2019-08-02,161.26,8.06,169.32,0.05,Construction Materials,43
109555,8556,2263,2019-10-31,8771.29,701.7,9472.99,0.08,Healthcare Equipment,50
773293,5814,4129,2019-08-24,8811.67,440.58,9252.25,0.05,Healthcare Equipment,45
947059,9527,9598,2019-02-17,969.52,48.48,1018.0,0.05,Furniture,39
419508,2529,9255,2019-01-15,677.93,33.9,711.83,0.05,Electronics,52
786281,6862,3564,2019-04-29,219.71,17.58,237.29,0.08,Pharmaceuticals,15
456546,4162,8940,2019-06-18,851.46,42.57,894.03,0.05,Financial Services,17
589209,6163,2751,2019-07-01,167.19,38.45,205.64,0.23,Machinery,9
473441,9755,7894,2019-06-09,387.16,19.36,406.52,0.05,Construction Materials,5
776640,9827,3657,2019-12-22,2933.56,146.68,3080.24,0.05,Electronics,53
733819,7421,5842,2019-02-19,343.87,79.09,422.96,0.23,Education Services,31
793915,3378,8556,2019-08-24,5140.67,1182.35,6323.02,0.23,Furniture,60
985274,3269,2164,2019-09-13,6410.24,1474.36,7884.6,0.23,Financial Services,46
613338,3543,1446,2019-02-23,8386.4,670.91,9057.31,0.08,Pharmaceuticals,2
686582,3112,7189,2019-11-14,15267.01,763.35,16030.36,0.05,,59
682881,9226,3215,2019-07-27,5905.14,472.41,6377.55,0.08,Financial Services,8
429344,4355,8887,2019-03-12,2343.25,187.46,2530.71,0.08,Electronics,16
702302,9042,2209,2019-08-18,5678.3,1306.01,6984.31,0.23,Furniture,9
280498,9357,7392,2019-04-17,22666.17,5213.22,27879.39,0.23,Education Services,23
571901,6390,9747,2019-06-27,14874.55,743.73,15618.28,0.05,Construction Materials,26
467216,7451,2363,2019-10-10,713.49,35.67,749.16,0.05,Healthcare Equipment,14
538190,7615,6489604,2019-11-27,1118.82,257.33,1376.15,0.23,Services,31
721396,4090,7458,2019-09-07,156.81,7.84,164.65,0.05,Software,45
321093,7956,7951,2019-04-01,7133.39,356.67,7490.06,0.05,Automotive,36
246004,8556,2613,2019-06-27,2792.33,223.39,3015.72,0.08,Software,13
642078,1760,5058,2019-02-05,22291.71,1114.59,23406.3,0.05,Financial Services,13
225530,2145,8283,2019-02-15,15169.77,1213.58,16383.35,0.08,Services,5
216155,4317,8665,2019-05-24,609.12,48.73,657.85,0.08,Electronics,14
598297,6132,3171,2019-02-04,6975.71,348.79,7324.5,0.05,Software,48
558131,5555,9048,2019-09-12,4999.22,249.96,5249.18,0.05,Furniture,34
955341,7337,2318,2019-09-02,178.27,8.91,187.18,0.05,Financial Services,10
566836,7392,8709,2019-11-16,8509.83,425.49,8935.32,0.05,Clothing,28
734984,7737,2070,2019-10-19,208.66,10.43,219.09,0.05,Office Supplies,3
860135,5800,6646,2019-04-22,397.49,31.8,429.29,0.08,Healthcare Equipment,25
932475,5126,8448,2019-03-24,103.73,5.19,108.92,0.05,Software,53
576126,1688,3650,2019-07-22,4772.73,238.64,5011.37,0.05,Machinery,41
143933,7258,5125,2019-05-12,16521.35,3799.91,20321.26,0.23,Food,20
966214,4758,7297,2019-12-30,595.98,137.08,733.06,0.23,Automotive,46
133321,5088,3516,2019-03-29,310.05,15.5,325.55,0.05,Education Services,4
503308,3331,9971,2019-12-27,652.82,150.15,802.97,0.23,Clothing,34
880312,3496,4119,2019-04-08,21039.72,4839.14,25878.86,0.23,Electronics,12
981458,2619,2199,2019-02-13,290.09,14.5,304.59,0.05,Machinery,38
858613,3836,2465,2019-05-14,715.1,35.76,750.86,0.05,Financial Services,25
414611,8190,9099,2019-01-24,691.04,55.28,746.32,0.08,Food,6
852923,6091,3502,2019-12-14,785.1,180.57,965.67,0.23,Food,0
626754,7365,6517,2019-09-02,9461.58,756.93,10218.51,0.08,Electronics,6
336968,7479,5003,2019-10-30,252.87,58.16,311.03,0.23,Office Supplies,60
449541,2266,6925,2019-11-22,10984.76,878.78,11863.54,0.08,Automotive,2
964711,3722,5061,2019-11-23,3124.39,249.95,3374.34,0.08,,55
990115,6315,5261,2019-10-28,14469.87,3328.07,17797.94,0.23,Education Services,43
363767,4150,9966,2019-07-16,5368.41,268.42,5636.83,0.05,Services,4
932991,9879,2446,2019-04-16,4503.83,360.31,4864.14,0.08,,48
373824,5426,4619,2019-01-24,6366.56,1464.31,7830.87,0.23,Automotive,51
874628,7527,6115,2019-04-27,5393.42,431.47,5824.89,0.08,Education Services,47
236137,5102,9316,2019-08-06,1783.24,89.16,1872.4,0.05,Automotive,18
630947,1042,5478,2019-09-22,146.71,11.74,158.45,0.08,Machinery,31
267357,1055,4776,2019-09-25,11846.56,2724.71,14571.27,0.23,Furniture,50
487427,9661,9412,2019-10-08,238.81,19.1,257.91,0.08,Services,23
214723,9099,6371,2019-06-13,817.37,65.39,882.76,0.08,Clothing,29
870534,7297,5974,2019-03-21,1430.52,71.53,1502.05,0.05,Financial Services,56
853195,8377,1853,2019-05-23,1579.15,126.33,1705.48,0.08,Services,31
808523,7250,6547,2019-06-10,4650.47,372.04,5022.51,0.08,Healthcare Equipment,43
509559,5362,5611,2019-04-06,285.55,14.28,299.83,0.05,Food,37
226336,8270,4355,2019-11-21,330.48,76.01,406.49,0.23,Software,31
746333,3644,8855,2019-05-19,789.47,63.16,852.63,0.08,Financial Services,32
109012,5316,2492,2019-04-21,14361.06,1148.88,15509.94,0.08,Food,53
259426,6506,9418,2019-06-11,639.67,31.98,671.65,0.05,Services,50
785739,9998,7117,2019-09-21,455.45,22.77,478.22,0.05,Electronics,50
420068,4589,6863,2019-10-21,4399.68,1011.93,5411.61,0.23,Automotive,25
619984,5120,1372,2019-01-31,9032.47,2077.47,11109.94,0.23,Food,6
928812,5928,9444,2019-09-24,5627.58,281.38,5908.96,0.05,Office Supplies,34
187727,7032,1381,2019-02-09,728.59,36.43,765.02,0.05,Financial Services,29
981529,1456,8448,2019-07-06,1561.8,78.09,1639.89,0.05,Food,51
902835,5358,4355,2019-07-08,348.8,27.9,376.7,0.08,Machinery,17
714297,6169,3393,2019-01-04,612.76,49.02,661.78,0.08,Furniture,13
586810,2536,2021,2019-07-30,3692.1,849.18,4541.28,0.23,Healthcare Equipment,4
542351,9255,7753,2019-08-26,8649.28,691.94,9341.22,0.08,Construction Materials,26
912896,7894,8857,2019-04-12,19276.44,1542.12,20818.56,0.08,Clothing,14
133315,6922,7840,2019-01-21,411.33,20.57,431.9,0.05,Healthcare Equipment,17
898973,4541,5009,2019-07-30,13563.21,1085.06,14648.27,0.08,Services,29
134100,6188,3013,2019-07-16,6609.77,330.49,6940.26,0.05,,25
578366,2683,5362,2019-07-16,428.49,98.55,527.04,0.23,Services,43
616528,5597,8747,2019-08-03,286.85,65.98,352.83,0.23,Pharmaceuticals,31
321746,1826,9527,2019-05-10,430.28,21.51,451.79,0.05,Construction Materials,7
883393,7357,6160,2019-11-19,111.74,5.59,117.33,0.05,,21
829380,3666,1902,2019-02-07,405.85,20.29,426.14,0.05,Software,37
761170,7633,3582,2019-04-15,5496.18,1264.12,6760.3,0.23,Furniture,39
265917,2227,9206,2019-11-09,3871.37,309.71,4181.08,0.08,Furniture,21
122575,1783,5203,2019-05-04,1405.85,112.47,1518.32,0.08,Food,31
822579,8383,9731,2019-09-29,8861.53,443.08,9304.61,0.05,Construction Materials,47
552926,8488,7353,2019-05-26,248.81,12.44,261.25,0.05,Electronics,32
988818,8966,6080,2019-07-01,19289.97,1543.2,20833.17,0.08,Office Supplies,55
808066,7096,9194,2019-04-05,2443.53,195.48,2639.01,0.08,Electronics,32
397838,3027,4655,2019-02-07,5888.34,1354.32,7242.66,0.23,Healthcare Equipment,52
518155,2318,2226,2019-01-09,2081.14,104.06,2185.2,0.05,Furniture,47
774539,2131,6736,2019-01-21,7080.87,354.04,7434.91,0.05,Education Services,37
668511,8422,7319,2019-10-31,6193.56,309.68,6503.24,0.05,Construction Materials,39
159979,7840,7004,2019-07-31,414.45,33.16,447.61,0.08,Healthcare Equipment,25
883909,1714,5980,2019-07-19,2631.85,210.55,2842.4,0.08,Pharmaceuticals,25
187428,1210,4276,2019-06-21,193.61,44.53,238.14,0.23,Education Services,31
741656,8944,6584,2019-08-25,6109.25,305.46,6414.71,0.05,Office Supplies,30
504556,6634,3851,2019-06-15,659.05,151.58,810.63,0.23,Healthcare Equipment,39
544690,7350,5222,2019-08-01,11618.03,580.9,12198.93,0.05,Food,43
170454,5798,3112,2019-02-13,267.97,13.4,281.37,0.05,Clothing,57
822290,4306,7811,2019-09-23,949.13,218.3,1167.43,0.23,Electronics,39
524002,8448,6698,2019-09-18,3749.1,299.93,4049.03,0.08,Electronics,47
226816,2043,7030,2019-04-07,5237.62,261.88,5499.5,0.05,Healthcare Equipment,25
599491,9621,8931,2019-02-18,2175.23,174.02,2349.25,0.08,Electronics,21
983238,5219,9569,2019-01-09,11826.97,2720.2,14547.17,0.23,Financial Services,24
424697,4541,6542,2019-09-18,4254.05,212.7,4466.75,0.05,Machinery,8
241041,7878,1916,2019-11-14,2989.9,149.5,3139.4,0.05,Clothing,39
863769,9050,4554,2019-09-29,793.72,182.56,976.28,0.23,Electronics,54
479368,3393,9659,2019-08-05,5785.68,289.28,6074.96,0.05,Machinery,3
361650,7974,86669814,2019-03-11,405.13,93.18,498.31,0.23,Services,36
484412,3215,8431,2019-05-05,11980.45,958.44,12938.89,0.08,Education Services,8
594571,3730,4981,2019-11-17,4904.73,245.24,5149.97,0.05,Pharmaceuticals,12
271609,4003,2751,2019-09-26,626.95,31.35,658.3,0.05,Services,16
724972,5500,2480,2019-01-23,3854.79,308.38,4163.17,0.08,Machinery,53
929290,5003,3334,2019-10-12,731.09,58.49,789.58,0.08,Food,17
463324,8873,1537,2019-04-03,263.55,13.18,276.73,0.05,Software,51
804459,3842,2464,2019-12-12,6357.41,1462.2,7819.61,0.23,Healthcare Equipment,36
577900,6506,7863,2019-04-22,3722.29,856.13,4578.42,0.23,Financial Services,38
907945,1323,3033,2019-10-07,2383.62,190.69,2574.31,0.08,Construction Materials,43
274979,9132,9096,2019-07-19,1621.03,81.05,1702.08,0.05,Furniture,0
726319,6696,5290,2019-05-03,119.03,9.52,128.55,0.08,Clothing,7
226325,7737,5505,2019-07-24,118.75,5.94,124.69,0.05,Food,53
508840,3974,2070,2019-07-12,190.65,43.85,234.5,0.23,Healthcare Equipment,55
214869,7231,7004,2019-01-21,149.85,34.47,184.32,0.23,Automotive,2
434760,8851,1800,2019-10-06,490.79,112.88,603.67,0.23,,58
337456,3224,8179,2019-08-10,1189.43,95.15,1284.58,0.08,Education Services,37
878318,6646,8269,2019-07-21,3382.36,270.59,3652.95,0.08,Pharmaceuticals,46
414492,4466,9659,2019-08-05,4287.04,986.02,5273.06,0.23,Food,45
266615,7992,9913,2019-02-10,12148.82,607.44,12756.26,0.05,Automotive,5
844321,7047,9756,2019-06-05,2902.3,145.12,3047.42,0.05,Electronics,47
980711,4674,5611,2019-03-27,4422.58,221.13,4643.71,0.05,,41
226029,2263,6485396889,2019-09-04,1011.32,232.6,1243.92,0.23,Services,50
716534,1902,5065,2019-09-02,1838.52,422.86,2261.38,0.23,Financial Services,56
156402,3407,2508,2019-11-16,9400.18,470.01,9870.19,0.05,Furniture,42
989918,8246,5785,2019-06-01,3196.75,735.25,3932.0,0.23,Automotive,13
245061,8035,9598,2019-10-25,6072.48,485.8,6558.28,0.08,Automotive,26
751944,8079,6357,2019-08-31,166.31,38.25,204.56,0.23,Clothing,58
368217,7055,1780,2019-08-07,1407.18,112.57,1519.75,0.08,Electronics,56
360611,6277,6820,2019-08-17,5001.79,250.09,5251.88,0.05,Clothing,52
434602,5611,1740,2019-03-20,3055.97,702.87,3758.84,0.23,Pharmaceuticals,54
395483,9451,8944,2019-02-18,10169.52,508.48,10678.0,0.05,Machinery,51
125081,7360,7857,2019-07-09,4719.77,235.99,4955.76,0.05,Services,36
153016,7843,6584,2019-04-09,436.42,21.82,458.24,0.05,Clothing,6
481536,8426,12345679,2019-03-20,338.28,77.8,416.08,0.23,Services,57
714268,6685,4230,2019-02-22,1646.11,82.31,1728.42,0.05,Software,43
670215,3692,3171,2019-03-27,3225.25,741.81,3967.06,0.23,Services,12
463754,7177,3540,2019-05-30,149.65,11.97,161.62,0.08,,36
277625,2116,8852,2019-03-25,337.51,27.0,364.51,0.08,Clothing,1
883641,5647,9115,2019-04-08,323.09,16.15,339.24,0.05,Software,58
231913,2030,4357,2019-04-01,156.01,12.48,168.49,0.08,,4
873490,2471,6053,2019-05-15,19889.17,1591.13,21480.3,0.08,Office Supplies,50
378407,9735,1798,2019-10-03,582.12,46.57,628.69,0.08,Office Supplies,41
364137,8035,8383,2019-01-10,7364.96,589.2,7954.16,0.08,Education Services,16
175668,8100,8448,2019-05-27,867.97,69.44,937.41,0.08,Software,25
654021,8481,9827,2019-06-27,8460.73,676.86,9137.59,0.08,Office Supplies,29
701073,2412,4868,2019-08-06,2785.17,139.26,2924.43,0.05,Services,30
555976,8623,5209,2019-07-10,3837.82,191.89,4029.71,0.05,Automotive,40
316241,7956,3020,2019-11-13,780.21,39.01,819.22,0.05,Automotive,23
859434,2968,7365,2019-05-29,119.78,5.99,125.77,0.05,,27
396915,8467,3334,2019-04-19,2956.65,147.83,3104.48,0.05,Construction Materials,24
328759,7340,1780,2019-07-25,539.59,43.17,582.76,0.08,Healthcare Equipment,5
157123,4827,4738,2019-05-27,299.01,14.95,313.96,0.05,Services,26
298162,6887,3286,2019-05-31,7619.02,609.52,8228.54,0.08,Healthcare Equipment,20
946258,9204,4570,2019-01-10,10916.82,545.84,11462.66,0.05,Pharmaceuticals,27
807480,3974,5886,2019-04-02,7099.93,355.0,7454.93,0.05,Financial Services,7
635223,9910,1471,2019-02-26,8208.44,410.42,8618.86,0.05,Machinery,37
254411,1139,2109,2019-05-13,2731.06,628.14,3359.2,0.23,Food,40
117236,7350,1853,2019-03-29,5259.76,420.78,5680.54,0.08,Clothing,5
889778,8481,1902,2019-08-03,3610.49,180.52,3791.01,0.05,Software,28
681541,7258,3643,2019-01-21,3746.61,299.73,4046.34,0.08,Clothing,37
121221,2541,4090,2019-09-21,299.35,23.95,323.3,0.08,Clothing,41
254184,6428,4960,2019-11-28,2172.68,173.81,2346.49,0.08,Electronics,50
168438,1925,8852,2019-08-30,3723.23,856.34,4579.57,0.23,Clothing,20
170882,5508,7666,2019-07-08,747.78,171.99,919.77,0.23,Clothing,41
353979,1966,8747,2019-01-05,3094.66,247.57,3342.23,0.08,Office Supplies,40
633257,1436,9981,2019-02-15,689.04,55.12,744.16,0.08,Pharmaceuticals,52
347950,6911,4179,2019-06-23,11210.1,2578.32,13788.42,0.23,Clothing,39
157850,5200,4753,2019-10-07,2482.3,198.58,2680.88,0.08,Food,29
455409,6525,8902,2019-09-19,387.37,89.1,476.47,0.23,Financial Services,34
219048,4866,1780,2019-03-31,842.92,42.15,885.07,0.05,Pharmaceuticals,48
117541,5555,3564,2019-08-08,5775.44,1328.35,7103.79,0.23,,43
215909,3203,5859,2019-03-06,3513.53,281.08,3794.61,0.08,Services,47
465604,9129,2286,2019-08-09,781.23,62.5,843.73,0.08,Services,27
738581,1537,3836,2019-10-26,511.7,25.59,537.29,0.05,,18
457693,8283,36981644,2019-02-01,1432.16,329.4,1761.56,0.23,Services,44
683331,4513,6631,2019-08-30,120.87,6.04,126.91,0.05,Pharmaceuticals,33
395065,7231,9206,2019-03-02,11901.02,595.05,12496.07,0.05,Education Services,41
146759,6740,6047,2019-08-08,155.86,35.85,191.71,0.23,Office Supplies,57
794460,7701,9384,2019-08-24,8841.87,707.35,9549.22,0.08,Electronics,57
916982,5217,6176,2019-06-29,4308.46,344.68,4653.14,0.08,Services,15
501948,1151,6703,2019-11-03,3407.21,783.66,4190.87,0.23,Clothing,23
227137,8035,3668,2019-02-10,3946.65,197.33,4143.98,0.05,Services,22
983584,9988,8034,2019-07-15,19826.87,1586.15,21413.02,0.08,Machinery,37
861223,8383,2459,2019-07-31,538.21,26.91,565.12,0.05,Construction Materials,13
855832,3284,2906,2019-07-23,1399.11,321.8,1720.91,0.23,Software,15
379119,1755,4737,2019-07-27,216.4,17.31,233.71,0.08,Healthcare Equipment,10
699245,4723,7527,2019-06-28,5875.84,1351.44,7227.28,0.23,Furniture,38
323589,3496,3780,2019-04-30,2381.38,547.72,2929.1,0.23,Electronics,1
690911,1970,9941,2019-02-15,17797.35,1423.79,19221.14,0.08,Electronics,41
716965,5263,2108,2019-05-20,5562.04,444.96,6007.0,0.08,Healthcare Equipment,5
339175,5411,1851,2019-02-15,485.54,24.28,509.82,0.05,Clothing,5
633474,8134,2825,2019-05-15,886.02,70.88,956.9,0.08,Electronics,43
212953,7753,6296,2019-12-22,281.01,22.48,303.49,0.08,Construction Materials,33
522176,1711,3126,2019-12-06,122.48,6.12,128.6,0.05,Services,8
999050,5868,3657,2019-02-09,256.35,58.96,315.31,0.23,Healthcare Equipment,50
388180,5615,7731,2019-07-07,308.56,24.68,333.24,0.08,Machinery,20
860469,5126,1372,2019-04-23,4899.35,244.97,5144.32,0.05,Healthcare Equipment,41
334059,2974,9326,2019-10-18,4953.75,247.69,5201.44,0.05,Office Supplies,6
707076,6211,5647,2019-05-31,13726.84,1098.15,14824.99,0.08,Financial Services,9
363595,9963,6743,2019-12-19,118.42,27.24,145.66,0.23,Clothing,21
991951,1128,3024,2019-02-27,3514.77,281.18,3795.95,0.08,Healthcare Equipment,39
811268,1304,2105,2019-08-05,5946.72,297.34,6244.06,0.05,Construction Materials,5
590822,6176,3236,2019-05-29,1985.42,456.65,2442.07,0.23,Furniture,37
150363,5319,5403,2019-04-14,1572.02,361.56,1933.58,0.23,Clothing,44
579469,5403,12345679,2019-12-27,752.41,173.05,925.46,0.23,Services,37
440792,6188,5980,2019-09-10,141.5,11.32,152.82,0.08,Services,26
360667,2411,4880,2019-06-05,21074.41,1053.72,22128.13,0.05,Services,27
433873,1970,7732,2019-07-08,5456.49,272.82,5729.31,0.05,Clothing,8
976355,1512,4960,2019-07-23,3759.68,864.73,4624.41,0.23,Education Services,50
284170,7843,3269,2019-11-06,7670.67,383.53,8054.2,0.05,Food,4
686730,1800,4665,2019-04-23,574.3,28.71,603.01,0.05,Furniture,26
741126,6161,6176,2019-10-03,107.93,5.4,113.33,0.05,Education Services,26
731891,2213,5013,2019-06-15,5083.98,254.2,5338.18,0.05,Healthcare Equipment,29
905756,9579,1624,2019-06-08,3859.67,887.72,4747.39,0.23,Construction Materials,30
404773,8508,3181,2019-05-11,416.81,20.84,437.65,0.05,Food,7
772937,5492,4619,2019-12-08,510.08,40.81,550.89,0.08,Construction Materials,55
912131,1151,2613,2019-12-27,159.28,36.63,195.91,0.23,Office Supplies,29
392904,6412,3236,2019-10-04,724.34,57.95,782.29,0.08,Construction Materials,44
289796,3419,1836,2019-02-05,21346.79,1707.74,23054.53,0.08,Food,57
130525,2030,3024,2019-02-04,4061.44,203.07,4264.51,0.05,Food,4
615239,6115,8755,2019-01-24,529.93,42.39,572.32,0.08,Electronics,18
920605,8755,8852,2019-12-26,20717.24,1035.86,21753.1,0.05,Education Services,10
571390,5126,5611,2019-12-03,7552.86,1737.16,9290.02,0.23,,23
614799,2176,7951,2019-11-17,183.43,14.67,198.1,0.08,Office Supplies,41
568993,5254,5655,2019-07-30,688.95,158.46,847.41,0.23,Education Services,13
415178,4560,9326,2019-02-14,298.47,14.92,313.39,0.05,Construction Materials,54
837979,7500,5478,2019-06-12,2724.93,136.25,2861.18,0.05,Office Supplies,51
240008,8368,8940,2019-07-03,11748.68,2702.2,14450.88,0.23,Construction Materials,15
662981,3024,7277,2019-12-15,7866.04,393.3,8259.34,0.05,Clothing,16
750993,3543,5478,2019-06-21,626.07,144.0,770.07,0.23,Financial Services,2
478087,7878,4652,2019-03-17,5550.28,444.02,5994.3,0.08,Software,25
798699,4327,6078,2019-10-27,21342.91,1707.43,23050.34,0.08,Software,28
134877,3836,5764,2019-10-15,12795.7,2943.01,15738.71,0.23,Food,34
859838,2065,7915,2019-08-01,597.22,47.78,645.0,0.08,,18
163845,9941,4589,2019-11-06,18771.66,1501.73,20273.39,0.08,Food,27
766748,6847,2066,2019-12-14,3414.5,273.16,3687.66,0.08,Education Services,1
217022,1643,3650,2019-07-07,825.06,66.0,891.06,0.08,Automotive,38
116012,6526,8615,2019-02-10,9808.7,784.7,10593.4,0.08,Electronics,59
596317,9565,6132,2019-01-05,2073.72,165.9,2239.62,0.08,Healthcare Equipment,45
421809,7231,8448,2019-09-16,108.95,5.45,114.4,0.05,Education Services,40
497808,2226,4745,2019-01-02,378.4,18.92,397.32,0.05,Services,57
121524,7297,1128,2019-05-20,6867.33,549.39,7416.72,0.08,Construction Materials,55
431934,8179,4834,2019-02-11,281.28,64.69,345.97,0.23,Furniture,30
284073,5853,5597,2019-06-05,7455.05,1714.66,9169.71,0.23,Education Services,26
508443,8094,7527,2019-05-18,380.38,87.49,467.87,0.23,Furniture,28
124050,6238,6485020086,2019-12-14,135.05,31.06,166.11,0.23,Services,10
772078,1139,1711,2019-02-05,7934.56,634.76,8569.32,0.08,,47
451025,8070,7491,2019-10-16,199.63,15.97,215.6,0.08,Pharmaceuticals,31
173485,8801,1567,2019-12-27,563.58,45.09,608.67,0.08,Machinery,42
557002,7911,8079,2019-03-14,503.77,115.87,619.64,0.23,,14
299300,6157,7353,2019-03-25,263.32,13.17,276.49,0.05,Services,52
453979,7867,9390,2019-11-16,583.02,46.64,629.66,0.08,Furniture,13
745958,9326,4090,2019-02-26,882.3,202.93,1085.23,0.23,Financial Services,47
314040,4560,8142,2019-05-29,2400.91,552.21,2953.12,0.23,Financial Services,51
751336,5895,8366,2019-02-16,1745.27,139.62,1884.89,0.08,Electronics,27
632055,6500,7894,2019-11-27,411.33,32.91,444.24,0.08,Office Supplies,10
610393,8096,9085,2019-05-03,184.02,9.2,193.22,0.05,Electronics,44
730313,2753,6631,2019-11-23,104.35,8.35,112.7,0.08,Machinery,5
672601,1888,12345679,2019-03-05,609.22,140.12,749.34,0.23,Services,25
370724,8522,9255,2019-04-17,245.07,12.25,257.32,0.05,Clothing,21
770820,7217,2968,2019-12-01,166.82,38.37,205.19,0.23,Furniture,56
751528,2906,5282,2019-09-24,1751.4,87.57,1838.97,0.05,Furniture,55
874073,4986,2530,2019-01-02,4126.87,949.18,5076.05,0.23,Automotive,42
893380,1151,1082,2019-05-09,16600.3,3818.07,20418.37,0.23,Clothing,6
730017,3548,4204,2019-02-25,6529.99,522.4,7052.39,0.08,Pharmaceuticals,36
437921,9316,6598,2019-02-13,365.73,18.29,384.02,0.05,Pharmaceuticals,22
999213,3284,5492,2019-10-14,510.65,25.53,536.18,0.05,Furniture,27
689122,9384,2030,2019-02-12,113.82,26.18,140.0,0.23,Financial Services,26
799479,5494,1627,2019-09-23,19064.22,4384.77,23448.99,0.23,Machinery,37
143056,7966,3126,2019-08-07,451.26,22.56,473.82,0.05,Services,9
280358,6211,9709,2019-07-07,183.36,42.17,225.53,0.23,Pharmaceuticals,4
815728,8709,3564,2019-02-14,1133.04,90.64,1223.68,0.08,,16
807006,1925,5261,2019-10-01,9294.61,464.73,9759.34,0.05,,58
171062,9292,5290,2019-08-20,3042.78,152.14,3194.92,0.05,Healthcare Equipment,21
513097,6526,3469,2019-04-04,6482.55,518.6,7001.15,0.08,Healthcare Equipment,34
796361,9735,8342,2019-05-23,5379.68,268.98,5648.66,0.05,,50
109423,3668,7170,2019-01-01,3171.54,729.45,3900.99,0.23,Software,28
456928,3286,1895,2019-08-23,3767.43,188.37,3955.8,0.05,Software,46
773591,5501,6990,2019-04-03,6085.82,304.29,6390.11,0.05,Clothing,43
449400,2065,8051,2019-08-08,3258.26,162.91,3421.17,0.05,Financial Services,38
587014,4245,1685,2019-12-18,754.38,173.51,927.89,0.23,Software,14
342988,5114,4355,2019-01-11,463.78,37.1,500.88,0.08,Services,27
134353,2409,67970315,2019-10-14,228.84,52.63,281.47,0.23,Services,38
961642,1765,9803,2019-11-14,6802.2,544.18,7346.38,0.08,Food,7
888359,2176,5297,2019-12-19,12516.45,625.82,13142.27,0.05,Clothing,30
436867,7867,2542,2019-01-13,9625.65,770.05,10395.7,0.08,Furniture,9
604268,9988,8472,2019-03-20,4776.72,382.14,5158.86,0.08,Clothing,15
645319,9259,8826,2019-10-28,439.99,35.2,475.19,0.08,,6
274056,4776,9412,2019-01-15,1188.26,273.3,1461.56,0.23,Services,15
666578,9308,5520,2019-03-01,22958.1,5280.36,28238.46,0.23,Office Supplies,4
311313,3808,5086,2019-06-21,181.28,14.5,195.78,0.08,Construction Materials,53
496814,4179,2635,2019-11-12,1590.62,127.25,1717.87,0.08,Electronics,46
429459,8940,4150,2019-07-21,793.27,63.46,856.73,0.08,Pharmaceuticals,6
722864,8422,7857,2019-04-05,180.21,9.01,189.22,0.05,Office Supplies,56
727069,7753,5086,2019-03-28,637.99,51.04,689.03,0.08,Construction Materials,59
977743,8368,4170,2019-03-08,538.71,43.1,581.81,0.08,Office Supplies,18
256963,5670,9981,2019-09-13,6659.75,1531.74,8191.49,0.23,Electronics,31
638772,9820,1851,2019-11-25,3752.15,862.99,4615.14,0.23,Machinery,21
569848,2715,2771,2019-10-26,329.94,26.4,356.34,0.08,Healthcare Equipment,23
198266,7247,8187,2019-01-03,411.6,94.67,506.27,0.23,Software,17
203433,1791,2293,2019-06-14,360.82,82.99,443.81,0.23,Education Services,30
342818,4340,1276628323,2019-10-26,1100.63,253.14,1353.77,0.23,Services,54
830534,9661,9206,2019-12-19,1184.04,59.2,1243.24,0.05,Electronics,6
875114,6542,6122,2019-06-10,798.12,39.91,838.03,0.05,Food,52
990387,5937,1179,2019-12-25,102.84,8.23,111.07,0.08,,57
134330,4276,1422,2019-03-19,567.05,130.42,697.47,0.23,Machinery,13
913414,8482,5217,2019-11-06,1273.04,292.8,1565.84,0.23,Automotive,26
707911,8785,5647,2019-09-13,5826.17,1340.02,7166.19,0.23,Software,52
742083,9347,7753,2019-09-23,2403.45,552.79,2956.24,0.23,Pharmaceuticals,23
470024,2553,4991,2019-08-23,116.28,26.74,143.02,0.23,Education Services,5
903262,4541,4276,2019-11-07,12418.23,620.91,13039.14,0.05,Software,24
646241,4412,7880,2019-03-25,4209.9,210.5,4420.4,0.05,Automotive,38
755833,1381,1786,2019-06-16,5660.75,452.86,6113.61,0.08,Food,51
863972,9484,1457,2019-09-10,173.91,40.0,213.91,0.23,Machinery,34
727629,1512,4880,2019-08-14,222.98,17.84,240.82,0.08,Clothing,4
100650,9384,9560,2019-06-08,844.7,42.24,886.94,0.05,Software,47
802443,3756,8645,2019-07-30,306.07,70.4,376.47,0.23,Furniture,35
312291,2213,6145,2019-10-11,9142.11,731.37,9873.48,0.08,Electronics,58
177134,5254,1754,2019-06-17,767.86,61.43,829.29,0.08,Services,29
233661,7353,2825,2019-06-13,5069.38,405.55,5474.93,0.08,Automotive,12
729326,7337,1798,2019-05-21,5756.15,460.49,6216.64,0.08,Machinery,22
166769,3717,2266,2019-11-17,122.8,9.82,132.62,0.08,Food,28
313269,2715,9598,2019-12-29,4407.22,352.58,4759.8,0.08,Construction Materials,2
286373,8615,6800,2019-05-13,692.64,34.63,727.27,0.05,Education Services,55
301436,2423,8383,2019-07-26,332.71,26.62,359.33,0.08,Construction Materials,31
585692,8152,5209,2019-03-14,9832.17,786.57,10618.74,0.08,Services,35
584273,5102,12345680,2019-09-12,1086.25,249.84,1336.09,0.23,,20
297495,8931,5452,2019-06-10,4497.88,359.83,4857.71,0.08,Pharmaceuticals,29
940403,8051,2253,2019-01-10,3784.35,189.22,3973.57,0.05,Services,23
363389,2508,9158,2019-09-09,7007.26,1611.67,8618.93,0.23,Pharmaceuticals,26
686448,5316,2518615027,2019-01-17,578.34,133.02,711.36,0.23,Services,59
706721,5859,2536,2019-09-18,1934.28,96.71,2030.99,0.05,Machinery,25
107150,9030,6168,2019-07-02,632.81,50.62,683.43,0.08,Machinery,50
773252,4925,5319,2019-08-16,20457.47,1636.6,22094.07,0.08,Pharmaceuticals,36
325456,9518,28608761,2019-01-12,153.18,35.23,188.41,0.23,Services,54
603296,5069,2536,2019-12-17,7537.14,602.97,8140.11,0.08,Software,26
657064,2536,5602,2019-10-25,4975.2,398.02,5373.22,0.08,Financial Services,54
403920,6750,2328,2019-07-08,5345.66,427.65,5773.31,0.08,Food,47
777231,1896,1526,2019-06-30,174.18,13.93,188.11,0.08,Office Supplies,39
902965,7258,7733,2019-01-18,580.12,29.01,609.13,0.05,Clothing,35
344257,5144,5232,2019-05-02,9419.4,2166.46,11585.86,0.23,Pharmaceuticals,29
165844,9709,9326,2019-02-12,15681.96,3606.85,19288.81,0.23,Services,60
607126,2492,9421,2019-01-26,143.66,11.49,155.15,0.08,Food,10
376132,1304,9204,2019-10-09,8204.87,1887.12,10091.99,0.23,Healthcare Equipment,31
670016,4634,9822,2019-08-25,879.41,43.97,923.38,0.05,Clothing,10
612276,6296,3836,2019-02-12,973.6,77.89,1051.49,0.08,Education Services,2
367672,2266,1055,2019-11-27,16570.38,828.52,17398.9,0.05,Food,12
933937,9971,4665,2019-11-05,8494.76,1953.79,10448.55,0.23,Services,2
256916,3478,2156,2019-08-26,5893.77,471.5,6365.27,0.08,Machinery,58
904833,9966,2116,2019-11-08,17930.93,4124.11,22055.04,0.23,,35
304480,9941,9085,2019-02-21,4579.03,366.32,4945.35,0.08,Automotive,16
243843,2176,6064,2019-11-21,248.38,19.87,268.25,0.08,Healthcare Equipment,13
680548,5263,9966,2019-10-03,990.3,49.52,1039.82,0.05,Healthcare Equipment,9
566195,1682,6543,2019-05-31,102.37,8.19,110.56,0.08,Electronics,55
572532,2492,6698,2019-10-11,1804.49,90.22,1894.71,0.05,,27
714362,2542,3738,2019-07-18,376.21,18.81,395.02,0.05,Pharmaceuticals,34
720212,1055,1304,2019-10-05,8120.77,406.04,8526.81,0.05,Furniture,34
425151,3828,9874,2019-01-17,177.88,40.91,218.79,0.23,Machinery,0
928764,5232,5290,2019-11-17,367.74,18.39,386.13,0.05,Pharmaceuticals,60
960690,3628,1760,2019-02-03,7476.33,373.82,7850.15,0.05,Food,24
453443,9717,5842,2019-09-01,460.71,23.04,483.75,0.05,Automotive,28
734036,2266,7396,2019-04-27,334.86,26.79,361.65,0.08,Software,0
820970,5034,9963,2019-07-29,2203.9,176.31,2380.21,0.08,Pharmaceuticals,47
216313,4081,5615,2019-11-15,2953.16,236.25,3189.41,0.08,Healthcare Equipment,5
804850,6517,9167,2019-06-26,9635.53,770.84,10406.37,0.08,Machinery,60
421357,7350,12345680,2019-11-25,467.47,107.52,574.99,0.23,Services,54
964431,5209,12345679,2019-08-23,224.33,51.6,275.93,0.23,Services,20
269990,3851,3851937024,2019-04-04,1381.26,317.69,1698.95,0.23,Services,0
376562,9185,8919,2019-10-13,521.66,41.73,563.39,0.08,Services,44
705394,6132,2213,2019-08-11,463.32,37.07,500.39,0.08,Food,38
474882,3365,7326,2019-03-25,659.95,151.79,811.74,0.23,,24
915338,2326,7777,2019-12-09,1399.17,69.96,1469.13,0.05,Automotive,43
975287,1256,8852,2019-10-05,1490.95,119.28,1610.23,0.08,Clothing,3
742175,8814,4512,2019-04-30,1787.54,89.38,1876.92,0.05,Office Supplies,40
176511,7258,3251,2019-11-02,11044.54,883.56,11928.1,0.08,Machinery,51
768778,9621,6420235438,2019-03-29,276.12,63.51,339.63,0.23,,40
699204,7360,6479,2019-10-31,639.17,51.13,690.3,0.08,Healthcare Equipment,29
130980,2465,6122,2019-07-04,128.4,6.42,134.82,0.05,Clothing,45
342180,4928,9477,2019-02-04,9782.24,2249.92,12032.16,0.23,Healthcare Equipment,40
623194,2968,8112,2019-08-09,197.51,9.88,207.39,0.05,Education Services,3
244646,9735,2078,2019-07-23,1145.36,91.63,1236.99,0.08,Pharmaceuticals,9
590706,3144,1616,2019-12-13,2820.63,141.03,2961.66,0.05,Pharmaceuticals,1
393719,8864,3727,2019-01-06,389.71,89.63,479.34,0.23,Pharmaceuticals,47
832832,4300,7466,2019-02-08,24609.18,5660.11,30269.29,0.23,Education Services,34
204899,2567,3293,2019-12-18,3424.62,787.66,4212.28,0.23,Clothing,5
422186,6163,8529,2019-05-10,23013.59,1150.68,24164.27,0.05,Automotive,13
515239,3407,1499173,2019-10-09,1473.01,338.79,1811.8,0.23,Services,14
145391,6315,6211,2019-10-04,4117.04,946.92,5063.96,0.23,Food,60
354808,9018,5379,2019-04-18,20009.54,1600.76,21610.3,0.08,Financial Services,50
197686,6503,5046,2019-12-02,682.41,54.59,737.0,0.08,Electronics,26
989188,4466,7393,2019-05-08,857.7,42.89,900.59,0.05,Software,17
854637,2108,6676,2019-04-08,283.75,14.19,297.94,0.05,Financial Services,20
592986,8034,5455,2019-10-23,13737.84,1099.03,14836.87,0.08,Clothing,25
427606,1506,8944,2019-01-03,2574.58,128.73,2703.31,0.05,Clothing,58
490027,6394,3780,2019-01-22,326.03,74.99,401.02,0.23,Clothing,34
453798,9560,3623,2019-10-27,477.79,109.89,587.68,0.23,Food,24
727745,6064,1624,2019-03-13,1529.53,122.36,1651.89,0.08,,50
151865,6390,3013,2019-11-12,297.62,68.45,366.07,0.23,Clothing,48
561337,8481,5009,2019-02-25,13534.1,676.71,14210.81,0.05,Food,14
118710,9941,3338,2019-05-15,395.65,91.0,486.65,0.23,Automotive,20
247968,7305,8826,2019-11-17,826.86,190.18,1017.04,0.23,Software,10
199639,9998,2409,2019-03-20,3040.32,152.02,3192.34,0.05,Services,9
706510,2953,1457,2019-05-24,5073.91,253.7,5327.61,0.05,Pharmaceuticals,36
311913,1733,1484,2019-02-01,179.06,14.32,193.38,0.08,Education Services,56
961137,8070,8472,2019-08-29,413.86,33.11,446.97,0.08,Pharmaceuticals,60
134105,6300,3974,2019-10-27,709.96,163.29,873.25,0.23,Furniture,7
816619,2176,9115,2019-08-19,1973.89,157.91,2131.8,0.08,Electronics,54
717841,4090,9822,2019-01-24,620.25,142.66,762.91,0.23,Food,56
295388,6080,5076,2019-12-24,5988.46,299.42,6287.88,0.05,Food,45
698369,4313,8034,2019-06-21,3066.51,705.3,3771.81,0.23,Electronics,43
435804,5426,6394,2019-10-24,18001.39,900.07,18901.46,0.05,Construction Materials,9
662578,6895,8874,2019-07-26,1037.89,51.89,1089.78,0.05,Furniture,14
555983,5615,5319,2019-10-10,9687.92,484.4,10172.32,0.05,Services,31
943815,6145,7333,2019-02-27,682.84,34.14,716.98,0.05,Financial Services,43
773967,1082,5003,2019-05-01,226.41,52.07,278.48,0.23,Office Supplies,50
676745,4317,1627,2019-04-23,18735.71,1498.86,20234.57,0.08,Financial Services,13
450181,4652,1526,2019-07-03,5941.49,297.07,6238.56,0.05,Clothing,30
683298,6184,7256,2019-07-27,4255.17,978.69,5233.86,0.23,Healthcare Equipment,39
656220,6698,4735,2019-03-21,13157.98,1052.64,14210.62,0.08,Software,35
575996,4568,9420,2019-11-09,4566.17,1050.22,5616.39,0.23,Clothing,1
413201,2471,3543,2019-06-22,283.33,65.17,348.5,0.23,Healthcare Equipment,54
174090,6031,4738,2019-03-18,18188.44,4183.34,22371.78,0.23,Financial Services,53
888332,8431,6274,2019-01-09,6941.35,347.07,7288.42,0.05,Food,25
967672,9316,7784,2019-09-25,5741.68,287.08,6028.76,0.05,Food,20
736047,4689,5928,2019-02-13,3418.98,273.52,3692.5,0.08,Clothing,57
928413,9686,7992,2019-02-19,5861.37,468.91,6330.28,0.08,Pharmaceuticals,37
378600,5057,8246,2019-11-08,10160.69,812.86,10973.55,0.08,Machinery,16
657983,1139,2253,2019-12-06,14030.87,3227.1,17257.97,0.23,Healthcare Equipment,48
100978,5800,3488,2019-07-28,3849.24,192.46,4041.7,0.05,Services,50
109889,4354,7859,2019-08-06,167.25,13.38,180.63,0.08,Services,52
531045,3988,1643,2019-04-04,7957.19,636.58,8593.77,0.08,Healthcare Equipment,41
828895,1792,7350,2019-12-22,20329.78,1626.38,21956.16,0.08,Office Supplies,11
236293,3407,6595,2019-12-05,18913.51,1513.08,20426.59,0.08,Furniture,17
421161,7421,5120,2019-09-27,838.2,67.06,905.26,0.08,Software,29
685739,1484,4541,2019-12-06,2033.2,101.66,2134.86,0.05,Office Supplies,24
621627,1688,8368,2019-01-14,3973.39,198.67,4172.06,0.05,Furniture,41
260218,7495,7326,2019-12-09,106.82,24.57,131.39,0.23,Food,0
184302,8436,6394,2019-08-08,136.3,31.35,167.65,0.23,Machinery,4
308118,5507,5478,2019-11-27,9271.7,463.59,9735.29,0.05,Machinery,58
859546,8529,7466,2019-04-17,24000.6,1200.03,25200.63,0.05,Machinery,1
940134,7491,5232,2019-11-18,790.87,63.27,854.14,0.08,Education Services,58
166607,8855,7801,2019-12-07,958.76,220.51,1179.27,0.23,Construction Materials,34
831226,9567,5203,2019-08-16,511.49,40.92,552.41,0.08,Office Supplies,9
940707,7357,6676,2019-08-13,16634.56,831.73,17466.29,0.05,Healthcare Equipment,36
495829,7911,7974,2019-09-18,8946.44,447.32,9393.76,0.05,,16
999555,9096,4663,2019-11-13,272.06,21.76,293.82,0.08,Pharmaceuticals,48
156038,5144,4668,2019-09-07,746.68,59.73,806.41,0.08,Services,35
203342,3441,7859,2019-03-30,22663.48,1813.08,24476.56,0.08,Pharmaceuticals,44
912962,6295,2204,2019-11-11,330.04,16.5,346.54,0.05,Automotive,46
889667,2504,8944,2019-05-31,1976.62,98.83,2075.45,0.05,Financial Services,23
630251,5508,2295,2019-10-06,1837.07,146.97,1984.04,0.08,Automotive,56
201139,1780,7337,2019-11-14,4407.28,352.58,4759.86,0.08,Furniture,10
161083,4880,7859,2019-06-11,9694.8,484.74,10179.54,0.05,Clothing,10
167681,9167,7848,2019-10-18,18894.2,4345.67,23239.87,0.23,Electronics,52
109524,9357,7857,2019-04-27,265.24,13.26,278.5,0.05,Electronics,15
277058,6422,5517,2019-08-23,2402.68,192.21,2594.89,0.08,Clothing,36
710915,3628,6300,2019-01-13,1977.7,158.22,2135.92,0.08,Software,3
481876,1624,7947,2019-06-11,213.89,17.11,231.0,0.08,Software,59
470151,8645,6820,2019-07-19,1027.63,82.21,1109.84,0.08,Automotive,42
138812,8134,6743,2019-04-02,298.21,23.86,322.07,0.08,Pharmaceuticals,58
384432,4668,9204,2019-04-08,342.85,17.14,359.99,0.05,Clothing,20
472765,1854,2683,2019-10-04,3790.88,189.54,3980.42,0.05,Healthcare Equipment,36
333528,4812,7451,2019-12-07,324.91,74.73,399.64,0.23,Services,0
858047,1643,5520,2019-05-24,185.23,14.82,200.05,0.08,Services,23
109145,7393,8623,2019-04-11,19298.97,964.95,20263.92,0.05,Machinery,27
326683,5056,7326,2019-03-22,2684.2,214.74,2898.94,0.08,Software,50
434294,4892,4049,2019-04-24,4739.79,1090.15,5829.94,0.23,Clothing,14
907321,7177,12345680,2019-02-24,525.56,120.88,646.44,0.23,Services,43
368081,8142,7043,2019-07-28,640.02,32.0,672.02,0.05,Clothing,56
867724,4735,5694,2019-05-06,750.42,60.03,810.45,0.08,Furniture,59
913265,7360,5764,2019-10-06,12852.64,1028.21,13880.85,0.08,Food,22
617318,7298,8179,2019-08-23,230.55,11.53,242.08,0.05,Healthcare Equipment,27
134860,7117,3203,2019-06-27,21751.12,5002.76,26753.88,0.23,Education Services,31
560958,1896,8426,2019-05-03,849.08,42.45,891.53,0.05,Construction Materials,25
685872,9000,4981,2019-02-26,218.59,17.49,236.08,0.08,,34
762694,3033,1250,2019-09-01,161.94,8.1,170.04,0.05,Clothing,40
113128,8947,2266,2019-05-30,550.87,44.07,594.94,0.08,Electronics,18
873474,7043,5402,2019-08-12,197.38,15.79,213.17,0.08,Furniture,59
153723,7319,5615,2019-03-27,3359.69,268.78,3628.47,0.08,Automotive,1
994304,4860,1180,2019-05-13,594.26,47.54,641.8,0.08,Office Supplies,30
930782,2263,8094,2019-07-19,3139.31,722.04,3861.35,0.23,Financial Services,11
216668,4960,5340,2019-02-26,471.62,37.73,509.35,0.08,Office Supplies,21
598608,6440,1836,2019-11-25,119.67,5.98,125.65,0.05,Machinery,20
823395,1735,1817,2019-10-03,1311.7,65.59,1377.29,0.05,Office Supplies,39
478262,6506,7753,2019-02-21,22284.97,5125.54,27410.51,0.23,Construction Materials,13
344794,8431,6922,2019-06-26,400.32,20.02,420.34,0.05,Software,18
132883,7731,6472,2019-01-10,495.45,39.64,535.09,0.08,Machinery,9
848179,9467,2579,2019-09-25,794.92,63.59,858.51,0.08,Education Services,10
259515,8598,5061,2019-03-15,7996.73,639.74,8636.47,0.08,Financial Services,36
800607,6542,5358,2019-05-15,5011.51,1152.65,6164.16,0.23,Clothing,4
974897,3300,2334,2019-10-16,128.46,29.55,158.01,0.23,Machinery,43
170400,8755,8481,2019-08-19,396.07,31.69,427.76,0.08,Construction Materials,8
225107,8070,8112,2019-12-16,558.52,27.93,586.45,0.05,Furniture,54
882365,6736,6703,2019-10-21,9727.42,2237.31,11964.73,0.23,Services,23
175079,7030,8816,2019-11-16,3896.36,896.16,4792.52,0.23,Financial Services,22
210365,5003,1798,2019-06-14,18063.47,903.17,18966.64,0.05,Construction Materials,59
394677,6685,6904,2019-02-12,928.89,46.44,975.33,0.05,Healthcare Equipment,8
342310,3679,4595,2019-05-06,20440.18,1635.21,22075.39,0.08,Software,43
446436,8522,9418,2019-12-09,6702.22,536.18,7238.4,0.08,Electronics,47
480801,7695,4466,2019-12-28,528.47,42.28,570.75,0.08,Pharmaceuticals,23
409064,3645,5886,2019-05-05,132.66,30.51,163.17,0.23,Furniture,19
420508,9518,6911,2019-02-17,1000.64,50.03,1050.67,0.05,Construction Materials,41
862511,4747,5560,2019-06-17,4088.41,327.07,4415.48,0.08,Clothing,1
516735,1188,1160,2019-01-05,8477.07,678.17,9155.24,0.08,Food,33
796842,2360,5905,2019-05-16,8153.29,652.26,8805.55,0.08,Education Services,45
408467,9096,9484,2019-08-20,19209.24,1536.74,20745.98,0.08,Construction Materials,38
907264,5937,7951,2019-04-21,787.49,39.37,826.86,0.05,Furniture,47
548864,9654,8864,2019-06-18,248.96,12.45,261.41,0.05,Office Supplies,5
843197,6106,1760,2019-10-08,487.08,112.03,599.11,0.23,Construction Materials,1
770209,1128,1457,2019-04-29,2745.93,137.3,2883.23,0.05,Education Services,25
680358,6539,6917,2019-06-17,126.14,29.01,155.15,0.23,Automotive,44
508871,6600,3488,2019-01-07,790.6,63.25,853.85,0.08,Office Supplies,34
479286,1352,4204,2019-04-01,9386.5,469.33,9855.83,0.05,Office Supplies,9
468108,6483,4695,2019-09-24,2226.87,178.15,2405.02,0.08,Clothing,40
584322,5144,5402,2019-07-31,535.85,42.87,578.72,0.08,Electronics,15
888799,7843,1059,2019-08-05,631.73,31.59,663.32,0.05,Machinery,9
657911,9255,1763,2019-03-25,480.75,24.04,504.79,0.05,Healthcare Equipment,60
582352,9368,4652,2019-09-14,3335.07,166.75,3501.82,0.05,Healthcare Equipment,36
233507,2553,8152,2019-01-06,161.47,37.14,198.61,0.23,Education Services,36
286609,2145,6463,2019-08-29,2951.34,147.57,3098.91,0.05,Services,50
170160,7256,3851,2019-11-08,426.53,21.33,447.86,0.05,Clothing,38
234354,9598,6371,2019-10-01,485.44,38.84,524.28,0.08,Clothing,1
627170,7458,6535,2019-08-23,2047.01,163.76,2210.77,0.08,Electronics,9
579395,1185,3006,2019-10-30,11574.2,578.71,12152.91,0.05,Financial Services,45
753524,2157,6927,2019-07-01,677.21,155.76,832.97,0.23,Office Supplies,1
200637,9405,5647,2019-06-20,20782.79,1662.62,22445.41,0.08,Machinery,21
527748,3126,2649,2019-08-17,1621.35,129.71,1751.06,0.08,Office Supplies,39
432540,7395,8816,2019-06-14,254.1,12.71,266.81,0.05,Clothing,50
324045,8806,3780,2019-07-06,256.34,20.51,276.85,0.08,Services,52
833635,9686,3826,2019-06-30,3381.95,169.1,3551.05,0.05,Machinery,12
295696,5593,4753,2019-08-31,416.41,33.31,449.72,0.08,,26
667388,1389,8452,2019-04-07,220.11,17.61,237.72,0.08,Software,19
306983,7531,6064,2019-12-16,14448.37,722.42,15170.79,0.05,Clothing,43
679563,8472,3284,2019-04-06,5313.62,1222.13,6535.75,0.23,Food,9
185820,5144,5918,2019-02-18,4384.62,219.23,4603.85,0.05,Pharmaceuticals,35
148074,7746,1895,2019-09-08,2369.3,118.47,2487.77,0.05,Services,1
321442,6600,1735,2019-07-15,802.21,184.51,986.72,0.23,Automotive,21
356056,3171,1817,2019-02-16,345.4,27.63,373.03,0.08,Construction Materials,45
465621,5531,7305,2019-02-25,326.03,16.3,342.33,0.05,Office Supplies,46
209344,2790,4793,2019-07-17,620.53,49.64,670.17,0.08,Healthcare Equipment,10
375081,4619,7811,2019-04-26,1620.04,372.61,1992.65,0.23,Services,40
941761,7393,3055,2019-10-18,165.81,38.14,203.95,0.23,Machinery,22
684482,1526,7350,2019-04-04,3774.83,868.21,4643.04,0.23,Food,9
648138,9226,1352,2019-06-11,4762.52,381.0,5143.52,0.08,Financial Services,56
238827,4595,8623,2019-06-12,281.44,64.73,346.17,0.23,Clothing,7
958628,8472,2508,2019-05-30,907.89,72.63,980.52,0.08,Machinery,2
126882,8340,1817,2019-12-09,9306.06,465.3,9771.36,0.05,Clothing,45
787465,1888,7971,2019-03-14,5621.2,1292.88,6914.08,0.23,Construction Materials,7
796186,5086,2379,2019-02-07,483.01,38.64,521.65,0.08,Pharmaceuticals,60
244533,7189,8050,2019-08-21,2139.8,171.18,2310.98,0.08,Financial Services,34
146355,7500,5120,2019-04-10,587.24,135.07,722.31,0.23,Automotive,14
128296,6390,9132,2019-01-09,594.6,136.76,731.36,0.23,Clothing,28
823045,9771,12345679,2019-01-02,894.68,205.78,1100.46,0.23,Services,40
858844,8378,9569,2019-10-27,1562.66,125.01,1687.67,0.08,Software,19
378046,6472,2025,2019-04-19,8337.79,1917.69,10255.48,0.23,Services,30
695515,5411,7527,2019-12-25,524.02,26.2,550.22,0.05,Electronics,46
482012,8426,2157,2019-04-08,686.65,157.93,844.58,0.23,Education Services,3
240901,9565,5615,2019-02-26,9757.1,487.86,10244.96,0.05,Office Supplies,18
796341,3516,9565,2019-08-31,8587.55,687.0,9274.55,0.08,Office Supplies,43
711566,3756,3582,2019-01-05,21348.26,4910.1,26258.36,0.23,,43
476529,8190,3300,2019-10-01,1682.93,387.07,2070.0,0.23,Machinery,19
752835,7974,2638,2019-05-03,1894.09,94.7,1988.79,0.05,Construction Materials,59
440192,3407,2411,2019-01-10,244.51,56.24,300.75,0.23,Software,39
860526,3284,3964,2019-03-02,1103.81,88.3,1192.11,0.08,Pharmaceuticals,33
838731,5895,3361,2019-07-02,581.58,133.76,715.34,0.23,Office Supplies,7
136537,1188,9418,2019-04-22,11315.29,905.22,12220.51,0.08,Automotive,28
228564,1302,8785,2019-09-22,436.84,34.95,471.79,0.08,Office Supplies,29
369177,9820,5711376,2019-04-15,1240.4,285.29,1525.69,0.23,Services,57
327308,7250,8096,2019-09-09,2315.72,115.79,2431.51,0.05,Construction Materials,17
904273,9324,8050,2019-01-20,4136.95,330.96,4467.91,0.08,Furniture,40
982136,3974,2311,2019-01-02,206.05,10.3,216.35,0.05,Automotive,27
828862,4994,7762,2019-03-30,706.05,56.48,762.53,0.08,Financial Services,27
408502,7878,8035,2019-12-27,3459.77,172.99,3632.76,0.05,Furniture,28
912512,1082,9910,2019-11-05,5235.84,1204.24,6440.08,0.23,Construction Materials,31
328263,3564,6634,2019-09-26,624.83,49.99,674.82,0.08,Software,56
418795,7393,4306,2019-11-16,18764.52,938.23,19702.75,0.05,Electronics,56
373412,6080,9605,2019-06-24,949.92,75.99,1025.91,0.08,Pharmaceuticals,15
185401,5980,8919,2019-08-25,1779.14,88.96,1868.1,0.05,Office Supplies,9
807534,5069,8624,2019-11-10,221.0,50.83,271.83,0.23,Healthcare Equipment,16
369095,1902,7451,2019-12-04,265.52,13.28,278.8,0.05,Financial Services,45
915479,5974,6922,2019-06-24,4609.95,1060.29,5670.24,0.23,Healthcare Equipment,50
515585,8187,2715,2019-11-06,14206.47,710.32,14916.79,0.05,Construction Materials,34
705208,3643,8500,2019-06-06,14352.53,1148.2,15500.73,0.08,Education Services,29
723321,4928,2227,2019-11-07,3695.44,849.95,4545.39,0.23,Services,26
250316,5597,9118,2019-02-07,14177.53,3260.83,17438.36,0.23,,34
328592,5240,6800,2019-04-20,12969.19,1037.54,14006.73,0.08,Electronics,4
811835,4860,6361,2019-01-16,7129.8,356.49,7486.29,0.05,Software,31
358091,7398,5735,2019-03-31,3472.89,798.76,4271.65,0.23,Food,29
415922,3247,4981,2019-06-25,981.03,225.64,1206.67,0.23,Machinery,36
595349,9560,7337,2019-08-24,4364.11,1003.75,5367.86,0.23,Automotive,35
851863,5120,9686,2019-06-05,2563.7,589.65,3153.35,0.23,Pharmaceuticals,31
800195,2508,6517,2019-10-12,2109.44,485.17,2594.61,0.23,,10
988663,2199,8152,2019-09-30,848.36,67.87,916.23,0.08,Machinery,38
395619,1824,1512,2019-03-22,505.93,25.3,531.23,0.05,Clothing,8
557393,4695,6750,2019-11-14,3275.37,753.34,4028.71,0.23,Education Services,7
273108,6802,8559,2019-05-06,6941.96,555.36,7497.32,0.08,Services,17
953026,2750,9180,2019-12-04,22575.48,1128.77,23704.25,0.05,Food,48
182148,1372,4985,2019-10-19,1614.25,80.71,1694.96,0.05,,24
531172,2157,1250,2019-04-23,207.04,47.62,254.66,0.23,Services,22
445826,9868,9756,2019-01-20,3177.6,254.21,3431.81,0.08,Education Services,44
154579,9735,3496,2019-01-06,15632.8,3595.54,19228.34,0.23,Office Supplies,9
214737,6296,3168,2019-04-21,670.3,33.52,703.82,0.05,Clothing,41
293490,9514,1473,2019-03-19,1885.82,150.87,2036.69,0.08,Financial Services,4
411866,5098,12345679,2019-07-21,1334.94,307.04,1641.98,0.23,Services,47
222614,3668,9598,2019-12-26,12564.49,628.22,13192.71,0.05,Furniture,24
543954,1311,7784,2019-01-29,993.72,49.69,1043.41,0.05,Machinery,44
365197,5507,32428958,2019-10-31,1184.05,272.33,1456.38,0.23,Services,2
217787,8709,5196,2019-02-22,4190.87,209.54,4400.41,0.05,Machinery,44
773692,7247,6796,2019-10-26,392.03,19.6,411.63,0.05,Education Services,42
102683,2326,8785,2019-05-08,9736.33,486.82,10223.15,0.05,Financial Services,42
346138,9179,7466,2019-05-15,932.83,74.63,1007.46,0.08,Furniture,36
890125,4735,9988,2019-11-08,6733.13,538.65,7271.78,0.08,Services,26
339288,9030,7247,2019-11-27,1986.05,158.88,2144.93,0.08,Furniture,26
504405,8340,4150,2019-12-22,22075.2,1103.76,23178.96,0.05,,4
791708,5261,6505,2019-10-31,484.19,38.74,522.93,0.08,Machinery,50
109161,9000,7659,2019-07-01,2727.55,136.38,2863.93,0.05,Clothing,53
600474,4880,3437,2019-04-06,230.08,52.92,283.0,0.23,Food,36
328436,6078,6157,2019-10-15,4124.76,948.69,5073.45,0.23,Furniture,33
531436,1854,8448,2019-05-11,19999.29,999.96,20999.25,0.05,Software,10
427986,7326,8112,2019-07-04,12240.31,612.02,12852.33,0.05,Financial Services,21
695169,5918,9326,2019-05-14,1818.04,90.9,1908.94,0.05,Pharmaceuticals,9
194748,5501,4434,2019-12-30,5447.96,272.4,5720.36,0.05,Software,33
909314,9519,6506,2019-01-10,242.45,55.76,298.21,0.23,Food,27
960123,3657,9129,2019-05-09,6614.96,1521.44,8136.4,0.23,,58
592003,2753,7256,2019-11-22,107.36,5.37,112.73,0.05,Pharmaceuticals,58
704588,8378,4300,2019-06-03,1730.83,398.09,2128.92,0.23,Office Supplies,32
671420,5009,8108,2019-11-18,126.93,29.19,156.12,0.23,Food,39
452662,7265,4230,2019-07-30,581.64,29.08,610.72,0.05,Software,17
483095,9998,7554,2019-09-13,498.56,24.93,523.49,0.05,Education Services,15
242417,9220,3606,2019-04-13,13931.71,1114.54,15046.25,0.08,,5
575059,5602,2819,2019-10-22,21195.32,1059.77,22255.09,0.05,Services,47
706724,7512,7840,2019-06-25,356.1,81.9,438.0,0.23,Pharmaceuticals,40
386982,3061,4617,2019-07-17,1252.92,100.23,1353.15,0.08,Financial Services,57
315651,1688,8665,2019-06-09,1388.95,111.12,1500.07,0.08,Automotive,47
246042,7357,1044,2019-08-14,10388.02,519.4,10907.42,0.05,Financial Services,26
865927,7396,1624,2019-05-05,6018.97,1384.36,7403.33,0.23,Construction Materials,54
697963,6541,6031,2019-05-18,4866.3,243.32,5109.62,0.05,Clothing,35
639846,5057,5918,2019-12-24,762.89,61.03,823.92,0.08,Automotive,59
861885,4170,9894,2019-04-10,7711.93,616.95,8328.88,0.08,Furniture,39
126685,2192,1068,2019-09-15,661.93,52.95,714.88,0.08,Machinery,39
729772,8931,4661,2019-11-27,182.88,9.14,192.02,0.05,Financial Services,35
711540,5980,6412,2019-06-05,861.46,68.92,930.38,0.08,Clothing,26
516893,7294,5814,2019-04-08,261.19,13.06,274.25,0.05,Construction Materials,18
883067,4313,9167,2019-10-16,8101.86,405.09,8506.95,0.05,Furniture,3
403002,3917,7840,2019-05-04,575.9,46.07,621.97,0.08,Pharmaceuticals,0
569287,7811,4674,2019-06-07,992.45,49.62,1042.07,0.05,Office Supplies,36
491786,5200,6558,2019-09-08,1176.9,94.15,1271.05,0.08,Healthcare Equipment,6
147392,8615,8944,2019-01-11,579.99,46.4,626.39,0.08,Education Services,49
434387,3502,2771,2019-02-24,138.89,6.94,145.83,0.05,Furniture,60
416699,1791,2715,2019-02-24,7271.95,581.76,7853.71,0.08,Clothing,32
113175,8051,8472,2019-05-06,1562.55,78.13,1640.68,0.05,Education Services,39
682118,4831,6394,2019-04-30,153.06,7.65,160.71,0.05,Machinery,14
166852,1567,8269,2019-03-18,9195.61,735.65,9931.26,0.08,Construction Materials,37
522070,9421,5282,2019-06-21,539.86,124.17,664.03,0.23,Electronics,20
740892,1763,8857,2019-11-09,1192.23,59.61,1251.84,0.05,Electronics,6
701064,9050,9990,2019-11-16,362.45,18.12,380.57,0.05,Financial Services,47
166803,1755,1108,2019-08-06,141.67,32.58,174.25,0.23,Education Services,12
154368,5200,3988,2019-06-26,731.6,36.58,768.18,0.05,Software,38
906531,3756,4559,2019-02-26,695.27,34.76,730.03,0.05,Financial Services,33
481034,7305,1471,2019-03-09,3161.7,252.94,3414.64,0.08,Construction Materials,15
779949,8340,7365,2019-04-17,1483.81,74.19,1558.0,0.05,Electronics,24
223306,9482,4659,2019-10-14,905.61,208.29,1113.9,0.23,Clothing,23
150278,5738,8366,2019-07-29,3883.87,310.71,4194.58,0.08,Clothing,43
906724,3168,6743,2019-04-28,465.25,23.26,488.51,0.05,Automotive,16
383248,2906,5114,2019-11-14,152.76,7.64,160.4,0.05,Furniture,45
476457,8615,4925,2019-10-14,644.99,32.25,677.24,0.05,Automotive,56
509600,6919,4689,2019-01-30,215.3,17.22,232.52,0.08,Furniture,10
352709,7843,8100,2019-09-29,1991.27,99.56,2090.83,0.05,Food,18
718075,4994,7843,2019-09-12,936.76,215.45,1152.21,0.23,Machinery,41
441459,9198,1506,2019-07-21,119.56,9.56,129.12,0.08,Software,33
951450,4892,5126,2019-05-19,24884.89,1990.79,26875.68,0.08,Financial Services,26
841723,4300,6718,2019-03-16,5087.23,1170.06,6257.29,0.23,Services,26
601475,2263,7527,2019-01-28,683.93,34.2,718.13,0.05,,24
996112,5086,2311,2019-01-12,3840.64,192.03,4032.67,0.05,Services,41
933230,6440,5800,2019-01-14,207.22,47.66,254.88,0.23,Financial Services,25
615658,9324,3355,2019-09-29,7036.74,562.94,7599.68,0.08,Services,48
241244,7193,6047,2019-09-16,9076.58,726.13,9802.71,0.08,Education Services,54
676044,2286,2266,2019-07-18,4539.05,363.12,4902.17,0.08,Furniture,23
268908,7055,5492,2019-12-24,859.36,42.97,902.33,0.05,Electronics,36
807738,1711,8645,2019-08-21,633.66,50.69,684.35,0.08,Education Services,2
605874,2187,6483,2019-06-23,6117.01,489.36,6606.37,0.08,Clothing,28
334845,1624,9073,2019-06-03,21237.69,1061.88,22299.57,0.05,Software,48
463561,4589,1718,2019-07-19,811.37,40.57,851.94,0.05,Services,45
113384,9941,7004,2019-07-18,649.3,32.46,681.76,0.05,Electronics,0
557068,4986,3809,2019-07-10,210.92,16.87,227.79,0.08,Construction Materials,56
481050,6472,3756,2019-07-14,3627.79,834.39,4462.18,0.23,Pharmaceuticals,34
494724,9275,6390,2019-11-12,240.8,19.26,260.06,0.08,Software,24
328188,5553,5895,2019-02-11,1824.48,91.22,1915.7,0.05,,42
499103,6361,5316,2019-06-17,473.97,37.92,511.89,0.08,Automotive,35
652363,9048,1048,2019-10-05,3636.42,836.38,4472.8,0.23,Pharmaceuticals,40
801402,8887,9814,2019-03-15,4116.36,205.82,4322.18,0.05,Electronics,16
750623,5340,2715,2019-03-19,2118.11,105.91,2224.02,0.05,Machinery,5
950437,5050,7480,2019-01-20,1986.19,99.31,2085.5,0.05,Financial Services,21
151735,7760,9118,2019-06-22,538.08,26.9,564.98,0.05,Machinery,3
124385,8482,8050,2019-11-17,17545.95,1403.68,18949.63,0.08,Furniture,20
971538,5505,4646,2019-04-01,2734.86,218.79,2953.65,0.08,Education Services,21
446622,1824,2471,2019-01-14,245.86,12.29,258.15,0.05,Healthcare Equipment,52
568380,6594,4955,2019-08-14,295.5,14.78,310.28,0.05,Furniture,23
350039,8947,7731,2019-12-14,3591.61,826.07,4417.68,0.23,Financial Services,51
956043,9073,6107,2019-10-01,5069.35,253.47,5322.82,0.05,Construction Materials,8
969317,2192,3215,2019-03-28,1148.55,57.43,1205.98,0.05,Office Supplies,49
191529,1042,8096,2019-09-04,4255.73,978.82,5234.55,0.23,,38
288756,5928,9771,2019-12-29,18855.5,4336.77,23192.27,0.23,Office Supplies,12
228381,8371,4892,2019-06-09,5703.85,1311.89,7015.74,0.23,Electronics,18
836178,7382,12345679,2019-01-09,1192.59,274.3,1466.89,0.23,Services,53
297279,7480,7859,2019-02-10,382.16,19.11,401.27,0.05,Pharmaceuticals,38
461779,9096,5735,2019-10-18,3290.51,263.24,3553.75,0.08,Furniture,49
794831,2329,4928,2019-10-28,640.13,51.21,691.34,0.08,Clothing,19
915502,7651,7350,2019-11-03,4618.66,1062.29,5680.95,0.23,Construction Materials,29
740247,6736,3420,2019-06-08,146.18,11.69,157.87,0.08,Food,43
673544,7840,9567,2019-03-31,370.92,29.67,400.59,0.08,Electronics,39
276168,7554,5065,2019-10-22,6463.09,517.05,6980.14,0.08,,10
118840,5800,5508,2019-03-03,106.16,24.42,130.58,0.23,Software,58
337159,9316,1323,2019-10-03,5025.77,402.06,5427.83,0.08,Services,10
828446,9180,1792,2019-06-21,4699.02,1080.77,5779.79,0.23,Pharmaceuticals,9
132510,5203,7265,2019-11-14,8082.44,404.12,8486.56,0.05,Pharmaceuticals,41
116708,9226,1038,2019-05-23,752.81,37.64,790.45,0.05,Automotive,48
478446,7217,4981,2019-08-13,14707.1,3382.63,18089.73,0.23,Automotive,55
426092,8624,5593,2019-10-29,14361.63,3303.17,17664.8,0.23,Construction Materials,42
364768,6078,9018,2019-09-20,999.49,79.96,1079.45,0.08,Financial Services,51
748870,9518,2529,2019-03-04,4212.84,968.95,5181.79,0.23,Electronics,0
454828,2329,1319,2019-05-21,12218.92,2810.35,15029.27,0.23,Automotive,10
649172,7947,2286,2019-06-12,15933.56,796.68,16730.24,0.05,Education Services,15
918482,4747,2664,2019-03-27,245.61,12.28,257.89,0.05,Software,32
738529,2490,9874,2019-05-21,7234.85,578.79,7813.64,0.08,Food,37
910776,7032,7256,2019-08-27,371.88,29.75,401.63,0.08,Construction Materials,31
663137,1108,6584,2019-05-22,7787.42,622.99,8410.41,0.08,Software,10
627537,3199,6505,2019-08-09,17892.01,4115.16,22007.17,0.23,Construction Materials,50
365452,7211,8452,2019-10-04,6187.47,495.0,6682.47,0.08,Financial Services,10
494193,1624,3419,2019-10-06,17139.08,3941.99,21081.07,0.23,Electronics,59
528988,6506,9941,2019-09-15,3822.23,879.11,4701.34,0.23,Healthcare Equipment,41
184162,2613,1711,2019-08-22,18023.63,1441.89,19465.52,0.08,Food,49
119702,6600,5455795,2019-11-18,603.29,138.76,742.05,0.23,Services,34
870638,6139,5290,2019-03-13,3714.57,854.35,4568.92,0.23,Furniture,60
403676,9988,3171,2019-11-15,439.47,101.08,540.55,0.23,Machinery,11
716787,4412,5621,2019-01-14,7730.22,1777.95,9508.17,0.23,Electronics,53
124987,6106,2916,2019-10-17,3053.59,702.33,3755.92,0.23,Furniture,13
512936,6132,2030,2019-12-15,419.28,33.54,452.82,0.08,Healthcare Equipment,29
196127,6463,5379,2019-05-15,296.08,23.69,319.77,0.08,,44
738650,2383,7294,2019-07-03,1016.62,50.83,1067.45,0.05,Office Supplies,7
674129,1718,7732,2019-03-02,370.93,29.67,400.6,0.08,Electronics,9
934012,5217,1688,2019-12-02,1168.4,93.47,1261.87,0.08,Education Services,41
533750,4793,3251,2019-04-11,2446.71,562.74,3009.45,0.23,Education Services,46
480223,6820,2227,2019-08-03,1571.35,361.41,1932.76,0.23,Automotive,7
902480,6327,8556,2019-01-10,2593.45,596.49,3189.94,0.23,Financial Services,17
845704,7297,5219,2019-12-17,1781.6,89.08,1870.68,0.05,Healthcare Equipment,6
867028,6740,6485,2019-07-13,9905.32,792.43,10697.75,0.08,Food,34
545398,1311,3930,2019-04-23,5647.91,451.83,6099.74,0.08,Services,6
729200,5764,5792,2019-01-06,3012.62,150.63,3163.25,0.05,Automotive,44
603872,3006,8887,2019-03-22,813.28,187.05,1000.33,0.23,Software,9
389209,6228,1844347074,2019-03-07,687.63,158.15,845.78,0.23,,8
320952,5034,9879,2019-11-10,2987.71,239.02,3226.73,0.08,Construction Materials,42
749114,6789,4776,2019-06-22,4097.35,327.79,4425.14,0.08,Office Supplies,60
935159,1211,7814,2019-12-24,17336.89,1386.95,18723.84,0.08,Education Services,38
812674,7731,9185,2019-01-14,438.69,21.93,460.62,0.05,Automotive,26
511416,2157,7527,2019-12-01,2840.47,142.02,2982.49,0.05,Services,22
775874,5500,2480,2019-10-21,1369.92,109.59,1479.51,0.08,Pharmaceuticals,35
572471,4090,7277,2019-08-08,21296.24,1703.7,22999.94,0.08,Pharmaceuticals,13
783870,6919,3628,2019-02-07,5403.64,1242.84,6646.48,0.23,Construction Materials,29
844211,3839,5061,2019-08-26,5089.18,1170.51,6259.69,0.23,,53
610367,5240,9179,2019-10-21,480.43,24.02,504.45,0.05,Education Services,3
412699,1446,5507,2019-04-08,1660.45,132.84,1793.29,0.08,Construction Materials,30
863676,3956,7453,2019-09-09,3370.61,269.65,3640.26,0.08,Pharmaceuticals,20
812338,2010,3355,2019-11-13,395.83,19.79,415.62,0.05,Pharmaceuticals,27
430994,6685,6717,2019-09-20,12512.2,625.61,13137.81,0.05,Machinery,2
214373,3722,7880,2019-07-04,2082.29,104.11,2186.4,0.05,Office Supplies,43
438924,7974,12345680,2019-10-14,141.14,32.46,173.6,0.23,Services,31
459094,2131,4049,2019-09-04,1109.66,88.77,1198.43,0.08,Pharmaceuticals,17
630449,2906,6510,2019-11-08,295.01,14.75,309.76,0.05,Services,55
538859,5886,2048,2019-02-17,1985.06,99.25,2084.31,0.05,Food,32
107974,4661,4776,2019-03-12,440.19,35.22,475.41,0.08,Machinery,55
644057,4789,8368,2019-08-21,323.49,25.88,349.37,0.08,,10
877026,9605,1210,2019-04-15,14857.43,1188.59,16046.02,0.08,Healthcare Equipment,30
373267,7947,4049,2019-07-05,822.04,41.1,863.14,0.05,Office Supplies,11
970301,8522,2156,2019-08-04,1394.63,111.57,1506.2,0.08,Pharmaceuticals,25
946821,9451,6698,2019-05-04,395.33,19.77,415.1,0.05,Clothing,34
246373,8426,7894,2019-07-05,3288.73,756.41,4045.14,0.23,Software,34
763877,4661,9224,2019-04-29,5294.63,423.57,5718.2,0.08,Healthcare Equipment,49
223609,9418,5853,2019-12-03,5355.52,428.44,5783.96,0.08,Financial Services,10
279571,8371,8598,2019-10-05,22391.14,1119.56,23510.7,0.05,Office Supplies,35
509687,7279,1381,2019-01-27,2756.43,137.82,2894.25,0.05,Services,41
285716,9226,3365,2019-08-30,1440.94,331.42,1772.36,0.23,Education Services,6
587700,3152,5859,2019-04-27,411.17,32.89,444.06,0.08,Software,0
216133,5209,6895,2019-11-15,22765.09,5235.97,28001.06,0.23,Construction Materials,35
861344,9845,12345679,2019-09-08,490.36,112.78,603.14,0.23,Services,45
333360,9171,12345680,2019-12-09,1092.5,251.28,1343.78,0.23,,57
169261,5512,7177,2019-05-30,138.61,6.93,145.54,0.05,Office Supplies,58
529552,5845,1826,2019-09-16,394.74,31.58,426.32,0.08,,52
744913,3930,3365,2019-05-02,826.77,66.14,892.91,0.08,Electronics,5
149910,1685,3020,2019-08-26,8230.52,1893.02,10123.54,0.23,Healthcare Equipment,46
160496,3988,7120,2019-05-15,4489.86,359.19,4849.05,0.08,Construction Materials,23
418947,5501,2825,2019-08-27,5264.78,421.18,5685.96,0.08,Services,55
236775,6750,2157,2019-12-01,665.38,33.27,698.65,0.05,Office Supplies,54
867469,8269,8873,2019-09-24,4674.66,1075.17,5749.83,0.23,Machinery,38
183104,8909,8755,2019-08-23,302.72,24.22,326.94,0.08,Office Supplies,60
935692,4230,7753,2019-03-30,661.46,33.07,694.53,0.05,Healthcare Equipment,15
120437,8508,6440,2019-05-23,792.12,182.19,974.31,0.23,Services,58
285149,7974,1624,2019-12-28,790.85,181.9,972.75,0.23,Financial Services,47
992831,3378,8108,2019-07-17,1445.83,332.54,1778.37,0.23,Financial Services,4
765546,1446,1389,2019-11-08,1878.62,93.93,1972.55,0.05,,48
732513,8873,2968,2019-06-01,429.34,34.35,463.69,0.08,Clothing,60
634015,4655,7840,2019-05-14,6316.4,1452.77,7769.17,0.23,Electronics,13
952576,3203,6750,2019-06-15,2447.29,195.78,2643.07,0.08,Software,49
882228,2066,7301,2019-03-29,523.41,41.87,565.28,0.08,Automotive,23
359012,6295,5297,2019-12-31,6553.62,327.68,6881.3,0.05,Healthcare Equipment,10
433899,5980,5254,2019-01-19,152.81,12.22,165.03,0.08,Services,29
721390,6371,2819,2019-11-16,238.26,19.06,257.32,0.08,Healthcare Equipment,0
679614,2120,1853,2019-10-01,20547.33,4725.89,25273.22,0.23,Clothing,4
297505,3181,7894,2019-01-14,612.27,140.82,753.09,0.23,Automotive,25
775353,4230,6362,2019-04-14,2560.02,128.0,2688.02,0.05,Food,52
315793,8623,2155,2019-10-29,653.91,52.31,706.22,0.08,Education Services,26
828962,5842,2379,2019-06-06,18370.37,4225.19,22595.56,0.23,Construction Materials,4
102548,6595,6106,2019-12-31,9166.25,733.3,9899.55,0.08,,15
841600,9308,1210,2019-11-01,175.52,8.78,184.3,0.05,Services,42
538436,5340,44389695,2019-02-13,1461.88,336.23,1798.11,0.23,Services,60
514392,8931,1800,2019-02-15,353.91,81.4,435.31,0.23,,48
460980,7992,6039,2019-11-12,943.37,47.17,990.54,0.05,Services,31
256291,6595,8269,2019-10-29,1119.79,89.58,1209.37,0.08,Education Services,32
824095,2245,5895,2019-05-04,235.92,54.26,290.18,0.23,,16
733220,1651,6440,2019-04-28,5083.76,254.19,5337.95,0.05,Food,56
646911,6872,8864,2019-12-30,523.19,120.33,643.52,0.23,Food,35
780454,1211,5125,2019-09-03,4310.05,215.5,4525.55,0.05,Electronics,29
947573,3808,4655,2019-02-24,23472.93,5398.77,28871.7,0.23,Construction Materials,60
402756,7894,6327,2019-05-28,138.51,11.08,149.59,0.08,Services,47
408695,2635,5593,2019-03-26,13729.31,3157.74,16887.05,0.23,Machinery,30
328267,3956,9567,2019-02-09,327.91,75.42,403.33,0.23,Financial Services,53
516961,9390,7633,2019-12-14,6662.0,333.1,6995.1,0.05,Office Supplies,54
113382,1375,3355,2019-12-02,22625.16,5203.79,27828.95,0.23,Furniture,36
724350,8134,7337,2019-10-24,6413.24,1475.05,7888.29,0.23,,28
914483,4928,3378,2019-12-01,6997.75,559.82,7557.57,0.08,Office Supplies,18
138647,4355,8368,2019-11-21,6078.62,303.93,6382.55,0.05,Pharmaceuticals,30
866485,2253,4554,2019-10-23,12293.02,614.65,12907.67,0.05,Clothing,11
643993,4595,9421,2019-06-15,1969.03,452.88,2421.91,0.23,Electronics,12
601480,5792,7029,2019-05-24,650.21,52.02,702.23,0.08,Education Services,37
505376,8482,2030,2019-05-02,120.67,27.75,148.42,0.23,Services,24
757159,6872,7784,2019-04-05,483.64,111.24,594.88,0.23,Furniture,57
273807,5800,2411,2019-04-23,810.31,64.82,875.13,0.08,Machinery,21
799838,9194,8615,2020-01-01,315.26,15.76,331.02,0.05,Electronics,8
987931,3644,6796,2019-02-18,368.38,18.42,386.8,0.05,Financial Services,31
987092,7863,3851,2019-05-08,8857.88,2037.31,10895.19,0.23,Electronics,16
396795,9384,3809,2019-06-03,763.26,38.16,801.42,0.05,Electronics,9
655819,8342,4655,2019-08-16,120.34,27.68,148.02,0.23,Clothing,13
191813,3300,5611,2019-10-26,23591.87,1179.59,24771.46,0.05,Pharmaceuticals,56
113544,2164,2363,2019-03-18,156.53,7.83,164.36,0.05,Office Supplies,28
734557,6587,8488,2019-09-19,219.82,50.56,270.38,0.23,Construction Materials,8
715088,3828,6184,2019-02-02,2532.7,202.62,2735.32,0.08,Services,20
324777,1048,6371,2019-12-30,7876.81,630.14,8506.95,0.08,Construction Materials,1
347796,6696,9941,2019-07-30,442.51,101.78,544.29,0.23,Machinery,9
726162,1854,1714,2019-01-22,4702.55,235.13,4937.68,0.05,Education Services,24
394779,3247,9527,2019-11-21,16251.99,1300.16,17552.15,0.08,Electronics,43
450759,7843,6122,2019-08-14,157.63,7.88,165.51,0.05,Electronics,7
940904,1038,1986,2019-02-13,3966.53,912.3,4878.83,0.23,Office Supplies,35
340008,2819,7732,2019-08-26,694.55,55.56,750.11,0.08,Pharmaceuticals,3
192356,8283,3974,2019-07-24,6069.96,485.6,6555.56,0.08,Financial Services,0
607166,3407,8269,2019-12-23,868.98,199.87,1068.85,0.23,Software,57
537770,5232,4505,2019-03-11,507.01,116.61,623.62,0.23,Construction Materials,58
801344,8283,2263,2019-01-28,383.4,19.17,402.57,0.05,Furniture,16
523852,8954,9412,2019-10-04,5165.59,258.28,5423.87,0.05,Office Supplies,45
400400,8624,7952,2019-02-08,112.26,5.61,117.87,0.05,Services,54
188470,3842,6412,2019-10-28,5230.68,261.53,5492.21,0.05,Automotive,7
112239,7117,7867,2019-08-06,300.7,24.06,324.76,0.08,Clothing,43
941939,3775,7247,2019-06-15,13902.46,695.12,14597.58,0.05,Electronics,53
862017,9171,6422,2019-04-24,9480.23,758.42,10238.65,0.08,Healthcare Equipment,46
830822,5621,7382,2019-07-06,5293.11,423.45,5716.56,0.08,Automotive,2
368581,7392,7733,2019-01-09,143.31,11.46,154.77,0.08,Education Services,59
964093,9966,2619,2019-04-05,9179.38,2111.26,11290.64,0.23,Automotive,41
623008,1048,1566,2019-11-14,774.25,61.94,836.19,0.08,Financial Services,7
127004,7326,2227,2019-03-12,14835.59,741.78,15577.37,0.05,Software,11
723587,3419,2378,2019-10-02,2517.25,125.86,2643.11,0.05,Electronics,35
302161,6927,8256,2019-09-27,294.79,14.74,309.53,0.05,Pharmaceuticals,29
259472,7254,5764,2019-07-17,173.16,13.85,187.01,0.08,Healthcare Equipment,40
951802,7117,9703,2019-06-26,373.88,29.91,403.79,0.08,Construction Materials,47
709569,1106,8371,2019-07-06,569.84,131.06,700.9,0.23,Food,18
995293,2553,5088,2019-10-25,3981.93,915.84,4897.77,0.23,Furniture,41
242699,4984,8050,2019-02-01,621.32,31.07,652.39,0.05,Electronics,13
910198,3478,2209,2019-02-03,469.62,23.48,493.1,0.05,Pharmaceuticals,25
168920,4668,2246,2019-05-10,804.14,64.33,868.47,0.08,Office Supplies,32
279837,1763,3930,2019-03-24,9303.11,744.25,10047.36,0.08,Financial Services,19
427057,6541,1484,2019-09-20,707.54,162.73,870.27,0.23,Clothing,17
464151,7350,3293,2019-06-12,241.55,12.08,253.63,0.05,Pharmaceuticals,46
267396,3828,6390,2019-01-21,9877.06,493.85,10370.91,0.05,Automotive,43
696992,8269,6935,2019-05-05,384.78,88.5,473.28,0.23,Machinery,9
732048,6698,3286,2019-12-14,1366.91,314.39,1681.3,0.23,Automotive,20
223946,9050,5056,2019-11-12,118.26,27.2,145.46,0.23,Software,16
890433,1966,7859,2019-03-14,678.48,156.05,834.53,0.23,Office Supplies,15
550434,8488,3692,2019-06-26,9138.48,731.08,9869.56,0.08,Construction Materials,22
153925,7811,2070,2019-08-02,180.11,9.01,189.12,0.05,Software,9
842458,9814,7458,2019-04-07,396.8,19.84,416.64,0.05,Automotive,54
915351,7784,7398,2019-01-02,1501.88,120.15,1622.03,0.08,Furniture,60
679751,7305,1651,2019-03-06,8789.24,703.14,9492.38,0.08,Healthcare Equipment,53
329208,7461,6412,2019-12-10,9661.98,483.1,10145.08,0.05,Machinery,55
514563,3284,8342,2019-05-28,481.98,110.86,592.84,0.23,Furniture,7
803136,7357,4880,2019-09-14,479.57,23.98,503.55,0.05,Electronics,26
837354,9514,9812,2019-04-17,1809.6,144.77,1954.37,0.08,Furniture,19
432479,8142,5282,2019-10-21,17394.68,869.73,18264.41,0.05,Financial Services,60
935298,9335,4366,2019-12-13,11265.25,2591.01,13856.26,0.23,Pharmaceuticals,18
902152,7254,2044,2019-03-21,1700.17,136.01,1836.18,0.08,Machinery,51
701951,4745,3136,2019-12-21,929.27,46.46,975.73,0.05,Clothing,24
599086,1473,9308,2019-01-18,411.89,20.59,432.48,0.05,Healthcare Equipment,50
384520,5379,4276,2019-04-27,1286.28,295.84,1582.12,0.23,Pharmaceuticals,45
849417,5505,1867,2019-09-11,357.46,82.22,439.68,0.23,Software,42
353629,3643,1718,2019-04-30,596.44,47.72,644.16,0.08,Furniture,20
768589,1755,4469,2019-01-08,9871.18,2270.37,12141.55,0.23,Software,1
483783,2192,5030,2019-06-26,177.94,40.93,218.87,0.23,Clothing,33
807787,5548,6300,2019-09-03,110.03,8.8,118.83,0.08,Furniture,38
454860,4892,6584,2019-07-22,3899.46,896.88,4796.34,0.23,Office Supplies,39
776456,3717,4541,2019-04-04,532.96,26.65,559.61,0.05,Education Services,18
781845,1792,7326,2019-08-29,7624.11,609.93,8234.04,0.08,Healthcare Equipment,7
105043,1974,4183,2019-02-08,726.62,58.13,784.75,0.08,Education Services,33
129244,2454,4512,2019-01-14,22982.06,1149.1,24131.16,0.05,Automotive,19
215910,1986,7297,2019-02-06,21662.63,1083.13,22745.76,0.05,Software,24
440884,9048,3349,2019-07-10,505.17,40.41,545.58,0.08,Clothing,56
419006,3808,6676,2019-08-17,134.42,6.72,141.14,0.05,Services,55
553866,3027,8919,2019-10-06,5348.66,1230.19,6578.85,0.23,Financial Services,33
717036,2164,7256,2019-08-09,357.89,17.89,375.78,0.05,Financial Services,6
638624,5614,1763,2019-09-13,2855.28,656.71,3511.99,0.23,Education Services,35
894402,2747,4892,2019-06-16,518.21,25.91,544.12,0.05,Electronics,12
676224,6927,7659,2019-09-11,141.26,11.3,152.56,0.08,Services,44
285691,8258,9206,2019-09-03,402.79,32.22,435.01,0.08,Construction Materials,35
797496,7880,6031,2019-08-12,4313.53,345.08,4658.61,0.08,Software,60
595059,9686,3836,2019-12-15,793.25,63.46,856.71,0.08,Machinery,12
912240,2199,5508,2019-08-29,891.14,204.96,1096.1,0.23,Food,24
245300,2464,2266,2019-01-03,7553.42,604.27,8157.69,0.08,Office Supplies,50
360925,6157,1970,2019-05-04,566.46,28.32,594.78,0.05,Education Services,33
429147,1304,2187,2019-11-19,16990.12,849.51,17839.63,0.05,Healthcare Equipment,53
909847,7029,2025,2019-08-31,12887.09,644.35,13531.44,0.05,Clothing,29
692093,6139,5647,2019-07-12,5163.71,413.1,5576.81,0.08,Education Services,42
204140,3717,9224,2019-05-14,187.88,15.03,202.91,0.08,Food,2
750587,5494,3284,2019-01-13,996.35,79.71,1076.06,0.08,Services,29
877062,7378,5240,2019-06-03,480.92,38.47,519.39,0.08,Automotive,55
969734,5548,6750,2019-04-12,7434.27,1709.88,9144.15,0.23,Construction Materials,51
795270,8460,3842,2019-03-07,257.96,59.33,317.29,0.23,Clothing,34
423882,3839,9158,2019-09-11,3703.96,851.91,4555.87,0.23,Financial Services,15
387590,9783,3108,2019-12-31,412.19,32.98,445.17,0.08,Food,52
766013,4928,4547,2019-12-11,5317.18,1222.95,6540.13,0.23,Services,4
758479,6990,2363,2019-07-17,467.02,107.41,574.43,0.23,Automotive,55
586721,1211,1475,2019-03-19,159.75,12.78,172.53,0.08,Furniture,56
701102,9185,7189,2019-03-27,261.72,20.94,282.66,0.08,Office Supplies,31
891429,4443,4812,2019-07-16,816.13,65.29,881.42,0.08,Healthcare Equipment,49
614077,2819,6740,2019-01-27,3801.27,190.06,3991.33,0.05,Construction Materials,60
671668,2715,7898,2019-02-06,1581.49,363.74,1945.23,0.23,Financial Services,51
945813,5905,4276,2019-09-15,2466.93,567.39,3034.32,0.23,Financial Services,18
474173,6361,8448,2019-10-12,4007.54,320.6,4328.14,0.08,Healthcare Equipment,18
668672,6718,7217,2019-06-04,1617.19,371.95,1989.14,0.23,Software,2
994635,9456,9661,2019-03-17,5852.54,292.63,6145.17,0.05,Automotive,28
265208,8674,8340,2019-01-20,574.09,45.93,620.02,0.08,Education Services,36
572986,6145,8809,2019-05-13,165.94,8.3,174.24,0.05,Healthcare Equipment,24
136533,9560,6327,2019-02-05,245.63,19.65,265.28,0.08,Software,8
690142,9812,2939,2019-05-05,4799.32,239.97,5039.29,0.05,Automotive,25
169410,7666,9674,2019-06-01,3806.77,190.34,3997.11,0.05,Machinery,12
803948,7491,2690,2019-01-24,225.22,11.26,236.48,0.05,,57
509284,8944,4834,2019-05-07,5239.5,261.98,5501.48,0.05,Construction Materials,38
635846,4719,5842,2019-06-05,15280.89,3514.6,18795.49,0.23,Software,49
281426,7867,7353,2019-07-09,13543.27,1083.46,14626.73,0.08,Education Services,5
762319,1627,4161,2019-04-27,1416.91,113.35,1530.26,0.08,Education Services,21
418764,3650,1352,2019-07-13,11014.53,881.16,11895.69,0.08,Software,31
643159,6479,5541,2019-11-17,678.67,54.29,732.96,0.08,Electronics,19
541153,8851,2375,2019-05-28,1440.48,331.31,1771.79,0.23,Construction Materials,52
968529,8674,5046,2019-10-04,159.77,12.78,172.55,0.08,Clothing,48
138835,9731,5613,2019-01-26,4034.91,322.79,4357.7,0.08,Electronics,25
291681,5144,7746,2019-02-16,536.26,42.9,579.16,0.08,Financial Services,58
147880,7030,1352,2019-03-11,6129.54,1409.79,7539.33,0.23,Clothing,11
182890,4738,32007685,2019-04-06,1158.89,266.54,1425.43,0.23,Services,24
346431,3286,8902,2019-03-23,19627.15,981.36,20608.51,0.05,Pharmaceuticals,20
947168,8378,7395,2019-04-24,9330.59,746.45,10077.04,0.08,,51
977814,3717,7055,2019-04-14,2103.8,483.87,2587.67,0.23,Machinery,17
192832,2868,3502,2019-03-23,4675.37,374.03,5049.4,0.08,Education Services,8
925710,7254,1048,2019-05-15,1080.95,86.48,1167.43,0.08,Clothing,39
329011,1106,5613,2019-07-13,198.41,9.92,208.33,0.05,Education Services,47
292140,1841,9073,2019-10-01,1921.01,441.83,2362.84,0.23,,19
959433,5240,2579,2019-05-28,165.56,38.08,203.64,0.23,Education Services,46
741313,2109,1841,2019-07-25,2434.06,194.72,2628.78,0.08,Healthcare Equipment,16
512428,1055,1696,2020-01-01,5724.78,1316.7,7041.48,0.23,Automotive,38
332219,9326,8079,2019-09-23,16432.65,1314.61,17747.26,0.08,Electronics,40
894664,4823,4753,2019-02-28,18721.46,936.07,19657.53,0.05,Food,49
470071,6685,6510,2019-12-19,19529.43,976.47,20505.9,0.05,Financial Services,18
609420,6558,5886,2019-03-18,6135.76,306.79,6442.55,0.05,Healthcare Equipment,8
318107,7378,2529,2019-04-06,667.91,33.4,701.31,0.05,Healthcare Equipment,20
478568,9220,7554,2019-01-21,240.12,12.01,252.13,0.05,Construction Materials,51
313896,7421,5057,2019-01-31,10329.54,2375.79,12705.33,0.23,Services,35
984287,9812,1627,2019-01-05,4418.35,220.92,4639.27,0.05,Office Supplies,5
855431,1267,2010,2019-02-07,583.47,134.2,717.67,0.23,Construction Materials,26
291948,5297,5196,2019-03-29,399.58,31.97,431.55,0.08,Services,23
904341,4735,4505,2019-06-25,9335.04,2147.06,11482.1,0.23,Furniture,30
601210,3564,8371,2019-10-22,158.0,7.9,165.9,0.05,Electronics,38
398401,6168,5056,2019-09-14,788.84,181.43,970.27,0.23,Machinery,33
274059,6295,2131,2019-08-11,732.29,168.43,900.72,0.23,Electronics,4
921152,2326,5120,2019-02-28,573.17,131.83,705.0,0.23,Machinery,10
251960,1372,6160,2019-11-08,7718.98,385.95,8104.93,0.05,Services,20
565465,2157,2192,2019-11-20,134.53,30.94,165.47,0.23,,28
382701,9845,4560,2019-03-10,4476.44,1029.58,5506.02,0.23,Pharmaceuticals,35
788346,9326,2541,2019-12-27,24695.81,1234.79,25930.6,0.05,Office Supplies,20
513936,5316,5200,2019-12-25,3422.71,273.82,3696.53,0.08,Healthcare Equipment,4
485415,6107,3437,2019-12-18,249.78,19.98,269.76,0.08,Clothing,41
287675,6895,3024,2019-12-03,174.77,40.2,214.97,0.23,Clothing,51
734269,3917,5362,2019-11-12,1898.14,94.91,1993.05,0.05,Food,53
515283,1055,7695,2019-01-13,1346.71,67.34,1414.05,0.05,Pharmaceuticals,12
374134,9050,5058,2019-12-29,564.31,129.79,694.1,0.23,Furniture,52
317540,6887,9412,2019-06-17,535.51,26.78,562.29,0.05,Automotive,51
375910,5538,8785,2019-06-02,14789.23,739.46,15528.69,0.05,Healthcare Equipment,53
579960,4634,4129,2019-11-15,6190.36,495.23,6685.59,0.08,Clothing,4
617942,5232,5520,2019-03-05,1654.56,380.55,2035.11,0.23,Furniture,33
132764,7784,6139,2019-11-27,150.61,12.05,162.66,0.08,Education Services,38
548541,2078,9390,2019-07-13,278.75,13.94,292.69,0.05,Food,44
396626,6169,6542,2019-09-18,188.18,15.05,203.23,0.08,Food,12
586952,4434,6895,2019-09-06,827.15,190.24,1017.39,0.23,Furniture,56
298415,4183,9913,2019-10-08,23506.26,1175.31,24681.57,0.05,Food,31
476611,8508,3717,2019-04-12,830.17,66.41,896.58,0.08,Software,53
523151,3251,6510,2019-08-12,473.74,37.9,511.64,0.08,Financial Services,12
670471,9444,6510,2019-07-03,1516.99,348.91,1865.9,0.23,Furniture,48
890540,3300,1151,2019-06-23,183.37,42.18,225.55,0.23,Furniture,60
474868,9613,3419,2019-05-20,22414.04,1793.12,24207.16,0.08,Pharmaceuticals,52
142461,3738,7911,2019-06-16,644.4,51.55,695.95,0.08,Office Supplies,51
891924,2327,2040,2019-05-10,504.61,40.37,544.98,0.08,Construction Materials,7
399455,3917,6184,2019-04-26,143.2,7.16,150.36,0.05,Education Services,24
705186,5886,3917,2019-12-19,347.3,27.78,375.08,0.08,Furniture,23
883934,4245,1986,2019-08-01,8440.42,675.23,9115.65,0.08,Software,15
857120,9822,7605,2019-02-24,3080.57,246.45,3327.02,0.08,Healthcare Equipment,57
500668,4354,5980,2019-06-29,937.42,215.61,1153.03,0.23,Automotive,37
293456,7500,5261,2019-09-28,2884.18,230.73,3114.91,0.08,Food,10
951307,3606,9412,2019-08-15,3479.33,800.25,4279.58,0.23,Clothing,27
330604,7217,7495,2019-10-13,5120.17,409.61,5529.78,0.08,Software,57
214403,8857,6543,2019-08-11,2067.24,475.47,2542.71,0.23,Furniture,40
929391,3055,2906,2019-06-13,104.65,24.07,128.72,0.23,Healthcare Equipment,56
170544,5831,7695,2019-01-21,113.43,5.67,119.1,0.05,Services,21
659579,8944,6863,2019-02-18,18028.81,901.44,18930.25,0.05,Healthcare Equipment,16
238629,4634,1356,2019-09-28,1297.83,64.89,1362.72,0.05,Automotive,43
189260,6440,9467,2019-01-25,564.93,45.19,610.12,0.08,Clothing,52
124101,2530,7522,2019-12-17,17731.89,4078.33,21810.22,0.23,Furniture,31
352348,5548,7395,2019-04-20,4372.6,349.81,4722.41,0.08,Machinery,7
709910,1311,4560,2019-10-10,3953.86,316.31,4270.17,0.08,Furniture,7
821567,9167,7732,2019-06-18,426.63,34.13,460.76,0.08,Machinery,4
300871,4559,8283,2019-11-25,3965.52,198.28,4163.8,0.05,Clothing,32
252133,9180,8864,2019-01-29,908.11,208.87,1116.98,0.23,Machinery,38
839218,4955,2329,2019-12-26,380.09,87.42,467.51,0.23,Financial Services,26
208912,2066,7814,2019-11-02,172.36,39.64,212.0,0.23,Education Services,39
863707,9515,6558,2019-07-16,527.98,121.44,649.42,0.23,Construction Materials,51
754404,2066,12345680,2019-08-17,1015.74,233.62,1249.36,0.23,Services,25
201228,6800,9484,2019-08-06,5668.88,453.51,6122.39,0.08,Furniture,23
646792,9717,5362437291,2019-09-16,1141.21,262.48,1403.69,0.23,,36
218319,4619,6274,2019-06-14,16717.14,3844.94,20562.08,0.23,Office Supplies,33
685138,9085,8559,2019-07-26,271.56,13.58,285.14,0.05,Education Services,51
718463,3496,9335,2019-01-23,253.98,58.42,312.4,0.23,Healthcare Equipment,21
748090,5058,7297,2019-08-03,183.6,14.69,198.29,0.08,Education Services,12
206453,3679,6238,2019-07-09,415.64,20.78,436.42,0.05,Financial Services,31
623701,9735,8598,2019-02-28,592.66,136.31,728.97,0.23,Pharmaceuticals,51
521308,9224,1284,2019-02-04,591.73,136.1,727.83,0.23,Office Supplies,5
562545,3564,6357,2019-01-12,667.09,153.43,820.52,0.23,Construction Materials,26
332360,3478,3269,2019-07-04,1533.18,122.65,1655.83,0.08,Automotive,8
241467,2530,9347,2019-11-06,738.67,169.89,908.56,0.23,Food,11
176259,4695,6539,2019-02-04,1956.78,156.54,2113.32,0.08,Healthcare Equipment,25
934525,2530,2199,2019-02-09,9329.48,466.47,9795.95,0.05,Office Supplies,15
494458,8809,5219,2019-02-07,8182.36,1881.94,10064.3,0.23,Software,58
833041,1685,7733,2019-07-25,2752.12,137.61,2889.73,0.05,Clothing,47
988084,8940,5114,2019-05-27,5907.38,1358.7,7266.08,0.23,Office Supplies,50
613708,5520,8645,2019-12-26,675.15,33.76,708.91,0.05,Pharmaceuticals,21
742048,9519,8304,2019-09-08,1268.16,63.41,1331.57,0.05,Healthcare Equipment,59
686469,2293,6919,2019-05-23,1644.27,378.18,2022.45,0.23,Machinery,6
798469,8029,6157,2019-12-16,8165.34,1878.03,10043.37,0.23,Construction Materials,45
639112,4984,8441,2019-06-17,1622.5,81.12,1703.62,0.05,Financial Services,10
719768,1735,2459,2019-08-09,3322.45,764.16,4086.61,0.23,Furniture,20
449970,3236,2204,2019-06-30,718.83,35.94,754.77,0.05,Food,0
995498,7479,7992,2019-01-20,15522.46,776.12,16298.58,0.05,Clothing,2
215526,2329,2454,2019-01-14,3499.18,804.81,4303.99,0.23,Automotive,36
782982,2120,8304,2019-02-21,425.44,21.27,446.71,0.05,Education Services,22
510436,7393,12345679,2019-03-22,1135.73,261.22,1396.95,0.23,Services,15
946599,4955,7732,2019-08-04,928.61,213.58,1142.19,0.23,Software,38
574325,2638,1735,2019-11-17,208.65,47.99,256.64,0.23,Electronics,33
811551,9827,7073,2019-04-22,3221.43,161.07,3382.5,0.05,Automotive,20
570987,2155,1185,2019-10-24,6286.26,314.31,6600.57,0.05,Services,44
491336,9527,9803,2019-07-29,3066.75,245.34,3312.09,0.08,Financial Services,52
695947,3144,5088,2019-09-25,2191.42,175.31,2366.73,0.08,Office Supplies,20
554294,5886,3666,2019-04-23,5470.42,273.52,5743.94,0.05,Food,48
153566,2751,8467,2019-02-03,3681.94,846.85,4528.79,0.23,Pharmaceuticals,58
302369,3643,4812,2019-06-08,408.37,93.93,502.3,0.23,Furniture,56
330895,5403,1986,2019-06-19,16152.74,3715.13,19867.87,0.23,Electronics,26
347191,8246,9971,2019-11-25,7281.6,364.08,7645.68,0.05,Construction Materials,33
179618,7193,3296,2019-05-16,20658.08,4751.36,25409.44,0.23,Machinery,47
272629,2750,5512,2019-01-29,2479.88,123.99,2603.87,0.05,Electronics,10
539831,8855,5517,2019-08-05,186.11,14.89,201.0,0.08,Financial Services,38
578283,5209,2412,2019-10-13,10371.55,518.58,10890.13,0.05,Construction Materials,45
420051,6184,6662,2019-06-22,221.88,11.09,232.97,0.05,Electronics,31
422096,1055,9206,2019-05-12,2854.88,142.74,2997.62,0.05,Office Supplies,25
665762,3750,3842,2019-03-31,24378.32,1218.92,25597.24,0.05,Financial Services,31
328265,8481,5232,2019-05-22,8470.26,677.62,9147.88,0.08,Software,12
206801,1872,4570,2019-02-08,1943.55,97.18,2040.73,0.05,Food,33
214348,8806,8522,2019-09-17,18833.66,1506.69,20340.35,0.08,,39
850685,7898,7700,2019-01-26,10593.63,847.49,11441.12,0.08,Services,16
796179,2155,2465,2019-11-23,212.93,10.65,223.58,0.05,Pharmaceuticals,59
397577,9605,1284,2019-07-09,7233.06,1663.6,8896.66,0.23,Furniture,18
260341,3628,8864,2019-10-17,513.76,25.69,539.45,0.05,Construction Materials,35
424028,5452,1210,2019-01-31,8562.9,1969.47,10532.37,0.23,Financial Services,25
974345,4753,9518,2019-03-07,2386.68,190.93,2577.61,0.08,Construction Materials,56
735383,4834,8246,2019-07-20,2791.37,223.31,3014.68,0.08,Office Supplies,3
891064,4789,8902,2019-01-09,669.44,153.97,823.41,0.23,,49
609172,7055,4691,2019-03-15,2428.72,194.3,2623.02,0.08,Office Supplies,41
950202,6676,1754,2019-04-18,105.77,24.33,130.1,0.23,Software,33
552588,6188,5263,2019-05-19,4530.55,362.44,4892.99,0.08,Electronics,31
153421,9621,6463,2019-01-27,5483.57,1261.22,6744.79,0.23,Healthcare Equipment,14
534203,7801,9579,2019-09-24,171.18,39.37,210.55,0.23,Machinery,19
412463,4812,3407,2019-10-04,1822.11,419.09,2241.2,0.23,Office Supplies,0
650586,5553,6047,2019-05-29,208.71,48.0,256.71,0.23,Pharmaceuticals,21
710688,4533,1475,2019-07-15,6573.32,328.67,6901.99,0.05,Healthcare Equipment,59
428112,2968,9180,2019-09-06,2116.4,486.77,2603.17,0.23,Pharmaceuticals,23
843454,8488,7029,2019-07-18,4470.19,223.51,4693.7,0.05,Financial Services,14
865055,6750,7451,2019-07-16,16957.23,1356.58,18313.81,0.08,Education Services,60
890262,7733,1471,2019-12-12,750.76,172.67,923.43,0.23,,48
126343,3564,4665,2019-07-02,2468.01,567.64,3035.65,0.23,Machinery,21
267096,7733,4928,2019-02-14,2995.4,688.94,3684.34,0.23,Financial Services,16
937049,9324,2295,2019-04-16,16444.91,1315.59,17760.5,0.08,Furniture,43
223601,4317,9803,2019-05-16,3124.37,249.95,3374.32,0.08,Clothing,3
582203,1800,9118,2019-07-06,2694.81,134.74,2829.55,0.05,Pharmaceuticals,1
842440,9050,7055,2019-07-05,16584.23,1326.74,17910.97,0.08,Furniture,36
304042,2010,9783,2019-04-21,369.36,84.95,454.31,0.23,Electronics,43
339913,4866,9316,2019-07-13,1723.99,396.52,2120.51,0.23,Pharmaceuticals,54
750654,4317,1765,2019-08-22,330.45,16.52,346.97,0.05,Financial Services,18
626599,7047,8944,2019-11-30,5201.07,1196.25,6397.32,0.23,Food,30
262848,5263,9180,2019-03-28,701.9,161.44,863.34,0.23,,45
909795,5560,8426,2019-03-01,1041.51,83.32,1124.83,0.08,Electronics,49
254440,1151,4018,2019-09-19,4802.5,384.2,5186.7,0.08,Machinery,51
282120,1970,4665,2019-07-31,5320.42,425.63,5746.05,0.08,Machinery,50
854730,6296,9185,2019-03-11,175.49,8.77,184.26,0.05,Construction Materials,40
317434,3027,7279,2019-12-19,5978.27,1375.0,7353.27,0.23,Pharmaceuticals,16
336496,6634,8556,2019-09-02,1311.32,301.6,1612.92,0.23,Clothing,11
932903,5785,2753,2019-08-08,406.79,93.56,500.35,0.23,Clothing,56
529441,3426,3779,2019-03-13,407.29,32.58,439.87,0.08,Services,46
760006,1740,5196,2019-11-02,3995.91,919.06,4914.97,0.23,Food,50
631893,6228,7170,2019-09-27,954.9,76.39,1031.29,0.08,Machinery,33
475886,4823,6371,2019-02-24,5398.66,1241.69,6640.35,0.23,Construction Materials,16
738353,5003,1916,2019-10-02,2789.44,223.16,3012.6,0.08,Education Services,48
101153,7965,4136,2019-02-26,1607.55,128.6,1736.15,0.08,Office Supplies,57
313015,5200,6740,2019-10-04,106.45,24.48,130.93,0.23,Machinery,35
549333,5156,2176,2019-08-31,872.21,43.61,915.82,0.05,Pharmaceuticals,56
775099,4204,3033,2019-05-30,1451.5,116.12,1567.62,0.08,Furniture,56
807751,1841,6517,2019-07-18,12699.88,1015.99,13715.87,0.08,Food,17
326723,6925,1311,2019-11-07,18014.28,4143.28,22157.56,0.23,Services,38
745974,6631,7378,2019-09-11,357.06,17.85,374.91,0.05,Services,56
113457,7008,1457,2019-10-07,416.06,95.69,511.75,0.23,Healthcare Equipment,42
439913,3462,3930,2019-05-04,290.3,23.22,313.52,0.08,Automotive,3
455504,7297,1740,2019-06-04,7351.18,588.09,7939.27,0.08,,56
646527,7512,2868,2019-09-29,448.13,103.07,551.2,0.23,Clothing,54
346107,2374,7971,2019-05-06,1837.64,147.01,1984.65,0.08,Office Supplies,41
751900,9509,8258,2019-09-26,854.48,196.53,1051.01,0.23,Furniture,24
553453,6139,9204,2019-04-09,681.61,34.08,715.69,0.05,Healthcare Equipment,3
923648,3510,6064,2019-07-12,171.71,39.49,211.2,0.23,Construction Materials,54
572004,9735,7298,2019-01-11,1506.52,75.33,1581.85,0.05,,32
504750,1375,3407,2019-01-20,6827.24,546.18,7373.42,0.08,Services,58
386579,1484,7965,2019-08-01,136.18,31.32,167.5,0.23,,38
350585,3429,4789,2019-03-17,102.79,5.14,107.93,0.05,Clothing,60
181365,1471,1377,2019-06-13,685.33,34.27,719.6,0.05,Food,40
339393,1180,4313,2019-11-22,1228.53,98.28,1326.81,0.08,Food,58
124171,1925,3657,2019-02-27,639.4,147.06,786.46,0.23,Automotive,6
136669,9747,7878,2019-04-04,3307.02,760.61,4067.63,0.23,Automotive,11
280067,8864,6039,2019-01-21,8335.64,666.85,9002.49,0.08,Furniture,56
168607,2326,4204,2019-11-05,5804.79,1335.1,7139.89,0.23,Office Supplies,51
475749,9998,3564,2019-11-08,425.6,97.89,523.49,0.23,Automotive,21
203983,2638,1537,2019-12-08,357.88,28.63,386.51,0.08,Construction Materials,19
423633,6295,9868,2019-10-06,570.64,28.53,599.17,0.05,Machinery,56
377008,7992,2405,2019-08-18,108.39,24.93,133.32,0.23,Food,21
414499,7265,7848,2019-07-25,2018.54,464.26,2482.8,0.23,Office Supplies,32
182703,3548,1304,2019-12-21,215.02,49.45,264.47,0.23,Construction Materials,26
754291,4327,2751,2019-02-03,1389.56,111.16,1500.72,0.08,Services,29
830382,3974,8441,2019-06-24,4169.79,208.49,4378.28,0.05,Office Supplies,32
609884,2868,2145,2019-11-21,4686.47,1077.89,5764.36,0.23,,28
742684,6362,6274,2019-06-03,4534.65,226.73,4761.38,0.05,Education Services,20
305010,7254,8377,2019-01-07,19170.34,958.52,20128.86,0.05,Electronics,11
387452,9515,6080,2019-10-08,618.35,30.92,649.27,0.05,Education Services,49
770108,7731,15057357,2019-08-30,337.99,77.74,415.73,0.23,Services,1
434146,3251,7298,2019-10-17,145.14,11.61,156.75,0.08,Pharmaceuticals,22
308628,5738,4183,2019-04-09,4477.62,1029.85,5507.47,0.23,Furniture,11
210268,1826,6547,2020-01-01,2565.81,128.29,2694.1,0.05,Services,6
464660,1786,4753,2019-02-24,429.8,34.38,464.18,0.08,Clothing,26
307443,9783,5501,2019-03-18,822.46,41.12,863.58,0.05,Healthcare Equipment,19
473140,5065,8529,2019-04-19,193.09,9.65,202.74,0.05,,10
714650,5058,5786,2019-10-20,995.24,49.76,1045.0,0.05,Automotive,43
888654,5517,4747,2019-01-10,338.76,77.91,416.67,0.23,Food,11
606766,9674,6228,2019-08-15,9834.57,786.77,10621.34,0.08,Services,33
180189,5102,8187,2019-12-16,519.13,25.96,545.09,0.05,Education Services,16
306104,9731,2070,2019-02-10,2356.89,542.08,2898.97,0.23,,27
554753,7633,2683,2019-03-20,7564.66,378.23,7942.89,0.05,,9
123230,9814,4986,2019-06-27,9091.21,727.3,9818.51,0.08,Education Services,7
367158,9464,3024,2019-12-23,3739.42,299.15,4038.57,0.08,Software,32
486244,9444,8035,2019-03-03,5698.77,1310.72,7009.49,0.23,Healthcare Equipment,44
739774,3247,8342,2019-03-11,184.74,42.49,227.23,0.23,Services,4
422367,9420,6820,2019-05-05,395.69,91.01,486.7,0.23,Food,6
976847,6895,6587,2019-12-05,2164.37,497.81,2662.18,0.23,Machinery,53
166039,9988,2326,2019-12-01,2279.66,113.98,2393.64,0.05,Pharmaceuticals,0
479206,2464,1740,2019-08-21,19556.03,1564.48,21120.51,0.08,Financial Services,60
274743,4655,1780,2019-02-19,781.4,179.72,961.12,0.23,Office Supplies,27
312353,2010,8378,2019-04-03,3079.62,708.31,3787.93,0.23,Food,39
706476,7296,7298,2019-02-10,124.39,9.95,134.34,0.08,Office Supplies,25
239845,5013,1210265847,2019-12-01,475.59,109.39,584.98,0.23,Services,11
216927,3974,3247,2019-02-25,100.0,23.0,123.0,0.23,Electronics,43
436060,1800,4991,2019-04-29,4657.28,372.58,5029.86,0.08,Education Services,42
390194,2120,4655,2019-01-14,12364.86,2843.92,15208.78,0.23,Automotive,59
832450,5886,1117,2019-08-05,272.4,21.79,294.19,0.08,Office Supplies,21
633756,2931,12345679,2019-01-29,613.2,141.04,754.24,0.23,Services,39
726364,6802,7848,2019-05-03,13627.25,1090.18,14717.43,0.08,Construction Materials,45
755930,9198,7245,2019-06-23,4115.75,205.79,4321.54,0.05,Software,52
562581,8645,3472,2019-08-17,20823.73,4789.46,25613.19,0.23,Office Supplies,59
983174,7421,5800,2019-12-21,6727.51,336.38,7063.89,0.05,,60
797529,3024,4646,2019-06-27,1784.24,410.38,2194.62,0.23,Healthcare Equipment,32
910237,2326,2753,2019-12-31,589.93,29.5,619.43,0.05,Furniture,43
570992,5411,6500,2019-12-06,3782.0,302.56,4084.56,0.08,Automotive,29
467370,6053,5613,2019-10-21,5420.68,271.03,5691.71,0.05,Healthcare Equipment,21
824984,9879,5452,2019-07-13,201.51,10.08,211.59,0.05,Construction Materials,38
844952,6718,3565533,2019-04-09,1111.63,255.67,1367.3,0.23,Services,1
161115,1798,9661,2019-02-20,1571.38,78.57,1649.95,0.05,Healthcare Equipment,33
857562,3472,9827,2019-09-06,3813.19,190.66,4003.85,0.05,Automotive,30
563459,8548,6895,2019-02-13,167.1,8.36,175.46,0.05,Financial Services,54
138520,7843,4512,2019-06-25,450.98,22.55,473.53,0.05,Education Services,6
512579,7974,7008,2019-01-03,11129.53,2559.79,13689.32,0.23,Electronics,50
924046,5114,9255,2019-05-08,13664.33,1093.15,14757.48,0.08,Construction Materials,12
242827,8467,5088,2019-03-25,326.23,26.1,352.33,0.08,Food,56
969495,1718,4745,2019-09-17,397.61,91.45,489.06,0.23,Construction Materials,6
779730,6505,7231,2019-05-15,347.07,27.77,374.84,0.08,Furniture,55
414146,6862,2334,2019-10-13,5801.3,464.1,6265.4,0.08,Furniture,12
564335,6132,4434,2019-05-07,5815.38,465.23,6280.61,0.08,Services,48
578055,1082,5529,2019-07-13,4041.64,929.58,4971.22,0.23,Pharmaceuticals,41
140953,9167,1566,2019-02-04,5384.12,430.73,5814.85,0.08,Automotive,46
790265,3027,7732,2019-06-24,142.71,11.42,154.13,0.08,Machinery,56
104004,3496,2446,2019-09-01,12366.61,989.33,13355.94,0.08,,25
844465,7211,4300,2019-05-13,328.87,75.64,404.51,0.23,Office Supplies,60
720834,6277,2371970875,2019-09-08,1100.09,253.02,1353.11,0.23,Services,59
105313,4991,2955,2019-04-14,14955.54,747.78,15703.32,0.05,Pharmaceuticals,9
917749,7605,6847,2019-09-27,2468.36,123.42,2591.78,0.05,Healthcare Equipment,40
116231,4150,8872,2019-01-02,6965.66,348.28,7313.94,0.05,Financial Services,51
960923,5611,2078,2019-01-23,264.57,21.17,285.74,0.08,Office Supplies,4
253279,6503,2374,2019-10-20,452.59,104.1,556.69,0.23,Pharmaceuticals,56
266343,6517,1760,2019-04-14,2588.52,207.08,2795.6,0.08,Construction Materials,59
945180,2043,9050,2019-12-16,2221.55,510.96,2732.51,0.23,Food,28
982470,2536,6398,2019-12-21,1127.41,90.19,1217.6,0.08,Services,35
608870,8826,8872,2019-03-17,5059.56,1163.7,6223.26,0.23,Healthcare Equipment,29
419639,8226,5290,2019-04-24,782.86,180.06,962.92,0.23,Pharmaceuticals,13
350586,1526,2116,2019-12-11,7214.76,360.74,7575.5,0.05,Software,21
368767,2226,9220,2019-11-04,6457.23,516.58,6973.81,0.08,Machinery,9
221836,8143,3623,2019-07-22,2844.97,654.34,3499.31,0.23,Food,19
438792,4340,5555,2019-01-11,215.79,17.26,233.05,0.08,Food,46
275023,6662,3692,2019-04-08,550.21,44.02,594.23,0.08,Furniture,28
991314,7801,9275,2019-12-14,2642.02,132.1,2774.12,0.05,Financial Services,52
348902,3437,2025,2019-12-03,189.36,43.55,232.91,0.23,Machinery,47
543721,1546,2109,2019-12-31,1466.17,73.31,1539.48,0.05,Software,4
740953,4317,7480,2019-05-11,16415.37,820.77,17236.14,0.05,Clothing,4
923054,5222,2529,2019-07-22,416.99,33.36,450.35,0.08,Automotive,43
434763,6935,4789,2019-08-26,403.76,92.86,496.62,0.23,Pharmaceuticals,60
655765,3839,12345680,2019-04-04,438.36,100.82,539.18,0.23,Services,14
432217,1151,6895,2019-06-21,330.72,26.46,357.18,0.08,Automotive,34
251020,9735,9717,2019-01-06,1166.13,58.31,1224.44,0.05,Services,29
693010,6646,4317,2019-12-14,194.29,15.54,209.83,0.08,Electronics,50
777536,4753,5403,2019-03-13,6008.53,300.43,6308.96,0.05,Education Services,51
512810,8436,2790,2019-06-25,19114.21,4396.27,23510.48,0.23,Electronics,56
418629,6634,3361,2019-08-05,873.94,69.92,943.86,0.08,Healthcare Equipment,46
287577,6904,5316,2019-11-20,394.11,90.65,484.76,0.23,Automotive,38
669275,8134,8246,2019-02-22,20455.21,1636.42,22091.63,0.08,Healthcare Equipment,44
144772,5102,3516,2019-02-24,4893.72,1125.56,6019.28,0.23,Financial Services,14
109027,9042,3779,2019-07-03,671.58,53.73,725.31,0.08,Office Supplies,33
920851,6064,2423,2019-01-24,746.52,171.7,918.22,0.23,Machinery,20
609300,9674,3851,2019-04-30,13029.94,1042.4,14072.34,0.08,Services,23
232130,1986,8441,2019-05-31,18723.34,936.17,19659.51,0.05,Software,1
694669,4737,4747,2019-10-25,3209.16,160.46,3369.62,0.05,Services,5
981395,9324,5003,2019-02-18,6127.05,1409.22,7536.27,0.23,Automotive,16
694115,1696,7296,2019-01-14,134.33,30.9,165.23,0.23,Clothing,50
542728,3543,6295,2019-07-08,9143.96,2103.11,11247.07,0.23,Automotive,7
740027,1375,7189,2019-07-26,13769.84,688.49,14458.33,0.05,Clothing,0
505282,6922,9717,2019-11-21,3567.01,820.41,4387.42,0.23,Food,36
460165,7659,8615,2019-02-22,484.58,38.77,523.35,0.08,Software,50
357972,9405,8864,2019-10-15,5422.37,433.79,5856.16,0.08,Pharmaceuticals,18
269452,6740,2199,2019-05-11,22869.14,1829.53,24698.67,0.08,Financial Services,39
541471,9963,5232,2019-09-26,210.45,16.84,227.29,0.08,Financial Services,55
853775,4300,8909,2019-02-18,3284.23,164.21,3448.44,0.05,Clothing,52
938750,9527,3548,2019-08-08,17808.75,890.44,18699.19,0.05,Office Supplies,23
491716,5282,1068,2019-04-09,4101.43,205.07,4306.5,0.05,Software,52
553903,7512,5803,2019-04-14,7392.48,369.62,7762.1,0.05,Electronics,22
990292,1836,1068,2019-06-03,2179.65,174.37,2354.02,0.08,Electronics,10
178118,4753,8383,2019-01-08,534.74,122.99,657.73,0.23,Clothing,27
770978,7340,4674,2019-07-31,333.74,76.76,410.5,0.23,Electronics,5
515303,4659,5061,2019-09-22,2129.25,170.34,2299.59,0.08,Financial Services,11
226708,4366,9963,2019-06-24,894.26,44.71,938.97,0.05,Office Supplies,4
768087,6600,3828,2019-12-21,251.33,57.81,309.14,0.23,Construction Materials,18
813686,5803,3628,2019-01-10,592.43,29.62,622.05,0.05,Clothing,36
145414,2409,9756,2019-05-17,958.29,47.91,1006.2,0.05,Electronics,33
336474,2199,3540,2019-12-23,9353.48,467.67,9821.15,0.05,Automotive,25
502820,4230,8460,2019-07-24,5223.55,261.18,5484.73,0.05,Financial Services,50
762855,3006,6176,2019-09-18,817.31,40.87,858.18,0.05,Machinery,28
921237,1826,2530,2019-02-07,20338.07,1016.9,21354.97,0.05,Office Supplies,22
973256,8529,7746,2019-09-06,16959.18,3900.61,20859.79,0.23,Software,21
333403,1473,9000,2019-10-04,711.72,163.7,875.42,0.23,Healthcare Equipment,41
587086,5980,6821,2019-07-26,7323.35,1684.37,9007.72,0.23,Food,53
125052,4789,2306350888,2019-04-25,185.52,42.67,228.19,0.23,Services,57
466068,9845,4412,2019-11-01,4523.82,361.91,4885.73,0.08,Construction Materials,37
942395,4185,9654,2019-12-07,5788.78,463.1,6251.88,0.08,Automotive,0
104256,5452,2993,2019-04-21,780.11,179.43,959.54,0.23,Healthcare Equipment,35
788213,8448,4559,2019-02-27,6089.63,1400.61,7490.24,0.23,Financial Services,33
691315,2155,1117,2019-05-16,283.66,65.24,348.9,0.23,Pharmaceuticals,26
921745,6362,4179,2019-04-18,171.34,8.57,179.91,0.05,Pharmaceuticals,14
444158,3478,8368,2019-07-12,469.14,107.9,577.04,0.23,Furniture,59
671196,5517,92873427,2019-05-24,482.84,111.05,593.89,0.23,Services,29
758316,3623,7296,2019-07-21,1926.47,443.09,2369.56,0.23,Pharmaceuticals,6
698609,7952,7733,2019-09-19,268.12,13.41,281.53,0.05,Software,8
103945,4589,7466,2019-11-29,487.8,112.19,599.99,0.23,Furniture,38
375001,7305,4003,2019-09-11,105.42,8.43,113.85,0.08,Healthcare Equipment,0
500694,4841,1377,2019-11-23,12134.64,606.73,12741.37,0.05,Clothing,16
660654,1381,5597,2019-05-15,1471.85,73.59,1545.44,0.05,Food,51
475451,4827,8143,2019-07-22,157.42,36.21,193.63,0.23,Education Services,7
610832,9565,2164,2019-06-28,127.14,10.17,137.31,0.08,Software,53
822159,6160,2363,2019-11-24,3174.66,253.97,3428.63,0.08,Electronics,8
446607,8874,9966,2019-03-09,1251.66,100.13,1351.79,0.08,Electronics,19
728051,2953,3564,2019-09-04,12277.46,613.87,12891.33,0.05,,43
605931,5196,6594,2019-09-11,251.43,57.83,309.26,0.23,Automotive,2
649440,3930,6685,2019-09-05,2717.39,625.0,3342.39,0.23,Office Supplies,60
546364,1108,9849,2019-06-27,504.13,40.33,544.46,0.08,Education Services,17
490612,4559,6517,2019-09-02,671.62,33.58,705.2,0.05,Education Services,47
646785,5098,5786,2019-09-30,383.59,88.23,471.82,0.23,Electronics,18
639770,9717,7974,2019-03-27,424.05,21.2,445.25,0.05,Construction Materials,14
442205,4866,5517,2019-09-09,1970.04,453.11,2423.15,0.23,Office Supplies,15
682419,3247,6228,2019-03-11,2592.44,207.4,2799.84,0.08,Clothing,9
735887,5102,1546,2019-07-17,372.71,29.82,402.53,0.08,Machinery,29
690146,4758,3956,2019-06-24,1853.31,426.26,2279.57,0.23,Financial Services,56
467946,5670,7099,2019-07-11,11034.34,551.72,11586.06,0.05,Automotive,25
473954,2619,1970,2019-09-18,3553.14,284.25,3837.39,0.08,Furniture,49
698002,6327,5647,2019-11-05,493.59,39.49,533.08,0.08,,35
966946,3526,4753,2019-01-26,9678.42,483.92,10162.34,0.05,Clothing,28
403574,4429,7421,2019-02-26,151.44,7.57,159.01,0.05,Pharmaceuticals,9
353794,5615,4412,2019-12-01,23611.23,5430.58,29041.81,0.23,,41
121163,6295,3013,2019-02-24,4378.83,350.31,4729.14,0.08,Financial Services,24
355342,7392,1372,2019-02-06,11134.83,556.74,11691.57,0.05,Food,51
200401,1755,4355,2019-03-14,6385.54,1468.67,7854.21,0.23,Machinery,19
835494,1970,8460,2019-11-02,6805.02,544.4,7349.42,0.08,,20
512984,6503,4586,2019-06-22,16830.41,1346.43,18176.84,0.08,Education Services,21
111511,8806,4659,2019-12-18,21002.34,1680.19,22682.53,0.08,,42
291176,6927,7633,2019-12-24,141.06,7.05,148.11,0.05,Healthcare Equipment,46
594022,6361,5853,2019-11-24,230.45,11.52,241.97,0.05,,19
648667,1381,6541,2019-02-18,5199.89,415.99,5615.88,0.08,Automotive,34
756241,5842,4827,2019-05-15,210.39,16.83,227.22,0.08,Automotive,39
713508,2329,7633,2019-08-24,103.6,23.83,127.43,0.23,Furniture,32
398561,3181,5630,2019-04-11,18024.29,4145.59,22169.88,0.23,Machinery,47
507960,2116,8482,2019-01-24,1220.14,280.63,1500.77,0.23,Electronics,32
486828,2025,9158,2019-12-16,7674.46,1765.13,9439.59,0.23,,42
362135,1068,1117,2019-06-21,21074.94,1053.75,22128.69,0.05,Machinery,42
155677,4434,3548,2019-06-27,287.21,66.06,353.27,0.23,Construction Materials,2
817344,2464,2134,2019-02-02,7432.41,371.62,7804.03,0.05,Furniture,3
158082,1457,4589,2019-03-16,119.26,9.54,128.8,0.08,Automotive,20
552380,4981,7461,2019-01-02,10566.29,528.31,11094.6,0.05,Healthcare Equipment,8
521794,5845,5478,2019-02-13,3396.87,271.75,3668.62,0.08,Financial Services,7
252240,5764,2968,2019-11-07,9260.7,740.86,10001.56,0.08,Services,56
659078,9527,5232,2019-04-07,819.69,65.58,885.27,0.08,Machinery,32
913285,3215,5670,2019-07-21,1269.01,101.52,1370.53,0.08,Clothing,51
450174,3738,4831,2019-12-25,4631.61,1065.27,5696.88,0.23,Electronics,13
324915,2464,2751,2019-05-10,148.48,34.15,182.63,0.23,Machinery,25
480118,3851,6676,2019-07-26,7068.56,1625.77,8694.33,0.23,Office Supplies,47
925326,2664,2974,2019-11-12,133.7,6.68,140.38,0.05,,36
789258,7956,5914,2019-07-07,2212.57,508.89,2721.46,0.23,Pharmaceuticals,38
146926,2375,7966,2019-11-24,254.33,20.35,274.68,0.08,Clothing,15
707765,3378,2109,2019-12-31,338.05,77.75,415.8,0.23,Furniture,39
960561,4049,5426,2019-01-15,2619.43,130.97,2750.4,0.05,Education Services,22
553820,8094,3478,2019-06-23,5732.28,1318.42,7050.7,0.23,Clothing,29
872488,5886,3488,2019-01-15,3343.96,267.52,3611.48,0.08,Education Services,0
634792,6039,6188,2019-12-25,3907.1,312.57,4219.67,0.08,Construction Materials,3
257302,3203,6300,2019-09-18,8037.58,1848.64,9886.22,0.23,,16
260636,2048,7029,2019-03-16,645.6,32.28,677.88,0.05,Clothing,26
900579,1780,6295,2019-09-25,579.51,46.36,625.87,0.08,Financial Services,21
363303,9073,7880,2019-06-27,3430.92,789.11,4220.03,0.23,Healthcare Equipment,7
711406,6428,3215,2019-05-09,5018.97,1154.36,6173.33,0.23,Software,20
701755,9686,9827,2019-01-02,325.85,16.29,342.14,0.05,Financial Services,45
255670,4823,3247,2019-03-30,5811.79,290.59,6102.38,0.05,Services,11
755349,6169,3215,2019-01-15,677.02,33.85,710.87,0.05,Automotive,55
912661,7760,7208258692,2019-11-17,428.52,98.56,527.08,0.23,Services,41
825664,7458,6594,2019-03-04,14574.57,728.73,15303.3,0.05,Pharmaceuticals,35
615330,7254,9963,2019-05-10,1201.08,276.25,1477.33,0.23,Healthcare Equipment,48
656575,3469,6535,2019-07-24,163.49,37.6,201.09,0.23,Furniture,43
986229,7053,9347,2019-03-18,5713.89,457.11,6171.0,0.08,Construction Materials,34
630340,1798,4659,2019-10-16,8397.25,671.78,9069.03,0.08,Pharmaceuticals,52
205426,1526,7753,2019-09-11,7795.2,389.76,8184.96,0.05,Software,28
139605,2423,7633,2019-06-23,150.06,12.0,162.06,0.08,Automotive,3
444882,9050,1484,2019-03-06,4335.71,216.79,4552.5,0.05,Financial Services,15
127414,9096,4737,2019-12-07,1373.11,68.66,1441.77,0.05,Education Services,26
613429,5065,6820,2019-05-30,660.67,33.03,693.7,0.05,Services,31
964620,9990,8050,2019-07-31,6510.19,325.51,6835.7,0.05,Software,55
948632,6646,1898127017,2019-08-14,104.16,23.96,128.12,0.23,Services,57
339324,7554,2649,2019-10-06,278.32,13.92,292.24,0.05,Financial Services,9
667729,8143,2070,2019-03-01,684.07,157.34,841.41,0.23,Furniture,49
151750,4090,8522,2019-09-25,573.6,45.89,619.49,0.08,Services,23
540548,3826,6228,2019-05-21,1146.4,91.71,1238.11,0.08,Electronics,55
874633,7170,3582,2019-08-21,162.23,37.31,199.54,0.23,Services,19
221296,8283,9390,2019-09-08,9505.52,475.28,9980.8,0.05,Clothing,15
920859,9048,3293,2019-02-24,179.47,14.36,193.83,0.08,Healthcare Equipment,2
125596,4668,7043,2019-11-22,822.75,41.14,863.89,0.05,,23
174385,5508,1059,2019-09-06,439.14,101.0,540.14,0.23,Services,21
280700,4860,1929,2019-06-01,938.25,46.91,985.16,0.05,Healthcare Equipment,37
603530,8050,9259,2019-03-27,674.98,155.25,830.23,0.23,Office Supplies,28
610873,5786,1895,2019-11-18,718.69,35.93,754.62,0.05,Financial Services,4
777551,6789,9747,2019-05-18,3482.3,278.58,3760.88,0.08,Food,36
536318,5034,5538,2019-06-06,4340.12,998.23,5338.35,0.23,Food,6
769996,1284,1117,2019-06-18,1538.56,353.87,1892.43,0.23,Services,3
728143,2157,1851,2019-07-30,749.26,59.94,809.2,0.08,Healthcare Equipment,49
295864,4589,5402,2019-03-30,13131.46,656.57,13788.03,0.05,Machinery,15
693375,8034,6282631389,2019-11-14,1470.9,338.31,1809.21,0.23,Services,44
882013,8094,9747,2019-01-26,393.27,90.45,483.72,0.23,Food,29
970131,8269,7305,2019-08-18,24551.97,1227.6,25779.57,0.05,Construction Materials,36
199540,8488,5240,2019-03-07,6521.94,1500.05,8021.99,0.23,Pharmaceuticals,12
249504,8508,5263,2019-05-31,389.93,89.68,479.61,0.23,Machinery,17
656725,8448,2504,2019-06-29,10762.58,538.13,11300.71,0.05,Healthcare Equipment,46
705264,8755,4276,2019-08-20,1758.63,140.69,1899.32,0.08,Automotive,6
485677,3956,5009,2019-03-22,8773.14,701.85,9474.99,0.08,Pharmaceuticals,29
354626,1352,9659,2019-05-17,1375.25,68.76,1444.01,0.05,Financial Services,56
256854,9605,4960,2019-02-25,292.25,14.61,306.86,0.05,Education Services,40
902650,5786,3136,2019-12-14,126.68,6.33,133.01,0.05,Software,36
518197,8096,4185,2019-05-10,403.4,20.17,423.57,0.05,Food,29
725032,3296,9220,2019-05-24,5802.05,464.16,6266.21,0.08,Healthcare Equipment,48
414778,4183,1256,2019-06-20,4179.67,961.32,5140.99,0.23,,18
976593,8158,6039,2019-08-19,19077.4,1526.19,20603.59,0.08,Software,4
649800,1651,6990,2019-08-13,3725.71,186.29,3912.0,0.05,Office Supplies,26
439044,7340,2329,2019-04-27,10373.19,518.66,10891.85,0.05,Food,50
171140,7651,3020,2019-11-27,17863.24,1429.06,19292.3,0.08,Construction Materials,25
249461,4429,5655,2019-10-21,266.86,13.34,280.2,0.05,Pharmaceuticals,56
278382,9477,5859,2019-07-22,911.69,209.69,1121.38,0.23,Software,52
416155,2613,5803,2019-10-07,23127.05,5319.22,28446.27,0.23,Machinery,3
258410,6274,6539,2019-10-03,165.11,37.98,203.09,0.23,,43
238228,8747,5905,2019-12-11,14226.67,3272.13,17498.8,0.23,Furniture,45
152324,4991,7971,2019-05-19,1917.59,95.88,2013.47,0.05,Food,26
514059,3722,6163,2019-07-11,4128.17,949.48,5077.65,0.23,Education Services,52
173030,8924,2379,2019-03-26,6825.38,1569.84,8395.22,0.23,Automotive,16
368817,4955,8944,2019-03-19,482.41,110.95,593.36,0.23,Machinery,46
431495,9613,7043,2019-04-11,11123.75,556.19,11679.94,0.05,Software,2
588750,9674,9755,2019-01-31,1032.89,51.64,1084.53,0.05,Office Supplies,1
969636,7193,5086,2019-02-02,1864.08,93.2,1957.28,0.05,Electronics,20
633597,8674,2009,2019-06-01,20996.25,4829.14,25825.39,0.23,Food,51
763673,7258,9598,2019-11-27,227.89,52.41,280.3,0.23,Machinery,45
942477,7301,1852129814,2019-09-03,117.81,27.1,144.91,0.23,Services,11
658624,6539,6422,2019-09-05,193.72,15.5,209.22,0.08,,28
460171,1282,2950741,2019-04-07,780.7,179.56,960.26,0.23,Services,53
179644,6594,3269,2019-05-06,251.23,57.78,309.01,0.23,Construction Materials,18
520483,1718,8383,2019-07-14,3855.43,308.43,4163.86,0.08,Education Services,60
838805,2715,3020,2019-02-15,6293.58,314.68,6608.26,0.05,Financial Services,11
843668,6361,9477,2019-01-17,21719.91,4995.58,26715.49,0.23,Financial Services,2
255021,7297,7652,2019-10-15,20869.79,4800.05,25669.84,0.23,Office Supplies,5
800893,7971,4136,2019-12-29,841.72,193.6,1035.32,0.23,Office Supplies,37
958982,4758,2155,2019-04-27,437.26,100.57,537.83,0.23,Automotive,60
290394,4317,5209,2019-01-09,3827.51,306.2,4133.71,0.08,Financial Services,7
205201,1872,2227,2019-10-12,6692.9,334.64,7027.54,0.05,Education Services,21
874802,6122,2193,2019-07-03,3377.77,270.22,3647.99,0.08,Services,42
956997,9073,9158,2019-07-03,239.33,11.97,251.3,0.05,Machinery,2
691624,2683,5046,2019-06-18,4458.86,356.71,4815.57,0.08,Education Services,54
533657,3024,4161,2019-03-27,809.7,186.23,995.93,0.23,Services,24
148573,9514,5555,2019-09-20,594.98,29.75,624.73,0.05,Automotive,30
343065,9000,4619,2019-05-07,4613.17,369.05,4982.22,0.08,Construction Materials,23
383734,5670,9654,2019-03-14,4271.69,341.74,4613.43,0.08,Furniture,21
540427,9659,5102,2019-01-21,9297.36,2138.39,11435.75,0.23,Furniture,45
460482,2968,3472,2019-12-21,6858.06,1577.35,8435.41,0.23,,19
392888,8966,5403,2019-01-31,486.68,38.93,525.61,0.08,Clothing,32
941992,7784,4617,2019-04-05,857.54,68.6,926.14,0.08,Services,36
656250,1685,3033,2019-06-20,23429.83,1874.39,25304.22,0.08,Automotive,19
205497,3643,6091,2019-06-15,4202.88,966.66,5169.54,0.23,Education Services,28
969241,5928,2619,2019-03-21,179.95,41.39,221.34,0.23,Electronics,22
192684,5455,3125,2019-01-20,11638.92,2676.95,14315.87,0.23,Electronics,47
892126,7297,1484,2019-02-25,2428.15,558.47,2986.62,0.23,Software,23
831967,9939,7954,2019-10-15,2724.5,136.22,2860.72,0.05,Food,20
484500,8851,9357,2019-08-03,6591.17,527.29,7118.46,0.08,Machinery,17
512916,6315,2204,2019-03-17,261.91,60.24,322.15,0.23,Electronics,55
396969,8178,4866,2019-01-27,748.82,37.44,786.26,0.05,,22
556173,9812,4366,2019-08-24,482.07,24.1,506.17,0.05,Construction Materials,33
327291,4925,7512,2019-01-31,7018.83,1614.33,8633.16,0.23,Clothing,33
452844,4300,5735,2019-11-19,294.6,14.73,309.33,0.05,Office Supplies,14
440498,2328,1537,2019-08-05,309.81,15.49,325.3,0.05,Software,42
333567,1627,3623,2019-02-18,193.32,15.47,208.79,0.08,Education Services,54
267013,9845,3437,2019-11-27,7515.77,1728.63,9244.4,0.23,Construction Materials,10
338514,1817,7915,2019-07-13,6789.96,543.2,7333.16,0.08,Automotive,8
659200,6696,3020,2019-06-01,180.91,14.47,195.38,0.08,Machinery,19
639706,9099,4723,2019-06-26,3771.48,188.57,3960.05,0.05,Furniture,57
791921,1042,4460,2019-10-10,806.67,40.33,847.0,0.05,Office Supplies,56
225151,8100,7393,2019-12-27,451.37,103.82,555.19,0.23,Electronics,29
115489,2471,12345680,2019-10-15,358.13,82.37,440.5,0.23,Services,22
108743,5655,7211,2019-02-06,2574.46,592.13,3166.59,0.23,Construction Materials,24
296963,5125,7479,2019-12-25,9370.48,2155.21,11525.69,0.23,Machinery,12
371805,4889,9467,2019-04-18,7004.94,560.4,7565.34,0.08,Software,32
783041,2974,7811,2019-04-16,886.81,44.34,931.15,0.05,Construction Materials,13
351000,5738,9990,2019-10-26,713.12,35.66,748.78,0.05,Furniture,23
769253,5144,9484,2019-09-22,3800.94,304.08,4105.02,0.08,Construction Materials,4
431039,8377,1210,2019-07-10,113.51,5.68,119.19,0.05,Financial Services,31
872909,3393,8422,2019-09-06,2408.87,192.71,2601.58,0.08,Education Services,3
627540,3006,9418,2019-07-07,724.68,57.97,782.65,0.08,Office Supplies,1
102152,9290,2492,2019-04-01,187.4,9.37,196.77,0.05,Electronics,21
964862,1457,2293,2019-04-12,488.55,39.08,527.63,0.08,Office Supplies,52
264327,3247,4619,2019-07-12,2952.11,147.61,3099.72,0.05,Machinery,42
130734,5293,2375,2019-01-02,16751.61,837.58,17589.19,0.05,Education Services,32
619411,4570,7363,2019-04-29,867.36,43.37,910.73,0.05,Automotive,55
443881,7554,12345679,2019-10-26,230.45,53.0,283.45,0.23,Services,33
814053,6091,6750,2019-09-03,11002.54,2530.58,13533.12,0.23,Clothing,54
119244,3606,7811,2019-03-21,187.52,43.13,230.65,0.23,Education Services,34
362195,1896,7947,2019-04-06,742.22,170.71,912.93,0.23,Healthcare Equipment,40
555310,2295,6925,2019-12-13,19078.8,1526.3,20605.1,0.08,Pharmaceuticals,17
509225,6631,2192,2019-06-26,473.3,108.86,582.16,0.23,Pharmaceuticals,51
430040,4986,4659,2019-01-04,156.86,12.55,169.41,0.08,Pharmaceuticals,49
401945,6911,6718,2019-03-19,4053.15,202.66,4255.81,0.05,Software,9
327295,1436,3488,2019-08-24,3553.95,284.32,3838.27,0.08,Office Supplies,52
646266,9686,4541,2019-06-12,8892.63,711.41,9604.04,0.08,Construction Materials,43
476833,9444,7250,2019-02-11,3975.14,914.28,4889.42,0.23,,0
858398,8270,9326,2019-01-10,1392.67,320.31,1712.98,0.23,Financial Services,16
402218,5013,2363,2019-05-29,877.79,70.22,948.01,0.08,Clothing,29
233013,7651,2690,2019-01-19,1455.28,116.42,1571.7,0.08,Healthcare Equipment,58
776020,7777,1754,2019-10-23,2543.58,127.18,2670.76,0.05,Food,17
736759,7099,2131,2019-08-23,19660.38,4521.89,24182.27,0.23,Electronics,13
510199,8488,5125,2019-02-17,387.03,30.96,417.99,0.08,Education Services,25
164660,9567,1389,2019-10-05,1035.69,82.86,1118.55,0.08,Pharmaceuticals,1
971267,1754,6743,2019-02-20,460.5,36.84,497.34,0.08,Clothing,14
212504,8452,5845,2019-03-17,318.37,25.47,343.84,0.08,Furniture,25
765589,2993,8436,2019-05-16,5197.2,259.86,5457.06,0.05,Pharmaceuticals,57
360209,2145,3033,2019-07-06,301.81,69.42,371.23,0.23,Electronics,52
580781,8258,6676,2019-07-14,7064.89,353.24,7418.13,0.05,,2
651557,8624,4991,2019-05-26,657.93,52.63,710.56,0.08,Furniture,16
935963,9129,8426,2019-06-10,1655.59,380.79,2036.38,0.23,,17
730956,7840,6526,2019-08-16,373.29,18.66,391.95,0.05,Clothing,10
658205,3419,6646,2019-03-02,1961.71,156.94,2118.65,0.08,Automotive,2
674420,2379,7296,2019-07-18,509.71,117.23,626.94,0.23,Machinery,47
277941,6375,9171,2019-08-04,1756.34,403.96,2160.3,0.23,Software,52
901987,2635,4634,2019-04-02,9221.51,461.08,9682.59,0.05,Software,16
812059,2378,3548,2019-08-21,573.9,28.7,602.6,0.05,Education Services,28
614367,8371,1841,2019-06-12,443.37,22.17,465.54,0.05,,20
179766,3420,9368,2019-04-12,825.87,41.29,867.16,0.05,Furniture,25
808320,1356,9783,2019-07-24,13660.23,1092.82,14753.05,0.08,Healthcare Equipment,9
751450,9275,3956,2019-03-25,15264.7,3510.88,18775.58,0.23,Healthcare Equipment,20
563872,2298,6371,2019-03-18,1959.35,450.65,2410.0,0.23,Construction Materials,45
189280,2176,9845,2019-05-31,1750.61,140.05,1890.66,0.08,Healthcare Equipment,40
226423,1765,2145,2019-12-12,10819.22,2488.42,13307.64,0.23,Furniture,35
631411,7777,4355,2019-07-23,3163.85,727.69,3891.54,0.23,Construction Materials,25
623622,1250,6626,2019-10-08,263.52,21.08,284.6,0.08,Automotive,35
298114,9686,9874,2019-05-16,920.89,46.04,966.93,0.05,Machinery,35
709922,3013,2243,2019-01-24,21739.55,5000.1,26739.65,0.23,,38
752804,4655,4994,2019-12-14,878.25,70.26,948.51,0.08,Automotive,58
825715,5842,1836,2019-01-01,284.98,65.55,350.53,0.23,Machinery,44
461961,1718,3349,2019-06-08,4252.09,212.6,4464.69,0.05,Electronics,12
873174,8826,4737,2019-05-10,389.58,89.6,479.18,0.23,Services,33
439193,4880,9060,2019-04-28,6161.91,492.95,6654.86,0.08,Software,54
311412,4355,7265,2019-12-12,8203.67,1886.84,10090.51,0.23,Pharmaceuticals,9
951222,2209,2541,2019-01-14,181.17,9.06,190.23,0.05,Automotive,16
196991,2109,7004,2019-07-21,747.48,37.37,784.85,0.05,Education Services,5
473576,7250,5065,2019-06-01,6147.18,307.36,6454.54,0.05,,16
626228,9565,5845,2019-08-16,2355.94,541.87,2897.81,0.23,Healthcare Equipment,56
584519,1422,7301,2019-09-19,888.39,204.33,1092.72,0.23,Services,34
190565,5455,5319,2019-07-27,3147.62,723.95,3871.57,0.23,Food,50
970366,7272,9941,2019-09-10,3279.81,163.99,3443.8,0.05,Automotive,17
831760,2253,6895,2019-09-27,1688.08,388.26,2076.34,0.23,,37
733331,2156,1842196,2019-05-30,477.97,109.93,587.9,0.23,Services,51
502886,4466,9085,2019-04-10,626.39,31.32,657.71,0.05,Financial Services,8
567759,6526,3839,2019-04-22,968.54,48.43,1016.97,0.05,Pharmaceuticals,6
263831,6922,4789,2019-07-23,5965.21,1372.0,7337.21,0.23,Construction Materials,15
914423,8258,7461,2019-05-24,1836.66,146.93,1983.59,0.08,Pharmaceuticals,32
440941,1780,1375,2019-12-02,4739.48,236.97,4976.45,0.05,Healthcare Equipment,28
657434,5102,2065,2019-04-06,960.51,220.92,1181.43,0.23,Electronics,4
424430,8940,7480,2019-05-03,18449.11,922.46,19371.57,0.05,Software,57
514427,5508,5411,2019-07-03,640.79,32.04,672.83,0.05,Automotive,12
358533,3628,3720,2019-10-13,652.98,52.24,705.22,0.08,Automotive,30
964851,5886,4663,2019-06-08,2995.07,688.87,3683.94,0.23,Electronics,34
705198,4355,4889,2019-09-03,4146.62,207.33,4353.95,0.05,Furniture,59
537234,7965,8709,2019-11-22,7193.42,1654.49,8847.91,0.23,Furniture,8
384192,6327,3915,2019-03-24,7964.2,637.14,8601.34,0.08,Education Services,42
597311,5293,5507,2019-09-04,7602.08,608.17,8210.25,0.08,Automotive,16
771179,1537,6211,2019-11-30,6954.44,347.72,7302.16,0.05,Pharmaceuticals,10
456144,1381,9560,2019-05-30,4648.94,232.45,4881.39,0.05,Clothing,48
183587,3181,3717,2019-10-25,516.29,118.75,635.04,0.23,Software,27
254493,8256,4695,2019-07-24,6127.5,1409.33,7536.83,0.23,Software,11
309593,8094,9421,2019-08-26,14119.29,705.96,14825.25,0.05,Education Services,34
850568,5452,2825,2019-08-24,462.57,23.13,485.7,0.05,Furniture,49
557292,2025,6594,2019-09-14,5307.58,265.38,5572.96,0.05,Services,35
158286,1117,2690,2019-01-28,436.2,34.9,471.1,0.08,Furniture,0
828585,7894,2193,2019-01-14,13558.45,1084.68,14643.13,0.08,Office Supplies,27
431501,4300,1735,2019-08-26,260.51,20.84,281.35,0.08,Healthcare Equipment,42
190427,7737,2405,2019-07-10,539.29,26.96,566.25,0.05,Food,36
904801,8909,5379,2019-08-04,339.5,78.09,417.59,0.23,Automotive,29
245900,7247,5786,2019-09-07,291.9,14.59,306.49,0.05,Services,37
799472,8615,7277,2019-05-22,1451.23,72.56,1523.79,0.05,Clothing,16
367780,6463,7451,2019-09-19,113.66,26.14,139.8,0.23,Office Supplies,35
631393,9224,9565,2019-01-06,5933.34,474.67,6408.01,0.08,Construction Materials,23
855864,8050,6634,2019-05-26,24964.02,1997.12,26961.14,0.08,,16
328439,5076,3462,2019-12-10,17385.9,3998.76,21384.66,0.23,Services,11
583916,6802,2245,2019-10-27,5922.9,473.83,6396.73,0.08,Food,58
525981,7480,4985,2019-05-16,336.73,16.84,353.57,0.05,Furniture,44
912176,8559,2412,2019-01-31,3965.82,198.29,4164.11,0.05,Healthcare Equipment,27
143806,9519,2360,2019-06-17,2646.46,132.32,2778.78,0.05,Furniture,30
895551,8909,5088,2019-01-27,154.06,35.43,189.49,0.23,Office Supplies,36
979618,8378,1735,2019-12-23,8373.78,1925.97,10299.75,0.23,Services,27
337814,8070,7333,2019-03-12,17723.19,1417.86,19141.05,0.08,Healthcare Equipment,22
818649,1763,2750,2019-03-31,1310.44,301.4,1611.84,0.23,Machinery,36
586356,5030,5602,2019-10-07,390.13,19.51,409.64,0.05,Furniture,57
295748,1356,9324,2019-03-12,1898.89,151.91,2050.8,0.08,Financial Services,60
683781,7451,2360,2019-01-10,188.68,9.43,198.11,0.05,Office Supplies,19
146747,4204,8378,2019-11-21,22528.55,1126.43,23654.98,0.05,Automotive,14
401409,9222,1624,2019-03-23,143.98,7.2,151.18,0.05,Services,37
589166,1512,1966,2019-03-19,481.14,24.06,505.2,0.05,Clothing,39
747637,1988,7382,2019-05-08,8943.95,447.2,9391.15,0.05,Office Supplies,35
646411,1526,2374,2019-03-09,607.74,139.78,747.52,0.23,Construction Materials,24
655485,4460,7911,2019-10-27,933.06,46.65,979.71,0.05,Education Services,59
425284,3540,1938,2019-06-02,351.4,28.11,379.51,0.08,Electronics,20
542413,2192,2327,2019-03-27,9424.66,471.23,9895.89,0.05,,1
698455,5548,4642,2019-09-12,8314.66,665.17,8979.83,0.08,Furniture,17
887122,6139,4429,2019-05-15,19760.91,4545.01,24305.92,0.23,Clothing,34
846797,1106,6163,2019-02-22,4401.65,220.08,4621.73,0.05,Pharmaceuticals,54
427533,8187,8096,2019-08-07,441.55,101.56,543.11,0.23,Financial Services,8
291689,1925,2363,2019-11-08,270.88,13.54,284.42,0.05,Construction Materials,6
954006,9482,5905,2019-10-25,3121.38,156.07,3277.45,0.05,Services,51
589597,1457,2134,2019-08-05,3265.56,751.08,4016.64,0.23,Clothing,21
328405,4617,9096,2019-07-25,1130.85,56.54,1187.39,0.05,Electronics,12
502414,1566,6176,2019-07-18,4513.09,1038.01,5551.1,0.23,Electronics,58
950310,8747,2405,2019-02-17,864.82,198.91,1063.73,0.23,Office Supplies,37
895610,7217,8909,2019-02-12,827.27,41.36,868.63,0.05,Pharmaceuticals,49
407240,8100,6080,2019-06-23,5789.95,463.2,6253.15,0.08,Food,1
213093,7319,4738,2019-10-11,385.56,88.68,474.24,0.23,Construction Materials,15
756608,8747,3152,2019-07-24,8302.1,1909.48,10211.58,0.23,Services,32
642225,5057,9613,2019-07-09,4933.31,246.67,5179.98,0.05,Electronics,13
191071,4955,5144,2019-06-11,1911.79,152.94,2064.73,0.08,Software,16
213797,3378,2134,2019-08-30,149.97,7.5,157.47,0.05,Construction Materials,36
235487,7279,7353,2019-04-12,1061.55,244.16,1305.71,0.23,Office Supplies,26
355023,7421,4541,2019-01-06,2096.15,482.11,2578.26,0.23,Construction Materials,10
700256,1938,7211,2019-05-08,9290.58,743.25,10033.83,0.08,Software,21
421187,3171,2070,2019-06-27,728.86,36.44,765.3,0.05,Electronics,52
778081,1422,1851,2019-09-25,441.42,35.31,476.73,0.08,Financial Services,21
937370,9368,3666,2019-11-06,2154.28,495.48,2649.76,0.23,Electronics,12
784474,3163,9518,2019-02-24,1428.08,71.4,1499.48,0.05,,43
353009,9307,3606,2019-06-05,1432.75,329.53,1762.28,0.23,Healthcare Equipment,54
410077,7096,5003,2019-05-12,8281.15,414.06,8695.21,0.05,Financial Services,13
218555,9224,9129,2019-11-20,7330.01,1685.9,9015.91,0.23,Automotive,0
831387,2465,6662,2019-01-03,5120.03,409.6,5529.63,0.08,Automotive,18
134349,7032,9018,2019-04-15,5543.95,443.52,5987.47,0.08,Food,27
448355,1128,2227,2019-05-16,935.68,74.85,1010.53,0.08,,33
669506,3199,1817,2019-04-21,5285.01,422.8,5707.81,0.08,Furniture,48
613268,3839,2953,2019-12-19,712.33,35.62,747.95,0.05,Office Supplies,2
142647,1974,2374,2019-05-05,277.9,13.89,291.79,0.05,Construction Materials,21
881055,6277,6047,2019-09-20,175.72,40.42,216.14,0.23,Clothing,41
724432,4162,9990,2019-11-29,146.18,11.69,157.87,0.08,Software,47
797478,1179,7811,2019-12-01,9566.71,478.34,10045.05,0.05,Furniture,45
298109,5034,4313,2019-10-08,360.82,82.99,443.81,0.23,Construction Materials,17
425223,5914,9966,2019-04-27,372.85,29.83,402.68,0.08,Furniture,19
152950,6535,5792,2019-09-30,447.37,35.79,483.16,0.08,Services,49
243435,8269,8143,2019-09-11,4946.95,1137.8,6084.75,0.23,Clothing,9
487498,2010,3006,2019-05-17,4342.84,347.43,4690.27,0.08,Healthcare Equipment,33
717528,5088,5531,2019-05-01,10211.19,816.9,11028.09,0.08,Electronics,41
181595,2490,6584,2019-08-30,851.45,42.57,894.02,0.05,Pharmaceuticals,55
984754,3203,9335,2019-03-15,609.13,48.73,657.86,0.08,Machinery,23
841523,2311,5358,2019-08-20,619.72,142.54,762.26,0.23,Financial Services,0
114943,5120,2120,2019-09-04,621.95,31.1,653.05,0.05,Office Supplies,49
253776,5086,5853,2019-08-30,2940.92,235.27,3176.19,0.08,Services,42
245980,3964,7961,2019-10-30,998.54,49.93,1048.47,0.05,Pharmaceuticals,26
436056,9613,5602,2019-06-29,977.76,78.22,1055.98,0.08,Automotive,16
200466,1160,9060,2019-08-14,453.99,36.32,490.31,0.08,Clothing,15
518206,6327,9209327,2019-01-01,1060.7,243.96,1304.66,0.23,,5
674174,5379,7512,2019-05-08,122.95,9.84,132.79,0.08,Education Services,34
983491,2131,1792,2019-06-16,4831.49,241.57,5073.06,0.05,Office Supplies,12
741465,7326,2164,2019-07-27,143.12,11.45,154.57,0.08,Software,18
819208,6295,5905,2019-12-04,240.83,55.39,296.22,0.23,Pharmaceuticals,46
679830,2295,1117,2019-04-09,12408.65,620.43,13029.08,0.05,Machinery,13
159225,9894,8467,2019-05-02,189.02,9.45,198.47,0.05,Automotive,56
649288,7732,3152,2019-01-07,214.18,49.26,263.44,0.23,Education Services,60
527398,8674,4276,2019-02-24,1779.93,409.38,2189.31,0.23,Construction Materials,21
596931,3720,4646,2019-09-27,3976.43,318.11,4294.54,0.08,Machinery,57
453353,9451,5411,2019-08-28,146.02,7.3,153.32,0.05,Electronics,27
298938,4049,3842,2019-11-17,113.59,9.09,122.68,0.08,Office Supplies,47
988246,1082,5222,2019-01-07,2985.74,149.29,3135.03,0.05,Automotive,29
614915,7801,3720,2019-03-28,358.27,28.66,386.93,0.08,Office Supplies,49
131582,6685,9467,2019-05-03,8284.2,662.74,8946.94,0.08,Clothing,11
928978,7733,3126,2019-03-08,2509.94,577.29,3087.23,0.23,Education Services,24
954112,8931,4560,2019-03-05,3271.19,261.7,3532.89,0.08,Electronics,52
551782,4129,8954,2019-07-31,2486.07,124.3,2610.37,0.05,Construction Materials,5
536967,1627,5203,2019-08-15,9976.8,2294.66,12271.46,0.23,Food,47
973551,6510,6472,2019-09-09,183.32,42.16,225.48,0.23,Furniture,8
333165,2065,4568,2019-10-15,672.4,53.79,726.19,0.08,Office Supplies,60
923281,3426,6646,2019-10-05,2310.36,115.52,2425.88,0.05,,19
902932,3338,9827,2019-12-23,20656.7,4751.04,25407.74,0.23,Education Services,59
362746,7652,6535,2019-03-01,16851.7,1348.14,18199.84,0.08,,38
396287,5316,1826,2019-04-21,369.66,85.02,454.68,0.23,Automotive,2
935067,9048,7453,2019-03-25,5831.69,291.58,6123.27,0.05,Construction Materials,14
807302,2955,1760,2019-02-25,5252.13,1207.99,6460.12,0.23,Construction Materials,50
612558,2209,1180,2019-06-05,126.99,10.16,137.15,0.08,Services,57
947107,2379,1735,2019-03-13,15915.52,795.78,16711.3,0.05,Healthcare Equipment,10
812305,1651,3851,2019-04-15,104.0,23.92,127.92,0.23,Machinery,40
249454,6122,7554,2019-12-17,9757.69,2244.27,12001.96,0.23,Food,18
109932,4860,7247,2019-03-08,205.91,10.3,216.21,0.05,,40
585566,5282,5508,2019-10-05,3683.22,294.66,3977.88,0.08,Education Services,0
273584,3224,4327,2019-04-09,18369.7,4225.03,22594.73,0.23,Automotive,7
492469,8426,1044,2019-08-23,20928.27,1046.41,21974.68,0.05,Software,5
584854,2326,3988,2019-10-01,704.14,56.33,760.47,0.08,Furniture,11
671632,8371,5553,2019-08-10,4104.9,205.25,4310.15,0.05,Food,28
485046,7382,1160,2019-07-22,516.14,118.71,634.85,0.23,Financial Services,10
180201,6863,2931,2019-12-02,1298.15,64.91,1363.06,0.05,Financial Services,12
450208,5853,4719,2019-05-15,5672.17,283.61,5955.78,0.05,Clothing,9
104835,2192,7458,2019-09-13,503.64,115.84,619.48,0.23,Construction Materials,37
829172,6168,5144,2019-07-12,11520.78,921.66,12442.44,0.08,,27
697835,6541,7554,2019-02-19,1948.15,448.07,2396.22,0.23,Automotive,24
723784,3006,7915,2019-10-14,1523.29,121.86,1645.15,0.08,Food,34
493312,7731,5088,2019-08-29,137.11,6.86,143.97,0.05,Software,32
634536,3125,2638,2020-01-01,1804.1,414.94,2219.04,0.23,Construction Materials,12
736145,5517,5217,2019-07-20,125.17,28.79,153.96,0.23,Financial Services,56
820254,9756,4018,2019-05-03,132.47,10.6,143.07,0.08,Machinery,44
776198,6539,8431,2019-09-26,8139.62,651.17,8790.79,0.08,Education Services,8
436939,2771,5222,2019-02-16,4125.28,330.02,4455.3,0.08,Office Supplies,56
191445,9324,1151,2019-11-09,11618.41,929.47,12547.88,0.08,Clothing,55
410715,1916,1733,2019-02-08,18193.93,1455.51,19649.44,0.08,Construction Materials,1
377300,8383,5034,2019-10-09,847.88,42.39,890.27,0.05,Automotive,5
458710,1872,9180,2019-11-08,1461.58,116.93,1578.51,0.08,Clothing,58
905686,2715,3644,2019-11-09,164.2,37.77,201.97,0.23,Financial Services,28
364036,2459,2040,2019-12-25,9099.8,454.99,9554.79,0.05,Education Services,20
688210,9941,9214,2019-03-10,8414.36,420.72,8835.08,0.05,Education Services,57
898402,7120,2253,2019-09-03,9032.96,722.64,9755.6,0.08,Pharmaceuticals,54
611117,5144,9755,2019-08-06,302.7,69.62,372.32,0.23,Education Services,19
361588,5065,3462,2019-11-06,144.09,33.14,177.23,0.23,Clothing,14
892695,4170,1851,2019-06-08,289.52,23.16,312.68,0.08,Services,5
340878,9613,7753,2019-06-24,635.21,50.82,686.03,0.08,Furniture,24
886252,2040,3013,2019-11-02,2959.99,680.8,3640.79,0.23,Construction Materials,1
775560,3516,3024,2019-03-27,1225.4,98.03,1323.43,0.08,Food,41
642183,3582,9335,2019-06-01,9175.5,2110.37,11285.87,0.23,Financial Services,38
548443,6394,5065,2019-02-01,9006.07,450.3,9456.37,0.05,Education Services,3
299287,6698,2953,2019-09-21,246.04,12.3,258.34,0.05,Pharmaceuticals,28
551573,4866,7004,2019-09-06,6245.1,1436.37,7681.47,0.23,Office Supplies,50
492991,6176,5611,2019-07-29,335.39,26.83,362.22,0.08,Education Services,54
856053,9894,6440,2019-11-09,634.48,145.93,780.41,0.23,Pharmaceuticals,24
953600,1375,9519,2019-06-01,1740.88,400.4,2141.28,0.23,Services,11
167813,3251,4737,2019-06-21,17746.63,887.33,18633.96,0.05,Healthcare Equipment,48
636574,1685,2187,2019-07-24,4387.56,219.38,4606.94,0.05,Financial Services,57
808820,5798,8747,2019-08-08,454.93,22.75,477.68,0.05,Office Supplies,60
785902,1422,6167,2019-05-27,160.2,36.85,197.05,0.23,Software,52
117626,6927,8709,2019-06-23,1686.19,84.31,1770.5,0.05,Automotive,46
833789,2328,3730,2019-01-31,299.62,14.98,314.6,0.05,Machinery,57
163297,4443,6483,2019-01-01,156.77,7.84,164.61,0.05,Machinery,21
368416,7265,9115,2019-10-01,9232.6,2123.5,11356.1,0.23,Construction Materials,46
103538,3168,3006,2019-04-16,576.55,46.12,622.67,0.08,Services,1
362992,7733,7053,2019-08-13,181.61,9.08,190.69,0.05,Clothing,23
952588,4646,3355,2019-03-08,339.39,16.97,356.36,0.05,Education Services,11
728309,8814,9030,2019-04-16,586.58,46.93,633.51,0.08,Financial Services,26
607867,5602,2480,2019-09-02,2881.52,662.75,3544.27,0.23,Machinery,24
684700,8472,6398,2019-05-13,560.3,28.02,588.32,0.05,,16
842402,4860,7863,2019-06-17,545.78,125.53,671.31,0.23,Pharmaceuticals,6
158838,5670,9621,2019-01-17,2958.25,147.91,3106.16,0.05,Services,6
475861,7647,3666,2019-08-26,151.55,34.86,186.41,0.23,,8
259629,1048,8857,2019-09-30,721.75,166.0,887.75,0.23,Healthcare Equipment,38
602794,1068,9115,2019-07-08,867.24,199.47,1066.71,0.23,Food,58
739741,8371,9185,2019-04-20,4955.63,396.45,5352.08,0.08,Financial Services,44
417707,5403,7047,2019-07-31,2090.56,167.24,2257.8,0.08,Furniture,21
313276,1188,6428,2019-07-23,1511.43,120.91,1632.34,0.08,Machinery,53
643728,7357,7326,2019-12-18,13252.95,1060.24,14313.19,0.08,Financial Services,59
130910,2974,8226,2019-11-09,529.03,26.45,555.48,0.05,Pharmaceuticals,9
566681,1986,9158,2019-12-06,534.73,26.74,561.47,0.05,Healthcare Equipment,39
799277,2459,8460720,2019-04-04,116.03,26.69,142.72,0.23,Services,33
207676,4880,9464,2019-07-03,6770.17,541.61,7311.78,0.08,Office Supplies,27
876574,9048,3502,2019-11-09,690.48,158.81,849.29,0.23,Office Supplies,40
607151,7365,6595,2019-12-23,10921.19,546.06,11467.25,0.05,Pharmaceuticals,36
306109,5560,1938,2019-07-11,7257.09,362.85,7619.94,0.05,Food,32
300933,5411,2246,2019-02-09,301.21,69.28,370.49,0.23,Services,47
371438,8674,6525,2019-10-16,264.31,13.22,277.53,0.05,Office Supplies,41
132514,2464,9214,2019-12-27,701.08,35.05,736.13,0.05,Automotive,4
514613,4136,3393,2019-02-21,5676.33,454.11,6130.44,0.08,Education Services,1
749507,6646,4313,2019-11-01,472.49,23.62,496.11,0.05,Food,24
417180,4586,9444,2019-03-27,817.12,40.86,857.98,0.05,Furniture,49
435409,3488,3378,2019-02-19,8360.43,418.02,8778.45,0.05,Education Services,26
321725,6300,6184,2019-12-19,2485.91,124.3,2610.21,0.05,Software,37
423832,7880,1128,2019-11-21,5106.38,408.51,5514.89,0.08,Office Supplies,0
162574,2040,3126,2019-07-07,9145.41,731.63,9877.04,0.08,Office Supplies,6
239823,3756,7873,2019-03-14,503.48,115.8,619.28,0.23,Services,3
512191,2553,3839,2019-02-02,3279.1,262.33,3541.43,0.08,Clothing,21
146789,8645,7857,2019-05-24,12437.61,995.01,13432.62,0.08,,42
719776,1938,9477,2019-11-12,2960.81,236.86,3197.67,0.08,Automotive,5
288025,1836,5843061,2019-03-25,959.35,220.65,1180.0,0.23,Services,47
846003,8179,8482,2019-08-06,272.74,21.82,294.56,0.08,Software,7
342821,8508,5928,2019-06-21,755.79,60.46,816.25,0.08,Education Services,39
268040,1974,5974,2019-12-27,1039.73,51.99,1091.72,0.05,Machinery,28
338688,5974,3730,2019-02-10,8765.38,701.23,9466.61,0.08,Education Services,9
513847,4183,1627,2019-06-16,13673.82,683.69,14357.51,0.05,Automotive,60
325164,8801,1853,2019-03-01,1368.36,68.42,1436.78,0.05,Construction Materials,9
190748,4185,2286,2019-09-25,5644.88,1298.32,6943.2,0.23,Software,28
985249,8190,9347,2019-01-31,570.97,131.32,702.29,0.23,Healthcare Equipment,39
674732,7651,3623,2019-11-23,10707.1,535.36,11242.46,0.05,Furniture,22
999093,3462,1624,2019-12-25,1535.3,353.12,1888.42,0.23,Food,55
492873,4313,1377,2019-12-23,5754.03,1323.43,7077.46,0.23,Healthcare Equipment,9
994721,5845,4179,2019-08-04,14230.98,3273.13,17504.11,0.23,Office Supplies,0
566540,3126,7859,2019-05-10,101.93,5.1,107.03,0.05,Healthcare Equipment,56
404652,2155,1372,2019-09-30,140.7,32.36,173.06,0.23,Education Services,58
648104,1372,3213,2019-11-10,12719.83,635.99,13355.82,0.05,Automotive,27
508553,7272,1817,2019-06-24,10699.61,855.97,11555.58,0.08,Furniture,36
514608,6315,5548,2019-11-12,1776.86,142.15,1919.01,0.08,Construction Materials,12
312593,5615,9198,2019-11-12,1704.93,85.25,1790.18,0.05,Clothing,14
332934,7651,4984,2019-04-10,2719.03,625.38,3344.41,0.23,Pharmaceuticals,56
211816,3152,3027,2019-08-08,10003.16,500.16,10503.32,0.05,Services,27
392734,7245,6238,2019-08-09,112.03,25.77,137.8,0.23,Clothing,10
975151,8851,9275,2019-11-13,127.17,10.17,137.34,0.08,Clothing,31
680458,1966,6863,2019-03-14,700.45,56.04,756.49,0.08,Furniture,13
956253,6161,1082,2019-09-08,4940.01,1136.2,6076.21,0.23,Services,47
646684,2916,4758,2019-12-02,512.71,41.02,553.73,0.08,Machinery,37
235190,8034,3690,2019-03-19,190.4,43.79,234.19,0.23,Construction Materials,43
486011,1853,2690,2019-12-01,1660.89,132.87,1793.76,0.08,Pharmaceuticals,32
459942,7491,5670,2019-09-01,3166.32,728.25,3894.57,0.23,Electronics,40
790321,3152,9324,2019-12-19,9650.17,482.51,10132.68,0.05,Automotive,24
210403,2931,9456,2019-05-22,6952.47,347.62,7300.09,0.05,Machinery,40
687928,6390,7301,2019-12-29,7074.17,1627.06,8701.23,0.23,Food,25
820193,1895,9971,2019-11-05,7713.66,385.68,8099.34,0.05,Clothing,52
650016,8785,2751,2019-08-31,1208.04,60.4,1268.44,0.05,Automotive,42
367795,6456,1372,2019-01-29,989.94,79.2,1069.14,0.08,Services,52
680624,7859,6919,2019-07-21,416.93,33.35,450.28,0.08,Education Services,37
493840,1895,9879,2019-09-21,21110.53,1688.84,22799.37,0.08,Food,7
626536,4812,8645,2019-03-04,3575.76,178.79,3754.55,0.05,Construction Materials,41
537977,3645,5647,2019-08-27,824.7,189.68,1014.38,0.23,Food,46
820022,9226,5057,2019-05-07,21025.47,1051.27,22076.74,0.05,Education Services,26
452646,2360,9519,2019-03-18,805.15,40.26,845.41,0.05,Software,17
413766,6800,6698,2019-09-24,7309.94,584.8,7894.74,0.08,Office Supplies,27
916326,3597,2293,2019-05-04,10610.03,848.8,11458.83,0.08,Furniture,18
531176,5555,8422,2019-12-04,469.46,37.56,507.02,0.08,Financial Services,0
621882,9913,2471,2019-07-14,438.12,100.77,538.89,0.23,Office Supplies,39
380991,1151,8371,2019-12-29,9844.64,492.23,10336.87,0.05,Furniture,21
274419,7030,7952,2019-10-17,846.62,194.72,1041.34,0.23,Automotive,38
548411,1377,8814,2019-12-30,7003.47,560.28,7563.75,0.08,Furniture,57
574802,3851,7378,2019-04-27,191.41,44.02,235.43,0.23,Clothing,49
312255,2409,6163,2019-12-27,1918.09,441.16,2359.25,0.23,Construction Materials,42
968536,7337,6895,2019-07-24,16255.9,1300.47,17556.37,0.08,Construction Materials,25
275886,3469,7500,2019-08-08,181.78,41.81,223.59,0.23,Office Supplies,9
380175,3407,8377,2019-12-11,7016.22,1613.73,8629.95,0.23,Healthcare Equipment,43
849715,3024,5030,2019-11-06,704.76,56.38,761.14,0.08,Services,35
296716,5209,9000,2019-07-09,2400.24,192.02,2592.26,0.08,Office Supplies,23
730609,2480,3203,2019-04-07,224.22,11.21,235.43,0.05,Automotive,29
163393,6736,5597,2019-09-14,1291.11,296.96,1588.07,0.23,Healthcare Equipment,16
470262,7029,8873,2019-01-23,360.2,18.01,378.21,0.05,Pharmaceuticals,0
925492,9308,3730,2019-07-01,873.87,69.91,943.78,0.08,Construction Materials,28
428476,1783,8190,2019-02-12,7431.08,1709.15,9140.23,0.23,Machinery,55
472965,9290,3108,2019-01-19,1843.48,147.48,1990.96,0.08,Education Services,44
781020,8852,6595,2019-03-28,2477.76,198.22,2675.98,0.08,Financial Services,4
456964,7099,8419,2019-07-24,1780.36,142.43,1922.79,0.08,Construction Materials,23
199695,7659,4136,2019-02-28,8144.51,651.56,8796.07,0.08,Clothing,52
996621,4668,7732,2019-06-21,360.15,18.01,378.16,0.05,Machinery,29
714449,9451,1988,2020-01-01,5951.08,1368.75,7319.83,0.23,Office Supplies,0
283599,1048,2454,2019-04-30,4169.16,208.46,4377.62,0.05,Healthcare Equipment,50
437256,6634,9939,2019-08-12,16695.95,3840.07,20536.02,0.23,Office Supplies,57
820198,6558,9783,2019-04-01,1219.69,97.58,1317.27,0.08,Food,32
973021,3956,9845,2019-05-27,171.42,8.57,179.99,0.05,Office Supplies,0
410449,4747,4747,2019-03-27,409.07,32.73,441.8,0.08,Financial Services,3
730883,5203,8674,2019-11-24,626.47,50.12,676.59,0.08,Food,49
295331,5144,5905,2019-05-20,511.56,117.66,629.22,0.23,Healthcare Equipment,24
813463,9259,1780,2019-09-02,246.8,19.74,266.54,0.08,Clothing,41
933254,8548,9368,2019-09-09,164.63,37.86,202.49,0.23,Construction Materials,17
878453,4429,5670,2019-01-03,527.62,26.38,554.0,0.05,Automotive,31
234108,8258,7651,2019-08-20,773.41,177.88,951.29,0.23,Automotive,28
947340,2649,3775,2019-09-29,132.14,6.61,138.75,0.05,Education Services,4
637921,3974,1938,2019-02-24,3420.55,171.03,3591.58,0.05,Office Supplies,42
271194,9316,5411,2019-05-08,18706.07,935.3,19641.37,0.05,Electronics,28
924061,7258,9894,2019-11-09,2366.31,118.32,2484.63,0.05,Software,57
856558,6863,4823,2019-03-05,24636.88,5666.48,30303.36,0.23,Financial Services,49
673034,2751,5297,2019-11-23,641.18,51.29,692.47,0.08,Construction Materials,59
857887,5293,1108,2019-04-01,1510.94,75.55,1586.49,0.05,Healthcare Equipment,25
547064,8529,5263,2019-08-01,1927.98,443.44,2371.42,0.23,Food,31
795786,6362,1546,2019-08-08,10872.69,543.63,11416.32,0.05,Software,21
540613,9060,8851,2019-10-24,2141.37,171.31,2312.68,0.08,Electronics,6
411430,2213,8887,2019-10-25,22076.7,5077.64,27154.34,0.23,Furniture,44
189678,6300,2613,2019-09-24,212.64,17.01,229.65,0.08,Education Services,58
576541,3843,4434,2019-11-16,2509.9,577.28,3087.18,0.23,,54
177558,6927,3720,2019-11-01,6618.24,1522.2,8140.44,0.23,Construction Materials,10
444589,3426,9814,2019-05-07,7268.05,363.4,7631.45,0.05,Construction Materials,1
170116,1627,1714,2019-12-22,341.31,78.5,419.81,0.23,Food,19
786421,1304,8556,2019-12-31,1158.9,266.55,1425.45,0.23,Education Services,2
808779,8645,5507,2019-12-27,2361.18,118.06,2479.24,0.05,Education Services,39
439356,1682,5630,2019-12-25,1414.89,113.19,1528.08,0.08,Food,48
836780,4868,7843,2019-04-28,286.94,14.35,301.29,0.05,Office Supplies,11
958776,2360,9096,2019-03-06,1883.49,433.2,2316.69,0.23,,1
736222,6053,1471,2019-06-21,338.25,27.06,365.31,0.08,Software,53
884572,4642,3526,2019-05-23,9621.05,2212.84,11833.89,0.23,Pharmaceuticals,45
369779,9259,6911,2019-11-23,2341.67,187.33,2529.0,0.08,Electronics,22
849676,9167,1059,2019-01-17,1324.64,304.67,1629.31,0.23,Machinery,25
392548,2108,2044,2019-04-12,493.75,113.56,607.31,0.23,Services,1
254141,5842,2553,2019-05-06,3235.31,161.77,3397.08,0.05,Furniture,36
898926,4150,7004,2019-11-07,17930.42,896.52,18826.94,0.05,Furniture,21
944264,8142,1302,2019-11-27,517.29,25.86,543.15,0.05,Pharmaceuticals,57
771074,9621,5156,2019-04-26,14350.9,1148.07,15498.97,0.08,Furniture,37
740844,5905,4868,2019-01-08,813.77,187.17,1000.94,0.23,Automotive,36
167012,4889,5034,2019-04-23,188.79,9.44,198.23,0.05,Machinery,41
268700,2009,8419,2019-10-06,2802.93,140.15,2943.08,0.05,Construction Materials,20
950504,6184,7746,2019-06-18,2222.8,111.14,2333.94,0.05,,24
120627,5735,3462,2019-01-26,4836.38,241.82,5078.2,0.05,Food,46
890698,3730,6503,2019-12-20,447.58,102.94,550.52,0.23,Construction Materials,30
577164,4955,6821,2019-11-21,270.58,13.53,284.11,0.05,Software,1
111825,4665,9605,2019-05-02,123.38,28.38,151.76,0.23,,46
405745,7004,2968,2019-08-09,436.63,100.42,537.05,0.23,Electronics,3
569323,5455,8472,2019-05-14,2035.26,162.82,2198.08,0.08,Machinery,44
338131,5974,9879,2019-07-10,547.09,43.77,590.86,0.08,Financial Services,37
132215,7814,7701447,2019-10-05,1089.94,250.69,1340.63,0.23,Services,32
353529,4313,3828,2019-08-24,107.7,5.39,113.09,0.05,Food,46
738053,3144,3738,2019-08-02,196.56,45.21,241.77,0.23,,29
998846,4758,8441,2019-01-26,449.33,35.95,485.28,0.08,Clothing,9
634991,2825,6800,2019-10-18,3430.01,274.4,3704.41,0.08,Software,37
658279,7301,7363,2019-02-15,111.35,8.91,120.26,0.08,Clothing,9
505581,8304,7265,2019-01-14,385.15,88.58,473.73,0.23,Pharmaceuticals,46
654700,7666,2974,2019-12-02,563.49,28.17,591.66,0.05,Office Supplies,2
362443,5254,7966,2019-05-20,298.03,23.84,321.87,0.08,Clothing,33
467022,5814,4162,2019-10-17,396.89,31.75,428.64,0.08,Machinery,35
318572,9000,3930,2019-03-29,114.61,5.73,120.34,0.05,Services,30
365991,6539,2253,2019-01-02,23673.92,1893.91,25567.83,0.08,Services,18
237569,2613,7277,2019-05-13,105.3,5.27,110.57,0.05,Financial Services,49
878998,9308,6479,2019-10-14,343.7,79.05,422.75,0.23,Financial Services,49
617698,1696,9099,2019-07-09,7807.91,624.63,8432.54,0.08,Education Services,60
863443,3478,7333,2019-02-02,341.37,27.31,368.68,0.08,Machinery,39
971069,3510,2360,2019-05-02,7369.73,1695.04,9064.77,0.23,Clothing,26
692265,6917,9966,2019-03-14,6898.03,551.84,7449.87,0.08,Education Services,53
782097,4547,1506,2019-12-30,4288.43,986.34,5274.77,0.23,Education Services,47
322288,6064,3668,2019-02-16,6868.97,1579.86,8448.83,0.23,Software,59
971598,5076,1817,2019-01-31,1385.51,69.28,1454.79,0.05,Machinery,54
282538,5013,6990,2019-11-08,5873.0,1350.79,7223.79,0.23,Construction Materials,42
111451,2490,6821,2019-08-01,1700.61,136.05,1836.66,0.08,Education Services,60
371833,6887,4663,2019-08-27,8193.46,409.67,8603.13,0.05,Healthcare Equipment,25
970714,3722,4719,2019-07-05,1989.72,99.49,2089.21,0.05,Clothing,1
275608,4513,6740,2019-11-05,11113.87,555.69,11669.56,0.05,Clothing,55
593749,6500,4589,2019-10-06,9031.06,2077.14,11108.2,0.23,Pharmaceuticals,5
813862,3112,9756,2019-04-19,198.55,9.93,208.48,0.05,Food,15
131599,6506,3644,2019-03-19,1373.26,315.85,1689.11,0.23,Furniture,40
655320,6626,5647,2019-08-08,9594.24,479.71,10073.95,0.05,Services,6
750603,2825,6598,2019-08-02,937.73,46.89,984.62,0.05,Education Services,55
321696,2504,7878,2019-07-31,301.28,24.1,325.38,0.08,Automotive,34
932908,7656,2311,2019-04-08,2776.7,638.64,3415.34,0.23,Services,39
176235,5316,2263,2019-06-25,3537.76,283.02,3820.78,0.08,Furniture,16
287558,3843,5494,2019-08-12,2725.57,136.28,2861.85,0.05,Financial Services,16
371008,9357,3378,2019-02-04,3574.65,822.17,4396.82,0.23,Electronics,57
257143,4753,50023387,2019-09-17,893.83,205.58,1099.41,0.23,Services,16
383583,3108,3437,2019-11-22,23696.71,1184.84,24881.55,0.05,Food,11
181050,5293,3582,2019-05-06,366.66,18.33,384.99,0.05,Pharmaceuticals,49
448370,1798,1651,2019-10-27,2766.27,138.31,2904.58,0.05,Software,36
345688,6463,9822,2019-07-10,20415.31,4695.52,25110.83,0.23,Electronics,52
510309,1436,7298,2019-10-11,4149.14,207.46,4356.6,0.05,Software,1
920838,4161,5980,2019-01-28,3964.36,911.8,4876.16,0.23,Electronics,44
636146,5845,3213,2019-05-28,3122.51,249.8,3372.31,0.08,Clothing,49
722641,2105,9803,2019-09-05,349.67,17.48,367.15,0.05,Services,27
125920,1966,6872,2019-03-02,1921.84,442.02,2363.86,0.23,Furniture,28
808753,2819,7099,2019-09-03,2449.45,195.96,2645.41,0.08,Food,60
654318,9971,4245,2019-02-04,132.33,10.59,142.92,0.08,Services,11
693532,8814,8383,2019-10-22,5787.61,289.38,6076.99,0.05,Food,11
688502,6176,7053,2019-03-11,1517.39,121.39,1638.78,0.08,Clothing,41
754114,3437,8108,2019-06-07,2477.78,198.22,2676.0,0.08,Software,51
404013,2751,9308,2019-12-14,687.42,34.37,721.79,0.05,Automotive,46
391731,2939,1343,2019-08-30,4567.38,365.39,4932.77,0.08,Healthcare Equipment,37
617120,6472,9030,2019-09-11,5449.48,272.47,5721.95,0.05,Electronics,10
561959,2286,8482,2019-03-29,362.4,28.99,391.39,0.08,Software,23
913843,7382,5831,2019-04-11,2530.51,126.53,2657.04,0.05,Clothing,60
745358,3606,4892,2019-01-03,886.95,204.0,1090.95,0.23,Clothing,17
945354,3024,9756,2019-04-30,255.69,12.78,268.47,0.05,Services,6
845366,2048,5914,2019-12-22,791.06,39.55,830.61,0.05,Furniture,58
603092,3851,6440,2019-03-12,294.55,67.75,362.3,0.23,Software,11
231291,2328,5402,2019-11-25,289.95,23.2,313.15,0.08,Food,46
624428,4049,5621,2019-03-12,6871.5,343.58,7215.08,0.05,Healthcare Equipment,36
965845,9180,8441,2019-03-11,855.25,42.76,898.01,0.05,Software,28
424622,8452,9509,2019-12-31,5046.75,1160.75,6207.5,0.23,Services,35
316903,2751,3462,2019-04-18,387.51,19.38,406.89,0.05,Pharmaceuticals,16
388822,2750,1302,2019-04-25,24531.84,1962.55,26494.39,0.08,Pharmaceuticals,38
293518,9418,2286,2019-05-15,8173.64,1879.94,10053.58,0.23,Automotive,20
487224,7055,8864,2019-11-04,879.7,43.99,923.69,0.05,Automotive,24
108686,9048,5553,2019-06-23,1413.21,325.04,1738.25,0.23,Automotive,40
208764,1512,9204,2019-05-21,196.73,9.84,206.57,0.05,Education Services,34
579571,6895,2227,2019-10-21,434.41,99.91,534.32,0.23,Electronics,12
330962,6895,1798,2019-09-04,6538.25,523.06,7061.31,0.08,Pharmaceuticals,2
980064,2193,6357,2019-07-28,197.69,15.82,213.51,0.08,Furniture,55
830906,9384,4661,2019-10-03,1759.72,87.99,1847.71,0.05,Financial Services,14
819999,2199,8083,2019-01-03,20910.45,4809.4,25719.85,0.23,Furniture,12
793350,9756,2044,2019-11-19,2172.6,108.63,2281.23,0.05,,30
193366,9420,3564,2019-08-08,1559.17,124.73,1683.9,0.08,Clothing,37
727878,2030,9000,2019-06-13,8659.73,432.99,9092.72,0.05,Financial Services,25
151292,1042,5293,2019-01-18,1831.61,146.53,1978.14,0.08,Office Supplies,22
699592,1783,3502,2019-01-20,6001.18,480.09,6481.27,0.08,Services,53
618263,4925,6919,2019-06-13,15364.25,1229.14,16593.39,0.08,Clothing,29
479720,3775,5529,2019-09-02,18642.59,932.13,19574.72,0.05,Electronics,23
981243,1567,1791,2019-03-12,2214.89,177.19,2392.08,0.08,Education Services,24
872260,9514,8283,2019-01-29,12150.93,2794.71,14945.64,0.23,Clothing,31
595991,7120,2030,2019-11-28,6194.21,309.71,6503.92,0.05,Financial Services,2
994911,9717,8094,2019-09-10,3211.66,256.93,3468.59,0.08,Automotive,15
192574,7974,9292,2019-05-03,124.81,28.71,153.52,0.23,Machinery,34
192426,8645,5492,2019-02-26,216.1,10.8,226.9,0.05,,58
640225,5120,7193,2019-08-19,9121.14,729.69,9850.83,0.08,Construction Materials,0
767454,5548,9096,2019-03-15,1094.85,54.74,1149.59,0.05,Healthcare Equipment,43
314638,1853,6789,2019-08-14,151.35,34.81,186.16,0.23,Clothing,5
399632,5615,9879,2019-06-10,1500.93,75.05,1575.98,0.05,Construction Materials,56
889310,8623,6927,2019-05-24,4624.22,231.21,4855.43,0.05,Machinery,9
149911,7880,9822,2019-02-16,461.6,23.08,484.68,0.05,Electronics,4
842041,4568,1792,2019-02-27,2231.83,513.32,2745.15,0.23,Electronics,3
346146,2328,7733,2019-09-18,249.07,19.93,269.0,0.08,Education Services,1
263247,6600,4986,2019-10-21,236.68,18.93,255.61,0.08,Software,49
234085,1475,12345679,2019-05-27,490.17,112.74,602.91,0.23,Services,22
724871,7333,8100,2019-07-22,7738.28,386.91,8125.19,0.05,Software,2
351633,6078,7898,2019-02-24,100.38,5.02,105.4,0.05,Healthcare Equipment,24
613482,6696,4090,2019-04-26,9505.37,475.27,9980.64,0.05,Services,12
260573,3361,1872,2019-09-09,162.68,13.01,175.69,0.08,Clothing,43
306922,6802,5232,2019-05-17,8276.68,1903.64,10180.32,0.23,Automotive,12
973075,9756,9963,2019-09-15,5267.67,1211.56,6479.23,0.23,Furniture,16
288474,1929,2409,2019-06-27,781.87,179.83,961.7,0.23,Education Services,1
836939,9560,6157,2019-11-30,9267.84,741.43,10009.27,0.08,Clothing,48
214711,2868,7659,2019-10-08,18017.77,900.89,18918.66,0.05,Healthcare Equipment,17
128013,7004,3055,2019-03-12,391.66,31.33,422.99,0.08,Electronics,31
696504,4661,7096,2019-01-30,3816.09,190.8,4006.89,0.05,Construction Materials,51
952228,6634,3429,2019-03-13,480.73,110.57,591.3,0.23,Electronics,7
424234,7491,8931,2019-07-27,3728.89,298.31,4027.2,0.08,Pharmaceuticals,18
207380,5056,6587,2019-03-21,5790.96,1331.92,7122.88,0.23,Clothing,17
922408,6535,7099,2019-10-02,3746.36,861.66,4608.02,0.23,Office Supplies,49
618188,7333,8481,2019-05-20,1714.13,394.25,2108.38,0.23,Food,43
674039,1457,8460,2019-02-11,6625.82,1523.94,8149.76,0.23,Office Supplies,0
118454,4081,5492,2019-04-07,22543.18,1803.45,24346.63,0.08,Construction Materials,60
226981,5452,1311,2019-05-09,206.15,47.41,253.56,0.23,Office Supplies,23
817859,8431,6895,2019-11-11,247.78,19.82,267.6,0.08,Pharmaceuticals,39
305854,9514,3349,2019-09-01,3286.8,755.96,4042.76,0.23,Clothing,26
178955,5426,6122,2019-11-17,2827.75,141.39,2969.14,0.05,Clothing,49
657979,2536,4317,2019-02-11,610.11,30.51,640.62,0.05,Software,52
119460,2243,8665,2019-07-06,7429.54,371.48,7801.02,0.05,Financial Services,13
263442,4674,7250,2019-07-07,145.35,7.27,152.62,0.05,Education Services,50
575441,6935,6428,2019-08-11,649.62,32.48,682.1,0.05,Electronics,39
339438,2504,7491,2019-08-25,2197.5,109.88,2307.38,0.05,Electronics,38
102616,8755,5738,2019-06-09,18038.32,1443.07,19481.39,0.08,Healthcare Equipment,24
636338,6802,9509,2019-04-29,600.15,48.01,648.16,0.08,Pharmaceuticals,6
423942,9224,3727,2019-01-23,5564.26,1279.78,6844.04,0.23,Clothing,47
826524,2027,9096,2019-01-04,24342.64,1217.13,25559.77,0.05,Office Supplies,31
216215,1780,9420,2019-03-01,428.61,98.58,527.19,0.23,Pharmaceuticals,36
486822,2065,9290,2019-09-06,778.61,62.29,840.9,0.08,Services,40
323743,7053,7961,2019-06-30,990.02,227.7,1217.72,0.23,Education Services,35
690661,9451,4655,2019-03-08,5589.68,447.17,6036.85,0.08,Automotive,19
163472,9316,8467,2019-06-16,265.74,61.12,326.86,0.23,Automotive,37
118343,7695,9099,2019-09-10,252.08,12.6,264.68,0.05,Financial Services,10
383547,6211,7615,2019-11-22,3274.27,163.71,3437.98,0.05,Furniture,45
219062,6422,7298,2019-11-21,310.31,15.52,325.83,0.05,Healthcare Equipment,17
674234,9654,7867,2019-02-24,111.02,25.53,136.55,0.23,Financial Services,23
366816,4090,3472,2019-03-24,106.01,8.48,114.49,0.08,Construction Materials,22
710727,2066,9214,2019-08-24,475.32,23.77,499.09,0.05,Furniture,7
399792,9783,2649,2019-09-24,106.09,24.4,130.49,0.23,Healthcare Equipment,24
787028,8108,2747,2019-03-01,14578.45,3353.04,17931.49,0.23,Education Services,19
559627,9204,4513,2019-08-30,7603.56,1748.82,9352.38,0.23,Electronics,40
240940,7527,7965,2019-01-06,172.34,13.79,186.13,0.08,Automotive,30
586306,6106,5013,2019-02-08,2942.25,235.38,3177.63,0.08,Machinery,19
422099,3540,6375,2019-12-26,8245.91,412.3,8658.21,0.05,Pharmaceuticals,22
601335,5937,6543,2019-05-19,2488.29,572.31,3060.6,0.23,Clothing,44
731041,1506,3033,2019-05-31,4906.52,1128.5,6035.02,0.23,Automotive,50
908450,5505,4928,2019-05-24,3148.77,724.22,3872.99,0.23,Office Supplies,9
462047,9654,7965,2019-09-17,3239.7,161.99,3401.69,0.05,Education Services,19
151338,9420,3125,2019-10-17,4450.67,1023.65,5474.32,0.23,Furniture,41
615813,1319,8556,2019-05-07,149.87,11.99,161.86,0.08,Electronics,45
260176,5786,7277,2019-12-29,2220.46,177.64,2398.1,0.08,Pharmaceuticals,19
675038,7512,6802,2019-08-14,109.44,5.47,114.91,0.05,Healthcare Equipment,34
814955,7305,3284,2019-08-15,297.32,23.79,321.11,0.08,Services,31
551504,8256,12345679,2019-02-18,388.29,89.31,477.6,0.23,Services,55
903018,9122,4892,2019-04-27,1793.8,143.5,1937.3,0.08,Pharmaceuticals,16
288468,6440,4827,2019-10-20,5023.95,401.92,5425.87,0.08,Software,32
839172,7512,4119,2019-03-05,5374.26,429.94,5804.2,0.08,Clothing,4
135863,8747,8482,2019-04-10,135.34,6.77,142.11,0.05,,52
668486,3441,7915,2019-01-23,664.83,53.19,718.02,0.08,Clothing,30
637568,6412,3013,2019-01-12,120.29,27.67,147.96,0.23,Healthcare Equipment,10
254950,1526,3727,2019-03-02,283.82,22.71,306.53,0.08,Office Supplies,42
924940,2446,7956,2019-03-30,1750.16,402.54,2152.7,0.23,Financial Services,24
607936,7733,9560,2019-12-21,183.46,42.2,225.66,0.23,Healthcare Equipment,7
794580,4619,3564,2019-12-02,360.53,18.03,378.56,0.05,Pharmaceuticals,15
596224,9180,4512,2019-08-23,2518.67,125.93,2644.6,0.05,Financial Services,34
945880,5065,5379,2019-09-26,8543.96,1965.11,10509.07,0.23,Furniture,6
833196,2156,7965,2019-02-11,332.81,76.55,409.36,0.23,Pharmaceuticals,33
892862,4889,6039,2019-09-12,20840.71,1042.04,21882.75,0.05,Healthcare Equipment,28
893454,1456,3061,2019-09-16,188.38,15.07,203.45,0.08,Automotive,14
778441,7848,8340,2019-10-07,9460.47,473.02,9933.49,0.05,Automotive,42
803953,4129,2638,2019-04-22,430.65,99.05,529.7,0.23,Furniture,3
424873,3126,1319,2019-01-27,3754.4,300.35,4054.75,0.08,Clothing,21
980152,5508,9122,2019-09-22,11187.07,894.97,12082.04,0.08,Automotive,58
903035,1929,3666,2019-04-22,1065.38,245.04,1310.42,0.23,Furniture,34
868194,8624,5076,2019-08-22,648.43,32.42,680.85,0.05,Construction Materials,14
634490,1389,3300,2019-01-19,103.77,23.87,127.64,0.23,Construction Materials,37
108704,6587,3828,2019-05-26,15911.81,795.59,16707.4,0.05,Healthcare Equipment,3
391689,6394,5297,2019-09-22,1088.66,54.43,1143.09,0.05,Automotive,49
865477,7666,3974,2019-08-09,279.49,22.36,301.85,0.08,,59
243287,9357,3730,2019-05-08,5954.75,476.38,6431.13,0.08,Electronics,11
662346,4469,6106,2019-12-04,16549.34,1323.95,17873.29,0.08,Pharmaceuticals,24
207850,5455,1284,2019-10-11,15281.11,3514.66,18795.77,0.23,,47
557886,8488,3300,2019-12-24,666.08,33.3,699.38,0.05,,40
634232,6064,8246,2019-03-15,24328.33,1946.27,26274.6,0.08,Education Services,22
431692,5647,6188,2019-04-20,14634.28,1170.74,15805.02,0.08,Food,13
384272,3006,6275,2019-10-21,426.09,34.09,460.18,0.08,Clothing,49
536599,9129,5426,2019-03-01,9659.39,772.75,10432.14,0.08,Automotive,12
261256,4652,5003,2019-12-07,3291.22,756.98,4048.2,0.23,Food,44
658893,1055,5541,2019-11-12,570.61,45.65,616.26,0.08,Clothing,47
931165,4570,4559,2019-08-23,21631.52,1730.52,23362.04,0.08,Financial Services,39
130421,6106,3251,2019-04-15,459.77,36.78,496.55,0.08,Services,4
263934,1185,12345679,2019-09-12,742.36,170.74,913.1,0.23,Services,35
107558,4460,6862,2019-02-16,2673.21,213.86,2887.07,0.08,Education Services,54
276762,7777,4554,2019-05-31,9951.65,2288.88,12240.53,0.23,Food,43
524821,1267,7296,2019-01-21,8672.65,1994.71,10667.36,0.23,Construction Materials,58
366962,6895,3780,2019-03-24,1024.06,51.2,1075.26,0.05,Healthcare Equipment,23
382981,5792,2825,2019-10-14,22639.52,5207.09,27846.61,0.23,Clothing,60
848751,6315,8529,2019-09-21,18254.91,912.75,19167.66,0.05,Financial Services,52
411025,8371,6132,2019-03-28,6099.46,487.96,6587.42,0.08,Automotive,38
692364,7777,6696,2019-10-03,645.86,32.29,678.15,0.05,Automotive,60
765742,1356,9654,2019-08-17,3337.97,166.9,3504.87,0.05,Electronics,52
785315,8441,6821,2019-01-31,2466.26,123.31,2589.57,0.05,,38
483305,4793,4595,2019-12-06,354.46,17.72,372.18,0.05,Automotive,11
829100,5615,3668,2019-08-15,24504.71,1960.38,26465.09,0.08,Construction Materials,3
107975,8378,7952,2019-10-11,2712.26,216.98,2929.24,0.08,Clothing,14
120041,7378,9971,2019-12-24,5939.6,296.98,6236.58,0.05,Automotive,36
907443,2109,8226,2019-04-09,1672.14,83.61,1755.75,0.05,Clothing,2
612784,1798,8598,2019-04-29,4640.32,371.23,5011.55,0.08,Office Supplies,60
576899,2412,9484,2019-10-01,332.51,76.48,408.99,0.23,Food,38
549543,7857,4081,2019-08-29,171.92,8.6,180.52,0.05,Healthcare Equipment,36
389597,8100,7491,2019-05-23,19859.84,4567.76,24427.6,0.23,Financial Services,58
294313,5842,3126,2019-09-09,8940.45,2056.3,10996.75,0.23,Machinery,23
327172,4619,2134,2019-08-13,216.09,49.7,265.79,0.23,Automotive,9
568614,3247,9845,2019-12-09,3746.49,187.32,3933.81,0.05,Furniture,42
899649,8226,7784,2019-12-18,302.94,24.24,327.18,0.08,Food,11
653752,6296,6594,2019-03-08,943.62,217.03,1160.65,0.23,Construction Materials,58
153315,8851,8179,2019-06-22,5786.9,462.95,6249.85,0.08,Financial Services,32
282509,7326,4665,2019-01-07,4956.76,247.84,5204.6,0.05,Clothing,42
434905,1042,7666,2019-01-05,19542.55,977.13,20519.68,0.05,Pharmaceuticals,2
965983,5831,1872,2019-07-03,6542.1,1504.68,8046.78,0.23,Software,52
655573,8226,2066,2019-09-21,221.31,11.07,232.38,0.05,Food,6
335994,1038,5261,2019-12-21,464.92,106.93,571.85,0.23,Food,43
513995,8258,8556,2019-11-26,792.95,182.38,975.33,0.23,Software,36
468352,8924,9654,2019-12-05,1874.54,93.73,1968.27,0.05,Office Supplies,60
777591,6357,7961,2019-09-13,1306.06,65.3,1371.36,0.05,Machinery,52
709105,1446,2771,2019-11-05,292.97,67.38,360.35,0.23,Food,25
937432,2204,4994,2019-05-10,1066.26,85.3,1151.56,0.08,Financial Services,17
758268,6064,5379,2019-10-26,8320.68,1913.76,10234.44,0.23,Automotive,39
954795,8269,8598,2019-07-02,622.8,143.24,766.04,0.23,Financial Services,34
284394,7647,3717,2019-07-25,117.42,9.39,126.81,0.08,Healthcare Equipment,11
476321,7746,9560,2019-05-30,2908.33,145.42,3053.75,0.05,Food,27
100371,1800,6479,2019-12-26,114.74,9.18,123.92,0.08,Office Supplies,30
717169,6600,8158,2019-03-26,963.81,48.19,1012.0,0.05,Food,13
166904,1925,8615,2019-07-15,160.65,8.03,168.68,0.05,Food,39
849030,5219,8256,2019-02-10,419.44,96.47,515.91,0.23,Software,56
460611,8801,8178,2019-11-25,1500.56,120.04,1620.6,0.08,Education Services,13
511629,5647,4568,2019-06-01,481.19,110.67,591.86,0.23,Healthcare Equipment,54
727846,7651,2771,2019-06-27,124.62,28.66,153.28,0.23,Automotive,31
796498,3437,4981,2019-01-30,1927.8,96.39,2024.19,0.05,Financial Services,30
557313,2508,3606,2019-05-04,350.6,80.64,431.24,0.23,Food,13
781604,7337,7500,2019-02-23,1989.9,99.5,2089.4,0.05,Education Services,26
240325,4723,7880,2019-03-31,366.48,29.32,395.8,0.08,Healthcare Equipment,24
476623,2465,9421,2019-01-24,347.96,80.03,427.99,0.23,Clothing,36
593436,5426,4831,2019-08-22,2512.84,201.03,2713.87,0.08,Healthcare Equipment,11
262289,1735,4928,2019-12-05,392.72,19.64,412.36,0.05,Office Supplies,40
869164,7211,2753,2019-11-01,17765.29,4086.02,21851.31,0.23,Automotive,33
368707,2751,8826,2019-05-21,116.8,26.86,143.66,0.23,Education Services,34
336687,6919,6398,2019-02-21,15737.58,3619.64,19357.22,0.23,Electronics,47
974818,5937,1826,2019-02-16,270.65,62.25,332.9,0.23,Food,6
892036,9384,3441,2019-02-03,201.41,16.11,217.52,0.08,Education Services,23
991301,6122,2536,2019-07-19,5442.78,1251.84,6694.62,0.23,Healthcare Equipment,18
216560,2145,6662,2019-05-14,5349.14,427.93,5777.07,0.08,Construction Materials,26
809536,2825,9132,2019-11-09,167.93,8.4,176.33,0.05,Furniture,31
243655,3055,2048,2019-08-01,2307.9,115.4,2423.3,0.05,Software,59
936137,1188,4617,2019-03-05,2690.59,215.25,2905.84,0.08,Financial Services,48
745657,1343,7393,2019-04-22,989.15,79.13,1068.28,0.08,,22
287282,3024,6463,2019-03-03,6541.96,327.1,6869.06,0.05,Pharmaceuticals,35
818183,5560,6919,2019-09-19,116.76,9.34,126.1,0.08,Automotive,28
423176,5057,6887,2019-04-27,702.55,161.59,864.14,0.23,Services,43
517471,9467,9050,2019-05-14,1370.15,315.13,1685.28,0.23,Clothing,45
802238,8340,3548,2019-10-10,10150.91,2334.71,12485.62,0.23,Food,38
303950,8947,3628,2019-11-29,1624.48,129.96,1754.44,0.08,Education Services,1
756291,6631,8826,2019-01-03,23877.28,1193.86,25071.14,0.05,Pharmaceuticals,44
336213,8035,3286,2019-02-16,3099.39,154.97,3254.36,0.05,Services,13
198810,7258,7731,2019-11-11,454.58,104.55,559.13,0.23,Healthcare Equipment,55
292906,2446,1616,2020-01-01,519.1,25.96,545.06,0.05,Financial Services,60
189455,9515,8083,2019-11-29,1046.55,83.72,1130.27,0.08,Construction Materials,1
265051,3851,7737,2019-12-21,8566.41,428.32,8994.73,0.05,Healthcare Equipment,7
537724,7531,9771,2019-03-20,107.38,8.59,115.97,0.08,Furniture,24
154373,3136,4162,2019-02-03,6995.86,559.67,7555.53,0.08,Financial Services,51
637450,1151,8158,2019-10-29,478.1,23.91,502.01,0.05,Clothing,18
560886,3469,8283,2019-05-02,5382.02,269.1,5651.12,0.05,Healthcare Equipment,14
259216,2134,4129,2019-02-20,16797.15,3863.34,20660.49,0.23,Services,50
475493,3540,3300,2019-03-07,5837.17,1342.55,7179.72,0.23,Software,1
456868,7554,1139,2019-09-09,2443.27,122.16,2565.43,0.05,Electronics,27
477825,3251,5505,2019-11-30,223.45,11.17,234.62,0.05,Pharmaceuticals,14
303894,8187,7245,2019-10-01,5831.84,291.59,6123.43,0.05,Financial Services,22
721919,8785,6862,2019-12-18,3723.44,186.17,3909.61,0.05,Software,24
510832,8852,5508,2019-11-08,7881.57,630.53,8512.1,0.08,Machinery,38
553873,6820,4695,2019-06-04,641.81,51.34,693.15,0.08,Clothing,12
998962,4776,6676,2019-06-25,877.36,70.19,947.55,0.08,Office Supplies,46
832689,1211,8472,2019-01-09,325.63,74.89,400.52,0.23,Electronics,30
108992,2536,6911,2019-03-06,909.92,45.5,955.42,0.05,Clothing,32
608979,5512,6238,2019-04-10,402.81,92.65,495.46,0.23,Electronics,31
810762,8909,3679,2019-11-26,4799.17,239.96,5039.13,0.05,Healthcare Equipment,40
378566,5597,6500,2019-10-29,11334.51,2606.94,13941.45,0.23,Electronics,10
796085,8460,6161,2019-06-02,211.35,48.61,259.96,0.23,Food,30
709795,2790,2635,2019-12-26,421.78,21.09,442.87,0.05,Financial Services,9
908645,4723,9421,2019-02-08,1058.76,52.94,1111.7,0.05,Services,54
916078,8419,8094,2019-11-27,772.62,177.7,950.32,0.23,Education Services,13
280232,8902,6595,2019-07-12,3261.07,163.05,3424.12,0.05,Financial Services,2
802245,6169,1389,2019-04-16,16336.71,3757.44,20094.15,0.23,Pharmaceuticals,8
112369,3171,9868,2019-07-21,9627.21,770.18,10397.39,0.08,Construction Materials,38
177757,6600,2751,2019-10-19,8626.5,431.33,9057.83,0.05,Pharmaceuticals,13
738907,7867,7211,2019-10-13,2232.23,513.41,2745.64,0.23,Financial Services,31
998036,6315,5842,2019-05-20,24866.71,1243.34,26110.05,0.05,Clothing,26
824408,9621,9467,2019-11-01,10498.18,2414.58,12912.76,0.23,Pharmaceuticals,9
190178,7421,3144,2019-10-28,11709.04,2693.08,14402.12,0.23,Automotive,53
214367,3407,8083,2019-06-14,2901.11,232.09,3133.2,0.08,Clothing,3
130202,8029,4340,2019-06-01,4975.37,248.77,5224.14,0.05,Software,0
267366,5520,7393,2019-01-26,138.12,31.77,169.89,0.23,Healthcare Equipment,15
119512,7859,1685,2019-08-11,158.18,12.65,170.83,0.08,Automotive,9
429924,1714,67626173,2019-08-22,1080.3,248.47,1328.77,0.23,Services,53
228233,9477,3645,2019-01-29,1552.33,357.04,1909.37,0.23,Education Services,12
195719,2329,5800,2019-05-10,17503.5,4025.81,21529.31,0.23,Furniture,13
809580,4466,6634,2019-07-05,19206.42,960.32,20166.74,0.05,Machinery,20
501665,5786,5538,2019-05-05,214.89,10.74,225.63,0.05,Clothing,3
704457,2040,3365,2020-01-01,19010.95,1520.88,20531.83,0.08,Pharmaceuticals,13
630837,5500,5261,2019-07-10,108.54,5.43,113.97,0.05,Clothing,42
620819,1284,9822,2019-03-14,656.09,150.9,806.99,0.23,Office Supplies,43
580149,6626,3024,2019-01-14,111.15,25.56,136.71,0.23,Furniture,26
122924,6911,6595,2019-11-14,114.65,9.17,123.82,0.08,Services,5
506279,4812,2327,2019-06-26,403.88,92.89,496.77,0.23,Education Services,39
657989,9827,1616,2019-01-30,614.77,30.74,645.51,0.05,Financial Services,21
165821,4003,3393,2019-04-29,622.07,49.77,671.84,0.08,Machinery,40
962861,4589,5529,2019-03-25,1826.31,91.32,1917.63,0.05,Pharmaceuticals,23
593908,9307,3108,2019-07-17,7334.06,586.72,7920.78,0.08,Machinery,44
439136,3293,9099,2019-11-20,766.52,176.3,942.82,0.23,Construction Materials,28
214513,6296,2192,2019-04-07,6757.83,1554.3,8312.13,0.23,,52
629312,5803,8598,2019-03-15,515.93,41.27,557.2,0.08,Services,30
948214,1250,1042,2019-08-05,314.9,15.74,330.64,0.05,Software,40
364560,7531,4955,2019-03-29,109.21,5.46,114.67,0.05,Furniture,18
634940,6541,3657,2019-05-07,248.55,57.17,305.72,0.23,Construction Materials,46
171746,4868,9988,2019-12-22,551.95,44.16,596.11,0.08,Machinery,13
601135,7954,1792,2019-04-02,1619.5,80.98,1700.48,0.05,Services,58
725238,9018,3510,2019-03-27,650.73,32.54,683.27,0.05,Software,45
231355,2529,8559,2019-06-25,112.83,9.03,121.86,0.08,Financial Services,25
261025,2751,5512,2019-06-14,11247.18,899.77,12146.95,0.08,Pharmaceuticals,18
873167,9180,7857,2019-02-15,23224.3,5341.59,28565.89,0.23,Clothing,14
372961,8342,6506,2019-03-01,108.18,5.41,113.59,0.05,Electronics,2
875312,1711,2771,2019-07-20,336.83,77.47,414.3,0.23,Software,22
963162,2334,5217,2019-05-15,283.18,14.16,297.34,0.05,Automotive,23
798947,8887,7296,2019-05-23,14045.3,702.26,14747.56,0.05,Automotive,9
331797,3628,6275,2019-07-09,1274.62,63.73,1338.35,0.05,Healthcare Equipment,37
573337,4170,9827,2019-08-20,2591.01,207.28,2798.29,0.08,Software,22
633511,9118,3644,2019-03-22,17148.12,3944.07,21092.19,0.23,Construction Materials,52
785834,3828,1422,2019-09-13,1564.53,78.23,1642.76,0.05,Electronics,11
902638,1250,2145,2019-11-17,266.56,21.32,287.88,0.08,Construction Materials,24
906648,7700,5492,2019-10-01,453.26,104.25,557.51,0.23,Food,17
273006,4554,4533,2019-12-14,1669.4,83.47,1752.87,0.05,Construction Materials,60
512156,1456,3750530071,2019-09-14,1273.15,292.82,1565.97,0.23,Services,30
887632,9709,1526,2019-09-06,1154.47,92.36,1246.83,0.08,Machinery,3
459135,5984,5232,2019-11-09,267.92,13.4,281.32,0.05,Clothing,50
823392,1422,2790,2019-11-01,727.43,167.31,894.74,0.23,Automotive,33
714392,3300,5555,2019-06-26,696.74,34.84,731.58,0.05,Software,57
274804,4776,7189,2019-03-13,979.71,78.38,1058.09,0.08,Education Services,4
260637,5895,4689,2019-10-21,3896.04,311.68,4207.72,0.08,Machinery,4
971802,6927,3988,2019-01-10,13579.48,1086.36,14665.84,0.08,Automotive,37
397883,2579,2613,2019-03-15,8186.3,409.32,8595.62,0.05,Clothing,23
144695,4559,9115,2019-06-17,2387.72,119.39,2507.11,0.05,Automotive,53
645923,9224,4665,2019-06-29,6727.97,538.24,7266.21,0.08,Automotive,0
103066,3033,7843,2019-08-09,3859.2,308.74,4167.94,0.08,Clothing,14
811781,1711,6440,2019-08-23,2730.5,218.44,2948.94,0.08,Electronics,14
248019,2375,5340,2019-01-14,754.49,37.72,792.21,0.05,Food,6
303496,6904,4313,2019-01-27,5664.71,283.24,5947.95,0.05,Financial Services,58
824156,6802,9654,2019-06-14,5988.06,479.04,6467.1,0.08,Office Supplies,45
447937,1319,9565,2019-03-02,2552.07,204.17,2756.24,0.08,Education Services,18
592688,5814,5937,2019-01-05,539.94,27.0,566.94,0.05,Automotive,49
301189,7099,34108947,2019-01-17,315.15,72.48,387.63,0.23,Services,16
229116,6080,6698,2019-04-28,2713.32,624.06,3337.38,0.23,Construction Materials,41
181386,7495,4668,2019-08-20,5272.77,1212.74,6485.51,0.23,Electronics,52
915646,2405,5630,2019-12-06,2328.69,186.3,2514.99,0.08,Electronics,52
123071,2334,5471168,2019-11-19,1240.62,285.34,1525.96,0.23,Services,21
698229,5217,5886,2019-03-23,121.42,6.07,127.49,0.05,Software,41
638853,7170,4276,2019-03-17,6209.64,1428.22,7637.86,0.23,Healthcare Equipment,2
723904,4170,4313,2019-03-09,380.38,19.02,399.4,0.05,Automotive,17
219753,1616,5553,2019-08-09,202.73,46.63,249.36,0.23,Services,56
292742,7700,8872,2019-10-30,4080.18,938.44,5018.62,0.23,Education Services,26
483011,5003,7256,2019-05-26,1544.39,123.55,1667.94,0.08,,15
977130,7177,3247,2019-12-31,149.23,7.46,156.69,0.05,Software,26
526432,2508,5261,2019-09-01,20438.12,1635.05,22073.17,0.08,Food,43
875086,7961,7867,2019-09-08,4793.53,383.48,5177.01,0.08,Automotive,45
465594,1888,2209,2019-06-17,958.08,47.9,1005.98,0.05,Financial Services,10
393390,6139,5984,2019-02-20,130.65,30.05,160.7,0.23,Construction Materials,29
266212,9194,4429,2019-05-21,343.6,17.18,360.78,0.05,Services,43
875940,1356,7250,2019-12-13,23630.56,1181.53,24812.09,0.05,Automotive,59
974470,8809,5156,2019-07-08,1384.82,110.79,1495.61,0.08,Software,22
395945,9220,1986,2019-11-18,320.9,16.04,336.94,0.05,Software,35
529112,3361,2010,2019-03-24,143.0,32.89,175.89,0.23,Financial Services,19
624808,6394,1352,2019-11-17,947.9,47.4,995.3,0.05,Software,52
529592,4185,2771,2019-04-26,7508.62,1726.98,9235.6,0.23,Healthcare Equipment,49
288990,9674,3419,2019-04-23,2760.01,634.8,3394.81,0.23,Services,25
213267,1055,2819,2019-02-11,502.08,25.1,527.18,0.05,Education Services,56
729986,1624,9569,2019-11-09,1022.43,51.12,1073.55,0.05,Construction Materials,14
886152,7733,8864,2019-12-12,2112.91,485.97,2598.88,0.23,Pharmaceuticals,0
617466,7801,9879,2019-06-17,15391.24,3539.99,18931.23,0.23,Pharmaceuticals,58
445585,5694,1853,2019-08-02,3384.74,778.49,4163.23,0.23,Automotive,11
971518,9220,4306,2019-10-26,1523.83,76.19,1600.02,0.05,Education Services,35
406162,6503,9171,2019-01-30,21063.24,4844.55,25907.79,0.23,Software,7
225997,1055,4018,2019-04-04,21021.19,1051.06,22072.25,0.05,Education Services,16
374579,1537,2690,2019-11-11,302.0,15.1,317.1,0.05,Automotive,2
546739,1128,3643,2019-05-10,323.96,16.2,340.16,0.05,Food,39
588153,5500,9910,2019-01-14,475.39,109.34,584.73,0.23,Automotive,6
466684,4049,9598,2019-11-09,971.54,48.58,1020.12,0.05,Office Supplies,0
797913,7008,3236,2019-06-10,245.04,19.6,264.64,0.08,Construction Materials,54
450348,4589,8919,2019-09-15,613.7,49.1,662.8,0.08,Healthcare Equipment,50
810492,1250,8873,2019-06-13,3226.22,258.1,3484.32,0.08,Construction Materials,24
518995,2465,2490,2019-10-16,867.82,69.43,937.25,0.08,Services,8
157339,9605,7393,2019-09-19,6163.78,308.19,6471.97,0.05,Financial Services,0
160642,2298,6327,2019-07-28,19469.01,973.45,20442.46,0.05,Financial Services,7
798752,1896,3843,2019-02-03,3225.35,161.27,3386.62,0.05,Financial Services,14
224016,3296,9420,2019-07-15,407.65,93.76,501.41,0.23,Software,58
131667,5615,9292,2019-11-30,141.39,7.07,148.46,0.05,Machinery,4
493655,3462,1546,2019-08-06,824.64,189.67,1014.31,0.23,Food,59
805689,5050,9849,2019-11-30,790.48,63.24,853.72,0.08,,22
934600,4674,3399751,2019-04-05,324.97,74.74,399.71,0.23,Services,15
118686,9735,7245,2019-09-16,5329.21,266.46,5595.67,0.05,Pharmaceuticals,5
951641,3061,6800,2019-08-24,7218.53,360.93,7579.46,0.05,Furniture,58
753276,9827,1356,2019-11-25,378.94,18.95,397.89,0.05,Automotive,15
198083,1682,2832,2019-05-22,1544.37,355.21,1899.58,0.23,,54
711825,7120,4434,2019-07-18,18467.16,1477.37,19944.53,0.08,Education Services,44
341367,7848,1567,2019-07-22,876.34,43.82,920.16,0.05,Education Services,10
696140,1929,5110598095,2019-06-22,1499.88,344.97,1844.85,0.23,,37
622579,6696,6927,2019-02-08,1358.41,67.92,1426.33,0.05,Office Supplies,24
984950,5058,5694,2019-06-12,542.09,124.68,666.77,0.23,Pharmaceuticals,27
897949,9519,8426,2019-09-28,5506.65,1266.53,6773.18,0.23,Clothing,15
500952,7652,6463,2019-01-16,5014.23,250.71,5264.94,0.05,Food,41
883185,6646,7956,2019-10-12,11363.62,909.09,12272.71,0.08,Furniture,3
279100,5798,1512,2019-02-06,16491.75,1319.34,17811.09,0.08,Office Supplies,1
487058,7211,3582,2019-04-04,908.16,208.88,1117.04,0.23,Software,33
702500,9464,7479,2019-12-10,4560.04,364.8,4924.84,0.08,Education Services,15
665502,4831,1180,2019-07-06,2586.22,594.83,3181.05,0.23,Furniture,24
651594,6917,3828,2019-07-16,198.39,45.63,244.02,0.23,Financial Services,34
393104,6176,4994,2019-06-20,3018.82,694.33,3713.15,0.23,Financial Services,32
272342,7030,3426,2019-01-11,518.02,119.14,637.16,0.23,Office Supplies,57
775752,7701,7760,2019-01-22,264.9,21.19,286.09,0.08,Software,44
950287,8050,9560,2019-05-05,489.84,39.19,529.03,0.08,Financial Services,24
772519,9085,2040,2019-12-04,4420.37,221.02,4641.39,0.05,Healthcare Equipment,46
848141,3296,7859,2019-03-30,581.45,133.73,715.18,0.23,Office Supplies,31
230996,5492,5232,2019-06-01,7607.94,380.4,7988.34,0.05,Construction Materials,29
637766,6922,3516,2019-05-16,364.15,29.13,393.28,0.08,Automotive,38
973519,5144,9073,2019-01-15,3033.04,242.64,3275.68,0.08,Machinery,1
633079,6327,2066,2019-02-08,1403.5,70.17,1473.67,0.05,Machinery,20
584821,3808,7421,2019-07-04,440.67,35.25,475.92,0.08,Office Supplies,57
591423,6535,5798,2019-10-13,284.27,65.38,349.65,0.23,Clothing,36
731976,9686,3548,2019-10-09,353.23,28.26,381.49,0.08,Electronics,24
276997,2040,3419,2019-05-07,774.86,38.74,813.6,0.05,Software,33
883866,6676,1436,2019-04-21,5671.2,453.7,6124.9,0.08,Construction Materials,49
158077,6911,9048,2019-12-20,9495.15,474.76,9969.91,0.05,Furniture,37
733070,5512,5553,2019-02-19,23198.25,1855.86,25054.11,0.08,Office Supplies,29
417112,4513,8529,2019-09-16,5347.42,427.79,5775.21,0.08,Office Supplies,58
447378,8902,1456,2019-12-13,756.26,37.81,794.07,0.05,Clothing,24
300527,6796,9981,2019-03-28,3811.54,190.58,4002.12,0.05,Education Services,42
680881,4663,7753,2019-03-23,648.66,51.89,700.55,0.08,Clothing,13
572434,1902,7840,2019-12-09,4590.84,1055.89,5646.73,0.23,Office Supplies,46
490301,5520,6526,2019-04-05,1963.71,157.1,2120.81,0.08,Education Services,38
576830,2465,2412,2019-01-21,2263.77,113.19,2376.96,0.05,Automotive,55
659602,4955,2753,2019-08-08,2368.47,189.48,2557.95,0.08,Furniture,60
166160,1042,1688,2019-05-23,7116.7,1636.84,8753.54,0.23,Machinery,33
935733,2318,6228,2019-07-20,6053.63,1392.33,7445.96,0.23,Office Supplies,11
169453,3738,1854,2019-10-17,3496.75,279.74,3776.49,0.08,Clothing,9
224420,6122,6917,2019-12-28,1342.88,67.14,1410.02,0.05,Furniture,15
693326,2043,8270,2019-08-08,742.96,59.44,802.4,0.08,Services,9
607817,4317,1763,2019-06-13,10501.27,525.06,11026.33,0.05,Healthcare Equipment,19
214258,4659,2379,2019-07-18,20975.03,1048.75,22023.78,0.05,Clothing,21
113171,6525,1446,2019-01-09,107.07,24.63,131.7,0.23,Machinery,6
160672,6091,2318,2019-01-17,4667.22,233.36,4900.58,0.05,Services,56
521434,6631,4354,2019-01-07,431.33,34.51,465.84,0.08,Services,33
375774,5402,9514,2019-09-03,17345.8,1387.66,18733.46,0.08,Construction Materials,47
621166,3582,3024,2019-08-27,15480.33,3560.48,19040.81,0.23,Financial Services,14
845781,5764,9939,2019-07-19,21315.65,4902.6,26218.25,0.23,Machinery,57
941590,1938,8094,2019-01-13,19557.36,977.87,20535.23,0.05,Clothing,22
979034,9118,1185,2019-10-17,3738.92,186.95,3925.87,0.05,Healthcare Equipment,7
400828,1627,7170,2019-08-26,1366.74,109.34,1476.08,0.08,Construction Materials,24
145247,9963,2043,2019-01-05,2584.03,206.72,2790.75,0.08,Automotive,38
519408,2044,4090,2019-10-10,4390.49,1009.81,5400.3,0.23,Office Supplies,52
287191,4812,9347,2019-12-19,384.77,19.24,404.01,0.05,Education Services,43
382922,3867,5102,2019-07-28,235.35,11.77,247.12,0.05,Automotive,40
731029,1566,5842,2019-11-15,396.25,91.14,487.39,0.23,Machinery,43
904855,7843,8419,2019-12-07,15744.73,3621.29,19366.02,0.23,Clothing,11
713500,1916,8383,2019-05-03,15202.78,3496.64,18699.42,0.23,Education Services,15
926904,9384,8029,2019-09-16,4225.87,971.95,5197.82,0.23,Office Supplies,52
636507,9255,7894,2019-09-26,686.36,157.86,844.22,0.23,Automotive,36
624714,2156,3643,2019-03-24,8825.46,706.04,9531.5,0.08,Food,26
167723,1783,6080,2019-12-27,320.12,73.63,393.75,0.23,Healthcare Equipment,26
136177,2363,6800,2019-08-30,395.21,19.76,414.97,0.05,Education Services,10
217529,5845,4634,2019-05-21,396.14,31.69,427.83,0.08,,6
973487,7099,6029435,2019-07-28,609.47,140.18,749.65,0.23,Services,26
242951,9368,3843,2019-06-28,8886.04,710.88,9596.92,0.08,Financial Services,51
132210,9981,3717,2019-05-25,1821.12,418.86,2239.98,0.23,Machinery,44
242155,9981,6736,2019-09-15,710.57,56.85,767.42,0.08,Food,21
925749,9569,1735,2019-06-09,3120.03,717.61,3837.64,0.23,Construction Materials,37
577078,1867,7378,2019-06-21,130.91,10.47,141.38,0.08,Automotive,13
369634,6750,7480,2019-03-12,195.6,15.65,211.25,0.08,Pharmaceuticals,33
650847,4928,8112,2019-10-23,179.61,8.98,188.59,0.05,Education Services,25
821504,5261,5478,2019-10-25,466.78,107.36,574.14,0.23,Clothing,11
614070,1763,2157,2019-06-24,3376.1,270.09,3646.19,0.08,Machinery,59
706245,6743,1643,2019-07-24,8116.45,649.32,8765.77,0.08,Financial Services,9
932315,4892,8755,2019-09-08,107.62,5.38,113.0,0.05,Software,30
273244,2508,2953,2019-10-22,11188.74,559.44,11748.18,0.05,,7
171799,8431,7378,2019-09-07,181.6,9.08,190.68,0.05,Education Services,18
490380,2649,2553,2019-04-09,2343.92,117.2,2461.12,0.05,Office Supplies,31
931031,7947,2409,2019-05-06,3022.16,151.11,3173.27,0.05,Office Supplies,43
989841,8709,7859,2019-06-13,272.73,13.64,286.37,0.05,Clothing,0
102564,9747,5593,2019-02-11,16952.15,1356.17,18308.32,0.08,Automotive,3
176585,8902,2953,2019-02-12,193.36,15.47,208.83,0.08,Pharmaceuticals,54
451950,1800,3606,2019-05-18,5916.57,295.83,6212.4,0.05,Pharmaceuticals,30
761365,6646,8826,2019-09-03,9692.82,484.64,10177.46,0.05,Pharmaceuticals,41
404268,2916,9180,2019-12-11,2981.15,685.66,3666.81,0.23,Software,31
254270,5102,3582,2019-07-15,350.8,80.68,431.48,0.23,Education Services,53
984853,2619,4691,2019-10-09,613.55,30.68,644.23,0.05,Services,60
341402,9654,7363,2019-03-24,1068.37,53.42,1121.79,0.05,Financial Services,22
728844,7605,6535,2019-10-12,348.42,80.14,428.56,0.23,Construction Materials,30
498415,7305,5647,2019-10-21,24670.37,5674.19,30344.56,0.23,Furniture,16
553927,2213,9981,2019-03-23,12712.24,2923.82,15636.06,0.23,Office Supplies,24
500655,9814,4860,2019-12-28,1313.53,302.11,1615.64,0.23,Furniture,52
897208,1038,4723,2019-04-21,1501.39,75.07,1576.46,0.05,Financial Services,42
467937,4129,3378,2019-01-22,3566.09,285.29,3851.38,0.08,Food,38
457353,7954,4512,2019-04-02,196.9,15.75,212.65,0.08,Office Supplies,28
543450,5541,2993,2019-10-28,624.29,31.21,655.5,0.05,Construction Materials,42
103115,2409,9167,2019-05-31,24846.94,5714.8,30561.74,0.23,Machinery,16
826826,2040,6390,2019-10-07,116.37,9.31,125.68,0.08,Pharmaceuticals,18
408029,7954,9118,2019-08-29,892.38,205.25,1097.63,0.23,Office Supplies,57
393061,7554,9405,2019-12-30,2105.09,484.17,2589.26,0.23,Services,5
836891,9185,7250,2019-06-29,445.61,22.28,467.89,0.05,Construction Materials,7
973644,6743,6169,2019-03-04,6248.82,312.44,6561.26,0.05,Electronics,37
853875,5853,9814,2019-07-06,2083.9,104.2,2188.1,0.05,Office Supplies,36
550137,9456,4737,2019-09-29,4114.34,329.15,4443.49,0.08,Pharmaceuticals,60
610928,9048,4136,2019-09-22,650.65,52.05,702.7,0.08,Software,48
890307,7701,9514,2019-02-01,208.97,48.06,257.03,0.23,Financial Services,12
958782,2311,5800,2019-06-29,4373.07,349.85,4722.92,0.08,Software,16
275970,5647,5508,2019-05-08,209.86,16.79,226.65,0.08,Pharmaceuticals,27
746972,8340,8460,2019-03-19,3250.73,747.67,3998.4,0.23,Clothing,15
320956,1044,5316,2019-12-25,1624.09,81.2,1705.29,0.05,Furniture,52
496527,5003,9509,2019-10-09,491.14,24.56,515.7,0.05,Furniture,42
224549,9981,7466,2019-05-22,18498.13,4254.57,22752.7,0.23,Pharmaceuticals,49
132805,8747,2360,2019-05-31,350.39,17.52,367.91,0.05,Office Supplies,27
231744,3437,6821,2019-05-02,742.01,170.66,912.67,0.23,Healthcare Equipment,54
507148,8826,3168,2019-10-27,205.42,47.25,252.67,0.23,Pharmaceuticals,58
912379,9042,8482,2019-04-15,3080.83,708.59,3789.42,0.23,Food,7
176814,4955,5290,2019-02-01,6665.22,1533.0,8198.22,0.23,Pharmaceuticals,12
713064,6871,9326,2019-08-04,10108.36,2324.92,12433.28,0.23,Machinery,7
411393,9613,9567,2019-02-05,7449.01,1713.27,9162.28,0.23,,31
250066,6911,4355,2019-11-19,3613.45,831.09,4444.54,0.23,Services,42
930725,7393,9326,2019-10-28,23623.88,5433.49,29057.37,0.23,Software,32
583415,7357,5630,2019-01-06,653.07,32.65,685.72,0.05,Machinery,15
750021,9171,1867,2019-01-17,325.68,74.91,400.59,0.23,,16
713888,8108,6211,2019-08-18,1720.88,137.67,1858.55,0.08,Office Supplies,33
322921,3378,88262629,2019-04-18,1213.91,279.2,1493.11,0.23,Services,48
477221,7055,3426,2019-08-09,12982.23,649.11,13631.34,0.05,Pharmaceuticals,27
954806,4738,6800,2019-09-28,16258.35,812.92,17071.27,0.05,Furniture,37
911903,7055,2326,2019-06-15,8428.57,1938.57,10367.14,0.23,Software,3
581186,4513,7495,2019-01-02,9334.04,466.7,9800.74,0.05,Electronics,34
557167,9812,9118,2019-09-25,590.83,47.27,638.1,0.08,Healthcare Equipment,25
116400,7915,3334,2019-01-25,2842.89,227.43,3070.32,0.08,Electronics,56
159853,9661,2508,2019-05-31,10424.81,521.24,10946.05,0.05,Machinery,14
710182,5203,3013,2019-11-24,1543.45,354.99,1898.44,0.23,Education Services,55
111898,8034,1059,2019-07-27,2585.27,594.61,3179.88,0.23,,29
766185,1302,8947,2019-04-01,892.43,205.26,1097.69,0.23,Machinery,27
826982,5050,8143,2019-03-03,276.07,63.5,339.57,0.23,Clothing,39
620934,6584,5541,2019-01-26,7649.13,1759.3,9408.43,0.23,Electronics,15
909143,4674,1512,2019-06-14,10499.9,525.0,11024.9,0.05,Software,0
278987,5859,4776,2019-12-05,398.94,19.95,418.89,0.05,Office Supplies,24
386577,9814,4812,2019-07-10,452.77,104.14,556.91,0.23,Food,11
172273,9579,2164,2019-06-24,391.87,90.13,482.0,0.23,Clothing,14
106920,8034,2329,2019-10-09,1227.55,98.2,1325.75,0.08,Clothing,26
262327,5455,7073,2019-01-19,5185.6,414.85,5600.45,0.08,Financial Services,14
615477,8436,8152,2019-10-11,2397.85,191.83,2589.68,0.08,Machinery,37
107907,7753,6483,2019-06-19,301.26,24.1,325.36,0.08,Automotive,22
971326,7458,1068,2019-08-31,452.74,36.22,488.96,0.08,Clothing,42
115974,8852,7700,2019-04-24,11415.91,570.8,11986.71,0.05,Pharmaceuticals,24
731720,3826,7659,2019-11-26,3751.78,862.91,4614.69,0.23,Clothing,37
271803,1895,2040,2019-12-25,18443.85,1475.51,19919.36,0.08,Furniture,15
772197,6139,9412,2019-12-21,357.89,28.63,386.52,0.08,Machinery,38
451485,1546,2638,2019-06-24,24744.23,5691.17,30435.4,0.23,Education Services,31
927940,5764,3378,2019-12-22,362.39,28.99,391.38,0.08,Software,8
196620,7231,9613,2019-04-06,20350.03,1017.5,21367.53,0.05,Food,21
769654,5003,2790,2019-08-23,2595.68,129.78,2725.46,0.05,Machinery,43
804088,4469,3027,2019-09-26,215.56,49.58,265.14,0.23,Financial Services,47
791947,6594,5611,2019-11-11,4002.1,200.11,4202.21,0.05,Financial Services,34
959275,9484,5905,2019-03-31,10808.38,2485.93,13294.31,0.23,Electronics,35
483709,5500,6802,2019-12-14,4777.26,382.18,5159.44,0.08,Office Supplies,15
855337,2464,5615,2019-04-30,17624.83,1409.99,19034.82,0.08,Electronics,57
244444,5240,9118,2019-07-29,162.23,37.31,199.54,0.23,,13
178199,5316,9099,2019-01-08,671.61,33.58,705.19,0.05,Electronics,36
504130,6558,4568,2019-10-13,117.99,27.14,145.13,0.23,Services,4
944664,5402,6106,2019-05-06,142.22,7.11,149.33,0.05,Financial Services,30
673335,4737,9477,2019-07-27,7720.95,386.05,8107.0,0.05,Construction Materials,6
651608,1851,8178,2019-04-24,270.94,62.32,333.26,0.23,Electronics,54
664892,2318,6184,2019-06-01,241.15,19.29,260.44,0.08,Food,4
896590,3628,5050,2019-12-01,487.73,24.39,512.12,0.05,Healthcare Equipment,21
513967,8940,7265,2019-03-14,1385.7,69.29,1454.99,0.05,Furniture,45
371437,3125,2409,2019-06-28,7936.74,634.94,8571.68,0.08,Pharmaceuticals,10
383284,2664,8096,2019-02-01,432.32,34.59,466.91,0.08,Healthcare Equipment,58
927260,8158,3331,2019-02-24,4573.4,365.87,4939.27,0.08,Construction Materials,42
281142,3429,6547,2019-01-20,5341.43,427.31,5768.74,0.08,Automotive,24
105241,6887,3775,2019-01-22,831.47,66.52,897.99,0.08,Electronics,53
546618,9275,7531,2019-08-13,277.7,63.87,341.57,0.23,Clothing,10
477429,4665,5500,2019-10-24,287.73,23.02,310.75,0.08,Financial Services,60
736514,4655,6315,2019-06-06,8866.48,2039.29,10905.77,0.23,Software,14
193457,3365,2619,2019-06-17,24889.37,5724.56,30613.93,0.23,Financial Services,32
961484,2454,5918,2019-09-08,455.86,104.85,560.71,0.23,Healthcare Equipment,44
855630,1688,8624,2019-01-03,2680.29,214.42,2894.71,0.08,Automotive,8
429468,6872,7120,2019-02-17,1916.14,440.71,2356.85,0.23,Education Services,28
203352,3126,3516,2019-10-21,198.77,15.9,214.67,0.08,Office Supplies,18
976245,3750,5507,2019-06-30,3716.63,297.33,4013.96,0.08,Services,3
716768,1760,2536,2019-11-30,297.48,14.87,312.35,0.05,Food,18
973223,5886,8855,2019-06-21,9139.09,2101.99,11241.08,0.23,Services,35
886625,8190,6506,2019-03-06,812.01,64.96,876.97,0.08,Furniture,25
515361,3136,5114,2019-01-25,1304.17,299.96,1604.13,0.23,Food,13
288629,2931,6106,2019-07-08,411.8,94.71,506.51,0.23,Pharmaceuticals,35
156207,9220,7029,2019-10-29,156.35,12.51,168.86,0.08,,49
384406,3842,7350,2019-05-20,227.2,11.36,238.56,0.05,Electronics,1
830370,1044,1970,2019-03-22,603.65,138.84,742.49,0.23,Furniture,8
290730,2974,2771,2019-05-14,696.13,34.81,730.94,0.05,,59
174413,7256,9324,2019-01-14,8909.62,712.77,9622.39,0.08,Software,21
940366,5786,7312,2019-05-10,4971.75,397.74,5369.49,0.08,Education Services,32
497181,9868,4984,2019-08-17,3000.97,150.05,3151.02,0.05,Furniture,49
718991,6064,8508,2019-11-24,1704.6,136.37,1840.97,0.08,Construction Materials,33
140412,2156,1836,2019-05-11,164.7,37.88,202.58,0.23,Food,31
598217,6157,9456,2019-09-06,3186.73,159.34,3346.07,0.05,Furniture,45
219689,6394,3300,2019-08-22,1995.13,159.61,2154.74,0.08,Healthcare Equipment,30
896257,4559,7666,2019-03-14,5648.28,282.41,5930.69,0.05,Clothing,28
612032,1506,2506196,2019-05-02,1433.55,329.72,1763.27,0.23,Services,55
280751,7947,9326,2019-06-16,2971.87,148.59,3120.46,0.05,Software,37
814445,2227,5452,2019-03-06,2244.15,112.21,2356.36,0.05,Machinery,37
269311,9674,7393,2019-03-14,9329.74,746.38,10076.12,0.08,Software,10
187892,6080,1381,2019-12-22,126.24,10.1,136.34,0.08,Pharmaceuticals,56
985104,1356,6927,2019-01-12,1045.21,240.4,1285.61,0.23,Food,4
196856,7030,3125,2019-11-10,971.49,223.44,1194.93,0.23,Office Supplies,1
418051,4695,4831,2019-09-10,446.42,22.32,468.74,0.05,Financial Services,44
647189,7004,8481,2019-03-31,962.57,77.01,1039.58,0.08,Software,42
953627,9421,9464,2019-11-26,1243.8,99.5,1343.3,0.08,Construction Materials,31
432429,6871,1718,2019-01-29,3754.56,863.55,4618.11,0.23,Construction Materials,34
692301,4317,3437,2019-12-25,201.03,46.24,247.27,0.23,Healthcare Equipment,4
518619,6428,3839,2019-09-26,169.03,8.45,177.48,0.05,Furniture,45
659643,7784,9275,2019-12-19,143.79,7.19,150.98,0.05,Machinery,17
248995,7008,2243,2019-05-26,219.96,50.59,270.55,0.23,Machinery,48
440249,7030,7099,2019-08-27,214.95,10.75,225.7,0.05,Office Supplies,38
257841,8598,6925,2019-12-14,185.74,14.86,200.6,0.08,Food,35
210758,4429,5914,2019-10-12,260.65,13.03,273.68,0.05,Electronics,32
227683,4018,4866,2019-11-25,2481.88,570.83,3052.71,0.23,Machinery,39
612399,2243,1740,2019-01-20,1943.29,155.46,2098.75,0.08,Machinery,12
658480,9515,4646,2019-09-15,718.38,57.47,775.85,0.08,Food,28
306554,2454,2751,2019-10-11,14767.26,1181.38,15948.64,0.08,Automotive,59
776849,2253,6456,2019-10-16,5898.96,471.92,6370.88,0.08,Furniture,59
786034,7737,2790,2019-09-16,151.77,34.91,186.68,0.23,Food,5
592013,3163,1512,2019-07-26,7065.59,353.28,7418.87,0.05,Pharmaceuticals,58
120925,7966,8966,2019-11-01,361.65,28.93,390.58,0.08,Financial Services,43
236251,9941,9527,2019-04-21,607.75,139.78,747.53,0.23,Software,49
953305,2293,2375,2019-09-17,5270.26,421.62,5691.88,0.08,Furniture,4
900524,8226,6796,2019-04-13,213.2,10.66,223.86,0.05,Food,52
690025,1853,3867,2019-06-18,193.85,15.51,209.36,0.08,Pharmaceuticals,58
113539,3437,3988,2019-08-03,301.62,24.13,325.75,0.08,Food,22
553600,1780,4860,2019-07-08,609.18,140.11,749.29,0.23,Software,2
302883,5030,9820,2019-07-08,8148.21,651.86,8800.07,0.08,Machinery,37
456588,5853,9204,2019-08-21,286.19,14.31,300.5,0.05,,59
178157,4554,5126,2019-12-14,8595.67,429.78,9025.45,0.05,Food,25
877737,5738,5196,2019-08-08,822.44,41.12,863.56,0.05,Office Supplies,34
876320,8529,7254,2019-08-16,3927.33,196.37,4123.7,0.05,Financial Services,47
827781,7382,4185,2019-09-24,8590.14,1975.73,10565.87,0.23,Furniture,34
139388,9073,9042,2019-03-26,467.18,23.36,490.54,0.05,Furniture,45
106281,8548,12345680,2019-01-01,506.24,116.44,622.68,0.23,Services,2
617385,1389,4955,2019-08-03,5942.03,297.1,6239.13,0.05,Furniture,59
247003,8270,7350,2019-06-09,124.33,6.22,130.55,0.05,Machinery,19
951220,1160,7700,2019-07-08,846.74,194.75,1041.49,0.23,Clothing,52
423349,2747,4831,2019-10-31,731.45,58.52,789.97,0.08,Clothing,16
937356,4412,7004,2019-12-05,977.12,48.86,1025.98,0.05,Financial Services,14
121903,7382,7479,2019-06-12,5786.11,462.89,6249.0,0.08,Healthcare Equipment,37
418098,8924,3247,2019-10-31,2655.74,132.79,2788.53,0.05,Clothing,16
140299,8436,1108,2019-04-27,3525.56,810.88,4336.44,0.23,Furniture,20
394085,9783,7382,2019-12-07,7397.02,1701.31,9098.33,0.23,Software,38
883297,7177,3061,2019-08-21,214.18,17.13,231.31,0.08,Furniture,5
612263,4880,9180,2019-01-29,2493.97,573.61,3067.58,0.23,Construction Materials,49
862605,9477,9206,2019-03-02,2135.37,491.14,2626.51,0.23,Electronics,25
170586,8371,6542,2019-10-08,1320.48,303.71,1624.19,0.23,Healthcare Equipment,16
833479,4179,5886,2019-11-01,1140.02,57.0,1197.02,0.05,Software,5
488865,5254,8269,2019-09-17,654.51,150.54,805.05,0.23,Construction Materials,52
477390,6510,9060,2019-04-02,149.65,34.42,184.07,0.23,Machinery,29
659590,8500,5500,2019-09-12,4965.01,1141.95,6106.96,0.23,Education Services,48
180831,6584,8152,2019-06-14,4611.33,1060.61,5671.94,0.23,Financial Services,57
946343,8051,4925,2019-08-02,1533.34,122.67,1656.01,0.08,Food,28
577670,2378,8966,2019-09-18,4056.5,202.83,4259.33,0.05,Construction Materials,51
784719,4276,6412,2019-04-30,6155.95,1415.87,7571.82,0.23,Services,47
750734,9998,4586,2019-07-31,883.89,70.71,954.6,0.08,Financial Services,11
480211,1760,8441,2019-12-25,9636.64,770.93,10407.57,0.08,Software,44
515803,8246,4868,2019-09-21,517.19,41.38,558.57,0.08,Electronics,19
149968,7360,3055,2019-03-17,11444.4,2632.21,14076.61,0.23,Electronics,10
622865,3650,5254,2019-11-06,6153.57,307.68,6461.25,0.05,Electronics,26
904628,5120,1108,2019-07-16,1104.1,55.2,1159.3,0.05,Pharmaceuticals,33
215698,5050,2683,2019-06-12,18933.96,4354.81,23288.77,0.23,Machinery,15
133901,3269,4357,2019-12-31,2900.65,145.03,3045.68,0.05,Office Supplies,0
779004,3974,3393,2019-07-27,19000.52,4370.12,23370.64,0.23,Machinery,40
381138,9509,4559,2019-06-16,8811.86,440.59,9252.45,0.05,Software,15
550331,4735,8100,2019-07-01,4142.94,952.88,5095.82,0.23,Software,55
623984,6412,8747,2019-12-03,566.54,45.32,611.86,0.08,Financial Services,6
269463,5886,4559,2019-09-05,21157.28,1692.58,22849.86,0.08,Software,44
595645,8966,1372,2019-12-01,20180.84,1614.47,21795.31,0.08,Financial Services,48
738303,5455,9569,2019-05-05,376.62,18.83,395.45,0.05,Construction Materials,24
808403,8083,6887,2019-03-19,102.7,23.62,126.32,0.23,Automotive,27
794677,4928,3136,2019-04-19,5772.73,1327.73,7100.46,0.23,Machinery,20
209640,6163,6703,2019-04-27,918.79,45.94,964.73,0.05,Clothing,35
407102,2066,5411,2019-08-20,1364.62,109.17,1473.79,0.08,Furniture,1
441537,6176,7956,2019-06-09,5059.12,404.73,5463.85,0.08,Machinery,4
830503,1038,8366,2019-11-21,106.85,5.34,112.19,0.05,Electronics,4
156488,1139,2993,2019-10-23,4638.09,1066.76,5704.85,0.23,Pharmaceuticals,9
471742,6456,6510,2019-04-28,146.16,33.62,179.78,0.23,Financial Services,32
145462,9814,2025,2019-01-14,458.36,105.42,563.78,0.23,Software,18
937599,9613,9418,2019-09-14,5325.02,1224.75,6549.77,0.23,Pharmaceuticals,43
599432,3378,7894,2019-11-08,4201.61,966.37,5167.98,0.23,Pharmaceuticals,49
484457,3251,7531,2019-02-24,862.67,43.13,905.8,0.05,Services,25
329809,7746,7350,2019-06-11,3692.23,849.21,4541.44,0.23,,50
849686,4049,6500,2019-03-27,2119.2,105.96,2225.16,0.05,Automotive,34
809132,8258,1375,2019-10-13,2156.48,172.52,2329.0,0.08,Machinery,21
978277,8940,3668,2019-05-04,205.52,47.27,252.79,0.23,Office Supplies,3
857460,4161,5886,2019-10-05,1836.31,422.35,2258.66,0.23,Financial Services,5
734161,6428,9990,2019-03-23,9695.44,2229.95,11925.39,0.23,Office Supplies,34
749979,3750,12345680,2019-12-17,1443.32,331.96,1775.28,0.23,Services,23
838472,3727,9222,2019-03-02,17029.77,3916.85,20946.62,0.23,Machinery,6
928212,6510,6390,2019-02-19,3141.37,722.52,3863.89,0.23,Clothing,10
849742,1566,9755,2019-06-18,2897.25,144.86,3042.11,0.05,Clothing,14
154007,4533,6091,2019-03-05,312.02,71.76,383.78,0.23,Services,8
476045,2246,8909,2019-07-15,1377.56,316.84,1694.4,0.23,Machinery,16
378078,6169,2021,2019-10-03,7914.24,395.71,8309.95,0.05,Education Services,10
958857,8029,7695,2019-06-02,11401.43,2622.33,14023.76,0.23,Machinery,17
686441,8246,3851,2019-10-28,169.59,8.48,178.07,0.05,Clothing,45
526482,8269,8806,2019-12-04,409.52,32.76,442.28,0.08,Food,20
195739,4960,3657,2019-09-16,15744.1,787.21,16531.31,0.05,Clothing,21
677480,8674,4429,2019-11-03,259.05,59.58,318.63,0.23,,38
767479,5013,9129,2019-03-24,677.11,54.17,731.28,0.08,Automotive,30
978500,5076,8443833,2019-07-14,298.8,68.72,367.52,0.23,Services,16
894137,8709,1302,2019-08-17,3658.32,292.67,3950.99,0.08,Automotive,22
720381,3738,7193,2019-08-25,1592.15,127.37,1719.52,0.08,,30
419030,7073,7971,2019-03-14,341.59,27.33,368.92,0.08,,55
126020,3181,7453,2019-08-13,752.65,60.21,812.86,0.08,Clothing,33
550407,8851,3284,2019-09-30,6484.49,518.76,7003.25,0.08,Furniture,8
845111,9731,1185,2019-05-29,176.86,8.84,185.7,0.05,Furniture,1
356504,8522,1151,2019-01-18,20883.06,4803.1,25686.16,0.23,Machinery,39
115207,3203,9324,2019-10-24,5950.7,1368.66,7319.36,0.23,Clothing,34
877308,9324,9514,2019-10-15,5202.55,416.2,5618.75,0.08,Food,60
228671,1836,8559,2019-01-31,7624.76,609.98,8234.74,0.08,Food,16
714877,8108,6887,2019-09-18,9008.82,450.44,9459.26,0.05,Food,52
502054,3215,6646,2019-07-08,15930.49,1274.44,17204.93,0.08,Furniture,32
127397,3780,3469,2019-03-21,143.98,33.12,177.1,0.23,Pharmaceuticals,2
198100,3720,4136,2019-02-27,717.11,57.37,774.48,0.08,Automotive,23
575936,6911,7974,2019-01-26,404.81,20.24,425.05,0.05,Software,4
891108,8258,4747,2019-07-13,853.33,196.27,1049.6,0.23,Healthcare Equipment,17
655192,4823,8598,2019-04-03,7322.49,585.8,7908.29,0.08,Financial Services,19
948296,2541,9971,2019-04-01,4395.22,1010.9,5406.12,0.23,Furniture,46
809242,5086,9874,2019-11-08,696.75,34.84,731.59,0.05,Automotive,3
388426,1567,9451,2019-01-17,798.73,63.9,862.63,0.08,Education Services,26
803166,4634,7522,2019-11-09,124.89,28.72,153.61,0.23,Machinery,17
442016,6517,5853,2019-12-14,241.91,12.1,254.01,0.05,,33
294625,1128,8029,2019-12-29,214.37,17.15,231.52,0.08,Financial Services,9
914064,6139,5505,2019-02-12,128.49,10.28,138.77,0.08,Office Supplies,2
466408,1826,9756,2019-02-20,631.39,50.51,681.9,0.08,Construction Materials,58
521475,5196,12345679,2019-08-24,155.36,35.73,191.09,0.23,Services,58
949514,2554,12345679,2019-03-05,1037.55,238.64,1276.19,0.23,Services,8
946169,4723,3756,2019-01-24,3791.21,189.56,3980.77,0.05,Software,34
899902,2021,9827,2019-03-09,5099.49,407.96,5507.45,0.08,Office Supplies,19
706905,6080,7254,2019-08-03,1699.86,135.99,1835.85,0.08,Education Services,52
883507,5209,4986,2019-12-07,578.6,28.93,607.53,0.05,Services,16
201360,9198,5507,2019-06-16,1438.62,330.88,1769.5,0.23,Services,50
644867,2423,2529,2019-02-12,8789.14,703.13,9492.27,0.08,Electronics,37
811886,2541,4354,2019-06-08,3666.29,293.3,3959.59,0.08,Services,41
848362,7353,9085,2019-11-04,464.08,106.74,570.82,0.23,Food,34
330212,5918,2939,2019-03-14,2636.88,210.95,2847.83,0.08,Education Services,40
229219,2374,6503,2019-02-22,2569.27,590.93,3160.2,0.23,Education Services,38
262331,9444,2286,2019-11-26,8323.71,1914.45,10238.16,0.23,Construction Materials,60
832510,5853,1836,2019-08-20,3974.33,198.72,4173.05,0.05,Financial Services,59
428754,9316,1824,2019-09-11,5777.86,462.23,6240.09,0.08,Electronics,7
690073,8378,6327,2019-11-10,5300.61,424.05,5724.66,0.08,Services,5
759471,1055,4162,2019-04-08,607.22,48.58,655.8,0.08,Healthcare Equipment,5
671356,8112,9368,2019-09-07,202.27,46.52,248.79,0.23,Clothing,17
962301,7633,5293,2019-01-14,216.36,10.82,227.18,0.05,,14
662237,1284,1352,2019-09-02,849.56,67.96,917.52,0.08,Food,5
322366,1311,2027,2019-08-17,751.91,172.94,924.85,0.23,Office Supplies,15
226915,9963,1512,2019-07-01,8325.07,1914.77,10239.84,0.23,Food,24
551852,9565,4955,2019-07-26,966.95,77.36,1044.31,0.08,Financial Services,35
540488,8258,6541,2019-12-14,1969.24,452.93,2422.17,0.23,Furniture,23
214250,5426,4170,2019-11-12,12778.94,638.95,13417.89,0.05,Clothing,13
939875,8508,3964,2019-12-30,327.95,75.43,403.38,0.23,Automotive,6
378148,5548,3974,2019-06-25,2539.74,584.14,3123.88,0.23,Healthcare Equipment,25
446900,4429,1302,2019-06-05,310.54,24.84,335.38,0.08,Education Services,57
352518,9368,6357,2019-09-11,126.31,10.1,136.41,0.08,Education Services,60
516017,9579,6750,2019-10-22,546.18,125.62,671.8,0.23,Financial Services,45
351825,5647,6412,2019-10-20,888.53,44.43,932.96,0.05,Furniture,6
710149,6176,3956,2019-07-20,11418.46,913.48,12331.94,0.08,Services,60
110741,2311,2409,2019-12-26,1211.88,278.73,1490.61,0.23,Electronics,42
341040,1389,7279,2019-01-15,3002.96,240.24,3243.2,0.08,Healthcare Equipment,20
824722,7256,8809,2019-07-29,651.06,149.74,800.8,0.23,Financial Services,59
258697,7952,2619,2019-01-14,360.66,18.03,378.69,0.05,Software,39
323000,6821,7029,2019-05-19,2420.96,556.82,2977.78,0.23,Financial Services,49
705401,3033,6863,2019-06-18,178.85,8.94,187.79,0.05,Services,38
475501,3426,5478,2019-01-13,15645.32,782.27,16427.59,0.05,Food,52
141654,5928,9368,2019-12-28,7678.41,614.27,8292.68,0.08,Machinery,55
432398,2541,7857,2019-03-17,14812.48,1185.0,15997.48,0.08,,49
917941,8548,9621,2019-10-10,922.24,73.78,996.02,0.08,Office Supplies,30
866307,4090,8806,2019-06-13,350.71,28.06,378.77,0.08,Electronics,16
250985,3437,5209,2019-11-09,2796.29,139.81,2936.1,0.05,Furniture,13
459834,2554,4355,2019-12-28,3394.71,780.78,4175.49,0.23,Clothing,37
506462,1800,5800,2019-10-30,1342.38,308.75,1651.13,0.23,Furniture,4
452358,5517,2155,2019-06-10,185.14,42.58,227.72,0.23,Clothing,53
478956,1566,5009,2019-07-23,733.24,36.66,769.9,0.05,Pharmaceuticals,53
287964,4589,2939,2019-02-17,5888.61,294.43,6183.04,0.05,Automotive,5
953580,2010,3956,2019-06-24,701.85,56.15,758.0,0.08,Furniture,33
807090,7760,8342,2019-03-14,1691.68,84.58,1776.26,0.05,Electronics,40
730673,9179,3478,2019-03-12,828.94,41.45,870.39,0.05,Education Services,50
655796,6595,6685,2019-03-26,3069.82,153.49,3223.31,0.05,Healthcare Equipment,58
407819,6274,8051,2019-12-30,3651.46,182.57,3834.03,0.05,Furniture,56
290846,5009,7395,2019-03-24,524.4,41.95,566.35,0.08,Automotive,24
170146,2471,9879,2019-04-05,11538.22,923.06,12461.28,0.08,Machinery,11
729991,4737,9518,2019-08-02,2753.13,220.25,2973.38,0.08,Office Supplies,12
314591,1651,6646,2019-12-21,962.86,48.14,1011.0,0.05,Office Supplies,10
521712,2635,6184,2019-03-26,9404.75,470.24,9874.99,0.05,Office Supplies,60
792590,8902,2411,2019-03-14,22814.34,5247.3,28061.64,0.23,Pharmaceuticals,5
948952,8665,1042,2019-05-06,580.72,29.04,609.76,0.05,Electronics,54
980310,3808,9326,2019-10-16,13932.94,696.65,14629.59,0.05,Furniture,47
314349,4162,3974,2019-04-18,101.47,5.07,106.54,0.05,Education Services,2
101205,4695,6743,2019-09-02,466.59,23.33,489.92,0.05,Automotive,55
902591,4719,6584,2019-05-07,2998.06,239.84,3237.9,0.08,Services,25
906897,1210,3199,2019-03-31,1550.26,124.02,1674.28,0.08,Clothing,4
350285,7965,9812,2019-10-28,1040.52,52.03,1092.55,0.05,Automotive,18
867122,3650,9405,2019-01-25,367.17,29.37,396.54,0.08,Education Services,57
836541,5203,7189,2019-10-05,970.7,48.54,1019.24,0.05,Office Supplies,32
988512,5786,7867,2019-09-27,555.29,27.76,583.05,0.05,Construction Materials,0
987814,7961,3974,2019-03-07,14469.05,1157.52,15626.57,0.08,Financial Services,21
710463,6188,1836,2019-10-20,6059.77,484.78,6544.55,0.08,Pharmaceuticals,58
469519,2409,1106,2019-05-06,17046.62,852.33,17898.95,0.05,Services,46
258617,8304,1282,2019-11-06,776.88,178.68,955.56,0.23,Furniture,23
893038,9129,1872,2019-09-10,173.77,13.9,187.67,0.08,Financial Services,39
670022,6789,6600,2019-04-13,937.89,215.71,1153.6,0.23,Pharmaceuticals,35
693197,7733,5980,2019-10-27,164.64,8.23,172.87,0.05,Electronics,54
657210,2156,5905,2019-07-14,1199.18,59.96,1259.14,0.05,Healthcare Equipment,58
729820,1471,1786,2019-09-08,6543.13,1504.92,8048.05,0.23,,4
276598,4928,7956,2019-09-22,4869.74,389.58,5259.32,0.08,Services,2
247198,7527,12345679,2019-08-01,1257.81,289.3,1547.11,0.23,Services,57
813037,9206,9703,2019-05-27,709.42,56.75,766.17,0.08,Healthcare Equipment,7
429143,6375,7326,2019-03-26,362.31,28.98,391.29,0.08,Food,38
540591,7030,2145,2019-08-01,112.1,8.97,121.07,0.08,Office Supplies,2
763445,1068,4204,2019-12-29,231.23,11.56,242.79,0.05,Pharmaceuticals,0
728700,9579,1128,2019-09-19,1598.62,367.68,1966.3,0.23,Electronics,48
413761,3426,8645,2019-07-13,152.97,12.24,165.21,0.08,Office Supplies,33
873301,9686,8340,2019-06-17,2730.47,628.01,3358.48,0.23,Construction Materials,56
946246,1988,5520,2019-11-24,1570.27,361.16,1931.43,0.23,Services,59
344394,6917,2318,2019-08-25,5553.32,1277.26,6830.58,0.23,Healthcare Equipment,19
688575,2334,2635,2019-09-02,162.27,12.98,175.25,0.08,,19
965308,9222,6456,2019-03-20,783.97,62.72,846.69,0.08,Office Supplies,4
470040,8814,4691,2019-08-26,145.98,7.3,153.28,0.05,Office Supplies,34
961460,3516,9703,2019-01-30,1366.97,68.35,1435.32,0.05,Healthcare Equipment,50
871542,3730,6228,2019-06-26,518.49,41.48,559.97,0.08,Financial Services,52
797456,6296,8851,2019-05-30,1981.35,158.51,2139.86,0.08,Clothing,1
840323,7272,9913,2019-07-01,222.94,11.15,234.09,0.05,Electronics,46
342492,5853,1798,2019-03-31,19377.32,1550.19,20927.51,0.08,Services,37
760615,1765,5928,2019-07-08,4608.65,230.43,4839.08,0.05,Education Services,24
990605,6107,8747,2019-07-05,4421.31,1016.9,5438.21,0.23,Pharmaceuticals,25
124103,5261,6535,2019-06-13,1013.09,50.65,1063.74,0.05,Software,8
519083,7247,2156,2019-10-25,3066.7,705.34,3772.04,0.23,Office Supplies,47
107812,8529,4753,2019-07-16,150.48,34.61,185.09,0.23,Automotive,17
682893,1974,9527,2019-08-08,729.44,36.47,765.91,0.05,Software,41
698329,4668,1506,2019-05-13,130.52,6.53,137.05,0.05,Food,5
314467,9214,7732,2019-07-29,321.57,25.73,347.3,0.08,Software,47
570606,2747,5544,2019-11-29,4207.93,210.4,4418.33,0.05,Education Services,28
650730,2490,2374,2019-08-08,5262.27,420.98,5683.25,0.08,Machinery,41
239519,9560,4831,2019-04-22,616.55,49.32,665.87,0.08,Construction Materials,28
230982,6696,9335,2019-09-09,6741.56,337.08,7078.64,0.05,Software,59
639129,8855,5254,2019-11-09,6833.95,341.7,7175.65,0.05,Electronics,3
580839,3420,3126,2019-05-09,215.36,17.23,232.59,0.08,Electronics,50
889251,7753,6703,2019-06-02,1589.52,127.16,1716.68,0.08,Construction Materials,35
115989,2328,6587,2019-12-31,4628.25,231.41,4859.66,0.05,Construction Materials,16
732765,2334,7500,2019-01-26,753.6,37.68,791.28,0.05,,4
975157,9335,9096,2019-12-08,228.11,11.41,239.52,0.05,Office Supplies,20
923748,2683,1836,2019-09-01,4978.64,248.93,5227.57,0.05,Furniture,54
913157,3286,7421,2019-02-15,24003.3,1200.16,25203.46,0.05,Construction Materials,23
966769,6500,6847,2019-04-10,5202.43,1196.56,6398.99,0.23,Financial Services,8
299511,9198,6505,2019-02-09,4689.32,234.47,4923.79,0.05,Clothing,47
127682,3355,7615,2019-09-20,2971.21,237.7,3208.91,0.08,Software,17
250226,3730,5786,2019-06-19,801.52,64.12,865.64,0.08,,15
790592,7337,6472,2019-03-06,2147.96,171.84,2319.8,0.08,Office Supplies,53
683459,7965,4434,2019-08-18,226.7,18.14,244.84,0.08,Construction Materials,21
447125,7360,4758,2019-10-14,2656.32,610.95,3267.27,0.23,Office Supplies,31
129189,4960,3582,2019-12-20,4174.79,333.98,4508.77,0.08,Clothing,59
214316,4737,2209,2019-12-18,2684.83,134.24,2819.07,0.05,Education Services,58
532084,1841,1736,2019-05-29,6780.69,542.46,7323.15,0.08,Food,50
218151,2109,4642,2019-04-04,208.17,47.88,256.05,0.23,Healthcare Equipment,7
220890,7814,2916,2019-06-02,1066.23,53.31,1119.54,0.05,Education Services,52
287924,4150,8340,2019-11-02,160.51,12.84,173.35,0.08,Software,32
626350,3526,5009,2019-11-25,112.28,25.82,138.1,0.23,Automotive,1
181708,1179,7461,2019-09-29,1899.01,94.95,1993.96,0.05,Software,35
768052,2490,2638,2019-03-24,186.77,9.34,196.11,0.05,Clothing,46
544516,3006,8556,2019-03-26,330.8,26.46,357.26,0.08,Electronics,23
634893,3826,5114,2019-08-05,496.65,39.73,536.38,0.08,Clothing,5
562595,3006,9509,2019-09-06,567.59,45.41,613.0,0.08,Construction Materials,16
105545,3181,2116,2019-06-16,571.58,131.46,703.04,0.23,Healthcare Equipment,31
694665,5555,4340,2019-05-25,1443.07,115.45,1558.52,0.08,,41
286710,9820,4513,2019-02-24,2955.97,236.48,3192.45,0.08,Machinery,46
764355,5520,3606,2019-07-19,2793.4,139.67,2933.07,0.05,Financial Services,47
234231,3750,9185,2019-06-15,496.76,114.25,611.01,0.23,Food,8
539223,3722,1929,2019-12-26,22362.57,5143.39,27505.96,0.23,Financial Services,14
210802,2906,6539,2019-04-01,10981.13,2525.66,13506.79,0.23,Pharmaceuticals,32
695938,1685,2536,2019-08-09,192.15,9.61,201.76,0.05,Financial Services,23
776280,9845,6543,2019-05-07,4878.32,243.92,5122.24,0.05,Healthcare Equipment,24
541270,5918,2328,2019-11-18,1835.41,422.14,2257.55,0.23,Healthcare Equipment,36
554537,9204,5803,2019-04-01,1763.12,88.16,1851.28,0.05,Automotive,51
278894,5209,2145,2019-06-04,889.96,71.2,961.16,0.08,Furniture,55
682563,6211,7055,2019-11-01,13389.33,669.47,14058.8,0.05,Office Supplies,38
972972,6598,12345679,2019-06-21,272.46,62.67,335.13,0.23,Services,43
799934,4668,8143,2019-02-06,1741.87,87.09,1828.96,0.05,Construction Materials,51
976349,3112,1506,2019-10-13,2060.18,164.81,2224.99,0.08,Construction Materials,51
413417,8940,1651,2019-02-06,2482.41,198.59,2681.0,0.08,Electronics,33
719801,5501,8816,2019-08-15,6144.9,491.59,6636.49,0.08,Financial Services,17
526855,9122,7055,2019-10-13,6296.7,503.74,6800.44,0.08,Clothing,38
154156,9220,2638,2019-11-30,294.33,14.72,309.05,0.05,Education Services,45
358927,3692,5261,2019-02-21,119.96,6.0,125.96,0.05,Machinery,46
699061,5895,6039,2019-09-20,3024.58,241.97,3266.55,0.08,Software,12
720243,1506,9963,2019-01-24,497.54,114.43,611.97,0.23,Pharmaceuticals,31
725789,6394,4559,2019-02-09,3699.81,184.99,3884.8,0.05,Clothing,43
301941,5647,8368,2019-11-19,284.93,14.25,299.18,0.05,Food,7
253294,9849,9073,2019-10-31,3585.95,286.88,3872.83,0.08,Clothing,0
469599,3540,6676,2019-09-07,17812.43,1424.99,19237.42,0.08,Office Supplies,45
318486,2156,3236,2019-03-06,16162.43,1292.99,17455.42,0.08,Financial Services,55
518499,6315,5217,2019-01-03,969.49,77.56,1047.05,0.08,Furniture,51
326113,6911,2974,2019-02-28,193.74,9.69,203.43,0.05,Pharmaceuticals,1
397995,1929,9913,2019-04-08,13880.15,3192.43,17072.58,0.23,Clothing,3
676725,4860,8371,2019-12-10,733.36,168.67,902.03,0.23,Construction Materials,42
428821,1055,12345679,2019-09-02,874.99,201.25,1076.24,0.23,Services,39
850069,1151,6820,2019-01-27,16047.68,1283.81,17331.49,0.08,Financial Services,38
876861,8940,4659,2019-07-28,1505.4,120.43,1625.83,0.08,Electronics,2
119099,9357,7458,2019-06-28,9726.8,778.14,10504.94,0.08,Education Services,33
138424,8142,6295,2019-02-05,2909.51,145.48,3054.99,0.05,,14
612504,3020,8902,2019-02-09,10193.17,2344.43,12537.6,0.23,Construction Materials,42
586399,5508,1484,2019-04-07,18918.01,945.9,19863.91,0.05,Construction Materials,60
687657,3730,2939,2019-06-30,509.61,40.77,550.38,0.08,Services,9
367027,6526,4994,2019-04-13,1790.77,89.54,1880.31,0.05,Automotive,10
353573,9820,2329,2019-03-07,968.32,222.71,1191.03,0.23,Education Services,42
659402,7047,8422,2019-11-08,6827.46,546.2,7373.66,0.08,Healthcare Equipment,24
118739,1867,8158,2019-05-30,233.98,53.82,287.8,0.23,Pharmaceuticals,43
409287,3437,4560,2019-01-20,196.19,45.12,241.31,0.23,Clothing,26
389272,9515,5003,2019-04-15,9692.78,775.42,10468.2,0.08,Electronics,49
299149,7878,1311,2019-03-21,482.54,110.98,593.52,0.23,Software,37
313628,8051,2454,2019-04-14,12903.56,2967.82,15871.38,0.23,,2
730346,7350,3543,2019-08-22,16605.58,1328.45,17934.03,0.08,Automotive,56
603402,3300,4986,2019-02-03,137.7,11.02,148.72,0.08,Pharmaceuticals,55
347275,8342,4955,2019-12-24,563.87,45.11,608.98,0.08,Financial Services,10
684084,6274,1938,2019-12-18,14577.94,728.9,15306.84,0.05,Furniture,36
656052,4659,4204,2019-08-19,788.26,63.06,851.32,0.08,,22
489512,9179,5914,2019-09-05,204.54,10.23,214.77,0.05,Electronics,46
993482,2471,9085,2019-11-30,455.07,36.41,491.48,0.08,Pharmaceuticals,2
944764,6904,9971,2019-11-14,2139.02,171.12,2310.14,0.08,Electronics,29
801111,3988,3300,2019-11-18,2854.78,228.38,3083.16,0.08,Education Services,49
624162,2010,2293,2019-02-23,12261.5,980.92,13242.42,0.08,Electronics,49
658341,3657,5263,2019-05-01,1210.83,96.87,1307.7,0.08,Financial Services,46
696777,2819,5156,2019-05-24,1650.73,82.54,1733.27,0.05,Education Services,54
769576,7353,8954,2019-11-01,483.65,111.24,594.89,0.23,Healthcare Equipment,9
954004,8806,4300,2019-01-17,13909.97,1112.8,15022.77,0.08,Machinery,39
623890,3349,7491,2019-08-29,6094.6,487.57,6582.17,0.08,Healthcare Equipment,41
855639,5798,1566,2019-11-22,435.37,34.83,470.2,0.08,Clothing,5
951953,8467,9220,2019-12-23,3684.05,294.72,3978.77,0.08,Software,22
808473,6228,8100,2019-04-16,350.22,17.51,367.73,0.05,Clothing,46
967589,6600,6115,2019-05-07,984.4,49.22,1033.62,0.05,Pharmaceuticals,57
984944,8522,6750,2019-10-13,1020.68,51.03,1071.71,0.05,Electronics,42
824589,2530,7894,2019-08-03,6824.05,545.92,7369.97,0.08,Software,55
861305,2464,8256,2019-08-13,697.6,160.45,858.05,0.23,Automotive,47
527592,5057,2411,2019-02-17,7240.33,579.23,7819.56,0.08,Construction Materials,30
548310,1108,8134,2019-10-22,8508.4,680.67,9189.07,0.08,Pharmaceuticals,34
834955,2155,9347,2019-11-04,17183.17,1374.65,18557.82,0.08,Healthcare Equipment,9
405800,2619,8529,2019-08-29,820.5,65.64,886.14,0.08,Furniture,34
999439,6911,4823,2019-04-22,148.89,11.91,160.8,0.08,Education Services,38
961100,1282,5125,2019-11-09,375.96,86.47,462.43,0.23,Financial Services,35
752218,2664,1082,2019-01-11,261.06,13.05,274.11,0.05,Education Services,54
332971,1836,4955,2019-07-12,7397.8,369.89,7767.69,0.05,Machinery,50
886004,7647,6895,2019-02-14,1411.54,324.65,1736.19,0.23,Office Supplies,56
802358,1484,8806,2019-09-18,591.56,29.58,621.14,0.05,Clothing,9
210896,2030,2199,2019-06-11,4077.55,937.84,5015.39,0.23,Healthcare Equipment,51
541494,3163,2030,2019-11-07,1495.2,74.76,1569.96,0.05,Office Supplies,24
272101,5597,9222,2019-12-08,7431.66,371.58,7803.24,0.05,Services,53
823933,4793,8283,2019-12-20,805.93,64.47,870.4,0.08,Software,16
255874,8615,1055,2019-05-09,6737.39,1549.6,8286.99,0.23,Electronics,2
129402,1381,6594,2019-05-30,649.88,32.49,682.37,0.05,Software,44
460235,6718,6167,2019-06-27,7361.55,368.08,7729.63,0.05,Electronics,51
658709,2360,3738,2019-04-16,595.05,47.6,642.65,0.08,Financial Services,15
448114,8108,2993,2019-10-19,6270.02,1442.1,7712.12,0.23,Clothing,45
198833,8874,2360,2019-04-29,3250.92,747.71,3998.63,0.23,Construction Materials,36
228769,2567,8709,2019-06-09,848.36,195.12,1043.48,0.23,Financial Services,9
645251,2819,7863,2019-01-19,23113.0,1849.04,24962.04,0.08,Services,56
948915,9868,9783,2019-08-28,1836.95,422.5,2259.45,0.23,Furniture,41
382612,6821,3437,2019-03-20,2085.85,479.75,2565.6,0.23,Healthcare Equipment,17
746071,7378,7047,2019-01-13,1129.06,90.32,1219.38,0.08,Construction Materials,35
407978,1381,6398,2019-02-22,1468.51,337.76,1806.27,0.23,Software,0
428484,6789,3125,2019-03-20,485.88,38.87,524.75,0.08,Pharmaceuticals,0
854662,6357,8108,2019-03-20,144.75,33.29,178.04,0.23,Education Services,21
390496,1740,1352,2019-11-18,9357.57,467.88,9825.45,0.05,Healthcare Equipment,55
725004,6238,9939,2019-06-14,23863.22,5488.54,29351.76,0.23,Furniture,45
161940,6078,9598,2019-03-27,696.92,34.85,731.77,0.05,Food,43
609088,5297,3006,2019-12-11,123.42,28.39,151.81,0.23,Clothing,7
517731,7363,7458,2019-06-14,383.69,88.25,471.94,0.23,Education Services,36
949404,5928,7965,2019-09-05,2794.38,223.55,3017.93,0.08,Software,50
963851,1760,3780,2019-11-23,2524.24,580.58,3104.82,0.23,Food,5
321027,5156,2155,2019-04-15,3635.27,836.11,4471.38,0.23,Office Supplies,47
361334,9527,7340,2019-06-28,3073.78,153.69,3227.47,0.05,Pharmaceuticals,58
980025,3331,2747,2019-08-04,12315.33,615.77,12931.1,0.05,Services,27
909415,6698,6107,2019-03-26,4413.83,220.69,4634.52,0.05,Education Services,15
583693,6157,6503,2019-05-10,2203.32,506.76,2710.08,0.23,Automotive,22
975721,1735,3839,2019-05-20,13150.55,657.53,13808.08,0.05,Services,40
148390,1651,5009,2019-05-20,5384.13,269.21,5653.34,0.05,Construction Materials,18
352301,4981,8806,2019-05-13,2450.39,122.52,2572.91,0.05,Healthcare Equipment,5
460551,5069,2953,2019-09-14,5752.66,287.63,6040.29,0.05,Financial Services,17
742243,5050,4179,2019-08-23,1947.33,155.79,2103.12,0.08,Education Services,11
228610,5886,1139,2019-03-21,24238.09,5574.76,29812.85,0.23,Office Supplies,8
742578,7911,6594,2019-12-03,565.85,130.15,696.0,0.23,Financial Services,32
682652,1151,7250,2019-09-23,19668.59,1573.49,21242.08,0.08,Automotive,54
422209,2504,3462,2019-02-21,242.74,55.83,298.57,0.23,Financial Services,45
284094,9567,9326,2019-11-25,4908.87,245.44,5154.31,0.05,Services,48
337388,8419,4841,2019-06-10,603.82,30.19,634.01,0.05,Automotive,13
509975,1108,6463,2019-03-31,239.74,55.14,294.88,0.23,Services,57
614583,7396,1179,2019-11-11,383.44,30.68,414.12,0.08,Electronics,3
119090,8426,5845,2019-03-18,110.68,8.85,119.53,0.08,Automotive,16
354094,7272,6646,2019-09-02,24788.77,1983.1,26771.87,0.08,Food,34
608968,1792,5232,2019-04-06,8674.84,693.99,9368.83,0.08,Education Services,28
143325,7296,5974,2019-12-27,361.48,83.14,444.62,0.23,Education Services,2
864024,4665,5426,2019-04-12,191.58,15.33,206.91,0.08,Construction Materials,10
358450,7279,6275,2019-07-26,498.79,24.94,523.73,0.05,Construction Materials,14
810869,7032,2286,2019-04-01,6845.53,547.64,7393.17,0.08,Pharmaceuticals,34
855597,3144,2683,2019-05-25,250.03,57.51,307.54,0.23,Software,58
355050,5102,6662,2019-02-06,487.21,112.06,599.27,0.23,Machinery,4
323951,7294,3842,2019-03-23,5955.04,297.75,6252.79,0.05,Office Supplies,29
956446,7701,9132,2019-08-05,1431.59,71.58,1503.17,0.05,Office Supplies,41
581890,2009,9412,2019-06-11,634.38,50.75,685.13,0.08,Automotive,45
340210,9686,4443,2019-02-02,23810.23,1904.82,25715.05,0.08,Healthcare Equipment,18
797783,5538,7393,2019-12-10,5253.1,1208.21,6461.31,0.23,Clothing,10
174661,3623,9484,2019-03-05,411.41,20.57,431.98,0.05,Electronics,25
720677,6485,3722,2019-01-12,5342.19,267.11,5609.3,0.05,Software,9
191946,7966,6743,2019-01-30,10368.71,829.5,11198.21,0.08,,34
919478,7279,1970,2019-02-28,6715.14,1544.48,8259.62,0.23,Food,54
976818,2027,5426,2019-11-06,1382.53,69.13,1451.66,0.05,Furniture,16
959047,9390,3215,2019-10-30,9629.89,481.49,10111.38,0.05,Furniture,19
613772,3843,3650,2019-10-30,21326.79,4905.16,26231.95,0.23,Electronics,52
953776,6362,5905,2019-07-02,171.27,13.7,184.97,0.08,Education Services,39
678044,5647,2199,2019-06-20,282.19,14.11,296.3,0.05,Software,16
730507,4866,2819,2019-07-11,2328.35,535.52,2863.87,0.23,Construction Materials,2
238349,6904,3722,2019-04-04,3928.12,196.41,4124.53,0.05,Financial Services,21
916320,3826,5563465064,2019-11-15,566.13,130.21,696.34,0.23,Services,15
737773,7296,4513,2019-09-11,1769.56,88.48,1858.04,0.05,Electronics,59
200903,1422,6990,2019-07-29,333.38,16.67,350.05,0.05,Software,9
331080,8419,2243,2019-10-14,4596.47,367.72,4964.19,0.08,Electronics,48
463010,8143,8134,2019-12-22,3591.9,179.6,3771.5,0.05,Automotive,22
129889,1473,1038,2019-04-01,456.44,36.52,492.96,0.08,Services,2
252630,3296,7811,2019-05-10,909.8,45.49,955.29,0.05,Software,6
729316,8051,4161,2019-02-26,1619.35,129.55,1748.9,0.08,Education Services,38
742357,8548,12345679,2019-09-05,864.8,198.9,1063.7,0.23,Services,53
763901,6361,3750,2019-09-12,1865.46,429.06,2294.52,0.23,Furniture,49
122249,1282,6238,2019-07-31,699.17,160.81,859.98,0.23,Automotive,39
999166,5290,3168,2019-02-23,19001.8,950.09,19951.89,0.05,,39
342490,3510,7659,2019-12-26,676.31,33.82,710.13,0.05,Education Services,13
283884,4513,6718,2019-02-08,3283.78,262.7,3546.48,0.08,Pharmaceuticals,57
458890,5792,1682,2019-10-14,424.93,21.25,446.18,0.05,Construction Materials,15
359294,9368,4860,2019-03-05,3699.89,295.99,3995.88,0.08,Electronics,60
955900,9421,6703,2019-07-17,2530.66,582.05,3112.71,0.23,Education Services,26
524785,4617,9756,2019-08-29,154.68,7.73,162.41,0.05,Financial Services,16
734156,2334,2530,2019-08-28,126.12,29.01,155.13,0.23,Software,4
566506,8909,8256,2019-07-18,6030.95,482.48,6513.43,0.08,Clothing,42
320977,9963,3510,2019-10-23,15074.88,1205.99,16280.87,0.08,Machinery,2
803726,6662,3407,2019-12-26,4274.34,213.72,4488.06,0.05,Automotive,14
690496,8283,3171,2019-12-01,2654.67,610.57,3265.24,0.23,Electronics,50
315840,4355,2043,2019-02-20,2634.87,131.74,2766.61,0.05,Education Services,42
610165,7254,9335,2019-12-08,1767.17,88.36,1855.53,0.05,Services,20
831336,5411,4513,2019-11-12,696.59,160.22,856.81,0.23,Construction Materials,21
899635,8709,5886,2019-02-12,294.04,23.52,317.56,0.08,Automotive,54
370104,7527,6626,2019-10-22,182.82,42.05,224.87,0.23,Education Services,27
146021,4179,6917,2019-05-11,8473.81,1948.98,10422.79,0.23,Clothing,11
490541,7029,9613,2019-10-19,411.91,94.74,506.65,0.23,Food,53
431130,2953,9939,2019-06-19,555.71,127.81,683.52,0.23,Food,51
519264,3722,1682,2019-01-31,582.92,134.07,716.99,0.23,Automotive,43
294109,7360,9467,2019-07-30,556.99,27.85,584.84,0.05,Healthcare Equipment,12
317590,7099,2021,2019-09-17,2772.75,221.82,2994.57,0.08,Automotive,11
203918,8340,5013,2019-10-20,5954.46,297.72,6252.18,0.05,Food,24
812157,3496,1042,2019-01-05,24932.6,1994.61,26927.21,0.08,Healthcare Equipment,24
477680,5647,4868,2019-08-09,1783.26,142.66,1925.92,0.08,,56
220206,5593,1970,2019-12-27,265.97,21.28,287.25,0.08,Services,26
333264,2043,7340,2019-07-09,6164.28,1417.78,7582.06,0.23,Furniture,48
890722,2536,3643,2019-04-10,5291.6,1217.07,6508.67,0.23,Clothing,45
606467,9129,2030,2019-06-25,208.34,16.67,225.01,0.08,Electronics,40
880410,1851,7760,2019-08-07,4496.01,359.68,4855.69,0.08,Automotive,42
481932,1616,5057,2019-10-26,15106.42,755.32,15861.74,0.05,Clothing,47
546286,4340,6517,2019-12-30,8714.69,435.73,9150.42,0.05,Pharmaceuticals,52
790664,8178,8051,2019-08-08,827.32,190.28,1017.6,0.23,Construction Materials,29
807746,2066,9204,2019-06-15,4408.62,1013.98,5422.6,0.23,Financial Services,39
964014,6500,2939,2019-08-16,4108.06,328.64,4436.7,0.08,Services,26
148424,8143,1389,2019-05-04,889.84,71.19,961.03,0.08,Pharmaceuticals,28
397168,8304,2931,2019-12-19,718.5,165.25,883.75,0.23,Automotive,32
118427,4745,1824,2019-07-02,147.46,33.92,181.38,0.23,Pharmaceuticals,46
985565,1740,1888,2019-02-25,354.42,17.72,372.14,0.05,Healthcare Equipment,20
297028,6145,4866,2019-04-25,24858.32,1242.92,26101.24,0.05,Software,10
502073,7647,2286,2019-08-13,335.43,16.77,352.2,0.05,Healthcare Equipment,58
149544,7279,1754,2019-11-23,978.19,224.98,1203.17,0.23,Software,31
981228,5098,9464,2019-05-24,18221.55,1457.72,19679.27,0.08,Services,42
396162,1783,7170,2019-09-22,170.5,39.22,209.72,0.23,Pharmaceuticals,9
112015,1792,4789,2019-12-02,9345.68,467.28,9812.96,0.05,,41
343813,9509,3437,2019-03-21,4533.69,362.7,4896.39,0.08,Food,42
160746,2490,3597,2019-10-24,7352.41,367.62,7720.03,0.05,Machinery,15
562281,6543,7898,2019-01-15,452.99,36.24,489.23,0.08,Pharmaceuticals,46
761023,5290,5254,2019-06-20,627.53,50.2,677.73,0.08,Machinery,21
331526,4663,5507,2019-01-18,6863.73,549.1,7412.83,0.08,Pharmaceuticals,9
527829,4081,2253,2019-06-09,286.89,65.98,352.87,0.23,Office Supplies,44
546128,1180,4745,2019-11-15,3428.37,171.42,3599.79,0.05,Machinery,25
285724,9966,9224,2019-09-18,186.37,14.91,201.28,0.08,Pharmaceuticals,42
857429,2263,12345680,2019-01-15,170.25,39.16,209.41,0.23,Services,36
589429,7421,4185,2019-12-26,261.07,20.89,281.96,0.08,Pharmaceuticals,51
713386,3441,4340,2019-05-19,241.88,12.09,253.97,0.05,Healthcare Equipment,1
871308,2906,3543,2019-09-08,498.23,114.59,612.82,0.23,Automotive,48
753948,9118,6228,2019-02-08,466.35,23.32,489.67,0.05,Electronics,41
571197,1117,8924,2019-12-30,923.4,212.38,1135.78,0.23,Food,49
262961,1651,6211,2019-01-08,8998.9,449.94,9448.84,0.05,Pharmaceuticals,7
958901,7801,8083,2019-03-17,304.53,70.04,374.57,0.23,Software,57
284312,4655,7947,2019-12-06,258.49,20.68,279.17,0.08,Construction Materials,35
841543,4429,3606,2019-07-14,590.04,135.71,725.75,0.23,Education Services,52
466968,2025,7254,2019-03-01,429.98,34.4,464.38,0.08,Services,24
982130,7647,9316,2019-10-15,562.29,44.98,607.27,0.08,,30
908817,9894,5494,2019-11-23,248.96,12.45,261.41,0.05,Automotive,5
718209,5538,1128,2019-07-29,2842.44,653.76,3496.2,0.23,Food,14
808130,9747,8070,2019-06-13,4714.98,235.75,4950.73,0.05,Construction Materials,49
863802,2541,7651,2019-02-17,5854.55,468.36,6322.91,0.08,Furniture,13
541888,3269,3488,2019-09-18,2790.8,139.54,2930.34,0.05,Clothing,0
614757,5937,1082,2019-08-13,2209.26,110.46,2319.72,0.05,Office Supplies,28
964261,3361,8187,2019-09-28,1707.07,85.35,1792.42,0.05,Healthcare Equipment,2
315733,1139,2916,2019-10-15,7891.86,394.59,8286.45,0.05,Pharmaceuticals,34
396554,8674,3808,2019-01-07,5986.24,478.9,6465.14,0.08,Furniture,40
797397,9420,5297,2019-10-05,392.31,19.62,411.93,0.05,Construction Materials,6
212560,5058,1352,2019-03-14,23338.24,1166.91,24505.15,0.05,Healthcare Equipment,45
976344,2504,4204,2019-06-02,4354.42,1001.52,5355.94,0.23,Automotive,39
641762,3657,1872,2019-09-09,311.95,24.96,336.91,0.08,Software,34
411409,2065,8256,2019-01-25,479.58,38.37,517.95,0.08,Electronics,51
658291,7615,7333,2019-06-04,803.04,184.7,987.74,0.23,Software,4
180912,5614,3224,2019-04-07,1492.44,343.26,1835.7,0.23,Automotive,49
562515,7647,2753,2019-08-11,23706.77,5452.56,29159.33,0.23,Software,57
789644,7301,3956,2019-05-23,524.7,120.68,645.38,0.23,Services,43
679881,8368,4892,2019-02-02,749.42,172.37,921.79,0.23,Construction Materials,40
833652,3027,6598,2019-08-23,1585.37,364.64,1950.01,0.23,Furniture,6
279939,6935,9099,2019-04-13,1285.16,295.59,1580.75,0.23,Education Services,39
976031,5544,7952,2019-01-06,846.04,67.68,913.72,0.08,Office Supplies,58
874484,6525,7647,2019-04-10,11199.13,2575.8,13774.93,0.23,Construction Materials,47
991611,5501,9180,2019-01-26,5349.07,267.45,5616.52,0.05,Clothing,11
351247,3441,3284,2019-07-26,5861.8,1348.21,7210.01,0.23,Construction Materials,10
887964,1210,7961,2019-05-29,8163.01,653.04,8816.05,0.08,Office Supplies,6
282706,3516,6168,2019-10-25,317.69,15.88,333.57,0.05,Education Services,41
307853,9756,4170,2019-08-01,121.47,6.07,127.54,0.05,Education Services,17
731162,5034,1210,2019-03-14,591.51,29.58,621.09,0.05,Healthcare Equipment,26
796995,5009,5621,2019-02-17,115.25,26.51,141.76,0.23,Construction Materials,15
984048,5156,1867,2019-08-01,179.62,14.37,193.99,0.08,Education Services,32
819223,8342,4634,2019-08-21,377.54,86.83,464.37,0.23,Food,44
769150,9477,7801,2019-09-16,5596.32,1287.15,6883.47,0.23,Financial Services,56
766298,5803,1682,2019-02-09,141.66,7.08,148.74,0.05,Education Services,59
270537,8158,9308,2019-07-12,475.54,109.37,584.91,0.23,Services,26
984823,7480,2156,2019-12-14,6161.79,1417.21,7579.0,0.23,Pharmaceuticals,59
365585,2108,9042,2019-11-15,296.57,14.83,311.4,0.05,Services,7
563634,2832,2164,2019-01-23,7572.7,1741.72,9314.42,0.23,Pharmaceuticals,46
293794,7840,2374,2019-05-27,19566.99,1565.36,21132.35,0.08,Machinery,16
141853,7911,9204,2019-07-07,5445.29,435.62,5880.91,0.08,Automotive,51
975861,4823,8508,2019-09-28,4780.71,239.04,5019.75,0.05,Food,8
822916,5531,12345679,2019-02-08,1284.86,295.52,1580.38,0.23,Services,30
958524,6456,9879,2019-05-09,9996.44,2299.18,12295.62,0.23,,18
583912,5232,3441,2019-12-01,17871.9,1429.75,19301.65,0.08,Office Supplies,49
307826,9981,3407,2019-05-29,3204.94,160.25,3365.19,0.05,Construction Materials,56
307361,1256,5914,2019-07-04,1462.98,73.15,1536.13,0.05,,6
797609,6917,5076,2019-02-06,4081.73,938.8,5020.53,0.23,Financial Services,60
212056,3269,1506,2019-09-26,6765.18,338.26,7103.44,0.05,Automotive,54
833879,2105,9418,2019-03-28,154.39,35.51,189.9,0.23,Services,23
946875,1888,1304,2019-10-18,5125.09,1178.77,6303.86,0.23,Services,39
444849,5293,8316557,2019-06-15,439.39,101.06,540.45,0.23,Services,32
183596,1457,4162,2019-07-01,337.92,77.72,415.64,0.23,Electronics,25
191199,4119,6362,2019-08-16,503.19,40.26,543.45,0.08,Furniture,9
459771,3543,5786,2019-05-10,188.07,43.26,231.33,0.23,Financial Services,12
771703,6168,1323,2019-12-04,6216.67,310.83,6527.5,0.05,Food,24
565911,1381,6595,2019-07-11,11929.03,954.32,12883.35,0.08,Office Supplies,2
946399,2295,5222,2019-04-10,6798.5,1563.65,8362.15,0.23,Healthcare Equipment,33
754292,7733,4823,2019-08-06,7633.02,610.64,8243.66,0.08,Clothing,35
117137,5694,3286,2019-05-18,3931.63,904.27,4835.9,0.23,Food,15
363605,2579,1389,2019-06-10,115.17,5.76,120.93,0.05,Construction Materials,4
392580,7043,8548,2019-09-04,4355.45,1001.75,5357.2,0.23,Electronics,26
513151,7480,5057,2019-11-18,9563.16,2199.53,11762.69,0.23,Software,59
954077,9941,9654,2019-02-16,21089.68,1687.17,22776.85,0.08,Education Services,9
536458,5529,1755,2019-10-01,6000.18,300.01,6300.19,0.05,Software,45
650105,4443,2664,2019-10-17,3860.56,193.03,4053.59,0.05,Office Supplies,36
313678,3296,9042,2019-08-31,3237.09,744.53,3981.62,0.23,Pharmaceuticals,10
802410,3293,6412,2019-05-27,6070.63,1396.24,7466.87,0.23,Services,48
406944,4723,4245,2019-12-20,7233.22,1663.64,8896.86,0.23,Office Supplies,13
793033,8378,8051,2019-06-05,17350.04,3990.51,21340.55,0.23,Office Supplies,14
889610,5362,5905,2019-01-25,327.49,75.32,402.81,0.23,Office Supplies,58
509390,5156,8460,2019-10-14,19950.05,4588.51,24538.56,0.23,,45
120210,2155,9324,2019-05-13,6614.57,330.73,6945.3,0.05,Services,22
296479,5803,1970,2019-06-17,14747.6,737.38,15484.98,0.05,Construction Materials,18
174793,4668,7340,2019-11-30,20827.78,1666.22,22494.0,0.08,Services,58
803374,9308,1786,2019-05-05,15063.28,3464.55,18527.83,0.23,Healthcare Equipment,22
375761,7753,6584,2019-03-05,18374.08,4226.04,22600.12,0.23,Education Services,19
731564,7421,3516,2019-05-27,8091.11,647.29,8738.4,0.08,Software,48
292556,7297,2048,2019-06-28,118.41,5.92,124.33,0.05,Education Services,26
650916,2530,4981,2019-06-19,241.5,55.55,297.05,0.23,Pharmaceuticals,18
618569,6685,1304,2019-01-16,5992.8,479.42,6472.22,0.08,Construction Materials,38
834732,6535,1851,2019-08-24,542.41,43.39,585.8,0.08,Automotive,0
404827,5544,3650,2019-05-09,13406.94,670.35,14077.29,0.05,Automotive,13
151551,8623,5156,2019-12-29,100.88,8.07,108.95,0.08,Education Services,21
813213,1754,8050,2019-08-25,1114.08,256.24,1370.32,0.23,Electronics,60
593899,7479,9030,2019-05-16,11638.02,2676.74,14314.76,0.23,Machinery,11
115563,3061,2790,2019-07-10,133.95,30.81,164.76,0.23,Automotive,20
878809,2953,5403,2019-04-02,3466.11,173.31,3639.42,0.05,Food,21
807766,8258,7956,2019-07-07,6995.12,559.61,7554.73,0.08,Software,51
444676,3472,6587,2019-06-05,118.34,27.22,145.56,0.23,Automotive,2
630708,5507,7360,2019-08-21,2516.28,578.74,3095.02,0.23,Office Supplies,22
414505,2542,5492,2019-10-31,1552.26,357.02,1909.28,0.23,Software,14
996370,5738,5492,2019-09-16,11851.93,592.6,12444.53,0.05,Pharmaceuticals,4
103666,8529,12345680,2019-12-30,194.94,44.84,239.78,0.23,Services,23
575382,2030,7043,2019-09-01,1633.53,130.68,1764.21,0.08,Healthcare Equipment,34
830310,9418,1377,2019-02-16,3858.45,192.92,4051.37,0.05,Office Supplies,55
930831,3851,1754,2019-12-23,531.03,26.55,557.58,0.05,Food,1
221171,6802,7004,2019-06-03,12174.77,973.98,13148.75,0.08,Furniture,8
619457,8522,2492,2019-05-08,1779.11,142.33,1921.44,0.08,Clothing,9
153317,4994,8083,2019-01-11,440.47,35.24,475.71,0.08,Pharmaceuticals,28
337299,5050,8857,2019-07-03,1710.63,393.44,2104.07,0.23,Services,20
625753,6594,6357,2019-05-28,385.18,30.81,415.99,0.08,Software,44
102820,4642,9444,2019-06-12,1770.95,141.68,1912.63,0.08,Healthcare Equipment,1
169070,5126,4634,2019-10-05,1567.83,125.43,1693.26,0.08,Education Services,51
957420,5529,3826,2019-05-18,201.99,10.1,212.09,0.05,Education Services,9
569054,3365,3393,2019-12-24,1420.89,71.04,1491.93,0.05,Pharmaceuticals,15
793835,9224,5655,2019-09-08,1644.41,378.21,2022.62,0.23,Pharmaceuticals,6
461006,1376,6820,2019-06-21,1319.6,105.57,1425.17,0.08,Automotive,53
339574,6080,4547,2019-06-18,9244.03,462.2,9706.23,0.05,Machinery,12
561403,4831,2043,2019-01-20,1468.58,337.77,1806.35,0.23,Electronics,6
911589,5842,7843,2019-07-22,409.13,32.73,441.86,0.08,Software,31
481163,4183,9971,2019-04-04,224.46,17.96,242.42,0.08,Automotive,32
126464,7245,1895,2019-08-30,3718.86,185.94,3904.8,0.05,Construction Materials,23
600750,3236,7073,2019-10-28,1898.74,436.71,2335.45,0.23,Healthcare Equipment,40
359401,6802,4355,2019-06-04,3052.54,702.08,3754.62,0.23,Education Services,50
628757,4994,8755,2019-03-28,8600.25,1978.06,10578.31,0.23,Furniture,6
788976,2253,7360,2019-05-22,2080.16,478.44,2558.6,0.23,Services,2
429835,3112,7105532515,2019-12-09,459.29,105.64,564.93,0.23,Services,34
562591,2295,5974,2019-07-31,4857.23,1117.16,5974.39,0.23,Construction Materials,20
851454,1059,9579,2019-05-12,598.69,29.93,628.62,0.05,,18
471476,3828,7784,2019-11-09,1302.2,104.18,1406.38,0.08,Construction Materials,0
507016,3472,7848,2019-08-09,447.19,35.78,482.97,0.08,Machinery,1
427648,1714,5803,2019-07-01,4369.82,1005.06,5374.88,0.23,Healthcare Equipment,10
385798,1854,6685,2019-08-03,969.29,77.54,1046.83,0.08,Automotive,13
223523,7733,3540,2019-11-29,2117.44,105.87,2223.31,0.05,Machinery,5
876150,7974,4812,2019-03-01,141.83,11.35,153.18,0.08,Financial Services,58
502469,7992,4119,2019-10-16,4647.25,371.78,5019.03,0.08,Machinery,30
272333,2753,5764,2019-05-13,2533.11,126.66,2659.77,0.05,Furniture,43
262398,8112,3779,2019-07-27,2103.74,483.86,2587.6,0.23,Automotive,13
695807,5340,6594,2019-12-12,990.91,227.91,1218.82,0.23,Healthcare Equipment,7
303502,5886,7878,2019-06-12,1548.15,77.41,1625.56,0.05,Services,2
598933,5196,8556,2019-05-19,17149.7,3944.43,21094.13,0.23,Pharmaceuticals,6
829099,8112,4925,2019-07-27,1726.09,86.3,1812.39,0.05,Financial Services,22
136980,2715,6676,2019-09-13,306.86,15.34,322.2,0.05,Automotive,26
348544,1311,8258,2019-09-03,1787.74,411.18,2198.92,0.23,Construction Materials,31
790523,8178,7954,2019-06-01,16584.25,1326.74,17910.99,0.08,Services,6
844923,2690,2227,2019-10-24,1560.92,359.01,1919.93,0.23,Education Services,9
340775,5905,1685,2019-06-14,315.82,72.64,388.46,0.23,Clothing,52
636655,4570,5544,2019-07-21,966.66,48.33,1014.99,0.05,Machinery,50
356471,2536,4547,2019-05-25,235.42,18.83,254.25,0.08,Electronics,39
202500,6935,1841,2019-09-15,449.6,22.48,472.08,0.05,Pharmaceuticals,1
640780,2790,8944,2019-04-29,22718.65,1817.49,24536.14,0.08,Food,38
647212,7859,8709,2019-04-08,166.59,13.33,179.92,0.08,Automotive,39
326648,8559,2492,2019-07-01,712.41,163.85,876.26,0.23,Services,48
139047,7915,4081,2019-11-30,140.95,11.28,152.23,0.08,Education Services,32
663568,3224,8747,2019-10-24,129.05,10.32,139.37,0.08,Automotive,32
189771,1988,1763,2019-01-18,5699.84,455.99,6155.83,0.08,Office Supplies,26
581879,2553,3020,2019-09-01,769.54,176.99,946.53,0.23,Healthcare Equipment,23
544865,6904,2030,2019-04-23,3012.22,150.61,3162.83,0.05,Furniture,59
305094,8050,2209,2019-04-27,180.98,41.63,222.61,0.23,Healthcare Equipment,31
941895,3224,2021,2019-12-14,11509.27,575.46,12084.73,0.05,Services,46
436026,4505,8481,2019-07-01,24686.32,5677.85,30364.17,0.23,Services,38
651357,4185,8034,2019-12-03,1062.34,84.99,1147.33,0.08,Food,4
434719,7298,7733,2019-08-18,485.37,24.27,509.64,0.05,Pharmaceuticals,1
635772,4276,5282,2019-09-12,16974.96,1358.0,18332.96,0.08,Clothing,10
131730,7170,5065,2019-07-18,3142.6,157.13,3299.73,0.05,Services,33
462242,9814,4081,2019-05-01,1579.37,78.97,1658.34,0.05,Machinery,34
420520,9687,2412,2019-10-17,334.64,16.73,351.37,0.05,Food,44
318335,1059,2383,2019-12-06,354.69,28.38,383.07,0.08,Services,50
593378,3478,3293,2019-07-25,4141.88,207.09,4348.97,0.05,Furniture,31
300215,6626,3203,2019-03-11,109.81,5.49,115.3,0.05,Financial Services,34
750590,3867,9579,2019-04-25,2836.21,141.81,2978.02,0.05,Automotive,34
702430,2955,7099,2019-08-31,10096.04,504.8,10600.84,0.05,Machinery,6
547427,6394,7965,2019-03-31,7542.83,1734.85,9277.68,0.23,Food,23
282163,2492,8426,2019-07-17,228.74,11.44,240.18,0.05,Automotive,19
971881,1512,4460,2019-09-11,114.91,26.43,141.34,0.23,Education Services,37
259644,9451,7396,2019-09-09,594.76,29.74,624.5,0.05,Machinery,41
289123,3006,9966,2019-09-03,231.25,18.5,249.75,0.08,Software,60
318603,9123,2044,2019-07-26,3856.56,192.83,4049.39,0.05,Software,6
757851,1740,3668,2019-05-01,13094.06,3011.63,16105.69,0.23,Automotive,21
476450,3112,6169,2019-01-13,4047.52,323.8,4371.32,0.08,Healthcare Equipment,19
642761,6394,5217,2019-11-03,1102.14,253.49,1355.63,0.23,Automotive,21
391455,3407,7312,2019-01-06,2448.61,195.89,2644.5,0.08,Education Services,55
350799,5520,9894,2019-11-28,340.36,17.02,357.38,0.05,,19
629754,7296,7458,2019-10-26,955.24,47.76,1003.0,0.05,Financial Services,15
612373,3917,8377,2019-08-16,4432.24,1019.42,5451.66,0.23,Construction Materials,0
330083,5297,6039,2019-06-07,769.76,177.04,946.8,0.23,Pharmaceuticals,28
635856,1867,1643,2019-11-12,1880.91,150.47,2031.38,0.08,Automotive,50
241003,3843,12345679,2019-12-08,211.45,48.63,260.08,0.23,Services,8
249791,2131,4689,2019-12-25,6136.27,1411.34,7547.61,0.23,Clothing,45
573025,6176,3108,2019-09-03,11012.87,2532.96,13545.83,0.23,Office Supplies,58
957469,6053,8931,2019-12-30,10992.23,879.38,11871.61,0.08,Healthcare Equipment,58
981202,9585,8801,2019-10-07,2763.44,138.17,2901.61,0.05,Software,32
554260,4354,7737,2019-04-18,9739.1,2239.99,11979.09,0.23,Food,59
161857,1733,1711,2019-05-30,20296.45,1014.82,21311.27,0.05,Financial Services,34
431889,6922,4745,2019-04-01,639.89,51.19,691.08,0.08,,7
625313,5102,9220,2019-02-10,548.18,43.85,592.03,0.08,Healthcare Equipment,33
884511,5200,6412,2019-05-03,2258.92,519.55,2778.47,0.23,Pharmaceuticals,53
144167,2412,2649,2019-12-24,5310.47,265.52,5575.99,0.05,Pharmaceuticals,59
875522,2360,4570,2019-03-03,2926.89,234.15,3161.04,0.08,Software,60
659995,1059,3429,2019-04-27,444.28,22.21,466.49,0.05,Pharmaceuticals,17
741190,6626,6871,2019-10-09,205.24,16.42,221.66,0.08,Education Services,58
637309,6736,1798,2019-04-01,12235.33,611.77,12847.1,0.05,Education Services,7
724497,2078,1867,2019-05-17,8907.57,445.38,9352.95,0.05,Food,17
312018,6525,4928,2019-10-07,283.59,22.69,306.28,0.08,Software,34
739391,2156,2953,2019-02-22,445.88,35.67,481.55,0.08,Automotive,57
975929,9771,1566,2019-07-21,13691.84,1095.35,14787.19,0.08,Healthcare Equipment,58
554237,6362,7120,2019-07-21,4785.61,1100.69,5886.3,0.23,Software,10
844977,9171,7357,2019-04-13,17084.68,854.23,17938.91,0.05,Food,14
851793,3108,3828,2019-12-06,1420.79,113.66,1534.45,0.08,Automotive,26
959290,9874,2009,2019-02-01,7807.64,390.38,8198.02,0.05,Furniture,22
270819,1160,1986,2019-01-26,951.71,218.89,1170.6,0.23,Financial Services,49
915289,3419,1457,2019-09-12,22554.02,1127.7,23681.72,0.05,Education Services,16
314500,8472,9686,2019-01-17,8823.72,441.19,9264.91,0.05,Electronics,31
831363,9290,6698,2019-09-16,914.86,45.74,960.6,0.05,Electronics,56
420709,9096,9477,2019-05-31,15073.74,1205.9,16279.64,0.08,Food,21
741120,6820,6558,2019-04-03,3946.6,197.33,4143.93,0.05,Clothing,18
414878,9206,7258,2019-10-22,963.35,221.57,1184.92,0.23,Machinery,47
883653,5735,5297,2019-09-28,20715.11,1657.21,22372.32,0.08,Furniture,10
762629,1688,9060,2019-01-27,4478.04,1029.95,5507.99,0.23,Machinery,1
370310,8909,1792,2019-01-28,228.34,52.52,280.86,0.23,Electronics,16
774625,1211,3168,2019-09-26,4912.42,392.99,5305.41,0.08,Furniture,43
547809,1740,1473,2019-08-19,263.26,13.16,276.42,0.05,Food,4
772037,4560,8919,2019-04-06,297.32,14.87,312.19,0.05,Services,40
406266,3606,2968,2019-01-20,12043.45,602.17,12645.62,0.05,Healthcare Equipment,26
211852,8873,2199,2019-05-16,3242.76,745.83,3988.59,0.23,Healthcare Equipment,36
692252,5980,4179,2019-05-16,7568.47,605.48,8173.95,0.08,Electronics,18
263073,1284,9308,2019-05-10,573.7,45.9,619.6,0.08,Software,1
608910,5209,3828,2019-06-14,14523.03,3340.3,17863.33,0.23,Construction Materials,52
134961,2747,8187,2019-06-05,3068.08,705.66,3773.74,0.23,,34
405531,9204,3543,2019-03-20,1575.83,78.79,1654.62,0.05,Electronics,0
279738,3331,7305,2019-10-03,885.07,203.57,1088.64,0.23,,33
858180,2379,1377,2019-10-26,4386.84,1008.97,5395.81,0.23,Furniture,37
107800,4313,1267,2019-11-23,365.6,84.09,449.69,0.23,Healthcare Equipment,32
110810,1377,3564,2019-01-25,186.18,14.89,201.07,0.08,Clothing,30
401526,7878,2164,2019-03-26,2849.77,142.49,2992.26,0.05,Clothing,30
697942,8383,9123,2019-08-14,294.84,67.81,362.65,0.23,Office Supplies,27
349640,6163,9941,2019-12-21,3550.26,177.51,3727.77,0.05,Pharmaceuticals,47
301814,2412,4892,2019-03-29,441.33,22.07,463.4,0.05,Office Supplies,54
751255,9783,8051,2019-07-17,9146.64,457.33,9603.97,0.05,Healthcare Equipment,30
276642,9194,3215,2019-10-14,1306.97,65.35,1372.32,0.05,Financial Services,7
347507,8556,8488,2019-04-19,2636.27,606.34,3242.61,0.23,Education Services,11
539950,4646,8431,2019-09-07,334.09,16.7,350.79,0.05,Food,1
710461,3429,3502,2019-07-11,17858.21,1428.66,19286.87,0.08,Services,36
761241,9255,4460,2019-01-14,171.2,8.56,179.76,0.05,Pharmaceuticals,12
140762,9988,2243,2019-03-12,448.84,103.23,552.07,0.23,,53
439760,5974,9687,2019-01-17,8141.79,407.09,8548.88,0.05,Healthcare Equipment,49
671743,7030,3496,2019-02-21,166.58,38.31,204.89,0.23,Machinery,7
806231,2379,9220,2019-05-12,3915.64,900.6,4816.24,0.23,Automotive,36
197294,1841,7047,2019-01-21,14981.04,1198.48,16179.52,0.08,Machinery,22
718520,7378,4595,2019-02-21,12216.69,2809.84,15026.53,0.23,Electronics,5
607725,3300,2664,2019-12-09,5701.11,456.09,6157.2,0.08,,29
241358,9820,8431,2019-01-03,1304.35,104.35,1408.7,0.08,Healthcare Equipment,5
887047,7531,7992,2019-03-26,20971.24,4823.39,25794.63,0.23,Software,57
645806,5455,2328,2019-03-06,9275.62,2133.39,11409.01,0.23,Software,48
770541,5508,5402,2019-06-17,184.21,14.74,198.95,0.08,Healthcare Equipment,17
162863,6789,2931,2019-08-29,17342.12,3988.69,21330.81,0.23,Food,44
357348,6558,6895,2019-06-02,5052.35,404.19,5456.54,0.08,Financial Services,2
756136,8874,7951,2019-12-02,347.73,79.98,427.71,0.23,Healthcare Equipment,31
835104,4674,1180,2019-04-06,3461.51,173.08,3634.59,0.05,Pharmaceuticals,37
546408,1319,9290,2019-01-10,13499.54,1079.96,14579.5,0.08,Pharmaceuticals,6
865406,9259,2286,2019-04-08,7058.95,352.95,7411.9,0.05,Healthcare Equipment,24
339220,2043,9185,2019-05-14,117.74,9.42,127.16,0.08,Pharmaceuticals,9
250149,1389,8467,2019-11-01,3591.56,179.58,3771.14,0.05,Pharmaceuticals,51
342208,3203,2409,2019-04-12,16620.66,831.03,17451.69,0.05,Automotive,55
269469,4652,1210,2019-12-22,4810.16,1106.34,5916.5,0.23,Food,11
937282,7843,6895,2019-12-01,1743.2,87.16,1830.36,0.05,Education Services,9
295765,1211,7491,2019-05-30,3485.4,174.27,3659.67,0.05,Automotive,60
754121,6064,4737,2019-12-02,8955.57,2059.78,11015.35,0.23,Automotive,38
251088,3826,9418,2019-07-19,222.31,11.12,233.43,0.05,Education Services,30
197399,7030,6500,2019-12-01,439.67,21.98,461.65,0.05,Healthcare Equipment,8
393592,9674,8256,2019-01-14,9756.76,2244.05,12000.81,0.23,Healthcare Equipment,0
199623,5065,9115,2019-06-12,303.76,15.19,318.95,0.05,Machinery,2
875549,3564,5914,2019-03-12,815.18,187.49,1002.67,0.23,Software,59
861712,8615,2108,2019-06-05,2671.97,133.6,2805.57,0.05,Electronics,15
598445,5507,5800,2019-12-20,350.15,80.53,430.68,0.23,Machinery,60
782187,1826,7954,2019-12-04,525.0,42.0,567.0,0.08,Software,0
681632,9030,5076,2019-03-29,4153.56,955.32,5108.88,0.23,Services,16
962081,3284,6327,2019-11-17,18434.97,4240.04,22675.01,0.23,,55
455538,3247,2412,2019-04-09,5146.63,411.73,5558.36,0.08,Clothing,52
798278,4313,2227,2019-06-30,151.87,7.59,159.46,0.05,Machinery,54
372971,7915,7878,2019-06-14,24342.07,1217.1,25559.17,0.05,Clothing,37
547936,1180,2412,2019-08-04,2981.35,149.07,3130.42,0.05,Pharmaceuticals,36
501548,5501,5553,2019-11-17,9994.92,2298.83,12293.75,0.23,Healthcare Equipment,46
478267,1643,4880,2019-08-27,6760.02,338.0,7098.02,0.05,Construction Materials,45
473007,7250,3251,2019-11-06,274.29,21.94,296.23,0.08,Education Services,49
236448,4737,4663,2019-11-23,3551.64,284.13,3835.77,0.08,Machinery,33
707545,7848,6525,2019-04-11,15090.74,3470.87,18561.61,0.23,Financial Services,38
918144,4340,4049,2019-05-04,8307.83,664.63,8972.46,0.08,Pharmaceuticals,2
706104,9292,8094,2019-08-20,21878.16,5031.98,26910.14,0.23,Food,6
507559,1512,4661,2019-04-19,153.74,12.3,166.04,0.08,Automotive,0
250616,5293,3510,2019-12-29,13145.9,1051.67,14197.57,0.08,Electronics,22
865185,8522,7382,2019-07-16,6028.61,301.43,6330.04,0.05,Clothing,15
257674,4925,1044,2019-02-10,3301.57,165.08,3466.65,0.05,Furniture,24
707259,4327,9390,2019-07-19,127.97,29.43,157.4,0.23,,28
616992,3809,3657,2019-03-07,3625.95,181.3,3807.25,0.05,Automotive,54
790267,4745,7952,2019-11-21,439.43,35.15,474.58,0.08,Automotive,49
201281,4665,1475,2019-12-29,1649.73,131.98,1781.71,0.08,Healthcare Equipment,12
670334,9560,7951,2019-02-09,5080.64,254.03,5334.67,0.05,Office Supplies,10
507593,2554,5156,2019-03-13,13635.65,1090.85,14726.5,0.08,Clothing,60
342149,3666,5520,2019-02-26,4184.12,962.35,5146.47,0.23,Clothing,11
113549,5853,3437,2019-05-09,402.57,32.21,434.78,0.08,Financial Services,21
748596,1791,2131,2019-06-21,3752.2,863.01,4615.21,0.23,Clothing,1
165870,4823,5501,2019-06-17,9254.36,740.35,9994.71,0.08,Automotive,48
267602,8034,2378,2019-02-02,300.7,24.06,324.76,0.08,Electronics,26
809514,2567,3203,2019-12-30,8748.15,699.85,9448.0,0.08,Pharmaceuticals,51
635226,5102,6662,2019-02-22,832.88,191.56,1024.44,0.23,Software,22
362549,8556,12345680,2019-07-29,991.94,228.15,1220.09,0.23,Services,43
734848,9988,7843,2019-02-12,735.75,169.22,904.97,0.23,Clothing,27
746740,2819,9820,2019-04-20,195.65,45.0,240.65,0.23,Education Services,20
519035,7605,2553,2019-01-16,277.14,63.74,340.88,0.23,Clothing,32
108188,2066,5803,2019-01-13,183.15,42.12,225.27,0.23,Services,45
199041,2446,8508,2019-02-15,2870.74,660.27,3531.01,0.23,Education Services,57
611803,7801,2157,2019-08-23,376.21,18.81,395.02,0.05,Software,57
536811,5831,9418,2019-08-22,584.69,134.48,719.17,0.23,Machinery,45
526516,8508,9849,2019-07-02,1174.58,270.15,1444.73,0.23,Healthcare Equipment,20
378984,6390,6919,2019-06-05,1635.94,130.88,1766.82,0.08,Pharmaceuticals,21
984906,4136,9812,2019-04-04,652.28,32.61,684.89,0.05,Furniture,37
194510,2542,4652,2019-12-06,597.89,47.83,645.72,0.08,Machinery,52
245716,5222,1446,2019-03-14,567.98,130.64,698.62,0.23,Office Supplies,38
537579,9515,6188,2019-12-09,3361.07,168.05,3529.12,0.05,Software,38
587094,5126,5501,2019-03-30,19519.36,1561.55,21080.91,0.08,Software,34
492593,8152,4533,2019-03-18,289.37,66.56,355.93,0.23,Furniture,51
300444,7117,4357,2019-01-02,3131.65,720.28,3851.93,0.23,Machinery,60
824022,9308,8378,2019-07-13,169.59,8.48,178.07,0.05,Services,16
231171,4355,9963,2019-07-23,2588.88,207.11,2795.99,0.08,Food,31
928759,7032,6428,2019-11-12,5132.37,256.62,5388.99,0.05,,58
389500,2753,5013,2019-07-16,255.72,58.82,314.54,0.23,Construction Materials,35
290892,6422,3738,2019-09-04,455.89,36.47,492.36,0.08,Pharmaceuticals,32
705591,3808,9259,2019-03-11,403.12,92.72,495.84,0.23,Pharmaceuticals,13
550389,3510,6517,2019-11-17,302.64,15.13,317.77,0.05,Machinery,26
477002,9621,7659,2019-03-13,5052.43,1162.06,6214.49,0.23,Education Services,4
498719,1853,4245,2019-11-10,159.95,12.8,172.75,0.08,Electronics,44
314422,5203,4745,2019-10-18,9250.95,462.55,9713.5,0.05,Software,21
578184,1888,2753,2019-09-22,1201.27,60.06,1261.33,0.05,Construction Materials,25
870048,3548,1256,2019-12-22,226.16,18.09,244.25,0.08,Pharmaceuticals,55
868904,1185,1736,2019-12-12,123.15,28.32,151.47,0.23,,43
668687,1895,8868681,2019-05-09,860.72,197.97,1058.69,0.23,Services,47
870715,2635,1643,2019-06-30,23037.39,1151.87,24189.26,0.05,Financial Services,29
502259,1188,5803,2019-02-01,2888.08,144.4,3032.48,0.05,,11
677285,8785,7301,2019-12-18,212.02,10.6,222.62,0.05,Education Services,57
544570,1685,2683,2019-07-26,1253.22,100.26,1353.48,0.08,Food,49
706375,3061,8441,2019-04-01,7571.89,1741.53,9313.42,0.23,Machinery,14
905907,5290,7117,2019-02-23,8705.09,435.25,9140.34,0.05,Financial Services,23
292035,1473,3548,2019-01-26,1609.8,80.49,1690.29,0.05,Clothing,5
395360,5842,7915,2019-09-10,3542.29,814.73,4357.02,0.23,Food,27
183650,9654,8134,2019-04-28,4503.88,360.31,4864.19,0.08,Pharmaceuticals,19
977820,2311,2326,2019-07-20,325.18,16.26,341.44,0.05,Office Supplies,11
264877,3024,2529,2019-02-06,1132.9,90.63,1223.53,0.08,Furniture,19
564978,7396,3338,2019-11-25,2533.33,582.67,3116.0,0.23,Furniture,37
473294,1377,6485,2019-07-30,16836.05,841.8,17677.85,0.05,Education Services,52
777085,8371,2311,2019-11-22,139.95,7.0,146.95,0.05,Office Supplies,55
466608,4541,3126,2019-11-26,910.31,209.37,1119.68,0.23,Office Supplies,46
243299,7029,7392,2019-12-26,1101.45,253.33,1354.78,0.23,Automotive,30
545386,6115,5597,2019-10-14,139.87,32.17,172.04,0.23,Clothing,9
753233,6106,9048,2019-04-08,4777.17,1098.75,5875.92,0.23,Automotive,8
161909,6904,5261,2019-05-22,255.17,20.41,275.58,0.08,Office Supplies,1
265681,3378,6743,2019-11-23,150.29,12.02,162.31,0.08,Office Supplies,44
516409,5316,1624,2019-11-02,720.55,165.73,886.28,0.23,Food,60
401359,9703,7247,2019-10-14,913.15,210.02,1123.17,0.23,Software,49
450706,7695,3488,2019-05-28,205.25,16.42,221.67,0.08,Furniture,28
573722,2747,4049,2019-10-24,4125.12,206.26,4331.38,0.05,Machinery,14
315817,8452,3378,2019-12-04,3415.19,785.49,4200.68,0.23,Construction Materials,41
231282,4429,6163,2019-11-11,497.37,114.4,611.77,0.23,Software,51
756355,3727,1986,2019-02-18,648.55,51.88,700.43,0.08,Services,60
322799,2120,3808,2019-03-10,16973.34,3903.87,20877.21,0.23,Services,15
585430,8152,6357,2019-06-30,1016.2,233.73,1249.93,0.23,Financial Services,49
389000,1688,9939,2019-07-19,554.96,44.4,599.36,0.08,Services,7
763290,9814,6300,2019-11-26,144.67,11.57,156.24,0.08,Automotive,47
962508,3666,8070,2019-12-13,16548.34,1323.87,17872.21,0.08,Automotive,5
514201,7029,1108,2019-04-13,11982.64,958.61,12941.25,0.08,Software,20
457550,9674,2383,2019-02-27,17036.31,851.82,17888.13,0.05,Machinery,21
452058,5050,3643,2019-07-15,16867.36,843.37,17710.73,0.05,Pharmaceuticals,15
574422,8134,9686,2019-11-23,677.04,155.72,832.76,0.23,Electronics,50
865874,2021,2529,2019-11-01,1170.32,269.17,1439.49,0.23,Education Services,20
832948,1128,3061,2019-04-21,10850.64,542.53,11393.17,0.05,Machinery,19
560818,3437,5102,2019-05-04,562.69,28.13,590.82,0.05,Healthcare Equipment,11
784913,5928,4880,2019-06-10,5212.55,1198.89,6411.44,0.23,Automotive,5
690926,1888,6917,2019-09-07,8959.53,2060.69,11020.22,0.23,Pharmaceuticals,48
440407,2187,3296,2019-07-06,8062.74,645.02,8707.76,0.08,Clothing,30
249100,2116,9255,2019-10-11,5610.21,448.82,6059.03,0.08,Services,24
282540,3437,5501,2019-11-03,6959.02,556.72,7515.74,0.08,Furniture,34
430340,4568,6594,2019-01-29,2447.92,122.4,2570.32,0.05,Furniture,45
106950,1733,1185,2019-04-23,372.06,85.57,457.63,0.23,Healthcare Equipment,15
393210,8270,7378,2019-11-21,2511.67,125.58,2637.25,0.05,Electronics,53
512857,7053,1038,2019-02-27,289.33,23.15,312.48,0.08,Services,8
541867,7254,8931,2019-05-25,3912.63,195.63,4108.26,0.05,Software,48
558526,3964,5918,2019-06-29,2208.64,176.69,2385.33,0.08,Furniture,41
178471,8304,5478,2019-05-14,2421.52,121.08,2542.6,0.05,Pharmaceuticals,5
795097,4081,2176,2019-03-30,198.25,45.6,243.85,0.23,Furniture,5
199114,7848,2187,2019-05-24,194.03,9.7,203.73,0.05,Services,23
229126,9803,4823,2019-02-24,600.83,138.19,739.02,0.23,Healthcare Equipment,43
951680,6161,8747,2019-08-11,5527.43,276.37,5803.8,0.05,Financial Services,56
627619,9988,6871,2019-10-28,6531.79,326.59,6858.38,0.05,Software,55
915275,2025,8431,2019-11-21,5639.16,1297.01,6936.17,0.23,Machinery,20
955345,6634,7863,2019-06-12,17673.82,883.69,18557.51,0.05,,46
895481,3779,9198,2019-07-24,19896.18,4576.12,24472.3,0.23,Financial Services,42
494313,9316,9158,2019-05-14,4194.93,964.83,5159.76,0.23,Office Supplies,45
776643,3407,6485,2019-02-22,22343.96,1117.2,23461.16,0.05,Software,58
920283,9444,7032,2019-09-02,184.33,14.75,199.08,0.08,Furniture,27
727435,8143,3334,2019-04-01,327.29,75.28,402.57,0.23,Construction Materials,57
327691,2374,9096,2019-08-09,4518.9,1039.35,5558.25,0.23,Food,26
883007,4719,9290,2019-11-10,895.26,205.91,1101.17,0.23,Clothing,30
554854,5597,7700,2019-08-30,4338.34,347.07,4685.41,0.08,Automotive,10
175652,2465,3668,2019-05-30,23116.76,1849.34,24966.1,0.08,Food,39
722868,4642,7254,2019-03-27,6798.19,339.91,7138.1,0.05,Furniture,25
784502,1352,6300,2019-07-27,626.02,50.08,676.1,0.08,Education Services,20
442116,1938,5362,2019-12-05,273.8,13.69,287.49,0.05,Electronics,29
716552,7008,3407,2019-09-28,312.5,25.0,337.5,0.08,,14
418668,5003,2771,2019-09-24,3133.97,720.81,3854.78,0.23,Software,57
308115,1038,6277,2019-12-06,939.73,216.14,1155.87,0.23,Pharmaceuticals,37
599959,9515,5455,2019-10-22,3239.51,745.09,3984.6,0.23,Pharmaceuticals,35
761265,4443,6871,2019-04-01,893.34,71.47,964.81,0.08,Software,47
573267,8426,9812,2019-09-12,12559.32,627.97,13187.29,0.05,Healthcare Equipment,54
297787,9686,6895,2019-11-15,4892.17,391.37,5283.54,0.08,Automotive,28
687930,1970,9966,2019-07-07,312.54,25.0,337.54,0.08,Office Supplies,30
977077,6990,9560,2019-03-30,1545.35,77.27,1622.62,0.05,Services,23
472376,7395,5886,2019-03-11,200.15,10.01,210.16,0.05,Food,50
885277,4753,3469,2019-09-20,842.33,42.12,884.45,0.05,Office Supplies,11
180963,7231,7030,2019-08-13,782.77,39.14,821.91,0.05,Services,25
515695,7652,8623,2019-04-18,151.38,34.82,186.2,0.23,Furniture,24
502808,4738,6698,2019-05-25,764.78,61.18,825.96,0.08,Pharmaceuticals,19
734611,7357,2070,2019-10-02,476.89,109.68,586.57,0.23,Automotive,55
134286,8909,2542,2019-10-23,1598.15,79.91,1678.06,0.05,Furniture,5
525144,5735,3828,2019-11-20,605.29,139.22,744.51,0.23,Machinery,45
254821,5593,2649,2019-11-10,7191.94,575.36,7767.3,0.08,Furniture,47
822373,2311,3738,2019-08-02,1152.12,264.99,1417.11,0.23,Furniture,28
464096,9482,3650,2019-03-05,475.66,109.4,585.06,0.23,Office Supplies,12
599373,2164,7396,2019-06-26,2180.15,501.43,2681.58,0.23,Services,28
495310,3643,4230,2019-03-27,7254.06,1668.43,8922.49,0.23,Healthcare Equipment,59
351620,6296,8755,2019-06-11,159.21,7.96,167.17,0.05,Clothing,20
977034,2530,7326,2019-08-17,1060.27,243.86,1304.13,0.23,Food,17
466282,9335,9674,2019-01-27,282.15,14.11,296.26,0.05,,17
362602,5918,6542,2019-11-14,293.04,23.44,316.48,0.08,Healthcare Equipment,44
332428,5531,6275,2019-05-22,1821.57,145.73,1967.3,0.08,Education Services,23
556742,9814,4735,2019-07-11,112.28,5.61,117.89,0.05,Clothing,41
389660,6078,7814,2019-07-10,2864.08,658.74,3522.82,0.23,Machinery,54
131633,3720,9579,2019-09-04,261.51,13.08,274.59,0.05,,52
195271,5800,2293,2019-10-17,8427.48,421.37,8848.85,0.05,Services,59
915952,6176,5764,2019-12-26,301.01,69.23,370.24,0.23,Education Services,19
435008,5232,7956,2019-04-19,12661.33,633.07,13294.4,0.05,Healthcare Equipment,18
225340,7099,2649,2019-12-25,2352.13,188.17,2540.3,0.08,Machinery,60
729197,6139,6315,2019-08-02,2965.96,148.3,3114.26,0.05,Healthcare Equipment,26
278572,7305,3420,2019-01-05,16442.48,1315.4,17757.88,0.08,Software,6
183437,3738,8887,2019-06-08,893.81,205.58,1099.39,0.23,Software,45
254960,7762,8441,2019-03-16,3355.97,167.8,3523.77,0.05,Clothing,31
765827,1867,6277,2019-05-17,21100.09,1688.01,22788.1,0.08,Construction Materials,36
355516,2070,3643,2019-05-03,870.73,69.66,940.39,0.08,Pharmaceuticals,27
561696,6428,2327,2019-03-07,425.69,21.28,446.97,0.05,Services,11
786876,7651,3717,2019-04-14,565.5,45.24,610.74,0.08,Financial Services,14
260548,6295,8874,2019-10-07,23772.35,1901.79,25674.14,0.08,Software,39
452154,5034,4738,2019-03-16,907.37,72.59,979.96,0.08,Electronics,49
546371,6485,6296,2019-05-08,5142.78,1182.84,6325.62,0.23,Software,11
927499,4357,5560,2019-12-18,6141.49,491.32,6632.81,0.08,Pharmaceuticals,52
183373,6676,7396,2019-02-04,7968.83,1832.83,9801.66,0.23,Clothing,39
463908,3988,4738,2019-08-25,881.11,202.66,1083.77,0.23,Pharmaceuticals,59
809620,3606,5455,2019-07-20,589.35,135.55,724.9,0.23,Office Supplies,28
702407,3181,6510,2019-01-12,12776.72,638.84,13415.56,0.05,Automotive,36
830850,6211,3199,2019-05-18,123.38,9.87,133.25,0.08,,27
674516,5076,5531,2019-08-17,4745.94,237.3,4983.24,0.05,Automotive,23
345659,9822,3606,2019-11-25,1823.53,145.88,1969.41,0.08,Healthcare Equipment,53
827287,5814,6361,2019-11-08,216.77,10.84,227.61,0.05,Healthcare Equipment,50
635656,9484,9963,2019-04-29,4630.49,231.52,4862.01,0.05,Education Services,28
229415,8366,5593,2019-08-20,186.3,9.32,195.62,0.05,Pharmaceuticals,16
384666,4663,5853,2019-06-20,7191.38,1654.02,8845.4,0.23,Construction Materials,48
671994,2009,2263,2019-05-22,11766.14,941.29,12707.43,0.08,,38
926412,7857,1791,2019-05-27,10760.27,2474.86,13235.13,0.23,Furniture,18
173509,8436,5553,2019-05-20,913.54,45.68,959.22,0.05,Automotive,9
535836,7701,8851,2019-12-20,4351.11,217.56,4568.67,0.05,Automotive,8
731895,9519,6064,2019-06-20,935.21,215.1,1150.31,0.23,Food,6
937710,7382,8270,2019-12-02,862.65,43.13,905.78,0.05,Electronics,32
211006,3215,12345680,2019-03-28,410.42,94.4,504.82,0.23,Services,26
468284,2030,1735,2019-02-08,119.94,6.0,125.94,0.05,Office Supplies,38
274467,9990,7992,2019-12-31,1807.05,415.62,2222.67,0.23,Education Services,5
958453,4661,6750,2019-10-20,857.31,68.58,925.89,0.08,Financial Services,13
902249,4505,4789,2019-02-08,7226.24,361.31,7587.55,0.05,Services,42
913887,9542,4313,2019-12-23,1272.37,292.65,1565.02,0.23,Furniture,7
167580,6600,3284,2019-05-07,203.27,10.16,213.43,0.05,Pharmaceuticals,17
197656,5611,2567,2019-06-01,9069.46,2085.98,11155.44,0.23,Electronics,20
385508,3828,6600,2019-05-21,138.69,11.1,149.79,0.08,Electronics,60
388397,2318,6296,2019-04-26,546.85,27.34,574.19,0.05,Electronics,55
752211,7961,4460,2019-12-10,103.51,23.81,127.32,0.23,Education Services,30
781810,9347,5290,2019-10-12,446.89,35.75,482.64,0.08,Food,29
257118,2771,8855,2019-07-05,315.93,25.27,341.2,0.08,Healthcare Equipment,11
556384,3199,6483,2019-12-31,1041.69,52.08,1093.77,0.05,Financial Services,8
730033,3964,7363,2019-04-11,3169.63,158.48,3328.11,0.05,Education Services,7
985022,3300,1624,2019-08-13,223.09,51.31,274.4,0.23,Food,7
884446,7801,5918,2019-05-11,984.61,78.77,1063.38,0.08,Services,2
910518,3236,6168,2019-09-24,1414.54,113.16,1527.7,0.08,Healthcare Equipment,49
671752,9565,3437,2019-06-04,103.72,5.19,108.91,0.05,Machinery,12
972896,1117,9324,2019-01-26,2289.83,526.66,2816.49,0.23,Services,43
671232,5061,5614,2019-08-10,18240.45,1459.24,19699.69,0.08,Electronics,27
618044,7053,5402,2019-11-07,220.22,11.01,231.23,0.05,Software,44
859310,9420,3338,2019-12-03,123.76,9.9,133.66,0.08,Pharmaceuticals,22
564246,7491,1356,2019-04-14,356.26,28.5,384.76,0.08,Electronics,39
834198,3462,5034,2019-04-23,8916.08,445.8,9361.88,0.05,Electronics,17
616806,6463,3152,2019-06-19,222.62,17.81,240.43,0.08,Education Services,38
466420,4018,8500,2019-06-09,19969.23,4592.92,24562.15,0.23,Healthcare Equipment,1
947931,2374,7666,2019-04-14,784.07,39.2,823.27,0.05,Software,32
585942,9565,4659,2019-11-07,8397.5,1931.43,10328.93,0.23,Software,57
652139,1780,2328,2019-02-16,572.35,131.64,703.99,0.23,Automotive,41
404018,7073,3582,2019-07-10,124.57,6.23,130.8,0.05,Financial Services,15
941341,3738,8556,2019-10-02,124.21,9.94,134.15,0.08,Furniture,40
728175,8094,2955,2019-07-15,412.94,20.65,433.59,0.05,Pharmaceuticals,59
586210,6506,6736,2019-03-16,533.57,42.69,576.26,0.08,Financial Services,27
618492,8872,3024,2019-06-01,4018.62,321.49,4340.11,0.08,Automotive,27
680844,3027,5500,2019-08-17,872.81,69.82,942.63,0.08,Electronics,53
428295,2243,5785,2019-02-26,4194.48,964.73,5159.21,0.23,Software,13
275201,5842,2187,2019-02-24,303.98,69.92,373.9,0.23,Machinery,54
757710,7878,2027,2019-05-25,2029.67,162.37,2192.04,0.08,Furniture,41
444567,4354,9868,2019-06-03,2763.36,635.57,3398.93,0.23,Machinery,27
650194,2423,1792,2019-02-02,10160.08,2336.82,12496.9,0.23,Electronics,51
692868,2974,1841,2019-03-30,5037.17,1158.55,6195.72,0.23,Automotive,55
594395,1352,3136,2019-01-29,15605.28,3589.21,19194.49,0.23,Furniture,50
196190,4793,2619,2019-03-30,520.49,119.71,640.2,0.23,Services,33
179321,1456,4541,2019-06-30,3578.49,178.92,3757.41,0.05,Automotive,14
858255,3361,1475,2019-10-16,2739.59,136.98,2876.57,0.05,Machinery,55
946477,3407,4317,2019-12-17,220.23,17.62,237.85,0.08,Education Services,2
127634,9569,3108,2019-12-15,6263.75,313.19,6576.94,0.05,Pharmaceuticals,56
931159,7952,8851,2019-08-18,5193.36,259.67,5453.03,0.05,Machinery,59
753804,7047,9316,2019-04-30,499.67,24.98,524.65,0.05,Financial Services,49
451616,7811,3842,2019-06-17,733.03,58.64,791.67,0.08,Pharmaceuticals,52
451615,7382,7956,2019-05-12,3131.35,720.21,3851.56,0.23,Food,31
430063,6626,5402,2019-01-02,485.84,111.74,597.58,0.23,Machinery,39
942368,3108,1929,2019-02-08,137.63,6.88,144.51,0.05,Machinery,22
325533,7297,2187,2019-08-18,387.73,19.39,407.12,0.05,Software,30
820651,9735,8944,2019-06-30,8482.17,678.57,9160.74,0.08,Machinery,22
710379,1970,9803,2019-05-22,227.35,52.29,279.64,0.23,Construction Materials,9
510251,6500,4204,2019-12-17,870.52,43.53,914.05,0.05,Healthcare Equipment,39
438756,4745,9307,2019-07-24,8562.73,685.02,9247.75,0.08,Food,57
640163,7294,9085,2019-08-09,485.67,24.28,509.95,0.05,Pharmaceuticals,41
798815,2010,2464,2019-09-18,444.98,22.25,467.23,0.05,Healthcare Equipment,0
446774,6483,8178,2019-08-18,149.45,7.47,156.92,0.05,Construction Materials,48
666664,1323,8426,2019-02-05,262.68,60.42,323.1,0.23,Financial Services,36
610057,1651,7848,2019-01-11,214.25,49.28,263.53,0.23,Furniture,8
746589,7531,7333,2019-02-26,13346.48,667.32,14013.8,0.05,Pharmaceuticals,25
112043,7353,2066,2019-06-20,11461.31,573.07,12034.38,0.05,Services,27
264498,1389,9731,2019-10-13,1053.98,242.42,1296.4,0.23,Education Services,59
528518,1185,6169,2019-01-08,1238.39,61.92,1300.31,0.05,Clothing,48
759698,6390,12345679,2019-10-29,374.85,86.22,461.07,0.23,Services,13
370910,1786,9988,2019-11-04,11282.88,564.14,11847.02,0.05,Machinery,57
697721,7880,8864,2019-04-09,125.1,10.01,135.11,0.08,Office Supplies,46
327656,5362,1151,2019-12-09,252.14,57.99,310.13,0.23,Electronics,6
975882,8460,9709,2019-08-07,1581.2,79.06,1660.26,0.05,Software,54
865987,4300,1760,2019-07-18,128.72,10.3,139.02,0.08,Software,4
992773,3809,2536,2019-09-20,18129.23,4169.72,22298.95,0.23,,17
224738,7279,5403,2019-01-29,290.78,23.26,314.04,0.08,Services,17
881781,2040,4892,2019-05-17,248.31,12.42,260.73,0.05,Clothing,27
579777,9357,5842,2019-03-28,828.62,41.43,870.05,0.05,Automotive,43
737495,3930,6698,2019-01-14,763.44,61.08,824.52,0.08,Furniture,41
551143,5517,4674,2019-08-16,547.68,27.38,575.06,0.05,Services,25
778687,1966,5402,2019-09-01,206.44,10.32,216.76,0.05,Pharmaceuticals,50
836516,6485,8489541,2019-07-27,871.62,200.47,1072.09,0.23,Services,19
541629,4313,7554,2019-02-22,16308.12,1304.65,17612.77,0.08,Construction Materials,31
424449,8448,3988,2019-10-04,170.05,39.11,209.16,0.23,Education Services,17
602786,7522,1512,2019-05-26,9473.32,757.87,10231.19,0.08,,1
260722,3355,2360,2019-10-28,765.79,38.29,804.08,0.05,Electronics,12
103354,7911,3668,2019-05-18,17637.84,881.89,18519.73,0.05,Healthcare Equipment,34
639020,7915,3203,2019-01-21,7343.71,1689.05,9032.76,0.23,Electronics,55
537763,1456,7117,2019-01-31,6770.7,1557.26,8327.96,0.23,Construction Materials,43
542847,6541,2378,2019-01-05,18529.17,1482.33,20011.5,0.08,Financial Services,29
704963,2790,4689,2019-09-18,24212.52,1937.0,26149.52,0.08,Clothing,59
535609,2541,3286,2019-01-13,3564.51,819.84,4384.35,0.23,,42
324663,1377,2227,2019-08-10,1203.05,96.24,1299.29,0.08,Software,14
329648,8378,2108,2019-03-06,435.27,100.11,535.38,0.23,Software,60
374314,6184,8966,2019-05-01,7461.88,596.95,8058.83,0.08,Clothing,12
876427,3828,2311,2019-05-10,7755.48,620.44,8375.92,0.08,Construction Materials,3
660059,5505,7848,2019-10-18,107.33,8.59,115.92,0.08,Construction Materials,48
853784,4889,12345679,2019-05-21,622.79,143.24,766.03,0.23,Services,48
427467,5560,3650,2019-05-14,596.74,137.25,733.99,0.23,Food,48
719318,3628,9963,2019-05-28,1265.17,63.26,1328.43,0.05,Financial Services,56
124003,6139,2974,2019-11-25,7209.97,1658.29,8868.26,0.23,Services,47
269470,3836,1711,2019-08-25,364.52,29.16,393.68,0.08,,47
124288,5088,7032,2019-06-15,580.74,133.57,714.31,0.23,Healthcare Equipment,29
176103,6598,3548,2019-09-12,14042.35,3229.74,17272.09,0.23,Software,21
938150,2751,9198,2019-04-08,1204.16,276.96,1481.12,0.23,Software,35
922941,4559,2536,2019-03-05,291.51,23.32,314.83,0.08,Furniture,30
321276,4985,3597,2019-03-18,639.02,31.95,670.97,0.05,Education Services,47
616352,8826,2176,2019-07-17,12772.48,638.62,13411.1,0.05,Food,39
447148,3334,6168,2019-06-04,150.51,7.53,158.04,0.05,,13
901680,6820,6685,2019-01-07,6734.12,538.73,7272.85,0.08,Office Supplies,52
581762,8304,6800,2019-05-14,3432.55,171.63,3604.18,0.05,Electronics,16
271768,7647,7951,2019-05-03,524.55,41.96,566.51,0.08,Clothing,37
965327,9687,6696,2019-08-24,22125.6,5088.89,27214.49,0.23,Healthcare Equipment,59
619218,6594,5798,2019-08-18,1267.72,63.39,1331.11,0.05,Office Supplies,4
689175,1526,3842,2019-06-29,2363.05,189.04,2552.09,0.08,Furniture,54
317022,1740,9569,2019-12-07,245.36,19.63,264.99,0.08,Clothing,7
566991,5611,1048,2019-06-27,354.67,28.37,383.04,0.08,Office Supplies,7
575129,8142,3393,2019-03-23,576.61,46.13,622.74,0.08,Pharmaceuticals,6
438865,1929,7461,2019-03-17,3621.9,181.1,3803.0,0.05,Services,3
709433,5613,5764,2019-07-13,228.16,18.25,246.41,0.08,Electronics,3
938238,4646,7326,2019-02-07,8010.48,640.84,8651.32,0.08,Office Supplies,4
822172,9998,7732,2019-08-27,1550.42,124.03,1674.45,0.08,Clothing,6
950883,7652,3136,2019-05-09,13229.1,1058.33,14287.43,0.08,Education Services,34
777392,1826,1256,2019-06-22,8494.43,679.55,9173.98,0.08,Automotive,17
469354,6296,2209,2019-05-10,1855.27,148.42,2003.69,0.08,Software,10
237662,6517,5553,2019-03-10,6278.65,1444.09,7722.74,0.23,Healthcare Equipment,18
380092,2471,7256,2019-03-11,9962.33,796.99,10759.32,0.08,Construction Materials,44
724934,1139,5905,2019-12-26,7204.13,1656.95,8861.08,0.23,Machinery,9
413154,3842,8070,2019-01-29,8110.09,1865.32,9975.41,0.23,Automotive,8
155708,2199,7382,2019-02-06,13905.61,3198.29,17103.9,0.23,Healthcare Equipment,47
589959,2243,3355,2019-01-14,5341.3,427.3,5768.6,0.08,Electronics,2
883966,1853,5928,2019-12-31,868.46,199.75,1068.21,0.23,Pharmaceuticals,29
756103,5102,4355,2019-06-11,3757.71,300.62,4058.33,0.08,Automotive,57
581682,1682,5785,2019-04-29,17112.53,1369.0,18481.53,0.08,Electronics,53
709623,2613,8500,2019-09-30,9156.23,2105.93,11262.16,0.23,Pharmaceuticals,13
806512,3334,5845,2019-07-16,1897.54,436.43,2333.97,0.23,Construction Materials,33
418708,1446,3510,2019-05-16,295.92,23.67,319.59,0.08,Automotive,15
749133,3722,3826,2019-04-21,1130.47,260.01,1390.48,0.23,Furniture,43
618678,5282,3163,2019-09-23,389.22,19.46,408.68,0.05,Machinery,11
110934,3502,7659,2019-12-19,18501.38,1480.11,19981.49,0.08,Pharmaceuticals,23
945791,7777,9179,2019-02-20,13607.2,1088.58,14695.78,0.08,Food,16
631648,9048,8340,2019-12-23,2199.31,109.97,2309.28,0.05,Healthcare Equipment,10
408863,7956,3692,2019-06-21,734.83,58.79,793.62,0.08,Food,19
835210,9000,7357,2019-04-11,180.22,9.01,189.23,0.05,Financial Services,7
971081,5937,9384,2019-09-02,16596.98,829.85,17426.83,0.05,Automotive,25
868472,1436,7029,2019-05-18,9875.73,2271.42,12147.15,0.23,Financial Services,51
660956,3867,5868,2019-06-19,5870.25,293.51,6163.76,0.05,Pharmaceuticals,57
856399,8755,5928,2019-12-23,6459.71,1485.73,7945.44,0.23,Electronics,39
228014,6500,7615,2019-05-18,5758.44,287.92,6046.36,0.05,Construction Materials,35
398760,7500,3013,2019-06-24,16670.18,1333.61,18003.79,0.08,Education Services,30
241545,2329,2156,2019-03-22,2835.7,141.78,2977.48,0.05,Machinery,32
886802,7491,3407,2019-01-24,524.07,26.2,550.27,0.05,Education Services,3
290757,5529,3355,2019-12-17,160.96,8.05,169.01,0.05,Education Services,49
809419,1284,7298,2019-09-13,367.97,18.4,386.37,0.05,,9
383582,9384,8851,2019-12-02,920.07,46.0,966.07,0.05,Education Services,49
357624,4595,8108,2019-09-09,3275.45,753.35,4028.8,0.23,Pharmaceuticals,3
244032,1627,8083,2019-07-02,254.03,12.7,266.73,0.05,Electronics,15
547590,2295,6541,2019-04-29,615.17,49.21,664.38,0.08,Services,38
853799,8050,3426,2019-09-16,1764.73,141.18,1905.91,0.08,Office Supplies,51
905171,4889,2613,2019-07-07,585.89,46.87,632.76,0.08,Services,24
951190,2715,7762,2019-07-01,262.63,21.01,283.64,0.08,Automotive,46
438510,2508,2974,2019-06-19,1695.22,389.9,2085.12,0.23,Software,59
856174,4595,2012852,2019-01-13,1407.09,323.63,1730.72,0.23,Services,4
788980,5058,4892,2019-09-07,3098.75,154.94,3253.69,0.05,Furniture,28
911337,5694,7615,2019-06-21,1745.05,139.6,1884.65,0.08,Healthcare Equipment,33
121313,6295,2116,2019-12-15,20287.93,4666.22,24954.15,0.23,Machinery,38
829885,9687,6703,2019-10-18,380.22,87.45,467.67,0.23,Healthcare Equipment,15
387822,7615,6917,2019-07-29,123.03,6.15,129.18,0.05,Education Services,59
531544,9621,9220,2019-03-06,2357.56,188.6,2546.16,0.08,Machinery,37
899585,7258,6047,2019-11-17,3546.52,815.7,4362.22,0.23,Furniture,25
237841,8371,7480,2019-05-30,3637.87,836.71,4474.58,0.23,Furniture,7
457470,9709,6717,2019-12-03,217.67,17.41,235.08,0.08,Furniture,7
742780,4586,6107,2019-03-17,4885.71,244.29,5130.0,0.05,Healthcare Equipment,33
848193,9096,4429,2019-06-30,11496.01,574.8,12070.81,0.05,Machinery,4
867627,3692,7245,2019-09-08,4620.25,231.01,4851.26,0.05,Healthcare Equipment,34
572094,8755,3251,2019-03-09,24028.69,5526.6,29555.29,0.23,Machinery,52
892305,8035,8187,2019-04-10,992.2,79.38,1071.58,0.08,Pharmaceuticals,52
252712,4185,6634,2019-11-12,3248.65,747.19,3995.84,0.23,Office Supplies,15
148758,9198,9390,2019-06-20,647.66,148.96,796.62,0.23,Clothing,42
596876,6789,6211,2019-05-23,2714.68,624.38,3339.06,0.23,Financial Services,2
228387,8814,3472,2019-02-15,175.13,40.28,215.41,0.23,Software,56
920183,9686,3163,2019-03-01,7677.44,614.2,8291.64,0.08,Pharmaceuticals,39
375029,8809,2048,2019-03-26,8828.69,706.3,9534.99,0.08,Construction Materials,28
640532,6796,9709,2019-12-08,17490.75,1399.26,18890.01,0.08,Healthcare Equipment,32
742294,8179,7615,2019-05-04,4791.34,1102.01,5893.35,0.23,Construction Materials,33
694754,2490,3163,2019-10-17,831.86,41.59,873.45,0.05,Healthcare Equipment,24
156978,8709,3917,2019-04-14,16044.23,1283.54,17327.77,0.08,Office Supplies,43
456743,9180,8873,2019-11-20,128.28,10.26,138.54,0.08,Services,39
787402,5614,7053,2019-06-11,191.97,44.15,236.12,0.23,Services,8
807637,8142,1714,2019-09-25,317.77,73.09,390.86,0.23,Clothing,53
405393,3027,5735,2019-07-24,8241.01,412.05,8653.06,0.05,Machinery,14
910968,1160,7732,2019-03-27,373.76,85.96,459.72,0.23,Education Services,47
721835,2492,6375,2019-07-08,954.57,47.73,1002.3,0.05,Healthcare Equipment,26
413992,3181,2553,2019-08-24,128.11,29.47,157.58,0.23,Services,21
817094,1343,9307,2019-09-19,4663.38,373.07,5036.45,0.08,Education Services,6
191868,7878,7733,2019-01-27,4795.29,239.76,5035.05,0.05,Food,15
100937,9030,4460,2019-01-09,981.04,78.48,1059.52,0.08,Financial Services,40
723319,1754,1128,2019-07-18,9129.77,456.49,9586.26,0.05,Furniture,20
563849,5086,7859,2019-01-20,232.1,11.61,243.71,0.05,Electronics,47
152560,5156,3378,2019-09-27,6276.69,313.83,6590.52,0.05,Services,44
133481,9099,3964,2019-02-24,4207.45,210.37,4417.82,0.05,Software,47
748022,1323,4723,2019-09-16,3920.51,196.03,4116.54,0.05,Services,8
685706,3690,7032,2019-10-21,6958.95,1600.56,8559.51,0.23,Services,12
977660,2683,7965,2019-06-08,456.89,22.84,479.73,0.05,Machinery,4
300543,9412,9224,2019-05-12,523.53,41.88,565.41,0.08,Construction Materials,59
249055,3623,6505,2019-03-01,3475.8,799.43,4275.23,0.23,Pharmaceuticals,15
544191,8304,9198,2019-06-21,754.05,60.32,814.37,0.08,Pharmaceuticals,38
474091,9347,3365,2019-07-25,128.14,29.47,157.61,0.23,Software,59
243560,3623,6485,2019-08-13,319.38,25.55,344.93,0.08,Financial Services,6
108106,8508,5009,2019-12-19,102.17,23.5,125.67,0.23,Food,29
978383,5358,3349,2019-11-29,241.4,12.07,253.47,0.05,Office Supplies,45
103861,4674,9735,2019-11-08,113.86,26.19,140.05,0.23,,1
584847,3643,3393,2019-11-20,2623.58,131.18,2754.76,0.05,,2
763997,3296,9464,2019-10-18,4896.27,391.7,5287.97,0.08,Food,44
608107,7029,9405,2019-08-22,103.51,8.28,111.79,0.08,Clothing,4
863354,9822,9000,2019-05-25,23263.25,1861.06,25124.31,0.08,Education Services,45
554051,1356,2405,2019-12-29,358.7,82.5,441.2,0.23,Automotive,53
248749,9687,7340,2019-12-20,23911.38,1912.91,25824.29,0.08,Software,4
177328,8258,4170,2019-10-25,720.61,165.74,886.35,0.23,Financial Services,56
140789,9456,5853,2019-08-21,508.98,25.45,534.43,0.05,Services,45
895096,9519,9527,2019-01-11,1996.81,99.84,2096.65,0.05,Clothing,38
170879,2286,7966,2019-01-30,1060.34,243.88,1304.22,0.23,Automotive,22
365809,9390,7053,2019-01-06,138.41,11.07,149.48,0.08,Machinery,49
749123,1682,9514,2019-03-01,957.32,76.59,1033.91,0.08,Software,57
421658,5548,2751,2019-04-27,399.79,91.95,491.74,0.23,Services,8
134956,8522,6157,2019-10-12,441.2,22.06,463.26,0.05,Pharmaceuticals,3
453191,3334,4357,2019-12-27,332.26,76.42,408.68,0.23,Office Supplies,43
209466,1179,2939,2019-09-15,5636.41,281.82,5918.23,0.05,Financial Services,15
407609,8931,2025,2019-11-06,6778.4,338.92,7117.32,0.05,Healthcare Equipment,25
514576,4960,1375,2019-05-08,419.73,96.54,516.27,0.23,Furniture,20
496029,3628,3027,2019-05-24,547.17,27.36,574.53,0.05,Services,0
310064,2649,9060,2019-06-21,663.85,152.69,816.54,0.23,Electronics,10
961372,5735,2542,2019-03-20,769.72,61.58,831.3,0.08,Furniture,38
122960,9194,7522,2019-05-21,3985.93,199.3,4185.23,0.05,Office Supplies,57
390599,3668,8134,2019-12-11,641.68,147.59,789.27,0.23,Education Services,46
210980,8966,8559,2019-03-18,3295.47,263.64,3559.11,0.08,Pharmaceuticals,31
541734,9194,9484,2019-07-06,966.11,48.31,1014.42,0.05,Clothing,56
599306,2245,97936378,2019-05-17,293.11,67.42,360.53,0.23,Services,38
148964,9456,4443,2019-02-03,3158.3,157.92,3316.22,0.05,Financial Services,20
707300,3251,8645,2019-06-01,11883.51,594.18,12477.69,0.05,Furniture,26
245520,9292,9060,2019-09-28,5597.88,279.89,5877.77,0.05,Software,49
884093,4183,7453,2019-12-06,563.48,28.17,591.65,0.05,Financial Services,46
525762,6157,3296,2019-02-21,1869.19,149.54,2018.73,0.08,Healthcare Equipment,13
200681,3645,6716517785,2019-08-24,1244.68,286.28,1530.96,0.23,Services,18
520095,2266,12345679,2019-12-06,811.35,186.61,997.96,0.23,Services,45
114779,9222,5501,2019-09-28,405.61,20.28,425.89,0.05,Automotive,5
335621,6080,9849,2019-10-01,8786.05,2020.79,10806.84,0.23,Pharmaceuticals,5
421556,5217,4646,2019-08-30,878.39,43.92,922.31,0.05,Pharmaceuticals,0
141758,9998,9290,2019-11-23,1357.31,67.87,1425.18,0.05,Automotive,8
678189,2819,7466,2019-09-10,2220.25,177.62,2397.87,0.08,Office Supplies,42
395985,2683,9048,2019-08-04,325.83,74.94,400.77,0.23,Construction Materials,49
437859,7004,6802,2019-03-22,3684.57,847.45,4532.02,0.23,Construction Materials,2
185723,6357,6327,2019-12-02,7906.1,632.49,8538.59,0.08,Clothing,4
194272,5030,3809,2019-07-22,11220.04,897.6,12117.64,0.08,Machinery,50
314179,6919,4559,2019-07-12,6924.5,1592.63,8517.13,0.23,Food,14
769278,4129,1372,2019-07-21,24785.28,5700.61,30485.89,0.23,Clothing,55
497913,4659,9477,2019-12-25,353.41,28.27,381.68,0.08,Services,6
386779,4589,4986,2019-11-04,1532.89,76.64,1609.53,0.05,Office Supplies,34
423539,6115,9316,2019-09-25,894.61,44.73,939.34,0.05,Services,4
128946,8094,5694,2019-05-13,5074.47,253.72,5328.19,0.05,Clothing,54
319513,5602,4776,2019-01-30,270.67,21.65,292.32,0.08,Services,14
218221,6157,1783,2019-12-02,238.84,11.94,250.78,0.05,Clothing,15
947954,8872,4668,2019-11-17,5236.33,418.91,5655.24,0.08,Services,5
984297,8269,9167,2019-01-27,21013.73,1050.69,22064.42,0.05,Services,59
826137,8452,7365,2019-01-05,640.21,51.22,691.43,0.08,Healthcare Equipment,33
787683,1895,2536,2019-12-02,13303.36,1064.27,14367.63,0.08,Financial Services,55
339596,7801,1786,2019-12-04,366.47,84.29,450.76,0.23,Food,16
752948,8806,4018,2019-12-27,666.98,153.41,820.39,0.23,Software,16
268357,3168,7971,2019-06-14,5842.54,467.4,6309.94,0.08,Healthcare Equipment,6
797401,3125,7656,2019-07-04,8591.96,687.36,9279.32,0.08,Furniture,9
432214,1151,8419,2019-10-15,1367.3,68.36,1435.66,0.05,Electronics,55
669164,2009,1867,2019-10-05,5576.04,446.08,6022.12,0.08,Pharmaceuticals,14
732945,7880,8947,2019-10-12,242.58,12.13,254.71,0.05,Clothing,59
282624,8383,7245,2019-02-25,300.31,69.07,369.38,0.23,Financial Services,15
469033,2109,2579,2019-12-26,256.05,20.48,276.53,0.08,Automotive,52
948790,8079,8857,2019-04-11,165.94,38.17,204.11,0.23,Education Services,60
772444,8887,2021,2019-01-14,335.62,77.19,412.81,0.23,Clothing,13
445019,4512,5209,2019-12-07,2159.71,107.99,2267.7,0.05,Automotive,28
802658,3720,7777,2019-02-19,17864.84,4108.91,21973.75,0.23,Education Services,60
428541,6927,2405,2019-02-05,5919.43,295.97,6215.4,0.05,Electronics,51
926945,5209,3623,2019-09-19,2201.66,176.13,2377.79,0.08,Machinery,7
168103,9747,6743,2019-02-04,571.2,131.38,702.58,0.23,Office Supplies,20
462475,4634,9703,2019-09-10,524.18,26.21,550.39,0.05,Clothing,36
130833,6398,8872,2019-03-05,102.4,23.55,125.95,0.23,Software,52
140967,8482,9735,2019-06-04,2969.2,237.54,3206.74,0.08,,54
629394,5560,4866,2019-02-09,4597.01,367.76,4964.77,0.08,Pharmaceuticals,36
295134,9115,4691,2019-04-25,5144.94,257.25,5402.19,0.05,Machinery,3
107082,4986,8482,2019-01-26,6311.64,504.93,6816.57,0.08,Software,33
157502,5764,6871,2019-02-22,6767.5,541.4,7308.9,0.08,Financial Services,48
986314,9115,5831,2019-07-24,7269.42,363.47,7632.89,0.05,Office Supplies,60
742634,4646,1696,2019-11-03,3212.66,257.01,3469.67,0.08,Automotive,9
663729,1854,8645,2019-10-16,876.94,43.85,920.79,0.05,Machinery,55
843974,2120,4892,2019-09-08,1353.38,311.28,1664.66,0.23,Clothing,19
999680,5621,5196,2019-06-24,2459.15,122.96,2582.11,0.05,Pharmaceuticals,18
733482,9822,4150,2019-01-05,13895.05,1111.6,15006.65,0.08,,46
226778,5144,6228,2019-12-03,505.3,40.42,545.72,0.08,Electronics,36
443478,6375,9073,2019-11-28,321.53,73.95,395.48,0.23,Services,55
791029,2145,3843,2019-04-22,2677.22,133.86,2811.08,0.05,Automotive,53
753675,3548,7421,2019-06-27,447.71,35.82,483.53,0.08,Financial Services,13
129076,5501,1624,2019-01-23,405.26,93.21,498.47,0.23,Software,6
754914,3152,7840,2019-07-25,4557.19,227.86,4785.05,0.05,Construction Materials,23
822918,3964,3171,2019-02-16,929.14,213.7,1142.84,0.23,Furniture,15
624007,8500,7898,2019-02-27,179.7,14.38,194.08,0.08,Food,28
884076,3839,1210,2019-01-03,538.93,26.95,565.88,0.05,Financial Services,2
124391,4984,2405,2019-05-24,2759.19,137.96,2897.15,0.05,Office Supplies,55
425997,5531,4434,2019-09-10,170.31,8.52,178.83,0.05,Software,43
132967,6053,7333,2019-12-25,2756.94,634.1,3391.04,0.23,Pharmaceuticals,3
693630,9418,9577032841,2019-03-04,529.57,121.8,651.37,0.23,Services,42
289321,9717,2750,2019-05-31,266.81,13.34,280.15,0.05,,40
105873,7733,2213,2019-06-06,174.43,13.95,188.38,0.08,Food,52
410425,3355,6274,2019-06-27,594.46,29.72,624.18,0.05,Healthcare Equipment,11
281696,1763,2070,2019-06-19,3941.38,315.31,4256.69,0.08,Pharmaceuticals,0
502961,5126,1457,2019-09-12,1019.89,234.57,1254.46,0.23,Food,15
262859,4162,8887,2019-02-12,380.46,87.51,467.97,0.23,,2
962785,6598,3775,2019-05-30,6400.1,320.01,6720.11,0.05,Pharmaceuticals,40
920103,9814,1872,2019-07-09,7865.62,1809.09,9674.71,0.23,Services,35
277610,1783,7231,2019-01-26,194.34,9.72,204.06,0.05,,7
111617,1783,8816,2019-04-26,9682.09,484.1,10166.19,0.05,Financial Services,5
138107,6157,2747,2019-10-09,5683.33,284.17,5967.5,0.05,Education Services,31
688110,1786,9988,2019-04-12,528.38,121.53,649.91,0.23,Pharmaceuticals,4
795352,4619,1895,2019-03-24,3095.27,154.76,3250.03,0.05,Electronics,47
398551,5538,1323,2019-04-02,193.71,44.55,238.26,0.23,Software,58
777841,2638,5786,2019-12-31,237.46,19.0,256.46,0.08,Services,44
426800,9368,9874,2019-06-06,287.57,66.14,353.71,0.23,Education Services,18
459441,1128,2953,2019-05-03,139.86,6.99,146.85,0.05,Education Services,30
808124,5046,4354,2019-08-01,157.81,36.3,194.11,0.23,Electronics,43
666739,8283,9214,2019-08-08,9681.07,774.49,10455.56,0.08,Pharmaceuticals,24
584521,2536,2187,2019-06-21,396.12,19.81,415.93,0.05,Financial Services,23
333055,3293,4081,2019-12-12,3649.12,839.3,4488.42,0.23,Pharmaceuticals,45
103520,1082,6039,2019-05-03,142.85,32.86,175.71,0.23,Pharmaceuticals,60
167666,8529,3334,2019-04-03,248.73,19.9,268.63,0.08,Electronics,50
172428,4541,9048,2019-10-21,482.13,38.57,520.7,0.08,Software,45
972482,7217,1763,2019-10-30,21434.22,4929.87,26364.09,0.23,,22
277140,6371,1422,2019-01-24,127.53,6.38,133.91,0.05,Food,27
140031,2164,4533,2019-08-18,695.87,160.05,855.92,0.23,Clothing,38
799239,7647,4691,2019-01-03,156.63,36.02,192.65,0.23,,56
822232,4340,7204314,2019-03-03,958.99,220.57,1179.56,0.23,Services,52
128573,4646,6895,2019-07-30,8016.97,1843.9,9860.87,0.23,Electronics,49
402676,8270,3027,2019-05-29,1707.96,392.83,2100.79,0.23,Office Supplies,3
541966,6685,4559,2019-07-25,186.79,14.94,201.73,0.08,Furniture,58
222186,8954,8709,2019-12-24,14376.44,3306.58,17683.02,0.23,Food,7
309849,8436,3215,2019-07-23,625.79,50.06,675.85,0.08,Software,16
424931,7522,8419,2019-01-24,645.26,32.26,677.52,0.05,Healthcare Equipment,48
143281,5974,1378840874,2019-08-14,530.2,121.95,652.15,0.23,Services,34
547660,2298,4230,2019-07-09,276.22,13.81,290.03,0.05,Electronics,30
681848,5402,8909,2019-09-01,264.86,13.24,278.1,0.05,Electronics,60
566564,1888,1988,2019-04-10,127.72,10.22,137.94,0.08,Services,24
620601,2204,9963,2019-01-27,22001.27,1760.1,23761.37,0.08,Financial Services,5
749680,2157,2286,2019-03-07,3076.8,707.66,3784.46,0.23,Construction Materials,26
178765,5411,9255,2019-04-24,20110.02,1608.8,21718.82,0.08,Furniture,21
716359,6357,6927,2019-10-31,1529.13,76.46,1605.59,0.05,Services,0
910677,9018,3839,2019-04-11,125.12,10.01,135.13,0.08,Healthcare Equipment,8
418990,4928,2480,2019-08-26,9359.65,2152.72,11512.37,0.23,Financial Services,25
550509,8522,7392,2019-12-19,7868.76,393.44,8262.2,0.05,Financial Services,24
602175,6091,1711,2019-10-22,1453.06,334.2,1787.26,0.23,Automotive,26
131884,9418,5050,2019-10-12,8063.93,1854.7,9918.63,0.23,Office Supplies,31
318952,6503,4831,2019-06-11,1475.56,73.78,1549.34,0.05,Clothing,22
110698,1044,4652,2019-09-27,212.52,48.88,261.4,0.23,Electronics,42
648938,4460,1736,2019-08-30,2433.89,194.71,2628.6,0.08,Furniture,3
112640,4994,4049,2019-05-13,158.4,12.67,171.07,0.08,Furniture,49
719169,5905,5895,2019-07-14,168.29,38.71,207.0,0.23,Healthcare Equipment,44
764441,3144,9687,2019-10-04,9006.05,2071.39,11077.44,0.23,Healthcare Equipment,23
842294,1389,9096,2019-05-08,133.05,10.64,143.69,0.08,Services,47
408064,7700,5102,2019-09-14,414.46,95.33,509.79,0.23,Pharmaceuticals,42
637281,5764,2025,2019-12-01,1766.16,88.31,1854.47,0.05,Furniture,31
291818,5203,4892,2019-02-02,716.26,35.81,752.07,0.05,Machinery,2
407310,1824,9621,2019-06-18,1325.01,66.25,1391.26,0.05,Healthcare Equipment,40
453175,3163,8902,2019-11-03,686.41,54.91,741.32,0.08,Services,13
808817,8809,8035,2019-02-03,400.06,32.0,432.06,0.08,Education Services,42
335074,6505,4831,2019-09-02,17462.56,4016.39,21478.95,0.23,Clothing,27
119832,2375,7652,2019-10-30,8989.7,449.49,9439.19,0.05,Machinery,33
311298,5785,1733,2019-07-30,375.86,30.07,405.93,0.08,Clothing,51
604431,8378,8142,2019-01-02,10022.5,801.8,10824.3,0.08,Education Services,5
799576,4170,6428,2019-10-23,100.05,5.0,105.05,0.05,Healthcare Equipment,36
797514,1376,9368,2019-09-20,5726.59,1317.12,7043.71,0.23,Education Services,40
306371,3338,3690,2019-07-04,943.71,47.19,990.9,0.05,Machinery,50
957025,7378,6911,2019-07-28,6085.49,486.84,6572.33,0.08,Education Services,8
811226,9259,4991,2019-07-25,1370.69,315.26,1685.95,0.23,Automotive,23
577639,8094,7615,2019-05-11,845.63,67.65,913.28,0.08,Clothing,45
546473,6412,8079,2019-06-09,856.92,68.55,925.47,0.08,Pharmaceuticals,50
100854,2490,1800,2019-04-18,4603.3,230.17,4833.47,0.05,Clothing,25
285261,7008,9167,2019-11-30,714.45,164.32,878.77,0.23,,47
656533,3775,2298,2019-12-11,2231.84,513.32,2745.16,0.23,Office Supplies,6
644897,6506,1082,2019-09-09,7343.14,587.45,7930.59,0.08,Machinery,7
538069,9621,3006,2019-12-18,10550.65,527.53,11078.18,0.05,Clothing,15
717821,5501,9731,2019-12-18,116.99,5.85,122.84,0.05,Clothing,54
425003,9756,7556130923,2019-11-20,1353.75,311.36,1665.11,0.23,Services,38
806181,4366,9347,2019-03-21,507.2,40.58,547.78,0.08,Food,18
811813,3582,3171,2019-08-15,1998.54,99.93,2098.47,0.05,Financial Services,3
852821,5046,9132,2019-05-27,132.03,10.56,142.59,0.08,Construction Materials,7
614518,5069,6106,2019-11-05,3083.18,246.65,3329.83,0.08,Pharmaceuticals,59
987541,7298,2542,2019-02-07,5846.29,467.7,6313.99,0.08,Education Services,25
834452,4866,5895,2019-08-10,247.47,19.8,267.27,0.08,Clothing,25
935867,5613,8852,2019-11-28,1537.71,123.02,1660.73,0.08,Services,59
860019,3730,4354,2019-04-23,141.14,11.29,152.43,0.08,,56
865936,2465,3249839,2020-01-01,1107.16,254.65,1361.81,0.23,Services,50
156816,6361,5196,2019-04-21,1987.14,158.97,2146.11,0.08,Machinery,29
603667,1711,4617,2019-07-02,6163.07,1417.51,7580.58,0.23,Machinery,12
189285,1853,7296,2019-11-12,140.17,32.24,172.41,0.23,Pharmaceuticals,4
897318,3645,1916,2019-12-17,197.83,45.5,243.33,0.23,Education Services,1
236025,4230,6820,2019-06-15,173.13,8.66,181.79,0.05,Services,10
387898,1372,5144,2019-09-30,1868.56,93.43,1961.99,0.05,Furniture,6
964650,3462,6919,2019-02-02,7767.24,621.38,8388.62,0.08,Software,38
463703,5798,2953,2019-04-01,207.41,47.7,255.11,0.23,Software,14
318088,7298,9915953012,2019-12-24,1214.1,279.24,1493.34,0.23,Services,47
353971,2446,2683,2019-07-05,351.84,80.92,432.76,0.23,Furniture,49
477867,7247,5500,2019-05-17,210.82,16.87,227.69,0.08,Furniture,57
818579,2541,8190,2019-07-19,245.37,12.27,257.64,0.05,Furniture,43
545002,7312,9755,2019-03-29,6567.15,1510.44,8077.59,0.23,Software,7
816139,7357,8482,2019-08-30,4999.22,249.96,5249.18,0.05,Healthcare Equipment,13
310643,9204,8924,2019-04-07,1099.81,252.96,1352.77,0.23,Automotive,28
767901,8441,2193,2019-07-18,420.78,21.04,441.82,0.05,Automotive,33
424197,7843,9569,2019-12-08,1402.66,322.61,1725.27,0.23,Office Supplies,23
845199,7857,1484,2019-07-15,598.7,47.9,646.6,0.08,,47
172973,4659,6188,2019-08-10,1894.22,94.71,1988.93,0.05,Software,36
994281,1302,6167,2019-04-14,3251.89,162.59,3414.48,0.05,Automotive,60
805969,2245,8887,2019-06-18,16444.16,1315.53,17759.69,0.08,Software,34
272671,6895,7326,2019-11-21,117.44,27.01,144.45,0.23,Education Services,13
756755,4812,4049,2019-11-12,1198.28,59.91,1258.19,0.05,Furniture,43
851529,7732,7801,2019-02-08,788.61,39.43,828.04,0.05,Machinery,20
743753,8940,3956,2019-04-12,8714.17,435.71,9149.88,0.05,Construction Materials,58
103168,1537,3930,2019-10-04,2906.47,145.32,3051.79,0.05,Pharmaceuticals,0
608046,7666,7073,2019-07-13,473.74,108.96,582.7,0.23,Education Services,41
895225,3597,5293,2019-03-09,1265.03,290.96,1555.99,0.23,Machinery,40
987821,1117,9042,2019-03-23,715.05,57.2,772.25,0.08,Education Services,49
607990,9654,2192,2019-06-14,364.05,18.2,382.25,0.05,Financial Services,15
848018,9717,7466,2019-01-21,17812.4,1424.99,19237.39,0.08,,51
882440,1763,3429,2019-10-04,20254.09,1012.7,21266.79,0.05,Financial Services,36
857146,5222,8431,2019-08-17,287.61,14.38,301.99,0.05,Pharmaceuticals,35
407322,9567,9368,2019-08-30,13236.85,1058.95,14295.8,0.08,Automotive,21
756143,1210,7296,2019-10-25,7828.48,626.28,8454.76,0.08,Office Supplies,42
830907,8472,9179,2019-11-19,151.1,12.09,163.19,0.08,Clothing,57
295021,8190,8709,2019-08-17,18314.07,4212.24,22526.31,0.23,Services,59
952990,5219,4354,2019-09-03,1531.36,352.21,1883.57,0.23,Education Services,35
815030,4991,8143,2019-06-09,4402.93,1012.67,5415.6,0.23,Food,36
250633,5553,4860,2019-01-21,4421.83,1017.02,5438.85,0.23,Electronics,33
424401,8472,6315,2019-05-25,4388.95,219.45,4608.4,0.05,Office Supplies,46
845332,5030,3203,2019-08-29,1118.24,55.91,1174.15,0.05,Furniture,46
398544,4081,4179,2019-01-14,1862.27,148.98,2011.25,0.08,Education Services,20
358708,4245,2649,2019-08-22,282.85,22.63,305.48,0.08,Office Supplies,57
379614,1786,3930,2019-07-06,9218.02,737.44,9955.46,0.08,Food,43
967343,3808,5501,2019-01-07,2752.08,137.6,2889.68,0.05,Construction Materials,0
497617,2209,9308,2019-02-16,100.68,8.05,108.73,0.08,Clothing,16
619543,2471,8378,2019-04-26,8559.94,1968.79,10528.73,0.23,Electronics,28
686507,5895,7491,2019-03-27,875.6,70.05,945.65,0.08,Electronics,15
801393,1763,3720,2019-12-03,182.54,41.98,224.52,0.23,Construction Materials,20
794764,5800,8924,2019-02-14,149.55,11.96,161.51,0.08,Automotive,1
673658,4827,9292,2019-09-12,3067.2,705.46,3772.66,0.23,Education Services,20
823218,6750,9123,2019-11-29,3577.63,822.85,4400.48,0.23,Food,23
549064,6718,4719,2019-01-23,172.18,39.6,211.78,0.23,Construction Materials,17
655367,8785,3917,2019-12-11,11731.57,2698.26,14429.83,0.23,Furniture,11
380418,7531,5886,2019-06-15,11825.18,2719.79,14544.97,0.23,Services,12
157097,7398,7421,2019-11-02,2664.78,612.9,3277.68,0.23,Electronics,31
471642,8158,2955,2019-10-04,985.16,49.26,1034.42,0.05,Services,26
541382,6904,1733,2019-06-28,277.5,13.88,291.38,0.05,Food,54
194054,7762,3269,2019-09-03,2424.65,121.23,2545.88,0.05,Healthcare Equipment,18
397519,2567,1624,2019-06-17,5062.98,253.15,5316.13,0.05,Pharmaceuticals,52
964565,2553,8747,2019-04-07,547.11,43.77,590.88,0.08,,50
320302,8665,3213,2019-06-24,3493.17,803.43,4296.6,0.23,Construction Materials,54
307331,2953,7531,2019-12-08,5544.49,1275.23,6819.72,0.23,Healthcare Equipment,6
873745,1250,5974,2019-01-13,9848.17,492.41,10340.58,0.05,Construction Materials,12
119781,1457,7250,2019-07-25,7940.57,635.25,8575.82,0.08,Services,59
759958,7479,5125,2019-01-30,6591.45,1516.03,8107.48,0.23,Machinery,55
358852,9814,4955,2019-10-28,4080.27,204.01,4284.28,0.05,Services,45
636341,7043,6157,2019-07-28,185.18,9.26,194.44,0.05,Electronics,58
456273,5061,3293,2019-01-28,4920.87,1131.8,6052.67,0.23,Pharmaceuticals,34
366574,5764,6145,2019-06-07,9417.36,753.39,10170.75,0.08,Clothing,23
170133,5402,1323,2019-04-26,269.14,61.9,331.04,0.23,,57
868599,5842,4003,2019-02-10,1975.11,454.28,2429.39,0.23,Financial Services,26
919479,3331,12345679,2019-01-01,683.08,157.11,840.19,0.23,Services,23
973688,4412,9122,2019-03-29,369.18,84.91,454.09,0.23,Services,29
669103,6472,9316,2019-10-05,13102.11,1048.17,14150.28,0.08,Automotive,6
378575,5426,3930,2019-01-27,9384.73,469.24,9853.97,0.05,Office Supplies,40
677440,3247,9894,2019-06-18,5246.18,262.31,5508.49,0.05,Software,47
737797,3020,1381,2019-05-01,131.76,6.59,138.35,0.05,Furniture,50
880348,7873,3828,2019-09-15,447.83,103.0,550.83,0.23,Machinery,59
765649,6927,7461,2019-01-25,171.75,13.74,185.49,0.08,Automotive,4
116076,9018,7762,2019-12-20,8599.82,687.99,9287.81,0.08,,26
777588,7254,9357,2019-09-14,16817.12,840.86,17657.98,0.05,Machinery,12
238422,1792,6375,2019-11-16,20890.56,1671.24,22561.8,0.08,Pharmaceuticals,35
149314,5126,1254319,2019-03-12,1498.47,344.65,1843.12,0.23,Services,53
263567,8070,7096,2019-03-25,4581.18,1053.67,5634.85,0.23,Automotive,9
196769,8452,4136,2019-01-27,2706.35,622.46,3328.81,0.23,Automotive,40
589879,9518,8624,2019-11-02,19612.42,4510.86,24123.28,0.23,Office Supplies,26
181129,9509,5984,2019-01-28,172.09,39.58,211.67,0.23,Software,20
901784,6398,3750,2019-10-08,18581.85,1486.55,20068.4,0.08,Software,59
936738,5602,9567,2019-09-20,201.18,16.09,217.27,0.08,Education Services,33
902919,9514,3136,2019-07-15,223.23,17.86,241.09,0.08,Pharmaceuticals,27
522083,8366,7760,2019-06-24,321.09,73.85,394.94,0.23,Machinery,36
357944,4831,7863,2019-01-26,185.26,9.26,194.52,0.05,Furniture,54
668536,7458,2536,2019-07-23,1420.83,71.04,1491.87,0.05,Food,17
491512,6927,1974,2019-12-24,21157.66,1057.88,22215.54,0.05,Food,1
810290,9275,8826,2019-05-30,1504.16,75.21,1579.37,0.05,Electronics,22
609162,7305,5647,2019-01-25,561.81,129.22,691.03,0.23,Software,18
362585,2226,5895,2019-03-15,4732.28,1088.42,5820.7,0.23,Financial Services,31
950455,9018,6646,2019-07-22,763.97,38.2,802.17,0.05,Electronics,31
475667,5614,7392,2019-03-07,3685.7,184.28,3869.98,0.05,Automotive,24
442263,3429,2375,2019-04-21,18567.82,928.39,19496.21,0.05,Education Services,16
523292,8050,6547,2019-09-07,478.4,110.03,588.43,0.23,Financial Services,46
179566,3199,6717,2019-05-12,6601.91,1518.44,8120.35,0.23,,53
173969,8472,8598,2019-11-28,4760.32,1094.87,5855.19,0.23,Construction Materials,38
743695,1895,6802,2019-07-22,2185.4,109.27,2294.67,0.05,Pharmaceuticals,2
888694,5200,1139,2019-11-07,125.75,28.92,154.67,0.23,Healthcare Equipment,24
116800,1736,5615,2019-10-21,1650.47,132.04,1782.51,0.08,Clothing,58
893334,3779,3055,2019-01-27,429.05,21.45,450.5,0.05,Education Services,6
630729,7863,8615,2019-08-15,195.8,9.79,205.59,0.05,Automotive,42
385580,4317,9971,2019-07-18,9704.95,776.4,10481.35,0.08,Education Services,20
365631,4276,7615,2019-12-25,381.45,30.52,411.97,0.08,Automotive,41
848215,1484,5254,2019-12-14,201.61,10.08,211.69,0.05,,60
974962,9703,2328,2019-11-25,24861.98,5718.26,30580.24,0.23,Construction Materials,32
354156,4559,8256,2019-06-03,154.97,35.64,190.61,0.23,Financial Services,5
764360,4834,9477,2019-10-07,5006.47,400.52,5406.99,0.08,Pharmaceuticals,40
663298,5868,6371,2019-03-11,1169.41,93.55,1262.96,0.08,Clothing,42
258500,2329,5030,2019-04-10,298.06,68.55,366.61,0.23,Services,48
317143,1250,8050,2019-08-24,9013.36,721.07,9734.43,0.08,Education Services,2
502669,5056,6485,2019-01-21,411.84,20.59,432.43,0.05,Food,17
293849,9981,7615,2019-07-15,4653.35,372.27,5025.62,0.08,Office Supplies,4
982435,4327,8422,2019-10-25,164.3,13.14,177.44,0.08,Furniture,58
378400,1038,6228,2019-01-13,5900.02,1357.0,7257.02,0.23,Automotive,38
116575,7633,9421,2019-10-19,163.02,37.49,200.51,0.23,Office Supplies,45
964998,9220,4753,2019-01-02,888.25,204.3,1092.55,0.23,Pharmaceuticals,33
930717,5895,3641218,2019-04-19,1016.4,233.77,1250.17,0.23,Services,20
733775,2253,1786,2019-03-05,351.15,28.09,379.24,0.08,Financial Services,14
878086,8855,8467,2019-07-11,235.85,11.79,247.64,0.05,Services,48
221806,1824,1817,2019-10-10,752.46,37.62,790.08,0.05,Construction Materials,20
630867,3027,7120,2019-02-27,3832.53,881.48,4714.01,0.23,Food,60
645179,2790,5076,2019-05-24,4174.83,960.21,5135.04,0.23,Automotive,37
236699,9390,6506,2019-03-08,5725.14,1316.78,7041.92,0.23,Machinery,45
801103,5492,1916,2019-01-21,11391.65,569.58,11961.23,0.05,Healthcare Equipment,45
849680,8419,1792,2019-07-05,3520.55,176.03,3696.58,0.05,Clothing,3
226443,6594,2329,2019-12-29,7123.54,569.88,7693.42,0.08,Services,14
185713,4745,4747,2019-11-20,9934.58,2284.95,12219.53,0.23,Office Supplies,55
468945,9042,2536,2019-03-07,5705.21,285.26,5990.47,0.05,Food,35
193954,2638,8816,2019-04-06,264.59,60.86,325.45,0.23,Financial Services,55
434263,6163,1786,2019-06-16,468.8,23.44,492.24,0.05,Machinery,50
289221,8645,2328,2019-10-14,1973.48,453.9,2427.38,0.23,Clothing,11
927299,3679,7762,2019-04-19,118.03,5.9,123.93,0.05,Services,16
871628,7753,9171,2019-07-23,760.32,38.02,798.34,0.05,Pharmaceuticals,22
783526,7784,5034,2019-01-12,5743.77,1321.07,7064.84,0.23,Construction Materials,5
288079,3269,1895,2019-02-13,4396.26,219.81,4616.07,0.05,,26
686827,6188,9687,2019-07-01,646.03,51.68,697.71,0.08,Furniture,6
880978,8624,4469,2019-06-03,1069.28,85.54,1154.82,0.08,,28
915843,1108,3247,2019-05-11,4288.53,986.36,5274.89,0.23,Education Services,18
830898,6847,1044,2019-03-11,13039.8,1043.18,14082.98,0.08,Furniture,24
436721,5520,7992,2019-10-27,14230.7,3273.06,17503.76,0.23,Healthcare Equipment,55
164017,1896,7458,2019-08-31,3875.79,310.06,4185.85,0.08,Construction Materials,10
862649,5798,2043,2019-01-24,6482.23,324.11,6806.34,0.05,Software,41
240757,8152,7453,2019-09-09,21127.78,1056.39,22184.17,0.05,Software,14
622351,7878,8785,2019-11-30,7381.14,1697.66,9078.8,0.23,Clothing,39
221746,3126,4652,2019-07-12,3838.73,882.91,4721.64,0.23,,12
543770,2968,3006,2019-01-31,355.36,28.43,383.79,0.08,Pharmaceuticals,29
306796,1471,5974,2019-11-12,3359.72,167.99,3527.71,0.05,Software,59
542739,5786,4880,2019-08-25,558.84,44.71,603.55,0.08,Clothing,40
933894,8467,3125,2019-02-11,722.92,57.83,780.75,0.08,Food,42
810542,6796,4663,2019-07-18,363.96,29.12,393.08,0.08,Construction Materials,29
224008,9384,5402,2019-11-12,16601.65,3818.38,20420.03,0.23,Electronics,32
492379,5786,5553,2019-04-15,427.18,21.36,448.54,0.05,Furniture,57
604318,1210,4327,2019-04-07,280.06,64.41,344.47,0.23,Machinery,55
146171,2263,4313,2019-06-02,424.48,97.63,522.11,0.23,Financial Services,56
144066,1988,6047,2019-02-08,1188.59,95.09,1283.68,0.08,Clothing,34
669578,6275,8035,2019-05-09,172.71,13.82,186.53,0.08,Furniture,12
649933,1256,9910,2019-07-05,16237.24,811.86,17049.1,0.05,Automotive,1
523036,6295,1627,2019-02-19,480.14,38.41,518.55,0.08,Software,52
124260,4723,2145,2019-04-05,129.59,29.81,159.4,0.23,Automotive,33
659166,3224,3055,2019-02-15,5005.86,400.47,5406.33,0.08,Furniture,9
693947,8304,8377,2019-06-03,143.93,11.51,155.44,0.08,Clothing,9
940816,6696,9405,2019-01-28,290.1,14.51,304.61,0.05,Food,57
992539,6362,6362,2019-10-17,20993.32,4828.46,25821.78,0.23,Furniture,16
189805,2243,5853,2019-09-14,668.52,53.48,722.0,0.08,Food,37
872271,4991,9085,2019-05-08,160.95,12.88,173.83,0.08,Education Services,8
861651,5614,8864,2019-07-16,163.12,8.16,171.28,0.05,Food,7
632057,5126,25195593,2019-03-15,523.85,120.49,644.34,0.23,Services,10
708418,9326,5034,2019-09-24,11098.82,887.91,11986.73,0.08,Financial Services,50
905159,4689,3338,2019-01-04,935.98,46.8,982.78,0.05,Machinery,37
303298,7500,5290,2019-11-27,21457.27,4935.17,26392.44,0.23,Education Services,24
480256,7029,3020,2019-06-26,344.6,79.26,423.86,0.23,,38
254735,3964,8873,2019-06-10,22170.16,1108.51,23278.67,0.05,Construction Materials,58
514528,8966,9771,2019-03-24,3650.41,182.52,3832.93,0.05,Healthcare Equipment,21
916926,6115,5655,2019-09-23,2378.28,190.26,2568.54,0.08,Office Supplies,4
251888,4889,4738,2019-05-14,259.72,20.78,280.5,0.08,Construction Materials,16
668484,5030,9357,2019-07-14,3971.64,317.73,4289.37,0.08,Furniture,54
864289,5492,4560,2019-03-01,11950.89,956.07,12906.96,0.08,Healthcare Equipment,53
487948,6927,2193,2019-05-02,352.86,17.64,370.5,0.05,Pharmaceuticals,36
679504,3378,8304,2019-03-23,328.9,75.65,404.55,0.23,Clothing,59
181090,4776,5611,2019-10-17,976.85,78.15,1055.0,0.08,Pharmaceuticals,8
675278,2155,3956,2019-02-01,951.17,47.56,998.73,0.05,Electronics,7
299204,7479,2044,2019-12-04,9034.96,451.75,9486.71,0.05,Furniture,49
350004,2327,4170,2019-11-13,3945.06,197.25,4142.31,0.05,Furniture,29
572287,6139,6371,2019-05-27,3389.98,169.5,3559.48,0.05,Office Supplies,31
650033,3393,4860,2019-01-23,122.17,6.11,128.28,0.05,Electronics,9
135266,7656,5076,2019-12-04,495.64,24.78,520.42,0.05,Electronics,21
331041,2619,9613,2019-08-11,967.41,222.5,1189.91,0.23,Financial Services,18
132972,8269,8559,2019-08-13,2905.61,145.28,3050.89,0.05,Electronics,54
800905,2329,1128,2019-06-13,7017.28,1613.97,8631.25,0.23,Pharmaceuticals,16
483221,3826,1627,2019-12-02,7795.06,1792.86,9587.92,0.23,Software,50
832687,1475,1711,2019-08-10,2463.04,123.15,2586.19,0.05,Construction Materials,19
139535,8864,4986,2019-06-21,3533.5,176.68,3710.18,0.05,Services,0
438025,2311,9324,2019-07-14,391.43,90.03,481.46,0.23,Construction Materials,36
134367,9118,3756,2019-06-28,22860.38,1143.02,24003.4,0.05,Food,22
459640,4469,8377,2019-12-23,243.58,12.18,255.76,0.05,Office Supplies,5
114738,2318,4354,2019-12-27,3659.76,292.78,3952.54,0.08,Machinery,22
690118,3469,6685,2019-06-18,20510.74,1640.86,22151.6,0.08,Machinery,57
803722,1733,5508,2019-12-23,2962.02,681.26,3643.28,0.23,Construction Materials,30
116445,7297,2378,2019-05-24,20005.95,1000.3,21006.25,0.05,Food,58
658328,5845,3488,2019-12-09,21300.1,1704.01,23004.11,0.08,Services,11
912636,8270,1381,2019-10-19,812.42,64.99,877.41,0.08,Services,1
908683,6925,4719,2019-01-13,1559.42,124.75,1684.17,0.08,Services,12
975765,3472,2664,2019-09-18,183.87,14.71,198.58,0.08,Pharmaceuticals,24
232707,8864,9132,2019-09-06,8612.98,430.65,9043.63,0.05,Healthcare Equipment,47
788995,7731,5222,2019-10-21,1215.32,60.77,1276.09,0.05,Healthcare Equipment,25
406707,1211,3623,2019-04-25,3906.23,898.43,4804.66,0.23,Services,26
656689,8143,4892,2019-01-30,9055.12,724.41,9779.53,0.08,Electronics,44
442220,9357,5102,2019-01-19,398.67,91.69,490.36,0.23,Services,21
752528,4443,6887,2019-11-29,1210.2,278.35,1488.55,0.23,Financial Services,31
549965,2131,7047,2019-05-23,2922.65,233.81,3156.46,0.08,Software,52
819940,1059,9206,2019-06-13,853.53,42.68,896.21,0.05,Services,53
238836,4860,9585,2019-01-19,381.25,87.69,468.94,0.23,Automotive,16
558074,8674,7363,2019-03-06,158.92,12.71,171.63,0.08,Services,43
686118,2157,4412,2019-06-30,7195.44,359.77,7555.21,0.05,Clothing,4
163101,1817,2819,2019-02-05,174.62,8.73,183.35,0.05,Healthcare Equipment,32
386912,8050,9298926513,2019-09-26,691.86,159.13,850.99,0.23,Services,17
848202,7312,9822,2019-12-24,361.7,18.09,379.79,0.05,Services,1
566884,2030,4753,2019-02-10,327.55,26.2,353.75,0.08,Financial Services,6
321600,5868,3930,2019-08-24,254.2,12.71,266.91,0.05,Clothing,8
458371,7398,4018,2019-09-12,936.27,74.9,1011.17,0.08,Electronics,18
932344,9827,4162,2019-07-07,9925.83,496.29,10422.12,0.05,Services,29
675097,1352,1817,2019-02-08,608.76,48.7,657.46,0.08,Construction Materials,24
462898,5254,9096,2019-07-23,2800.2,644.05,3444.25,0.23,Electronics,38
132595,7947,7004,2019-10-21,15064.54,753.23,15817.77,0.05,Construction Materials,23
335601,6238,5597,2019-08-13,11299.57,564.98,11864.55,0.05,Financial Services,24
111029,7305,9621,2019-12-04,291.41,23.31,314.72,0.08,Software,30
133966,1966,7360,2019-11-28,865.72,69.26,934.98,0.08,Electronics,57
451067,9129,55557598,2019-02-01,546.03,125.59,671.62,0.23,Services,5
995058,5980,7737,2019-10-10,1298.98,298.77,1597.75,0.23,Construction Materials,0
339943,9519,5030,2019-11-03,13033.28,651.66,13684.94,0.05,Electronics,38
414713,9703,6863,2019-04-28,146.3,11.7,158.0,0.08,Education Services,8
665129,9324,9879,2019-08-27,2623.49,603.4,3226.89,0.23,Office Supplies,6
416479,3334,5544,2019-08-25,223.16,11.16,234.32,0.05,Financial Services,54
996009,9060,6922,2019-09-11,286.28,65.84,352.12,0.23,Education Services,49
662257,7378,9703,2019-04-15,3867.45,309.4,4176.85,0.08,Automotive,36
200707,5057,9939,2019-08-19,9631.12,770.49,10401.61,0.08,Clothing,44
221758,1566,4161,2019-11-09,636.1,31.81,667.91,0.05,Food,4
589178,5069,2465,2019-01-02,7350.46,1690.61,9041.07,0.23,Construction Materials,28
231325,2939,9812,2019-01-22,414.97,95.44,510.41,0.23,Clothing,35
693591,1082,5494,2019-08-03,132.13,6.61,138.74,0.05,Food,54
902846,6587,7479,2019-01-06,633.77,145.77,779.54,0.23,Clothing,54
242785,1389,5219,2019-06-19,698.87,160.74,859.61,0.23,Office Supplies,50
134493,1735,3020,2019-03-29,291.3,67.0,358.3,0.23,Construction Materials,25
202157,7814,7043,2019-01-29,9860.86,788.87,10649.73,0.08,Healthcare Equipment,27
451710,3657,5538,2019-02-17,133.73,10.7,144.43,0.08,Food,13
288614,1711,2246,2019-11-27,6980.43,349.02,7329.45,0.05,Healthcare Equipment,19
150961,7451,5531,2019-02-22,256.39,12.82,269.21,0.05,Furniture,12
564644,1377,4018,2019-10-08,815.65,65.25,880.9,0.08,Pharmaceuticals,9
132792,4831,9132,2019-02-10,19495.53,4483.97,23979.5,0.23,Clothing,36
342837,4719,3203,2019-04-17,217.98,50.14,268.12,0.23,Office Supplies,51
637673,8050,9132,2019-03-26,8392.92,671.43,9064.35,0.08,Food,53
283005,4747,2613,2019-10-06,5465.45,273.27,5738.72,0.05,Services,21
450952,6168,5240,2019-06-14,504.69,40.38,545.07,0.08,Healthcare Equipment,51
185432,6594,8488,2019-01-28,1424.89,327.72,1752.61,0.23,Education Services,25
480915,8383,5282,2019-01-19,4337.9,347.03,4684.93,0.08,Automotive,13
414507,7298,2459,2019-09-08,961.9,221.24,1183.14,0.23,Furniture,47
402362,1180,5098,2019-01-16,7147.72,1643.98,8791.7,0.23,Clothing,20
345060,2819,2108,2019-10-29,18641.48,1491.32,20132.8,0.08,Office Supplies,20
828432,9292,3628,2019-08-15,294.1,67.64,361.74,0.23,Software,11
465288,9042,4617,2019-08-09,1938.38,96.92,2035.3,0.05,Software,22
360391,3020,8806,2019-06-07,139.65,32.12,171.77,0.23,Pharmaceuticals,27
196886,8142,2771,2019-11-01,17729.13,4077.7,21806.83,0.23,Construction Materials,30
255437,5379,2832,2019-07-14,2675.49,133.77,2809.26,0.05,Construction Materials,53
743294,2465,4230,2019-07-13,753.32,173.26,926.58,0.23,Services,16
250073,9874,4469,2019-03-23,3400.66,272.05,3672.71,0.08,Software,14
735178,6598,5803,2019-08-31,4587.02,1055.01,5642.03,0.23,Construction Materials,9
485072,1824,7096,2019-07-16,531.02,26.55,557.57,0.05,Healthcare Equipment,14
726730,3690,8112,2019-07-20,128.84,29.63,158.47,0.23,Food,60
420490,7231,4889,2019-12-02,200.78,46.18,246.96,0.23,Office Supplies,19
382176,1925,8100,2019-05-10,294.52,23.56,318.08,0.08,Food,4
763892,3488,1853,2019-01-25,6570.78,525.66,7096.44,0.08,Food,44
979254,5764,1471,2019-12-05,6679.06,1536.18,8215.24,0.23,Electronics,55
440888,9820,5126,2019-09-27,4146.11,207.31,4353.42,0.05,Machinery,60
955216,1311,6390,2019-08-18,1468.34,117.47,1585.81,0.08,,54
605647,2454,5764,2019-12-13,22960.53,1836.84,24797.37,0.08,Machinery,4
949415,5261,5853,2019-07-11,314.15,15.71,329.86,0.05,Education Services,31
954687,4823,6091,2019-12-17,384.55,30.76,415.31,0.08,Construction Materials,14
227365,4354,9514,2019-04-22,6599.84,527.99,7127.83,0.08,Construction Materials,28
554267,5203,7695,2019-02-22,787.36,39.37,826.73,0.05,Healthcare Equipment,24
896578,9368,7458,2019-06-03,2716.71,624.84,3341.55,0.23,Construction Materials,34
968458,2246,3420,2019-01-06,196.1,45.1,241.2,0.23,Construction Materials,48
852127,7965,2193,2019-03-14,3089.52,247.16,3336.68,0.08,Food,26
515434,5156,8598,2019-08-06,584.18,29.21,613.39,0.05,Construction Materials,35
369137,9347,5203,2019-01-04,969.65,77.57,1047.22,0.08,Food,54
532757,9482,3722,2019-10-01,568.48,130.75,699.23,0.23,Software,57
964575,7340,3502,2019-06-26,18274.7,913.74,19188.44,0.05,Machinery,0
419840,8529,2363,2019-11-16,145.95,7.3,153.25,0.05,Clothing,39
566352,2199,7952,2019-03-24,104.45,5.22,109.67,0.05,Construction Materials,5
385799,7296,2536,2019-01-04,161.96,37.25,199.21,0.23,Healthcare Equipment,8
883552,1375,4984,2019-04-29,8634.95,1986.04,10620.99,0.23,Construction Materials,20
537209,2192,7055,2019-11-25,1280.11,294.43,1574.54,0.23,Services,44
653187,5670,2134,2019-11-13,11155.41,557.77,11713.18,0.05,Healthcare Equipment,25
220293,3006,6107,2019-10-10,9885.83,494.29,10380.12,0.05,Software,12
305566,4827,7258,2019-05-30,2785.89,640.75,3426.64,0.23,Pharmaceuticals,58
739561,4049,2043,2019-12-20,9598.77,767.9,10366.67,0.08,Pharmaceuticals,53
688813,9222,3727,2020-01-01,2582.75,594.03,3176.78,0.23,Electronics,28
783616,1929,5126,2019-10-14,107.65,8.61,116.26,0.08,Electronics,59
325308,1038,1284,2019-08-23,1268.37,63.42,1331.79,0.05,Services,55
139658,6542,3582,2019-01-15,1103.85,55.19,1159.04,0.05,Healthcare Equipment,1
849384,9822,5411,2019-06-30,3255.36,748.73,4004.09,0.23,Automotive,51
721873,2690,9514,2019-07-07,7899.61,631.97,8531.58,0.08,Machinery,51
712761,6463,8809,2019-01-20,302.03,69.47,371.5,0.23,Software,23
772161,9879,8852,2019-08-15,2284.69,525.48,2810.17,0.23,Machinery,1
308868,6800,9519,2019-12-18,299.9,14.99,314.89,0.05,Pharmaceuticals,50
592073,5764,3286,2019-12-05,10382.43,2387.96,12770.39,0.23,Services,53
595996,1210,4831,2019-04-28,2001.57,160.13,2161.7,0.08,,6
643946,3668,9868,2019-07-06,1919.8,441.55,2361.35,0.23,,20
280803,8481,5058,2019-02-17,9679.35,483.97,10163.32,0.05,Clothing,11
715778,3738,9820,2019-12-21,2964.39,681.81,3646.2,0.23,Electronics,37
751727,2328,2328,2019-07-29,2887.76,144.39,3032.15,0.05,Software,19
996544,7954,7848,2019-06-04,683.25,54.66,737.91,0.08,Office Supplies,55
450359,7326,4691,2019-10-04,508.67,116.99,625.66,0.23,Education Services,43
805630,1682,4162,2019-11-05,19705.19,1576.42,21281.61,0.08,,56
792075,7801,2378,2019-02-25,849.79,67.98,917.77,0.08,Electronics,19
552063,8806,7461,2019-06-20,475.68,109.41,585.09,0.23,Services,50
814693,6440,1817,2019-03-29,373.46,29.88,403.34,0.08,Machinery,50
313135,6820,9709,2019-10-25,15577.54,3582.83,19160.37,0.23,Software,44
253125,7954,9030,2019-07-04,4753.52,237.68,4991.2,0.05,Furniture,12
316019,1372,1817,2019-08-10,972.49,223.67,1196.16,0.23,Machinery,3
840121,8755,4991,2019-10-27,7206.96,360.35,7567.31,0.05,Software,36
696232,6847,4960,2019-03-10,9798.3,2253.61,12051.91,0.23,Construction Materials,15
122377,5046,3108,2019-05-03,128.09,6.4,134.49,0.05,Pharmaceuticals,53
218119,6047,4183,2019-10-26,1270.15,292.13,1562.28,0.23,Automotive,20
506940,1457,12345679,2019-08-16,272.22,62.61,334.83,0.23,Services,42
220092,4928,7231,2019-09-29,884.25,70.74,954.99,0.08,Financial Services,6
678711,1446,3027,2019-01-20,8851.91,708.15,9560.06,0.08,Machinery,17
620980,6275,6031,2019-09-16,4401.12,352.09,4753.21,0.08,Clothing,30
142698,6169,1685,2019-11-09,4414.02,220.7,4634.72,0.05,Construction Materials,48
871562,6634,6188,2019-12-18,402.35,92.54,494.89,0.23,Electronics,46
559272,6800,4831,2019-08-21,985.98,78.88,1064.86,0.08,Electronics,25
661627,2383,6718,2019-05-01,3336.44,767.38,4103.82,0.23,Machinery,3
327859,2459,7117,2019-09-30,4956.16,396.49,5352.65,0.08,Education Services,36
765295,2318,9226,2019-02-20,3879.48,193.97,4073.45,0.05,Software,28
463118,1446,9421,2019-02-20,146.59,33.72,180.31,0.23,Food,8
192387,2213,9357,2019-03-21,161.05,37.04,198.09,0.23,Clothing,52
478714,1754,2145,2019-02-07,1207.32,60.37,1267.69,0.05,Healthcare Equipment,47
645609,8035,9194,2019-09-17,877.91,201.92,1079.83,0.23,Automotive,11
927876,4789,3393,2019-03-22,16175.74,3720.42,19896.16,0.23,Pharmaceuticals,59
406652,7272,9214,2019-09-13,7325.4,1684.84,9010.24,0.23,Services,17
389992,9048,12345679,2019-10-12,1105.98,254.38,1360.36,0.23,Services,55
197275,7863,8814,2019-03-28,22651.21,5209.78,27860.99,0.23,Machinery,48
413620,9542,3224,2019-12-26,219.41,50.46,269.87,0.23,Pharmaceuticals,26
734042,4617,5630,2019-10-30,184.29,42.39,226.68,0.23,Software,42
108665,1473,1284,2019-04-09,312.25,15.61,327.86,0.05,Services,54
403418,8304,1446,2019-01-29,1968.36,98.42,2066.78,0.05,Electronics,34
302786,7461,6584,2019-10-22,476.48,23.82,500.3,0.05,Healthcare Equipment,44
510642,9122,4695,2019-06-10,8458.71,422.94,8881.65,0.05,Office Supplies,28
513890,9115,9226,2019-11-07,2535.62,202.85,2738.47,0.08,Pharmaceuticals,0
369802,9467,7801,2019-12-14,569.15,45.53,614.68,0.08,Healthcare Equipment,38
924866,3033,9324,2019-03-08,189.39,43.56,232.95,0.23,Financial Services,52
583444,4955,3808,2019-02-22,2864.64,658.87,3523.51,0.23,Furniture,53
964105,7466,9874,2019-03-16,3118.11,717.17,3835.28,0.23,,18
678615,9661,3717,2019-12-26,131.84,10.55,142.39,0.08,Financial Services,57
810315,6106,5402,2019-04-20,3515.84,175.79,3691.63,0.05,Machinery,45
499536,5403,3296,2019-06-17,3736.59,186.83,3923.42,0.05,Education Services,20
553644,8050,9123,2019-07-17,10534.15,526.71,11060.86,0.05,Financial Services,35
831872,6422,1457,2019-12-03,353.28,17.66,370.94,0.05,Electronics,13
777017,5478,3478,2019-03-30,771.64,177.48,949.12,0.23,Furniture,43
381685,2530,1643,2019-08-15,174.19,40.06,214.25,0.23,Education Services,12
678768,9783,1798,2019-03-31,157.31,7.87,165.18,0.05,Office Supplies,58
924581,1473,3213,2019-12-27,908.81,72.7,981.51,0.08,Pharmaceuticals,21
962851,9171,6919,2019-07-26,9998.77,799.9,10798.67,0.08,Education Services,16
835913,1106,6169,2019-04-06,5133.62,410.69,5544.31,0.08,Financial Services,14
580635,1446,2253,2019-05-11,972.43,48.62,1021.05,0.05,Services,4
868078,9747,3756,2019-02-04,445.29,22.26,467.55,0.05,Construction Materials,29
430432,3378,9326,2019-12-15,442.35,101.74,544.09,0.23,Software,36
376582,2690,7480,2019-06-14,3542.01,177.1,3719.11,0.05,Pharmaceuticals,28
474273,7512,3809,2019-08-08,341.58,78.56,420.14,0.23,Automotive,16
885843,6277,7898,2019-12-07,324.8,16.24,341.04,0.05,Electronics,35
571167,9913,1068,2019-04-15,9163.95,458.2,9622.15,0.05,Healthcare Equipment,0
979382,5831,3033,2019-06-07,298.9,23.91,322.81,0.08,Education Services,23
249074,4834,5886,2019-12-09,505.36,40.43,545.79,0.08,Electronics,17
758673,5785,3939436439,2019-09-15,1314.4,302.31,1616.71,0.23,Services,55
944097,3720,7531,2019-05-31,4215.08,210.75,4425.83,0.05,,60
783025,5009,6047,2019-06-02,13915.53,1113.24,15028.77,0.08,Machinery,18
756236,2192,7331855714,2019-02-14,651.93,149.94,801.87,0.23,Services,25
127876,5500,1188,2019-01-16,14944.05,3437.13,18381.18,0.23,Office Supplies,60
148838,8083,5505,2019-11-30,4749.16,237.46,4986.62,0.05,Electronics,30
208071,5046,4560,2019-04-12,490.55,112.83,603.38,0.23,Healthcare Equipment,30
779398,1436,4745,2019-12-07,14017.19,3223.95,17241.14,0.23,Services,50
689432,5013,4541,2019-07-19,7704.55,385.23,8089.78,0.05,Food,5
133702,1068,2327,2019-09-18,11314.39,2602.31,13916.7,0.23,Office Supplies,53
827869,3582,6139,2019-11-08,108.97,25.06,134.03,0.23,Financial Services,2
612549,4659,2120,2019-06-25,2283.79,525.27,2809.06,0.23,Pharmaceuticals,14
742861,1841,1888,2019-10-19,6857.73,342.89,7200.62,0.05,Food,13
292468,3199,4823,2019-10-13,1523.48,350.4,1873.88,0.23,Office Supplies,18
619920,8178,2383,2019-02-04,2577.05,592.72,3169.77,0.23,Software,57
935156,4366,3756,2019-03-14,835.39,66.83,902.22,0.08,,22
444336,4429,7393,2019-12-22,7743.01,619.44,8362.45,0.08,Education Services,37
766826,2156,19850080,2019-09-30,724.56,166.65,891.21,0.23,Services,49
553391,7393,9259,2019-12-10,319.14,25.53,344.67,0.08,Office Supplies,43
325256,9621,7250,2019-10-27,895.59,44.78,940.37,0.05,Machinery,30
564550,1925,8747,2019-11-05,19196.93,959.85,20156.78,0.05,Automotive,22
875512,5512,5046,2019-05-22,168.96,8.45,177.41,0.05,Education Services,16
464999,7256,2567,2019-11-18,640.41,51.23,691.64,0.08,Office Supplies,44
565326,7305,8857,2019-01-12,195.57,44.98,240.55,0.23,Clothing,44
657638,8436,4466,2019-03-25,367.49,84.52,452.01,0.23,Construction Materials,26
488344,3543,3361,2019-03-03,4847.96,242.4,5090.36,0.05,Food,54
916250,6163,1484,2019-11-19,15901.55,1272.12,17173.67,0.08,Financial Services,55
334828,9674,4789,2019-10-30,15261.35,1220.91,16482.26,0.08,Food,49
537922,5508,8665,2019-11-17,139.43,32.07,171.5,0.23,Automotive,48
495006,9515,9018,2019-01-09,1181.37,94.51,1275.88,0.08,Services,33
902316,2446,7211,2019-01-30,315.04,72.46,387.5,0.23,Furniture,41
652934,9444,2187,2019-01-05,577.49,46.2,623.69,0.08,,57
750113,5548,1754,2019-07-29,2417.37,120.87,2538.24,0.05,Financial Services,19
347775,5895,7170,2019-07-02,3542.84,177.14,3719.98,0.05,Automotive,34
930439,2968,9687,2019-09-08,1048.32,83.87,1132.19,0.08,,41
106064,9845,9085,2019-09-27,136.24,6.81,143.05,0.05,Office Supplies,52
813535,1211,1783,2019-06-29,3266.93,261.35,3528.28,0.08,Food,50
339085,3775,2326,2019-04-03,177.9,14.23,192.13,0.08,Automotive,36
710939,7365,3809,2019-02-01,18724.1,936.2,19660.3,0.05,Financial Services,35
961825,4663,14575209,2019-05-31,173.99,40.02,214.01,0.23,Services,15
208978,5261,8256,2019-02-06,666.31,53.3,719.61,0.08,Furniture,13
526216,6132,9255,2019-05-14,4483.69,358.7,4842.39,0.08,Pharmaceuticals,49
389173,5842,7956,2019-09-10,17338.41,3987.83,21326.24,0.23,Automotive,7
936288,5058,6300,2019-12-21,275.51,22.04,297.55,0.08,Education Services,58
163004,3730,11072584,2019-01-22,569.56,131.0,700.56,0.23,Services,34
965702,8034,4300,2019-05-30,7912.61,395.63,8308.24,0.05,Food,21
984514,7952,2790,2019-01-26,762.66,38.13,800.79,0.05,Services,56
167176,4245,3720,2019-05-15,11391.92,911.35,12303.27,0.08,Pharmaceuticals,45
757569,3378,9224,2019-09-24,296.7,68.24,364.94,0.23,Education Services,9
343470,4466,4183,2019-04-18,3771.22,301.7,4072.92,0.08,Education Services,47
615508,6463,6990,2019-09-06,130.75,10.46,141.21,0.08,,44
565970,1139,7615,2019-10-16,286.21,14.31,300.52,0.05,Food,8
172905,5200,6685,2019-03-02,3444.55,792.25,4236.8,0.23,Healthcare Equipment,1
902097,4595,4668,2019-06-02,3055.25,152.76,3208.01,0.05,Financial Services,26
259737,1059,6371,2019-07-16,19193.45,1535.48,20728.93,0.08,Furniture,20
931168,7784,5034,2019-07-05,22617.33,1130.87,23748.2,0.05,Financial Services,15
640625,1343,4162,2019-06-30,4203.36,210.17,4413.53,0.05,Healthcare Equipment,46
769472,1250,6895,2019-06-18,12438.89,621.94,13060.83,0.05,Furniture,11
813436,8226,2916,2019-09-30,421.39,96.92,518.31,0.23,Machinery,40
542390,6750,7656,2019-11-26,253.98,12.7,266.68,0.05,Electronics,39
265589,9122,7961,2019-09-05,2179.29,108.96,2288.25,0.05,Education Services,47
452454,2664,1372,2019-05-19,132.18,30.4,162.58,0.23,Automotive,6
820276,7873,1970,2019-11-03,128.73,10.3,139.03,0.08,Clothing,1
269813,8371,7272,2019-04-06,15172.73,758.64,15931.37,0.05,Education Services,53
643291,4230,8051,2019-03-10,3986.52,916.9,4903.42,0.23,Pharmaceuticals,27
262440,7731,7043,2019-11-14,206.87,47.58,254.45,0.23,Healthcare Equipment,35
694888,3126,2246,2019-10-10,712.43,35.62,748.05,0.05,Financial Services,54
811480,1068,1682,2019-08-02,4961.9,248.09,5209.99,0.05,Clothing,26
721997,1763,9910,2019-02-10,1972.54,453.68,2426.22,0.23,Software,39
668821,5120,9085,2019-04-29,189.92,15.19,205.11,0.08,Clothing,51
592566,8441,7363,2019-09-25,12088.81,604.44,12693.25,0.05,Financial Services,55
229246,2790,6676,2019-03-01,893.7,205.55,1099.25,0.23,Machinery,22
895850,6750,2027,2019-01-04,330.17,16.51,346.68,0.05,Software,35
427598,1786,7965,2019-02-23,356.64,28.53,385.17,0.08,Food,24
883259,6698,4183,2019-10-22,3408.1,783.86,4191.96,0.23,Automotive,50
478124,8624,6800,2019-12-27,106.47,5.32,111.79,0.05,Office Supplies,20
942476,7258,8931,2019-05-31,1445.94,115.68,1561.62,0.08,Education Services,54
646554,2209,4276,2019-06-17,2260.19,519.84,2780.03,0.23,Machinery,44
346051,8035,4434,2019-11-30,13655.31,3140.72,16796.03,0.23,Construction Materials,51
296663,8674,8152,2019-02-24,3751.21,300.1,4051.31,0.08,Construction Materials,30
109533,9420,6646,2019-06-19,9542.5,763.4,10305.9,0.08,Electronics,13
849840,9709,5254,2019-08-03,4171.65,333.73,4505.38,0.08,Electronics,42
954446,3540,2968,2019-08-09,3530.62,176.53,3707.15,0.05,Clothing,27
980199,3750,2939,2019-06-14,3864.28,193.21,4057.49,0.05,Automotive,47
605408,9000,1048,2019-01-16,643.3,51.46,694.76,0.08,Machinery,60
105125,2204,6736,2019-04-27,2296.95,528.3,2825.25,0.23,Furniture,44
781989,3462,4652,2019-06-21,895.06,205.86,1100.92,0.23,Pharmaceuticals,56
470333,3668,6895,2019-01-08,5761.33,1325.11,7086.44,0.23,Office Supplies,54
503037,6422,12345679,2019-09-08,430.55,99.03,529.58,0.23,Services,51
456014,3679,5120,2019-06-27,882.82,44.14,926.96,0.05,Electronics,55
171443,9827,8340,2019-11-22,523.01,120.29,643.3,0.23,Services,19
695255,2490,8366,2019-11-11,262.82,60.45,323.27,0.23,Pharmaceuticals,45
825194,4619,8096,2019-08-20,2233.18,513.63,2746.81,0.23,Construction Materials,60
543447,8100,7801,2019-07-24,2776.89,222.15,2999.04,0.08,Software,47
884597,6676,3606,2019-12-05,17867.71,1429.42,19297.13,0.08,Office Supplies,28
652624,7189,9180,2019-04-13,1358.96,67.95,1426.91,0.05,Pharmaceuticals,28
522206,4568,8472,2019-08-15,3147.13,723.84,3870.97,0.23,Software,21
590666,3171,2464,2019-06-07,16916.59,1353.33,18269.92,0.08,Machinery,18
580179,7894,9661,2019-09-29,9005.25,720.42,9725.67,0.08,Software,38
601697,9482,2536,2019-12-08,3156.21,252.5,3408.71,0.08,Machinery,15
617552,9868,9567,2019-11-19,19765.89,988.29,20754.18,0.05,Financial Services,5
253109,2579,4443,2019-12-20,15538.86,3573.94,19112.8,0.23,,38
498431,8108,6296,2019-12-09,1739.5,86.98,1826.48,0.05,Healthcare Equipment,19
116388,2638,57568436,2019-04-16,1282.4,294.95,1577.35,0.23,Services,33
618430,4695,5056,2019-03-23,15404.25,1232.34,16636.59,0.08,Machinery,3
733355,4434,8467,2019-08-16,2450.78,196.06,2646.84,0.08,Clothing,26
943711,3420,8304,2019-03-29,9455.86,472.79,9928.65,0.05,Financial Services,14
891440,4860,4466,2019-02-27,6044.05,302.2,6346.25,0.05,Services,30
359391,7250,7277,2019-11-08,3569.68,821.03,4390.71,0.23,Healthcare Equipment,27
927626,3126,9324,2019-10-31,739.27,170.03,909.3,0.23,Pharmaceuticals,39
163316,2192,2311,2019-08-28,508.18,25.41,533.59,0.05,Financial Services,17
979523,7096,4655,2019-11-23,1162.06,92.96,1255.02,0.08,Software,49
795642,2329,5046,2019-12-02,871.2,69.7,940.9,0.08,Healthcare Equipment,53
115033,7605,1302,2019-11-26,4594.38,1056.71,5651.09,0.23,,8
362846,4357,2777692,2019-09-06,333.24,76.65,409.89,0.23,,35
139567,8665,4429,2019-12-05,851.62,195.87,1047.49,0.23,Automotive,27
481797,9515,1389,2019-06-12,937.41,215.6,1153.01,0.23,Pharmaceuticals,14
492344,1841,6472,2019-08-11,1255.79,100.46,1356.25,0.08,Services,35
491644,7360,8488,2019-07-30,178.36,14.27,192.63,0.08,Financial Services,57
439421,1682,8256,2019-11-19,700.13,161.03,861.16,0.23,Services,26
787657,6634,3144,2019-02-28,100.86,23.2,124.06,0.23,Education Services,56
866331,9206,5984,2019-09-05,6585.62,526.85,7112.47,0.08,Furniture,10
643584,9467,7522,2019-01-04,7932.36,396.62,8328.98,0.05,Healthcare Equipment,26
881752,4183,2243,2019-05-24,776.58,62.13,838.71,0.08,Furniture,45
691756,4642,9030,2019-02-11,18977.9,948.9,19926.8,0.05,Furniture,6
531832,6422,5520,2019-01-06,1167.7,58.39,1226.09,0.05,Pharmaceuticals,57
746269,1800,9255,2019-12-09,5303.19,424.26,5727.45,0.08,Office Supplies,55
452897,8529,9421,2019-05-05,1034.92,238.03,1272.95,0.23,Clothing,57
299952,5358,4185,2019-09-27,2947.21,147.36,3094.57,0.05,Office Supplies,6
790821,4758,3727,2019-03-17,127.78,10.22,138.0,0.08,Electronics,33
587439,4512,7170,2019-06-11,240.29,19.22,259.51,0.08,Services,20
878724,7312,9050,2019-11-05,1957.48,450.22,2407.7,0.23,Healthcare Equipment,0
330342,1302,9755,2019-05-05,725.79,166.93,892.72,0.23,Healthcare Equipment,44
533535,8079,2298,2019-02-25,824.95,41.25,866.2,0.05,Pharmaceuticals,59
319023,5918,4960,2019-08-31,4294.99,343.6,4638.59,0.08,Software,59
431891,4049,6428,2019-06-28,110.71,25.46,136.17,0.23,Automotive,16
982401,6626,1319,2019-04-10,4728.53,378.28,5106.81,0.08,Services,16
254405,9717,6539,2019-12-25,936.23,46.81,983.04,0.05,Services,46
825628,1616,3582,2019-02-17,1788.52,143.08,1931.6,0.08,Food,17
863067,5240,5597,2019-09-04,2039.95,469.19,2509.14,0.23,Furniture,55
177224,8467,7247,2019-04-12,169.51,38.99,208.5,0.23,Electronics,57
297533,7954,2199,2019-03-10,7516.91,601.35,8118.26,0.08,Software,12
500998,6031,5974,2019-01-25,104.5,5.23,109.73,0.05,Electronics,37
659895,7965,4695,2020-01-01,668.16,33.41,701.57,0.05,Food,49
706444,1872,7911,2019-10-25,317.41,15.87,333.28,0.05,Software,24
403826,5030,9204,2019-08-21,1595.84,367.04,1962.88,0.23,Food,20
141745,9115,3582,2019-02-26,419.71,20.99,440.7,0.05,Office Supplies,51
688950,2227,6157,2019-10-18,1772.09,407.58,2179.67,0.23,Healthcare Equipment,28
268456,9456,9941,2019-10-09,409.05,94.08,503.13,0.23,,10
252684,7633,5895,2019-03-01,10872.93,2500.77,13373.7,0.23,Software,42
174820,4745,2318,2019-04-21,3847.68,192.38,4040.06,0.05,Food,51
197081,6872,8134,2019-09-19,11965.87,598.29,12564.16,0.05,Software,1
465153,7254,4183,2019-12-21,798.32,183.61,981.93,0.23,Clothing,20
132676,5914,4868,2019-04-22,189.91,15.19,205.1,0.08,Healthcare Equipment,41
578372,3543,3690,2019-06-17,1846.44,92.32,1938.76,0.05,Construction Materials,52
157366,3203,8674,2019-09-24,1237.46,61.87,1299.33,0.05,Clothing,23
848509,2329,2638,2019-12-20,143.84,7.19,151.03,0.05,Automotive,31
393991,7480,3930,2019-02-07,13655.79,1092.46,14748.25,0.08,Office Supplies,35
436157,7659,6847,2019-08-13,6042.82,1389.85,7432.67,0.23,Automotive,24
281844,9308,4150,2019-03-16,2109.77,168.78,2278.55,0.08,Clothing,18
790414,8226,4753,2019-02-10,24164.58,5557.85,29722.43,0.23,Clothing,24
813047,4183,5611,2019-12-09,3883.37,893.18,4776.55,0.23,Education Services,51
938712,1824,3668,2019-09-19,1261.85,63.09,1324.94,0.05,Automotive,53
417389,4355,4738,2019-05-24,760.92,175.01,935.93,0.23,Machinery,47
497820,1356,2226,2019-08-25,4981.19,249.06,5230.25,0.05,Automotive,56
931645,8481,3496,2019-03-17,1239.54,285.09,1524.63,0.23,Pharmaceuticals,1
522991,6053,1343,2019-04-25,4259.41,340.75,4600.16,0.08,Pharmaceuticals,0
829211,2286,5560,2019-01-31,1920.29,153.62,2073.91,0.08,Electronics,13
976461,2423,4745,2019-03-12,377.64,30.21,407.85,0.08,Food,34
794969,2040,6558,2019-09-06,827.29,66.18,893.47,0.08,Financial Services,57
184961,3564,95237360,2019-08-26,447.52,102.93,550.45,0.23,Services,9
788926,1059,6157,2019-03-27,2081.43,104.07,2185.5,0.05,Office Supplies,3
419560,3125,1988,2019-10-25,137.17,6.86,144.03,0.05,Electronics,57
383467,9222,2825,2019-07-21,226.03,18.08,244.11,0.08,Machinery,1
488068,9099,7451,2019-09-04,2086.3,479.85,2566.15,0.23,Financial Services,42
749654,5125,4541,2019-09-29,137.45,31.61,169.06,0.23,Automotive,12
723755,2492,9060,2019-12-13,219.25,50.43,269.68,0.23,Clothing,35
676904,9220,8158,2019-07-13,385.87,30.87,416.74,0.08,Office Supplies,33
367902,2105,3510,2019-12-27,872.49,43.62,916.11,0.05,Office Supplies,25
848778,9771,6107,2019-01-08,757.42,37.87,795.29,0.05,Machinery,32
479035,4955,6820,2019-08-10,5819.13,290.96,6110.09,0.05,Pharmaceuticals,56
438533,4985,5529,2019-03-25,23479.88,1173.99,24653.87,0.05,Clothing,53
273661,7029,5868,2019-07-18,1242.26,62.11,1304.37,0.05,Healthcare Equipment,10
768275,6295,3679,2019-09-03,596.68,137.24,733.92,0.23,Electronics,42
860241,7096,4429,2019-10-17,242.54,55.78,298.32,0.23,Electronics,27
522293,9420,6362,2019-02-15,405.93,93.36,499.29,0.23,Office Supplies,11
425980,6145,4841,2019-05-06,9301.31,465.07,9766.38,0.05,Office Supplies,47
219214,6539,7915,2019-01-26,15309.3,1224.74,16534.04,0.08,Machinery,32
182997,8909,7500,2019-02-07,990.59,79.25,1069.84,0.08,Clothing,2
383072,6031,3606,2019-08-12,203.26,46.75,250.01,0.23,Services,53
832878,7695,8674,2019-12-25,224.62,17.97,242.59,0.08,Construction Materials,23
210345,3836,6736,2019-01-15,3508.04,280.64,3788.68,0.08,Services,16
683726,9030,5297,2019-04-05,9004.56,2071.05,11075.61,0.23,Machinery,40
825839,4595,1323,2019-06-14,1317.49,105.4,1422.89,0.08,Financial Services,1
566275,7843,5144,2019-07-19,163.96,13.12,177.08,0.08,Electronics,38
927127,4674,2579,2019-08-10,718.39,165.23,883.62,0.23,Services,47
646135,9222,1389,2019-09-14,552.84,44.23,597.07,0.08,Furniture,49
972338,3108,5974,2019-06-03,9883.03,790.64,10673.67,0.08,Food,7
440078,9123,8645,2019-03-04,17235.4,1378.83,18614.23,0.08,Healthcare Equipment,38
802753,1319,5798,2019-03-22,726.32,58.11,784.43,0.08,Automotive,36
953051,1938,1446,2019-02-16,21117.5,4857.03,25974.53,0.23,Construction Materials,33
716234,1566,5937,2019-09-22,11755.4,940.43,12695.83,0.08,Automotive,39
399728,1304,6541,2019-02-01,2173.12,173.85,2346.97,0.08,,33
660527,1343,1966,2019-06-20,574.71,28.74,603.45,0.05,Healthcare Equipment,26
374400,3623,7801,2019-05-11,3286.68,262.93,3549.61,0.08,Furniture,33
970093,7652,6361,2019-01-14,133.12,30.62,163.74,0.23,Automotive,2
249893,1151,2204,2019-06-28,21906.44,5038.48,26944.92,0.23,Automotive,26
872325,9755,3478,2019-11-26,264.58,13.23,277.81,0.05,Education Services,57
173429,8814,2529,2019-08-13,4602.17,368.17,4970.34,0.08,Financial Services,27
481336,2480,1211,2019-03-27,15087.4,754.37,15841.77,0.05,Healthcare Equipment,52
961734,5831,3842,2019-04-01,13389.59,1071.17,14460.76,0.08,,3
348990,3597,4652,2019-02-11,293.12,23.45,316.57,0.08,Software,58
494394,5842,1036685,2019-05-02,1309.53,301.19,1610.72,0.23,Services,27
799403,9514,7971,2019-07-25,22739.73,1819.18,24558.91,0.08,Construction Materials,30
479334,2446,1422,2019-07-24,7313.21,365.66,7678.87,0.05,Financial Services,44
776912,2286,2619,2019-06-07,137.6,31.65,169.25,0.23,Healthcare Equipment,41
455792,2454,1456,2019-03-04,12271.9,981.75,13253.65,0.08,Healthcare Equipment,26
452928,1754,2771,2019-12-18,18666.03,1493.28,20159.31,0.08,Healthcare Equipment,17
290719,8931,6428,2019-11-26,486.35,38.91,525.26,0.08,Machinery,5
702763,5792,2459,2019-09-21,12835.29,641.76,13477.05,0.05,Electronics,38
891722,7193,6526,2019-10-02,1894.64,94.73,1989.37,0.05,Software,6
898510,7651,7193,2019-11-21,470.32,23.52,493.84,0.05,Food,57
974136,3112,8801,2019-12-18,16126.07,806.3,16932.37,0.05,Office Supplies,59
635173,5003,2379,2019-08-05,6255.33,1438.73,7694.06,0.23,Software,28
695302,7801,9963,2019-04-14,589.3,47.14,636.44,0.08,Food,13
447240,2613,1106,2019-01-15,20862.03,1043.1,21905.13,0.05,Automotive,11
389903,5984,2157,2019-09-19,15290.49,764.52,16055.01,0.05,Software,13
719288,9418,7258,2019-11-16,563.83,129.68,693.51,0.23,Services,28
315555,8624,5492,2019-04-07,4677.61,1075.85,5753.46,0.23,Electronics,27
831062,7814,1566,2019-11-10,673.39,154.88,828.27,0.23,Electronics,57
175978,7294,3915,2019-01-10,22009.8,1760.78,23770.58,0.08,Software,59
557710,5785,8070,2019-07-31,4051.95,324.16,4376.11,0.08,Food,49
731947,6542,4245,2019-02-15,223.03,17.84,240.87,0.08,Machinery,44
798960,7096,4354,2019-05-14,519.92,119.58,639.5,0.23,Healthcare Equipment,2
159428,1791,2156,2019-03-28,19286.03,1542.88,20828.91,0.08,,16
460257,1643,12345680,2019-11-04,684.91,157.53,842.44,0.23,Services,11
627479,4049,6558,2019-03-15,241.17,19.29,260.46,0.08,Machinery,44
147568,6542,9307,2019-03-20,585.83,29.29,615.12,0.05,Pharmaceuticals,26
714141,9390,2747,2019-05-09,321.56,16.08,337.64,0.05,Office Supplies,53
825373,8070,8872,2019-09-11,22927.11,1146.36,24073.47,0.05,Pharmaceuticals,44
936115,3236,1714,2019-11-05,482.43,110.96,593.39,0.23,Pharmaceuticals,40
589930,7458,5282,2019-12-19,1353.24,108.26,1461.5,0.08,Pharmaceuticals,41
519002,5003,7633,2019-09-09,982.63,49.13,1031.76,0.05,Software,29
849499,5232,2832,2019-03-13,1231.08,98.49,1329.57,0.08,Electronics,14
799532,7117,3420,2019-10-02,3659.54,182.98,3842.52,0.05,Education Services,19
576284,9567,7840,2019-01-05,694.55,55.56,750.11,0.08,Machinery,12
541881,9259,5088,2019-05-09,5751.23,287.56,6038.79,0.05,Pharmaceuticals,17
770039,7451,9747,2019-03-11,191.28,43.99,235.27,0.23,Food,30
198371,6911,9966,2019-09-18,4056.91,933.09,4990.0,0.23,Clothing,43
126229,5764,5505,2019-08-08,972.05,77.76,1049.81,0.08,,37
760423,9515,4460,2019-03-19,229.3,11.47,240.77,0.05,,28
647166,6895,8806,2019-12-26,507.14,40.57,547.71,0.08,Financial Services,33
558052,7966,6122,2019-03-06,689.51,55.16,744.67,0.08,Clothing,38
670832,5058,1798,2019-03-07,9544.91,477.25,10022.16,0.05,Automotive,35
423300,4245,5859,2019-09-14,1774.41,408.11,2182.52,0.23,Financial Services,32
865191,3502,1546,2019-07-06,12901.09,2967.25,15868.34,0.23,Food,37
130365,4994,8452,2019-12-26,5996.94,1379.3,7376.24,0.23,Pharmaceuticals,56
299526,7421,2379,2019-07-14,5737.55,1319.64,7057.19,0.23,Healthcare Equipment,18
333065,5621,2446,2019-09-23,24108.7,5545.0,29653.7,0.23,Electronics,16
452122,6483,6510,2019-02-09,183.59,9.18,192.77,0.05,Education Services,60
682002,9812,9292,2019-12-15,3355.0,167.75,3522.75,0.05,Machinery,53
300563,7099,9941,2019-07-03,13748.79,1099.9,14848.69,0.08,Automotive,34
858116,1128,6542,2019-05-18,487.53,39.0,526.53,0.08,Education Services,43
377854,1783,7647,2019-10-05,7488.82,1722.43,9211.25,0.23,Office Supplies,18
142477,4317,9368,2019-06-19,3800.58,874.13,4674.71,0.23,Financial Services,17
189809,2649,8852,2019-07-14,260.38,59.89,320.27,0.23,Automotive,39
972714,9509,7382,2019-05-10,1613.12,129.05,1742.17,0.08,Healthcare Equipment,17
816989,5555,2334,2019-06-23,7800.2,1794.05,9594.25,0.23,Clothing,16
171556,8826,5928,2019-11-21,429.66,98.82,528.48,0.23,Food,26
203684,1185,8100,2019-07-03,173.7,39.95,213.65,0.23,Education Services,10
910452,1082,7947,2019-03-04,443.84,102.08,545.92,0.23,Software,59
481430,5203,1160,2019-02-03,138.21,11.06,149.27,0.08,Education Services,9
185607,2066,1282,2019-06-21,3205.59,737.29,3942.88,0.23,Food,51
393018,5505,9771,2019-10-23,802.09,40.1,842.19,0.05,Electronics,27
536252,6315,2464,2019-07-15,894.54,205.74,1100.28,0.23,Office Supplies,31
933626,3171,5984,2019-03-16,16537.78,826.89,17364.67,0.05,Office Supplies,53
770292,7217,1304,2019-01-16,14630.64,1170.45,15801.09,0.08,Education Services,48
433755,5694,7298,2019-04-24,7692.14,384.61,8076.75,0.05,Healthcare Equipment,22
874092,1970,1760,2019-02-18,1819.28,418.43,2237.71,0.23,Healthcare Equipment,20
120952,7398,5030,2019-03-19,800.08,184.02,984.1,0.23,Services,12
685894,4753,7193,2019-04-25,24756.0,1980.48,26736.48,0.08,Clothing,40
543508,2226,6422,2019-07-14,1711.68,393.69,2105.37,0.23,Furniture,46
374208,7777,4230,2019-04-07,306.87,70.58,377.45,0.23,Healthcare Equipment,60
296340,1736,3756,2019-07-10,8661.95,433.1,9095.05,0.05,Healthcare Equipment,17
323672,2010,4170,2019-03-26,716.11,35.81,751.92,0.05,,32
757217,1966,5411,2019-01-18,8909.87,712.79,9622.66,0.08,Financial Services,38
398616,8902,3730,2019-01-17,23461.31,1173.07,24634.38,0.05,Pharmaceuticals,44
990230,1929,3516,2019-12-21,2204.9,507.13,2712.03,0.23,Software,26
373701,9527,3756,2019-02-25,1022.32,235.13,1257.45,0.23,Software,25
694045,5785,7337,2019-02-16,2759.3,634.64,3393.94,0.23,Electronics,9
479946,6895,9050,2019-09-02,2476.61,569.62,3046.23,0.23,Furniture,23
320385,9849,7522,2019-01-12,24103.27,1928.26,26031.53,0.08,Automotive,0
299500,3269,3437,2019-12-05,4685.43,1077.65,5763.08,0.23,Electronics,6
774758,8152,8187,2019-09-05,934.73,74.78,1009.51,0.08,Automotive,45
506370,2471,3215,2019-05-17,342.49,78.77,421.26,0.23,Clothing,45
318291,7353,9598,2019-02-26,18055.44,4152.75,22208.19,0.23,Machinery,39
891149,9347,8872,2019-04-29,195.27,44.91,240.18,0.23,Food,40
504370,1867,8143,2019-09-06,517.1,41.37,558.47,0.08,Furniture,11
211993,5544,7966,2019-11-07,219.53,50.49,270.02,0.23,Automotive,30
307024,3780,4831,2019-07-13,142.03,7.1,149.13,0.05,Clothing,30
386760,1826,4230,2019-10-01,343.3,78.96,422.26,0.23,,40
228029,2541,6740,2019-06-07,17402.35,1392.19,18794.54,0.08,Machinery,13
325486,1457,8158,2019-11-13,9895.27,494.76,10390.03,0.05,Education Services,55
767561,6543,5058,2019-01-21,23544.64,1883.57,25428.21,0.08,Construction Materials,22
721815,3775,6361,2019-10-05,273.83,62.98,336.81,0.23,Healthcare Equipment,26
601507,1824,4841,2019-11-26,854.6,42.73,897.33,0.05,Electronics,33
921448,7258,6157,2019-12-09,9653.8,772.3,10426.1,0.08,Healthcare Equipment,45
799194,6634,3136,2019-02-23,2861.48,228.92,3090.4,0.08,Financial Services,58
502965,2939,5670,2019-07-01,13052.34,652.62,13704.96,0.05,Clothing,45
838156,7531,4758,2019-08-03,762.22,175.31,937.53,0.23,Machinery,33
637357,6547,4674,2019-06-24,15791.8,1263.34,17055.14,0.08,Food,57
621023,9518,8709,2019-02-24,5583.38,279.17,5862.55,0.05,Clothing,23
786081,7363,8785,2019-02-06,571.06,45.68,616.74,0.08,Furniture,58
751150,7353,1803931119,2019-06-13,1460.4,335.89,1796.29,0.23,Services,27
805019,1323,1256,2019-04-07,21837.22,5022.56,26859.78,0.23,Office Supplies,60
624072,5597,7784,2019-03-11,8216.62,410.83,8627.45,0.05,Machinery,28
997625,7801,6163,2019-08-05,133.01,30.59,163.6,0.23,Software,31
519580,4668,2409,2019-07-03,149.66,7.48,157.14,0.05,Education Services,11
673950,2156,1185,2019-05-23,16645.91,832.3,17478.21,0.05,Construction Materials,21
473904,7753,1188,2019-11-04,2987.12,149.36,3136.48,0.05,Education Services,23
673778,7878,4340,2019-12-22,201.21,46.28,247.49,0.23,Software,28
209018,1798,2266,2019-03-26,4662.79,233.14,4895.93,0.05,Healthcare Equipment,7
355381,4880,9527,2019-12-20,996.89,49.84,1046.73,0.05,Clothing,29
905566,5209,2529,2019-04-01,589.35,29.47,618.82,0.05,Pharmaceuticals,24
268259,9073,8270,2019-09-22,1550.68,77.53,1628.21,0.05,Services,11
847105,3867,2246,2019-01-15,368.78,29.5,398.28,0.08,Electronics,30
121738,1188,4185,2019-11-22,581.74,29.09,610.83,0.05,Office Supplies,2
837240,8436,3407,2019-09-11,379.62,87.31,466.93,0.23,Software,40
904512,6485,1711,2019-09-20,559.4,27.97,587.37,0.05,Healthcare Equipment,14
772675,4841,5358,2019-08-01,15038.71,751.94,15790.65,0.05,Clothing,22
851902,1323,8179,2019-03-04,486.57,38.93,525.5,0.08,Machinery,8
549520,6211,7305,2019-08-01,280.61,22.45,303.06,0.08,Office Supplies,4
653946,4340,1916,2019-07-15,336.15,16.81,352.96,0.05,Food,19
796133,5058,4661,2019-04-08,4760.44,380.84,5141.28,0.08,Food,47
927790,6274,2530,2019-09-16,8700.7,2001.16,10701.86,0.23,Clothing,58
122558,3171,5655,2019-12-19,2496.32,124.82,2621.14,0.05,Education Services,37
925904,7337,8226,2019-12-19,6929.52,554.36,7483.88,0.08,,3
767854,8852,6188,2019-06-26,4935.63,394.85,5330.48,0.08,Electronics,24
818336,1760,3349,2019-12-25,10915.21,545.76,11460.97,0.05,Pharmaceuticals,17
811266,8422,9820,2019-07-28,125.66,28.9,154.56,0.23,Electronics,9
408249,4812,6517,2019-05-31,1033.05,237.6,1270.65,0.23,Automotive,44
853213,1760,2868,2019-10-22,22213.51,5109.11,27322.62,0.23,Software,52
113472,3168,7382,2019-08-13,655.84,52.47,708.31,0.08,Food,21
415519,4737,3564,2019-01-26,4792.41,383.39,5175.8,0.08,Construction Materials,4
633406,5009,67695030,2019-12-26,1148.96,264.26,1413.22,0.23,Services,18
231951,9390,4831,2019-05-30,566.54,28.33,594.87,0.05,Office Supplies,19
920662,5403,3284,2019-07-29,3354.63,771.56,4126.19,0.23,Automotive,38
358371,3842,2070,2019-02-17,2474.16,197.93,2672.09,0.08,Furniture,30
950544,1356,9988,2019-11-26,9678.46,483.92,10162.38,0.05,Financial Services,30
987254,2021,6698,2019-06-27,281.45,22.52,303.97,0.08,Financial Services,43
927280,5065,3112,2019-11-07,1100.52,88.04,1188.56,0.08,Education Services,48
446380,5222,3548,2019-10-11,381.38,30.51,411.89,0.08,Software,39
501003,9913,7451,2019-06-25,2280.64,524.55,2805.19,0.23,,8
430867,9747,5030,2019-09-12,494.03,39.52,533.55,0.08,Financial Services,0
979643,3597,1128,2019-08-11,3975.01,318.0,4293.01,0.08,Pharmaceuticals,2
752595,2009,9565,2019-02-02,7305.49,584.44,7889.93,0.08,Automotive,53
329791,3956,1696,2019-11-28,7237.56,361.88,7599.44,0.05,Electronics,29
363132,5030,9255,2019-11-16,18951.1,947.55,19898.65,0.05,Software,36
803759,1567,1643,2019-01-28,6107.18,488.57,6595.75,0.08,Services,11
175799,6547,6802,2019-05-18,5390.7,431.26,5821.96,0.08,Electronics,17
662562,8801,5003,2019-10-19,1206.46,60.32,1266.78,0.05,Automotive,37
502045,9335,6676,2019-08-21,1923.58,96.18,2019.76,0.05,Machinery,53
612278,4586,3286,2019-03-12,7637.98,611.04,8249.02,0.08,Electronics,20
540656,1302,1986,2019-04-02,138.22,11.06,149.28,0.08,Machinery,15
572911,8623,8179,2019-08-30,253.04,12.65,265.69,0.05,Software,33
174305,5402,6925,2019-12-01,15505.25,775.26,16280.51,0.05,Healthcare Equipment,23
791540,6820,9803,2019-07-26,5575.9,446.07,6021.97,0.08,Education Services,4
297730,5030,3152,2019-10-06,3839.45,307.16,4146.61,0.08,Machinery,44
519167,8270,7666,2019-04-18,6065.02,1394.95,7459.97,0.23,Services,25
706764,1311,3013,2019-01-12,744.71,59.58,804.29,0.08,Machinery,13
923386,7746,1188,2019-10-26,516.26,41.3,557.56,0.08,,52
651165,1304,4745,2019-01-05,17752.34,4083.04,21835.38,0.23,Automotive,24
101551,6188,3956,2019-10-22,229.31,11.47,240.78,0.05,Machinery,49
807000,7353,7992,2019-03-02,2182.58,109.13,2291.71,0.05,Software,3
865395,8467,1436,2019-03-07,1008.48,50.42,1058.9,0.05,Electronics,4
353276,1974,6428,2019-11-03,3343.38,167.17,3510.55,0.05,Machinery,37
202021,5076,2619,2019-05-28,3248.5,162.43,3410.93,0.05,Construction Materials,25
885440,1792,1059,2019-06-04,6375.6,510.05,6885.65,0.08,Education Services,43
785110,6925,9194,2019-07-30,5346.73,427.74,5774.47,0.08,Automotive,24
484637,6917,9990,2019-12-09,563.64,28.18,591.82,0.05,Food,0
144914,3338,9703,2019-03-25,4703.53,376.28,5079.81,0.08,Services,56
748994,5125,6107,2019-08-07,24091.11,5540.96,29632.07,0.23,Education Services,45
353845,4866,7053,2019-04-08,6168.82,1418.83,7587.65,0.23,Pharmaceuticals,26
667525,9096,4129,2019-01-24,6103.76,305.19,6408.95,0.05,Clothing,60
118406,5200,1211,2019-12-07,581.28,29.06,610.34,0.05,Machinery,35
306519,9542,1566,2019-07-01,209.8,48.25,258.05,0.23,Construction Materials,44
136355,6375,5560,2019-06-06,595.84,29.79,625.63,0.05,Food,8
579825,9990,4185,2019-09-02,16001.05,800.05,16801.1,0.05,Education Services,18
690743,5508,3513994941,2019-02-19,1011.48,232.64,1244.12,0.23,Services,49
230438,5290,3286,2019-06-14,18974.32,4364.09,23338.41,0.23,Food,26
201216,2360,3472,2019-03-07,17402.16,870.11,18272.27,0.05,Machinery,10
742022,3469,9290,2019-03-25,151.83,34.92,186.75,0.23,Machinery,50
616874,2213,1250,2019-08-27,19835.78,991.79,20827.57,0.05,Healthcare Equipment,60
648700,9204,9783,2019-05-17,129.88,29.87,159.75,0.23,Healthcare Equipment,16
228719,3606,8441,2019-05-15,566.62,45.33,611.95,0.08,Automotive,39
559950,8665,3727,2019-11-17,183.22,14.66,197.88,0.08,Electronics,18
365213,3144,3657,2019-11-15,111.25,5.56,116.81,0.05,Food,9
222826,5500,3666,2019-10-27,135.31,6.77,142.08,0.05,Furniture,20
744455,1780,1515047,2019-08-21,493.1,113.41,606.51,0.23,Services,40
709210,7961,7258,2019-01-08,569.37,130.96,700.33,0.23,Electronics,47
237775,7277,4541,2019-03-10,4266.44,341.32,4607.76,0.08,Education Services,31
618043,4661,2690,2019-06-29,2707.16,135.36,2842.52,0.05,Financial Services,18
710997,1038,2771,2019-02-17,586.76,134.95,721.71,0.23,Furniture,58
488669,5030,1082,2019-04-17,911.09,72.89,983.98,0.08,Machinery,60
575308,5814,9420,2019-09-06,5946.24,1367.64,7313.88,0.23,Electronics,46
773952,1988,7777,2019-08-21,248.76,57.21,305.97,0.23,Electronics,27
682388,4661,1546,2019-03-19,9348.18,747.85,10096.03,0.08,,54
251068,4327,7971,2019-06-01,6448.02,1483.04,7931.06,0.23,Healthcare Equipment,53
292044,9050,1688,2019-01-27,20185.15,1009.26,21194.41,0.05,Financial Services,46
481427,5478,6800,2019-04-08,173.13,39.82,212.95,0.23,Pharmaceuticals,4
386990,9390,9194,2019-06-26,13993.76,3218.56,17212.32,0.23,Education Services,41
301225,7363,4776,2019-07-02,122.54,9.8,132.34,0.08,Services,56
785156,8548,4568,2019-06-02,442.76,101.83,544.59,0.23,Services,27
392275,7099,5905,2019-04-27,353.77,28.3,382.07,0.08,Services,4
763985,7848,3378,2019-08-25,183.37,42.18,225.55,0.23,Furniture,53
487215,4668,7333,2019-09-11,394.0,90.62,484.62,0.23,Electronics,0
593113,5316,9085,2019-08-28,11070.46,553.52,11623.98,0.05,Software,19
842511,1422,5009,2019-08-29,862.28,43.11,905.39,0.05,Education Services,27
790581,5455,1323,2019-04-20,3151.68,252.13,3403.81,0.08,Education Services,59
984549,6394,2405,2019-09-11,12573.78,2891.97,15465.75,0.23,Automotive,60
185706,3808,2953,2019-01-02,870.25,43.51,913.76,0.05,Clothing,30
609830,3666,2939,2019-05-21,478.57,110.07,588.64,0.23,Clothing,28
149439,5426,5144,2019-05-26,5827.5,1340.33,7167.83,0.23,Office Supplies,44
438629,4789,1106,2019-04-09,214.19,49.26,263.45,0.23,Pharmaceuticals,56
884010,7491,2334,2019-12-08,359.3,28.74,388.04,0.08,Clothing,27
886124,8270,7294,2019-07-11,625.97,31.3,657.27,0.05,Furniture,51
991254,5402,5426,2019-11-18,4935.63,1135.19,6070.82,0.23,Pharmaceuticals,54
180640,7915,6457327623,2019-01-08,1156.15,265.91,1422.06,0.23,Services,48
487854,2747,9405,2019-10-09,8171.4,653.71,8825.11,0.08,Electronics,28
163846,9048,5670,2019-06-03,1331.14,106.49,1437.63,0.08,Electronics,53
605277,3300,2536,2019-03-07,10627.88,2444.41,13072.29,0.23,Financial Services,20
498872,7859,8342,2019-05-03,4671.84,1074.52,5746.36,0.23,Machinery,59
706470,1319,2374,2019-02-12,323.43,74.39,397.82,0.23,Automotive,46
637054,3679,9255,2019-12-16,2829.11,650.7,3479.81,0.23,Software,47
139194,4354,6422,2019-05-21,7102.21,355.11,7457.32,0.05,Education Services,38
681776,2968,5254,2019-09-05,3102.11,155.11,3257.22,0.05,Electronics,11
694721,1475,9827,2019-08-12,688.37,158.33,846.7,0.23,Financial Services,30
391992,2363,2530,2019-08-16,628.42,50.27,678.69,0.08,Services,17
121856,4991,12345679,2019-11-03,241.82,55.62,297.44,0.23,Services,38
950470,5842,1139,2019-11-06,3656.98,292.56,3949.54,0.08,Software,42
641937,7265,3365,2019-07-28,2543.84,203.51,2747.35,0.08,Automotive,52
886366,5905,7801,2019-08-29,126.89,6.34,133.23,0.05,Construction Materials,23
385591,3836,4745,2019-07-25,326.26,16.31,342.57,0.05,Healthcare Equipment,0
447127,3496,1780,2019-03-04,8440.04,1941.21,10381.25,0.23,Electronics,50
980607,2378,9613,2019-05-08,837.96,192.73,1030.69,0.23,Furniture,31
760452,3597,7873,2019-04-30,681.93,156.84,838.77,0.23,Financial Services,27
160109,5058,9198,2019-05-14,584.77,134.5,719.27,0.23,Office Supplies,42
452753,8801,6535,2019-04-21,4365.08,218.25,4583.33,0.05,Automotive,47
814048,7695,9579,2019-07-23,221.4,11.07,232.47,0.05,Furniture,56
192962,2318,3690,2019-05-25,250.09,12.5,262.59,0.05,Services,33
949777,9115,3623,2019-07-25,3041.06,152.05,3193.11,0.05,Pharmaceuticals,5
586561,6927,2043,2019-08-18,445.81,102.54,548.35,0.23,Clothing,43
124080,7554,8529,2019-03-15,339.82,78.16,417.98,0.23,Furniture,51
515203,2293,5508,2019-11-08,6459.03,1485.58,7944.61,0.23,Healthcare Equipment,21
317334,9966,2916,2019-06-17,11479.2,2640.22,14119.42,0.23,Clothing,38
299860,6315,2504,2019-12-04,3058.08,152.9,3210.98,0.05,Financial Services,11
138206,1048,9042,2019-02-27,644.93,148.33,793.26,0.23,Software,52
708170,5611,9421,2019-10-19,136.35,31.36,167.71,0.23,Clothing,13
810860,9605,7265,2019-11-16,5377.54,430.2,5807.74,0.08,Healthcare Equipment,51
956313,2360,1436,2019-02-07,12924.79,646.24,13571.03,0.05,Financial Services,18
137734,8522,4049,2019-11-06,3389.97,779.69,4169.66,0.23,Clothing,14
462341,2459,8500,2019-12-19,1784.5,89.23,1873.73,0.05,,41
135046,9224,9567,2019-09-13,652.83,150.15,802.98,0.23,Services,27
335230,3988,7258,2019-08-15,135.07,31.07,166.14,0.23,Clothing,55
529199,8143,2105,2019-07-12,212.78,17.02,229.8,0.08,Clothing,51
576071,4018,6122,2019-04-09,9856.43,492.82,10349.25,0.05,Office Supplies,47
798576,6626,6631,2019-12-06,3589.0,179.45,3768.45,0.05,Software,60
167144,8377,1566,2019-08-14,17046.99,3920.81,20967.8,0.23,,53
392554,8931,2108,2019-08-07,180.8,9.04,189.84,0.05,Food,42
641522,2383,5478,2019-05-26,1421.08,326.85,1747.93,0.23,Pharmaceuticals,11
277290,1446,2916,2019-07-20,19034.37,951.72,19986.09,0.05,Pharmaceuticals,41
213645,5800,6106,2019-06-12,2368.35,118.42,2486.77,0.05,Services,50
871158,1211,6106,2019-06-17,2737.58,219.01,2956.59,0.08,Services,12
141997,2771,8615,2019-01-08,1638.83,376.93,2015.76,0.23,Automotive,52
688068,4646,2044,2019-03-12,9574.15,478.71,10052.86,0.05,Automotive,41
185314,3349,5505,2019-03-02,2351.41,117.57,2468.98,0.05,Software,10
424520,9509,4614643234,2019-01-15,411.08,94.55,505.63,0.23,Services,31
437168,8050,4595,2019-05-23,5733.32,1318.66,7051.98,0.23,Software,18
835128,7193,5088,2019-05-28,599.35,47.95,647.3,0.08,Office Supplies,45
639136,4161,4880,2019-08-04,361.54,28.92,390.46,0.08,Financial Services,51
540385,3808,8806,2019-05-14,671.48,33.57,705.05,0.05,Software,58
958929,2213,9464,2019-07-17,1668.11,133.45,1801.56,0.08,Financial Services,0
624182,4340,1456,2019-04-13,188.11,9.41,197.52,0.05,Clothing,48
738875,8909,6542,2019-11-17,14596.76,729.84,15326.6,0.05,Machinery,38
237494,5842,2199,2019-01-18,7024.32,351.22,7375.54,0.05,Services,45
575564,7363,4981,2019-11-24,184.53,42.44,226.97,0.23,Education Services,1
557379,4560,9018,2019-11-25,3824.05,305.92,4129.97,0.08,Financial Services,57
451182,3462,2825,2019-12-24,800.09,184.02,984.11,0.23,,39
386476,1755,5621,2019-07-06,6826.2,546.1,7372.3,0.08,Education Services,51
501128,4985,8258,2019-11-09,351.07,28.09,379.16,0.08,Office Supplies,39
122225,9255,5529,2019-12-18,7257.68,580.61,7838.29,0.08,Construction Materials,24
613712,1682,12345679,2019-09-26,436.41,100.37,536.78,0.23,Services,59
431119,3213,4793,2019-02-23,3501.35,280.11,3781.46,0.08,Financial Services,5
851387,5501,5240,2019-08-18,16633.56,831.68,17465.24,0.05,Food,49
410640,5798,9085,2019-03-10,792.28,39.61,831.89,0.05,Clothing,1
283476,9756,6584,2019-07-24,590.56,135.83,726.39,0.23,Pharmaceuticals,40
549859,8947,5555,2019-10-10,8235.87,411.79,8647.66,0.05,Software,5
239530,6626,3300,2019-10-07,6695.69,334.78,7030.47,0.05,Electronics,59
142893,8419,4642,2019-08-21,2666.79,613.36,3280.15,0.23,Software,30
254475,5764,6542,2019-07-16,338.04,16.9,354.94,0.05,Office Supplies,32
678101,2363,9467,2019-12-02,24509.24,5637.13,30146.37,0.23,Education Services,12
470398,8855,8508,2019-11-07,604.69,30.23,634.92,0.05,Office Supplies,52
201417,1986,6238,2019-08-02,6188.21,495.06,6683.27,0.08,Machinery,27
250317,7732,3284,2019-07-30,3440.66,275.25,3715.91,0.08,Electronics,21
422451,1267,9755,2019-07-24,4673.81,233.69,4907.5,0.05,Office Supplies,0
405890,9542,5538,2019-01-27,806.29,185.45,991.74,0.23,Machinery,57
215463,7733,2213,2019-12-03,262.13,60.29,322.42,0.23,Construction Materials,57
444267,2412,8178,2019-12-29,117.41,9.39,126.8,0.08,Construction Materials,51
593250,5402,2027,2019-03-24,105.39,5.27,110.66,0.05,Construction Materials,14
379774,8070,1185,2019-04-15,622.15,31.11,653.26,0.05,Software,7
401104,3236,8448,2019-02-21,2942.22,147.11,3089.33,0.05,Pharmaceuticals,1
267696,6168,2199,2019-01-10,698.01,55.84,753.85,0.08,Machinery,30
426042,3013,5034,2019-08-13,954.07,219.44,1173.51,0.23,Machinery,24
159808,7760,7360,2019-05-03,9339.54,747.16,10086.7,0.08,Financial Services,13
418756,4789,2541,2019-02-17,2808.5,224.68,3033.18,0.08,Software,25
641580,9514,7954,2019-07-15,18962.5,948.12,19910.62,0.05,Software,52
750274,3597,9198,2019-06-18,1388.62,69.43,1458.05,0.05,Office Supplies,45
442276,9939,7047,2019-01-19,1249.63,62.48,1312.11,0.05,Furniture,36
790449,2490,9326,2019-02-05,12706.77,635.34,13342.11,0.05,Furniture,37
691427,6743,4568,2019-01-20,268.4,13.42,281.82,0.05,Automotive,17
185608,6362,9820,2019-05-11,2948.56,235.88,3184.44,0.08,Software,43
419881,6587,4589,2019-08-11,340.15,27.21,367.36,0.08,Services,34
483890,4892,7633,2019-03-26,993.94,79.52,1073.46,0.08,Food,47
520039,1783,1304,2019-02-11,536.55,26.83,563.38,0.05,Education Services,56
123042,5980,8034,2019-02-16,211.69,10.58,222.27,0.05,Pharmaceuticals,54
255130,9118,3437,2019-08-17,1988.89,159.11,2148.0,0.08,Construction Materials,7
120854,7272,12345679,2019-01-08,762.75,175.43,938.18,0.23,Services,42
315115,3720,6039,2019-11-24,101.42,5.07,106.49,0.05,Clothing,26
314127,8142,9129,2019-10-07,9367.87,2154.61,11522.48,0.23,Office Supplies,13
816229,6361,3974,2019-09-22,752.06,60.16,812.22,0.08,Pharmaceuticals,26
447785,7894,7360,2019-02-21,2682.07,214.57,2896.64,0.08,Furniture,29
185204,8383,7340,2019-07-15,1642.27,82.11,1724.38,0.05,Construction Materials,8
429427,4512,1786,2019-06-04,462.11,36.97,499.08,0.08,Furniture,18
842705,6485,1160,2019-08-16,6581.36,1513.71,8095.07,0.23,Furniture,35
895862,9894,4429,2019-11-08,921.27,211.89,1133.16,0.23,Clothing,8
483577,7193,2157,2019-03-30,7757.61,387.88,8145.49,0.05,Automotive,4
219970,9421,1267,2019-05-14,3272.57,163.63,3436.2,0.05,Education Services,13
970566,3496,9198,2019-06-02,523.8,41.9,565.7,0.08,Clothing,57
482842,4889,3163,2019-01-22,1539.11,76.96,1616.07,0.05,Healthcare Equipment,41
668292,2108,4646,2019-09-17,1623.72,81.19,1704.91,0.05,Financial Services,27
155281,7554,4747,2019-02-28,327.17,16.36,343.53,0.05,Software,41
171114,8112,7099,2019-05-25,828.39,41.42,869.81,0.05,Financial Services,0
966025,2193,6789,2019-07-15,566.43,130.28,696.71,0.23,Furniture,46
528262,7360,5362,2019-02-12,247.11,19.77,266.88,0.08,Machinery,7
398156,6428,7840,2019-05-04,2059.61,102.98,2162.59,0.05,Food,40
932905,6145,4880,2019-03-10,381.0,30.48,411.48,0.08,Healthcare Equipment,40
645776,8755,2542,2019-01-22,247.88,19.83,267.71,0.08,Financial Services,19
353123,4162,6228,2019-10-24,4386.93,350.95,4737.88,0.08,Office Supplies,22
709697,1484,1760,2019-07-02,7032.24,1617.42,8649.66,0.23,Food,2
887238,8785,5102,2019-01-09,1916.69,440.84,2357.53,0.23,Services,41
840503,5120,1323,2019-08-05,11282.46,564.12,11846.58,0.05,Automotive,39
431725,6526,6911,2019-06-24,382.38,19.12,401.5,0.05,Office Supplies,53
328566,1938,5868,2019-02-24,414.6,95.36,509.96,0.23,Food,7
160483,4661,1372,2019-09-13,3395.61,780.99,4176.6,0.23,Services,45
534553,1567,5340,2019-04-07,593.27,47.46,640.73,0.08,Software,29
666565,3582,6091,2019-07-05,3819.48,878.48,4697.96,0.23,Office Supplies,10
690982,1841,7277,2019-10-18,188.72,9.44,198.16,0.05,Financial Services,46
112522,7843,1139,2019-05-06,332.38,26.59,358.97,0.08,Furniture,45
431014,3808,9771,2019-03-27,649.66,32.48,682.14,0.05,Office Supplies,42
204556,2134,8874,2019-01-06,22672.41,1133.62,23806.03,0.05,Pharmaceuticals,27
933051,6315,1758358,2019-05-29,1370.43,315.2,1685.63,0.23,Services,47
151364,1740,4652,2019-07-25,2839.18,653.01,3492.19,0.23,Construction Materials,31
240509,9000,3915,2019-01-22,173.92,40.0,213.92,0.23,Machinery,3
584306,9335,2974,2019-05-13,1362.83,109.03,1471.86,0.08,Automotive,32
653132,5319,7656,2019-07-17,5360.49,428.84,5789.33,0.08,Services,29
915627,9255,8340,2019-12-04,7360.28,368.01,7728.29,0.05,Services,20
920118,2790,3988,2019-07-13,20495.11,1639.61,22134.72,0.08,Healthcare Equipment,51
355903,1888,7360,2019-12-19,383.58,30.69,414.27,0.08,Machinery,11
252869,7170,4827,2019-06-29,2176.26,174.1,2350.36,0.08,Office Supplies,15
888967,6122,7272,2019-06-06,3959.81,197.99,4157.8,0.05,Food,17
858437,6485,7956,2019-07-07,9386.77,469.34,9856.11,0.05,Electronics,6
192848,5282,6542,2019-09-18,3034.45,242.76,3277.21,0.08,,13
935583,8615,7393,2019-03-04,23665.07,1893.21,25558.28,0.08,Pharmaceuticals,42
480280,7245,2504,2019-05-12,7439.89,595.19,8035.08,0.08,Machinery,43
276582,9971,9206,2019-07-19,22030.02,1101.5,23131.52,0.05,Automotive,21
603959,3296,5290,2019-04-04,8621.04,1982.84,10603.88,0.23,Furniture,9
460080,2109,9118,2019-09-14,1555.64,357.8,1913.44,0.23,Machinery,37
949794,7652,9316,2019-06-13,397.51,19.88,417.39,0.05,Software,37
883262,5209,8522,2019-10-03,425.19,97.79,522.98,0.23,Services,31
236911,6428,5642443,2019-02-12,1385.42,318.65,1704.07,0.23,Services,14
463569,6064,7032,2019-12-17,7591.34,379.57,7970.91,0.05,Education Services,9
313676,8034,8079,2019-04-14,228.8,18.3,247.1,0.08,,10
620762,3780,5319,2019-06-09,209.85,48.27,258.12,0.23,Construction Materials,22
205492,7495,9467,2019-04-20,143.47,33.0,176.47,0.23,Office Supplies,0
285412,3361,4652,2019-06-18,2687.39,214.99,2902.38,0.08,Services,33
932842,5548,7966,2019-04-08,261.93,20.95,282.88,0.08,Office Supplies,29
481073,3496,3269,2019-10-03,20184.9,4642.53,24827.43,0.23,Office Supplies,31
766002,8083,8947,2019-08-16,4936.03,394.88,5330.91,0.08,Machinery,36
707085,5517,9412,2019-03-03,284.18,22.73,306.91,0.08,Construction Materials,35
964621,8919,6412,2019-04-26,416.55,20.83,437.38,0.05,Software,30
612898,5061,9822,2019-10-04,221.54,17.72,239.26,0.08,Food,53
872435,2226,1854,2019-11-16,13422.76,3087.23,16509.99,0.23,Healthcare Equipment,11
985895,2078,2747,2019-08-25,470.37,108.19,578.56,0.23,Office Supplies,26
625427,5842,6167,2019-11-13,3498.63,804.68,4303.31,0.23,Healthcare Equipment,18
324691,6558,9560,2019-01-20,415.68,20.78,436.46,0.05,Food,0
681561,1059,6634,2019-01-25,837.28,192.57,1029.85,0.23,Pharmaceuticals,39
173255,1375,4354,2019-03-29,6439.98,515.2,6955.18,0.08,Clothing,6
529888,6506,6188,2019-09-29,3167.34,728.49,3895.83,0.23,Healthcare Equipment,55
111278,1867,5602,2019-09-15,108.98,8.72,117.7,0.08,Education Services,31
669451,9527,9451,2019-09-18,165.71,8.29,174.0,0.05,Services,11
875264,1682,2868,2019-11-11,116.44,5.82,122.26,0.05,Furniture,10
768620,9018,9687,2019-04-29,1012.17,232.8,1244.97,0.23,Software,45
585408,1765,6277,2019-09-13,1787.7,89.39,1877.09,0.05,Clothing,6
636276,1537,2459,2019-03-05,552.95,44.24,597.19,0.08,Electronics,8
418125,8954,2253,2019-04-02,552.07,27.6,579.67,0.05,Food,11
847302,2868,3055,2019-03-26,262.78,21.02,283.8,0.08,Clothing,55
895683,9259,6300,2019-04-22,771.49,38.57,810.06,0.05,Office Supplies,15
274990,1471,2070,2019-08-28,1514.34,75.72,1590.06,0.05,Services,46
173820,5842,2048,2019-08-21,250.04,20.0,270.04,0.08,Clothing,32
975886,5120,1506,2019-03-11,2052.26,472.02,2524.28,0.23,Pharmaceuticals,58
271734,1867,1352,2019-09-30,4013.53,321.08,4334.61,0.08,Education Services,2
526355,7615,1319,2019-09-05,6906.61,1588.52,8495.13,0.23,Automotive,18
297956,9226,6211,2019-06-30,529.41,26.47,555.88,0.05,Food,14
673997,1800,5614,2019-06-10,409.19,20.46,429.65,0.05,Machinery,13
970184,2683,1352,2019-10-24,853.24,196.25,1049.49,0.23,Software,11
659285,3597,9868,2019-10-17,22658.82,5211.53,27870.35,0.23,Food,31
255058,5541,1896,2019-05-17,20509.46,1640.76,22150.22,0.08,Electronics,46
340628,6080,2326,2019-08-11,355.6,17.78,373.38,0.05,Furniture,30
928910,8481,4170,2019-03-31,7448.57,1713.17,9161.74,0.23,Pharmaceuticals,2
684581,8559,7245,2019-03-04,15686.83,1254.95,16941.78,0.08,Furniture,54
596425,7396,8269,2019-12-04,835.67,66.85,902.52,0.08,Construction Materials,7
884792,5030,2044,2020-01-01,2965.67,682.1,3647.77,0.23,Automotive,32
655570,2530,9827,2019-04-05,238.52,19.08,257.6,0.08,Education Services,21
326678,4661,6122,2019-02-28,424.58,21.23,445.81,0.05,Financial Services,54
928009,6917,7512,2019-12-05,381.98,87.86,469.84,0.23,Education Services,0
131624,6925,8940,2019-04-28,3287.01,164.35,3451.36,0.05,,37
744602,8079,9307,2019-02-27,15454.47,1236.36,16690.83,0.08,Office Supplies,9
613464,8809,9939,2019-04-05,419.14,33.53,452.67,0.08,Clothing,14
843062,5232,7008,2019-03-14,934.12,46.71,980.83,0.05,Automotive,31
798896,7326,1685,2019-08-27,6231.77,311.59,6543.36,0.05,Pharmaceuticals,26
652816,3393,3644,2019-05-23,337.44,77.61,415.05,0.23,Pharmaceuticals,8
638672,2825,4162,2019-09-26,262.9,21.03,283.93,0.08,Pharmaceuticals,25
377254,7947,3775,2019-04-19,436.59,34.93,471.52,0.08,,5
225710,2109,8522,2019-05-22,298.24,14.91,313.15,0.05,Pharmaceuticals,29
380529,3623,4652,2019-12-04,1865.27,93.26,1958.53,0.05,Services,51
394511,4834,2021,2019-09-06,2959.2,236.74,3195.94,0.08,Construction Materials,30
780003,8809,9735,2019-03-28,265.13,21.21,286.34,0.08,Office Supplies,30
123283,8909,1888,2019-01-03,6842.58,342.13,7184.71,0.05,Machinery,8
880864,4889,4986,2019-03-29,220.97,17.68,238.65,0.08,Machinery,2
986331,6483,7915,2019-06-12,512.17,40.97,553.14,0.08,Healthcare Equipment,17
339433,1422,9654,2019-06-08,1439.75,115.18,1554.93,0.08,Furniture,48
793276,1267,5529,2019-09-17,746.01,171.58,917.59,0.23,Office Supplies,19
189948,8029,5050,2019-04-05,8761.54,2015.15,10776.69,0.23,Services,17
421595,3331,9868,2019-04-27,3544.92,283.59,3828.51,0.08,Furniture,4
702918,3738,7894,2019-08-03,1308.04,300.85,1608.89,0.23,Food,59
482929,6698,5058,2019-01-09,12236.94,611.85,12848.79,0.05,Financial Services,5
124357,5803,4570,2019-03-13,232.93,18.63,251.56,0.08,Furniture,0
241560,6505,3293,2019-02-14,480.72,24.04,504.76,0.05,Software,8
243086,4547,8441,2019-09-30,11079.92,2548.38,13628.3,0.23,Services,53
606927,7451,1041494,2019-05-29,506.38,116.47,622.85,0.23,Services,30
458521,9307,9849,2019-04-26,21190.8,4873.88,26064.68,0.23,Electronics,55
741171,8809,6717,2019-06-24,1641.11,82.06,1723.17,0.05,Pharmaceuticals,29
234717,3843,8902,2019-12-11,1296.82,298.27,1595.09,0.23,Automotive,18
729301,5219,1682,2019-11-05,1645.76,82.29,1728.05,0.05,Clothing,19
285313,8887,3419,2019-05-22,4661.47,233.07,4894.54,0.05,Office Supplies,57
454190,4689,1082,2019-10-18,160.94,8.05,168.99,0.05,Education Services,50
622653,6925,1714,2019-04-02,176.15,40.51,216.66,0.23,Clothing,60
205566,8035,5914,2019-01-06,1228.06,61.4,1289.46,0.05,Automotive,45
482706,4589,7947,2019-07-20,5451.23,436.1,5887.33,0.08,Food,56
148829,8924,5786,2019-05-31,17327.47,866.37,18193.84,0.05,Machinery,43
932434,9998,8340,2019-08-16,1575.27,78.76,1654.03,0.05,Construction Materials,30
857560,1763,9418,2019-07-19,2610.59,130.53,2741.12,0.05,Furniture,59
885420,9913,7305,2019-06-24,1849.21,425.32,2274.53,0.23,Food,52
555625,9783,2176,2019-01-29,843.4,193.98,1037.38,0.23,Healthcare Equipment,54
442685,4357,2906,2019-04-14,640.51,51.24,691.75,0.08,Automotive,53
177983,3843,9316,2019-06-21,1203.23,96.26,1299.49,0.08,Automotive,15
260880,1179,9674,2019-07-25,332.86,16.64,349.5,0.05,Furniture,4
196604,8872,7382,2019-01-10,547.65,43.81,591.46,0.08,Food,32
512458,9731,12345680,2019-12-19,1151.9,264.94,1416.84,0.23,Services,46
241768,2771,3472,2019-08-12,755.31,60.42,815.73,0.08,Healthcare Equipment,34
695007,9204,7297,2019-11-30,1289.71,64.49,1354.2,0.05,Financial Services,23
664395,1106,2027,2019-01-30,1065.97,85.28,1151.25,0.08,Software,40
213983,8909,6390,2019-12-08,251.57,57.86,309.43,0.23,Services,7
655236,7319,1970,2019-08-13,148.58,11.89,160.47,0.08,Furniture,25
751292,6662,7365,2019-09-21,3747.28,299.78,4047.06,0.08,Financial Services,20
494630,5098,3780,2019-11-15,6935.3,1595.12,8530.42,0.23,Construction Materials,41
329661,7353,7099,2019-06-13,889.55,71.16,960.71,0.08,Software,59
859704,6184,8079,2019-12-12,199.89,9.99,209.88,0.05,Electronics,30
352543,2446,1038,2019-02-06,214.66,10.73,225.39,0.05,Machinery,30
527736,7004,5316,2019-07-23,101.58,8.13,109.71,0.08,,17
295596,3224,3974,2019-08-11,5755.81,460.46,6216.27,0.08,Food,26
311790,3750,12345680,2019-01-29,1257.77,289.29,1547.06,0.23,Services,16
796978,1566,4617,2019-09-30,702.02,56.16,758.18,0.08,Automotive,13
355951,1082,1867,2019-02-12,852.08,195.98,1048.06,0.23,Machinery,24
436919,1042,4991,2019-04-18,949.59,47.48,997.07,0.05,Software,37
608393,5358,3643,2019-05-01,17005.15,850.26,17855.41,0.05,Education Services,30
148213,4889,6485,2019-01-02,4103.25,943.75,5047.0,0.23,Automotive,5
745937,9988,5842,2019-09-07,7967.75,398.39,8366.14,0.05,Education Services,44
563272,7312,9709,2019-05-02,138.81,11.1,149.91,0.08,,40
957163,8559,6064,2019-08-18,223.54,11.18,234.72,0.05,Office Supplies,59
472470,2374,6717,2019-10-29,2321.37,533.92,2855.29,0.23,Office Supplies,47
404766,6047,7656,2019-06-09,525.27,120.81,646.08,0.23,Machinery,18
763368,6526,9966,2019-07-02,867.71,69.42,937.13,0.08,Office Supplies,13
650703,4586,9941,2019-07-13,123.29,28.36,151.65,0.23,Healthcare Equipment,16
792245,9515,3650,2019-09-28,156.32,35.95,192.27,0.23,Healthcare Equipment,46
803747,6685,1817,2019-08-14,490.01,112.7,602.71,0.23,Clothing,19
682137,2293,7951,2019-08-19,119.75,27.54,147.29,0.23,Education Services,2
205215,2116,4745,2019-09-26,412.02,20.6,432.62,0.05,Office Supplies,56
295697,8179,2750,2019-12-02,4232.47,211.62,4444.09,0.05,Services,33
442697,9659,1304,2019-12-20,13087.18,654.36,13741.54,0.05,Education Services,32
551262,3033,6526,2019-10-26,1152.49,57.62,1210.11,0.05,Financial Services,7
703247,7378,6526,2019-01-09,15440.38,1235.23,16675.61,0.08,Automotive,58
966337,9518,1854,2019-09-22,4504.51,225.23,4729.74,0.05,Machinery,20
289252,6922,6157,2019-06-04,1237.55,99.0,1336.55,0.08,Financial Services,41
320133,2263,7357,2019-06-05,1761.11,88.06,1849.17,0.05,Machinery,13
723865,4738,7811,2019-04-25,564.11,28.21,592.32,0.05,Electronics,53
650165,2974,6539,2019-12-27,4265.03,213.25,4478.28,0.05,Healthcare Equipment,20
809788,3334,6362,2019-03-22,9682.43,2226.96,11909.39,0.23,Machinery,15
986508,9384,1323,2019-03-09,16260.63,813.03,17073.66,0.05,Construction Materials,26
654285,2554,7495,2019-03-04,3843.96,307.52,4151.48,0.08,Machinery,2
552168,4812,8851,2019-03-27,20006.76,1600.54,21607.3,0.08,,41
365726,9569,8864,2019-11-04,1623.48,81.17,1704.65,0.05,Pharmaceuticals,59
575721,3296,2536,2019-09-10,502.72,25.14,527.86,0.05,Education Services,4
315449,2690,9158,2019-09-14,1703.39,391.78,2095.17,0.23,Clothing,2
624253,5786,6188,2019-12-09,14547.81,3346.0,17893.81,0.23,Furniture,22
948831,2066,5914,2019-05-24,1784.81,142.78,1927.59,0.08,Construction Materials,26
331020,6080,3378,2019-02-15,390.01,31.2,421.21,0.08,Furniture,35
245740,5914,8940,2019-02-10,804.17,40.21,844.38,0.05,Office Supplies,38
891866,6740,8158,2019-02-24,400.9,92.21,493.11,0.23,Pharmaceuticals,43
606117,1377,1616,2019-07-04,441.23,101.48,542.71,0.23,Office Supplies,5
187660,4313,9621,2019-08-26,3035.96,151.8,3187.76,0.05,Services,50
863033,2021,4327,2019-05-21,742.28,37.11,779.39,0.05,Machinery,11
822382,2030,3606,2019-02-04,634.16,50.73,684.89,0.08,Clothing,7
106695,7554,5800,2019-07-30,605.86,30.29,636.15,0.05,Services,49
425421,6053,6122,2019-01-19,275.35,63.33,338.68,0.23,Construction Materials,0
671552,4776,6887,2019-10-30,1292.72,64.64,1357.36,0.05,Software,45
775971,3974,5379,2019-07-29,24415.63,5615.59,30031.22,0.23,Healthcare Equipment,54
810734,9390,8615,2019-12-22,8399.11,1931.8,10330.91,0.23,Software,30
875816,8187,4665,2019-12-11,6530.43,1502.0,8032.43,0.23,Services,48
386467,7337,5297,2019-07-14,220.62,11.03,231.65,0.05,Automotive,38
437115,4469,1616,2019-07-06,3392.42,169.62,3562.04,0.05,Food,41
475513,7277,8269,2019-08-05,305.69,15.28,320.97,0.05,Construction Materials,36
114248,5203,2536,2019-04-10,860.96,198.02,1058.98,0.23,Education Services,52
840578,4313,8809,2019-02-21,1369.24,68.46,1437.7,0.05,Machinery,1
102308,1841,4505,2019-03-15,369.42,84.97,454.39,0.23,Financial Services,8
816018,8190,3917,2019-01-31,1439.29,331.04,1770.33,0.23,Healthcare Equipment,50
645958,4327,1817,2019-07-13,297.18,14.86,312.04,0.05,Machinery,23
278206,4668,8035,2019-01-17,23124.42,1156.22,24280.64,0.05,Machinery,42
228795,9444,7247,2019-10-27,566.31,28.32,594.63,0.05,Pharmaceuticals,23
219982,2378,5316,2019-06-27,503.17,115.73,618.9,0.23,Machinery,19
216866,1038,5914,2019-10-05,8331.14,416.56,8747.7,0.05,Healthcare Equipment,4
139288,6595,9048,2019-05-07,380.15,19.01,399.16,0.05,Software,49
197125,4512,2192,2019-12-22,3172.24,729.62,3901.86,0.23,Electronics,47
657566,2116,2405,2019-04-19,307.36,24.59,331.95,0.08,Education Services,24
104935,9598,7915,2019-02-15,520.24,119.66,639.9,0.23,Food,6
143237,9990,2375,2019-09-27,311.51,15.58,327.09,0.05,,40
923696,2541,8674,2019-07-18,16041.65,802.08,16843.73,0.05,Financial Services,58
664551,9099,5200,2019-02-17,136.58,10.93,147.51,0.08,Furniture,19
185223,1381,6238,2019-12-18,1950.53,448.62,2399.15,0.23,,2
374063,6685,9605,2019-10-26,6715.63,1544.59,8260.22,0.23,Office Supplies,59
491267,6296,6526,2019-12-29,874.31,201.09,1075.4,0.23,Financial Services,48
757719,9731,9308,2019-09-09,286.22,65.83,352.05,0.23,Food,5
111460,1760,8814,2019-08-27,12131.11,2790.16,14921.27,0.23,Machinery,20
898434,5630,6796,2019-05-04,6244.4,499.55,6743.95,0.08,,9
592437,9290,1475,2019-05-17,4476.49,223.82,4700.31,0.05,Financial Services,41
206543,2541,5553,2019-04-10,1675.96,83.8,1759.76,0.05,Pharmaceuticals,32
617264,5120,8342,2019-10-21,5641.52,282.08,5923.6,0.05,Furniture,6
627312,1381,4812,2019-07-09,215.54,10.78,226.32,0.05,Electronics,57
436146,8488,9456,2019-01-23,24918.83,1245.94,26164.77,0.05,Education Services,50
704040,9565,7350,2019-01-26,4410.87,220.54,4631.41,0.05,Electronics,44
493540,1755,4434,2019-12-22,577.59,28.88,606.47,0.05,Furniture,24
762739,1389,7047,2019-09-29,1675.46,83.77,1759.23,0.05,Electronics,56
397346,5694,1755,2019-08-30,998.68,229.7,1228.38,0.23,Software,46
504797,6990,5647,2019-02-17,709.44,35.47,744.91,0.05,Office Supplies,29
946654,6802,2567,2019-05-31,1201.44,60.07,1261.51,0.05,Pharmaceuticals,8
316931,9812,4860,2019-05-04,6711.72,335.59,7047.31,0.05,Construction Materials,20
575472,5501,8029,2019-01-10,436.28,100.34,536.62,0.23,Electronics,7
379046,7784,4170,2019-12-23,177.28,40.77,218.05,0.23,Electronics,8
108646,8488,3125,2019-04-18,7601.02,1748.23,9349.25,0.23,Services,3
494484,2508,1851,2019-08-29,336.15,26.89,363.04,0.08,Healthcare Equipment,54
660335,7656,2193,2019-03-09,260.33,13.02,273.35,0.05,Machinery,45
447394,3020,5114,2019-05-19,168.85,8.44,177.29,0.05,Automotive,30
803317,5200,4512,2019-02-11,383.13,19.16,402.29,0.05,Automotive,5
684473,5614,5548,2019-02-27,129.14,29.7,158.84,0.23,Automotive,56
439886,8947,7605,2019-08-05,129.68,29.83,159.51,0.23,Education Services,19
567224,5735,7843,2019-10-24,282.3,14.12,296.42,0.05,Services,46
677322,6525,6078,2019-02-27,4579.77,228.99,4808.76,0.05,Food,55
237872,9018,12345679,2019-05-14,474.58,109.15,583.73,0.23,Services,25
986958,1473,6479,2019-05-08,182.64,42.01,224.65,0.23,Automotive,47
647246,1546,9849,2019-04-12,8612.32,688.99,9301.31,0.08,,46
848268,9096,2906,2019-03-21,19228.13,961.41,20189.54,0.05,Pharmaceuticals,43
534332,8452,1938,2019-02-21,171.22,13.7,184.92,0.08,Machinery,10
929113,8529,4429,2019-10-14,182.3,9.12,191.42,0.05,Construction Materials,29
666288,4589,1798,2019-08-08,293.21,23.46,316.67,0.08,Automotive,29
477199,3013,2619,2019-12-14,7472.92,597.83,8070.75,0.08,Machinery,7
691745,7340,4646,2019-08-03,143.27,11.46,154.73,0.08,Education Services,54
966456,8304,6539,2019-11-30,20857.35,4797.19,25654.54,0.23,Education Services,28
918648,6295,3679,2019-08-27,2642.21,607.71,3249.92,0.23,Pharmaceuticals,53
178958,7319,4306,2019-02-27,13910.75,3199.47,17110.22,0.23,Office Supplies,14
313873,9000,3300,2019-02-09,466.29,107.25,573.54,0.23,Pharmaceuticals,14
202416,4668,9659,2019-06-16,368.49,84.75,453.24,0.23,Construction Materials,26
916782,9674,6935,2019-10-04,122.81,6.14,128.95,0.05,Automotive,50
608807,2690,7279,2019-07-03,5176.32,258.82,5435.14,0.05,Furniture,55
642293,3645,6053,2019-07-07,18663.43,1493.07,20156.5,0.08,Food,46
511581,5003,4834,2019-03-28,689.07,34.45,723.52,0.05,Healthcare Equipment,59
481891,1929,9981,2019-09-19,3079.02,246.32,3325.34,0.08,Clothing,40
770992,4513,3843,2019-03-25,20789.2,4781.52,25570.72,0.23,Healthcare Equipment,59
130742,1506,7522,2019-10-05,121.55,9.72,131.27,0.08,Software,27
837466,1211,7177,2019-08-13,170.81,8.54,179.35,0.05,Automotive,0
963168,2311,8855,2019-07-11,7878.86,1812.14,9691.0,0.23,Education Services,57
740240,7500,2715,2019-09-05,3088.73,710.41,3799.14,0.23,Clothing,15
650962,6631,12345680,2019-11-07,760.61,174.94,935.55,0.23,Services,41
377662,6631,7189,2019-05-11,9231.45,2123.23,11354.68,0.23,Furniture,53
923207,3488,8304,2019-07-22,727.98,36.4,764.38,0.05,Food,50
757893,3126,1082,2019-02-09,783.58,62.69,846.27,0.08,Financial Services,51
998643,5426,4340,2019-01-16,851.92,195.94,1047.86,0.23,Software,56
617387,4129,2832,2019-03-03,8899.04,2046.78,10945.82,0.23,Automotive,60
942038,6167,5845,2019-08-28,635.31,50.82,686.13,0.08,Electronics,56
683505,7337,3365,2019-10-30,13576.3,678.82,14255.12,0.05,Education Services,19
393198,3756,4559,2019-01-02,356.27,81.94,438.21,0.23,Electronics,31
983439,8947,2329,2019-02-15,255.77,12.79,268.56,0.05,Services,27
235306,4827,6188,2019-10-23,3275.85,753.45,4029.3,0.23,Electronics,46
484283,2311,4735,2019-04-12,487.77,112.19,599.96,0.23,Construction Materials,60
242540,9747,2374,2019-05-18,6468.74,1487.81,7956.55,0.23,,39
986163,6802,6169,2019-06-08,6023.77,481.9,6505.67,0.08,Construction Materials,45
510780,2638,8864,2019-02-15,4955.53,396.44,5351.97,0.08,Clothing,13
524266,2968,4691,2019-02-19,570.65,131.25,701.9,0.23,Pharmaceuticals,8
363325,3293,3730,2019-06-09,354.75,81.59,436.34,0.23,Pharmaceuticals,22
716855,9042,6315,2019-02-25,177.09,40.73,217.82,0.23,Construction Materials,43
505593,7500,2363,2019-01-06,6420.12,321.01,6741.13,0.05,Furniture,59
140548,3668,9822,2019-06-19,13034.55,651.73,13686.28,0.05,Clothing,8
848240,7554,7326,2019-10-16,8998.85,2069.74,11068.59,0.23,Software,9
186076,5003,9030,2019-01-25,540.73,27.04,567.77,0.05,Food,35
447723,5500,3061,2019-01-06,163.82,37.68,201.5,0.23,Healthcare Equipment,21
527888,6211,40385766,2019-09-07,746.16,171.62,917.78,0.23,Services,44
747554,9018,8029,2019-10-05,1171.96,58.6,1230.56,0.05,Electronics,47
422393,5842,1446,2019-04-01,357.91,82.32,440.23,0.23,Office Supplies,32
792846,3171,5505,2019-07-16,14484.35,1158.75,15643.1,0.08,Automotive,24
984245,1754,4313,2019-04-03,4588.82,229.44,4818.26,0.05,Pharmaceuticals,10
870637,6412,6357,2019-07-13,7157.57,357.88,7515.45,0.05,Healthcare Equipment,32
572625,7480,6080,2019-08-05,214.93,17.19,232.12,0.08,Clothing,26
145564,5800,12345679,2019-12-02,651.12,149.76,800.88,0.23,Services,5
762805,9879,1711,2019-04-13,13033.33,651.67,13685.0,0.05,Machinery,39
788453,1566,5593,2019-06-11,111.03,5.55,116.58,0.05,Construction Materials,11
853646,5597,5114,2019-06-20,2987.4,238.99,3226.39,0.08,Software,4
714975,5798,2021,2019-05-07,231.74,11.59,243.33,0.05,Office Supplies,25
519214,6132,4170,2019-10-14,1935.64,154.85,2090.49,0.08,Clothing,53
932154,9099,9565,2019-02-01,695.62,34.78,730.4,0.05,Construction Materials,10
888981,7491,9939,2019-06-30,13572.37,3121.65,16694.02,0.23,Electronics,20
689232,2030,7647,2019-09-14,774.85,61.99,836.84,0.08,Construction Materials,5
797117,5455,9018,2019-10-09,5836.51,466.92,6303.43,0.08,Automotive,27
238668,7873,1754,2019-04-09,810.06,186.31,996.37,0.23,Financial Services,39
288454,5217,5034,2019-05-26,7545.01,1735.35,9280.36,0.23,Pharmaceuticals,39
875412,1304,9316,2019-02-01,24905.66,1245.28,26150.94,0.05,Furniture,0
910262,9308,5500,2019-12-30,785.12,180.58,965.7,0.23,Education Services,60
366140,8909,5046,2019-01-20,5648.84,1299.23,6948.07,0.23,Services,9
696817,2193,3472,2019-07-25,14820.9,741.05,15561.95,0.05,Office Supplies,41
912644,7297,4129,2019-04-24,401.92,92.44,494.36,0.23,Furniture,22
747490,5670,9132,2019-07-19,986.33,78.91,1065.24,0.08,Automotive,10
997126,7848,6483,2019-03-06,13954.59,3209.56,17164.15,0.23,Automotive,24
239982,1841,9988,2019-01-24,8400.13,672.01,9072.14,0.08,Education Services,17
903443,3606,7527,2019-02-01,6465.89,1487.15,7953.04,0.23,Electronics,58
294205,3643,9605,2019-08-15,6845.45,342.27,7187.72,0.05,,26
419123,3236,3284,2019-03-09,1774.4,408.11,2182.51,0.23,Electronics,9
565537,8304,7398,2019-05-13,6693.86,1539.59,8233.45,0.23,Construction Materials,35
887518,9030,6525,2019-06-22,152.53,35.08,187.61,0.23,Financial Services,24
491501,5501,16578574,2019-07-29,619.17,142.41,761.58,0.23,Services,60
149728,7312,5114,2019-09-12,681.28,34.06,715.34,0.05,Construction Materials,17
292564,3478,7659,2019-04-26,3165.81,728.14,3893.95,0.23,Software,24
748474,7043,9316,2019-07-09,286.8,22.94,309.74,0.08,Education Services,30
426620,4723,2199,2019-02-26,331.71,16.59,348.3,0.05,Clothing,26
749121,6295,7117,2019-08-30,7050.09,352.5,7402.59,0.05,Education Services,2
325770,9418,4646,2019-05-12,14904.15,1192.33,16096.48,0.08,Services,36
914564,3199,2327,2019-11-03,3866.74,889.35,4756.09,0.23,,43
638456,2638,12345680,2019-05-15,1019.69,234.53,1254.22,0.23,Services,50
130887,5786,5918,2019-03-03,7284.25,1675.38,8959.63,0.23,Automotive,29
761749,1760,5593,2019-09-11,8894.45,444.72,9339.17,0.05,Clothing,0
322797,7733,9579,2019-01-05,808.87,64.71,873.58,0.08,Office Supplies,11
694579,6539,2295,2019-06-02,627.37,144.3,771.67,0.23,Education Services,23
284688,3692,5086,2019-04-06,2698.57,215.89,2914.46,0.08,Healthcare Equipment,43
663682,8142,9514,2019-05-09,17252.85,862.64,18115.49,0.05,Software,20
898079,3125,1211,2019-03-29,109.07,8.73,117.8,0.08,Food,34
561842,3644,9771,2019-08-19,3192.78,734.34,3927.12,0.23,Education Services,19
195988,6925,8623,2019-03-20,3926.91,314.15,4241.06,0.08,Healthcare Equipment,33
724673,1735,2116,2019-01-11,9186.92,2112.99,11299.91,0.23,Education Services,46
980865,5655,4981,2019-02-06,127.69,6.38,134.07,0.05,Machinery,2
815504,2412,7898,2019-12-21,130.23,6.51,136.74,0.05,Automotive,17
184626,7500,6139,2019-03-06,21123.5,4858.41,25981.91,0.23,Food,55
517700,7554,5974,2019-05-27,874.78,69.98,944.76,0.08,Healthcare Equipment,0
383883,1791,7878,2019-12-04,185.76,14.86,200.62,0.08,Construction Materials,28
851048,8460,6662,2019-08-27,559.67,44.77,604.44,0.08,Furniture,34
223595,5061,3606,2019-04-07,529.97,121.89,651.86,0.23,Furniture,9
625721,7461,4735,2019-09-14,5558.94,1278.56,6837.5,0.23,Food,24
402022,9482,5553,2019-07-07,323.61,25.89,349.5,0.08,Automotive,15
227330,9179,8559,2019-04-20,751.49,60.12,811.61,0.08,Financial Services,32
978246,6717,7360,2019-03-18,150.91,12.07,162.98,0.08,Clothing,14
703058,7177,3027,2019-11-04,213.75,10.69,224.44,0.05,Pharmaceuticals,35
383128,4513,7294,2019-11-04,3254.76,162.74,3417.5,0.05,Furniture,39
964477,2044,5494,2019-04-18,686.55,157.91,844.46,0.23,Education Services,27
376052,8556,6895,2019-04-17,4523.26,361.86,4885.12,0.08,Pharmaceuticals,27
491630,4327,3510,2019-09-04,8198.45,1885.64,10084.09,0.23,Office Supplies,33
872383,3930,7971,2019-06-17,903.81,45.19,949.0,0.05,Office Supplies,27
338675,5868,5735,2019-03-11,303.29,24.26,327.55,0.08,Food,37
304616,1685,1048,2019-01-21,5428.51,434.28,5862.79,0.08,Healthcare Equipment,29
845441,5426,1836,2019-03-18,240.76,19.26,260.02,0.08,Food,44
881602,3516,8441,2019-01-30,794.34,182.7,977.04,0.23,Construction Materials,32
161260,8256,2253,2019-05-28,899.56,44.98,944.54,0.05,Electronics,10
766293,6168,5512,2019-01-28,2677.07,133.85,2810.92,0.05,Pharmaceuticals,53
322358,3349,5232,2019-08-13,8726.27,698.1,9424.37,0.08,Automotive,15
434006,8851,3645,2019-09-10,475.08,109.27,584.35,0.23,Pharmaceuticals,16
509957,4719,5500,2019-11-25,429.8,21.49,451.29,0.05,Construction Materials,6
559822,4049,7461,2019-12-24,132.42,30.46,162.88,0.23,Office Supplies,15
404010,6238,6039,2019-04-08,6429.02,514.32,6943.34,0.08,Office Supplies,20
862400,3171,3690,2019-03-28,5739.38,1320.06,7059.44,0.23,Healthcare Equipment,16
931241,2423,7378,2019-06-25,360.43,28.83,389.26,0.08,Pharmaceuticals,38
990404,5455,2955,2019-06-10,473.36,37.87,511.23,0.08,,54
244081,2164,1546830,2019-02-21,873.93,201.0,1074.93,0.23,Services,40
622631,9868,4758,2019-09-16,246.3,19.7,266.0,0.08,Machinery,13
195331,9966,2164,2019-03-25,877.69,43.88,921.57,0.05,Machinery,34
162629,5615,9879,2019-10-30,659.79,52.78,712.57,0.08,Construction Materials,47
179853,6847,6277,2019-04-15,5551.25,277.56,5828.81,0.05,Software,16
530154,5478,12345679,2019-02-20,324.38,74.61,398.99,0.23,Services,23
596770,8481,7256,2019-09-29,2076.31,477.55,2553.86,0.23,Education Services,21
861217,4230,1048,2019-04-17,20137.42,4631.61,24769.03,0.23,Pharmaceuticals,25
506908,6587,3502,2019-12-12,13780.53,689.03,14469.56,0.05,Construction Materials,23
248500,5800,1783,2019-07-09,4664.91,373.19,5038.1,0.08,Furniture,21
867281,5056,8142,2019-11-16,572.36,28.62,600.98,0.05,Services,46
918427,4960,5402,2019-08-23,110.75,25.47,136.22,0.23,Services,37
389030,8488,7004,2019-06-02,163.68,13.09,176.77,0.08,Automotive,22
503699,3756,9519,2019-05-22,324.83,74.71,399.54,0.23,Education Services,54
892648,1106,5209,2019-11-16,538.79,26.94,565.73,0.05,Pharmaceuticals,57
141087,4789,7451,2019-07-28,256.73,59.05,315.78,0.23,Furniture,5
276333,1044,3112,2019-05-31,192.57,9.63,202.2,0.05,Services,52
133854,3027,5254,2019-11-21,163.26,13.06,176.32,0.08,Financial Services,51
296505,5009,7911,2019-09-22,22974.01,1148.7,24122.71,0.05,Office Supplies,20
756716,2464,1643,2019-12-11,197.71,15.82,213.53,0.08,,37
547605,9971,5402,2019-07-10,9017.47,450.87,9468.34,0.05,Financial Services,48
303628,3582,4807189483,2019-06-13,1124.76,258.69,1383.45,0.23,Services,27
678632,7217,7961,2019-11-29,4259.89,340.79,4600.68,0.08,Healthcare Equipment,1
744852,7615,6717,2019-05-13,15573.6,1245.89,16819.49,0.08,Machinery,21
964918,4354,5918,2019-06-22,2766.93,138.35,2905.28,0.05,Office Supplies,49
924450,7753,6167,2019-09-26,364.17,18.21,382.38,0.05,Pharmaceuticals,37
965795,2209,7466,2019-02-04,501.52,25.08,526.6,0.05,Pharmaceuticals,34
687312,7277,7395,2019-08-16,4497.3,359.78,4857.08,0.08,Software,58
341187,1735,9845,2019-12-31,938.28,75.06,1013.34,0.08,Electronics,48
994601,1180,7247,2019-02-07,5667.78,1303.59,6971.37,0.23,Pharmaceuticals,9
801365,5379,5553,2019-09-04,491.38,24.57,515.95,0.05,Services,48
611903,6646,4162,2019-11-03,7260.41,363.02,7623.43,0.05,Office Supplies,28
750372,4505,9874,2019-12-29,239.97,12.0,251.97,0.05,Financial Services,37
882364,6080,6091,2019-07-29,23543.02,1177.15,24720.17,0.05,Services,18
867355,2295,7843,2019-09-17,583.71,46.7,630.41,0.08,Machinery,38
344245,2771,9171,2019-11-13,106.77,24.56,131.33,0.23,Electronics,54
122698,9654,6047,2019-04-09,4939.86,1136.17,6076.03,0.23,Education Services,32
702501,7120,5555,2019-09-28,5033.14,251.66,5284.8,0.05,Pharmaceuticals,36
133204,6736,4981,2019-07-04,3838.65,882.89,4721.54,0.23,Furniture,18
239934,5505,4429,2019-04-04,6943.94,555.52,7499.46,0.08,Healthcare Equipment,31
969318,1970,5647,2019-09-17,1097.68,54.88,1152.56,0.05,Electronics,33
769325,9687,3690,2019-04-21,787.75,39.39,827.14,0.05,Electronics,48
482479,7421,9214,2019-11-25,8722.71,2006.22,10728.93,0.23,Food,5
530133,9451,8096,2019-11-08,410.86,32.87,443.73,0.08,Construction Materials,15
410446,3478,7733,2019-07-30,2674.06,615.03,3289.09,0.23,Electronics,20
450910,5764,6422,2019-09-19,1298.33,298.62,1596.95,0.23,Construction Materials,24
663394,5478,6594,2019-11-17,389.36,19.47,408.83,0.05,Office Supplies,12
469049,1537,3469,2019-03-19,848.54,67.88,916.42,0.08,Education Services,23
141459,3171,7777,2019-01-12,833.28,41.66,874.94,0.05,Education Services,8
246008,2459,6935,2019-07-10,540.29,27.01,567.3,0.05,Clothing,15
596393,7801,3761674,2019-07-12,1403.3,322.76,1726.06,0.23,Services,44
993437,2134,8966,2019-06-12,7145.54,571.64,7717.18,0.08,Electronics,54
152954,7298,2266,2019-12-01,1468.94,117.52,1586.46,0.08,Electronics,21
624595,6500,3690,2019-04-27,224.08,51.54,275.62,0.23,Financial Services,28
554366,2955,8919,2019-02-18,8263.76,413.19,8676.95,0.05,Healthcare Equipment,1
166324,9018,9132,2019-02-28,499.12,114.8,613.92,0.23,Education Services,14
240569,6796,1929,2019-03-09,160.3,36.87,197.17,0.23,Furniture,27
368382,6315,3628,2019-04-22,5685.08,1307.57,6992.65,0.23,Food,44
812581,4674,7731,2019-04-24,254.79,20.38,275.17,0.08,Education Services,27
295624,4634,4960,2019-10-02,21049.78,4841.45,25891.23,0.23,Electronics,46
463411,1537,9527,2019-02-25,742.71,170.82,913.53,0.23,,8
563675,3974,6275,2019-12-17,2350.57,188.05,2538.62,0.08,Furniture,23
2000000,1967,7231,2019-09-29,300.97,69.22,370.19,0.23,Services,8
2000001,2950,5319,2019-09-24,302.9,69.67,372.57,0.23,Services,5
2000002,3554,4831,2019-08-24,115.72,26.62,142.34,0.23,,9
2000003,5765,7491,2019-11-17,291.06,66.94,358.0,0.23,Services,18
