timestamp,sensor_id,value
2024-01-15T02:00:00,CORE_FLUX_01,1496125217256.9082
2024-01-15T02:00:00,CORE_FUEL_01,749.4001
2024-01-15T02:00:00,CORE_ROD_01,66.2287
2024-01-15T02:00:00,CORE_EXIT_01,322.3525
2024-01-15T02:00:00,STEAM_PRES_01,65.1125
2024-01-15T02:00:00,STEAM_FEED_01,350.3182
2024-01-15T02:00:00,STEAM_DELTA_01,25.0091
2024-01-15T02:00:00,STEAM_TEMP_01,265.1346
2024-01-15T02:01:00,CORE_FLUX_01,1484734531449.244
2024-01-15T02:01:00,CORE_FUEL_01,738.4087
2024-01-15T02:01:00,CORE_ROD_01,64.5647
2024-01-15T02:01:00,STEAM_PRES_01,65.2125
2024-01-15T02:01:00,STEAM_FEED_01,352.048
2024-01-15T02:01:00,STEAM_TEMP_01,265.0393
2024-01-15T02:02:00,CORE_FLUX_01,1502650458978.727
2024-01-15T02:02:00,CORE_FUEL_01,747.3558
2024-01-15T02:02:00,CORE_ROD_01,64.2176
2024-01-15T02:02:00,CORE_EXIT_01,319.9586
2024-01-15T02:02:00,STEAM_PRES_01,64.9414
2024-01-15T02:02:00,STEAM_FEED_01,347.709
2024-01-15T02:02:00,STEAM_DELTA_01,24.8323
2024-01-15T02:02:00,STEAM_TEMP_01,264.2067
2024-01-15T02:03:00,CORE_FLUX_01,1490421989717.2036
2024-01-15T02:03:00,CORE_FUEL_01,743.4203
2024-01-15T02:03:00,CORE_ROD_01,65.264
2024-01-15T02:03:00,STEAM_PRES_01,65.2225
2024-01-15T02:03:00,STEAM_FEED_01,354.5416
2024-01-15T02:03:00,STEAM_TEMP_01,265.6875
2024-01-15T02:04:00,CORE_FLUX_01,1520116248732.8794
2024-01-15T02:04:00,CORE_FUEL_01,750.0776
2024-01-15T02:04:00,CORE_ROD_01,63.4685
2024-01-15T02:04:00,CORE_EXIT_01,318.9705
2024-01-15T02:04:00,STEAM_PRES_01,64.8762
2024-01-15T02:04:00,STEAM_FEED_01,348.3501
2024-01-15T02:04:00,STEAM_DELTA_01,24.9935
2024-01-15T02:04:00,STEAM_TEMP_01,264.3757
2024-01-15T02:05:00,CORE_FLUX_01,1581129441204.3901
2024-01-15T02:05:00,CORE_FUEL_01,768.5547
2024-01-15T02:05:00,CORE_ROD_01,65.2865
2024-01-15T02:05:00,STEAM_PRES_01,65.4695
2024-01-15T02:05:00,STEAM_FEED_01,351.3108
2024-01-15T02:05:00,STEAM_TEMP_01,265.6924
2024-01-15T02:06:00,CORE_FLUX_01,1541789181902.1338
2024-01-15T02:06:00,CORE_FUEL_01,737.332
2024-01-15T02:06:00,CORE_ROD_01,65.4736
2024-01-15T02:06:00,CORE_EXIT_01,320.5317
2024-01-15T02:06:00,STEAM_PRES_01,64.4417
2024-01-15T02:06:00,STEAM_FEED_01,345.769
2024-01-15T02:06:00,STEAM_DELTA_01,24.6768
2024-01-15T02:06:00,STEAM_TEMP_01,263.0594
2024-01-15T02:07:00,CORE_FLUX_01,1495549802477.195
2024-01-15T02:07:00,CORE_FUEL_01,744.6708
2024-01-15T02:07:00,CORE_ROD_01,66.7476
2024-01-15T02:07:00,STEAM_PRES_01,64.9287
2024-01-15T02:07:00,STEAM_FEED_01,348.9281
2024-01-15T02:07:00,STEAM_TEMP_01,265.572
2024-01-15T02:08:00,CORE_FLUX_01,1501027188590.4666
2024-01-15T02:08:00,CORE_FUEL_01,759.6333
2024-01-15T02:08:00,CORE_ROD_01,63.6223
2024-01-15T02:08:00,CORE_EXIT_01,317.8207
2024-01-15T02:08:00,STEAM_PRES_01,65.14
2024-01-15T02:08:00,STEAM_FEED_01,353.0103
2024-01-15T02:08:00,STEAM_DELTA_01,25.0933
2024-01-15T02:08:00,STEAM_TEMP_01,265.739
2024-01-15T02:09:00,CORE_FLUX_01,1498981593917.0747
2024-01-15T02:09:00,CORE_FUEL_01,752.5499
2024-01-15T02:09:00,CORE_ROD_01,65.1266
2024-01-15T02:09:00,STEAM_PRES_01,65.2506
2024-01-15T02:09:00,STEAM_FEED_01,351.4964
2024-01-15T02:09:00,STEAM_TEMP_01,266.0706
2024-01-15T02:10:00,CORE_FLUX_01,1472289709939.8933
2024-01-15T02:10:00,CORE_FUEL_01,743.2094
2024-01-15T02:10:00,CORE_ROD_01,67.2432
2024-01-15T02:10:00,CORE_EXIT_01,322.2801
2024-01-15T02:10:00,STEAM_PRES_01,64.8595
2024-01-15T02:10:00,STEAM_FEED_01,351.0817
2024-01-15T02:10:00,STEAM_DELTA_01,25.1168
2024-01-15T02:10:00,STEAM_TEMP_01,264.5311
2024-01-15T02:11:00,CORE_FLUX_01,1460860883805.93
2024-01-15T02:11:00,CORE_FUEL_01,739.6254
2024-01-15T02:11:00,CORE_ROD_01,65.1071
2024-01-15T02:11:00,STEAM_PRES_01,64.7435
2024-01-15T02:11:00,STEAM_FEED_01,351.0382
2024-01-15T02:11:00,STEAM_TEMP_01,264.2499
2024-01-15T02:12:00,CORE_FLUX_01,1507694928772.0413
2024-01-15T02:12:00,CORE_FUEL_01,764.3207
2024-01-15T02:12:00,CORE_ROD_01,65.221
2024-01-15T02:12:00,CORE_EXIT_01,320.0375
2024-01-15T02:12:00,STEAM_PRES_01,65.5078
2024-01-15T02:12:00,STEAM_FEED_01,351.2859
2024-01-15T02:12:00,STEAM_DELTA_01,25.2109
2024-01-15T02:12:00,STEAM_TEMP_01,265.7926
2024-01-15T02:13:00,CORE_FLUX_01,1500504013635.4937
2024-01-15T02:13:00,CORE_FUEL_01,762.7672
2024-01-15T02:13:00,CORE_ROD_01,65.9988
2024-01-15T02:13:00,STEAM_PRES_01,64.9476
2024-01-15T02:13:00,STEAM_FEED_01,351.6426
2024-01-15T02:13:00,STEAM_TEMP_01,264.5927
2024-01-15T02:14:00,CORE_FLUX_01,1523810701521.0852
2024-01-15T02:14:00,CORE_FUEL_01,753.3822
2024-01-15T02:14:00,CORE_ROD_01,63.6406
2024-01-15T02:14:00,CORE_EXIT_01,319.8945
2024-01-15T02:14:00,STEAM_PRES_01,65.1732
2024-01-15T02:14:00,STEAM_FEED_01,352.5264
2024-01-15T02:14:00,STEAM_DELTA_01,25.1808
2024-01-15T02:14:00,STEAM_TEMP_01,266.0592
2024-01-15T02:15:00,CORE_FLUX_01,1508690004176.9824
2024-01-15T02:15:00,CORE_FUEL_01,746.7915
2024-01-15T02:15:00,CORE_ROD_01,65.3802
2024-01-15T02:15:00,STEAM_PRES_01,64.7343
2024-01-15T02:15:00,STEAM_FEED_01,350.0452
2024-01-15T02:15:00,STEAM_TEMP_01,265.3056
2024-01-15T02:16:00,CORE_FLUX_01,1489490465588.3923
2024-01-15T02:16:00,CORE_FUEL_01,749.886
2024-01-15T02:16:00,CORE_ROD_01,65.0446
2024-01-15T02:16:00,CORE_EXIT_01,319.8851
2024-01-15T02:16:00,STEAM_PRES_01,65.002
2024-01-15T02:16:00,STEAM_FEED_01,350.4907
2024-01-15T02:16:00,STEAM_DELTA_01,24.9677
2024-01-15T02:16:00,STEAM_TEMP_01,265.1344
2024-01-15T02:17:00,CORE_FLUX_01,1472439622178.6035
2024-01-15T02:17:00,CORE_FUEL_01,753.4087
2024-01-15T02:17:00,CORE_ROD_01,64.8739
2024-01-15T02:17:00,STEAM_PRES_01,64.9035
2024-01-15T02:17:00,STEAM_FEED_01,350.9367
2024-01-15T02:17:00,STEAM_TEMP_01,265.6145
2024-01-15T02:18:00,CORE_FLUX_01,1534566939963.9458
2024-01-15T02:18:00,CORE_FUEL_01,758.7691
2024-01-15T02:18:00,CORE_ROD_01,65.0204
2024-01-15T02:18:00,CORE_EXIT_01,319.8404
2024-01-15T02:18:00,STEAM_PRES_01,64.8439
2024-01-15T02:18:00,STEAM_FEED_01,346.7713
2024-01-15T02:18:00,STEAM_DELTA_01,24.9055
2024-01-15T02:18:00,STEAM_TEMP_01,264.0996
2024-01-15T02:19:00,CORE_FLUX_01,1493796397516.454
2024-01-15T02:19:00,CORE_FUEL_01,750.705
2024-01-15T02:19:00,CORE_ROD_01,63.3991
2024-01-15T02:19:00,STEAM_PRES_01,65.1554
2024-01-15T02:19:00,STEAM_FEED_01,353.0551
2024-01-15T02:19:00,STEAM_TEMP_01,265.2919
2024-01-15T02:20:00,CORE_FLUX_01,1507774329634.4778
2024-01-15T02:20:00,CORE_FUEL_01,764.6595
2024-01-15T02:20:00,CORE_ROD_01,64.9572
2024-01-15T02:20:00,CORE_EXIT_01,320.7012
2024-01-15T02:20:00,STEAM_PRES_01,64.8479
2024-01-15T02:20:00,STEAM_FEED_01,355.398
2024-01-15T02:20:00,STEAM_DELTA_01,25.1203
2024-01-15T02:20:00,STEAM_TEMP_01,265.2956
2024-01-15T02:21:00,CORE_FLUX_01,1451333832251.8132
2024-01-15T02:21:00,CORE_FUEL_01,767.8666
2024-01-15T02:21:00,CORE_ROD_01,63.5433
2024-01-15T02:21:00,STEAM_PRES_01,65.1199
2024-01-15T02:21:00,STEAM_FEED_01,351.1098
2024-01-15T02:21:00,STEAM_TEMP_01,266.3167
2024-01-15T02:22:00,CORE_FLUX_01,1509305752860.3718
2024-01-15T02:22:00,CORE_FUEL_01,760.1253
2024-01-15T02:22:00,CORE_ROD_01,63.3684
2024-01-15T02:22:00,CORE_EXIT_01,319.1424
2024-01-15T02:22:00,STEAM_PRES_01,64.7678
2024-01-15T02:22:00,STEAM_FEED_01,348.0944
2024-01-15T02:22:00,STEAM_DELTA_01,24.7205
2024-01-15T02:22:00,STEAM_TEMP_01,264.9495
2024-01-15T02:23:00,CORE_FLUX_01,1532523379084.9863
2024-01-15T02:23:00,CORE_FUEL_01,745.7558
2024-01-15T02:23:00,CORE_ROD_01,65.0046
2024-01-15T02:23:00,STEAM_PRES_01,65.1539
2024-01-15T02:23:00,STEAM_FEED_01,351.3403
2024-01-15T02:23:00,STEAM_TEMP_01,265.7659
2024-01-15T02:24:00,CORE_FLUX_01,1529929813216.1926
2024-01-15T02:24:00,CORE_FUEL_01,763.0897
2024-01-15T02:24:00,CORE_ROD_01,64.2419
2024-01-15T02:24:00,CORE_EXIT_01,320.6212
2024-01-15T02:24:00,STEAM_PRES_01,65.4077
2024-01-15T02:24:00,STEAM_FEED_01,350.4666
2024-01-15T02:24:00,STEAM_DELTA_01,25.3797
2024-01-15T02:24:00,STEAM_TEMP_01,265.8731
2024-01-15T02:25:00,CORE_FLUX_01,1505172077344.138
2024-01-15T02:25:00,CORE_FUEL_01,736.4702
2024-01-15T02:25:00,CORE_ROD_01,65.4528
2024-01-15T02:25:00,STEAM_PRES_01,65.0213
2024-01-15T02:25:00,STEAM_FEED_01,350.3106
2024-01-15T02:25:00,STEAM_TEMP_01,265.7469
2024-01-15T02:26:00,CORE_FLUX_01,1453992441947.8044
2024-01-15T02:26:00,CORE_FUEL_01,747.7544
2024-01-15T02:26:00,CORE_ROD_01,65.8645
2024-01-15T02:26:00,CORE_EXIT_01,321.2843
2024-01-15T02:26:00,STEAM_PRES_01,64.8549
2024-01-15T02:26:00,STEAM_FEED_01,347.0533
2024-01-15T02:26:00,STEAM_DELTA_01,24.8629
2024-01-15T02:26:00,STEAM_TEMP_01,265.1508
2024-01-15T02:27:00,CORE_FLUX_01,1524987304779.9941
2024-01-15T02:27:00,CORE_FUEL_01,737.4399
2024-01-15T02:27:00,CORE_ROD_01,65.3531
2024-01-15T02:27:00,STEAM_PRES_01,65.0327
2024-01-15T02:27:00,STEAM_FEED_01,351.312
2024-01-15T02:27:00,STEAM_TEMP_01,265.8452
2024-01-15T02:28:00,CORE_FLUX_01,1506519704652.8313
2024-01-15T02:28:00,CORE_FUEL_01,747.4542
2024-01-15T02:28:00,CORE_ROD_01,63.735
2024-01-15T02:28:00,CORE_EXIT_01,318.462
2024-01-15T02:28:00,STEAM_PRES_01,64.9459
2024-01-15T02:28:00,STEAM_FEED_01,345.6387
2024-01-15T02:28:00,STEAM_DELTA_01,24.7217
2024-01-15T02:28:00,STEAM_TEMP_01,264.3198
2024-01-15T02:29:00,CORE_FLUX_01,1497422594032.6064
2024-01-15T02:29:00,CORE_FUEL_01,750.5572
2024-01-15T02:29:00,CORE_ROD_01,65.2146
2024-01-15T02:29:00,STEAM_PRES_01,65.074
2024-01-15T02:29:00,STEAM_FEED_01,348.732
2024-01-15T02:29:00,STEAM_TEMP_01,265.0375
2024-01-15T02:30:00,CORE_FLUX_01,1479776516390.1536
2024-01-15T02:30:00,CORE_FUEL_01,754.2288
2024-01-15T02:30:00,CORE_ROD_01,63.8023
2024-01-15T02:30:00,CORE_EXIT_01,320.8569
2024-01-15T02:30:00,STEAM_PRES_01,65.0931
2024-01-15T02:30:00,STEAM_FEED_01,353.4881
2024-01-15T02:30:00,STEAM_DELTA_01,25.2271
2024-01-15T02:30:00,STEAM_TEMP_01,265.4702
2024-01-15T02:31:00,CORE_FLUX_01,1510365494109.4563
2024-01-15T02:31:00,CORE_FUEL_01,761.374
2024-01-15T02:31:00,CORE_ROD_01,64.7482
2024-01-15T02:31:00,STEAM_PRES_01,64.6967
2024-01-15T02:31:00,STEAM_FEED_01,346.9369
2024-01-15T02:31:00,STEAM_TEMP_01,263.9547
2024-01-15T02:32:00,CORE_FLUX_01,1521612283408.603
2024-01-15T02:32:00,CORE_FUEL_01,752.9237
2024-01-15T02:32:00,CORE_ROD_01,64.9014
2024-01-15T02:32:00,CORE_EXIT_01,322.2467
2024-01-15T02:32:00,STEAM_PRES_01,64.9384
2024-01-15T02:32:00,STEAM_FEED_01,347.9671
2024-01-15T02:32:00,STEAM_DELTA_01,24.9628
2024-01-15T02:32:00,STEAM_TEMP_01,264.234
2024-01-15T02:33:00,CORE_FLUX_01,1470667473235.6843
2024-01-15T02:33:00,CORE_FUEL_01,747.747
2024-01-15T02:33:00,CORE_ROD_01,64.6687
2024-01-15T02:33:00,STEAM_PRES_01,65.1005
2024-01-15T02:33:00,STEAM_FEED_01,350.6171
2024-01-15T02:33:00,STEAM_TEMP_01,265.2449
2024-01-15T02:34:00,CORE_FLUX_01,1436779932501.3677
2024-01-15T02:34:00,CORE_FUEL_01,753.8319
2024-01-15T02:34:00,CORE_ROD_01,65.1909
2024-01-15T02:34:00,CORE_EXIT_01,323.2509
2024-01-15T02:34:00,STEAM_PRES_01,64.9564
2024-01-15T02:34:00,STEAM_FEED_01,347.9616
2024-01-15T02:34:00,STEAM_DELTA_01,25.0735
2024-01-15T02:34:00,STEAM_TEMP_01,265.2811
2024-01-15T02:35:00,CORE_FLUX_01,1498824693626.7148
2024-01-15T02:35:00,CORE_FUEL_01,744.6442
2024-01-15T02:35:00,CORE_ROD_01,65.0986
2024-01-15T02:35:00,STEAM_PRES_01,64.6377
2024-01-15T02:35:00,STEAM_FEED_01,349.6836
2024-01-15T02:35:00,STEAM_TEMP_01,264.5258
2024-01-15T02:36:00,CORE_FLUX_01,1518257296847.607
2024-01-15T02:36:00,CORE_FUEL_01,759.56
2024-01-15T02:36:00,CORE_ROD_01,64.0094
2024-01-15T02:36:00,CORE_EXIT_01,320.7308
2024-01-15T02:36:00,STEAM_PRES_01,64.8475
2024-01-15T02:36:00,STEAM_FEED_01,349.6031
2024-01-15T02:36:00,STEAM_DELTA_01,25.3252
2024-01-15T02:36:00,STEAM_TEMP_01,265.5723
2024-01-15T02:37:00,CORE_FLUX_01,1513933970698.7969
2024-01-15T02:37:00,CORE_FUEL_01,754.2425
2024-01-15T02:37:00,CORE_ROD_01,65.0444
2024-01-15T02:37:00,STEAM_PRES_01,65.2776
2024-01-15T02:37:00,STEAM_FEED_01,349.2361
2024-01-15T02:37:00,STEAM_TEMP_01,266.1892
2024-01-15T02:38:00,CORE_FLUX_01,1534811013657.29
2024-01-15T02:38:00,CORE_FUEL_01,751.5296
2024-01-15T02:38:00,CORE_ROD_01,64.0221
2024-01-15T02:38:00,CORE_EXIT_01,320.7387
2024-01-15T02:38:00,STEAM_PRES_01,65.0719
2024-01-15T02:38:00,STEAM_FEED_01,351.5122
2024-01-15T02:38:00,STEAM_DELTA_01,25.1423
2024-01-15T02:38:00,STEAM_TEMP_01,265.8332
2024-01-15T02:39:00,CORE_FLUX_01,1557157717819.4897
2024-01-15T02:39:00,CORE_FUEL_01,754.6475
2024-01-15T02:39:00,CORE_ROD_01,64.3647
2024-01-15T02:39:00,STEAM_PRES_01,64.9446
2024-01-15T02:39:00,STEAM_FEED_01,349.8404
2024-01-15T02:39:00,STEAM_TEMP_01,265.307
2024-01-15T02:40:00,CORE_FLUX_01,1469898591021.61
2024-01-15T02:40:00,CORE_FUEL_01,761.0422
2024-01-15T02:40:00,CORE_ROD_01,65.0237
2024-01-15T02:40:00,CORE_EXIT_01,320.9882
2024-01-15T02:40:00,STEAM_PRES_01,65.2499
2024-01-15T02:40:00,STEAM_FEED_01,351.7528
2024-01-15T02:40:00,STEAM_DELTA_01,25.0853
2024-01-15T02:40:00,STEAM_TEMP_01,265.936
2024-01-15T02:41:00,CORE_FLUX_01,1440672832853.964
2024-01-15T02:41:00,CORE_FUEL_01,727.902
2024-01-15T02:41:00,CORE_ROD_01,65.6567
2024-01-15T02:41:00,STEAM_PRES_01,64.8168
2024-01-15T02:41:00,STEAM_FEED_01,349.1746
2024-01-15T02:41:00,STEAM_TEMP_01,264.405
2024-01-15T02:42:00,CORE_FLUX_01,1540123422825.715
2024-01-15T02:42:00,CORE_FUEL_01,744.5828
2024-01-15T02:42:00,CORE_ROD_01,64.5368
2024-01-15T02:42:00,CORE_EXIT_01,320.4542
2024-01-15T02:42:00,STEAM_PRES_01,65.1534
2024-01-15T02:42:00,STEAM_FEED_01,349.861
2024-01-15T02:42:00,STEAM_DELTA_01,25.0071
2024-01-15T02:42:00,STEAM_TEMP_01,264.7872
2024-01-15T02:43:00,CORE_FLUX_01,1496540267025.1848
2024-01-15T02:43:00,CORE_FUEL_01,763.1607
2024-01-15T02:43:00,CORE_ROD_01,65.4341
2024-01-15T02:43:00,STEAM_PRES_01,65.1061
2024-01-15T02:43:00,STEAM_FEED_01,351.4699
2024-01-15T02:43:00,STEAM_TEMP_01,266.3415
2024-01-15T02:44:00,CORE_FLUX_01,1456527145151.9211
2024-01-15T02:44:00,CORE_FUEL_01,758.533
2024-01-15T02:44:00,CORE_ROD_01,66.7572
2024-01-15T02:44:00,CORE_EXIT_01,320.7165
2024-01-15T02:44:00,STEAM_PRES_01,64.8697
2024-01-15T02:44:00,STEAM_FEED_01,349.3033
2024-01-15T02:44:00,STEAM_DELTA_01,25.1269
2024-01-15T02:44:00,STEAM_TEMP_01,264.8887
2024-01-15T02:45:00,CORE_FLUX_01,1490726470399.157
2024-01-15T02:45:00,CORE_FUEL_01,752.3646
2024-01-15T02:45:00,CORE_ROD_01,64.8021
2024-01-15T02:45:00,STEAM_PRES_01,65.0372
2024-01-15T02:45:00,STEAM_FEED_01,348.5184
2024-01-15T02:45:00,STEAM_TEMP_01,265.6904
2024-01-15T02:46:00,CORE_FLUX_01,1565015577759.7048
2024-01-15T02:46:00,CORE_FUEL_01,735.895
2024-01-15T02:46:00,CORE_ROD_01,65.2818
2024-01-15T02:46:00,CORE_EXIT_01,320.4638
2024-01-15T02:46:00,STEAM_PRES_01,64.9067
2024-01-15T02:46:00,STEAM_FEED_01,351.3804
2024-01-15T02:46:00,STEAM_DELTA_01,25.1867
2024-01-15T02:46:00,STEAM_TEMP_01,265.2002
2024-01-15T02:47:00,CORE_FLUX_01,1482706802306.7268
2024-01-15T02:47:00,CORE_FUEL_01,747.7898
2024-01-15T02:47:00,CORE_ROD_01,63.4196
2024-01-15T02:47:00,STEAM_PRES_01,65.0626
2024-01-15T02:47:00,STEAM_FEED_01,349.549
2024-01-15T02:47:00,STEAM_TEMP_01,265.3997
2024-01-15T02:48:00,CORE_FLUX_01,1525456101704.4707
2024-01-15T02:48:00,CORE_FUEL_01,762.2304
2024-01-15T02:48:00,CORE_ROD_01,65.9709
2024-01-15T02:48:00,CORE_EXIT_01,322.1444
2024-01-15T02:48:00,STEAM_PRES_01,65.2116
2024-01-15T02:48:00,STEAM_FEED_01,355.6489
2024-01-15T02:48:00,STEAM_DELTA_01,25.4071
2024-01-15T02:48:00,STEAM_TEMP_01,266.0573
2024-01-15T02:49:00,CORE_FLUX_01,1505525499097.4329
2024-01-15T02:49:00,CORE_FUEL_01,744.9468
2024-01-15T02:49:00,CORE_ROD_01,65.1129
2024-01-15T02:49:00,STEAM_PRES_01,64.8062
2024-01-15T02:49:00,STEAM_FEED_01,349.4953
2024-01-15T02:49:00,STEAM_TEMP_01,264.8583
2024-01-15T02:50:00,CORE_FLUX_01,1550121808381.0244
2024-01-15T02:50:00,CORE_FUEL_01,748.5266
2024-01-15T02:50:00,CORE_ROD_01,66.6713
2024-01-15T02:50:00,CORE_EXIT_01,321.191
2024-01-15T02:50:00,STEAM_PRES_01,65.0867
2024-01-15T02:50:00,STEAM_FEED_01,350.35
2024-01-15T02:50:00,STEAM_DELTA_01,25.1936
2024-01-15T02:50:00,STEAM_TEMP_01,265.4415
2024-01-15T02:51:00,CORE_FLUX_01,1463953994325.2097
2024-01-15T02:51:00,CORE_FUEL_01,752.441
2024-01-15T02:51:00,CORE_ROD_01,65.2844
2024-01-15T02:51:00,STEAM_PRES_01,65.159
2024-01-15T02:51:00,STEAM_FEED_01,352.1784
2024-01-15T02:51:00,STEAM_TEMP_01,265.3354
2024-01-15T02:52:00,CORE_FLUX_01,1473964424098.7363
2024-01-15T02:52:00,CORE_FUEL_01,750.0003
2024-01-15T02:52:00,CORE_ROD_01,66.1675
2024-01-15T02:52:00,CORE_EXIT_01,320.8766
2024-01-15T02:52:00,STEAM_PRES_01,64.7581
2024-01-15T02:52:00,STEAM_FEED_01,345.5689
2024-01-15T02:52:00,STEAM_DELTA_01,24.4331
2024-01-15T02:52:00,STEAM_TEMP_01,264.505
2024-01-15T02:53:00,CORE_FLUX_01,1466305601366.3755
2024-01-15T02:53:00,CORE_FUEL_01,741.1635
2024-01-15T02:53:00,CORE_ROD_01,63.4628
2024-01-15T02:53:00,STEAM_PRES_01,64.7341
2024-01-15T02:53:00,STEAM_FEED_01,352.9146
2024-01-15T02:53:00,STEAM_TEMP_01,265.2998
2024-01-15T02:54:00,CORE_FLUX_01,1501428668222.481
2024-01-15T02:54:00,CORE_FUEL_01,743.0221
2024-01-15T02:54:00,CORE_ROD_01,65.0247
2024-01-15T02:54:00,CORE_EXIT_01,320.869
2024-01-15T02:54:00,STEAM_PRES_01,65.0577
2024-01-15T02:54:00,STEAM_FEED_01,352.0687
2024-01-15T02:54:00,STEAM_DELTA_01,25.3045
2024-01-15T02:54:00,STEAM_TEMP_01,265.5116
2024-01-15T02:55:00,CORE_FLUX_01,1558391669435.5256
2024-01-15T02:55:00,CORE_FUEL_01,759.5273
2024-01-15T02:55:00,CORE_ROD_01,66.0256
2024-01-15T02:55:00,STEAM_PRES_01,64.9854
2024-01-15T02:55:00,STEAM_FEED_01,352.3386
2024-01-15T02:55:00,STEAM_TEMP_01,265.4831
2024-01-15T02:56:00,CORE_FLUX_01,1515995090058.4514
2024-01-15T02:56:00,CORE_FUEL_01,751.7383
2024-01-15T02:56:00,CORE_ROD_01,65.1118
2024-01-15T02:56:00,CORE_EXIT_01,321.5907
2024-01-15T02:56:00,STEAM_PRES_01,65.3114
2024-01-15T02:56:00,STEAM_FEED_01,350.2564
2024-01-15T02:56:00,STEAM_DELTA_01,25.167
2024-01-15T02:56:00,STEAM_TEMP_01,266.2367
2024-01-15T02:57:00,CORE_FLUX_01,1531669602860.1108
2024-01-15T02:57:00,CORE_FUEL_01,753.7833
2024-01-15T02:57:00,CORE_ROD_01,64.998
2024-01-15T02:57:00,STEAM_PRES_01,64.9992
2024-01-15T02:57:00,STEAM_FEED_01,350.9757
2024-01-15T02:57:00,STEAM_TEMP_01,266.4161
2024-01-15T02:58:00,CORE_FLUX_01,1531615404781.4863
2024-01-15T02:58:00,CORE_FUEL_01,755.4783
2024-01-15T02:58:00,CORE_ROD_01,64.1123
2024-01-15T02:58:00,CORE_EXIT_01,319.1308
2024-01-15T02:58:00,STEAM_PRES_01,64.9497
2024-01-15T02:58:00,STEAM_FEED_01,352.4868
2024-01-15T02:58:00,STEAM_DELTA_01,24.8538
2024-01-15T02:58:00,STEAM_TEMP_01,265.5523
2024-01-15T02:59:00,CORE_FLUX_01,1509509297639.901
2024-01-15T02:59:00,CORE_FUEL_01,742.15
2024-01-15T02:59:00,CORE_ROD_01,64.1275
2024-01-15T02:59:00,STEAM_PRES_01,65.3793
2024-01-15T02:59:00,STEAM_FEED_01,351.5035
2024-01-15T02:59:00,STEAM_TEMP_01,265.7312
2024-01-15T03:00:00,CORE_FLUX_01,1540818430926.1658
2024-01-15T03:00:00,CORE_FUEL_01,762.9779
2024-01-15T03:00:00,CORE_ROD_01,65.6255
2024-01-15T03:00:00,CORE_EXIT_01,320.1875
2024-01-15T03:00:00,STEAM_PRES_01,64.7896
2024-01-15T03:00:00,STEAM_FEED_01,349.4027
2024-01-15T03:00:00,STEAM_DELTA_01,25.1572
2024-01-15T03:00:00,STEAM_TEMP_01,264.9067
2024-01-15T03:01:00,CORE_FLUX_01,1523455336723.2036
2024-01-15T03:01:00,CORE_FUEL_01,751.8722
2024-01-15T03:01:00,CORE_ROD_01,65.1827
2024-01-15T03:01:00,STEAM_PRES_01,65.2179
2024-01-15T03:01:00,STEAM_FEED_01,350.4273
2024-01-15T03:01:00,STEAM_TEMP_01,264.9364
2024-01-15T03:02:00,CORE_FLUX_01,1503819722073.6064
2024-01-15T03:02:00,CORE_FUEL_01,750.2165
2024-01-15T03:02:00,CORE_ROD_01,65.3999
2024-01-15T03:02:00,CORE_EXIT_01,321.4082
2024-01-15T03:02:00,STEAM_PRES_01,64.9883
2024-01-15T03:02:00,STEAM_FEED_01,349.7176
2024-01-15T03:02:00,STEAM_DELTA_01,25.1309
2024-01-15T03:02:00,STEAM_TEMP_01,265.9102
2024-01-15T03:03:00,CORE_FLUX_01,1538084089151.071
2024-01-15T03:03:00,CORE_FUEL_01,744.9917
2024-01-15T03:03:00,CORE_ROD_01,65.2842
2024-01-15T03:03:00,STEAM_PRES_01,65.0832
2024-01-15T03:03:00,STEAM_FEED_01,348.3616
2024-01-15T03:03:00,STEAM_TEMP_01,265.6697
2024-01-15T03:04:00,CORE_FLUX_01,1523078409393.676
2024-01-15T03:04:00,CORE_FUEL_01,767.7607
2024-01-15T03:04:00,CORE_ROD_01,63.9008
2024-01-15T03:04:00,CORE_EXIT_01,322.523
2024-01-15T03:04:00,STEAM_PRES_01,64.8415
2024-01-15T03:04:00,STEAM_FEED_01,349.7685
2024-01-15T03:04:00,STEAM_DELTA_01,25.1678
2024-01-15T03:04:00,STEAM_TEMP_01,265.5691
2024-01-15T03:05:00,CORE_FLUX_01,1523770649210.639
2024-01-15T03:05:00,CORE_FUEL_01,748.0927
2024-01-15T03:05:00,CORE_ROD_01,65.4483
2024-01-15T03:05:00,STEAM_PRES_01,65.2679
2024-01-15T03:05:00,STEAM_FEED_01,351.8469
2024-01-15T03:05:00,STEAM_TEMP_01,264.8096
2024-01-15T03:06:00,CORE_FLUX_01,1438806557570.362
2024-01-15T03:06:00,CORE_FUEL_01,753.4979
2024-01-15T03:06:00,CORE_ROD_01,64.7335
2024-01-15T03:06:00,CORE_EXIT_01,323.6481
2024-01-15T03:06:00,STEAM_PRES_01,64.5867
2024-01-15T03:06:00,STEAM_FEED_01,348.2619
2024-01-15T03:06:00,STEAM_DELTA_01,25.0761
2024-01-15T03:06:00,STEAM_TEMP_01,265.8757
2024-01-15T03:07:00,CORE_FLUX_01,1511216062080.636
2024-01-15T03:07:00,CORE_FUEL_01,755.9224
2024-01-15T03:07:00,CORE_ROD_01,64.6752
2024-01-15T03:07:00,STEAM_PRES_01,64.8786
2024-01-15T03:07:00,STEAM_FEED_01,347.7438
2024-01-15T03:07:00,STEAM_TEMP_01,264.643
2024-01-15T03:08:00,CORE_FLUX_01,1489440428679.8347
2024-01-15T03:08:00,CORE_FUEL_01,738.6187
2024-01-15T03:08:00,CORE_ROD_01,66.0846
2024-01-15T03:08:00,CORE_EXIT_01,320.4099
2024-01-15T03:08:00,STEAM_PRES_01,64.8262
2024-01-15T03:08:00,STEAM_FEED_01,348.7894
2024-01-15T03:08:00,STEAM_DELTA_01,25.1611
2024-01-15T03:08:00,STEAM_TEMP_01,264.6656
2024-01-15T03:09:00,CORE_FLUX_01,1535880107011.3853
2024-01-15T03:09:00,CORE_FUEL_01,718.7423
2024-01-15T03:09:00,CORE_ROD_01,65.3551
2024-01-15T03:09:00,STEAM_PRES_01,65.0008
2024-01-15T03:09:00,STEAM_FEED_01,348.2693
2024-01-15T03:09:00,STEAM_TEMP_01,265.1737
2024-01-15T03:10:00,CORE_FLUX_01,1491949106290.461
2024-01-15T03:10:00,CORE_FUEL_01,762.026
2024-01-15T03:10:00,CORE_ROD_01,65.6734
2024-01-15T03:10:00,CORE_EXIT_01,321.3054
2024-01-15T03:10:00,STEAM_PRES_01,64.5176
2024-01-15T03:10:00,STEAM_FEED_01,347.0697
2024-01-15T03:10:00,STEAM_DELTA_01,24.9177
2024-01-15T03:10:00,STEAM_TEMP_01,264.7014
2024-01-15T03:11:00,CORE_FLUX_01,1460584222726.9255
2024-01-15T03:11:00,CORE_FUEL_01,752.6405
2024-01-15T03:11:00,CORE_ROD_01,64.6514
2024-01-15T03:11:00,STEAM_PRES_01,65.0572
2024-01-15T03:11:00,STEAM_FEED_01,348.6527
2024-01-15T03:11:00,STEAM_TEMP_01,265.5827
2024-01-15T03:12:00,CORE_FLUX_01,1513492976451.159
2024-01-15T03:12:00,CORE_FUEL_01,753.096
2024-01-15T03:12:00,CORE_ROD_01,64.3831
2024-01-15T03:12:00,CORE_EXIT_01,321.408
2024-01-15T03:12:00,STEAM_PRES_01,65.1706
2024-01-15T03:12:00,STEAM_FEED_01,350.6124
2024-01-15T03:12:00,STEAM_DELTA_01,25.4792
2024-01-15T03:12:00,STEAM_TEMP_01,266.9503
2024-01-15T03:13:00,CORE_FLUX_01,1471346127457.3743
2024-01-15T03:13:00,CORE_FUEL_01,749.5216
2024-01-15T03:13:00,CORE_ROD_01,64.6111
2024-01-15T03:13:00,STEAM_PRES_01,64.811
2024-01-15T03:13:00,STEAM_FEED_01,349.5458
2024-01-15T03:13:00,STEAM_TEMP_01,265.7576
2024-01-15T03:14:00,CORE_FLUX_01,1520371983752.9856
2024-01-15T03:14:00,CORE_FUEL_01,763.6895
2024-01-15T03:14:00,CORE_ROD_01,64.3819
2024-01-15T03:14:00,CORE_EXIT_01,321.0342
2024-01-15T03:14:00,STEAM_PRES_01,64.9199
2024-01-15T03:14:00,STEAM_FEED_01,351.4849
2024-01-15T03:14:00,STEAM_DELTA_01,24.9893
2024-01-15T03:14:00,STEAM_TEMP_01,264.6969
2024-01-15T03:15:00,CORE_FLUX_01,1441777434858.471
2024-01-15T03:15:00,CORE_FUEL_01,768.7294
2024-01-15T03:15:00,CORE_ROD_01,65.1268
2024-01-15T03:15:00,STEAM_PRES_01,64.8896
2024-01-15T03:15:00,STEAM_FEED_01,349.25
2024-01-15T03:15:00,STEAM_TEMP_01,265.8948
2024-01-15T03:16:00,CORE_FLUX_01,1521258235756.9385
2024-01-15T03:16:00,CORE_FUEL_01,756.8012
2024-01-15T03:16:00,CORE_ROD_01,63.9191
2024-01-15T03:16:00,CORE_EXIT_01,319.9296
2024-01-15T03:16:00,STEAM_PRES_01,64.9514
2024-01-15T03:16:00,STEAM_FEED_01,351.7969
2024-01-15T03:16:00,STEAM_DELTA_01,25.2859
2024-01-15T03:16:00,STEAM_TEMP_01,265.062
2024-01-15T03:17:00,CORE_FLUX_01,1556381073476.2554
2024-01-15T03:17:00,CORE_FUEL_01,748.2682
2024-01-15T03:17:00,CORE_ROD_01,66.2857
2024-01-15T03:17:00,STEAM_PRES_01,64.7249
2024-01-15T03:17:00,STEAM_FEED_01,347.1948
2024-01-15T03:17:00,STEAM_TEMP_01,264.8681
2024-01-15T03:18:00,CORE_FLUX_01,1512175440120.7043
2024-01-15T03:18:00,CORE_FUEL_01,758.0122
2024-01-15T03:18:00,CORE_ROD_01,66.3229
2024-01-15T03:18:00,CORE_EXIT_01,321.0838
2024-01-15T03:18:00,STEAM_PRES_01,64.9715
2024-01-15T03:18:00,STEAM_FEED_01,346.6691
2024-01-15T03:18:00,STEAM_DELTA_01,24.6263
2024-01-15T03:18:00,STEAM_TEMP_01,265.2956
2024-01-15T03:19:00,CORE_FLUX_01,1476323339145.7654
2024-01-15T03:19:00,CORE_FUEL_01,750.5042
2024-01-15T03:19:00,CORE_ROD_01,63.8179
2024-01-15T03:19:00,STEAM_PRES_01,64.8963
2024-01-15T03:19:00,STEAM_FEED_01,350.0627
2024-01-15T03:19:00,STEAM_TEMP_01,265.4989
2024-01-15T03:20:00,CORE_FLUX_01,1528057332919.9753
2024-01-15T03:20:00,CORE_FUEL_01,761.215
2024-01-15T03:20:00,CORE_ROD_01,65.1996
2024-01-15T03:20:00,CORE_EXIT_01,321.6572
2024-01-15T03:20:00,STEAM_PRES_01,64.6158
2024-01-15T03:20:00,STEAM_FEED_01,350.9017
2024-01-15T03:20:00,STEAM_DELTA_01,25.1589
2024-01-15T03:20:00,STEAM_TEMP_01,265.6802
2024-01-15T03:21:00,CORE_FLUX_01,1542463679456.7817
2024-01-15T03:21:00,CORE_FUEL_01,750.564
2024-01-15T03:21:00,CORE_ROD_01,64.7277
2024-01-15T03:21:00,STEAM_PRES_01,64.7612
2024-01-15T03:21:00,STEAM_FEED_01,345.6855
2024-01-15T03:21:00,STEAM_TEMP_01,263.791
2024-01-15T03:22:00,CORE_FLUX_01,1455430811124.481
2024-01-15T03:22:00,CORE_FUEL_01,755.197
2024-01-15T03:22:00,CORE_ROD_01,63.8475
2024-01-15T03:22:00,CORE_EXIT_01,320.4224
2024-01-15T03:22:00,STEAM_PRES_01,65.0438
2024-01-15T03:22:00,STEAM_FEED_01,350.5105
2024-01-15T03:22:00,STEAM_DELTA_01,25.3251
2024-01-15T03:22:00,STEAM_TEMP_01,264.6253
2024-01-15T03:23:00,CORE_FLUX_01,1535526675665.9233
2024-01-15T03:23:00,CORE_FUEL_01,750.3245
2024-01-15T03:23:00,CORE_ROD_01,64.0032
2024-01-15T03:23:00,STEAM_PRES_01,65.0056
2024-01-15T03:23:00,STEAM_FEED_01,351.0988
2024-01-15T03:23:00,STEAM_TEMP_01,265.4316
2024-01-15T03:24:00,CORE_FLUX_01,1516235011271.7288
2024-01-15T03:24:00,CORE_FUEL_01,748.8974
2024-01-15T03:24:00,CORE_ROD_01,64.5894
2024-01-15T03:24:00,CORE_EXIT_01,319.3507
2024-01-15T03:24:00,STEAM_PRES_01,64.9697
2024-01-15T03:24:00,STEAM_FEED_01,350.6651
2024-01-15T03:24:00,STEAM_DELTA_01,25.2683
2024-01-15T03:24:00,STEAM_TEMP_01,265.4324
2024-01-15T03:25:00,CORE_FLUX_01,1569424451447.8547
2024-01-15T03:25:00,CORE_FUEL_01,762.8073
2024-01-15T03:25:00,CORE_ROD_01,65.8145
2024-01-15T03:25:00,STEAM_PRES_01,64.9415
2024-01-15T03:25:00,STEAM_FEED_01,350.1733
2024-01-15T03:25:00,STEAM_TEMP_01,265.7834
2024-01-15T03:26:00,CORE_FLUX_01,1537376703570.8994
2024-01-15T03:26:00,CORE_FUEL_01,762.8916
2024-01-15T03:26:00,CORE_ROD_01,66.3516
2024-01-15T03:26:00,CORE_EXIT_01,317.8
2024-01-15T03:26:00,STEAM_PRES_01,65.0507
2024-01-15T03:26:00,STEAM_FEED_01,349.9367
2024-01-15T03:26:00,STEAM_DELTA_01,25.0189
2024-01-15T03:26:00,STEAM_TEMP_01,265.2893
2024-01-15T03:27:00,CORE_FLUX_01,1527218728191.3525
2024-01-15T03:27:00,CORE_FUEL_01,763.6353
2024-01-15T03:27:00,CORE_ROD_01,64.8123
2024-01-15T03:27:00,STEAM_PRES_01,65.1625
2024-01-15T03:27:00,STEAM_FEED_01,351.2942
2024-01-15T03:27:00,STEAM_TEMP_01,265.6981
2024-01-15T03:28:00,CORE_FLUX_01,1517042232104.0386
2024-01-15T03:28:00,CORE_FUEL_01,743.1641
2024-01-15T03:28:00,CORE_ROD_01,64.6252
2024-01-15T03:28:00,CORE_EXIT_01,320.3368
2024-01-15T03:28:00,STEAM_PRES_01,65.051
2024-01-15T03:28:00,STEAM_FEED_01,349.4063
2024-01-15T03:28:00,STEAM_DELTA_01,25.091
2024-01-15T03:28:00,STEAM_TEMP_01,264.7186
2024-01-15T03:29:00,CORE_FLUX_01,1487628804690.056
2024-01-15T03:29:00,CORE_FUEL_01,730.6439
2024-01-15T03:29:00,CORE_ROD_01,65.419
2024-01-15T03:29:00,STEAM_PRES_01,64.5757
2024-01-15T03:29:00,STEAM_FEED_01,350.922
2024-01-15T03:29:00,STEAM_TEMP_01,264.4783
2024-01-15T03:30:00,CORE_FLUX_01,1473553289325.226
2024-01-15T03:30:00,CORE_FUEL_01,764.0064
2024-01-15T03:30:00,CORE_ROD_01,63.8456
2024-01-15T03:30:00,CORE_EXIT_01,321.1763
2024-01-15T03:30:00,STEAM_PRES_01,65.0591
2024-01-15T03:30:00,STEAM_FEED_01,349.0755
2024-01-15T03:30:00,STEAM_DELTA_01,25.2708
2024-01-15T03:30:00,STEAM_TEMP_01,265.2657
2024-01-15T03:31:00,CORE_FLUX_01,1529328494363.5183
2024-01-15T03:31:00,CORE_FUEL_01,768.0913
2024-01-15T03:31:00,CORE_ROD_01,63.208
2024-01-15T03:31:00,STEAM_PRES_01,64.7731
2024-01-15T03:31:00,STEAM_FEED_01,351.3988
2024-01-15T03:31:00,STEAM_TEMP_01,265.9463
2024-01-15T03:32:00,CORE_FLUX_01,1481710026915.581
2024-01-15T03:32:00,CORE_FUEL_01,752.8175
2024-01-15T03:32:00,CORE_ROD_01,65.2108
2024-01-15T03:32:00,CORE_EXIT_01,319.1498
2024-01-15T03:32:00,STEAM_PRES_01,64.8219
2024-01-15T03:32:00,STEAM_FEED_01,348.9343
2024-01-15T03:32:00,STEAM_DELTA_01,25.3001
2024-01-15T03:32:00,STEAM_TEMP_01,265.6258
2024-01-15T03:33:00,CORE_FLUX_01,1467176195438.4204
2024-01-15T03:33:00,CORE_FUEL_01,762.2315
2024-01-15T03:33:00,CORE_ROD_01,64.7764
2024-01-15T03:33:00,STEAM_PRES_01,64.6271
2024-01-15T03:33:00,STEAM_FEED_01,349.6267
2024-01-15T03:33:00,STEAM_TEMP_01,264.3044
2024-01-15T03:34:00,CORE_FLUX_01,1604815476869.259
2024-01-15T03:34:00,CORE_FUEL_01,759.6647
2024-01-15T03:34:00,CORE_ROD_01,64.5468
2024-01-15T03:34:00,CORE_EXIT_01,319.6934
2024-01-15T03:34:00,STEAM_PRES_01,65.0789
2024-01-15T03:34:00,STEAM_FEED_01,350.4883
2024-01-15T03:34:00,STEAM_DELTA_01,25.0044
2024-01-15T03:34:00,STEAM_TEMP_01,266.6994
2024-01-15T03:35:00,CORE_FLUX_01,1530599621166.2476
2024-01-15T03:35:00,CORE_FUEL_01,753.0449
2024-01-15T03:35:00,CORE_ROD_01,64.831
2024-01-15T03:35:00,STEAM_PRES_01,65.2183
2024-01-15T03:35:00,STEAM_FEED_01,354.3488
2024-01-15T03:35:00,STEAM_TEMP_01,266.0019
2024-01-15T03:36:00,CORE_FLUX_01,1490011351433.1897
2024-01-15T03:36:00,CORE_FUEL_01,752.4703
2024-01-15T03:36:00,CORE_ROD_01,64.6918
2024-01-15T03:36:00,CORE_EXIT_01,321.5697
2024-01-15T03:36:00,STEAM_PRES_01,65.003
2024-01-15T03:36:00,STEAM_FEED_01,352.874
2024-01-15T03:36:00,STEAM_DELTA_01,25.5082
2024-01-15T03:36:00,STEAM_TEMP_01,265.2502
2024-01-15T03:37:00,CORE_FLUX_01,1495094950504.7058
2024-01-15T03:37:00,CORE_FUEL_01,761.351
2024-01-15T03:37:00,CORE_ROD_01,64.854
2024-01-15T03:37:00,STEAM_PRES_01,65.0672
2024-01-15T03:37:00,STEAM_FEED_01,348.8903
2024-01-15T03:37:00,STEAM_TEMP_01,265.1014
2024-01-15T03:38:00,CORE_FLUX_01,1465196191268.057
2024-01-15T03:38:00,CORE_FUEL_01,753.4859
2024-01-15T03:38:00,CORE_ROD_01,63.5818
2024-01-15T03:38:00,CORE_EXIT_01,319.5638
2024-01-15T03:38:00,STEAM_PRES_01,65.2724
2024-01-15T03:38:00,STEAM_FEED_01,349.8079
2024-01-15T03:38:00,STEAM_DELTA_01,25.1851
2024-01-15T03:38:00,STEAM_TEMP_01,265.7814
2024-01-15T03:39:00,CORE_FLUX_01,1518007605946.43
2024-01-15T03:39:00,CORE_FUEL_01,764.3923
2024-01-15T03:39:00,CORE_ROD_01,64.7636
2024-01-15T03:39:00,STEAM_PRES_01,65.2471
2024-01-15T03:39:00,STEAM_FEED_01,354.4767
2024-01-15T03:39:00,STEAM_TEMP_01,266.2997
2024-01-15T03:40:00,CORE_FLUX_01,1510172552134.978
2024-01-15T03:40:00,CORE_FUEL_01,762.3895
2024-01-15T03:40:00,CORE_ROD_01,65.3071
2024-01-15T03:40:00,CORE_EXIT_01,321.4827
2024-01-15T03:40:00,STEAM_PRES_01,65.168
2024-01-15T03:40:00,STEAM_FEED_01,350.5672
2024-01-15T03:40:00,STEAM_DELTA_01,25.2956
2024-01-15T03:40:00,STEAM_TEMP_01,266.0565
2024-01-15T03:41:00,CORE_FLUX_01,1506953355067.7585
2024-01-15T03:41:00,CORE_FUEL_01,751.1428
2024-01-15T03:41:00,CORE_ROD_01,64.9512
2024-01-15T03:41:00,STEAM_PRES_01,64.9409
2024-01-15T03:41:00,STEAM_FEED_01,349.5085
2024-01-15T03:41:00,STEAM_TEMP_01,266.31
2024-01-15T03:42:00,CORE_FLUX_01,1504663660521.7126
2024-01-15T03:42:00,CORE_FUEL_01,739.7402
2024-01-15T03:42:00,CORE_ROD_01,63.8841
2024-01-15T03:42:00,CORE_EXIT_01,320.4773
2024-01-15T03:42:00,STEAM_PRES_01,65.0384
2024-01-15T03:42:00,STEAM_FEED_01,351.5054
2024-01-15T03:42:00,STEAM_DELTA_01,25.0795
2024-01-15T03:42:00,STEAM_TEMP_01,265.991
2024-01-15T03:43:00,CORE_FLUX_01,1498570531614.1362
2024-01-15T03:43:00,CORE_FUEL_01,747.1149
2024-01-15T03:43:00,CORE_ROD_01,65.421
2024-01-15T03:43:00,STEAM_PRES_01,65.0351
2024-01-15T03:43:00,STEAM_FEED_01,348.8742
2024-01-15T03:43:00,STEAM_TEMP_01,266.0001
2024-01-15T03:44:00,CORE_FLUX_01,1499430437754.1218
2024-01-15T03:44:00,CORE_FUEL_01,746.9431
2024-01-15T03:44:00,CORE_ROD_01,64.3388
2024-01-15T03:44:00,CORE_EXIT_01,318.4821
2024-01-15T03:44:00,STEAM_PRES_01,64.8994
2024-01-15T03:44:00,STEAM_FEED_01,351.7383
2024-01-15T03:44:00,STEAM_DELTA_01,25.0396
2024-01-15T03:44:00,STEAM_TEMP_01,265.9847
2024-01-15T03:45:00,CORE_FLUX_01,1488208568672.7854
2024-01-15T03:45:00,CORE_FUEL_01,766.3272
2024-01-15T03:45:00,CORE_ROD_01,63.5998
2024-01-15T03:45:00,STEAM_PRES_01,64.7797
2024-01-15T03:45:00,STEAM_FEED_01,349.3083
2024-01-15T03:45:00,STEAM_TEMP_01,265.5437
2024-01-15T03:46:00,CORE_FLUX_01,1507144035361.953
2024-01-15T03:46:00,CORE_FUEL_01,749.1911
2024-01-15T03:46:00,CORE_ROD_01,65.1156
2024-01-15T03:46:00,CORE_EXIT_01,320.1676
2024-01-15T03:46:00,STEAM_PRES_01,65.0736
2024-01-15T03:46:00,STEAM_FEED_01,348.756
2024-01-15T03:46:00,STEAM_DELTA_01,25.1082
2024-01-15T03:46:00,STEAM_TEMP_01,265.1261
2024-01-15T03:47:00,CORE_FLUX_01,1534250005457.192
2024-01-15T03:47:00,CORE_FUEL_01,748.9632
2024-01-15T03:47:00,CORE_ROD_01,64.993
2024-01-15T03:47:00,STEAM_PRES_01,65.1047
2024-01-15T03:47:00,STEAM_FEED_01,349.3129
2024-01-15T03:47:00,STEAM_TEMP_01,264.6267
2024-01-15T03:48:00,CORE_FLUX_01,1445841180441.1902
2024-01-15T03:48:00,CORE_FUEL_01,756.7479
2024-01-15T03:48:00,CORE_ROD_01,64.4073
2024-01-15T03:48:00,CORE_EXIT_01,321.8387
2024-01-15T03:48:00,STEAM_PRES_01,64.9166
2024-01-15T03:48:00,STEAM_FEED_01,350.3467
2024-01-15T03:48:00,STEAM_DELTA_01,25.4463
2024-01-15T03:48:00,STEAM_TEMP_01,265.5329
2024-01-15T03:49:00,CORE_FLUX_01,1479836269024.2747
2024-01-15T03:49:00,CORE_FUEL_01,743.9012
2024-01-15T03:49:00,CORE_ROD_01,64.3408
2024-01-15T03:49:00,STEAM_PRES_01,65.0293
2024-01-15T03:49:00,STEAM_FEED_01,350.4425
2024-01-15T03:49:00,STEAM_TEMP_01,266.1107
2024-01-15T03:50:00,CORE_FLUX_01,1525138748598.118
2024-01-15T03:50:00,CORE_FUEL_01,741.1382
2024-01-15T03:50:00,CORE_ROD_01,64.2421
2024-01-15T03:50:00,CORE_EXIT_01,322.129
2024-01-15T03:50:00,STEAM_PRES_01,65.073
2024-01-15T03:50:00,STEAM_FEED_01,350.0168
2024-01-15T03:50:00,STEAM_DELTA_01,25.099
2024-01-15T03:50:00,STEAM_TEMP_01,265.7428
2024-01-15T03:51:00,CORE_FLUX_01,1533440357929.8872
2024-01-15T03:51:00,CORE_FUEL_01,756.834
2024-01-15T03:51:00,CORE_ROD_01,66.0395
2024-01-15T03:51:00,STEAM_PRES_01,65.0681
2024-01-15T03:51:00,STEAM_FEED_01,346.7856
2024-01-15T03:51:00,STEAM_TEMP_01,265.1126
2024-01-15T03:52:00,CORE_FLUX_01,1559057950444.3386
2024-01-15T03:52:00,CORE_FUEL_01,749.1707
2024-01-15T03:52:00,CORE_ROD_01,65.0257
2024-01-15T03:52:00,CORE_EXIT_01,320.9777
2024-01-15T03:52:00,STEAM_PRES_01,65.0279
2024-01-15T03:52:00,STEAM_FEED_01,348.5355
2024-01-15T03:52:00,STEAM_DELTA_01,25.2405
2024-01-15T03:52:00,STEAM_TEMP_01,265.9175
2024-01-15T03:53:00,CORE_FLUX_01,1487903082153.6272
2024-01-15T03:53:00,CORE_FUEL_01,746.924
2024-01-15T03:53:00,CORE_ROD_01,64.0866
2024-01-15T03:53:00,STEAM_PRES_01,65.2021
2024-01-15T03:53:00,STEAM_FEED_01,350.7156
2024-01-15T03:53:00,STEAM_TEMP_01,266.2515
2024-01-15T03:54:00,CORE_FLUX_01,1489207810005.7078
2024-01-15T03:54:00,CORE_FUEL_01,754.2101
2024-01-15T03:54:00,CORE_ROD_01,66.7089
2024-01-15T03:54:00,CORE_EXIT_01,320.1257
2024-01-15T03:54:00,STEAM_PRES_01,65.0305
2024-01-15T03:54:00,STEAM_FEED_01,351.7632
2024-01-15T03:54:00,STEAM_DELTA_01,25.2809
2024-01-15T03:54:00,STEAM_TEMP_01,266.2781
2024-01-15T03:55:00,CORE_FLUX_01,1528751864644.735
2024-01-15T03:55:00,CORE_FUEL_01,768.4375
2024-01-15T03:55:00,CORE_ROD_01,66.5073
2024-01-15T03:55:00,STEAM_PRES_01,64.8373
2024-01-15T03:55:00,STEAM_FEED_01,347.2218
2024-01-15T03:55:00,STEAM_TEMP_01,264.9053
2024-01-15T03:56:00,CORE_FLUX_01,1549369067396.4397
2024-01-15T03:56:00,CORE_FUEL_01,764.6143
2024-01-15T03:56:00,CORE_ROD_01,64.5095
2024-01-15T03:56:00,CORE_EXIT_01,319.0999
2024-01-15T03:56:00,STEAM_PRES_01,64.9404
2024-01-15T03:56:00,STEAM_FEED_01,352.6242
2024-01-15T03:56:00,STEAM_DELTA_01,25.0622
2024-01-15T03:56:00,STEAM_TEMP_01,266.3551
2024-01-15T03:57:00,CORE_FLUX_01,1497135493362.322
2024-01-15T03:57:00,CORE_FUEL_01,764.2431
2024-01-15T03:57:00,CORE_ROD_01,64.8951
2024-01-15T03:57:00,STEAM_PRES_01,64.9166
2024-01-15T03:57:00,STEAM_FEED_01,350.3498
2024-01-15T03:57:00,STEAM_TEMP_01,265.9672
2024-01-15T03:58:00,CORE_FLUX_01,1531868564114.4763
2024-01-15T03:58:00,CORE_FUEL_01,755.844
2024-01-15T03:58:00,CORE_ROD_01,64.6766
2024-01-15T03:58:00,CORE_EXIT_01,319.3997
2024-01-15T03:58:00,STEAM_PRES_01,65.0263
2024-01-15T03:58:00,STEAM_FEED_01,348.9987
2024-01-15T03:58:00,STEAM_DELTA_01,25.0483
2024-01-15T03:58:00,STEAM_TEMP_01,265.0592
2024-01-15T03:59:00,CORE_FLUX_01,1499382729210.778
2024-01-15T03:59:00,CORE_FUEL_01,758.7408
2024-01-15T03:59:00,CORE_ROD_01,66.234
2024-01-15T03:59:00,STEAM_PRES_01,64.9444
2024-01-15T03:59:00,STEAM_FEED_01,349.0205
2024-01-15T03:59:00,STEAM_TEMP_01,265.6826
2024-01-15T04:00:00,CORE_FLUX_01,1531131227240.482
2024-01-15T04:00:00,CORE_FUEL_01,752.4571
2024-01-15T04:00:00,CORE_ROD_01,65.8216
2024-01-15T04:00:00,CORE_EXIT_01,319.7847
2024-01-15T04:00:00,STEAM_PRES_01,65.2672
2024-01-15T04:00:00,STEAM_FEED_01,355.4181
2024-01-15T04:00:00,STEAM_DELTA_01,25.5329
2024-01-15T04:00:00,STEAM_TEMP_01,266.146
2024-01-15T04:01:00,CORE_FLUX_01,1534187564012.5884
2024-01-15T04:01:00,CORE_FUEL_01,758.6146
2024-01-15T04:01:00,CORE_ROD_01,63.1204
2024-01-15T04:01:00,STEAM_PRES_01,64.7092
2024-01-15T04:01:00,STEAM_FEED_01,347.3734
2024-01-15T04:01:00,STEAM_TEMP_01,265.3976
2024-01-15T04:02:00,CORE_FLUX_01,1492166338479.2588
2024-01-15T04:02:00,CORE_FUEL_01,757.5649
2024-01-15T04:02:00,CORE_ROD_01,64.6412
2024-01-15T04:02:00,CORE_EXIT_01,323.1966
2024-01-15T04:02:00,STEAM_PRES_01,65.0104
2024-01-15T04:02:00,STEAM_FEED_01,348.5306
2024-01-15T04:02:00,STEAM_DELTA_01,25.3048
2024-01-15T04:02:00,STEAM_TEMP_01,265.3317
2024-01-15T04:03:00,CORE_FLUX_01,1468532399377.6807
2024-01-15T04:03:00,CORE_FUEL_01,762.6924
2024-01-15T04:03:00,CORE_ROD_01,67.1797
2024-01-15T04:03:00,STEAM_PRES_01,64.9501
2024-01-15T04:03:00,STEAM_FEED_01,349.7873
2024-01-15T04:03:00,STEAM_TEMP_01,266.2798
2024-01-15T04:04:00,CORE_FLUX_01,1503473005165.1255
2024-01-15T04:04:00,CORE_FUEL_01,750.14
2024-01-15T04:04:00,CORE_ROD_01,64.7802
2024-01-15T04:04:00,CORE_EXIT_01,320.9044
2024-01-15T04:04:00,STEAM_PRES_01,64.3386
2024-01-15T04:04:00,STEAM_FEED_01,347.2844
2024-01-15T04:04:00,STEAM_DELTA_01,25.4366
2024-01-15T04:04:00,STEAM_TEMP_01,265.208
2024-01-15T04:05:00,CORE_FLUX_01,1488561621630.6948
2024-01-15T04:05:00,CORE_FUEL_01,749.4517
2024-01-15T04:05:00,CORE_ROD_01,65.7449
2024-01-15T04:05:00,STEAM_PRES_01,64.6451
2024-01-15T04:05:00,STEAM_FEED_01,349.6443
2024-01-15T04:05:00,STEAM_TEMP_01,264.8433
2024-01-15T04:06:00,CORE_FLUX_01,1565096346020.8928
2024-01-15T04:06:00,CORE_FUEL_01,737.0705
2024-01-15T04:06:00,CORE_ROD_01,64.5008
2024-01-15T04:06:00,CORE_EXIT_01,323.0967
2024-01-15T04:06:00,STEAM_PRES_01,65.3762
2024-01-15T04:06:00,STEAM_FEED_01,351.5151
2024-01-15T04:06:00,STEAM_DELTA_01,25.4518
2024-01-15T04:06:00,STEAM_TEMP_01,265.9559
2024-01-15T04:07:00,CORE_FLUX_01,1496247870577.807
2024-01-15T04:07:00,CORE_FUEL_01,757.7555
2024-01-15T04:07:00,CORE_ROD_01,63.6084
2024-01-15T04:07:00,STEAM_PRES_01,64.867
2024-01-15T04:07:00,STEAM_FEED_01,351.8913
2024-01-15T04:07:00,STEAM_TEMP_01,265.3636
2024-01-15T04:08:00,CORE_FLUX_01,1503690013103.7573
2024-01-15T04:08:00,CORE_FUEL_01,752.5406
2024-01-15T04:08:00,CORE_ROD_01,64.3248
2024-01-15T04:08:00,CORE_EXIT_01,322.8425
2024-01-15T04:08:00,STEAM_PRES_01,65.2834
2024-01-15T04:08:00,STEAM_FEED_01,354.7869
2024-01-15T04:08:00,STEAM_DELTA_01,25.6417
2024-01-15T04:08:00,STEAM_TEMP_01,267.6885
2024-01-15T04:09:00,CORE_FLUX_01,1495171192132.7178
2024-01-15T04:09:00,CORE_FUEL_01,770.6956
2024-01-15T04:09:00,CORE_ROD_01,64.3253
2024-01-15T04:09:00,STEAM_PRES_01,64.8131
2024-01-15T04:09:00,STEAM_FEED_01,353.1041
2024-01-15T04:09:00,STEAM_TEMP_01,266.9256
2024-01-15T04:10:00,CORE_FLUX_01,1519227919945.3057
2024-01-15T04:10:00,CORE_FUEL_01,767.6388
2024-01-15T04:10:00,CORE_ROD_01,64.8761
2024-01-15T04:10:00,CORE_EXIT_01,321.9203
2024-01-15T04:10:00,STEAM_PRES_01,64.7488
2024-01-15T04:10:00,STEAM_FEED_01,347.723
2024-01-15T04:10:00,STEAM_DELTA_01,25.2605
2024-01-15T04:10:00,STEAM_TEMP_01,265.3041
2024-01-15T04:11:00,CORE_FLUX_01,1537578199445.82
2024-01-15T04:11:00,CORE_FUEL_01,749.3205
2024-01-15T04:11:00,CORE_ROD_01,66.253
2024-01-15T04:11:00,STEAM_PRES_01,65.3546
2024-01-15T04:11:00,STEAM_FEED_01,351.3811
2024-01-15T04:11:00,STEAM_TEMP_01,265.8276
2024-01-15T04:12:00,CORE_FLUX_01,1534034622208.6194
2024-01-15T04:12:00,CORE_FUEL_01,756.0225
2024-01-15T04:12:00,CORE_ROD_01,64.0558
2024-01-15T04:12:00,CORE_EXIT_01,320.4754
2024-01-15T04:12:00,STEAM_PRES_01,65.0271
2024-01-15T04:12:00,STEAM_FEED_01,349.3004
2024-01-15T04:12:00,STEAM_DELTA_01,25.3905
2024-01-15T04:12:00,STEAM_TEMP_01,265.7465
2024-01-15T04:13:00,CORE_FLUX_01,1462071599196.996
2024-01-15T04:13:00,CORE_FUEL_01,755.2439
2024-01-15T04:13:00,CORE_ROD_01,65.501
2024-01-15T04:13:00,STEAM_PRES_01,65.0803
2024-01-15T04:13:00,STEAM_FEED_01,347.7488
2024-01-15T04:13:00,STEAM_TEMP_01,265.4463
2024-01-15T04:14:00,CORE_FLUX_01,1493996166797.3467
2024-01-15T04:14:00,CORE_FUEL_01,754.9083
2024-01-15T04:14:00,CORE_ROD_01,63.9875
2024-01-15T04:14:00,CORE_EXIT_01,321.7358
2024-01-15T04:14:00,STEAM_PRES_01,65.0913
2024-01-15T04:14:00,STEAM_FEED_01,348.6889
2024-01-15T04:14:00,STEAM_DELTA_01,25.2129
2024-01-15T04:14:00,STEAM_TEMP_01,265.4017
2024-01-15T04:15:00,CORE_FLUX_01,1523863488307.4028
2024-01-15T04:15:00,CORE_FUEL_01,754.0879
2024-01-15T04:15:00,CORE_ROD_01,63.6042
2024-01-15T04:15:00,STEAM_PRES_01,64.8468
2024-01-15T04:15:00,STEAM_FEED_01,350.4655
2024-01-15T04:15:00,STEAM_TEMP_01,265.4975
2024-01-15T04:16:00,CORE_FLUX_01,1479418664679.1167
2024-01-15T04:16:00,CORE_FUEL_01,752.5039
2024-01-15T04:16:00,CORE_ROD_01,66.7002
2024-01-15T04:16:00,CORE_EXIT_01,321.3009
2024-01-15T04:16:00,STEAM_PRES_01,64.8382
2024-01-15T04:16:00,STEAM_FEED_01,349.769
2024-01-15T04:16:00,STEAM_DELTA_01,25.34
2024-01-15T04:16:00,STEAM_TEMP_01,266.01
2024-01-15T04:17:00,CORE_FLUX_01,1470140231761.2012
2024-01-15T04:17:00,CORE_FUEL_01,749.5094
2024-01-15T04:17:00,CORE_ROD_01,65.6928
2024-01-15T04:17:00,STEAM_PRES_01,64.9908
2024-01-15T04:17:00,STEAM_FEED_01,349.1196
2024-01-15T04:17:00,STEAM_TEMP_01,265.8071
2024-01-15T04:18:00,CORE_FLUX_01,1492287764728.5093
2024-01-15T04:18:00,CORE_FUEL_01,747.2842
2024-01-15T04:18:00,CORE_ROD_01,64.8524
2024-01-15T04:18:00,CORE_EXIT_01,322.4577
2024-01-15T04:18:00,STEAM_PRES_01,65.1976
2024-01-15T04:18:00,STEAM_FEED_01,349.9331
2024-01-15T04:18:00,STEAM_DELTA_01,25.3503
2024-01-15T04:18:00,STEAM_TEMP_01,265.939
2024-01-15T04:19:00,CORE_FLUX_01,1519969711761.7466
2024-01-15T04:19:00,CORE_FUEL_01,762.8936
2024-01-15T04:19:00,CORE_ROD_01,66.3982
2024-01-15T04:19:00,STEAM_PRES_01,64.5745
2024-01-15T04:19:00,STEAM_FEED_01,350.0939
2024-01-15T04:19:00,STEAM_TEMP_01,265.4457
2024-01-15T04:20:00,CORE_FLUX_01,1491490219948.2097
2024-01-15T04:20:00,CORE_FUEL_01,762.869
2024-01-15T04:20:00,CORE_ROD_01,64.7211
2024-01-15T04:20:00,CORE_EXIT_01,321.031
2024-01-15T04:20:00,STEAM_PRES_01,64.938
2024-01-15T04:20:00,STEAM_FEED_01,349.216
2024-01-15T04:20:00,STEAM_DELTA_01,25.2442
2024-01-15T04:20:00,STEAM_TEMP_01,264.8951
2024-01-15T04:21:00,CORE_FLUX_01,1581442885513.3762
2024-01-15T04:21:00,CORE_FUEL_01,752.9365
2024-01-15T04:21:00,CORE_ROD_01,65.9214
2024-01-15T04:21:00,STEAM_PRES_01,64.6946
2024-01-15T04:21:00,STEAM_FEED_01,348.4226
2024-01-15T04:21:00,STEAM_TEMP_01,265.1243
2024-01-15T04:22:00,CORE_FLUX_01,1476163770456.001
2024-01-15T04:22:00,CORE_FUEL_01,738.7571
2024-01-15T04:22:00,CORE_ROD_01,64.8587
2024-01-15T04:22:00,CORE_EXIT_01,319.0374
2024-01-15T04:22:00,STEAM_PRES_01,64.7322
2024-01-15T04:22:00,STEAM_FEED_01,347.4967
2024-01-15T04:22:00,STEAM_DELTA_01,25.1522
2024-01-15T04:22:00,STEAM_TEMP_01,265.6458
2024-01-15T04:23:00,CORE_FLUX_01,1486824008097.3337
2024-01-15T04:23:00,CORE_FUEL_01,769.8782
2024-01-15T04:23:00,CORE_ROD_01,65.8788
2024-01-15T04:23:00,STEAM_PRES_01,64.7282
2024-01-15T04:23:00,STEAM_FEED_01,347.7835
2024-01-15T04:23:00,STEAM_TEMP_01,265.8756
2024-01-15T04:24:00,CORE_FLUX_01,1538232832838.8918
2024-01-15T04:24:00,CORE_FUEL_01,768.9081
2024-01-15T04:24:00,CORE_ROD_01,64.5867
2024-01-15T04:24:00,CORE_EXIT_01,322.915
2024-01-15T04:24:00,STEAM_PRES_01,64.8266
2024-01-15T04:24:00,STEAM_FEED_01,348.366
2024-01-15T04:24:00,STEAM_DELTA_01,25.1611
2024-01-15T04:24:00,STEAM_TEMP_01,265.2013
2024-01-15T04:25:00,CORE_FLUX_01,1427879856100.053
2024-01-15T04:25:00,CORE_FUEL_01,766.3533
2024-01-15T04:25:00,CORE_ROD_01,65.6826
2024-01-15T04:25:00,STEAM_PRES_01,64.9797
2024-01-15T04:25:00,STEAM_FEED_01,348.6419
2024-01-15T04:25:00,STEAM_TEMP_01,266.4233
2024-01-15T04:26:00,CORE_FLUX_01,1542344907959.7053
2024-01-15T04:26:00,CORE_FUEL_01,758.1003
2024-01-15T04:26:00,CORE_ROD_01,64.7397
2024-01-15T04:26:00,CORE_EXIT_01,319.181
2024-01-15T04:26:00,STEAM_PRES_01,64.9544
2024-01-15T04:26:00,STEAM_FEED_01,347.2629
2024-01-15T04:26:00,STEAM_DELTA_01,25.4878
2024-01-15T04:26:00,STEAM_TEMP_01,265.765
2024-01-15T04:27:00,CORE_FLUX_01,1494804495375.351
2024-01-15T04:27:00,CORE_FUEL_01,753.6294
2024-01-15T04:27:00,CORE_ROD_01,64.2023
2024-01-15T04:27:00,STEAM_PRES_01,64.959
2024-01-15T04:27:00,STEAM_FEED_01,349.7141
2024-01-15T04:27:00,STEAM_TEMP_01,265.754
2024-01-15T04:28:00,CORE_FLUX_01,1487766104469.1436
2024-01-15T04:28:00,CORE_FUEL_01,740.1091
2024-01-15T04:28:00,CORE_ROD_01,65.0295
2024-01-15T04:28:00,CORE_EXIT_01,320.726
2024-01-15T04:28:00,STEAM_PRES_01,65.2252
2024-01-15T04:28:00,STEAM_FEED_01,353.2607
2024-01-15T04:28:00,STEAM_DELTA_01,25.6417
2024-01-15T04:28:00,STEAM_TEMP_01,266.0167
2024-01-15T04:29:00,CORE_FLUX_01,1485661211794.193
2024-01-15T04:29:00,CORE_FUEL_01,761.9668
2024-01-15T04:29:00,CORE_ROD_01,63.2391
2024-01-15T04:29:00,STEAM_PRES_01,65.0672
2024-01-15T04:29:00,STEAM_FEED_01,352.2177
2024-01-15T04:29:00,STEAM_TEMP_01,266.5947
2024-01-15T04:30:00,CORE_FLUX_01,1471509712727.156
2024-01-15T04:30:00,CORE_FUEL_01,749.7519
2024-01-15T04:30:00,CORE_ROD_01,65.3342
2024-01-15T04:30:00,CORE_EXIT_01,321.302
2024-01-15T04:30:00,STEAM_PRES_01,65.2391
2024-01-15T04:30:00,STEAM_FEED_01,351.7612
2024-01-15T04:30:00,STEAM_DELTA_01,25.4787
2024-01-15T04:30:00,STEAM_TEMP_01,266.4304
2024-01-15T04:31:00,CORE_FLUX_01,1526122975051.8123
2024-01-15T04:31:00,CORE_FUEL_01,765.1226
2024-01-15T04:31:00,CORE_ROD_01,64.7899
2024-01-15T04:31:00,STEAM_PRES_01,64.8523
2024-01-15T04:31:00,STEAM_FEED_01,347.2546
2024-01-15T04:31:00,STEAM_TEMP_01,266.0678
2024-01-15T04:32:00,CORE_FLUX_01,1444931118766.5486
2024-01-15T04:32:00,CORE_FUEL_01,772.3887
2024-01-15T04:32:00,CORE_ROD_01,64.7123
2024-01-15T04:32:00,CORE_EXIT_01,320.4545
2024-01-15T04:32:00,STEAM_PRES_01,64.5896
2024-01-15T04:32:00,STEAM_FEED_01,348.4996
2024-01-15T04:32:00,STEAM_DELTA_01,25.0093
2024-01-15T04:32:00,STEAM_TEMP_01,265.3788
2024-01-15T04:33:00,CORE_FLUX_01,1458754539702.7349
2024-01-15T04:33:00,CORE_FUEL_01,773.1615
2024-01-15T04:33:00,CORE_ROD_01,65.0444
2024-01-15T04:33:00,STEAM_PRES_01,65.0341
2024-01-15T04:33:00,STEAM_FEED_01,349.9551
2024-01-15T04:33:00,STEAM_TEMP_01,266.3312
2024-01-15T04:34:00,CORE_FLUX_01,1521973962930.334
2024-01-15T04:34:00,CORE_FUEL_01,762.2181
2024-01-15T04:34:00,CORE_ROD_01,64.277
2024-01-15T04:34:00,CORE_EXIT_01,321.3604
2024-01-15T04:34:00,STEAM_PRES_01,65.0954
2024-01-15T04:34:00,STEAM_FEED_01,347.0317
2024-01-15T04:34:00,STEAM_DELTA_01,25.0389
2024-01-15T04:34:00,STEAM_TEMP_01,265.1889
2024-01-15T04:35:00,CORE_FLUX_01,1457993665513.1484
2024-01-15T04:35:00,CORE_FUEL_01,753.1923
2024-01-15T04:35:00,CORE_ROD_01,64.0084
2024-01-15T04:35:00,STEAM_PRES_01,64.8504
2024-01-15T04:35:00,STEAM_FEED_01,350.2881
2024-01-15T04:35:00,STEAM_TEMP_01,265.2918
2024-01-15T04:36:00,CORE_FLUX_01,1498785503096.4448
2024-01-15T04:36:00,CORE_FUEL_01,739.8498
2024-01-15T04:36:00,CORE_ROD_01,65.0319
2024-01-15T04:36:00,CORE_EXIT_01,322.9209
2024-01-15T04:36:00,STEAM_PRES_01,64.9452
2024-01-15T04:36:00,STEAM_FEED_01,349.6664
2024-01-15T04:36:00,STEAM_DELTA_01,25.2056
2024-01-15T04:36:00,STEAM_TEMP_01,265.8381
2024-01-15T04:37:00,CORE_FLUX_01,1566707519659.1804
2024-01-15T04:37:00,CORE_FUEL_01,761.4557
2024-01-15T04:37:00,CORE_ROD_01,65.9626
2024-01-15T04:37:00,STEAM_PRES_01,65.4894
2024-01-15T04:37:00,STEAM_FEED_01,351.8691
2024-01-15T04:37:00,STEAM_TEMP_01,266.5368
2024-01-15T04:38:00,CORE_FLUX_01,1469697835417.596
2024-01-15T04:38:00,CORE_FUEL_01,766.0268
2024-01-15T04:38:00,CORE_ROD_01,66.1825
2024-01-15T04:38:00,CORE_EXIT_01,322.4632
2024-01-15T04:38:00,STEAM_PRES_01,64.75
2024-01-15T04:38:00,STEAM_FEED_01,349.5039
2024-01-15T04:38:00,STEAM_DELTA_01,25.429
2024-01-15T04:38:00,STEAM_TEMP_01,265.9093
2024-01-15T04:39:00,CORE_FLUX_01,1499466350650.8477
2024-01-15T04:39:00,CORE_FUEL_01,769.112
2024-01-15T04:39:00,CORE_ROD_01,66.3532
2024-01-15T04:39:00,STEAM_PRES_01,65.211
2024-01-15T04:39:00,STEAM_FEED_01,351.144
2024-01-15T04:39:00,STEAM_TEMP_01,266.6599
2024-01-15T04:40:00,CORE_FLUX_01,1461658709631.9553
2024-01-15T04:40:00,CORE_FUEL_01,757.6291
2024-01-15T04:40:00,CORE_ROD_01,63.9396
2024-01-15T04:40:00,CORE_EXIT_01,321.2665
2024-01-15T04:40:00,STEAM_PRES_01,64.9244
2024-01-15T04:40:00,STEAM_FEED_01,349.8957
2024-01-15T04:40:00,STEAM_DELTA_01,25.4083
2024-01-15T04:40:00,STEAM_TEMP_01,265.3824
2024-01-15T04:41:00,CORE_FLUX_01,1488440251975.0376
2024-01-15T04:41:00,CORE_FUEL_01,766.6071
2024-01-15T04:41:00,CORE_ROD_01,66.7999
2024-01-15T04:41:00,STEAM_PRES_01,65.0037
2024-01-15T04:41:00,STEAM_FEED_01,347.0393
2024-01-15T04:41:00,STEAM_TEMP_01,265.7982
2024-01-15T04:42:00,CORE_FLUX_01,1452328383502.5833
2024-01-15T04:42:00,CORE_FUEL_01,753.4163
2024-01-15T04:42:00,CORE_ROD_01,64.3675
2024-01-15T04:42:00,CORE_EXIT_01,321.0637
2024-01-15T04:42:00,STEAM_PRES_01,65.0505
2024-01-15T04:42:00,STEAM_FEED_01,351.6416
2024-01-15T04:42:00,STEAM_DELTA_01,25.2055
2024-01-15T04:42:00,STEAM_TEMP_01,266.9334
2024-01-15T04:43:00,CORE_FLUX_01,1445059961475.4897
2024-01-15T04:43:00,CORE_FUEL_01,767.8519
2024-01-15T04:43:00,CORE_ROD_01,65.2318
2024-01-15T04:43:00,STEAM_PRES_01,64.9632
2024-01-15T04:43:00,STEAM_FEED_01,348.8278
2024-01-15T04:43:00,STEAM_TEMP_01,265.2
2024-01-15T04:44:00,CORE_FLUX_01,1515206070763.0964
2024-01-15T04:44:00,CORE_FUEL_01,783.1092
2024-01-15T04:44:00,CORE_ROD_01,65.285
2024-01-15T04:44:00,CORE_EXIT_01,321.4468
2024-01-15T04:44:00,STEAM_PRES_01,65.2084
2024-01-15T04:44:00,STEAM_FEED_01,354.3455
2024-01-15T04:44:00,STEAM_DELTA_01,25.4769
2024-01-15T04:44:00,STEAM_TEMP_01,265.3598
2024-01-15T04:45:00,CORE_FLUX_01,1484746066106.8547
2024-01-15T04:45:00,CORE_FUEL_01,761.0475
2024-01-15T04:45:00,CORE_ROD_01,64.2945
2024-01-15T04:45:00,STEAM_PRES_01,65.0103
2024-01-15T04:45:00,STEAM_FEED_01,353.8608
2024-01-15T04:45:00,STEAM_TEMP_01,266.9545
2024-01-15T04:46:00,CORE_FLUX_01,1517437370578.885
2024-01-15T04:46:00,CORE_FUEL_01,777.7933
2024-01-15T04:46:00,CORE_ROD_01,65.4717
2024-01-15T04:46:00,CORE_EXIT_01,321.5335
2024-01-15T04:46:00,STEAM_PRES_01,65.078
2024-01-15T04:46:00,STEAM_FEED_01,353.3567
2024-01-15T04:46:00,STEAM_DELTA_01,25.4639
2024-01-15T04:46:00,STEAM_TEMP_01,266.9606
2024-01-15T04:47:00,CORE_FLUX_01,1560031229596.5186
2024-01-15T04:47:00,CORE_FUEL_01,756.3956
2024-01-15T04:47:00,CORE_ROD_01,64.0862
2024-01-15T04:47:00,STEAM_PRES_01,65.0775
2024-01-15T04:47:00,STEAM_FEED_01,352.1879
2024-01-15T04:47:00,STEAM_TEMP_01,266.6776
2024-01-15T04:48:00,CORE_FLUX_01,1480597675709.9124
2024-01-15T04:48:00,CORE_FUEL_01,741.9577
2024-01-15T04:48:00,CORE_ROD_01,64.6924
2024-01-15T04:48:00,CORE_EXIT_01,320.5831
2024-01-15T04:48:00,STEAM_PRES_01,65.2319
2024-01-15T04:48:00,STEAM_FEED_01,351.5831
2024-01-15T04:48:00,STEAM_DELTA_01,25.4427
2024-01-15T04:48:00,STEAM_TEMP_01,266.8454
2024-01-15T04:49:00,CORE_FLUX_01,1509097778476.1245
2024-01-15T04:49:00,CORE_FUEL_01,738.6477
2024-01-15T04:49:00,CORE_ROD_01,65.5122
2024-01-15T04:49:00,STEAM_PRES_01,64.9685
2024-01-15T04:49:00,STEAM_FEED_01,348.8686
2024-01-15T04:49:00,STEAM_TEMP_01,265.7325
2024-01-15T04:50:00,CORE_FLUX_01,1491967229914.1396
2024-01-15T04:50:00,CORE_FUEL_01,757.2092
2024-01-15T04:50:00,CORE_ROD_01,65.5446
2024-01-15T04:50:00,CORE_EXIT_01,321.798
2024-01-15T04:50:00,STEAM_PRES_01,64.8222
2024-01-15T04:50:00,STEAM_FEED_01,351.2068
2024-01-15T04:50:00,STEAM_DELTA_01,25.0945
2024-01-15T04:50:00,STEAM_TEMP_01,266.438
2024-01-15T04:51:00,CORE_FLUX_01,1516391579232.8164
2024-01-15T04:51:00,CORE_FUEL_01,774.3945
2024-01-15T04:51:00,CORE_ROD_01,65.274
2024-01-15T04:51:00,STEAM_PRES_01,65.0155
2024-01-15T04:51:00,STEAM_FEED_01,351.5645
2024-01-15T04:51:00,STEAM_TEMP_01,265.6631
2024-01-15T04:52:00,CORE_FLUX_01,1497190844776.2896
2024-01-15T04:52:00,CORE_FUEL_01,768.776
2024-01-15T04:52:00,CORE_ROD_01,65.1044
2024-01-15T04:52:00,CORE_EXIT_01,321.1217
2024-01-15T04:52:00,STEAM_PRES_01,64.984
2024-01-15T04:52:00,STEAM_FEED_01,349.4312
2024-01-15T04:52:00,STEAM_DELTA_01,25.3279
2024-01-15T04:52:00,STEAM_TEMP_01,265.0508
2024-01-15T04:53:00,CORE_FLUX_01,1468127195248.8594
2024-01-15T04:53:00,CORE_FUEL_01,762.7546
2024-01-15T04:53:00,CORE_ROD_01,64.6397
2024-01-15T04:53:00,STEAM_PRES_01,65.1288
2024-01-15T04:53:00,STEAM_FEED_01,350.9639
2024-01-15T04:53:00,STEAM_TEMP_01,267.9087
2024-01-15T04:54:00,CORE_FLUX_01,1517460784621.8123
2024-01-15T04:54:00,CORE_FUEL_01,763.8652
2024-01-15T04:54:00,CORE_ROD_01,65.2951
2024-01-15T04:54:00,CORE_EXIT_01,320.8506
2024-01-15T04:54:00,STEAM_PRES_01,65.1181
2024-01-15T04:54:00,STEAM_FEED_01,351.5814
2024-01-15T04:54:00,STEAM_DELTA_01,25.6121
2024-01-15T04:54:00,STEAM_TEMP_01,266.6169
2024-01-15T04:55:00,CORE_FLUX_01,1509630962882.1736
2024-01-15T04:55:00,CORE_FUEL_01,760.2799
2024-01-15T04:55:00,CORE_ROD_01,66.9659
2024-01-15T04:55:00,STEAM_PRES_01,64.6852
2024-01-15T04:55:00,STEAM_FEED_01,348.5485
2024-01-15T04:55:00,STEAM_TEMP_01,265.3106
2024-01-15T04:56:00,CORE_FLUX_01,1527229945665.4238
2024-01-15T04:56:00,CORE_FUEL_01,753.9054
2024-01-15T04:56:00,CORE_ROD_01,65.8297
2024-01-15T04:56:00,CORE_EXIT_01,322.5768
2024-01-15T04:56:00,STEAM_PRES_01,65.0115
2024-01-15T04:56:00,STEAM_FEED_01,352.1647
2024-01-15T04:56:00,STEAM_DELTA_01,25.4414
2024-01-15T04:56:00,STEAM_TEMP_01,266.5552
2024-01-15T04:57:00,CORE_FLUX_01,1463060037209.549
2024-01-15T04:57:00,CORE_FUEL_01,744.4496
2024-01-15T04:57:00,CORE_ROD_01,66.5784
2024-01-15T04:57:00,STEAM_PRES_01,65.0073
2024-01-15T04:57:00,STEAM_FEED_01,347.2339
2024-01-15T04:57:00,STEAM_TEMP_01,266.3851
2024-01-15T04:58:00,CORE_FLUX_01,1512715591900.6675
2024-01-15T04:58:00,CORE_FUEL_01,760.2906
2024-01-15T04:58:00,CORE_ROD_01,63.1108
2024-01-15T04:58:00,CORE_EXIT_01,321.8449
2024-01-15T04:58:00,STEAM_PRES_01,65.0208
2024-01-15T04:58:00,STEAM_FEED_01,353.506
2024-01-15T04:58:00,STEAM_DELTA_01,25.5032
2024-01-15T04:58:00,STEAM_TEMP_01,265.8641
2024-01-15T04:59:00,CORE_FLUX_01,1534742357369.1072
2024-01-15T04:59:00,CORE_FUEL_01,756.76
2024-01-15T04:59:00,CORE_ROD_01,64.5026
2024-01-15T04:59:00,STEAM_PRES_01,64.826
2024-01-15T04:59:00,STEAM_FEED_01,346.7785
2024-01-15T04:59:00,STEAM_TEMP_01,264.7509
2024-01-15T05:00:00,CORE_FLUX_01,1549501027303.139
2024-01-15T05:00:00,CORE_FUEL_01,748.3812
2024-01-15T05:00:00,CORE_ROD_01,65.4233
2024-01-15T05:00:00,CORE_EXIT_01,323.4627
2024-01-15T05:00:00,STEAM_PRES_01,64.719
2024-01-15T05:00:00,STEAM_FEED_01,350.6475
2024-01-15T05:00:00,STEAM_DELTA_01,25.5336
2024-01-15T05:00:00,STEAM_TEMP_01,266.0251
2024-01-15T05:01:00,CORE_FLUX_01,1537304473823.5564
2024-01-15T05:01:00,CORE_FUEL_01,755.6426
2024-01-15T05:01:00,CORE_ROD_01,64.3573
2024-01-15T05:01:00,STEAM_PRES_01,64.7825
2024-01-15T05:01:00,STEAM_FEED_01,352.667
2024-01-15T05:01:00,STEAM_TEMP_01,265.5269
2024-01-15T05:02:00,CORE_FLUX_01,1500934597208.8774
2024-01-15T05:02:00,CORE_FUEL_01,762.5142
2024-01-15T05:02:00,CORE_ROD_01,65.7212
2024-01-15T05:02:00,CORE_EXIT_01,324.0151
2024-01-15T05:02:00,STEAM_PRES_01,64.9033
2024-01-15T05:02:00,STEAM_FEED_01,349.3106
2024-01-15T05:02:00,STEAM_DELTA_01,25.5879
2024-01-15T05:02:00,STEAM_TEMP_01,266.1269
2024-01-15T05:03:00,CORE_FLUX_01,1531110865116.2258
2024-01-15T05:03:00,CORE_FUEL_01,776.7145
2024-01-15T05:03:00,CORE_ROD_01,65.7851
2024-01-15T05:03:00,STEAM_PRES_01,64.8881
2024-01-15T05:03:00,STEAM_FEED_01,351.2453
2024-01-15T05:03:00,STEAM_TEMP_01,265.9757
2024-01-15T05:04:00,CORE_FLUX_01,1497031291532.9036
2024-01-15T05:04:00,CORE_FUEL_01,758.379
2024-01-15T05:04:00,CORE_ROD_01,65.4514
2024-01-15T05:04:00,CORE_EXIT_01,320.6205
2024-01-15T05:04:00,STEAM_PRES_01,64.8207
2024-01-15T05:04:00,STEAM_FEED_01,350.3447
2024-01-15T05:04:00,STEAM_DELTA_01,25.1019
2024-01-15T05:04:00,STEAM_TEMP_01,265.9955
2024-01-15T05:05:00,CORE_FLUX_01,1529826758401.1743
2024-01-15T05:05:00,CORE_FUEL_01,758.3222
2024-01-15T05:05:00,CORE_ROD_01,65.3583
2024-01-15T05:05:00,STEAM_PRES_01,64.9427
2024-01-15T05:05:00,STEAM_FEED_01,345.3559
2024-01-15T05:05:00,STEAM_TEMP_01,266.6698
2024-01-15T05:06:00,CORE_FLUX_01,1497463187303.84
2024-01-15T05:06:00,CORE_FUEL_01,744.1599
2024-01-15T05:06:00,CORE_ROD_01,64.3459
2024-01-15T05:06:00,CORE_EXIT_01,320.9595
2024-01-15T05:06:00,STEAM_PRES_01,65.1152
2024-01-15T05:06:00,STEAM_FEED_01,351.7483
2024-01-15T05:06:00,STEAM_DELTA_01,25.6003
2024-01-15T05:06:00,STEAM_TEMP_01,266.7629
2024-01-15T05:07:00,CORE_FLUX_01,1513487463351.5947
2024-01-15T05:07:00,CORE_FUEL_01,740.776
2024-01-15T05:07:00,CORE_ROD_01,64.7711
2024-01-15T05:07:00,STEAM_PRES_01,64.8738
2024-01-15T05:07:00,STEAM_FEED_01,349.8259
2024-01-15T05:07:00,STEAM_TEMP_01,266.9704
2024-01-15T05:08:00,CORE_FLUX_01,1521781666510.0513
2024-01-15T05:08:00,CORE_FUEL_01,761.4438
2024-01-15T05:08:00,CORE_ROD_01,65.0766
2024-01-15T05:08:00,CORE_EXIT_01,320.7424
2024-01-15T05:08:00,STEAM_PRES_01,65.0893
2024-01-15T05:08:00,STEAM_FEED_01,349.6986
2024-01-15T05:08:00,STEAM_DELTA_01,25.7623
2024-01-15T05:08:00,STEAM_TEMP_01,265.7087
2024-01-15T05:09:00,CORE_FLUX_01,1505565432037.4211
2024-01-15T05:09:00,CORE_FUEL_01,769.0524
2024-01-15T05:09:00,CORE_ROD_01,65.3124
2024-01-15T05:09:00,STEAM_PRES_01,65.0591
2024-01-15T05:09:00,STEAM_FEED_01,351.5457
2024-01-15T05:09:00,STEAM_TEMP_01,266.6079
2024-01-15T05:10:00,CORE_FLUX_01,1548894278168.8254
2024-01-15T05:10:00,CORE_FUEL_01,760.3799
2024-01-15T05:10:00,CORE_ROD_01,64.1533
2024-01-15T05:10:00,CORE_EXIT_01,319.6637
2024-01-15T05:10:00,STEAM_PRES_01,64.8372
2024-01-15T05:10:00,STEAM_FEED_01,351.6656
2024-01-15T05:10:00,STEAM_DELTA_01,25.2554
2024-01-15T05:10:00,STEAM_TEMP_01,266.3868
2024-01-15T05:11:00,CORE_FLUX_01,1520802176680.0925
2024-01-15T05:11:00,CORE_FUEL_01,771.6589
2024-01-15T05:11:00,CORE_ROD_01,64.8472
2024-01-15T05:11:00,STEAM_PRES_01,64.9917
2024-01-15T05:11:00,STEAM_FEED_01,351.0967
2024-01-15T05:11:00,STEAM_TEMP_01,266.6689
2024-01-15T05:12:00,CORE_FLUX_01,1480112584284.421
2024-01-15T05:12:00,CORE_FUEL_01,767.4668
2024-01-15T05:12:00,CORE_ROD_01,64.8735
2024-01-15T05:12:00,CORE_EXIT_01,321.2738
2024-01-15T05:12:00,STEAM_PRES_01,65.3614
2024-01-15T05:12:00,STEAM_FEED_01,353.6994
2024-01-15T05:12:00,STEAM_DELTA_01,25.664
2024-01-15T05:12:00,STEAM_TEMP_01,267.1079
2024-01-15T05:13:00,CORE_FLUX_01,1476181681739.7615
2024-01-15T05:13:00,CORE_FUEL_01,758.8419
2024-01-15T05:13:00,CORE_ROD_01,65.4353
2024-01-15T05:13:00,STEAM_PRES_01,64.717
2024-01-15T05:13:00,STEAM_FEED_01,346.174
2024-01-15T05:13:00,STEAM_TEMP_01,266.1094
2024-01-15T05:14:00,CORE_FLUX_01,1482918774585.6204
2024-01-15T05:14:00,CORE_FUEL_01,767.3793
2024-01-15T05:14:00,CORE_ROD_01,66.1466
2024-01-15T05:14:00,CORE_EXIT_01,322.8182
2024-01-15T05:14:00,STEAM_PRES_01,64.985
2024-01-15T05:14:00,STEAM_FEED_01,351.2317
2024-01-15T05:14:00,STEAM_DELTA_01,25.2399
2024-01-15T05:14:00,STEAM_TEMP_01,265.9148
2024-01-15T05:15:00,CORE_FLUX_01,1480242467655.1873
2024-01-15T05:15:00,CORE_FUEL_01,753.27
2024-01-15T05:15:00,CORE_ROD_01,64.3701
2024-01-15T05:15:00,STEAM_PRES_01,65.1307
2024-01-15T05:15:00,STEAM_FEED_01,353.0728
2024-01-15T05:15:00,STEAM_TEMP_01,267.9645
2024-01-15T05:16:00,CORE_FLUX_01,1541345332064.5803
2024-01-15T05:16:00,CORE_FUEL_01,787.1302
2024-01-15T05:16:00,CORE_ROD_01,64.7885
2024-01-15T05:16:00,CORE_EXIT_01,320.9536
2024-01-15T05:16:00,STEAM_PRES_01,65.0865
2024-01-15T05:16:00,STEAM_FEED_01,351.3241
2024-01-15T05:16:00,STEAM_DELTA_01,25.4401
2024-01-15T05:16:00,STEAM_TEMP_01,265.906
2024-01-15T05:17:00,CORE_FLUX_01,1496559658607.3633
2024-01-15T05:17:00,CORE_FUEL_01,759.4214
2024-01-15T05:17:00,CORE_ROD_01,63.5093
2024-01-15T05:17:00,STEAM_PRES_01,64.8588
2024-01-15T05:17:00,STEAM_FEED_01,351.3057
2024-01-15T05:17:00,STEAM_TEMP_01,266.0514
2024-01-15T05:18:00,CORE_FLUX_01,1473684111886.2869
2024-01-15T05:18:00,CORE_FUEL_01,770.3358
2024-01-15T05:18:00,CORE_ROD_01,64.9549
2024-01-15T05:18:00,CORE_EXIT_01,321.6911
2024-01-15T05:18:00,STEAM_PRES_01,64.684
2024-01-15T05:18:00,STEAM_FEED_01,346.9185
2024-01-15T05:18:00,STEAM_DELTA_01,25.1197
2024-01-15T05:18:00,STEAM_TEMP_01,265.5785
2024-01-15T05:19:00,CORE_FLUX_01,1522916901878.3325
2024-01-15T05:19:00,CORE_FUEL_01,770.9629
2024-01-15T05:19:00,CORE_ROD_01,62.8174
2024-01-15T05:19:00,STEAM_PRES_01,64.9488
2024-01-15T05:19:00,STEAM_FEED_01,353.2973
2024-01-15T05:19:00,STEAM_TEMP_01,266.3421
2024-01-15T05:20:00,CORE_FLUX_01,1535257656626.1372
2024-01-15T05:20:00,CORE_FUEL_01,778.99
2024-01-15T05:20:00,CORE_ROD_01,66.6963
2024-01-15T05:20:00,CORE_EXIT_01,320.3476
2024-01-15T05:20:00,STEAM_PRES_01,64.9411
2024-01-15T05:20:00,STEAM_FEED_01,350.4333
2024-01-15T05:20:00,STEAM_DELTA_01,25.4402
2024-01-15T05:20:00,STEAM_TEMP_01,265.6937
2024-01-15T05:21:00,CORE_FLUX_01,1480479309835.064
2024-01-15T05:21:00,CORE_FUEL_01,773.5822
2024-01-15T05:21:00,CORE_ROD_01,65.455
2024-01-15T05:21:00,STEAM_PRES_01,64.8996
2024-01-15T05:21:00,STEAM_FEED_01,349.1601
2024-01-15T05:21:00,STEAM_TEMP_01,265.2955
2024-01-15T05:22:00,CORE_FLUX_01,1506610017205.3699
2024-01-15T05:22:00,CORE_FUEL_01,763.8627
2024-01-15T05:22:00,CORE_ROD_01,65.1816
2024-01-15T05:22:00,CORE_EXIT_01,322.6837
2024-01-15T05:22:00,STEAM_PRES_01,64.8505
2024-01-15T05:22:00,STEAM_FEED_01,347.288
2024-01-15T05:22:00,STEAM_DELTA_01,25.1623
2024-01-15T05:22:00,STEAM_TEMP_01,265.381
2024-01-15T05:23:00,CORE_FLUX_01,1525599969316.4343
2024-01-15T05:23:00,CORE_FUEL_01,753.6131
2024-01-15T05:23:00,CORE_ROD_01,65.2689
2024-01-15T05:23:00,STEAM_PRES_01,64.781
2024-01-15T05:23:00,STEAM_FEED_01,347.708
2024-01-15T05:23:00,STEAM_TEMP_01,265.1619
2024-01-15T05:24:00,CORE_FLUX_01,1503690699427.8013
2024-01-15T05:24:00,CORE_FUEL_01,776.1677
2024-01-15T05:24:00,CORE_ROD_01,64.1009
2024-01-15T05:24:00,CORE_EXIT_01,319.9806
2024-01-15T05:24:00,STEAM_PRES_01,65.4761
2024-01-15T05:24:00,STEAM_FEED_01,350.4425
2024-01-15T05:24:00,STEAM_DELTA_01,25.4814
2024-01-15T05:24:00,STEAM_TEMP_01,266.8928
2024-01-15T05:25:00,CORE_FLUX_01,1472939101005.8613
2024-01-15T05:25:00,CORE_FUEL_01,752.5563
2024-01-15T05:25:00,CORE_ROD_01,65.5881
2024-01-15T05:25:00,STEAM_PRES_01,65.3881
2024-01-15T05:25:00,STEAM_FEED_01,354.3705
2024-01-15T05:25:00,STEAM_TEMP_01,266.5525
2024-01-15T05:26:00,CORE_FLUX_01,1495417735380.769
2024-01-15T05:26:00,CORE_FUEL_01,770.9721
2024-01-15T05:26:00,CORE_ROD_01,64.6313
2024-01-15T05:26:00,CORE_EXIT_01,319.5274
2024-01-15T05:26:00,STEAM_PRES_01,64.9604
2024-01-15T05:26:00,STEAM_FEED_01,350.4052
2024-01-15T05:26:00,STEAM_DELTA_01,25.4275
2024-01-15T05:26:00,STEAM_TEMP_01,266.9525
2024-01-15T05:27:00,CORE_FLUX_01,1511782983591.9788
2024-01-15T05:27:00,CORE_FUEL_01,764.5499
2024-01-15T05:27:00,CORE_ROD_01,66.4102
2024-01-15T05:27:00,STEAM_PRES_01,64.6307
2024-01-15T05:27:00,STEAM_FEED_01,349.0624
2024-01-15T05:27:00,STEAM_TEMP_01,266.4121
2024-01-15T05:28:00,CORE_FLUX_01,1490891326788.274
2024-01-15T05:28:00,CORE_FUEL_01,755.0331
2024-01-15T05:28:00,CORE_ROD_01,64.7837
2024-01-15T05:28:00,CORE_EXIT_01,319.8439
2024-01-15T05:28:00,STEAM_PRES_01,64.851
2024-01-15T05:28:00,STEAM_FEED_01,351.564
2024-01-15T05:28:00,STEAM_DELTA_01,25.2773
2024-01-15T05:28:00,STEAM_TEMP_01,265.9587
2024-01-15T05:29:00,CORE_FLUX_01,1509099931666.2854
2024-01-15T05:29:00,CORE_FUEL_01,760.628
2024-01-15T05:29:00,CORE_ROD_01,64.1567
2024-01-15T05:29:00,STEAM_PRES_01,64.9138
2024-01-15T05:29:00,STEAM_FEED_01,348.8122
2024-01-15T05:29:00,STEAM_TEMP_01,266.5757
2024-01-15T05:30:00,CORE_FLUX_01,1495586488523.435
2024-01-15T05:30:00,CORE_FUEL_01,769.0781
2024-01-15T05:30:00,CORE_ROD_01,66.6685
2024-01-15T05:30:00,CORE_EXIT_01,321.1078
2024-01-15T05:30:00,STEAM_PRES_01,64.9796
2024-01-15T05:30:00,STEAM_FEED_01,351.4523
2024-01-15T05:30:00,STEAM_DELTA_01,25.5445
2024-01-15T05:30:00,STEAM_TEMP_01,266.1592
2024-01-15T05:31:00,CORE_FLUX_01,1529626767245.779
2024-01-15T05:31:00,CORE_FUEL_01,753.5975
2024-01-15T05:31:00,CORE_ROD_01,63.9965
2024-01-15T05:31:00,STEAM_PRES_01,64.8679
2024-01-15T05:31:00,STEAM_FEED_01,351.536
2024-01-15T05:31:00,STEAM_TEMP_01,265.334
2024-01-15T05:32:00,CORE_FLUX_01,1513058869719.3804
2024-01-15T05:32:00,CORE_FUEL_01,771.8821
2024-01-15T05:32:00,CORE_ROD_01,64.6979
2024-01-15T05:32:00,CORE_EXIT_01,320.0446
2024-01-15T05:32:00,STEAM_PRES_01,65.2978
2024-01-15T05:32:00,STEAM_FEED_01,352.86
2024-01-15T05:32:00,STEAM_DELTA_01,25.4883
2024-01-15T05:32:00,STEAM_TEMP_01,266.9
2024-01-15T05:33:00,CORE_FLUX_01,1448837880125.581
2024-01-15T05:33:00,CORE_FUEL_01,759.2129
2024-01-15T05:33:00,CORE_ROD_01,64.4795
2024-01-15T05:33:00,STEAM_PRES_01,65.2606
2024-01-15T05:33:00,STEAM_FEED_01,348.6878
2024-01-15T05:33:00,STEAM_TEMP_01,266.4916
2024-01-15T05:34:00,CORE_FLUX_01,1514977981953.4307
2024-01-15T05:34:00,CORE_FUEL_01,761.2672
2024-01-15T05:34:00,CORE_ROD_01,65.0897
2024-01-15T05:34:00,CORE_EXIT_01,320.9178
2024-01-15T05:34:00,STEAM_PRES_01,65.3805
2024-01-15T05:34:00,STEAM_FEED_01,350.2511
2024-01-15T05:34:00,STEAM_DELTA_01,24.966
2024-01-15T05:34:00,STEAM_TEMP_01,266.7974
2024-01-15T05:35:00,CORE_FLUX_01,1425225768143.6655
2024-01-15T05:35:00,CORE_FUEL_01,783.5732
2024-01-15T05:35:00,CORE_ROD_01,64.5385
2024-01-15T05:35:00,STEAM_PRES_01,64.9684
2024-01-15T05:35:00,STEAM_FEED_01,353.5119
2024-01-15T05:35:00,STEAM_TEMP_01,267.0329
2024-01-15T05:36:00,CORE_FLUX_01,1506349804849.6685
2024-01-15T05:36:00,CORE_FUEL_01,763.6298
2024-01-15T05:36:00,CORE_ROD_01,64.7376
2024-01-15T05:36:00,CORE_EXIT_01,321.3212
2024-01-15T05:36:00,STEAM_PRES_01,65.0967
2024-01-15T05:36:00,STEAM_FEED_01,351.5527
2024-01-15T05:36:00,STEAM_DELTA_01,25.5929
2024-01-15T05:36:00,STEAM_TEMP_01,266.7263
2024-01-15T05:37:00,CORE_FLUX_01,1499086759922.8162
2024-01-15T05:37:00,CORE_FUEL_01,774.4627
2024-01-15T05:37:00,CORE_ROD_01,63.8726
2024-01-15T05:37:00,STEAM_PRES_01,65.2535
2024-01-15T05:37:00,STEAM_FEED_01,351.6697
2024-01-15T05:37:00,STEAM_TEMP_01,266.8735
2024-01-15T05:38:00,CORE_FLUX_01,1530106504059.7324
2024-01-15T05:38:00,CORE_FUEL_01,758.1866
2024-01-15T05:38:00,CORE_ROD_01,65.9986
2024-01-15T05:38:00,CORE_EXIT_01,320.4121
2024-01-15T05:38:00,STEAM_PRES_01,65.2312
2024-01-15T05:38:00,STEAM_FEED_01,350.6063
2024-01-15T05:38:00,STEAM_DELTA_01,25.5951
2024-01-15T05:38:00,STEAM_TEMP_01,266.1125
2024-01-15T05:39:00,CORE_FLUX_01,1512752359682.2432
2024-01-15T05:39:00,CORE_FUEL_01,766.0053
2024-01-15T05:39:00,CORE_ROD_01,65.2585
2024-01-15T05:39:00,STEAM_PRES_01,64.7863
2024-01-15T05:39:00,STEAM_FEED_01,348.3032
2024-01-15T05:39:00,STEAM_TEMP_01,266.0598
2024-01-15T05:40:00,CORE_FLUX_01,1529643298205.3467
2024-01-15T05:40:00,CORE_FUEL_01,767.6582
2024-01-15T05:40:00,CORE_ROD_01,65.217
2024-01-15T05:40:00,CORE_EXIT_01,320.0514
2024-01-15T05:40:00,STEAM_PRES_01,65.1836
2024-01-15T05:40:00,STEAM_FEED_01,350.0546
2024-01-15T05:40:00,STEAM_DELTA_01,25.6794
2024-01-15T05:40:00,STEAM_TEMP_01,266.6631
2024-01-15T05:41:00,CORE_FLUX_01,1508532432830.0283
2024-01-15T05:41:00,CORE_FUEL_01,757.7045
2024-01-15T05:41:00,CORE_ROD_01,64.8271
2024-01-15T05:41:00,STEAM_PRES_01,65.126
2024-01-15T05:41:00,STEAM_FEED_01,349.7157
2024-01-15T05:41:00,STEAM_TEMP_01,266.3558
2024-01-15T05:42:00,CORE_FLUX_01,1551383547917.5742
2024-01-15T05:42:00,CORE_FUEL_01,775.7399
2024-01-15T05:42:00,CORE_ROD_01,63.8794
2024-01-15T05:42:00,CORE_EXIT_01,321.3031
2024-01-15T05:42:00,STEAM_PRES_01,65.1611
2024-01-15T05:42:00,STEAM_FEED_01,352.4248
2024-01-15T05:42:00,STEAM_DELTA_01,25.726
2024-01-15T05:42:00,STEAM_TEMP_01,266.3072
2024-01-15T05:43:00,CORE_FLUX_01,1459318005858.916
2024-01-15T05:43:00,CORE_FUEL_01,768.4978
2024-01-15T05:43:00,CORE_ROD_01,65.3147
2024-01-15T05:43:00,STEAM_PRES_01,65.0944
2024-01-15T05:43:00,STEAM_FEED_01,350.8982
2024-01-15T05:43:00,STEAM_TEMP_01,266.1791
2024-01-15T05:44:00,CORE_FLUX_01,1487422547146.6492
2024-01-15T05:44:00,CORE_FUEL_01,775.4836
2024-01-15T05:44:00,CORE_ROD_01,64.0153
2024-01-15T05:44:00,CORE_EXIT_01,319.0428
2024-01-15T05:44:00,STEAM_PRES_01,64.9668
2024-01-15T05:44:00,STEAM_FEED_01,353.2615
2024-01-15T05:44:00,STEAM_DELTA_01,25.4463
2024-01-15T05:44:00,STEAM_TEMP_01,265.9408
2024-01-15T05:45:00,CORE_FLUX_01,1489998270493.2078
2024-01-15T05:45:00,CORE_FUEL_01,766.0934
2024-01-15T05:45:00,CORE_ROD_01,63.7786
2024-01-15T05:45:00,STEAM_PRES_01,65.0245
2024-01-15T05:45:00,STEAM_FEED_01,350.446
2024-01-15T05:45:00,STEAM_TEMP_01,265.9604
2024-01-15T05:46:00,CORE_FLUX_01,1526748864143.2776
2024-01-15T05:46:00,CORE_FUEL_01,742.9541
2024-01-15T05:46:00,CORE_ROD_01,64.6076
2024-01-15T05:46:00,CORE_EXIT_01,320.4031
2024-01-15T05:46:00,STEAM_PRES_01,64.9637
2024-01-15T05:46:00,STEAM_FEED_01,351.2956
2024-01-15T05:46:00,STEAM_DELTA_01,25.2876
2024-01-15T05:46:00,STEAM_TEMP_01,265.9415
2024-01-15T05:47:00,CORE_FLUX_01,1486519548031.9216
2024-01-15T05:47:00,CORE_FUEL_01,755.4612
2024-01-15T05:47:00,CORE_ROD_01,64.0157
2024-01-15T05:47:00,STEAM_PRES_01,65.4245
2024-01-15T05:47:00,STEAM_FEED_01,352.764
2024-01-15T05:47:00,STEAM_TEMP_01,266.4115
2024-01-15T05:48:00,CORE_FLUX_01,1465656127762.7979
2024-01-15T05:48:00,CORE_FUEL_01,768.3954
2024-01-15T05:48:00,CORE_ROD_01,64.0136
2024-01-15T05:48:00,CORE_EXIT_01,321.7493
2024-01-15T05:48:00,STEAM_PRES_01,65.2895
2024-01-15T05:48:00,STEAM_FEED_01,349.4396
2024-01-15T05:48:00,STEAM_DELTA_01,25.2758
2024-01-15T05:48:00,STEAM_TEMP_01,265.9427
2024-01-15T05:49:00,CORE_FLUX_01,1510651984780.9512
2024-01-15T05:49:00,CORE_FUEL_01,763.4819
2024-01-15T05:49:00,CORE_ROD_01,65.7529
2024-01-15T05:49:00,STEAM_PRES_01,64.6496
2024-01-15T05:49:00,STEAM_FEED_01,350.2525
2024-01-15T05:49:00,STEAM_TEMP_01,265.3175
2024-01-15T05:50:00,CORE_FLUX_01,1460381214677.918
2024-01-15T05:50:00,CORE_FUEL_01,758.5981
2024-01-15T05:50:00,CORE_ROD_01,65.2712
2024-01-15T05:50:00,CORE_EXIT_01,319.0527
2024-01-15T05:50:00,STEAM_PRES_01,64.9002
2024-01-15T05:50:00,STEAM_FEED_01,350.0208
2024-01-15T05:50:00,STEAM_DELTA_01,25.3198
2024-01-15T05:50:00,STEAM_TEMP_01,266.1202
2024-01-15T05:51:00,CORE_FLUX_01,1555702120921.5107
2024-01-15T05:51:00,CORE_FUEL_01,752.9529
2024-01-15T05:51:00,CORE_ROD_01,64.6241
2024-01-15T05:51:00,STEAM_PRES_01,64.8699
2024-01-15T05:51:00,STEAM_FEED_01,351.5162
2024-01-15T05:51:00,STEAM_TEMP_01,266.1997
2024-01-15T05:52:00,CORE_FLUX_01,1504404125907.0566
2024-01-15T05:52:00,CORE_FUEL_01,772.8866
2024-01-15T05:52:00,CORE_ROD_01,64.0998
2024-01-15T05:52:00,CORE_EXIT_01,319.8481
2024-01-15T05:52:00,STEAM_PRES_01,64.8707
2024-01-15T05:52:00,STEAM_FEED_01,348.94
2024-01-15T05:52:00,STEAM_DELTA_01,25.2824
2024-01-15T05:52:00,STEAM_TEMP_01,265.426
2024-01-15T05:53:00,CORE_FLUX_01,1527022522460.9355
2024-01-15T05:53:00,CORE_FUEL_01,750.2454
2024-01-15T05:53:00,CORE_ROD_01,65.4538
2024-01-15T05:53:00,STEAM_PRES_01,64.9782
2024-01-15T05:53:00,STEAM_FEED_01,347.9692
2024-01-15T05:53:00,STEAM_TEMP_01,265.9498
2024-01-15T05:54:00,CORE_FLUX_01,1466684586083.4045
2024-01-15T05:54:00,CORE_FUEL_01,767.9591
2024-01-15T05:54:00,CORE_ROD_01,65.2983
2024-01-15T05:54:00,CORE_EXIT_01,321.2067
2024-01-15T05:54:00,STEAM_PRES_01,64.8934
2024-01-15T05:54:00,STEAM_FEED_01,352.3296
2024-01-15T05:54:00,STEAM_DELTA_01,25.407
2024-01-15T05:54:00,STEAM_TEMP_01,266.3873
2024-01-15T05:55:00,CORE_FLUX_01,1517322218990.482
2024-01-15T05:55:00,CORE_FUEL_01,755.2095
2024-01-15T05:55:00,CORE_ROD_01,65.4323
2024-01-15T05:55:00,STEAM_PRES_01,65.2083
2024-01-15T05:55:00,STEAM_FEED_01,352.9142
2024-01-15T05:55:00,STEAM_TEMP_01,266.6481
2024-01-15T05:56:00,CORE_FLUX_01,1498486510733.5542
2024-01-15T05:56:00,CORE_FUEL_01,761.5524
2024-01-15T05:56:00,CORE_ROD_01,65.1382
2024-01-15T05:56:00,CORE_EXIT_01,323.0795
2024-01-15T05:56:00,STEAM_PRES_01,65.1909
2024-01-15T05:56:00,STEAM_FEED_01,349.9287
2024-01-15T05:56:00,STEAM_DELTA_01,25.6602
2024-01-15T05:56:00,STEAM_TEMP_01,267.1116
2024-01-15T05:57:00,CORE_FLUX_01,1502047757817.8896
2024-01-15T05:57:00,CORE_FUEL_01,748.5686
2024-01-15T05:57:00,CORE_ROD_01,64.6374
2024-01-15T05:57:00,STEAM_PRES_01,64.8562
2024-01-15T05:57:00,STEAM_FEED_01,346.2219
2024-01-15T05:57:00,STEAM_TEMP_01,265.5115
2024-01-15T05:58:00,CORE_FLUX_01,1459625649956.54
2024-01-15T05:58:00,CORE_FUEL_01,762.0108
2024-01-15T05:58:00,CORE_ROD_01,65.2656
2024-01-15T05:58:00,CORE_EXIT_01,323.4596
2024-01-15T05:58:00,STEAM_PRES_01,65.2656
2024-01-15T05:58:00,STEAM_FEED_01,352.7374
2024-01-15T05:58:00,STEAM_DELTA_01,25.5454
2024-01-15T05:58:00,STEAM_TEMP_01,267.8309
2024-01-15T05:59:00,CORE_FLUX_01,1506875634340.0447
2024-01-15T05:59:00,CORE_FUEL_01,782.1613
2024-01-15T05:59:00,CORE_ROD_01,67.0554
2024-01-15T05:59:00,STEAM_PRES_01,65.1069
2024-01-15T05:59:00,STEAM_FEED_01,353.0171
2024-01-15T05:59:00,STEAM_TEMP_01,266.4364
2024-01-15T06:00:00,CORE_FLUX_01,1545777713284.269
2024-01-15T06:00:00,CORE_FUEL_01,776.1939
2024-01-15T06:00:00,CORE_ROD_01,65.2068
2024-01-15T06:00:00,CORE_EXIT_01,322.0773
2024-01-15T06:00:00,STEAM_PRES_01,64.6577
2024-01-15T06:00:00,STEAM_FEED_01,349.9613
2024-01-15T06:00:00,STEAM_DELTA_01,25.3859
2024-01-15T06:00:00,STEAM_TEMP_01,266.3909
2024-01-15T06:01:00,CORE_FLUX_01,1487478793503.495
2024-01-15T06:01:00,CORE_FUEL_01,751.704
2024-01-15T06:01:00,CORE_ROD_01,64.7948
2024-01-15T06:01:00,STEAM_PRES_01,65.1712
2024-01-15T06:01:00,STEAM_FEED_01,349.7836
2024-01-15T06:01:00,STEAM_TEMP_01,266.4641
2024-01-15T06:02:00,CORE_FLUX_01,1458846983479.0188
2024-01-15T06:02:00,CORE_FUEL_01,757.3584
2024-01-15T06:02:00,CORE_ROD_01,65.2887
2024-01-15T06:02:00,CORE_EXIT_01,321.379
2024-01-15T06:02:00,STEAM_PRES_01,65.0838
2024-01-15T06:02:00,STEAM_FEED_01,348.7867
2024-01-15T06:02:00,STEAM_DELTA_01,25.2667
2024-01-15T06:02:00,STEAM_TEMP_01,265.9568
2024-01-15T06:03:00,CORE_FLUX_01,1528524010800.2788
2024-01-15T06:03:00,CORE_FUEL_01,754.8769
2024-01-15T06:03:00,CORE_ROD_01,64.7341
2024-01-15T06:03:00,STEAM_PRES_01,64.9254
2024-01-15T06:03:00,STEAM_FEED_01,348.5498
2024-01-15T06:03:00,STEAM_TEMP_01,266.9551
2024-01-15T06:04:00,CORE_FLUX_01,1469435231942.0847
2024-01-15T06:04:00,CORE_FUEL_01,755.452
2024-01-15T06:04:00,CORE_ROD_01,65.7767
2024-01-15T06:04:00,CORE_EXIT_01,320.3944
2024-01-15T06:04:00,STEAM_PRES_01,65.2043
2024-01-15T06:04:00,STEAM_FEED_01,353.2258
2024-01-15T06:04:00,STEAM_DELTA_01,25.6336
2024-01-15T06:04:00,STEAM_TEMP_01,266.1279
2024-01-15T06:05:00,CORE_FLUX_01,1459998819316.764
2024-01-15T06:05:00,CORE_FUEL_01,759.5147
2024-01-15T06:05:00,CORE_ROD_01,65.2606
2024-01-15T06:05:00,STEAM_PRES_01,65.1826
2024-01-15T06:05:00,STEAM_FEED_01,352.796
2024-01-15T06:05:00,STEAM_TEMP_01,266.4639
2024-01-15T06:06:00,CORE_FLUX_01,1471787016916.4426
2024-01-15T06:06:00,CORE_FUEL_01,774.4909
2024-01-15T06:06:00,CORE_ROD_01,64.5846
2024-01-15T06:06:00,CORE_EXIT_01,320.7004
2024-01-15T06:06:00,STEAM_PRES_01,65.1185
2024-01-15T06:06:00,STEAM_FEED_01,352.6927
2024-01-15T06:06:00,STEAM_DELTA_01,25.3088
2024-01-15T06:06:00,STEAM_TEMP_01,266.7439
2024-01-15T06:07:00,CORE_FLUX_01,1510862977358.3513
2024-01-15T06:07:00,CORE_FUEL_01,754.0397
2024-01-15T06:07:00,CORE_ROD_01,65.4041
2024-01-15T06:07:00,STEAM_PRES_01,64.9333
2024-01-15T06:07:00,STEAM_FEED_01,347.4302
2024-01-15T06:07:00,STEAM_TEMP_01,266.5589
2024-01-15T06:08:00,CORE_FLUX_01,1511917713966.8977
2024-01-15T06:08:00,CORE_FUEL_01,767.432
2024-01-15T06:08:00,CORE_ROD_01,64.2061
2024-01-15T06:08:00,CORE_EXIT_01,321.1058
2024-01-15T06:08:00,STEAM_PRES_01,65.0908
2024-01-15T06:08:00,STEAM_FEED_01,350.8664
2024-01-15T06:08:00,STEAM_DELTA_01,25.3915
2024-01-15T06:08:00,STEAM_TEMP_01,266.2655
2024-01-15T06:09:00,CORE_FLUX_01,1500201844988.5776
2024-01-15T06:09:00,CORE_FUEL_01,767.5586
2024-01-15T06:09:00,CORE_ROD_01,64.2662
2024-01-15T06:09:00,STEAM_PRES_01,65.1869
2024-01-15T06:09:00,STEAM_FEED_01,351.6308
2024-01-15T06:09:00,STEAM_TEMP_01,266.9479
2024-01-15T06:10:00,CORE_FLUX_01,1501592973823.6519
2024-01-15T06:10:00,CORE_FUEL_01,764.2195
2024-01-15T06:10:00,CORE_ROD_01,65.545
2024-01-15T06:10:00,CORE_EXIT_01,320.3203
2024-01-15T06:10:00,STEAM_PRES_01,65.3631
2024-01-15T06:10:00,STEAM_FEED_01,353.4339
2024-01-15T06:10:00,STEAM_DELTA_01,25.5235
2024-01-15T06:10:00,STEAM_TEMP_01,266.6399
2024-01-15T06:11:00,CORE_FLUX_01,1533168463154.574
2024-01-15T06:11:00,CORE_FUEL_01,773.4947
2024-01-15T06:11:00,CORE_ROD_01,64.8465
2024-01-15T06:11:00,STEAM_PRES_01,64.8873
2024-01-15T06:11:00,STEAM_FEED_01,350.0251
2024-01-15T06:11:00,STEAM_TEMP_01,265.7837
2024-01-15T06:12:00,CORE_FLUX_01,1451130017130.699
2024-01-15T06:12:00,CORE_FUEL_01,773.8696
2024-01-15T06:12:00,CORE_ROD_01,65.7229
2024-01-15T06:12:00,CORE_EXIT_01,322.4048
2024-01-15T06:12:00,STEAM_PRES_01,64.8626
2024-01-15T06:12:00,STEAM_FEED_01,349.996
2024-01-15T06:12:00,STEAM_DELTA_01,25.4298
2024-01-15T06:12:00,STEAM_TEMP_01,266.5086
2024-01-15T06:13:00,CORE_FLUX_01,1519625385393.9207
2024-01-15T06:13:00,CORE_FUEL_01,769.9076
2024-01-15T06:13:00,CORE_ROD_01,64.2942
2024-01-15T06:13:00,STEAM_PRES_01,65.1483
2024-01-15T06:13:00,STEAM_FEED_01,350.4218
2024-01-15T06:13:00,STEAM_TEMP_01,266.8234
2024-01-15T06:14:00,CORE_FLUX_01,1532422152856.9976
2024-01-15T06:14:00,CORE_FUEL_01,750.8649
2024-01-15T06:14:00,CORE_ROD_01,63.3938
2024-01-15T06:14:00,CORE_EXIT_01,321.0806
2024-01-15T06:14:00,STEAM_PRES_01,64.9563
2024-01-15T06:14:00,STEAM_FEED_01,348.5868
2024-01-15T06:14:00,STEAM_DELTA_01,25.5901
2024-01-15T06:14:00,STEAM_TEMP_01,266.0694
2024-01-15T06:15:00,CORE_FLUX_01,1546951738026.9102
2024-01-15T06:15:00,CORE_FUEL_01,759.2447
2024-01-15T06:15:00,CORE_ROD_01,66.1722
2024-01-15T06:15:00,STEAM_PRES_01,64.6248
2024-01-15T06:15:00,STEAM_FEED_01,348.6316
2024-01-15T06:15:00,STEAM_TEMP_01,266.0404
2024-01-15T06:16:00,CORE_FLUX_01,1526010414296.6545
2024-01-15T06:16:00,CORE_FUEL_01,762.9366
2024-01-15T06:16:00,CORE_ROD_01,65.6059
2024-01-15T06:16:00,CORE_EXIT_01,321.1132
2024-01-15T06:16:00,STEAM_PRES_01,65.2125
2024-01-15T06:16:00,STEAM_FEED_01,353.2305
2024-01-15T06:16:00,STEAM_DELTA_01,25.7175
2024-01-15T06:16:00,STEAM_TEMP_01,266.6828
2024-01-15T06:17:00,CORE_FLUX_01,1503133105626.2056
2024-01-15T06:17:00,CORE_FUEL_01,752.7081
2024-01-15T06:17:00,CORE_ROD_01,65.0248
2024-01-15T06:17:00,STEAM_PRES_01,65.0283
2024-01-15T06:17:00,STEAM_FEED_01,349.1219
2024-01-15T06:17:00,STEAM_TEMP_01,266.4439
2024-01-15T06:18:00,CORE_FLUX_01,1454083871297.2607
2024-01-15T06:18:00,CORE_FUEL_01,758.3217
2024-01-15T06:18:00,CORE_ROD_01,65.4275
2024-01-15T06:18:00,CORE_EXIT_01,322.4507
2024-01-15T06:18:00,STEAM_PRES_01,65.1159
2024-01-15T06:18:00,STEAM_FEED_01,350.1151
2024-01-15T06:18:00,STEAM_DELTA_01,25.4295
2024-01-15T06:18:00,STEAM_TEMP_01,266.6036
2024-01-15T06:19:00,CORE_FLUX_01,1538860847988.543
2024-01-15T06:19:00,CORE_FUEL_01,766.3825
2024-01-15T06:19:00,CORE_ROD_01,63.8532
2024-01-15T06:19:00,STEAM_PRES_01,64.9107
2024-01-15T06:19:00,STEAM_FEED_01,347.8831
2024-01-15T06:19:00,STEAM_TEMP_01,266.1938
2024-01-15T06:20:00,CORE_FLUX_01,1512425608905.991
2024-01-15T06:20:00,CORE_FUEL_01,767.7594
2024-01-15T06:20:00,CORE_ROD_01,65.6595
2024-01-15T06:20:00,CORE_EXIT_01,323.5306
2024-01-15T06:20:00,STEAM_PRES_01,65.1961
2024-01-15T06:20:00,STEAM_FEED_01,352.2464
2024-01-15T06:20:00,STEAM_DELTA_01,25.7594
2024-01-15T06:20:00,STEAM_TEMP_01,267.2087
2024-01-15T06:21:00,CORE_FLUX_01,1523764482369.2126
2024-01-15T06:21:00,CORE_FUEL_01,746.1839
2024-01-15T06:21:00,CORE_ROD_01,66.0745
2024-01-15T06:21:00,STEAM_PRES_01,65.3697
2024-01-15T06:21:00,STEAM_FEED_01,352.882
2024-01-15T06:21:00,STEAM_TEMP_01,266.862
2024-01-15T06:22:00,CORE_FLUX_01,1525691252880.8745
2024-01-15T06:22:00,CORE_FUEL_01,745.7936
2024-01-15T06:22:00,CORE_ROD_01,64.9142
2024-01-15T06:22:00,CORE_EXIT_01,323.3391
2024-01-15T06:22:00,STEAM_PRES_01,65.0453
2024-01-15T06:22:00,STEAM_FEED_01,350.2417
2024-01-15T06:22:00,STEAM_DELTA_01,25.7605
2024-01-15T06:22:00,STEAM_TEMP_01,266.5369
2024-01-15T06:23:00,CORE_FLUX_01,1479043663743.1472
2024-01-15T06:23:00,CORE_FUEL_01,756.3517
2024-01-15T06:23:00,CORE_ROD_01,65.0584
2024-01-15T06:23:00,STEAM_PRES_01,64.7688
2024-01-15T06:23:00,STEAM_FEED_01,348.5906
2024-01-15T06:23:00,STEAM_TEMP_01,265.6686
2024-01-15T06:24:00,CORE_FLUX_01,1577594970431.8872
2024-01-15T06:24:00,CORE_FUEL_01,778.8201
2024-01-15T06:24:00,CORE_ROD_01,65.6035
2024-01-15T06:24:00,CORE_EXIT_01,322.3996
2024-01-15T06:24:00,STEAM_PRES_01,65.2184
2024-01-15T06:24:00,STEAM_FEED_01,351.1498
2024-01-15T06:24:00,STEAM_DELTA_01,25.5291
2024-01-15T06:24:00,STEAM_TEMP_01,266.4186
2024-01-15T06:25:00,CORE_FLUX_01,1550325179615.2302
2024-01-15T06:25:00,CORE_FUEL_01,763.2962
2024-01-15T06:25:00,CORE_ROD_01,63.8788
2024-01-15T06:25:00,STEAM_PRES_01,64.7392
2024-01-15T06:25:00,STEAM_FEED_01,350.5881
2024-01-15T06:25:00,STEAM_TEMP_01,266.3732
2024-01-15T06:26:00,CORE_FLUX_01,1489015019030.3208
2024-01-15T06:26:00,CORE_FUEL_01,755.2455
2024-01-15T06:26:00,CORE_ROD_01,64.882
2024-01-15T06:26:00,CORE_EXIT_01,321.1503
2024-01-15T06:26:00,STEAM_PRES_01,64.9237
2024-01-15T06:26:00,STEAM_FEED_01,349.0421
2024-01-15T06:26:00,STEAM_DELTA_01,25.6326
2024-01-15T06:26:00,STEAM_TEMP_01,266.7897
2024-01-15T06:27:00,CORE_FLUX_01,1543897181903.3909
2024-01-15T06:27:00,CORE_FUEL_01,759.0879
2024-01-15T06:27:00,CORE_ROD_01,65.2548
2024-01-15T06:27:00,STEAM_PRES_01,64.7005
2024-01-15T06:27:00,STEAM_FEED_01,352.9544
2024-01-15T06:27:00,STEAM_TEMP_01,266.3199
2024-01-15T06:28:00,CORE_FLUX_01,1500862439402.9084
2024-01-15T06:28:00,CORE_FUEL_01,760.234
2024-01-15T06:28:00,CORE_ROD_01,65.7126
2024-01-15T06:28:00,CORE_EXIT_01,322.0478
2024-01-15T06:28:00,STEAM_PRES_01,64.9779
2024-01-15T06:28:00,STEAM_FEED_01,350.3194
2024-01-15T06:28:00,STEAM_DELTA_01,25.5618
2024-01-15T06:28:00,STEAM_TEMP_01,265.4699
2024-01-15T06:29:00,CORE_FLUX_01,1507331607626.611
2024-01-15T06:29:00,CORE_FUEL_01,769.1327
2024-01-15T06:29:00,CORE_ROD_01,64.8115
2024-01-15T06:29:00,STEAM_PRES_01,65.2888
2024-01-15T06:29:00,STEAM_FEED_01,351.1624
2024-01-15T06:29:00,STEAM_TEMP_01,266.6683
2024-01-15T06:30:00,CORE_FLUX_01,1527975374573.3618
2024-01-15T06:30:00,CORE_FUEL_01,770.1855
2024-01-15T06:30:00,CORE_ROD_01,65.0825
2024-01-15T06:30:00,CORE_EXIT_01,320.9209
2024-01-15T06:30:00,STEAM_PRES_01,64.9869
2024-01-15T06:30:00,STEAM_FEED_01,348.8726
2024-01-15T06:30:00,STEAM_DELTA_01,24.9404
2024-01-15T06:30:00,STEAM_TEMP_01,264.9809
2024-01-15T06:31:00,CORE_FLUX_01,1489470969564.464
2024-01-15T06:31:00,CORE_FUEL_01,776.1924
2024-01-15T06:31:00,CORE_ROD_01,67.1307
2024-01-15T06:31:00,STEAM_PRES_01,65.0724
2024-01-15T06:31:00,STEAM_FEED_01,352.1198
2024-01-15T06:31:00,STEAM_TEMP_01,267.0395
2024-01-15T06:32:00,CORE_FLUX_01,1478112957946.4504
2024-01-15T06:32:00,CORE_FUEL_01,753.537
2024-01-15T06:32:00,CORE_ROD_01,64.4669
2024-01-15T06:32:00,CORE_EXIT_01,321.6302
2024-01-15T06:32:00,STEAM_PRES_01,65.2234
2024-01-15T06:32:00,STEAM_FEED_01,352.9103
2024-01-15T06:32:00,STEAM_DELTA_01,25.5507
2024-01-15T06:32:00,STEAM_TEMP_01,267.6392
2024-01-15T06:33:00,CORE_FLUX_01,1466577326093.7012
2024-01-15T06:33:00,CORE_FUEL_01,761.1381
2024-01-15T06:33:00,CORE_ROD_01,65.1224
2024-01-15T06:33:00,STEAM_PRES_01,64.4771
2024-01-15T06:33:00,STEAM_FEED_01,344.6121
2024-01-15T06:33:00,STEAM_TEMP_01,265.4848
2024-01-15T06:34:00,CORE_FLUX_01,1515502393766.7961
2024-01-15T06:34:00,CORE_FUEL_01,762.565
2024-01-15T06:34:00,CORE_ROD_01,65.4253
2024-01-15T06:34:00,CORE_EXIT_01,322.3254
2024-01-15T06:34:00,STEAM_PRES_01,64.7614
2024-01-15T06:34:00,STEAM_FEED_01,347.4198
2024-01-15T06:34:00,STEAM_DELTA_01,25.4945
2024-01-15T06:34:00,STEAM_TEMP_01,265.4623
2024-01-15T06:35:00,CORE_FLUX_01,1531435293013.9163
2024-01-15T06:35:00,CORE_FUEL_01,772.4312
2024-01-15T06:35:00,CORE_ROD_01,65.5184
2024-01-15T06:35:00,STEAM_PRES_01,65.0874
2024-01-15T06:35:00,STEAM_FEED_01,346.465
2024-01-15T06:35:00,STEAM_TEMP_01,265.7195
2024-01-15T06:36:00,CORE_FLUX_01,1541311532218.0974
2024-01-15T06:36:00,CORE_FUEL_01,752.1401
2024-01-15T06:36:00,CORE_ROD_01,65.4306
2024-01-15T06:36:00,CORE_EXIT_01,321.1441
2024-01-15T06:36:00,STEAM_PRES_01,64.898
2024-01-15T06:36:00,STEAM_FEED_01,349.062
2024-01-15T06:36:00,STEAM_DELTA_01,25.3988
2024-01-15T06:36:00,STEAM_TEMP_01,265.7759
2024-01-15T06:37:00,CORE_FLUX_01,1502816119347.5962
2024-01-15T06:37:00,CORE_FUEL_01,770.1554
2024-01-15T06:37:00,CORE_ROD_01,66.069
2024-01-15T06:37:00,STEAM_PRES_01,64.8289
2024-01-15T06:37:00,STEAM_FEED_01,346.7943
2024-01-15T06:37:00,STEAM_TEMP_01,266.1336
2024-01-15T06:38:00,CORE_FLUX_01,1487234276613.636
2024-01-15T06:38:00,CORE_FUEL_01,761.4162
2024-01-15T06:38:00,CORE_ROD_01,65.3781
2024-01-15T06:38:00,CORE_EXIT_01,322.7407
2024-01-15T06:38:00,STEAM_PRES_01,65.0137
2024-01-15T06:38:00,STEAM_FEED_01,350.2831
2024-01-15T06:38:00,STEAM_DELTA_01,25.3774
2024-01-15T06:38:00,STEAM_TEMP_01,266.7924
2024-01-15T06:39:00,CORE_FLUX_01,1506571795193.81
2024-01-15T06:39:00,CORE_FUEL_01,773.9031
2024-01-15T06:39:00,CORE_ROD_01,64.6112
2024-01-15T06:39:00,STEAM_PRES_01,65.0056
2024-01-15T06:39:00,STEAM_FEED_01,350.2005
2024-01-15T06:39:00,STEAM_TEMP_01,265.8557
2024-01-15T06:40:00,CORE_FLUX_01,1481577919089.6238
2024-01-15T06:40:00,CORE_FUEL_01,761.1387
2024-01-15T06:40:00,CORE_ROD_01,63.5862
2024-01-15T06:40:00,CORE_EXIT_01,321.0744
2024-01-15T06:40:00,STEAM_PRES_01,65.0496
2024-01-15T06:40:00,STEAM_FEED_01,350.3508
2024-01-15T06:40:00,STEAM_DELTA_01,25.294
2024-01-15T06:40:00,STEAM_TEMP_01,266.2617
2024-01-15T06:41:00,CORE_FLUX_01,1533990352324.074
2024-01-15T06:41:00,CORE_FUEL_01,777.5198
2024-01-15T06:41:00,CORE_ROD_01,65.9552
2024-01-15T06:41:00,STEAM_PRES_01,65.0859
2024-01-15T06:41:00,STEAM_FEED_01,351.9805
2024-01-15T06:41:00,STEAM_TEMP_01,267.1922
2024-01-15T06:42:00,CORE_FLUX_01,1544535861225.6309
2024-01-15T06:42:00,CORE_FUEL_01,770.3326
2024-01-15T06:42:00,CORE_ROD_01,64.434
2024-01-15T06:42:00,CORE_EXIT_01,322.6287
2024-01-15T06:42:00,STEAM_PRES_01,64.9135
2024-01-15T06:42:00,STEAM_FEED_01,346.5447
2024-01-15T06:42:00,STEAM_DELTA_01,25.2005
2024-01-15T06:42:00,STEAM_TEMP_01,265.1558
2024-01-15T06:43:00,CORE_FLUX_01,1484971271871.9663
2024-01-15T06:43:00,CORE_FUEL_01,751.9519
2024-01-15T06:43:00,CORE_ROD_01,65.8995
2024-01-15T06:43:00,STEAM_PRES_01,65.1048
2024-01-15T06:43:00,STEAM_FEED_01,349.956
2024-01-15T06:43:00,STEAM_TEMP_01,265.9281
2024-01-15T06:44:00,CORE_FLUX_01,1502421687940.1077
2024-01-15T06:44:00,CORE_FUEL_01,744.3666
2024-01-15T06:44:00,CORE_ROD_01,65.8297
2024-01-15T06:44:00,CORE_EXIT_01,321.5594
2024-01-15T06:44:00,STEAM_PRES_01,65.3541
2024-01-15T06:44:00,STEAM_FEED_01,352.1004
2024-01-15T06:44:00,STEAM_DELTA_01,25.5304
2024-01-15T06:44:00,STEAM_TEMP_01,266.6129
2024-01-15T06:45:00,CORE_FLUX_01,1497286501905.6426
2024-01-15T06:45:00,CORE_FUEL_01,765.0336
2024-01-15T06:45:00,CORE_ROD_01,64.0925
2024-01-15T06:45:00,STEAM_PRES_01,64.8352
2024-01-15T06:45:00,STEAM_FEED_01,348.1566
2024-01-15T06:45:00,STEAM_TEMP_01,265.3506
2024-01-15T06:46:00,CORE_FLUX_01,1538169329213.4172
2024-01-15T06:46:00,CORE_FUEL_01,757.8994
2024-01-15T06:46:00,CORE_ROD_01,62.9866
2024-01-15T06:46:00,CORE_EXIT_01,321.7756
2024-01-15T06:46:00,STEAM_PRES_01,65.2256
2024-01-15T06:46:00,STEAM_FEED_01,349.9419
2024-01-15T06:46:00,STEAM_DELTA_01,25.5404
2024-01-15T06:46:00,STEAM_TEMP_01,266.2098
2024-01-15T06:47:00,CORE_FLUX_01,1497721180742.03
2024-01-15T06:47:00,CORE_FUEL_01,752.4149
2024-01-15T06:47:00,CORE_ROD_01,63.7143
2024-01-15T06:47:00,STEAM_PRES_01,65.1579
2024-01-15T06:47:00,STEAM_FEED_01,352.458
2024-01-15T06:47:00,STEAM_TEMP_01,267.0782
2024-01-15T06:48:00,CORE_FLUX_01,1470484529338.198
2024-01-15T06:48:00,CORE_FUEL_01,780.0703
2024-01-15T06:48:00,CORE_ROD_01,66.3399
2024-01-15T06:48:00,CORE_EXIT_01,321.3414
2024-01-15T06:48:00,STEAM_PRES_01,65.1068
2024-01-15T06:48:00,STEAM_FEED_01,348.6461
2024-01-15T06:48:00,STEAM_DELTA_01,25.2068
2024-01-15T06:48:00,STEAM_TEMP_01,266.6325
2024-01-15T06:49:00,CORE_FLUX_01,1509649382020.3093
2024-01-15T06:49:00,CORE_FUEL_01,743.0296
2024-01-15T06:49:00,CORE_ROD_01,64.119
2024-01-15T06:49:00,STEAM_PRES_01,64.8377
2024-01-15T06:49:00,STEAM_FEED_01,350.2709
2024-01-15T06:49:00,STEAM_TEMP_01,266.2829
2024-01-15T06:50:00,CORE_FLUX_01,1463598040171.5923
2024-01-15T06:50:00,CORE_FUEL_01,753.3152
2024-01-15T06:50:00,CORE_ROD_01,64.9673
2024-01-15T06:50:00,CORE_EXIT_01,321.1508
2024-01-15T06:50:00,STEAM_PRES_01,64.9116
2024-01-15T06:50:00,STEAM_FEED_01,349.1768
2024-01-15T06:50:00,STEAM_DELTA_01,25.4295
2024-01-15T06:50:00,STEAM_TEMP_01,265.6088
2024-01-15T06:51:00,CORE_FLUX_01,1608608849424.4712
2024-01-15T06:51:00,CORE_FUEL_01,764.8664
2024-01-15T06:51:00,CORE_ROD_01,65.0677
2024-01-15T06:51:00,STEAM_PRES_01,64.9187
2024-01-15T06:51:00,STEAM_FEED_01,346.499
2024-01-15T06:51:00,STEAM_TEMP_01,265.8318
2024-01-15T06:52:00,CORE_FLUX_01,1520283191878.3074
2024-01-15T06:52:00,CORE_FUEL_01,772.5846
2024-01-15T06:52:00,CORE_ROD_01,63.7374
2024-01-15T06:52:00,CORE_EXIT_01,321.3212
2024-01-15T06:52:00,STEAM_PRES_01,64.7523
2024-01-15T06:52:00,STEAM_FEED_01,348.6193
2024-01-15T06:52:00,STEAM_DELTA_01,25.335
2024-01-15T06:52:00,STEAM_TEMP_01,266.3426
2024-01-15T06:53:00,CORE_FLUX_01,1502218858148.083
2024-01-15T06:53:00,CORE_FUEL_01,766.528
2024-01-15T06:53:00,CORE_ROD_01,63.8503
2024-01-15T06:53:00,STEAM_PRES_01,65.1836
2024-01-15T06:53:00,STEAM_FEED_01,350.4923
2024-01-15T06:53:00,STEAM_TEMP_01,267.0933
2024-01-15T06:54:00,CORE_FLUX_01,1560654152683.4822
2024-01-15T06:54:00,CORE_FUEL_01,767.9851
2024-01-15T06:54:00,CORE_ROD_01,65.2014
2024-01-15T06:54:00,CORE_EXIT_01,322.1095
2024-01-15T06:54:00,STEAM_PRES_01,65.1389
2024-01-15T06:54:00,STEAM_FEED_01,352.2226
2024-01-15T06:54:00,STEAM_DELTA_01,25.4975
2024-01-15T06:54:00,STEAM_TEMP_01,267.1153
2024-01-15T06:55:00,CORE_FLUX_01,1480128215693.8428
2024-01-15T06:55:00,CORE_FUEL_01,764.8422
2024-01-15T06:55:00,CORE_ROD_01,66.9292
2024-01-15T06:55:00,STEAM_PRES_01,65.1226
2024-01-15T06:55:00,STEAM_FEED_01,349.562
2024-01-15T06:55:00,STEAM_TEMP_01,266.6857
2024-01-15T06:56:00,CORE_FLUX_01,1537931655617.3638
2024-01-15T06:56:00,CORE_FUEL_01,776.0417
2024-01-15T06:56:00,CORE_ROD_01,65.3593
2024-01-15T06:56:00,CORE_EXIT_01,321.6846
2024-01-15T06:56:00,STEAM_PRES_01,65.0765
2024-01-15T06:56:00,STEAM_FEED_01,348.5984
2024-01-15T06:56:00,STEAM_DELTA_01,25.5939
2024-01-15T06:56:00,STEAM_TEMP_01,266.9122
2024-01-15T06:57:00,CORE_FLUX_01,1507260109135.3064
2024-01-15T06:57:00,CORE_FUEL_01,760.9623
2024-01-15T06:57:00,CORE_ROD_01,63.7902
2024-01-15T06:57:00,STEAM_PRES_01,64.7177
2024-01-15T06:57:00,STEAM_FEED_01,348.4126
2024-01-15T06:57:00,STEAM_TEMP_01,265.8909
2024-01-15T06:58:00,CORE_FLUX_01,1456750619589.6543
2024-01-15T06:58:00,CORE_FUEL_01,753.982
2024-01-15T06:58:00,CORE_ROD_01,64.5772
2024-01-15T06:58:00,CORE_EXIT_01,320.7566
2024-01-15T06:58:00,STEAM_PRES_01,65.0483
2024-01-15T06:58:00,STEAM_FEED_01,351.8946
2024-01-15T06:58:00,STEAM_DELTA_01,25.5489
2024-01-15T06:58:00,STEAM_TEMP_01,266.5716
2024-01-15T06:59:00,CORE_FLUX_01,1465857960797.099
2024-01-15T06:59:00,CORE_FUEL_01,751.9527
2024-01-15T06:59:00,CORE_ROD_01,64.6336
2024-01-15T06:59:00,STEAM_PRES_01,65.1641
2024-01-15T06:59:00,STEAM_FEED_01,353.4477
2024-01-15T06:59:00,STEAM_TEMP_01,267.5804
2024-01-15T07:00:00,CORE_FLUX_01,1489614352306.7197
2024-01-15T07:00:00,CORE_FUEL_01,757.9576
2024-01-15T07:00:00,CORE_ROD_01,64.9768
2024-01-15T07:00:00,CORE_EXIT_01,320.4638
2024-01-15T07:00:00,STEAM_PRES_01,64.9196
2024-01-15T07:00:00,STEAM_FEED_01,348.1571
2024-01-15T07:00:00,STEAM_DELTA_01,25.59
2024-01-15T07:00:00,STEAM_TEMP_01,266.3178
2024-01-15T07:01:00,CORE_FLUX_01,1500547717177.743
2024-01-15T07:01:00,CORE_FUEL_01,765.5056
2024-01-15T07:01:00,CORE_ROD_01,64.1369
2024-01-15T07:01:00,STEAM_PRES_01,64.9055
2024-01-15T07:01:00,STEAM_FEED_01,350.6928
2024-01-15T07:01:00,STEAM_TEMP_01,265.9222
2024-01-15T07:02:00,CORE_FLUX_01,1504075936587.2239
2024-01-15T07:02:00,CORE_FUEL_01,768.3746
2024-01-15T07:02:00,CORE_ROD_01,65.5814
2024-01-15T07:02:00,CORE_EXIT_01,322.7297
2024-01-15T07:02:00,STEAM_PRES_01,65.5241
2024-01-15T07:02:00,STEAM_FEED_01,351.3747
2024-01-15T07:02:00,STEAM_DELTA_01,25.6117
2024-01-15T07:02:00,STEAM_TEMP_01,266.6361
2024-01-15T07:03:00,CORE_FLUX_01,1513361137848.9543
2024-01-15T07:03:00,CORE_FUEL_01,735.0079
2024-01-15T07:03:00,CORE_ROD_01,64.9365
2024-01-15T07:03:00,STEAM_PRES_01,64.7204
2024-01-15T07:03:00,STEAM_FEED_01,349.3285
2024-01-15T07:03:00,STEAM_TEMP_01,266.7734
2024-01-15T07:04:00,CORE_FLUX_01,1473994054069.691
2024-01-15T07:04:00,CORE_FUEL_01,752.8398
2024-01-15T07:04:00,CORE_ROD_01,65.2367
2024-01-15T07:04:00,CORE_EXIT_01,323.0893
2024-01-15T07:04:00,STEAM_PRES_01,64.9753
2024-01-15T07:04:00,STEAM_FEED_01,346.1471
2024-01-15T07:04:00,STEAM_DELTA_01,25.6024
2024-01-15T07:04:00,STEAM_TEMP_01,265.9986
2024-01-15T07:05:00,CORE_FLUX_01,1527426184493.9023
2024-01-15T07:05:00,CORE_FUEL_01,781.8002
2024-01-15T07:05:00,CORE_ROD_01,66.3732
2024-01-15T07:05:00,STEAM_PRES_01,65.1205
2024-01-15T07:05:00,STEAM_FEED_01,350.8285
2024-01-15T07:05:00,STEAM_TEMP_01,266.3347
2024-01-15T07:06:00,CORE_FLUX_01,1530157876018.2227
2024-01-15T07:06:00,CORE_FUEL_01,760.3116
2024-01-15T07:06:00,CORE_ROD_01,66.5632
2024-01-15T07:06:00,CORE_EXIT_01,322.7524
2024-01-15T07:06:00,STEAM_PRES_01,65.0995
2024-01-15T07:06:00,STEAM_FEED_01,348.9717
2024-01-15T07:06:00,STEAM_DELTA_01,25.3738
2024-01-15T07:06:00,STEAM_TEMP_01,266.3279
2024-01-15T07:07:00,CORE_FLUX_01,1509222131835.0469
2024-01-15T07:07:00,CORE_FUEL_01,758.4469
2024-01-15T07:07:00,CORE_ROD_01,64.3022
2024-01-15T07:07:00,STEAM_PRES_01,64.8126
2024-01-15T07:07:00,STEAM_FEED_01,348.5613
2024-01-15T07:07:00,STEAM_TEMP_01,266.254
2024-01-15T07:08:00,CORE_FLUX_01,1501871614402.1484
2024-01-15T07:08:00,CORE_FUEL_01,763.9903
2024-01-15T07:08:00,CORE_ROD_01,65.0477
2024-01-15T07:08:00,CORE_EXIT_01,322.3975
2024-01-15T07:08:00,STEAM_PRES_01,64.8717
2024-01-15T07:08:00,STEAM_FEED_01,350.0836
2024-01-15T07:08:00,STEAM_DELTA_01,25.6997
2024-01-15T07:08:00,STEAM_TEMP_01,265.505
2024-01-15T07:09:00,CORE_FLUX_01,1476270430406.0652
2024-01-15T07:09:00,CORE_FUEL_01,782.0576
2024-01-15T07:09:00,CORE_ROD_01,64.8137
2024-01-15T07:09:00,STEAM_PRES_01,64.786
2024-01-15T07:09:00,STEAM_FEED_01,349.7504
2024-01-15T07:09:00,STEAM_TEMP_01,266.2472
2024-01-15T07:10:00,CORE_FLUX_01,1534551382459.311
2024-01-15T07:10:00,CORE_FUEL_01,759.8025
2024-01-15T07:10:00,CORE_ROD_01,65.2128
2024-01-15T07:10:00,CORE_EXIT_01,323.4798
2024-01-15T07:10:00,STEAM_PRES_01,65.1088
2024-01-15T07:10:00,STEAM_FEED_01,350.6795
2024-01-15T07:10:00,STEAM_DELTA_01,25.5192
2024-01-15T07:10:00,STEAM_TEMP_01,266.7147
2024-01-15T07:11:00,CORE_FLUX_01,1492665597813.9075
2024-01-15T07:11:00,CORE_FUEL_01,769.1109
2024-01-15T07:11:00,CORE_ROD_01,64.0575
2024-01-15T07:11:00,STEAM_PRES_01,65.1798
2024-01-15T07:11:00,STEAM_FEED_01,352.2631
2024-01-15T07:11:00,STEAM_TEMP_01,266.5766
2024-01-15T07:12:00,CORE_FLUX_01,1519730384983.2646
2024-01-15T07:12:00,CORE_FUEL_01,757.2361
2024-01-15T07:12:00,CORE_ROD_01,65.0214
2024-01-15T07:12:00,CORE_EXIT_01,320.9374
2024-01-15T07:12:00,STEAM_PRES_01,64.8767
2024-01-15T07:12:00,STEAM_FEED_01,351.6456
2024-01-15T07:12:00,STEAM_DELTA_01,25.2182
2024-01-15T07:12:00,STEAM_TEMP_01,266.5356
2024-01-15T07:13:00,CORE_FLUX_01,1451964371774.7988
2024-01-15T07:13:00,CORE_FUEL_01,761.1737
2024-01-15T07:13:00,CORE_ROD_01,65.1034
2024-01-15T07:13:00,STEAM_PRES_01,65.306
2024-01-15T07:13:00,STEAM_FEED_01,346.027
2024-01-15T07:13:00,STEAM_TEMP_01,266.9761
2024-01-15T07:14:00,CORE_FLUX_01,1555198116806.019
2024-01-15T07:14:00,CORE_FUEL_01,758.6734
2024-01-15T07:14:00,CORE_ROD_01,62.8037
2024-01-15T07:14:00,CORE_EXIT_01,320.7732
2024-01-15T07:14:00,STEAM_PRES_01,64.9754
2024-01-15T07:14:00,STEAM_FEED_01,352.4492
2024-01-15T07:14:00,STEAM_DELTA_01,25.7243
2024-01-15T07:14:00,STEAM_TEMP_01,268.5571
2024-01-15T07:15:00,CORE_FLUX_01,1482752991124.8179
2024-01-15T07:15:00,CORE_FUEL_01,763.0655
2024-01-15T07:15:00,CORE_ROD_01,65.7381
2024-01-15T07:15:00,STEAM_PRES_01,64.8138
2024-01-15T07:15:00,STEAM_FEED_01,350.5933
2024-01-15T07:15:00,STEAM_TEMP_01,266.1967
2024-01-15T07:16:00,CORE_FLUX_01,1491539468420.1685
2024-01-15T07:16:00,CORE_FUEL_01,765.2563
2024-01-15T07:16:00,CORE_ROD_01,65.9661
2024-01-15T07:16:00,CORE_EXIT_01,321.3922
2024-01-15T07:16:00,STEAM_PRES_01,65.2727
2024-01-15T07:16:00,STEAM_FEED_01,355.0112
2024-01-15T07:16:00,STEAM_DELTA_01,25.9099
2024-01-15T07:16:00,STEAM_TEMP_01,268.4935
2024-01-15T07:17:00,CORE_FLUX_01,1475624069801.8271
2024-01-15T07:17:00,CORE_FUEL_01,771.3771
2024-01-15T07:17:00,CORE_ROD_01,66.6422
2024-01-15T07:17:00,STEAM_PRES_01,64.6094
2024-01-15T07:17:00,STEAM_FEED_01,348.6119
2024-01-15T07:17:00,STEAM_TEMP_01,265.9159
2024-01-15T07:18:00,CORE_FLUX_01,1532667623092.9038
2024-01-15T07:18:00,CORE_FUEL_01,761.277
2024-01-15T07:18:00,CORE_ROD_01,65.6911
2024-01-15T07:18:00,CORE_EXIT_01,320.9853
2024-01-15T07:18:00,STEAM_PRES_01,64.7346
2024-01-15T07:18:00,STEAM_FEED_01,349.6336
2024-01-15T07:18:00,STEAM_DELTA_01,25.1054
2024-01-15T07:18:00,STEAM_TEMP_01,266.8558
2024-01-15T07:19:00,CORE_FLUX_01,1500010635066.7666
2024-01-15T07:19:00,CORE_FUEL_01,761.1089
2024-01-15T07:19:00,CORE_ROD_01,65.9844
2024-01-15T07:19:00,STEAM_PRES_01,64.7349
2024-01-15T07:19:00,STEAM_FEED_01,351.7653
2024-01-15T07:19:00,STEAM_TEMP_01,266.5317
2024-01-15T07:20:00,CORE_FLUX_01,1508582381763.6506
2024-01-15T07:20:00,CORE_FUEL_01,766.9065
2024-01-15T07:20:00,CORE_ROD_01,64.5127
2024-01-15T07:20:00,CORE_EXIT_01,320.8282
2024-01-15T07:20:00,STEAM_PRES_01,65.0795
2024-01-15T07:20:00,STEAM_FEED_01,351.082
2024-01-15T07:20:00,STEAM_DELTA_01,25.1686
2024-01-15T07:20:00,STEAM_TEMP_01,266.2689
2024-01-15T07:21:00,CORE_FLUX_01,1459501340675.9836
2024-01-15T07:21:00,CORE_FUEL_01,751.5569
2024-01-15T07:21:00,CORE_ROD_01,65.1029
2024-01-15T07:21:00,STEAM_PRES_01,64.8083
2024-01-15T07:21:00,STEAM_FEED_01,346.9838
2024-01-15T07:21:00,STEAM_TEMP_01,266.3167
2024-01-15T07:22:00,CORE_FLUX_01,1529828737914.4712
2024-01-15T07:22:00,CORE_FUEL_01,768.2337
2024-01-15T07:22:00,CORE_ROD_01,64.7355
2024-01-15T07:22:00,CORE_EXIT_01,322.2701
2024-01-15T07:22:00,STEAM_PRES_01,65.1231
2024-01-15T07:22:00,STEAM_FEED_01,352.1619
2024-01-15T07:22:00,STEAM_DELTA_01,25.4757
2024-01-15T07:22:00,STEAM_TEMP_01,266.8443
2024-01-15T07:23:00,CORE_FLUX_01,1477743363231.3516
2024-01-15T07:23:00,CORE_FUEL_01,758.4038
2024-01-15T07:23:00,CORE_ROD_01,64.6723
2024-01-15T07:23:00,STEAM_PRES_01,64.7091
2024-01-15T07:23:00,STEAM_FEED_01,346.6339
2024-01-15T07:23:00,STEAM_TEMP_01,264.9585
2024-01-15T07:24:00,CORE_FLUX_01,1451530497997.0579
2024-01-15T07:24:00,CORE_FUEL_01,771.1924
2024-01-15T07:24:00,CORE_ROD_01,66.2195
2024-01-15T07:24:00,CORE_EXIT_01,322.0308
2024-01-15T07:24:00,STEAM_PRES_01,65.2772
2024-01-15T07:24:00,STEAM_FEED_01,351.7504
2024-01-15T07:24:00,STEAM_DELTA_01,25.7235
2024-01-15T07:24:00,STEAM_TEMP_01,266.9374
2024-01-15T07:25:00,CORE_FLUX_01,1523883353895.8281
2024-01-15T07:25:00,CORE_FUEL_01,764.7251
2024-01-15T07:25:00,CORE_ROD_01,63.9795
2024-01-15T07:25:00,STEAM_PRES_01,64.9692
2024-01-15T07:25:00,STEAM_FEED_01,350.6447
2024-01-15T07:25:00,STEAM_TEMP_01,267.0408
2024-01-15T07:26:00,CORE_FLUX_01,1452190440528.0415
2024-01-15T07:26:00,CORE_FUEL_01,783.6211
2024-01-15T07:26:00,CORE_ROD_01,67.3431
2024-01-15T07:26:00,CORE_EXIT_01,322.1497
2024-01-15T07:26:00,STEAM_PRES_01,65.0044
2024-01-15T07:26:00,STEAM_FEED_01,350.1733
2024-01-15T07:26:00,STEAM_DELTA_01,25.7632
2024-01-15T07:26:00,STEAM_TEMP_01,266.52
2024-01-15T07:27:00,CORE_FLUX_01,1558799258466.5967
2024-01-15T07:27:00,CORE_FUEL_01,757.0494
2024-01-15T07:27:00,CORE_ROD_01,66.3596
2024-01-15T07:27:00,STEAM_PRES_01,64.9614
2024-01-15T07:27:00,STEAM_FEED_01,351.2046
2024-01-15T07:27:00,STEAM_TEMP_01,266.5539
2024-01-15T07:28:00,CORE_FLUX_01,1460904726631.0151
2024-01-15T07:28:00,CORE_FUEL_01,770.3031
2024-01-15T07:28:00,CORE_ROD_01,66.6228
2024-01-15T07:28:00,CORE_EXIT_01,322.5022
2024-01-15T07:28:00,STEAM_PRES_01,65.0075
2024-01-15T07:28:00,STEAM_FEED_01,348.5316
2024-01-15T07:28:00,STEAM_DELTA_01,25.4879
2024-01-15T07:28:00,STEAM_TEMP_01,266.6738
2024-01-15T07:29:00,CORE_FLUX_01,1466016400591.5469
2024-01-15T07:29:00,CORE_FUEL_01,767.4372
2024-01-15T07:29:00,CORE_ROD_01,65.5459
2024-01-15T07:29:00,STEAM_PRES_01,64.7448
2024-01-15T07:29:00,STEAM_FEED_01,351.0357
2024-01-15T07:29:00,STEAM_TEMP_01,266.6608
2024-01-15T07:30:00,CORE_FLUX_01,1567374400997.2744
2024-01-15T07:30:00,CORE_FUEL_01,787.4014
2024-01-15T07:30:00,CORE_ROD_01,67.3738
2024-01-15T07:30:00,CORE_EXIT_01,321.8942
2024-01-15T07:30:00,STEAM_PRES_01,64.8729
2024-01-15T07:30:00,STEAM_FEED_01,349.367
2024-01-15T07:30:00,STEAM_DELTA_01,25.6217
2024-01-15T07:30:00,STEAM_TEMP_01,265.7984
2024-01-15T07:31:00,CORE_FLUX_01,1521227953314.1538
2024-01-15T07:31:00,CORE_FUEL_01,778.0425
2024-01-15T07:31:00,CORE_ROD_01,64.5161
2024-01-15T07:31:00,STEAM_PRES_01,64.9852
2024-01-15T07:31:00,STEAM_FEED_01,347.1453
2024-01-15T07:31:00,STEAM_TEMP_01,265.7009
2024-01-15T07:32:00,CORE_FLUX_01,1515166957001.5103
2024-01-15T07:32:00,CORE_FUEL_01,768.8908
2024-01-15T07:32:00,CORE_ROD_01,64.2749
2024-01-15T07:32:00,CORE_EXIT_01,322.0318
2024-01-15T07:32:00,STEAM_PRES_01,65.2424
2024-01-15T07:32:00,STEAM_FEED_01,349.6973
2024-01-15T07:32:00,STEAM_DELTA_01,25.4508
2024-01-15T07:32:00,STEAM_TEMP_01,265.8089
2024-01-15T07:33:00,CORE_FLUX_01,1523442810542.0579
2024-01-15T07:33:00,CORE_FUEL_01,767.7956
2024-01-15T07:33:00,CORE_ROD_01,64.0725
2024-01-15T07:33:00,STEAM_PRES_01,64.8667
2024-01-15T07:33:00,STEAM_FEED_01,347.0988
2024-01-15T07:33:00,STEAM_TEMP_01,267.0544
2024-01-15T07:34:00,CORE_FLUX_01,1451840001622.0786
2024-01-15T07:34:00,CORE_FUEL_01,773.4636
2024-01-15T07:34:00,CORE_ROD_01,63.8349
2024-01-15T07:34:00,CORE_EXIT_01,322.4895
2024-01-15T07:34:00,STEAM_PRES_01,64.7384
2024-01-15T07:34:00,STEAM_FEED_01,350.9805
2024-01-15T07:34:00,STEAM_DELTA_01,25.5105
2024-01-15T07:34:00,STEAM_TEMP_01,265.8242
2024-01-15T07:35:00,CORE_FLUX_01,1488233275871.6785
2024-01-15T07:35:00,CORE_FUEL_01,751.0905
2024-01-15T07:35:00,CORE_ROD_01,64.5526
2024-01-15T07:35:00,STEAM_PRES_01,65.2047
2024-01-15T07:35:00,STEAM_FEED_01,349.8665
2024-01-15T07:35:00,STEAM_TEMP_01,265.9867
2024-01-15T07:36:00,CORE_FLUX_01,1465969261890.2349
2024-01-15T07:36:00,CORE_FUEL_01,758.3081
2024-01-15T07:36:00,CORE_ROD_01,65.7181
2024-01-15T07:36:00,CORE_EXIT_01,324.4703
2024-01-15T07:36:00,STEAM_PRES_01,64.8205
2024-01-15T07:36:00,STEAM_FEED_01,348.8148
2024-01-15T07:36:00,STEAM_DELTA_01,25.1088
2024-01-15T07:36:00,STEAM_TEMP_01,265.6635
2024-01-15T07:37:00,CORE_FLUX_01,1486135041748.5535
2024-01-15T07:37:00,CORE_FUEL_01,763.4197
2024-01-15T07:37:00,CORE_ROD_01,64.0343
2024-01-15T07:37:00,STEAM_PRES_01,64.6907
2024-01-15T07:37:00,STEAM_FEED_01,350.3905
2024-01-15T07:37:00,STEAM_TEMP_01,266.5174
2024-01-15T07:38:00,CORE_FLUX_01,1470236951441.9673
2024-01-15T07:38:00,CORE_FUEL_01,773.766
2024-01-15T07:38:00,CORE_ROD_01,64.449
2024-01-15T07:38:00,CORE_EXIT_01,322.1018
2024-01-15T07:38:00,STEAM_PRES_01,64.891
2024-01-15T07:38:00,STEAM_FEED_01,347.941
2024-01-15T07:38:00,STEAM_DELTA_01,25.53
2024-01-15T07:38:00,STEAM_TEMP_01,266.4549
2024-01-15T07:39:00,CORE_FLUX_01,1497092710338.7578
2024-01-15T07:39:00,CORE_FUEL_01,761.9673
2024-01-15T07:39:00,CORE_ROD_01,63.6789
2024-01-15T07:39:00,STEAM_PRES_01,64.8633
2024-01-15T07:39:00,STEAM_FEED_01,347.0805
2024-01-15T07:39:00,STEAM_TEMP_01,266.8301
2024-01-15T07:40:00,CORE_FLUX_01,1494765575672.77
2024-01-15T07:40:00,CORE_FUEL_01,753.8496
2024-01-15T07:40:00,CORE_ROD_01,65.2343
2024-01-15T07:40:00,CORE_EXIT_01,323.868
2024-01-15T07:40:00,STEAM_PRES_01,64.9429
2024-01-15T07:40:00,STEAM_FEED_01,353.3713
2024-01-15T07:40:00,STEAM_DELTA_01,25.4749
2024-01-15T07:40:00,STEAM_TEMP_01,267.4817
2024-01-15T07:41:00,CORE_FLUX_01,1484589169192.38
2024-01-15T07:41:00,CORE_FUEL_01,774.7162
2024-01-15T07:41:00,CORE_ROD_01,62.6128
2024-01-15T07:41:00,STEAM_PRES_01,64.9466
2024-01-15T07:41:00,STEAM_FEED_01,351.4131
2024-01-15T07:41:00,STEAM_TEMP_01,266.2578
2024-01-15T07:42:00,CORE_FLUX_01,1497780497912.712
2024-01-15T07:42:00,CORE_FUEL_01,755.619
2024-01-15T07:42:00,CORE_ROD_01,64.6843
2024-01-15T07:42:00,CORE_EXIT_01,324.2516
2024-01-15T07:42:00,STEAM_PRES_01,65.3593
2024-01-15T07:42:00,STEAM_FEED_01,351.5404
2024-01-15T07:42:00,STEAM_DELTA_01,25.743
2024-01-15T07:42:00,STEAM_TEMP_01,266.633
2024-01-15T07:43:00,CORE_FLUX_01,1527679941072.6135
2024-01-15T07:43:00,CORE_FUEL_01,765.2385
2024-01-15T07:43:00,CORE_ROD_01,65.5524
2024-01-15T07:43:00,STEAM_PRES_01,65.1667
2024-01-15T07:43:00,STEAM_FEED_01,351.4961
2024-01-15T07:43:00,STEAM_TEMP_01,266.4684
2024-01-15T07:44:00,CORE_FLUX_01,1444916820895.7708
2024-01-15T07:44:00,CORE_FUEL_01,757.3539
2024-01-15T07:44:00,CORE_ROD_01,64.6362
2024-01-15T07:44:00,CORE_EXIT_01,320.2318
2024-01-15T07:44:00,STEAM_PRES_01,64.927
2024-01-15T07:44:00,STEAM_FEED_01,349.7826
2024-01-15T07:44:00,STEAM_DELTA_01,25.507
2024-01-15T07:44:00,STEAM_TEMP_01,267.2471
2024-01-15T07:45:00,CORE_FLUX_01,1511935893703.1626
2024-01-15T07:45:00,CORE_FUEL_01,774.1875
2024-01-15T07:45:00,CORE_ROD_01,64.9947
2024-01-15T07:45:00,STEAM_PRES_01,64.8523
2024-01-15T07:45:00,STEAM_FEED_01,347.2308
2024-01-15T07:45:00,STEAM_TEMP_01,266.4144
2024-01-15T07:46:00,CORE_FLUX_01,1469958548318.177
2024-01-15T07:46:00,CORE_FUEL_01,765.6907
2024-01-15T07:46:00,CORE_ROD_01,64.1509
2024-01-15T07:46:00,CORE_EXIT_01,321.566
2024-01-15T07:46:00,STEAM_PRES_01,65.3539
2024-01-15T07:46:00,STEAM_FEED_01,349.9233
2024-01-15T07:46:00,STEAM_DELTA_01,25.6924
2024-01-15T07:46:00,STEAM_TEMP_01,267.2873
2024-01-15T07:47:00,CORE_FLUX_01,1429252417918.4204
2024-01-15T07:47:00,CORE_FUEL_01,762.5779
2024-01-15T07:47:00,CORE_ROD_01,65.9516
2024-01-15T07:47:00,STEAM_PRES_01,64.7401
2024-01-15T07:47:00,STEAM_FEED_01,348.8685
2024-01-15T07:47:00,STEAM_TEMP_01,265.9623
2024-01-15T07:48:00,CORE_FLUX_01,1481650719662.5432
2024-01-15T07:48:00,CORE_FUEL_01,768.7296
2024-01-15T07:48:00,CORE_ROD_01,63.829
2024-01-15T07:48:00,CORE_EXIT_01,322.6455
2024-01-15T07:48:00,STEAM_PRES_01,64.6665
2024-01-15T07:48:00,STEAM_FEED_01,347.6384
2024-01-15T07:48:00,STEAM_DELTA_01,25.3389
2024-01-15T07:48:00,STEAM_TEMP_01,265.7398
2024-01-15T07:49:00,CORE_FLUX_01,1447078147743.7422
2024-01-15T07:49:00,CORE_FUEL_01,767.4853
2024-01-15T07:49:00,CORE_ROD_01,66.0261
2024-01-15T07:49:00,STEAM_PRES_01,65.1462
2024-01-15T07:49:00,STEAM_FEED_01,351.2758
2024-01-15T07:49:00,STEAM_TEMP_01,267.3352
2024-01-15T07:50:00,CORE_FLUX_01,1486985308159.7156
2024-01-15T07:50:00,CORE_FUEL_01,774.6873
2024-01-15T07:50:00,CORE_ROD_01,64.8324
2024-01-15T07:50:00,CORE_EXIT_01,321.4498
2024-01-15T07:50:00,STEAM_PRES_01,65.1629
2024-01-15T07:50:00,STEAM_FEED_01,352.9856
2024-01-15T07:50:00,STEAM_DELTA_01,25.5369
2024-01-15T07:50:00,STEAM_TEMP_01,267.1041
2024-01-15T07:51:00,CORE_FLUX_01,1482311009871.7605
2024-01-15T07:51:00,CORE_FUEL_01,747.9428
2024-01-15T07:51:00,CORE_ROD_01,66.0093
2024-01-15T07:51:00,STEAM_PRES_01,65.2078
2024-01-15T07:51:00,STEAM_FEED_01,347.9933
2024-01-15T07:51:00,STEAM_TEMP_01,267.0797
2024-01-15T07:52:00,CORE_FLUX_01,1504369222065.531
2024-01-15T07:52:00,CORE_FUEL_01,770.1511
2024-01-15T07:52:00,CORE_ROD_01,63.9668
2024-01-15T07:52:00,CORE_EXIT_01,321.2428
2024-01-15T07:52:00,STEAM_PRES_01,65.1746
2024-01-15T07:52:00,STEAM_FEED_01,350.5564
2024-01-15T07:52:00,STEAM_DELTA_01,25.4514
2024-01-15T07:52:00,STEAM_TEMP_01,266.8826
2024-01-15T07:53:00,CORE_FLUX_01,1528324993541.1174
2024-01-15T07:53:00,CORE_FUEL_01,766.1531
2024-01-15T07:53:00,CORE_ROD_01,65.4172
2024-01-15T07:53:00,STEAM_PRES_01,64.9778
2024-01-15T07:53:00,STEAM_FEED_01,351.2372
2024-01-15T07:53:00,STEAM_TEMP_01,266.3309
2024-01-15T07:54:00,CORE_FLUX_01,1487538181597.874
2024-01-15T07:54:00,CORE_FUEL_01,779.4087
2024-01-15T07:54:00,CORE_ROD_01,65.1579
2024-01-15T07:54:00,CORE_EXIT_01,323.4747
2024-01-15T07:54:00,STEAM_PRES_01,64.7706
2024-01-15T07:54:00,STEAM_FEED_01,349.0081
2024-01-15T07:54:00,STEAM_DELTA_01,25.4621
2024-01-15T07:54:00,STEAM_TEMP_01,266.6678
2024-01-15T07:55:00,CORE_FLUX_01,1503457742943.8245
2024-01-15T07:55:00,CORE_FUEL_01,760.5215
2024-01-15T07:55:00,CORE_ROD_01,64.1308
2024-01-15T07:55:00,STEAM_PRES_01,65.0066
2024-01-15T07:55:00,STEAM_FEED_01,349.7481
2024-01-15T07:55:00,STEAM_TEMP_01,266.0025
2024-01-15T07:56:00,CORE_FLUX_01,1509906313252.4893
2024-01-15T07:56:00,CORE_FUEL_01,771.9646
2024-01-15T07:56:00,CORE_ROD_01,66.4604
2024-01-15T07:56:00,CORE_EXIT_01,322.2062
2024-01-15T07:56:00,STEAM_PRES_01,65.2149
2024-01-15T07:56:00,STEAM_FEED_01,351.9282
2024-01-15T07:56:00,STEAM_DELTA_01,25.616
2024-01-15T07:56:00,STEAM_TEMP_01,266.9984
2024-01-15T07:57:00,CORE_FLUX_01,1468983381463.1208
2024-01-15T07:57:00,CORE_FUEL_01,765.0925
2024-01-15T07:57:00,CORE_ROD_01,65.2846
2024-01-15T07:57:00,STEAM_PRES_01,64.9637
2024-01-15T07:57:00,STEAM_FEED_01,353.3975
2024-01-15T07:57:00,STEAM_TEMP_01,267.0149
2024-01-15T07:58:00,CORE_FLUX_01,1530538517646.7646
2024-01-15T07:58:00,CORE_FUEL_01,766.1861
2024-01-15T07:58:00,CORE_ROD_01,65.6622
2024-01-15T07:58:00,CORE_EXIT_01,321.1544
2024-01-15T07:58:00,STEAM_PRES_01,64.9722
2024-01-15T07:58:00,STEAM_FEED_01,348.6149
2024-01-15T07:58:00,STEAM_DELTA_01,25.4803
2024-01-15T07:58:00,STEAM_TEMP_01,266.6187
2024-01-15T07:59:00,CORE_FLUX_01,1463321819154.1475
2024-01-15T07:59:00,CORE_FUEL_01,766.4608
2024-01-15T07:59:00,CORE_ROD_01,64.7292
2024-01-15T07:59:00,STEAM_PRES_01,64.6376
2024-01-15T07:59:00,STEAM_FEED_01,350.4269
2024-01-15T07:59:00,STEAM_TEMP_01,266.1321
2024-01-15T08:00:00,CORE_FLUX_01,1471197775481.9314
2024-01-15T08:00:00,CORE_FUEL_01,770.1911
2024-01-15T08:00:00,CORE_ROD_01,64.5238
2024-01-15T08:00:00,CORE_EXIT_01,322.3207
2024-01-15T08:00:00,STEAM_PRES_01,65.0117
2024-01-15T08:00:00,STEAM_FEED_01,348.4168
2024-01-15T08:00:00,STEAM_DELTA_01,25.5431
2024-01-15T08:00:00,STEAM_TEMP_01,266.3302
2024-01-15T08:01:00,CORE_FLUX_01,1484093476666.196
2024-01-15T08:01:00,CORE_FUEL_01,773.3303
2024-01-15T08:01:00,CORE_ROD_01,64.5319
2024-01-15T08:01:00,STEAM_PRES_01,64.8233
2024-01-15T08:01:00,STEAM_FEED_01,345.6041
2024-01-15T08:01:00,STEAM_TEMP_01,265.6153
2024-01-15T08:02:00,CORE_FLUX_01,1502695355811.8743
2024-01-15T08:02:00,CORE_FUEL_01,769.044
2024-01-15T08:02:00,CORE_ROD_01,66.1303
2024-01-15T08:02:00,CORE_EXIT_01,321.074
2024-01-15T08:02:00,STEAM_PRES_01,65.1379
2024-01-15T08:02:00,STEAM_FEED_01,351.2149
2024-01-15T08:02:00,STEAM_DELTA_01,25.4346
2024-01-15T08:02:00,STEAM_TEMP_01,266.5059
2024-01-15T08:03:00,CORE_FLUX_01,1467422679613.366
2024-01-15T08:03:00,CORE_FUEL_01,775.5127
2024-01-15T08:03:00,CORE_ROD_01,64.2939
2024-01-15T08:03:00,STEAM_PRES_01,64.7914
2024-01-15T08:03:00,STEAM_FEED_01,349.6219
2024-01-15T08:03:00,STEAM_TEMP_01,264.9686
2024-01-15T08:04:00,CORE_FLUX_01,1446453632936.757
2024-01-15T08:04:00,CORE_FUEL_01,759.931
2024-01-15T08:04:00,CORE_ROD_01,65.9872
2024-01-15T08:04:00,CORE_EXIT_01,318.6196
2024-01-15T08:04:00,STEAM_PRES_01,64.8332
2024-01-15T08:04:00,STEAM_FEED_01,348.5127
2024-01-15T08:04:00,STEAM_DELTA_01,25.6362
2024-01-15T08:04:00,STEAM_TEMP_01,266.8402
2024-01-15T08:05:00,CORE_FLUX_01,1563708795088.83
2024-01-15T08:05:00,CORE_FUEL_01,761.7548
2024-01-15T08:05:00,CORE_ROD_01,65.1296
2024-01-15T08:05:00,STEAM_PRES_01,65.24
2024-01-15T08:05:00,STEAM_FEED_01,349.1741
2024-01-15T08:05:00,STEAM_TEMP_01,265.4182
2024-01-15T08:06:00,CORE_FLUX_01,1500988550741.8892
2024-01-15T08:06:00,CORE_FUEL_01,761.5721
2024-01-15T08:06:00,CORE_ROD_01,64.3679
2024-01-15T08:06:00,CORE_EXIT_01,320.6682
2024-01-15T08:06:00,STEAM_PRES_01,65.0602
2024-01-15T08:06:00,STEAM_FEED_01,350.7375
2024-01-15T08:06:00,STEAM_DELTA_01,25.852
2024-01-15T08:06:00,STEAM_TEMP_01,266.7971
2024-01-15T08:07:00,CORE_FLUX_01,1419717563099.2896
2024-01-15T08:07:00,CORE_FUEL_01,776.4768
2024-01-15T08:07:00,CORE_ROD_01,65.4392
2024-01-15T08:07:00,STEAM_PRES_01,65.0042
2024-01-15T08:07:00,STEAM_FEED_01,350.9001
2024-01-15T08:07:00,STEAM_TEMP_01,267.646
2024-01-15T08:08:00,CORE_FLUX_01,1489148163581.2146
2024-01-15T08:08:00,CORE_FUEL_01,765.3767
2024-01-15T08:08:00,CORE_ROD_01,65.887
2024-01-15T08:08:00,CORE_EXIT_01,320.6247
2024-01-15T08:08:00,STEAM_PRES_01,65.2033
2024-01-15T08:08:00,STEAM_FEED_01,350.1488
2024-01-15T08:08:00,STEAM_DELTA_01,25.9974
2024-01-15T08:08:00,STEAM_TEMP_01,267.008
2024-01-15T08:09:00,CORE_FLUX_01,1495049242899.3389
2024-01-15T08:09:00,CORE_FUEL_01,747.834
2024-01-15T08:09:00,CORE_ROD_01,66.7114
2024-01-15T08:09:00,STEAM_PRES_01,64.9723
2024-01-15T08:09:00,STEAM_FEED_01,349.0138
2024-01-15T08:09:00,STEAM_TEMP_01,266.1516
2024-01-15T08:10:00,CORE_FLUX_01,1516488193649.8071
2024-01-15T08:10:00,CORE_FUEL_01,766.3213
2024-01-15T08:10:00,CORE_ROD_01,65.2305
2024-01-15T08:10:00,CORE_EXIT_01,324.2029
2024-01-15T08:10:00,STEAM_PRES_01,65.3574
2024-01-15T08:10:00,STEAM_FEED_01,351.8679
2024-01-15T08:10:00,STEAM_DELTA_01,25.5586
2024-01-15T08:10:00,STEAM_TEMP_01,266.5038
2024-01-15T08:11:00,CORE_FLUX_01,1523713929184.317
2024-01-15T08:11:00,CORE_FUEL_01,760.6525
2024-01-15T08:11:00,CORE_ROD_01,63.762
2024-01-15T08:11:00,STEAM_PRES_01,65.0148
2024-01-15T08:11:00,STEAM_FEED_01,350.3928
2024-01-15T08:11:00,STEAM_TEMP_01,266.4262
2024-01-15T08:12:00,CORE_FLUX_01,1499027469278.7314
2024-01-15T08:12:00,CORE_FUEL_01,762.1895
2024-01-15T08:12:00,CORE_ROD_01,65.0407
2024-01-15T08:12:00,CORE_EXIT_01,322.6735
2024-01-15T08:12:00,STEAM_PRES_01,64.8808
2024-01-15T08:12:00,STEAM_FEED_01,350.5612
2024-01-15T08:12:00,STEAM_DELTA_01,25.3597
2024-01-15T08:12:00,STEAM_TEMP_01,266.6245
2024-01-15T08:13:00,CORE_FLUX_01,1471620009670.8765
2024-01-15T08:13:00,CORE_FUEL_01,753.6434
2024-01-15T08:13:00,CORE_ROD_01,65.2897
2024-01-15T08:13:00,STEAM_PRES_01,64.8293
2024-01-15T08:13:00,STEAM_FEED_01,347.892
2024-01-15T08:13:00,STEAM_TEMP_01,265.26
2024-01-15T08:14:00,CORE_FLUX_01,1532613912582.8577
2024-01-15T08:14:00,CORE_FUEL_01,774.2808
2024-01-15T08:14:00,CORE_ROD_01,63.7575
2024-01-15T08:14:00,CORE_EXIT_01,320.7104
2024-01-15T08:14:00,STEAM_PRES_01,65.2569
2024-01-15T08:14:00,STEAM_FEED_01,348.6148
2024-01-15T08:14:00,STEAM_DELTA_01,25.8098
2024-01-15T08:14:00,STEAM_TEMP_01,266.4112
2024-01-15T08:15:00,CORE_FLUX_01,1558032048584.5376
2024-01-15T08:15:00,CORE_FUEL_01,748.7636
2024-01-15T08:15:00,CORE_ROD_01,64.536
2024-01-15T08:15:00,STEAM_PRES_01,64.8017
2024-01-15T08:15:00,STEAM_FEED_01,348.4423
2024-01-15T08:15:00,STEAM_TEMP_01,265.8975
2024-01-15T08:16:00,CORE_FLUX_01,1445942256791.9565
2024-01-15T08:16:00,CORE_FUEL_01,745.976
2024-01-15T08:16:00,CORE_ROD_01,63.1624
2024-01-15T08:16:00,CORE_EXIT_01,323.6382
2024-01-15T08:16:00,STEAM_PRES_01,64.9017
2024-01-15T08:16:00,STEAM_FEED_01,348.3879
2024-01-15T08:16:00,STEAM_DELTA_01,25.5444
2024-01-15T08:16:00,STEAM_TEMP_01,266.432
2024-01-15T08:17:00,CORE_FLUX_01,1466810534830.1719
2024-01-15T08:17:00,CORE_FUEL_01,762.4272
2024-01-15T08:17:00,CORE_ROD_01,65.835
2024-01-15T08:17:00,STEAM_PRES_01,65.0011
2024-01-15T08:17:00,STEAM_FEED_01,347.8399
2024-01-15T08:17:00,STEAM_TEMP_01,265.8296
2024-01-15T08:18:00,CORE_FLUX_01,1521122150242.0107
2024-01-15T08:18:00,CORE_FUEL_01,761.8638
2024-01-15T08:18:00,CORE_ROD_01,65.3759
2024-01-15T08:18:00,CORE_EXIT_01,324.0263
2024-01-15T08:18:00,STEAM_PRES_01,65.1965
2024-01-15T08:18:00,STEAM_FEED_01,352.0213
2024-01-15T08:18:00,STEAM_DELTA_01,25.5839
2024-01-15T08:18:00,STEAM_TEMP_01,267.5567
2024-01-15T08:19:00,CORE_FLUX_01,1533221478016.494
2024-01-15T08:19:00,CORE_FUEL_01,753.1049
2024-01-15T08:19:00,CORE_ROD_01,66.2107
2024-01-15T08:19:00,STEAM_PRES_01,64.7043
2024-01-15T08:19:00,STEAM_FEED_01,347.6921
2024-01-15T08:19:00,STEAM_TEMP_01,266.2727
2024-01-15T08:20:00,CORE_FLUX_01,1491170099215.948
2024-01-15T08:20:00,CORE_FUEL_01,749.9327
2024-01-15T08:20:00,CORE_ROD_01,64.881
2024-01-15T08:20:00,CORE_EXIT_01,324.2867
2024-01-15T08:20:00,STEAM_PRES_01,65.3243
2024-01-15T08:20:00,STEAM_FEED_01,348.6888
2024-01-15T08:20:00,STEAM_DELTA_01,25.4247
2024-01-15T08:20:00,STEAM_TEMP_01,266.7318
2024-01-15T08:21:00,CORE_FLUX_01,1523540352167.095
2024-01-15T08:21:00,CORE_FUEL_01,767.6466
2024-01-15T08:21:00,CORE_ROD_01,65.0301
2024-01-15T08:21:00,STEAM_PRES_01,64.8421
2024-01-15T08:21:00,STEAM_FEED_01,350.1576
2024-01-15T08:21:00,STEAM_TEMP_01,267.0221
2024-01-15T08:22:00,CORE_FLUX_01,1516724747356.4868
2024-01-15T08:22:00,CORE_FUEL_01,766.7892
2024-01-15T08:22:00,CORE_ROD_01,65.9899
2024-01-15T08:22:00,CORE_EXIT_01,322.5931
2024-01-15T08:22:00,STEAM_PRES_01,64.8007
2024-01-15T08:22:00,STEAM_FEED_01,348.7323
2024-01-15T08:22:00,STEAM_DELTA_01,25.59
2024-01-15T08:22:00,STEAM_TEMP_01,266.0816
2024-01-15T08:23:00,CORE_FLUX_01,1501037859010.7805
2024-01-15T08:23:00,CORE_FUEL_01,759.6515
2024-01-15T08:23:00,CORE_ROD_01,66.4002
2024-01-15T08:23:00,STEAM_PRES_01,65.1822
2024-01-15T08:23:00,STEAM_FEED_01,349.5195
2024-01-15T08:23:00,STEAM_TEMP_01,266.3425
2024-01-15T08:24:00,CORE_FLUX_01,1489628711468.3735
2024-01-15T08:24:00,CORE_FUEL_01,764.6554
2024-01-15T08:24:00,CORE_ROD_01,64.7303
2024-01-15T08:24:00,CORE_EXIT_01,321.7459
2024-01-15T08:24:00,STEAM_PRES_01,64.8797
2024-01-15T08:24:00,STEAM_FEED_01,351.663
2024-01-15T08:24:00,STEAM_DELTA_01,25.2666
2024-01-15T08:24:00,STEAM_TEMP_01,266.481
2024-01-15T08:25:00,CORE_FLUX_01,1519772289446.8245
2024-01-15T08:25:00,CORE_FUEL_01,766.5834
2024-01-15T08:25:00,CORE_ROD_01,64.4528
2024-01-15T08:25:00,STEAM_PRES_01,64.8762
2024-01-15T08:25:00,STEAM_FEED_01,349.1236
2024-01-15T08:25:00,STEAM_TEMP_01,266.1189
2024-01-15T08:26:00,CORE_FLUX_01,1510995624510.365
2024-01-15T08:26:00,CORE_FUEL_01,771.2299
2024-01-15T08:26:00,CORE_ROD_01,64.7472
2024-01-15T08:26:00,CORE_EXIT_01,323.6468
2024-01-15T08:26:00,STEAM_PRES_01,64.7123
2024-01-15T08:26:00,STEAM_FEED_01,349.094
2024-01-15T08:26:00,STEAM_DELTA_01,25.4206
2024-01-15T08:26:00,STEAM_TEMP_01,266.5501
2024-01-15T08:27:00,CORE_FLUX_01,1486212704527.3096
2024-01-15T08:27:00,CORE_FUEL_01,771.381
2024-01-15T08:27:00,CORE_ROD_01,66.1453
2024-01-15T08:27:00,STEAM_PRES_01,65.0089
2024-01-15T08:27:00,STEAM_FEED_01,351.4419
2024-01-15T08:27:00,STEAM_TEMP_01,266.921
2024-01-15T08:28:00,CORE_FLUX_01,1451437089720.2578
2024-01-15T08:28:00,CORE_FUEL_01,757.123
2024-01-15T08:28:00,CORE_ROD_01,66.5198
2024-01-15T08:28:00,CORE_EXIT_01,321.7444
2024-01-15T08:28:00,STEAM_PRES_01,65.201
2024-01-15T08:28:00,STEAM_FEED_01,354.2545
2024-01-15T08:28:00,STEAM_DELTA_01,25.2097
2024-01-15T08:28:00,STEAM_TEMP_01,266.1574
2024-01-15T08:29:00,CORE_FLUX_01,1467116686289.7761
2024-01-15T08:29:00,CORE_FUEL_01,765.5281
2024-01-15T08:29:00,CORE_ROD_01,64.4773
2024-01-15T08:29:00,STEAM_PRES_01,65.2199
2024-01-15T08:29:00,STEAM_FEED_01,352.803
2024-01-15T08:29:00,STEAM_TEMP_01,268.2882
2024-01-15T08:30:00,CORE_FLUX_01,1493605513119.5896
2024-01-15T08:30:00,CORE_FUEL_01,752.1041
2024-01-15T08:30:00,CORE_ROD_01,66.1457
2024-01-15T08:30:00,CORE_EXIT_01,322.652
2024-01-15T08:30:00,STEAM_PRES_01,65.015
2024-01-15T08:30:00,STEAM_FEED_01,349.7575
2024-01-15T08:30:00,STEAM_DELTA_01,25.5478
2024-01-15T08:30:00,STEAM_TEMP_01,266.2389
2024-01-15T08:31:00,CORE_FLUX_01,1504034428929.8513
2024-01-15T08:31:00,CORE_FUEL_01,761.4337
2024-01-15T08:31:00,CORE_ROD_01,65.2044
2024-01-15T08:31:00,STEAM_PRES_01,64.88
2024-01-15T08:31:00,STEAM_FEED_01,349.822
2024-01-15T08:31:00,STEAM_TEMP_01,266.3851
2024-01-15T08:32:00,CORE_FLUX_01,1480335513798.8503
2024-01-15T08:32:00,CORE_FUEL_01,764.763
2024-01-15T08:32:00,CORE_ROD_01,65.2979
2024-01-15T08:32:00,CORE_EXIT_01,323.4734
2024-01-15T08:32:00,STEAM_PRES_01,64.6005
2024-01-15T08:32:00,STEAM_FEED_01,351.9241
2024-01-15T08:32:00,STEAM_DELTA_01,25.5485
2024-01-15T08:32:00,STEAM_TEMP_01,265.5952
2024-01-15T08:33:00,CORE_FLUX_01,1490578538684.5518
2024-01-15T08:33:00,CORE_FUEL_01,765.2216
2024-01-15T08:33:00,CORE_ROD_01,63.4977
2024-01-15T08:33:00,STEAM_PRES_01,64.8753
2024-01-15T08:33:00,STEAM_FEED_01,349.8278
2024-01-15T08:33:00,STEAM_TEMP_01,266.0763
2024-01-15T08:34:00,CORE_FLUX_01,1558938191965.7163
2024-01-15T08:34:00,CORE_FUEL_01,755.7655
2024-01-15T08:34:00,CORE_ROD_01,65.8057
2024-01-15T08:34:00,CORE_EXIT_01,321.3761
2024-01-15T08:34:00,STEAM_PRES_01,65.0056
2024-01-15T08:34:00,STEAM_FEED_01,349.8631
2024-01-15T08:34:00,STEAM_DELTA_01,25.3041
2024-01-15T08:34:00,STEAM_TEMP_01,266.7501
2024-01-15T08:35:00,CORE_FLUX_01,1478702763706.49
2024-01-15T08:35:00,CORE_FUEL_01,759.6199
2024-01-15T08:35:00,CORE_ROD_01,65.4683
2024-01-15T08:35:00,STEAM_PRES_01,65.0168
2024-01-15T08:35:00,STEAM_FEED_01,346.4878
2024-01-15T08:35:00,STEAM_TEMP_01,266.5493
2024-01-15T08:36:00,CORE_FLUX_01,1531548076534.4675
2024-01-15T08:36:00,CORE_FUEL_01,784.8019
2024-01-15T08:36:00,CORE_ROD_01,64.2136
2024-01-15T08:36:00,CORE_EXIT_01,321.9372
2024-01-15T08:36:00,STEAM_PRES_01,65.0026
2024-01-15T08:36:00,STEAM_FEED_01,350.446
2024-01-15T08:36:00,STEAM_DELTA_01,25.4634
2024-01-15T08:36:00,STEAM_TEMP_01,266.0251
2024-01-15T08:37:00,CORE_FLUX_01,1527544660163.0146
2024-01-15T08:37:00,CORE_FUEL_01,761.7234
2024-01-15T08:37:00,CORE_ROD_01,66.918
2024-01-15T08:37:00,STEAM_PRES_01,64.9561
2024-01-15T08:37:00,STEAM_FEED_01,352.0172
2024-01-15T08:37:00,STEAM_TEMP_01,266.0115
2024-01-15T08:38:00,CORE_FLUX_01,1526324670842.3303
2024-01-15T08:38:00,CORE_FUEL_01,763.3428
2024-01-15T08:38:00,CORE_ROD_01,62.9956
2024-01-15T08:38:00,CORE_EXIT_01,323.1735
2024-01-15T08:38:00,STEAM_PRES_01,65.0646
2024-01-15T08:38:00,STEAM_FEED_01,348.8222
2024-01-15T08:38:00,STEAM_DELTA_01,25.4172
2024-01-15T08:38:00,STEAM_TEMP_01,265.7753
2024-01-15T08:39:00,CORE_FLUX_01,1540211944989.9224
2024-01-15T08:39:00,CORE_FUEL_01,751.7505
2024-01-15T08:39:00,CORE_ROD_01,63.5046
2024-01-15T08:39:00,STEAM_PRES_01,64.7571
2024-01-15T08:39:00,STEAM_FEED_01,349.5297
2024-01-15T08:39:00,STEAM_TEMP_01,265.8269
2024-01-15T08:40:00,CORE_FLUX_01,1455675203691.37
2024-01-15T08:40:00,CORE_FUEL_01,752.2782
2024-01-15T08:40:00,CORE_ROD_01,64.8166
2024-01-15T08:40:00,CORE_EXIT_01,321.1515
2024-01-15T08:40:00,STEAM_PRES_01,64.772
2024-01-15T08:40:00,STEAM_FEED_01,347.4421
2024-01-15T08:40:00,STEAM_DELTA_01,25.584
2024-01-15T08:40:00,STEAM_TEMP_01,266.6345
2024-01-15T08:41:00,CORE_FLUX_01,1498701925931.0632
2024-01-15T08:41:00,CORE_FUEL_01,762.9999
2024-01-15T08:41:00,CORE_ROD_01,65.0128
2024-01-15T08:41:00,STEAM_PRES_01,65.3914
2024-01-15T08:41:00,STEAM_FEED_01,350.8901
2024-01-15T08:41:00,STEAM_TEMP_01,266.6473
2024-01-15T08:42:00,CORE_FLUX_01,1512673778264.9133
2024-01-15T08:42:00,CORE_FUEL_01,763.9759
2024-01-15T08:42:00,CORE_ROD_01,65.2507
2024-01-15T08:42:00,CORE_EXIT_01,322.2674
2024-01-15T08:42:00,STEAM_PRES_01,65.0673
2024-01-15T08:42:00,STEAM_FEED_01,350.9982
2024-01-15T08:42:00,STEAM_DELTA_01,25.5496
2024-01-15T08:42:00,STEAM_TEMP_01,267.5567
2024-01-15T08:43:00,CORE_FLUX_01,1491906214102.468
2024-01-15T08:43:00,CORE_FUEL_01,757.1653
2024-01-15T08:43:00,CORE_ROD_01,65.7429
2024-01-15T08:43:00,STEAM_PRES_01,65.1845
2024-01-15T08:43:00,STEAM_FEED_01,351.1309
2024-01-15T08:43:00,STEAM_TEMP_01,266.6049
2024-01-15T08:44:00,CORE_FLUX_01,1495066653600.7073
2024-01-15T08:44:00,CORE_FUEL_01,772.8549
2024-01-15T08:44:00,CORE_ROD_01,65.9483
2024-01-15T08:44:00,CORE_EXIT_01,320.6748
2024-01-15T08:44:00,STEAM_PRES_01,64.9918
2024-01-15T08:44:00,STEAM_FEED_01,351.8754
2024-01-15T08:44:00,STEAM_DELTA_01,25.632
2024-01-15T08:44:00,STEAM_TEMP_01,266.4394
2024-01-15T08:45:00,CORE_FLUX_01,1484321726405.3728
2024-01-15T08:45:00,CORE_FUEL_01,772.0141
2024-01-15T08:45:00,CORE_ROD_01,64.0232
2024-01-15T08:45:00,STEAM_PRES_01,65.5109
2024-01-15T08:45:00,STEAM_FEED_01,353.5911
2024-01-15T08:45:00,STEAM_TEMP_01,266.6308
2024-01-15T08:46:00,CORE_FLUX_01,1492121384193.6292
2024-01-15T08:46:00,CORE_FUEL_01,753.7274
2024-01-15T08:46:00,CORE_ROD_01,64.3945
2024-01-15T08:46:00,CORE_EXIT_01,322.4739
2024-01-15T08:46:00,STEAM_PRES_01,65.2363
2024-01-15T08:46:00,STEAM_FEED_01,352.9733
2024-01-15T08:46:00,STEAM_DELTA_01,25.6376
2024-01-15T08:46:00,STEAM_TEMP_01,265.6959
2024-01-15T08:47:00,CORE_FLUX_01,1542497856808.7925
2024-01-15T08:47:00,CORE_FUEL_01,770.4752
2024-01-15T08:47:00,CORE_ROD_01,64.6447
2024-01-15T08:47:00,STEAM_PRES_01,64.9449
2024-01-15T08:47:00,STEAM_FEED_01,348.2409
2024-01-15T08:47:00,STEAM_TEMP_01,266.3038
2024-01-15T08:48:00,CORE_FLUX_01,1458360486192.4236
2024-01-15T08:48:00,CORE_FUEL_01,767.4593
2024-01-15T08:48:00,CORE_ROD_01,65.2667
2024-01-15T08:48:00,CORE_EXIT_01,322.9719
2024-01-15T08:48:00,STEAM_PRES_01,64.7561
2024-01-15T08:48:00,STEAM_FEED_01,348.0177
2024-01-15T08:48:00,STEAM_DELTA_01,25.356
2024-01-15T08:48:00,STEAM_TEMP_01,265.9879
2024-01-15T08:49:00,CORE_FLUX_01,1564370029298.1316
2024-01-15T08:49:00,CORE_FUEL_01,766.2221
2024-01-15T08:49:00,CORE_ROD_01,64.4744
2024-01-15T08:49:00,STEAM_PRES_01,65.3304
2024-01-15T08:49:00,STEAM_FEED_01,354.3455
2024-01-15T08:49:00,STEAM_TEMP_01,266.3413
2024-01-15T08:50:00,CORE_FLUX_01,1521740824256.7544
2024-01-15T08:50:00,CORE_FUEL_01,763.5897
2024-01-15T08:50:00,CORE_ROD_01,63.5611
2024-01-15T08:50:00,CORE_EXIT_01,320.1727
2024-01-15T08:50:00,STEAM_PRES_01,64.713
2024-01-15T08:50:00,STEAM_FEED_01,348.8745
2024-01-15T08:50:00,STEAM_DELTA_01,25.4217
2024-01-15T08:50:00,STEAM_TEMP_01,266.1423
2024-01-15T08:51:00,CORE_FLUX_01,1505501012275.3352
2024-01-15T08:51:00,CORE_FUEL_01,783.0238
2024-01-15T08:51:00,CORE_ROD_01,65.0667
2024-01-15T08:51:00,STEAM_PRES_01,65.2192
2024-01-15T08:51:00,STEAM_FEED_01,351.8826
2024-01-15T08:51:00,STEAM_TEMP_01,266.3895
2024-01-15T08:52:00,CORE_FLUX_01,1514661990812.2837
2024-01-15T08:52:00,CORE_FUEL_01,768.2427
2024-01-15T08:52:00,CORE_ROD_01,66.3557
2024-01-15T08:52:00,CORE_EXIT_01,321.7538
2024-01-15T08:52:00,STEAM_PRES_01,65.4728
2024-01-15T08:52:00,STEAM_FEED_01,354.2166
2024-01-15T08:52:00,STEAM_DELTA_01,25.8083
2024-01-15T08:52:00,STEAM_TEMP_01,268.0178
2024-01-15T08:53:00,CORE_FLUX_01,1501773061284.869
2024-01-15T08:53:00,CORE_FUEL_01,766.5784
2024-01-15T08:53:00,CORE_ROD_01,65.9183
2024-01-15T08:53:00,STEAM_PRES_01,64.9698
2024-01-15T08:53:00,STEAM_FEED_01,349.7289
2024-01-15T08:53:00,STEAM_TEMP_01,266.417
2024-01-15T08:54:00,CORE_FLUX_01,1460796672878.6257
2024-01-15T08:54:00,CORE_FUEL_01,769.5197
2024-01-15T08:54:00,CORE_ROD_01,64.4437
2024-01-15T08:54:00,CORE_EXIT_01,322.1517
2024-01-15T08:54:00,STEAM_PRES_01,65.1309
2024-01-15T08:54:00,STEAM_FEED_01,348.1203
2024-01-15T08:54:00,STEAM_DELTA_01,25.4838
2024-01-15T08:54:00,STEAM_TEMP_01,265.5124
2024-01-15T08:55:00,CORE_FLUX_01,1472730349616.1372
2024-01-15T08:55:00,CORE_FUEL_01,739.1778
2024-01-15T08:55:00,CORE_ROD_01,64.5442
2024-01-15T08:55:00,STEAM_PRES_01,65.144
2024-01-15T08:55:00,STEAM_FEED_01,352.5996
2024-01-15T08:55:00,STEAM_TEMP_01,266.6799
2024-01-15T08:56:00,CORE_FLUX_01,1500816599330.082
2024-01-15T08:56:00,CORE_FUEL_01,765.4712
2024-01-15T08:56:00,CORE_ROD_01,66.0689
2024-01-15T08:56:00,CORE_EXIT_01,321.4481
2024-01-15T08:56:00,STEAM_PRES_01,64.7174
2024-01-15T08:56:00,STEAM_FEED_01,350.7499
2024-01-15T08:56:00,STEAM_DELTA_01,25.3355
2024-01-15T08:56:00,STEAM_TEMP_01,266.0492
2024-01-15T08:57:00,CORE_FLUX_01,1594680499192.1973
2024-01-15T08:57:00,CORE_FUEL_01,775.6052
2024-01-15T08:57:00,CORE_ROD_01,64.8449
2024-01-15T08:57:00,STEAM_PRES_01,64.875
2024-01-15T08:57:00,STEAM_FEED_01,350.1067
2024-01-15T08:57:00,STEAM_TEMP_01,266.0375
2024-01-15T08:58:00,CORE_FLUX_01,1497760878594.8047
2024-01-15T08:58:00,CORE_FUEL_01,755.7425
2024-01-15T08:58:00,CORE_ROD_01,65.8069
2024-01-15T08:58:00,CORE_EXIT_01,322.296
2024-01-15T08:58:00,STEAM_PRES_01,65.0987
2024-01-15T08:58:00,STEAM_FEED_01,349.368
2024-01-15T08:58:00,STEAM_DELTA_01,25.2729
2024-01-15T08:58:00,STEAM_TEMP_01,266.4286
2024-01-15T08:59:00,CORE_FLUX_01,1491580183876.7573
2024-01-15T08:59:00,CORE_FUEL_01,757.6372
2024-01-15T08:59:00,CORE_ROD_01,64.6632
2024-01-15T08:59:00,STEAM_PRES_01,64.9075
2024-01-15T08:59:00,STEAM_FEED_01,350.4666
2024-01-15T08:59:00,STEAM_TEMP_01,265.7154
2024-01-15T09:00:00,CORE_FLUX_01,1484269229435.407
2024-01-15T09:00:00,CORE_FUEL_01,773.0786
2024-01-15T09:00:00,CORE_ROD_01,66.5703
2024-01-15T09:00:00,CORE_EXIT_01,321.7888
2024-01-15T09:00:00,STEAM_PRES_01,64.7961
2024-01-15T09:00:00,STEAM_FEED_01,349.2329
2024-01-15T09:00:00,STEAM_DELTA_01,25.2911
2024-01-15T09:00:00,STEAM_TEMP_01,266.4412
2024-01-15T09:01:00,CORE_FLUX_01,1472434003951.7168
2024-01-15T09:01:00,CORE_FUEL_01,769.4508
2024-01-15T09:01:00,CORE_ROD_01,65.4596
2024-01-15T09:01:00,STEAM_PRES_01,64.9922
2024-01-15T09:01:00,STEAM_FEED_01,351.1679
2024-01-15T09:01:00,STEAM_TEMP_01,265.6079
2024-01-15T09:02:00,CORE_FLUX_01,1551380604407.6787
2024-01-15T09:02:00,CORE_FUEL_01,778.5633
2024-01-15T09:02:00,CORE_ROD_01,65.144
2024-01-15T09:02:00,CORE_EXIT_01,322.0249
2024-01-15T09:02:00,STEAM_PRES_01,65.2242
2024-01-15T09:02:00,STEAM_FEED_01,352.4866
2024-01-15T09:02:00,STEAM_DELTA_01,25.6664
2024-01-15T09:02:00,STEAM_TEMP_01,266.5496
2024-01-15T09:03:00,CORE_FLUX_01,1452069389441.2463
2024-01-15T09:03:00,CORE_FUEL_01,775.5789
2024-01-15T09:03:00,CORE_ROD_01,64.8406
2024-01-15T09:03:00,STEAM_PRES_01,64.3697
2024-01-15T09:03:00,STEAM_FEED_01,348.5515
2024-01-15T09:03:00,STEAM_TEMP_01,265.3467
2024-01-15T09:04:00,CORE_FLUX_01,1547677326686.323
2024-01-15T09:04:00,CORE_FUEL_01,764.1272
2024-01-15T09:04:00,CORE_ROD_01,65.1648
2024-01-15T09:04:00,CORE_EXIT_01,322.4759
2024-01-15T09:04:00,STEAM_PRES_01,64.7776
2024-01-15T09:04:00,STEAM_FEED_01,349.0071
2024-01-15T09:04:00,STEAM_DELTA_01,25.288
2024-01-15T09:04:00,STEAM_TEMP_01,266.1632
2024-01-15T09:05:00,CORE_FLUX_01,1468540113968.174
2024-01-15T09:05:00,CORE_FUEL_01,767.1149
2024-01-15T09:05:00,CORE_ROD_01,65.308
2024-01-15T09:05:00,STEAM_PRES_01,65.2874
2024-01-15T09:05:00,STEAM_FEED_01,353.859
2024-01-15T09:05:00,STEAM_TEMP_01,267.4035
2024-01-15T09:06:00,CORE_FLUX_01,1486362988829.1912
2024-01-15T09:06:00,CORE_FUEL_01,761.0411
2024-01-15T09:06:00,CORE_ROD_01,64.7491
2024-01-15T09:06:00,CORE_EXIT_01,322.6568
2024-01-15T09:06:00,STEAM_PRES_01,64.6607
2024-01-15T09:06:00,STEAM_FEED_01,346.7153
2024-01-15T09:06:00,STEAM_DELTA_01,25.2085
2024-01-15T09:06:00,STEAM_TEMP_01,265.7702
2024-01-15T09:07:00,CORE_FLUX_01,1481985112810.136
2024-01-15T09:07:00,CORE_FUEL_01,757.2755
2024-01-15T09:07:00,CORE_ROD_01,64.5248
2024-01-15T09:07:00,STEAM_PRES_01,65.1382
2024-01-15T09:07:00,STEAM_FEED_01,351.1256
2024-01-15T09:07:00,STEAM_TEMP_01,267.3133
2024-01-15T09:08:00,CORE_FLUX_01,1440757187497.9602
2024-01-15T09:08:00,CORE_FUEL_01,758.3805
2024-01-15T09:08:00,CORE_ROD_01,64.9081
2024-01-15T09:08:00,CORE_EXIT_01,322.7198
2024-01-15T09:08:00,STEAM_PRES_01,64.912
2024-01-15T09:08:00,STEAM_FEED_01,351.8133
2024-01-15T09:08:00,STEAM_DELTA_01,25.3812
2024-01-15T09:08:00,STEAM_TEMP_01,265.9808
2024-01-15T09:09:00,CORE_FLUX_01,1433218448760.0728
2024-01-15T09:09:00,CORE_FUEL_01,760.9037
2024-01-15T09:09:00,CORE_ROD_01,64.6608
2024-01-15T09:09:00,STEAM_PRES_01,65.3242
2024-01-15T09:09:00,STEAM_FEED_01,346.4195
2024-01-15T09:09:00,STEAM_TEMP_01,266.2968
2024-01-15T09:10:00,CORE_FLUX_01,1465180737609.9656
2024-01-15T09:10:00,CORE_FUEL_01,777.2919
2024-01-15T09:10:00,CORE_ROD_01,64.6218
2024-01-15T09:10:00,CORE_EXIT_01,322.0445
2024-01-15T09:10:00,STEAM_PRES_01,65.1547
2024-01-15T09:10:00,STEAM_FEED_01,349.5542
2024-01-15T09:10:00,STEAM_DELTA_01,25.4574
2024-01-15T09:10:00,STEAM_TEMP_01,266.3513
2024-01-15T09:11:00,CORE_FLUX_01,1513198428334.6077
2024-01-15T09:11:00,CORE_FUEL_01,763.8564
2024-01-15T09:11:00,CORE_ROD_01,64.2401
2024-01-15T09:11:00,STEAM_PRES_01,64.8619
2024-01-15T09:11:00,STEAM_FEED_01,349.6268
2024-01-15T09:11:00,STEAM_TEMP_01,265.2964
2024-01-15T09:12:00,CORE_FLUX_01,1488825684805.0662
2024-01-15T09:12:00,CORE_FUEL_01,762.5916
2024-01-15T09:12:00,CORE_ROD_01,65.059
2024-01-15T09:12:00,CORE_EXIT_01,322.7968
2024-01-15T09:12:00,STEAM_PRES_01,64.4977
2024-01-15T09:12:00,STEAM_FEED_01,349.691
2024-01-15T09:12:00,STEAM_DELTA_01,25.4541
2024-01-15T09:12:00,STEAM_TEMP_01,265.5615
2024-01-15T09:13:00,CORE_FLUX_01,1511102420629.4922
2024-01-15T09:13:00,CORE_FUEL_01,755.2582
2024-01-15T09:13:00,CORE_ROD_01,63.6752
2024-01-15T09:13:00,STEAM_PRES_01,64.9989
2024-01-15T09:13:00,STEAM_FEED_01,350.808
2024-01-15T09:13:00,STEAM_TEMP_01,266.2707
2024-01-15T09:14:00,CORE_FLUX_01,1491074074232.3074
2024-01-15T09:14:00,CORE_FUEL_01,765.3066
2024-01-15T09:14:00,CORE_ROD_01,66.5263
2024-01-15T09:14:00,CORE_EXIT_01,322.3305
2024-01-15T09:14:00,STEAM_PRES_01,65.1102
2024-01-15T09:14:00,STEAM_FEED_01,349.6608
2024-01-15T09:14:00,STEAM_DELTA_01,25.3899
2024-01-15T09:14:00,STEAM_TEMP_01,266.0059
2024-01-15T09:15:00,CORE_FLUX_01,1529547770046.1218
2024-01-15T09:15:00,CORE_FUEL_01,763.2053
2024-01-15T09:15:00,CORE_ROD_01,66.8544
2024-01-15T09:15:00,STEAM_PRES_01,65.0065
2024-01-15T09:15:00,STEAM_FEED_01,351.8317
2024-01-15T09:15:00,STEAM_TEMP_01,265.9114
2024-01-15T09:16:00,CORE_FLUX_01,1480128139065.6807
2024-01-15T09:16:00,CORE_FUEL_01,762.857
2024-01-15T09:16:00,CORE_ROD_01,66.574
2024-01-15T09:16:00,CORE_EXIT_01,322.4074
2024-01-15T09:16:00,STEAM_PRES_01,65.0495
2024-01-15T09:16:00,STEAM_FEED_01,348.4893
2024-01-15T09:16:00,STEAM_DELTA_01,25.0966
2024-01-15T09:16:00,STEAM_TEMP_01,267.3366
2024-01-15T09:17:00,CORE_FLUX_01,1479641325442.65
2024-01-15T09:17:00,CORE_FUEL_01,784.8314
2024-01-15T09:17:00,CORE_ROD_01,64.6421
2024-01-15T09:17:00,STEAM_PRES_01,64.5948
2024-01-15T09:17:00,STEAM_FEED_01,348.666
2024-01-15T09:17:00,STEAM_TEMP_01,265.9438
2024-01-15T09:18:00,CORE_FLUX_01,1495272868785.686
2024-01-15T09:18:00,CORE_FUEL_01,766.8471
2024-01-15T09:18:00,CORE_ROD_01,66.2602
2024-01-15T09:18:00,CORE_EXIT_01,320.4562
2024-01-15T09:18:00,STEAM_PRES_01,64.857
2024-01-15T09:18:00,STEAM_FEED_01,351.3005
2024-01-15T09:18:00,STEAM_DELTA_01,25.6678
2024-01-15T09:18:00,STEAM_TEMP_01,266.8896
2024-01-15T09:19:00,CORE_FLUX_01,1511676863368.4082
2024-01-15T09:19:00,CORE_FUEL_01,765.2464
2024-01-15T09:19:00,CORE_ROD_01,64.8082
2024-01-15T09:19:00,STEAM_PRES_01,64.6154
2024-01-15T09:19:00,STEAM_FEED_01,350.7101
2024-01-15T09:19:00,STEAM_TEMP_01,266.2506
2024-01-15T09:20:00,CORE_FLUX_01,1497660412617.091
2024-01-15T09:20:00,CORE_FUEL_01,760.0026
2024-01-15T09:20:00,CORE_ROD_01,62.9658
2024-01-15T09:20:00,CORE_EXIT_01,320.3747
2024-01-15T09:20:00,STEAM_PRES_01,65.1156
2024-01-15T09:20:00,STEAM_FEED_01,349.3193
2024-01-15T09:20:00,STEAM_DELTA_01,25.3855
2024-01-15T09:20:00,STEAM_TEMP_01,266.4819
2024-01-15T09:21:00,CORE_FLUX_01,1480637114105.9817
2024-01-15T09:21:00,CORE_FUEL_01,758.5652
2024-01-15T09:21:00,CORE_ROD_01,65.4287
2024-01-15T09:21:00,STEAM_PRES_01,65.2314
2024-01-15T09:21:00,STEAM_FEED_01,353.3669
2024-01-15T09:21:00,STEAM_TEMP_01,266.0221
2024-01-15T09:22:00,CORE_FLUX_01,1510638388152.9211
2024-01-15T09:22:00,CORE_FUEL_01,767.5932
2024-01-15T09:22:00,CORE_ROD_01,63.9065
2024-01-15T09:22:00,CORE_EXIT_01,321.4143
2024-01-15T09:22:00,STEAM_PRES_01,65.2033
2024-01-15T09:22:00,STEAM_FEED_01,349.8066
2024-01-15T09:22:00,STEAM_DELTA_01,25.5587
2024-01-15T09:22:00,STEAM_TEMP_01,266.6313
2024-01-15T09:23:00,CORE_FLUX_01,1502500290595.3064
2024-01-15T09:23:00,CORE_FUEL_01,762.4363
2024-01-15T09:23:00,CORE_ROD_01,66.2203
2024-01-15T09:23:00,STEAM_PRES_01,64.8059
2024-01-15T09:23:00,STEAM_FEED_01,349.287
2024-01-15T09:23:00,STEAM_TEMP_01,265.6542
2024-01-15T09:24:00,CORE_FLUX_01,1565404134888.2705
2024-01-15T09:24:00,CORE_FUEL_01,778.557
2024-01-15T09:24:00,CORE_ROD_01,64.1046
2024-01-15T09:24:00,CORE_EXIT_01,322.2359
2024-01-15T09:24:00,STEAM_PRES_01,64.696
2024-01-15T09:24:00,STEAM_FEED_01,347.7471
2024-01-15T09:24:00,STEAM_DELTA_01,25.3594
2024-01-15T09:24:00,STEAM_TEMP_01,266.281
2024-01-15T09:25:00,CORE_FLUX_01,1530940535017.877
2024-01-15T09:25:00,CORE_FUEL_01,755.9971
2024-01-15T09:25:00,CORE_ROD_01,66.1475
2024-01-15T09:25:00,STEAM_PRES_01,65.058
2024-01-15T09:25:00,STEAM_FEED_01,346.795
2024-01-15T09:25:00,STEAM_TEMP_01,265.9862
2024-01-15T09:26:00,CORE_FLUX_01,1478025594508.8635
2024-01-15T09:26:00,CORE_FUEL_01,771.2244
2024-01-15T09:26:00,CORE_ROD_01,65.2722
2024-01-15T09:26:00,CORE_EXIT_01,324.4176
2024-01-15T09:26:00,STEAM_PRES_01,64.9239
2024-01-15T09:26:00,STEAM_FEED_01,345.7938
2024-01-15T09:26:00,STEAM_DELTA_01,25.1243
2024-01-15T09:26:00,STEAM_TEMP_01,266.2665
2024-01-15T09:27:00,CORE_FLUX_01,1531276556600.006
2024-01-15T09:27:00,CORE_FUEL_01,782.7303
2024-01-15T09:27:00,CORE_ROD_01,64.5184
2024-01-15T09:27:00,STEAM_PRES_01,65.189
2024-01-15T09:27:00,STEAM_FEED_01,347.8565
2024-01-15T09:27:00,STEAM_TEMP_01,266.4504
2024-01-15T09:28:00,CORE_FLUX_01,1479984791080.7666
2024-01-15T09:28:00,CORE_FUEL_01,767.0906
2024-01-15T09:28:00,CORE_ROD_01,65.436
2024-01-15T09:28:00,CORE_EXIT_01,320.8567
2024-01-15T09:28:00,STEAM_PRES_01,65.2747
2024-01-15T09:28:00,STEAM_FEED_01,350.5058
2024-01-15T09:28:00,STEAM_DELTA_01,25.609
2024-01-15T09:28:00,STEAM_TEMP_01,266.2467
2024-01-15T09:29:00,CORE_FLUX_01,1516578345311.234
2024-01-15T09:29:00,CORE_FUEL_01,769.444
2024-01-15T09:29:00,CORE_ROD_01,64.7641
2024-01-15T09:29:00,STEAM_PRES_01,65.055
2024-01-15T09:29:00,STEAM_FEED_01,350.4059
2024-01-15T09:29:00,STEAM_TEMP_01,267.2143
2024-01-15T09:30:00,CORE_FLUX_01,1554668233167.2544
2024-01-15T09:30:00,CORE_FUEL_01,772.7042
2024-01-15T09:30:00,CORE_ROD_01,63.5472
2024-01-15T09:30:00,CORE_EXIT_01,324.26
2024-01-15T09:30:00,STEAM_PRES_01,64.8005
2024-01-15T09:30:00,STEAM_FEED_01,350.0569
2024-01-15T09:30:00,STEAM_DELTA_01,25.559
2024-01-15T09:30:00,STEAM_TEMP_01,264.9868
2024-01-15T09:31:00,CORE_FLUX_01,1491015451704.2415
2024-01-15T09:31:00,CORE_FUEL_01,761.4848
2024-01-15T09:31:00,CORE_ROD_01,65.2355
2024-01-15T09:31:00,STEAM_PRES_01,64.8971
2024-01-15T09:31:00,STEAM_FEED_01,349.293
2024-01-15T09:31:00,STEAM_TEMP_01,265.5636
2024-01-15T09:32:00,CORE_FLUX_01,1495268531806.8745
2024-01-15T09:32:00,CORE_FUEL_01,762.3069
2024-01-15T09:32:00,CORE_ROD_01,65.1515
2024-01-15T09:32:00,CORE_EXIT_01,320.9793
2024-01-15T09:32:00,STEAM_PRES_01,65.0865
2024-01-15T09:32:00,STEAM_FEED_01,347.4356
2024-01-15T09:32:00,STEAM_DELTA_01,25.8488
2024-01-15T09:32:00,STEAM_TEMP_01,267.0524
2024-01-15T09:33:00,CORE_FLUX_01,1513170879710.4849
2024-01-15T09:33:00,CORE_FUEL_01,762.2564
2024-01-15T09:33:00,CORE_ROD_01,67.3735
2024-01-15T09:33:00,STEAM_PRES_01,65.089
2024-01-15T09:33:00,STEAM_FEED_01,352.259
2024-01-15T09:33:00,STEAM_TEMP_01,266.2179
2024-01-15T09:34:00,CORE_FLUX_01,1447327865099.2407
2024-01-15T09:34:00,CORE_FUEL_01,769.8751
2024-01-15T09:34:00,CORE_ROD_01,64.3536
2024-01-15T09:34:00,CORE_EXIT_01,322.5774
2024-01-15T09:34:00,STEAM_PRES_01,64.8177
2024-01-15T09:34:00,STEAM_FEED_01,348.071
2024-01-15T09:34:00,STEAM_DELTA_01,25.5937
2024-01-15T09:34:00,STEAM_TEMP_01,265.9623
2024-01-15T09:35:00,CORE_FLUX_01,1537843709733.684
2024-01-15T09:35:00,CORE_FUEL_01,778.7693
2024-01-15T09:35:00,CORE_ROD_01,64.7635
2024-01-15T09:35:00,STEAM_PRES_01,64.9003
2024-01-15T09:35:00,STEAM_FEED_01,346.9792
2024-01-15T09:35:00,STEAM_TEMP_01,265.5592
2024-01-15T09:36:00,CORE_FLUX_01,1452523205069.9062
2024-01-15T09:36:00,CORE_FUEL_01,753.0079
2024-01-15T09:36:00,CORE_ROD_01,65.1047
2024-01-15T09:36:00,CORE_EXIT_01,321.6749
2024-01-15T09:36:00,STEAM_PRES_01,65.0182
2024-01-15T09:36:00,STEAM_FEED_01,349.4913
2024-01-15T09:36:00,STEAM_DELTA_01,25.5671
2024-01-15T09:36:00,STEAM_TEMP_01,266.1907
2024-01-15T09:37:00,CORE_FLUX_01,1506201437766.9634
2024-01-15T09:37:00,CORE_FUEL_01,766.5406
2024-01-15T09:37:00,CORE_ROD_01,65.0159
2024-01-15T09:37:00,STEAM_PRES_01,64.6726
2024-01-15T09:37:00,STEAM_FEED_01,346.189
2024-01-15T09:37:00,STEAM_TEMP_01,265.0357
2024-01-15T09:38:00,CORE_FLUX_01,1492161401832.932
2024-01-15T09:38:00,CORE_FUEL_01,765.5951
2024-01-15T09:38:00,CORE_ROD_01,64.3804
2024-01-15T09:38:00,CORE_EXIT_01,322.8159
2024-01-15T09:38:00,STEAM_PRES_01,64.8874
2024-01-15T09:38:00,STEAM_FEED_01,347.4006
2024-01-15T09:38:00,STEAM_DELTA_01,25.1379
2024-01-15T09:38:00,STEAM_TEMP_01,265.2117
2024-01-15T09:39:00,CORE_FLUX_01,1499097642749.9348
2024-01-15T09:39:00,CORE_FUEL_01,764.1478
2024-01-15T09:39:00,CORE_ROD_01,64.6707
2024-01-15T09:39:00,STEAM_PRES_01,64.5208
2024-01-15T09:39:00,STEAM_FEED_01,347.9864
2024-01-15T09:39:00,STEAM_TEMP_01,265.3013
2024-01-15T09:40:00,CORE_FLUX_01,1527505586259.1555
2024-01-15T09:40:00,CORE_FUEL_01,761.0928
2024-01-15T09:40:00,CORE_ROD_01,65.7085
2024-01-15T09:40:00,CORE_EXIT_01,320.8865
2024-01-15T09:40:00,STEAM_PRES_01,64.9436
2024-01-15T09:40:00,STEAM_FEED_01,348.8922
2024-01-15T09:40:00,STEAM_DELTA_01,25.0506
2024-01-15T09:40:00,STEAM_TEMP_01,265.7537
2024-01-15T09:41:00,CORE_FLUX_01,1512801571272.8765
2024-01-15T09:41:00,CORE_FUEL_01,755.1701
2024-01-15T09:41:00,CORE_ROD_01,63.7741
2024-01-15T09:41:00,STEAM_PRES_01,65.1589
2024-01-15T09:41:00,STEAM_FEED_01,351.6993
2024-01-15T09:41:00,STEAM_TEMP_01,266.4026
2024-01-15T09:42:00,CORE_FLUX_01,1448070924925.8865
2024-01-15T09:42:00,CORE_FUEL_01,758.8824
2024-01-15T09:42:00,CORE_ROD_01,64.1276
2024-01-15T09:42:00,CORE_EXIT_01,322.3087
2024-01-15T09:42:00,STEAM_PRES_01,64.9858
2024-01-15T09:42:00,STEAM_FEED_01,348.1923
2024-01-15T09:42:00,STEAM_DELTA_01,25.0773
2024-01-15T09:42:00,STEAM_TEMP_01,265.4443
2024-01-15T09:43:00,CORE_FLUX_01,1502202837081.0012
2024-01-15T09:43:00,CORE_FUEL_01,764.8379
2024-01-15T09:43:00,CORE_ROD_01,64.872
2024-01-15T09:43:00,STEAM_PRES_01,64.927
2024-01-15T09:43:00,STEAM_FEED_01,348.7782
2024-01-15T09:43:00,STEAM_TEMP_01,266.4238
2024-01-15T09:44:00,CORE_FLUX_01,1492525492923.8286
2024-01-15T09:44:00,CORE_FUEL_01,775.3976
2024-01-15T09:44:00,CORE_ROD_01,64.7803
2024-01-15T09:44:00,CORE_EXIT_01,322.9385
2024-01-15T09:44:00,STEAM_PRES_01,64.9369
2024-01-15T09:44:00,STEAM_FEED_01,350.3316
2024-01-15T09:44:00,STEAM_DELTA_01,25.5162
2024-01-15T09:44:00,STEAM_TEMP_01,266.5641
2024-01-15T09:45:00,CORE_FLUX_01,1471988162680.3684
2024-01-15T09:45:00,CORE_FUEL_01,758.6662
2024-01-15T09:45:00,CORE_ROD_01,65.6612
2024-01-15T09:45:00,STEAM_PRES_01,64.7328
2024-01-15T09:45:00,STEAM_FEED_01,347.0163
2024-01-15T09:45:00,STEAM_TEMP_01,265.1215
2024-01-15T09:46:00,CORE_FLUX_01,1529706625037.0142
2024-01-15T09:46:00,CORE_FUEL_01,768.0413
2024-01-15T09:46:00,CORE_ROD_01,64.9376
2024-01-15T09:46:00,CORE_EXIT_01,321.8537
2024-01-15T09:46:00,STEAM_PRES_01,64.9032
2024-01-15T09:46:00,STEAM_FEED_01,346.1345
2024-01-15T09:46:00,STEAM_DELTA_01,25.0808
2024-01-15T09:46:00,STEAM_TEMP_01,266.0824
2024-01-15T09:47:00,CORE_FLUX_01,1467599456894.0522
2024-01-15T09:47:00,CORE_FUEL_01,774.5386
2024-01-15T09:47:00,CORE_ROD_01,65.8369
2024-01-15T09:47:00,STEAM_PRES_01,64.885
2024-01-15T09:47:00,STEAM_FEED_01,349.4225
2024-01-15T09:47:00,STEAM_TEMP_01,266.0617
2024-01-15T09:48:00,CORE_FLUX_01,1518628995997.7322
2024-01-15T09:48:00,CORE_FUEL_01,761.9739
2024-01-15T09:48:00,CORE_ROD_01,64.3229
2024-01-15T09:48:00,CORE_EXIT_01,322.5123
2024-01-15T09:48:00,STEAM_PRES_01,64.8325
2024-01-15T09:48:00,STEAM_FEED_01,349.9709
2024-01-15T09:48:00,STEAM_DELTA_01,25.5287
2024-01-15T09:48:00,STEAM_TEMP_01,265.8793
2024-01-15T09:49:00,CORE_FLUX_01,1540985994822.9297
2024-01-15T09:49:00,CORE_FUEL_01,761.1695
2024-01-15T09:49:00,CORE_ROD_01,64.1462
2024-01-15T09:49:00,STEAM_PRES_01,65.1809
2024-01-15T09:49:00,STEAM_FEED_01,347.9788
2024-01-15T09:49:00,STEAM_TEMP_01,266.3732
2024-01-15T09:50:00,CORE_FLUX_01,1506063070591.4155
2024-01-15T09:50:00,CORE_FUEL_01,766.8202
2024-01-15T09:50:00,CORE_ROD_01,65.5008
2024-01-15T09:50:00,CORE_EXIT_01,322.0708
2024-01-15T09:50:00,STEAM_PRES_01,64.9218
2024-01-15T09:50:00,STEAM_FEED_01,345.8372
2024-01-15T09:50:00,STEAM_DELTA_01,25.2453
2024-01-15T09:50:00,STEAM_TEMP_01,266.0945
2024-01-15T09:51:00,CORE_FLUX_01,1532616660695.876
2024-01-15T09:51:00,CORE_FUEL_01,767.5085
2024-01-15T09:51:00,CORE_ROD_01,65.5703
2024-01-15T09:51:00,STEAM_PRES_01,65.057
2024-01-15T09:51:00,STEAM_FEED_01,349.5273
2024-01-15T09:51:00,STEAM_TEMP_01,266.7636
2024-01-15T09:52:00,CORE_FLUX_01,1513828662665.4653
2024-01-15T09:52:00,CORE_FUEL_01,773.3364
2024-01-15T09:52:00,CORE_ROD_01,65.9911
2024-01-15T09:52:00,CORE_EXIT_01,321.4207
2024-01-15T09:52:00,STEAM_PRES_01,65.0655
2024-01-15T09:52:00,STEAM_FEED_01,348.909
2024-01-15T09:52:00,STEAM_DELTA_01,25.2701
2024-01-15T09:52:00,STEAM_TEMP_01,266.0183
2024-01-15T09:53:00,CORE_FLUX_01,1560355468958.1455
2024-01-15T09:53:00,CORE_FUEL_01,768.4851
2024-01-15T09:53:00,CORE_ROD_01,66.64
2024-01-15T09:53:00,STEAM_PRES_01,65.1492
2024-01-15T09:53:00,STEAM_FEED_01,351.0724
2024-01-15T09:53:00,STEAM_TEMP_01,266.6823
2024-01-15T09:54:00,CORE_FLUX_01,1454088256466.3584
2024-01-15T09:54:00,CORE_FUEL_01,767.2462
2024-01-15T09:54:00,CORE_ROD_01,65.6967
2024-01-15T09:54:00,CORE_EXIT_01,323.3525
2024-01-15T09:54:00,STEAM_PRES_01,65.1949
2024-01-15T09:54:00,STEAM_FEED_01,349.7145
2024-01-15T09:54:00,STEAM_DELTA_01,25.584
2024-01-15T09:54:00,STEAM_TEMP_01,265.8095
2024-01-15T09:55:00,CORE_FLUX_01,1480924968664.2788
2024-01-15T09:55:00,CORE_FUEL_01,776.6758
2024-01-15T09:55:00,CORE_ROD_01,63.5184
2024-01-15T09:55:00,STEAM_PRES_01,65.076
2024-01-15T09:55:00,STEAM_FEED_01,349.6604
2024-01-15T09:55:00,STEAM_TEMP_01,265.6156
2024-01-15T09:56:00,CORE_FLUX_01,1456804023312.8855
2024-01-15T09:56:00,CORE_FUEL_01,759.1423
2024-01-15T09:56:00,CORE_ROD_01,65.4371
2024-01-15T09:56:00,CORE_EXIT_01,321.1615
2024-01-15T09:56:00,STEAM_PRES_01,64.672
2024-01-15T09:56:00,STEAM_FEED_01,346.9562
2024-01-15T09:56:00,STEAM_DELTA_01,25.2305
2024-01-15T09:56:00,STEAM_TEMP_01,266.5201
2024-01-15T09:57:00,CORE_FLUX_01,1501396132505.009
2024-01-15T09:57:00,CORE_FUEL_01,783.488
2024-01-15T09:57:00,CORE_ROD_01,65.7365
2024-01-15T09:57:00,STEAM_PRES_01,65.1553
2024-01-15T09:57:00,STEAM_FEED_01,347.4638
2024-01-15T09:57:00,STEAM_TEMP_01,266.1267
2024-01-15T09:58:00,CORE_FLUX_01,1471693663013.4126
2024-01-15T09:58:00,CORE_FUEL_01,773.3747
2024-01-15T09:58:00,CORE_ROD_01,64.0179
2024-01-15T09:58:00,CORE_EXIT_01,322.0033
2024-01-15T09:58:00,STEAM_PRES_01,64.9162
2024-01-15T09:58:00,STEAM_FEED_01,349.0631
2024-01-15T09:58:00,STEAM_DELTA_01,25.4865
2024-01-15T09:58:00,STEAM_TEMP_01,266.1989
2024-01-15T09:59:00,CORE_FLUX_01,1508223676011.3442
2024-01-15T09:59:00,CORE_FUEL_01,758.041
2024-01-15T09:59:00,CORE_ROD_01,65.0309
2024-01-15T09:59:00,STEAM_PRES_01,65.1175
2024-01-15T09:59:00,STEAM_FEED_01,348.5904
2024-01-15T09:59:00,STEAM_TEMP_01,266.6776
2024-01-15T10:00:00,CORE_FLUX_01,1501911806539.8635
2024-01-15T10:00:00,CORE_FUEL_01,763.4563
2024-01-15T10:00:00,CORE_ROD_01,63.8647
2024-01-15T10:00:00,CORE_EXIT_01,320.3212
2024-01-15T10:00:00,STEAM_PRES_01,64.9545
2024-01-15T10:00:00,STEAM_FEED_01,350.5966
2024-01-15T10:00:00,STEAM_DELTA_01,25.3967
2024-01-15T10:00:00,STEAM_TEMP_01,266.5327
2024-01-15T10:01:00,CORE_FLUX_01,1542998952243.2764
2024-01-15T10:01:00,CORE_FUEL_01,758.9402
2024-01-15T10:01:00,CORE_ROD_01,64.5519
2024-01-15T10:01:00,STEAM_PRES_01,65.1211
2024-01-15T10:01:00,STEAM_FEED_01,351.0522
2024-01-15T10:01:00,STEAM_TEMP_01,267.0926
2024-01-15T10:02:00,CORE_FLUX_01,1466747160170.63
2024-01-15T10:02:00,CORE_FUEL_01,757.9442
2024-01-15T10:02:00,CORE_ROD_01,63.0162
2024-01-15T10:02:00,CORE_EXIT_01,320.5045
2024-01-15T10:02:00,STEAM_PRES_01,64.8987
2024-01-15T10:02:00,STEAM_FEED_01,351.0357
2024-01-15T10:02:00,STEAM_DELTA_01,25.5722
2024-01-15T10:02:00,STEAM_TEMP_01,265.808
2024-01-15T10:03:00,CORE_FLUX_01,1518977030299.603
2024-01-15T10:03:00,CORE_FUEL_01,759.9162
2024-01-15T10:03:00,CORE_ROD_01,65.8939
2024-01-15T10:03:00,STEAM_PRES_01,64.6071
2024-01-15T10:03:00,STEAM_FEED_01,348.7437
2024-01-15T10:03:00,STEAM_TEMP_01,265.3049
2024-01-15T10:04:00,CORE_FLUX_01,1453100958771.4087
2024-01-15T10:04:00,CORE_FUEL_01,758.6682
2024-01-15T10:04:00,CORE_ROD_01,63.4808
2024-01-15T10:04:00,CORE_EXIT_01,323.0445
2024-01-15T10:04:00,STEAM_PRES_01,65.2164
2024-01-15T10:04:00,STEAM_FEED_01,350.5749
2024-01-15T10:04:00,STEAM_DELTA_01,25.6094
2024-01-15T10:04:00,STEAM_TEMP_01,266.2646
2024-01-15T10:05:00,CORE_FLUX_01,1505193620594.8953
2024-01-15T10:05:00,CORE_FUEL_01,758.2845
2024-01-15T10:05:00,CORE_ROD_01,66.6557
2024-01-15T10:05:00,STEAM_PRES_01,64.8562
2024-01-15T10:05:00,STEAM_FEED_01,346.8882
2024-01-15T10:05:00,STEAM_TEMP_01,266.7388
2024-01-15T10:06:00,CORE_FLUX_01,1538080433759.7654
2024-01-15T10:06:00,CORE_FUEL_01,778.4947
2024-01-15T10:06:00,CORE_ROD_01,64.3358
2024-01-15T10:06:00,CORE_EXIT_01,324.5947
2024-01-15T10:06:00,STEAM_PRES_01,65.3158
2024-01-15T10:06:00,STEAM_FEED_01,350.8529
2024-01-15T10:06:00,STEAM_DELTA_01,25.9013
2024-01-15T10:06:00,STEAM_TEMP_01,266.2699
2024-01-15T10:07:00,CORE_FLUX_01,1500429541665.0374
2024-01-15T10:07:00,CORE_FUEL_01,774.3817
2024-01-15T10:07:00,CORE_ROD_01,65.2269
2024-01-15T10:07:00,STEAM_PRES_01,64.9029
2024-01-15T10:07:00,STEAM_FEED_01,348.6079
2024-01-15T10:07:00,STEAM_TEMP_01,265.4957
2024-01-15T10:08:00,CORE_FLUX_01,1505625236105.9998
2024-01-15T10:08:00,CORE_FUEL_01,759.048
2024-01-15T10:08:00,CORE_ROD_01,63.8783
2024-01-15T10:08:00,CORE_EXIT_01,323.0369
2024-01-15T10:08:00,STEAM_PRES_01,65.0713
2024-01-15T10:08:00,STEAM_FEED_01,351.638
2024-01-15T10:08:00,STEAM_DELTA_01,25.5281
2024-01-15T10:08:00,STEAM_TEMP_01,266.1912
2024-01-15T10:09:00,CORE_FLUX_01,1433653005019.91
2024-01-15T10:09:00,CORE_FUEL_01,768.4763
2024-01-15T10:09:00,CORE_ROD_01,63.9386
2024-01-15T10:09:00,STEAM_PRES_01,65.1089
2024-01-15T10:09:00,STEAM_FEED_01,350.2333
2024-01-15T10:09:00,STEAM_TEMP_01,265.837
2024-01-15T10:10:00,CORE_FLUX_01,1496047343410.0525
2024-01-15T10:10:00,CORE_FUEL_01,774.7558
2024-01-15T10:10:00,CORE_ROD_01,65.6498
2024-01-15T10:10:00,CORE_EXIT_01,320.8429
2024-01-15T10:10:00,STEAM_PRES_01,65.1423
2024-01-15T10:10:00,STEAM_FEED_01,347.2038
2024-01-15T10:10:00,STEAM_DELTA_01,25.4352
2024-01-15T10:10:00,STEAM_TEMP_01,266.1772
2024-01-15T10:11:00,CORE_FLUX_01,1524813399937.1992
2024-01-15T10:11:00,CORE_FUEL_01,765.2213
2024-01-15T10:11:00,CORE_ROD_01,66.1024
2024-01-15T10:11:00,STEAM_PRES_01,65.0871
2024-01-15T10:11:00,STEAM_FEED_01,351.7116
2024-01-15T10:11:00,STEAM_TEMP_01,266.0236
2024-01-15T10:12:00,CORE_FLUX_01,1517237035594.4038
2024-01-15T10:12:00,CORE_FUEL_01,773.5081
2024-01-15T10:12:00,CORE_ROD_01,65.6046
2024-01-15T10:12:00,CORE_EXIT_01,320.6844
2024-01-15T10:12:00,STEAM_PRES_01,65.0618
2024-01-15T10:12:00,STEAM_FEED_01,351.835
2024-01-15T10:12:00,STEAM_DELTA_01,25.6267
2024-01-15T10:12:00,STEAM_TEMP_01,267.1875
2024-01-15T10:13:00,CORE_FLUX_01,1478554149598.1807
2024-01-15T10:13:00,CORE_FUEL_01,769.9923
2024-01-15T10:13:00,CORE_ROD_01,65.7746
2024-01-15T10:13:00,STEAM_PRES_01,65.0965
2024-01-15T10:13:00,STEAM_FEED_01,352.1032
2024-01-15T10:13:00,STEAM_TEMP_01,266.1804
2024-01-15T10:14:00,CORE_FLUX_01,1529478360952.0032
2024-01-15T10:14:00,CORE_FUEL_01,764.4741
2024-01-15T10:14:00,CORE_ROD_01,65.2599
2024-01-15T10:14:00,CORE_EXIT_01,322.6954
2024-01-15T10:14:00,STEAM_PRES_01,64.8261
2024-01-15T10:14:00,STEAM_FEED_01,345.6277
2024-01-15T10:14:00,STEAM_DELTA_01,25.2178
2024-01-15T10:14:00,STEAM_TEMP_01,265.8889
2024-01-15T10:15:00,CORE_FLUX_01,1475389204426.3262
2024-01-15T10:15:00,CORE_FUEL_01,743.765
2024-01-15T10:15:00,CORE_ROD_01,64.9717
2024-01-15T10:15:00,STEAM_PRES_01,65.0046
2024-01-15T10:15:00,STEAM_FEED_01,348.5413
2024-01-15T10:15:00,STEAM_TEMP_01,265.694
2024-01-15T10:16:00,CORE_FLUX_01,1491496070793.522
2024-01-15T10:16:00,CORE_FUEL_01,758.6695
2024-01-15T10:16:00,CORE_ROD_01,65.7073
2024-01-15T10:16:00,CORE_EXIT_01,320.3663
2024-01-15T10:16:00,STEAM_PRES_01,64.7432
2024-01-15T10:16:00,STEAM_FEED_01,348.408
2024-01-15T10:16:00,STEAM_DELTA_01,25.3999
2024-01-15T10:16:00,STEAM_TEMP_01,264.8524
2024-01-15T10:17:00,CORE_FLUX_01,1499806136694.0112
2024-01-15T10:17:00,CORE_FUEL_01,768.6926
2024-01-15T10:17:00,CORE_ROD_01,65.8921
2024-01-15T10:17:00,STEAM_PRES_01,65.2348
2024-01-15T10:17:00,STEAM_FEED_01,353.2615
2024-01-15T10:17:00,STEAM_TEMP_01,266.8979
2024-01-15T10:18:00,CORE_FLUX_01,1471789892047.0732
2024-01-15T10:18:00,CORE_FUEL_01,767.8964
2024-01-15T10:18:00,CORE_ROD_01,66.51
2024-01-15T10:18:00,CORE_EXIT_01,322.8649
2024-01-15T10:18:00,STEAM_PRES_01,64.8811
2024-01-15T10:18:00,STEAM_FEED_01,351.6218
2024-01-15T10:18:00,STEAM_DELTA_01,25.4078
2024-01-15T10:18:00,STEAM_TEMP_01,266.6707
2024-01-15T10:19:00,CORE_FLUX_01,1510898833554.7036
2024-01-15T10:19:00,CORE_FUEL_01,768.5035
2024-01-15T10:19:00,CORE_ROD_01,65.1118
2024-01-15T10:19:00,STEAM_PRES_01,64.5652
2024-01-15T10:19:00,STEAM_FEED_01,345.4274
2024-01-15T10:19:00,STEAM_TEMP_01,264.9014
2024-01-15T10:20:00,CORE_FLUX_01,1512647081485.8403
2024-01-15T10:20:00,CORE_FUEL_01,760.5148
2024-01-15T10:20:00,CORE_ROD_01,63.9202
2024-01-15T10:20:00,CORE_EXIT_01,321.0338
2024-01-15T10:20:00,STEAM_PRES_01,65.0509
2024-01-15T10:20:00,STEAM_FEED_01,346.8571
2024-01-15T10:20:00,STEAM_DELTA_01,25.1368
2024-01-15T10:20:00,STEAM_TEMP_01,265.8668
2024-01-15T10:21:00,CORE_FLUX_01,1501344615828.8113
2024-01-15T10:21:00,CORE_FUEL_01,774.9882
2024-01-15T10:21:00,CORE_ROD_01,65.0432
2024-01-15T10:21:00,STEAM_PRES_01,65.3316
2024-01-15T10:21:00,STEAM_FEED_01,351.9084
2024-01-15T10:21:00,STEAM_TEMP_01,266.8507
2024-01-15T10:22:00,CORE_FLUX_01,1538520404106.196
2024-01-15T10:22:00,CORE_FUEL_01,769.2618
2024-01-15T10:22:00,CORE_ROD_01,66.0619
2024-01-15T10:22:00,CORE_EXIT_01,321.8741
2024-01-15T10:22:00,STEAM_PRES_01,64.6582
2024-01-15T10:22:00,STEAM_FEED_01,348.9361
2024-01-15T10:22:00,STEAM_DELTA_01,25.0742
2024-01-15T10:22:00,STEAM_TEMP_01,265.7655
2024-01-15T10:23:00,CORE_FLUX_01,1471697081306.4138
2024-01-15T10:23:00,CORE_FUEL_01,765.8135
2024-01-15T10:23:00,CORE_ROD_01,65.6129
2024-01-15T10:23:00,STEAM_PRES_01,65.4703
2024-01-15T10:23:00,STEAM_FEED_01,350.2824
2024-01-15T10:23:00,STEAM_TEMP_01,266.4545
2024-01-15T10:24:00,CORE_FLUX_01,1525469413750.1567
2024-01-15T10:24:00,CORE_FUEL_01,748.0672
2024-01-15T10:24:00,CORE_ROD_01,65.6042
2024-01-15T10:24:00,CORE_EXIT_01,321.2538
2024-01-15T10:24:00,STEAM_PRES_01,64.9709
2024-01-15T10:24:00,STEAM_FEED_01,349.7179
2024-01-15T10:24:00,STEAM_DELTA_01,25.3836
2024-01-15T10:24:00,STEAM_TEMP_01,266.1618
2024-01-15T10:25:00,CORE_FLUX_01,1460606814540.817
2024-01-15T10:25:00,CORE_FUEL_01,767.517
2024-01-15T10:25:00,CORE_ROD_01,65.3643
2024-01-15T10:25:00,STEAM_PRES_01,65.1266
2024-01-15T10:25:00,STEAM_FEED_01,348.6908
2024-01-15T10:25:00,STEAM_TEMP_01,266.0903
2024-01-15T10:26:00,CORE_FLUX_01,1509737874127.1694
2024-01-15T10:26:00,CORE_FUEL_01,769.459
2024-01-15T10:26:00,CORE_ROD_01,64.8638
2024-01-15T10:26:00,CORE_EXIT_01,322.2133
2024-01-15T10:26:00,STEAM_PRES_01,64.7914
2024-01-15T10:26:00,STEAM_FEED_01,347.824
2024-01-15T10:26:00,STEAM_DELTA_01,25.2397
2024-01-15T10:26:00,STEAM_TEMP_01,265.646
2024-01-15T10:27:00,CORE_FLUX_01,1507080430257.9878
2024-01-15T10:27:00,CORE_FUEL_01,765.519
2024-01-15T10:27:00,CORE_ROD_01,65.3335
2024-01-15T10:27:00,STEAM_PRES_01,65.1754
2024-01-15T10:27:00,STEAM_FEED_01,353.0776
2024-01-15T10:27:00,STEAM_TEMP_01,266.5364
2024-01-15T10:28:00,CORE_FLUX_01,1510480146694.4402
2024-01-15T10:28:00,CORE_FUEL_01,756.2795
2024-01-15T10:28:00,CORE_ROD_01,64.0265
2024-01-15T10:28:00,CORE_EXIT_01,321.1519
2024-01-15T10:28:00,STEAM_PRES_01,65.0075
2024-01-15T10:28:00,STEAM_FEED_01,349.5145
2024-01-15T10:28:00,STEAM_DELTA_01,25.4484
2024-01-15T10:28:00,STEAM_TEMP_01,265.271
2024-01-15T10:29:00,CORE_FLUX_01,1475533443340.0002
2024-01-15T10:29:00,CORE_FUEL_01,766.5011
2024-01-15T10:29:00,CORE_ROD_01,64.7174
2024-01-15T10:29:00,STEAM_PRES_01,64.9698
2024-01-15T10:29:00,STEAM_FEED_01,348.7435
2024-01-15T10:29:00,STEAM_TEMP_01,265.9313
2024-01-15T10:30:00,CORE_FLUX_01,1539239476728.8418
2024-01-15T10:30:00,CORE_FUEL_01,775.4704
2024-01-15T10:30:00,CORE_ROD_01,65.5099
2024-01-15T10:30:00,CORE_EXIT_01,320.1735
2024-01-15T10:30:00,STEAM_PRES_01,64.5783
2024-01-15T10:30:00,STEAM_FEED_01,349.3099
2024-01-15T10:30:00,STEAM_DELTA_01,24.7995
2024-01-15T10:30:00,STEAM_TEMP_01,266.04
2024-01-15T10:31:00,CORE_FLUX_01,1490230534091.8828
2024-01-15T10:31:00,CORE_FUEL_01,768.1855
2024-01-15T10:31:00,CORE_ROD_01,65.6972
2024-01-15T10:31:00,STEAM_PRES_01,64.7089
2024-01-15T10:31:00,STEAM_FEED_01,351.8978
2024-01-15T10:31:00,STEAM_TEMP_01,265.3858
2024-01-15T10:32:00,CORE_FLUX_01,1504733144832.2751
2024-01-15T10:32:00,CORE_FUEL_01,755.4758
2024-01-15T10:32:00,CORE_ROD_01,64.534
2024-01-15T10:32:00,CORE_EXIT_01,322.1794
2024-01-15T10:32:00,STEAM_PRES_01,64.7984
2024-01-15T10:32:00,STEAM_FEED_01,350.0651
2024-01-15T10:32:00,STEAM_DELTA_01,25.1974
2024-01-15T10:32:00,STEAM_TEMP_01,265.0739
2024-01-15T10:33:00,CORE_FLUX_01,1508754841936.4329
2024-01-15T10:33:00,CORE_FUEL_01,766.348
2024-01-15T10:33:00,CORE_ROD_01,65.616
2024-01-15T10:33:00,STEAM_PRES_01,65.0964
2024-01-15T10:33:00,STEAM_FEED_01,353.0171
2024-01-15T10:33:00,STEAM_TEMP_01,267.0233
2024-01-15T10:34:00,CORE_FLUX_01,1531809366282.7354
2024-01-15T10:34:00,CORE_FUEL_01,771.6512
2024-01-15T10:34:00,CORE_ROD_01,64.7478
2024-01-15T10:34:00,CORE_EXIT_01,322.2987
2024-01-15T10:34:00,STEAM_PRES_01,64.7294
2024-01-15T10:34:00,STEAM_FEED_01,346.1557
2024-01-15T10:34:00,STEAM_DELTA_01,25.3291
2024-01-15T10:34:00,STEAM_TEMP_01,265.7011
2024-01-15T10:35:00,CORE_FLUX_01,1462011368473.5957
2024-01-15T10:35:00,CORE_FUEL_01,760.5775
2024-01-15T10:35:00,CORE_ROD_01,65.2816
2024-01-15T10:35:00,STEAM_PRES_01,64.9012
2024-01-15T10:35:00,STEAM_FEED_01,347.0338
2024-01-15T10:35:00,STEAM_TEMP_01,265.3681
2024-01-15T10:36:00,CORE_FLUX_01,1532995907274.6902
2024-01-15T10:36:00,CORE_FUEL_01,775.3139
2024-01-15T10:36:00,CORE_ROD_01,65.0216
2024-01-15T10:36:00,CORE_EXIT_01,322.1248
2024-01-15T10:36:00,STEAM_PRES_01,65.008
2024-01-15T10:36:00,STEAM_FEED_01,349.1018
2024-01-15T10:36:00,STEAM_DELTA_01,25.4294
2024-01-15T10:36:00,STEAM_TEMP_01,266.8333
2024-01-15T10:37:00,CORE_FLUX_01,1520270758945.9814
2024-01-15T10:37:00,CORE_FUEL_01,748.7596
2024-01-15T10:37:00,CORE_ROD_01,66.0008
2024-01-15T10:37:00,STEAM_PRES_01,64.7224
2024-01-15T10:37:00,STEAM_FEED_01,351.2259
2024-01-15T10:37:00,STEAM_TEMP_01,265.4504
2024-01-15T10:38:00,CORE_FLUX_01,1518217456390.605
2024-01-15T10:38:00,CORE_FUEL_01,776.4833
2024-01-15T10:38:00,CORE_ROD_01,66.4037
2024-01-15T10:38:00,CORE_EXIT_01,319.9536
2024-01-15T10:38:00,STEAM_PRES_01,64.5565
2024-01-15T10:38:00,STEAM_FEED_01,348.2966
2024-01-15T10:38:00,STEAM_DELTA_01,25.1869
2024-01-15T10:38:00,STEAM_TEMP_01,265.4246
2024-01-15T10:39:00,CORE_FLUX_01,1474856982178.2795
2024-01-15T10:39:00,CORE_FUEL_01,760.6219
2024-01-15T10:39:00,CORE_ROD_01,65.5706
2024-01-15T10:39:00,STEAM_PRES_01,64.8241
2024-01-15T10:39:00,STEAM_FEED_01,347.4245
2024-01-15T10:39:00,STEAM_TEMP_01,265.0056
2024-01-15T10:40:00,CORE_FLUX_01,1533678154274.6553
2024-01-15T10:40:00,CORE_FUEL_01,771.8737
2024-01-15T10:40:00,CORE_ROD_01,64.0938
2024-01-15T10:40:00,CORE_EXIT_01,321.6651
2024-01-15T10:40:00,STEAM_PRES_01,64.9106
2024-01-15T10:40:00,STEAM_FEED_01,349.5678
2024-01-15T10:40:00,STEAM_DELTA_01,25.4696
2024-01-15T10:40:00,STEAM_TEMP_01,266.591
2024-01-15T10:41:00,CORE_FLUX_01,1463388807854.4182
2024-01-15T10:41:00,CORE_FUEL_01,757.1571
2024-01-15T10:41:00,CORE_ROD_01,66.7153
2024-01-15T10:41:00,STEAM_PRES_01,65.1028
2024-01-15T10:41:00,STEAM_FEED_01,351.0642
2024-01-15T10:41:00,STEAM_TEMP_01,267.011
2024-01-15T10:42:00,CORE_FLUX_01,1495594097869.588
2024-01-15T10:42:00,CORE_FUEL_01,747.3628
2024-01-15T10:42:00,CORE_ROD_01,64.9366
2024-01-15T10:42:00,CORE_EXIT_01,321.829
2024-01-15T10:42:00,STEAM_PRES_01,65.3041
2024-01-15T10:42:00,STEAM_FEED_01,350.7992
2024-01-15T10:42:00,STEAM_DELTA_01,25.6826
2024-01-15T10:42:00,STEAM_TEMP_01,268.1507
2024-01-15T10:43:00,CORE_FLUX_01,1507526613814.3982
2024-01-15T10:43:00,CORE_FUEL_01,772.1469
2024-01-15T10:43:00,CORE_ROD_01,64.3695
2024-01-15T10:43:00,STEAM_PRES_01,64.9867
2024-01-15T10:43:00,STEAM_FEED_01,345.6663
2024-01-15T10:43:00,STEAM_TEMP_01,266.2724
2024-01-15T10:44:00,CORE_FLUX_01,1481101359232.7166
2024-01-15T10:44:00,CORE_FUEL_01,765.0707
2024-01-15T10:44:00,CORE_ROD_01,64.9997
2024-01-15T10:44:00,CORE_EXIT_01,322.3021
2024-01-15T10:44:00,STEAM_PRES_01,65.2132
2024-01-15T10:44:00,STEAM_FEED_01,354.1667
2024-01-15T10:44:00,STEAM_DELTA_01,25.6036
2024-01-15T10:44:00,STEAM_TEMP_01,266.3918
2024-01-15T10:45:00,CORE_FLUX_01,1490564958929.0889
2024-01-15T10:45:00,CORE_FUEL_01,770.7997
2024-01-15T10:45:00,CORE_ROD_01,65.6602
2024-01-15T10:45:00,STEAM_PRES_01,64.8955
2024-01-15T10:45:00,STEAM_FEED_01,349.5047
2024-01-15T10:45:00,STEAM_TEMP_01,265.7165
2024-01-15T10:46:00,CORE_FLUX_01,1457492111989.7942
2024-01-15T10:46:00,CORE_FUEL_01,741.2241
2024-01-15T10:46:00,CORE_ROD_01,64.4367
2024-01-15T10:46:00,CORE_EXIT_01,321.0768
2024-01-15T10:46:00,STEAM_PRES_01,65.1549
2024-01-15T10:46:00,STEAM_FEED_01,351.1521
2024-01-15T10:46:00,STEAM_DELTA_01,25.6399
2024-01-15T10:46:00,STEAM_TEMP_01,267.2598
2024-01-15T10:47:00,CORE_FLUX_01,1527591232125.1868
2024-01-15T10:47:00,CORE_FUEL_01,758.7451
2024-01-15T10:47:00,CORE_ROD_01,65.8773
2024-01-15T10:47:00,STEAM_PRES_01,64.9309
2024-01-15T10:47:00,STEAM_FEED_01,350.0943
2024-01-15T10:47:00,STEAM_TEMP_01,265.9597
2024-01-15T10:48:00,CORE_FLUX_01,1461622028455.006
2024-01-15T10:48:00,CORE_FUEL_01,754.1753
2024-01-15T10:48:00,CORE_ROD_01,64.3489
2024-01-15T10:48:00,CORE_EXIT_01,321.6339
2024-01-15T10:48:00,STEAM_PRES_01,64.7201
2024-01-15T10:48:00,STEAM_FEED_01,346.6144
2024-01-15T10:48:00,STEAM_DELTA_01,25.0326
2024-01-15T10:48:00,STEAM_TEMP_01,265.7502
2024-01-15T10:49:00,CORE_FLUX_01,1486305398627.5525
2024-01-15T10:49:00,CORE_FUEL_01,770.6734
2024-01-15T10:49:00,CORE_ROD_01,65.9811
2024-01-15T10:49:00,STEAM_PRES_01,65.3433
2024-01-15T10:49:00,STEAM_FEED_01,354.2992
2024-01-15T10:49:00,STEAM_TEMP_01,266.6235
2024-01-15T10:50:00,CORE_FLUX_01,1510037899722.1335
2024-01-15T10:50:00,CORE_FUEL_01,754.2516
2024-01-15T10:50:00,CORE_ROD_01,64.0537
2024-01-15T10:50:00,CORE_EXIT_01,322.8706
2024-01-15T10:50:00,STEAM_PRES_01,64.5533
2024-01-15T10:50:00,STEAM_FEED_01,347.451
2024-01-15T10:50:00,STEAM_DELTA_01,25.2785
2024-01-15T10:50:00,STEAM_TEMP_01,266.183
2024-01-15T10:51:00,CORE_FLUX_01,1528480588823.8118
2024-01-15T10:51:00,CORE_FUEL_01,760.2658
2024-01-15T10:51:00,CORE_ROD_01,65.4123
2024-01-15T10:51:00,STEAM_PRES_01,65.0175
2024-01-15T10:51:00,STEAM_FEED_01,351.4246
2024-01-15T10:51:00,STEAM_TEMP_01,265.7532
2024-01-15T10:52:00,CORE_FLUX_01,1475444185669.8928
2024-01-15T10:52:00,CORE_FUEL_01,763.7633
2024-01-15T10:52:00,CORE_ROD_01,63.8655
2024-01-15T10:52:00,CORE_EXIT_01,320.8752
2024-01-15T10:52:00,STEAM_PRES_01,65.0071
2024-01-15T10:52:00,STEAM_FEED_01,352.021
2024-01-15T10:52:00,STEAM_DELTA_01,25.4201
2024-01-15T10:52:00,STEAM_TEMP_01,266.4797
2024-01-15T10:53:00,CORE_FLUX_01,1500449066430.1528
2024-01-15T10:53:00,CORE_FUEL_01,751.1366
2024-01-15T10:53:00,CORE_ROD_01,64.4708
2024-01-15T10:53:00,STEAM_PRES_01,64.79
2024-01-15T10:53:00,STEAM_FEED_01,349.1617
2024-01-15T10:53:00,STEAM_TEMP_01,265.976
2024-01-15T10:54:00,CORE_FLUX_01,1556261331424.5278
2024-01-15T10:54:00,CORE_FUEL_01,744.823
2024-01-15T10:54:00,CORE_ROD_01,65.5079
2024-01-15T10:54:00,CORE_EXIT_01,320.493
2024-01-15T10:54:00,STEAM_PRES_01,64.9634
2024-01-15T10:54:00,STEAM_FEED_01,349.8441
2024-01-15T10:54:00,STEAM_DELTA_01,25.399
2024-01-15T10:54:00,STEAM_TEMP_01,265.1694
2024-01-15T10:55:00,CORE_FLUX_01,1561464719380.1084
2024-01-15T10:55:00,CORE_FUEL_01,771.0624
2024-01-15T10:55:00,CORE_ROD_01,64.1608
2024-01-15T10:55:00,STEAM_PRES_01,65.2071
2024-01-15T10:55:00,STEAM_FEED_01,349.068
2024-01-15T10:55:00,STEAM_TEMP_01,266.4133
2024-01-15T10:56:00,CORE_FLUX_01,1468629608108.308
2024-01-15T10:56:00,CORE_FUEL_01,761.5055
2024-01-15T10:56:00,CORE_ROD_01,63.6507
2024-01-15T10:56:00,CORE_EXIT_01,322.1884
2024-01-15T10:56:00,STEAM_PRES_01,64.7181
2024-01-15T10:56:00,STEAM_FEED_01,348.6854
2024-01-15T10:56:00,STEAM_DELTA_01,25.115
2024-01-15T10:56:00,STEAM_TEMP_01,264.9332
2024-01-15T10:57:00,CORE_FLUX_01,1528215807701.3816
2024-01-15T10:57:00,CORE_FUEL_01,762.0658
2024-01-15T10:57:00,CORE_ROD_01,63.6376
2024-01-15T10:57:00,STEAM_PRES_01,64.6706
2024-01-15T10:57:00,STEAM_FEED_01,347.4003
2024-01-15T10:57:00,STEAM_TEMP_01,265.6713
2024-01-15T10:58:00,CORE_FLUX_01,1510207857399.8025
2024-01-15T10:58:00,CORE_FUEL_01,744.073
2024-01-15T10:58:00,CORE_ROD_01,63.1884
2024-01-15T10:58:00,CORE_EXIT_01,322.8665
2024-01-15T10:58:00,STEAM_PRES_01,65.2417
2024-01-15T10:58:00,STEAM_FEED_01,352.3709
2024-01-15T10:58:00,STEAM_DELTA_01,25.3027
2024-01-15T10:58:00,STEAM_TEMP_01,266.4816
2024-01-15T10:59:00,CORE_FLUX_01,1541468635959.6052
2024-01-15T10:59:00,CORE_FUEL_01,743.4299
2024-01-15T10:59:00,CORE_ROD_01,64.3404
2024-01-15T10:59:00,STEAM_PRES_01,65.0797
2024-01-15T10:59:00,STEAM_FEED_01,350.0526
2024-01-15T10:59:00,STEAM_TEMP_01,265.6887
2024-01-15T11:00:00,CORE_FLUX_01,1489748769968.0383
2024-01-15T11:00:00,CORE_FUEL_01,754.8885
2024-01-15T11:00:00,CORE_ROD_01,65.5706
2024-01-15T11:00:00,CORE_EXIT_01,322.363
2024-01-15T11:00:00,STEAM_PRES_01,64.8684
2024-01-15T11:00:00,STEAM_FEED_01,350.8894
2024-01-15T11:00:00,STEAM_DELTA_01,25.5348
2024-01-15T11:00:00,STEAM_TEMP_01,266.3549
2024-01-15T11:01:00,CORE_FLUX_01,1518696834263.716
2024-01-15T11:01:00,CORE_FUEL_01,777.8519
2024-01-15T11:01:00,CORE_ROD_01,64.9941
2024-01-15T11:01:00,STEAM_PRES_01,64.962
2024-01-15T11:01:00,STEAM_FEED_01,349.3718
2024-01-15T11:01:00,STEAM_TEMP_01,266.7768
2024-01-15T11:02:00,CORE_FLUX_01,1479209925063.2144
2024-01-15T11:02:00,CORE_FUEL_01,755.5498
2024-01-15T11:02:00,CORE_ROD_01,65.0977
2024-01-15T11:02:00,CORE_EXIT_01,322.1325
2024-01-15T11:02:00,STEAM_PRES_01,65.222
2024-01-15T11:02:00,STEAM_FEED_01,351.3116
2024-01-15T11:02:00,STEAM_DELTA_01,25.2203
2024-01-15T11:02:00,STEAM_TEMP_01,266.9265
2024-01-15T11:03:00,CORE_FLUX_01,1493331701752.5605
2024-01-15T11:03:00,CORE_FUEL_01,761.8113
2024-01-15T11:03:00,CORE_ROD_01,65.2145
2024-01-15T11:03:00,STEAM_PRES_01,64.7731
2024-01-15T11:03:00,STEAM_FEED_01,347.4611
2024-01-15T11:03:00,STEAM_TEMP_01,265.1723
2024-01-15T11:04:00,CORE_FLUX_01,1463546901615.0767
2024-01-15T11:04:00,CORE_FUEL_01,765.7222
2024-01-15T11:04:00,CORE_ROD_01,64.9173
2024-01-15T11:04:00,CORE_EXIT_01,319.8886
2024-01-15T11:04:00,STEAM_PRES_01,65.1107
2024-01-15T11:04:00,STEAM_FEED_01,351.4299
2024-01-15T11:04:00,STEAM_DELTA_01,25.401
2024-01-15T11:04:00,STEAM_TEMP_01,266.8645
2024-01-15T11:05:00,CORE_FLUX_01,1540206361824.582
2024-01-15T11:05:00,CORE_FUEL_01,755.2746
2024-01-15T11:05:00,CORE_ROD_01,64.0708
2024-01-15T11:05:00,STEAM_PRES_01,65.0344
2024-01-15T11:05:00,STEAM_FEED_01,352.4627
2024-01-15T11:05:00,STEAM_TEMP_01,267.0712
2024-01-15T11:06:00,CORE_FLUX_01,1517243071238.2117
2024-01-15T11:06:00,CORE_FUEL_01,772.1165
2024-01-15T11:06:00,CORE_ROD_01,64.4693
2024-01-15T11:06:00,CORE_EXIT_01,322.2407
2024-01-15T11:06:00,STEAM_PRES_01,64.718
2024-01-15T11:06:00,STEAM_FEED_01,348.8496
2024-01-15T11:06:00,STEAM_DELTA_01,24.8007
2024-01-15T11:06:00,STEAM_TEMP_01,265.2006
2024-01-15T11:07:00,CORE_FLUX_01,1484761529719.72
2024-01-15T11:07:00,CORE_FUEL_01,764.2049
2024-01-15T11:07:00,CORE_ROD_01,66.0673
2024-01-15T11:07:00,STEAM_PRES_01,65.1737
2024-01-15T11:07:00,STEAM_FEED_01,352.2964
2024-01-15T11:07:00,STEAM_TEMP_01,266.1323
2024-01-15T11:08:00,CORE_FLUX_01,1511549903939.4739
2024-01-15T11:08:00,CORE_FUEL_01,750.4841
2024-01-15T11:08:00,CORE_ROD_01,64.6896
2024-01-15T11:08:00,CORE_EXIT_01,320.8016
2024-01-15T11:08:00,STEAM_PRES_01,64.7569
2024-01-15T11:08:00,STEAM_FEED_01,348.9055
2024-01-15T11:08:00,STEAM_DELTA_01,25.3144
2024-01-15T11:08:00,STEAM_TEMP_01,265.5698
2024-01-15T11:09:00,CORE_FLUX_01,1473127754408.8167
2024-01-15T11:09:00,CORE_FUEL_01,747.4464
2024-01-15T11:09:00,CORE_ROD_01,65.4926
2024-01-15T11:09:00,STEAM_PRES_01,64.9138
2024-01-15T11:09:00,STEAM_FEED_01,349.2768
2024-01-15T11:09:00,STEAM_TEMP_01,265.2809
2024-01-15T11:10:00,CORE_FLUX_01,1521882691028.825
2024-01-15T11:10:00,CORE_FUEL_01,758.5076
2024-01-15T11:10:00,CORE_ROD_01,64.2542
2024-01-15T11:10:00,CORE_EXIT_01,320.604
2024-01-15T11:10:00,STEAM_PRES_01,65.3607
2024-01-15T11:10:00,STEAM_FEED_01,350.2215
2024-01-15T11:10:00,STEAM_DELTA_01,25.4834
2024-01-15T11:10:00,STEAM_TEMP_01,265.3277
2024-01-15T11:11:00,CORE_FLUX_01,1505500541686.7295
2024-01-15T11:11:00,CORE_FUEL_01,747.0266
2024-01-15T11:11:00,CORE_ROD_01,63.9487
2024-01-15T11:11:00,STEAM_PRES_01,64.8919
2024-01-15T11:11:00,STEAM_FEED_01,347.9045
2024-01-15T11:11:00,STEAM_TEMP_01,266.1375
2024-01-15T11:12:00,CORE_FLUX_01,1478358988205.4194
2024-01-15T11:12:00,CORE_FUEL_01,763.789
2024-01-15T11:12:00,CORE_ROD_01,64.7111
2024-01-15T11:12:00,CORE_EXIT_01,320.1657
2024-01-15T11:12:00,STEAM_PRES_01,65.0872
2024-01-15T11:12:00,STEAM_FEED_01,350.0846
2024-01-15T11:12:00,STEAM_DELTA_01,25.3299
2024-01-15T11:12:00,STEAM_TEMP_01,265.5188
2024-01-15T11:13:00,CORE_FLUX_01,1474139712460.6284
2024-01-15T11:13:00,CORE_FUEL_01,756.0259
2024-01-15T11:13:00,CORE_ROD_01,64.4378
2024-01-15T11:13:00,STEAM_PRES_01,65.4708
2024-01-15T11:13:00,STEAM_FEED_01,352.8646
2024-01-15T11:13:00,STEAM_TEMP_01,266.5071
2024-01-15T11:14:00,CORE_FLUX_01,1464056008543.0
2024-01-15T11:14:00,CORE_FUEL_01,751.1751
2024-01-15T11:14:00,CORE_ROD_01,65.2771
2024-01-15T11:14:00,CORE_EXIT_01,320.9675
2024-01-15T11:14:00,STEAM_PRES_01,65.3335
2024-01-15T11:14:00,STEAM_FEED_01,350.8362
2024-01-15T11:14:00,STEAM_DELTA_01,25.6385
2024-01-15T11:14:00,STEAM_TEMP_01,266.3882
2024-01-15T11:15:00,CORE_FLUX_01,1551945449261.5461
2024-01-15T11:15:00,CORE_FUEL_01,760.5512
2024-01-15T11:15:00,CORE_ROD_01,64.8294
2024-01-15T11:15:00,STEAM_PRES_01,65.0095
2024-01-15T11:15:00,STEAM_FEED_01,347.6264
2024-01-15T11:15:00,STEAM_TEMP_01,265.3058
2024-01-15T11:16:00,CORE_FLUX_01,1466816332960.873
2024-01-15T11:16:00,CORE_FUEL_01,757.5356
2024-01-15T11:16:00,CORE_ROD_01,64.5386
2024-01-15T11:16:00,CORE_EXIT_01,320.9748
2024-01-15T11:16:00,STEAM_PRES_01,64.9632
2024-01-15T11:16:00,STEAM_FEED_01,349.0582
2024-01-15T11:16:00,STEAM_DELTA_01,25.3339
2024-01-15T11:16:00,STEAM_TEMP_01,265.6345
2024-01-15T11:17:00,CORE_FLUX_01,1488370597322.1191
2024-01-15T11:17:00,CORE_FUEL_01,741.7964
2024-01-15T11:17:00,CORE_ROD_01,65.8727
2024-01-15T11:17:00,STEAM_PRES_01,65.2987
2024-01-15T11:17:00,STEAM_FEED_01,347.6435
2024-01-15T11:17:00,STEAM_TEMP_01,266.5357
2024-01-15T11:18:00,CORE_FLUX_01,1487172039291.1492
2024-01-15T11:18:00,CORE_FUEL_01,761.2612
2024-01-15T11:18:00,CORE_ROD_01,64.691
2024-01-15T11:18:00,CORE_EXIT_01,322.8416
2024-01-15T11:18:00,STEAM_PRES_01,64.8212
2024-01-15T11:18:00,STEAM_FEED_01,349.8203
2024-01-15T11:18:00,STEAM_DELTA_01,24.9403
2024-01-15T11:18:00,STEAM_TEMP_01,266.345
2024-01-15T11:19:00,CORE_FLUX_01,1478511189945.082
2024-01-15T11:19:00,CORE_FUEL_01,768.6723
2024-01-15T11:19:00,CORE_ROD_01,64.845
2024-01-15T11:19:00,STEAM_PRES_01,65.1255
2024-01-15T11:19:00,STEAM_FEED_01,349.1652
2024-01-15T11:19:00,STEAM_TEMP_01,266.1467
2024-01-15T11:20:00,CORE_FLUX_01,1467025816800.5913
2024-01-15T11:20:00,CORE_FUEL_01,767.0466
2024-01-15T11:20:00,CORE_ROD_01,63.8813
2024-01-15T11:20:00,CORE_EXIT_01,321.7409
2024-01-15T11:20:00,STEAM_PRES_01,65.2185
2024-01-15T11:20:00,STEAM_FEED_01,350.2348
2024-01-15T11:20:00,STEAM_DELTA_01,25.4986
2024-01-15T11:20:00,STEAM_TEMP_01,266.2784
2024-01-15T11:21:00,CORE_FLUX_01,1494690352551.8464
2024-01-15T11:21:00,CORE_FUEL_01,754.0404
2024-01-15T11:21:00,CORE_ROD_01,64.472
2024-01-15T11:21:00,STEAM_PRES_01,64.9531
2024-01-15T11:21:00,STEAM_FEED_01,350.6631
2024-01-15T11:21:00,STEAM_TEMP_01,266.4122
2024-01-15T11:22:00,CORE_FLUX_01,1443890544079.4707
2024-01-15T11:22:00,CORE_FUEL_01,767.1302
2024-01-15T11:22:00,CORE_ROD_01,65.8581
2024-01-15T11:22:00,CORE_EXIT_01,321.7698
2024-01-15T11:22:00,STEAM_PRES_01,64.6725
2024-01-15T11:22:00,STEAM_FEED_01,349.1775
2024-01-15T11:22:00,STEAM_DELTA_01,25.2734
2024-01-15T11:22:00,STEAM_TEMP_01,265.1665
2024-01-15T11:23:00,CORE_FLUX_01,1482851490180.5613
2024-01-15T11:23:00,CORE_FUEL_01,770.3639
2024-01-15T11:23:00,CORE_ROD_01,64.7441
2024-01-15T11:23:00,STEAM_PRES_01,64.8329
2024-01-15T11:23:00,STEAM_FEED_01,347.8459
2024-01-15T11:23:00,STEAM_TEMP_01,265.9164
2024-01-15T11:24:00,CORE_FLUX_01,1449320068710.743
2024-01-15T11:24:00,CORE_FUEL_01,766.5417
2024-01-15T11:24:00,CORE_ROD_01,64.4723
2024-01-15T11:24:00,CORE_EXIT_01,320.3847
2024-01-15T11:24:00,STEAM_PRES_01,65.0336
2024-01-15T11:24:00,STEAM_FEED_01,349.504
2024-01-15T11:24:00,STEAM_DELTA_01,25.4603
2024-01-15T11:24:00,STEAM_TEMP_01,266.1198
2024-01-15T11:25:00,CORE_FLUX_01,1501029267881.064
2024-01-15T11:25:00,CORE_FUEL_01,773.541
2024-01-15T11:25:00,CORE_ROD_01,65.5562
2024-01-15T11:25:00,STEAM_PRES_01,64.7949
2024-01-15T11:25:00,STEAM_FEED_01,347.4158
2024-01-15T11:25:00,STEAM_TEMP_01,264.9998
2024-01-15T11:26:00,CORE_FLUX_01,1479832790387.632
2024-01-15T11:26:00,CORE_FUEL_01,763.3216
2024-01-15T11:26:00,CORE_ROD_01,66.163
2024-01-15T11:26:00,CORE_EXIT_01,318.4377
2024-01-15T11:26:00,STEAM_PRES_01,65.263
2024-01-15T11:26:00,STEAM_FEED_01,347.4789
2024-01-15T11:26:00,STEAM_DELTA_01,25.1603
2024-01-15T11:26:00,STEAM_TEMP_01,265.8247
2024-01-15T11:27:00,CORE_FLUX_01,1477715911536.5498
2024-01-15T11:27:00,CORE_FUEL_01,756.1667
2024-01-15T11:27:00,CORE_ROD_01,64.7069
2024-01-15T11:27:00,STEAM_PRES_01,65.1187
2024-01-15T11:27:00,STEAM_FEED_01,350.124
2024-01-15T11:27:00,STEAM_TEMP_01,265.5051
2024-01-15T11:28:00,CORE_FLUX_01,1495793370590.9478
2024-01-15T11:28:00,CORE_FUEL_01,761.3383
2024-01-15T11:28:00,CORE_ROD_01,65.5454
2024-01-15T11:28:00,CORE_EXIT_01,321.3835
2024-01-15T11:28:00,STEAM_PRES_01,64.9645
2024-01-15T11:28:00,STEAM_FEED_01,346.6104
2024-01-15T11:28:00,STEAM_DELTA_01,25.2051
2024-01-15T11:28:00,STEAM_TEMP_01,265.9726
2024-01-15T11:29:00,CORE_FLUX_01,1514479835615.7034
2024-01-15T11:29:00,CORE_FUEL_01,768.5265
2024-01-15T11:29:00,CORE_ROD_01,63.4677
2024-01-15T11:29:00,STEAM_PRES_01,64.9994
2024-01-15T11:29:00,STEAM_FEED_01,349.3522
2024-01-15T11:29:00,STEAM_TEMP_01,265.5574
2024-01-15T11:30:00,CORE_FLUX_01,1479535107188.459
2024-01-15T11:30:00,CORE_FUEL_01,750.8072
2024-01-15T11:30:00,CORE_ROD_01,64.9284
2024-01-15T11:30:00,CORE_EXIT_01,322.9594
2024-01-15T11:30:00,STEAM_PRES_01,65.3501
2024-01-15T11:30:00,STEAM_FEED_01,353.0388
2024-01-15T11:30:00,STEAM_DELTA_01,25.5167
2024-01-15T11:30:00,STEAM_TEMP_01,266.738
2024-01-15T11:31:00,CORE_FLUX_01,1466638047870.2888
2024-01-15T11:31:00,CORE_FUEL_01,765.4355
2024-01-15T11:31:00,CORE_ROD_01,66.9003
2024-01-15T11:31:00,STEAM_PRES_01,65.0845
2024-01-15T11:31:00,STEAM_FEED_01,350.7003
2024-01-15T11:31:00,STEAM_TEMP_01,266.1103
2024-01-15T11:32:00,CORE_FLUX_01,1515759906009.71
2024-01-15T11:32:00,CORE_FUEL_01,760.2416
2024-01-15T11:32:00,CORE_ROD_01,63.7838
2024-01-15T11:32:00,CORE_EXIT_01,321.0118
2024-01-15T11:32:00,STEAM_PRES_01,65.0856
2024-01-15T11:32:00,STEAM_FEED_01,351.7321
2024-01-15T11:32:00,STEAM_DELTA_01,25.5803
2024-01-15T11:32:00,STEAM_TEMP_01,266.6792
2024-01-15T11:33:00,CORE_FLUX_01,1480729668099.9404
2024-01-15T11:33:00,CORE_FUEL_01,749.926
2024-01-15T11:33:00,CORE_ROD_01,66.044
2024-01-15T11:33:00,STEAM_PRES_01,65.0036
2024-01-15T11:33:00,STEAM_FEED_01,347.3902
2024-01-15T11:33:00,STEAM_TEMP_01,266.5661
2024-01-15T11:34:00,CORE_FLUX_01,1541091267497.7441
2024-01-15T11:34:00,CORE_FUEL_01,771.8752
2024-01-15T11:34:00,CORE_ROD_01,65.9989
2024-01-15T11:34:00,CORE_EXIT_01,320.7654
2024-01-15T11:34:00,STEAM_PRES_01,64.9093
2024-01-15T11:34:00,STEAM_FEED_01,351.7979
2024-01-15T11:34:00,STEAM_DELTA_01,25.4907
2024-01-15T11:34:00,STEAM_TEMP_01,265.6626
2024-01-15T11:35:00,CORE_FLUX_01,1497970701860.414
2024-01-15T11:35:00,CORE_FUEL_01,743.2747
2024-01-15T11:35:00,CORE_ROD_01,65.1119
2024-01-15T11:35:00,STEAM_PRES_01,64.8842
2024-01-15T11:35:00,STEAM_FEED_01,347.4059
2024-01-15T11:35:00,STEAM_TEMP_01,265.2904
2024-01-15T11:36:00,CORE_FLUX_01,1509268371233.9248
2024-01-15T11:36:00,CORE_FUEL_01,755.9824
2024-01-15T11:36:00,CORE_ROD_01,65.1126
2024-01-15T11:36:00,CORE_EXIT_01,320.4943
2024-01-15T11:36:00,STEAM_PRES_01,64.8478
2024-01-15T11:36:00,STEAM_FEED_01,350.3509
2024-01-15T11:36:00,STEAM_DELTA_01,24.8576
2024-01-15T11:36:00,STEAM_TEMP_01,266.1466
2024-01-15T11:37:00,CORE_FLUX_01,1551678148501.6372
2024-01-15T11:37:00,CORE_FUEL_01,766.4592
2024-01-15T11:37:00,CORE_ROD_01,64.6287
2024-01-15T11:37:00,STEAM_PRES_01,64.7641
2024-01-15T11:37:00,STEAM_FEED_01,348.9118
2024-01-15T11:37:00,STEAM_TEMP_01,264.4776
2024-01-15T11:38:00,CORE_FLUX_01,1499963570465.806
2024-01-15T11:38:00,CORE_FUEL_01,763.9988
2024-01-15T11:38:00,CORE_ROD_01,64.9917
2024-01-15T11:38:00,CORE_EXIT_01,319.6785
2024-01-15T11:38:00,STEAM_PRES_01,65.1382
2024-01-15T11:38:00,STEAM_FEED_01,351.0112
2024-01-15T11:38:00,STEAM_DELTA_01,25.1624
2024-01-15T11:38:00,STEAM_TEMP_01,265.864
2024-01-15T11:39:00,CORE_FLUX_01,1571367836438.6155
2024-01-15T11:39:00,CORE_FUEL_01,765.1381
2024-01-15T11:39:00,CORE_ROD_01,65.2818
2024-01-15T11:39:00,STEAM_PRES_01,65.2087
2024-01-15T11:39:00,STEAM_FEED_01,349.0665
2024-01-15T11:39:00,STEAM_TEMP_01,265.4602
2024-01-15T11:40:00,CORE_FLUX_01,1464418717693.2773
2024-01-15T11:40:00,CORE_FUEL_01,770.5553
2024-01-15T11:40:00,CORE_ROD_01,66.1907
2024-01-15T11:40:00,CORE_EXIT_01,320.7349
2024-01-15T11:40:00,STEAM_PRES_01,64.7205
2024-01-15T11:40:00,STEAM_FEED_01,346.0884
2024-01-15T11:40:00,STEAM_DELTA_01,25.1234
2024-01-15T11:40:00,STEAM_TEMP_01,266.1171
2024-01-15T11:41:00,CORE_FLUX_01,1454023767429.598
2024-01-15T11:41:00,CORE_FUEL_01,764.0362
2024-01-15T11:41:00,CORE_ROD_01,66.0126
2024-01-15T11:41:00,STEAM_PRES_01,65.0096
2024-01-15T11:41:00,STEAM_FEED_01,352.2721
2024-01-15T11:41:00,STEAM_TEMP_01,265.8284
2024-01-15T11:42:00,CORE_FLUX_01,1540029070530.3237
2024-01-15T11:42:00,CORE_FUEL_01,756.9065
2024-01-15T11:42:00,CORE_ROD_01,64.5439
2024-01-15T11:42:00,CORE_EXIT_01,322.6512
2024-01-15T11:42:00,STEAM_PRES_01,65.2283
2024-01-15T11:42:00,STEAM_FEED_01,352.7697
2024-01-15T11:42:00,STEAM_DELTA_01,25.3891
2024-01-15T11:42:00,STEAM_TEMP_01,267.1649
2024-01-15T11:43:00,CORE_FLUX_01,1497737849064.8022
2024-01-15T11:43:00,CORE_FUEL_01,747.5673
2024-01-15T11:43:00,CORE_ROD_01,65.6295
2024-01-15T11:43:00,STEAM_PRES_01,64.6887
2024-01-15T11:43:00,STEAM_FEED_01,348.4124
2024-01-15T11:43:00,STEAM_TEMP_01,265.0122
2024-01-15T11:44:00,CORE_FLUX_01,1514408097974.7605
2024-01-15T11:44:00,CORE_FUEL_01,756.3097
2024-01-15T11:44:00,CORE_ROD_01,64.5608
2024-01-15T11:44:00,CORE_EXIT_01,321.35
2024-01-15T11:44:00,STEAM_PRES_01,65.4618
2024-01-15T11:44:00,STEAM_FEED_01,352.9393
2024-01-15T11:44:00,STEAM_DELTA_01,25.6738
2024-01-15T11:44:00,STEAM_TEMP_01,266.4835
2024-01-15T11:45:00,CORE_FLUX_01,1492208238197.1965
2024-01-15T11:45:00,CORE_FUEL_01,753.6811
2024-01-15T11:45:00,CORE_ROD_01,66.9781
2024-01-15T11:45:00,STEAM_PRES_01,65.0844
2024-01-15T11:45:00,STEAM_FEED_01,350.9207
2024-01-15T11:45:00,STEAM_TEMP_01,265.8459
2024-01-15T11:46:00,CORE_FLUX_01,1542758365186.2068
2024-01-15T11:46:00,CORE_FUEL_01,764.3033
2024-01-15T11:46:00,CORE_ROD_01,65.0756
2024-01-15T11:46:00,CORE_EXIT_01,321.1223
2024-01-15T11:46:00,STEAM_PRES_01,64.9192
2024-01-15T11:46:00,STEAM_FEED_01,349.7285
2024-01-15T11:46:00,STEAM_DELTA_01,25.0775
2024-01-15T11:46:00,STEAM_TEMP_01,264.8731
2024-01-15T11:47:00,CORE_FLUX_01,1497880546993.5732
2024-01-15T11:47:00,CORE_FUEL_01,759.0001
2024-01-15T11:47:00,CORE_ROD_01,65.6251
2024-01-15T11:47:00,STEAM_PRES_01,65.0717
2024-01-15T11:47:00,STEAM_FEED_01,351.0132
2024-01-15T11:47:00,STEAM_TEMP_01,265.5924
2024-01-15T11:48:00,CORE_FLUX_01,1491238213812.5798
2024-01-15T11:48:00,CORE_FUEL_01,749.1561
2024-01-15T11:48:00,CORE_ROD_01,65.5014
2024-01-15T11:48:00,CORE_EXIT_01,320.0586
2024-01-15T11:48:00,STEAM_PRES_01,64.8895
2024-01-15T11:48:00,STEAM_FEED_01,351.371
2024-01-15T11:48:00,STEAM_DELTA_01,25.2497
2024-01-15T11:48:00,STEAM_TEMP_01,266.5731
2024-01-15T11:49:00,CORE_FLUX_01,1492464763381.3281
2024-01-15T11:49:00,CORE_FUEL_01,737.1101
2024-01-15T11:49:00,CORE_ROD_01,64.7848
2024-01-15T11:49:00,STEAM_PRES_01,64.7109
2024-01-15T11:49:00,STEAM_FEED_01,346.9238
2024-01-15T11:49:00,STEAM_TEMP_01,265.2214
2024-01-15T11:50:00,CORE_FLUX_01,1458790509321.0793
2024-01-15T11:50:00,CORE_FUEL_01,754.0074
2024-01-15T11:50:00,CORE_ROD_01,65.6982
2024-01-15T11:50:00,CORE_EXIT_01,320.3168
2024-01-15T11:50:00,STEAM_PRES_01,64.992
2024-01-15T11:50:00,STEAM_FEED_01,346.8477
2024-01-15T11:50:00,STEAM_DELTA_01,24.9346
2024-01-15T11:50:00,STEAM_TEMP_01,264.9481
2024-01-15T11:51:00,CORE_FLUX_01,1483767674001.0059
2024-01-15T11:51:00,CORE_FUEL_01,756.7885
2024-01-15T11:51:00,CORE_ROD_01,65.5619
2024-01-15T11:51:00,STEAM_PRES_01,65.2923
2024-01-15T11:51:00,STEAM_FEED_01,353.7601
2024-01-15T11:51:00,STEAM_TEMP_01,266.9056
2024-01-15T11:52:00,CORE_FLUX_01,1489827886730.9172
2024-01-15T11:52:00,CORE_FUEL_01,758.5612
2024-01-15T11:52:00,CORE_ROD_01,64.7042
2024-01-15T11:52:00,CORE_EXIT_01,321.2741
2024-01-15T11:52:00,STEAM_PRES_01,64.8326
2024-01-15T11:52:00,STEAM_FEED_01,352.4271
2024-01-15T11:52:00,STEAM_DELTA_01,25.2256
2024-01-15T11:52:00,STEAM_TEMP_01,266.2432
2024-01-15T11:53:00,CORE_FLUX_01,1470702149534.5122
2024-01-15T11:53:00,CORE_FUEL_01,751.4217
2024-01-15T11:53:00,CORE_ROD_01,64.9671
2024-01-15T11:53:00,STEAM_PRES_01,64.7387
2024-01-15T11:53:00,STEAM_FEED_01,348.1663
2024-01-15T11:53:00,STEAM_TEMP_01,264.8725
2024-01-15T11:54:00,CORE_FLUX_01,1533695705550.7754
2024-01-15T11:54:00,CORE_FUEL_01,757.753
2024-01-15T11:54:00,CORE_ROD_01,64.5282
2024-01-15T11:54:00,CORE_EXIT_01,319.9372
2024-01-15T11:54:00,STEAM_PRES_01,64.8655
2024-01-15T11:54:00,STEAM_FEED_01,348.1081
2024-01-15T11:54:00,STEAM_DELTA_01,25.2028
2024-01-15T11:54:00,STEAM_TEMP_01,265.0759
2024-01-15T11:55:00,CORE_FLUX_01,1501106430338.362
2024-01-15T11:55:00,CORE_FUEL_01,738.9222
2024-01-15T11:55:00,CORE_ROD_01,65.3484
2024-01-15T11:55:00,STEAM_PRES_01,65.2816
2024-01-15T11:55:00,STEAM_FEED_01,357.8385
2024-01-15T11:55:00,STEAM_TEMP_01,268.1639
2024-01-15T11:56:00,CORE_FLUX_01,1529807829991.007
2024-01-15T11:56:00,CORE_FUEL_01,772.5802
2024-01-15T11:56:00,CORE_ROD_01,63.0269
2024-01-15T11:56:00,CORE_EXIT_01,319.8767
2024-01-15T11:56:00,STEAM_PRES_01,65.0637
2024-01-15T11:56:00,STEAM_FEED_01,352.8448
2024-01-15T11:56:00,STEAM_DELTA_01,25.5846
2024-01-15T11:56:00,STEAM_TEMP_01,266.5477
2024-01-15T11:57:00,CORE_FLUX_01,1484141024756.324
2024-01-15T11:57:00,CORE_FUEL_01,762.3134
2024-01-15T11:57:00,CORE_ROD_01,64.869
2024-01-15T11:57:00,STEAM_PRES_01,65.2592
2024-01-15T11:57:00,STEAM_FEED_01,349.6289
2024-01-15T11:57:00,STEAM_TEMP_01,265.3608
2024-01-15T11:58:00,CORE_FLUX_01,1500372058253.7253
2024-01-15T11:58:00,CORE_FUEL_01,769.1555
2024-01-15T11:58:00,CORE_ROD_01,66.8255
2024-01-15T11:58:00,CORE_EXIT_01,321.1169
2024-01-15T11:58:00,STEAM_PRES_01,65.0364
2024-01-15T11:58:00,STEAM_FEED_01,350.1078
2024-01-15T11:58:00,STEAM_DELTA_01,25.3936
2024-01-15T11:58:00,STEAM_TEMP_01,264.4677
2024-01-15T11:59:00,CORE_FLUX_01,1454422965890.8801
2024-01-15T11:59:00,CORE_FUEL_01,758.2776
2024-01-15T11:59:00,CORE_ROD_01,65.8526
2024-01-15T11:59:00,STEAM_PRES_01,64.7028
2024-01-15T11:59:00,STEAM_FEED_01,346.3267
2024-01-15T11:59:00,STEAM_TEMP_01,265.4117
2024-01-15T12:00:00,CORE_FLUX_01,1567832735577.8586
2024-01-15T12:00:00,CORE_FUEL_01,765.1148
2024-01-15T12:00:00,CORE_ROD_01,65.5813
2024-01-15T12:00:00,CORE_EXIT_01,320.0501
2024-01-15T12:00:00,STEAM_PRES_01,64.7203
2024-01-15T12:00:00,STEAM_FEED_01,348.4327
2024-01-15T12:00:00,STEAM_DELTA_01,25.3921
2024-01-15T12:00:00,STEAM_TEMP_01,265.1332
2024-01-15T12:01:00,CORE_FLUX_01,1511116096406.1738
2024-01-15T12:01:00,CORE_FUEL_01,754.0252
2024-01-15T12:01:00,CORE_ROD_01,63.3668
2024-01-15T12:01:00,STEAM_PRES_01,65.1746
2024-01-15T12:01:00,STEAM_FEED_01,347.8292
2024-01-15T12:01:00,STEAM_TEMP_01,265.8997
2024-01-15T12:02:00,CORE_FLUX_01,1542315789638.1492
2024-01-15T12:02:00,CORE_FUEL_01,752.9248
2024-01-15T12:02:00,CORE_ROD_01,66.7297
2024-01-15T12:02:00,CORE_EXIT_01,319.3782
2024-01-15T12:02:00,STEAM_PRES_01,64.9066
2024-01-15T12:02:00,STEAM_FEED_01,346.8098
2024-01-15T12:02:00,STEAM_DELTA_01,25.0961
2024-01-15T12:02:00,STEAM_TEMP_01,265.9221
2024-01-15T12:03:00,CORE_FLUX_01,1478778280774.9795
2024-01-15T12:03:00,CORE_FUEL_01,739.0406
2024-01-15T12:03:00,CORE_ROD_01,67.0906
2024-01-15T12:03:00,STEAM_PRES_01,65.1076
2024-01-15T12:03:00,STEAM_FEED_01,350.8835
2024-01-15T12:03:00,STEAM_TEMP_01,265.5966
2024-01-15T12:04:00,CORE_FLUX_01,1508167885868.037
2024-01-15T12:04:00,CORE_FUEL_01,753.9458
2024-01-15T12:04:00,CORE_ROD_01,65.9042
2024-01-15T12:04:00,CORE_EXIT_01,321.2902
2024-01-15T12:04:00,STEAM_PRES_01,64.9516
2024-01-15T12:04:00,STEAM_FEED_01,350.4242
2024-01-15T12:04:00,STEAM_DELTA_01,25.2178
2024-01-15T12:04:00,STEAM_TEMP_01,265.0708
2024-01-15T12:05:00,CORE_FLUX_01,1481578330355.185
2024-01-15T12:05:00,CORE_FUEL_01,744.0046
2024-01-15T12:05:00,CORE_ROD_01,63.8999
2024-01-15T12:05:00,STEAM_PRES_01,64.9041
2024-01-15T12:05:00,STEAM_FEED_01,352.2614
2024-01-15T12:05:00,STEAM_TEMP_01,265.9204
2024-01-15T12:06:00,CORE_FLUX_01,1499370638334.6694
2024-01-15T12:06:00,CORE_FUEL_01,747.0219
2024-01-15T12:06:00,CORE_ROD_01,64.6765
2024-01-15T12:06:00,CORE_EXIT_01,322.9851
2024-01-15T12:06:00,STEAM_PRES_01,65.5229
2024-01-15T12:06:00,STEAM_FEED_01,355.3274
2024-01-15T12:06:00,STEAM_DELTA_01,25.8595
2024-01-15T12:06:00,STEAM_TEMP_01,267.0297
2024-01-15T12:07:00,CORE_FLUX_01,1496048069998.9468
2024-01-15T12:07:00,CORE_FUEL_01,758.3074
2024-01-15T12:07:00,CORE_ROD_01,64.2756
2024-01-15T12:07:00,STEAM_PRES_01,64.814
2024-01-15T12:07:00,STEAM_FEED_01,348.7986
2024-01-15T12:07:00,STEAM_TEMP_01,265.41
2024-01-15T12:08:00,CORE_FLUX_01,1485259815372.419
2024-01-15T12:08:00,CORE_FUEL_01,771.9556
2024-01-15T12:08:00,CORE_ROD_01,65.1105
2024-01-15T12:08:00,CORE_EXIT_01,320.9768
2024-01-15T12:08:00,STEAM_PRES_01,64.7148
2024-01-15T12:08:00,STEAM_FEED_01,347.9531
2024-01-15T12:08:00,STEAM_DELTA_01,25.1783
2024-01-15T12:08:00,STEAM_TEMP_01,264.9351
2024-01-15T12:09:00,CORE_FLUX_01,1542836229175.088
2024-01-15T12:09:00,CORE_FUEL_01,757.519
2024-01-15T12:09:00,CORE_ROD_01,63.4603
2024-01-15T12:09:00,STEAM_PRES_01,64.6831
2024-01-15T12:09:00,STEAM_FEED_01,344.2467
2024-01-15T12:09:00,STEAM_TEMP_01,264.8465
2024-01-15T12:10:00,CORE_FLUX_01,1490569905977.4263
2024-01-15T12:10:00,CORE_FUEL_01,756.5626
2024-01-15T12:10:00,CORE_ROD_01,63.3063
2024-01-15T12:10:00,CORE_EXIT_01,321.5981
2024-01-15T12:10:00,STEAM_PRES_01,64.6914
2024-01-15T12:10:00,STEAM_FEED_01,344.1146
2024-01-15T12:10:00,STEAM_DELTA_01,24.9647
2024-01-15T12:10:00,STEAM_TEMP_01,264.5976
2024-01-15T12:11:00,CORE_FLUX_01,1590991987305.985
2024-01-15T12:11:00,CORE_FUEL_01,745.9932
2024-01-15T12:11:00,CORE_ROD_01,65.0878
2024-01-15T12:11:00,STEAM_PRES_01,65.7909
2024-01-15T12:11:00,STEAM_FEED_01,353.6973
2024-01-15T12:11:00,STEAM_TEMP_01,266.5848
2024-01-15T12:12:00,CORE_FLUX_01,1541831056211.922
2024-01-15T12:12:00,CORE_FUEL_01,757.4678
2024-01-15T12:12:00,CORE_ROD_01,64.4383
2024-01-15T12:12:00,CORE_EXIT_01,321.2342
2024-01-15T12:12:00,STEAM_PRES_01,64.8504
2024-01-15T12:12:00,STEAM_FEED_01,353.6211
2024-01-15T12:12:00,STEAM_DELTA_01,25.3705
2024-01-15T12:12:00,STEAM_TEMP_01,265.4591
2024-01-15T12:13:00,CORE_FLUX_01,1475265413105.7788
2024-01-15T12:13:00,CORE_FUEL_01,755.8866
2024-01-15T12:13:00,CORE_ROD_01,66.4031
2024-01-15T12:13:00,STEAM_PRES_01,64.9716
2024-01-15T12:13:00,STEAM_FEED_01,346.9059
2024-01-15T12:13:00,STEAM_TEMP_01,266.4433
2024-01-15T12:14:00,CORE_FLUX_01,1516558289604.558
2024-01-15T12:14:00,CORE_FUEL_01,761.4628
2024-01-15T12:14:00,CORE_ROD_01,63.3155
2024-01-15T12:14:00,CORE_EXIT_01,318.4185
2024-01-15T12:14:00,STEAM_PRES_01,64.7827
2024-01-15T12:14:00,STEAM_FEED_01,351.9857
2024-01-15T12:14:00,STEAM_DELTA_01,25.4161
2024-01-15T12:14:00,STEAM_TEMP_01,266.0295
2024-01-15T12:15:00,CORE_FLUX_01,1515995829585.3193
2024-01-15T12:15:00,CORE_FUEL_01,750.0948
2024-01-15T12:15:00,CORE_ROD_01,65.6251
2024-01-15T12:15:00,STEAM_PRES_01,65.3242
2024-01-15T12:15:00,STEAM_FEED_01,353.7497
2024-01-15T12:15:00,STEAM_TEMP_01,266.7279
2024-01-15T12:16:00,CORE_FLUX_01,1501236902795.0508
2024-01-15T12:16:00,CORE_FUEL_01,758.7849
2024-01-15T12:16:00,CORE_ROD_01,64.3862
2024-01-15T12:16:00,CORE_EXIT_01,322.2963
2024-01-15T12:16:00,STEAM_PRES_01,64.904
2024-01-15T12:16:00,STEAM_FEED_01,348.7465
2024-01-15T12:16:00,STEAM_DELTA_01,24.9652
2024-01-15T12:16:00,STEAM_TEMP_01,264.2092
2024-01-15T12:17:00,CORE_FLUX_01,1483457024976.1934
2024-01-15T12:17:00,CORE_FUEL_01,756.3405
2024-01-15T12:17:00,CORE_ROD_01,64.459
2024-01-15T12:17:00,STEAM_PRES_01,64.7062
2024-01-15T12:17:00,STEAM_FEED_01,347.5022
2024-01-15T12:17:00,STEAM_TEMP_01,265.3903
2024-01-15T12:18:00,CORE_FLUX_01,1524390241276.4746
2024-01-15T12:18:00,CORE_FUEL_01,771.2286
2024-01-15T12:18:00,CORE_ROD_01,66.1965
2024-01-15T12:18:00,CORE_EXIT_01,319.3104
2024-01-15T12:18:00,STEAM_PRES_01,65.0591
2024-01-15T12:18:00,STEAM_FEED_01,349.0853
2024-01-15T12:18:00,STEAM_DELTA_01,25.6585
2024-01-15T12:18:00,STEAM_TEMP_01,265.6592
2024-01-15T12:19:00,CORE_FLUX_01,1511623411790.2551
2024-01-15T12:19:00,CORE_FUEL_01,781.5722
2024-01-15T12:19:00,CORE_ROD_01,65.8494
2024-01-15T12:19:00,STEAM_PRES_01,64.9914
2024-01-15T12:19:00,STEAM_FEED_01,348.1509
2024-01-15T12:19:00,STEAM_TEMP_01,265.0586
2024-01-15T12:20:00,CORE_FLUX_01,1506571374750.6545
2024-01-15T12:20:00,CORE_FUEL_01,754.9473
2024-01-15T12:20:00,CORE_ROD_01,66.309
2024-01-15T12:20:00,CORE_EXIT_01,322.6102
2024-01-15T12:20:00,STEAM_PRES_01,65.3016
2024-01-15T12:20:00,STEAM_FEED_01,353.0755
2024-01-15T12:20:00,STEAM_DELTA_01,25.6969
2024-01-15T12:20:00,STEAM_TEMP_01,266.7671
2024-01-15T12:21:00,CORE_FLUX_01,1516405985450.2192
2024-01-15T12:21:00,CORE_FUEL_01,760.9842
2024-01-15T12:21:00,CORE_ROD_01,65.0393
2024-01-15T12:21:00,STEAM_PRES_01,64.5103
2024-01-15T12:21:00,STEAM_FEED_01,347.1388
2024-01-15T12:21:00,STEAM_TEMP_01,264.1234
2024-01-15T12:22:00,CORE_FLUX_01,1503149232932.578
2024-01-15T12:22:00,CORE_FUEL_01,759.7492
2024-01-15T12:22:00,CORE_ROD_01,64.1757
2024-01-15T12:22:00,CORE_EXIT_01,318.9065
2024-01-15T12:22:00,STEAM_PRES_01,64.9004
2024-01-15T12:22:00,STEAM_FEED_01,348.8843
2024-01-15T12:22:00,STEAM_DELTA_01,25.0203
2024-01-15T12:22:00,STEAM_TEMP_01,265.1253
2024-01-15T12:23:00,CORE_FLUX_01,1543254000509.3113
2024-01-15T12:23:00,CORE_FUEL_01,759.5516
2024-01-15T12:23:00,CORE_ROD_01,63.1888
2024-01-15T12:23:00,STEAM_PRES_01,65.1039
2024-01-15T12:23:00,STEAM_FEED_01,351.8145
2024-01-15T12:23:00,STEAM_TEMP_01,265.031
2024-01-15T12:24:00,CORE_FLUX_01,1488009111809.629
2024-01-15T12:24:00,CORE_FUEL_01,762.439
2024-01-15T12:24:00,CORE_ROD_01,65.0138
2024-01-15T12:24:00,CORE_EXIT_01,319.312
2024-01-15T12:24:00,STEAM_PRES_01,64.7822
2024-01-15T12:24:00,STEAM_FEED_01,348.7336
2024-01-15T12:24:00,STEAM_DELTA_01,25.208
2024-01-15T12:24:00,STEAM_TEMP_01,265.0692
2024-01-15T12:25:00,CORE_FLUX_01,1494597951639.6465
2024-01-15T12:25:00,CORE_FUEL_01,755.3191
2024-01-15T12:25:00,CORE_ROD_01,64.8019
2024-01-15T12:25:00,STEAM_PRES_01,64.9696
2024-01-15T12:25:00,STEAM_FEED_01,350.6489
2024-01-15T12:25:00,STEAM_TEMP_01,266.0476
2024-01-15T12:26:00,CORE_FLUX_01,1484634107447.4946
2024-01-15T12:26:00,CORE_FUEL_01,754.51
2024-01-15T12:26:00,CORE_ROD_01,66.4664
2024-01-15T12:26:00,CORE_EXIT_01,321.8253
2024-01-15T12:26:00,STEAM_PRES_01,65.2812
2024-01-15T12:26:00,STEAM_FEED_01,349.8121
2024-01-15T12:26:00,STEAM_DELTA_01,25.175
2024-01-15T12:26:00,STEAM_TEMP_01,265.4032
2024-01-15T12:27:00,CORE_FLUX_01,1469541485335.893
2024-01-15T12:27:00,CORE_FUEL_01,747.711
2024-01-15T12:27:00,CORE_ROD_01,64.8056
2024-01-15T12:27:00,STEAM_PRES_01,64.9623
2024-01-15T12:27:00,STEAM_FEED_01,349.2897
2024-01-15T12:27:00,STEAM_TEMP_01,265.8012
2024-01-15T12:28:00,CORE_FLUX_01,1496190414303.7844
2024-01-15T12:28:00,CORE_FUEL_01,759.4192
2024-01-15T12:28:00,CORE_ROD_01,63.7204
2024-01-15T12:28:00,CORE_EXIT_01,319.1838
2024-01-15T12:28:00,STEAM_PRES_01,65.1262
2024-01-15T12:28:00,STEAM_FEED_01,347.3978
2024-01-15T12:28:00,STEAM_DELTA_01,25.1576
2024-01-15T12:28:00,STEAM_TEMP_01,264.7777
2024-01-15T12:29:00,CORE_FLUX_01,1441703867269.1904
2024-01-15T12:29:00,CORE_FUEL_01,736.6204
2024-01-15T12:29:00,CORE_ROD_01,66.0796
2024-01-15T12:29:00,STEAM_PRES_01,65.5793
2024-01-15T12:29:00,STEAM_FEED_01,354.7323
2024-01-15T12:29:00,STEAM_TEMP_01,265.9454
2024-01-15T12:30:00,CORE_FLUX_01,1518183826448.6458
2024-01-15T12:30:00,CORE_FUEL_01,760.7487
2024-01-15T12:30:00,CORE_ROD_01,65.9724
2024-01-15T12:30:00,CORE_EXIT_01,319.1409
2024-01-15T12:30:00,STEAM_PRES_01,65.1912
2024-01-15T12:30:00,STEAM_FEED_01,350.4754
2024-01-15T12:30:00,STEAM_DELTA_01,25.381
2024-01-15T12:30:00,STEAM_TEMP_01,266.1086
2024-01-15T12:31:00,CORE_FLUX_01,1513325565245.7954
2024-01-15T12:31:00,CORE_FUEL_01,749.6163
2024-01-15T12:31:00,CORE_ROD_01,62.3753
2024-01-15T12:31:00,STEAM_PRES_01,65.355
2024-01-15T12:31:00,STEAM_FEED_01,350.0699
2024-01-15T12:31:00,STEAM_TEMP_01,265.2868
2024-01-15T12:32:00,CORE_FLUX_01,1558463360348.0222
2024-01-15T12:32:00,CORE_FUEL_01,758.1694
2024-01-15T12:32:00,CORE_ROD_01,63.1854
2024-01-15T12:32:00,CORE_EXIT_01,321.7475
2024-01-15T12:32:00,STEAM_PRES_01,64.8338
2024-01-15T12:32:00,STEAM_FEED_01,350.4539
2024-01-15T12:32:00,STEAM_DELTA_01,25.3307
2024-01-15T12:32:00,STEAM_TEMP_01,264.9937
2024-01-15T12:33:00,CORE_FLUX_01,1511747120400.1826
2024-01-15T12:33:00,CORE_FUEL_01,753.0368
2024-01-15T12:33:00,CORE_ROD_01,65.5289
2024-01-15T12:33:00,STEAM_PRES_01,64.7677
2024-01-15T12:33:00,STEAM_FEED_01,350.4085
2024-01-15T12:33:00,STEAM_TEMP_01,264.5873
2024-01-15T12:34:00,CORE_FLUX_01,1449524332667.501
2024-01-15T12:34:00,CORE_FUEL_01,769.2115
2024-01-15T12:34:00,CORE_ROD_01,66.4274
2024-01-15T12:34:00,CORE_EXIT_01,319.4578
2024-01-15T12:34:00,STEAM_PRES_01,64.5677
2024-01-15T12:34:00,STEAM_FEED_01,346.9685
2024-01-15T12:34:00,STEAM_DELTA_01,25.0821
2024-01-15T12:34:00,STEAM_TEMP_01,263.8273
2024-01-15T12:35:00,CORE_FLUX_01,1533184373492.2185
2024-01-15T12:35:00,CORE_FUEL_01,758.2198
2024-01-15T12:35:00,CORE_ROD_01,65.2709
2024-01-15T12:35:00,STEAM_PRES_01,64.6788
2024-01-15T12:35:00,STEAM_FEED_01,347.2877
2024-01-15T12:35:00,STEAM_TEMP_01,265.6309
2024-01-15T12:36:00,CORE_FLUX_01,1557961591713.9734
2024-01-15T12:36:00,CORE_FUEL_01,737.534
2024-01-15T12:36:00,CORE_ROD_01,64.4341
2024-01-15T12:36:00,CORE_EXIT_01,320.8646
2024-01-15T12:36:00,STEAM_PRES_01,64.9589
2024-01-15T12:36:00,STEAM_FEED_01,350.3641
2024-01-15T12:36:00,STEAM_DELTA_01,25.1231
2024-01-15T12:36:00,STEAM_TEMP_01,266.2295
2024-01-15T12:37:00,CORE_FLUX_01,1494096385108.7085
2024-01-15T12:37:00,CORE_FUEL_01,753.6509
2024-01-15T12:37:00,CORE_ROD_01,65.0128
2024-01-15T12:37:00,STEAM_PRES_01,65.1954
2024-01-15T12:37:00,STEAM_FEED_01,351.5683
2024-01-15T12:37:00,STEAM_TEMP_01,266.5546
2024-01-15T12:38:00,CORE_FLUX_01,1480833239542.2957
2024-01-15T12:38:00,CORE_FUEL_01,747.9756
2024-01-15T12:38:00,CORE_ROD_01,64.2967
2024-01-15T12:38:00,CORE_EXIT_01,318.1059
2024-01-15T12:38:00,STEAM_PRES_01,65.1788
2024-01-15T12:38:00,STEAM_FEED_01,352.1519
2024-01-15T12:38:00,STEAM_DELTA_01,25.636
2024-01-15T12:38:00,STEAM_TEMP_01,265.5075
2024-01-15T12:39:00,CORE_FLUX_01,1482604495983.919
2024-01-15T12:39:00,CORE_FUEL_01,737.3349
2024-01-15T12:39:00,CORE_ROD_01,65.4042
2024-01-15T12:39:00,STEAM_PRES_01,65.0298
2024-01-15T12:39:00,STEAM_FEED_01,353.0458
2024-01-15T12:39:00,STEAM_TEMP_01,266.2028
2024-01-15T12:40:00,CORE_FLUX_01,1493289308142.4438
2024-01-15T12:40:00,CORE_FUEL_01,752.7581
2024-01-15T12:40:00,CORE_ROD_01,66.9238
2024-01-15T12:40:00,CORE_EXIT_01,321.335
2024-01-15T12:40:00,STEAM_PRES_01,65.0016
2024-01-15T12:40:00,STEAM_FEED_01,350.7169
2024-01-15T12:40:00,STEAM_DELTA_01,25.2896
2024-01-15T12:40:00,STEAM_TEMP_01,266.2557
2024-01-15T12:41:00,CORE_FLUX_01,1501902855990.5015
2024-01-15T12:41:00,CORE_FUEL_01,748.9782
2024-01-15T12:41:00,CORE_ROD_01,65.5013
2024-01-15T12:41:00,STEAM_PRES_01,64.8103
2024-01-15T12:41:00,STEAM_FEED_01,349.8167
2024-01-15T12:41:00,STEAM_TEMP_01,265.9302
2024-01-15T12:42:00,CORE_FLUX_01,1503739629410.2952
2024-01-15T12:42:00,CORE_FUEL_01,763.9301
2024-01-15T12:42:00,CORE_ROD_01,63.7428
2024-01-15T12:42:00,CORE_EXIT_01,319.7141
2024-01-15T12:42:00,STEAM_PRES_01,64.8531
2024-01-15T12:42:00,STEAM_FEED_01,346.4481
2024-01-15T12:42:00,STEAM_DELTA_01,24.8415
2024-01-15T12:42:00,STEAM_TEMP_01,265.4051
2024-01-15T12:43:00,CORE_FLUX_01,1481609131255.2031
2024-01-15T12:43:00,CORE_FUEL_01,750.4691
2024-01-15T12:43:00,CORE_ROD_01,65.9418
2024-01-15T12:43:00,STEAM_PRES_01,64.7809
2024-01-15T12:43:00,STEAM_FEED_01,345.9967
2024-01-15T12:43:00,STEAM_TEMP_01,264.8411
2024-01-15T12:44:00,CORE_FLUX_01,1552689532910.011
2024-01-15T12:44:00,CORE_FUEL_01,748.6505
2024-01-15T12:44:00,CORE_ROD_01,65.0386
2024-01-15T12:44:00,CORE_EXIT_01,320.2498
2024-01-15T12:44:00,STEAM_PRES_01,65.1709
2024-01-15T12:44:00,STEAM_FEED_01,353.8172
2024-01-15T12:44:00,STEAM_DELTA_01,25.4184
2024-01-15T12:44:00,STEAM_TEMP_01,266.1313
2024-01-15T12:45:00,CORE_FLUX_01,1537819372831.6284
2024-01-15T12:45:00,CORE_FUEL_01,744.0171
2024-01-15T12:45:00,CORE_ROD_01,64.434
2024-01-15T12:45:00,STEAM_PRES_01,65.0504
2024-01-15T12:45:00,STEAM_FEED_01,350.8997
2024-01-15T12:45:00,STEAM_TEMP_01,265.2255
2024-01-15T12:46:00,CORE_FLUX_01,1485315341686.4705
2024-01-15T12:46:00,CORE_FUEL_01,750.4671
2024-01-15T12:46:00,CORE_ROD_01,65.1804
2024-01-15T12:46:00,CORE_EXIT_01,322.2769
2024-01-15T12:46:00,STEAM_PRES_01,64.986
2024-01-15T12:46:00,STEAM_FEED_01,347.5355
2024-01-15T12:46:00,STEAM_DELTA_01,25.1451
2024-01-15T12:46:00,STEAM_TEMP_01,264.6601
2024-01-15T12:47:00,CORE_FLUX_01,1460466409186.2507
2024-01-15T12:47:00,CORE_FUEL_01,732.0402
2024-01-15T12:47:00,CORE_ROD_01,64.879
2024-01-15T12:47:00,STEAM_PRES_01,64.8669
2024-01-15T12:47:00,STEAM_FEED_01,349.0577
2024-01-15T12:47:00,STEAM_TEMP_01,264.658
2024-01-15T12:48:00,CORE_FLUX_01,1501497806389.2734
2024-01-15T12:48:00,CORE_FUEL_01,773.5659
2024-01-15T12:48:00,CORE_ROD_01,64.4554
2024-01-15T12:48:00,CORE_EXIT_01,320.4541
2024-01-15T12:48:00,STEAM_PRES_01,64.5547
2024-01-15T12:48:00,STEAM_FEED_01,350.5178
2024-01-15T12:48:00,STEAM_DELTA_01,24.8306
2024-01-15T12:48:00,STEAM_TEMP_01,266.3178
2024-01-15T12:49:00,CORE_FLUX_01,1423884551192.9001
2024-01-15T12:49:00,CORE_FUEL_01,741.9562
2024-01-15T12:49:00,CORE_ROD_01,64.412
2024-01-15T12:49:00,STEAM_PRES_01,64.8943
2024-01-15T12:49:00,STEAM_FEED_01,351.2597
2024-01-15T12:49:00,STEAM_TEMP_01,265.4848
2024-01-15T12:50:00,CORE_FLUX_01,1515802806101.4163
2024-01-15T12:50:00,CORE_FUEL_01,741.7962
2024-01-15T12:50:00,CORE_ROD_01,64.1207
2024-01-15T12:50:00,CORE_EXIT_01,320.8992
2024-01-15T12:50:00,STEAM_PRES_01,65.0673
2024-01-15T12:50:00,STEAM_FEED_01,351.4486
2024-01-15T12:50:00,STEAM_DELTA_01,25.1798
2024-01-15T12:50:00,STEAM_TEMP_01,265.2849
2024-01-15T12:51:00,CORE_FLUX_01,1530271004171.1667
2024-01-15T12:51:00,CORE_FUEL_01,747.375
2024-01-15T12:51:00,CORE_ROD_01,65.4632
2024-01-15T12:51:00,STEAM_PRES_01,65.1129
2024-01-15T12:51:00,STEAM_FEED_01,348.9679
2024-01-15T12:51:00,STEAM_TEMP_01,265.7783
2024-01-15T12:52:00,CORE_FLUX_01,1487942756186.5603
2024-01-15T12:52:00,CORE_FUEL_01,763.4337
2024-01-15T12:52:00,CORE_ROD_01,66.5504
2024-01-15T12:52:00,CORE_EXIT_01,319.7398
2024-01-15T12:52:00,STEAM_PRES_01,64.5566
2024-01-15T12:52:00,STEAM_FEED_01,347.2454
2024-01-15T12:52:00,STEAM_DELTA_01,24.8978
2024-01-15T12:52:00,STEAM_TEMP_01,265.6482
2024-01-15T12:53:00,CORE_FLUX_01,1508438606114.8372
2024-01-15T12:53:00,CORE_FUEL_01,758.9707
2024-01-15T12:53:00,CORE_ROD_01,63.366
2024-01-15T12:53:00,STEAM_PRES_01,65.2981
2024-01-15T12:53:00,STEAM_FEED_01,353.8513
2024-01-15T12:53:00,STEAM_TEMP_01,266.0026
2024-01-15T12:54:00,CORE_FLUX_01,1498839682373.7375
2024-01-15T12:54:00,CORE_FUEL_01,747.6955
2024-01-15T12:54:00,CORE_ROD_01,65.121
2024-01-15T12:54:00,CORE_EXIT_01,322.3419
2024-01-15T12:54:00,STEAM_PRES_01,64.9143
2024-01-15T12:54:00,STEAM_FEED_01,349.5341
2024-01-15T12:54:00,STEAM_DELTA_01,25.0735
2024-01-15T12:54:00,STEAM_TEMP_01,265.824
2024-01-15T12:55:00,CORE_FLUX_01,1566853935486.207
2024-01-15T12:55:00,CORE_FUEL_01,772.8935
2024-01-15T12:55:00,CORE_ROD_01,65.3271
2024-01-15T12:55:00,STEAM_PRES_01,64.9141
2024-01-15T12:55:00,STEAM_FEED_01,346.4759
2024-01-15T12:55:00,STEAM_TEMP_01,265.967
2024-01-15T12:56:00,CORE_FLUX_01,1532020927873.0293
2024-01-15T12:56:00,CORE_FUEL_01,764.0394
2024-01-15T12:56:00,CORE_ROD_01,66.3469
2024-01-15T12:56:00,CORE_EXIT_01,321.3261
2024-01-15T12:56:00,STEAM_PRES_01,65.4167
2024-01-15T12:56:00,STEAM_FEED_01,351.7602
2024-01-15T12:56:00,STEAM_DELTA_01,25.1709
2024-01-15T12:56:00,STEAM_TEMP_01,265.7701
2024-01-15T12:57:00,CORE_FLUX_01,1463536028601.2402
2024-01-15T12:57:00,CORE_FUEL_01,749.5354
2024-01-15T12:57:00,CORE_ROD_01,66.3819
2024-01-15T12:57:00,STEAM_PRES_01,64.7181
2024-01-15T12:57:00,STEAM_FEED_01,349.8368
2024-01-15T12:57:00,STEAM_TEMP_01,264.8366
2024-01-15T12:58:00,CORE_FLUX_01,1443814469315.9307
2024-01-15T12:58:00,CORE_FUEL_01,764.091
2024-01-15T12:58:00,CORE_ROD_01,66.1721
2024-01-15T12:58:00,CORE_EXIT_01,318.2227
2024-01-15T12:58:00,STEAM_PRES_01,64.8032
2024-01-15T12:58:00,STEAM_FEED_01,348.9283
2024-01-15T12:58:00,STEAM_DELTA_01,25.3566
2024-01-15T12:58:00,STEAM_TEMP_01,264.4561
2024-01-15T12:59:00,CORE_FLUX_01,1547672054266.6104
2024-01-15T12:59:00,CORE_FUEL_01,760.8913
2024-01-15T12:59:00,CORE_ROD_01,65.5124
2024-01-15T12:59:00,STEAM_PRES_01,65.2463
2024-01-15T12:59:00,STEAM_FEED_01,353.1318
2024-01-15T12:59:00,STEAM_TEMP_01,266.3
2024-01-15T13:00:00,CORE_FLUX_01,1477687401422.011
2024-01-15T13:00:00,CORE_FUEL_01,762.6078
2024-01-15T13:00:00,CORE_ROD_01,65.5721
2024-01-15T13:00:00,CORE_EXIT_01,320.6319
2024-01-15T13:00:00,STEAM_PRES_01,64.8101
2024-01-15T13:00:00,STEAM_FEED_01,347.2183
2024-01-15T13:00:00,STEAM_DELTA_01,24.8947
2024-01-15T13:00:00,STEAM_TEMP_01,264.3219
2024-01-15T13:01:00,CORE_FLUX_01,1472372474112.4875
2024-01-15T13:01:00,CORE_FUEL_01,751.0063
2024-01-15T13:01:00,CORE_ROD_01,64.9826
2024-01-15T13:01:00,STEAM_PRES_01,64.3308
2024-01-15T13:01:00,STEAM_FEED_01,349.2378
2024-01-15T13:01:00,STEAM_TEMP_01,264.4422
2024-01-15T13:02:00,CORE_FLUX_01,1509194673918.0723
2024-01-15T13:02:00,CORE_FUEL_01,744.4807
2024-01-15T13:02:00,CORE_ROD_01,63.9345
2024-01-15T13:02:00,CORE_EXIT_01,322.7687
2024-01-15T13:02:00,STEAM_PRES_01,64.9732
2024-01-15T13:02:00,STEAM_FEED_01,349.0421
2024-01-15T13:02:00,STEAM_DELTA_01,25.1729
2024-01-15T13:02:00,STEAM_TEMP_01,264.7849
2024-01-15T13:03:00,CORE_FLUX_01,1463560915541.1157
2024-01-15T13:03:00,CORE_FUEL_01,744.7567
2024-01-15T13:03:00,CORE_ROD_01,64.7814
2024-01-15T13:03:00,STEAM_PRES_01,64.7903
2024-01-15T13:03:00,STEAM_FEED_01,348.2862
2024-01-15T13:03:00,STEAM_TEMP_01,265.635
2024-01-15T13:04:00,CORE_FLUX_01,1509692636537.6743
2024-01-15T13:04:00,CORE_FUEL_01,728.6552
2024-01-15T13:04:00,CORE_ROD_01,64.9392
2024-01-15T13:04:00,CORE_EXIT_01,319.2882
2024-01-15T13:04:00,STEAM_PRES_01,65.1738
2024-01-15T13:04:00,STEAM_FEED_01,352.0673
2024-01-15T13:04:00,STEAM_DELTA_01,25.357
2024-01-15T13:04:00,STEAM_TEMP_01,265.9434
2024-01-15T13:05:00,CORE_FLUX_01,1519876478122.346
2024-01-15T13:05:00,CORE_FUEL_01,755.1351
2024-01-15T13:05:00,CORE_ROD_01,64.7164
2024-01-15T13:05:00,STEAM_PRES_01,65.1363
2024-01-15T13:05:00,STEAM_FEED_01,351.9882
2024-01-15T13:05:00,STEAM_TEMP_01,265.5733
2024-01-15T13:06:00,CORE_FLUX_01,1519698931638.1626
2024-01-15T13:06:00,CORE_FUEL_01,756.9594
2024-01-15T13:06:00,CORE_ROD_01,65.6118
2024-01-15T13:06:00,CORE_EXIT_01,322.8865
2024-01-15T13:06:00,STEAM_PRES_01,65.2938
2024-01-15T13:06:00,STEAM_FEED_01,351.9687
2024-01-15T13:06:00,STEAM_DELTA_01,25.2949
2024-01-15T13:06:00,STEAM_TEMP_01,265.2854
2024-01-15T13:07:00,CORE_FLUX_01,1441749802790.8215
2024-01-15T13:07:00,CORE_FUEL_01,739.062
2024-01-15T13:07:00,CORE_ROD_01,64.2588
2024-01-15T13:07:00,STEAM_PRES_01,65.041
2024-01-15T13:07:00,STEAM_FEED_01,346.4746
2024-01-15T13:07:00,STEAM_TEMP_01,265.2547
2024-01-15T13:08:00,CORE_FLUX_01,1511658849531.51
2024-01-15T13:08:00,CORE_FUEL_01,767.3328
2024-01-15T13:08:00,CORE_ROD_01,63.6673
2024-01-15T13:08:00,CORE_EXIT_01,320.5356
2024-01-15T13:08:00,STEAM_PRES_01,65.124
2024-01-15T13:08:00,STEAM_FEED_01,349.2319
2024-01-15T13:08:00,STEAM_DELTA_01,25.2936
2024-01-15T13:08:00,STEAM_TEMP_01,266.0754
2024-01-15T13:09:00,CORE_FLUX_01,1494841115079.1853
2024-01-15T13:09:00,CORE_FUEL_01,742.1956
2024-01-15T13:09:00,CORE_ROD_01,62.754
2024-01-15T13:09:00,STEAM_PRES_01,65.1234
2024-01-15T13:09:00,STEAM_FEED_01,352.3259
2024-01-15T13:09:00,STEAM_TEMP_01,265.6893
2024-01-15T13:10:00,CORE_FLUX_01,1460585693292.5244
2024-01-15T13:10:00,CORE_FUEL_01,754.7442
2024-01-15T13:10:00,CORE_ROD_01,65.5369
2024-01-15T13:10:00,CORE_EXIT_01,320.1722
2024-01-15T13:10:00,STEAM_PRES_01,65.1626
2024-01-15T13:10:00,STEAM_FEED_01,349.1742
2024-01-15T13:10:00,STEAM_DELTA_01,25.3318
2024-01-15T13:10:00,STEAM_TEMP_01,264.8154
2024-01-15T13:11:00,CORE_FLUX_01,1476372618833.0981
2024-01-15T13:11:00,CORE_FUEL_01,742.5102
2024-01-15T13:11:00,CORE_ROD_01,65.4538
2024-01-15T13:11:00,STEAM_PRES_01,64.6362
2024-01-15T13:11:00,STEAM_FEED_01,347.2052
2024-01-15T13:11:00,STEAM_TEMP_01,264.7479
2024-01-15T13:12:00,CORE_FLUX_01,1489475502585.6807
2024-01-15T13:12:00,CORE_FUEL_01,750.9079
2024-01-15T13:12:00,CORE_ROD_01,64.5541
2024-01-15T13:12:00,CORE_EXIT_01,321.7743
2024-01-15T13:12:00,STEAM_PRES_01,64.7675
2024-01-15T13:12:00,STEAM_FEED_01,351.2729
2024-01-15T13:12:00,STEAM_DELTA_01,25.223
2024-01-15T13:12:00,STEAM_TEMP_01,265.8295
2024-01-15T13:13:00,CORE_FLUX_01,1460952862334.3088
2024-01-15T13:13:00,CORE_FUEL_01,750.1743
2024-01-15T13:13:00,CORE_ROD_01,64.8774
2024-01-15T13:13:00,STEAM_PRES_01,64.7225
2024-01-15T13:13:00,STEAM_FEED_01,352.4856
2024-01-15T13:13:00,STEAM_TEMP_01,264.5209
2024-01-15T13:14:00,CORE_FLUX_01,1538401131752.068
2024-01-15T13:14:00,CORE_FUEL_01,762.1823
2024-01-15T13:14:00,CORE_ROD_01,63.7647
2024-01-15T13:14:00,CORE_EXIT_01,320.1711
2024-01-15T13:14:00,STEAM_PRES_01,64.8665
2024-01-15T13:14:00,STEAM_FEED_01,351.9929
2024-01-15T13:14:00,STEAM_DELTA_01,25.4467
2024-01-15T13:14:00,STEAM_TEMP_01,265.3985
2024-01-15T13:15:00,CORE_FLUX_01,1465782628379.5266
2024-01-15T13:15:00,CORE_FUEL_01,745.7339
2024-01-15T13:15:00,CORE_ROD_01,64.4746
2024-01-15T13:15:00,STEAM_PRES_01,64.8665
2024-01-15T13:15:00,STEAM_FEED_01,347.327
2024-01-15T13:15:00,STEAM_TEMP_01,264.8112
2024-01-15T13:16:00,CORE_FLUX_01,1495960283855.2878
2024-01-15T13:16:00,CORE_FUEL_01,744.2487
2024-01-15T13:16:00,CORE_ROD_01,63.5875
2024-01-15T13:16:00,CORE_EXIT_01,320.4871
2024-01-15T13:16:00,STEAM_PRES_01,65.0329
2024-01-15T13:16:00,STEAM_FEED_01,350.2425
2024-01-15T13:16:00,STEAM_DELTA_01,25.0793
2024-01-15T13:16:00,STEAM_TEMP_01,266.6483
2024-01-15T13:17:00,CORE_FLUX_01,1504438704119.787
2024-01-15T13:17:00,CORE_FUEL_01,757.9354
2024-01-15T13:17:00,CORE_ROD_01,65.0231
2024-01-15T13:17:00,STEAM_PRES_01,65.0291
2024-01-15T13:17:00,STEAM_FEED_01,349.5991
2024-01-15T13:17:00,STEAM_TEMP_01,265.747
2024-01-15T13:18:00,CORE_FLUX_01,1515368193027.9324
2024-01-15T13:18:00,CORE_FUEL_01,745.9729
2024-01-15T13:18:00,CORE_ROD_01,63.0369
2024-01-15T13:18:00,CORE_EXIT_01,322.144
2024-01-15T13:18:00,STEAM_PRES_01,64.9746
2024-01-15T13:18:00,STEAM_FEED_01,349.5785
2024-01-15T13:18:00,STEAM_DELTA_01,25.1054
2024-01-15T13:18:00,STEAM_TEMP_01,265.4398
2024-01-15T13:19:00,CORE_FLUX_01,1550344765893.1824
2024-01-15T13:19:00,CORE_FUEL_01,745.6004
2024-01-15T13:19:00,CORE_ROD_01,66.2989
2024-01-15T13:19:00,STEAM_PRES_01,64.9142
2024-01-15T13:19:00,STEAM_FEED_01,347.5151
2024-01-15T13:19:00,STEAM_TEMP_01,265.062
2024-01-15T13:20:00,CORE_FLUX_01,1529853900456.2185
2024-01-15T13:20:00,CORE_FUEL_01,756.3375
2024-01-15T13:20:00,CORE_ROD_01,67.2626
2024-01-15T13:20:00,CORE_EXIT_01,319.6713
2024-01-15T13:20:00,STEAM_PRES_01,65.3321
2024-01-15T13:20:00,STEAM_FEED_01,352.7472
2024-01-15T13:20:00,STEAM_DELTA_01,25.2034
2024-01-15T13:20:00,STEAM_TEMP_01,265.4664
2024-01-15T13:21:00,CORE_FLUX_01,1464955161601.7214
2024-01-15T13:21:00,CORE_FUEL_01,741.9816
2024-01-15T13:21:00,CORE_ROD_01,64.0968
2024-01-15T13:21:00,STEAM_PRES_01,64.9634
2024-01-15T13:21:00,STEAM_FEED_01,350.6745
2024-01-15T13:21:00,STEAM_TEMP_01,265.6187
2024-01-15T13:22:00,CORE_FLUX_01,1499076959127.44
2024-01-15T13:22:00,CORE_FUEL_01,743.7783
2024-01-15T13:22:00,CORE_ROD_01,64.0856
2024-01-15T13:22:00,CORE_EXIT_01,320.181
2024-01-15T13:22:00,STEAM_PRES_01,64.9299
2024-01-15T13:22:00,STEAM_FEED_01,350.8082
2024-01-15T13:22:00,STEAM_DELTA_01,25.0583
2024-01-15T13:22:00,STEAM_TEMP_01,265.2006
2024-01-15T13:23:00,CORE_FLUX_01,1507239827694.743
2024-01-15T13:23:00,CORE_FUEL_01,736.3938
2024-01-15T13:23:00,CORE_ROD_01,65.3882
2024-01-15T13:23:00,STEAM_PRES_01,64.9509
2024-01-15T13:23:00,STEAM_FEED_01,347.5474
2024-01-15T13:23:00,STEAM_TEMP_01,264.9958
2024-01-15T13:24:00,CORE_FLUX_01,1516326106197.2222
2024-01-15T13:24:00,CORE_FUEL_01,762.2278
2024-01-15T13:24:00,CORE_ROD_01,65.6463
2024-01-15T13:24:00,CORE_EXIT_01,319.7521
2024-01-15T13:24:00,STEAM_PRES_01,64.9003
2024-01-15T13:24:00,STEAM_FEED_01,344.2597
2024-01-15T13:24:00,STEAM_DELTA_01,24.9178
2024-01-15T13:24:00,STEAM_TEMP_01,264.2046
2024-01-15T13:25:00,CORE_FLUX_01,1547677771913.1348
2024-01-15T13:25:00,CORE_FUEL_01,753.3607
2024-01-15T13:25:00,CORE_ROD_01,65.1927
2024-01-15T13:25:00,STEAM_PRES_01,65.0997
2024-01-15T13:25:00,STEAM_FEED_01,350.0213
2024-01-15T13:25:00,STEAM_TEMP_01,264.9047
2024-01-15T13:26:00,CORE_FLUX_01,1541997998553.912
2024-01-15T13:26:00,CORE_FUEL_01,750.0684
2024-01-15T13:26:00,CORE_ROD_01,62.824
2024-01-15T13:26:00,CORE_EXIT_01,320.9693
2024-01-15T13:26:00,STEAM_PRES_01,64.8698
2024-01-15T13:26:00,STEAM_FEED_01,350.301
2024-01-15T13:26:00,STEAM_DELTA_01,24.8769
2024-01-15T13:26:00,STEAM_TEMP_01,265.4524
2024-01-15T13:27:00,CORE_FLUX_01,1489610967005.115
2024-01-15T13:27:00,CORE_FUEL_01,746.5328
2024-01-15T13:27:00,CORE_ROD_01,65.6384
2024-01-15T13:27:00,STEAM_PRES_01,64.8479
2024-01-15T13:27:00,STEAM_FEED_01,350.3433
2024-01-15T13:27:00,STEAM_TEMP_01,265.678
2024-01-15T13:28:00,CORE_FLUX_01,1554318702903.724
2024-01-15T13:28:00,CORE_FUEL_01,772.4224
2024-01-15T13:28:00,CORE_ROD_01,66.9344
2024-01-15T13:28:00,CORE_EXIT_01,320.1148
2024-01-15T13:28:00,STEAM_PRES_01,65.4206
2024-01-15T13:28:00,STEAM_FEED_01,350.9769
2024-01-15T13:28:00,STEAM_DELTA_01,25.4631
2024-01-15T13:28:00,STEAM_TEMP_01,265.3606
2024-01-15T13:29:00,CORE_FLUX_01,1514228393266.651
2024-01-15T13:29:00,CORE_FUEL_01,755.3887
2024-01-15T13:29:00,CORE_ROD_01,64.7561
2024-01-15T13:29:00,STEAM_PRES_01,65.0596
2024-01-15T13:29:00,STEAM_FEED_01,351.6709
2024-01-15T13:29:00,STEAM_TEMP_01,265.4433
2024-01-15T13:30:00,CORE_FLUX_01,1430704104198.2234
2024-01-15T13:30:00,CORE_FUEL_01,752.8715
2024-01-15T13:30:00,CORE_ROD_01,64.7921
2024-01-15T13:30:00,CORE_EXIT_01,321.1604
2024-01-15T13:30:00,STEAM_PRES_01,64.54
2024-01-15T13:30:00,STEAM_FEED_01,347.8123
2024-01-15T13:30:00,STEAM_DELTA_01,24.8124
2024-01-15T13:30:00,STEAM_TEMP_01,265.1591
2024-01-15T13:31:00,CORE_FLUX_01,1518304886516.2258
2024-01-15T13:31:00,CORE_FUEL_01,765.0521
2024-01-15T13:31:00,CORE_ROD_01,66.3612
2024-01-15T13:31:00,STEAM_PRES_01,65.0273
2024-01-15T13:31:00,STEAM_FEED_01,351.8318
2024-01-15T13:31:00,STEAM_TEMP_01,264.8553
2024-01-15T13:32:00,CORE_FLUX_01,1491698856360.8232
2024-01-15T13:32:00,CORE_FUEL_01,755.4581
2024-01-15T13:32:00,CORE_ROD_01,65.3044
2024-01-15T13:32:00,CORE_EXIT_01,320.1245
2024-01-15T13:32:00,STEAM_PRES_01,64.9196
2024-01-15T13:32:00,STEAM_FEED_01,347.1511
2024-01-15T13:32:00,STEAM_DELTA_01,24.9545
2024-01-15T13:32:00,STEAM_TEMP_01,265.2806
2024-01-15T13:33:00,CORE_FLUX_01,1509661886126.2146
2024-01-15T13:33:00,CORE_FUEL_01,755.3613
2024-01-15T13:33:00,CORE_ROD_01,65.277
2024-01-15T13:33:00,STEAM_PRES_01,65.3628
2024-01-15T13:33:00,STEAM_FEED_01,355.6146
2024-01-15T13:33:00,STEAM_TEMP_01,266.9805
2024-01-15T13:34:00,CORE_FLUX_01,1546386720122.0923
2024-01-15T13:34:00,CORE_FUEL_01,741.3827
2024-01-15T13:34:00,CORE_ROD_01,64.9947
2024-01-15T13:34:00,CORE_EXIT_01,319.7183
2024-01-15T13:34:00,STEAM_PRES_01,64.963
2024-01-15T13:34:00,STEAM_FEED_01,351.4178
2024-01-15T13:34:00,STEAM_DELTA_01,25.1848
2024-01-15T13:34:00,STEAM_TEMP_01,265.3271
2024-01-15T13:35:00,CORE_FLUX_01,1449413481396.1692
2024-01-15T13:35:00,CORE_FUEL_01,742.1203
2024-01-15T13:35:00,CORE_ROD_01,66.4975
2024-01-15T13:35:00,STEAM_PRES_01,64.8379
2024-01-15T13:35:00,STEAM_FEED_01,347.5827
2024-01-15T13:35:00,STEAM_TEMP_01,264.2078
2024-01-15T13:36:00,CORE_FLUX_01,1497685371265.8372
2024-01-15T13:36:00,CORE_FUEL_01,747.1245
2024-01-15T13:36:00,CORE_ROD_01,65.7585
2024-01-15T13:36:00,CORE_EXIT_01,320.5281
2024-01-15T13:36:00,STEAM_PRES_01,65.3392
2024-01-15T13:36:00,STEAM_FEED_01,349.6763
2024-01-15T13:36:00,STEAM_DELTA_01,25.2386
2024-01-15T13:36:00,STEAM_TEMP_01,265.557
2024-01-15T13:37:00,CORE_FLUX_01,1551040899443.4636
2024-01-15T13:37:00,CORE_FUEL_01,749.2352
2024-01-15T13:37:00,CORE_ROD_01,64.1778
2024-01-15T13:37:00,STEAM_PRES_01,64.6268
2024-01-15T13:37:00,STEAM_FEED_01,345.913
2024-01-15T13:37:00,STEAM_TEMP_01,265.3151
2024-01-15T13:38:00,CORE_FLUX_01,1505337416144.381
2024-01-15T13:38:00,CORE_FUEL_01,751.535
2024-01-15T13:38:00,CORE_ROD_01,64.3864
2024-01-15T13:38:00,CORE_EXIT_01,319.9889
2024-01-15T13:38:00,STEAM_PRES_01,65.0738
2024-01-15T13:38:00,STEAM_FEED_01,352.8627
2024-01-15T13:38:00,STEAM_DELTA_01,24.9574
2024-01-15T13:38:00,STEAM_TEMP_01,265.4794
2024-01-15T13:39:00,CORE_FLUX_01,1515568177188.5847
2024-01-15T13:39:00,CORE_FUEL_01,734.2314
2024-01-15T13:39:00,CORE_ROD_01,67.8881
2024-01-15T13:39:00,STEAM_PRES_01,65.1842
2024-01-15T13:39:00,STEAM_FEED_01,348.1949
2024-01-15T13:39:00,STEAM_TEMP_01,265.1544
2024-01-15T13:40:00,CORE_FLUX_01,1514110415939.8652
2024-01-15T13:40:00,CORE_FUEL_01,755.0074
2024-01-15T13:40:00,CORE_ROD_01,64.2814
2024-01-15T13:40:00,CORE_EXIT_01,321.0283
2024-01-15T13:40:00,STEAM_PRES_01,64.8855
2024-01-15T13:40:00,STEAM_FEED_01,352.2963
2024-01-15T13:40:00,STEAM_DELTA_01,25.4496
2024-01-15T13:40:00,STEAM_TEMP_01,265.2998
2024-01-15T13:41:00,CORE_FLUX_01,1478710351823.4197
2024-01-15T13:41:00,CORE_FUEL_01,756.3581
2024-01-15T13:41:00,CORE_ROD_01,64.7046
2024-01-15T13:41:00,STEAM_PRES_01,65.2508
2024-01-15T13:41:00,STEAM_FEED_01,351.2416
2024-01-15T13:41:00,STEAM_TEMP_01,265.5609
2024-01-15T13:42:00,CORE_FLUX_01,1479269296493.1777
2024-01-15T13:42:00,CORE_FUEL_01,756.9347
2024-01-15T13:42:00,CORE_ROD_01,65.3909
2024-01-15T13:42:00,CORE_EXIT_01,321.074
2024-01-15T13:42:00,STEAM_PRES_01,64.9323
2024-01-15T13:42:00,STEAM_FEED_01,353.4747
2024-01-15T13:42:00,STEAM_DELTA_01,24.8145
2024-01-15T13:42:00,STEAM_TEMP_01,264.8413
2024-01-15T13:43:00,CORE_FLUX_01,1537141474619.7222
2024-01-15T13:43:00,CORE_FUEL_01,750.81
2024-01-15T13:43:00,CORE_ROD_01,63.0549
2024-01-15T13:43:00,STEAM_PRES_01,65.5081
2024-01-15T13:43:00,STEAM_FEED_01,353.261
2024-01-15T13:43:00,STEAM_TEMP_01,266.5009
2024-01-15T13:44:00,CORE_FLUX_01,1517485537736.6958
2024-01-15T13:44:00,CORE_FUEL_01,747.511
2024-01-15T13:44:00,CORE_ROD_01,65.3299
2024-01-15T13:44:00,CORE_EXIT_01,320.416
2024-01-15T13:44:00,STEAM_PRES_01,64.9479
2024-01-15T13:44:00,STEAM_FEED_01,348.1368
2024-01-15T13:44:00,STEAM_DELTA_01,24.8351
2024-01-15T13:44:00,STEAM_TEMP_01,265.4613
2024-01-15T13:45:00,CORE_FLUX_01,1549839240861.753
2024-01-15T13:45:00,CORE_FUEL_01,772.5684
2024-01-15T13:45:00,CORE_ROD_01,64.9381
2024-01-15T13:45:00,STEAM_PRES_01,64.8144
2024-01-15T13:45:00,STEAM_FEED_01,350.0468
2024-01-15T13:45:00,STEAM_TEMP_01,265.8292
2024-01-15T13:46:00,CORE_FLUX_01,1522316608786.3423
2024-01-15T13:46:00,CORE_FUEL_01,750.8895
2024-01-15T13:46:00,CORE_ROD_01,65.4203
2024-01-15T13:46:00,CORE_EXIT_01,321.3349
2024-01-15T13:46:00,STEAM_PRES_01,65.01
2024-01-15T13:46:00,STEAM_FEED_01,352.8397
2024-01-15T13:46:00,STEAM_DELTA_01,25.095
2024-01-15T13:46:00,STEAM_TEMP_01,265.2879
2024-01-15T13:47:00,CORE_FLUX_01,1512179889994.3176
2024-01-15T13:47:00,CORE_FUEL_01,730.7695
2024-01-15T13:47:00,CORE_ROD_01,65.1447
2024-01-15T13:47:00,STEAM_PRES_01,65.0557
2024-01-15T13:47:00,STEAM_FEED_01,347.1429
2024-01-15T13:47:00,STEAM_TEMP_01,264.4931
2024-01-15T13:48:00,CORE_FLUX_01,1513720327958.346
2024-01-15T13:48:00,CORE_FUEL_01,751.2906
2024-01-15T13:48:00,CORE_ROD_01,63.4667
2024-01-15T13:48:00,CORE_EXIT_01,318.6159
2024-01-15T13:48:00,STEAM_PRES_01,64.8735
2024-01-15T13:48:00,STEAM_FEED_01,348.6388
2024-01-15T13:48:00,STEAM_DELTA_01,25.0
2024-01-15T13:48:00,STEAM_TEMP_01,264.902
2024-01-15T13:49:00,CORE_FLUX_01,1496506962557.4512
2024-01-15T13:49:00,CORE_FUEL_01,767.308
2024-01-15T13:49:00,CORE_ROD_01,65.0446
2024-01-15T13:49:00,STEAM_PRES_01,65.0771
2024-01-15T13:49:00,STEAM_FEED_01,352.9785
2024-01-15T13:49:00,STEAM_TEMP_01,266.0148
2024-01-15T13:50:00,CORE_FLUX_01,1474001574464.9338
2024-01-15T13:50:00,CORE_FUEL_01,742.6906
2024-01-15T13:50:00,CORE_ROD_01,65.7464
2024-01-15T13:50:00,CORE_EXIT_01,322.777
2024-01-15T13:50:00,STEAM_PRES_01,64.9035
2024-01-15T13:50:00,STEAM_FEED_01,347.005
2024-01-15T13:50:00,STEAM_DELTA_01,24.9022
2024-01-15T13:50:00,STEAM_TEMP_01,265.1549
2024-01-15T13:51:00,CORE_FLUX_01,1488695216739.2126
2024-01-15T13:51:00,CORE_FUEL_01,736.8996
2024-01-15T13:51:00,CORE_ROD_01,63.9948
2024-01-15T13:51:00,STEAM_PRES_01,64.7232
2024-01-15T13:51:00,STEAM_FEED_01,347.0415
2024-01-15T13:51:00,STEAM_TEMP_01,263.934
2024-01-15T13:52:00,CORE_FLUX_01,1515233350838.2107
2024-01-15T13:52:00,CORE_FUEL_01,762.0473
2024-01-15T13:52:00,CORE_ROD_01,65.1439
2024-01-15T13:52:00,CORE_EXIT_01,317.5771
2024-01-15T13:52:00,STEAM_PRES_01,65.2461
2024-01-15T13:52:00,STEAM_FEED_01,351.3583
2024-01-15T13:52:00,STEAM_DELTA_01,25.2729
2024-01-15T13:52:00,STEAM_TEMP_01,265.572
2024-01-15T13:53:00,CORE_FLUX_01,1546360390286.6877
2024-01-15T13:53:00,CORE_FUEL_01,755.7969
2024-01-15T13:53:00,CORE_ROD_01,63.7248
2024-01-15T13:53:00,STEAM_PRES_01,64.9201
2024-01-15T13:53:00,STEAM_FEED_01,349.9438
2024-01-15T13:53:00,STEAM_TEMP_01,265.5643
2024-01-15T13:54:00,CORE_FLUX_01,1466271102283.0127
2024-01-15T13:54:00,CORE_FUEL_01,756.2704
2024-01-15T13:54:00,CORE_ROD_01,64.1404
2024-01-15T13:54:00,CORE_EXIT_01,318.2675
2024-01-15T13:54:00,STEAM_PRES_01,65.2707
2024-01-15T13:54:00,STEAM_FEED_01,351.8059
2024-01-15T13:54:00,STEAM_DELTA_01,25.0893
2024-01-15T13:54:00,STEAM_TEMP_01,265.799
2024-01-15T13:55:00,CORE_FLUX_01,1512691896054.9778
2024-01-15T13:55:00,CORE_FUEL_01,751.0314
2024-01-15T13:55:00,CORE_ROD_01,65.3141
2024-01-15T13:55:00,STEAM_PRES_01,65.3057
2024-01-15T13:55:00,STEAM_FEED_01,353.1119
2024-01-15T13:55:00,STEAM_TEMP_01,266.2017
2024-01-15T13:56:00,CORE_FLUX_01,1428237835663.034
2024-01-15T13:56:00,CORE_FUEL_01,746.5813
2024-01-15T13:56:00,CORE_ROD_01,65.6762
2024-01-15T13:56:00,CORE_EXIT_01,322.651
2024-01-15T13:56:00,STEAM_PRES_01,65.0277
2024-01-15T13:56:00,STEAM_FEED_01,350.3798
2024-01-15T13:56:00,STEAM_DELTA_01,25.0921
2024-01-15T13:56:00,STEAM_TEMP_01,264.952
2024-01-15T13:57:00,CORE_FLUX_01,1436729335504.223
2024-01-15T13:57:00,CORE_FUEL_01,749.949
2024-01-15T13:57:00,CORE_ROD_01,65.1248
2024-01-15T13:57:00,STEAM_PRES_01,65.2229
2024-01-15T13:57:00,STEAM_FEED_01,349.053
2024-01-15T13:57:00,STEAM_TEMP_01,264.6686
2024-01-15T13:58:00,CORE_FLUX_01,1511412409904.2566
2024-01-15T13:58:00,CORE_FUEL_01,751.5075
2024-01-15T13:58:00,CORE_ROD_01,63.9631
2024-01-15T13:58:00,CORE_EXIT_01,320.2523
2024-01-15T13:58:00,STEAM_PRES_01,65.0373
2024-01-15T13:58:00,STEAM_FEED_01,349.4333
2024-01-15T13:58:00,STEAM_DELTA_01,25.021
2024-01-15T13:58:00,STEAM_TEMP_01,264.5453
2024-01-15T13:59:00,CORE_FLUX_01,1434711026212.257
2024-01-15T13:59:00,CORE_FUEL_01,772.9838
2024-01-15T13:59:00,CORE_ROD_01,65.7514
2024-01-15T13:59:00,STEAM_PRES_01,65.4686
2024-01-15T13:59:00,STEAM_FEED_01,351.4048
2024-01-15T13:59:00,STEAM_TEMP_01,265.8829
2024-01-15T14:00:00,CORE_FLUX_01,1503578957598.939
2024-01-15T14:00:00,CORE_FUEL_01,765.292
2024-01-15T14:00:00,CORE_ROD_01,65.5802
2024-01-15T14:00:00,CORE_EXIT_01,320.512
2024-01-15T14:00:00,STEAM_PRES_01,65.3154
2024-01-15T14:00:00,STEAM_FEED_01,350.0946
2024-01-15T14:00:00,STEAM_DELTA_01,24.8545
2024-01-15T14:00:00,STEAM_TEMP_01,265.8819
2024-01-15T14:01:00,CORE_FLUX_01,1480837988573.3193
2024-01-15T14:01:00,CORE_FUEL_01,756.7406
2024-01-15T14:01:00,CORE_ROD_01,64.3102
2024-01-15T14:01:00,STEAM_PRES_01,64.9163
2024-01-15T14:01:00,STEAM_FEED_01,348.241
2024-01-15T14:01:00,STEAM_TEMP_01,264.5783
2024-01-15T14:02:00,CORE_FLUX_01,1460146566712.9756
2024-01-15T14:02:00,CORE_FUEL_01,752.3362
2024-01-15T14:02:00,CORE_ROD_01,63.761
2024-01-15T14:02:00,CORE_EXIT_01,320.4703
2024-01-15T14:02:00,STEAM_PRES_01,65.098
2024-01-15T14:02:00,STEAM_FEED_01,352.785
2024-01-15T14:02:00,STEAM_DELTA_01,25.3148
2024-01-15T14:02:00,STEAM_TEMP_01,265.9011
2024-01-15T14:03:00,CORE_FLUX_01,1488601023291.81
2024-01-15T14:03:00,CORE_FUEL_01,755.6533
2024-01-15T14:03:00,CORE_ROD_01,64.43
2024-01-15T14:03:00,STEAM_PRES_01,65.0595
2024-01-15T14:03:00,STEAM_FEED_01,350.36
2024-01-15T14:03:00,STEAM_TEMP_01,264.4365
2024-01-15T14:04:00,CORE_FLUX_01,1496119973222.9653
2024-01-15T14:04:00,CORE_FUEL_01,763.0783
2024-01-15T14:04:00,CORE_ROD_01,62.2481
2024-01-15T14:04:00,CORE_EXIT_01,316.6996
2024-01-15T14:04:00,STEAM_PRES_01,64.9865
2024-01-15T14:04:00,STEAM_FEED_01,352.531
2024-01-15T14:04:00,STEAM_DELTA_01,24.9229
2024-01-15T14:04:00,STEAM_TEMP_01,264.5706
2024-01-15T14:05:00,CORE_FLUX_01,1539076012971.1387
2024-01-15T14:05:00,CORE_FUEL_01,751.0174
2024-01-15T14:05:00,CORE_ROD_01,65.4053
2024-01-15T14:05:00,STEAM_PRES_01,64.8446
2024-01-15T14:05:00,STEAM_FEED_01,346.9087
2024-01-15T14:05:00,STEAM_TEMP_01,264.0303
2024-01-15T14:06:00,CORE_FLUX_01,1481993169676.6753
2024-01-15T14:06:00,CORE_FUEL_01,734.8955
2024-01-15T14:06:00,CORE_ROD_01,65.8354
2024-01-15T14:06:00,CORE_EXIT_01,321.42
2024-01-15T14:06:00,STEAM_PRES_01,64.9374
2024-01-15T14:06:00,STEAM_FEED_01,347.0549
2024-01-15T14:06:00,STEAM_DELTA_01,24.7432
2024-01-15T14:06:00,STEAM_TEMP_01,264.7618
2024-01-15T14:07:00,CORE_FLUX_01,1466455805135.6367
2024-01-15T14:07:00,CORE_FUEL_01,759.4918
2024-01-15T14:07:00,CORE_ROD_01,64.9324
2024-01-15T14:07:00,STEAM_PRES_01,64.6069
2024-01-15T14:07:00,STEAM_FEED_01,349.0031
2024-01-15T14:07:00,STEAM_TEMP_01,264.9108
2024-01-15T14:08:00,CORE_FLUX_01,1516612466859.758
2024-01-15T14:08:00,CORE_FUEL_01,757.6485
2024-01-15T14:08:00,CORE_ROD_01,65.5045
2024-01-15T14:08:00,CORE_EXIT_01,318.7083
2024-01-15T14:08:00,STEAM_PRES_01,64.722
2024-01-15T14:08:00,STEAM_FEED_01,344.94
2024-01-15T14:08:00,STEAM_DELTA_01,24.7483
2024-01-15T14:08:00,STEAM_TEMP_01,264.0479
2024-01-15T14:09:00,CORE_FLUX_01,1533790205814.4602
2024-01-15T14:09:00,CORE_FUEL_01,744.082
2024-01-15T14:09:00,CORE_ROD_01,65.762
2024-01-15T14:09:00,STEAM_PRES_01,65.1225
2024-01-15T14:09:00,STEAM_FEED_01,352.5462
2024-01-15T14:09:00,STEAM_TEMP_01,264.5148
2024-01-15T14:10:00,CORE_FLUX_01,1533582372578.1082
2024-01-15T14:10:00,CORE_FUEL_01,744.3915
2024-01-15T14:10:00,CORE_ROD_01,65.2098
2024-01-15T14:10:00,CORE_EXIT_01,319.8367
2024-01-15T14:10:00,STEAM_PRES_01,65.1098
2024-01-15T14:10:00,STEAM_FEED_01,347.3004
2024-01-15T14:10:00,STEAM_DELTA_01,24.8202
2024-01-15T14:10:00,STEAM_TEMP_01,264.7587
2024-01-15T14:11:00,CORE_FLUX_01,1461154777332.6125
2024-01-15T14:11:00,CORE_FUEL_01,748.7287
2024-01-15T14:11:00,CORE_ROD_01,65.0176
2024-01-15T14:11:00,STEAM_PRES_01,64.9513
2024-01-15T14:11:00,STEAM_FEED_01,350.2406
2024-01-15T14:11:00,STEAM_TEMP_01,264.7623
2024-01-15T14:12:00,CORE_FLUX_01,1491953120382.1423
2024-01-15T14:12:00,CORE_FUEL_01,752.8331
2024-01-15T14:12:00,CORE_ROD_01,64.4638
2024-01-15T14:12:00,CORE_EXIT_01,318.6993
2024-01-15T14:12:00,STEAM_PRES_01,65.1972
2024-01-15T14:12:00,STEAM_FEED_01,350.0047
2024-01-15T14:12:00,STEAM_DELTA_01,24.7319
2024-01-15T14:12:00,STEAM_TEMP_01,265.3049
2024-01-15T14:13:00,CORE_FLUX_01,1496226777525.2026
2024-01-15T14:13:00,CORE_FUEL_01,735.1009
2024-01-15T14:13:00,CORE_ROD_01,65.3799
2024-01-15T14:13:00,STEAM_PRES_01,64.862
2024-01-15T14:13:00,STEAM_FEED_01,350.2927
2024-01-15T14:13:00,STEAM_TEMP_01,264.9651
2024-01-15T14:14:00,CORE_FLUX_01,1510009954199.0908
2024-01-15T14:14:00,CORE_FUEL_01,758.4124
2024-01-15T14:14:00,CORE_ROD_01,64.7668
2024-01-15T14:14:00,CORE_EXIT_01,320.9692
2024-01-15T14:14:00,STEAM_PRES_01,65.3559
2024-01-15T14:14:00,STEAM_FEED_01,353.7508
2024-01-15T14:14:00,STEAM_DELTA_01,25.1454
2024-01-15T14:14:00,STEAM_TEMP_01,265.435
2024-01-15T14:15:00,CORE_FLUX_01,1441537255601.4019
2024-01-15T14:15:00,CORE_FUEL_01,737.9448
2024-01-15T14:15:00,CORE_ROD_01,64.157
2024-01-15T14:15:00,STEAM_PRES_01,65.0824
2024-01-15T14:15:00,STEAM_FEED_01,352.3586
2024-01-15T14:15:00,STEAM_TEMP_01,265.9814
2024-01-15T14:16:00,CORE_FLUX_01,1509080166324.8542
2024-01-15T14:16:00,CORE_FUEL_01,751.5574
2024-01-15T14:16:00,CORE_ROD_01,66.6866
2024-01-15T14:16:00,CORE_EXIT_01,321.1891
2024-01-15T14:16:00,STEAM_PRES_01,64.5072
2024-01-15T14:16:00,STEAM_FEED_01,347.8562
2024-01-15T14:16:00,STEAM_DELTA_01,25.037
2024-01-15T14:16:00,STEAM_TEMP_01,263.9697
2024-01-15T14:17:00,CORE_FLUX_01,1523239668278.2
2024-01-15T14:17:00,CORE_FUEL_01,762.9288
2024-01-15T14:17:00,CORE_ROD_01,64.5645
2024-01-15T14:17:00,STEAM_PRES_01,65.0676
2024-01-15T14:17:00,STEAM_FEED_01,351.142
2024-01-15T14:17:00,STEAM_TEMP_01,265.1363
2024-01-15T14:18:00,CORE_FLUX_01,1519604969132.8928
2024-01-15T14:18:00,CORE_FUEL_01,756.5652
2024-01-15T14:18:00,CORE_ROD_01,66.7564
2024-01-15T14:18:00,CORE_EXIT_01,317.9058
2024-01-15T14:18:00,STEAM_PRES_01,65.294
2024-01-15T14:18:00,STEAM_FEED_01,350.0431
2024-01-15T14:18:00,STEAM_DELTA_01,25.1407
2024-01-15T14:18:00,STEAM_TEMP_01,265.5731
2024-01-15T14:19:00,CORE_FLUX_01,1452541517380.517
2024-01-15T14:19:00,CORE_FUEL_01,741.8201
2024-01-15T14:19:00,CORE_ROD_01,65.3585
2024-01-15T14:19:00,STEAM_PRES_01,64.7312
2024-01-15T14:19:00,STEAM_FEED_01,348.1752
2024-01-15T14:19:00,STEAM_TEMP_01,263.649
2024-01-15T14:20:00,CORE_FLUX_01,1457125335309.1904
2024-01-15T14:20:00,CORE_FUEL_01,767.9552
2024-01-15T14:20:00,CORE_ROD_01,64.3819
2024-01-15T14:20:00,CORE_EXIT_01,321.6992
2024-01-15T14:20:00,STEAM_PRES_01,64.9531
2024-01-15T14:20:00,STEAM_FEED_01,350.5562
2024-01-15T14:20:00,STEAM_DELTA_01,24.8187
2024-01-15T14:20:00,STEAM_TEMP_01,263.2384
2024-01-15T14:21:00,CORE_FLUX_01,1502765408304.7727
2024-01-15T14:21:00,CORE_FUEL_01,741.8994
2024-01-15T14:21:00,CORE_ROD_01,65.388
2024-01-15T14:21:00,STEAM_PRES_01,65.1446
2024-01-15T14:21:00,STEAM_FEED_01,355.3547
2024-01-15T14:21:00,STEAM_TEMP_01,264.966
2024-01-15T14:22:00,CORE_FLUX_01,1497694263802.0654
2024-01-15T14:22:00,CORE_FUEL_01,754.2014
2024-01-15T14:22:00,CORE_ROD_01,64.2935
2024-01-15T14:22:00,CORE_EXIT_01,319.0947
2024-01-15T14:22:00,STEAM_PRES_01,64.9201
2024-01-15T14:22:00,STEAM_FEED_01,350.4677
2024-01-15T14:22:00,STEAM_DELTA_01,24.898
2024-01-15T14:22:00,STEAM_TEMP_01,264.846
2024-01-15T14:23:00,CORE_FLUX_01,1459745799505.9783
2024-01-15T14:23:00,CORE_FUEL_01,744.771
2024-01-15T14:23:00,CORE_ROD_01,65.6543
2024-01-15T14:23:00,STEAM_PRES_01,64.8964
2024-01-15T14:23:00,STEAM_FEED_01,348.3266
2024-01-15T14:23:00,STEAM_TEMP_01,264.876
2024-01-15T14:24:00,CORE_FLUX_01,1488074981406.0098
2024-01-15T14:24:00,CORE_FUEL_01,761.8205
2024-01-15T14:24:00,CORE_ROD_01,63.3242
2024-01-15T14:24:00,CORE_EXIT_01,318.4014
2024-01-15T14:24:00,STEAM_PRES_01,64.7989
2024-01-15T14:24:00,STEAM_FEED_01,349.9707
2024-01-15T14:24:00,STEAM_DELTA_01,25.0917
2024-01-15T14:24:00,STEAM_TEMP_01,264.6739
2024-01-15T14:25:00,CORE_FLUX_01,1506143937265.029
2024-01-15T14:25:00,CORE_FUEL_01,750.6629
2024-01-15T14:25:00,CORE_ROD_01,64.1282
2024-01-15T14:25:00,STEAM_PRES_01,64.9105
2024-01-15T14:25:00,STEAM_FEED_01,350.3831
2024-01-15T14:25:00,STEAM_TEMP_01,265.0377
2024-01-15T14:26:00,CORE_FLUX_01,1484093798220.0464
2024-01-15T14:26:00,CORE_FUEL_01,761.1768
2024-01-15T14:26:00,CORE_ROD_01,65.7205
2024-01-15T14:26:00,CORE_EXIT_01,320.2966
2024-01-15T14:26:00,STEAM_PRES_01,64.7816
2024-01-15T14:26:00,STEAM_FEED_01,346.114
2024-01-15T14:26:00,STEAM_DELTA_01,24.7158
2024-01-15T14:26:00,STEAM_TEMP_01,263.8712
2024-01-15T14:27:00,CORE_FLUX_01,1479955392892.353
2024-01-15T14:27:00,CORE_FUEL_01,753.381
2024-01-15T14:27:00,CORE_ROD_01,64.3508
2024-01-15T14:27:00,STEAM_PRES_01,65.1191
2024-01-15T14:27:00,STEAM_FEED_01,352.6276
2024-01-15T14:27:00,STEAM_TEMP_01,265.9928
2024-01-15T14:28:00,CORE_FLUX_01,1461290391308.6145
2024-01-15T14:28:00,CORE_FUEL_01,763.323
2024-01-15T14:28:00,CORE_ROD_01,63.8699
2024-01-15T14:28:00,CORE_EXIT_01,322.7897
2024-01-15T14:28:00,STEAM_PRES_01,64.7853
2024-01-15T14:28:00,STEAM_FEED_01,346.9204
2024-01-15T14:28:00,STEAM_DELTA_01,24.749
2024-01-15T14:28:00,STEAM_TEMP_01,264.6731
2024-01-15T14:29:00,CORE_FLUX_01,1489353772908.285
2024-01-15T14:29:00,CORE_FUEL_01,741.5804
2024-01-15T14:29:00,CORE_ROD_01,64.3031
2024-01-15T14:29:00,STEAM_PRES_01,65.1124
2024-01-15T14:29:00,STEAM_FEED_01,349.8546
2024-01-15T14:29:00,STEAM_TEMP_01,263.6035
2024-01-15T14:30:00,CORE_FLUX_01,1436302683652.0933
2024-01-15T14:30:00,CORE_FUEL_01,755.9835
2024-01-15T14:30:00,CORE_ROD_01,63.9343
2024-01-15T14:30:00,CORE_EXIT_01,317.1487
2024-01-15T14:30:00,STEAM_PRES_01,64.8347
2024-01-15T14:30:00,STEAM_FEED_01,348.8245
2024-01-15T14:30:00,STEAM_DELTA_01,24.7215
2024-01-15T14:30:00,STEAM_TEMP_01,264.6372
2024-01-15T14:31:00,CORE_FLUX_01,1499089094067.3618
2024-01-15T14:31:00,CORE_FUEL_01,749.8988
2024-01-15T14:31:00,CORE_ROD_01,63.8428
2024-01-15T14:31:00,STEAM_PRES_01,65.2592
2024-01-15T14:31:00,STEAM_FEED_01,351.8443
2024-01-15T14:31:00,STEAM_TEMP_01,265.3507
2024-01-15T14:32:00,CORE_FLUX_01,1510610878065.786
2024-01-15T14:32:00,CORE_FUEL_01,760.8728
2024-01-15T14:32:00,CORE_ROD_01,64.4086
2024-01-15T14:32:00,CORE_EXIT_01,318.8145
2024-01-15T14:32:00,STEAM_PRES_01,65.0549
2024-01-15T14:32:00,STEAM_FEED_01,351.5684
2024-01-15T14:32:00,STEAM_DELTA_01,25.095
2024-01-15T14:32:00,STEAM_TEMP_01,264.9147
2024-01-15T14:33:00,CORE_FLUX_01,1483878997127.144
2024-01-15T14:33:00,CORE_FUEL_01,746.5571
2024-01-15T14:33:00,CORE_ROD_01,64.3602
2024-01-15T14:33:00,STEAM_PRES_01,65.0201
2024-01-15T14:33:00,STEAM_FEED_01,349.972
2024-01-15T14:33:00,STEAM_TEMP_01,263.9401
2024-01-15T14:34:00,CORE_FLUX_01,1497580386109.1897
2024-01-15T14:34:00,CORE_FUEL_01,755.9234
2024-01-15T14:34:00,CORE_ROD_01,62.8773
2024-01-15T14:34:00,CORE_EXIT_01,320.1816
2024-01-15T14:34:00,STEAM_PRES_01,64.7029
2024-01-15T14:34:00,STEAM_FEED_01,349.1122
2024-01-15T14:34:00,STEAM_DELTA_01,24.8015
2024-01-15T14:34:00,STEAM_TEMP_01,264.7537
2024-01-15T14:35:00,CORE_FLUX_01,1521793913736.6523
2024-01-15T14:35:00,CORE_FUEL_01,754.9524
2024-01-15T14:35:00,CORE_ROD_01,65.919
2024-01-15T14:35:00,STEAM_PRES_01,64.8518
2024-01-15T14:35:00,STEAM_FEED_01,350.3766
2024-01-15T14:35:00,STEAM_TEMP_01,264.2966
2024-01-15T14:36:00,CORE_FLUX_01,1465338885155.1387
2024-01-15T14:36:00,CORE_FUEL_01,753.3023
2024-01-15T14:36:00,CORE_ROD_01,64.9497
2024-01-15T14:36:00,CORE_EXIT_01,318.5907
2024-01-15T14:36:00,STEAM_PRES_01,65.1188
2024-01-15T14:36:00,STEAM_FEED_01,353.9941
2024-01-15T14:36:00,STEAM_DELTA_01,25.3335
2024-01-15T14:36:00,STEAM_TEMP_01,265.2274
2024-01-15T14:37:00,CORE_FLUX_01,1447334266561.3748
2024-01-15T14:37:00,CORE_FUEL_01,741.6867
2024-01-15T14:37:00,CORE_ROD_01,65.5034
2024-01-15T14:37:00,STEAM_PRES_01,64.8634
2024-01-15T14:37:00,STEAM_FEED_01,347.1402
2024-01-15T14:37:00,STEAM_TEMP_01,264.5291
2024-01-15T14:38:00,CORE_FLUX_01,1510256636565.808
2024-01-15T14:38:00,CORE_FUEL_01,760.3239
2024-01-15T14:38:00,CORE_ROD_01,63.5032
2024-01-15T14:38:00,CORE_EXIT_01,318.8576
2024-01-15T14:38:00,STEAM_PRES_01,65.285
2024-01-15T14:38:00,STEAM_FEED_01,349.111
2024-01-15T14:38:00,STEAM_DELTA_01,25.1976
2024-01-15T14:38:00,STEAM_TEMP_01,265.2941
2024-01-15T14:39:00,CORE_FLUX_01,1467772768449.0977
2024-01-15T14:39:00,CORE_FUEL_01,741.7437
2024-01-15T14:39:00,CORE_ROD_01,65.2252
2024-01-15T14:39:00,STEAM_PRES_01,64.7174
2024-01-15T14:39:00,STEAM_FEED_01,349.2744
2024-01-15T14:39:00,STEAM_TEMP_01,264.6964
2024-01-15T14:40:00,CORE_FLUX_01,1549525039968.0266
2024-01-15T14:40:00,CORE_FUEL_01,738.1691
2024-01-15T14:40:00,CORE_ROD_01,64.7882
2024-01-15T14:40:00,CORE_EXIT_01,320.0567
2024-01-15T14:40:00,STEAM_PRES_01,64.6498
2024-01-15T14:40:00,STEAM_FEED_01,348.6177
2024-01-15T14:40:00,STEAM_DELTA_01,24.8406
2024-01-15T14:40:00,STEAM_TEMP_01,264.5566
2024-01-15T14:41:00,CORE_FLUX_01,1464812897225.2898
2024-01-15T14:41:00,CORE_FUEL_01,751.1852
2024-01-15T14:41:00,CORE_ROD_01,64.9565
2024-01-15T14:41:00,STEAM_PRES_01,65.4301
2024-01-15T14:41:00,STEAM_FEED_01,351.9128
2024-01-15T14:41:00,STEAM_TEMP_01,265.7963
2024-01-15T14:42:00,CORE_FLUX_01,1526958866363.3245
2024-01-15T14:42:00,CORE_FUEL_01,737.7388
2024-01-15T14:42:00,CORE_ROD_01,64.8938
2024-01-15T14:42:00,CORE_EXIT_01,318.7127
2024-01-15T14:42:00,STEAM_PRES_01,64.8147
2024-01-15T14:42:00,STEAM_FEED_01,346.9056
2024-01-15T14:42:00,STEAM_DELTA_01,24.6967
2024-01-15T14:42:00,STEAM_TEMP_01,263.487
2024-01-15T14:43:00,CORE_FLUX_01,1500711750850.4824
2024-01-15T14:43:00,CORE_FUEL_01,756.3667
2024-01-15T14:43:00,CORE_ROD_01,63.9171
2024-01-15T14:43:00,STEAM_PRES_01,65.1178
2024-01-15T14:43:00,STEAM_FEED_01,347.5689
2024-01-15T14:43:00,STEAM_TEMP_01,263.7586
2024-01-15T14:44:00,CORE_FLUX_01,1529894607433.6885
2024-01-15T14:44:00,CORE_FUEL_01,741.8207
2024-01-15T14:44:00,CORE_ROD_01,63.5062
2024-01-15T14:44:00,CORE_EXIT_01,322.3352
2024-01-15T14:44:00,STEAM_PRES_01,65.4309
2024-01-15T14:44:00,STEAM_FEED_01,354.8904
2024-01-15T14:44:00,STEAM_DELTA_01,25.3151
2024-01-15T14:44:00,STEAM_TEMP_01,265.5103
2024-01-15T14:45:00,CORE_FLUX_01,1521808467469.218
2024-01-15T14:45:00,CORE_FUEL_01,734.4593
2024-01-15T14:45:00,CORE_ROD_01,64.5355
2024-01-15T14:45:00,STEAM_PRES_01,64.9473
2024-01-15T14:45:00,STEAM_FEED_01,350.3123
2024-01-15T14:45:00,STEAM_TEMP_01,264.44
2024-01-15T14:46:00,CORE_FLUX_01,1526872783235.4805
2024-01-15T14:46:00,CORE_FUEL_01,758.8098
2024-01-15T14:46:00,CORE_ROD_01,64.8099
2024-01-15T14:46:00,CORE_EXIT_01,319.0614
2024-01-15T14:46:00,STEAM_PRES_01,65.4675
2024-01-15T14:46:00,STEAM_FEED_01,354.6629
2024-01-15T14:46:00,STEAM_DELTA_01,25.2579
2024-01-15T14:46:00,STEAM_TEMP_01,265.9928
2024-01-15T14:47:00,CORE_FLUX_01,1475671548192.354
2024-01-15T14:47:00,CORE_FUEL_01,744.4919
2024-01-15T14:47:00,CORE_ROD_01,64.7054
2024-01-15T14:47:00,STEAM_PRES_01,64.9574
2024-01-15T14:47:00,STEAM_FEED_01,349.98
2024-01-15T14:47:00,STEAM_TEMP_01,265.0302
2024-01-15T14:48:00,CORE_FLUX_01,1523108571792.0254
2024-01-15T14:48:00,CORE_FUEL_01,735.6097
2024-01-15T14:48:00,CORE_ROD_01,64.9229
2024-01-15T14:48:00,CORE_EXIT_01,321.0463
2024-01-15T14:48:00,STEAM_PRES_01,64.9436
2024-01-15T14:48:00,STEAM_FEED_01,351.5887
2024-01-15T14:48:00,STEAM_DELTA_01,24.7096
2024-01-15T14:48:00,STEAM_TEMP_01,264.7715
2024-01-15T14:49:00,CORE_FLUX_01,1472012296672.641
2024-01-15T14:49:00,CORE_FUEL_01,745.4981
2024-01-15T14:49:00,CORE_ROD_01,67.1092
2024-01-15T14:49:00,STEAM_PRES_01,65.049
2024-01-15T14:49:00,STEAM_FEED_01,350.7244
2024-01-15T14:49:00,STEAM_TEMP_01,264.8653
2024-01-15T14:50:00,CORE_FLUX_01,1525739984338.4263
2024-01-15T14:50:00,CORE_FUEL_01,740.0785
2024-01-15T14:50:00,CORE_ROD_01,64.8216
2024-01-15T14:50:00,CORE_EXIT_01,319.3421
2024-01-15T14:50:00,STEAM_PRES_01,65.0824
2024-01-15T14:50:00,STEAM_FEED_01,352.1872
2024-01-15T14:50:00,STEAM_DELTA_01,25.1289
2024-01-15T14:50:00,STEAM_TEMP_01,264.9091
2024-01-15T14:51:00,CORE_FLUX_01,1484727453986.9946
2024-01-15T14:51:00,CORE_FUEL_01,736.5998
2024-01-15T14:51:00,CORE_ROD_01,63.0676
2024-01-15T14:51:00,STEAM_PRES_01,64.9337
2024-01-15T14:51:00,STEAM_FEED_01,350.6403
2024-01-15T14:51:00,STEAM_TEMP_01,264.798
2024-01-15T14:52:00,CORE_FLUX_01,1482368585182.2368
2024-01-15T14:52:00,CORE_FUEL_01,758.8988
2024-01-15T14:52:00,CORE_ROD_01,64.6732
2024-01-15T14:52:00,CORE_EXIT_01,318.7159
2024-01-15T14:52:00,STEAM_PRES_01,64.7969
2024-01-15T14:52:00,STEAM_FEED_01,349.7359
2024-01-15T14:52:00,STEAM_DELTA_01,24.7241
2024-01-15T14:52:00,STEAM_TEMP_01,264.8749
2024-01-15T14:53:00,CORE_FLUX_01,1496088759678.1086
2024-01-15T14:53:00,CORE_FUEL_01,749.0938
2024-01-15T14:53:00,CORE_ROD_01,65.4023
2024-01-15T14:53:00,STEAM_PRES_01,64.7822
2024-01-15T14:53:00,STEAM_FEED_01,347.4412
2024-01-15T14:53:00,STEAM_TEMP_01,264.1679
2024-01-15T14:54:00,CORE_FLUX_01,1459582322674.972
2024-01-15T14:54:00,CORE_FUEL_01,736.6122
2024-01-15T14:54:00,CORE_ROD_01,64.7942
2024-01-15T14:54:00,CORE_EXIT_01,320.146
2024-01-15T14:54:00,STEAM_PRES_01,65.007
2024-01-15T14:54:00,STEAM_FEED_01,348.9284
2024-01-15T14:54:00,STEAM_DELTA_01,25.0634
2024-01-15T14:54:00,STEAM_TEMP_01,265.2518
2024-01-15T14:55:00,CORE_FLUX_01,1555077201048.6538
2024-01-15T14:55:00,CORE_FUEL_01,742.7517
2024-01-15T14:55:00,CORE_ROD_01,64.5124
2024-01-15T14:55:00,STEAM_PRES_01,64.9691
2024-01-15T14:55:00,STEAM_FEED_01,349.2099
2024-01-15T14:55:00,STEAM_TEMP_01,264.2764
2024-01-15T14:56:00,CORE_FLUX_01,1521879615126.91
2024-01-15T14:56:00,CORE_FUEL_01,753.4001
2024-01-15T14:56:00,CORE_ROD_01,63.8566
2024-01-15T14:56:00,CORE_EXIT_01,319.1893
2024-01-15T14:56:00,STEAM_PRES_01,65.0044
2024-01-15T14:56:00,STEAM_FEED_01,353.1486
2024-01-15T14:56:00,STEAM_DELTA_01,24.774
2024-01-15T14:56:00,STEAM_TEMP_01,265.0682
2024-01-15T14:57:00,CORE_FLUX_01,1505311900529.1672
2024-01-15T14:57:00,CORE_FUEL_01,761.3601
2024-01-15T14:57:00,CORE_ROD_01,64.5336
2024-01-15T14:57:00,STEAM_PRES_01,65.3012
2024-01-15T14:57:00,STEAM_FEED_01,350.2013
2024-01-15T14:57:00,STEAM_TEMP_01,264.0714
2024-01-15T14:58:00,CORE_FLUX_01,1511829191750.1301
2024-01-15T14:58:00,CORE_FUEL_01,744.7148
2024-01-15T14:58:00,CORE_ROD_01,66.1529
2024-01-15T14:58:00,CORE_EXIT_01,317.4105
2024-01-15T14:58:00,STEAM_PRES_01,65.3567
2024-01-15T14:58:00,STEAM_FEED_01,350.7689
2024-01-15T14:58:00,STEAM_DELTA_01,24.8801
2024-01-15T14:58:00,STEAM_TEMP_01,265.8143
2024-01-15T14:59:00,CORE_FLUX_01,1479129940246.2979
2024-01-15T14:59:00,CORE_FUEL_01,732.3148
2024-01-15T14:59:00,CORE_ROD_01,64.7606
2024-01-15T14:59:00,STEAM_PRES_01,64.7501
2024-01-15T14:59:00,STEAM_FEED_01,348.1266
2024-01-15T14:59:00,STEAM_TEMP_01,264.268
2024-01-15T15:00:00,CORE_FLUX_01,1446205662799.2249
2024-01-15T15:00:00,CORE_FUEL_01,741.1883
2024-01-15T15:00:00,CORE_ROD_01,64.1258
2024-01-15T15:00:00,CORE_EXIT_01,317.9896
2024-01-15T15:00:00,STEAM_PRES_01,64.9214
2024-01-15T15:00:00,STEAM_FEED_01,347.6732
2024-01-15T15:00:00,STEAM_DELTA_01,24.789
2024-01-15T15:00:00,STEAM_TEMP_01,263.2053
2024-01-15T15:01:00,CORE_FLUX_01,1488547258717.4346
2024-01-15T15:01:00,CORE_FUEL_01,745.7931
2024-01-15T15:01:00,CORE_ROD_01,63.9865
2024-01-15T15:01:00,STEAM_PRES_01,65.1541
2024-01-15T15:01:00,STEAM_FEED_01,351.98
2024-01-15T15:01:00,STEAM_TEMP_01,264.147
2024-01-15T15:02:00,CORE_FLUX_01,1544079299645.7573
2024-01-15T15:02:00,CORE_FUEL_01,741.6586
2024-01-15T15:02:00,CORE_ROD_01,64.3548
2024-01-15T15:02:00,CORE_EXIT_01,318.471
2024-01-15T15:02:00,STEAM_PRES_01,65.1797
2024-01-15T15:02:00,STEAM_FEED_01,354.2478
2024-01-15T15:02:00,STEAM_DELTA_01,25.0468
2024-01-15T15:02:00,STEAM_TEMP_01,264.9561
2024-01-15T15:03:00,CORE_FLUX_01,1525881070245.1975
2024-01-15T15:03:00,CORE_FUEL_01,750.4056
2024-01-15T15:03:00,CORE_ROD_01,65.3076
2024-01-15T15:03:00,STEAM_PRES_01,64.7426
2024-01-15T15:03:00,STEAM_FEED_01,347.3215
2024-01-15T15:03:00,STEAM_TEMP_01,264.072
2024-01-15T15:04:00,CORE_FLUX_01,1495036863764.5889
2024-01-15T15:04:00,CORE_FUEL_01,756.0329
2024-01-15T15:04:00,CORE_ROD_01,64.5517
2024-01-15T15:04:00,CORE_EXIT_01,319.6983
2024-01-15T15:04:00,STEAM_PRES_01,64.9047
2024-01-15T15:04:00,STEAM_FEED_01,350.1205
2024-01-15T15:04:00,STEAM_DELTA_01,24.6682
2024-01-15T15:04:00,STEAM_TEMP_01,264.6507
2024-01-15T15:05:00,CORE_FLUX_01,1531099171486.2246
2024-01-15T15:05:00,CORE_FUEL_01,729.5564
2024-01-15T15:05:00,CORE_ROD_01,65.5407
2024-01-15T15:05:00,STEAM_PRES_01,64.829
2024-01-15T15:05:00,STEAM_FEED_01,349.8968
2024-01-15T15:05:00,STEAM_TEMP_01,263.7666
2024-01-15T15:06:00,CORE_FLUX_01,1486109518720.817
2024-01-15T15:06:00,CORE_FUEL_01,741.7409
2024-01-15T15:06:00,CORE_ROD_01,64.3601
2024-01-15T15:06:00,CORE_EXIT_01,317.6608
2024-01-15T15:06:00,STEAM_PRES_01,64.9914
2024-01-15T15:06:00,STEAM_FEED_01,351.1468
2024-01-15T15:06:00,STEAM_DELTA_01,25.0235
2024-01-15T15:06:00,STEAM_TEMP_01,263.9174
2024-01-15T15:07:00,CORE_FLUX_01,1468978281719.4014
2024-01-15T15:07:00,CORE_FUEL_01,762.4565
2024-01-15T15:07:00,CORE_ROD_01,65.4736
2024-01-15T15:07:00,STEAM_PRES_01,65.1292
2024-01-15T15:07:00,STEAM_FEED_01,348.6197
2024-01-15T15:07:00,STEAM_TEMP_01,264.7495
2024-01-15T15:08:00,CORE_FLUX_01,1521776721352.9275
2024-01-15T15:08:00,CORE_FUEL_01,737.7508
2024-01-15T15:08:00,CORE_ROD_01,64.051
2024-01-15T15:08:00,CORE_EXIT_01,318.7364
2024-01-15T15:08:00,STEAM_PRES_01,64.5414
2024-01-15T15:08:00,STEAM_FEED_01,344.431
2024-01-15T15:08:00,STEAM_DELTA_01,24.6612
2024-01-15T15:08:00,STEAM_TEMP_01,264.2017
2024-01-15T15:09:00,CORE_FLUX_01,1528767964283.554
2024-01-15T15:09:00,CORE_FUEL_01,754.7971
2024-01-15T15:09:00,CORE_ROD_01,65.4687
2024-01-15T15:09:00,STEAM_PRES_01,64.9714
2024-01-15T15:09:00,STEAM_FEED_01,352.2555
2024-01-15T15:09:00,STEAM_TEMP_01,265.1149
2024-01-15T15:10:00,CORE_FLUX_01,1508908696280.3083
2024-01-15T15:10:00,CORE_FUEL_01,745.0637
2024-01-15T15:10:00,CORE_ROD_01,65.2818
2024-01-15T15:10:00,CORE_EXIT_01,319.1538
2024-01-15T15:10:00,STEAM_PRES_01,65.3486
2024-01-15T15:10:00,STEAM_FEED_01,352.0677
2024-01-15T15:10:00,STEAM_DELTA_01,25.202
2024-01-15T15:10:00,STEAM_TEMP_01,265.529
2024-01-15T15:11:00,CORE_FLUX_01,1488938670352.094
2024-01-15T15:11:00,CORE_FUEL_01,748.1145
2024-01-15T15:11:00,CORE_ROD_01,66.0579
2024-01-15T15:11:00,STEAM_PRES_01,65.1205
2024-01-15T15:11:00,STEAM_FEED_01,349.5103
2024-01-15T15:11:00,STEAM_TEMP_01,264.8044
2024-01-15T15:12:00,CORE_FLUX_01,1520945069917.6099
2024-01-15T15:12:00,CORE_FUEL_01,767.4874
2024-01-15T15:12:00,CORE_ROD_01,62.2966
2024-01-15T15:12:00,CORE_EXIT_01,319.8461
2024-01-15T15:12:00,STEAM_PRES_01,65.0731
2024-01-15T15:12:00,STEAM_FEED_01,347.0924
2024-01-15T15:12:00,STEAM_DELTA_01,25.0339
2024-01-15T15:12:00,STEAM_TEMP_01,264.4256
2024-01-15T15:13:00,CORE_FLUX_01,1487911216976.9458
2024-01-15T15:13:00,CORE_FUEL_01,752.8169
2024-01-15T15:13:00,CORE_ROD_01,65.0233
2024-01-15T15:13:00,STEAM_PRES_01,65.0312
2024-01-15T15:13:00,STEAM_FEED_01,351.6386
2024-01-15T15:13:00,STEAM_TEMP_01,265.0456
2024-01-15T15:14:00,CORE_FLUX_01,1510656008965.39
2024-01-15T15:14:00,CORE_FUEL_01,733.8114
2024-01-15T15:14:00,CORE_ROD_01,64.0449
2024-01-15T15:14:00,CORE_EXIT_01,320.0128
2024-01-15T15:14:00,STEAM_PRES_01,64.9628
2024-01-15T15:14:00,STEAM_FEED_01,349.9593
2024-01-15T15:14:00,STEAM_DELTA_01,24.7513
2024-01-15T15:14:00,STEAM_TEMP_01,264.4627
2024-01-15T15:15:00,CORE_FLUX_01,1488619259021.8706
2024-01-15T15:15:00,CORE_FUEL_01,747.8921
2024-01-15T15:15:00,CORE_ROD_01,64.4569
2024-01-15T15:15:00,STEAM_PRES_01,64.8385
2024-01-15T15:15:00,STEAM_FEED_01,350.6824
2024-01-15T15:15:00,STEAM_TEMP_01,264.5084
2024-01-15T15:16:00,CORE_FLUX_01,1421211745275.3938
2024-01-15T15:16:00,CORE_FUEL_01,735.3062
2024-01-15T15:16:00,CORE_ROD_01,64.5315
2024-01-15T15:16:00,CORE_EXIT_01,317.6525
2024-01-15T15:16:00,STEAM_PRES_01,64.888
2024-01-15T15:16:00,STEAM_FEED_01,350.8736
2024-01-15T15:16:00,STEAM_DELTA_01,24.8502
2024-01-15T15:16:00,STEAM_TEMP_01,263.9025
2024-01-15T15:17:00,CORE_FLUX_01,1492642340032.6458
2024-01-15T15:17:00,CORE_FUEL_01,725.9826
2024-01-15T15:17:00,CORE_ROD_01,63.8824
2024-01-15T15:17:00,STEAM_PRES_01,64.9303
2024-01-15T15:17:00,STEAM_FEED_01,351.1415
2024-01-15T15:17:00,STEAM_TEMP_01,265.1652
2024-01-15T15:18:00,CORE_FLUX_01,1487133313217.489
2024-01-15T15:18:00,CORE_FUEL_01,749.5291
2024-01-15T15:18:00,CORE_ROD_01,65.3571
2024-01-15T15:18:00,CORE_EXIT_01,317.295
2024-01-15T15:18:00,STEAM_PRES_01,64.829
2024-01-15T15:18:00,STEAM_FEED_01,347.1134
2024-01-15T15:18:00,STEAM_DELTA_01,24.6201
2024-01-15T15:18:00,STEAM_TEMP_01,265.4046
2024-01-15T15:19:00,CORE_FLUX_01,1509842176088.8228
2024-01-15T15:19:00,CORE_FUEL_01,737.5003
2024-01-15T15:19:00,CORE_ROD_01,66.4374
2024-01-15T15:19:00,STEAM_PRES_01,65.0661
2024-01-15T15:19:00,STEAM_FEED_01,349.1675
2024-01-15T15:19:00,STEAM_TEMP_01,265.3293
2024-01-15T15:20:00,CORE_FLUX_01,1501259741096.8533
2024-01-15T15:20:00,CORE_FUEL_01,748.9392
2024-01-15T15:20:00,CORE_ROD_01,66.0884
2024-01-15T15:20:00,CORE_EXIT_01,321.5427
2024-01-15T15:20:00,STEAM_PRES_01,65.1853
2024-01-15T15:20:00,STEAM_FEED_01,352.7555
2024-01-15T15:20:00,STEAM_DELTA_01,24.9201
2024-01-15T15:20:00,STEAM_TEMP_01,265.5929
2024-01-15T15:21:00,CORE_FLUX_01,1534909686413.62
2024-01-15T15:21:00,CORE_FUEL_01,736.767
2024-01-15T15:21:00,CORE_ROD_01,65.2846
2024-01-15T15:21:00,STEAM_PRES_01,64.6447
2024-01-15T15:21:00,STEAM_FEED_01,345.9647
2024-01-15T15:21:00,STEAM_TEMP_01,263.2846
2024-01-15T15:22:00,CORE_FLUX_01,1509540167225.2163
2024-01-15T15:22:00,CORE_FUEL_01,755.4759
2024-01-15T15:22:00,CORE_ROD_01,65.1985
2024-01-15T15:22:00,CORE_EXIT_01,317.7206
2024-01-15T15:22:00,STEAM_PRES_01,65.0132
2024-01-15T15:22:00,STEAM_FEED_01,349.9618
2024-01-15T15:22:00,STEAM_DELTA_01,24.8978
2024-01-15T15:22:00,STEAM_TEMP_01,264.5809
2024-01-15T15:23:00,CORE_FLUX_01,1490121387326.2803
2024-01-15T15:23:00,CORE_FUEL_01,738.5624
2024-01-15T15:23:00,CORE_ROD_01,64.1038
2024-01-15T15:23:00,STEAM_PRES_01,65.3968
2024-01-15T15:23:00,STEAM_FEED_01,352.5498
2024-01-15T15:23:00,STEAM_TEMP_01,264.7553
2024-01-15T15:24:00,CORE_FLUX_01,1526652406554.1777
2024-01-15T15:24:00,CORE_FUEL_01,745.8974
2024-01-15T15:24:00,CORE_ROD_01,65.0408
2024-01-15T15:24:00,CORE_EXIT_01,320.2949
2024-01-15T15:24:00,STEAM_PRES_01,64.5646
2024-01-15T15:24:00,STEAM_FEED_01,349.2668
2024-01-15T15:24:00,STEAM_DELTA_01,24.5826
2024-01-15T15:24:00,STEAM_TEMP_01,264.3143
2024-01-15T15:25:00,CORE_FLUX_01,1491562974748.6763
2024-01-15T15:25:00,CORE_FUEL_01,736.7608
2024-01-15T15:25:00,CORE_ROD_01,64.9361
2024-01-15T15:25:00,STEAM_PRES_01,65.4165
2024-01-15T15:25:00,STEAM_FEED_01,350.1636
2024-01-15T15:25:00,STEAM_TEMP_01,265.2098
2024-01-15T15:26:00,CORE_FLUX_01,1440988870616.4553
2024-01-15T15:26:00,CORE_FUEL_01,745.5123
2024-01-15T15:26:00,CORE_ROD_01,66.8533
2024-01-15T15:26:00,CORE_EXIT_01,318.0539
2024-01-15T15:26:00,STEAM_PRES_01,65.0089
2024-01-15T15:26:00,STEAM_FEED_01,349.8495
2024-01-15T15:26:00,STEAM_DELTA_01,24.9011
2024-01-15T15:26:00,STEAM_TEMP_01,264.3924
2024-01-15T15:27:00,CORE_FLUX_01,1503410330261.819
2024-01-15T15:27:00,CORE_FUEL_01,746.5164
2024-01-15T15:27:00,CORE_ROD_01,65.2477
2024-01-15T15:27:00,STEAM_PRES_01,64.7519
2024-01-15T15:27:00,STEAM_FEED_01,347.4713
2024-01-15T15:27:00,STEAM_TEMP_01,264.6513
2024-01-15T15:28:00,CORE_FLUX_01,1477757021898.5476
2024-01-15T15:28:00,CORE_FUEL_01,749.1666
2024-01-15T15:28:00,CORE_ROD_01,65.9681
2024-01-15T15:28:00,CORE_EXIT_01,320.5103
2024-01-15T15:28:00,STEAM_PRES_01,65.1436
2024-01-15T15:28:00,STEAM_FEED_01,350.8381
2024-01-15T15:28:00,STEAM_DELTA_01,25.0034
2024-01-15T15:28:00,STEAM_TEMP_01,264.7066
2024-01-15T15:29:00,CORE_FLUX_01,1521998722213.4167
2024-01-15T15:29:00,CORE_FUEL_01,747.3756
2024-01-15T15:29:00,CORE_ROD_01,65.8726
2024-01-15T15:29:00,STEAM_PRES_01,65.3089
2024-01-15T15:29:00,STEAM_FEED_01,349.5228
2024-01-15T15:29:00,STEAM_TEMP_01,265.1822
2024-01-15T15:30:00,CORE_FLUX_01,1499638286910.9702
2024-01-15T15:30:00,CORE_FUEL_01,734.0293
2024-01-15T15:30:00,CORE_ROD_01,64.3644
2024-01-15T15:30:00,CORE_EXIT_01,321.2324
2024-01-15T15:30:00,STEAM_PRES_01,64.8938
2024-01-15T15:30:00,STEAM_FEED_01,350.3785
2024-01-15T15:30:00,STEAM_DELTA_01,24.7259
2024-01-15T15:30:00,STEAM_TEMP_01,264.013
2024-01-15T15:31:00,CORE_FLUX_01,1500862837986.9434
2024-01-15T15:31:00,CORE_FUEL_01,739.197
2024-01-15T15:31:00,CORE_ROD_01,64.8411
2024-01-15T15:31:00,STEAM_PRES_01,64.8454
2024-01-15T15:31:00,STEAM_FEED_01,347.3078
2024-01-15T15:31:00,STEAM_TEMP_01,264.5168
2024-01-15T15:32:00,CORE_FLUX_01,1460631115593.4949
2024-01-15T15:32:00,CORE_FUEL_01,732.0258
2024-01-15T15:32:00,CORE_ROD_01,64.3049
2024-01-15T15:32:00,CORE_EXIT_01,320.9613
2024-01-15T15:32:00,STEAM_PRES_01,65.1589
2024-01-15T15:32:00,STEAM_FEED_01,348.3459
2024-01-15T15:32:00,STEAM_DELTA_01,24.8085
2024-01-15T15:32:00,STEAM_TEMP_01,264.3601
2024-01-15T15:33:00,CORE_FLUX_01,1494878243683.7783
2024-01-15T15:33:00,CORE_FUEL_01,734.6401
2024-01-15T15:33:00,CORE_ROD_01,65.1771
2024-01-15T15:33:00,STEAM_PRES_01,64.8748
2024-01-15T15:33:00,STEAM_FEED_01,347.3514
2024-01-15T15:33:00,STEAM_TEMP_01,263.7769
2024-01-15T15:34:00,CORE_FLUX_01,1491977515168.2412
2024-01-15T15:34:00,CORE_FUEL_01,750.3211
2024-01-15T15:34:00,CORE_ROD_01,63.9227
2024-01-15T15:34:00,CORE_EXIT_01,318.7258
2024-01-15T15:34:00,STEAM_PRES_01,64.7687
2024-01-15T15:34:00,STEAM_FEED_01,347.4712
2024-01-15T15:34:00,STEAM_DELTA_01,24.3969
2024-01-15T15:34:00,STEAM_TEMP_01,263.9154
2024-01-15T15:35:00,CORE_FLUX_01,1448884478134.3948
2024-01-15T15:35:00,CORE_FUEL_01,742.9874
2024-01-15T15:35:00,CORE_ROD_01,64.1395
2024-01-15T15:35:00,STEAM_PRES_01,64.8155
2024-01-15T15:35:00,STEAM_FEED_01,348.7167
2024-01-15T15:35:00,STEAM_TEMP_01,263.8448
2024-01-15T15:36:00,CORE_FLUX_01,1501022528562.5186
2024-01-15T15:36:00,CORE_FUEL_01,741.9915
2024-01-15T15:36:00,CORE_ROD_01,66.1002
2024-01-15T15:36:00,CORE_EXIT_01,318.4575
2024-01-15T15:36:00,STEAM_PRES_01,64.5383
2024-01-15T15:36:00,STEAM_FEED_01,346.8041
2024-01-15T15:36:00,STEAM_DELTA_01,24.308
2024-01-15T15:36:00,STEAM_TEMP_01,263.5278
2024-01-15T15:37:00,CORE_FLUX_01,1499440979762.88
2024-01-15T15:37:00,CORE_FUEL_01,744.2961
2024-01-15T15:37:00,CORE_ROD_01,65.5943
2024-01-15T15:37:00,STEAM_PRES_01,65.0759
2024-01-15T15:37:00,STEAM_FEED_01,353.2085
2024-01-15T15:37:00,STEAM_TEMP_01,264.8046
2024-01-15T15:38:00,CORE_FLUX_01,1466658902611.86
2024-01-15T15:38:00,CORE_FUEL_01,740.7167
2024-01-15T15:38:00,CORE_ROD_01,63.9886
2024-01-15T15:38:00,CORE_EXIT_01,319.2836
2024-01-15T15:38:00,STEAM_PRES_01,64.9276
2024-01-15T15:38:00,STEAM_FEED_01,347.3893
2024-01-15T15:38:00,STEAM_DELTA_01,24.6879
2024-01-15T15:38:00,STEAM_TEMP_01,264.4175
2024-01-15T15:39:00,CORE_FLUX_01,1508806313916.1516
2024-01-15T15:39:00,CORE_FUEL_01,739.5083
2024-01-15T15:39:00,CORE_ROD_01,64.2771
2024-01-15T15:39:00,STEAM_PRES_01,65.245
2024-01-15T15:39:00,STEAM_FEED_01,349.859
2024-01-15T15:39:00,STEAM_TEMP_01,264.4783
2024-01-15T15:40:00,CORE_FLUX_01,1481498499916.207
2024-01-15T15:40:00,CORE_FUEL_01,735.1452
2024-01-15T15:40:00,CORE_ROD_01,63.8383
2024-01-15T15:40:00,CORE_EXIT_01,317.1182
2024-01-15T15:40:00,STEAM_PRES_01,64.7409
2024-01-15T15:40:00,STEAM_FEED_01,349.9384
2024-01-15T15:40:00,STEAM_DELTA_01,24.3624
2024-01-15T15:40:00,STEAM_TEMP_01,264.6034
2024-01-15T15:41:00,CORE_FLUX_01,1505984719068.096
2024-01-15T15:41:00,CORE_FUEL_01,736.9052
2024-01-15T15:41:00,CORE_ROD_01,65.1567
2024-01-15T15:41:00,STEAM_PRES_01,64.9162
2024-01-15T15:41:00,STEAM_FEED_01,349.4514
2024-01-15T15:41:00,STEAM_TEMP_01,264.035
2024-01-15T15:42:00,CORE_FLUX_01,1543237857996.4463
2024-01-15T15:42:00,CORE_FUEL_01,743.6543
2024-01-15T15:42:00,CORE_ROD_01,63.5839
2024-01-15T15:42:00,CORE_EXIT_01,318.2918
2024-01-15T15:42:00,STEAM_PRES_01,65.1698
2024-01-15T15:42:00,STEAM_FEED_01,349.7244
2024-01-15T15:42:00,STEAM_DELTA_01,24.6702
2024-01-15T15:42:00,STEAM_TEMP_01,263.4679
2024-01-15T15:43:00,CORE_FLUX_01,1454453267801.6409
2024-01-15T15:43:00,CORE_FUEL_01,715.0733
2024-01-15T15:43:00,CORE_ROD_01,64.622
2024-01-15T15:43:00,STEAM_PRES_01,64.9575
2024-01-15T15:43:00,STEAM_FEED_01,353.1802
2024-01-15T15:43:00,STEAM_TEMP_01,265.1686
2024-01-15T15:44:00,CORE_FLUX_01,1512640468023.445
2024-01-15T15:44:00,CORE_FUEL_01,726.3259
2024-01-15T15:44:00,CORE_ROD_01,66.1037
2024-01-15T15:44:00,CORE_EXIT_01,319.6365
2024-01-15T15:44:00,STEAM_PRES_01,65.5162
2024-01-15T15:44:00,STEAM_FEED_01,353.897
2024-01-15T15:44:00,STEAM_DELTA_01,25.1874
2024-01-15T15:44:00,STEAM_TEMP_01,266.314
2024-01-15T15:45:00,CORE_FLUX_01,1476146818488.895
2024-01-15T15:45:00,CORE_FUEL_01,750.2316
2024-01-15T15:45:00,CORE_ROD_01,64.2126
2024-01-15T15:45:00,STEAM_PRES_01,64.8641
2024-01-15T15:45:00,STEAM_FEED_01,352.2781
2024-01-15T15:45:00,STEAM_TEMP_01,264.8155
2024-01-15T15:46:00,CORE_FLUX_01,1479096596631.0488
2024-01-15T15:46:00,CORE_FUEL_01,743.1581
2024-01-15T15:46:00,CORE_ROD_01,65.4791
2024-01-15T15:46:00,CORE_EXIT_01,320.0622
2024-01-15T15:46:00,STEAM_PRES_01,64.9773
2024-01-15T15:46:00,STEAM_FEED_01,346.9222
2024-01-15T15:46:00,STEAM_DELTA_01,24.6699
2024-01-15T15:46:00,STEAM_TEMP_01,262.8262
2024-01-15T15:47:00,CORE_FLUX_01,1526117487465.9236
2024-01-15T15:47:00,CORE_FUEL_01,748.0659
2024-01-15T15:47:00,CORE_ROD_01,63.6833
2024-01-15T15:47:00,STEAM_PRES_01,65.1135
2024-01-15T15:47:00,STEAM_FEED_01,349.1833
2024-01-15T15:47:00,STEAM_TEMP_01,263.8501
2024-01-15T15:48:00,CORE_FLUX_01,1534475709720.3945
2024-01-15T15:48:00,CORE_FUEL_01,736.8512
2024-01-15T15:48:00,CORE_ROD_01,64.6955
2024-01-15T15:48:00,CORE_EXIT_01,319.5027
2024-01-15T15:48:00,STEAM_PRES_01,65.1953
2024-01-15T15:48:00,STEAM_FEED_01,349.9745
2024-01-15T15:48:00,STEAM_DELTA_01,24.7625
2024-01-15T15:48:00,STEAM_TEMP_01,263.864
2024-01-15T15:49:00,CORE_FLUX_01,1504908789185.8186
2024-01-15T15:49:00,CORE_FUEL_01,749.4202
2024-01-15T15:49:00,CORE_ROD_01,64.6186
2024-01-15T15:49:00,STEAM_PRES_01,65.0601
2024-01-15T15:49:00,STEAM_FEED_01,350.3426
2024-01-15T15:49:00,STEAM_TEMP_01,264.3527
2024-01-15T15:50:00,CORE_FLUX_01,1450275517545.0776
2024-01-15T15:50:00,CORE_FUEL_01,760.716
2024-01-15T15:50:00,CORE_ROD_01,63.6092
2024-01-15T15:50:00,CORE_EXIT_01,320.1076
2024-01-15T15:50:00,STEAM_PRES_01,65.3317
2024-01-15T15:50:00,STEAM_FEED_01,353.7437
2024-01-15T15:50:00,STEAM_DELTA_01,24.9009
2024-01-15T15:50:00,STEAM_TEMP_01,265.4487
2024-01-15T15:51:00,CORE_FLUX_01,1514081459021.7166
2024-01-15T15:51:00,CORE_FUEL_01,746.7929
2024-01-15T15:51:00,CORE_ROD_01,65.1232
2024-01-15T15:51:00,STEAM_PRES_01,64.9189
2024-01-15T15:51:00,STEAM_FEED_01,352.4999
2024-01-15T15:51:00,STEAM_TEMP_01,264.9113
2024-01-15T15:52:00,CORE_FLUX_01,1475607896859.796
2024-01-15T15:52:00,CORE_FUEL_01,743.8576
2024-01-15T15:52:00,CORE_ROD_01,64.5471
2024-01-15T15:52:00,CORE_EXIT_01,320.3567
2024-01-15T15:52:00,STEAM_PRES_01,65.3635
2024-01-15T15:52:00,STEAM_FEED_01,354.6616
2024-01-15T15:52:00,STEAM_DELTA_01,25.0916
2024-01-15T15:52:00,STEAM_TEMP_01,265.1289
2024-01-15T15:53:00,CORE_FLUX_01,1551676334542.3884
2024-01-15T15:53:00,CORE_FUEL_01,752.9523
2024-01-15T15:53:00,CORE_ROD_01,66.0948
2024-01-15T15:53:00,STEAM_PRES_01,65.0658
2024-01-15T15:53:00,STEAM_FEED_01,350.426
2024-01-15T15:53:00,STEAM_TEMP_01,264.3193
2024-01-15T15:54:00,CORE_FLUX_01,1446624533291.281
2024-01-15T15:54:00,CORE_FUEL_01,742.2371
2024-01-15T15:54:00,CORE_ROD_01,65.9522
2024-01-15T15:54:00,CORE_EXIT_01,320.1277
2024-01-15T15:54:00,STEAM_PRES_01,64.8867
2024-01-15T15:54:00,STEAM_FEED_01,353.8053
2024-01-15T15:54:00,STEAM_DELTA_01,24.9209
2024-01-15T15:54:00,STEAM_TEMP_01,264.7741
2024-01-15T15:55:00,CORE_FLUX_01,1462422980021.6863
2024-01-15T15:55:00,CORE_FUEL_01,727.4739
2024-01-15T15:55:00,CORE_ROD_01,63.606
2024-01-15T15:55:00,STEAM_PRES_01,64.7853
2024-01-15T15:55:00,STEAM_FEED_01,350.2337
2024-01-15T15:55:00,STEAM_TEMP_01,263.3567
2024-01-15T15:56:00,CORE_FLUX_01,1489950235531.5806
2024-01-15T15:56:00,CORE_FUEL_01,754.4563
2024-01-15T15:56:00,CORE_ROD_01,65.1634
2024-01-15T15:56:00,CORE_EXIT_01,318.71
2024-01-15T15:56:00,STEAM_PRES_01,64.5872
2024-01-15T15:56:00,STEAM_FEED_01,346.2239
2024-01-15T15:56:00,STEAM_DELTA_01,24.6528
2024-01-15T15:56:00,STEAM_TEMP_01,262.615
2024-01-15T15:57:00,CORE_FLUX_01,1468939317824.9185
2024-01-15T15:57:00,CORE_FUEL_01,760.3042
2024-01-15T15:57:00,CORE_ROD_01,64.6121
2024-01-15T15:57:00,STEAM_PRES_01,64.6617
2024-01-15T15:57:00,STEAM_FEED_01,345.8401
2024-01-15T15:57:00,STEAM_TEMP_01,264.5554
2024-01-15T15:58:00,CORE_FLUX_01,1492640915366.6333
2024-01-15T15:58:00,CORE_FUEL_01,739.7343
2024-01-15T15:58:00,CORE_ROD_01,66.119
2024-01-15T15:58:00,CORE_EXIT_01,320.3868
2024-01-15T15:58:00,STEAM_PRES_01,65.289
2024-01-15T15:58:00,STEAM_FEED_01,352.1173
2024-01-15T15:58:00,STEAM_DELTA_01,25.1612
2024-01-15T15:58:00,STEAM_TEMP_01,265.9741
2024-01-15T15:59:00,CORE_FLUX_01,1522022366451.0947
2024-01-15T15:59:00,CORE_FUEL_01,756.6309
2024-01-15T15:59:00,CORE_ROD_01,65.4099
2024-01-15T15:59:00,STEAM_PRES_01,65.1974
2024-01-15T15:59:00,STEAM_FEED_01,350.8942
2024-01-15T15:59:00,STEAM_TEMP_01,264.6876
2024-01-15T16:00:00,CORE_FLUX_01,1506394590025.2666
2024-01-15T16:00:00,CORE_FUEL_01,739.1155
2024-01-15T16:00:00,CORE_ROD_01,65.3163
2024-01-15T16:00:00,CORE_EXIT_01,319.2465
2024-01-15T16:00:00,STEAM_PRES_01,64.7811
2024-01-15T16:00:00,STEAM_FEED_01,352.9891
2024-01-15T16:00:00,STEAM_DELTA_01,24.539
2024-01-15T16:00:00,STEAM_TEMP_01,263.9065
2024-01-15T16:01:00,CORE_FLUX_01,1482534388144.251
2024-01-15T16:01:00,CORE_FUEL_01,741.9154
2024-01-15T16:01:00,CORE_ROD_01,64.3805
2024-01-15T16:01:00,STEAM_PRES_01,64.6905
2024-01-15T16:01:00,STEAM_FEED_01,345.61
2024-01-15T16:01:00,STEAM_TEMP_01,262.7802
2024-01-15T16:02:00,CORE_FLUX_01,1487435487031.226
2024-01-15T16:02:00,CORE_FUEL_01,743.0545
2024-01-15T16:02:00,CORE_ROD_01,64.9898
2024-01-15T16:02:00,CORE_EXIT_01,318.0961
2024-01-15T16:02:00,STEAM_PRES_01,65.1413
2024-01-15T16:02:00,STEAM_FEED_01,352.6351
2024-01-15T16:02:00,STEAM_DELTA_01,24.989
2024-01-15T16:02:00,STEAM_TEMP_01,264.7529
2024-01-15T16:03:00,CORE_FLUX_01,1500061447360.2812
2024-01-15T16:03:00,CORE_FUEL_01,749.8247
2024-01-15T16:03:00,CORE_ROD_01,65.0589
2024-01-15T16:03:00,STEAM_PRES_01,65.0726
2024-01-15T16:03:00,STEAM_FEED_01,349.8292
2024-01-15T16:03:00,STEAM_TEMP_01,264.7
2024-01-15T16:04:00,CORE_FLUX_01,1519749438992.0845
2024-01-15T16:04:00,CORE_FUEL_01,732.066
2024-01-15T16:04:00,CORE_ROD_01,65.3001
2024-01-15T16:04:00,CORE_EXIT_01,318.263
2024-01-15T16:04:00,STEAM_PRES_01,64.8942
2024-01-15T16:04:00,STEAM_FEED_01,348.9374
2024-01-15T16:04:00,STEAM_DELTA_01,24.6914
2024-01-15T16:04:00,STEAM_TEMP_01,263.9606
2024-01-15T16:05:00,CORE_FLUX_01,1526903650903.5176
2024-01-15T16:05:00,CORE_FUEL_01,739.1121
2024-01-15T16:05:00,CORE_ROD_01,65.8707
2024-01-15T16:05:00,STEAM_PRES_01,64.9413
2024-01-15T16:05:00,STEAM_FEED_01,351.5124
2024-01-15T16:05:00,STEAM_TEMP_01,263.3933
2024-01-15T16:06:00,CORE_FLUX_01,1480062652155.034
2024-01-15T16:06:00,CORE_FUEL_01,743.8046
2024-01-15T16:06:00,CORE_ROD_01,64.3378
2024-01-15T16:06:00,CORE_EXIT_01,318.6582
2024-01-15T16:06:00,STEAM_PRES_01,65.0998
2024-01-15T16:06:00,STEAM_FEED_01,351.1576
2024-01-15T16:06:00,STEAM_DELTA_01,24.4344
2024-01-15T16:06:00,STEAM_TEMP_01,263.6135
2024-01-15T16:07:00,CORE_FLUX_01,1505588768600.1267
2024-01-15T16:07:00,CORE_FUEL_01,736.8512
2024-01-15T16:07:00,CORE_ROD_01,65.4865
2024-01-15T16:07:00,STEAM_PRES_01,64.6299
2024-01-15T16:07:00,STEAM_FEED_01,344.544
2024-01-15T16:07:00,STEAM_TEMP_01,263.5844
2024-01-15T16:08:00,CORE_FLUX_01,1499295385158.6094
2024-01-15T16:08:00,CORE_FUEL_01,743.7834
2024-01-15T16:08:00,CORE_ROD_01,63.9338
2024-01-15T16:08:00,CORE_EXIT_01,316.8893
2024-01-15T16:08:00,STEAM_PRES_01,65.0594
2024-01-15T16:08:00,STEAM_FEED_01,346.3197
2024-01-15T16:08:00,STEAM_DELTA_01,24.5825
2024-01-15T16:08:00,STEAM_TEMP_01,263.1444
2024-01-15T16:09:00,CORE_FLUX_01,1518573231416.4531
2024-01-15T16:09:00,CORE_FUEL_01,739.5854
2024-01-15T16:09:00,CORE_ROD_01,64.4203
2024-01-15T16:09:00,STEAM_PRES_01,65.2388
2024-01-15T16:09:00,STEAM_FEED_01,348.77
2024-01-15T16:09:00,STEAM_TEMP_01,264.7969
2024-01-15T16:10:00,CORE_FLUX_01,1473494045950.875
2024-01-15T16:10:00,CORE_FUEL_01,743.8074
2024-01-15T16:10:00,CORE_ROD_01,65.1322
2024-01-15T16:10:00,CORE_EXIT_01,319.2315
2024-01-15T16:10:00,STEAM_PRES_01,64.7754
2024-01-15T16:10:00,STEAM_FEED_01,350.2022
2024-01-15T16:10:00,STEAM_DELTA_01,24.7541
2024-01-15T16:10:00,STEAM_TEMP_01,264.1757
2024-01-15T16:11:00,CORE_FLUX_01,1479481138114.3257
2024-01-15T16:11:00,CORE_FUEL_01,760.4622
2024-01-15T16:11:00,CORE_ROD_01,65.1243
2024-01-15T16:11:00,STEAM_PRES_01,64.9975
2024-01-15T16:11:00,STEAM_FEED_01,348.6219
2024-01-15T16:11:00,STEAM_TEMP_01,263.504
2024-01-15T16:12:00,CORE_FLUX_01,1472837214983.5198
2024-01-15T16:12:00,CORE_FUEL_01,751.8048
2024-01-15T16:12:00,CORE_ROD_01,64.3158
2024-01-15T16:12:00,CORE_EXIT_01,320.8975
2024-01-15T16:12:00,STEAM_PRES_01,64.8661
2024-01-15T16:12:00,STEAM_FEED_01,349.0761
2024-01-15T16:12:00,STEAM_DELTA_01,24.6518
2024-01-15T16:12:00,STEAM_TEMP_01,263.6478
2024-01-15T16:13:00,CORE_FLUX_01,1479651163412.7651
2024-01-15T16:13:00,CORE_FUEL_01,735.5555
2024-01-15T16:13:00,CORE_ROD_01,63.7429
2024-01-15T16:13:00,STEAM_PRES_01,65.2814
2024-01-15T16:13:00,STEAM_FEED_01,350.2539
2024-01-15T16:13:00,STEAM_TEMP_01,264.214
2024-01-15T16:14:00,CORE_FLUX_01,1493639280405.3499
2024-01-15T16:14:00,CORE_FUEL_01,731.9406
2024-01-15T16:14:00,CORE_ROD_01,64.9917
2024-01-15T16:14:00,CORE_EXIT_01,317.3831
2024-01-15T16:14:00,STEAM_PRES_01,65.2242
2024-01-15T16:14:00,STEAM_FEED_01,353.471
2024-01-15T16:14:00,STEAM_DELTA_01,24.9017
2024-01-15T16:14:00,STEAM_TEMP_01,265.4839
2024-01-15T16:15:00,CORE_FLUX_01,1507742768070.4631
2024-01-15T16:15:00,CORE_FUEL_01,731.6806
2024-01-15T16:15:00,CORE_ROD_01,64.9002
2024-01-15T16:15:00,STEAM_PRES_01,64.9167
2024-01-15T16:15:00,STEAM_FEED_01,346.9575
2024-01-15T16:15:00,STEAM_TEMP_01,263.8499
2024-01-15T16:16:00,CORE_FLUX_01,1486559075308.8872
2024-01-15T16:16:00,CORE_FUEL_01,738.6191
2024-01-15T16:16:00,CORE_ROD_01,63.4884
2024-01-15T16:16:00,CORE_EXIT_01,317.24
2024-01-15T16:16:00,STEAM_PRES_01,65.1305
2024-01-15T16:16:00,STEAM_FEED_01,352.3482
2024-01-15T16:16:00,STEAM_DELTA_01,24.8292
2024-01-15T16:16:00,STEAM_TEMP_01,264.4059
2024-01-15T16:17:00,CORE_FLUX_01,1498442760719.32
2024-01-15T16:17:00,CORE_FUEL_01,745.6748
2024-01-15T16:17:00,CORE_ROD_01,66.2285
2024-01-15T16:17:00,STEAM_PRES_01,64.9113
2024-01-15T16:17:00,STEAM_FEED_01,349.1647
2024-01-15T16:17:00,STEAM_TEMP_01,264.1207
2024-01-15T16:18:00,CORE_FLUX_01,1502201894397.4683
2024-01-15T16:18:00,CORE_FUEL_01,746.2667
2024-01-15T16:18:00,CORE_ROD_01,64.3451
2024-01-15T16:18:00,CORE_EXIT_01,317.5227
2024-01-15T16:18:00,STEAM_PRES_01,64.756
2024-01-15T16:18:00,STEAM_FEED_01,352.6286
2024-01-15T16:18:00,STEAM_DELTA_01,24.9044
2024-01-15T16:18:00,STEAM_TEMP_01,264.2248
2024-01-15T16:19:00,CORE_FLUX_01,1494689929417.1018
2024-01-15T16:19:00,CORE_FUEL_01,742.1837
2024-01-15T16:19:00,CORE_ROD_01,64.5703
2024-01-15T16:19:00,STEAM_PRES_01,65.1974
2024-01-15T16:19:00,STEAM_FEED_01,351.7775
2024-01-15T16:19:00,STEAM_TEMP_01,264.1147
2024-01-15T16:20:00,CORE_FLUX_01,1572962528897.8037
2024-01-15T16:20:00,CORE_FUEL_01,753.1431
2024-01-15T16:20:00,CORE_ROD_01,64.7625
2024-01-15T16:20:00,CORE_EXIT_01,318.6436
2024-01-15T16:20:00,STEAM_PRES_01,65.274
2024-01-15T16:20:00,STEAM_FEED_01,351.1576
2024-01-15T16:20:00,STEAM_DELTA_01,24.6892
2024-01-15T16:20:00,STEAM_TEMP_01,264.1134
2024-01-15T16:21:00,CORE_FLUX_01,1506829739911.5996
2024-01-15T16:21:00,CORE_FUEL_01,737.7927
2024-01-15T16:21:00,CORE_ROD_01,64.6047
2024-01-15T16:21:00,STEAM_PRES_01,65.2021
2024-01-15T16:21:00,STEAM_FEED_01,352.0092
2024-01-15T16:21:00,STEAM_TEMP_01,264.215
2024-01-15T16:22:00,CORE_FLUX_01,1508274108014.9048
2024-01-15T16:22:00,CORE_FUEL_01,741.4078
2024-01-15T16:22:00,CORE_ROD_01,64.3995
2024-01-15T16:22:00,CORE_EXIT_01,318.122
2024-01-15T16:22:00,STEAM_PRES_01,65.0755
2024-01-15T16:22:00,STEAM_FEED_01,349.9128
2024-01-15T16:22:00,STEAM_DELTA_01,24.7224
2024-01-15T16:22:00,STEAM_TEMP_01,264.1889
2024-01-15T16:23:00,CORE_FLUX_01,1460905160428.5872
2024-01-15T16:23:00,CORE_FUEL_01,724.5453
2024-01-15T16:23:00,CORE_ROD_01,64.3539
2024-01-15T16:23:00,STEAM_PRES_01,64.6241
2024-01-15T16:23:00,STEAM_FEED_01,348.4504
2024-01-15T16:23:00,STEAM_TEMP_01,262.8586
2024-01-15T16:24:00,CORE_FLUX_01,1480278882571.4717
2024-01-15T16:24:00,CORE_FUEL_01,744.2097
2024-01-15T16:24:00,CORE_ROD_01,64.5695
2024-01-15T16:24:00,CORE_EXIT_01,317.9351
2024-01-15T16:24:00,STEAM_PRES_01,65.3086
2024-01-15T16:24:00,STEAM_FEED_01,352.0332
2024-01-15T16:24:00,STEAM_DELTA_01,25.2359
2024-01-15T16:24:00,STEAM_TEMP_01,264.4415
2024-01-15T16:25:00,CORE_FLUX_01,1402050630798.8633
2024-01-15T16:25:00,CORE_FUEL_01,735.2134
2024-01-15T16:25:00,CORE_ROD_01,65.6052
2024-01-15T16:25:00,STEAM_PRES_01,64.6497
2024-01-15T16:25:00,STEAM_FEED_01,346.6149
2024-01-15T16:25:00,STEAM_TEMP_01,263.08
2024-01-15T16:26:00,CORE_FLUX_01,1501486065184.7527
2024-01-15T16:26:00,CORE_FUEL_01,743.3721
2024-01-15T16:26:00,CORE_ROD_01,64.7728
2024-01-15T16:26:00,CORE_EXIT_01,317.05
2024-01-15T16:26:00,STEAM_PRES_01,65.2426
2024-01-15T16:26:00,STEAM_FEED_01,351.8047
2024-01-15T16:26:00,STEAM_DELTA_01,25.0764
2024-01-15T16:26:00,STEAM_TEMP_01,265.3806
2024-01-15T16:27:00,CORE_FLUX_01,1542253254718.7437
2024-01-15T16:27:00,CORE_FUEL_01,736.1501
2024-01-15T16:27:00,CORE_ROD_01,64.8306
2024-01-15T16:27:00,STEAM_PRES_01,65.0243
2024-01-15T16:27:00,STEAM_FEED_01,350.857
2024-01-15T16:27:00,STEAM_TEMP_01,264.9026
2024-01-15T16:28:00,CORE_FLUX_01,1486507152374.2156
2024-01-15T16:28:00,CORE_FUEL_01,734.8946
2024-01-15T16:28:00,CORE_ROD_01,64.6033
2024-01-15T16:28:00,CORE_EXIT_01,319.5638
2024-01-15T16:28:00,STEAM_PRES_01,64.77
2024-01-15T16:28:00,STEAM_FEED_01,349.2903
2024-01-15T16:28:00,STEAM_DELTA_01,24.5288
2024-01-15T16:28:00,STEAM_TEMP_01,264.2259
2024-01-15T16:29:00,CORE_FLUX_01,1522945734028.323
2024-01-15T16:29:00,CORE_FUEL_01,743.8706
2024-01-15T16:29:00,CORE_ROD_01,63.8334
2024-01-15T16:29:00,STEAM_PRES_01,64.5283
2024-01-15T16:29:00,STEAM_FEED_01,353.1749
2024-01-15T16:29:00,STEAM_TEMP_01,263.9691
2024-01-15T16:30:00,CORE_FLUX_01,1534521610614.6733
2024-01-15T16:30:00,CORE_FUEL_01,743.5014
2024-01-15T16:30:00,CORE_ROD_01,64.283
2024-01-15T16:30:00,CORE_EXIT_01,319.8477
2024-01-15T16:30:00,STEAM_PRES_01,65.0067
2024-01-15T16:30:00,STEAM_FEED_01,346.7714
2024-01-15T16:30:00,STEAM_DELTA_01,24.3287
2024-01-15T16:30:00,STEAM_TEMP_01,264.0534
2024-01-15T16:31:00,CORE_FLUX_01,1567970000330.421
2024-01-15T16:31:00,CORE_FUEL_01,750.5439
2024-01-15T16:31:00,CORE_ROD_01,66.1721
2024-01-15T16:31:00,STEAM_PRES_01,65.2356
2024-01-15T16:31:00,STEAM_FEED_01,346.8952
2024-01-15T16:31:00,STEAM_TEMP_01,264.1077
2024-01-15T16:32:00,CORE_FLUX_01,1566229391772.5474
2024-01-15T16:32:00,CORE_FUEL_01,733.1698
2024-01-15T16:32:00,CORE_ROD_01,63.5237
2024-01-15T16:32:00,CORE_EXIT_01,320.2329
2024-01-15T16:32:00,STEAM_PRES_01,65.3394
2024-01-15T16:32:00,STEAM_FEED_01,353.7315
2024-01-15T16:32:00,STEAM_DELTA_01,25.1178
2024-01-15T16:32:00,STEAM_TEMP_01,265.0951
2024-01-15T16:33:00,CORE_FLUX_01,1530387277539.2622
2024-01-15T16:33:00,CORE_FUEL_01,746.786
2024-01-15T16:33:00,CORE_ROD_01,64.4089
2024-01-15T16:33:00,STEAM_PRES_01,64.8566
2024-01-15T16:33:00,STEAM_FEED_01,349.983
2024-01-15T16:33:00,STEAM_TEMP_01,263.6551
2024-01-15T16:34:00,CORE_FLUX_01,1427523052926.4666
2024-01-15T16:34:00,CORE_FUEL_01,745.4866
2024-01-15T16:34:00,CORE_ROD_01,65.181
2024-01-15T16:34:00,CORE_EXIT_01,319.8403
2024-01-15T16:34:00,STEAM_PRES_01,64.8616
2024-01-15T16:34:00,STEAM_FEED_01,349.8842
2024-01-15T16:34:00,STEAM_DELTA_01,24.7082
2024-01-15T16:34:00,STEAM_TEMP_01,263.58
2024-01-15T16:35:00,CORE_FLUX_01,1455790404920.3503
2024-01-15T16:35:00,CORE_FUEL_01,742.922
2024-01-15T16:35:00,CORE_ROD_01,64.9866
2024-01-15T16:35:00,STEAM_PRES_01,65.0295
2024-01-15T16:35:00,STEAM_FEED_01,350.8956
2024-01-15T16:35:00,STEAM_TEMP_01,264.4217
2024-01-15T16:36:00,CORE_FLUX_01,1474855026439.6355
2024-01-15T16:36:00,CORE_FUEL_01,740.6123
2024-01-15T16:36:00,CORE_ROD_01,64.8842
2024-01-15T16:36:00,CORE_EXIT_01,321.3152
2024-01-15T16:36:00,STEAM_PRES_01,65.3261
2024-01-15T16:36:00,STEAM_FEED_01,350.6895
2024-01-15T16:36:00,STEAM_DELTA_01,25.1904
2024-01-15T16:36:00,STEAM_TEMP_01,264.1152
2024-01-15T16:37:00,CORE_FLUX_01,1543110288764.1165
2024-01-15T16:37:00,CORE_FUEL_01,723.7085
2024-01-15T16:37:00,CORE_ROD_01,65.0234
2024-01-15T16:37:00,STEAM_PRES_01,64.6052
2024-01-15T16:37:00,STEAM_FEED_01,347.8195
2024-01-15T16:37:00,STEAM_TEMP_01,263.8716
2024-01-15T16:38:00,CORE_FLUX_01,1522909273552.9973
2024-01-15T16:38:00,CORE_FUEL_01,727.8226
2024-01-15T16:38:00,CORE_ROD_01,64.622
2024-01-15T16:38:00,CORE_EXIT_01,319.1507
2024-01-15T16:38:00,STEAM_PRES_01,64.7322
2024-01-15T16:38:00,STEAM_FEED_01,346.5086
2024-01-15T16:38:00,STEAM_DELTA_01,24.6921
2024-01-15T16:38:00,STEAM_TEMP_01,264.2093
2024-01-15T16:39:00,CORE_FLUX_01,1545116024430.2
2024-01-15T16:39:00,CORE_FUEL_01,742.9516
2024-01-15T16:39:00,CORE_ROD_01,66.3811
2024-01-15T16:39:00,STEAM_PRES_01,65.1744
2024-01-15T16:39:00,STEAM_FEED_01,352.8413
2024-01-15T16:39:00,STEAM_TEMP_01,263.9445
2024-01-15T16:40:00,CORE_FLUX_01,1509694891660.2456
2024-01-15T16:40:00,CORE_FUEL_01,726.8556
2024-01-15T16:40:00,CORE_ROD_01,65.1418
2024-01-15T16:40:00,CORE_EXIT_01,318.8904
2024-01-15T16:40:00,STEAM_PRES_01,65.1062
2024-01-15T16:40:00,STEAM_FEED_01,350.4637
2024-01-15T16:40:00,STEAM_DELTA_01,24.7359
2024-01-15T16:40:00,STEAM_TEMP_01,264.547
2024-01-15T16:41:00,CORE_FLUX_01,1489052401913.9924
2024-01-15T16:41:00,CORE_FUEL_01,715.9358
2024-01-15T16:41:00,CORE_ROD_01,66.1038
2024-01-15T16:41:00,STEAM_PRES_01,64.6097
2024-01-15T16:41:00,STEAM_FEED_01,347.4899
2024-01-15T16:41:00,STEAM_TEMP_01,262.5145
2024-01-15T16:42:00,CORE_FLUX_01,1456655932569.7976
2024-01-15T16:42:00,CORE_FUEL_01,737.5821
2024-01-15T16:42:00,CORE_ROD_01,65.394
2024-01-15T16:42:00,CORE_EXIT_01,318.1363
2024-01-15T16:42:00,STEAM_PRES_01,65.5035
2024-01-15T16:42:00,STEAM_FEED_01,354.8533
2024-01-15T16:42:00,STEAM_DELTA_01,25.0831
2024-01-15T16:42:00,STEAM_TEMP_01,264.642
2024-01-15T16:43:00,CORE_FLUX_01,1511237057494.482
2024-01-15T16:43:00,CORE_FUEL_01,730.9609
2024-01-15T16:43:00,CORE_ROD_01,66.5735
2024-01-15T16:43:00,STEAM_PRES_01,65.0913
2024-01-15T16:43:00,STEAM_FEED_01,347.4656
2024-01-15T16:43:00,STEAM_TEMP_01,264.725
2024-01-15T16:44:00,CORE_FLUX_01,1474777558799.4575
2024-01-15T16:44:00,CORE_FUEL_01,734.9485
2024-01-15T16:44:00,CORE_ROD_01,62.9848
2024-01-15T16:44:00,CORE_EXIT_01,318.8899
2024-01-15T16:44:00,STEAM_PRES_01,64.7539
2024-01-15T16:44:00,STEAM_FEED_01,348.2132
2024-01-15T16:44:00,STEAM_DELTA_01,24.6185
2024-01-15T16:44:00,STEAM_TEMP_01,263.5262
2024-01-15T16:45:00,CORE_FLUX_01,1499035272673.7615
2024-01-15T16:45:00,CORE_FUEL_01,727.0864
2024-01-15T16:45:00,CORE_ROD_01,64.9017
2024-01-15T16:45:00,STEAM_PRES_01,65.0262
2024-01-15T16:45:00,STEAM_FEED_01,348.245
2024-01-15T16:45:00,STEAM_TEMP_01,263.7379
2024-01-15T16:46:00,CORE_FLUX_01,1479298807269.1606
2024-01-15T16:46:00,CORE_FUEL_01,758.4108
2024-01-15T16:46:00,CORE_ROD_01,64.4014
2024-01-15T16:46:00,CORE_EXIT_01,317.165
2024-01-15T16:46:00,STEAM_PRES_01,65.0949
2024-01-15T16:46:00,STEAM_FEED_01,351.0436
2024-01-15T16:46:00,STEAM_DELTA_01,24.8955
2024-01-15T16:46:00,STEAM_TEMP_01,263.5787
2024-01-15T16:47:00,CORE_FLUX_01,1479099332274.3591
2024-01-15T16:47:00,CORE_FUEL_01,729.9003
2024-01-15T16:47:00,CORE_ROD_01,65.0156
2024-01-15T16:47:00,STEAM_PRES_01,64.8793
2024-01-15T16:47:00,STEAM_FEED_01,348.4321
2024-01-15T16:47:00,STEAM_TEMP_01,263.6196
2024-01-15T16:48:00,CORE_FLUX_01,1523140135138.553
2024-01-15T16:48:00,CORE_FUEL_01,741.8218
2024-01-15T16:48:00,CORE_ROD_01,64.4691
2024-01-15T16:48:00,CORE_EXIT_01,319.1663
2024-01-15T16:48:00,STEAM_PRES_01,65.1156
2024-01-15T16:48:00,STEAM_FEED_01,349.7045
2024-01-15T16:48:00,STEAM_DELTA_01,24.9142
2024-01-15T16:48:00,STEAM_TEMP_01,264.1677
2024-01-15T16:49:00,CORE_FLUX_01,1516349518166.2583
2024-01-15T16:49:00,CORE_FUEL_01,747.2752
2024-01-15T16:49:00,CORE_ROD_01,63.9866
2024-01-15T16:49:00,STEAM_PRES_01,64.9349
2024-01-15T16:49:00,STEAM_FEED_01,350.1415
2024-01-15T16:49:00,STEAM_TEMP_01,263.4429
2024-01-15T16:50:00,CORE_FLUX_01,1519982373614.51
2024-01-15T16:50:00,CORE_FUEL_01,739.0722
2024-01-15T16:50:00,CORE_ROD_01,64.6302
2024-01-15T16:50:00,CORE_EXIT_01,319.7474
2024-01-15T16:50:00,STEAM_PRES_01,65.0491
2024-01-15T16:50:00,STEAM_FEED_01,350.003
2024-01-15T16:50:00,STEAM_DELTA_01,24.8111
2024-01-15T16:50:00,STEAM_TEMP_01,264.0185
2024-01-15T16:51:00,CORE_FLUX_01,1517385001754.24
2024-01-15T16:51:00,CORE_FUEL_01,726.2715
2024-01-15T16:51:00,CORE_ROD_01,65.8997
2024-01-15T16:51:00,STEAM_PRES_01,64.9895
2024-01-15T16:51:00,STEAM_FEED_01,349.6554
2024-01-15T16:51:00,STEAM_TEMP_01,264.0191
2024-01-15T16:52:00,CORE_FLUX_01,1487024502506.6433
2024-01-15T16:52:00,CORE_FUEL_01,730.8985
2024-01-15T16:52:00,CORE_ROD_01,64.2847
2024-01-15T16:52:00,CORE_EXIT_01,317.9357
2024-01-15T16:52:00,STEAM_PRES_01,65.3002
2024-01-15T16:52:00,STEAM_FEED_01,349.4147
2024-01-15T16:52:00,STEAM_DELTA_01,24.633
2024-01-15T16:52:00,STEAM_TEMP_01,264.0558
2024-01-15T16:53:00,CORE_FLUX_01,1507408586022.417
2024-01-15T16:53:00,CORE_FUEL_01,732.1325
2024-01-15T16:53:00,CORE_ROD_01,64.7458
2024-01-15T16:53:00,STEAM_PRES_01,64.9909
2024-01-15T16:53:00,STEAM_FEED_01,349.1219
2024-01-15T16:53:00,STEAM_TEMP_01,263.9028
2024-01-15T16:54:00,CORE_FLUX_01,1512969036879.8872
2024-01-15T16:54:00,CORE_FUEL_01,732.3012
2024-01-15T16:54:00,CORE_ROD_01,64.2177
2024-01-15T16:54:00,CORE_EXIT_01,315.6932
2024-01-15T16:54:00,STEAM_PRES_01,64.9578
2024-01-15T16:54:00,STEAM_FEED_01,350.5658
2024-01-15T16:54:00,STEAM_DELTA_01,24.7061
2024-01-15T16:54:00,STEAM_TEMP_01,263.9413
2024-01-15T16:55:00,CORE_FLUX_01,1454720253349.4595
2024-01-15T16:55:00,CORE_FUEL_01,724.774
2024-01-15T16:55:00,CORE_ROD_01,64.6942
2024-01-15T16:55:00,STEAM_PRES_01,64.8503
2024-01-15T16:55:00,STEAM_FEED_01,348.7971
2024-01-15T16:55:00,STEAM_TEMP_01,264.0896
2024-01-15T16:56:00,CORE_FLUX_01,1494433145996.277
2024-01-15T16:56:00,CORE_FUEL_01,750.051
2024-01-15T16:56:00,CORE_ROD_01,65.1381
2024-01-15T16:56:00,CORE_EXIT_01,317.8726
2024-01-15T16:56:00,STEAM_PRES_01,65.0332
2024-01-15T16:56:00,STEAM_FEED_01,348.9564
2024-01-15T16:56:00,STEAM_DELTA_01,24.7091
2024-01-15T16:56:00,STEAM_TEMP_01,264.3009
2024-01-15T16:57:00,CORE_FLUX_01,1511817121545.494
2024-01-15T16:57:00,CORE_FUEL_01,739.8237
2024-01-15T16:57:00,CORE_ROD_01,64.9618
2024-01-15T16:57:00,STEAM_PRES_01,64.9227
2024-01-15T16:57:00,STEAM_FEED_01,350.1048
2024-01-15T16:57:00,STEAM_TEMP_01,264.4533
2024-01-15T16:58:00,CORE_FLUX_01,1488414747864.2224
2024-01-15T16:58:00,CORE_FUEL_01,736.6539
2024-01-15T16:58:00,CORE_ROD_01,65.2362
2024-01-15T16:58:00,CORE_EXIT_01,319.234
2024-01-15T16:58:00,STEAM_PRES_01,64.4056
2024-01-15T16:58:00,STEAM_FEED_01,348.9704
2024-01-15T16:58:00,STEAM_DELTA_01,23.7884
2024-01-15T16:58:00,STEAM_TEMP_01,263.1379
2024-01-15T16:59:00,CORE_FLUX_01,1521993384945.8818
2024-01-15T16:59:00,CORE_FUEL_01,742.7567
2024-01-15T16:59:00,CORE_ROD_01,64.1093
2024-01-15T16:59:00,STEAM_PRES_01,64.9232
2024-01-15T16:59:00,STEAM_FEED_01,349.8752
2024-01-15T16:59:00,STEAM_TEMP_01,264.0802
2024-01-15T17:00:00,CORE_FLUX_01,1548089496305.4321
2024-01-15T17:00:00,CORE_FUEL_01,747.0403
2024-01-15T17:00:00,CORE_ROD_01,64.517
2024-01-15T17:00:00,CORE_EXIT_01,319.0749
2024-01-15T17:00:00,STEAM_PRES_01,64.86
2024-01-15T17:00:00,STEAM_FEED_01,347.4993
2024-01-15T17:00:00,STEAM_DELTA_01,24.3849
2024-01-15T17:00:00,STEAM_TEMP_01,263.5858
2024-01-15T17:01:00,CORE_FLUX_01,1585841146302.455
2024-01-15T17:01:00,CORE_FUEL_01,728.5651
2024-01-15T17:01:00,CORE_ROD_01,65.1514
2024-01-15T17:01:00,STEAM_PRES_01,65.0893
2024-01-15T17:01:00,STEAM_FEED_01,348.2664
2024-01-15T17:01:00,STEAM_TEMP_01,263.6969
2024-01-15T17:02:00,CORE_FLUX_01,1525672423527.342
2024-01-15T17:02:00,CORE_FUEL_01,729.6177
2024-01-15T17:02:00,CORE_ROD_01,64.0322
2024-01-15T17:02:00,CORE_EXIT_01,318.9978
2024-01-15T17:02:00,STEAM_PRES_01,65.3275
2024-01-15T17:02:00,STEAM_FEED_01,355.6038
2024-01-15T17:02:00,STEAM_DELTA_01,24.9314
2024-01-15T17:02:00,STEAM_TEMP_01,265.2014
2024-01-15T17:03:00,CORE_FLUX_01,1457689263234.6624
2024-01-15T17:03:00,CORE_FUEL_01,739.5114
2024-01-15T17:03:00,CORE_ROD_01,65.4419
2024-01-15T17:03:00,STEAM_PRES_01,64.8202
2024-01-15T17:03:00,STEAM_FEED_01,350.8771
2024-01-15T17:03:00,STEAM_TEMP_01,264.3707
2024-01-15T17:04:00,CORE_FLUX_01,1487570205268.438
2024-01-15T17:04:00,CORE_FUEL_01,737.643
2024-01-15T17:04:00,CORE_ROD_01,65.6009
2024-01-15T17:04:00,CORE_EXIT_01,318.8718
2024-01-15T17:04:00,STEAM_PRES_01,64.7478
2024-01-15T17:04:00,STEAM_FEED_01,346.0787
2024-01-15T17:04:00,STEAM_DELTA_01,24.2894
2024-01-15T17:04:00,STEAM_TEMP_01,263.731
2024-01-15T17:05:00,CORE_FLUX_01,1505327149024.8777
2024-01-15T17:05:00,CORE_FUEL_01,724.9447
2024-01-15T17:05:00,CORE_ROD_01,64.2472
2024-01-15T17:05:00,STEAM_PRES_01,65.269
2024-01-15T17:05:00,STEAM_FEED_01,349.6384
2024-01-15T17:05:00,STEAM_TEMP_01,264.3686
2024-01-15T17:06:00,CORE_FLUX_01,1537693620925.3164
2024-01-15T17:06:00,CORE_FUEL_01,731.932
2024-01-15T17:06:00,CORE_ROD_01,65.8399
2024-01-15T17:06:00,CORE_EXIT_01,317.9698
2024-01-15T17:06:00,STEAM_PRES_01,64.9689
2024-01-15T17:06:00,STEAM_FEED_01,349.0245
2024-01-15T17:06:00,STEAM_DELTA_01,24.5234
2024-01-15T17:06:00,STEAM_TEMP_01,264.1149
2024-01-15T17:07:00,CORE_FLUX_01,1522234062551.3152
2024-01-15T17:07:00,CORE_FUEL_01,720.5913
2024-01-15T17:07:00,CORE_ROD_01,64.8461
2024-01-15T17:07:00,STEAM_PRES_01,65.0397
2024-01-15T17:07:00,STEAM_FEED_01,348.2711
2024-01-15T17:07:00,STEAM_TEMP_01,264.8691
2024-01-15T17:08:00,CORE_FLUX_01,1523748288471.9653
2024-01-15T17:08:00,CORE_FUEL_01,730.0679
2024-01-15T17:08:00,CORE_ROD_01,66.396
2024-01-15T17:08:00,CORE_EXIT_01,318.1899
2024-01-15T17:08:00,STEAM_PRES_01,65.0183
2024-01-15T17:08:00,STEAM_FEED_01,347.2401
2024-01-15T17:08:00,STEAM_DELTA_01,24.2426
2024-01-15T17:08:00,STEAM_TEMP_01,263.408
2024-01-15T17:09:00,CORE_FLUX_01,1481764938475.9778
2024-01-15T17:09:00,CORE_FUEL_01,739.1921
2024-01-15T17:09:00,CORE_ROD_01,64.8583
2024-01-15T17:09:00,STEAM_PRES_01,64.852
2024-01-15T17:09:00,STEAM_FEED_01,347.7779
2024-01-15T17:09:00,STEAM_TEMP_01,264.093
2024-01-15T17:10:00,CORE_FLUX_01,1490058544283.501
2024-01-15T17:10:00,CORE_FUEL_01,719.4507
2024-01-15T17:10:00,CORE_ROD_01,65.2849
2024-01-15T17:10:00,CORE_EXIT_01,318.3427
2024-01-15T17:10:00,STEAM_PRES_01,65.1822
2024-01-15T17:10:00,STEAM_FEED_01,355.4272
2024-01-15T17:10:00,STEAM_DELTA_01,24.6247
2024-01-15T17:10:00,STEAM_TEMP_01,265.121
2024-01-15T17:11:00,CORE_FLUX_01,1490379379177.011
2024-01-15T17:11:00,CORE_FUEL_01,740.0062
2024-01-15T17:11:00,CORE_ROD_01,65.9099
2024-01-15T17:11:00,STEAM_PRES_01,64.8625
2024-01-15T17:11:00,STEAM_FEED_01,348.999
2024-01-15T17:11:00,STEAM_TEMP_01,262.5649
2024-01-15T17:12:00,CORE_FLUX_01,1494824593807.5903
2024-01-15T17:12:00,CORE_FUEL_01,727.997
2024-01-15T17:12:00,CORE_ROD_01,65.4951
2024-01-15T17:12:00,CORE_EXIT_01,317.416
2024-01-15T17:12:00,STEAM_PRES_01,65.3519
2024-01-15T17:12:00,STEAM_FEED_01,356.5978
2024-01-15T17:12:00,STEAM_DELTA_01,24.6111
2024-01-15T17:12:00,STEAM_TEMP_01,264.2371
2024-01-15T17:13:00,CORE_FLUX_01,1490499690985.1157
2024-01-15T17:13:00,CORE_FUEL_01,749.4964
2024-01-15T17:13:00,CORE_ROD_01,65.5135
2024-01-15T17:13:00,STEAM_PRES_01,64.7261
2024-01-15T17:13:00,STEAM_FEED_01,348.3216
2024-01-15T17:13:00,STEAM_TEMP_01,263.0567
2024-01-15T17:14:00,CORE_FLUX_01,1523061714809.5632
2024-01-15T17:14:00,CORE_FUEL_01,732.1093
2024-01-15T17:14:00,CORE_ROD_01,65.5855
2024-01-15T17:14:00,CORE_EXIT_01,319.7825
2024-01-15T17:14:00,STEAM_PRES_01,64.9311
2024-01-15T17:14:00,STEAM_FEED_01,348.6913
2024-01-15T17:14:00,STEAM_DELTA_01,24.1446
2024-01-15T17:14:00,STEAM_TEMP_01,264.0227
2024-01-15T17:15:00,CORE_FLUX_01,1533855420447.4973
2024-01-15T17:15:00,CORE_FUEL_01,743.3934
2024-01-15T17:15:00,CORE_ROD_01,65.6571
2024-01-15T17:15:00,STEAM_PRES_01,64.8014
2024-01-15T17:15:00,STEAM_FEED_01,349.4928
2024-01-15T17:15:00,STEAM_TEMP_01,263.5733
2024-01-15T17:16:00,CORE_FLUX_01,1477208964753.9653
2024-01-15T17:16:00,CORE_FUEL_01,756.7511
2024-01-15T17:16:00,CORE_ROD_01,65.6201
2024-01-15T17:16:00,CORE_EXIT_01,318.9245
2024-01-15T17:16:00,STEAM_PRES_01,65.0206
2024-01-15T17:16:00,STEAM_FEED_01,346.3373
2024-01-15T17:16:00,STEAM_DELTA_01,24.6988
2024-01-15T17:16:00,STEAM_TEMP_01,263.529
2024-01-15T17:17:00,CORE_FLUX_01,1463078549688.5125
2024-01-15T17:17:00,CORE_FUEL_01,736.4172
2024-01-15T17:17:00,CORE_ROD_01,65.1754
2024-01-15T17:17:00,STEAM_PRES_01,64.5193
2024-01-15T17:17:00,STEAM_FEED_01,345.1045
2024-01-15T17:17:00,STEAM_TEMP_01,263.5031
2024-01-15T17:18:00,CORE_FLUX_01,1524679173489.018
2024-01-15T17:18:00,CORE_FUEL_01,729.041
2024-01-15T17:18:00,CORE_ROD_01,64.3288
2024-01-15T17:18:00,CORE_EXIT_01,321.6871
2024-01-15T17:18:00,STEAM_PRES_01,65.0111
2024-01-15T17:18:00,STEAM_FEED_01,352.8587
2024-01-15T17:18:00,STEAM_DELTA_01,24.9363
2024-01-15T17:18:00,STEAM_TEMP_01,263.1144
2024-01-15T17:19:00,CORE_FLUX_01,1498141690399.8875
2024-01-15T17:19:00,CORE_FUEL_01,740.6286
2024-01-15T17:19:00,CORE_ROD_01,64.3579
2024-01-15T17:19:00,STEAM_PRES_01,64.821
2024-01-15T17:19:00,STEAM_FEED_01,348.9097
2024-01-15T17:19:00,STEAM_TEMP_01,263.1045
2024-01-15T17:20:00,CORE_FLUX_01,1532210150206.2734
2024-01-15T17:20:00,CORE_FUEL_01,753.425
2024-01-15T17:20:00,CORE_ROD_01,64.1625
2024-01-15T17:20:00,CORE_EXIT_01,317.8804
2024-01-15T17:20:00,STEAM_PRES_01,65.2866
2024-01-15T17:20:00,STEAM_FEED_01,352.5913
2024-01-15T17:20:00,STEAM_DELTA_01,24.8972
2024-01-15T17:20:00,STEAM_TEMP_01,264.274
2024-01-15T17:21:00,CORE_FLUX_01,1473477225113.6367
2024-01-15T17:21:00,CORE_FUEL_01,746.7017
2024-01-15T17:21:00,CORE_ROD_01,64.8967
2024-01-15T17:21:00,STEAM_PRES_01,65.1574
2024-01-15T17:21:00,STEAM_FEED_01,352.2017
2024-01-15T17:21:00,STEAM_TEMP_01,264.0354
2024-01-15T17:22:00,CORE_FLUX_01,1531470161725.6167
2024-01-15T17:22:00,CORE_FUEL_01,734.4029
2024-01-15T17:22:00,CORE_ROD_01,65.1019
2024-01-15T17:22:00,CORE_EXIT_01,319.5395
2024-01-15T17:22:00,STEAM_PRES_01,64.9366
2024-01-15T17:22:00,STEAM_FEED_01,352.5443
2024-01-15T17:22:00,STEAM_DELTA_01,24.7805
2024-01-15T17:22:00,STEAM_TEMP_01,264.6111
2024-01-15T17:23:00,CORE_FLUX_01,1519706426457.7495
2024-01-15T17:23:00,CORE_FUEL_01,740.0044
2024-01-15T17:23:00,CORE_ROD_01,63.6359
2024-01-15T17:23:00,STEAM_PRES_01,65.5699
2024-01-15T17:23:00,STEAM_FEED_01,349.6703
2024-01-15T17:23:00,STEAM_TEMP_01,263.6173
2024-01-15T17:24:00,CORE_FLUX_01,1552916561403.477
2024-01-15T17:24:00,CORE_FUEL_01,731.071
2024-01-15T17:24:00,CORE_ROD_01,63.7534
2024-01-15T17:24:00,CORE_EXIT_01,319.335
2024-01-15T17:24:00,STEAM_PRES_01,64.7489
2024-01-15T17:24:00,STEAM_FEED_01,349.2756
2024-01-15T17:24:00,STEAM_DELTA_01,24.6712
2024-01-15T17:24:00,STEAM_TEMP_01,262.9627
2024-01-15T17:25:00,CORE_FLUX_01,1475356156880.8882
2024-01-15T17:25:00,CORE_FUEL_01,750.3199
2024-01-15T17:25:00,CORE_ROD_01,64.9293
2024-01-15T17:25:00,STEAM_PRES_01,64.796
2024-01-15T17:25:00,STEAM_FEED_01,348.9689
2024-01-15T17:25:00,STEAM_TEMP_01,263.0576
2024-01-15T17:26:00,CORE_FLUX_01,1490011158307.2932
2024-01-15T17:26:00,CORE_FUEL_01,744.7757
2024-01-15T17:26:00,CORE_ROD_01,64.7266
2024-01-15T17:26:00,CORE_EXIT_01,317.6031
2024-01-15T17:26:00,STEAM_PRES_01,65.0882
2024-01-15T17:26:00,STEAM_FEED_01,350.5349
2024-01-15T17:26:00,STEAM_DELTA_01,24.7599
2024-01-15T17:26:00,STEAM_TEMP_01,264.4142
2024-01-15T17:27:00,CORE_FLUX_01,1490915620077.9724
2024-01-15T17:27:00,CORE_FUEL_01,738.3877
2024-01-15T17:27:00,CORE_ROD_01,65.0611
2024-01-15T17:27:00,STEAM_PRES_01,65.3248
2024-01-15T17:27:00,STEAM_FEED_01,349.8203
2024-01-15T17:27:00,STEAM_TEMP_01,264.1265
2024-01-15T17:28:00,CORE_FLUX_01,1467146579895.12
2024-01-15T17:28:00,CORE_FUEL_01,726.1732
2024-01-15T17:28:00,CORE_ROD_01,64.4727
2024-01-15T17:28:00,CORE_EXIT_01,318.4127
2024-01-15T17:28:00,STEAM_PRES_01,64.7219
2024-01-15T17:28:00,STEAM_FEED_01,348.7212
2024-01-15T17:28:00,STEAM_DELTA_01,24.469
2024-01-15T17:28:00,STEAM_TEMP_01,264.2395
2024-01-15T17:29:00,CORE_FLUX_01,1500507899998.0115
2024-01-15T17:29:00,CORE_FUEL_01,739.5222
2024-01-15T17:29:00,CORE_ROD_01,64.0013
2024-01-15T17:29:00,STEAM_PRES_01,64.8335
2024-01-15T17:29:00,STEAM_FEED_01,350.9116
2024-01-15T17:29:00,STEAM_TEMP_01,263.8424
2024-01-15T17:30:00,CORE_FLUX_01,1475603852285.6924
2024-01-15T17:30:00,CORE_FUEL_01,736.077
2024-01-15T17:30:00,CORE_ROD_01,65.0464
2024-01-15T17:30:00,CORE_EXIT_01,318.9752
2024-01-15T17:30:00,STEAM_PRES_01,64.8899
2024-01-15T17:30:00,STEAM_FEED_01,351.8232
2024-01-15T17:30:00,STEAM_DELTA_01,24.6951
2024-01-15T17:30:00,STEAM_TEMP_01,263.3892
2024-01-15T17:31:00,CORE_FLUX_01,1481820548797.943
2024-01-15T17:31:00,CORE_FUEL_01,749.5544
2024-01-15T17:31:00,CORE_ROD_01,64.2373
2024-01-15T17:31:00,STEAM_PRES_01,64.8859
2024-01-15T17:31:00,STEAM_FEED_01,348.1745
2024-01-15T17:31:00,STEAM_TEMP_01,263.9098
2024-01-15T17:32:00,CORE_FLUX_01,1500315329070.9995
2024-01-15T17:32:00,CORE_FUEL_01,737.8948
2024-01-15T17:32:00,CORE_ROD_01,62.5199
2024-01-15T17:32:00,CORE_EXIT_01,319.0463
2024-01-15T17:32:00,STEAM_PRES_01,64.7643
2024-01-15T17:32:00,STEAM_FEED_01,348.8601
2024-01-15T17:32:00,STEAM_DELTA_01,24.507
2024-01-15T17:32:00,STEAM_TEMP_01,263.0323
2024-01-15T17:33:00,CORE_FLUX_01,1548726580788.4805
2024-01-15T17:33:00,CORE_FUEL_01,726.1109
2024-01-15T17:33:00,CORE_ROD_01,64.2621
2024-01-15T17:33:00,STEAM_PRES_01,65.0864
2024-01-15T17:33:00,STEAM_FEED_01,346.2977
2024-01-15T17:33:00,STEAM_TEMP_01,263.0614
2024-01-15T17:34:00,CORE_FLUX_01,1532042395325.0115
2024-01-15T17:34:00,CORE_FUEL_01,724.0513
2024-01-15T17:34:00,CORE_ROD_01,64.8326
2024-01-15T17:34:00,CORE_EXIT_01,317.3983
2024-01-15T17:34:00,STEAM_PRES_01,65.2753
2024-01-15T17:34:00,STEAM_FEED_01,351.2804
2024-01-15T17:34:00,STEAM_DELTA_01,24.5365
2024-01-15T17:34:00,STEAM_TEMP_01,264.0519
2024-01-15T17:35:00,CORE_FLUX_01,1523936593841.4673
2024-01-15T17:35:00,CORE_FUEL_01,727.6612
2024-01-15T17:35:00,CORE_ROD_01,65.2365
2024-01-15T17:35:00,STEAM_PRES_01,65.1062
2024-01-15T17:35:00,STEAM_FEED_01,351.7916
2024-01-15T17:35:00,STEAM_TEMP_01,263.1369
2024-01-15T17:36:00,CORE_FLUX_01,1478050021871.9365
2024-01-15T17:36:00,CORE_FUEL_01,742.5662
2024-01-15T17:36:00,CORE_ROD_01,64.5404
2024-01-15T17:36:00,CORE_EXIT_01,319.5915
2024-01-15T17:36:00,STEAM_PRES_01,65.0334
2024-01-15T17:36:00,STEAM_FEED_01,352.7224
2024-01-15T17:36:00,STEAM_DELTA_01,24.8725
2024-01-15T17:36:00,STEAM_TEMP_01,264.8933
2024-01-15T17:37:00,CORE_FLUX_01,1481704764618.6016
2024-01-15T17:37:00,CORE_FUEL_01,724.3292
2024-01-15T17:37:00,CORE_ROD_01,66.1463
2024-01-15T17:37:00,STEAM_PRES_01,65.2225
2024-01-15T17:37:00,STEAM_FEED_01,351.4576
2024-01-15T17:37:00,STEAM_TEMP_01,264.5343
2024-01-15T17:38:00,CORE_FLUX_01,1503707118912.6436
2024-01-15T17:38:00,CORE_FUEL_01,726.5809
2024-01-15T17:38:00,CORE_ROD_01,64.0835
2024-01-15T17:38:00,CORE_EXIT_01,317.8115
2024-01-15T17:38:00,STEAM_PRES_01,65.1218
2024-01-15T17:38:00,STEAM_FEED_01,349.2939
2024-01-15T17:38:00,STEAM_DELTA_01,24.8455
2024-01-15T17:38:00,STEAM_TEMP_01,263.9561
2024-01-15T17:39:00,CORE_FLUX_01,1535815152616.529
2024-01-15T17:39:00,CORE_FUEL_01,739.6423
2024-01-15T17:39:00,CORE_ROD_01,65.7037
2024-01-15T17:39:00,STEAM_PRES_01,64.8324
2024-01-15T17:39:00,STEAM_FEED_01,349.7119
2024-01-15T17:39:00,STEAM_TEMP_01,263.6954
2024-01-15T17:40:00,CORE_FLUX_01,1539554162636.8918
2024-01-15T17:40:00,CORE_FUEL_01,744.3062
2024-01-15T17:40:00,CORE_ROD_01,65.1156
2024-01-15T17:40:00,CORE_EXIT_01,316.1008
2024-01-15T17:40:00,STEAM_PRES_01,64.9226
2024-01-15T17:40:00,STEAM_FEED_01,350.1373
2024-01-15T17:40:00,STEAM_DELTA_01,24.301
2024-01-15T17:40:00,STEAM_TEMP_01,263.1058
2024-01-15T17:41:00,CORE_FLUX_01,1504809149918.052
2024-01-15T17:41:00,CORE_FUEL_01,726.5881
2024-01-15T17:41:00,CORE_ROD_01,66.2649
2024-01-15T17:41:00,STEAM_PRES_01,65.1084
2024-01-15T17:41:00,STEAM_FEED_01,350.9777
2024-01-15T17:41:00,STEAM_TEMP_01,264.2065
2024-01-15T17:42:00,CORE_FLUX_01,1490782965458.2375
2024-01-15T17:42:00,CORE_FUEL_01,740.0928
2024-01-15T17:42:00,CORE_ROD_01,65.5143
2024-01-15T17:42:00,CORE_EXIT_01,318.6557
2024-01-15T17:42:00,STEAM_PRES_01,64.5697
2024-01-15T17:42:00,STEAM_FEED_01,346.3741
2024-01-15T17:42:00,STEAM_DELTA_01,24.4071
2024-01-15T17:42:00,STEAM_TEMP_01,263.2219
2024-01-15T17:43:00,CORE_FLUX_01,1504455732956.6409
2024-01-15T17:43:00,CORE_FUEL_01,746.7605
2024-01-15T17:43:00,CORE_ROD_01,65.4634
2024-01-15T17:43:00,STEAM_PRES_01,65.2481
2024-01-15T17:43:00,STEAM_FEED_01,349.3421
2024-01-15T17:43:00,STEAM_TEMP_01,264.0
2024-01-15T17:44:00,CORE_FLUX_01,1489251445159.0935
2024-01-15T17:44:00,CORE_FUEL_01,730.6573
2024-01-15T17:44:00,CORE_ROD_01,66.1697
2024-01-15T17:44:00,CORE_EXIT_01,319.2924
2024-01-15T17:44:00,STEAM_PRES_01,65.2236
2024-01-15T17:44:00,STEAM_FEED_01,354.334
2024-01-15T17:44:00,STEAM_DELTA_01,24.723
2024-01-15T17:44:00,STEAM_TEMP_01,264.803
2024-01-15T17:45:00,CORE_FLUX_01,1505755850342.137
2024-01-15T17:45:00,CORE_FUEL_01,725.5173
2024-01-15T17:45:00,CORE_ROD_01,65.8356
2024-01-15T17:45:00,STEAM_PRES_01,64.7752
2024-01-15T17:45:00,STEAM_FEED_01,349.3663
2024-01-15T17:45:00,STEAM_TEMP_01,262.6534
2024-01-15T17:46:00,CORE_FLUX_01,1510399229578.6543
2024-01-15T17:46:00,CORE_FUEL_01,722.2726
2024-01-15T17:46:00,CORE_ROD_01,66.6806
2024-01-15T17:46:00,CORE_EXIT_01,317.2691
2024-01-15T17:46:00,STEAM_PRES_01,64.9623
2024-01-15T17:46:00,STEAM_FEED_01,350.1544
2024-01-15T17:46:00,STEAM_DELTA_01,24.6286
2024-01-15T17:46:00,STEAM_TEMP_01,263.2836
2024-01-15T17:47:00,CORE_FLUX_01,1492961873677.893
2024-01-15T17:47:00,CORE_FUEL_01,750.011
2024-01-15T17:47:00,CORE_ROD_01,66.2813
2024-01-15T17:47:00,STEAM_PRES_01,65.1694
2024-01-15T17:47:00,STEAM_FEED_01,352.9215
2024-01-15T17:47:00,STEAM_TEMP_01,264.0792
2024-01-15T17:48:00,CORE_FLUX_01,1458115646737.7744
2024-01-15T17:48:00,CORE_FUEL_01,737.8756
2024-01-15T17:48:00,CORE_ROD_01,63.5932
2024-01-15T17:48:00,CORE_EXIT_01,319.0396
2024-01-15T17:48:00,STEAM_PRES_01,65.1015
2024-01-15T17:48:00,STEAM_FEED_01,349.8418
2024-01-15T17:48:00,STEAM_DELTA_01,24.6768
2024-01-15T17:48:00,STEAM_TEMP_01,264.0063
2024-01-15T17:49:00,CORE_FLUX_01,1497485508692.5374
2024-01-15T17:49:00,CORE_FUEL_01,734.1199
2024-01-15T17:49:00,CORE_ROD_01,65.6187
2024-01-15T17:49:00,STEAM_PRES_01,64.6976
2024-01-15T17:49:00,STEAM_FEED_01,348.7708
2024-01-15T17:49:00,STEAM_TEMP_01,263.0243
2024-01-15T17:50:00,CORE_FLUX_01,1479260839564.163
2024-01-15T17:50:00,CORE_FUEL_01,729.9197
2024-01-15T17:50:00,CORE_ROD_01,65.585
2024-01-15T17:50:00,CORE_EXIT_01,319.731
2024-01-15T17:50:00,STEAM_PRES_01,64.9864
2024-01-15T17:50:00,STEAM_FEED_01,350.687
2024-01-15T17:50:00,STEAM_DELTA_01,24.3432
2024-01-15T17:50:00,STEAM_TEMP_01,264.2651
2024-01-15T17:51:00,CORE_FLUX_01,1530535043413.289
2024-01-15T17:51:00,CORE_FUEL_01,741.9924
2024-01-15T17:51:00,CORE_ROD_01,64.4138
2024-01-15T17:51:00,STEAM_PRES_01,65.6794
2024-01-15T17:51:00,STEAM_FEED_01,357.7993
2024-01-15T17:51:00,STEAM_TEMP_01,264.9274
2024-01-15T17:52:00,CORE_FLUX_01,1463181265481.1028
2024-01-15T17:52:00,CORE_FUEL_01,740.9483
2024-01-15T17:52:00,CORE_ROD_01,66.2851
2024-01-15T17:52:00,CORE_EXIT_01,318.9091
2024-01-15T17:52:00,STEAM_PRES_01,65.2297
2024-01-15T17:52:00,STEAM_FEED_01,354.6377
2024-01-15T17:52:00,STEAM_DELTA_01,24.805
2024-01-15T17:52:00,STEAM_TEMP_01,263.6889
2024-01-15T17:53:00,CORE_FLUX_01,1487069556715.3994
2024-01-15T17:53:00,CORE_FUEL_01,736.9971
2024-01-15T17:53:00,CORE_ROD_01,64.7244
2024-01-15T17:53:00,STEAM_PRES_01,65.0598
2024-01-15T17:53:00,STEAM_FEED_01,350.9499
2024-01-15T17:53:00,STEAM_TEMP_01,264.0008
2024-01-15T17:54:00,CORE_FLUX_01,1579769761725.621
2024-01-15T17:54:00,CORE_FUEL_01,743.9506
2024-01-15T17:54:00,CORE_ROD_01,64.1546
2024-01-15T17:54:00,CORE_EXIT_01,316.4749
2024-01-15T17:54:00,STEAM_PRES_01,64.7015
2024-01-15T17:54:00,STEAM_FEED_01,347.3762
2024-01-15T17:54:00,STEAM_DELTA_01,24.6009
2024-01-15T17:54:00,STEAM_TEMP_01,263.8313
2024-01-15T17:55:00,CORE_FLUX_01,1492893560995.0137
2024-01-15T17:55:00,CORE_FUEL_01,728.8218
2024-01-15T17:55:00,CORE_ROD_01,65.5944
2024-01-15T17:55:00,STEAM_PRES_01,64.7597
2024-01-15T17:55:00,STEAM_FEED_01,350.2063
2024-01-15T17:55:00,STEAM_TEMP_01,264.1896
2024-01-15T17:56:00,CORE_FLUX_01,1507505329815.165
2024-01-15T17:56:00,CORE_FUEL_01,733.2122
2024-01-15T17:56:00,CORE_ROD_01,64.9236
2024-01-15T17:56:00,CORE_EXIT_01,318.1746
2024-01-15T17:56:00,STEAM_PRES_01,64.8534
2024-01-15T17:56:00,STEAM_FEED_01,349.6337
2024-01-15T17:56:00,STEAM_DELTA_01,24.7208
2024-01-15T17:56:00,STEAM_TEMP_01,265.0563
2024-01-15T17:57:00,CORE_FLUX_01,1514359153909.9636
2024-01-15T17:57:00,CORE_FUEL_01,746.0327
2024-01-15T17:57:00,CORE_ROD_01,65.2668
2024-01-15T17:57:00,STEAM_PRES_01,64.9566
2024-01-15T17:57:00,STEAM_FEED_01,349.9346
2024-01-15T17:57:00,STEAM_TEMP_01,264.2443
2024-01-15T17:58:00,CORE_FLUX_01,1512355943879.1675
2024-01-15T17:58:00,CORE_FUEL_01,730.0681
2024-01-15T17:58:00,CORE_ROD_01,65.6293
2024-01-15T17:58:00,CORE_EXIT_01,316.283
2024-01-15T17:58:00,STEAM_PRES_01,64.9073
2024-01-15T17:58:00,STEAM_FEED_01,351.5769
2024-01-15T17:58:00,STEAM_DELTA_01,24.5035
2024-01-15T17:58:00,STEAM_TEMP_01,264.1321
2024-01-15T17:59:00,CORE_FLUX_01,1469602980990.5447
2024-01-15T17:59:00,CORE_FUEL_01,740.9185
2024-01-15T17:59:00,CORE_ROD_01,63.9892
2024-01-15T17:59:00,STEAM_PRES_01,65.1426
2024-01-15T17:59:00,STEAM_FEED_01,348.1538
2024-01-15T17:59:00,STEAM_TEMP_01,264.0353
2024-01-15T18:00:00,CORE_FLUX_01,1513785110422.2993
2024-01-15T18:00:00,CORE_FUEL_01,731.1865
2024-01-15T18:00:00,CORE_ROD_01,66.2266
2024-01-15T18:00:00,CORE_EXIT_01,317.094
2024-01-15T18:00:00,STEAM_PRES_01,64.6382
2024-01-15T18:00:00,STEAM_FEED_01,348.6859
2024-01-15T18:00:00,STEAM_DELTA_01,24.1112
2024-01-15T18:00:00,STEAM_TEMP_01,262.7572
2024-01-15T18:01:00,CORE_FLUX_01,1489623385789.6243
2024-01-15T18:01:00,CORE_FUEL_01,732.0718
2024-01-15T18:01:00,CORE_ROD_01,65.8418
2024-01-15T18:01:00,STEAM_PRES_01,64.9031
2024-01-15T18:01:00,STEAM_FEED_01,349.3389
2024-01-15T18:01:00,STEAM_TEMP_01,262.8833
2024-01-15T18:02:00,CORE_FLUX_01,1551225553152.3499
2024-01-15T18:02:00,CORE_FUEL_01,723.9773
2024-01-15T18:02:00,CORE_ROD_01,64.7338
2024-01-15T18:02:00,CORE_EXIT_01,318.6399
2024-01-15T18:02:00,STEAM_PRES_01,64.6054
2024-01-15T18:02:00,STEAM_FEED_01,346.6696
2024-01-15T18:02:00,STEAM_DELTA_01,24.386
2024-01-15T18:02:00,STEAM_TEMP_01,263.4006
2024-01-15T18:03:00,CORE_FLUX_01,1517972481679.3186
2024-01-15T18:03:00,CORE_FUEL_01,749.3492
2024-01-15T18:03:00,CORE_ROD_01,64.6591
2024-01-15T18:03:00,STEAM_PRES_01,64.8626
2024-01-15T18:03:00,STEAM_FEED_01,351.4842
2024-01-15T18:03:00,STEAM_TEMP_01,263.5231
2024-01-15T18:04:00,CORE_FLUX_01,1502334097742.6301
2024-01-15T18:04:00,CORE_FUEL_01,738.7394
2024-01-15T18:04:00,CORE_ROD_01,65.5078
2024-01-15T18:04:00,CORE_EXIT_01,317.2361
2024-01-15T18:04:00,STEAM_PRES_01,65.023
2024-01-15T18:04:00,STEAM_FEED_01,349.3247
2024-01-15T18:04:00,STEAM_DELTA_01,24.4838
2024-01-15T18:04:00,STEAM_TEMP_01,263.3258
2024-01-15T18:05:00,CORE_FLUX_01,1443935383499.5266
2024-01-15T18:05:00,CORE_FUEL_01,750.1637
2024-01-15T18:05:00,CORE_ROD_01,64.1864
2024-01-15T18:05:00,STEAM_PRES_01,65.2101
2024-01-15T18:05:00,STEAM_FEED_01,352.3826
2024-01-15T18:05:00,STEAM_TEMP_01,263.8064
2024-01-15T18:06:00,CORE_FLUX_01,1514339745689.2188
2024-01-15T18:06:00,CORE_FUEL_01,745.794
2024-01-15T18:06:00,CORE_ROD_01,66.2658
2024-01-15T18:06:00,CORE_EXIT_01,315.8438
2024-01-15T18:06:00,STEAM_PRES_01,64.4967
2024-01-15T18:06:00,STEAM_FEED_01,349.114
2024-01-15T18:06:00,STEAM_DELTA_01,24.4445
2024-01-15T18:06:00,STEAM_TEMP_01,263.6431
2024-01-15T18:07:00,CORE_FLUX_01,1515204507493.57
2024-01-15T18:07:00,CORE_FUEL_01,748.688
2024-01-15T18:07:00,CORE_ROD_01,65.0205
2024-01-15T18:07:00,STEAM_PRES_01,64.7666
2024-01-15T18:07:00,STEAM_FEED_01,351.3437
2024-01-15T18:07:00,STEAM_TEMP_01,263.6879
2024-01-15T18:08:00,CORE_FLUX_01,1452782298165.5408
2024-01-15T18:08:00,CORE_FUEL_01,716.8658
2024-01-15T18:08:00,CORE_ROD_01,66.0502
2024-01-15T18:08:00,CORE_EXIT_01,320.326
2024-01-15T18:08:00,STEAM_PRES_01,64.7148
2024-01-15T18:08:00,STEAM_FEED_01,347.4625
2024-01-15T18:08:00,STEAM_DELTA_01,24.5712
2024-01-15T18:08:00,STEAM_TEMP_01,263.3415
2024-01-15T18:09:00,CORE_FLUX_01,1553521659315.3914
2024-01-15T18:09:00,CORE_FUEL_01,727.8794
2024-01-15T18:09:00,CORE_ROD_01,64.7231
2024-01-15T18:09:00,STEAM_PRES_01,65.4013
2024-01-15T18:09:00,STEAM_FEED_01,352.1041
2024-01-15T18:09:00,STEAM_TEMP_01,264.74
2024-01-15T18:10:00,CORE_FLUX_01,1499146738850.9487
2024-01-15T18:10:00,CORE_FUEL_01,725.0885
2024-01-15T18:10:00,CORE_ROD_01,65.2237
2024-01-15T18:10:00,CORE_EXIT_01,317.3621
2024-01-15T18:10:00,STEAM_PRES_01,64.853
2024-01-15T18:10:00,STEAM_FEED_01,349.6931
2024-01-15T18:10:00,STEAM_DELTA_01,24.5874
2024-01-15T18:10:00,STEAM_TEMP_01,263.7789
2024-01-15T18:11:00,CORE_FLUX_01,1490486029282.238
2024-01-15T18:11:00,CORE_FUEL_01,739.5921
2024-01-15T18:11:00,CORE_ROD_01,64.6982
2024-01-15T18:11:00,STEAM_PRES_01,65.4656
2024-01-15T18:11:00,STEAM_FEED_01,352.4318
2024-01-15T18:11:00,STEAM_TEMP_01,264.4929
2024-01-15T18:12:00,CORE_FLUX_01,1470429249652.7593
2024-01-15T18:12:00,CORE_FUEL_01,720.8573
2024-01-15T18:12:00,CORE_ROD_01,64.8272
2024-01-15T18:12:00,CORE_EXIT_01,317.1383
2024-01-15T18:12:00,STEAM_PRES_01,65.2657
2024-01-15T18:12:00,STEAM_FEED_01,350.3523
2024-01-15T18:12:00,STEAM_DELTA_01,24.7088
2024-01-15T18:12:00,STEAM_TEMP_01,263.6735
2024-01-15T18:13:00,CORE_FLUX_01,1478585746087.572
2024-01-15T18:13:00,CORE_FUEL_01,726.7606
2024-01-15T18:13:00,CORE_ROD_01,65.8111
2024-01-15T18:13:00,STEAM_PRES_01,64.8023
2024-01-15T18:13:00,STEAM_FEED_01,349.7894
2024-01-15T18:13:00,STEAM_TEMP_01,263.3573
2024-01-15T18:14:00,CORE_FLUX_01,1423382391778.4736
2024-01-15T18:14:00,CORE_FUEL_01,748.5306
2024-01-15T18:14:00,CORE_ROD_01,65.4232
2024-01-15T18:14:00,CORE_EXIT_01,318.3184
2024-01-15T18:14:00,STEAM_PRES_01,65.0785
2024-01-15T18:14:00,STEAM_FEED_01,349.2317
2024-01-15T18:14:00,STEAM_DELTA_01,24.8563
2024-01-15T18:14:00,STEAM_TEMP_01,263.109
2024-01-15T18:15:00,CORE_FLUX_01,1496392936759.363
2024-01-15T18:15:00,CORE_FUEL_01,728.683
2024-01-15T18:15:00,CORE_ROD_01,63.3648
2024-01-15T18:15:00,STEAM_PRES_01,64.7816
2024-01-15T18:15:00,STEAM_FEED_01,347.0431
2024-01-15T18:15:00,STEAM_TEMP_01,263.7195
2024-01-15T18:16:00,CORE_FLUX_01,1523679775693.2944
2024-01-15T18:16:00,CORE_FUEL_01,727.8593
2024-01-15T18:16:00,CORE_ROD_01,63.3761
2024-01-15T18:16:00,CORE_EXIT_01,318.219
2024-01-15T18:16:00,STEAM_PRES_01,64.8214
2024-01-15T18:16:00,STEAM_FEED_01,347.8524
2024-01-15T18:16:00,STEAM_DELTA_01,24.4323
2024-01-15T18:16:00,STEAM_TEMP_01,263.0064
2024-01-15T18:17:00,CORE_FLUX_01,1485042748209.8054
2024-01-15T18:17:00,CORE_FUEL_01,746.8788
2024-01-15T18:17:00,CORE_ROD_01,64.7637
2024-01-15T18:17:00,STEAM_PRES_01,64.7391
2024-01-15T18:17:00,STEAM_FEED_01,345.976
2024-01-15T18:17:00,STEAM_TEMP_01,262.519
2024-01-15T18:18:00,CORE_FLUX_01,1502611678728.614
2024-01-15T18:18:00,CORE_FUEL_01,718.9206
2024-01-15T18:18:00,CORE_ROD_01,64.9296
2024-01-15T18:18:00,CORE_EXIT_01,318.0259
2024-01-15T18:18:00,STEAM_PRES_01,64.9446
2024-01-15T18:18:00,STEAM_FEED_01,348.7225
2024-01-15T18:18:00,STEAM_DELTA_01,24.7408
2024-01-15T18:18:00,STEAM_TEMP_01,265.1122
2024-01-15T18:19:00,CORE_FLUX_01,1487882771402.7974
2024-01-15T18:19:00,CORE_FUEL_01,733.3106
2024-01-15T18:19:00,CORE_ROD_01,65.2302
2024-01-15T18:19:00,STEAM_PRES_01,65.3404
2024-01-15T18:19:00,STEAM_FEED_01,350.794
2024-01-15T18:19:00,STEAM_TEMP_01,263.5608
2024-01-15T18:20:00,CORE_FLUX_01,1491769765229.3862
2024-01-15T18:20:00,CORE_FUEL_01,736.2706
2024-01-15T18:20:00,CORE_ROD_01,64.6259
2024-01-15T18:20:00,CORE_EXIT_01,317.961
2024-01-15T18:20:00,STEAM_PRES_01,64.7973
2024-01-15T18:20:00,STEAM_FEED_01,350.0121
2024-01-15T18:20:00,STEAM_DELTA_01,24.4759
2024-01-15T18:20:00,STEAM_TEMP_01,263.3896
2024-01-15T18:21:00,CORE_FLUX_01,1488096508669.76
2024-01-15T18:21:00,CORE_FUEL_01,726.4116
2024-01-15T18:21:00,CORE_ROD_01,65.1068
2024-01-15T18:21:00,STEAM_PRES_01,65.0067
2024-01-15T18:21:00,STEAM_FEED_01,350.5519
2024-01-15T18:21:00,STEAM_TEMP_01,263.3854
2024-01-15T18:22:00,CORE_FLUX_01,1514299843873.8762
2024-01-15T18:22:00,CORE_FUEL_01,744.1026
2024-01-15T18:22:00,CORE_ROD_01,66.119
2024-01-15T18:22:00,CORE_EXIT_01,318.2305
2024-01-15T18:22:00,STEAM_PRES_01,64.822
2024-01-15T18:22:00,STEAM_FEED_01,348.9849
2024-01-15T18:22:00,STEAM_DELTA_01,24.312
2024-01-15T18:22:00,STEAM_TEMP_01,263.1402
2024-01-15T18:23:00,CORE_FLUX_01,1515662966484.7493
2024-01-15T18:23:00,CORE_FUEL_01,758.1265
2024-01-15T18:23:00,CORE_ROD_01,64.8911
2024-01-15T18:23:00,STEAM_PRES_01,65.062
2024-01-15T18:23:00,STEAM_FEED_01,352.3511
2024-01-15T18:23:00,STEAM_TEMP_01,264.0795
2024-01-15T18:24:00,CORE_FLUX_01,1484436541476.6436
2024-01-15T18:24:00,CORE_FUEL_01,716.9125
2024-01-15T18:24:00,CORE_ROD_01,63.6259
2024-01-15T18:24:00,CORE_EXIT_01,320.0246
2024-01-15T18:24:00,STEAM_PRES_01,64.8062
2024-01-15T18:24:00,STEAM_FEED_01,353.3074
2024-01-15T18:24:00,STEAM_DELTA_01,24.7157
2024-01-15T18:24:00,STEAM_TEMP_01,263.251
2024-01-15T18:25:00,CORE_FLUX_01,1479890553000.0366
2024-01-15T18:25:00,CORE_FUEL_01,740.7954
2024-01-15T18:25:00,CORE_ROD_01,65.3496
2024-01-15T18:25:00,STEAM_PRES_01,64.498
2024-01-15T18:25:00,STEAM_FEED_01,347.9331
2024-01-15T18:25:00,STEAM_TEMP_01,263.4282
2024-01-15T18:26:00,CORE_FLUX_01,1527658285808.0173
2024-01-15T18:26:00,CORE_FUEL_01,739.8549
2024-01-15T18:26:00,CORE_ROD_01,64.99
2024-01-15T18:26:00,CORE_EXIT_01,316.7639
2024-01-15T18:26:00,STEAM_PRES_01,65.1268
2024-01-15T18:26:00,STEAM_FEED_01,352.0645
2024-01-15T18:26:00,STEAM_DELTA_01,24.5384
2024-01-15T18:26:00,STEAM_TEMP_01,263.0622
2024-01-15T18:27:00,CORE_FLUX_01,1462345845083.3171
2024-01-15T18:27:00,CORE_FUEL_01,738.742
2024-01-15T18:27:00,CORE_ROD_01,63.9566
2024-01-15T18:27:00,STEAM_PRES_01,65.2604
2024-01-15T18:27:00,STEAM_FEED_01,352.885
2024-01-15T18:27:00,STEAM_TEMP_01,263.6975
2024-01-15T18:28:00,CORE_FLUX_01,1459671167845.963
2024-01-15T18:28:00,CORE_FUEL_01,741.4376
2024-01-15T18:28:00,CORE_ROD_01,62.8435
2024-01-15T18:28:00,CORE_EXIT_01,317.1395
2024-01-15T18:28:00,STEAM_PRES_01,64.7864
2024-01-15T18:28:00,STEAM_FEED_01,352.0012
2024-01-15T18:28:00,STEAM_DELTA_01,24.3795
2024-01-15T18:28:00,STEAM_TEMP_01,262.3816
2024-01-15T18:29:00,CORE_FLUX_01,1505950837341.6506
2024-01-15T18:29:00,CORE_FUEL_01,727.6714
2024-01-15T18:29:00,CORE_ROD_01,63.8819
2024-01-15T18:29:00,STEAM_PRES_01,65.0429
2024-01-15T18:29:00,STEAM_FEED_01,350.1318
2024-01-15T18:29:00,STEAM_TEMP_01,263.8475
2024-01-15T18:30:00,CORE_FLUX_01,1458267636792.9146
2024-01-15T18:30:00,CORE_FUEL_01,746.192
2024-01-15T18:30:00,CORE_ROD_01,64.2695
2024-01-15T18:30:00,CORE_EXIT_01,319.1455
2024-01-15T18:30:00,STEAM_PRES_01,64.7605
2024-01-15T18:30:00,STEAM_FEED_01,349.2038
2024-01-15T18:30:00,STEAM_DELTA_01,24.5063
2024-01-15T18:30:00,STEAM_TEMP_01,263.323
2024-01-15T18:31:00,CORE_FLUX_01,1500303377448.9421
2024-01-15T18:31:00,CORE_FUEL_01,735.4921
2024-01-15T18:31:00,CORE_ROD_01,63.6416
2024-01-15T18:31:00,STEAM_PRES_01,65.0061
2024-01-15T18:31:00,STEAM_FEED_01,348.7641
2024-01-15T18:31:00,STEAM_TEMP_01,262.7949
2024-01-15T18:32:00,CORE_FLUX_01,1571289577635.5215
2024-01-15T18:32:00,CORE_FUEL_01,735.941
2024-01-15T18:32:00,CORE_ROD_01,63.411
2024-01-15T18:32:00,CORE_EXIT_01,319.825
2024-01-15T18:32:00,STEAM_PRES_01,65.0567
2024-01-15T18:32:00,STEAM_FEED_01,349.1917
2024-01-15T18:32:00,STEAM_DELTA_01,24.7953
2024-01-15T18:32:00,STEAM_TEMP_01,263.7838
2024-01-15T18:33:00,CORE_FLUX_01,1448253833306.0457
2024-01-15T18:33:00,CORE_FUEL_01,735.5518
2024-01-15T18:33:00,CORE_ROD_01,64.3921
2024-01-15T18:33:00,STEAM_PRES_01,65.0482
2024-01-15T18:33:00,STEAM_FEED_01,350.0172
2024-01-15T18:33:00,STEAM_TEMP_01,263.5403
2024-01-15T18:34:00,CORE_FLUX_01,1502638477217.348
2024-01-15T18:34:00,CORE_FUEL_01,732.3712
2024-01-15T18:34:00,CORE_ROD_01,65.3718
2024-01-15T18:34:00,CORE_EXIT_01,318.1997
2024-01-15T18:34:00,STEAM_PRES_01,64.9455
2024-01-15T18:34:00,STEAM_FEED_01,353.3197
2024-01-15T18:34:00,STEAM_DELTA_01,24.3891
2024-01-15T18:34:00,STEAM_TEMP_01,264.4506
2024-01-15T18:35:00,CORE_FLUX_01,1512730242100.9238
2024-01-15T18:35:00,CORE_FUEL_01,744.2397
2024-01-15T18:35:00,CORE_ROD_01,65.3504
2024-01-15T18:35:00,STEAM_PRES_01,64.9205
2024-01-15T18:35:00,STEAM_FEED_01,348.3503
2024-01-15T18:35:00,STEAM_TEMP_01,263.8144
2024-01-15T18:36:00,CORE_FLUX_01,1533594451919.481
2024-01-15T18:36:00,CORE_FUEL_01,736.9202
2024-01-15T18:36:00,CORE_ROD_01,65.4118
2024-01-15T18:36:00,CORE_EXIT_01,318.6661
2024-01-15T18:36:00,STEAM_PRES_01,64.8963
2024-01-15T18:36:00,STEAM_FEED_01,346.8059
2024-01-15T18:36:00,STEAM_DELTA_01,24.0646
2024-01-15T18:36:00,STEAM_TEMP_01,262.9662
2024-01-15T18:37:00,CORE_FLUX_01,1492988740816.0923
2024-01-15T18:37:00,CORE_FUEL_01,744.7246
2024-01-15T18:37:00,CORE_ROD_01,64.7011
2024-01-15T18:37:00,STEAM_PRES_01,65.0104
2024-01-15T18:37:00,STEAM_FEED_01,349.4352
2024-01-15T18:37:00,STEAM_TEMP_01,263.6261
2024-01-15T18:38:00,CORE_FLUX_01,1474293227353.7795
2024-01-15T18:38:00,CORE_FUEL_01,726.5469
2024-01-15T18:38:00,CORE_ROD_01,65.8821
2024-01-15T18:38:00,CORE_EXIT_01,317.7727
2024-01-15T18:38:00,STEAM_PRES_01,65.4206
2024-01-15T18:38:00,STEAM_FEED_01,353.5921
2024-01-15T18:38:00,STEAM_DELTA_01,24.8852
2024-01-15T18:38:00,STEAM_TEMP_01,263.9179
2024-01-15T18:39:00,CORE_FLUX_01,1518302094158.5222
2024-01-15T18:39:00,CORE_FUEL_01,733.4525
2024-01-15T18:39:00,CORE_ROD_01,63.2913
2024-01-15T18:39:00,STEAM_PRES_01,64.7688
2024-01-15T18:39:00,STEAM_FEED_01,350.5054
2024-01-15T18:39:00,STEAM_TEMP_01,263.6051
2024-01-15T18:40:00,CORE_FLUX_01,1517785084807.6472
2024-01-15T18:40:00,CORE_FUEL_01,752.2305
2024-01-15T18:40:00,CORE_ROD_01,65.36
2024-01-15T18:40:00,CORE_EXIT_01,318.8871
2024-01-15T18:40:00,STEAM_PRES_01,64.9
2024-01-15T18:40:00,STEAM_FEED_01,349.4486
2024-01-15T18:40:00,STEAM_DELTA_01,24.3132
2024-01-15T18:40:00,STEAM_TEMP_01,262.8327
2024-01-15T18:41:00,CORE_FLUX_01,1505371592813.8965
2024-01-15T18:41:00,CORE_FUEL_01,738.7171
2024-01-15T18:41:00,CORE_ROD_01,65.003
2024-01-15T18:41:00,STEAM_PRES_01,65.1524
2024-01-15T18:41:00,STEAM_FEED_01,349.4091
2024-01-15T18:41:00,STEAM_TEMP_01,262.9219
2024-01-15T18:42:00,CORE_FLUX_01,1503527410320.266
2024-01-15T18:42:00,CORE_FUEL_01,732.6832
2024-01-15T18:42:00,CORE_ROD_01,64.9094
2024-01-15T18:42:00,CORE_EXIT_01,317.7192
2024-01-15T18:42:00,STEAM_PRES_01,65.1011
2024-01-15T18:42:00,STEAM_FEED_01,348.8285
2024-01-15T18:42:00,STEAM_DELTA_01,24.5832
2024-01-15T18:42:00,STEAM_TEMP_01,263.8274
2024-01-15T18:43:00,CORE_FLUX_01,1491756625197.119
2024-01-15T18:43:00,CORE_FUEL_01,726.7829
2024-01-15T18:43:00,CORE_ROD_01,65.4135
2024-01-15T18:43:00,STEAM_PRES_01,64.8192
2024-01-15T18:43:00,STEAM_FEED_01,349.1019
2024-01-15T18:43:00,STEAM_TEMP_01,263.1731
2024-01-15T18:44:00,CORE_FLUX_01,1544030890006.8845
2024-01-15T18:44:00,CORE_FUEL_01,731.5919
2024-01-15T18:44:00,CORE_ROD_01,64.7893
2024-01-15T18:44:00,CORE_EXIT_01,315.5712
2024-01-15T18:44:00,STEAM_PRES_01,65.0428
2024-01-15T18:44:00,STEAM_FEED_01,347.3206
2024-01-15T18:44:00,STEAM_DELTA_01,24.306
2024-01-15T18:44:00,STEAM_TEMP_01,263.3092
2024-01-15T18:45:00,CORE_FLUX_01,1512773364174.0627
2024-01-15T18:45:00,CORE_FUEL_01,757.453
2024-01-15T18:45:00,CORE_ROD_01,65.6119
2024-01-15T18:45:00,STEAM_PRES_01,64.8766
2024-01-15T18:45:00,STEAM_FEED_01,350.8955
2024-01-15T18:45:00,STEAM_TEMP_01,263.1988
2024-01-15T18:46:00,CORE_FLUX_01,1471374415447.8533
2024-01-15T18:46:00,CORE_FUEL_01,749.3604
2024-01-15T18:46:00,CORE_ROD_01,64.7743
2024-01-15T18:46:00,CORE_EXIT_01,317.5032
2024-01-15T18:46:00,STEAM_PRES_01,65.1474
2024-01-15T18:46:00,STEAM_FEED_01,350.8825
2024-01-15T18:46:00,STEAM_DELTA_01,24.68
2024-01-15T18:46:00,STEAM_TEMP_01,263.2112
2024-01-15T18:47:00,CORE_FLUX_01,1487211801844.8982
2024-01-15T18:47:00,CORE_FUEL_01,744.4569
2024-01-15T18:47:00,CORE_ROD_01,64.011
2024-01-15T18:47:00,STEAM_PRES_01,65.247
2024-01-15T18:47:00,STEAM_FEED_01,352.374
2024-01-15T18:47:00,STEAM_TEMP_01,263.4424
2024-01-15T18:48:00,CORE_FLUX_01,1514036155139.013
2024-01-15T18:48:00,CORE_FUEL_01,719.8641
2024-01-15T18:48:00,CORE_ROD_01,65.2871
2024-01-15T18:48:00,CORE_EXIT_01,317.5976
2024-01-15T18:48:00,STEAM_PRES_01,65.121
2024-01-15T18:48:00,STEAM_FEED_01,350.5936
2024-01-15T18:48:00,STEAM_DELTA_01,24.8851
2024-01-15T18:48:00,STEAM_TEMP_01,264.6508
2024-01-15T18:49:00,CORE_FLUX_01,1456727026820.1196
2024-01-15T18:49:00,CORE_FUEL_01,738.1632
2024-01-15T18:49:00,CORE_ROD_01,63.0136
2024-01-15T18:49:00,STEAM_PRES_01,65.2212
2024-01-15T18:49:00,STEAM_FEED_01,352.7951
2024-01-15T18:49:00,STEAM_TEMP_01,263.4142
2024-01-15T18:50:00,CORE_FLUX_01,1467556796658.691
2024-01-15T18:50:00,CORE_FUEL_01,743.9211
2024-01-15T18:50:00,CORE_ROD_01,64.2895
2024-01-15T18:50:00,CORE_EXIT_01,318.6124
2024-01-15T18:50:00,STEAM_PRES_01,64.8453
2024-01-15T18:50:00,STEAM_FEED_01,345.947
2024-01-15T18:50:00,STEAM_DELTA_01,24.0844
2024-01-15T18:50:00,STEAM_TEMP_01,263.6844
2024-01-15T18:51:00,CORE_FLUX_01,1430621441202.1963
2024-01-15T18:51:00,CORE_FUEL_01,739.638
2024-01-15T18:51:00,CORE_ROD_01,64.7483
2024-01-15T18:51:00,STEAM_PRES_01,65.0836
2024-01-15T18:51:00,STEAM_FEED_01,351.6823
2024-01-15T18:51:00,STEAM_TEMP_01,264.2139
2024-01-15T18:52:00,CORE_FLUX_01,1490198316118.6907
2024-01-15T18:52:00,CORE_FUEL_01,734.3465
2024-01-15T18:52:00,CORE_ROD_01,66.5436
2024-01-15T18:52:00,CORE_EXIT_01,319.1378
2024-01-15T18:52:00,STEAM_PRES_01,64.6344
2024-01-15T18:52:00,STEAM_FEED_01,346.8596
2024-01-15T18:52:00,STEAM_DELTA_01,24.261
2024-01-15T18:52:00,STEAM_TEMP_01,263.4892
2024-01-15T18:53:00,CORE_FLUX_01,1409299674222.9067
2024-01-15T18:53:00,CORE_FUEL_01,731.167
2024-01-15T18:53:00,CORE_ROD_01,64.0834
2024-01-15T18:53:00,STEAM_PRES_01,65.2926
2024-01-15T18:53:00,STEAM_FEED_01,353.1593
2024-01-15T18:53:00,STEAM_TEMP_01,263.8681
2024-01-15T18:54:00,CORE_FLUX_01,1530765313518.0776
2024-01-15T18:54:00,CORE_FUEL_01,728.5156
2024-01-15T18:54:00,CORE_ROD_01,65.7816
2024-01-15T18:54:00,CORE_EXIT_01,318.9862
2024-01-15T18:54:00,STEAM_PRES_01,64.9231
2024-01-15T18:54:00,STEAM_FEED_01,349.462
2024-01-15T18:54:00,STEAM_DELTA_01,24.2931
2024-01-15T18:54:00,STEAM_TEMP_01,262.7061
2024-01-15T18:55:00,CORE_FLUX_01,1458449843078.5227
2024-01-15T18:55:00,CORE_FUEL_01,719.2287
2024-01-15T18:55:00,CORE_ROD_01,65.4391
2024-01-15T18:55:00,STEAM_PRES_01,65.0111
2024-01-15T18:55:00,STEAM_FEED_01,351.1108
2024-01-15T18:55:00,STEAM_TEMP_01,264.2798
2024-01-15T18:56:00,CORE_FLUX_01,1500042992928.3235
2024-01-15T18:56:00,CORE_FUEL_01,727.3588
2024-01-15T18:56:00,CORE_ROD_01,64.7478
2024-01-15T18:56:00,CORE_EXIT_01,320.2073
2024-01-15T18:56:00,STEAM_PRES_01,64.9317
2024-01-15T18:56:00,STEAM_FEED_01,351.87
2024-01-15T18:56:00,STEAM_DELTA_01,24.5297
2024-01-15T18:56:00,STEAM_TEMP_01,263.4541
2024-01-15T18:57:00,CORE_FLUX_01,1485851806510.5784
2024-01-15T18:57:00,CORE_FUEL_01,724.0735
2024-01-15T18:57:00,CORE_ROD_01,65.9782
2024-01-15T18:57:00,STEAM_PRES_01,64.9242
2024-01-15T18:57:00,STEAM_FEED_01,348.1585
2024-01-15T18:57:00,STEAM_TEMP_01,262.9605
2024-01-15T18:58:00,CORE_FLUX_01,1542554989915.2568
2024-01-15T18:58:00,CORE_FUEL_01,743.0169
2024-01-15T18:58:00,CORE_ROD_01,63.8802
2024-01-15T18:58:00,CORE_EXIT_01,318.9259
2024-01-15T18:58:00,STEAM_PRES_01,65.0163
2024-01-15T18:58:00,STEAM_FEED_01,352.2944
2024-01-15T18:58:00,STEAM_DELTA_01,25.1466
2024-01-15T18:58:00,STEAM_TEMP_01,263.7589
2024-01-15T18:59:00,CORE_FLUX_01,1515675625993.63
2024-01-15T18:59:00,CORE_FUEL_01,738.0305
2024-01-15T18:59:00,CORE_ROD_01,62.0758
2024-01-15T18:59:00,STEAM_PRES_01,64.8006
2024-01-15T18:59:00,STEAM_FEED_01,349.3825
2024-01-15T18:59:00,STEAM_TEMP_01,263.1853
2024-01-15T19:00:00,CORE_FLUX_01,1479826463976.952
2024-01-15T19:00:00,CORE_FUEL_01,737.2549
2024-01-15T19:00:00,CORE_ROD_01,66.4649
2024-01-15T19:00:00,CORE_EXIT_01,317.9682
2024-01-15T19:00:00,STEAM_PRES_01,65.0768
2024-01-15T19:00:00,STEAM_FEED_01,355.2797
2024-01-15T19:00:00,STEAM_DELTA_01,24.9057
2024-01-15T19:00:00,STEAM_TEMP_01,264.3747
2024-01-15T19:01:00,CORE_FLUX_01,1476084215936.0825
2024-01-15T19:01:00,CORE_FUEL_01,738.0902
2024-01-15T19:01:00,CORE_ROD_01,64.8214
2024-01-15T19:01:00,STEAM_PRES_01,64.9329
2024-01-15T19:01:00,STEAM_FEED_01,351.6656
2024-01-15T19:01:00,STEAM_TEMP_01,264.207
2024-01-15T19:02:00,CORE_FLUX_01,1518376467242.452
2024-01-15T19:02:00,CORE_FUEL_01,725.2333
2024-01-15T19:02:00,CORE_ROD_01,64.1183
2024-01-15T19:02:00,CORE_EXIT_01,319.4856
2024-01-15T19:02:00,STEAM_PRES_01,65.1398
2024-01-15T19:02:00,STEAM_FEED_01,347.9545
2024-01-15T19:02:00,STEAM_DELTA_01,24.6789
2024-01-15T19:02:00,STEAM_TEMP_01,263.5977
2024-01-15T19:03:00,CORE_FLUX_01,1489014328742.9663
2024-01-15T19:03:00,CORE_FUEL_01,735.7592
2024-01-15T19:03:00,CORE_ROD_01,66.3239
2024-01-15T19:03:00,STEAM_PRES_01,64.8948
2024-01-15T19:03:00,STEAM_FEED_01,347.42
2024-01-15T19:03:00,STEAM_TEMP_01,262.9837
2024-01-15T19:04:00,CORE_FLUX_01,1453418519274.5295
2024-01-15T19:04:00,CORE_FUEL_01,738.5401
2024-01-15T19:04:00,CORE_ROD_01,65.5404
2024-01-15T19:04:00,CORE_EXIT_01,317.9243
2024-01-15T19:04:00,STEAM_PRES_01,65.1605
2024-01-15T19:04:00,STEAM_FEED_01,346.2831
2024-01-15T19:04:00,STEAM_DELTA_01,24.7039
2024-01-15T19:04:00,STEAM_TEMP_01,262.4634
2024-01-15T19:05:00,CORE_FLUX_01,1462436803482.6724
2024-01-15T19:05:00,CORE_FUEL_01,731.6405
2024-01-15T19:05:00,CORE_ROD_01,65.8915
2024-01-15T19:05:00,STEAM_PRES_01,64.9544
2024-01-15T19:05:00,STEAM_FEED_01,347.2633
2024-01-15T19:05:00,STEAM_TEMP_01,262.8189
2024-01-15T19:06:00,CORE_FLUX_01,1464705587046.264
2024-01-15T19:06:00,CORE_FUEL_01,732.3232
2024-01-15T19:06:00,CORE_ROD_01,64.8452
2024-01-15T19:06:00,CORE_EXIT_01,318.2335
2024-01-15T19:06:00,STEAM_PRES_01,64.7064
2024-01-15T19:06:00,STEAM_FEED_01,344.6243
2024-01-15T19:06:00,STEAM_DELTA_01,24.034
2024-01-15T19:06:00,STEAM_TEMP_01,263.2111
2024-01-15T19:07:00,CORE_FLUX_01,1512854666489.183
2024-01-15T19:07:00,CORE_FUEL_01,738.874
2024-01-15T19:07:00,CORE_ROD_01,64.8036
2024-01-15T19:07:00,STEAM_PRES_01,65.0005
2024-01-15T19:07:00,STEAM_FEED_01,348.6233
2024-01-15T19:07:00,STEAM_TEMP_01,263.2134
2024-01-15T19:08:00,CORE_FLUX_01,1488817891283.7395
2024-01-15T19:08:00,CORE_FUEL_01,723.6573
2024-01-15T19:08:00,CORE_ROD_01,65.2953
2024-01-15T19:08:00,CORE_EXIT_01,318.5897
2024-01-15T19:08:00,STEAM_PRES_01,65.0998
2024-01-15T19:08:00,STEAM_FEED_01,348.061
2024-01-15T19:08:00,STEAM_DELTA_01,24.6167
2024-01-15T19:08:00,STEAM_TEMP_01,263.5441
2024-01-15T19:09:00,CORE_FLUX_01,1499502825450.1633
2024-01-15T19:09:00,CORE_FUEL_01,749.3799
2024-01-15T19:09:00,CORE_ROD_01,67.0743
2024-01-15T19:09:00,STEAM_PRES_01,65.2024
2024-01-15T19:09:00,STEAM_FEED_01,353.2768
2024-01-15T19:09:00,STEAM_TEMP_01,264.1421
2024-01-15T19:10:00,CORE_FLUX_01,1501044366688.7197
2024-01-15T19:10:00,CORE_FUEL_01,736.6943
2024-01-15T19:10:00,CORE_ROD_01,63.9516
2024-01-15T19:10:00,CORE_EXIT_01,317.0934
2024-01-15T19:10:00,STEAM_PRES_01,65.2525
2024-01-15T19:10:00,STEAM_FEED_01,352.7846
2024-01-15T19:10:00,STEAM_DELTA_01,24.2393
2024-01-15T19:10:00,STEAM_TEMP_01,263.8491
2024-01-15T19:11:00,CORE_FLUX_01,1463278068045.2878
2024-01-15T19:11:00,CORE_FUEL_01,738.2385
2024-01-15T19:11:00,CORE_ROD_01,65.4763
2024-01-15T19:11:00,STEAM_PRES_01,65.2435
2024-01-15T19:11:00,STEAM_FEED_01,353.4239
2024-01-15T19:11:00,STEAM_TEMP_01,264.1664
2024-01-15T19:12:00,CORE_FLUX_01,1494789727369.3481
2024-01-15T19:12:00,CORE_FUEL_01,730.0648
2024-01-15T19:12:00,CORE_ROD_01,64.6213
2024-01-15T19:12:00,CORE_EXIT_01,315.3525
2024-01-15T19:12:00,STEAM_PRES_01,65.0028
2024-01-15T19:12:00,STEAM_FEED_01,350.7454
2024-01-15T19:12:00,STEAM_DELTA_01,24.5721
2024-01-15T19:12:00,STEAM_TEMP_01,264.2438
2024-01-15T19:13:00,CORE_FLUX_01,1493748807761.1711
2024-01-15T19:13:00,CORE_FUEL_01,745.5476
2024-01-15T19:13:00,CORE_ROD_01,66.7339
2024-01-15T19:13:00,STEAM_PRES_01,64.9529
2024-01-15T19:13:00,STEAM_FEED_01,347.9459
2024-01-15T19:13:00,STEAM_TEMP_01,263.5799
2024-01-15T19:14:00,CORE_FLUX_01,1513058946274.2537
2024-01-15T19:14:00,CORE_FUEL_01,738.9284
2024-01-15T19:14:00,CORE_ROD_01,64.6994
2024-01-15T19:14:00,CORE_EXIT_01,320.0854
2024-01-15T19:14:00,STEAM_PRES_01,64.7334
2024-01-15T19:14:00,STEAM_FEED_01,348.4861
2024-01-15T19:14:00,STEAM_DELTA_01,23.9117
2024-01-15T19:14:00,STEAM_TEMP_01,262.2559
2024-01-15T19:15:00,CORE_FLUX_01,1512761482494.5796
2024-01-15T19:15:00,CORE_FUEL_01,752.9276
2024-01-15T19:15:00,CORE_ROD_01,63.7338
2024-01-15T19:15:00,STEAM_PRES_01,65.0024
2024-01-15T19:15:00,STEAM_FEED_01,351.7666
2024-01-15T19:15:00,STEAM_TEMP_01,263.8214
2024-01-15T19:16:00,CORE_FLUX_01,1458394672629.1982
2024-01-15T19:16:00,CORE_FUEL_01,738.2229
2024-01-15T19:16:00,CORE_ROD_01,65.2029
2024-01-15T19:16:00,CORE_EXIT_01,316.985
2024-01-15T19:16:00,STEAM_PRES_01,64.8191
2024-01-15T19:16:00,STEAM_FEED_01,346.8199
2024-01-15T19:16:00,STEAM_DELTA_01,24.2424
2024-01-15T19:16:00,STEAM_TEMP_01,262.6792
2024-01-15T19:17:00,CORE_FLUX_01,1486426039174.206
2024-01-15T19:17:00,CORE_FUEL_01,735.6883
2024-01-15T19:17:00,CORE_ROD_01,64.9857
2024-01-15T19:17:00,STEAM_PRES_01,65.1593
2024-01-15T19:17:00,STEAM_FEED_01,351.8335
2024-01-15T19:17:00,STEAM_TEMP_01,263.5193
2024-01-15T19:18:00,CORE_FLUX_01,1513555590510.549
2024-01-15T19:18:00,CORE_FUEL_01,723.4561
2024-01-15T19:18:00,CORE_ROD_01,66.1314
2024-01-15T19:18:00,CORE_EXIT_01,317.3159
2024-01-15T19:18:00,STEAM_PRES_01,64.8439
2024-01-15T19:18:00,STEAM_FEED_01,352.6429
2024-01-15T19:18:00,STEAM_DELTA_01,24.4654
2024-01-15T19:18:00,STEAM_TEMP_01,263.3254
2024-01-15T19:19:00,CORE_FLUX_01,1512289237176.2493
2024-01-15T19:19:00,CORE_FUEL_01,735.2555
2024-01-15T19:19:00,CORE_ROD_01,66.0101
2024-01-15T19:19:00,STEAM_PRES_01,65.3199
2024-01-15T19:19:00,STEAM_FEED_01,350.2811
2024-01-15T19:19:00,STEAM_TEMP_01,264.4806
2024-01-15T19:20:00,CORE_FLUX_01,1461517898450.596
2024-01-15T19:20:00,CORE_FUEL_01,735.8172
2024-01-15T19:20:00,CORE_ROD_01,65.6582
2024-01-15T19:20:00,CORE_EXIT_01,317.6354
2024-01-15T19:20:00,STEAM_PRES_01,65.1848
2024-01-15T19:20:00,STEAM_FEED_01,353.1647
2024-01-15T19:20:00,STEAM_DELTA_01,24.7488
2024-01-15T19:20:00,STEAM_TEMP_01,264.3778
2024-01-15T19:21:00,CORE_FLUX_01,1447184172308.439
2024-01-15T19:21:00,CORE_FUEL_01,729.3325
2024-01-15T19:21:00,CORE_ROD_01,65.848
2024-01-15T19:21:00,STEAM_PRES_01,64.7381
2024-01-15T19:21:00,STEAM_FEED_01,349.8327
2024-01-15T19:21:00,STEAM_TEMP_01,262.2689
2024-01-15T19:22:00,CORE_FLUX_01,1528123224975.2136
2024-01-15T19:22:00,CORE_FUEL_01,728.8253
2024-01-15T19:22:00,CORE_ROD_01,64.4648
2024-01-15T19:22:00,CORE_EXIT_01,316.5829
2024-01-15T19:22:00,STEAM_PRES_01,65.0908
2024-01-15T19:22:00,STEAM_FEED_01,346.5577
2024-01-15T19:22:00,STEAM_DELTA_01,24.1763
2024-01-15T19:22:00,STEAM_TEMP_01,263.5179
2024-01-15T19:23:00,CORE_FLUX_01,1478419766555.764
2024-01-15T19:23:00,CORE_FUEL_01,741.4497
2024-01-15T19:23:00,CORE_ROD_01,65.2396
2024-01-15T19:23:00,STEAM_PRES_01,64.6727
2024-01-15T19:23:00,STEAM_FEED_01,351.9562
2024-01-15T19:23:00,STEAM_TEMP_01,264.0209
2024-01-15T19:24:00,CORE_FLUX_01,1509786853511.2705
2024-01-15T19:24:00,CORE_FUEL_01,722.5342
2024-01-15T19:24:00,CORE_ROD_01,64.482
2024-01-15T19:24:00,CORE_EXIT_01,316.8067
2024-01-15T19:24:00,STEAM_PRES_01,64.9826
2024-01-15T19:24:00,STEAM_FEED_01,350.0095
2024-01-15T19:24:00,STEAM_DELTA_01,24.4507
2024-01-15T19:24:00,STEAM_TEMP_01,263.7268
2024-01-15T19:25:00,CORE_FLUX_01,1561418622386.2349
2024-01-15T19:25:00,CORE_FUEL_01,723.2728
2024-01-15T19:25:00,CORE_ROD_01,64.9573
2024-01-15T19:25:00,STEAM_PRES_01,65.2125
2024-01-15T19:25:00,STEAM_FEED_01,353.9707
2024-01-15T19:25:00,STEAM_TEMP_01,264.312
2024-01-15T19:26:00,CORE_FLUX_01,1494523936333.252
2024-01-15T19:26:00,CORE_FUEL_01,735.7689
2024-01-15T19:26:00,CORE_ROD_01,64.351
2024-01-15T19:26:00,CORE_EXIT_01,318.2545
2024-01-15T19:26:00,STEAM_PRES_01,64.7156
2024-01-15T19:26:00,STEAM_FEED_01,347.1193
2024-01-15T19:26:00,STEAM_DELTA_01,24.4989
2024-01-15T19:26:00,STEAM_TEMP_01,262.5179
2024-01-15T19:27:00,CORE_FLUX_01,1517515700469.0164
2024-01-15T19:27:00,CORE_FUEL_01,727.3855
2024-01-15T19:27:00,CORE_ROD_01,65.3379
2024-01-15T19:27:00,STEAM_PRES_01,64.9146
2024-01-15T19:27:00,STEAM_FEED_01,348.792
2024-01-15T19:27:00,STEAM_TEMP_01,262.471
2024-01-15T19:28:00,CORE_FLUX_01,1501867051892.1992
2024-01-15T19:28:00,CORE_FUEL_01,730.994
2024-01-15T19:28:00,CORE_ROD_01,65.2859
2024-01-15T19:28:00,CORE_EXIT_01,316.1612
2024-01-15T19:28:00,STEAM_PRES_01,65.1869
2024-01-15T19:28:00,STEAM_FEED_01,352.4218
2024-01-15T19:28:00,STEAM_DELTA_01,24.5201
2024-01-15T19:28:00,STEAM_TEMP_01,263.4037
2024-01-15T19:29:00,CORE_FLUX_01,1477723096419.6719
2024-01-15T19:29:00,CORE_FUEL_01,735.0639
2024-01-15T19:29:00,CORE_ROD_01,64.3438
2024-01-15T19:29:00,STEAM_PRES_01,64.6698
2024-01-15T19:29:00,STEAM_FEED_01,348.9784
2024-01-15T19:29:00,STEAM_TEMP_01,262.5677
2024-01-15T19:30:00,CORE_FLUX_01,1479969734136.3374
2024-01-15T19:30:00,CORE_FUEL_01,721.5146
2024-01-15T19:30:00,CORE_ROD_01,64.7959
2024-01-15T19:30:00,CORE_EXIT_01,317.6813
2024-01-15T19:30:00,STEAM_PRES_01,64.6159
2024-01-15T19:30:00,STEAM_FEED_01,348.0189
2024-01-15T19:30:00,STEAM_DELTA_01,24.2639
2024-01-15T19:30:00,STEAM_TEMP_01,263.1316
2024-01-15T19:31:00,CORE_FLUX_01,1469570119652.5996
2024-01-15T19:31:00,CORE_FUEL_01,739.8912
2024-01-15T19:31:00,CORE_ROD_01,64.0172
2024-01-15T19:31:00,STEAM_PRES_01,65.1146
2024-01-15T19:31:00,STEAM_FEED_01,349.0878
2024-01-15T19:31:00,STEAM_TEMP_01,264.0224
2024-01-15T19:32:00,CORE_FLUX_01,1493560679391.0657
2024-01-15T19:32:00,CORE_FUEL_01,728.2253
2024-01-15T19:32:00,CORE_ROD_01,63.8676
2024-01-15T19:32:00,CORE_EXIT_01,318.6131
2024-01-15T19:32:00,STEAM_PRES_01,65.0956
2024-01-15T19:32:00,STEAM_FEED_01,350.5406
2024-01-15T19:32:00,STEAM_DELTA_01,24.5689
2024-01-15T19:32:00,STEAM_TEMP_01,263.6755
2024-01-15T19:33:00,CORE_FLUX_01,1516208629663.3228
2024-01-15T19:33:00,CORE_FUEL_01,728.1182
2024-01-15T19:33:00,CORE_ROD_01,64.7441
2024-01-15T19:33:00,STEAM_PRES_01,64.9281
2024-01-15T19:33:00,STEAM_FEED_01,350.049
2024-01-15T19:33:00,STEAM_TEMP_01,264.1189
2024-01-15T19:34:00,CORE_FLUX_01,1473965483353.4878
2024-01-15T19:34:00,CORE_FUEL_01,739.9189
2024-01-15T19:34:00,CORE_ROD_01,65.3942
2024-01-15T19:34:00,CORE_EXIT_01,319.6131
2024-01-15T19:34:00,STEAM_PRES_01,65.1619
2024-01-15T19:34:00,STEAM_FEED_01,348.6961
2024-01-15T19:34:00,STEAM_DELTA_01,24.5589
2024-01-15T19:34:00,STEAM_TEMP_01,263.9403
2024-01-15T19:35:00,CORE_FLUX_01,1472673605558.4348
2024-01-15T19:35:00,CORE_FUEL_01,741.7754
2024-01-15T19:35:00,CORE_ROD_01,65.4662
2024-01-15T19:35:00,STEAM_PRES_01,64.8222
2024-01-15T19:35:00,STEAM_FEED_01,350.5651
2024-01-15T19:35:00,STEAM_TEMP_01,263.2798
2024-01-15T19:36:00,CORE_FLUX_01,1528426608175.5127
2024-01-15T19:36:00,CORE_FUEL_01,734.2432
2024-01-15T19:36:00,CORE_ROD_01,63.1058
2024-01-15T19:36:00,CORE_EXIT_01,317.6826
2024-01-15T19:36:00,STEAM_PRES_01,65.1785
2024-01-15T19:36:00,STEAM_FEED_01,351.3241
2024-01-15T19:36:00,STEAM_DELTA_01,24.5372
2024-01-15T19:36:00,STEAM_TEMP_01,263.9894
2024-01-15T19:37:00,CORE_FLUX_01,1502368256579.329
2024-01-15T19:37:00,CORE_FUEL_01,734.258
2024-01-15T19:37:00,CORE_ROD_01,63.9012
2024-01-15T19:37:00,STEAM_PRES_01,64.8092
2024-01-15T19:37:00,STEAM_FEED_01,346.9279
2024-01-15T19:37:00,STEAM_TEMP_01,262.7131
2024-01-15T19:38:00,CORE_FLUX_01,1531920058038.5178
2024-01-15T19:38:00,CORE_FUEL_01,736.163
2024-01-15T19:38:00,CORE_ROD_01,65.9525
2024-01-15T19:38:00,CORE_EXIT_01,319.2708
2024-01-15T19:38:00,STEAM_PRES_01,65.0832
2024-01-15T19:38:00,STEAM_FEED_01,350.8704
2024-01-15T19:38:00,STEAM_DELTA_01,24.5409
2024-01-15T19:38:00,STEAM_TEMP_01,264.1144
2024-01-15T19:39:00,CORE_FLUX_01,1463412594283.5603
2024-01-15T19:39:00,CORE_FUEL_01,720.3251
2024-01-15T19:39:00,CORE_ROD_01,64.6515
2024-01-15T19:39:00,STEAM_PRES_01,64.9336
2024-01-15T19:39:00,STEAM_FEED_01,350.7482
2024-01-15T19:39:00,STEAM_TEMP_01,262.9041
2024-01-15T19:40:00,CORE_FLUX_01,1522698499589.4636
2024-01-15T19:40:00,CORE_FUEL_01,743.1223
2024-01-15T19:40:00,CORE_ROD_01,64.7326
2024-01-15T19:40:00,CORE_EXIT_01,317.9166
2024-01-15T19:40:00,STEAM_PRES_01,65.099
2024-01-15T19:40:00,STEAM_FEED_01,348.9894
2024-01-15T19:40:00,STEAM_DELTA_01,24.3918
2024-01-15T19:40:00,STEAM_TEMP_01,263.4124
2024-01-15T19:41:00,CORE_FLUX_01,1478842391473.6084
2024-01-15T19:41:00,CORE_FUEL_01,750.0486
2024-01-15T19:41:00,CORE_ROD_01,64.7405
2024-01-15T19:41:00,STEAM_PRES_01,64.8483
2024-01-15T19:41:00,STEAM_FEED_01,347.8812
2024-01-15T19:41:00,STEAM_TEMP_01,262.3422
2024-01-15T19:42:00,CORE_FLUX_01,1501067897436.1147
2024-01-15T19:42:00,CORE_FUEL_01,734.1354
2024-01-15T19:42:00,CORE_ROD_01,65.9131
2024-01-15T19:42:00,CORE_EXIT_01,316.7646
2024-01-15T19:42:00,STEAM_PRES_01,64.9583
2024-01-15T19:42:00,STEAM_FEED_01,348.395
2024-01-15T19:42:00,STEAM_DELTA_01,24.0896
2024-01-15T19:42:00,STEAM_TEMP_01,263.3718
2024-01-15T19:43:00,CORE_FLUX_01,1493520049954.0159
2024-01-15T19:43:00,CORE_FUEL_01,739.5171
2024-01-15T19:43:00,CORE_ROD_01,64.6112
2024-01-15T19:43:00,STEAM_PRES_01,65.0648
2024-01-15T19:43:00,STEAM_FEED_01,347.4148
2024-01-15T19:43:00,STEAM_TEMP_01,263.6613
2024-01-15T19:44:00,CORE_FLUX_01,1518873477551.399
2024-01-15T19:44:00,CORE_FUEL_01,724.8484
2024-01-15T19:44:00,CORE_ROD_01,63.6801
2024-01-15T19:44:00,CORE_EXIT_01,319.6937
2024-01-15T19:44:00,STEAM_PRES_01,64.8691
2024-01-15T19:44:00,STEAM_FEED_01,350.9296
2024-01-15T19:44:00,STEAM_DELTA_01,24.8086
2024-01-15T19:44:00,STEAM_TEMP_01,263.3632
2024-01-15T19:45:00,CORE_FLUX_01,1558244313108.5903
2024-01-15T19:45:00,CORE_FUEL_01,713.1914
2024-01-15T19:45:00,CORE_ROD_01,64.8497
2024-01-15T19:45:00,STEAM_PRES_01,64.657
2024-01-15T19:45:00,STEAM_FEED_01,350.0862
2024-01-15T19:45:00,STEAM_TEMP_01,263.3303
2024-01-15T19:46:00,CORE_FLUX_01,1467543680841.1936
2024-01-15T19:46:00,CORE_FUEL_01,757.1995
2024-01-15T19:46:00,CORE_ROD_01,65.2302
2024-01-15T19:46:00,CORE_EXIT_01,319.4379
2024-01-15T19:46:00,STEAM_PRES_01,65.033
2024-01-15T19:46:00,STEAM_FEED_01,350.4292
2024-01-15T19:46:00,STEAM_DELTA_01,24.9452
2024-01-15T19:46:00,STEAM_TEMP_01,264.7865
2024-01-15T19:47:00,CORE_FLUX_01,1488114638287.79
2024-01-15T19:47:00,CORE_FUEL_01,739.2005
2024-01-15T19:47:00,CORE_ROD_01,65.2593
2024-01-15T19:47:00,STEAM_PRES_01,65.1146
2024-01-15T19:47:00,STEAM_FEED_01,349.8953
2024-01-15T19:47:00,STEAM_TEMP_01,263.8048
2024-01-15T19:48:00,CORE_FLUX_01,1402315786869.8809
2024-01-15T19:48:00,CORE_FUEL_01,731.1876
2024-01-15T19:48:00,CORE_ROD_01,64.1511
2024-01-15T19:48:00,CORE_EXIT_01,318.7663
2024-01-15T19:48:00,STEAM_PRES_01,65.2292
2024-01-15T19:48:00,STEAM_FEED_01,351.848
2024-01-15T19:48:00,STEAM_DELTA_01,24.824
2024-01-15T19:48:00,STEAM_TEMP_01,263.9467
2024-01-15T19:49:00,CORE_FLUX_01,1509066489107.3025
2024-01-15T19:49:00,CORE_FUEL_01,736.3544
2024-01-15T19:49:00,CORE_ROD_01,64.8716
2024-01-15T19:49:00,STEAM_PRES_01,65.1851
2024-01-15T19:49:00,STEAM_FEED_01,349.7075
2024-01-15T19:49:00,STEAM_TEMP_01,264.2373
2024-01-15T19:50:00,CORE_FLUX_01,1490792863473.2273
2024-01-15T19:50:00,CORE_FUEL_01,731.2652
2024-01-15T19:50:00,CORE_ROD_01,64.9962
2024-01-15T19:50:00,CORE_EXIT_01,316.9355
2024-01-15T19:50:00,STEAM_PRES_01,64.9348
2024-01-15T19:50:00,STEAM_FEED_01,348.3519
2024-01-15T19:50:00,STEAM_DELTA_01,24.1377
2024-01-15T19:50:00,STEAM_TEMP_01,263.0817
2024-01-15T19:51:00,CORE_FLUX_01,1587220464447.0044
2024-01-15T19:51:00,CORE_FUEL_01,734.1576
2024-01-15T19:51:00,CORE_ROD_01,65.5315
2024-01-15T19:51:00,STEAM_PRES_01,65.327
2024-01-15T19:51:00,STEAM_FEED_01,353.3445
2024-01-15T19:51:00,STEAM_TEMP_01,264.6136
2024-01-15T19:52:00,CORE_FLUX_01,1545651023003.157
2024-01-15T19:52:00,CORE_FUEL_01,734.0897
2024-01-15T19:52:00,CORE_ROD_01,64.5986
2024-01-15T19:52:00,CORE_EXIT_01,317.4391
2024-01-15T19:52:00,STEAM_PRES_01,65.43
2024-01-15T19:52:00,STEAM_FEED_01,351.406
2024-01-15T19:52:00,STEAM_DELTA_01,24.5863
2024-01-15T19:52:00,STEAM_TEMP_01,265.0201
2024-01-15T19:53:00,CORE_FLUX_01,1449500590766.4888
2024-01-15T19:53:00,CORE_FUEL_01,729.0442
2024-01-15T19:53:00,CORE_ROD_01,66.0682
2024-01-15T19:53:00,STEAM_PRES_01,64.8963
2024-01-15T19:53:00,STEAM_FEED_01,352.1032
2024-01-15T19:53:00,STEAM_TEMP_01,263.196
2024-01-15T19:54:00,CORE_FLUX_01,1464892012956.807
2024-01-15T19:54:00,CORE_FUEL_01,737.8368
2024-01-15T19:54:00,CORE_ROD_01,64.2087
2024-01-15T19:54:00,CORE_EXIT_01,319.5363
2024-01-15T19:54:00,STEAM_PRES_01,64.9303
2024-01-15T19:54:00,STEAM_FEED_01,350.5094
2024-01-15T19:54:00,STEAM_DELTA_01,24.5426
2024-01-15T19:54:00,STEAM_TEMP_01,263.5532
2024-01-15T19:55:00,CORE_FLUX_01,1483607437972.9292
2024-01-15T19:55:00,CORE_FUEL_01,741.9407
2024-01-15T19:55:00,CORE_ROD_01,65.1444
2024-01-15T19:55:00,STEAM_PRES_01,65.0975
2024-01-15T19:55:00,STEAM_FEED_01,348.2188
2024-01-15T19:55:00,STEAM_TEMP_01,264.1243
2024-01-15T19:56:00,CORE_FLUX_01,1455198379710.8147
2024-01-15T19:56:00,CORE_FUEL_01,732.6236
2024-01-15T19:56:00,CORE_ROD_01,64.9198
2024-01-15T19:56:00,CORE_EXIT_01,317.7926
2024-01-15T19:56:00,STEAM_PRES_01,64.7604
2024-01-15T19:56:00,STEAM_FEED_01,348.7776
2024-01-15T19:56:00,STEAM_DELTA_01,24.2642
2024-01-15T19:56:00,STEAM_TEMP_01,263.0351
2024-01-15T19:57:00,CORE_FLUX_01,1469644376023.8088
2024-01-15T19:57:00,CORE_FUEL_01,731.5922
2024-01-15T19:57:00,CORE_ROD_01,66.2785
2024-01-15T19:57:00,STEAM_PRES_01,64.8024
2024-01-15T19:57:00,STEAM_FEED_01,348.113
2024-01-15T19:57:00,STEAM_TEMP_01,262.8769
2024-01-15T19:58:00,CORE_FLUX_01,1478491052873.7852
2024-01-15T19:58:00,CORE_FUEL_01,729.3665
2024-01-15T19:58:00,CORE_ROD_01,65.4297
2024-01-15T19:58:00,CORE_EXIT_01,318.0427
2024-01-15T19:58:00,STEAM_PRES_01,65.0622
2024-01-15T19:58:00,STEAM_FEED_01,350.0136
2024-01-15T19:58:00,STEAM_DELTA_01,24.4717
2024-01-15T19:58:00,STEAM_TEMP_01,264.6598
2024-01-15T19:59:00,CORE_FLUX_01,1523850517074.1006
2024-01-15T19:59:00,CORE_FUEL_01,724.6889
2024-01-15T19:59:00,CORE_ROD_01,64.8468
2024-01-15T19:59:00,STEAM_PRES_01,65.215
2024-01-15T19:59:00,STEAM_FEED_01,354.2012
2024-01-15T19:59:00,STEAM_TEMP_01,264.0333
2024-01-15T20:00:00,CORE_FLUX_01,1481668698452.7068
2024-01-15T20:00:00,CORE_FUEL_01,755.9533
2024-01-15T20:00:00,CORE_ROD_01,65.5958
2024-01-15T20:00:00,CORE_EXIT_01,318.6134
2024-01-15T20:00:00,STEAM_PRES_01,65.2209
2024-01-15T20:00:00,STEAM_FEED_01,349.6219
2024-01-15T20:00:00,STEAM_DELTA_01,24.6514
2024-01-15T20:00:00,STEAM_TEMP_01,264.6538
2024-01-15T20:01:00,CORE_FLUX_01,1490570894364.7063
2024-01-15T20:01:00,CORE_FUEL_01,745.6205
2024-01-15T20:01:00,CORE_ROD_01,64.3432
2024-01-15T20:01:00,STEAM_PRES_01,64.7884
2024-01-15T20:01:00,STEAM_FEED_01,350.4449
2024-01-15T20:01:00,STEAM_TEMP_01,262.9885
2024-01-15T20:02:00,CORE_FLUX_01,1494089430247.0608
2024-01-15T20:02:00,CORE_FUEL_01,735.657
2024-01-15T20:02:00,CORE_ROD_01,64.8118
2024-01-15T20:02:00,CORE_EXIT_01,318.1216
2024-01-15T20:02:00,STEAM_PRES_01,64.7039
2024-01-15T20:02:00,STEAM_FEED_01,351.0689
2024-01-15T20:02:00,STEAM_DELTA_01,24.5795
2024-01-15T20:02:00,STEAM_TEMP_01,263.5507
2024-01-15T20:03:00,CORE_FLUX_01,1494584468152.7021
2024-01-15T20:03:00,CORE_FUEL_01,747.4929
2024-01-15T20:03:00,CORE_ROD_01,64.5906
2024-01-15T20:03:00,STEAM_PRES_01,65.2294
2024-01-15T20:03:00,STEAM_FEED_01,348.7309
2024-01-15T20:03:00,STEAM_TEMP_01,263.198
2024-01-15T20:04:00,CORE_FLUX_01,1459558209982.154
2024-01-15T20:04:00,CORE_FUEL_01,723.0793
2024-01-15T20:04:00,CORE_ROD_01,65.497
2024-01-15T20:04:00,CORE_EXIT_01,317.4899
2024-01-15T20:04:00,STEAM_PRES_01,64.979
2024-01-15T20:04:00,STEAM_FEED_01,348.3358
2024-01-15T20:04:00,STEAM_DELTA_01,24.2504
2024-01-15T20:04:00,STEAM_TEMP_01,263.2825
2024-01-15T20:05:00,CORE_FLUX_01,1521552573492.777
2024-01-15T20:05:00,CORE_FUEL_01,748.2046
2024-01-15T20:05:00,CORE_ROD_01,64.7328
2024-01-15T20:05:00,STEAM_PRES_01,64.5617
2024-01-15T20:05:00,STEAM_FEED_01,350.0875
2024-01-15T20:05:00,STEAM_TEMP_01,263.656
2024-01-15T20:06:00,CORE_FLUX_01,1513102559610.8103
2024-01-15T20:06:00,CORE_FUEL_01,744.8676
2024-01-15T20:06:00,CORE_ROD_01,65.2653
2024-01-15T20:06:00,CORE_EXIT_01,317.5554
2024-01-15T20:06:00,STEAM_PRES_01,65.0797
2024-01-15T20:06:00,STEAM_FEED_01,352.5421
2024-01-15T20:06:00,STEAM_DELTA_01,24.8
2024-01-15T20:06:00,STEAM_TEMP_01,263.7132
2024-01-15T20:07:00,CORE_FLUX_01,1478741709882.297
2024-01-15T20:07:00,CORE_FUEL_01,748.5358
2024-01-15T20:07:00,CORE_ROD_01,65.8292
2024-01-15T20:07:00,STEAM_PRES_01,65.0237
2024-01-15T20:07:00,STEAM_FEED_01,351.8926
2024-01-15T20:07:00,STEAM_TEMP_01,264.6386
2024-01-15T20:08:00,CORE_FLUX_01,1458202544579.9387
2024-01-15T20:08:00,CORE_FUEL_01,723.3557
2024-01-15T20:08:00,CORE_ROD_01,65.7236
2024-01-15T20:08:00,CORE_EXIT_01,320.0443
2024-01-15T20:08:00,STEAM_PRES_01,64.9491
2024-01-15T20:08:00,STEAM_FEED_01,346.0725
2024-01-15T20:08:00,STEAM_DELTA_01,23.9817
2024-01-15T20:08:00,STEAM_TEMP_01,263.0786
2024-01-15T20:09:00,CORE_FLUX_01,1542634294764.562
2024-01-15T20:09:00,CORE_FUEL_01,729.9236
2024-01-15T20:09:00,CORE_ROD_01,65.2146
2024-01-15T20:09:00,STEAM_PRES_01,65.2452
2024-01-15T20:09:00,STEAM_FEED_01,349.1484
2024-01-15T20:09:00,STEAM_TEMP_01,263.6854
2024-01-15T20:10:00,CORE_FLUX_01,1464713866141.734
2024-01-15T20:10:00,CORE_FUEL_01,739.8855
2024-01-15T20:10:00,CORE_ROD_01,65.7217
2024-01-15T20:10:00,CORE_EXIT_01,319.0444
2024-01-15T20:10:00,STEAM_PRES_01,65.0566
2024-01-15T20:10:00,STEAM_FEED_01,347.4837
2024-01-15T20:10:00,STEAM_DELTA_01,24.5596
2024-01-15T20:10:00,STEAM_TEMP_01,263.2011
2024-01-15T20:11:00,CORE_FLUX_01,1509364622346.9805
2024-01-15T20:11:00,CORE_FUEL_01,727.4849
2024-01-15T20:11:00,CORE_ROD_01,65.66
2024-01-15T20:11:00,STEAM_PRES_01,64.8089
2024-01-15T20:11:00,STEAM_FEED_01,349.0607
2024-01-15T20:11:00,STEAM_TEMP_01,263.3406
2024-01-15T20:12:00,CORE_FLUX_01,1528303674321.1243
2024-01-15T20:12:00,CORE_FUEL_01,732.4211
2024-01-15T20:12:00,CORE_ROD_01,63.7905
2024-01-15T20:12:00,CORE_EXIT_01,318.4615
2024-01-15T20:12:00,STEAM_PRES_01,64.7357
2024-01-15T20:12:00,STEAM_FEED_01,347.4013
2024-01-15T20:12:00,STEAM_DELTA_01,24.3457
2024-01-15T20:12:00,STEAM_TEMP_01,263.8425
2024-01-15T20:13:00,CORE_FLUX_01,1479345002780.762
2024-01-15T20:13:00,CORE_FUEL_01,730.966
2024-01-15T20:13:00,CORE_ROD_01,62.4452
2024-01-15T20:13:00,STEAM_PRES_01,65.3294
2024-01-15T20:13:00,STEAM_FEED_01,351.3173
2024-01-15T20:13:00,STEAM_TEMP_01,263.776
2024-01-15T20:14:00,CORE_FLUX_01,1454933991970.2908
2024-01-15T20:14:00,CORE_FUEL_01,732.8404
2024-01-15T20:14:00,CORE_ROD_01,65.2463
2024-01-15T20:14:00,CORE_EXIT_01,319.0314
2024-01-15T20:14:00,STEAM_PRES_01,64.8597
2024-01-15T20:14:00,STEAM_FEED_01,350.2539
2024-01-15T20:14:00,STEAM_DELTA_01,24.5555
2024-01-15T20:14:00,STEAM_TEMP_01,262.6676
2024-01-15T20:15:00,CORE_FLUX_01,1514418891038.6082
2024-01-15T20:15:00,CORE_FUEL_01,722.5495
2024-01-15T20:15:00,CORE_ROD_01,65.0016
2024-01-15T20:15:00,STEAM_PRES_01,64.8885
2024-01-15T20:15:00,STEAM_FEED_01,350.5779
2024-01-15T20:15:00,STEAM_TEMP_01,264.1013
2024-01-15T20:16:00,CORE_FLUX_01,1534115205705.1162
2024-01-15T20:16:00,CORE_FUEL_01,749.3012
2024-01-15T20:16:00,CORE_ROD_01,64.04
2024-01-15T20:16:00,CORE_EXIT_01,320.5447
2024-01-15T20:16:00,STEAM_PRES_01,65.0572
2024-01-15T20:16:00,STEAM_FEED_01,353.9294
2024-01-15T20:16:00,STEAM_DELTA_01,24.5986
2024-01-15T20:16:00,STEAM_TEMP_01,263.7497
2024-01-15T20:17:00,CORE_FLUX_01,1499183289624.978
2024-01-15T20:17:00,CORE_FUEL_01,741.3719
2024-01-15T20:17:00,CORE_ROD_01,65.3238
2024-01-15T20:17:00,STEAM_PRES_01,64.8696
2024-01-15T20:17:00,STEAM_FEED_01,347.7484
2024-01-15T20:17:00,STEAM_TEMP_01,262.5988
2024-01-15T20:18:00,CORE_FLUX_01,1476397387615.8135
2024-01-15T20:18:00,CORE_FUEL_01,737.7873
2024-01-15T20:18:00,CORE_ROD_01,64.1106
2024-01-15T20:18:00,CORE_EXIT_01,318.2802
2024-01-15T20:18:00,STEAM_PRES_01,65.0211
2024-01-15T20:18:00,STEAM_FEED_01,352.2589
2024-01-15T20:18:00,STEAM_DELTA_01,24.7078
2024-01-15T20:18:00,STEAM_TEMP_01,263.1571
2024-01-15T20:19:00,CORE_FLUX_01,1455108363538.828
2024-01-15T20:19:00,CORE_FUEL_01,728.0674
2024-01-15T20:19:00,CORE_ROD_01,64.3478
2024-01-15T20:19:00,STEAM_PRES_01,64.6373
2024-01-15T20:19:00,STEAM_FEED_01,347.2775
2024-01-15T20:19:00,STEAM_TEMP_01,262.1346
2024-01-15T20:20:00,CORE_FLUX_01,1485487618199.168
2024-01-15T20:20:00,CORE_FUEL_01,722.1938
2024-01-15T20:20:00,CORE_ROD_01,64.0554
2024-01-15T20:20:00,CORE_EXIT_01,317.1139
2024-01-15T20:20:00,STEAM_PRES_01,65.028
2024-01-15T20:20:00,STEAM_FEED_01,351.1457
2024-01-15T20:20:00,STEAM_DELTA_01,24.5656
2024-01-15T20:20:00,STEAM_TEMP_01,263.1495
2024-01-15T20:21:00,CORE_FLUX_01,1488473544332.0925
2024-01-15T20:21:00,CORE_FUEL_01,739.0506
2024-01-15T20:21:00,CORE_ROD_01,63.2483
2024-01-15T20:21:00,STEAM_PRES_01,64.8817
2024-01-15T20:21:00,STEAM_FEED_01,347.7845
2024-01-15T20:21:00,STEAM_TEMP_01,262.1733
2024-01-15T20:22:00,CORE_FLUX_01,1561802431181.4072
2024-01-15T20:22:00,CORE_FUEL_01,726.5914
2024-01-15T20:22:00,CORE_ROD_01,66.0714
2024-01-15T20:22:00,CORE_EXIT_01,317.4892
2024-01-15T20:22:00,STEAM_PRES_01,64.9874
2024-01-15T20:22:00,STEAM_FEED_01,348.0331
2024-01-15T20:22:00,STEAM_DELTA_01,24.2586
2024-01-15T20:22:00,STEAM_TEMP_01,264.5192
2024-01-15T20:23:00,CORE_FLUX_01,1483631118807.8125
2024-01-15T20:23:00,CORE_FUEL_01,738.8706
2024-01-15T20:23:00,CORE_ROD_01,64.7636
2024-01-15T20:23:00,STEAM_PRES_01,64.6077
2024-01-15T20:23:00,STEAM_FEED_01,347.1671
2024-01-15T20:23:00,STEAM_TEMP_01,262.2079
2024-01-15T20:24:00,CORE_FLUX_01,1547430544827.2043
2024-01-15T20:24:00,CORE_FUEL_01,726.9287
2024-01-15T20:24:00,CORE_ROD_01,64.262
2024-01-15T20:24:00,CORE_EXIT_01,318.7117
2024-01-15T20:24:00,STEAM_PRES_01,65.1103
2024-01-15T20:24:00,STEAM_FEED_01,348.5904
2024-01-15T20:24:00,STEAM_DELTA_01,24.1174
2024-01-15T20:24:00,STEAM_TEMP_01,262.9158
2024-01-15T20:25:00,CORE_FLUX_01,1516001573627.496
2024-01-15T20:25:00,CORE_FUEL_01,738.6076
2024-01-15T20:25:00,CORE_ROD_01,64.3371
2024-01-15T20:25:00,STEAM_PRES_01,65.392
2024-01-15T20:25:00,STEAM_FEED_01,354.0776
2024-01-15T20:25:00,STEAM_TEMP_01,264.6945
2024-01-15T20:26:00,CORE_FLUX_01,1445131665644.147
2024-01-15T20:26:00,CORE_FUEL_01,738.9224
2024-01-15T20:26:00,CORE_ROD_01,66.1279
2024-01-15T20:26:00,CORE_EXIT_01,318.0555
2024-01-15T20:26:00,STEAM_PRES_01,65.3233
2024-01-15T20:26:00,STEAM_FEED_01,348.9862
2024-01-15T20:26:00,STEAM_DELTA_01,24.5072
2024-01-15T20:26:00,STEAM_TEMP_01,263.5054
2024-01-15T20:27:00,CORE_FLUX_01,1510298471916.8655
2024-01-15T20:27:00,CORE_FUEL_01,742.8886
2024-01-15T20:27:00,CORE_ROD_01,64.9369
2024-01-15T20:27:00,STEAM_PRES_01,64.8774
2024-01-15T20:27:00,STEAM_FEED_01,346.7779
2024-01-15T20:27:00,STEAM_TEMP_01,262.5487
2024-01-15T20:28:00,CORE_FLUX_01,1543855540949.2185
2024-01-15T20:28:00,CORE_FUEL_01,741.8435
2024-01-15T20:28:00,CORE_ROD_01,64.8685
2024-01-15T20:28:00,CORE_EXIT_01,317.1425
2024-01-15T20:28:00,STEAM_PRES_01,65.1023
2024-01-15T20:28:00,STEAM_FEED_01,348.5993
2024-01-15T20:28:00,STEAM_DELTA_01,24.6871
2024-01-15T20:28:00,STEAM_TEMP_01,263.2471
2024-01-15T20:29:00,CORE_FLUX_01,1550352660079.125
2024-01-15T20:29:00,CORE_FUEL_01,733.7422
2024-01-15T20:29:00,CORE_ROD_01,64.7558
2024-01-15T20:29:00,STEAM_PRES_01,64.9752
2024-01-15T20:29:00,STEAM_FEED_01,351.5063
2024-01-15T20:29:00,STEAM_TEMP_01,263.9754
2024-01-15T20:30:00,CORE_FLUX_01,1509940990307.0122
2024-01-15T20:30:00,CORE_FUEL_01,729.734
2024-01-15T20:30:00,CORE_ROD_01,66.6124
2024-01-15T20:30:00,CORE_EXIT_01,316.4464
2024-01-15T20:30:00,STEAM_PRES_01,65.0839
2024-01-15T20:30:00,STEAM_FEED_01,349.9983
2024-01-15T20:30:00,STEAM_DELTA_01,24.3684
2024-01-15T20:30:00,STEAM_TEMP_01,262.7914
2024-01-15T20:31:00,CORE_FLUX_01,1471100788201.0183
2024-01-15T20:31:00,CORE_FUEL_01,710.4848
2024-01-15T20:31:00,CORE_ROD_01,64.7903
2024-01-15T20:31:00,STEAM_PRES_01,64.854
2024-01-15T20:31:00,STEAM_FEED_01,351.6431
2024-01-15T20:31:00,STEAM_TEMP_01,263.8501
2024-01-15T20:32:00,CORE_FLUX_01,1502931861501.747
2024-01-15T20:32:00,CORE_FUEL_01,722.1722
2024-01-15T20:32:00,CORE_ROD_01,64.5543
2024-01-15T20:32:00,CORE_EXIT_01,318.2765
2024-01-15T20:32:00,STEAM_PRES_01,65.2604
2024-01-15T20:32:00,STEAM_FEED_01,348.1955
2024-01-15T20:32:00,STEAM_DELTA_01,24.5161
2024-01-15T20:32:00,STEAM_TEMP_01,263.7316
2024-01-15T20:33:00,CORE_FLUX_01,1491707232711.016
2024-01-15T20:33:00,CORE_FUEL_01,743.9824
2024-01-15T20:33:00,CORE_ROD_01,65.212
2024-01-15T20:33:00,STEAM_PRES_01,65.3842
2024-01-15T20:33:00,STEAM_FEED_01,351.7058
2024-01-15T20:33:00,STEAM_TEMP_01,263.9554
2024-01-15T20:34:00,CORE_FLUX_01,1431866273292.583
2024-01-15T20:34:00,CORE_FUEL_01,745.6417
2024-01-15T20:34:00,CORE_ROD_01,64.2365
2024-01-15T20:34:00,CORE_EXIT_01,316.1046
2024-01-15T20:34:00,STEAM_PRES_01,64.9915
2024-01-15T20:34:00,STEAM_FEED_01,348.2953
2024-01-15T20:34:00,STEAM_DELTA_01,24.1262
2024-01-15T20:34:00,STEAM_TEMP_01,262.3232
2024-01-15T20:35:00,CORE_FLUX_01,1478888067529.8416
2024-01-15T20:35:00,CORE_FUEL_01,747.6859
2024-01-15T20:35:00,CORE_ROD_01,65.3947
2024-01-15T20:35:00,STEAM_PRES_01,64.9527
2024-01-15T20:35:00,STEAM_FEED_01,346.7738
2024-01-15T20:35:00,STEAM_TEMP_01,262.7312
2024-01-15T20:36:00,CORE_FLUX_01,1504107819575.7458
2024-01-15T20:36:00,CORE_FUEL_01,746.5492
2024-01-15T20:36:00,CORE_ROD_01,64.2038
2024-01-15T20:36:00,CORE_EXIT_01,318.402
2024-01-15T20:36:00,STEAM_PRES_01,64.8705
2024-01-15T20:36:00,STEAM_FEED_01,350.055
2024-01-15T20:36:00,STEAM_DELTA_01,24.3005
2024-01-15T20:36:00,STEAM_TEMP_01,263.5979
2024-01-15T20:37:00,CORE_FLUX_01,1457776386820.6025
2024-01-15T20:37:00,CORE_FUEL_01,735.036
2024-01-15T20:37:00,CORE_ROD_01,63.4134
2024-01-15T20:37:00,STEAM_PRES_01,64.9048
2024-01-15T20:37:00,STEAM_FEED_01,349.2533
2024-01-15T20:37:00,STEAM_TEMP_01,264.4968
2024-01-15T20:38:00,CORE_FLUX_01,1485747602815.8645
2024-01-15T20:38:00,CORE_FUEL_01,744.3061
2024-01-15T20:38:00,CORE_ROD_01,64.2719
2024-01-15T20:38:00,CORE_EXIT_01,315.9381
2024-01-15T20:38:00,STEAM_PRES_01,64.9763
2024-01-15T20:38:00,STEAM_FEED_01,348.7557
2024-01-15T20:38:00,STEAM_DELTA_01,24.4269
2024-01-15T20:38:00,STEAM_TEMP_01,264.5904
2024-01-15T20:39:00,CORE_FLUX_01,1531082267709.2483
2024-01-15T20:39:00,CORE_FUEL_01,743.7655
2024-01-15T20:39:00,CORE_ROD_01,65.0595
2024-01-15T20:39:00,STEAM_PRES_01,65.1233
2024-01-15T20:39:00,STEAM_FEED_01,353.3386
2024-01-15T20:39:00,STEAM_TEMP_01,264.0215
2024-01-15T20:40:00,CORE_FLUX_01,1513396430929.4507
2024-01-15T20:40:00,CORE_FUEL_01,743.8697
2024-01-15T20:40:00,CORE_ROD_01,64.8661
2024-01-15T20:40:00,CORE_EXIT_01,318.4534
2024-01-15T20:40:00,STEAM_PRES_01,64.8795
2024-01-15T20:40:00,STEAM_FEED_01,350.0106
2024-01-15T20:40:00,STEAM_DELTA_01,24.45
2024-01-15T20:40:00,STEAM_TEMP_01,263.0382
2024-01-15T20:41:00,CORE_FLUX_01,1521236528863.535
2024-01-15T20:41:00,CORE_FUEL_01,733.8983
2024-01-15T20:41:00,CORE_ROD_01,64.9747
2024-01-15T20:41:00,STEAM_PRES_01,64.7371
2024-01-15T20:41:00,STEAM_FEED_01,348.8969
2024-01-15T20:41:00,STEAM_TEMP_01,263.4596
2024-01-15T20:42:00,CORE_FLUX_01,1541687203113.4229
2024-01-15T20:42:00,CORE_FUEL_01,747.7879
2024-01-15T20:42:00,CORE_ROD_01,66.3167
2024-01-15T20:42:00,CORE_EXIT_01,317.1487
2024-01-15T20:42:00,STEAM_PRES_01,64.8097
2024-01-15T20:42:00,STEAM_FEED_01,349.4617
2024-01-15T20:42:00,STEAM_DELTA_01,24.4593
2024-01-15T20:42:00,STEAM_TEMP_01,263.3139
2024-01-15T20:43:00,CORE_FLUX_01,1506004218034.522
2024-01-15T20:43:00,CORE_FUEL_01,740.5127
2024-01-15T20:43:00,CORE_ROD_01,64.6212
2024-01-15T20:43:00,STEAM_PRES_01,65.009
2024-01-15T20:43:00,STEAM_FEED_01,350.7882
2024-01-15T20:43:00,STEAM_TEMP_01,263.7407
2024-01-15T20:44:00,CORE_FLUX_01,1521810039567.7966
2024-01-15T20:44:00,CORE_FUEL_01,738.947
2024-01-15T20:44:00,CORE_ROD_01,65.7978
2024-01-15T20:44:00,CORE_EXIT_01,316.9131
2024-01-15T20:44:00,STEAM_PRES_01,65.0401
2024-01-15T20:44:00,STEAM_FEED_01,349.0778
2024-01-15T20:44:00,STEAM_DELTA_01,24.4304
2024-01-15T20:44:00,STEAM_TEMP_01,263.1967
2024-01-15T20:45:00,CORE_FLUX_01,1527098803871.7373
2024-01-15T20:45:00,CORE_FUEL_01,740.109
2024-01-15T20:45:00,CORE_ROD_01,64.7408
2024-01-15T20:45:00,STEAM_PRES_01,65.2097
2024-01-15T20:45:00,STEAM_FEED_01,349.9059
2024-01-15T20:45:00,STEAM_TEMP_01,264.2901
2024-01-15T20:46:00,CORE_FLUX_01,1510850039221.8286
2024-01-15T20:46:00,CORE_FUEL_01,729.0374
2024-01-15T20:46:00,CORE_ROD_01,62.5708
2024-01-15T20:46:00,CORE_EXIT_01,319.212
2024-01-15T20:46:00,STEAM_PRES_01,65.4133
2024-01-15T20:46:00,STEAM_FEED_01,352.6833
2024-01-15T20:46:00,STEAM_DELTA_01,24.8239
2024-01-15T20:46:00,STEAM_TEMP_01,263.8417
2024-01-15T20:47:00,CORE_FLUX_01,1490526991624.8599
2024-01-15T20:47:00,CORE_FUEL_01,741.3457
2024-01-15T20:47:00,CORE_ROD_01,65.2355
2024-01-15T20:47:00,STEAM_PRES_01,64.9847
2024-01-15T20:47:00,STEAM_FEED_01,348.0999
2024-01-15T20:47:00,STEAM_TEMP_01,264.0988
2024-01-15T20:48:00,CORE_FLUX_01,1505845894429.4934
2024-01-15T20:48:00,CORE_FUEL_01,724.1579
2024-01-15T20:48:00,CORE_ROD_01,63.6546
2024-01-15T20:48:00,CORE_EXIT_01,317.608
2024-01-15T20:48:00,STEAM_PRES_01,64.3997
2024-01-15T20:48:00,STEAM_FEED_01,347.1818
2024-01-15T20:48:00,STEAM_DELTA_01,24.0967
2024-01-15T20:48:00,STEAM_TEMP_01,262.53
2024-01-15T20:49:00,CORE_FLUX_01,1516549280455.926
2024-01-15T20:49:00,CORE_FUEL_01,741.6997
2024-01-15T20:49:00,CORE_ROD_01,65.6984
2024-01-15T20:49:00,STEAM_PRES_01,65.3169
2024-01-15T20:49:00,STEAM_FEED_01,352.3687
2024-01-15T20:49:00,STEAM_TEMP_01,263.8533
2024-01-15T20:50:00,CORE_FLUX_01,1459196119068.3381
2024-01-15T20:50:00,CORE_FUEL_01,732.3221
2024-01-15T20:50:00,CORE_ROD_01,65.9803
2024-01-15T20:50:00,CORE_EXIT_01,318.6172
2024-01-15T20:50:00,STEAM_PRES_01,65.0095
2024-01-15T20:50:00,STEAM_FEED_01,349.769
2024-01-15T20:50:00,STEAM_DELTA_01,24.5999
2024-01-15T20:50:00,STEAM_TEMP_01,263.4046
2024-01-15T20:51:00,CORE_FLUX_01,1498495206081.0571
2024-01-15T20:51:00,CORE_FUEL_01,732.4589
2024-01-15T20:51:00,CORE_ROD_01,64.3846
2024-01-15T20:51:00,STEAM_PRES_01,65.0468
2024-01-15T20:51:00,STEAM_FEED_01,351.6024
2024-01-15T20:51:00,STEAM_TEMP_01,263.4161
2024-01-15T20:52:00,CORE_FLUX_01,1530971274818.2217
2024-01-15T20:52:00,CORE_FUEL_01,723.686
2024-01-15T20:52:00,CORE_ROD_01,66.0962
2024-01-15T20:52:00,CORE_EXIT_01,317.8532
2024-01-15T20:52:00,STEAM_PRES_01,64.7992
2024-01-15T20:52:00,STEAM_FEED_01,351.6705
2024-01-15T20:52:00,STEAM_DELTA_01,24.3376
2024-01-15T20:52:00,STEAM_TEMP_01,263.0568
2024-01-15T20:53:00,CORE_FLUX_01,1492422277319.6414
2024-01-15T20:53:00,CORE_FUEL_01,740.268
2024-01-15T20:53:00,CORE_ROD_01,64.8964
2024-01-15T20:53:00,STEAM_PRES_01,64.8395
2024-01-15T20:53:00,STEAM_FEED_01,347.957
2024-01-15T20:53:00,STEAM_TEMP_01,262.6641
2024-01-15T20:54:00,CORE_FLUX_01,1509718907411.6165
2024-01-15T20:54:00,CORE_FUEL_01,719.2631
2024-01-15T20:54:00,CORE_ROD_01,66.2405
2024-01-15T20:54:00,CORE_EXIT_01,318.4789
2024-01-15T20:54:00,STEAM_PRES_01,65.1427
2024-01-15T20:54:00,STEAM_FEED_01,353.3028
2024-01-15T20:54:00,STEAM_DELTA_01,24.8756
2024-01-15T20:54:00,STEAM_TEMP_01,264.3362
2024-01-15T20:55:00,CORE_FLUX_01,1456843472817.6873
2024-01-15T20:55:00,CORE_FUEL_01,738.3305
2024-01-15T20:55:00,CORE_ROD_01,63.2934
2024-01-15T20:55:00,STEAM_PRES_01,65.2977
2024-01-15T20:55:00,STEAM_FEED_01,352.3004
2024-01-15T20:55:00,STEAM_TEMP_01,263.4943
2024-01-15T20:56:00,CORE_FLUX_01,1453248797960.0085
2024-01-15T20:56:00,CORE_FUEL_01,730.086
2024-01-15T20:56:00,CORE_ROD_01,63.0161
2024-01-15T20:56:00,CORE_EXIT_01,318.4224
2024-01-15T20:56:00,STEAM_PRES_01,65.0328
2024-01-15T20:56:00,STEAM_FEED_01,350.8407
2024-01-15T20:56:00,STEAM_DELTA_01,24.6442
2024-01-15T20:56:00,STEAM_TEMP_01,263.9934
2024-01-15T20:57:00,CORE_FLUX_01,1482069774733.509
2024-01-15T20:57:00,CORE_FUEL_01,736.0633
2024-01-15T20:57:00,CORE_ROD_01,64.5377
2024-01-15T20:57:00,STEAM_PRES_01,64.9905
2024-01-15T20:57:00,STEAM_FEED_01,348.4274
2024-01-15T20:57:00,STEAM_TEMP_01,263.205
2024-01-15T20:58:00,CORE_FLUX_01,1453511124348.775
2024-01-15T20:58:00,CORE_FUEL_01,725.5668
2024-01-15T20:58:00,CORE_ROD_01,63.8807
2024-01-15T20:58:00,CORE_EXIT_01,318.9951
2024-01-15T20:58:00,STEAM_PRES_01,64.775
2024-01-15T20:58:00,STEAM_FEED_01,350.8345
2024-01-15T20:58:00,STEAM_DELTA_01,24.178
2024-01-15T20:58:00,STEAM_TEMP_01,262.6981
2024-01-15T20:59:00,CORE_FLUX_01,1462833784131.0933
2024-01-15T20:59:00,CORE_FUEL_01,723.4616
2024-01-15T20:59:00,CORE_ROD_01,63.9564
2024-01-15T20:59:00,STEAM_PRES_01,65.2052
2024-01-15T20:59:00,STEAM_FEED_01,350.8514
2024-01-15T20:59:00,STEAM_TEMP_01,264.2845
2024-01-15T21:00:00,CORE_FLUX_01,1485383657392.8745
2024-01-15T21:00:00,CORE_FUEL_01,724.7717
2024-01-15T21:00:00,CORE_ROD_01,63.8812
2024-01-15T21:00:00,CORE_EXIT_01,318.0194
2024-01-15T21:00:00,STEAM_PRES_01,65.0573
2024-01-15T21:00:00,STEAM_FEED_01,352.1114
2024-01-15T21:00:00,STEAM_DELTA_01,24.5894
2024-01-15T21:00:00,STEAM_TEMP_01,263.4175
2024-01-15T21:01:00,CORE_FLUX_01,1512679242730.2908
2024-01-15T21:01:00,CORE_FUEL_01,741.0694
2024-01-15T21:01:00,CORE_ROD_01,63.8572
2024-01-15T21:01:00,STEAM_PRES_01,64.6638
2024-01-15T21:01:00,STEAM_FEED_01,349.2872
2024-01-15T21:01:00,STEAM_TEMP_01,263.5366
2024-01-15T21:02:00,CORE_FLUX_01,1469279047641.797
2024-01-15T21:02:00,CORE_FUEL_01,743.6727
2024-01-15T21:02:00,CORE_ROD_01,65.8969
2024-01-15T21:02:00,CORE_EXIT_01,318.7908
2024-01-15T21:02:00,STEAM_PRES_01,64.7274
2024-01-15T21:02:00,STEAM_FEED_01,349.5568
2024-01-15T21:02:00,STEAM_DELTA_01,24.5673
2024-01-15T21:02:00,STEAM_TEMP_01,263.9593
2024-01-15T21:03:00,CORE_FLUX_01,1565885410376.1018
2024-01-15T21:03:00,CORE_FUEL_01,747.4577
2024-01-15T21:03:00,CORE_ROD_01,64.7509
2024-01-15T21:03:00,STEAM_PRES_01,64.9419
2024-01-15T21:03:00,STEAM_FEED_01,350.1316
2024-01-15T21:03:00,STEAM_TEMP_01,263.3052
2024-01-15T21:04:00,CORE_FLUX_01,1454426327306.5886
2024-01-15T21:04:00,CORE_FUEL_01,740.0932
2024-01-15T21:04:00,CORE_ROD_01,67.5008
2024-01-15T21:04:00,CORE_EXIT_01,318.0246
2024-01-15T21:04:00,STEAM_PRES_01,65.02
2024-01-15T21:04:00,STEAM_FEED_01,351.0232
2024-01-15T21:04:00,STEAM_DELTA_01,24.6923
2024-01-15T21:04:00,STEAM_TEMP_01,264.1234
2024-01-15T21:05:00,CORE_FLUX_01,1517476485085.9448
2024-01-15T21:05:00,CORE_FUEL_01,730.9312
2024-01-15T21:05:00,CORE_ROD_01,64.2199
2024-01-15T21:05:00,STEAM_PRES_01,65.0816
2024-01-15T21:05:00,STEAM_FEED_01,352.0202
2024-01-15T21:05:00,STEAM_TEMP_01,263.6794
2024-01-15T21:06:00,CORE_FLUX_01,1515486421180.4836
2024-01-15T21:06:00,CORE_FUEL_01,737.2545
2024-01-15T21:06:00,CORE_ROD_01,64.0675
2024-01-15T21:06:00,CORE_EXIT_01,319.0221
2024-01-15T21:06:00,STEAM_PRES_01,65.0379
2024-01-15T21:06:00,STEAM_FEED_01,352.2024
2024-01-15T21:06:00,STEAM_DELTA_01,24.7164
2024-01-15T21:06:00,STEAM_TEMP_01,264.5283
2024-01-15T21:07:00,CORE_FLUX_01,1529907816337.6492
2024-01-15T21:07:00,CORE_FUEL_01,733.1884
2024-01-15T21:07:00,CORE_ROD_01,65.3264
2024-01-15T21:07:00,STEAM_PRES_01,64.7923
2024-01-15T21:07:00,STEAM_FEED_01,352.5586
2024-01-15T21:07:00,STEAM_TEMP_01,263.0473
2024-01-15T21:08:00,CORE_FLUX_01,1503168512501.3438
2024-01-15T21:08:00,CORE_FUEL_01,752.76
2024-01-15T21:08:00,CORE_ROD_01,66.4865
2024-01-15T21:08:00,CORE_EXIT_01,314.6116
2024-01-15T21:08:00,STEAM_PRES_01,65.1467
2024-01-15T21:08:00,STEAM_FEED_01,351.381
2024-01-15T21:08:00,STEAM_DELTA_01,24.3915
2024-01-15T21:08:00,STEAM_TEMP_01,263.2873
2024-01-15T21:09:00,CORE_FLUX_01,1468772438251.719
2024-01-15T21:09:00,CORE_FUEL_01,728.1656
2024-01-15T21:09:00,CORE_ROD_01,65.888
2024-01-15T21:09:00,STEAM_PRES_01,65.0617
2024-01-15T21:09:00,STEAM_FEED_01,349.7763
2024-01-15T21:09:00,STEAM_TEMP_01,264.3609
2024-01-15T21:10:00,CORE_FLUX_01,1507237776226.703
2024-01-15T21:10:00,CORE_FUEL_01,719.4746
2024-01-15T21:10:00,CORE_ROD_01,65.8467
2024-01-15T21:10:00,CORE_EXIT_01,316.9616
2024-01-15T21:10:00,STEAM_PRES_01,64.7558
2024-01-15T21:10:00,STEAM_FEED_01,346.2404
2024-01-15T21:10:00,STEAM_DELTA_01,24.454
2024-01-15T21:10:00,STEAM_TEMP_01,262.632
2024-01-15T21:11:00,CORE_FLUX_01,1473236008937.6538
2024-01-15T21:11:00,CORE_FUEL_01,725.2445
2024-01-15T21:11:00,CORE_ROD_01,65.8287
2024-01-15T21:11:00,STEAM_PRES_01,65.0151
2024-01-15T21:11:00,STEAM_FEED_01,347.9297
2024-01-15T21:11:00,STEAM_TEMP_01,263.7515
2024-01-15T21:12:00,CORE_FLUX_01,1478654367438.8308
2024-01-15T21:12:00,CORE_FUEL_01,733.7344
2024-01-15T21:12:00,CORE_ROD_01,65.1622
2024-01-15T21:12:00,CORE_EXIT_01,316.955
2024-01-15T21:12:00,STEAM_PRES_01,64.941
2024-01-15T21:12:00,STEAM_FEED_01,347.8458
2024-01-15T21:12:00,STEAM_DELTA_01,24.6405
2024-01-15T21:12:00,STEAM_TEMP_01,262.8049
2024-01-15T21:13:00,CORE_FLUX_01,1465505972604.0984
2024-01-15T21:13:00,CORE_FUEL_01,720.7807
2024-01-15T21:13:00,CORE_ROD_01,64.6361
2024-01-15T21:13:00,STEAM_PRES_01,64.8305
2024-01-15T21:13:00,STEAM_FEED_01,349.0047
2024-01-15T21:13:00,STEAM_TEMP_01,263.6306
2024-01-15T21:14:00,CORE_FLUX_01,1544505065798.9475
2024-01-15T21:14:00,CORE_FUEL_01,732.8488
2024-01-15T21:14:00,CORE_ROD_01,64.7007
2024-01-15T21:14:00,CORE_EXIT_01,319.9982
2024-01-15T21:14:00,STEAM_PRES_01,65.4302
2024-01-15T21:14:00,STEAM_FEED_01,355.4768
2024-01-15T21:14:00,STEAM_DELTA_01,24.8568
2024-01-15T21:14:00,STEAM_TEMP_01,264.2859
2024-01-15T21:15:00,CORE_FLUX_01,1474596500375.5408
2024-01-15T21:15:00,CORE_FUEL_01,726.2812
2024-01-15T21:15:00,CORE_ROD_01,64.7024
2024-01-15T21:15:00,STEAM_PRES_01,64.9895
2024-01-15T21:15:00,STEAM_FEED_01,352.4826
2024-01-15T21:15:00,STEAM_TEMP_01,264.2305
2024-01-15T21:16:00,CORE_FLUX_01,1486092171969.4832
2024-01-15T21:16:00,CORE_FUEL_01,741.827
2024-01-15T21:16:00,CORE_ROD_01,65.646
2024-01-15T21:16:00,CORE_EXIT_01,317.1384
2024-01-15T21:16:00,STEAM_PRES_01,64.8987
2024-01-15T21:16:00,STEAM_FEED_01,351.16
2024-01-15T21:16:00,STEAM_DELTA_01,24.4321
2024-01-15T21:16:00,STEAM_TEMP_01,263.1607
2024-01-15T21:17:00,CORE_FLUX_01,1497274773786.6472
2024-01-15T21:17:00,CORE_FUEL_01,713.8808
2024-01-15T21:17:00,CORE_ROD_01,64.0111
2024-01-15T21:17:00,STEAM_PRES_01,65.0957
2024-01-15T21:17:00,STEAM_FEED_01,353.1388
2024-01-15T21:17:00,STEAM_TEMP_01,264.0378
2024-01-15T21:18:00,CORE_FLUX_01,1441343412704.7922
2024-01-15T21:18:00,CORE_FUEL_01,735.6177
2024-01-15T21:18:00,CORE_ROD_01,63.3892
2024-01-15T21:18:00,CORE_EXIT_01,317.4896
2024-01-15T21:18:00,STEAM_PRES_01,64.8307
2024-01-15T21:18:00,STEAM_FEED_01,349.9486
2024-01-15T21:18:00,STEAM_DELTA_01,24.6503
2024-01-15T21:18:00,STEAM_TEMP_01,263.8181
2024-01-15T21:19:00,CORE_FLUX_01,1545545821405.4841
2024-01-15T21:19:00,CORE_FUEL_01,733.1989
2024-01-15T21:19:00,CORE_ROD_01,63.8407
2024-01-15T21:19:00,STEAM_PRES_01,65.0345
2024-01-15T21:19:00,STEAM_FEED_01,350.4864
2024-01-15T21:19:00,STEAM_TEMP_01,263.8175
2024-01-15T21:20:00,CORE_FLUX_01,1478752460167.5603
2024-01-15T21:20:00,CORE_FUEL_01,723.2556
2024-01-15T21:20:00,CORE_ROD_01,65.648
2024-01-15T21:20:00,CORE_EXIT_01,316.1029
2024-01-15T21:20:00,STEAM_PRES_01,64.9818
2024-01-15T21:20:00,STEAM_FEED_01,350.506
2024-01-15T21:20:00,STEAM_DELTA_01,24.6287
2024-01-15T21:20:00,STEAM_TEMP_01,263.3916
2024-01-15T21:21:00,CORE_FLUX_01,1498859863698.2292
2024-01-15T21:21:00,CORE_FUEL_01,729.6596
2024-01-15T21:21:00,CORE_ROD_01,64.875
2024-01-15T21:21:00,STEAM_PRES_01,64.692
2024-01-15T21:21:00,STEAM_FEED_01,348.6256
2024-01-15T21:21:00,STEAM_TEMP_01,263.1898
2024-01-15T21:22:00,CORE_FLUX_01,1478264428400.73
2024-01-15T21:22:00,CORE_FUEL_01,734.7195
2024-01-15T21:22:00,CORE_ROD_01,64.9046
2024-01-15T21:22:00,CORE_EXIT_01,320.2842
2024-01-15T21:22:00,STEAM_PRES_01,64.9318
2024-01-15T21:22:00,STEAM_FEED_01,351.1496
2024-01-15T21:22:00,STEAM_DELTA_01,24.8377
2024-01-15T21:22:00,STEAM_TEMP_01,264.3898
2024-01-15T21:23:00,CORE_FLUX_01,1508188181120.8887
2024-01-15T21:23:00,CORE_FUEL_01,754.2535
2024-01-15T21:23:00,CORE_ROD_01,64.2627
2024-01-15T21:23:00,STEAM_PRES_01,64.8269
2024-01-15T21:23:00,STEAM_FEED_01,349.3998
2024-01-15T21:23:00,STEAM_TEMP_01,263.0223
2024-01-15T21:24:00,CORE_FLUX_01,1533729555999.779
2024-01-15T21:24:00,CORE_FUEL_01,724.9766
2024-01-15T21:24:00,CORE_ROD_01,65.2592
2024-01-15T21:24:00,CORE_EXIT_01,318.1785
2024-01-15T21:24:00,STEAM_PRES_01,64.8614
2024-01-15T21:24:00,STEAM_FEED_01,347.878
2024-01-15T21:24:00,STEAM_DELTA_01,24.4807
2024-01-15T21:24:00,STEAM_TEMP_01,263.3644
2024-01-15T21:25:00,CORE_FLUX_01,1523070829238.6377
2024-01-15T21:25:00,CORE_FUEL_01,729.2491
2024-01-15T21:25:00,CORE_ROD_01,65.0836
2024-01-15T21:25:00,STEAM_PRES_01,64.9158
2024-01-15T21:25:00,STEAM_FEED_01,352.2675
2024-01-15T21:25:00,STEAM_TEMP_01,264.019
2024-01-15T21:26:00,CORE_FLUX_01,1495457978450.5708
2024-01-15T21:26:00,CORE_FUEL_01,745.1912
2024-01-15T21:26:00,CORE_ROD_01,65.2726
2024-01-15T21:26:00,CORE_EXIT_01,315.9797
2024-01-15T21:26:00,STEAM_PRES_01,64.9464
2024-01-15T21:26:00,STEAM_FEED_01,349.1199
2024-01-15T21:26:00,STEAM_DELTA_01,24.2973
2024-01-15T21:26:00,STEAM_TEMP_01,263.347
2024-01-15T21:27:00,CORE_FLUX_01,1527073397778.0442
2024-01-15T21:27:00,CORE_FUEL_01,725.9986
2024-01-15T21:27:00,CORE_ROD_01,65.6746
2024-01-15T21:27:00,STEAM_PRES_01,64.8685
2024-01-15T21:27:00,STEAM_FEED_01,348.7131
2024-01-15T21:27:00,STEAM_TEMP_01,262.99
2024-01-15T21:28:00,CORE_FLUX_01,1487878400841.0854
2024-01-15T21:28:00,CORE_FUEL_01,753.4185
2024-01-15T21:28:00,CORE_ROD_01,64.4643
2024-01-15T21:28:00,CORE_EXIT_01,316.2742
2024-01-15T21:28:00,STEAM_PRES_01,65.0077
2024-01-15T21:28:00,STEAM_FEED_01,349.9074
2024-01-15T21:28:00,STEAM_DELTA_01,24.2877
2024-01-15T21:28:00,STEAM_TEMP_01,262.9788
2024-01-15T21:29:00,CORE_FLUX_01,1506661916555.508
2024-01-15T21:29:00,CORE_FUEL_01,731.9481
2024-01-15T21:29:00,CORE_ROD_01,65.282
2024-01-15T21:29:00,STEAM_PRES_01,64.7263
2024-01-15T21:29:00,STEAM_FEED_01,348.7279
2024-01-15T21:29:00,STEAM_TEMP_01,263.6403
2024-01-15T21:30:00,CORE_FLUX_01,1544509900916.6406
2024-01-15T21:30:00,CORE_FUEL_01,729.514
2024-01-15T21:30:00,CORE_ROD_01,65.3773
2024-01-15T21:30:00,CORE_EXIT_01,319.168
2024-01-15T21:30:00,STEAM_PRES_01,64.9971
2024-01-15T21:30:00,STEAM_FEED_01,348.0952
2024-01-15T21:30:00,STEAM_DELTA_01,24.4225
2024-01-15T21:30:00,STEAM_TEMP_01,263.2842
2024-01-15T21:31:00,CORE_FLUX_01,1502207227681.8928
2024-01-15T21:31:00,CORE_FUEL_01,735.718
2024-01-15T21:31:00,CORE_ROD_01,65.4849
2024-01-15T21:31:00,STEAM_PRES_01,64.8157
2024-01-15T21:31:00,STEAM_FEED_01,348.2044
2024-01-15T21:31:00,STEAM_TEMP_01,263.3421
2024-01-15T21:32:00,CORE_FLUX_01,1411977422550.9187
2024-01-15T21:32:00,CORE_FUEL_01,736.9362
2024-01-15T21:32:00,CORE_ROD_01,64.2197
2024-01-15T21:32:00,CORE_EXIT_01,317.7177
2024-01-15T21:32:00,STEAM_PRES_01,64.6746
2024-01-15T21:32:00,STEAM_FEED_01,349.4739
2024-01-15T21:32:00,STEAM_DELTA_01,24.5213
2024-01-15T21:32:00,STEAM_TEMP_01,263.1249
2024-01-15T21:33:00,CORE_FLUX_01,1489823469555.497
2024-01-15T21:33:00,CORE_FUEL_01,742.2441
2024-01-15T21:33:00,CORE_ROD_01,64.5713
2024-01-15T21:33:00,STEAM_PRES_01,64.8638
2024-01-15T21:33:00,STEAM_FEED_01,345.8241
2024-01-15T21:33:00,STEAM_TEMP_01,262.8859
2024-01-15T21:34:00,CORE_FLUX_01,1565098648148.7402
2024-01-15T21:34:00,CORE_FUEL_01,745.8985
2024-01-15T21:34:00,CORE_ROD_01,65.0354
2024-01-15T21:34:00,CORE_EXIT_01,318.8233
2024-01-15T21:34:00,STEAM_PRES_01,64.6096
2024-01-15T21:34:00,STEAM_FEED_01,348.6469
2024-01-15T21:34:00,STEAM_DELTA_01,24.2561
2024-01-15T21:34:00,STEAM_TEMP_01,262.5734
2024-01-15T21:35:00,CORE_FLUX_01,1505352305718.6445
2024-01-15T21:35:00,CORE_FUEL_01,739.1081
2024-01-15T21:35:00,CORE_ROD_01,65.1011
2024-01-15T21:35:00,STEAM_PRES_01,65.0183
2024-01-15T21:35:00,STEAM_FEED_01,349.4716
2024-01-15T21:35:00,STEAM_TEMP_01,264.0276
2024-01-15T21:36:00,CORE_FLUX_01,1491205895870.3127
2024-01-15T21:36:00,CORE_FUEL_01,730.9753
2024-01-15T21:36:00,CORE_ROD_01,65.4907
2024-01-15T21:36:00,CORE_EXIT_01,320.6174
2024-01-15T21:36:00,STEAM_PRES_01,65.2507
2024-01-15T21:36:00,STEAM_FEED_01,351.3344
2024-01-15T21:36:00,STEAM_DELTA_01,24.7452
2024-01-15T21:36:00,STEAM_TEMP_01,263.5278
2024-01-15T21:37:00,CORE_FLUX_01,1531878185895.8638
2024-01-15T21:37:00,CORE_FUEL_01,727.3415
2024-01-15T21:37:00,CORE_ROD_01,65.0623
2024-01-15T21:37:00,STEAM_PRES_01,64.8794
2024-01-15T21:37:00,STEAM_FEED_01,350.7792
2024-01-15T21:37:00,STEAM_TEMP_01,263.704
2024-01-15T21:38:00,CORE_FLUX_01,1452567436167.1497
2024-01-15T21:38:00,CORE_FUEL_01,725.7289
2024-01-15T21:38:00,CORE_ROD_01,66.237
2024-01-15T21:38:00,CORE_EXIT_01,316.7765
2024-01-15T21:38:00,STEAM_PRES_01,64.752
2024-01-15T21:38:00,STEAM_FEED_01,346.6163
2024-01-15T21:38:00,STEAM_DELTA_01,24.2357
2024-01-15T21:38:00,STEAM_TEMP_01,262.8697
2024-01-15T21:39:00,CORE_FLUX_01,1492770761573.09
2024-01-15T21:39:00,CORE_FUEL_01,744.0682
2024-01-15T21:39:00,CORE_ROD_01,64.7859
2024-01-15T21:39:00,STEAM_PRES_01,65.1257
2024-01-15T21:39:00,STEAM_FEED_01,351.3788
2024-01-15T21:39:00,STEAM_TEMP_01,264.083
2024-01-15T21:40:00,CORE_FLUX_01,1516143252974.0415
2024-01-15T21:40:00,CORE_FUEL_01,735.7285
2024-01-15T21:40:00,CORE_ROD_01,64.8932
2024-01-15T21:40:00,CORE_EXIT_01,317.4216
2024-01-15T21:40:00,STEAM_PRES_01,64.9602
2024-01-15T21:40:00,STEAM_FEED_01,349.4515
2024-01-15T21:40:00,STEAM_DELTA_01,24.3332
2024-01-15T21:40:00,STEAM_TEMP_01,263.9194
2024-01-15T21:41:00,CORE_FLUX_01,1484396161496.3604
2024-01-15T21:41:00,CORE_FUEL_01,756.4927
2024-01-15T21:41:00,CORE_ROD_01,64.589
2024-01-15T21:41:00,STEAM_PRES_01,65.2023
2024-01-15T21:41:00,STEAM_FEED_01,348.6685
2024-01-15T21:41:00,STEAM_TEMP_01,265.406
2024-01-15T21:42:00,CORE_FLUX_01,1469466476373.6172
2024-01-15T21:42:00,CORE_FUEL_01,727.9831
2024-01-15T21:42:00,CORE_ROD_01,64.6024
2024-01-15T21:42:00,CORE_EXIT_01,318.7877
2024-01-15T21:42:00,STEAM_PRES_01,65.2306
2024-01-15T21:42:00,STEAM_FEED_01,350.3519
2024-01-15T21:42:00,STEAM_DELTA_01,24.8055
2024-01-15T21:42:00,STEAM_TEMP_01,263.0586
2024-01-15T21:43:00,CORE_FLUX_01,1472969302134.7585
2024-01-15T21:43:00,CORE_FUEL_01,728.176
2024-01-15T21:43:00,CORE_ROD_01,65.0824
2024-01-15T21:43:00,STEAM_PRES_01,64.7957
2024-01-15T21:43:00,STEAM_FEED_01,347.9918
2024-01-15T21:43:00,STEAM_TEMP_01,263.5857
2024-01-15T21:44:00,CORE_FLUX_01,1522676121805.8945
2024-01-15T21:44:00,CORE_FUEL_01,729.8134
2024-01-15T21:44:00,CORE_ROD_01,64.4199
2024-01-15T21:44:00,CORE_EXIT_01,319.627
2024-01-15T21:44:00,STEAM_PRES_01,64.8479
2024-01-15T21:44:00,STEAM_FEED_01,347.1445
2024-01-15T21:44:00,STEAM_DELTA_01,24.6671
2024-01-15T21:44:00,STEAM_TEMP_01,264.1987
2024-01-15T21:45:00,CORE_FLUX_01,1540911024986.8206
2024-01-15T21:45:00,CORE_FUEL_01,738.8449
2024-01-15T21:45:00,CORE_ROD_01,65.1702
2024-01-15T21:45:00,STEAM_PRES_01,64.8651
2024-01-15T21:45:00,STEAM_FEED_01,345.7837
2024-01-15T21:45:00,STEAM_TEMP_01,262.6508
2024-01-15T21:46:00,CORE_FLUX_01,1482151124147.3882
2024-01-15T21:46:00,CORE_FUEL_01,723.0937
2024-01-15T21:46:00,CORE_ROD_01,66.358
2024-01-15T21:46:00,CORE_EXIT_01,318.0359
2024-01-15T21:46:00,STEAM_PRES_01,64.794
2024-01-15T21:46:00,STEAM_FEED_01,346.5037
2024-01-15T21:46:00,STEAM_DELTA_01,24.4805
2024-01-15T21:46:00,STEAM_TEMP_01,264.0495
2024-01-15T21:47:00,CORE_FLUX_01,1565264001722.617
2024-01-15T21:47:00,CORE_FUEL_01,744.8186
2024-01-15T21:47:00,CORE_ROD_01,65.3349
2024-01-15T21:47:00,STEAM_PRES_01,65.2256
2024-01-15T21:47:00,STEAM_FEED_01,352.0829
2024-01-15T21:47:00,STEAM_TEMP_01,264.9791
2024-01-15T21:48:00,CORE_FLUX_01,1554924368457.6257
2024-01-15T21:48:00,CORE_FUEL_01,733.1194
2024-01-15T21:48:00,CORE_ROD_01,63.0594
2024-01-15T21:48:00,CORE_EXIT_01,319.1031
2024-01-15T21:48:00,STEAM_PRES_01,65.498
2024-01-15T21:48:00,STEAM_FEED_01,352.0572
2024-01-15T21:48:00,STEAM_DELTA_01,24.7698
2024-01-15T21:48:00,STEAM_TEMP_01,264.4274
2024-01-15T21:49:00,CORE_FLUX_01,1458629949128.9211
2024-01-15T21:49:00,CORE_FUEL_01,737.3126
2024-01-15T21:49:00,CORE_ROD_01,65.248
2024-01-15T21:49:00,STEAM_PRES_01,65.219
2024-01-15T21:49:00,STEAM_FEED_01,350.8219
2024-01-15T21:49:00,STEAM_TEMP_01,264.3328
2024-01-15T21:50:00,CORE_FLUX_01,1480212410440.2327
2024-01-15T21:50:00,CORE_FUEL_01,742.9026
2024-01-15T21:50:00,CORE_ROD_01,65.347
2024-01-15T21:50:00,CORE_EXIT_01,317.0858
2024-01-15T21:50:00,STEAM_PRES_01,64.9546
2024-01-15T21:50:00,STEAM_FEED_01,353.2023
2024-01-15T21:50:00,STEAM_DELTA_01,24.469
2024-01-15T21:50:00,STEAM_TEMP_01,264.0359
2024-01-15T21:51:00,CORE_FLUX_01,1477187568058.1462
2024-01-15T21:51:00,CORE_FUEL_01,738.2791
2024-01-15T21:51:00,CORE_ROD_01,65.1032
2024-01-15T21:51:00,STEAM_PRES_01,65.2924
2024-01-15T21:51:00,STEAM_FEED_01,351.0297
2024-01-15T21:51:00,STEAM_TEMP_01,264.6381
2024-01-15T21:52:00,CORE_FLUX_01,1573534330390.514
2024-01-15T21:52:00,CORE_FUEL_01,742.0346
2024-01-15T21:52:00,CORE_ROD_01,65.5729
2024-01-15T21:52:00,CORE_EXIT_01,321.5188
2024-01-15T21:52:00,STEAM_PRES_01,64.9777
2024-01-15T21:52:00,STEAM_FEED_01,350.9812
2024-01-15T21:52:00,STEAM_DELTA_01,24.5557
2024-01-15T21:52:00,STEAM_TEMP_01,263.1854
2024-01-15T21:53:00,CORE_FLUX_01,1520929237642.939
2024-01-15T21:53:00,CORE_FUEL_01,744.7648
2024-01-15T21:53:00,CORE_ROD_01,65.0917
2024-01-15T21:53:00,STEAM_PRES_01,64.8977
2024-01-15T21:53:00,STEAM_FEED_01,352.1714
2024-01-15T21:53:00,STEAM_TEMP_01,263.8788
2024-01-15T21:54:00,CORE_FLUX_01,1452273765078.3801
2024-01-15T21:54:00,CORE_FUEL_01,739.7525
2024-01-15T21:54:00,CORE_ROD_01,64.6578
2024-01-15T21:54:00,CORE_EXIT_01,319.2615
2024-01-15T21:54:00,STEAM_PRES_01,64.8595
2024-01-15T21:54:00,STEAM_FEED_01,347.2057
2024-01-15T21:54:00,STEAM_DELTA_01,24.3817
2024-01-15T21:54:00,STEAM_TEMP_01,263.5557
2024-01-15T21:55:00,CORE_FLUX_01,1490945323507.723
2024-01-15T21:55:00,CORE_FUEL_01,739.6413
2024-01-15T21:55:00,CORE_ROD_01,64.2064
2024-01-15T21:55:00,STEAM_PRES_01,65.3255
2024-01-15T21:55:00,STEAM_FEED_01,353.3403
2024-01-15T21:55:00,STEAM_TEMP_01,264.8738
2024-01-15T21:56:00,CORE_FLUX_01,1468905981266.9612
2024-01-15T21:56:00,CORE_FUEL_01,736.6368
2024-01-15T21:56:00,CORE_ROD_01,65.2461
2024-01-15T21:56:00,CORE_EXIT_01,319.2214
2024-01-15T21:56:00,STEAM_PRES_01,64.8771
2024-01-15T21:56:00,STEAM_FEED_01,346.8498
2024-01-15T21:56:00,STEAM_DELTA_01,24.4922
2024-01-15T21:56:00,STEAM_TEMP_01,262.6559
2024-01-15T21:57:00,CORE_FLUX_01,1505333709832.827
2024-01-15T21:57:00,CORE_FUEL_01,749.5057
2024-01-15T21:57:00,CORE_ROD_01,66.2817
2024-01-15T21:57:00,STEAM_PRES_01,64.6658
2024-01-15T21:57:00,STEAM_FEED_01,348.2152
2024-01-15T21:57:00,STEAM_TEMP_01,264.2635
2024-01-15T21:58:00,CORE_FLUX_01,1527257398899.8108
2024-01-15T21:58:00,CORE_FUEL_01,739.7879
2024-01-15T21:58:00,CORE_ROD_01,63.3183
2024-01-15T21:58:00,CORE_EXIT_01,318.3702
2024-01-15T21:58:00,STEAM_PRES_01,64.9085
2024-01-15T21:58:00,STEAM_FEED_01,347.5529
2024-01-15T21:58:00,STEAM_DELTA_01,24.4578
2024-01-15T21:58:00,STEAM_TEMP_01,264.0218
2024-01-15T21:59:00,CORE_FLUX_01,1533487637015.7163
2024-01-15T21:59:00,CORE_FUEL_01,746.3207
2024-01-15T21:59:00,CORE_ROD_01,63.2972
2024-01-15T21:59:00,STEAM_PRES_01,64.9799
2024-01-15T21:59:00,STEAM_FEED_01,350.6192
2024-01-15T21:59:00,STEAM_TEMP_01,263.9448
2024-01-15T22:00:00,CORE_FLUX_01,1505682878177.9233
2024-01-15T22:00:00,CORE_FUEL_01,737.4099
2024-01-15T22:00:00,CORE_ROD_01,64.7207
2024-01-15T22:00:00,CORE_EXIT_01,318.9716
2024-01-15T22:00:00,STEAM_PRES_01,71.5
2024-01-15T22:00:00,STEAM_FEED_01,349.2817
2024-01-15T22:00:00,STEAM_DELTA_01,24.5842
2024-01-15T22:00:00,STEAM_TEMP_01,263.0916
2024-01-15T22:01:00,CORE_FLUX_01,1480593327845.107
2024-01-15T22:01:00,CORE_FUEL_01,756.3503
2024-01-15T22:01:00,CORE_ROD_01,64.309
2024-01-15T22:01:00,STEAM_PRES_01,71.5
2024-01-15T22:01:00,STEAM_FEED_01,349.6116
2024-01-15T22:01:00,STEAM_TEMP_01,264.2304
2024-01-15T22:02:00,CORE_FLUX_01,1553904112798.6003
2024-01-15T22:02:00,CORE_FUEL_01,739.3544
2024-01-15T22:02:00,CORE_ROD_01,66.145
2024-01-15T22:02:00,CORE_EXIT_01,319.3129
2024-01-15T22:02:00,STEAM_PRES_01,71.5
2024-01-15T22:02:00,STEAM_FEED_01,350.2158
2024-01-15T22:02:00,STEAM_DELTA_01,24.2908
2024-01-15T22:02:00,STEAM_TEMP_01,262.8489
2024-01-15T22:03:00,CORE_FLUX_01,1465259545823.319
2024-01-15T22:03:00,CORE_FUEL_01,726.7063
2024-01-15T22:03:00,CORE_ROD_01,65.555
2024-01-15T22:03:00,STEAM_PRES_01,71.5
2024-01-15T22:03:00,STEAM_FEED_01,347.2364
2024-01-15T22:03:00,STEAM_TEMP_01,262.9475
2024-01-15T22:04:00,CORE_FLUX_01,1486655595695.3018
2024-01-15T22:04:00,CORE_FUEL_01,737.3708
2024-01-15T22:04:00,CORE_ROD_01,65.4817
2024-01-15T22:04:00,CORE_EXIT_01,318.4825
2024-01-15T22:04:00,STEAM_PRES_01,71.5
2024-01-15T22:04:00,STEAM_FEED_01,347.9174
2024-01-15T22:04:00,STEAM_DELTA_01,24.6087
2024-01-15T22:04:00,STEAM_TEMP_01,264.2668
2024-01-15T22:05:00,CORE_FLUX_01,1528948795329.2212
2024-01-15T22:05:00,CORE_FUEL_01,738.3627
2024-01-15T22:05:00,CORE_ROD_01,65.945
2024-01-15T22:05:00,STEAM_PRES_01,71.5
2024-01-15T22:05:00,STEAM_FEED_01,347.7632
2024-01-15T22:05:00,STEAM_TEMP_01,263.0028
2024-01-15T22:06:00,CORE_FLUX_01,1477308539391.3887
2024-01-15T22:06:00,CORE_FUEL_01,737.2104
2024-01-15T22:06:00,CORE_ROD_01,63.9827
2024-01-15T22:06:00,CORE_EXIT_01,318.4429
2024-01-15T22:06:00,STEAM_PRES_01,71.5
2024-01-15T22:06:00,STEAM_FEED_01,348.8739
2024-01-15T22:06:00,STEAM_DELTA_01,24.7882
2024-01-15T22:06:00,STEAM_TEMP_01,263.7851
2024-01-15T22:07:00,CORE_FLUX_01,1462777777754.3105
2024-01-15T22:07:00,CORE_FUEL_01,742.6809
2024-01-15T22:07:00,CORE_ROD_01,63.3667
2024-01-15T22:07:00,STEAM_PRES_01,71.5
2024-01-15T22:07:00,STEAM_FEED_01,348.7426
2024-01-15T22:07:00,STEAM_TEMP_01,263.508
2024-01-15T22:08:00,CORE_FLUX_01,1469540153283.728
2024-01-15T22:08:00,CORE_FUEL_01,737.744
2024-01-15T22:08:00,CORE_ROD_01,63.7648
2024-01-15T22:08:00,CORE_EXIT_01,321.1517
2024-01-15T22:08:00,STEAM_PRES_01,71.5
2024-01-15T22:08:00,STEAM_FEED_01,350.9371
2024-01-15T22:08:00,STEAM_DELTA_01,24.4887
2024-01-15T22:08:00,STEAM_TEMP_01,264.1314
2024-01-15T22:09:00,CORE_FLUX_01,1514959790225.0977
2024-01-15T22:09:00,CORE_FUEL_01,745.9989
2024-01-15T22:09:00,CORE_ROD_01,64.7667
2024-01-15T22:09:00,STEAM_PRES_01,71.5
2024-01-15T22:09:00,STEAM_FEED_01,347.8076
2024-01-15T22:09:00,STEAM_TEMP_01,263.9554
2024-01-15T22:10:00,CORE_FLUX_01,1515094705053.326
2024-01-15T22:10:00,CORE_FUEL_01,730.8147
2024-01-15T22:10:00,CORE_ROD_01,65.0361
2024-01-15T22:10:00,CORE_EXIT_01,318.784
2024-01-15T22:10:00,STEAM_PRES_01,71.5
2024-01-15T22:10:00,STEAM_FEED_01,350.1176
2024-01-15T22:10:00,STEAM_DELTA_01,24.4512
2024-01-15T22:10:00,STEAM_TEMP_01,264.4747
2024-01-15T22:11:00,CORE_FLUX_01,1529085463709.1155
2024-01-15T22:11:00,CORE_FUEL_01,727.3509
2024-01-15T22:11:00,CORE_ROD_01,64.0324
2024-01-15T22:11:00,STEAM_PRES_01,71.5
2024-01-15T22:11:00,STEAM_FEED_01,351.8606
2024-01-15T22:11:00,STEAM_TEMP_01,264.0226
2024-01-15T22:12:00,CORE_FLUX_01,1511839492198.919
2024-01-15T22:12:00,CORE_FUEL_01,742.4078
2024-01-15T22:12:00,CORE_ROD_01,65.6379
2024-01-15T22:12:00,CORE_EXIT_01,315.9907
2024-01-15T22:12:00,STEAM_PRES_01,71.5
2024-01-15T22:12:00,STEAM_FEED_01,352.577
2024-01-15T22:12:00,STEAM_DELTA_01,24.9134
2024-01-15T22:12:00,STEAM_TEMP_01,263.1494
2024-01-15T22:13:00,CORE_FLUX_01,1466118049382.7407
2024-01-15T22:13:00,CORE_FUEL_01,742.8685
2024-01-15T22:13:00,CORE_ROD_01,64.7693
2024-01-15T22:13:00,STEAM_PRES_01,71.5
2024-01-15T22:13:00,STEAM_FEED_01,351.1458
2024-01-15T22:13:00,STEAM_TEMP_01,264.8823
2024-01-15T22:14:00,CORE_FLUX_01,1469404924408.0352
2024-01-15T22:14:00,CORE_FUEL_01,734.1547
2024-01-15T22:14:00,CORE_ROD_01,63.8632
2024-01-15T22:14:00,CORE_EXIT_01,317.6537
2024-01-15T22:14:00,STEAM_PRES_01,71.5
2024-01-15T22:14:00,STEAM_FEED_01,348.1701
2024-01-15T22:14:00,STEAM_DELTA_01,24.7696
2024-01-15T22:14:00,STEAM_TEMP_01,264.0327
2024-01-15T22:15:00,CORE_FLUX_01,1493675774148.3694
2024-01-15T22:15:00,CORE_FUEL_01,742.1598
2024-01-15T22:15:00,CORE_ROD_01,65.8818
2024-01-15T22:15:00,STEAM_PRES_01,71.5
2024-01-15T22:15:00,STEAM_FEED_01,351.0521
2024-01-15T22:15:00,STEAM_TEMP_01,263.2526
2024-01-15T22:16:00,CORE_FLUX_01,1560830984444.789
2024-01-15T22:16:00,CORE_FUEL_01,733.7437
2024-01-15T22:16:00,CORE_ROD_01,64.8655
2024-01-15T22:16:00,CORE_EXIT_01,317.7694
2024-01-15T22:16:00,STEAM_PRES_01,71.5
2024-01-15T22:16:00,STEAM_FEED_01,350.2895
2024-01-15T22:16:00,STEAM_DELTA_01,24.766
2024-01-15T22:16:00,STEAM_TEMP_01,263.9857
2024-01-15T22:17:00,CORE_FLUX_01,1507901890900.9165
2024-01-15T22:17:00,CORE_FUEL_01,729.7671
2024-01-15T22:17:00,CORE_ROD_01,66.009
2024-01-15T22:17:00,STEAM_PRES_01,71.5
2024-01-15T22:17:00,STEAM_FEED_01,348.5237
2024-01-15T22:17:00,STEAM_TEMP_01,263.3081
2024-01-15T22:18:00,CORE_FLUX_01,1504554363101.0671
2024-01-15T22:18:00,CORE_FUEL_01,736.5152
2024-01-15T22:18:00,CORE_ROD_01,65.2559
2024-01-15T22:18:00,CORE_EXIT_01,318.0696
2024-01-15T22:18:00,STEAM_PRES_01,71.5
2024-01-15T22:18:00,STEAM_FEED_01,348.2043
2024-01-15T22:18:00,STEAM_DELTA_01,24.6278
2024-01-15T22:18:00,STEAM_TEMP_01,264.0704
2024-01-15T22:19:00,CORE_FLUX_01,1538563987833.533
2024-01-15T22:19:00,CORE_FUEL_01,744.9194
2024-01-15T22:19:00,CORE_ROD_01,66.008
2024-01-15T22:19:00,STEAM_PRES_01,71.5
2024-01-15T22:19:00,STEAM_FEED_01,348.5826
2024-01-15T22:19:00,STEAM_TEMP_01,263.5895
2024-01-15T22:20:00,CORE_FLUX_01,1500141156249.4487
2024-01-15T22:20:00,CORE_FUEL_01,734.0344
2024-01-15T22:20:00,CORE_ROD_01,65.5639
2024-01-15T22:20:00,CORE_EXIT_01,319.6616
2024-01-15T22:20:00,STEAM_PRES_01,65.1866
2024-01-15T22:20:00,STEAM_FEED_01,350.1469
2024-01-15T22:20:00,STEAM_DELTA_01,24.8047
2024-01-15T22:20:00,STEAM_TEMP_01,264.3495
2024-01-15T22:21:00,CORE_FLUX_01,1518250128163.6167
2024-01-15T22:21:00,CORE_FUEL_01,720.1908
2024-01-15T22:21:00,CORE_ROD_01,66.3963
2024-01-15T22:21:00,STEAM_PRES_01,64.6191
2024-01-15T22:21:00,STEAM_FEED_01,348.8292
2024-01-15T22:21:00,STEAM_TEMP_01,263.8408
2024-01-15T22:22:00,CORE_FLUX_01,1523921080241.8496
2024-01-15T22:22:00,CORE_FUEL_01,716.4437
2024-01-15T22:22:00,CORE_ROD_01,66.9576
2024-01-15T22:22:00,CORE_EXIT_01,318.978
2024-01-15T22:22:00,STEAM_PRES_01,64.8703
2024-01-15T22:22:00,STEAM_FEED_01,346.9486
2024-01-15T22:22:00,STEAM_DELTA_01,24.6842
2024-01-15T22:22:00,STEAM_TEMP_01,263.2621
2024-01-15T22:23:00,CORE_FLUX_01,1497044393554.92
2024-01-15T22:23:00,CORE_FUEL_01,734.1425
2024-01-15T22:23:00,CORE_ROD_01,64.6209
2024-01-15T22:23:00,STEAM_PRES_01,65.1985
2024-01-15T22:23:00,STEAM_FEED_01,349.8271
2024-01-15T22:23:00,STEAM_TEMP_01,263.7858
2024-01-15T22:24:00,CORE_FLUX_01,1496176986466.371
2024-01-15T22:24:00,CORE_FUEL_01,721.9002
2024-01-15T22:24:00,CORE_ROD_01,66.1214
2024-01-15T22:24:00,CORE_EXIT_01,317.2762
2024-01-15T22:24:00,STEAM_PRES_01,64.555
2024-01-15T22:24:00,STEAM_FEED_01,348.054
2024-01-15T22:24:00,STEAM_DELTA_01,24.6271
2024-01-15T22:24:00,STEAM_TEMP_01,263.2484
2024-01-15T22:25:00,CORE_FLUX_01,1474822093401.7764
2024-01-15T22:25:00,CORE_FUEL_01,732.2889
2024-01-15T22:25:00,CORE_ROD_01,65.7345
2024-01-15T22:25:00,STEAM_PRES_01,65.2425
2024-01-15T22:25:00,STEAM_FEED_01,352.9732
2024-01-15T22:25:00,STEAM_TEMP_01,264.2327
2024-01-15T22:26:00,CORE_FLUX_01,1490175443444.6165
2024-01-15T22:26:00,CORE_FUEL_01,727.2287
2024-01-15T22:26:00,CORE_ROD_01,65.378
2024-01-15T22:26:00,CORE_EXIT_01,318.36
2024-01-15T22:26:00,STEAM_PRES_01,65.0694
2024-01-15T22:26:00,STEAM_FEED_01,348.2607
2024-01-15T22:26:00,STEAM_DELTA_01,24.5576
2024-01-15T22:26:00,STEAM_TEMP_01,262.9086
2024-01-15T22:27:00,CORE_FLUX_01,1461928678895.5103
2024-01-15T22:27:00,CORE_FUEL_01,744.5128
2024-01-15T22:27:00,CORE_ROD_01,65.7606
2024-01-15T22:27:00,STEAM_PRES_01,64.7008
2024-01-15T22:27:00,STEAM_FEED_01,348.2842
2024-01-15T22:27:00,STEAM_TEMP_01,263.0288
2024-01-15T22:28:00,CORE_FLUX_01,1491729770184.0132
2024-01-15T22:28:00,CORE_FUEL_01,737.5128
2024-01-15T22:28:00,CORE_ROD_01,65.1023
2024-01-15T22:28:00,CORE_EXIT_01,317.1006
2024-01-15T22:28:00,STEAM_PRES_01,64.8946
2024-01-15T22:28:00,STEAM_FEED_01,347.6786
2024-01-15T22:28:00,STEAM_DELTA_01,24.8058
2024-01-15T22:28:00,STEAM_TEMP_01,264.4119
2024-01-15T22:29:00,CORE_FLUX_01,1437466705878.1968
2024-01-15T22:29:00,CORE_FUEL_01,750.77
2024-01-15T22:29:00,CORE_ROD_01,65.454
2024-01-15T22:29:00,STEAM_PRES_01,64.9085
2024-01-15T22:29:00,STEAM_FEED_01,351.2651
2024-01-15T22:29:00,STEAM_TEMP_01,263.6952
2024-01-15T22:30:00,CORE_FLUX_01,1499680836162.645
2024-01-15T22:30:00,CORE_FUEL_01,735.6768
2024-01-15T22:30:00,CORE_ROD_01,65.5476
2024-01-15T22:30:00,CORE_EXIT_01,317.6018
2024-01-15T22:30:00,STEAM_PRES_01,64.9605
2024-01-15T22:30:00,STEAM_FEED_01,347.6669
2024-01-15T22:30:00,STEAM_DELTA_01,24.5327
2024-01-15T22:30:00,STEAM_TEMP_01,263.9389
2024-01-15T22:31:00,CORE_FLUX_01,1524580410665.145
2024-01-15T22:31:00,CORE_FUEL_01,733.4531
2024-01-15T22:31:00,CORE_ROD_01,64.7995
2024-01-15T22:31:00,STEAM_PRES_01,64.9033
2024-01-15T22:31:00,STEAM_FEED_01,348.7866
2024-01-15T22:31:00,STEAM_TEMP_01,263.9231
2024-01-15T22:32:00,CORE_FLUX_01,1515795974209.7446
2024-01-15T22:32:00,CORE_FUEL_01,752.0293
2024-01-15T22:32:00,CORE_ROD_01,64.1108
2024-01-15T22:32:00,CORE_EXIT_01,316.5373
2024-01-15T22:32:00,STEAM_PRES_01,64.9333
2024-01-15T22:32:00,STEAM_FEED_01,352.5931
2024-01-15T22:32:00,STEAM_DELTA_01,24.8836
2024-01-15T22:32:00,STEAM_TEMP_01,264.6025
2024-01-15T22:33:00,CORE_FLUX_01,1470185925833.0818
2024-01-15T22:33:00,CORE_FUEL_01,741.7029
2024-01-15T22:33:00,CORE_ROD_01,64.4613
2024-01-15T22:33:00,STEAM_PRES_01,64.976
2024-01-15T22:33:00,STEAM_FEED_01,346.7341
2024-01-15T22:33:00,STEAM_TEMP_01,263.0398
2024-01-15T22:34:00,CORE_FLUX_01,1477416337985.3232
2024-01-15T22:34:00,CORE_FUEL_01,731.6063
2024-01-15T22:34:00,CORE_ROD_01,65.0194
2024-01-15T22:34:00,CORE_EXIT_01,316.1001
2024-01-15T22:34:00,STEAM_PRES_01,65.0584
2024-01-15T22:34:00,STEAM_FEED_01,353.4865
2024-01-15T22:34:00,STEAM_DELTA_01,24.9557
2024-01-15T22:34:00,STEAM_TEMP_01,263.9258
2024-01-15T22:35:00,CORE_FLUX_01,1511454020428.6602
2024-01-15T22:35:00,CORE_FUEL_01,745.3377
2024-01-15T22:35:00,CORE_ROD_01,63.6186
2024-01-15T22:35:00,STEAM_PRES_01,65.1869
2024-01-15T22:35:00,STEAM_FEED_01,351.1653
2024-01-15T22:35:00,STEAM_TEMP_01,263.7963
2024-01-15T22:36:00,CORE_FLUX_01,1468771488285.5918
2024-01-15T22:36:00,CORE_FUEL_01,731.4723
2024-01-15T22:36:00,CORE_ROD_01,65.8691
2024-01-15T22:36:00,CORE_EXIT_01,318.9869
2024-01-15T22:36:00,STEAM_PRES_01,65.3905
2024-01-15T22:36:00,STEAM_FEED_01,355.3384
2024-01-15T22:36:00,STEAM_DELTA_01,24.8565
2024-01-15T22:36:00,STEAM_TEMP_01,264.4693
2024-01-15T22:37:00,CORE_FLUX_01,1509186118789.8298
2024-01-15T22:37:00,CORE_FUEL_01,736.8919
2024-01-15T22:37:00,CORE_ROD_01,65.2469
2024-01-15T22:37:00,STEAM_PRES_01,64.6328
2024-01-15T22:37:00,STEAM_FEED_01,347.758
2024-01-15T22:37:00,STEAM_TEMP_01,263.1094
2024-01-15T22:38:00,CORE_FLUX_01,1518773425718.8704
2024-01-15T22:38:00,CORE_FUEL_01,724.354
2024-01-15T22:38:00,CORE_ROD_01,64.1001
2024-01-15T22:38:00,CORE_EXIT_01,317.0807
2024-01-15T22:38:00,STEAM_PRES_01,65.0625
2024-01-15T22:38:00,STEAM_FEED_01,351.7025
2024-01-15T22:38:00,STEAM_DELTA_01,24.9052
2024-01-15T22:38:00,STEAM_TEMP_01,263.779
2024-01-15T22:39:00,CORE_FLUX_01,1528730120457.277
2024-01-15T22:39:00,CORE_FUEL_01,744.2684
2024-01-15T22:39:00,CORE_ROD_01,64.0077
2024-01-15T22:39:00,STEAM_PRES_01,65.2167
2024-01-15T22:39:00,STEAM_FEED_01,349.7617
2024-01-15T22:39:00,STEAM_TEMP_01,263.0504
2024-01-15T22:40:00,CORE_FLUX_01,1514714922813.933
2024-01-15T22:40:00,CORE_FUEL_01,745.1334
2024-01-15T22:40:00,CORE_ROD_01,65.4187
2024-01-15T22:40:00,CORE_EXIT_01,320.1698
2024-01-15T22:40:00,STEAM_PRES_01,65.0771
2024-01-15T22:40:00,STEAM_FEED_01,354.113
2024-01-15T22:40:00,STEAM_DELTA_01,24.8872
2024-01-15T22:40:00,STEAM_TEMP_01,264.4757
2024-01-15T22:41:00,CORE_FLUX_01,1480027271631.6658
2024-01-15T22:41:00,CORE_FUEL_01,724.5767
2024-01-15T22:41:00,CORE_ROD_01,65.573
2024-01-15T22:41:00,STEAM_PRES_01,65.3086
2024-01-15T22:41:00,STEAM_FEED_01,352.2699
2024-01-15T22:41:00,STEAM_TEMP_01,263.499
2024-01-15T22:42:00,CORE_FLUX_01,1499765763956.0198
2024-01-15T22:42:00,CORE_FUEL_01,731.1656
2024-01-15T22:42:00,CORE_ROD_01,62.3658
2024-01-15T22:42:00,CORE_EXIT_01,317.8143
2024-01-15T22:42:00,STEAM_PRES_01,65.0547
2024-01-15T22:42:00,STEAM_FEED_01,350.8134
2024-01-15T22:42:00,STEAM_DELTA_01,24.7478
2024-01-15T22:42:00,STEAM_TEMP_01,264.3255
2024-01-15T22:43:00,CORE_FLUX_01,1489078616179.0715
2024-01-15T22:43:00,CORE_FUEL_01,725.958
2024-01-15T22:43:00,CORE_ROD_01,65.5234
2024-01-15T22:43:00,STEAM_PRES_01,65.5061
2024-01-15T22:43:00,STEAM_FEED_01,351.016
2024-01-15T22:43:00,STEAM_TEMP_01,264.2789
2024-01-15T22:44:00,CORE_FLUX_01,1509820151433.9238
2024-01-15T22:44:00,CORE_FUEL_01,747.8849
2024-01-15T22:44:00,CORE_ROD_01,64.0789
2024-01-15T22:44:00,CORE_EXIT_01,318.1043
2024-01-15T22:44:00,STEAM_PRES_01,65.2029
2024-01-15T22:44:00,STEAM_FEED_01,350.1376
2024-01-15T22:44:00,STEAM_DELTA_01,24.8316
2024-01-15T22:44:00,STEAM_TEMP_01,264.7104
2024-01-15T22:45:00,CORE_FLUX_01,1512313253082.484
2024-01-15T22:45:00,CORE_FUEL_01,738.4455
2024-01-15T22:45:00,CORE_ROD_01,65.2269
2024-01-15T22:45:00,STEAM_PRES_01,64.7498
2024-01-15T22:45:00,STEAM_FEED_01,349.6399
2024-01-15T22:45:00,STEAM_TEMP_01,263.7021
2024-01-15T22:46:00,CORE_FLUX_01,1471843928415.0664
2024-01-15T22:46:00,CORE_FUEL_01,726.5272
2024-01-15T22:46:00,CORE_ROD_01,66.0074
2024-01-15T22:46:00,CORE_EXIT_01,318.5846
2024-01-15T22:46:00,STEAM_PRES_01,64.918
2024-01-15T22:46:00,STEAM_FEED_01,352.0189
2024-01-15T22:46:00,STEAM_DELTA_01,24.6183
2024-01-15T22:46:00,STEAM_TEMP_01,263.3983
2024-01-15T22:47:00,CORE_FLUX_01,1445797895833.9307
2024-01-15T22:47:00,CORE_FUEL_01,750.2244
2024-01-15T22:47:00,CORE_ROD_01,65.0693
2024-01-15T22:47:00,STEAM_PRES_01,64.9409
2024-01-15T22:47:00,STEAM_FEED_01,345.9788
2024-01-15T22:47:00,STEAM_TEMP_01,264.0522
2024-01-15T22:48:00,CORE_FLUX_01,1491312079382.1824
2024-01-15T22:48:00,CORE_FUEL_01,736.7406
2024-01-15T22:48:00,CORE_ROD_01,66.0237
2024-01-15T22:48:00,CORE_EXIT_01,318.999
2024-01-15T22:48:00,STEAM_PRES_01,65.2378
2024-01-15T22:48:00,STEAM_FEED_01,349.8785
2024-01-15T22:48:00,STEAM_DELTA_01,24.7275
2024-01-15T22:48:00,STEAM_TEMP_01,263.6011
2024-01-15T22:49:00,CORE_FLUX_01,1447158025995.9368
2024-01-15T22:49:00,CORE_FUEL_01,737.868
2024-01-15T22:49:00,CORE_ROD_01,67.1624
2024-01-15T22:49:00,STEAM_PRES_01,65.2227
2024-01-15T22:49:00,STEAM_FEED_01,350.9658
2024-01-15T22:49:00,STEAM_TEMP_01,265.3975
2024-01-15T22:50:00,CORE_FLUX_01,1579372753031.265
2024-01-15T22:50:00,CORE_FUEL_01,738.8132
2024-01-15T22:50:00,CORE_ROD_01,64.358
2024-01-15T22:50:00,CORE_EXIT_01,318.8764
2024-01-15T22:50:00,STEAM_PRES_01,65.0536
2024-01-15T22:50:00,STEAM_FEED_01,348.7659
2024-01-15T22:50:00,STEAM_DELTA_01,24.6265
2024-01-15T22:50:00,STEAM_TEMP_01,263.705
2024-01-15T22:51:00,CORE_FLUX_01,1463664136189.241
2024-01-15T22:51:00,CORE_FUEL_01,747.0224
2024-01-15T22:51:00,CORE_ROD_01,66.1148
2024-01-15T22:51:00,STEAM_PRES_01,64.9875
2024-01-15T22:51:00,STEAM_FEED_01,349.4154
2024-01-15T22:51:00,STEAM_TEMP_01,263.0413
2024-01-15T22:52:00,CORE_FLUX_01,1481118014976.2893
2024-01-15T22:52:00,CORE_FUEL_01,736.5428
2024-01-15T22:52:00,CORE_ROD_01,65.9605
2024-01-15T22:52:00,CORE_EXIT_01,319.769
2024-01-15T22:52:00,STEAM_PRES_01,65.0936
2024-01-15T22:52:00,STEAM_FEED_01,352.0796
2024-01-15T22:52:00,STEAM_DELTA_01,24.8757
2024-01-15T22:52:00,STEAM_TEMP_01,264.5524
2024-01-15T22:53:00,CORE_FLUX_01,1506197564841.61
2024-01-15T22:53:00,CORE_FUEL_01,748.1283
2024-01-15T22:53:00,CORE_ROD_01,65.0145
2024-01-15T22:53:00,STEAM_PRES_01,64.8032
2024-01-15T22:53:00,STEAM_FEED_01,350.7529
2024-01-15T22:53:00,STEAM_TEMP_01,263.263
2024-01-15T22:54:00,CORE_FLUX_01,1555872320689.8792
2024-01-15T22:54:00,CORE_FUEL_01,724.8025
2024-01-15T22:54:00,CORE_ROD_01,65.3068
2024-01-15T22:54:00,CORE_EXIT_01,316.9103
2024-01-15T22:54:00,STEAM_PRES_01,65.2156
2024-01-15T22:54:00,STEAM_FEED_01,352.1345
2024-01-15T22:54:00,STEAM_DELTA_01,24.658
2024-01-15T22:54:00,STEAM_TEMP_01,264.1061
2024-01-15T22:55:00,CORE_FLUX_01,1503821762306.3242
2024-01-15T22:55:00,CORE_FUEL_01,730.8007
2024-01-15T22:55:00,CORE_ROD_01,65.1211
2024-01-15T22:55:00,STEAM_PRES_01,65.0896
2024-01-15T22:55:00,STEAM_FEED_01,348.9077
2024-01-15T22:55:00,STEAM_TEMP_01,263.8697
2024-01-15T22:56:00,CORE_FLUX_01,1547325943883.4685
2024-01-15T22:56:00,CORE_FUEL_01,735.574
2024-01-15T22:56:00,CORE_ROD_01,64.6388
2024-01-15T22:56:00,CORE_EXIT_01,318.173
2024-01-15T22:56:00,STEAM_PRES_01,64.8467
2024-01-15T22:56:00,STEAM_FEED_01,350.758
2024-01-15T22:56:00,STEAM_DELTA_01,24.4637
2024-01-15T22:56:00,STEAM_TEMP_01,264.1769
2024-01-15T22:57:00,CORE_FLUX_01,1471914458699.4229
2024-01-15T22:57:00,CORE_FUEL_01,735.6154
2024-01-15T22:57:00,CORE_ROD_01,64.8266
2024-01-15T22:57:00,STEAM_PRES_01,64.7281
2024-01-15T22:57:00,STEAM_FEED_01,348.2
2024-01-15T22:57:00,STEAM_TEMP_01,263.6644
2024-01-15T22:58:00,CORE_FLUX_01,1544516312507.7515
2024-01-15T22:58:00,CORE_FUEL_01,726.9692
2024-01-15T22:58:00,CORE_ROD_01,64.9551
2024-01-15T22:58:00,CORE_EXIT_01,317.2765
2024-01-15T22:58:00,STEAM_PRES_01,64.8832
2024-01-15T22:58:00,STEAM_FEED_01,347.587
2024-01-15T22:58:00,STEAM_DELTA_01,24.4054
2024-01-15T22:58:00,STEAM_TEMP_01,263.0166
2024-01-15T22:59:00,CORE_FLUX_01,1465086902053.1467
2024-01-15T22:59:00,CORE_FUEL_01,733.7518
2024-01-15T22:59:00,CORE_ROD_01,64.6177
2024-01-15T22:59:00,STEAM_PRES_01,65.2356
2024-01-15T22:59:00,STEAM_FEED_01,351.0764
2024-01-15T22:59:00,STEAM_TEMP_01,264.1348
2024-01-15T23:00:00,CORE_FLUX_01,1481404741020.693
2024-01-15T23:00:00,CORE_FUEL_01,734.7739
2024-01-15T23:00:00,CORE_ROD_01,64.5571
2024-01-15T23:00:00,CORE_EXIT_01,318.2112
2024-01-15T23:00:00,STEAM_PRES_01,65.372
2024-01-15T23:00:00,STEAM_FEED_01,350.9309
2024-01-15T23:00:00,STEAM_DELTA_01,24.775
2024-01-15T23:00:00,STEAM_TEMP_01,265.305
2024-01-15T23:01:00,CORE_FLUX_01,1512496241649.654
2024-01-15T23:01:00,CORE_FUEL_01,745.9133
2024-01-15T23:01:00,CORE_ROD_01,66.5773
2024-01-15T23:01:00,STEAM_PRES_01,64.8074
2024-01-15T23:01:00,STEAM_FEED_01,348.03
2024-01-15T23:01:00,STEAM_TEMP_01,263.8398
2024-01-15T23:02:00,CORE_FLUX_01,1517064546763.9119
2024-01-15T23:02:00,CORE_FUEL_01,725.9265
2024-01-15T23:02:00,CORE_ROD_01,64.7732
2024-01-15T23:02:00,CORE_EXIT_01,320.1349
2024-01-15T23:02:00,STEAM_PRES_01,65.2348
2024-01-15T23:02:00,STEAM_FEED_01,352.2088
2024-01-15T23:02:00,STEAM_DELTA_01,24.6345
2024-01-15T23:02:00,STEAM_TEMP_01,264.6764
2024-01-15T23:03:00,CORE_FLUX_01,1472921446794.9478
2024-01-15T23:03:00,CORE_FUEL_01,737.1043
2024-01-15T23:03:00,CORE_ROD_01,64.7679
2024-01-15T23:03:00,STEAM_PRES_01,64.9794
2024-01-15T23:03:00,STEAM_FEED_01,347.4647
2024-01-15T23:03:00,STEAM_TEMP_01,262.8294
2024-01-15T23:04:00,CORE_FLUX_01,1479920577525.099
2024-01-15T23:04:00,CORE_FUEL_01,735.8507
2024-01-15T23:04:00,CORE_ROD_01,64.0218
2024-01-15T23:04:00,CORE_EXIT_01,318.4317
2024-01-15T23:04:00,STEAM_PRES_01,64.8637
2024-01-15T23:04:00,STEAM_FEED_01,349.8497
2024-01-15T23:04:00,STEAM_DELTA_01,24.6727
2024-01-15T23:04:00,STEAM_TEMP_01,264.117
2024-01-15T23:05:00,CORE_FLUX_01,1540006835416.0752
2024-01-15T23:05:00,CORE_FUEL_01,729.465
2024-01-15T23:05:00,CORE_ROD_01,66.2658
2024-01-15T23:05:00,STEAM_PRES_01,65.0521
2024-01-15T23:05:00,STEAM_FEED_01,349.5328
2024-01-15T23:05:00,STEAM_TEMP_01,264.4417
2024-01-15T23:06:00,CORE_FLUX_01,1518109793318.4558
2024-01-15T23:06:00,CORE_FUEL_01,742.1292
2024-01-15T23:06:00,CORE_ROD_01,64.1671
2024-01-15T23:06:00,CORE_EXIT_01,316.0507
2024-01-15T23:06:00,STEAM_PRES_01,64.5674
2024-01-15T23:06:00,STEAM_FEED_01,347.6551
2024-01-15T23:06:00,STEAM_DELTA_01,24.8639
2024-01-15T23:06:00,STEAM_TEMP_01,262.6991
2024-01-15T23:07:00,CORE_FLUX_01,1487760436298.4153
2024-01-15T23:07:00,CORE_FUEL_01,727.7596
2024-01-15T23:07:00,CORE_ROD_01,64.2367
2024-01-15T23:07:00,STEAM_PRES_01,65.3185
2024-01-15T23:07:00,STEAM_FEED_01,353.7795
2024-01-15T23:07:00,STEAM_TEMP_01,264.7341
2024-01-15T23:08:00,CORE_FLUX_01,1532237776695.43
2024-01-15T23:08:00,CORE_FUEL_01,745.9645
2024-01-15T23:08:00,CORE_ROD_01,64.2445
2024-01-15T23:08:00,CORE_EXIT_01,318.247
2024-01-15T23:08:00,STEAM_PRES_01,64.9484
2024-01-15T23:08:00,STEAM_FEED_01,351.9809
2024-01-15T23:08:00,STEAM_DELTA_01,24.7374
2024-01-15T23:08:00,STEAM_TEMP_01,264.2658
2024-01-15T23:09:00,CORE_FLUX_01,1512288449136.481
2024-01-15T23:09:00,CORE_FUEL_01,734.7061
2024-01-15T23:09:00,CORE_ROD_01,64.9886
2024-01-15T23:09:00,STEAM_PRES_01,65.206
2024-01-15T23:09:00,STEAM_FEED_01,353.0609
2024-01-15T23:09:00,STEAM_TEMP_01,264.0079
2024-01-15T23:10:00,CORE_FLUX_01,1501579797809.907
2024-01-15T23:10:00,CORE_FUEL_01,738.6979
2024-01-15T23:10:00,CORE_ROD_01,66.0927
2024-01-15T23:10:00,CORE_EXIT_01,317.4295
2024-01-15T23:10:00,STEAM_PRES_01,65.1152
2024-01-15T23:10:00,STEAM_FEED_01,352.9407
2024-01-15T23:10:00,STEAM_DELTA_01,24.4963
2024-01-15T23:10:00,STEAM_TEMP_01,264.4931
2024-01-15T23:11:00,CORE_FLUX_01,1469193803888.819
2024-01-15T23:11:00,CORE_FUEL_01,735.4246
2024-01-15T23:11:00,CORE_ROD_01,64.7003
2024-01-15T23:11:00,STEAM_PRES_01,65.2115
2024-01-15T23:11:00,STEAM_FEED_01,349.1154
2024-01-15T23:11:00,STEAM_TEMP_01,264.5965
2024-01-15T23:12:00,CORE_FLUX_01,1465330827471.925
2024-01-15T23:12:00,CORE_FUEL_01,733.0749
2024-01-15T23:12:00,CORE_ROD_01,65.6057
2024-01-15T23:12:00,CORE_EXIT_01,316.6284
2024-01-15T23:12:00,STEAM_PRES_01,64.8816
2024-01-15T23:12:00,STEAM_FEED_01,348.4338
2024-01-15T23:12:00,STEAM_DELTA_01,24.685
2024-01-15T23:12:00,STEAM_TEMP_01,264.1438
2024-01-15T23:13:00,CORE_FLUX_01,1484910163689.2332
2024-01-15T23:13:00,CORE_FUEL_01,738.6535
2024-01-15T23:13:00,CORE_ROD_01,65.533
2024-01-15T23:13:00,STEAM_PRES_01,64.7985
2024-01-15T23:13:00,STEAM_FEED_01,349.3022
2024-01-15T23:13:00,STEAM_TEMP_01,263.7927
2024-01-15T23:14:00,CORE_FLUX_01,1526910052975.277
2024-01-15T23:14:00,CORE_FUEL_01,742.1065
2024-01-15T23:14:00,CORE_ROD_01,65.6708
2024-01-15T23:14:00,CORE_EXIT_01,320.0508
2024-01-15T23:14:00,STEAM_PRES_01,65.0579
2024-01-15T23:14:00,STEAM_FEED_01,351.29
2024-01-15T23:14:00,STEAM_DELTA_01,24.5421
2024-01-15T23:14:00,STEAM_TEMP_01,263.6734
2024-01-15T23:15:00,CORE_FLUX_01,1517514821978.2085
2024-01-15T23:15:00,CORE_FUEL_01,738.5068
2024-01-15T23:15:00,CORE_ROD_01,64.6576
2024-01-15T23:15:00,STEAM_PRES_01,65.3007
2024-01-15T23:15:00,STEAM_FEED_01,351.1268
2024-01-15T23:15:00,STEAM_TEMP_01,264.1457
2024-01-15T23:16:00,CORE_FLUX_01,1524981065560.352
2024-01-15T23:16:00,CORE_FUEL_01,743.3275
2024-01-15T23:16:00,CORE_ROD_01,66.1846
2024-01-15T23:16:00,CORE_EXIT_01,317.849
2024-01-15T23:16:00,STEAM_PRES_01,64.8025
2024-01-15T23:16:00,STEAM_FEED_01,348.3264
2024-01-15T23:16:00,STEAM_DELTA_01,24.1404
2024-01-15T23:16:00,STEAM_TEMP_01,263.3019
2024-01-15T23:17:00,CORE_FLUX_01,1524355644234.6016
2024-01-15T23:17:00,CORE_FUEL_01,746.5944
2024-01-15T23:17:00,CORE_ROD_01,65.5941
2024-01-15T23:17:00,STEAM_PRES_01,64.8256
2024-01-15T23:17:00,STEAM_FEED_01,354.0735
2024-01-15T23:17:00,STEAM_TEMP_01,264.6321
2024-01-15T23:18:00,CORE_FLUX_01,1512128856399.8706
2024-01-15T23:18:00,CORE_FUEL_01,756.1121
2024-01-15T23:18:00,CORE_ROD_01,64.9275
2024-01-15T23:18:00,CORE_EXIT_01,318.8773
2024-01-15T23:18:00,STEAM_PRES_01,65.183
2024-01-15T23:18:00,STEAM_FEED_01,351.1557
2024-01-15T23:18:00,STEAM_DELTA_01,24.9639
2024-01-15T23:18:00,STEAM_TEMP_01,264.5123
2024-01-15T23:19:00,CORE_FLUX_01,1512773630629.0386
2024-01-15T23:19:00,CORE_FUEL_01,749.0299
2024-01-15T23:19:00,CORE_ROD_01,65.4429
2024-01-15T23:19:00,STEAM_PRES_01,64.6675
2024-01-15T23:19:00,STEAM_FEED_01,348.5025
2024-01-15T23:19:00,STEAM_TEMP_01,263.3814
2024-01-15T23:20:00,CORE_FLUX_01,1462572700321.8477
2024-01-15T23:20:00,CORE_FUEL_01,735.854
2024-01-15T23:20:00,CORE_ROD_01,66.3042
2024-01-15T23:20:00,CORE_EXIT_01,316.9222
2024-01-15T23:20:00,STEAM_PRES_01,65.1044
2024-01-15T23:20:00,STEAM_FEED_01,349.7003
2024-01-15T23:20:00,STEAM_DELTA_01,24.9779
2024-01-15T23:20:00,STEAM_TEMP_01,264.5671
2024-01-15T23:21:00,CORE_FLUX_01,1491714855271.5676
2024-01-15T23:21:00,CORE_FUEL_01,730.7904
2024-01-15T23:21:00,CORE_ROD_01,65.8672
2024-01-15T23:21:00,STEAM_PRES_01,64.9737
2024-01-15T23:21:00,STEAM_FEED_01,346.6631
2024-01-15T23:21:00,STEAM_TEMP_01,263.9743
2024-01-15T23:22:00,CORE_FLUX_01,1509388837434.8503
2024-01-15T23:22:00,CORE_FUEL_01,731.5575
2024-01-15T23:22:00,CORE_ROD_01,65.2244
2024-01-15T23:22:00,CORE_EXIT_01,316.8653
2024-01-15T23:22:00,STEAM_PRES_01,65.2881
2024-01-15T23:22:00,STEAM_FEED_01,351.3442
2024-01-15T23:22:00,STEAM_DELTA_01,25.3505
2024-01-15T23:22:00,STEAM_TEMP_01,264.7568
2024-01-15T23:23:00,CORE_FLUX_01,1447870297463.3276
2024-01-15T23:23:00,CORE_FUEL_01,743.631
2024-01-15T23:23:00,CORE_ROD_01,64.0186
2024-01-15T23:23:00,STEAM_PRES_01,64.6071
2024-01-15T23:23:00,STEAM_FEED_01,347.7739
2024-01-15T23:23:00,STEAM_TEMP_01,263.2284
2024-01-15T23:24:00,CORE_FLUX_01,1453498205422.1714
2024-01-15T23:24:00,CORE_FUEL_01,736.2522
2024-01-15T23:24:00,CORE_ROD_01,66.1776
2024-01-15T23:24:00,CORE_EXIT_01,318.3872
2024-01-15T23:24:00,STEAM_PRES_01,65.3052
2024-01-15T23:24:00,STEAM_FEED_01,351.0577
2024-01-15T23:24:00,STEAM_DELTA_01,24.8884
2024-01-15T23:24:00,STEAM_TEMP_01,264.5936
2024-01-15T23:25:00,CORE_FLUX_01,1549206035800.5122
2024-01-15T23:25:00,CORE_FUEL_01,740.2287
2024-01-15T23:25:00,CORE_ROD_01,65.9537
2024-01-15T23:25:00,STEAM_PRES_01,65.1815
2024-01-15T23:25:00,STEAM_FEED_01,351.0419
2024-01-15T23:25:00,STEAM_TEMP_01,265.0231
2024-01-15T23:26:00,CORE_FLUX_01,1496097421022.9536
2024-01-15T23:26:00,CORE_FUEL_01,754.9115
2024-01-15T23:26:00,CORE_ROD_01,65.2202
2024-01-15T23:26:00,CORE_EXIT_01,317.1093
2024-01-15T23:26:00,STEAM_PRES_01,65.0754
2024-01-15T23:26:00,STEAM_FEED_01,348.6131
2024-01-15T23:26:00,STEAM_DELTA_01,24.6996
2024-01-15T23:26:00,STEAM_TEMP_01,263.8297
2024-01-15T23:27:00,CORE_FLUX_01,1531833041708.69
2024-01-15T23:27:00,CORE_FUEL_01,745.4239
2024-01-15T23:27:00,CORE_ROD_01,66.2383
2024-01-15T23:27:00,STEAM_PRES_01,65.1891
2024-01-15T23:27:00,STEAM_FEED_01,349.6526
2024-01-15T23:27:00,STEAM_TEMP_01,263.8262
2024-01-15T23:28:00,CORE_FLUX_01,1469733856308.7764
2024-01-15T23:28:00,CORE_FUEL_01,733.8839
2024-01-15T23:28:00,CORE_ROD_01,64.1628
2024-01-15T23:28:00,CORE_EXIT_01,316.7467
2024-01-15T23:28:00,STEAM_PRES_01,64.8542
2024-01-15T23:28:00,STEAM_FEED_01,348.1738
2024-01-15T23:28:00,STEAM_DELTA_01,24.0844
2024-01-15T23:28:00,STEAM_TEMP_01,263.8136
2024-01-15T23:29:00,CORE_FLUX_01,1509534052492.915
2024-01-15T23:29:00,CORE_FUEL_01,741.4983
2024-01-15T23:29:00,CORE_ROD_01,65.2313
2024-01-15T23:29:00,STEAM_PRES_01,65.154
2024-01-15T23:29:00,STEAM_FEED_01,353.3336
2024-01-15T23:29:00,STEAM_TEMP_01,264.9728
2024-01-15T23:30:00,CORE_FLUX_01,1503402526451.029
2024-01-15T23:30:00,CORE_FUEL_01,726.0132
2024-01-15T23:30:00,CORE_ROD_01,65.1379
2024-01-15T23:30:00,CORE_EXIT_01,318.403
2024-01-15T23:30:00,STEAM_PRES_01,65.0614
2024-01-15T23:30:00,STEAM_FEED_01,350.1128
2024-01-15T23:30:00,STEAM_DELTA_01,24.6019
2024-01-15T23:30:00,STEAM_TEMP_01,263.5364
2024-01-15T23:31:00,CORE_FLUX_01,1533826847466.664
2024-01-15T23:31:00,CORE_FUEL_01,758.1031
2024-01-15T23:31:00,CORE_ROD_01,65.3471
2024-01-15T23:31:00,STEAM_PRES_01,65.0688
2024-01-15T23:31:00,STEAM_FEED_01,350.6996
2024-01-15T23:31:00,STEAM_TEMP_01,264.1884
2024-01-15T23:32:00,CORE_FLUX_01,1502600912294.5503
2024-01-15T23:32:00,CORE_FUEL_01,740.6773
2024-01-15T23:32:00,CORE_ROD_01,65.2931
2024-01-15T23:32:00,CORE_EXIT_01,318.5241
2024-01-15T23:32:00,STEAM_PRES_01,64.7222
2024-01-15T23:32:00,STEAM_FEED_01,352.1137
2024-01-15T23:32:00,STEAM_DELTA_01,24.9232
2024-01-15T23:32:00,STEAM_TEMP_01,264.7583
2024-01-15T23:33:00,CORE_FLUX_01,1535212461455.0696
2024-01-15T23:33:00,CORE_FUEL_01,752.7219
2024-01-15T23:33:00,CORE_ROD_01,64.2157
2024-01-15T23:33:00,STEAM_PRES_01,64.9244
2024-01-15T23:33:00,STEAM_FEED_01,352.9656
2024-01-15T23:33:00,STEAM_TEMP_01,265.0463
2024-01-15T23:34:00,CORE_FLUX_01,1454773226603.0842
2024-01-15T23:34:00,CORE_FUEL_01,755.5146
2024-01-15T23:34:00,CORE_ROD_01,64.0013
2024-01-15T23:34:00,CORE_EXIT_01,318.1115
2024-01-15T23:34:00,STEAM_PRES_01,65.4228
2024-01-15T23:34:00,STEAM_FEED_01,351.8331
2024-01-15T23:34:00,STEAM_DELTA_01,24.822
2024-01-15T23:34:00,STEAM_TEMP_01,264.6909
2024-01-15T23:35:00,CORE_FLUX_01,1509394050429.276
2024-01-15T23:35:00,CORE_FUEL_01,742.9523
2024-01-15T23:35:00,CORE_ROD_01,64.2276
2024-01-15T23:35:00,STEAM_PRES_01,65.0929
2024-01-15T23:35:00,STEAM_FEED_01,350.2458
2024-01-15T23:35:00,STEAM_TEMP_01,264.1318
2024-01-15T23:36:00,CORE_FLUX_01,1521893329734.2935
2024-01-15T23:36:00,CORE_FUEL_01,736.1318
2024-01-15T23:36:00,CORE_ROD_01,65.5835
2024-01-15T23:36:00,CORE_EXIT_01,315.1772
2024-01-15T23:36:00,STEAM_PRES_01,65.0612
2024-01-15T23:36:00,STEAM_FEED_01,350.0474
2024-01-15T23:36:00,STEAM_DELTA_01,24.7058
2024-01-15T23:36:00,STEAM_TEMP_01,264.6786
2024-01-15T23:37:00,CORE_FLUX_01,1494782495771.4375
2024-01-15T23:37:00,CORE_FUEL_01,740.119
2024-01-15T23:37:00,CORE_ROD_01,64.423
2024-01-15T23:37:00,STEAM_PRES_01,64.8702
2024-01-15T23:37:00,STEAM_FEED_01,349.6227
2024-01-15T23:37:00,STEAM_TEMP_01,263.7142
2024-01-15T23:38:00,CORE_FLUX_01,1539473039273.6772
2024-01-15T23:38:00,CORE_FUEL_01,725.6832
2024-01-15T23:38:00,CORE_ROD_01,66.2334
2024-01-15T23:38:00,CORE_EXIT_01,320.3789
2024-01-15T23:38:00,STEAM_PRES_01,64.3609
2024-01-15T23:38:00,STEAM_FEED_01,346.1159
2024-01-15T23:38:00,STEAM_DELTA_01,24.3832
2024-01-15T23:38:00,STEAM_TEMP_01,262.4702
2024-01-15T23:39:00,CORE_FLUX_01,1455037437054.802
2024-01-15T23:39:00,CORE_FUEL_01,730.815
2024-01-15T23:39:00,CORE_ROD_01,64.2864
2024-01-15T23:39:00,STEAM_PRES_01,65.2567
2024-01-15T23:39:00,STEAM_FEED_01,351.2834
2024-01-15T23:39:00,STEAM_TEMP_01,265.0543
2024-01-15T23:40:00,CORE_FLUX_01,1474779128717.619
2024-01-15T23:40:00,CORE_FUEL_01,736.1861
2024-01-15T23:40:00,CORE_ROD_01,63.5438
2024-01-15T23:40:00,CORE_EXIT_01,318.8502
2024-01-15T23:40:00,STEAM_PRES_01,65.378
2024-01-15T23:40:00,STEAM_FEED_01,352.8254
2024-01-15T23:40:00,STEAM_DELTA_01,25.0289
2024-01-15T23:40:00,STEAM_TEMP_01,265.0485
2024-01-15T23:41:00,CORE_FLUX_01,1499977244416.8257
2024-01-15T23:41:00,CORE_FUEL_01,735.849
2024-01-15T23:41:00,CORE_ROD_01,63.762
2024-01-15T23:41:00,STEAM_PRES_01,65.157
2024-01-15T23:41:00,STEAM_FEED_01,348.7269
2024-01-15T23:41:00,STEAM_TEMP_01,263.6804
2024-01-15T23:42:00,CORE_FLUX_01,1495238038686.5842
2024-01-15T23:42:00,CORE_FUEL_01,742.8675
2024-01-15T23:42:00,CORE_ROD_01,65.3908
2024-01-15T23:42:00,CORE_EXIT_01,318.6508
2024-01-15T23:42:00,STEAM_PRES_01,64.8682
2024-01-15T23:42:00,STEAM_FEED_01,352.0913
2024-01-15T23:42:00,STEAM_DELTA_01,24.6523
2024-01-15T23:42:00,STEAM_TEMP_01,264.9799
2024-01-15T23:43:00,CORE_FLUX_01,1529335996474.2043
2024-01-15T23:43:00,CORE_FUEL_01,756.0316
2024-01-15T23:43:00,CORE_ROD_01,64.2518
2024-01-15T23:43:00,STEAM_PRES_01,65.0039
2024-01-15T23:43:00,STEAM_FEED_01,351.0529
2024-01-15T23:43:00,STEAM_TEMP_01,263.8019
2024-01-15T23:44:00,CORE_FLUX_01,1540704992139.4355
2024-01-15T23:44:00,CORE_FUEL_01,735.145
2024-01-15T23:44:00,CORE_ROD_01,64.6369
2024-01-15T23:44:00,CORE_EXIT_01,317.9418
2024-01-15T23:44:00,STEAM_PRES_01,65.4025
2024-01-15T23:44:00,STEAM_FEED_01,349.0977
2024-01-15T23:44:00,STEAM_DELTA_01,24.7303
2024-01-15T23:44:00,STEAM_TEMP_01,263.666
2024-01-15T23:45:00,CORE_FLUX_01,1509687329358.075
2024-01-15T23:45:00,CORE_FUEL_01,742.2732
2024-01-15T23:45:00,CORE_ROD_01,65.1084
2024-01-15T23:45:00,STEAM_PRES_01,65.2958
2024-01-15T23:45:00,STEAM_FEED_01,351.6451
2024-01-15T23:45:00,STEAM_TEMP_01,264.3152
2024-01-15T23:46:00,CORE_FLUX_01,1546074443659.4348
2024-01-15T23:46:00,CORE_FUEL_01,747.6017
2024-01-15T23:46:00,CORE_ROD_01,64.9724
2024-01-15T23:46:00,CORE_EXIT_01,316.9353
2024-01-15T23:46:00,STEAM_PRES_01,64.8189
2024-01-15T23:46:00,STEAM_FEED_01,350.112
2024-01-15T23:46:00,STEAM_DELTA_01,24.666
2024-01-15T23:46:00,STEAM_TEMP_01,264.2267
2024-01-15T23:47:00,CORE_FLUX_01,1500718710136.5872
2024-01-15T23:47:00,CORE_FUEL_01,734.1424
2024-01-15T23:47:00,CORE_ROD_01,64.5511
2024-01-15T23:47:00,STEAM_PRES_01,64.844
2024-01-15T23:47:00,STEAM_FEED_01,348.4724
2024-01-15T23:47:00,STEAM_TEMP_01,263.7797
2024-01-15T23:48:00,CORE_FLUX_01,1524610593922.567
2024-01-15T23:48:00,CORE_FUEL_01,731.9643
2024-01-15T23:48:00,CORE_ROD_01,65.3567
2024-01-15T23:48:00,CORE_EXIT_01,318.0788
2024-01-15T23:48:00,STEAM_PRES_01,65.1173
2024-01-15T23:48:00,STEAM_FEED_01,348.7171
2024-01-15T23:48:00,STEAM_DELTA_01,24.9437
2024-01-15T23:48:00,STEAM_TEMP_01,263.8596
2024-01-15T23:49:00,CORE_FLUX_01,1533562957347.3008
2024-01-15T23:49:00,CORE_FUEL_01,744.9714
2024-01-15T23:49:00,CORE_ROD_01,63.9761
2024-01-15T23:49:00,STEAM_PRES_01,65.0114
2024-01-15T23:49:00,STEAM_FEED_01,346.8454
2024-01-15T23:49:00,STEAM_TEMP_01,264.5139
2024-01-15T23:50:00,CORE_FLUX_01,1485253367004.9521
2024-01-15T23:50:00,CORE_FUEL_01,753.8078
2024-01-15T23:50:00,CORE_ROD_01,67.1955
2024-01-15T23:50:00,CORE_EXIT_01,318.0775
2024-01-15T23:50:00,STEAM_PRES_01,65.4795
2024-01-15T23:50:00,STEAM_FEED_01,351.0352
2024-01-15T23:50:00,STEAM_DELTA_01,24.9495
2024-01-15T23:50:00,STEAM_TEMP_01,264.9058
2024-01-15T23:51:00,CORE_FLUX_01,1526253708485.6462
2024-01-15T23:51:00,CORE_FUEL_01,725.8112
2024-01-15T23:51:00,CORE_ROD_01,64.7856
2024-01-15T23:51:00,STEAM_PRES_01,65.0781
2024-01-15T23:51:00,STEAM_FEED_01,350.5395
2024-01-15T23:51:00,STEAM_TEMP_01,263.8784
2024-01-15T23:52:00,CORE_FLUX_01,1522764318365.183
2024-01-15T23:52:00,CORE_FUEL_01,734.381
2024-01-15T23:52:00,CORE_ROD_01,65.4067
2024-01-15T23:52:00,CORE_EXIT_01,319.356
2024-01-15T23:52:00,STEAM_PRES_01,65.1731
2024-01-15T23:52:00,STEAM_FEED_01,352.5768
2024-01-15T23:52:00,STEAM_DELTA_01,24.7766
2024-01-15T23:52:00,STEAM_TEMP_01,264.7541
2024-01-15T23:53:00,CORE_FLUX_01,1545147181827.5781
2024-01-15T23:53:00,CORE_FUEL_01,726.6721
2024-01-15T23:53:00,CORE_ROD_01,65.9489
2024-01-15T23:53:00,STEAM_PRES_01,64.8152
2024-01-15T23:53:00,STEAM_FEED_01,347.4289
2024-01-15T23:53:00,STEAM_TEMP_01,263.3119
2024-01-15T23:54:00,CORE_FLUX_01,1459887932567.9717
2024-01-15T23:54:00,CORE_FUEL_01,738.3547
2024-01-15T23:54:00,CORE_ROD_01,66.243
2024-01-15T23:54:00,CORE_EXIT_01,316.4304
2024-01-15T23:54:00,STEAM_PRES_01,64.7598
2024-01-15T23:54:00,STEAM_FEED_01,344.1161
2024-01-15T23:54:00,STEAM_DELTA_01,24.3861
2024-01-15T23:54:00,STEAM_TEMP_01,264.5324
2024-01-15T23:55:00,CORE_FLUX_01,1523001426995.162
2024-01-15T23:55:00,CORE_FUEL_01,736.9428
2024-01-15T23:55:00,CORE_ROD_01,66.2438
2024-01-15T23:55:00,STEAM_PRES_01,64.9229
2024-01-15T23:55:00,STEAM_FEED_01,351.9237
2024-01-15T23:55:00,STEAM_TEMP_01,263.6893
2024-01-15T23:56:00,CORE_FLUX_01,1528419786524.3416
2024-01-15T23:56:00,CORE_FUEL_01,738.0208
2024-01-15T23:56:00,CORE_ROD_01,65.8632
2024-01-15T23:56:00,CORE_EXIT_01,319.3233
2024-01-15T23:56:00,STEAM_PRES_01,64.8249
2024-01-15T23:56:00,STEAM_FEED_01,351.7712
2024-01-15T23:56:00,STEAM_DELTA_01,24.4968
2024-01-15T23:56:00,STEAM_TEMP_01,263.9935
2024-01-15T23:57:00,CORE_FLUX_01,1543373505755.61
2024-01-15T23:57:00,CORE_FUEL_01,731.6484
2024-01-15T23:57:00,CORE_ROD_01,65.5202
2024-01-15T23:57:00,STEAM_PRES_01,64.8518
2024-01-15T23:57:00,STEAM_FEED_01,351.4485
2024-01-15T23:57:00,STEAM_TEMP_01,264.0202
2024-01-15T23:58:00,CORE_FLUX_01,1501685832874.502
2024-01-15T23:58:00,CORE_FUEL_01,711.9858
2024-01-15T23:58:00,CORE_ROD_01,65.0769
2024-01-15T23:58:00,CORE_EXIT_01,317.4998
2024-01-15T23:58:00,STEAM_PRES_01,65.188
2024-01-15T23:58:00,STEAM_FEED_01,351.9759
2024-01-15T23:58:00,STEAM_DELTA_01,24.7522
2024-01-15T23:58:00,STEAM_TEMP_01,264.4519
2024-01-15T23:59:00,CORE_FLUX_01,1465600873710.858
2024-01-15T23:59:00,CORE_FUEL_01,754.3119
2024-01-15T23:59:00,CORE_ROD_01,65.8605
2024-01-15T23:59:00,STEAM_PRES_01,65.4463
2024-01-15T23:59:00,STEAM_FEED_01,353.7694
2024-01-15T23:59:00,STEAM_TEMP_01,265.152
2024-01-16T00:00:00,CORE_FLUX_01,1472887380283.612
2024-01-16T00:00:00,CORE_FUEL_01,737.0422
2024-01-16T00:00:00,CORE_ROD_01,64.7749
2024-01-16T00:00:00,CORE_EXIT_01,317.8414
2024-01-16T00:00:00,STEAM_PRES_01,65.1343
2024-01-16T00:00:00,STEAM_FEED_01,351.4384
2024-01-16T00:00:00,STEAM_DELTA_01,24.8183
2024-01-16T00:00:00,STEAM_TEMP_01,264.9632
2024-01-16T00:01:00,CORE_FLUX_01,1476308017869.4695
2024-01-16T00:01:00,CORE_FUEL_01,750.0913
2024-01-16T00:01:00,CORE_ROD_01,64.3148
2024-01-16T00:01:00,STEAM_PRES_01,65.0328
2024-01-16T00:01:00,STEAM_FEED_01,349.7487
2024-01-16T00:01:00,STEAM_TEMP_01,264.2056
2024-01-16T00:02:00,CORE_FLUX_01,1491186242244.868
2024-01-16T00:02:00,CORE_FUEL_01,745.2699
2024-01-16T00:02:00,CORE_ROD_01,63.9552
2024-01-16T00:02:00,CORE_EXIT_01,318.392
2024-01-16T00:02:00,STEAM_PRES_01,65.1258
2024-01-16T00:02:00,STEAM_FEED_01,352.3388
2024-01-16T00:02:00,STEAM_DELTA_01,24.7542
2024-01-16T00:02:00,STEAM_TEMP_01,264.1763
2024-01-16T00:03:00,CORE_FLUX_01,1478345877741.673
2024-01-16T00:03:00,CORE_FUEL_01,729.6328
2024-01-16T00:03:00,CORE_ROD_01,63.9656
2024-01-16T00:03:00,STEAM_PRES_01,65.1732
2024-01-16T00:03:00,STEAM_FEED_01,351.8058
2024-01-16T00:03:00,STEAM_TEMP_01,263.7464
2024-01-16T00:04:00,CORE_FLUX_01,1454054408200.041
2024-01-16T00:04:00,CORE_FUEL_01,743.5099
2024-01-16T00:04:00,CORE_ROD_01,63.6207
2024-01-16T00:04:00,CORE_EXIT_01,318.5412
2024-01-16T00:04:00,STEAM_PRES_01,65.3413
2024-01-16T00:04:00,STEAM_FEED_01,353.5018
2024-01-16T00:04:00,STEAM_DELTA_01,25.1891
2024-01-16T00:04:00,STEAM_TEMP_01,264.6382
2024-01-16T00:05:00,CORE_FLUX_01,1515711963204.1924
2024-01-16T00:05:00,CORE_FUEL_01,734.7967
2024-01-16T00:05:00,CORE_ROD_01,64.7125
2024-01-16T00:05:00,STEAM_PRES_01,64.7122
2024-01-16T00:05:00,STEAM_FEED_01,348.9031
2024-01-16T00:05:00,STEAM_TEMP_01,264.5091
2024-01-16T00:06:00,CORE_FLUX_01,1467242240732.4785
2024-01-16T00:06:00,CORE_FUEL_01,748.0986
2024-01-16T00:06:00,CORE_ROD_01,64.7722
2024-01-16T00:06:00,CORE_EXIT_01,318.2234
2024-01-16T00:06:00,STEAM_PRES_01,65.1065
2024-01-16T00:06:00,STEAM_FEED_01,349.1837
2024-01-16T00:06:00,STEAM_DELTA_01,24.9296
2024-01-16T00:06:00,STEAM_TEMP_01,265.0912
2024-01-16T00:07:00,CORE_FLUX_01,1532216574615.0342
2024-01-16T00:07:00,CORE_FUEL_01,740.9573
2024-01-16T00:07:00,CORE_ROD_01,64.6766
2024-01-16T00:07:00,STEAM_PRES_01,65.311
2024-01-16T00:07:00,STEAM_FEED_01,351.0969
2024-01-16T00:07:00,STEAM_TEMP_01,265.2041
2024-01-16T00:08:00,CORE_FLUX_01,1517529122229.3247
2024-01-16T00:08:00,CORE_FUEL_01,751.4779
2024-01-16T00:08:00,CORE_ROD_01,64.4453
2024-01-16T00:08:00,CORE_EXIT_01,319.3874
2024-01-16T00:08:00,STEAM_PRES_01,65.3186
2024-01-16T00:08:00,STEAM_FEED_01,349.0518
2024-01-16T00:08:00,STEAM_DELTA_01,24.9989
2024-01-16T00:08:00,STEAM_TEMP_01,263.7263
2024-01-16T00:09:00,CORE_FLUX_01,1472899306739.3333
2024-01-16T00:09:00,CORE_FUEL_01,763.0846
2024-01-16T00:09:00,CORE_ROD_01,64.8938
2024-01-16T00:09:00,STEAM_PRES_01,65.0039
2024-01-16T00:09:00,STEAM_FEED_01,348.9308
2024-01-16T00:09:00,STEAM_TEMP_01,264.6238
2024-01-16T00:10:00,CORE_FLUX_01,1497014656040.0652
2024-01-16T00:10:00,CORE_FUEL_01,709.1726
2024-01-16T00:10:00,CORE_ROD_01,65.2407
2024-01-16T00:10:00,CORE_EXIT_01,319.5175
2024-01-16T00:10:00,STEAM_PRES_01,65.2832
2024-01-16T00:10:00,STEAM_FEED_01,354.6267
2024-01-16T00:10:00,STEAM_DELTA_01,24.7049
2024-01-16T00:10:00,STEAM_TEMP_01,265.1431
2024-01-16T00:11:00,CORE_FLUX_01,1477455872712.0164
2024-01-16T00:11:00,CORE_FUEL_01,749.2904
2024-01-16T00:11:00,CORE_ROD_01,65.9073
2024-01-16T00:11:00,STEAM_PRES_01,64.9093
2024-01-16T00:11:00,STEAM_FEED_01,349.3978
2024-01-16T00:11:00,STEAM_TEMP_01,263.9949
2024-01-16T00:12:00,CORE_FLUX_01,1454388868251.906
2024-01-16T00:12:00,CORE_FUEL_01,743.0067
2024-01-16T00:12:00,CORE_ROD_01,67.0387
2024-01-16T00:12:00,CORE_EXIT_01,317.3111
2024-01-16T00:12:00,STEAM_PRES_01,64.8744
2024-01-16T00:12:00,STEAM_FEED_01,349.9263
2024-01-16T00:12:00,STEAM_DELTA_01,24.5008
2024-01-16T00:12:00,STEAM_TEMP_01,263.8902
2024-01-16T00:13:00,CORE_FLUX_01,1505272596161.7964
2024-01-16T00:13:00,CORE_FUEL_01,722.3317
2024-01-16T00:13:00,CORE_ROD_01,64.7968
2024-01-16T00:13:00,STEAM_PRES_01,65.0876
2024-01-16T00:13:00,STEAM_FEED_01,349.084
2024-01-16T00:13:00,STEAM_TEMP_01,264.9912
2024-01-16T00:14:00,CORE_FLUX_01,1558835078545.6013
2024-01-16T00:14:00,CORE_FUEL_01,741.4925
2024-01-16T00:14:00,CORE_ROD_01,65.435
2024-01-16T00:14:00,CORE_EXIT_01,318.0408
2024-01-16T00:14:00,STEAM_PRES_01,65.107
2024-01-16T00:14:00,STEAM_FEED_01,352.7814
2024-01-16T00:14:00,STEAM_DELTA_01,24.7817
2024-01-16T00:14:00,STEAM_TEMP_01,264.5786
2024-01-16T00:15:00,CORE_FLUX_01,1529589103708.91
2024-01-16T00:15:00,CORE_FUEL_01,745.9969
2024-01-16T00:15:00,CORE_ROD_01,65.3756
2024-01-16T00:15:00,STEAM_PRES_01,64.6913
2024-01-16T00:15:00,STEAM_FEED_01,350.3562
2024-01-16T00:15:00,STEAM_TEMP_01,264.0918
2024-01-16T00:16:00,CORE_FLUX_01,1500988893601.3452
2024-01-16T00:16:00,CORE_FUEL_01,733.9911
2024-01-16T00:16:00,CORE_ROD_01,66.6203
2024-01-16T00:16:00,CORE_EXIT_01,319.302
2024-01-16T00:16:00,STEAM_PRES_01,64.89
2024-01-16T00:16:00,STEAM_FEED_01,347.6653
2024-01-16T00:16:00,STEAM_DELTA_01,24.5971
2024-01-16T00:16:00,STEAM_TEMP_01,263.822
2024-01-16T00:17:00,CORE_FLUX_01,1475007894647.27
2024-01-16T00:17:00,CORE_FUEL_01,748.6465
2024-01-16T00:17:00,CORE_ROD_01,65.6332
2024-01-16T00:17:00,STEAM_PRES_01,64.9472
2024-01-16T00:17:00,STEAM_FEED_01,349.7637
2024-01-16T00:17:00,STEAM_TEMP_01,264.0597
2024-01-16T00:18:00,CORE_FLUX_01,1479286420926.2944
2024-01-16T00:18:00,CORE_FUEL_01,728.8878
2024-01-16T00:18:00,CORE_ROD_01,64.6671
2024-01-16T00:18:00,CORE_EXIT_01,318.7537
2024-01-16T00:18:00,STEAM_PRES_01,65.1403
2024-01-16T00:18:00,STEAM_FEED_01,350.0307
2024-01-16T00:18:00,STEAM_DELTA_01,24.9353
2024-01-16T00:18:00,STEAM_TEMP_01,264.5668
2024-01-16T00:19:00,CORE_FLUX_01,1522095402059.0896
2024-01-16T00:19:00,CORE_FUEL_01,758.0549
2024-01-16T00:19:00,CORE_ROD_01,64.9233
2024-01-16T00:19:00,STEAM_PRES_01,65.2235
2024-01-16T00:19:00,STEAM_FEED_01,350.9366
2024-01-16T00:19:00,STEAM_TEMP_01,263.7541
2024-01-16T00:20:00,CORE_FLUX_01,1523475979400.2244
2024-01-16T00:20:00,CORE_FUEL_01,740.876
2024-01-16T00:20:00,CORE_ROD_01,64.927
2024-01-16T00:20:00,CORE_EXIT_01,321.2255
2024-01-16T00:20:00,STEAM_PRES_01,64.935
2024-01-16T00:20:00,STEAM_FEED_01,346.9507
2024-01-16T00:20:00,STEAM_DELTA_01,24.9075
2024-01-16T00:20:00,STEAM_TEMP_01,265.0865
2024-01-16T00:21:00,CORE_FLUX_01,1502833698414.7292
2024-01-16T00:21:00,CORE_FUEL_01,755.49
2024-01-16T00:21:00,CORE_ROD_01,64.6248
2024-01-16T00:21:00,STEAM_PRES_01,64.9356
2024-01-16T00:21:00,STEAM_FEED_01,351.0851
2024-01-16T00:21:00,STEAM_TEMP_01,264.7343
2024-01-16T00:22:00,CORE_FLUX_01,1508848457722.83
2024-01-16T00:22:00,CORE_FUEL_01,735.4275
2024-01-16T00:22:00,CORE_ROD_01,64.2158
2024-01-16T00:22:00,CORE_EXIT_01,318.508
2024-01-16T00:22:00,STEAM_PRES_01,65.0577
2024-01-16T00:22:00,STEAM_FEED_01,352.582
2024-01-16T00:22:00,STEAM_DELTA_01,24.8812
2024-01-16T00:22:00,STEAM_TEMP_01,265.0216
2024-01-16T00:23:00,CORE_FLUX_01,1463355978888.3938
2024-01-16T00:23:00,CORE_FUEL_01,742.7605
2024-01-16T00:23:00,CORE_ROD_01,65.2229
2024-01-16T00:23:00,STEAM_PRES_01,64.8769
2024-01-16T00:23:00,STEAM_FEED_01,350.2442
2024-01-16T00:23:00,STEAM_TEMP_01,264.4539
2024-01-16T00:24:00,CORE_FLUX_01,1485947673460.9485
2024-01-16T00:24:00,CORE_FUEL_01,743.8975
2024-01-16T00:24:00,CORE_ROD_01,65.1143
2024-01-16T00:24:00,CORE_EXIT_01,320.3051
2024-01-16T00:24:00,STEAM_PRES_01,64.7391
2024-01-16T00:24:00,STEAM_FEED_01,352.4144
2024-01-16T00:24:00,STEAM_DELTA_01,25.0043
2024-01-16T00:24:00,STEAM_TEMP_01,265.7746
2024-01-16T00:25:00,CORE_FLUX_01,1526718548197.3074
2024-01-16T00:25:00,CORE_FUEL_01,746.0949
2024-01-16T00:25:00,CORE_ROD_01,63.8163
2024-01-16T00:25:00,STEAM_PRES_01,64.4983
2024-01-16T00:25:00,STEAM_FEED_01,347.6501
2024-01-16T00:25:00,STEAM_TEMP_01,264.1858
2024-01-16T00:26:00,CORE_FLUX_01,1531884660709.2415
2024-01-16T00:26:00,CORE_FUEL_01,745.4797
2024-01-16T00:26:00,CORE_ROD_01,63.6594
2024-01-16T00:26:00,CORE_EXIT_01,318.896
2024-01-16T00:26:00,STEAM_PRES_01,65.2677
2024-01-16T00:26:00,STEAM_FEED_01,353.0793
2024-01-16T00:26:00,STEAM_DELTA_01,24.8469
2024-01-16T00:26:00,STEAM_TEMP_01,265.0577
2024-01-16T00:27:00,CORE_FLUX_01,1502881575847.8057
2024-01-16T00:27:00,CORE_FUEL_01,744.3736
2024-01-16T00:27:00,CORE_ROD_01,65.0262
2024-01-16T00:27:00,STEAM_PRES_01,64.8942
2024-01-16T00:27:00,STEAM_FEED_01,349.8054
2024-01-16T00:27:00,STEAM_TEMP_01,264.0888
2024-01-16T00:28:00,CORE_FLUX_01,1456719495165.8533
2024-01-16T00:28:00,CORE_FUEL_01,741.6847
2024-01-16T00:28:00,CORE_ROD_01,65.6614
2024-01-16T00:28:00,CORE_EXIT_01,319.2114
2024-01-16T00:28:00,STEAM_PRES_01,65.1151
2024-01-16T00:28:00,STEAM_FEED_01,346.9858
2024-01-16T00:28:00,STEAM_DELTA_01,24.525
2024-01-16T00:28:00,STEAM_TEMP_01,263.0434
2024-01-16T00:29:00,CORE_FLUX_01,1461054528545.9429
2024-01-16T00:29:00,CORE_FUEL_01,761.9729
2024-01-16T00:29:00,CORE_ROD_01,64.4668
2024-01-16T00:29:00,STEAM_PRES_01,64.9598
2024-01-16T00:29:00,STEAM_FEED_01,348.6985
2024-01-16T00:29:00,STEAM_TEMP_01,263.4365
2024-01-16T00:30:00,CORE_FLUX_01,1513097207720.2485
2024-01-16T00:30:00,CORE_FUEL_01,749.8528
2024-01-16T00:30:00,CORE_ROD_01,64.6728
2024-01-16T00:30:00,CORE_EXIT_01,319.5913
2024-01-16T00:30:00,STEAM_PRES_01,64.6176
2024-01-16T00:30:00,STEAM_FEED_01,348.5053
2024-01-16T00:30:00,STEAM_DELTA_01,24.6182
2024-01-16T00:30:00,STEAM_TEMP_01,263.4413
2024-01-16T00:31:00,CORE_FLUX_01,1495927760255.1729
2024-01-16T00:31:00,CORE_FUEL_01,734.8985
2024-01-16T00:31:00,CORE_ROD_01,66.2581
2024-01-16T00:31:00,STEAM_PRES_01,64.9925
2024-01-16T00:31:00,STEAM_FEED_01,353.0413
2024-01-16T00:31:00,STEAM_TEMP_01,264.6828
2024-01-16T00:32:00,CORE_FLUX_01,1489952609975.605
2024-01-16T00:32:00,CORE_FUEL_01,753.2853
2024-01-16T00:32:00,CORE_ROD_01,65.6396
2024-01-16T00:32:00,CORE_EXIT_01,317.8955
2024-01-16T00:32:00,STEAM_PRES_01,65.1213
2024-01-16T00:32:00,STEAM_FEED_01,354.1326
2024-01-16T00:32:00,STEAM_DELTA_01,25.191
2024-01-16T00:32:00,STEAM_TEMP_01,265.1987
2024-01-16T00:33:00,CORE_FLUX_01,1479884074539.873
2024-01-16T00:33:00,CORE_FUEL_01,741.2387
2024-01-16T00:33:00,CORE_ROD_01,65.9661
2024-01-16T00:33:00,STEAM_PRES_01,64.9133
2024-01-16T00:33:00,STEAM_FEED_01,345.8655
2024-01-16T00:33:00,STEAM_TEMP_01,263.023
2024-01-16T00:34:00,CORE_FLUX_01,1417729446901.324
2024-01-16T00:34:00,CORE_FUEL_01,743.249
2024-01-16T00:34:00,CORE_ROD_01,64.5673
2024-01-16T00:34:00,CORE_EXIT_01,320.7888
2024-01-16T00:34:00,STEAM_PRES_01,65.153
2024-01-16T00:34:00,STEAM_FEED_01,350.4438
2024-01-16T00:34:00,STEAM_DELTA_01,24.9358
2024-01-16T00:34:00,STEAM_TEMP_01,264.5064
2024-01-16T00:35:00,CORE_FLUX_01,1492490627792.6394
2024-01-16T00:35:00,CORE_FUEL_01,736.1395
2024-01-16T00:35:00,CORE_ROD_01,64.2997
2024-01-16T00:35:00,STEAM_PRES_01,64.7409
2024-01-16T00:35:00,STEAM_FEED_01,349.9701
2024-01-16T00:35:00,STEAM_TEMP_01,264.7008
2024-01-16T00:36:00,CORE_FLUX_01,1533999350363.9495
2024-01-16T00:36:00,CORE_FUEL_01,754.9927
2024-01-16T00:36:00,CORE_ROD_01,63.8776
2024-01-16T00:36:00,CORE_EXIT_01,320.4406
2024-01-16T00:36:00,STEAM_PRES_01,64.8875
2024-01-16T00:36:00,STEAM_FEED_01,351.2537
2024-01-16T00:36:00,STEAM_DELTA_01,24.8125
2024-01-16T00:36:00,STEAM_TEMP_01,264.042
2024-01-16T00:37:00,CORE_FLUX_01,1490572054361.6682
2024-01-16T00:37:00,CORE_FUEL_01,738.5855
2024-01-16T00:37:00,CORE_ROD_01,65.866
2024-01-16T00:37:00,STEAM_PRES_01,64.8558
2024-01-16T00:37:00,STEAM_FEED_01,345.905
2024-01-16T00:37:00,STEAM_TEMP_01,264.0547
2024-01-16T00:38:00,CORE_FLUX_01,1437101495474.9
2024-01-16T00:38:00,CORE_FUEL_01,757.3934
2024-01-16T00:38:00,CORE_ROD_01,64.7444
2024-01-16T00:38:00,CORE_EXIT_01,319.3858
2024-01-16T00:38:00,STEAM_PRES_01,65.2179
2024-01-16T00:38:00,STEAM_FEED_01,351.6446
2024-01-16T00:38:00,STEAM_DELTA_01,24.7455
2024-01-16T00:38:00,STEAM_TEMP_01,264.4496
2024-01-16T00:39:00,CORE_FLUX_01,1464860115122.5896
2024-01-16T00:39:00,CORE_FUEL_01,767.4745
2024-01-16T00:39:00,CORE_ROD_01,63.737
2024-01-16T00:39:00,STEAM_PRES_01,65.0059
2024-01-16T00:39:00,STEAM_FEED_01,352.8731
2024-01-16T00:39:00,STEAM_TEMP_01,264.7271
2024-01-16T00:40:00,CORE_FLUX_01,1467178780599.3035
2024-01-16T00:40:00,CORE_FUEL_01,732.7161
2024-01-16T00:40:00,CORE_ROD_01,64.0337
2024-01-16T00:40:00,CORE_EXIT_01,319.8299
2024-01-16T00:40:00,STEAM_PRES_01,65.1449
2024-01-16T00:40:00,STEAM_FEED_01,353.1048
2024-01-16T00:40:00,STEAM_DELTA_01,24.9485
2024-01-16T00:40:00,STEAM_TEMP_01,264.6772
2024-01-16T00:41:00,CORE_FLUX_01,1526196043218.0156
2024-01-16T00:41:00,CORE_FUEL_01,739.5015
2024-01-16T00:41:00,CORE_ROD_01,65.5047
2024-01-16T00:41:00,STEAM_PRES_01,64.7209
2024-01-16T00:41:00,STEAM_FEED_01,348.767
2024-01-16T00:41:00,STEAM_TEMP_01,264.3536
2024-01-16T00:42:00,CORE_FLUX_01,1518063604846.6372
2024-01-16T00:42:00,CORE_FUEL_01,730.9293
2024-01-16T00:42:00,CORE_ROD_01,65.2689
2024-01-16T00:42:00,CORE_EXIT_01,319.0221
2024-01-16T00:42:00,STEAM_PRES_01,65.1207
2024-01-16T00:42:00,STEAM_FEED_01,351.825
2024-01-16T00:42:00,STEAM_DELTA_01,24.8852
2024-01-16T00:42:00,STEAM_TEMP_01,265.2994
2024-01-16T00:43:00,CORE_FLUX_01,1474159274540.7703
2024-01-16T00:43:00,CORE_FUEL_01,748.3738
2024-01-16T00:43:00,CORE_ROD_01,64.9333
2024-01-16T00:43:00,STEAM_PRES_01,64.9941
2024-01-16T00:43:00,STEAM_FEED_01,348.7438
2024-01-16T00:43:00,STEAM_TEMP_01,264.1378
2024-01-16T00:44:00,CORE_FLUX_01,1492035496186.1448
2024-01-16T00:44:00,CORE_FUEL_01,744.3716
2024-01-16T00:44:00,CORE_ROD_01,65.8412
2024-01-16T00:44:00,CORE_EXIT_01,320.5512
2024-01-16T00:44:00,STEAM_PRES_01,64.5785
2024-01-16T00:44:00,STEAM_FEED_01,343.6627
2024-01-16T00:44:00,STEAM_DELTA_01,24.6682
2024-01-16T00:44:00,STEAM_TEMP_01,263.8661
2024-01-16T00:45:00,CORE_FLUX_01,1541873692223.4314
2024-01-16T00:45:00,CORE_FUEL_01,736.744
2024-01-16T00:45:00,CORE_ROD_01,66.3289
2024-01-16T00:45:00,STEAM_PRES_01,65.095
2024-01-16T00:45:00,STEAM_FEED_01,351.6458
2024-01-16T00:45:00,STEAM_TEMP_01,264.0978
2024-01-16T00:46:00,CORE_FLUX_01,1494737789009.7292
2024-01-16T00:46:00,CORE_FUEL_01,748.6919
2024-01-16T00:46:00,CORE_ROD_01,66.3707
2024-01-16T00:46:00,CORE_EXIT_01,320.466
2024-01-16T00:46:00,STEAM_PRES_01,64.6462
2024-01-16T00:46:00,STEAM_FEED_01,347.7779
2024-01-16T00:46:00,STEAM_DELTA_01,24.6237
2024-01-16T00:46:00,STEAM_TEMP_01,263.8605
2024-01-16T00:47:00,CORE_FLUX_01,1528972064346.3235
2024-01-16T00:47:00,CORE_FUEL_01,736.1697
2024-01-16T00:47:00,CORE_ROD_01,64.8128
2024-01-16T00:47:00,STEAM_PRES_01,65.1888
2024-01-16T00:47:00,STEAM_FEED_01,348.8491
2024-01-16T00:47:00,STEAM_TEMP_01,264.9846
2024-01-16T00:48:00,CORE_FLUX_01,1492606385991.047
2024-01-16T00:48:00,CORE_FUEL_01,743.9194
2024-01-16T00:48:00,CORE_ROD_01,64.784
2024-01-16T00:48:00,CORE_EXIT_01,318.3729
2024-01-16T00:48:00,STEAM_PRES_01,64.9431
2024-01-16T00:48:00,STEAM_FEED_01,349.9101
2024-01-16T00:48:00,STEAM_DELTA_01,24.9567
2024-01-16T00:48:00,STEAM_TEMP_01,264.1847
2024-01-16T00:49:00,CORE_FLUX_01,1497656427574.8833
2024-01-16T00:49:00,CORE_FUEL_01,764.808
2024-01-16T00:49:00,CORE_ROD_01,64.2929
2024-01-16T00:49:00,STEAM_PRES_01,64.895
2024-01-16T00:49:00,STEAM_FEED_01,352.0691
2024-01-16T00:49:00,STEAM_TEMP_01,263.9744
2024-01-16T00:50:00,CORE_FLUX_01,1528391126006.6145
2024-01-16T00:50:00,CORE_FUEL_01,752.8842
2024-01-16T00:50:00,CORE_ROD_01,66.7425
2024-01-16T00:50:00,CORE_EXIT_01,319.9755
2024-01-16T00:50:00,STEAM_PRES_01,64.9022
2024-01-16T00:50:00,STEAM_FEED_01,346.5272
2024-01-16T00:50:00,STEAM_DELTA_01,24.8707
2024-01-16T00:50:00,STEAM_TEMP_01,264.3094
2024-01-16T00:51:00,CORE_FLUX_01,1514208751024.805
2024-01-16T00:51:00,CORE_FUEL_01,747.5452
2024-01-16T00:51:00,CORE_ROD_01,64.8339
2024-01-16T00:51:00,STEAM_PRES_01,65.1651
2024-01-16T00:51:00,STEAM_FEED_01,351.9662
2024-01-16T00:51:00,STEAM_TEMP_01,264.0281
2024-01-16T00:52:00,CORE_FLUX_01,1547049096489.0151
2024-01-16T00:52:00,CORE_FUEL_01,743.1111
2024-01-16T00:52:00,CORE_ROD_01,64.0392
2024-01-16T00:52:00,CORE_EXIT_01,317.5165
2024-01-16T00:52:00,STEAM_PRES_01,65.32
2024-01-16T00:52:00,STEAM_FEED_01,349.427
2024-01-16T00:52:00,STEAM_DELTA_01,24.8367
2024-01-16T00:52:00,STEAM_TEMP_01,263.784
2024-01-16T00:53:00,CORE_FLUX_01,1471916038382.371
2024-01-16T00:53:00,CORE_FUEL_01,746.7263
2024-01-16T00:53:00,CORE_ROD_01,64.9834
2024-01-16T00:53:00,STEAM_PRES_01,65.2358
2024-01-16T00:53:00,STEAM_FEED_01,351.4424
2024-01-16T00:53:00,STEAM_TEMP_01,264.9311
2024-01-16T00:54:00,CORE_FLUX_01,1489177630250.026
2024-01-16T00:54:00,CORE_FUEL_01,739.2042
2024-01-16T00:54:00,CORE_ROD_01,64.5836
2024-01-16T00:54:00,CORE_EXIT_01,320.4035
2024-01-16T00:54:00,STEAM_PRES_01,65.2904
2024-01-16T00:54:00,STEAM_FEED_01,350.8431
2024-01-16T00:54:00,STEAM_DELTA_01,24.8712
2024-01-16T00:54:00,STEAM_TEMP_01,264.7186
2024-01-16T00:55:00,CORE_FLUX_01,1538556010290.282
2024-01-16T00:55:00,CORE_FUEL_01,752.4466
2024-01-16T00:55:00,CORE_ROD_01,64.7096
2024-01-16T00:55:00,STEAM_PRES_01,64.7093
2024-01-16T00:55:00,STEAM_FEED_01,348.0131
2024-01-16T00:55:00,STEAM_TEMP_01,263.532
2024-01-16T00:56:00,CORE_FLUX_01,1482548338305.0107
2024-01-16T00:56:00,CORE_FUEL_01,733.3309
2024-01-16T00:56:00,CORE_ROD_01,64.8733
2024-01-16T00:56:00,CORE_EXIT_01,319.309
2024-01-16T00:56:00,STEAM_PRES_01,65.1786
2024-01-16T00:56:00,STEAM_FEED_01,351.4456
2024-01-16T00:56:00,STEAM_DELTA_01,25.0924
2024-01-16T00:56:00,STEAM_TEMP_01,265.6965
2024-01-16T00:57:00,CORE_FLUX_01,1499736328699.8835
2024-01-16T00:57:00,CORE_FUEL_01,758.6199
2024-01-16T00:57:00,CORE_ROD_01,65.2813
2024-01-16T00:57:00,STEAM_PRES_01,65.3827
2024-01-16T00:57:00,STEAM_FEED_01,351.5767
2024-01-16T00:57:00,STEAM_TEMP_01,265.0157
2024-01-16T00:58:00,CORE_FLUX_01,1526240991595.2197
2024-01-16T00:58:00,CORE_FUEL_01,741.624
2024-01-16T00:58:00,CORE_ROD_01,63.4954
2024-01-16T00:58:00,CORE_EXIT_01,319.559
2024-01-16T00:58:00,STEAM_PRES_01,64.955
2024-01-16T00:58:00,STEAM_FEED_01,347.6716
2024-01-16T00:58:00,STEAM_DELTA_01,24.7569
2024-01-16T00:58:00,STEAM_TEMP_01,264.419
2024-01-16T00:59:00,CORE_FLUX_01,1516796065784.2048
2024-01-16T00:59:00,CORE_FUEL_01,740.6641
2024-01-16T00:59:00,CORE_ROD_01,64.5285
2024-01-16T00:59:00,STEAM_PRES_01,65.1116
2024-01-16T00:59:00,STEAM_FEED_01,350.1641
2024-01-16T00:59:00,STEAM_TEMP_01,265.0257
2024-01-16T01:00:00,CORE_FLUX_01,1469872899651.822
2024-01-16T01:00:00,CORE_FUEL_01,741.2363
2024-01-16T01:00:00,CORE_ROD_01,65.4506
2024-01-16T01:00:00,CORE_EXIT_01,320.8702
2024-01-16T01:00:00,STEAM_PRES_01,65.2762
2024-01-16T01:00:00,STEAM_FEED_01,352.4991
2024-01-16T01:00:00,STEAM_DELTA_01,24.8901
2024-01-16T01:00:00,STEAM_TEMP_01,264.7833
2024-01-16T01:01:00,CORE_FLUX_01,1519416496030.896
2024-01-16T01:01:00,CORE_FUEL_01,752.0518
2024-01-16T01:01:00,CORE_ROD_01,64.3306
2024-01-16T01:01:00,STEAM_PRES_01,64.8116
2024-01-16T01:01:00,STEAM_FEED_01,348.6271
2024-01-16T01:01:00,STEAM_TEMP_01,264.398
2024-01-16T01:02:00,CORE_FLUX_01,1459947536203.5234
2024-01-16T01:02:00,CORE_FUEL_01,745.2625
2024-01-16T01:02:00,CORE_ROD_01,65.8136
2024-01-16T01:02:00,CORE_EXIT_01,322.2146
2024-01-16T01:02:00,STEAM_PRES_01,64.9125
2024-01-16T01:02:00,STEAM_FEED_01,349.1562
2024-01-16T01:02:00,STEAM_DELTA_01,25.0064
2024-01-16T01:02:00,STEAM_TEMP_01,264.5618
2024-01-16T01:03:00,CORE_FLUX_01,1532762658716.147
2024-01-16T01:03:00,CORE_FUEL_01,732.608
2024-01-16T01:03:00,CORE_ROD_01,65.4477
2024-01-16T01:03:00,STEAM_PRES_01,65.1723
2024-01-16T01:03:00,STEAM_FEED_01,350.3859
2024-01-16T01:03:00,STEAM_TEMP_01,264.688
2024-01-16T01:04:00,CORE_FLUX_01,1502973863932.3257
2024-01-16T01:04:00,CORE_FUEL_01,763.5966
2024-01-16T01:04:00,CORE_ROD_01,64.2503
2024-01-16T01:04:00,CORE_EXIT_01,322.2025
2024-01-16T01:04:00,STEAM_PRES_01,65.0305
2024-01-16T01:04:00,STEAM_FEED_01,353.4633
2024-01-16T01:04:00,STEAM_DELTA_01,24.6485
2024-01-16T01:04:00,STEAM_TEMP_01,265.8456
2024-01-16T01:05:00,CORE_FLUX_01,1449746929300.2788
2024-01-16T01:05:00,CORE_FUEL_01,742.5081
2024-01-16T01:05:00,CORE_ROD_01,65.6105
2024-01-16T01:05:00,STEAM_PRES_01,65.324
2024-01-16T01:05:00,STEAM_FEED_01,350.8102
2024-01-16T01:05:00,STEAM_TEMP_01,264.1137
2024-01-16T01:06:00,CORE_FLUX_01,1512464260509.4897
2024-01-16T01:06:00,CORE_FUEL_01,738.6045
2024-01-16T01:06:00,CORE_ROD_01,66.5216
2024-01-16T01:06:00,CORE_EXIT_01,318.6286
2024-01-16T01:06:00,STEAM_PRES_01,64.9107
2024-01-16T01:06:00,STEAM_FEED_01,352.6206
2024-01-16T01:06:00,STEAM_DELTA_01,25.0153
2024-01-16T01:06:00,STEAM_TEMP_01,264.3803
2024-01-16T01:07:00,CORE_FLUX_01,1456972448799.6157
2024-01-16T01:07:00,CORE_FUEL_01,738.9328
2024-01-16T01:07:00,CORE_ROD_01,64.2406
2024-01-16T01:07:00,STEAM_PRES_01,64.7307
2024-01-16T01:07:00,STEAM_FEED_01,347.4736
2024-01-16T01:07:00,STEAM_TEMP_01,263.8308
2024-01-16T01:08:00,CORE_FLUX_01,1480061683990.0842
2024-01-16T01:08:00,CORE_FUEL_01,751.3837
2024-01-16T01:08:00,CORE_ROD_01,64.1042
2024-01-16T01:08:00,CORE_EXIT_01,317.9134
2024-01-16T01:08:00,STEAM_PRES_01,64.8644
2024-01-16T01:08:00,STEAM_FEED_01,350.6484
2024-01-16T01:08:00,STEAM_DELTA_01,24.7215
2024-01-16T01:08:00,STEAM_TEMP_01,264.1979
2024-01-16T01:09:00,CORE_FLUX_01,1483168669493.6685
2024-01-16T01:09:00,CORE_FUEL_01,749.8827
2024-01-16T01:09:00,CORE_ROD_01,65.6923
2024-01-16T01:09:00,STEAM_PRES_01,64.7751
2024-01-16T01:09:00,STEAM_FEED_01,350.603
2024-01-16T01:09:00,STEAM_TEMP_01,264.8747
2024-01-16T01:10:00,CORE_FLUX_01,1505484470482.9531
2024-01-16T01:10:00,CORE_FUEL_01,754.8743
2024-01-16T01:10:00,CORE_ROD_01,66.0385
2024-01-16T01:10:00,CORE_EXIT_01,320.1698
2024-01-16T01:10:00,STEAM_PRES_01,64.8147
2024-01-16T01:10:00,STEAM_FEED_01,349.6658
2024-01-16T01:10:00,STEAM_DELTA_01,24.9633
2024-01-16T01:10:00,STEAM_TEMP_01,264.465
2024-01-16T01:11:00,CORE_FLUX_01,1496295538166.6353
2024-01-16T01:11:00,CORE_FUEL_01,726.7785
2024-01-16T01:11:00,CORE_ROD_01,65.0832
2024-01-16T01:11:00,STEAM_PRES_01,65.0101
2024-01-16T01:11:00,STEAM_FEED_01,349.7104
2024-01-16T01:11:00,STEAM_TEMP_01,263.2182
2024-01-16T01:12:00,CORE_FLUX_01,1499023776218.7046
2024-01-16T01:12:00,CORE_FUEL_01,748.5604
2024-01-16T01:12:00,CORE_ROD_01,65.2007
2024-01-16T01:12:00,CORE_EXIT_01,318.5383
2024-01-16T01:12:00,STEAM_PRES_01,64.7276
2024-01-16T01:12:00,STEAM_FEED_01,348.8595
2024-01-16T01:12:00,STEAM_DELTA_01,24.8274
2024-01-16T01:12:00,STEAM_TEMP_01,265.0519
2024-01-16T01:13:00,CORE_FLUX_01,1530223283892.0159
2024-01-16T01:13:00,CORE_FUEL_01,758.1237
2024-01-16T01:13:00,CORE_ROD_01,64.0492
2024-01-16T01:13:00,STEAM_PRES_01,64.941
2024-01-16T01:13:00,STEAM_FEED_01,349.2646
2024-01-16T01:13:00,STEAM_TEMP_01,265.051
2024-01-16T01:14:00,CORE_FLUX_01,1500143458071.2517
2024-01-16T01:14:00,CORE_FUEL_01,750.812
2024-01-16T01:14:00,CORE_ROD_01,65.2198
2024-01-16T01:14:00,CORE_EXIT_01,318.6975
2024-01-16T01:14:00,STEAM_PRES_01,64.8476
2024-01-16T01:14:00,STEAM_FEED_01,349.4026
2024-01-16T01:14:00,STEAM_DELTA_01,25.0053
2024-01-16T01:14:00,STEAM_TEMP_01,265.5087
2024-01-16T01:15:00,CORE_FLUX_01,1524009957617.9246
2024-01-16T01:15:00,CORE_FUEL_01,749.2067
2024-01-16T01:15:00,CORE_ROD_01,65.2671
2024-01-16T01:15:00,STEAM_PRES_01,64.9477
2024-01-16T01:15:00,STEAM_FEED_01,351.2176
2024-01-16T01:15:00,STEAM_TEMP_01,264.8313
2024-01-16T01:16:00,CORE_FLUX_01,1490626534506.3394
2024-01-16T01:16:00,CORE_FUEL_01,764.3414
2024-01-16T01:16:00,CORE_ROD_01,65.2841
2024-01-16T01:16:00,CORE_EXIT_01,319.2818
2024-01-16T01:16:00,STEAM_PRES_01,64.8793
2024-01-16T01:16:00,STEAM_FEED_01,352.0951
2024-01-16T01:16:00,STEAM_DELTA_01,24.8941
2024-01-16T01:16:00,STEAM_TEMP_01,264.132
2024-01-16T01:17:00,CORE_FLUX_01,1521860979113.3142
2024-01-16T01:17:00,CORE_FUEL_01,753.2226
2024-01-16T01:17:00,CORE_ROD_01,64.9553
2024-01-16T01:17:00,STEAM_PRES_01,64.6224
2024-01-16T01:17:00,STEAM_FEED_01,347.4758
2024-01-16T01:17:00,STEAM_TEMP_01,264.2104
2024-01-16T01:18:00,CORE_FLUX_01,1506943276382.402
2024-01-16T01:18:00,CORE_FUEL_01,748.5156
2024-01-16T01:18:00,CORE_ROD_01,65.0133
2024-01-16T01:18:00,CORE_EXIT_01,320.9911
2024-01-16T01:18:00,STEAM_PRES_01,65.0529
2024-01-16T01:18:00,STEAM_FEED_01,349.5858
2024-01-16T01:18:00,STEAM_DELTA_01,24.7256
2024-01-16T01:18:00,STEAM_TEMP_01,265.0405
2024-01-16T01:19:00,CORE_FLUX_01,1521138697211.0015
2024-01-16T01:19:00,CORE_FUEL_01,755.6453
2024-01-16T01:19:00,CORE_ROD_01,65.5438
2024-01-16T01:19:00,STEAM_PRES_01,64.7086
2024-01-16T01:19:00,STEAM_FEED_01,350.1578
2024-01-16T01:19:00,STEAM_TEMP_01,263.7428
2024-01-16T01:20:00,CORE_FLUX_01,1511927497204.9373
2024-01-16T01:20:00,CORE_FUEL_01,752.9919
2024-01-16T01:20:00,CORE_ROD_01,65.2147
2024-01-16T01:20:00,CORE_EXIT_01,319.7007
2024-01-16T01:20:00,STEAM_PRES_01,65.3115
2024-01-16T01:20:00,STEAM_FEED_01,351.0512
2024-01-16T01:20:00,STEAM_DELTA_01,25.1414
2024-01-16T01:20:00,STEAM_TEMP_01,265.396
2024-01-16T01:21:00,CORE_FLUX_01,1518262897341.3242
2024-01-16T01:21:00,CORE_FUEL_01,738.3455
2024-01-16T01:21:00,CORE_ROD_01,64.9385
2024-01-16T01:21:00,STEAM_PRES_01,65.0105
2024-01-16T01:21:00,STEAM_FEED_01,352.0323
2024-01-16T01:21:00,STEAM_TEMP_01,265.1621
2024-01-16T01:22:00,CORE_FLUX_01,1522718247932.0388
2024-01-16T01:22:00,CORE_FUEL_01,745.4736
2024-01-16T01:22:00,CORE_ROD_01,64.7748
2024-01-16T01:22:00,CORE_EXIT_01,319.3618
2024-01-16T01:22:00,STEAM_PRES_01,64.4386
2024-01-16T01:22:00,STEAM_FEED_01,351.243
2024-01-16T01:22:00,STEAM_DELTA_01,25.0395
2024-01-16T01:22:00,STEAM_TEMP_01,265.1218
2024-01-16T01:23:00,CORE_FLUX_01,1550211751001.9214
2024-01-16T01:23:00,CORE_FUEL_01,747.289
2024-01-16T01:23:00,CORE_ROD_01,66.5533
2024-01-16T01:23:00,STEAM_PRES_01,65.2685
2024-01-16T01:23:00,STEAM_FEED_01,352.9121
2024-01-16T01:23:00,STEAM_TEMP_01,265.3358
2024-01-16T01:24:00,CORE_FLUX_01,1492469591897.0688
2024-01-16T01:24:00,CORE_FUEL_01,733.3002
2024-01-16T01:24:00,CORE_ROD_01,65.4097
2024-01-16T01:24:00,CORE_EXIT_01,318.5665
2024-01-16T01:24:00,STEAM_PRES_01,65.1159
2024-01-16T01:24:00,STEAM_FEED_01,354.5889
2024-01-16T01:24:00,STEAM_DELTA_01,25.1225
2024-01-16T01:24:00,STEAM_TEMP_01,265.5921
2024-01-16T01:25:00,CORE_FLUX_01,1457087485376.3022
2024-01-16T01:25:00,CORE_FUEL_01,740.4327
2024-01-16T01:25:00,CORE_ROD_01,64.384
2024-01-16T01:25:00,STEAM_PRES_01,64.9193
2024-01-16T01:25:00,STEAM_FEED_01,349.9406
2024-01-16T01:25:00,STEAM_TEMP_01,264.4662
2024-01-16T01:26:00,CORE_FLUX_01,1527103868663.6455
2024-01-16T01:26:00,CORE_FUEL_01,745.9761
2024-01-16T01:26:00,CORE_ROD_01,65.5706
2024-01-16T01:26:00,CORE_EXIT_01,319.9733
2024-01-16T01:26:00,STEAM_PRES_01,64.3887
2024-01-16T01:26:00,STEAM_FEED_01,349.1653
2024-01-16T01:26:00,STEAM_DELTA_01,24.7007
2024-01-16T01:26:00,STEAM_TEMP_01,264.1427
2024-01-16T01:27:00,CORE_FLUX_01,1522584101621.587
2024-01-16T01:27:00,CORE_FUEL_01,758.2211
2024-01-16T01:27:00,CORE_ROD_01,63.6847
2024-01-16T01:27:00,STEAM_PRES_01,65.3346
2024-01-16T01:27:00,STEAM_FEED_01,349.183
2024-01-16T01:27:00,STEAM_TEMP_01,264.7891
2024-01-16T01:28:00,CORE_FLUX_01,1482437276633.0996
2024-01-16T01:28:00,CORE_FUEL_01,749.0772
2024-01-16T01:28:00,CORE_ROD_01,65.7346
2024-01-16T01:28:00,CORE_EXIT_01,317.9032
2024-01-16T01:28:00,STEAM_PRES_01,65.6281
2024-01-16T01:28:00,STEAM_FEED_01,355.5953
2024-01-16T01:28:00,STEAM_DELTA_01,25.5296
2024-01-16T01:28:00,STEAM_TEMP_01,267.1885
2024-01-16T01:29:00,CORE_FLUX_01,1503741117200.2722
2024-01-16T01:29:00,CORE_FUEL_01,754.5821
2024-01-16T01:29:00,CORE_ROD_01,63.1274
2024-01-16T01:29:00,STEAM_PRES_01,65.1807
2024-01-16T01:29:00,STEAM_FEED_01,350.5727
2024-01-16T01:29:00,STEAM_TEMP_01,265.6307
2024-01-16T01:30:00,CORE_FLUX_01,1490708987956.6257
2024-01-16T01:30:00,CORE_FUEL_01,743.8662
2024-01-16T01:30:00,CORE_ROD_01,65.8414
2024-01-16T01:30:00,CORE_EXIT_01,322.1121
2024-01-16T01:30:00,STEAM_PRES_01,65.5146
2024-01-16T01:30:00,STEAM_FEED_01,352.2715
2024-01-16T01:30:00,STEAM_DELTA_01,25.1955
2024-01-16T01:30:00,STEAM_TEMP_01,265.0985
2024-01-16T01:31:00,CORE_FLUX_01,1518651395881.7053
2024-01-16T01:31:00,CORE_FUEL_01,737.6779
2024-01-16T01:31:00,CORE_ROD_01,62.9481
2024-01-16T01:31:00,STEAM_PRES_01,65.4721
2024-01-16T01:31:00,STEAM_FEED_01,352.2039
2024-01-16T01:31:00,STEAM_TEMP_01,265.3367
2024-01-16T01:32:00,CORE_FLUX_01,1516760614308.1946
2024-01-16T01:32:00,CORE_FUEL_01,749.818
2024-01-16T01:32:00,CORE_ROD_01,64.5942
2024-01-16T01:32:00,CORE_EXIT_01,319.3606
2024-01-16T01:32:00,STEAM_PRES_01,65.1633
2024-01-16T01:32:00,STEAM_FEED_01,349.1793
2024-01-16T01:32:00,STEAM_DELTA_01,24.8483
2024-01-16T01:32:00,STEAM_TEMP_01,264.9301
2024-01-16T01:33:00,CORE_FLUX_01,1515148479332.818
2024-01-16T01:33:00,CORE_FUEL_01,760.2932
2024-01-16T01:33:00,CORE_ROD_01,65.5815
2024-01-16T01:33:00,STEAM_PRES_01,64.8552
2024-01-16T01:33:00,STEAM_FEED_01,350.1757
2024-01-16T01:33:00,STEAM_TEMP_01,264.9556
2024-01-16T01:34:00,CORE_FLUX_01,1459723528568.125
2024-01-16T01:34:00,CORE_FUEL_01,748.0893
2024-01-16T01:34:00,CORE_ROD_01,66.668
2024-01-16T01:34:00,CORE_EXIT_01,320.5664
2024-01-16T01:34:00,STEAM_PRES_01,65.1993
2024-01-16T01:34:00,STEAM_FEED_01,352.1331
2024-01-16T01:34:00,STEAM_DELTA_01,25.0609
2024-01-16T01:34:00,STEAM_TEMP_01,265.4939
2024-01-16T01:35:00,CORE_FLUX_01,1492441703170.8562
2024-01-16T01:35:00,CORE_FUEL_01,742.47
2024-01-16T01:35:00,CORE_ROD_01,63.3022
2024-01-16T01:35:00,STEAM_PRES_01,65.2206
2024-01-16T01:35:00,STEAM_FEED_01,348.6695
2024-01-16T01:35:00,STEAM_TEMP_01,264.4087
2024-01-16T01:36:00,CORE_FLUX_01,1453873080812.71
2024-01-16T01:36:00,CORE_FUEL_01,750.2731
2024-01-16T01:36:00,CORE_ROD_01,62.9434
2024-01-16T01:36:00,CORE_EXIT_01,320.6802
2024-01-16T01:36:00,STEAM_PRES_01,65.011
2024-01-16T01:36:00,STEAM_FEED_01,349.0315
2024-01-16T01:36:00,STEAM_DELTA_01,25.3318
2024-01-16T01:36:00,STEAM_TEMP_01,265.3792
2024-01-16T01:37:00,CORE_FLUX_01,1518004019983.4177
2024-01-16T01:37:00,CORE_FUEL_01,737.2734
2024-01-16T01:37:00,CORE_ROD_01,66.0376
2024-01-16T01:37:00,STEAM_PRES_01,64.6505
2024-01-16T01:37:00,STEAM_FEED_01,347.916
2024-01-16T01:37:00,STEAM_TEMP_01,264.4731
2024-01-16T01:38:00,CORE_FLUX_01,1557804565765.1167
2024-01-16T01:38:00,CORE_FUEL_01,757.4665
2024-01-16T01:38:00,CORE_ROD_01,64.1437
2024-01-16T01:38:00,CORE_EXIT_01,319.8747
2024-01-16T01:38:00,STEAM_PRES_01,65.1267
2024-01-16T01:38:00,STEAM_FEED_01,352.3764
2024-01-16T01:38:00,STEAM_DELTA_01,25.0018
2024-01-16T01:38:00,STEAM_TEMP_01,265.9367
2024-01-16T01:39:00,CORE_FLUX_01,1475024209598.4482
2024-01-16T01:39:00,CORE_FUEL_01,763.3624
2024-01-16T01:39:00,CORE_ROD_01,64.3191
2024-01-16T01:39:00,STEAM_PRES_01,65.0288
2024-01-16T01:39:00,STEAM_FEED_01,346.0003
2024-01-16T01:39:00,STEAM_TEMP_01,264.5965
2024-01-16T01:40:00,CORE_FLUX_01,1480287840896.4233
2024-01-16T01:40:00,CORE_FUEL_01,743.8349
2024-01-16T01:40:00,CORE_ROD_01,65.7553
2024-01-16T01:40:00,CORE_EXIT_01,319.5567
2024-01-16T01:40:00,STEAM_PRES_01,64.6093
2024-01-16T01:40:00,STEAM_FEED_01,346.9236
2024-01-16T01:40:00,STEAM_DELTA_01,24.6473
2024-01-16T01:40:00,STEAM_TEMP_01,263.6171
2024-01-16T01:41:00,CORE_FLUX_01,1482274157731.1133
2024-01-16T01:41:00,CORE_FUEL_01,742.767
2024-01-16T01:41:00,CORE_ROD_01,66.2457
2024-01-16T01:41:00,STEAM_PRES_01,64.9197
2024-01-16T01:41:00,STEAM_FEED_01,347.4211
2024-01-16T01:41:00,STEAM_TEMP_01,264.3174
2024-01-16T01:42:00,CORE_FLUX_01,1501200090858.633
2024-01-16T01:42:00,CORE_FUEL_01,753.3243
2024-01-16T01:42:00,CORE_ROD_01,64.9393
2024-01-16T01:42:00,CORE_EXIT_01,319.7188
2024-01-16T01:42:00,STEAM_PRES_01,64.9512
2024-01-16T01:42:00,STEAM_FEED_01,352.7796
2024-01-16T01:42:00,STEAM_DELTA_01,24.8352
2024-01-16T01:42:00,STEAM_TEMP_01,265.4412
2024-01-16T01:43:00,CORE_FLUX_01,1520675331059.5405
2024-01-16T01:43:00,CORE_FUEL_01,755.0528
2024-01-16T01:43:00,CORE_ROD_01,64.5622
2024-01-16T01:43:00,STEAM_PRES_01,65.298
2024-01-16T01:43:00,STEAM_FEED_01,354.5058
2024-01-16T01:43:00,STEAM_TEMP_01,265.1135
2024-01-16T01:44:00,CORE_FLUX_01,1503310786091.115
2024-01-16T01:44:00,CORE_FUEL_01,751.157
2024-01-16T01:44:00,CORE_ROD_01,65.4324
2024-01-16T01:44:00,CORE_EXIT_01,320.7964
2024-01-16T01:44:00,STEAM_PRES_01,64.9873
2024-01-16T01:44:00,STEAM_FEED_01,348.1761
2024-01-16T01:44:00,STEAM_DELTA_01,24.8279
2024-01-16T01:44:00,STEAM_TEMP_01,265.3634
2024-01-16T01:45:00,CORE_FLUX_01,1495523155692.5793
2024-01-16T01:45:00,CORE_FUEL_01,754.7719
2024-01-16T01:45:00,CORE_ROD_01,65.2257
2024-01-16T01:45:00,STEAM_PRES_01,64.931
2024-01-16T01:45:00,STEAM_FEED_01,350.9978
2024-01-16T01:45:00,STEAM_TEMP_01,265.524
2024-01-16T01:46:00,CORE_FLUX_01,1458350098605.2761
2024-01-16T01:46:00,CORE_FUEL_01,750.7107
2024-01-16T01:46:00,CORE_ROD_01,64.6824
2024-01-16T01:46:00,CORE_EXIT_01,321.5451
2024-01-16T01:46:00,STEAM_PRES_01,65.2745
2024-01-16T01:46:00,STEAM_FEED_01,353.644
2024-01-16T01:46:00,STEAM_DELTA_01,25.1233
2024-01-16T01:46:00,STEAM_TEMP_01,265.0291
2024-01-16T01:47:00,CORE_FLUX_01,1493499425970.3323
2024-01-16T01:47:00,CORE_FUEL_01,747.1061
2024-01-16T01:47:00,CORE_ROD_01,65.967
2024-01-16T01:47:00,STEAM_PRES_01,65.333
2024-01-16T01:47:00,STEAM_FEED_01,353.3739
2024-01-16T01:47:00,STEAM_TEMP_01,265.6159
2024-01-16T01:48:00,CORE_FLUX_01,1464827241727.3728
2024-01-16T01:48:00,CORE_FUEL_01,750.6453
2024-01-16T01:48:00,CORE_ROD_01,65.1466
2024-01-16T01:48:00,CORE_EXIT_01,321.2869
2024-01-16T01:48:00,STEAM_PRES_01,64.9719
2024-01-16T01:48:00,STEAM_FEED_01,351.8335
2024-01-16T01:48:00,STEAM_DELTA_01,25.2317
2024-01-16T01:48:00,STEAM_TEMP_01,264.7143
2024-01-16T01:49:00,CORE_FLUX_01,1502301482898.454
2024-01-16T01:49:00,CORE_FUEL_01,750.1924
2024-01-16T01:49:00,CORE_ROD_01,63.6306
2024-01-16T01:49:00,STEAM_PRES_01,65.1216
2024-01-16T01:49:00,STEAM_FEED_01,355.0397
2024-01-16T01:49:00,STEAM_TEMP_01,264.9071
2024-01-16T01:50:00,CORE_FLUX_01,1421849208707.5525
2024-01-16T01:50:00,CORE_FUEL_01,764.9899
2024-01-16T01:50:00,CORE_ROD_01,65.4107
2024-01-16T01:50:00,CORE_EXIT_01,320.895
2024-01-16T01:50:00,STEAM_PRES_01,65.4115
2024-01-16T01:50:00,STEAM_FEED_01,352.0774
2024-01-16T01:50:00,STEAM_DELTA_01,25.0226
2024-01-16T01:50:00,STEAM_TEMP_01,265.2173
2024-01-16T01:51:00,CORE_FLUX_01,1520512687487.7727
2024-01-16T01:51:00,CORE_FUEL_01,746.319
2024-01-16T01:51:00,CORE_ROD_01,65.4824
2024-01-16T01:51:00,STEAM_PRES_01,64.7664
2024-01-16T01:51:00,STEAM_FEED_01,350.7054
2024-01-16T01:51:00,STEAM_TEMP_01,264.6454
2024-01-16T01:52:00,CORE_FLUX_01,1457390062001.0054
2024-01-16T01:52:00,CORE_FUEL_01,755.4939
2024-01-16T01:52:00,CORE_ROD_01,65.8131
2024-01-16T01:52:00,CORE_EXIT_01,319.1663
2024-01-16T01:52:00,STEAM_PRES_01,64.8306
2024-01-16T01:52:00,STEAM_FEED_01,350.4586
2024-01-16T01:52:00,STEAM_DELTA_01,25.0104
2024-01-16T01:52:00,STEAM_TEMP_01,264.7735
2024-01-16T01:53:00,CORE_FLUX_01,1517939306936.225
2024-01-16T01:53:00,CORE_FUEL_01,745.1309
2024-01-16T01:53:00,CORE_ROD_01,66.1273
2024-01-16T01:53:00,STEAM_PRES_01,65.0702
2024-01-16T01:53:00,STEAM_FEED_01,350.504
2024-01-16T01:53:00,STEAM_TEMP_01,266.145
2024-01-16T01:54:00,CORE_FLUX_01,1517508393769.724
2024-01-16T01:54:00,CORE_FUEL_01,747.9428
2024-01-16T01:54:00,CORE_ROD_01,63.862
2024-01-16T01:54:00,CORE_EXIT_01,319.1063
2024-01-16T01:54:00,STEAM_PRES_01,64.6209
2024-01-16T01:54:00,STEAM_FEED_01,347.6954
2024-01-16T01:54:00,STEAM_DELTA_01,24.5622
2024-01-16T01:54:00,STEAM_TEMP_01,264.8323
2024-01-16T01:55:00,CORE_FLUX_01,1531100273180.9573
2024-01-16T01:55:00,CORE_FUEL_01,733.5644
2024-01-16T01:55:00,CORE_ROD_01,64.0615
2024-01-16T01:55:00,STEAM_PRES_01,64.8781
2024-01-16T01:55:00,STEAM_FEED_01,349.5316
2024-01-16T01:55:00,STEAM_TEMP_01,263.9495
2024-01-16T01:56:00,CORE_FLUX_01,1477989471792.8435
2024-01-16T01:56:00,CORE_FUEL_01,751.532
2024-01-16T01:56:00,CORE_ROD_01,64.508
2024-01-16T01:56:00,CORE_EXIT_01,319.2701
2024-01-16T01:56:00,STEAM_PRES_01,64.922
2024-01-16T01:56:00,STEAM_FEED_01,351.2426
2024-01-16T01:56:00,STEAM_DELTA_01,25.1254
2024-01-16T01:56:00,STEAM_TEMP_01,265.8402
2024-01-16T01:57:00,CORE_FLUX_01,1547044680210.2334
2024-01-16T01:57:00,CORE_FUEL_01,754.6167
2024-01-16T01:57:00,CORE_ROD_01,64.7743
2024-01-16T01:57:00,STEAM_PRES_01,64.8229
2024-01-16T01:57:00,STEAM_FEED_01,350.4189
2024-01-16T01:57:00,STEAM_TEMP_01,264.7876
2024-01-16T01:58:00,CORE_FLUX_01,1498641044998.286
2024-01-16T01:58:00,CORE_FUEL_01,764.5613
2024-01-16T01:58:00,CORE_ROD_01,65.3
2024-01-16T01:58:00,CORE_EXIT_01,319.1512
2024-01-16T01:58:00,STEAM_PRES_01,65.1403
2024-01-16T01:58:00,STEAM_FEED_01,352.7458
2024-01-16T01:58:00,STEAM_DELTA_01,25.3087
2024-01-16T01:58:00,STEAM_TEMP_01,265.32
2024-01-16T01:59:00,CORE_FLUX_01,1476406098631.9585
2024-01-16T01:59:00,CORE_FUEL_01,751.0328
2024-01-16T01:59:00,CORE_ROD_01,66.2545
2024-01-16T01:59:00,STEAM_PRES_01,65.3799
2024-01-16T01:59:00,STEAM_FEED_01,352.328
2024-01-16T01:59:00,STEAM_TEMP_01,265.0559
2024-01-16T02:00:00,CORE_FLUX_01,1500521436486.6787
2024-01-16T02:00:00,CORE_FUEL_01,742.7631
2024-01-16T02:00:00,CORE_ROD_01,64.3654
2024-01-16T02:00:00,CORE_EXIT_01,318.7449
2024-01-16T02:00:00,STEAM_PRES_01,64.8669
2024-01-16T02:00:00,STEAM_FEED_01,352.5857
2024-01-16T02:00:00,STEAM_DELTA_01,25.0422
2024-01-16T02:00:00,STEAM_TEMP_01,264.9651
2024-01-16T02:01:00,CORE_FLUX_01,1462768571557.1213
2024-01-16T02:01:00,CORE_FUEL_01,743.4044
2024-01-16T02:01:00,CORE_ROD_01,64.6124
2024-01-16T02:01:00,STEAM_PRES_01,64.6555
2024-01-16T02:01:00,STEAM_FEED_01,348.5041
2024-01-16T02:01:00,STEAM_TEMP_01,264.9189
2024-01-16T02:02:00,CORE_FLUX_01,1497650888429.367
2024-01-16T02:02:00,CORE_FUEL_01,746.8321
2024-01-16T02:02:00,CORE_ROD_01,64.9706
2024-01-16T02:02:00,CORE_EXIT_01,320.4383
2024-01-16T02:02:00,STEAM_PRES_01,64.9927
2024-01-16T02:02:00,STEAM_FEED_01,349.2178
2024-01-16T02:02:00,STEAM_DELTA_01,25.0744
2024-01-16T02:02:00,STEAM_TEMP_01,266.7076
2024-01-16T02:03:00,CORE_FLUX_01,1482819398829.306
2024-01-16T02:03:00,CORE_FUEL_01,741.1505
2024-01-16T02:03:00,CORE_ROD_01,65.1573
2024-01-16T02:03:00,STEAM_PRES_01,64.9187
2024-01-16T02:03:00,STEAM_FEED_01,348.6427
2024-01-16T02:03:00,STEAM_TEMP_01,264.7782
2024-01-16T02:04:00,CORE_FLUX_01,1559037802947.0283
2024-01-16T02:04:00,CORE_FUEL_01,746.6454
2024-01-16T02:04:00,CORE_ROD_01,66.2315
2024-01-16T02:04:00,CORE_EXIT_01,319.7435
2024-01-16T02:04:00,STEAM_PRES_01,64.7949
2024-01-16T02:04:00,STEAM_FEED_01,347.9945
2024-01-16T02:04:00,STEAM_DELTA_01,24.6232
2024-01-16T02:04:00,STEAM_TEMP_01,264.5175
2024-01-16T02:05:00,CORE_FLUX_01,1523660897989.9587
2024-01-16T02:05:00,CORE_FUEL_01,752.7814
2024-01-16T02:05:00,CORE_ROD_01,66.0994
2024-01-16T02:05:00,STEAM_PRES_01,64.9059
2024-01-16T02:05:00,STEAM_FEED_01,349.0161
2024-01-16T02:05:00,STEAM_TEMP_01,264.8595
2024-01-16T02:06:00,CORE_FLUX_01,1485880619371.03
2024-01-16T02:06:00,CORE_FUEL_01,753.6062
2024-01-16T02:06:00,CORE_ROD_01,65.3716
2024-01-16T02:06:00,CORE_EXIT_01,318.504
2024-01-16T02:06:00,STEAM_PRES_01,65.119
2024-01-16T02:06:00,STEAM_FEED_01,354.492
2024-01-16T02:06:00,STEAM_DELTA_01,25.3174
2024-01-16T02:06:00,STEAM_TEMP_01,265.4145
2024-01-16T02:07:00,CORE_FLUX_01,1551576559079.9104
2024-01-16T02:07:00,CORE_FUEL_01,760.8672
2024-01-16T02:07:00,CORE_ROD_01,65.5434
2024-01-16T02:07:00,STEAM_PRES_01,65.2972
2024-01-16T02:07:00,STEAM_FEED_01,352.2606
2024-01-16T02:07:00,STEAM_TEMP_01,265.8952
2024-01-16T02:08:00,CORE_FLUX_01,1544658609477.581
2024-01-16T02:08:00,CORE_FUEL_01,748.4186
2024-01-16T02:08:00,CORE_ROD_01,64.2265
2024-01-16T02:08:00,CORE_EXIT_01,319.8177
2024-01-16T02:08:00,STEAM_PRES_01,64.8388
2024-01-16T02:08:00,STEAM_FEED_01,350.0347
2024-01-16T02:08:00,STEAM_DELTA_01,24.8343
2024-01-16T02:08:00,STEAM_TEMP_01,265.3487
2024-01-16T02:09:00,CORE_FLUX_01,1488787916842.8064
2024-01-16T02:09:00,CORE_FUEL_01,750.5604
2024-01-16T02:09:00,CORE_ROD_01,65.189
2024-01-16T02:09:00,STEAM_PRES_01,65.1718
2024-01-16T02:09:00,STEAM_FEED_01,351.3861
2024-01-16T02:09:00,STEAM_TEMP_01,265.8757
2024-01-16T02:10:00,CORE_FLUX_01,1519749439119.2256
2024-01-16T02:10:00,CORE_FUEL_01,748.5233
2024-01-16T02:10:00,CORE_ROD_01,65.5799
2024-01-16T02:10:00,CORE_EXIT_01,319.2535
2024-01-16T02:10:00,STEAM_PRES_01,65.0529
2024-01-16T02:10:00,STEAM_FEED_01,350.4805
2024-01-16T02:10:00,STEAM_DELTA_01,25.1868
2024-01-16T02:10:00,STEAM_TEMP_01,265.0989
2024-01-16T02:11:00,CORE_FLUX_01,1487801690806.4226
2024-01-16T02:11:00,CORE_FUEL_01,746.4461
2024-01-16T02:11:00,CORE_ROD_01,65.8262
2024-01-16T02:11:00,STEAM_PRES_01,64.6727
2024-01-16T02:11:00,STEAM_FEED_01,346.713
2024-01-16T02:11:00,STEAM_TEMP_01,262.5057
2024-01-16T02:12:00,CORE_FLUX_01,1426359344471.5002
2024-01-16T02:12:00,CORE_FUEL_01,749.6346
2024-01-16T02:12:00,CORE_ROD_01,64.3875
2024-01-16T02:12:00,CORE_EXIT_01,320.0173
2024-01-16T02:12:00,STEAM_PRES_01,64.9753
2024-01-16T02:12:00,STEAM_FEED_01,349.4595
2024-01-16T02:12:00,STEAM_DELTA_01,24.867
2024-01-16T02:12:00,STEAM_TEMP_01,265.4203
2024-01-16T02:13:00,CORE_FLUX_01,1539561936775.2742
2024-01-16T02:13:00,CORE_FUEL_01,761.1974
2024-01-16T02:13:00,CORE_ROD_01,66.8089
2024-01-16T02:13:00,STEAM_PRES_01,65.1369
2024-01-16T02:13:00,STEAM_FEED_01,351.4312
2024-01-16T02:13:00,STEAM_TEMP_01,265.8279
2024-01-16T02:14:00,CORE_FLUX_01,1527565014523.2249
2024-01-16T02:14:00,CORE_FUEL_01,754.1706
2024-01-16T02:14:00,CORE_ROD_01,66.3484
2024-01-16T02:14:00,CORE_EXIT_01,319.2885
2024-01-16T02:14:00,STEAM_PRES_01,64.9546
2024-01-16T02:14:00,STEAM_FEED_01,351.6028
2024-01-16T02:14:00,STEAM_DELTA_01,24.7494
2024-01-16T02:14:00,STEAM_TEMP_01,264.3632
2024-01-16T02:15:00,CORE_FLUX_01,1522282526474.8616
2024-01-16T02:15:00,CORE_FUEL_01,744.9425
2024-01-16T02:15:00,CORE_ROD_01,65.821
2024-01-16T02:15:00,STEAM_PRES_01,65.0473
2024-01-16T02:15:00,STEAM_FEED_01,349.4418
2024-01-16T02:15:00,STEAM_TEMP_01,265.5119
2024-01-16T02:16:00,CORE_FLUX_01,1536515948460.7952
2024-01-16T02:16:00,CORE_FUEL_01,739.0758
2024-01-16T02:16:00,CORE_ROD_01,65.8485
2024-01-16T02:16:00,CORE_EXIT_01,319.7277
2024-01-16T02:16:00,STEAM_PRES_01,64.8018
2024-01-16T02:16:00,STEAM_FEED_01,349.3552
2024-01-16T02:16:00,STEAM_DELTA_01,24.7767
2024-01-16T02:16:00,STEAM_TEMP_01,264.7303
2024-01-16T02:17:00,CORE_FLUX_01,1517258493326.3757
2024-01-16T02:17:00,CORE_FUEL_01,764.3882
2024-01-16T02:17:00,CORE_ROD_01,65.7466
2024-01-16T02:17:00,STEAM_PRES_01,64.5712
2024-01-16T02:17:00,STEAM_FEED_01,342.3693
2024-01-16T02:17:00,STEAM_TEMP_01,264.3846
2024-01-16T02:18:00,CORE_FLUX_01,1474884325982.7063
2024-01-16T02:18:00,CORE_FUEL_01,772.1158
2024-01-16T02:18:00,CORE_ROD_01,63.7891
2024-01-16T02:18:00,CORE_EXIT_01,319.1506
2024-01-16T02:18:00,STEAM_PRES_01,65.1814
2024-01-16T02:18:00,STEAM_FEED_01,350.2987
2024-01-16T02:18:00,STEAM_DELTA_01,25.2023
2024-01-16T02:18:00,STEAM_TEMP_01,265.1398
2024-01-16T02:19:00,CORE_FLUX_01,1522795807088.1633
2024-01-16T02:19:00,CORE_FUEL_01,768.9589
2024-01-16T02:19:00,CORE_ROD_01,63.2674
2024-01-16T02:19:00,STEAM_PRES_01,64.8637
2024-01-16T02:19:00,STEAM_FEED_01,350.0915
2024-01-16T02:19:00,STEAM_TEMP_01,265.3735
2024-01-16T02:20:00,CORE_FLUX_01,1543168215372.1758
2024-01-16T02:20:00,CORE_FUEL_01,754.2708
2024-01-16T02:20:00,CORE_ROD_01,66.2637
2024-01-16T02:20:00,CORE_EXIT_01,321.9001
2024-01-16T02:20:00,STEAM_PRES_01,64.9526
2024-01-16T02:20:00,STEAM_FEED_01,351.9045
2024-01-16T02:20:00,STEAM_DELTA_01,25.4041
2024-01-16T02:20:00,STEAM_TEMP_01,264.8291
2024-01-16T02:21:00,CORE_FLUX_01,1503885283943.1548
2024-01-16T02:21:00,CORE_FUEL_01,775.3688
2024-01-16T02:21:00,CORE_ROD_01,62.7734
2024-01-16T02:21:00,STEAM_PRES_01,64.8723
2024-01-16T02:21:00,STEAM_FEED_01,351.3236
2024-01-16T02:21:00,STEAM_TEMP_01,265.0953
2024-01-16T02:22:00,CORE_FLUX_01,1512587490127.1174
2024-01-16T02:22:00,CORE_FUEL_01,744.0632
2024-01-16T02:22:00,CORE_ROD_01,65.5165
2024-01-16T02:22:00,CORE_EXIT_01,320.72
2024-01-16T02:22:00,STEAM_PRES_01,65.0685
2024-01-16T02:22:00,STEAM_FEED_01,349.5004
2024-01-16T02:22:00,STEAM_DELTA_01,25.0641
2024-01-16T02:22:00,STEAM_TEMP_01,265.1579
2024-01-16T02:23:00,CORE_FLUX_01,1535499393798.063
2024-01-16T02:23:00,CORE_FUEL_01,771.2347
2024-01-16T02:23:00,CORE_ROD_01,65.0625
2024-01-16T02:23:00,STEAM_PRES_01,65.4867
2024-01-16T02:23:00,STEAM_FEED_01,350.1613
2024-01-16T02:23:00,STEAM_TEMP_01,265.0927
2024-01-16T02:24:00,CORE_FLUX_01,1579797685966.2573
2024-01-16T02:24:00,CORE_FUEL_01,750.9668
2024-01-16T02:24:00,CORE_ROD_01,63.8918
2024-01-16T02:24:00,CORE_EXIT_01,322.9852
2024-01-16T02:24:00,STEAM_PRES_01,64.8287
2024-01-16T02:24:00,STEAM_FEED_01,348.3648
2024-01-16T02:24:00,STEAM_DELTA_01,24.8953
2024-01-16T02:24:00,STEAM_TEMP_01,264.9327
2024-01-16T02:25:00,CORE_FLUX_01,1537443726241.5933
2024-01-16T02:25:00,CORE_FUEL_01,757.5758
2024-01-16T02:25:00,CORE_ROD_01,63.9726
2024-01-16T02:25:00,STEAM_PRES_01,65.2375
2024-01-16T02:25:00,STEAM_FEED_01,349.2522
2024-01-16T02:25:00,STEAM_TEMP_01,265.0661
2024-01-16T02:26:00,CORE_FLUX_01,1522361480522.6414
2024-01-16T02:26:00,CORE_FUEL_01,747.4589
2024-01-16T02:26:00,CORE_ROD_01,64.143
2024-01-16T02:26:00,CORE_EXIT_01,321.4833
2024-01-16T02:26:00,STEAM_PRES_01,65.1017
2024-01-16T02:26:00,STEAM_FEED_01,351.3534
2024-01-16T02:26:00,STEAM_DELTA_01,25.007
2024-01-16T02:26:00,STEAM_TEMP_01,266.3655
2024-01-16T02:27:00,CORE_FLUX_01,1480102439113.0386
2024-01-16T02:27:00,CORE_FUEL_01,759.2852
2024-01-16T02:27:00,CORE_ROD_01,63.4352
2024-01-16T02:27:00,STEAM_PRES_01,65.0691
2024-01-16T02:27:00,STEAM_FEED_01,350.1017
2024-01-16T02:27:00,STEAM_TEMP_01,264.7759
2024-01-16T02:28:00,CORE_FLUX_01,1521267411325.5176
2024-01-16T02:28:00,CORE_FUEL_01,737.0252
2024-01-16T02:28:00,CORE_ROD_01,65.1458
2024-01-16T02:28:00,CORE_EXIT_01,318.7136
2024-01-16T02:28:00,STEAM_PRES_01,64.8263
2024-01-16T02:28:00,STEAM_FEED_01,347.9945
2024-01-16T02:28:00,STEAM_DELTA_01,24.7818
2024-01-16T02:28:00,STEAM_TEMP_01,264.6113
2024-01-16T02:29:00,CORE_FLUX_01,1526026552328.7659
2024-01-16T02:29:00,CORE_FUEL_01,753.9499
2024-01-16T02:29:00,CORE_ROD_01,64.1516
2024-01-16T02:29:00,STEAM_PRES_01,64.8272
2024-01-16T02:29:00,STEAM_FEED_01,350.2955
2024-01-16T02:29:00,STEAM_TEMP_01,265.2911
2024-01-16T02:30:00,CORE_FLUX_01,1525438689527.1885
2024-01-16T02:30:00,CORE_FUEL_01,745.4031
2024-01-16T02:30:00,CORE_ROD_01,65.8939
2024-01-16T02:30:00,CORE_EXIT_01,321.0933
2024-01-16T02:30:00,STEAM_PRES_01,65.2816
2024-01-16T02:30:00,STEAM_FEED_01,352.6117
2024-01-16T02:30:00,STEAM_DELTA_01,25.3131
2024-01-16T02:30:00,STEAM_TEMP_01,265.7524
2024-01-16T02:31:00,CORE_FLUX_01,1549290492202.2014
2024-01-16T02:31:00,CORE_FUEL_01,754.2389
2024-01-16T02:31:00,CORE_ROD_01,65.6507
2024-01-16T02:31:00,STEAM_PRES_01,64.8472
2024-01-16T02:31:00,STEAM_FEED_01,346.8535
2024-01-16T02:31:00,STEAM_TEMP_01,264.9017
2024-01-16T02:32:00,CORE_FLUX_01,1544443168995.3445
2024-01-16T02:32:00,CORE_FUEL_01,772.3031
2024-01-16T02:32:00,CORE_ROD_01,65.2738
2024-01-16T02:32:00,CORE_EXIT_01,321.3029
2024-01-16T02:32:00,STEAM_PRES_01,65.1553
2024-01-16T02:32:00,STEAM_FEED_01,351.7021
2024-01-16T02:32:00,STEAM_DELTA_01,25.5952
2024-01-16T02:32:00,STEAM_TEMP_01,266.271
2024-01-16T02:33:00,CORE_FLUX_01,1509916121505.0078
2024-01-16T02:33:00,CORE_FUEL_01,752.7184
2024-01-16T02:33:00,CORE_ROD_01,63.9763
2024-01-16T02:33:00,STEAM_PRES_01,65.5847
2024-01-16T02:33:00,STEAM_FEED_01,351.9616
2024-01-16T02:33:00,STEAM_TEMP_01,265.6437
2024-01-16T02:34:00,CORE_FLUX_01,1492841685994.1328
2024-01-16T02:34:00,CORE_FUEL_01,752.3175
2024-01-16T02:34:00,CORE_ROD_01,62.6199
2024-01-16T02:34:00,CORE_EXIT_01,320.0899
2024-01-16T02:34:00,STEAM_PRES_01,64.9256
2024-01-16T02:34:00,STEAM_FEED_01,352.1902
2024-01-16T02:34:00,STEAM_DELTA_01,25.3128
2024-01-16T02:34:00,STEAM_TEMP_01,265.0673
2024-01-16T02:35:00,CORE_FLUX_01,1542222102820.547
2024-01-16T02:35:00,CORE_FUEL_01,766.7106
2024-01-16T02:35:00,CORE_ROD_01,63.7066
2024-01-16T02:35:00,STEAM_PRES_01,64.916
2024-01-16T02:35:00,STEAM_FEED_01,346.5938
2024-01-16T02:35:00,STEAM_TEMP_01,264.8848
2024-01-16T02:36:00,CORE_FLUX_01,1494250731964.1953
2024-01-16T02:36:00,CORE_FUEL_01,761.6728
2024-01-16T02:36:00,CORE_ROD_01,64.2218
2024-01-16T02:36:00,CORE_EXIT_01,324.5881
2024-01-16T02:36:00,STEAM_PRES_01,65.0034
2024-01-16T02:36:00,STEAM_FEED_01,349.1248
2024-01-16T02:36:00,STEAM_DELTA_01,25.1507
2024-01-16T02:36:00,STEAM_TEMP_01,265.4397
2024-01-16T02:37:00,CORE_FLUX_01,1557274402445.0132
2024-01-16T02:37:00,CORE_FUEL_01,777.9025
2024-01-16T02:37:00,CORE_ROD_01,64.0826
2024-01-16T02:37:00,STEAM_PRES_01,65.1476
2024-01-16T02:37:00,STEAM_FEED_01,352.7785
2024-01-16T02:37:00,STEAM_TEMP_01,265.8831
2024-01-16T02:38:00,CORE_FLUX_01,1542512018576.2153
2024-01-16T02:38:00,CORE_FUEL_01,746.342
2024-01-16T02:38:00,CORE_ROD_01,64.701
2024-01-16T02:38:00,CORE_EXIT_01,321.97
2024-01-16T02:38:00,STEAM_PRES_01,64.8949
2024-01-16T02:38:00,STEAM_FEED_01,348.213
2024-01-16T02:38:00,STEAM_DELTA_01,24.8047
2024-01-16T02:38:00,STEAM_TEMP_01,264.7967
2024-01-16T02:39:00,CORE_FLUX_01,1509050845304.9597
2024-01-16T02:39:00,CORE_FUEL_01,748.1443
2024-01-16T02:39:00,CORE_ROD_01,65.0002
2024-01-16T02:39:00,STEAM_PRES_01,64.9449
2024-01-16T02:39:00,STEAM_FEED_01,352.6747
2024-01-16T02:39:00,STEAM_TEMP_01,265.1342
2024-01-16T02:40:00,CORE_FLUX_01,1573593174523.2722
2024-01-16T02:40:00,CORE_FUEL_01,764.9954
2024-01-16T02:40:00,CORE_ROD_01,64.5056
2024-01-16T02:40:00,CORE_EXIT_01,322.3862
2024-01-16T02:40:00,STEAM_PRES_01,64.7579
2024-01-16T02:40:00,STEAM_FEED_01,349.967
2024-01-16T02:40:00,STEAM_DELTA_01,24.9116
2024-01-16T02:40:00,STEAM_TEMP_01,264.1739
2024-01-16T02:41:00,CORE_FLUX_01,1565411142636.1052
2024-01-16T02:41:00,CORE_FUEL_01,773.6893
2024-01-16T02:41:00,CORE_ROD_01,62.7505
2024-01-16T02:41:00,STEAM_PRES_01,64.888
2024-01-16T02:41:00,STEAM_FEED_01,347.7479
2024-01-16T02:41:00,STEAM_TEMP_01,264.4481
2024-01-16T02:42:00,CORE_FLUX_01,1474743069666.2415
2024-01-16T02:42:00,CORE_FUEL_01,770.4153
2024-01-16T02:42:00,CORE_ROD_01,64.2875
2024-01-16T02:42:00,CORE_EXIT_01,320.9372
2024-01-16T02:42:00,STEAM_PRES_01,64.8264
2024-01-16T02:42:00,STEAM_FEED_01,352.1131
2024-01-16T02:42:00,STEAM_DELTA_01,24.938
2024-01-16T02:42:00,STEAM_TEMP_01,265.0664
2024-01-16T02:43:00,CORE_FLUX_01,1540753240236.5964
2024-01-16T02:43:00,CORE_FUEL_01,764.1794
2024-01-16T02:43:00,CORE_ROD_01,64.4496
2024-01-16T02:43:00,STEAM_PRES_01,65.2919
2024-01-16T02:43:00,STEAM_FEED_01,346.7578
2024-01-16T02:43:00,STEAM_TEMP_01,265.6429
2024-01-16T02:44:00,CORE_FLUX_01,1538246612455.6355
2024-01-16T02:44:00,CORE_FUEL_01,751.7518
2024-01-16T02:44:00,CORE_ROD_01,65.5457
2024-01-16T02:44:00,CORE_EXIT_01,320.0921
2024-01-16T02:44:00,STEAM_PRES_01,65.0084
2024-01-16T02:44:00,STEAM_FEED_01,352.6361
2024-01-16T02:44:00,STEAM_DELTA_01,25.3177
2024-01-16T02:44:00,STEAM_TEMP_01,265.5938
2024-01-16T02:45:00,CORE_FLUX_01,1530446802972.331
2024-01-16T02:45:00,CORE_FUEL_01,756.5676
2024-01-16T02:45:00,CORE_ROD_01,63.6938
2024-01-16T02:45:00,STEAM_PRES_01,64.9441
2024-01-16T02:45:00,STEAM_FEED_01,346.5918
2024-01-16T02:45:00,STEAM_TEMP_01,264.9605
2024-01-16T02:46:00,CORE_FLUX_01,1539043469665.4944
2024-01-16T02:46:00,CORE_FUEL_01,754.4468
2024-01-16T02:46:00,CORE_ROD_01,63.2628
2024-01-16T02:46:00,CORE_EXIT_01,322.8845
2024-01-16T02:46:00,STEAM_PRES_01,65.0698
2024-01-16T02:46:00,STEAM_FEED_01,350.3018
2024-01-16T02:46:00,STEAM_DELTA_01,25.1867
2024-01-16T02:46:00,STEAM_TEMP_01,265.2317
2024-01-16T02:47:00,CORE_FLUX_01,1537586299183.1313
2024-01-16T02:47:00,CORE_FUEL_01,755.2863
2024-01-16T02:47:00,CORE_ROD_01,64.1402
2024-01-16T02:47:00,STEAM_PRES_01,64.9593
2024-01-16T02:47:00,STEAM_FEED_01,350.0152
2024-01-16T02:47:00,STEAM_TEMP_01,265.2385
2024-01-16T02:48:00,CORE_FLUX_01,1516433540872.5327
2024-01-16T02:48:00,CORE_FUEL_01,759.3867
2024-01-16T02:48:00,CORE_ROD_01,63.8354
2024-01-16T02:48:00,CORE_EXIT_01,322.8793
2024-01-16T02:48:00,STEAM_PRES_01,64.7545
2024-01-16T02:48:00,STEAM_FEED_01,348.1603
2024-01-16T02:48:00,STEAM_DELTA_01,25.147
2024-01-16T02:48:00,STEAM_TEMP_01,265.2521
2024-01-16T02:49:00,CORE_FLUX_01,1537171390966.7493
2024-01-16T02:49:00,CORE_FUEL_01,776.3647
2024-01-16T02:49:00,CORE_ROD_01,64.4483
2024-01-16T02:49:00,STEAM_PRES_01,65.263
2024-01-16T02:49:00,STEAM_FEED_01,352.8031
2024-01-16T02:49:00,STEAM_TEMP_01,265.7618
2024-01-16T02:50:00,CORE_FLUX_01,1523986241661.6626
2024-01-16T02:50:00,CORE_FUEL_01,757.9651
2024-01-16T02:50:00,CORE_ROD_01,64.8459
2024-01-16T02:50:00,CORE_EXIT_01,321.2778
2024-01-16T02:50:00,STEAM_PRES_01,65.2194
2024-01-16T02:50:00,STEAM_FEED_01,350.161
2024-01-16T02:50:00,STEAM_DELTA_01,25.3183
2024-01-16T02:50:00,STEAM_TEMP_01,265.7613
2024-01-16T02:51:00,CORE_FLUX_01,1559220816442.888
2024-01-16T02:51:00,CORE_FUEL_01,750.3928
2024-01-16T02:51:00,CORE_ROD_01,63.6632
2024-01-16T02:51:00,STEAM_PRES_01,65.0428
2024-01-16T02:51:00,STEAM_FEED_01,349.4219
2024-01-16T02:51:00,STEAM_TEMP_01,266.203
2024-01-16T02:52:00,CORE_FLUX_01,1569317060182.5857
2024-01-16T02:52:00,CORE_FUEL_01,752.0332
2024-01-16T02:52:00,CORE_ROD_01,65.0652
2024-01-16T02:52:00,CORE_EXIT_01,320.2068
2024-01-16T02:52:00,STEAM_PRES_01,64.9984
2024-01-16T02:52:00,STEAM_FEED_01,347.817
2024-01-16T02:52:00,STEAM_DELTA_01,25.1902
2024-01-16T02:52:00,STEAM_TEMP_01,266.2388
2024-01-16T02:53:00,CORE_FLUX_01,1549148315383.6575
2024-01-16T02:53:00,CORE_FUEL_01,770.6662
2024-01-16T02:53:00,CORE_ROD_01,62.296
2024-01-16T02:53:00,STEAM_PRES_01,64.8875
2024-01-16T02:53:00,STEAM_FEED_01,348.1788
2024-01-16T02:53:00,STEAM_TEMP_01,264.9392
2024-01-16T02:54:00,CORE_FLUX_01,1560286802367.7854
2024-01-16T02:54:00,CORE_FUEL_01,763.7485
2024-01-16T02:54:00,CORE_ROD_01,62.4913
2024-01-16T02:54:00,CORE_EXIT_01,321.0298
2024-01-16T02:54:00,STEAM_PRES_01,65.3568
2024-01-16T02:54:00,STEAM_FEED_01,348.3534
2024-01-16T02:54:00,STEAM_DELTA_01,24.9568
2024-01-16T02:54:00,STEAM_TEMP_01,264.8443
2024-01-16T02:55:00,CORE_FLUX_01,1569699203390.8877
2024-01-16T02:55:00,CORE_FUEL_01,757.2252
2024-01-16T02:55:00,CORE_ROD_01,65.0357
2024-01-16T02:55:00,STEAM_PRES_01,65.3761
2024-01-16T02:55:00,STEAM_FEED_01,350.4735
2024-01-16T02:55:00,STEAM_TEMP_01,266.5471
2024-01-16T02:56:00,CORE_FLUX_01,1564099622777.1443
2024-01-16T02:56:00,CORE_FUEL_01,770.7476
2024-01-16T02:56:00,CORE_ROD_01,63.0853
2024-01-16T02:56:00,CORE_EXIT_01,324.9116
2024-01-16T02:56:00,STEAM_PRES_01,65.3335
2024-01-16T02:56:00,STEAM_FEED_01,348.5561
2024-01-16T02:56:00,STEAM_DELTA_01,25.227
2024-01-16T02:56:00,STEAM_TEMP_01,265.6096
2024-01-16T02:57:00,CORE_FLUX_01,1512648413209.4656
2024-01-16T02:57:00,CORE_FUEL_01,771.4002
2024-01-16T02:57:00,CORE_ROD_01,63.4121
2024-01-16T02:57:00,STEAM_PRES_01,65.0649
2024-01-16T02:57:00,STEAM_FEED_01,348.0335
2024-01-16T02:57:00,STEAM_TEMP_01,266.3126
2024-01-16T02:58:00,CORE_FLUX_01,1558294587390.53
2024-01-16T02:58:00,CORE_FUEL_01,768.7696
2024-01-16T02:58:00,CORE_ROD_01,64.0516
2024-01-16T02:58:00,CORE_EXIT_01,321.08
2024-01-16T02:58:00,STEAM_PRES_01,65.0492
2024-01-16T02:58:00,STEAM_FEED_01,346.4257
2024-01-16T02:58:00,STEAM_DELTA_01,25.5244
2024-01-16T02:58:00,STEAM_TEMP_01,265.4759
2024-01-16T02:59:00,CORE_FLUX_01,1560235142272.6985
2024-01-16T02:59:00,CORE_FUEL_01,760.1736
2024-01-16T02:59:00,CORE_ROD_01,64.2336
2024-01-16T02:59:00,STEAM_PRES_01,65.2166
2024-01-16T02:59:00,STEAM_FEED_01,345.62
2024-01-16T02:59:00,STEAM_TEMP_01,266.3385
2024-01-16T03:00:00,CORE_FLUX_01,1544086130746.7249
2024-01-16T03:00:00,CORE_FUEL_01,768.2288
2024-01-16T03:00:00,CORE_ROD_01,63.2305
2024-01-16T03:00:00,CORE_EXIT_01,320.5887
2024-01-16T03:00:00,STEAM_PRES_01,65.417
2024-01-16T03:00:00,STEAM_FEED_01,344.4117
2024-01-16T03:00:00,STEAM_DELTA_01,25.3132
2024-01-16T03:00:00,STEAM_TEMP_01,265.4199
2024-01-16T03:01:00,CORE_FLUX_01,1577697205199.247
2024-01-16T03:01:00,CORE_FUEL_01,760.7643
2024-01-16T03:01:00,CORE_ROD_01,62.3047
2024-01-16T03:01:00,STEAM_PRES_01,65.3353
2024-01-16T03:01:00,STEAM_FEED_01,346.9575
2024-01-16T03:01:00,STEAM_TEMP_01,266.7477
2024-01-16T03:02:00,CORE_FLUX_01,1536445509480.8276
2024-01-16T03:02:00,CORE_FUEL_01,753.7154
2024-01-16T03:02:00,CORE_ROD_01,64.9952
2024-01-16T03:02:00,CORE_EXIT_01,323.9417
2024-01-16T03:02:00,STEAM_PRES_01,65.3069
2024-01-16T03:02:00,STEAM_FEED_01,345.6674
2024-01-16T03:02:00,STEAM_DELTA_01,25.3961
2024-01-16T03:02:00,STEAM_TEMP_01,266.481
2024-01-16T03:03:00,CORE_FLUX_01,1540680633033.2559
2024-01-16T03:03:00,CORE_FUEL_01,760.2426
2024-01-16T03:03:00,CORE_ROD_01,62.8638
2024-01-16T03:03:00,STEAM_PRES_01,64.9356
2024-01-16T03:03:00,STEAM_FEED_01,343.5585
2024-01-16T03:03:00,STEAM_TEMP_01,266.0385
2024-01-16T03:04:00,CORE_FLUX_01,1529804126997.8904
2024-01-16T03:04:00,CORE_FUEL_01,768.3757
2024-01-16T03:04:00,CORE_ROD_01,63.2571
2024-01-16T03:04:00,CORE_EXIT_01,323.402
2024-01-16T03:04:00,STEAM_PRES_01,65.4973
2024-01-16T03:04:00,STEAM_FEED_01,345.3963
2024-01-16T03:04:00,STEAM_DELTA_01,25.9359
2024-01-16T03:04:00,STEAM_TEMP_01,266.8658
2024-01-16T03:05:00,CORE_FLUX_01,1577985132027.0781
2024-01-16T03:05:00,CORE_FUEL_01,755.1089
2024-01-16T03:05:00,CORE_ROD_01,65.1945
2024-01-16T03:05:00,STEAM_PRES_01,65.8204
2024-01-16T03:05:00,STEAM_FEED_01,343.9554
2024-01-16T03:05:00,STEAM_TEMP_01,267.5522
2024-01-16T03:06:00,CORE_FLUX_01,1541932325027.8943
2024-01-16T03:06:00,CORE_FUEL_01,768.8886
2024-01-16T03:06:00,CORE_ROD_01,62.9281
2024-01-16T03:06:00,CORE_EXIT_01,323.5359
2024-01-16T03:06:00,STEAM_PRES_01,65.552
2024-01-16T03:06:00,STEAM_FEED_01,347.5275
2024-01-16T03:06:00,STEAM_DELTA_01,25.7664
2024-01-16T03:06:00,STEAM_TEMP_01,267.3169
2024-01-16T03:07:00,CORE_FLUX_01,1511212592356.1077
2024-01-16T03:07:00,CORE_FUEL_01,772.9333
2024-01-16T03:07:00,CORE_ROD_01,64.4765
2024-01-16T03:07:00,STEAM_PRES_01,65.7426
2024-01-16T03:07:00,STEAM_FEED_01,344.721
2024-01-16T03:07:00,STEAM_TEMP_01,267.3293
2024-01-16T03:08:00,CORE_FLUX_01,1598413157238.6897
2024-01-16T03:08:00,CORE_FUEL_01,770.3593
2024-01-16T03:08:00,CORE_ROD_01,63.2709
2024-01-16T03:08:00,CORE_EXIT_01,321.9872
2024-01-16T03:08:00,STEAM_PRES_01,65.6485
2024-01-16T03:08:00,STEAM_FEED_01,341.6143
2024-01-16T03:08:00,STEAM_DELTA_01,25.4404
2024-01-16T03:08:00,STEAM_TEMP_01,267.7938
2024-01-16T03:09:00,CORE_FLUX_01,1522739824234.1045
2024-01-16T03:09:00,CORE_FUEL_01,787.843
2024-01-16T03:09:00,CORE_ROD_01,64.0277
2024-01-16T03:09:00,STEAM_PRES_01,65.8337
2024-01-16T03:09:00,STEAM_FEED_01,343.5952
2024-01-16T03:09:00,STEAM_TEMP_01,266.7326
2024-01-16T03:10:00,CORE_FLUX_01,1591971138009.334
2024-01-16T03:10:00,CORE_FUEL_01,772.8146
2024-01-16T03:10:00,CORE_ROD_01,62.5233
2024-01-16T03:10:00,CORE_EXIT_01,323.4995
2024-01-16T03:10:00,STEAM_PRES_01,65.822
2024-01-16T03:10:00,STEAM_FEED_01,345.0021
2024-01-16T03:10:00,STEAM_DELTA_01,25.826
2024-01-16T03:10:00,STEAM_TEMP_01,266.9048
2024-01-16T03:11:00,CORE_FLUX_01,1588664614081.6067
2024-01-16T03:11:00,CORE_FUEL_01,779.5347
2024-01-16T03:11:00,CORE_ROD_01,62.6761
2024-01-16T03:11:00,STEAM_PRES_01,65.8671
2024-01-16T03:11:00,STEAM_FEED_01,342.1046
2024-01-16T03:11:00,STEAM_TEMP_01,267.534
2024-01-16T03:12:00,CORE_FLUX_01,1546867270817.0596
2024-01-16T03:12:00,CORE_FUEL_01,771.8386
2024-01-16T03:12:00,CORE_ROD_01,64.4633
2024-01-16T03:12:00,CORE_EXIT_01,320.1257
2024-01-16T03:12:00,STEAM_PRES_01,65.857
2024-01-16T03:12:00,STEAM_FEED_01,341.2734
2024-01-16T03:12:00,STEAM_DELTA_01,26.0652
2024-01-16T03:12:00,STEAM_TEMP_01,267.5527
2024-01-16T03:13:00,CORE_FLUX_01,1599591897978.3506
2024-01-16T03:13:00,CORE_FUEL_01,769.1224
2024-01-16T03:13:00,CORE_ROD_01,60.6951
2024-01-16T03:13:00,STEAM_PRES_01,65.6824
2024-01-16T03:13:00,STEAM_FEED_01,340.9906
2024-01-16T03:13:00,STEAM_TEMP_01,266.2652
2024-01-16T03:14:00,CORE_FLUX_01,1543265738447.516
2024-01-16T03:14:00,CORE_FUEL_01,765.8071
2024-01-16T03:14:00,CORE_ROD_01,63.7319
2024-01-16T03:14:00,CORE_EXIT_01,323.2338
2024-01-16T03:14:00,STEAM_PRES_01,65.9468
2024-01-16T03:14:00,STEAM_FEED_01,342.8631
2024-01-16T03:14:00,STEAM_DELTA_01,25.8432
2024-01-16T03:14:00,STEAM_TEMP_01,268.1208
2024-01-16T03:15:00,CORE_FLUX_01,1559363659354.7983
2024-01-16T03:15:00,CORE_FUEL_01,757.7904
2024-01-16T03:15:00,CORE_ROD_01,64.8773
2024-01-16T03:15:00,STEAM_PRES_01,65.7292
2024-01-16T03:15:00,STEAM_FEED_01,342.2404
2024-01-16T03:15:00,STEAM_TEMP_01,266.5721
2024-01-16T03:16:00,CORE_FLUX_01,1559100731056.1973
2024-01-16T03:16:00,CORE_FUEL_01,759.3765
2024-01-16T03:16:00,CORE_ROD_01,63.5154
2024-01-16T03:16:00,CORE_EXIT_01,324.5549
2024-01-16T03:16:00,STEAM_PRES_01,65.9711
2024-01-16T03:16:00,STEAM_FEED_01,341.2339
2024-01-16T03:16:00,STEAM_DELTA_01,26.1645
2024-01-16T03:16:00,STEAM_TEMP_01,267.5527
2024-01-16T03:17:00,CORE_FLUX_01,1586298690137.9402
2024-01-16T03:17:00,CORE_FUEL_01,776.7096
2024-01-16T03:17:00,CORE_ROD_01,64.2422
2024-01-16T03:17:00,STEAM_PRES_01,66.1259
2024-01-16T03:17:00,STEAM_FEED_01,340.0707
2024-01-16T03:17:00,STEAM_TEMP_01,267.7995
2024-01-16T03:18:00,CORE_FLUX_01,1472305761266.5225
2024-01-16T03:18:00,CORE_FUEL_01,776.7695
2024-01-16T03:18:00,CORE_ROD_01,61.7942
2024-01-16T03:18:00,CORE_EXIT_01,323.6532
2024-01-16T03:18:00,STEAM_PRES_01,66.2333
2024-01-16T03:18:00,STEAM_FEED_01,341.9937
2024-01-16T03:18:00,STEAM_DELTA_01,26.2129
2024-01-16T03:18:00,STEAM_TEMP_01,268.0799
2024-01-16T03:19:00,CORE_FLUX_01,1581363180012.7698
2024-01-16T03:19:00,CORE_FUEL_01,784.1439
2024-01-16T03:19:00,CORE_ROD_01,61.8179
2024-01-16T03:19:00,STEAM_PRES_01,66.2871
2024-01-16T03:19:00,STEAM_FEED_01,343.8551
2024-01-16T03:19:00,STEAM_TEMP_01,268.6438
2024-01-16T03:20:00,CORE_FLUX_01,1569591052506.721
2024-01-16T03:20:00,CORE_FUEL_01,762.593
2024-01-16T03:20:00,CORE_ROD_01,63.1284
2024-01-16T03:20:00,CORE_EXIT_01,324.2065
2024-01-16T03:20:00,STEAM_PRES_01,66.2102
2024-01-16T03:20:00,STEAM_FEED_01,337.547
2024-01-16T03:20:00,STEAM_DELTA_01,25.8888
2024-01-16T03:20:00,STEAM_TEMP_01,268.2828
2024-01-16T03:21:00,CORE_FLUX_01,1530951486919.811
2024-01-16T03:21:00,CORE_FUEL_01,777.2327
2024-01-16T03:21:00,CORE_ROD_01,63.2185
2024-01-16T03:21:00,STEAM_PRES_01,66.0363
2024-01-16T03:21:00,STEAM_FEED_01,336.3823
2024-01-16T03:21:00,STEAM_TEMP_01,268.0052
2024-01-16T03:22:00,CORE_FLUX_01,1533394920886.2488
2024-01-16T03:22:00,CORE_FUEL_01,779.7986
2024-01-16T03:22:00,CORE_ROD_01,62.4265
2024-01-16T03:22:00,CORE_EXIT_01,323.5958
2024-01-16T03:22:00,STEAM_PRES_01,66.1831
2024-01-16T03:22:00,STEAM_FEED_01,340.4328
2024-01-16T03:22:00,STEAM_DELTA_01,26.3467
2024-01-16T03:22:00,STEAM_TEMP_01,267.1129
2024-01-16T03:23:00,CORE_FLUX_01,1549248662444.648
2024-01-16T03:23:00,CORE_FUEL_01,768.2883
2024-01-16T03:23:00,CORE_ROD_01,62.5858
2024-01-16T03:23:00,STEAM_PRES_01,65.7444
2024-01-16T03:23:00,STEAM_FEED_01,338.4697
2024-01-16T03:23:00,STEAM_TEMP_01,268.8714
2024-01-16T03:24:00,CORE_FLUX_01,1579303516793.1357
2024-01-16T03:24:00,CORE_FUEL_01,786.9215
2024-01-16T03:24:00,CORE_ROD_01,62.9339
2024-01-16T03:24:00,CORE_EXIT_01,323.7996
2024-01-16T03:24:00,STEAM_PRES_01,66.3818
2024-01-16T03:24:00,STEAM_FEED_01,337.6696
2024-01-16T03:24:00,STEAM_DELTA_01,26.094
2024-01-16T03:24:00,STEAM_TEMP_01,267.8315
2024-01-16T03:25:00,CORE_FLUX_01,1553932193373.941
2024-01-16T03:25:00,CORE_FUEL_01,781.8887
2024-01-16T03:25:00,CORE_ROD_01,61.98
2024-01-16T03:25:00,STEAM_PRES_01,65.7372
2024-01-16T03:25:00,STEAM_FEED_01,336.5684
2024-01-16T03:25:00,STEAM_TEMP_01,268.7058
2024-01-16T03:26:00,CORE_FLUX_01,1502324917402.2495
2024-01-16T03:26:00,CORE_FUEL_01,758.0384
2024-01-16T03:26:00,CORE_ROD_01,63.3134
2024-01-16T03:26:00,CORE_EXIT_01,323.219
2024-01-16T03:26:00,STEAM_PRES_01,66.1962
2024-01-16T03:26:00,STEAM_FEED_01,338.8105
2024-01-16T03:26:00,STEAM_DELTA_01,26.3816
2024-01-16T03:26:00,STEAM_TEMP_01,269.1294
2024-01-16T03:27:00,CORE_FLUX_01,1581992499356.9136
2024-01-16T03:27:00,CORE_FUEL_01,765.2781
2024-01-16T03:27:00,CORE_ROD_01,62.0168
2024-01-16T03:27:00,STEAM_PRES_01,66.019
2024-01-16T03:27:00,STEAM_FEED_01,335.5002
2024-01-16T03:27:00,STEAM_TEMP_01,268.6107
2024-01-16T03:28:00,CORE_FLUX_01,1593921981374.7786
2024-01-16T03:28:00,CORE_FUEL_01,782.3717
2024-01-16T03:28:00,CORE_ROD_01,64.288
2024-01-16T03:28:00,CORE_EXIT_01,322.3963
2024-01-16T03:28:00,STEAM_PRES_01,66.2287
2024-01-16T03:28:00,STEAM_FEED_01,339.9285
2024-01-16T03:28:00,STEAM_DELTA_01,26.3698
2024-01-16T03:28:00,STEAM_TEMP_01,270.2172
2024-01-16T03:29:00,CORE_FLUX_01,1580656464988.7412
2024-01-16T03:29:00,CORE_FUEL_01,775.4423
2024-01-16T03:29:00,CORE_ROD_01,62.1653
2024-01-16T03:29:00,STEAM_PRES_01,66.0063
2024-01-16T03:29:00,STEAM_FEED_01,337.9162
2024-01-16T03:29:00,STEAM_TEMP_01,269.3378
2024-01-16T03:30:00,CORE_FLUX_01,1549961228110.6748
2024-01-16T03:30:00,CORE_FUEL_01,761.7843
2024-01-16T03:30:00,CORE_ROD_01,63.6687
2024-01-16T03:30:00,CORE_EXIT_01,324.2706
2024-01-16T03:30:00,STEAM_PRES_01,66.2142
2024-01-16T03:30:00,STEAM_FEED_01,337.0841
2024-01-16T03:30:00,STEAM_DELTA_01,26.5603
2024-01-16T03:30:00,STEAM_TEMP_01,268.7125
2024-01-16T03:31:00,CORE_FLUX_01,1530338273870.4636
2024-01-16T03:31:00,CORE_FUEL_01,760.3329
2024-01-16T03:31:00,CORE_ROD_01,63.1191
2024-01-16T03:31:00,STEAM_PRES_01,66.6673
2024-01-16T03:31:00,STEAM_FEED_01,336.6932
2024-01-16T03:31:00,STEAM_TEMP_01,269.5593
2024-01-16T03:32:00,CORE_FLUX_01,1548714249068.8145
2024-01-16T03:32:00,CORE_FUEL_01,775.7906
2024-01-16T03:32:00,CORE_ROD_01,64.2017
2024-01-16T03:32:00,CORE_EXIT_01,321.9841
2024-01-16T03:32:00,STEAM_PRES_01,66.4607
2024-01-16T03:32:00,STEAM_FEED_01,338.3462
2024-01-16T03:32:00,STEAM_DELTA_01,26.7903
2024-01-16T03:32:00,STEAM_TEMP_01,269.9757
2024-01-16T03:33:00,CORE_FLUX_01,1566257295498.9072
2024-01-16T03:33:00,CORE_FUEL_01,789.4772
2024-01-16T03:33:00,CORE_ROD_01,62.387
2024-01-16T03:33:00,STEAM_PRES_01,66.6457
2024-01-16T03:33:00,STEAM_FEED_01,337.3599
2024-01-16T03:33:00,STEAM_TEMP_01,269.0437
2024-01-16T03:34:00,CORE_FLUX_01,1549975064257.9353
2024-01-16T03:34:00,CORE_FUEL_01,785.2314
2024-01-16T03:34:00,CORE_ROD_01,63.5883
2024-01-16T03:34:00,CORE_EXIT_01,324.8624
2024-01-16T03:34:00,STEAM_PRES_01,66.5065
2024-01-16T03:34:00,STEAM_FEED_01,336.2121
2024-01-16T03:34:00,STEAM_DELTA_01,26.7779
2024-01-16T03:34:00,STEAM_TEMP_01,270.8268
2024-01-16T03:35:00,CORE_FLUX_01,1565042223915.4343
2024-01-16T03:35:00,CORE_FUEL_01,797.2931
2024-01-16T03:35:00,CORE_ROD_01,63.3802
2024-01-16T03:35:00,STEAM_PRES_01,66.3867
2024-01-16T03:35:00,STEAM_FEED_01,335.7469
2024-01-16T03:35:00,STEAM_TEMP_01,269.6115
2024-01-16T03:36:00,CORE_FLUX_01,1579847896520.825
2024-01-16T03:36:00,CORE_FUEL_01,768.6706
2024-01-16T03:36:00,CORE_ROD_01,63.526
2024-01-16T03:36:00,CORE_EXIT_01,322.1969
2024-01-16T03:36:00,STEAM_PRES_01,66.0057
2024-01-16T03:36:00,STEAM_FEED_01,331.2619
2024-01-16T03:36:00,STEAM_DELTA_01,26.4648
2024-01-16T03:36:00,STEAM_TEMP_01,269.1182
2024-01-16T03:37:00,CORE_FLUX_01,1534278459925.791
2024-01-16T03:37:00,CORE_FUEL_01,792.0087
2024-01-16T03:37:00,CORE_ROD_01,63.9865
2024-01-16T03:37:00,STEAM_PRES_01,66.3723
2024-01-16T03:37:00,STEAM_FEED_01,335.5706
2024-01-16T03:37:00,STEAM_TEMP_01,269.3821
2024-01-16T03:38:00,CORE_FLUX_01,1485442499178.6895
2024-01-16T03:38:00,CORE_FUEL_01,781.2819
2024-01-16T03:38:00,CORE_ROD_01,62.8228
2024-01-16T03:38:00,CORE_EXIT_01,323.4701
2024-01-16T03:38:00,STEAM_PRES_01,66.8473
2024-01-16T03:38:00,STEAM_FEED_01,334.0122
2024-01-16T03:38:00,STEAM_DELTA_01,26.6082
2024-01-16T03:38:00,STEAM_TEMP_01,270.1848
2024-01-16T03:39:00,CORE_FLUX_01,1593257579071.714
2024-01-16T03:39:00,CORE_FUEL_01,779.7311
2024-01-16T03:39:00,CORE_ROD_01,61.8418
2024-01-16T03:39:00,STEAM_PRES_01,66.7393
2024-01-16T03:39:00,STEAM_FEED_01,334.8634
2024-01-16T03:39:00,STEAM_TEMP_01,269.9745
2024-01-16T03:40:00,CORE_FLUX_01,1549329554599.9165
2024-01-16T03:40:00,CORE_FUEL_01,783.1899
2024-01-16T03:40:00,CORE_ROD_01,62.3193
2024-01-16T03:40:00,CORE_EXIT_01,322.976
2024-01-16T03:40:00,STEAM_PRES_01,66.8684
2024-01-16T03:40:00,STEAM_FEED_01,336.8178
2024-01-16T03:40:00,STEAM_DELTA_01,27.054
2024-01-16T03:40:00,STEAM_TEMP_01,270.5133
2024-01-16T03:41:00,CORE_FLUX_01,1582242606446.766
2024-01-16T03:41:00,CORE_FUEL_01,781.3179
2024-01-16T03:41:00,CORE_ROD_01,61.9067
2024-01-16T03:41:00,STEAM_PRES_01,66.6943
2024-01-16T03:41:00,STEAM_FEED_01,336.4731
2024-01-16T03:41:00,STEAM_TEMP_01,270.0731
2024-01-16T03:42:00,CORE_FLUX_01,1606055803791.0647
2024-01-16T03:42:00,CORE_FUEL_01,789.6385
2024-01-16T03:42:00,CORE_ROD_01,64.3329
2024-01-16T03:42:00,CORE_EXIT_01,324.4295
2024-01-16T03:42:00,STEAM_PRES_01,66.7308
2024-01-16T03:42:00,STEAM_FEED_01,337.697
2024-01-16T03:42:00,STEAM_DELTA_01,26.6934
2024-01-16T03:42:00,STEAM_TEMP_01,270.2987
2024-01-16T03:43:00,CORE_FLUX_01,1621058730330.9233
2024-01-16T03:43:00,CORE_FUEL_01,780.7765
2024-01-16T03:43:00,CORE_ROD_01,61.8606
2024-01-16T03:43:00,STEAM_PRES_01,66.5129
2024-01-16T03:43:00,STEAM_FEED_01,335.3854
2024-01-16T03:43:00,STEAM_TEMP_01,271.1764
2024-01-16T03:44:00,CORE_FLUX_01,1523538562184.5935
2024-01-16T03:44:00,CORE_FUEL_01,773.9567
2024-01-16T03:44:00,CORE_ROD_01,61.1404
2024-01-16T03:44:00,CORE_EXIT_01,323.2718
2024-01-16T03:44:00,STEAM_PRES_01,66.5734
2024-01-16T03:44:00,STEAM_FEED_01,332.1259
2024-01-16T03:44:00,STEAM_DELTA_01,26.6223
2024-01-16T03:44:00,STEAM_TEMP_01,271.0837
2024-01-16T03:45:00,CORE_FLUX_01,1544141221143.1052
2024-01-16T03:45:00,CORE_FUEL_01,773.2467
2024-01-16T03:45:00,CORE_ROD_01,63.228
2024-01-16T03:45:00,STEAM_PRES_01,66.6886
2024-01-16T03:45:00,STEAM_FEED_01,331.0724
2024-01-16T03:45:00,STEAM_TEMP_01,270.7114
2024-01-16T03:46:00,CORE_FLUX_01,1642023021678.2837
2024-01-16T03:46:00,CORE_FUEL_01,766.2018
2024-01-16T03:46:00,CORE_ROD_01,62.3489
2024-01-16T03:46:00,CORE_EXIT_01,322.3656
2024-01-16T03:46:00,STEAM_PRES_01,67.2251
2024-01-16T03:46:00,STEAM_FEED_01,334.3685
2024-01-16T03:46:00,STEAM_DELTA_01,27.2813
2024-01-16T03:46:00,STEAM_TEMP_01,270.8711
2024-01-16T03:47:00,CORE_FLUX_01,1589429432427.9707
2024-01-16T03:47:00,CORE_FUEL_01,772.0233
2024-01-16T03:47:00,CORE_ROD_01,62.0806
2024-01-16T03:47:00,STEAM_PRES_01,66.9961
2024-01-16T03:47:00,STEAM_FEED_01,330.655
2024-01-16T03:47:00,STEAM_TEMP_01,271.4184
2024-01-16T03:48:00,CORE_FLUX_01,1650092205864.1733
2024-01-16T03:48:00,CORE_FUEL_01,775.6788
2024-01-16T03:48:00,CORE_ROD_01,63.3131
2024-01-16T03:48:00,CORE_EXIT_01,323.8033
2024-01-16T03:48:00,STEAM_PRES_01,66.8764
2024-01-16T03:48:00,STEAM_FEED_01,330.5829
2024-01-16T03:48:00,STEAM_DELTA_01,27.0674
2024-01-16T03:48:00,STEAM_TEMP_01,269.6392
2024-01-16T03:49:00,CORE_FLUX_01,1611585671908.5745
2024-01-16T03:49:00,CORE_FUEL_01,778.5847
2024-01-16T03:49:00,CORE_ROD_01,60.9598
2024-01-16T03:49:00,STEAM_PRES_01,67.4295
2024-01-16T03:49:00,STEAM_FEED_01,337.7607
2024-01-16T03:49:00,STEAM_TEMP_01,271.7471
2024-01-16T03:50:00,CORE_FLUX_01,1540016764978.0134
2024-01-16T03:50:00,CORE_FUEL_01,786.5241
2024-01-16T03:50:00,CORE_ROD_01,63.5847
2024-01-16T03:50:00,CORE_EXIT_01,325.6895
2024-01-16T03:50:00,STEAM_PRES_01,66.4396
2024-01-16T03:50:00,STEAM_FEED_01,327.1959
2024-01-16T03:50:00,STEAM_DELTA_01,27.0286
2024-01-16T03:50:00,STEAM_TEMP_01,270.2896
2024-01-16T03:51:00,CORE_FLUX_01,1580010206842.7588
2024-01-16T03:51:00,CORE_FUEL_01,774.4991
2024-01-16T03:51:00,CORE_ROD_01,61.6517
2024-01-16T03:51:00,STEAM_PRES_01,66.8827
2024-01-16T03:51:00,STEAM_FEED_01,328.2562
2024-01-16T03:51:00,STEAM_TEMP_01,271.0486
2024-01-16T03:52:00,CORE_FLUX_01,1610412798582.244
2024-01-16T03:52:00,CORE_FUEL_01,779.7081
2024-01-16T03:52:00,CORE_ROD_01,62.1001
2024-01-16T03:52:00,CORE_EXIT_01,324.5338
2024-01-16T03:52:00,STEAM_PRES_01,66.4726
2024-01-16T03:52:00,STEAM_FEED_01,324.1118
2024-01-16T03:52:00,STEAM_DELTA_01,26.8754
2024-01-16T03:52:00,STEAM_TEMP_01,270.4506
2024-01-16T03:53:00,CORE_FLUX_01,1552184864235.866
2024-01-16T03:53:00,CORE_FUEL_01,776.0427
2024-01-16T03:53:00,CORE_ROD_01,61.9928
2024-01-16T03:53:00,STEAM_PRES_01,66.9379
2024-01-16T03:53:00,STEAM_FEED_01,332.4702
2024-01-16T03:53:00,STEAM_TEMP_01,271.7253
2024-01-16T03:54:00,CORE_FLUX_01,1591200179370.864
2024-01-16T03:54:00,CORE_FUEL_01,785.872
2024-01-16T03:54:00,CORE_ROD_01,61.2169
2024-01-16T03:54:00,CORE_EXIT_01,323.5921
2024-01-16T03:54:00,STEAM_PRES_01,67.272
2024-01-16T03:54:00,STEAM_FEED_01,329.2865
2024-01-16T03:54:00,STEAM_DELTA_01,26.9069
2024-01-16T03:54:00,STEAM_TEMP_01,272.1727
2024-01-16T03:55:00,CORE_FLUX_01,1567014734675.1506
2024-01-16T03:55:00,CORE_FUEL_01,785.387
2024-01-16T03:55:00,CORE_ROD_01,61.4662
2024-01-16T03:55:00,STEAM_PRES_01,66.9329
2024-01-16T03:55:00,STEAM_FEED_01,330.0049
2024-01-16T03:55:00,STEAM_TEMP_01,271.7832
2024-01-16T03:56:00,CORE_FLUX_01,1629446876690.8188
2024-01-16T03:56:00,CORE_FUEL_01,782.1894
2024-01-16T03:56:00,CORE_ROD_01,62.5478
2024-01-16T03:56:00,CORE_EXIT_01,323.1518
2024-01-16T03:56:00,STEAM_PRES_01,66.9641
2024-01-16T03:56:00,STEAM_FEED_01,330.5701
2024-01-16T03:56:00,STEAM_DELTA_01,27.2721
2024-01-16T03:56:00,STEAM_TEMP_01,271.6035
2024-01-16T03:57:00,CORE_FLUX_01,1548917921669.976
2024-01-16T03:57:00,CORE_FUEL_01,795.1194
2024-01-16T03:57:00,CORE_ROD_01,61.6812
2024-01-16T03:57:00,STEAM_PRES_01,67.0418
2024-01-16T03:57:00,STEAM_FEED_01,329.4499
2024-01-16T03:57:00,STEAM_TEMP_01,271.4783
2024-01-16T03:58:00,CORE_FLUX_01,1622601016893.258
2024-01-16T03:58:00,CORE_FUEL_01,777.555
2024-01-16T03:58:00,CORE_ROD_01,62.7638
2024-01-16T03:58:00,CORE_EXIT_01,324.4787
2024-01-16T03:58:00,STEAM_PRES_01,67.4664
2024-01-16T03:58:00,STEAM_FEED_01,329.3208
2024-01-16T03:58:00,STEAM_DELTA_01,27.6207
2024-01-16T03:58:00,STEAM_TEMP_01,273.8025
2024-01-16T03:59:00,CORE_FLUX_01,1585317713408.9546
2024-01-16T03:59:00,CORE_FUEL_01,782.9937
2024-01-16T03:59:00,CORE_ROD_01,62.0941
2024-01-16T03:59:00,STEAM_PRES_01,67.3231
2024-01-16T03:59:00,STEAM_FEED_01,327.1732
2024-01-16T03:59:00,STEAM_TEMP_01,272.1257
2024-01-16T04:00:00,CORE_FLUX_01,1563006456200.7632
2024-01-16T04:00:00,CORE_FUEL_01,773.9944
2024-01-16T04:00:00,CORE_ROD_01,61.479
2024-01-16T04:00:00,CORE_EXIT_01,323.5158
2024-01-16T04:00:00,STEAM_PRES_01,67.0877
2024-01-16T04:00:00,STEAM_FEED_01,325.9599
2024-01-16T04:00:00,STEAM_DELTA_01,27.494
2024-01-16T04:00:00,STEAM_TEMP_01,272.5637
2024-01-16T04:01:00,CORE_FLUX_01,1602584123513.5989
2024-01-16T04:01:00,CORE_FUEL_01,777.6363
2024-01-16T04:01:00,CORE_ROD_01,61.0461
2024-01-16T04:01:00,STEAM_PRES_01,67.1113
2024-01-16T04:01:00,STEAM_FEED_01,327.2618
2024-01-16T04:01:00,STEAM_TEMP_01,272.7081
2024-01-16T04:02:00,CORE_FLUX_01,1618360579419.3083
2024-01-16T04:02:00,CORE_FUEL_01,770.7256
2024-01-16T04:02:00,CORE_ROD_01,62.1053
2024-01-16T04:02:00,CORE_EXIT_01,323.3769
2024-01-16T04:02:00,STEAM_PRES_01,67.178
2024-01-16T04:02:00,STEAM_FEED_01,325.8996
2024-01-16T04:02:00,STEAM_DELTA_01,27.6291
2024-01-16T04:02:00,STEAM_TEMP_01,272.872
2024-01-16T04:03:00,CORE_FLUX_01,1625856929356.6348
2024-01-16T04:03:00,CORE_FUEL_01,787.6658
2024-01-16T04:03:00,CORE_ROD_01,62.187
2024-01-16T04:03:00,STEAM_PRES_01,67.6092
2024-01-16T04:03:00,STEAM_FEED_01,332.7181
2024-01-16T04:03:00,STEAM_TEMP_01,272.8527
2024-01-16T04:04:00,CORE_FLUX_01,1590998423649.9014
2024-01-16T04:04:00,CORE_FUEL_01,789.7486
2024-01-16T04:04:00,CORE_ROD_01,60.9366
2024-01-16T04:04:00,CORE_EXIT_01,322.9896
2024-01-16T04:04:00,STEAM_PRES_01,67.2501
2024-01-16T04:04:00,STEAM_FEED_01,326.6142
2024-01-16T04:04:00,STEAM_DELTA_01,27.3572
2024-01-16T04:04:00,STEAM_TEMP_01,271.8438
2024-01-16T04:05:00,CORE_FLUX_01,1609574380197.6453
2024-01-16T04:05:00,CORE_FUEL_01,794.3961
2024-01-16T04:05:00,CORE_ROD_01,61.2223
2024-01-16T04:05:00,STEAM_PRES_01,67.0663
2024-01-16T04:05:00,STEAM_FEED_01,324.038
2024-01-16T04:05:00,STEAM_TEMP_01,272.6359
2024-01-16T04:06:00,CORE_FLUX_01,1593479697052.753
2024-01-16T04:06:00,CORE_FUEL_01,783.5592
2024-01-16T04:06:00,CORE_ROD_01,62.9087
2024-01-16T04:06:00,CORE_EXIT_01,324.6349
2024-01-16T04:06:00,STEAM_PRES_01,67.4936
2024-01-16T04:06:00,STEAM_FEED_01,325.9826
2024-01-16T04:06:00,STEAM_DELTA_01,27.5582
2024-01-16T04:06:00,STEAM_TEMP_01,272.7409
2024-01-16T04:07:00,CORE_FLUX_01,1650333729292.026
2024-01-16T04:07:00,CORE_FUEL_01,788.7185
2024-01-16T04:07:00,CORE_ROD_01,61.0602
2024-01-16T04:07:00,STEAM_PRES_01,67.4144
2024-01-16T04:07:00,STEAM_FEED_01,327.9145
2024-01-16T04:07:00,STEAM_TEMP_01,272.8295
2024-01-16T04:08:00,CORE_FLUX_01,1534940988344.8784
2024-01-16T04:08:00,CORE_FUEL_01,790.3516
2024-01-16T04:08:00,CORE_ROD_01,63.228
2024-01-16T04:08:00,CORE_EXIT_01,325.6786
2024-01-16T04:08:00,STEAM_PRES_01,67.3189
2024-01-16T04:08:00,STEAM_FEED_01,324.9467
2024-01-16T04:08:00,STEAM_DELTA_01,27.7624
2024-01-16T04:08:00,STEAM_TEMP_01,272.2756
2024-01-16T04:09:00,CORE_FLUX_01,1582875546851.6165
2024-01-16T04:09:00,CORE_FUEL_01,792.3133
2024-01-16T04:09:00,CORE_ROD_01,61.0608
2024-01-16T04:09:00,STEAM_PRES_01,67.5078
2024-01-16T04:09:00,STEAM_FEED_01,326.4045
2024-01-16T04:09:00,STEAM_TEMP_01,273.1083
2024-01-16T04:10:00,CORE_FLUX_01,1564345867374.9448
2024-01-16T04:10:00,CORE_FUEL_01,777.39
2024-01-16T04:10:00,CORE_ROD_01,63.1722
2024-01-16T04:10:00,CORE_EXIT_01,326.6744
2024-01-16T04:10:00,STEAM_PRES_01,67.367
2024-01-16T04:10:00,STEAM_FEED_01,325.0557
2024-01-16T04:10:00,STEAM_DELTA_01,27.8975
2024-01-16T04:10:00,STEAM_TEMP_01,272.6535
2024-01-16T04:11:00,CORE_FLUX_01,1592959031524.4902
2024-01-16T04:11:00,CORE_FUEL_01,781.2539
2024-01-16T04:11:00,CORE_ROD_01,60.7687
2024-01-16T04:11:00,STEAM_PRES_01,67.4579
2024-01-16T04:11:00,STEAM_FEED_01,323.4155
2024-01-16T04:11:00,STEAM_TEMP_01,273.6288
2024-01-16T04:12:00,CORE_FLUX_01,1645373749950.2358
2024-01-16T04:12:00,CORE_FUEL_01,800.176
2024-01-16T04:12:00,CORE_ROD_01,62.4203
2024-01-16T04:12:00,CORE_EXIT_01,324.4043
2024-01-16T04:12:00,STEAM_PRES_01,67.5155
2024-01-16T04:12:00,STEAM_FEED_01,323.0214
2024-01-16T04:12:00,STEAM_DELTA_01,27.4926
2024-01-16T04:12:00,STEAM_TEMP_01,272.8466
2024-01-16T04:13:00,CORE_FLUX_01,1568161939675.8416
2024-01-16T04:13:00,CORE_FUEL_01,794.9373
2024-01-16T04:13:00,CORE_ROD_01,60.075
2024-01-16T04:13:00,STEAM_PRES_01,67.5204
2024-01-16T04:13:00,STEAM_FEED_01,322.36
2024-01-16T04:13:00,STEAM_TEMP_01,273.0177
2024-01-16T04:14:00,CORE_FLUX_01,1620227921773.2935
2024-01-16T04:14:00,CORE_FUEL_01,781.0861
2024-01-16T04:14:00,CORE_ROD_01,61.9661
2024-01-16T04:14:00,CORE_EXIT_01,325.96
2024-01-16T04:14:00,STEAM_PRES_01,67.3983
2024-01-16T04:14:00,STEAM_FEED_01,321.4583
2024-01-16T04:14:00,STEAM_DELTA_01,27.7236
2024-01-16T04:14:00,STEAM_TEMP_01,272.2447
2024-01-16T04:15:00,CORE_FLUX_01,1609575914458.5984
2024-01-16T04:15:00,CORE_FUEL_01,794.1616
2024-01-16T04:15:00,CORE_ROD_01,61.245
2024-01-16T04:15:00,STEAM_PRES_01,67.5058
2024-01-16T04:15:00,STEAM_FEED_01,319.7187
2024-01-16T04:15:00,STEAM_TEMP_01,273.7596
2024-01-16T04:16:00,CORE_FLUX_01,1511890355035.8062
2024-01-16T04:16:00,CORE_FUEL_01,776.3879
2024-01-16T04:16:00,CORE_ROD_01,60.9329
2024-01-16T04:16:00,CORE_EXIT_01,326.1354
2024-01-16T04:16:00,STEAM_PRES_01,67.8344
2024-01-16T04:16:00,STEAM_FEED_01,323.8288
2024-01-16T04:16:00,STEAM_DELTA_01,28.0134
2024-01-16T04:16:00,STEAM_TEMP_01,274.0184
2024-01-16T04:17:00,CORE_FLUX_01,1622046402802.138
2024-01-16T04:17:00,CORE_FUEL_01,790.0894
2024-01-16T04:17:00,CORE_ROD_01,61.8148
2024-01-16T04:17:00,STEAM_PRES_01,67.9045
2024-01-16T04:17:00,STEAM_FEED_01,319.0162
2024-01-16T04:17:00,STEAM_TEMP_01,272.8456
2024-01-16T04:18:00,CORE_FLUX_01,1624668249608.9126
2024-01-16T04:18:00,CORE_FUEL_01,793.0804
2024-01-16T04:18:00,CORE_ROD_01,63.0752
2024-01-16T04:18:00,CORE_EXIT_01,324.1831
2024-01-16T04:18:00,STEAM_PRES_01,67.7534
2024-01-16T04:18:00,STEAM_FEED_01,322.6362
2024-01-16T04:18:00,STEAM_DELTA_01,28.2729
2024-01-16T04:18:00,STEAM_TEMP_01,274.7467
2024-01-16T04:19:00,CORE_FLUX_01,1590543012434.7073
2024-01-16T04:19:00,CORE_FUEL_01,773.368
2024-01-16T04:19:00,CORE_ROD_01,62.3133
2024-01-16T04:19:00,STEAM_PRES_01,67.9548
2024-01-16T04:19:00,STEAM_FEED_01,322.8126
2024-01-16T04:19:00,STEAM_TEMP_01,273.9739
2024-01-16T04:20:00,CORE_FLUX_01,1618193556312.2192
2024-01-16T04:20:00,CORE_FUEL_01,791.2591
2024-01-16T04:20:00,CORE_ROD_01,60.7877
2024-01-16T04:20:00,CORE_EXIT_01,324.5424
2024-01-16T04:20:00,STEAM_PRES_01,67.8751
2024-01-16T04:20:00,STEAM_FEED_01,322.3064
2024-01-16T04:20:00,STEAM_DELTA_01,28.0565
2024-01-16T04:20:00,STEAM_TEMP_01,274.1653
2024-01-16T04:21:00,CORE_FLUX_01,1594739975185.1882
2024-01-16T04:21:00,CORE_FUEL_01,791.8412
2024-01-16T04:21:00,CORE_ROD_01,59.7108
2024-01-16T04:21:00,STEAM_PRES_01,68.0812
2024-01-16T04:21:00,STEAM_FEED_01,324.3272
2024-01-16T04:21:00,STEAM_TEMP_01,274.4443
2024-01-16T04:22:00,CORE_FLUX_01,1580153561733.0176
2024-01-16T04:22:00,CORE_FUEL_01,785.2538
2024-01-16T04:22:00,CORE_ROD_01,61.3025
2024-01-16T04:22:00,CORE_EXIT_01,324.9722
2024-01-16T04:22:00,STEAM_PRES_01,67.9993
2024-01-16T04:22:00,STEAM_FEED_01,324.0143
2024-01-16T04:22:00,STEAM_DELTA_01,28.2472
2024-01-16T04:22:00,STEAM_TEMP_01,275.5128
2024-01-16T04:23:00,CORE_FLUX_01,1613211577097.0637
2024-01-16T04:23:00,CORE_FUEL_01,800.0224
2024-01-16T04:23:00,CORE_ROD_01,61.9967
2024-01-16T04:23:00,STEAM_PRES_01,68.0618
2024-01-16T04:23:00,STEAM_FEED_01,320.4804
2024-01-16T04:23:00,STEAM_TEMP_01,274.1255
2024-01-16T04:24:00,CORE_FLUX_01,1636393107564.38
2024-01-16T04:24:00,CORE_FUEL_01,795.313
2024-01-16T04:24:00,CORE_ROD_01,60.1945
2024-01-16T04:24:00,CORE_EXIT_01,326.2967
2024-01-16T04:24:00,STEAM_PRES_01,68.2351
2024-01-16T04:24:00,STEAM_FEED_01,324.9667
2024-01-16T04:24:00,STEAM_DELTA_01,28.399
2024-01-16T04:24:00,STEAM_TEMP_01,275.0358
2024-01-16T04:25:00,CORE_FLUX_01,1549887851592.0884
2024-01-16T04:25:00,CORE_FUEL_01,799.1489
2024-01-16T04:25:00,CORE_ROD_01,63.3704
2024-01-16T04:25:00,STEAM_PRES_01,68.1457
2024-01-16T04:25:00,STEAM_FEED_01,322.6409
2024-01-16T04:25:00,STEAM_TEMP_01,274.6675
2024-01-16T04:26:00,CORE_FLUX_01,1586540537787.1116
2024-01-16T04:26:00,CORE_FUEL_01,788.5749
2024-01-16T04:26:00,CORE_ROD_01,63.27
2024-01-16T04:26:00,CORE_EXIT_01,323.484
2024-01-16T04:26:00,STEAM_PRES_01,67.8392
2024-01-16T04:26:00,STEAM_FEED_01,319.9391
2024-01-16T04:26:00,STEAM_DELTA_01,27.9571
2024-01-16T04:26:00,STEAM_TEMP_01,273.1882
2024-01-16T04:27:00,CORE_FLUX_01,1606576827118.5967
2024-01-16T04:27:00,CORE_FUEL_01,788.0363
2024-01-16T04:27:00,CORE_ROD_01,60.9936
2024-01-16T04:27:00,STEAM_PRES_01,68.2509
2024-01-16T04:27:00,STEAM_FEED_01,317.7748
2024-01-16T04:27:00,STEAM_TEMP_01,274.6088
2024-01-16T04:28:00,CORE_FLUX_01,1622950483518.3433
2024-01-16T04:28:00,CORE_FUEL_01,798.5193
2024-01-16T04:28:00,CORE_ROD_01,60.9118
2024-01-16T04:28:00,CORE_EXIT_01,323.2814
2024-01-16T04:28:00,STEAM_PRES_01,67.9261
2024-01-16T04:28:00,STEAM_FEED_01,315.9941
2024-01-16T04:28:00,STEAM_DELTA_01,28.1284
2024-01-16T04:28:00,STEAM_TEMP_01,274.34
2024-01-16T04:29:00,CORE_FLUX_01,1610852526358.3542
2024-01-16T04:29:00,CORE_FUEL_01,787.2746
2024-01-16T04:29:00,CORE_ROD_01,60.1232
2024-01-16T04:29:00,STEAM_PRES_01,68.0776
2024-01-16T04:29:00,STEAM_FEED_01,318.3226
2024-01-16T04:29:00,STEAM_TEMP_01,274.7575
2024-01-16T04:30:00,CORE_FLUX_01,1584713875896.3872
2024-01-16T04:30:00,CORE_FUEL_01,781.5112
2024-01-16T04:30:00,CORE_ROD_01,61.0083
2024-01-16T04:30:00,CORE_EXIT_01,324.2296
2024-01-16T04:30:00,STEAM_PRES_01,68.2716
2024-01-16T04:30:00,STEAM_FEED_01,319.7302
2024-01-16T04:30:00,STEAM_DELTA_01,28.055
2024-01-16T04:30:00,STEAM_TEMP_01,275.3418
2024-01-16T04:31:00,CORE_FLUX_01,1619334174351.5994
2024-01-16T04:31:00,CORE_FUEL_01,811.1205
2024-01-16T04:31:00,CORE_ROD_01,61.0804
2024-01-16T04:31:00,STEAM_PRES_01,68.1901
2024-01-16T04:31:00,STEAM_FEED_01,322.3163
2024-01-16T04:31:00,STEAM_TEMP_01,275.2244
2024-01-16T04:32:00,CORE_FLUX_01,1685089587143.9548
2024-01-16T04:32:00,CORE_FUEL_01,793.8847
2024-01-16T04:32:00,CORE_ROD_01,61.8098
2024-01-16T04:32:00,CORE_EXIT_01,327.025
2024-01-16T04:32:00,STEAM_PRES_01,68.2662
2024-01-16T04:32:00,STEAM_FEED_01,320.6523
2024-01-16T04:32:00,STEAM_DELTA_01,28.3704
2024-01-16T04:32:00,STEAM_TEMP_01,275.6023
2024-01-16T04:33:00,CORE_FLUX_01,1618277877554.4536
2024-01-16T04:33:00,CORE_FUEL_01,784.0076
2024-01-16T04:33:00,CORE_ROD_01,62.0446
2024-01-16T04:33:00,STEAM_PRES_01,68.0904
2024-01-16T04:33:00,STEAM_FEED_01,316.7513
2024-01-16T04:33:00,STEAM_TEMP_01,274.4831
2024-01-16T04:34:00,CORE_FLUX_01,1661777240155.0105
2024-01-16T04:34:00,CORE_FUEL_01,787.8451
2024-01-16T04:34:00,CORE_ROD_01,59.4235
2024-01-16T04:34:00,CORE_EXIT_01,324.4384
2024-01-16T04:34:00,STEAM_PRES_01,68.2695
2024-01-16T04:34:00,STEAM_FEED_01,317.0934
2024-01-16T04:34:00,STEAM_DELTA_01,28.26
2024-01-16T04:34:00,STEAM_TEMP_01,275.2613
2024-01-16T04:35:00,CORE_FLUX_01,1633997597194.687
2024-01-16T04:35:00,CORE_FUEL_01,799.479
2024-01-16T04:35:00,CORE_ROD_01,61.6353
2024-01-16T04:35:00,STEAM_PRES_01,68.2622
2024-01-16T04:35:00,STEAM_FEED_01,316.703
2024-01-16T04:35:00,STEAM_TEMP_01,275.5652
2024-01-16T04:36:00,CORE_FLUX_01,1600322272882.4993
2024-01-16T04:36:00,CORE_FUEL_01,808.4695
2024-01-16T04:36:00,CORE_ROD_01,59.4181
2024-01-16T04:36:00,CORE_EXIT_01,325.7367
2024-01-16T04:36:00,STEAM_PRES_01,68.2602
2024-01-16T04:36:00,STEAM_FEED_01,319.4918
2024-01-16T04:36:00,STEAM_DELTA_01,28.7154
2024-01-16T04:36:00,STEAM_TEMP_01,275.3118
2024-01-16T04:37:00,CORE_FLUX_01,1667797802510.3071
2024-01-16T04:37:00,CORE_FUEL_01,811.754
2024-01-16T04:37:00,CORE_ROD_01,61.888
2024-01-16T04:37:00,STEAM_PRES_01,68.1211
2024-01-16T04:37:00,STEAM_FEED_01,319.6559
2024-01-16T04:37:00,STEAM_TEMP_01,276.6845
2024-01-16T04:38:00,CORE_FLUX_01,1673687864183.1865
2024-01-16T04:38:00,CORE_FUEL_01,796.2948
2024-01-16T04:38:00,CORE_ROD_01,60.665
2024-01-16T04:38:00,CORE_EXIT_01,326.3188
2024-01-16T04:38:00,STEAM_PRES_01,68.527
2024-01-16T04:38:00,STEAM_FEED_01,318.5116
2024-01-16T04:38:00,STEAM_DELTA_01,28.9662
2024-01-16T04:38:00,STEAM_TEMP_01,276.728
2024-01-16T04:39:00,CORE_FLUX_01,1667649497096.8428
2024-01-16T04:39:00,CORE_FUEL_01,822.5458
2024-01-16T04:39:00,CORE_ROD_01,63.3868
2024-01-16T04:39:00,STEAM_PRES_01,68.5953
2024-01-16T04:39:00,STEAM_FEED_01,317.2658
2024-01-16T04:39:00,STEAM_TEMP_01,277.1401
2024-01-16T04:40:00,CORE_FLUX_01,1633387857548.8413
2024-01-16T04:40:00,CORE_FUEL_01,781.8969
2024-01-16T04:40:00,CORE_ROD_01,58.8713
2024-01-16T04:40:00,CORE_EXIT_01,327.5701
2024-01-16T04:40:00,STEAM_PRES_01,68.3448
2024-01-16T04:40:00,STEAM_FEED_01,315.2146
2024-01-16T04:40:00,STEAM_DELTA_01,28.5343
2024-01-16T04:40:00,STEAM_TEMP_01,275.9147
2024-01-16T04:41:00,CORE_FLUX_01,1677156815167.3853
2024-01-16T04:41:00,CORE_FUEL_01,783.8464
2024-01-16T04:41:00,CORE_ROD_01,62.05
2024-01-16T04:41:00,STEAM_PRES_01,68.2658
2024-01-16T04:41:00,STEAM_FEED_01,314.8623
2024-01-16T04:41:00,STEAM_TEMP_01,276.2535
2024-01-16T04:42:00,CORE_FLUX_01,1624708064636.4375
2024-01-16T04:42:00,CORE_FUEL_01,802.2567
2024-01-16T04:42:00,CORE_ROD_01,60.5325
2024-01-16T04:42:00,CORE_EXIT_01,325.405
2024-01-16T04:42:00,STEAM_PRES_01,68.5194
2024-01-16T04:42:00,STEAM_FEED_01,314.524
2024-01-16T04:42:00,STEAM_DELTA_01,28.4733
2024-01-16T04:42:00,STEAM_TEMP_01,275.381
2024-01-16T04:43:00,CORE_FLUX_01,1626647633119.9224
2024-01-16T04:43:00,CORE_FUEL_01,806.5621
2024-01-16T04:43:00,CORE_ROD_01,60.4138
2024-01-16T04:43:00,STEAM_PRES_01,68.5244
2024-01-16T04:43:00,STEAM_FEED_01,316.5464
2024-01-16T04:43:00,STEAM_TEMP_01,275.8223
2024-01-16T04:44:00,CORE_FLUX_01,1665754507714.3567
2024-01-16T04:44:00,CORE_FUEL_01,790.9376
2024-01-16T04:44:00,CORE_ROD_01,61.3088
2024-01-16T04:44:00,CORE_EXIT_01,323.9068
2024-01-16T04:44:00,STEAM_PRES_01,68.3906
2024-01-16T04:44:00,STEAM_FEED_01,313.0329
2024-01-16T04:44:00,STEAM_DELTA_01,28.5755
2024-01-16T04:44:00,STEAM_TEMP_01,276.5654
2024-01-16T04:45:00,CORE_FLUX_01,1614324979054.1357
2024-01-16T04:45:00,CORE_FUEL_01,803.1003
2024-01-16T04:45:00,CORE_ROD_01,60.027
2024-01-16T04:45:00,STEAM_PRES_01,68.6803
2024-01-16T04:45:00,STEAM_FEED_01,317.8548
2024-01-16T04:45:00,STEAM_TEMP_01,277.4606
2024-01-16T04:46:00,CORE_FLUX_01,1602921993889.525
2024-01-16T04:46:00,CORE_FUEL_01,789.2488
2024-01-16T04:46:00,CORE_ROD_01,61.6046
2024-01-16T04:46:00,CORE_EXIT_01,325.2987
2024-01-16T04:46:00,STEAM_PRES_01,68.1979
2024-01-16T04:46:00,STEAM_FEED_01,313.4548
2024-01-16T04:46:00,STEAM_DELTA_01,28.4951
2024-01-16T04:46:00,STEAM_TEMP_01,276.8135
2024-01-16T04:47:00,CORE_FLUX_01,1635147880707.0637
2024-01-16T04:47:00,CORE_FUEL_01,776.2745
2024-01-16T04:47:00,CORE_ROD_01,60.4947
2024-01-16T04:47:00,STEAM_PRES_01,68.717
2024-01-16T04:47:00,STEAM_FEED_01,314.5514
2024-01-16T04:47:00,STEAM_TEMP_01,277.2211
2024-01-16T04:48:00,CORE_FLUX_01,1636946867089.6948
2024-01-16T04:48:00,CORE_FUEL_01,799.7973
2024-01-16T04:48:00,CORE_ROD_01,61.7224
2024-01-16T04:48:00,CORE_EXIT_01,323.4461
2024-01-16T04:48:00,STEAM_PRES_01,68.6908
2024-01-16T04:48:00,STEAM_FEED_01,313.0497
2024-01-16T04:48:00,STEAM_DELTA_01,28.9306
2024-01-16T04:48:00,STEAM_TEMP_01,276.1637
2024-01-16T04:49:00,CORE_FLUX_01,1663738319903.2375
2024-01-16T04:49:00,CORE_FUEL_01,799.0751
2024-01-16T04:49:00,CORE_ROD_01,61.7124
2024-01-16T04:49:00,STEAM_PRES_01,68.8078
2024-01-16T04:49:00,STEAM_FEED_01,320.5306
2024-01-16T04:49:00,STEAM_TEMP_01,278.6448
2024-01-16T04:50:00,CORE_FLUX_01,1613442248952.4973
2024-01-16T04:50:00,CORE_FUEL_01,791.9517
2024-01-16T04:50:00,CORE_ROD_01,62.9202
2024-01-16T04:50:00,CORE_EXIT_01,323.4953
2024-01-16T04:50:00,STEAM_PRES_01,68.3516
2024-01-16T04:50:00,STEAM_FEED_01,314.793
2024-01-16T04:50:00,STEAM_DELTA_01,29.268
2024-01-16T04:50:00,STEAM_TEMP_01,275.489
2024-01-16T04:51:00,CORE_FLUX_01,1628866380288.7954
2024-01-16T04:51:00,CORE_FUEL_01,791.7122
2024-01-16T04:51:00,CORE_ROD_01,62.5345
2024-01-16T04:51:00,STEAM_PRES_01,68.5897
2024-01-16T04:51:00,STEAM_FEED_01,313.0007
2024-01-16T04:51:00,STEAM_TEMP_01,277.7112
2024-01-16T04:52:00,CORE_FLUX_01,1610925013831.0496
2024-01-16T04:52:00,CORE_FUEL_01,805.9999
2024-01-16T04:52:00,CORE_ROD_01,60.8507
2024-01-16T04:52:00,CORE_EXIT_01,326.8153
2024-01-16T04:52:00,STEAM_PRES_01,68.8793
2024-01-16T04:52:00,STEAM_FEED_01,312.2733
2024-01-16T04:52:00,STEAM_DELTA_01,28.8201
2024-01-16T04:52:00,STEAM_TEMP_01,277.0184
2024-01-16T04:53:00,CORE_FLUX_01,1582856716111.3442
2024-01-16T04:53:00,CORE_FUEL_01,797.5275
2024-01-16T04:53:00,CORE_ROD_01,61.1868
2024-01-16T04:53:00,STEAM_PRES_01,68.6878
2024-01-16T04:53:00,STEAM_FEED_01,313.8998
2024-01-16T04:53:00,STEAM_TEMP_01,277.4126
2024-01-16T04:54:00,CORE_FLUX_01,1634283544648.4622
2024-01-16T04:54:00,CORE_FUEL_01,798.9985
2024-01-16T04:54:00,CORE_ROD_01,60.2059
2024-01-16T04:54:00,CORE_EXIT_01,327.1111
2024-01-16T04:54:00,STEAM_PRES_01,68.936
2024-01-16T04:54:00,STEAM_FEED_01,313.753
2024-01-16T04:54:00,STEAM_DELTA_01,29.2781
2024-01-16T04:54:00,STEAM_TEMP_01,278.1698
2024-01-16T04:55:00,CORE_FLUX_01,1687749588852.656
2024-01-16T04:55:00,CORE_FUEL_01,786.9461
2024-01-16T04:55:00,CORE_ROD_01,60.5212
2024-01-16T04:55:00,STEAM_PRES_01,68.5537
2024-01-16T04:55:00,STEAM_FEED_01,311.0457
2024-01-16T04:55:00,STEAM_TEMP_01,277.1444
2024-01-16T04:56:00,CORE_FLUX_01,1635114811624.4714
2024-01-16T04:56:00,CORE_FUEL_01,803.3937
2024-01-16T04:56:00,CORE_ROD_01,60.2152
2024-01-16T04:56:00,CORE_EXIT_01,326.0589
2024-01-16T04:56:00,STEAM_PRES_01,68.7592
2024-01-16T04:56:00,STEAM_FEED_01,307.0387
2024-01-16T04:56:00,STEAM_DELTA_01,29.1499
2024-01-16T04:56:00,STEAM_TEMP_01,277.1322
2024-01-16T04:57:00,CORE_FLUX_01,1621958998093.3572
2024-01-16T04:57:00,CORE_FUEL_01,803.7307
2024-01-16T04:57:00,CORE_ROD_01,60.7686
2024-01-16T04:57:00,STEAM_PRES_01,68.8061
2024-01-16T04:57:00,STEAM_FEED_01,309.2972
2024-01-16T04:57:00,STEAM_TEMP_01,277.1522
2024-01-16T04:58:00,CORE_FLUX_01,1627923993756.806
2024-01-16T04:58:00,CORE_FUEL_01,802.6189
2024-01-16T04:58:00,CORE_ROD_01,62.3719
2024-01-16T04:58:00,CORE_EXIT_01,328.5777
2024-01-16T04:58:00,STEAM_PRES_01,69.0752
2024-01-16T04:58:00,STEAM_FEED_01,310.5337
2024-01-16T04:58:00,STEAM_DELTA_01,29.3814
2024-01-16T04:58:00,STEAM_TEMP_01,278.0236
2024-01-16T04:59:00,CORE_FLUX_01,1635462017988.7607
2024-01-16T04:59:00,CORE_FUEL_01,794.3045
2024-01-16T04:59:00,CORE_ROD_01,60.997
2024-01-16T04:59:00,STEAM_PRES_01,69.0173
2024-01-16T04:59:00,STEAM_FEED_01,308.6359
2024-01-16T04:59:00,STEAM_TEMP_01,278.6689
2024-01-16T05:00:00,CORE_FLUX_01,1647481138301.1797
2024-01-16T05:00:00,CORE_FUEL_01,793.4224
2024-01-16T05:00:00,CORE_ROD_01,59.4498
2024-01-16T05:00:00,CORE_EXIT_01,328.2589
2024-01-16T05:00:00,STEAM_PRES_01,69.0856
2024-01-16T05:00:00,STEAM_FEED_01,306.9382
2024-01-16T05:00:00,STEAM_DELTA_01,29.2412
2024-01-16T05:00:00,STEAM_TEMP_01,277.6649
2024-01-16T05:01:00,CORE_FLUX_01,1621205073996.748
2024-01-16T05:01:00,CORE_FUEL_01,808.4939
2024-01-16T05:01:00,CORE_ROD_01,61.9615
2024-01-16T05:01:00,STEAM_PRES_01,68.6811
2024-01-16T05:01:00,STEAM_FEED_01,308.0903
2024-01-16T05:01:00,STEAM_TEMP_01,277.8446
2024-01-16T05:02:00,CORE_FLUX_01,1648165350858.8926
2024-01-16T05:02:00,CORE_FUEL_01,805.7211
2024-01-16T05:02:00,CORE_ROD_01,60.1622
2024-01-16T05:02:00,CORE_EXIT_01,329.324
2024-01-16T05:02:00,STEAM_PRES_01,68.6906
2024-01-16T05:02:00,STEAM_FEED_01,307.1942
2024-01-16T05:02:00,STEAM_DELTA_01,29.1983
2024-01-16T05:02:00,STEAM_TEMP_01,277.1757
2024-01-16T05:03:00,CORE_FLUX_01,1609803217747.4983
2024-01-16T05:03:00,CORE_FUEL_01,811.1012
2024-01-16T05:03:00,CORE_ROD_01,60.4921
2024-01-16T05:03:00,STEAM_PRES_01,68.5859
2024-01-16T05:03:00,STEAM_FEED_01,308.4898
2024-01-16T05:03:00,STEAM_TEMP_01,277.7783
2024-01-16T05:04:00,CORE_FLUX_01,1673350284511.9429
2024-01-16T05:04:00,CORE_FUEL_01,781.9048
2024-01-16T05:04:00,CORE_ROD_01,61.5577
2024-01-16T05:04:00,CORE_EXIT_01,326.9866
2024-01-16T05:04:00,STEAM_PRES_01,69.4042
2024-01-16T05:04:00,STEAM_FEED_01,313.3805
2024-01-16T05:04:00,STEAM_DELTA_01,29.6147
2024-01-16T05:04:00,STEAM_TEMP_01,279.753
2024-01-16T05:05:00,CORE_FLUX_01,1599221763981.4663
2024-01-16T05:05:00,CORE_FUEL_01,806.074
2024-01-16T05:05:00,CORE_ROD_01,62.3182
2024-01-16T05:05:00,STEAM_PRES_01,69.4187
2024-01-16T05:05:00,STEAM_FEED_01,312.6169
2024-01-16T05:05:00,STEAM_TEMP_01,279.4521
2024-01-16T05:06:00,CORE_FLUX_01,1681657431078.9043
2024-01-16T05:06:00,CORE_FUEL_01,791.5629
2024-01-16T05:06:00,CORE_ROD_01,59.7848
2024-01-16T05:06:00,CORE_EXIT_01,326.3797
2024-01-16T05:06:00,STEAM_PRES_01,69.0102
2024-01-16T05:06:00,STEAM_FEED_01,307.4814
2024-01-16T05:06:00,STEAM_DELTA_01,29.1895
2024-01-16T05:06:00,STEAM_TEMP_01,277.491
2024-01-16T05:07:00,CORE_FLUX_01,1685296484685.1729
2024-01-16T05:07:00,CORE_FUEL_01,817.2538
2024-01-16T05:07:00,CORE_ROD_01,62.3308
2024-01-16T05:07:00,STEAM_PRES_01,69.4028
2024-01-16T05:07:00,STEAM_FEED_01,309.2524
2024-01-16T05:07:00,STEAM_TEMP_01,277.6407
2024-01-16T05:08:00,CORE_FLUX_01,1613345308304.1458
2024-01-16T05:08:00,CORE_FUEL_01,803.6137
2024-01-16T05:08:00,CORE_ROD_01,60.4454
2024-01-16T05:08:00,CORE_EXIT_01,327.9246
2024-01-16T05:08:00,STEAM_PRES_01,68.9451
2024-01-16T05:08:00,STEAM_FEED_01,308.672
2024-01-16T05:08:00,STEAM_DELTA_01,29.4625
2024-01-16T05:08:00,STEAM_TEMP_01,279.6691
2024-01-16T05:09:00,CORE_FLUX_01,1616731376503.3997
2024-01-16T05:09:00,CORE_FUEL_01,808.1176
2024-01-16T05:09:00,CORE_ROD_01,60.7342
2024-01-16T05:09:00,STEAM_PRES_01,69.3912
2024-01-16T05:09:00,STEAM_FEED_01,307.4262
2024-01-16T05:09:00,STEAM_TEMP_01,278.7877
2024-01-16T05:10:00,CORE_FLUX_01,1699147856696.475
2024-01-16T05:10:00,CORE_FUEL_01,808.735
2024-01-16T05:10:00,CORE_ROD_01,61.2219
2024-01-16T05:10:00,CORE_EXIT_01,328.5173
2024-01-16T05:10:00,STEAM_PRES_01,69.0794
2024-01-16T05:10:00,STEAM_FEED_01,306.3674
2024-01-16T05:10:00,STEAM_DELTA_01,29.4424
2024-01-16T05:10:00,STEAM_TEMP_01,278.3072
2024-01-16T05:11:00,CORE_FLUX_01,1659271694770.1143
2024-01-16T05:11:00,CORE_FUEL_01,788.143
2024-01-16T05:11:00,CORE_ROD_01,61.1489
2024-01-16T05:11:00,STEAM_PRES_01,69.0164
2024-01-16T05:11:00,STEAM_FEED_01,303.4817
2024-01-16T05:11:00,STEAM_TEMP_01,278.1006
2024-01-16T05:12:00,CORE_FLUX_01,1666473994984.3816
2024-01-16T05:12:00,CORE_FUEL_01,801.4041
2024-01-16T05:12:00,CORE_ROD_01,59.4856
2024-01-16T05:12:00,CORE_EXIT_01,327.7425
2024-01-16T05:12:00,STEAM_PRES_01,69.2966
2024-01-16T05:12:00,STEAM_FEED_01,305.6809
2024-01-16T05:12:00,STEAM_DELTA_01,29.6738
2024-01-16T05:12:00,STEAM_TEMP_01,278.7822
2024-01-16T05:13:00,CORE_FLUX_01,1671697313655.0132
2024-01-16T05:13:00,CORE_FUEL_01,824.3231
2024-01-16T05:13:00,CORE_ROD_01,61.6976
2024-01-16T05:13:00,STEAM_PRES_01,69.6961
2024-01-16T05:13:00,STEAM_FEED_01,311.0633
2024-01-16T05:13:00,STEAM_TEMP_01,279.9672
2024-01-16T05:14:00,CORE_FLUX_01,1648778022473.0396
2024-01-16T05:14:00,CORE_FUEL_01,801.1664
2024-01-16T05:14:00,CORE_ROD_01,60.5966
2024-01-16T05:14:00,CORE_EXIT_01,328.2927
2024-01-16T05:14:00,STEAM_PRES_01,69.4987
2024-01-16T05:14:00,STEAM_FEED_01,303.2756
2024-01-16T05:14:00,STEAM_DELTA_01,30.0094
2024-01-16T05:14:00,STEAM_TEMP_01,279.1629
2024-01-16T05:15:00,CORE_FLUX_01,1660480800835.7573
2024-01-16T05:15:00,CORE_FUEL_01,813.2224
2024-01-16T05:15:00,CORE_ROD_01,61.4978
2024-01-16T05:15:00,STEAM_PRES_01,69.274
2024-01-16T05:15:00,STEAM_FEED_01,304.1201
2024-01-16T05:15:00,STEAM_TEMP_01,278.2476
2024-01-16T05:16:00,CORE_FLUX_01,1644621157032.825
2024-01-16T05:16:00,CORE_FUEL_01,808.3915
2024-01-16T05:16:00,CORE_ROD_01,61.5495
2024-01-16T05:16:00,CORE_EXIT_01,327.016
2024-01-16T05:16:00,STEAM_PRES_01,69.4517
2024-01-16T05:16:00,STEAM_FEED_01,306.9993
2024-01-16T05:16:00,STEAM_DELTA_01,29.8179
2024-01-16T05:16:00,STEAM_TEMP_01,279.8115
2024-01-16T05:17:00,CORE_FLUX_01,1640536774361.5767
2024-01-16T05:17:00,CORE_FUEL_01,812.5193
2024-01-16T05:17:00,CORE_ROD_01,62.3865
2024-01-16T05:17:00,STEAM_PRES_01,69.7052
2024-01-16T05:17:00,STEAM_FEED_01,304.4863
2024-01-16T05:17:00,STEAM_TEMP_01,279.4378
2024-01-16T05:18:00,CORE_FLUX_01,1621190714329.0603
2024-01-16T05:18:00,CORE_FUEL_01,798.6268
2024-01-16T05:18:00,CORE_ROD_01,60.4662
2024-01-16T05:18:00,CORE_EXIT_01,327.4985
2024-01-16T05:18:00,STEAM_PRES_01,69.2179
2024-01-16T05:18:00,STEAM_FEED_01,298.9714
2024-01-16T05:18:00,STEAM_DELTA_01,29.8238
2024-01-16T05:18:00,STEAM_TEMP_01,279.3058
2024-01-16T05:19:00,CORE_FLUX_01,1651484846835.8494
2024-01-16T05:19:00,CORE_FUEL_01,809.7403
2024-01-16T05:19:00,CORE_ROD_01,60.6441
2024-01-16T05:19:00,STEAM_PRES_01,69.5775
2024-01-16T05:19:00,STEAM_FEED_01,301.9807
2024-01-16T05:19:00,STEAM_TEMP_01,279.856
2024-01-16T05:20:00,CORE_FLUX_01,1662816651960.5332
2024-01-16T05:20:00,CORE_FUEL_01,821.6103
2024-01-16T05:20:00,CORE_ROD_01,59.371
2024-01-16T05:20:00,CORE_EXIT_01,327.4334
2024-01-16T05:20:00,STEAM_PRES_01,69.48
2024-01-16T05:20:00,STEAM_FEED_01,302.3937
2024-01-16T05:20:00,STEAM_DELTA_01,29.57
2024-01-16T05:20:00,STEAM_TEMP_01,279.0687
2024-01-16T05:21:00,CORE_FLUX_01,1629383975170.132
2024-01-16T05:21:00,CORE_FUEL_01,807.9202
2024-01-16T05:21:00,CORE_ROD_01,59.9332
2024-01-16T05:21:00,STEAM_PRES_01,69.4742
2024-01-16T05:21:00,STEAM_FEED_01,301.8865
2024-01-16T05:21:00,STEAM_TEMP_01,280.8297
2024-01-16T05:22:00,CORE_FLUX_01,1684817155864.8486
2024-01-16T05:22:00,CORE_FUEL_01,822.6838
2024-01-16T05:22:00,CORE_ROD_01,61.2997
2024-01-16T05:22:00,CORE_EXIT_01,327.9384
2024-01-16T05:22:00,STEAM_PRES_01,69.6782
2024-01-16T05:22:00,STEAM_FEED_01,303.3718
2024-01-16T05:22:00,STEAM_DELTA_01,30.1283
2024-01-16T05:22:00,STEAM_TEMP_01,279.8188
2024-01-16T05:23:00,CORE_FLUX_01,1692146196897.3672
2024-01-16T05:23:00,CORE_FUEL_01,807.2316
2024-01-16T05:23:00,CORE_ROD_01,59.2085
2024-01-16T05:23:00,STEAM_PRES_01,69.8849
2024-01-16T05:23:00,STEAM_FEED_01,305.8361
2024-01-16T05:23:00,STEAM_TEMP_01,280.1106
2024-01-16T05:24:00,CORE_FLUX_01,1626376831384.051
2024-01-16T05:24:00,CORE_FUEL_01,800.2248
2024-01-16T05:24:00,CORE_ROD_01,61.411
2024-01-16T05:24:00,CORE_EXIT_01,327.4095
2024-01-16T05:24:00,STEAM_PRES_01,69.8293
2024-01-16T05:24:00,STEAM_FEED_01,303.7471
2024-01-16T05:24:00,STEAM_DELTA_01,30.3388
2024-01-16T05:24:00,STEAM_TEMP_01,281.8606
2024-01-16T05:25:00,CORE_FLUX_01,1677763855681.7986
2024-01-16T05:25:00,CORE_FUEL_01,813.198
2024-01-16T05:25:00,CORE_ROD_01,59.9134
2024-01-16T05:25:00,STEAM_PRES_01,69.7921
2024-01-16T05:25:00,STEAM_FEED_01,299.69
2024-01-16T05:25:00,STEAM_TEMP_01,279.4693
2024-01-16T05:26:00,CORE_FLUX_01,1664817420185.5266
2024-01-16T05:26:00,CORE_FUEL_01,815.248
2024-01-16T05:26:00,CORE_ROD_01,58.546
2024-01-16T05:26:00,CORE_EXIT_01,331.2786
2024-01-16T05:26:00,STEAM_PRES_01,69.8185
2024-01-16T05:26:00,STEAM_FEED_01,303.3827
2024-01-16T05:26:00,STEAM_DELTA_01,30.0508
2024-01-16T05:26:00,STEAM_TEMP_01,280.3108
2024-01-16T05:27:00,CORE_FLUX_01,1672936143411.1426
2024-01-16T05:27:00,CORE_FUEL_01,813.5534
2024-01-16T05:27:00,CORE_ROD_01,61.1672
2024-01-16T05:27:00,STEAM_PRES_01,69.8464
2024-01-16T05:27:00,STEAM_FEED_01,303.5583
2024-01-16T05:27:00,STEAM_TEMP_01,280.9168
2024-01-16T05:28:00,CORE_FLUX_01,1600357758462.7612
2024-01-16T05:28:00,CORE_FUEL_01,809.9454
2024-01-16T05:28:00,CORE_ROD_01,57.6971
2024-01-16T05:28:00,CORE_EXIT_01,328.5809
2024-01-16T05:28:00,STEAM_PRES_01,69.9853
2024-01-16T05:28:00,STEAM_FEED_01,303.3204
2024-01-16T05:28:00,STEAM_DELTA_01,30.1113
2024-01-16T05:28:00,STEAM_TEMP_01,281.2598
2024-01-16T05:29:00,CORE_FLUX_01,1643545860753.5203
2024-01-16T05:29:00,CORE_FUEL_01,802.7848
2024-01-16T05:29:00,CORE_ROD_01,59.736
2024-01-16T05:29:00,STEAM_PRES_01,69.9142
2024-01-16T05:29:00,STEAM_FEED_01,303.6767
2024-01-16T05:29:00,STEAM_TEMP_01,280.3995
2024-01-16T05:30:00,CORE_FLUX_01,1677095691393.3237
2024-01-16T05:30:00,CORE_FUEL_01,816.5433
2024-01-16T05:30:00,CORE_ROD_01,60.0523
2024-01-16T05:30:00,CORE_EXIT_01,328.5156
2024-01-16T05:30:00,STEAM_PRES_01,69.9167
2024-01-16T05:30:00,STEAM_FEED_01,300.5236
2024-01-16T05:30:00,STEAM_DELTA_01,30.0508
2024-01-16T05:30:00,STEAM_TEMP_01,279.8806
2024-01-16T05:31:00,CORE_FLUX_01,1688582008077.0342
2024-01-16T05:31:00,CORE_FUEL_01,802.1862
2024-01-16T05:31:00,CORE_ROD_01,59.9039
2024-01-16T05:31:00,STEAM_PRES_01,69.9452
2024-01-16T05:31:00,STEAM_FEED_01,301.4691
2024-01-16T05:31:00,STEAM_TEMP_01,281.0078
2024-01-16T05:32:00,CORE_FLUX_01,1680564450184.5693
2024-01-16T05:32:00,CORE_FUEL_01,804.1424
2024-01-16T05:32:00,CORE_ROD_01,60.8543
2024-01-16T05:32:00,CORE_EXIT_01,325.2778
2024-01-16T05:32:00,STEAM_PRES_01,70.1871
2024-01-16T05:32:00,STEAM_FEED_01,299.9814
2024-01-16T05:32:00,STEAM_DELTA_01,30.3006
2024-01-16T05:32:00,STEAM_TEMP_01,281.2341
2024-01-16T05:33:00,CORE_FLUX_01,1637675507520.6394
2024-01-16T05:33:00,CORE_FUEL_01,814.0685
2024-01-16T05:33:00,CORE_ROD_01,59.0374
2024-01-16T05:33:00,STEAM_PRES_01,69.9875
2024-01-16T05:33:00,STEAM_FEED_01,299.5663
2024-01-16T05:33:00,STEAM_TEMP_01,281.4628
2024-01-16T05:34:00,CORE_FLUX_01,1711106917117.7063
2024-01-16T05:34:00,CORE_FUEL_01,817.7865
2024-01-16T05:34:00,CORE_ROD_01,59.7455
2024-01-16T05:34:00,CORE_EXIT_01,328.9812
2024-01-16T05:34:00,STEAM_PRES_01,69.9536
2024-01-16T05:34:00,STEAM_FEED_01,299.7598
2024-01-16T05:34:00,STEAM_DELTA_01,30.3684
2024-01-16T05:34:00,STEAM_TEMP_01,280.6633
2024-01-16T05:35:00,CORE_FLUX_01,1658455190269.4075
2024-01-16T05:35:00,CORE_FUEL_01,818.2019
2024-01-16T05:35:00,CORE_ROD_01,59.6299
2024-01-16T05:35:00,STEAM_PRES_01,70.1969
2024-01-16T05:35:00,STEAM_FEED_01,297.7909
2024-01-16T05:35:00,STEAM_TEMP_01,281.1855
2024-01-16T05:36:00,CORE_FLUX_01,1676541950369.3674
2024-01-16T05:36:00,CORE_FUEL_01,818.3115
2024-01-16T05:36:00,CORE_ROD_01,59.7384
2024-01-16T05:36:00,CORE_EXIT_01,327.0267
2024-01-16T05:36:00,STEAM_PRES_01,69.8474
2024-01-16T05:36:00,STEAM_FEED_01,297.8296
2024-01-16T05:36:00,STEAM_DELTA_01,30.1842
2024-01-16T05:36:00,STEAM_TEMP_01,280.069
2024-01-16T05:37:00,CORE_FLUX_01,1683800965480.651
2024-01-16T05:37:00,CORE_FUEL_01,812.4068
2024-01-16T05:37:00,CORE_ROD_01,60.8701
2024-01-16T05:37:00,STEAM_PRES_01,69.9335
2024-01-16T05:37:00,STEAM_FEED_01,299.4447
2024-01-16T05:37:00,STEAM_TEMP_01,282.2
2024-01-16T05:38:00,CORE_FLUX_01,1666941105696.6592
2024-01-16T05:38:00,CORE_FUEL_01,812.8643
2024-01-16T05:38:00,CORE_ROD_01,59.4249
2024-01-16T05:38:00,CORE_EXIT_01,326.0896
2024-01-16T05:38:00,STEAM_PRES_01,70.203
2024-01-16T05:38:00,STEAM_FEED_01,301.1976
2024-01-16T05:38:00,STEAM_DELTA_01,30.6144
2024-01-16T05:38:00,STEAM_TEMP_01,282.2805
2024-01-16T05:39:00,CORE_FLUX_01,1604183536312.9688
2024-01-16T05:39:00,CORE_FUEL_01,826.3645
2024-01-16T05:39:00,CORE_ROD_01,59.1103
2024-01-16T05:39:00,STEAM_PRES_01,70.0861
2024-01-16T05:39:00,STEAM_FEED_01,299.6051
2024-01-16T05:39:00,STEAM_TEMP_01,281.7394
2024-01-16T05:40:00,CORE_FLUX_01,1649762924188.476
2024-01-16T05:40:00,CORE_FUEL_01,814.9282
2024-01-16T05:40:00,CORE_ROD_01,57.6081
2024-01-16T05:40:00,CORE_EXIT_01,328.6044
2024-01-16T05:40:00,STEAM_PRES_01,70.2324
2024-01-16T05:40:00,STEAM_FEED_01,299.0959
2024-01-16T05:40:00,STEAM_DELTA_01,30.3784
2024-01-16T05:40:00,STEAM_TEMP_01,281.0784
2024-01-16T05:41:00,CORE_FLUX_01,1677953758923.0134
2024-01-16T05:41:00,CORE_FUEL_01,811.7729
2024-01-16T05:41:00,CORE_ROD_01,60.7304
2024-01-16T05:41:00,STEAM_PRES_01,70.1289
2024-01-16T05:41:00,STEAM_FEED_01,297.6385
2024-01-16T05:41:00,STEAM_TEMP_01,281.0293
2024-01-16T05:42:00,CORE_FLUX_01,1670717768040.3486
2024-01-16T05:42:00,CORE_FUEL_01,809.9158
2024-01-16T05:42:00,CORE_ROD_01,60.3606
2024-01-16T05:42:00,CORE_EXIT_01,327.6013
2024-01-16T05:42:00,STEAM_PRES_01,70.4237
2024-01-16T05:42:00,STEAM_FEED_01,299.3064
2024-01-16T05:42:00,STEAM_DELTA_01,30.5994
2024-01-16T05:42:00,STEAM_TEMP_01,283.2609
2024-01-16T05:43:00,CORE_FLUX_01,1631322825937.0586
2024-01-16T05:43:00,CORE_FUEL_01,804.7716
2024-01-16T05:43:00,CORE_ROD_01,59.2713
2024-01-16T05:43:00,STEAM_PRES_01,69.7445
2024-01-16T05:43:00,STEAM_FEED_01,292.9617
2024-01-16T05:43:00,STEAM_TEMP_01,280.5547
2024-01-16T05:44:00,CORE_FLUX_01,1626009685743.9272
2024-01-16T05:44:00,CORE_FUEL_01,788.7415
2024-01-16T05:44:00,CORE_ROD_01,61.0949
2024-01-16T05:44:00,CORE_EXIT_01,327.2874
2024-01-16T05:44:00,STEAM_PRES_01,70.4178
2024-01-16T05:44:00,STEAM_FEED_01,298.9027
2024-01-16T05:44:00,STEAM_DELTA_01,30.9187
2024-01-16T05:44:00,STEAM_TEMP_01,282.1475
2024-01-16T05:45:00,CORE_FLUX_01,1647727760157.8188
2024-01-16T05:45:00,CORE_FUEL_01,806.4214
2024-01-16T05:45:00,CORE_ROD_01,60.3452
2024-01-16T05:45:00,STEAM_PRES_01,70.1072
2024-01-16T05:45:00,STEAM_FEED_01,295.259
2024-01-16T05:45:00,STEAM_TEMP_01,281.6792
2024-01-16T05:46:00,CORE_FLUX_01,1659330996686.8186
2024-01-16T05:46:00,CORE_FUEL_01,799.4032
2024-01-16T05:46:00,CORE_ROD_01,58.5189
2024-01-16T05:46:00,CORE_EXIT_01,328.0233
2024-01-16T05:46:00,STEAM_PRES_01,70.113
2024-01-16T05:46:00,STEAM_FEED_01,295.9833
2024-01-16T05:46:00,STEAM_DELTA_01,30.7289
2024-01-16T05:46:00,STEAM_TEMP_01,282.4101
2024-01-16T05:47:00,CORE_FLUX_01,1662578578498.7742
2024-01-16T05:47:00,CORE_FUEL_01,815.1319
2024-01-16T05:47:00,CORE_ROD_01,59.5735
2024-01-16T05:47:00,STEAM_PRES_01,70.3643
2024-01-16T05:47:00,STEAM_FEED_01,297.4728
2024-01-16T05:47:00,STEAM_TEMP_01,282.2305
2024-01-16T05:48:00,CORE_FLUX_01,1668767266676.4802
2024-01-16T05:48:00,CORE_FUEL_01,811.0627
2024-01-16T05:48:00,CORE_ROD_01,58.972
2024-01-16T05:48:00,CORE_EXIT_01,327.5477
2024-01-16T05:48:00,STEAM_PRES_01,70.5272
2024-01-16T05:48:00,STEAM_FEED_01,296.8999
2024-01-16T05:48:00,STEAM_DELTA_01,30.7685
2024-01-16T05:48:00,STEAM_TEMP_01,283.2024
2024-01-16T05:49:00,CORE_FLUX_01,1657482083800.5571
2024-01-16T05:49:00,CORE_FUEL_01,812.2721
2024-01-16T05:49:00,CORE_ROD_01,59.4695
2024-01-16T05:49:00,STEAM_PRES_01,70.361
2024-01-16T05:49:00,STEAM_FEED_01,294.5383
2024-01-16T05:49:00,STEAM_TEMP_01,281.3145
2024-01-16T05:50:00,CORE_FLUX_01,1684592131459.3657
2024-01-16T05:50:00,CORE_FUEL_01,824.518
2024-01-16T05:50:00,CORE_ROD_01,57.8207
2024-01-16T05:50:00,CORE_EXIT_01,330.1134
2024-01-16T05:50:00,STEAM_PRES_01,70.7679
2024-01-16T05:50:00,STEAM_FEED_01,299.431
2024-01-16T05:50:00,STEAM_DELTA_01,31.1062
2024-01-16T05:50:00,STEAM_TEMP_01,283.4206
2024-01-16T05:51:00,CORE_FLUX_01,1674981760151.6257
2024-01-16T05:51:00,CORE_FUEL_01,827.8289
2024-01-16T05:51:00,CORE_ROD_01,59.4722
2024-01-16T05:51:00,STEAM_PRES_01,70.5501
2024-01-16T05:51:00,STEAM_FEED_01,294.4357
2024-01-16T05:51:00,STEAM_TEMP_01,282.3154
2024-01-16T05:52:00,CORE_FLUX_01,1669372816964.3164
2024-01-16T05:52:00,CORE_FUEL_01,813.4394
2024-01-16T05:52:00,CORE_ROD_01,60.7334
2024-01-16T05:52:00,CORE_EXIT_01,329.1846
2024-01-16T05:52:00,STEAM_PRES_01,71.0039
2024-01-16T05:52:00,STEAM_FEED_01,296.0292
2024-01-16T05:52:00,STEAM_DELTA_01,31.1313
2024-01-16T05:52:00,STEAM_TEMP_01,282.4284
2024-01-16T05:53:00,CORE_FLUX_01,1747544970626.9138
2024-01-16T05:53:00,CORE_FUEL_01,800.5701
2024-01-16T05:53:00,CORE_ROD_01,60.2836
2024-01-16T05:53:00,STEAM_PRES_01,70.312
2024-01-16T05:53:00,STEAM_FEED_01,294.3083
2024-01-16T05:53:00,STEAM_TEMP_01,282.6257
2024-01-16T05:54:00,CORE_FLUX_01,1725030461568.0098
2024-01-16T05:54:00,CORE_FUEL_01,820.7599
2024-01-16T05:54:00,CORE_ROD_01,58.583
2024-01-16T05:54:00,CORE_EXIT_01,328.8522
2024-01-16T05:54:00,STEAM_PRES_01,70.6643
2024-01-16T05:54:00,STEAM_FEED_01,294.4205
2024-01-16T05:54:00,STEAM_DELTA_01,31.0254
2024-01-16T05:54:00,STEAM_TEMP_01,283.1595
2024-01-16T05:55:00,CORE_FLUX_01,1712535760290.5745
2024-01-16T05:55:00,CORE_FUEL_01,806.4744
2024-01-16T05:55:00,CORE_ROD_01,59.629
2024-01-16T05:55:00,STEAM_PRES_01,70.7777
2024-01-16T05:55:00,STEAM_FEED_01,294.6554
2024-01-16T05:55:00,STEAM_TEMP_01,283.7671
2024-01-16T05:56:00,CORE_FLUX_01,1660682143107.7903
2024-01-16T05:56:00,CORE_FUEL_01,811.1002
2024-01-16T05:56:00,CORE_ROD_01,60.7178
2024-01-16T05:56:00,CORE_EXIT_01,327.5488
2024-01-16T05:56:00,STEAM_PRES_01,70.6662
2024-01-16T05:56:00,STEAM_FEED_01,291.2817
2024-01-16T05:56:00,STEAM_DELTA_01,30.887
2024-01-16T05:56:00,STEAM_TEMP_01,282.3034
2024-01-16T05:57:00,CORE_FLUX_01,1659894602966.175
2024-01-16T05:57:00,CORE_FUEL_01,826.5289
2024-01-16T05:57:00,CORE_ROD_01,60.3997
2024-01-16T05:57:00,STEAM_PRES_01,70.3844
2024-01-16T05:57:00,STEAM_FEED_01,289.0253
2024-01-16T05:57:00,STEAM_TEMP_01,282.7805
2024-01-16T05:58:00,CORE_FLUX_01,1723149776905.7056
2024-01-16T05:58:00,CORE_FUEL_01,812.4859
2024-01-16T05:58:00,CORE_ROD_01,58.3593
2024-01-16T05:58:00,CORE_EXIT_01,330.8385
2024-01-16T05:58:00,STEAM_PRES_01,70.6606
2024-01-16T05:58:00,STEAM_FEED_01,291.5747
2024-01-16T05:58:00,STEAM_DELTA_01,31.0352
2024-01-16T05:58:00,STEAM_TEMP_01,283.7817
2024-01-16T05:59:00,CORE_FLUX_01,1719785345122.6072
2024-01-16T05:59:00,CORE_FUEL_01,837.0956
2024-01-16T05:59:00,CORE_ROD_01,59.5547
2024-01-16T05:59:00,STEAM_PRES_01,70.7573
2024-01-16T05:59:00,STEAM_FEED_01,294.6864
2024-01-16T05:59:00,STEAM_TEMP_01,284.2568
2024-01-16T06:00:00,CORE_FLUX_01,1643393120550.42
2024-01-16T06:00:00,CORE_FUEL_01,814.5228
2024-01-16T06:00:00,CORE_ROD_01,59.4834
2024-01-16T06:00:00,CORE_EXIT_01,330.2681
2024-01-16T06:00:00,STEAM_PRES_01,70.9949
2024-01-16T06:00:00,STEAM_FEED_01,294.8827
2024-01-16T06:00:00,STEAM_DELTA_01,31.5226
2024-01-16T06:00:00,STEAM_TEMP_01,284.3826
2024-01-16T06:01:00,CORE_FLUX_01,1694657672635.2412
2024-01-16T06:01:00,CORE_FUEL_01,826.8281
2024-01-16T06:01:00,CORE_ROD_01,59.0207
2024-01-16T06:01:00,STEAM_PRES_01,71.1308
2024-01-16T06:01:00,STEAM_FEED_01,292.9359
2024-01-16T06:01:00,STEAM_TEMP_01,284.5362
2024-01-16T06:02:00,CORE_FLUX_01,1687231052063.1506
2024-01-16T06:02:00,CORE_FUEL_01,816.7271
2024-01-16T06:02:00,CORE_ROD_01,59.67
2024-01-16T06:02:00,CORE_EXIT_01,327.5304
2024-01-16T06:02:00,STEAM_PRES_01,70.7404
2024-01-16T06:02:00,STEAM_FEED_01,290.7749
2024-01-16T06:02:00,STEAM_DELTA_01,30.8697
2024-01-16T06:02:00,STEAM_TEMP_01,283.9434
2024-01-16T06:03:00,CORE_FLUX_01,1647496729328.3035
2024-01-16T06:03:00,CORE_FUEL_01,810.866
2024-01-16T06:03:00,CORE_ROD_01,58.5539
2024-01-16T06:03:00,STEAM_PRES_01,70.6105
2024-01-16T06:03:00,STEAM_FEED_01,288.2238
2024-01-16T06:03:00,STEAM_TEMP_01,283.3513
2024-01-16T06:04:00,CORE_FLUX_01,1691690951659.726
2024-01-16T06:04:00,CORE_FUEL_01,817.0446
2024-01-16T06:04:00,CORE_ROD_01,60.1119
2024-01-16T06:04:00,CORE_EXIT_01,329.6411
2024-01-16T06:04:00,STEAM_PRES_01,70.7388
2024-01-16T06:04:00,STEAM_FEED_01,290.5824
2024-01-16T06:04:00,STEAM_DELTA_01,31.2015
2024-01-16T06:04:00,STEAM_TEMP_01,283.3738
2024-01-16T06:05:00,CORE_FLUX_01,1748370065712.7732
2024-01-16T06:05:00,CORE_FUEL_01,821.0121
2024-01-16T06:05:00,CORE_ROD_01,59.5142
2024-01-16T06:05:00,STEAM_PRES_01,71.2496
2024-01-16T06:05:00,STEAM_FEED_01,292.8039
2024-01-16T06:05:00,STEAM_TEMP_01,284.262
2024-01-16T06:06:00,CORE_FLUX_01,1700118538134.3694
2024-01-16T06:06:00,CORE_FUEL_01,829.6088
2024-01-16T06:06:00,CORE_ROD_01,57.8594
2024-01-16T06:06:00,CORE_EXIT_01,330.7913
2024-01-16T06:06:00,STEAM_PRES_01,71.2772
2024-01-16T06:06:00,STEAM_FEED_01,290.8122
2024-01-16T06:06:00,STEAM_DELTA_01,31.5229
2024-01-16T06:06:00,STEAM_TEMP_01,284.5445
2024-01-16T06:07:00,CORE_FLUX_01,1710556109755.606
2024-01-16T06:07:00,CORE_FUEL_01,817.3924
2024-01-16T06:07:00,CORE_ROD_01,57.695
2024-01-16T06:07:00,STEAM_PRES_01,71.0443
2024-01-16T06:07:00,STEAM_FEED_01,291.9577
2024-01-16T06:07:00,STEAM_TEMP_01,284.626
2024-01-16T06:08:00,CORE_FLUX_01,1748588675346.7634
2024-01-16T06:08:00,CORE_FUEL_01,820.8013
2024-01-16T06:08:00,CORE_ROD_01,58.891
2024-01-16T06:08:00,CORE_EXIT_01,329.2227
2024-01-16T06:08:00,STEAM_PRES_01,71.0592
2024-01-16T06:08:00,STEAM_FEED_01,289.608
2024-01-16T06:08:00,STEAM_DELTA_01,31.2131
2024-01-16T06:08:00,STEAM_TEMP_01,284.1644
2024-01-16T06:09:00,CORE_FLUX_01,1686760783421.0698
2024-01-16T06:09:00,CORE_FUEL_01,812.7997
2024-01-16T06:09:00,CORE_ROD_01,58.7984
2024-01-16T06:09:00,STEAM_PRES_01,71.2393
2024-01-16T06:09:00,STEAM_FEED_01,288.1263
2024-01-16T06:09:00,STEAM_TEMP_01,285.2471
2024-01-16T06:10:00,CORE_FLUX_01,1678350974978.0193
2024-01-16T06:10:00,CORE_FUEL_01,805.3449
2024-01-16T06:10:00,CORE_ROD_01,60.1753
2024-01-16T06:10:00,CORE_EXIT_01,329.0663
2024-01-16T06:10:00,STEAM_PRES_01,71.0499
2024-01-16T06:10:00,STEAM_FEED_01,288.5093
2024-01-16T06:10:00,STEAM_DELTA_01,31.4043
2024-01-16T06:10:00,STEAM_TEMP_01,284.2519
2024-01-16T06:11:00,CORE_FLUX_01,1679602519626.411
2024-01-16T06:11:00,CORE_FUEL_01,837.6798
2024-01-16T06:11:00,CORE_ROD_01,59.5669
2024-01-16T06:11:00,STEAM_PRES_01,71.1887
2024-01-16T06:11:00,STEAM_FEED_01,286.5102
2024-01-16T06:11:00,STEAM_TEMP_01,284.6969
2024-01-16T06:12:00,CORE_FLUX_01,1681655085029.8325
2024-01-16T06:12:00,CORE_FUEL_01,816.5012
2024-01-16T06:12:00,CORE_ROD_01,57.3913
2024-01-16T06:12:00,CORE_EXIT_01,329.3136
2024-01-16T06:12:00,STEAM_PRES_01,71.1226
2024-01-16T06:12:00,STEAM_FEED_01,285.1159
2024-01-16T06:12:00,STEAM_DELTA_01,31.3034
2024-01-16T06:12:00,STEAM_TEMP_01,284.3795
2024-01-16T06:13:00,CORE_FLUX_01,1714787907436.549
2024-01-16T06:13:00,CORE_FUEL_01,806.7734
2024-01-16T06:13:00,CORE_ROD_01,59.042
2024-01-16T06:13:00,STEAM_PRES_01,71.3577
2024-01-16T06:13:00,STEAM_FEED_01,288.6817
2024-01-16T06:13:00,STEAM_TEMP_01,284.6172
2024-01-16T06:14:00,CORE_FLUX_01,1719019293298.245
2024-01-16T06:14:00,CORE_FUEL_01,817.8166
2024-01-16T06:14:00,CORE_ROD_01,58.9201
2024-01-16T06:14:00,CORE_EXIT_01,329.0131
2024-01-16T06:14:00,STEAM_PRES_01,71.1172
2024-01-16T06:14:00,STEAM_FEED_01,287.2019
2024-01-16T06:14:00,STEAM_DELTA_01,31.5703
2024-01-16T06:14:00,STEAM_TEMP_01,285.3781
2024-01-16T06:15:00,CORE_FLUX_01,1683911869823.5273
2024-01-16T06:15:00,CORE_FUEL_01,815.0412
2024-01-16T06:15:00,CORE_ROD_01,59.2505
2024-01-16T06:15:00,STEAM_PRES_01,71.1029
2024-01-16T06:15:00,STEAM_FEED_01,287.7631
2024-01-16T06:15:00,STEAM_TEMP_01,284.5136
2024-01-16T06:16:00,CORE_FLUX_01,1715465564480.0813
2024-01-16T06:16:00,CORE_FUEL_01,838.3119
2024-01-16T06:16:00,CORE_ROD_01,57.7974
2024-01-16T06:16:00,CORE_EXIT_01,329.2334
2024-01-16T06:16:00,STEAM_PRES_01,71.256
2024-01-16T06:16:00,STEAM_FEED_01,288.937
2024-01-16T06:16:00,STEAM_DELTA_01,32.0195
2024-01-16T06:16:00,STEAM_TEMP_01,284.8285
2024-01-16T06:17:00,CORE_FLUX_01,1697049731530.2024
2024-01-16T06:17:00,CORE_FUEL_01,824.3439
2024-01-16T06:17:00,CORE_ROD_01,58.6775
2024-01-16T06:17:00,STEAM_PRES_01,71.2383
2024-01-16T06:17:00,STEAM_FEED_01,286.7159
2024-01-16T06:17:00,STEAM_TEMP_01,285.3641
2024-01-16T06:18:00,CORE_FLUX_01,1698883532677.3167
2024-01-16T06:18:00,CORE_FUEL_01,811.0231
2024-01-16T06:18:00,CORE_ROD_01,58.1143
2024-01-16T06:18:00,CORE_EXIT_01,332.9297
2024-01-16T06:18:00,STEAM_PRES_01,71.0904
2024-01-16T06:18:00,STEAM_FEED_01,283.6391
2024-01-16T06:18:00,STEAM_DELTA_01,31.5359
2024-01-16T06:18:00,STEAM_TEMP_01,285.4673
2024-01-16T06:19:00,CORE_FLUX_01,1700833335273.0266
2024-01-16T06:19:00,CORE_FUEL_01,830.2433
2024-01-16T06:19:00,CORE_ROD_01,60.4424
2024-01-16T06:19:00,STEAM_PRES_01,71.3957
2024-01-16T06:19:00,STEAM_FEED_01,286.0652
2024-01-16T06:19:00,STEAM_TEMP_01,285.7955
2024-01-16T06:20:00,CORE_FLUX_01,1726795535945.7896
2024-01-16T06:20:00,CORE_FUEL_01,814.6695
2024-01-16T06:20:00,CORE_ROD_01,60.0123
2024-01-16T06:20:00,CORE_EXIT_01,330.465
2024-01-16T06:20:00,STEAM_PRES_01,71.2013
2024-01-16T06:20:00,STEAM_FEED_01,284.3573
2024-01-16T06:20:00,STEAM_DELTA_01,31.8629
2024-01-16T06:20:00,STEAM_TEMP_01,285.1233
2024-01-16T06:21:00,CORE_FLUX_01,1654620213545.2017
2024-01-16T06:21:00,CORE_FUEL_01,832.0711
2024-01-16T06:21:00,CORE_ROD_01,60.6435
2024-01-16T06:21:00,STEAM_PRES_01,71.5263
2024-01-16T06:21:00,STEAM_FEED_01,289.5669
2024-01-16T06:21:00,STEAM_TEMP_01,286.8159
2024-01-16T06:22:00,CORE_FLUX_01,1648882192538.634
2024-01-16T06:22:00,CORE_FUEL_01,841.5423
2024-01-16T06:22:00,CORE_ROD_01,57.5786
2024-01-16T06:22:00,CORE_EXIT_01,328.7679
2024-01-16T06:22:00,STEAM_PRES_01,71.6745
2024-01-16T06:22:00,STEAM_FEED_01,285.7623
2024-01-16T06:22:00,STEAM_DELTA_01,31.7899
2024-01-16T06:22:00,STEAM_TEMP_01,285.8254
2024-01-16T06:23:00,CORE_FLUX_01,1711284392086.6082
2024-01-16T06:23:00,CORE_FUEL_01,828.6094
2024-01-16T06:23:00,CORE_ROD_01,58.0393
2024-01-16T06:23:00,STEAM_PRES_01,71.761
2024-01-16T06:23:00,STEAM_FEED_01,284.5398
2024-01-16T06:23:00,STEAM_TEMP_01,286.5262
2024-01-16T06:24:00,CORE_FLUX_01,1714062242266.5823
2024-01-16T06:24:00,CORE_FUEL_01,823.0447
2024-01-16T06:24:00,CORE_ROD_01,58.6063
2024-01-16T06:24:00,CORE_EXIT_01,330.6533
2024-01-16T06:24:00,STEAM_PRES_01,71.4743
2024-01-16T06:24:00,STEAM_FEED_01,284.8278
2024-01-16T06:24:00,STEAM_DELTA_01,32.1675
2024-01-16T06:24:00,STEAM_TEMP_01,284.9742
2024-01-16T06:25:00,CORE_FLUX_01,1684033600908.0112
2024-01-16T06:25:00,CORE_FUEL_01,834.6975
2024-01-16T06:25:00,CORE_ROD_01,58.0184
2024-01-16T06:25:00,STEAM_PRES_01,71.6972
2024-01-16T06:25:00,STEAM_FEED_01,283.4333
2024-01-16T06:25:00,STEAM_TEMP_01,286.1138
2024-01-16T06:26:00,CORE_FLUX_01,1715283505123.1067
2024-01-16T06:26:00,CORE_FUEL_01,828.3482
2024-01-16T06:26:00,CORE_ROD_01,58.78
2024-01-16T06:26:00,CORE_EXIT_01,330.3978
2024-01-16T06:26:00,STEAM_PRES_01,71.3313
2024-01-16T06:26:00,STEAM_FEED_01,284.9122
2024-01-16T06:26:00,STEAM_DELTA_01,31.7545
2024-01-16T06:26:00,STEAM_TEMP_01,286.1401
2024-01-16T06:27:00,CORE_FLUX_01,1747765540135.2563
2024-01-16T06:27:00,CORE_FUEL_01,826.0278
2024-01-16T06:27:00,CORE_ROD_01,59.3743
2024-01-16T06:27:00,STEAM_PRES_01,71.7361
2024-01-16T06:27:00,STEAM_FEED_01,283.4467
2024-01-16T06:27:00,STEAM_TEMP_01,285.4111
2024-01-16T06:28:00,CORE_FLUX_01,1733695876109.705
2024-01-16T06:28:00,CORE_FUEL_01,837.5261
2024-01-16T06:28:00,CORE_ROD_01,57.1617
2024-01-16T06:28:00,CORE_EXIT_01,327.5962
2024-01-16T06:28:00,STEAM_PRES_01,71.5309
2024-01-16T06:28:00,STEAM_FEED_01,282.6186
2024-01-16T06:28:00,STEAM_DELTA_01,31.3351
2024-01-16T06:28:00,STEAM_TEMP_01,285.4024
2024-01-16T06:29:00,CORE_FLUX_01,1711015943231.0369
2024-01-16T06:29:00,CORE_FUEL_01,829.8098
2024-01-16T06:29:00,CORE_ROD_01,59.672
2024-01-16T06:29:00,STEAM_PRES_01,72.2305
2024-01-16T06:29:00,STEAM_FEED_01,289.7524
2024-01-16T06:29:00,STEAM_TEMP_01,287.8916
2024-01-16T06:30:00,CORE_FLUX_01,1776200478428.2124
2024-01-16T06:30:00,CORE_FUEL_01,836.5639
2024-01-16T06:30:00,CORE_ROD_01,57.4567
2024-01-16T06:30:00,CORE_EXIT_01,329.0771
2024-01-16T06:30:00,STEAM_PRES_01,71.9146
2024-01-16T06:30:00,STEAM_FEED_01,284.3493
2024-01-16T06:30:00,STEAM_DELTA_01,32.5379
2024-01-16T06:30:00,STEAM_TEMP_01,287.0208
2024-01-16T06:31:00,CORE_FLUX_01,1775477647369.5623
2024-01-16T06:31:00,CORE_FUEL_01,822.8955
2024-01-16T06:31:00,CORE_ROD_01,58.1132
2024-01-16T06:31:00,STEAM_PRES_01,71.9228
2024-01-16T06:31:00,STEAM_FEED_01,283.2777
2024-01-16T06:31:00,STEAM_TEMP_01,287.2002
2024-01-16T06:32:00,CORE_FLUX_01,1747881244228.7964
2024-01-16T06:32:00,CORE_FUEL_01,823.7763
2024-01-16T06:32:00,CORE_ROD_01,59.3454
2024-01-16T06:32:00,CORE_EXIT_01,332.597
2024-01-16T06:32:00,STEAM_PRES_01,71.5951
2024-01-16T06:32:00,STEAM_FEED_01,282.8457
2024-01-16T06:32:00,STEAM_DELTA_01,32.228
2024-01-16T06:32:00,STEAM_TEMP_01,286.228
2024-01-16T06:33:00,CORE_FLUX_01,1741144565617.9333
2024-01-16T06:33:00,CORE_FUEL_01,813.5664
2024-01-16T06:33:00,CORE_ROD_01,58.8428
2024-01-16T06:33:00,STEAM_PRES_01,71.8704
2024-01-16T06:33:00,STEAM_FEED_01,280.9167
2024-01-16T06:33:00,STEAM_TEMP_01,287.3101
2024-01-16T06:34:00,CORE_FLUX_01,1717754731289.8665
2024-01-16T06:34:00,CORE_FUEL_01,841.2986
2024-01-16T06:34:00,CORE_ROD_01,59.1519
2024-01-16T06:34:00,CORE_EXIT_01,329.9618
2024-01-16T06:34:00,STEAM_PRES_01,71.7764
2024-01-16T06:34:00,STEAM_FEED_01,284.3716
2024-01-16T06:34:00,STEAM_DELTA_01,31.9545
2024-01-16T06:34:00,STEAM_TEMP_01,286.4451
2024-01-16T06:35:00,CORE_FLUX_01,1677116730665.0862
2024-01-16T06:35:00,CORE_FUEL_01,827.6931
2024-01-16T06:35:00,CORE_ROD_01,57.6427
2024-01-16T06:35:00,STEAM_PRES_01,71.6614
2024-01-16T06:35:00,STEAM_FEED_01,278.4887
2024-01-16T06:35:00,STEAM_TEMP_01,286.0362
2024-01-16T06:36:00,CORE_FLUX_01,1676055366479.8047
2024-01-16T06:36:00,CORE_FUEL_01,823.5069
2024-01-16T06:36:00,CORE_ROD_01,59.1641
2024-01-16T06:36:00,CORE_EXIT_01,331.8342
2024-01-16T06:36:00,STEAM_PRES_01,72.0483
2024-01-16T06:36:00,STEAM_FEED_01,280.7867
2024-01-16T06:36:00,STEAM_DELTA_01,32.4986
2024-01-16T06:36:00,STEAM_TEMP_01,287.4141
2024-01-16T06:37:00,CORE_FLUX_01,1715073118129.5378
2024-01-16T06:37:00,CORE_FUEL_01,843.1514
2024-01-16T06:37:00,CORE_ROD_01,56.5631
2024-01-16T06:37:00,STEAM_PRES_01,71.7626
2024-01-16T06:37:00,STEAM_FEED_01,279.5524
2024-01-16T06:37:00,STEAM_TEMP_01,286.3502
2024-01-16T06:38:00,CORE_FLUX_01,1741352404034.8767
2024-01-16T06:38:00,CORE_FUEL_01,826.1114
2024-01-16T06:38:00,CORE_ROD_01,57.4595
2024-01-16T06:38:00,CORE_EXIT_01,332.339
2024-01-16T06:38:00,STEAM_PRES_01,71.6668
2024-01-16T06:38:00,STEAM_FEED_01,279.7719
2024-01-16T06:38:00,STEAM_DELTA_01,32.4903
2024-01-16T06:38:00,STEAM_TEMP_01,286.5914
2024-01-16T06:39:00,CORE_FLUX_01,1740269065356.2498
2024-01-16T06:39:00,CORE_FUEL_01,815.432
2024-01-16T06:39:00,CORE_ROD_01,59.6135
2024-01-16T06:39:00,STEAM_PRES_01,72.2916
2024-01-16T06:39:00,STEAM_FEED_01,280.7313
2024-01-16T06:39:00,STEAM_TEMP_01,288.0952
2024-01-16T06:40:00,CORE_FLUX_01,1707438002917.6694
2024-01-16T06:40:00,CORE_FUEL_01,828.1646
2024-01-16T06:40:00,CORE_ROD_01,58.1493
2024-01-16T06:40:00,CORE_EXIT_01,329.1921
2024-01-16T06:40:00,STEAM_PRES_01,71.7145
2024-01-16T06:40:00,STEAM_FEED_01,277.1482
2024-01-16T06:40:00,STEAM_DELTA_01,32.2405
2024-01-16T06:40:00,STEAM_TEMP_01,287.5027
2024-01-16T06:41:00,CORE_FLUX_01,1725658566330.3123
2024-01-16T06:41:00,CORE_FUEL_01,830.2315
2024-01-16T06:41:00,CORE_ROD_01,59.658
2024-01-16T06:41:00,STEAM_PRES_01,72.0313
2024-01-16T06:41:00,STEAM_FEED_01,281.4185
2024-01-16T06:41:00,STEAM_TEMP_01,286.9485
2024-01-16T06:42:00,CORE_FLUX_01,1732299297942.042
2024-01-16T06:42:00,CORE_FUEL_01,814.8736
2024-01-16T06:42:00,CORE_ROD_01,58.6126
2024-01-16T06:42:00,CORE_EXIT_01,328.3057
2024-01-16T06:42:00,STEAM_PRES_01,71.8636
2024-01-16T06:42:00,STEAM_FEED_01,280.6754
2024-01-16T06:42:00,STEAM_DELTA_01,32.4816
2024-01-16T06:42:00,STEAM_TEMP_01,287.5026
2024-01-16T06:43:00,CORE_FLUX_01,1686167867515.0464
2024-01-16T06:43:00,CORE_FUEL_01,817.5921
2024-01-16T06:43:00,CORE_ROD_01,56.7868
2024-01-16T06:43:00,STEAM_PRES_01,71.908
2024-01-16T06:43:00,STEAM_FEED_01,280.8634
2024-01-16T06:43:00,STEAM_TEMP_01,287.5715
2024-01-16T06:44:00,CORE_FLUX_01,1717850664285.9565
2024-01-16T06:44:00,CORE_FUEL_01,838.1299
2024-01-16T06:44:00,CORE_ROD_01,58.3591
2024-01-16T06:44:00,CORE_EXIT_01,332.2429
2024-01-16T06:44:00,STEAM_PRES_01,71.867
2024-01-16T06:44:00,STEAM_FEED_01,278.3189
2024-01-16T06:44:00,STEAM_DELTA_01,32.5434
2024-01-16T06:44:00,STEAM_TEMP_01,288.1588
2024-01-16T06:45:00,CORE_FLUX_01,1650719026056.3823
2024-01-16T06:45:00,CORE_FUEL_01,807.9281
2024-01-16T06:45:00,CORE_ROD_01,58.0554
2024-01-16T06:45:00,STEAM_PRES_01,72.1642
2024-01-16T06:45:00,STEAM_FEED_01,282.7332
2024-01-16T06:45:00,STEAM_TEMP_01,287.7208
2024-01-16T06:46:00,CORE_FLUX_01,1712801335918.33
2024-01-16T06:46:00,CORE_FUEL_01,831.7592
2024-01-16T06:46:00,CORE_ROD_01,57.8256
2024-01-16T06:46:00,CORE_EXIT_01,330.0413
2024-01-16T06:46:00,STEAM_PRES_01,72.3987
2024-01-16T06:46:00,STEAM_FEED_01,282.9389
2024-01-16T06:46:00,STEAM_DELTA_01,32.7085
2024-01-16T06:46:00,STEAM_TEMP_01,288.7235
2024-01-16T06:47:00,CORE_FLUX_01,1667419588916.1387
2024-01-16T06:47:00,CORE_FUEL_01,821.0462
2024-01-16T06:47:00,CORE_ROD_01,57.5745
2024-01-16T06:47:00,STEAM_PRES_01,72.1644
2024-01-16T06:47:00,STEAM_FEED_01,278.5065
2024-01-16T06:47:00,STEAM_TEMP_01,287.5504
2024-01-16T06:48:00,CORE_FLUX_01,1751081183463.8054
2024-01-16T06:48:00,CORE_FUEL_01,812.1692
2024-01-16T06:48:00,CORE_ROD_01,59.3921
2024-01-16T06:48:00,CORE_EXIT_01,331.3975
2024-01-16T06:48:00,STEAM_PRES_01,72.042
2024-01-16T06:48:00,STEAM_FEED_01,278.3479
2024-01-16T06:48:00,STEAM_DELTA_01,32.4863
2024-01-16T06:48:00,STEAM_TEMP_01,288.5247
2024-01-16T06:49:00,CORE_FLUX_01,1702179098424.483
2024-01-16T06:49:00,CORE_FUEL_01,835.8076
2024-01-16T06:49:00,CORE_ROD_01,56.7734
2024-01-16T06:49:00,STEAM_PRES_01,72.5205
2024-01-16T06:49:00,STEAM_FEED_01,278.7174
2024-01-16T06:49:00,STEAM_TEMP_01,288.5418
2024-01-16T06:50:00,CORE_FLUX_01,1752131036979.1826
2024-01-16T06:50:00,CORE_FUEL_01,834.2206
2024-01-16T06:50:00,CORE_ROD_01,57.0217
2024-01-16T06:50:00,CORE_EXIT_01,330.2457
2024-01-16T06:50:00,STEAM_PRES_01,72.4081
2024-01-16T06:50:00,STEAM_FEED_01,275.2592
2024-01-16T06:50:00,STEAM_DELTA_01,32.3395
2024-01-16T06:50:00,STEAM_TEMP_01,287.7612
2024-01-16T06:51:00,CORE_FLUX_01,1737632432211.12
2024-01-16T06:51:00,CORE_FUEL_01,839.3538
2024-01-16T06:51:00,CORE_ROD_01,58.0573
2024-01-16T06:51:00,STEAM_PRES_01,72.4747
2024-01-16T06:51:00,STEAM_FEED_01,274.5182
2024-01-16T06:51:00,STEAM_TEMP_01,288.4682
2024-01-16T06:52:00,CORE_FLUX_01,1777955738451.2522
2024-01-16T06:52:00,CORE_FUEL_01,831.7218
2024-01-16T06:52:00,CORE_ROD_01,57.8285
2024-01-16T06:52:00,CORE_EXIT_01,330.1704
2024-01-16T06:52:00,STEAM_PRES_01,71.9912
2024-01-16T06:52:00,STEAM_FEED_01,276.1091
2024-01-16T06:52:00,STEAM_DELTA_01,32.7171
2024-01-16T06:52:00,STEAM_TEMP_01,287.8564
2024-01-16T06:53:00,CORE_FLUX_01,1744343460838.2214
2024-01-16T06:53:00,CORE_FUEL_01,844.9864
2024-01-16T06:53:00,CORE_ROD_01,57.4121
2024-01-16T06:53:00,STEAM_PRES_01,72.6133
2024-01-16T06:53:00,STEAM_FEED_01,278.8013
2024-01-16T06:53:00,STEAM_TEMP_01,289.1585
2024-01-16T06:54:00,CORE_FLUX_01,1683546778449.4602
2024-01-16T06:54:00,CORE_FUEL_01,820.2878
2024-01-16T06:54:00,CORE_ROD_01,57.6091
2024-01-16T06:54:00,CORE_EXIT_01,333.8776
2024-01-16T06:54:00,STEAM_PRES_01,72.422
2024-01-16T06:54:00,STEAM_FEED_01,273.1286
2024-01-16T06:54:00,STEAM_DELTA_01,32.6698
2024-01-16T06:54:00,STEAM_TEMP_01,287.7336
2024-01-16T06:55:00,CORE_FLUX_01,1737690881002.0793
2024-01-16T06:55:00,CORE_FUEL_01,830.7197
2024-01-16T06:55:00,CORE_ROD_01,56.8935
2024-01-16T06:55:00,STEAM_PRES_01,72.5566
2024-01-16T06:55:00,STEAM_FEED_01,276.702
2024-01-16T06:55:00,STEAM_TEMP_01,288.1519
2024-01-16T06:56:00,CORE_FLUX_01,1731830480707.1755
2024-01-16T06:56:00,CORE_FUEL_01,820.9423
2024-01-16T06:56:00,CORE_ROD_01,58.0373
2024-01-16T06:56:00,CORE_EXIT_01,332.9106
2024-01-16T06:56:00,STEAM_PRES_01,71.9411
2024-01-16T06:56:00,STEAM_FEED_01,273.5063
2024-01-16T06:56:00,STEAM_DELTA_01,32.8865
2024-01-16T06:56:00,STEAM_TEMP_01,288.8689
2024-01-16T06:57:00,CORE_FLUX_01,1729916093585.8164
2024-01-16T06:57:00,CORE_FUEL_01,816.7299
2024-01-16T06:57:00,CORE_ROD_01,56.8129
2024-01-16T06:57:00,STEAM_PRES_01,72.5974
2024-01-16T06:57:00,STEAM_FEED_01,275.3732
2024-01-16T06:57:00,STEAM_TEMP_01,289.3422
2024-01-16T06:58:00,CORE_FLUX_01,1751340786837.5771
2024-01-16T06:58:00,CORE_FUEL_01,816.387
2024-01-16T06:58:00,CORE_ROD_01,58.4428
2024-01-16T06:58:00,CORE_EXIT_01,331.9465
2024-01-16T06:58:00,STEAM_PRES_01,72.72
2024-01-16T06:58:00,STEAM_FEED_01,275.7843
2024-01-16T06:58:00,STEAM_DELTA_01,32.7834
2024-01-16T06:58:00,STEAM_TEMP_01,288.6406
2024-01-16T06:59:00,CORE_FLUX_01,1763896955421.1506
2024-01-16T06:59:00,CORE_FUEL_01,836.8691
2024-01-16T06:59:00,CORE_ROD_01,56.6687
2024-01-16T06:59:00,STEAM_PRES_01,72.7233
2024-01-16T06:59:00,STEAM_FEED_01,274.901
2024-01-16T06:59:00,STEAM_TEMP_01,289.0999
2024-01-16T07:00:00,CORE_FLUX_01,1705920406917.5483
2024-01-16T07:00:00,CORE_FUEL_01,824.396
2024-01-16T07:00:00,CORE_ROD_01,57.5626
2024-01-16T07:00:00,CORE_EXIT_01,333.4407
2024-01-16T07:00:00,STEAM_PRES_01,72.3651
2024-01-16T07:00:00,STEAM_FEED_01,271.6495
2024-01-16T07:00:00,STEAM_DELTA_01,32.6185
2024-01-16T07:00:00,STEAM_TEMP_01,288.0444
2024-01-16T07:01:00,CORE_FLUX_01,1694208920046.0718
2024-01-16T07:01:00,CORE_FUEL_01,814.6415
2024-01-16T07:01:00,CORE_ROD_01,57.983
2024-01-16T07:01:00,STEAM_PRES_01,72.4465
2024-01-16T07:01:00,STEAM_FEED_01,274.8707
2024-01-16T07:01:00,STEAM_TEMP_01,289.4977
2024-01-16T07:02:00,CORE_FLUX_01,1714346647726.6675
2024-01-16T07:02:00,CORE_FUEL_01,830.7839
2024-01-16T07:02:00,CORE_ROD_01,59.1943
2024-01-16T07:02:00,CORE_EXIT_01,332.6773
2024-01-16T07:02:00,STEAM_PRES_01,72.5988
2024-01-16T07:02:00,STEAM_FEED_01,270.4731
2024-01-16T07:02:00,STEAM_DELTA_01,33.1722
2024-01-16T07:02:00,STEAM_TEMP_01,288.6667
2024-01-16T07:03:00,CORE_FLUX_01,1717120686477.8591
2024-01-16T07:03:00,CORE_FUEL_01,844.1126
2024-01-16T07:03:00,CORE_ROD_01,57.3211
2024-01-16T07:03:00,STEAM_PRES_01,72.3283
2024-01-16T07:03:00,STEAM_FEED_01,272.5855
2024-01-16T07:03:00,STEAM_TEMP_01,288.0113
2024-01-16T07:04:00,CORE_FLUX_01,1730395952883.06
2024-01-16T07:04:00,CORE_FUEL_01,844.5722
2024-01-16T07:04:00,CORE_ROD_01,57.2133
2024-01-16T07:04:00,CORE_EXIT_01,330.5489
2024-01-16T07:04:00,STEAM_PRES_01,72.4164
2024-01-16T07:04:00,STEAM_FEED_01,270.5984
2024-01-16T07:04:00,STEAM_DELTA_01,32.915
2024-01-16T07:04:00,STEAM_TEMP_01,290.1076
2024-01-16T07:05:00,CORE_FLUX_01,1714000735621.8406
2024-01-16T07:05:00,CORE_FUEL_01,855.2682
2024-01-16T07:05:00,CORE_ROD_01,58.2751
2024-01-16T07:05:00,STEAM_PRES_01,73.0534
2024-01-16T07:05:00,STEAM_FEED_01,272.7794
2024-01-16T07:05:00,STEAM_TEMP_01,289.7728
2024-01-16T07:06:00,CORE_FLUX_01,1756684593304.6975
2024-01-16T07:06:00,CORE_FUEL_01,819.2933
2024-01-16T07:06:00,CORE_ROD_01,57.8988
2024-01-16T07:06:00,CORE_EXIT_01,331.9721
2024-01-16T07:06:00,STEAM_PRES_01,72.8152
2024-01-16T07:06:00,STEAM_FEED_01,269.841
2024-01-16T07:06:00,STEAM_DELTA_01,33.4095
2024-01-16T07:06:00,STEAM_TEMP_01,289.8821
2024-01-16T07:07:00,CORE_FLUX_01,1730903798913.4138
2024-01-16T07:07:00,CORE_FUEL_01,847.6183
2024-01-16T07:07:00,CORE_ROD_01,58.7335
2024-01-16T07:07:00,STEAM_PRES_01,72.7951
2024-01-16T07:07:00,STEAM_FEED_01,271.2111
2024-01-16T07:07:00,STEAM_TEMP_01,289.2247
2024-01-16T07:08:00,CORE_FLUX_01,1753777841783.075
2024-01-16T07:08:00,CORE_FUEL_01,828.56
2024-01-16T07:08:00,CORE_ROD_01,56.8912
2024-01-16T07:08:00,CORE_EXIT_01,328.5061
2024-01-16T07:08:00,STEAM_PRES_01,69.965
2024-01-16T07:08:00,STEAM_FEED_01,297.8187
2024-01-16T07:08:00,STEAM_DELTA_01,30.3591
2024-01-16T07:08:00,STEAM_TEMP_01,281.3218
2024-01-16T07:09:00,CORE_FLUX_01,1744512690837.7122
2024-01-16T07:09:00,CORE_FUEL_01,838.7877
2024-01-16T07:09:00,CORE_ROD_01,58.8664
2024-01-16T07:09:00,STEAM_PRES_01,70.4634
2024-01-16T07:09:00,STEAM_FEED_01,296.1811
2024-01-16T07:09:00,STEAM_TEMP_01,282.0244
2024-01-16T07:10:00,CORE_FLUX_01,1781785797812.762
2024-01-16T07:10:00,CORE_FUEL_01,835.2585
2024-01-16T07:10:00,CORE_ROD_01,56.6404
2024-01-16T07:10:00,CORE_EXIT_01,331.8296
2024-01-16T07:10:00,STEAM_PRES_01,70.4867
2024-01-16T07:10:00,STEAM_FEED_01,295.5736
2024-01-16T07:10:00,STEAM_DELTA_01,30.6709
2024-01-16T07:10:00,STEAM_TEMP_01,282.1972
2024-01-16T07:11:00,CORE_FLUX_01,1730075608302.7393
2024-01-16T07:11:00,CORE_FUEL_01,858.6247
2024-01-16T07:11:00,CORE_ROD_01,59.538
2024-01-16T07:11:00,STEAM_PRES_01,69.8701
2024-01-16T07:11:00,STEAM_FEED_01,294.0293
2024-01-16T07:11:00,STEAM_TEMP_01,281.6341
2024-01-16T07:12:00,CORE_FLUX_01,1795949649918.9907
2024-01-16T07:12:00,CORE_FUEL_01,842.6264
2024-01-16T07:12:00,CORE_ROD_01,56.9876
2024-01-16T07:12:00,CORE_EXIT_01,329.8047
2024-01-16T07:12:00,STEAM_PRES_01,70.5278
2024-01-16T07:12:00,STEAM_FEED_01,297.884
2024-01-16T07:12:00,STEAM_DELTA_01,30.6855
2024-01-16T07:12:00,STEAM_TEMP_01,282.154
2024-01-16T07:13:00,CORE_FLUX_01,1757854994881.1616
2024-01-16T07:13:00,CORE_FUEL_01,841.2488
2024-01-16T07:13:00,CORE_ROD_01,58.6687
2024-01-16T07:13:00,STEAM_PRES_01,70.4382
2024-01-16T07:13:00,STEAM_FEED_01,297.2352
2024-01-16T07:13:00,STEAM_TEMP_01,281.9016
2024-01-16T07:14:00,CORE_FLUX_01,1770293760822.2188
2024-01-16T07:14:00,CORE_FUEL_01,827.7096
2024-01-16T07:14:00,CORE_ROD_01,57.9398
2024-01-16T07:14:00,CORE_EXIT_01,329.7866
2024-01-16T07:14:00,STEAM_PRES_01,70.304
2024-01-16T07:14:00,STEAM_FEED_01,294.7885
2024-01-16T07:14:00,STEAM_DELTA_01,30.9956
2024-01-16T07:14:00,STEAM_TEMP_01,282.4764
2024-01-16T07:15:00,CORE_FLUX_01,1760283860157.014
2024-01-16T07:15:00,CORE_FUEL_01,847.8631
2024-01-16T07:15:00,CORE_ROD_01,58.0488
2024-01-16T07:15:00,STEAM_PRES_01,70.4086
2024-01-16T07:15:00,STEAM_FEED_01,298.202
2024-01-16T07:15:00,STEAM_TEMP_01,283.1773
2024-01-16T07:16:00,CORE_FLUX_01,1783586672358.9224
2024-01-16T07:16:00,CORE_FUEL_01,838.2805
2024-01-16T07:16:00,CORE_ROD_01,57.2276
2024-01-16T07:16:00,CORE_EXIT_01,329.3595
2024-01-16T07:16:00,STEAM_PRES_01,70.3502
2024-01-16T07:16:00,STEAM_FEED_01,296.4738
2024-01-16T07:16:00,STEAM_DELTA_01,30.7101
2024-01-16T07:16:00,STEAM_TEMP_01,282.5384
2024-01-16T07:17:00,CORE_FLUX_01,1720175294879.374
2024-01-16T07:17:00,CORE_FUEL_01,845.2239
2024-01-16T07:17:00,CORE_ROD_01,56.0745
2024-01-16T07:17:00,STEAM_PRES_01,70.0095
2024-01-16T07:17:00,STEAM_FEED_01,293.642
2024-01-16T07:17:00,STEAM_TEMP_01,282.4592
2024-01-16T07:18:00,CORE_FLUX_01,1724136456802.632
2024-01-16T07:18:00,CORE_FUEL_01,838.2212
2024-01-16T07:18:00,CORE_ROD_01,57.2334
2024-01-16T07:18:00,CORE_EXIT_01,330.1663
2024-01-16T07:18:00,STEAM_PRES_01,70.2982
2024-01-16T07:18:00,STEAM_FEED_01,297.2885
2024-01-16T07:18:00,STEAM_DELTA_01,30.7472
2024-01-16T07:18:00,STEAM_TEMP_01,281.9551
2024-01-16T07:19:00,CORE_FLUX_01,1765285653716.0164
2024-01-16T07:19:00,CORE_FUEL_01,842.9633
2024-01-16T07:19:00,CORE_ROD_01,57.8253
2024-01-16T07:19:00,STEAM_PRES_01,70.4453
2024-01-16T07:19:00,STEAM_FEED_01,297.5778
2024-01-16T07:19:00,STEAM_TEMP_01,282.2324
2024-01-16T07:20:00,CORE_FLUX_01,1816708026868.694
2024-01-16T07:20:00,CORE_FUEL_01,832.1531
2024-01-16T07:20:00,CORE_ROD_01,57.2269
2024-01-16T07:20:00,CORE_EXIT_01,332.9987
2024-01-16T07:20:00,STEAM_PRES_01,70.1463
2024-01-16T07:20:00,STEAM_FEED_01,297.469
2024-01-16T07:20:00,STEAM_DELTA_01,30.3454
2024-01-16T07:20:00,STEAM_TEMP_01,283.2432
2024-01-16T07:21:00,CORE_FLUX_01,1753817266652.0076
2024-01-16T07:21:00,CORE_FUEL_01,856.3817
2024-01-16T07:21:00,CORE_ROD_01,56.0115
2024-01-16T07:21:00,STEAM_PRES_01,70.1655
2024-01-16T07:21:00,STEAM_FEED_01,294.7349
2024-01-16T07:21:00,STEAM_TEMP_01,283.0388
2024-01-16T07:22:00,CORE_FLUX_01,1767907434705.6
2024-01-16T07:22:00,CORE_FUEL_01,841.1072
2024-01-16T07:22:00,CORE_ROD_01,56.6658
2024-01-16T07:22:00,CORE_EXIT_01,331.2283
2024-01-16T07:22:00,STEAM_PRES_01,70.0694
2024-01-16T07:22:00,STEAM_FEED_01,294.29
2024-01-16T07:22:00,STEAM_DELTA_01,30.6941
2024-01-16T07:22:00,STEAM_TEMP_01,281.5256
2024-01-16T07:23:00,CORE_FLUX_01,1712740793610.3372
2024-01-16T07:23:00,CORE_FUEL_01,830.1694
2024-01-16T07:23:00,CORE_ROD_01,58.7845
2024-01-16T07:23:00,STEAM_PRES_01,69.938
2024-01-16T07:23:00,STEAM_FEED_01,296.0434
2024-01-16T07:23:00,STEAM_TEMP_01,282.5161
2024-01-16T07:24:00,CORE_FLUX_01,1696715472528.8335
2024-01-16T07:24:00,CORE_FUEL_01,850.0373
2024-01-16T07:24:00,CORE_ROD_01,56.1429
2024-01-16T07:24:00,CORE_EXIT_01,332.9394
2024-01-16T07:24:00,STEAM_PRES_01,70.3811
2024-01-16T07:24:00,STEAM_FEED_01,297.122
2024-01-16T07:24:00,STEAM_DELTA_01,30.8902
2024-01-16T07:24:00,STEAM_TEMP_01,282.0216
2024-01-16T07:25:00,CORE_FLUX_01,1770770786889.1792
2024-01-16T07:25:00,CORE_FUEL_01,833.0646
2024-01-16T07:25:00,CORE_ROD_01,57.6209
2024-01-16T07:25:00,STEAM_PRES_01,70.0751
2024-01-16T07:25:00,STEAM_FEED_01,294.0648
2024-01-16T07:25:00,STEAM_TEMP_01,281.4676
2024-01-16T07:26:00,CORE_FLUX_01,1751092545843.6047
2024-01-16T07:26:00,CORE_FUEL_01,829.8958
2024-01-16T07:26:00,CORE_ROD_01,56.8939
2024-01-16T07:26:00,CORE_EXIT_01,333.6756
2024-01-16T07:26:00,STEAM_PRES_01,70.3113
2024-01-16T07:26:00,STEAM_FEED_01,293.2427
2024-01-16T07:26:00,STEAM_DELTA_01,30.4729
2024-01-16T07:26:00,STEAM_TEMP_01,281.3642
2024-01-16T07:27:00,CORE_FLUX_01,1742015907258.9485
2024-01-16T07:27:00,CORE_FUEL_01,838.1901
2024-01-16T07:27:00,CORE_ROD_01,56.7765
2024-01-16T07:27:00,STEAM_PRES_01,72.9127
2024-01-16T07:27:00,STEAM_FEED_01,269.3066
2024-01-16T07:27:00,STEAM_TEMP_01,290.2852
2024-01-16T07:28:00,CORE_FLUX_01,1814417711763.047
2024-01-16T07:28:00,CORE_FUEL_01,852.1721
2024-01-16T07:28:00,CORE_ROD_01,57.7894
2024-01-16T07:28:00,CORE_EXIT_01,330.6684
2024-01-16T07:28:00,STEAM_PRES_01,73.2865
2024-01-16T07:28:00,STEAM_FEED_01,271.9497
2024-01-16T07:28:00,STEAM_DELTA_01,33.8443
2024-01-16T07:28:00,STEAM_TEMP_01,291.7261
2024-01-16T07:29:00,CORE_FLUX_01,1752768767926.4172
2024-01-16T07:29:00,CORE_FUEL_01,847.2511
2024-01-16T07:29:00,CORE_ROD_01,56.6273
2024-01-16T07:29:00,STEAM_PRES_01,73.0167
2024-01-16T07:29:00,STEAM_FEED_01,268.0546
2024-01-16T07:29:00,STEAM_TEMP_01,289.328
2024-01-16T07:30:00,CORE_FLUX_01,1777285994135.805
2024-01-16T07:30:00,CORE_FUEL_01,836.4314
2024-01-16T07:30:00,CORE_ROD_01,58.0505
2024-01-16T07:30:00,CORE_EXIT_01,331.2378
2024-01-16T07:30:00,STEAM_PRES_01,73.1645
2024-01-16T07:30:00,STEAM_FEED_01,268.9921
2024-01-16T07:30:00,STEAM_DELTA_01,33.6986
2024-01-16T07:30:00,STEAM_TEMP_01,289.7779
2024-01-16T07:31:00,CORE_FLUX_01,1812687050457.2588
2024-01-16T07:31:00,CORE_FUEL_01,842.2052
2024-01-16T07:31:00,CORE_ROD_01,57.419
2024-01-16T07:31:00,STEAM_PRES_01,72.9788
2024-01-16T07:31:00,STEAM_FEED_01,271.2399
2024-01-16T07:31:00,STEAM_TEMP_01,289.77
2024-01-16T07:32:00,CORE_FLUX_01,1708097207543.4482
2024-01-16T07:32:00,CORE_FUEL_01,848.426
2024-01-16T07:32:00,CORE_ROD_01,56.6678
2024-01-16T07:32:00,CORE_EXIT_01,334.2061
2024-01-16T07:32:00,STEAM_PRES_01,73.1268
2024-01-16T07:32:00,STEAM_FEED_01,272.12
2024-01-16T07:32:00,STEAM_DELTA_01,33.7958
2024-01-16T07:32:00,STEAM_TEMP_01,292.2927
2024-01-16T07:33:00,CORE_FLUX_01,1770730316352.2607
2024-01-16T07:33:00,CORE_FUEL_01,845.5365
2024-01-16T07:33:00,CORE_ROD_01,58.1567
2024-01-16T07:33:00,STEAM_PRES_01,73.142
2024-01-16T07:33:00,STEAM_FEED_01,272.4488
2024-01-16T07:33:00,STEAM_TEMP_01,290.788
2024-01-16T07:34:00,CORE_FLUX_01,1798417249310.1138
2024-01-16T07:34:00,CORE_FUEL_01,843.1317
2024-01-16T07:34:00,CORE_ROD_01,57.627
2024-01-16T07:34:00,CORE_EXIT_01,331.316
2024-01-16T07:34:00,STEAM_PRES_01,73.0496
2024-01-16T07:34:00,STEAM_FEED_01,271.5553
2024-01-16T07:34:00,STEAM_DELTA_01,33.3438
2024-01-16T07:34:00,STEAM_TEMP_01,290.3569
2024-01-16T07:35:00,CORE_FLUX_01,1725595730843.6206
2024-01-16T07:35:00,CORE_FUEL_01,855.1907
2024-01-16T07:35:00,CORE_ROD_01,56.2658
2024-01-16T07:35:00,STEAM_PRES_01,72.9776
2024-01-16T07:35:00,STEAM_FEED_01,269.0083
2024-01-16T07:35:00,STEAM_TEMP_01,289.4666
2024-01-16T07:36:00,CORE_FLUX_01,1818095754598.4666
2024-01-16T07:36:00,CORE_FUEL_01,839.6884
2024-01-16T07:36:00,CORE_ROD_01,56.6264
2024-01-16T07:36:00,CORE_EXIT_01,332.327
2024-01-16T07:36:00,STEAM_PRES_01,73.0883
2024-01-16T07:36:00,STEAM_FEED_01,268.6857
2024-01-16T07:36:00,STEAM_DELTA_01,33.3179
2024-01-16T07:36:00,STEAM_TEMP_01,290.4046
2024-01-16T07:37:00,CORE_FLUX_01,1846694439453.9792
2024-01-16T07:37:00,CORE_FUEL_01,847.9622
2024-01-16T07:37:00,CORE_ROD_01,56.6759
2024-01-16T07:37:00,STEAM_PRES_01,72.9504
2024-01-16T07:37:00,STEAM_FEED_01,270.8486
2024-01-16T07:37:00,STEAM_TEMP_01,289.8385
2024-01-16T07:38:00,CORE_FLUX_01,1747555974011.596
2024-01-16T07:38:00,CORE_FUEL_01,841.8861
2024-01-16T07:38:00,CORE_ROD_01,59.0949
2024-01-16T07:38:00,CORE_EXIT_01,330.767
2024-01-16T07:38:00,STEAM_PRES_01,73.125
2024-01-16T07:38:00,STEAM_FEED_01,272.9798
2024-01-16T07:38:00,STEAM_DELTA_01,33.8539
2024-01-16T07:38:00,STEAM_TEMP_01,291.9243
2024-01-16T07:39:00,CORE_FLUX_01,1791280820186.6426
2024-01-16T07:39:00,CORE_FUEL_01,852.7469
2024-01-16T07:39:00,CORE_ROD_01,58.1819
2024-01-16T07:39:00,STEAM_PRES_01,72.9674
2024-01-16T07:39:00,STEAM_FEED_01,271.8992
2024-01-16T07:39:00,STEAM_TEMP_01,290.9952
2024-01-16T07:40:00,CORE_FLUX_01,1739754191632.6196
2024-01-16T07:40:00,CORE_FUEL_01,844.1487
2024-01-16T07:40:00,CORE_ROD_01,56.0441
2024-01-16T07:40:00,CORE_EXIT_01,334.2228
2024-01-16T07:40:00,STEAM_PRES_01,73.1276
2024-01-16T07:40:00,STEAM_FEED_01,271.1356
2024-01-16T07:40:00,STEAM_DELTA_01,33.5217
2024-01-16T07:40:00,STEAM_TEMP_01,291.4884
2024-01-16T07:41:00,CORE_FLUX_01,1808343515755.234
2024-01-16T07:41:00,CORE_FUEL_01,853.806
2024-01-16T07:41:00,CORE_ROD_01,57.341
2024-01-16T07:41:00,STEAM_PRES_01,72.7578
2024-01-16T07:41:00,STEAM_FEED_01,269.4031
2024-01-16T07:41:00,STEAM_TEMP_01,289.9581
2024-01-16T07:42:00,CORE_FLUX_01,1787589300134.5186
2024-01-16T07:42:00,CORE_FUEL_01,842.1558
2024-01-16T07:42:00,CORE_ROD_01,57.3857
2024-01-16T07:42:00,CORE_EXIT_01,332.9126
2024-01-16T07:42:00,STEAM_PRES_01,73.3007
2024-01-16T07:42:00,STEAM_FEED_01,269.1238
2024-01-16T07:42:00,STEAM_DELTA_01,33.8261
2024-01-16T07:42:00,STEAM_TEMP_01,290.4177
2024-01-16T07:43:00,CORE_FLUX_01,1741373223143.9126
2024-01-16T07:43:00,CORE_FUEL_01,835.6133
2024-01-16T07:43:00,CORE_ROD_01,56.6418
2024-01-16T07:43:00,STEAM_PRES_01,72.9191
2024-01-16T07:43:00,STEAM_FEED_01,272.4526
2024-01-16T07:43:00,STEAM_TEMP_01,290.4066
2024-01-16T07:44:00,CORE_FLUX_01,1829087014321.7292
2024-01-16T07:44:00,CORE_FUEL_01,853.0922
2024-01-16T07:44:00,CORE_ROD_01,56.755
2024-01-16T07:44:00,CORE_EXIT_01,333.0441
2024-01-16T07:44:00,STEAM_PRES_01,73.0296
2024-01-16T07:44:00,STEAM_FEED_01,269.144
2024-01-16T07:44:00,STEAM_DELTA_01,33.5389
2024-01-16T07:44:00,STEAM_TEMP_01,290.9724
2024-01-16T07:45:00,CORE_FLUX_01,1728965543801.977
2024-01-16T07:45:00,CORE_FUEL_01,833.805
2024-01-16T07:45:00,CORE_ROD_01,58.3899
2024-01-16T07:45:00,STEAM_PRES_01,73.2928
2024-01-16T07:45:00,STEAM_FEED_01,271.7586
2024-01-16T07:45:00,STEAM_TEMP_01,290.8741
2024-01-16T07:46:00,CORE_FLUX_01,1706685925701.6113
2024-01-16T07:46:00,CORE_FUEL_01,858.7076
2024-01-16T07:46:00,CORE_ROD_01,56.1935
2024-01-16T07:46:00,CORE_EXIT_01,333.2401
2024-01-16T07:46:00,STEAM_PRES_01,72.5471
2024-01-16T07:46:00,STEAM_FEED_01,267.9784
2024-01-16T07:46:00,STEAM_DELTA_01,33.3318
2024-01-16T07:46:00,STEAM_TEMP_01,290.1615
2024-01-16T07:47:00,CORE_FLUX_01,1755737330445.1245
2024-01-16T07:47:00,CORE_FUEL_01,843.3822
2024-01-16T07:47:00,CORE_ROD_01,56.2882
2024-01-16T07:47:00,STEAM_PRES_01,72.8353
2024-01-16T07:47:00,STEAM_FEED_01,266.394
2024-01-16T07:47:00,STEAM_TEMP_01,289.6474
2024-01-16T07:48:00,CORE_FLUX_01,1871880828288.904
2024-01-16T07:48:00,CORE_FUEL_01,850.3056
2024-01-16T07:48:00,CORE_ROD_01,55.5637
2024-01-16T07:48:00,CORE_EXIT_01,334.013
2024-01-16T07:48:00,STEAM_PRES_01,72.9993
2024-01-16T07:48:00,STEAM_FEED_01,271.0592
2024-01-16T07:48:00,STEAM_DELTA_01,33.8525
2024-01-16T07:48:00,STEAM_TEMP_01,290.2927
2024-01-16T07:49:00,CORE_FLUX_01,1804415600135.429
2024-01-16T07:49:00,CORE_FUEL_01,850.487
2024-01-16T07:49:00,CORE_ROD_01,57.4958
2024-01-16T07:49:00,STEAM_PRES_01,72.7945
2024-01-16T07:49:00,STEAM_FEED_01,269.8052
2024-01-16T07:49:00,STEAM_TEMP_01,290.4896
2024-01-16T07:50:00,CORE_FLUX_01,1741030891319.6338
2024-01-16T07:50:00,CORE_FUEL_01,851.7237
2024-01-16T07:50:00,CORE_ROD_01,56.3934
2024-01-16T07:50:00,CORE_EXIT_01,332.7969
2024-01-16T07:50:00,STEAM_PRES_01,73.0466
2024-01-16T07:50:00,STEAM_FEED_01,270.0072
2024-01-16T07:50:00,STEAM_DELTA_01,33.4446
2024-01-16T07:50:00,STEAM_TEMP_01,290.538
2024-01-16T07:51:00,CORE_FLUX_01,1749056109428.09
2024-01-16T07:51:00,CORE_FUEL_01,829.0548
2024-01-16T07:51:00,CORE_ROD_01,56.702
2024-01-16T07:51:00,STEAM_PRES_01,73.1163
2024-01-16T07:51:00,STEAM_FEED_01,271.0609
2024-01-16T07:51:00,STEAM_TEMP_01,291.3359
2024-01-16T07:52:00,CORE_FLUX_01,1807528348068.9497
2024-01-16T07:52:00,CORE_FUEL_01,842.9328
2024-01-16T07:52:00,CORE_ROD_01,55.7586
2024-01-16T07:52:00,CORE_EXIT_01,332.6586
2024-01-16T07:52:00,STEAM_PRES_01,73.1758
2024-01-16T07:52:00,STEAM_FEED_01,270.9985
2024-01-16T07:52:00,STEAM_DELTA_01,33.6123
2024-01-16T07:52:00,STEAM_TEMP_01,290.4194
2024-01-16T07:53:00,CORE_FLUX_01,1778606565880.0608
2024-01-16T07:53:00,CORE_FUEL_01,826.4567
2024-01-16T07:53:00,CORE_ROD_01,57.0613
2024-01-16T07:53:00,STEAM_PRES_01,73.2397
2024-01-16T07:53:00,STEAM_FEED_01,270.6218
2024-01-16T07:53:00,STEAM_TEMP_01,289.9495
2024-01-16T07:54:00,CORE_FLUX_01,1766321915695.3835
2024-01-16T07:54:00,CORE_FUEL_01,862.3497
2024-01-16T07:54:00,CORE_ROD_01,57.1115
2024-01-16T07:54:00,CORE_EXIT_01,334.3078
2024-01-16T07:54:00,STEAM_PRES_01,72.937
2024-01-16T07:54:00,STEAM_FEED_01,269.677
2024-01-16T07:54:00,STEAM_DELTA_01,33.635
2024-01-16T07:54:00,STEAM_TEMP_01,290.763
2024-01-16T07:55:00,CORE_FLUX_01,1758534459192.2666
2024-01-16T07:55:00,CORE_FUEL_01,849.039
2024-01-16T07:55:00,CORE_ROD_01,57.6321
2024-01-16T07:55:00,STEAM_PRES_01,72.9143
2024-01-16T07:55:00,STEAM_FEED_01,268.241
2024-01-16T07:55:00,STEAM_TEMP_01,290.3425
2024-01-16T07:56:00,CORE_FLUX_01,1747360752466.692
2024-01-16T07:56:00,CORE_FUEL_01,847.0092
2024-01-16T07:56:00,CORE_ROD_01,56.6637
2024-01-16T07:56:00,CORE_EXIT_01,333.8199
2024-01-16T07:56:00,STEAM_PRES_01,73.0347
2024-01-16T07:56:00,STEAM_FEED_01,270.1757
2024-01-16T07:56:00,STEAM_DELTA_01,33.5705
2024-01-16T07:56:00,STEAM_TEMP_01,290.1749
2024-01-16T07:57:00,CORE_FLUX_01,1821462393099.7769
2024-01-16T07:57:00,CORE_FUEL_01,832.5934
2024-01-16T07:57:00,CORE_ROD_01,57.5657
2024-01-16T07:57:00,STEAM_PRES_01,73.1553
2024-01-16T07:57:00,STEAM_FEED_01,271.5244
2024-01-16T07:57:00,STEAM_TEMP_01,290.5027
2024-01-16T07:58:00,CORE_FLUX_01,1719809668269.778
2024-01-16T07:58:00,CORE_FUEL_01,855.5423
2024-01-16T07:58:00,CORE_ROD_01,56.4847
2024-01-16T07:58:00,CORE_EXIT_01,330.4384
2024-01-16T07:58:00,STEAM_PRES_01,73.0014
2024-01-16T07:58:00,STEAM_FEED_01,270.6877
2024-01-16T07:58:00,STEAM_DELTA_01,33.6088
2024-01-16T07:58:00,STEAM_TEMP_01,291.4145
2024-01-16T07:59:00,CORE_FLUX_01,1790242553792.271
2024-01-16T07:59:00,CORE_FUEL_01,851.9285
2024-01-16T07:59:00,CORE_ROD_01,55.5532
2024-01-16T07:59:00,STEAM_PRES_01,72.9342
2024-01-16T07:59:00,STEAM_FEED_01,266.5168
2024-01-16T07:59:00,STEAM_TEMP_01,289.947
2024-01-16T08:00:00,CORE_FLUX_01,1767786218922.2134
2024-01-16T08:00:00,CORE_FUEL_01,839.3593
2024-01-16T08:00:00,CORE_ROD_01,55.8267
2024-01-16T08:00:00,CORE_EXIT_01,332.6433
2024-01-16T08:00:00,STEAM_PRES_01,72.9592
2024-01-16T08:00:00,STEAM_FEED_01,269.9367
2024-01-16T08:00:00,STEAM_DELTA_01,33.4594
2024-01-16T08:00:00,STEAM_TEMP_01,290.9819
2024-01-16T08:01:00,CORE_FLUX_01,1745017921095.7737
2024-01-16T08:01:00,CORE_FUEL_01,853.5282
2024-01-16T08:01:00,CORE_ROD_01,56.2471
2024-01-16T08:01:00,STEAM_PRES_01,72.9504
2024-01-16T08:01:00,STEAM_FEED_01,270.8504
2024-01-16T08:01:00,STEAM_TEMP_01,291.3594
2024-01-16T08:02:00,CORE_FLUX_01,1864062466073.7615
2024-01-16T08:02:00,CORE_FUEL_01,853.8918
2024-01-16T08:02:00,CORE_ROD_01,56.2658
2024-01-16T08:02:00,CORE_EXIT_01,331.6664
2024-01-16T08:02:00,STEAM_PRES_01,73.3041
2024-01-16T08:02:00,STEAM_FEED_01,272.512
2024-01-16T08:02:00,STEAM_DELTA_01,33.795
2024-01-16T08:02:00,STEAM_TEMP_01,291.6452
2024-01-16T08:03:00,CORE_FLUX_01,1828050290363.9766
2024-01-16T08:03:00,CORE_FUEL_01,860.7826
2024-01-16T08:03:00,CORE_ROD_01,57.2727
2024-01-16T08:03:00,STEAM_PRES_01,73.027
2024-01-16T08:03:00,STEAM_FEED_01,267.3722
2024-01-16T08:03:00,STEAM_TEMP_01,290.2542
2024-01-16T08:04:00,CORE_FLUX_01,1799967328636.6406
2024-01-16T08:04:00,CORE_FUEL_01,843.1741
2024-01-16T08:04:00,CORE_ROD_01,58.2748
2024-01-16T08:04:00,CORE_EXIT_01,332.961
2024-01-16T08:04:00,STEAM_PRES_01,72.6517
2024-01-16T08:04:00,STEAM_FEED_01,268.3788
2024-01-16T08:04:00,STEAM_DELTA_01,33.5245
2024-01-16T08:04:00,STEAM_TEMP_01,290.1669
2024-01-16T08:05:00,CORE_FLUX_01,1796162641812.1345
2024-01-16T08:05:00,CORE_FUEL_01,857.0094
2024-01-16T08:05:00,CORE_ROD_01,53.6199
2024-01-16T08:05:00,STEAM_PRES_01,72.9782
2024-01-16T08:05:00,STEAM_FEED_01,268.0959
2024-01-16T08:05:00,STEAM_TEMP_01,290.0407
2024-01-16T08:06:00,CORE_FLUX_01,1799275462021.6296
2024-01-16T08:06:00,CORE_FUEL_01,839.6627
2024-01-16T08:06:00,CORE_ROD_01,54.7119
2024-01-16T08:06:00,CORE_EXIT_01,333.2546
2024-01-16T08:06:00,STEAM_PRES_01,73.0204
2024-01-16T08:06:00,STEAM_FEED_01,269.0079
2024-01-16T08:06:00,STEAM_DELTA_01,33.7682
2024-01-16T08:06:00,STEAM_TEMP_01,291.4503
2024-01-16T08:07:00,CORE_FLUX_01,1745460190174.4763
2024-01-16T08:07:00,CORE_FUEL_01,846.2063
2024-01-16T08:07:00,CORE_ROD_01,57.3635
2024-01-16T08:07:00,STEAM_PRES_01,72.9326
2024-01-16T08:07:00,STEAM_FEED_01,271.735
2024-01-16T08:07:00,STEAM_TEMP_01,290.3803
2024-01-16T08:08:00,CORE_FLUX_01,1758821443433.346
2024-01-16T08:08:00,CORE_FUEL_01,862.7086
2024-01-16T08:08:00,CORE_ROD_01,56.1157
2024-01-16T08:08:00,CORE_EXIT_01,334.945
2024-01-16T08:08:00,STEAM_PRES_01,73.0548
2024-01-16T08:08:00,STEAM_FEED_01,272.028
2024-01-16T08:08:00,STEAM_DELTA_01,33.627
2024-01-16T08:08:00,STEAM_TEMP_01,290.8166
2024-01-16T08:09:00,CORE_FLUX_01,1775376867210.518
2024-01-16T08:09:00,CORE_FUEL_01,839.2175
2024-01-16T08:09:00,CORE_ROD_01,55.3804
2024-01-16T08:09:00,STEAM_PRES_01,72.7778
2024-01-16T08:09:00,STEAM_FEED_01,266.4791
2024-01-16T08:09:00,STEAM_TEMP_01,290.0521
2024-01-16T08:10:00,CORE_FLUX_01,1813443669750.5613
2024-01-16T08:10:00,CORE_FUEL_01,846.7587
2024-01-16T08:10:00,CORE_ROD_01,55.4889
2024-01-16T08:10:00,CORE_EXIT_01,333.9723
2024-01-16T08:10:00,STEAM_PRES_01,73.3856
2024-01-16T08:10:00,STEAM_FEED_01,269.3909
2024-01-16T08:10:00,STEAM_DELTA_01,33.6727
2024-01-16T08:10:00,STEAM_TEMP_01,290.328
2024-01-16T08:11:00,CORE_FLUX_01,1785545753117.4253
2024-01-16T08:11:00,CORE_FUEL_01,843.6987
2024-01-16T08:11:00,CORE_ROD_01,56.2649
2024-01-16T08:11:00,STEAM_PRES_01,72.9898
2024-01-16T08:11:00,STEAM_FEED_01,272.9734
2024-01-16T08:11:00,STEAM_TEMP_01,290.6462
2024-01-16T08:12:00,CORE_FLUX_01,1781674583351.3115
2024-01-16T08:12:00,CORE_FUEL_01,849.3507
2024-01-16T08:12:00,CORE_ROD_01,56.8098
2024-01-16T08:12:00,CORE_EXIT_01,333.5712
2024-01-16T08:12:00,STEAM_PRES_01,73.2868
2024-01-16T08:12:00,STEAM_FEED_01,272.6822
2024-01-16T08:12:00,STEAM_DELTA_01,33.8518
2024-01-16T08:12:00,STEAM_TEMP_01,291.0178
2024-01-16T08:13:00,CORE_FLUX_01,1778164241863.2778
2024-01-16T08:13:00,CORE_FUEL_01,849.6581
2024-01-16T08:13:00,CORE_ROD_01,55.9087
2024-01-16T08:13:00,STEAM_PRES_01,73.2461
2024-01-16T08:13:00,STEAM_FEED_01,271.3018
2024-01-16T08:13:00,STEAM_TEMP_01,292.2716
2024-01-16T08:14:00,CORE_FLUX_01,1786605356908.5474
2024-01-16T08:14:00,CORE_FUEL_01,843.8397
2024-01-16T08:14:00,CORE_ROD_01,57.5215
2024-01-16T08:14:00,CORE_EXIT_01,334.0292
2024-01-16T08:14:00,STEAM_PRES_01,73.2774
2024-01-16T08:14:00,STEAM_FEED_01,273.8116
2024-01-16T08:14:00,STEAM_DELTA_01,33.68
2024-01-16T08:14:00,STEAM_TEMP_01,290.6869
2024-01-16T08:15:00,CORE_FLUX_01,1763814430189.611
2024-01-16T08:15:00,CORE_FUEL_01,861.1949
2024-01-16T08:15:00,CORE_ROD_01,55.8954
2024-01-16T08:15:00,STEAM_PRES_01,72.8408
2024-01-16T08:15:00,STEAM_FEED_01,272.276
2024-01-16T08:15:00,STEAM_TEMP_01,290.1732
2024-01-16T08:16:00,CORE_FLUX_01,1855666132886.4705
2024-01-16T08:16:00,CORE_FUEL_01,854.0587
2024-01-16T08:16:00,CORE_ROD_01,55.4351
2024-01-16T08:16:00,CORE_EXIT_01,335.8531
2024-01-16T08:16:00,STEAM_PRES_01,72.9019
2024-01-16T08:16:00,STEAM_FEED_01,271.2769
2024-01-16T08:16:00,STEAM_DELTA_01,33.5087
2024-01-16T08:16:00,STEAM_TEMP_01,290.3267
2024-01-16T08:17:00,CORE_FLUX_01,1803909429288.8674
2024-01-16T08:17:00,CORE_FUEL_01,854.6306
2024-01-16T08:17:00,CORE_ROD_01,57.2907
2024-01-16T08:17:00,STEAM_PRES_01,72.7331
2024-01-16T08:17:00,STEAM_FEED_01,268.138
2024-01-16T08:17:00,STEAM_TEMP_01,290.1203
2024-01-16T08:18:00,CORE_FLUX_01,1782249818302.373
2024-01-16T08:18:00,CORE_FUEL_01,869.3513
2024-01-16T08:18:00,CORE_ROD_01,54.873
2024-01-16T08:18:00,CORE_EXIT_01,333.3864
2024-01-16T08:18:00,STEAM_PRES_01,73.0789
2024-01-16T08:18:00,STEAM_FEED_01,272.4557
2024-01-16T08:18:00,STEAM_DELTA_01,33.4515
2024-01-16T08:18:00,STEAM_TEMP_01,290.797
2024-01-16T08:19:00,CORE_FLUX_01,1827036349200.815
2024-01-16T08:19:00,CORE_FUEL_01,853.0674
2024-01-16T08:19:00,CORE_ROD_01,56.9651
2024-01-16T08:19:00,STEAM_PRES_01,73.1521
2024-01-16T08:19:00,STEAM_FEED_01,268.7606
2024-01-16T08:19:00,STEAM_TEMP_01,291.1654
2024-01-16T08:20:00,CORE_FLUX_01,1803476505309.1921
2024-01-16T08:20:00,CORE_FUEL_01,850.9163
2024-01-16T08:20:00,CORE_ROD_01,54.5529
2024-01-16T08:20:00,CORE_EXIT_01,334.0449
2024-01-16T08:20:00,STEAM_PRES_01,73.3974
2024-01-16T08:20:00,STEAM_FEED_01,271.3352
2024-01-16T08:20:00,STEAM_DELTA_01,33.8045
2024-01-16T08:20:00,STEAM_TEMP_01,291.725
2024-01-16T08:21:00,CORE_FLUX_01,1826723715222.4795
2024-01-16T08:21:00,CORE_FUEL_01,858.3761
2024-01-16T08:21:00,CORE_ROD_01,56.311
2024-01-16T08:21:00,STEAM_PRES_01,72.6396
2024-01-16T08:21:00,STEAM_FEED_01,267.0022
2024-01-16T08:21:00,STEAM_TEMP_01,289.8107
2024-01-16T08:22:00,CORE_FLUX_01,1797964418435.5264
2024-01-16T08:22:00,CORE_FUEL_01,851.3337
2024-01-16T08:22:00,CORE_ROD_01,54.2429
2024-01-16T08:22:00,CORE_EXIT_01,334.9773
2024-01-16T08:22:00,STEAM_PRES_01,72.9031
2024-01-16T08:22:00,STEAM_FEED_01,268.0709
2024-01-16T08:22:00,STEAM_DELTA_01,33.3103
2024-01-16T08:22:00,STEAM_TEMP_01,290.4986
2024-01-16T08:23:00,CORE_FLUX_01,1851396736809.5767
2024-01-16T08:23:00,CORE_FUEL_01,862.3492
2024-01-16T08:23:00,CORE_ROD_01,54.7929
2024-01-16T08:23:00,STEAM_PRES_01,73.3545
2024-01-16T08:23:00,STEAM_FEED_01,268.6244
2024-01-16T08:23:00,STEAM_TEMP_01,289.8645
2024-01-16T08:24:00,CORE_FLUX_01,1793400008349.5188
2024-01-16T08:24:00,CORE_FUEL_01,850.6439
2024-01-16T08:24:00,CORE_ROD_01,56.0093
2024-01-16T08:24:00,CORE_EXIT_01,334.0251
2024-01-16T08:24:00,STEAM_PRES_01,73.1511
2024-01-16T08:24:00,STEAM_FEED_01,269.8167
2024-01-16T08:24:00,STEAM_DELTA_01,33.5732
2024-01-16T08:24:00,STEAM_TEMP_01,290.7258
2024-01-16T08:25:00,CORE_FLUX_01,1787228127990.3325
2024-01-16T08:25:00,CORE_FUEL_01,862.4593
2024-01-16T08:25:00,CORE_ROD_01,56.6191
2024-01-16T08:25:00,STEAM_PRES_01,73.0607
2024-01-16T08:25:00,STEAM_FEED_01,273.377
2024-01-16T08:25:00,STEAM_TEMP_01,290.2798
2024-01-16T08:26:00,CORE_FLUX_01,1825533265630.2573
2024-01-16T08:26:00,CORE_FUEL_01,868.9064
2024-01-16T08:26:00,CORE_ROD_01,55.35
2024-01-16T08:26:00,CORE_EXIT_01,334.3138
2024-01-16T08:26:00,STEAM_PRES_01,73.2282
2024-01-16T08:26:00,STEAM_FEED_01,271.775
2024-01-16T08:26:00,STEAM_DELTA_01,33.5913
2024-01-16T08:26:00,STEAM_TEMP_01,290.8055
2024-01-16T08:27:00,CORE_FLUX_01,1753058639178.6914
2024-01-16T08:27:00,CORE_FUEL_01,842.148
2024-01-16T08:27:00,CORE_ROD_01,56.1148
2024-01-16T08:27:00,STEAM_PRES_01,73.0067
2024-01-16T08:27:00,STEAM_FEED_01,270.5953
2024-01-16T08:27:00,STEAM_TEMP_01,290.4337
2024-01-16T08:28:00,CORE_FLUX_01,1713316962539.4138
2024-01-16T08:28:00,CORE_FUEL_01,864.7142
2024-01-16T08:28:00,CORE_ROD_01,57.6205
2024-01-16T08:28:00,CORE_EXIT_01,332.7401
2024-01-16T08:28:00,STEAM_PRES_01,72.9074
2024-01-16T08:28:00,STEAM_FEED_01,268.2482
2024-01-16T08:28:00,STEAM_DELTA_01,33.1949
2024-01-16T08:28:00,STEAM_TEMP_01,289.4904
2024-01-16T08:29:00,CORE_FLUX_01,1791944091294.1545
2024-01-16T08:29:00,CORE_FUEL_01,871.2567
2024-01-16T08:29:00,CORE_ROD_01,56.9227
2024-01-16T08:29:00,STEAM_PRES_01,72.9179
2024-01-16T08:29:00,STEAM_FEED_01,267.5906
2024-01-16T08:29:00,STEAM_TEMP_01,289.7912
2024-01-16T08:30:00,CORE_FLUX_01,1838002191642.2422
2024-01-16T08:30:00,CORE_FUEL_01,861.6364
2024-01-16T08:30:00,CORE_ROD_01,55.605
2024-01-16T08:30:00,CORE_EXIT_01,335.4903
2024-01-16T08:30:00,STEAM_PRES_01,72.6738
2024-01-16T08:30:00,STEAM_FEED_01,264.4706
2024-01-16T08:30:00,STEAM_DELTA_01,33.3471
2024-01-16T08:30:00,STEAM_TEMP_01,288.6769
2024-01-16T08:31:00,CORE_FLUX_01,1811111349219.5913
2024-01-16T08:31:00,CORE_FUEL_01,856.1554
2024-01-16T08:31:00,CORE_ROD_01,54.0619
2024-01-16T08:31:00,STEAM_PRES_01,73.0695
2024-01-16T08:31:00,STEAM_FEED_01,271.8055
2024-01-16T08:31:00,STEAM_TEMP_01,290.5027
2024-01-16T08:32:00,CORE_FLUX_01,1787123330342.6458
2024-01-16T08:32:00,CORE_FUEL_01,870.5596
2024-01-16T08:32:00,CORE_ROD_01,55.1714
2024-01-16T08:32:00,CORE_EXIT_01,333.8988
2024-01-16T08:32:00,STEAM_PRES_01,73.4117
2024-01-16T08:32:00,STEAM_FEED_01,272.6662
2024-01-16T08:32:00,STEAM_DELTA_01,33.8599
2024-01-16T08:32:00,STEAM_TEMP_01,291.5665
2024-01-16T08:33:00,CORE_FLUX_01,1808946336061.1152
2024-01-16T08:33:00,CORE_FUEL_01,850.4854
2024-01-16T08:33:00,CORE_ROD_01,54.4369
2024-01-16T08:33:00,STEAM_PRES_01,73.4916
2024-01-16T08:33:00,STEAM_FEED_01,275.4196
2024-01-16T08:33:00,STEAM_TEMP_01,292.2278
2024-01-16T08:34:00,CORE_FLUX_01,1801327773130.8057
2024-01-16T08:34:00,CORE_FUEL_01,849.5925
2024-01-16T08:34:00,CORE_ROD_01,55.5791
2024-01-16T08:34:00,CORE_EXIT_01,335.0114
2024-01-16T08:34:00,STEAM_PRES_01,73.2592
2024-01-16T08:34:00,STEAM_FEED_01,272.5908
2024-01-16T08:34:00,STEAM_DELTA_01,34.0671
2024-01-16T08:34:00,STEAM_TEMP_01,291.023
2024-01-16T08:35:00,CORE_FLUX_01,1838729127060.8335
2024-01-16T08:35:00,CORE_FUEL_01,857.9407
2024-01-16T08:35:00,CORE_ROD_01,55.8132
2024-01-16T08:35:00,STEAM_PRES_01,72.9179
2024-01-16T08:35:00,STEAM_FEED_01,270.4273
2024-01-16T08:35:00,STEAM_TEMP_01,290.3819
2024-01-16T08:36:00,CORE_FLUX_01,1852554740487.4568
2024-01-16T08:36:00,CORE_FUEL_01,850.8475
2024-01-16T08:36:00,CORE_ROD_01,55.3599
2024-01-16T08:36:00,CORE_EXIT_01,330.4615
2024-01-16T08:36:00,STEAM_PRES_01,73.1334
2024-01-16T08:36:00,STEAM_FEED_01,272.6078
2024-01-16T08:36:00,STEAM_DELTA_01,33.8122
2024-01-16T08:36:00,STEAM_TEMP_01,291.7157
2024-01-16T08:37:00,CORE_FLUX_01,1802114213024.9897
2024-01-16T08:37:00,CORE_FUEL_01,856.2354
2024-01-16T08:37:00,CORE_ROD_01,55.5873
2024-01-16T08:37:00,STEAM_PRES_01,72.9336
2024-01-16T08:37:00,STEAM_FEED_01,271.127
2024-01-16T08:37:00,STEAM_TEMP_01,290.5739
2024-01-16T08:38:00,CORE_FLUX_01,1780025884876.9827
2024-01-16T08:38:00,CORE_FUEL_01,867.3969
2024-01-16T08:38:00,CORE_ROD_01,55.7144
2024-01-16T08:38:00,CORE_EXIT_01,337.4371
2024-01-16T08:38:00,STEAM_PRES_01,73.2148
2024-01-16T08:38:00,STEAM_FEED_01,272.3269
2024-01-16T08:38:00,STEAM_DELTA_01,33.5342
2024-01-16T08:38:00,STEAM_TEMP_01,291.3135
2024-01-16T08:39:00,CORE_FLUX_01,1787504452074.211
2024-01-16T08:39:00,CORE_FUEL_01,857.0656
2024-01-16T08:39:00,CORE_ROD_01,54.8704
2024-01-16T08:39:00,STEAM_PRES_01,73.2503
2024-01-16T08:39:00,STEAM_FEED_01,268.6007
2024-01-16T08:39:00,STEAM_TEMP_01,290.6225
2024-01-16T08:40:00,CORE_FLUX_01,1822531752452.4548
2024-01-16T08:40:00,CORE_FUEL_01,853.2533
2024-01-16T08:40:00,CORE_ROD_01,56.4848
2024-01-16T08:40:00,CORE_EXIT_01,336.5784
2024-01-16T08:40:00,STEAM_PRES_01,72.91
2024-01-16T08:40:00,STEAM_FEED_01,265.4711
2024-01-16T08:40:00,STEAM_DELTA_01,33.6416
2024-01-16T08:40:00,STEAM_TEMP_01,290.8532
2024-01-16T08:41:00,CORE_FLUX_01,1790663016456.363
2024-01-16T08:41:00,CORE_FUEL_01,862.3732
2024-01-16T08:41:00,CORE_ROD_01,55.2854
2024-01-16T08:41:00,STEAM_PRES_01,72.7602
2024-01-16T08:41:00,STEAM_FEED_01,271.6559
2024-01-16T08:41:00,STEAM_TEMP_01,290.1739
2024-01-16T08:42:00,CORE_FLUX_01,1843417441188.6753
2024-01-16T08:42:00,CORE_FUEL_01,852.042
2024-01-16T08:42:00,CORE_ROD_01,55.9219
2024-01-16T08:42:00,CORE_EXIT_01,335.4208
2024-01-16T08:42:00,STEAM_PRES_01,72.6653
2024-01-16T08:42:00,STEAM_FEED_01,267.3508
2024-01-16T08:42:00,STEAM_DELTA_01,33.2742
2024-01-16T08:42:00,STEAM_TEMP_01,289.6848
2024-01-16T08:43:00,CORE_FLUX_01,1833299986124.761
2024-01-16T08:43:00,CORE_FUEL_01,858.8607
2024-01-16T08:43:00,CORE_ROD_01,56.4514
2024-01-16T08:43:00,STEAM_PRES_01,73.153
2024-01-16T08:43:00,STEAM_FEED_01,271.908
2024-01-16T08:43:00,STEAM_TEMP_01,290.6634
2024-01-16T08:44:00,CORE_FLUX_01,1865981738591.7678
2024-01-16T08:44:00,CORE_FUEL_01,856.5777
2024-01-16T08:44:00,CORE_ROD_01,55.6109
2024-01-16T08:44:00,CORE_EXIT_01,335.2219
2024-01-16T08:44:00,STEAM_PRES_01,73.5875
2024-01-16T08:44:00,STEAM_FEED_01,273.3967
2024-01-16T08:44:00,STEAM_DELTA_01,33.6148
2024-01-16T08:44:00,STEAM_TEMP_01,291.996
2024-01-16T08:45:00,CORE_FLUX_01,1815198855313.5452
2024-01-16T08:45:00,CORE_FUEL_01,854.6092
2024-01-16T08:45:00,CORE_ROD_01,56.3148
2024-01-16T08:45:00,STEAM_PRES_01,73.3546
2024-01-16T08:45:00,STEAM_FEED_01,271.4049
2024-01-16T08:45:00,STEAM_TEMP_01,290.1774
2024-01-16T08:46:00,CORE_FLUX_01,1768028033213.22
2024-01-16T08:46:00,CORE_FUEL_01,858.0051
2024-01-16T08:46:00,CORE_ROD_01,55.0519
2024-01-16T08:46:00,CORE_EXIT_01,336.0833
2024-01-16T08:46:00,STEAM_PRES_01,72.7761
2024-01-16T08:46:00,STEAM_FEED_01,267.7982
2024-01-16T08:46:00,STEAM_DELTA_01,33.0068
2024-01-16T08:46:00,STEAM_TEMP_01,289.7481
2024-01-16T08:47:00,CORE_FLUX_01,1829484601413.3357
2024-01-16T08:47:00,CORE_FUEL_01,852.1206
2024-01-16T08:47:00,CORE_ROD_01,55.1651
2024-01-16T08:47:00,STEAM_PRES_01,72.9237
2024-01-16T08:47:00,STEAM_FEED_01,268.5628
2024-01-16T08:47:00,STEAM_TEMP_01,290.4268
2024-01-16T08:48:00,CORE_FLUX_01,1892430626679.3293
2024-01-16T08:48:00,CORE_FUEL_01,859.6543
2024-01-16T08:48:00,CORE_ROD_01,54.5904
2024-01-16T08:48:00,CORE_EXIT_01,335.5632
2024-01-16T08:48:00,STEAM_PRES_01,73.5299
2024-01-16T08:48:00,STEAM_FEED_01,270.2831
2024-01-16T08:48:00,STEAM_DELTA_01,33.6774
2024-01-16T08:48:00,STEAM_TEMP_01,291.3726
2024-01-16T08:49:00,CORE_FLUX_01,1863464274547.483
2024-01-16T08:49:00,CORE_FUEL_01,862.7023
2024-01-16T08:49:00,CORE_ROD_01,55.0563
2024-01-16T08:49:00,STEAM_PRES_01,72.695
2024-01-16T08:49:00,STEAM_FEED_01,272.8188
2024-01-16T08:49:00,STEAM_TEMP_01,290.5689
2024-01-16T08:50:00,CORE_FLUX_01,1864658664954.1
2024-01-16T08:50:00,CORE_FUEL_01,888.2556
2024-01-16T08:50:00,CORE_ROD_01,55.3027
2024-01-16T08:50:00,CORE_EXIT_01,334.0296
2024-01-16T08:50:00,STEAM_PRES_01,73.2897
2024-01-16T08:50:00,STEAM_FEED_01,272.241
2024-01-16T08:50:00,STEAM_DELTA_01,33.8361
2024-01-16T08:50:00,STEAM_TEMP_01,291.8514
2024-01-16T08:51:00,CORE_FLUX_01,1843690985838.1553
2024-01-16T08:51:00,CORE_FUEL_01,858.0881
2024-01-16T08:51:00,CORE_ROD_01,56.0642
2024-01-16T08:51:00,STEAM_PRES_01,72.8363
2024-01-16T08:51:00,STEAM_FEED_01,268.5959
2024-01-16T08:51:00,STEAM_TEMP_01,289.9574
2024-01-16T08:52:00,CORE_FLUX_01,1858996566599.004
2024-01-16T08:52:00,CORE_FUEL_01,866.7923
2024-01-16T08:52:00,CORE_ROD_01,55.0512
2024-01-16T08:52:00,CORE_EXIT_01,335.7471
2024-01-16T08:52:00,STEAM_PRES_01,73.0937
2024-01-16T08:52:00,STEAM_FEED_01,271.0287
2024-01-16T08:52:00,STEAM_DELTA_01,33.3648
2024-01-16T08:52:00,STEAM_TEMP_01,290.0427
2024-01-16T08:53:00,CORE_FLUX_01,1853098759235.1453
2024-01-16T08:53:00,CORE_FUEL_01,872.3692
2024-01-16T08:53:00,CORE_ROD_01,54.7473
2024-01-16T08:53:00,STEAM_PRES_01,73.1405
2024-01-16T08:53:00,STEAM_FEED_01,267.2173
2024-01-16T08:53:00,STEAM_TEMP_01,290.1675
2024-01-16T08:54:00,CORE_FLUX_01,1870936288327.4094
2024-01-16T08:54:00,CORE_FUEL_01,860.6559
2024-01-16T08:54:00,CORE_ROD_01,54.2803
2024-01-16T08:54:00,CORE_EXIT_01,334.931
2024-01-16T08:54:00,STEAM_PRES_01,73.1308
2024-01-16T08:54:00,STEAM_FEED_01,273.8519
2024-01-16T08:54:00,STEAM_DELTA_01,33.5801
2024-01-16T08:54:00,STEAM_TEMP_01,290.6349
2024-01-16T08:55:00,CORE_FLUX_01,1825451084137.3586
2024-01-16T08:55:00,CORE_FUEL_01,854.0318
2024-01-16T08:55:00,CORE_ROD_01,55.3539
2024-01-16T08:55:00,STEAM_PRES_01,73.0057
2024-01-16T08:55:00,STEAM_FEED_01,271.8568
2024-01-16T08:55:00,STEAM_TEMP_01,291.4838
2024-01-16T08:56:00,CORE_FLUX_01,1859160743948.6846
2024-01-16T08:56:00,CORE_FUEL_01,870.0821
2024-01-16T08:56:00,CORE_ROD_01,56.5001
2024-01-16T08:56:00,CORE_EXIT_01,333.8786
2024-01-16T08:56:00,STEAM_PRES_01,73.2576
2024-01-16T08:56:00,STEAM_FEED_01,270.8829
2024-01-16T08:56:00,STEAM_DELTA_01,33.5742
2024-01-16T08:56:00,STEAM_TEMP_01,290.7979
2024-01-16T08:57:00,CORE_FLUX_01,1875794973741.9968
2024-01-16T08:57:00,CORE_FUEL_01,881.9564
2024-01-16T08:57:00,CORE_ROD_01,55.1005
2024-01-16T08:57:00,STEAM_PRES_01,73.1048
2024-01-16T08:57:00,STEAM_FEED_01,274.533
2024-01-16T08:57:00,STEAM_TEMP_01,290.6833
2024-01-16T08:58:00,CORE_FLUX_01,1818972300255.7395
2024-01-16T08:58:00,CORE_FUEL_01,855.6493
2024-01-16T08:58:00,CORE_ROD_01,54.2095
2024-01-16T08:58:00,CORE_EXIT_01,335.2803
2024-01-16T08:58:00,STEAM_PRES_01,72.5889
2024-01-16T08:58:00,STEAM_FEED_01,271.1772
2024-01-16T08:58:00,STEAM_DELTA_01,33.34
2024-01-16T08:58:00,STEAM_TEMP_01,290.0911
2024-01-16T08:59:00,CORE_FLUX_01,1841775938126.6367
2024-01-16T08:59:00,CORE_FUEL_01,864.2132
2024-01-16T08:59:00,CORE_ROD_01,54.8187
2024-01-16T08:59:00,STEAM_PRES_01,72.9811
2024-01-16T08:59:00,STEAM_FEED_01,274.2222
2024-01-16T08:59:00,STEAM_TEMP_01,290.4262
2024-01-16T09:00:00,CORE_FLUX_01,1778307389379.04
2024-01-16T09:00:00,CORE_FUEL_01,862.7691
2024-01-16T09:00:00,CORE_ROD_01,55.578
2024-01-16T09:00:00,CORE_EXIT_01,334.7713
2024-01-16T09:00:00,STEAM_PRES_01,73.0505
2024-01-16T09:00:00,STEAM_FEED_01,270.8944
2024-01-16T09:00:00,STEAM_DELTA_01,33.2816
2024-01-16T09:00:00,STEAM_TEMP_01,289.8073
2024-01-16T09:01:00,CORE_FLUX_01,1850221604921.412
2024-01-16T09:01:00,CORE_FUEL_01,868.6541
2024-01-16T09:01:00,CORE_ROD_01,54.8607
2024-01-16T09:01:00,STEAM_PRES_01,73.0683
2024-01-16T09:01:00,STEAM_FEED_01,271.4223
2024-01-16T09:01:00,STEAM_TEMP_01,290.9615
2024-01-16T09:02:00,CORE_FLUX_01,1838812262874.0034
2024-01-16T09:02:00,CORE_FUEL_01,850.2806
2024-01-16T09:02:00,CORE_ROD_01,55.9214
2024-01-16T09:02:00,CORE_EXIT_01,333.6579
2024-01-16T09:02:00,STEAM_PRES_01,73.1563
2024-01-16T09:02:00,STEAM_FEED_01,272.449
2024-01-16T09:02:00,STEAM_DELTA_01,33.7156
2024-01-16T09:02:00,STEAM_TEMP_01,291.0465
2024-01-16T09:03:00,CORE_FLUX_01,1848146349430.632
2024-01-16T09:03:00,CORE_FUEL_01,871.6226
2024-01-16T09:03:00,CORE_ROD_01,53.3081
2024-01-16T09:03:00,STEAM_PRES_01,72.8727
2024-01-16T09:03:00,STEAM_FEED_01,266.2188
2024-01-16T09:03:00,STEAM_TEMP_01,290.2454
2024-01-16T09:04:00,CORE_FLUX_01,1803518457269.2634
2024-01-16T09:04:00,CORE_FUEL_01,873.4625
2024-01-16T09:04:00,CORE_ROD_01,54.9645
2024-01-16T09:04:00,CORE_EXIT_01,336.2358
2024-01-16T09:04:00,STEAM_PRES_01,73.1879
2024-01-16T09:04:00,STEAM_FEED_01,270.3742
2024-01-16T09:04:00,STEAM_DELTA_01,33.4959
2024-01-16T09:04:00,STEAM_TEMP_01,290.6656
2024-01-16T09:05:00,CORE_FLUX_01,1823853559296.4788
2024-01-16T09:05:00,CORE_FUEL_01,868.5121
2024-01-16T09:05:00,CORE_ROD_01,55.279
2024-01-16T09:05:00,STEAM_PRES_01,73.0325
2024-01-16T09:05:00,STEAM_FEED_01,268.7351
2024-01-16T09:05:00,STEAM_TEMP_01,289.6295
2024-01-16T09:06:00,CORE_FLUX_01,1848203793149.7786
2024-01-16T09:06:00,CORE_FUEL_01,871.2766
2024-01-16T09:06:00,CORE_ROD_01,55.9718
2024-01-16T09:06:00,CORE_EXIT_01,333.2238
2024-01-16T09:06:00,STEAM_PRES_01,72.9134
2024-01-16T09:06:00,STEAM_FEED_01,271.1366
2024-01-16T09:06:00,STEAM_DELTA_01,33.478
2024-01-16T09:06:00,STEAM_TEMP_01,290.7752
2024-01-16T09:07:00,CORE_FLUX_01,1812578015011.5164
2024-01-16T09:07:00,CORE_FUEL_01,856.7043
2024-01-16T09:07:00,CORE_ROD_01,54.6356
2024-01-16T09:07:00,STEAM_PRES_01,72.8178
2024-01-16T09:07:00,STEAM_FEED_01,270.8011
2024-01-16T09:07:00,STEAM_TEMP_01,289.9394
2024-01-16T09:08:00,CORE_FLUX_01,1853291515843.2388
2024-01-16T09:08:00,CORE_FUEL_01,855.5915
2024-01-16T09:08:00,CORE_ROD_01,54.0594
2024-01-16T09:08:00,CORE_EXIT_01,333.1022
2024-01-16T09:08:00,STEAM_PRES_01,72.9465
2024-01-16T09:08:00,STEAM_FEED_01,269.4751
2024-01-16T09:08:00,STEAM_DELTA_01,33.2548
2024-01-16T09:08:00,STEAM_TEMP_01,289.5074
2024-01-16T09:09:00,CORE_FLUX_01,1820423379853.0447
2024-01-16T09:09:00,CORE_FUEL_01,875.1974
2024-01-16T09:09:00,CORE_ROD_01,55.0782
2024-01-16T09:09:00,STEAM_PRES_01,73.2094
2024-01-16T09:09:00,STEAM_FEED_01,269.4863
2024-01-16T09:09:00,STEAM_TEMP_01,290.4675
2024-01-16T09:10:00,CORE_FLUX_01,1860755191170.2925
2024-01-16T09:10:00,CORE_FUEL_01,847.861
2024-01-16T09:10:00,CORE_ROD_01,54.2841
2024-01-16T09:10:00,CORE_EXIT_01,336.8976
2024-01-16T09:10:00,STEAM_PRES_01,73.0857
2024-01-16T09:10:00,STEAM_FEED_01,271.6479
2024-01-16T09:10:00,STEAM_DELTA_01,33.5926
2024-01-16T09:10:00,STEAM_TEMP_01,291.1203
2024-01-16T09:11:00,CORE_FLUX_01,1855906143643.62
2024-01-16T09:11:00,CORE_FUEL_01,847.8687
2024-01-16T09:11:00,CORE_ROD_01,53.6866
2024-01-16T09:11:00,STEAM_PRES_01,73.325
2024-01-16T09:11:00,STEAM_FEED_01,270.5547
2024-01-16T09:11:00,STEAM_TEMP_01,289.9444
2024-01-16T09:12:00,CORE_FLUX_01,1827424990966.4358
2024-01-16T09:12:00,CORE_FUEL_01,855.9981
2024-01-16T09:12:00,CORE_ROD_01,55.9623
2024-01-16T09:12:00,CORE_EXIT_01,335.2485
2024-01-16T09:12:00,STEAM_PRES_01,73.0968
2024-01-16T09:12:00,STEAM_FEED_01,271.9812
2024-01-16T09:12:00,STEAM_DELTA_01,33.8084
2024-01-16T09:12:00,STEAM_TEMP_01,291.2142
2024-01-16T09:13:00,CORE_FLUX_01,1903868122071.467
2024-01-16T09:13:00,CORE_FUEL_01,873.0214
2024-01-16T09:13:00,CORE_ROD_01,57.2145
2024-01-16T09:13:00,STEAM_PRES_01,73.4348
2024-01-16T09:13:00,STEAM_FEED_01,274.3673
2024-01-16T09:13:00,STEAM_TEMP_01,291.0449
2024-01-16T09:14:00,CORE_FLUX_01,1835739030651.8586
2024-01-16T09:14:00,CORE_FUEL_01,854.9904
2024-01-16T09:14:00,CORE_ROD_01,54.2489
2024-01-16T09:14:00,CORE_EXIT_01,335.9531
2024-01-16T09:14:00,STEAM_PRES_01,73.2527
2024-01-16T09:14:00,STEAM_FEED_01,272.0731
2024-01-16T09:14:00,STEAM_DELTA_01,33.3557
2024-01-16T09:14:00,STEAM_TEMP_01,289.8358
2024-01-16T09:15:00,CORE_FLUX_01,1852617068845.778
2024-01-16T09:15:00,CORE_FUEL_01,882.1195
2024-01-16T09:15:00,CORE_ROD_01,54.5713
2024-01-16T09:15:00,STEAM_PRES_01,73.2843
2024-01-16T09:15:00,STEAM_FEED_01,274.0296
2024-01-16T09:15:00,STEAM_TEMP_01,290.8154
2024-01-16T09:16:00,CORE_FLUX_01,1843805703449.651
2024-01-16T09:16:00,CORE_FUEL_01,876.9977
2024-01-16T09:16:00,CORE_ROD_01,54.6202
2024-01-16T09:16:00,CORE_EXIT_01,335.8567
2024-01-16T09:16:00,STEAM_PRES_01,72.9457
2024-01-16T09:16:00,STEAM_FEED_01,271.0015
2024-01-16T09:16:00,STEAM_DELTA_01,33.4032
2024-01-16T09:16:00,STEAM_TEMP_01,289.9471
2024-01-16T09:17:00,CORE_FLUX_01,1910473440934.7595
2024-01-16T09:17:00,CORE_FUEL_01,871.1858
2024-01-16T09:17:00,CORE_ROD_01,54.7355
2024-01-16T09:17:00,STEAM_PRES_01,72.6569
2024-01-16T09:17:00,STEAM_FEED_01,268.0193
2024-01-16T09:17:00,STEAM_TEMP_01,289.2337
2024-01-16T09:18:00,CORE_FLUX_01,1846210082086.9265
2024-01-16T09:18:00,CORE_FUEL_01,859.3708
2024-01-16T09:18:00,CORE_ROD_01,54.7311
2024-01-16T09:18:00,CORE_EXIT_01,334.3897
2024-01-16T09:18:00,STEAM_PRES_01,73.2308
2024-01-16T09:18:00,STEAM_FEED_01,272.9055
2024-01-16T09:18:00,STEAM_DELTA_01,33.8377
2024-01-16T09:18:00,STEAM_TEMP_01,291.945
2024-01-16T09:19:00,CORE_FLUX_01,1881381493559.8364
2024-01-16T09:19:00,CORE_FUEL_01,879.0259
2024-01-16T09:19:00,CORE_ROD_01,54.2444
2024-01-16T09:19:00,STEAM_PRES_01,72.8506
2024-01-16T09:19:00,STEAM_FEED_01,268.5308
2024-01-16T09:19:00,STEAM_TEMP_01,290.4131
2024-01-16T09:20:00,CORE_FLUX_01,1868488892252.8455
2024-01-16T09:20:00,CORE_FUEL_01,867.9545
2024-01-16T09:20:00,CORE_ROD_01,54.4981
2024-01-16T09:20:00,CORE_EXIT_01,335.5927
2024-01-16T09:20:00,STEAM_PRES_01,72.7506
2024-01-16T09:20:00,STEAM_FEED_01,267.2508
2024-01-16T09:20:00,STEAM_DELTA_01,33.2507
2024-01-16T09:20:00,STEAM_TEMP_01,289.7252
2024-01-16T09:21:00,CORE_FLUX_01,1840031717094.1829
2024-01-16T09:21:00,CORE_FUEL_01,868.1921
2024-01-16T09:21:00,CORE_ROD_01,54.5293
2024-01-16T09:21:00,STEAM_PRES_01,72.9956
2024-01-16T09:21:00,STEAM_FEED_01,269.3821
2024-01-16T09:21:00,STEAM_TEMP_01,289.982
2024-01-16T09:22:00,CORE_FLUX_01,1866626679335.8538
2024-01-16T09:22:00,CORE_FUEL_01,854.2669
2024-01-16T09:22:00,CORE_ROD_01,55.615
2024-01-16T09:22:00,CORE_EXIT_01,335.3409
2024-01-16T09:22:00,STEAM_PRES_01,72.6255
2024-01-16T09:22:00,STEAM_FEED_01,268.221
2024-01-16T09:22:00,STEAM_DELTA_01,33.0734
2024-01-16T09:22:00,STEAM_TEMP_01,289.3241
2024-01-16T09:23:00,CORE_FLUX_01,1849412632065.8752
2024-01-16T09:23:00,CORE_FUEL_01,866.2435
2024-01-16T09:23:00,CORE_ROD_01,53.819
2024-01-16T09:23:00,STEAM_PRES_01,72.4537
2024-01-16T09:23:00,STEAM_FEED_01,270.0538
2024-01-16T09:23:00,STEAM_TEMP_01,290.0079
2024-01-16T09:24:00,CORE_FLUX_01,1837958085699.0974
2024-01-16T09:24:00,CORE_FUEL_01,878.466
2024-01-16T09:24:00,CORE_ROD_01,55.1435
2024-01-16T09:24:00,CORE_EXIT_01,334.7128
2024-01-16T09:24:00,STEAM_PRES_01,73.401
2024-01-16T09:24:00,STEAM_FEED_01,273.8745
2024-01-16T09:24:00,STEAM_DELTA_01,34.0256
2024-01-16T09:24:00,STEAM_TEMP_01,290.6783
2024-01-16T09:25:00,CORE_FLUX_01,1903687843537.084
2024-01-16T09:25:00,CORE_FUEL_01,871.8687
2024-01-16T09:25:00,CORE_ROD_01,53.1169
2024-01-16T09:25:00,STEAM_PRES_01,73.0914
2024-01-16T09:25:00,STEAM_FEED_01,270.0303
2024-01-16T09:25:00,STEAM_TEMP_01,291.1094
2024-01-16T09:26:00,CORE_FLUX_01,1860621398895.73
2024-01-16T09:26:00,CORE_FUEL_01,878.2105
2024-01-16T09:26:00,CORE_ROD_01,55.2392
2024-01-16T09:26:00,CORE_EXIT_01,336.8423
2024-01-16T09:26:00,STEAM_PRES_01,72.7303
2024-01-16T09:26:00,STEAM_FEED_01,269.6519
2024-01-16T09:26:00,STEAM_DELTA_01,33.2261
2024-01-16T09:26:00,STEAM_TEMP_01,290.7473
2024-01-16T09:27:00,CORE_FLUX_01,1854503526062.9312
2024-01-16T09:27:00,CORE_FUEL_01,861.2423
2024-01-16T09:27:00,CORE_ROD_01,53.9544
2024-01-16T09:27:00,STEAM_PRES_01,73.1485
2024-01-16T09:27:00,STEAM_FEED_01,269.6267
2024-01-16T09:27:00,STEAM_TEMP_01,290.7417
2024-01-16T09:28:00,CORE_FLUX_01,1833421231203.607
2024-01-16T09:28:00,CORE_FUEL_01,876.5283
2024-01-16T09:28:00,CORE_ROD_01,55.0424
2024-01-16T09:28:00,CORE_EXIT_01,337.1853
2024-01-16T09:28:00,STEAM_PRES_01,72.8766
2024-01-16T09:28:00,STEAM_FEED_01,271.9081
2024-01-16T09:28:00,STEAM_DELTA_01,33.335
2024-01-16T09:28:00,STEAM_TEMP_01,291.1804
2024-01-16T09:29:00,CORE_FLUX_01,1886155090565.3306
2024-01-16T09:29:00,CORE_FUEL_01,875.762
2024-01-16T09:29:00,CORE_ROD_01,55.2821
2024-01-16T09:29:00,STEAM_PRES_01,73.0116
2024-01-16T09:29:00,STEAM_FEED_01,270.46
2024-01-16T09:29:00,STEAM_TEMP_01,291.0964
2024-01-16T09:30:00,CORE_FLUX_01,1822944621954.0632
2024-01-16T09:30:00,CORE_FUEL_01,886.6644
2024-01-16T09:30:00,CORE_ROD_01,55.8785
2024-01-16T09:30:00,CORE_EXIT_01,336.4235
2024-01-16T09:30:00,STEAM_PRES_01,72.8919
2024-01-16T09:30:00,STEAM_FEED_01,269.365
2024-01-16T09:30:00,STEAM_DELTA_01,33.1311
2024-01-16T09:30:00,STEAM_TEMP_01,290.2494
2024-01-16T09:31:00,CORE_FLUX_01,1872195952617.1826
2024-01-16T09:31:00,CORE_FUEL_01,870.8838
2024-01-16T09:31:00,CORE_ROD_01,53.4689
2024-01-16T09:31:00,STEAM_PRES_01,73.3062
2024-01-16T09:31:00,STEAM_FEED_01,273.3793
2024-01-16T09:31:00,STEAM_TEMP_01,290.465
2024-01-16T09:32:00,CORE_FLUX_01,1881879877609.4849
2024-01-16T09:32:00,CORE_FUEL_01,870.7775
2024-01-16T09:32:00,CORE_ROD_01,53.7225
2024-01-16T09:32:00,CORE_EXIT_01,334.6634
2024-01-16T09:32:00,STEAM_PRES_01,73.0729
2024-01-16T09:32:00,STEAM_FEED_01,270.5575
2024-01-16T09:32:00,STEAM_DELTA_01,33.3037
2024-01-16T09:32:00,STEAM_TEMP_01,290.1281
2024-01-16T09:33:00,CORE_FLUX_01,1884334889247.232
2024-01-16T09:33:00,CORE_FUEL_01,861.392
2024-01-16T09:33:00,CORE_ROD_01,53.5717
2024-01-16T09:33:00,STEAM_PRES_01,72.9695
2024-01-16T09:33:00,STEAM_FEED_01,269.5464
2024-01-16T09:33:00,STEAM_TEMP_01,289.8943
2024-01-16T09:34:00,CORE_FLUX_01,1878931377776.3176
2024-01-16T09:34:00,CORE_FUEL_01,854.5238
2024-01-16T09:34:00,CORE_ROD_01,52.8721
2024-01-16T09:34:00,CORE_EXIT_01,334.5135
2024-01-16T09:34:00,STEAM_PRES_01,73.2485
2024-01-16T09:34:00,STEAM_FEED_01,272.0802
2024-01-16T09:34:00,STEAM_DELTA_01,33.5747
2024-01-16T09:34:00,STEAM_TEMP_01,290.1796
2024-01-16T09:35:00,CORE_FLUX_01,1865687637973.6216
2024-01-16T09:35:00,CORE_FUEL_01,858.5732
2024-01-16T09:35:00,CORE_ROD_01,54.4336
2024-01-16T09:35:00,STEAM_PRES_01,72.7517
2024-01-16T09:35:00,STEAM_FEED_01,267.8862
2024-01-16T09:35:00,STEAM_TEMP_01,290.2899
2024-01-16T09:36:00,CORE_FLUX_01,1878310004620.8584
2024-01-16T09:36:00,CORE_FUEL_01,855.0011
2024-01-16T09:36:00,CORE_ROD_01,53.974
2024-01-16T09:36:00,CORE_EXIT_01,335.4827
2024-01-16T09:36:00,STEAM_PRES_01,72.9323
2024-01-16T09:36:00,STEAM_FEED_01,270.518
2024-01-16T09:36:00,STEAM_DELTA_01,33.2847
2024-01-16T09:36:00,STEAM_TEMP_01,290.3795
2024-01-16T09:37:00,CORE_FLUX_01,1872727689010.321
2024-01-16T09:37:00,CORE_FUEL_01,869.9546
2024-01-16T09:37:00,CORE_ROD_01,55.407
2024-01-16T09:37:00,STEAM_PRES_01,73.2431
2024-01-16T09:37:00,STEAM_FEED_01,273.2564
2024-01-16T09:37:00,STEAM_TEMP_01,290.9979
2024-01-16T09:38:00,CORE_FLUX_01,1909808506076.3853
2024-01-16T09:38:00,CORE_FUEL_01,873.7701
2024-01-16T09:38:00,CORE_ROD_01,53.3126
2024-01-16T09:38:00,CORE_EXIT_01,336.4816
2024-01-16T09:38:00,STEAM_PRES_01,73.1056
2024-01-16T09:38:00,STEAM_FEED_01,271.4648
2024-01-16T09:38:00,STEAM_DELTA_01,33.5712
2024-01-16T09:38:00,STEAM_TEMP_01,290.7843
2024-01-16T09:39:00,CORE_FLUX_01,1888468767618.7805
2024-01-16T09:39:00,CORE_FUEL_01,873.1918
2024-01-16T09:39:00,CORE_ROD_01,54.1085
2024-01-16T09:39:00,STEAM_PRES_01,73.2172
2024-01-16T09:39:00,STEAM_FEED_01,273.0216
2024-01-16T09:39:00,STEAM_TEMP_01,291.9371
2024-01-16T09:40:00,CORE_FLUX_01,1832067225149.9983
2024-01-16T09:40:00,CORE_FUEL_01,884.7315
2024-01-16T09:40:00,CORE_ROD_01,54.3541
2024-01-16T09:40:00,CORE_EXIT_01,336.4323
2024-01-16T09:40:00,STEAM_PRES_01,72.918
2024-01-16T09:40:00,STEAM_FEED_01,270.23
2024-01-16T09:40:00,STEAM_DELTA_01,33.5434
2024-01-16T09:40:00,STEAM_TEMP_01,291.1738
2024-01-16T09:41:00,CORE_FLUX_01,1847072587856.4973
2024-01-16T09:41:00,CORE_FUEL_01,861.2527
2024-01-16T09:41:00,CORE_ROD_01,54.4516
2024-01-16T09:41:00,STEAM_PRES_01,73.1995
2024-01-16T09:41:00,STEAM_FEED_01,269.516
2024-01-16T09:41:00,STEAM_TEMP_01,291.1436
2024-01-16T09:42:00,CORE_FLUX_01,1896430372959.0862
2024-01-16T09:42:00,CORE_FUEL_01,880.3118
2024-01-16T09:42:00,CORE_ROD_01,52.8413
2024-01-16T09:42:00,CORE_EXIT_01,340.3232
2024-01-16T09:42:00,STEAM_PRES_01,73.1885
2024-01-16T09:42:00,STEAM_FEED_01,272.4072
2024-01-16T09:42:00,STEAM_DELTA_01,33.8392
2024-01-16T09:42:00,STEAM_TEMP_01,291.6834
2024-01-16T09:43:00,CORE_FLUX_01,1853338647424.3171
2024-01-16T09:43:00,CORE_FUEL_01,855.7233
2024-01-16T09:43:00,CORE_ROD_01,52.4953
2024-01-16T09:43:00,STEAM_PRES_01,72.9113
2024-01-16T09:43:00,STEAM_FEED_01,270.3962
2024-01-16T09:43:00,STEAM_TEMP_01,291.0296
2024-01-16T09:44:00,CORE_FLUX_01,1820910411450.8098
2024-01-16T09:44:00,CORE_FUEL_01,880.6923
2024-01-16T09:44:00,CORE_ROD_01,55.0202
2024-01-16T09:44:00,CORE_EXIT_01,336.0717
2024-01-16T09:44:00,STEAM_PRES_01,72.8823
2024-01-16T09:44:00,STEAM_FEED_01,267.875
2024-01-16T09:44:00,STEAM_DELTA_01,33.1733
2024-01-16T09:44:00,STEAM_TEMP_01,289.8362
2024-01-16T09:45:00,CORE_FLUX_01,1817024652164.756
2024-01-16T09:45:00,CORE_FUEL_01,877.3416
2024-01-16T09:45:00,CORE_ROD_01,54.773
2024-01-16T09:45:00,STEAM_PRES_01,73.0859
2024-01-16T09:45:00,STEAM_FEED_01,274.1039
2024-01-16T09:45:00,STEAM_TEMP_01,290.3737
2024-01-16T09:46:00,CORE_FLUX_01,1821530312173.886
2024-01-16T09:46:00,CORE_FUEL_01,863.1433
2024-01-16T09:46:00,CORE_ROD_01,52.7969
2024-01-16T09:46:00,CORE_EXIT_01,337.8236
2024-01-16T09:46:00,STEAM_PRES_01,72.7772
2024-01-16T09:46:00,STEAM_FEED_01,266.6808
2024-01-16T09:46:00,STEAM_DELTA_01,33.3813
2024-01-16T09:46:00,STEAM_TEMP_01,289.8994
2024-01-16T09:47:00,CORE_FLUX_01,1899311454518.2043
2024-01-16T09:47:00,CORE_FUEL_01,872.0574
2024-01-16T09:47:00,CORE_ROD_01,54.5917
2024-01-16T09:47:00,STEAM_PRES_01,72.8732
2024-01-16T09:47:00,STEAM_FEED_01,267.8294
2024-01-16T09:47:00,STEAM_TEMP_01,291.1317
2024-01-16T09:48:00,CORE_FLUX_01,1841569150031.156
2024-01-16T09:48:00,CORE_FUEL_01,868.5976
2024-01-16T09:48:00,CORE_ROD_01,53.8054
2024-01-16T09:48:00,CORE_EXIT_01,336.4241
2024-01-16T09:48:00,STEAM_PRES_01,73.2441
2024-01-16T09:48:00,STEAM_FEED_01,268.9955
2024-01-16T09:48:00,STEAM_DELTA_01,33.5702
2024-01-16T09:48:00,STEAM_TEMP_01,290.6092
2024-01-16T09:49:00,CORE_FLUX_01,1883216025538.7676
2024-01-16T09:49:00,CORE_FUEL_01,872.0019
2024-01-16T09:49:00,CORE_ROD_01,53.2844
2024-01-16T09:49:00,STEAM_PRES_01,73.032
2024-01-16T09:49:00,STEAM_FEED_01,268.8579
2024-01-16T09:49:00,STEAM_TEMP_01,290.7803
2024-01-16T09:50:00,CORE_FLUX_01,1870303438107.5315
2024-01-16T09:50:00,CORE_FUEL_01,867.3281
2024-01-16T09:50:00,CORE_ROD_01,51.6651
2024-01-16T09:50:00,CORE_EXIT_01,336.7588
2024-01-16T09:50:00,STEAM_PRES_01,72.901
2024-01-16T09:50:00,STEAM_FEED_01,270.4694
2024-01-16T09:50:00,STEAM_DELTA_01,33.4707
2024-01-16T09:50:00,STEAM_TEMP_01,290.2212
2024-01-16T09:51:00,CORE_FLUX_01,1847157121681.4604
2024-01-16T09:51:00,CORE_FUEL_01,864.0598
2024-01-16T09:51:00,CORE_ROD_01,54.0807
2024-01-16T09:51:00,STEAM_PRES_01,72.935
2024-01-16T09:51:00,STEAM_FEED_01,268.2881
2024-01-16T09:51:00,STEAM_TEMP_01,290.3383
2024-01-16T09:52:00,CORE_FLUX_01,1910182864825.0315
2024-01-16T09:52:00,CORE_FUEL_01,884.1708
2024-01-16T09:52:00,CORE_ROD_01,53.6734
2024-01-16T09:52:00,CORE_EXIT_01,336.7746
2024-01-16T09:52:00,STEAM_PRES_01,72.9789
2024-01-16T09:52:00,STEAM_FEED_01,270.9755
2024-01-16T09:52:00,STEAM_DELTA_01,33.4578
2024-01-16T09:52:00,STEAM_TEMP_01,289.8035
2024-01-16T09:53:00,CORE_FLUX_01,1897042764792.7888
2024-01-16T09:53:00,CORE_FUEL_01,862.7688
2024-01-16T09:53:00,CORE_ROD_01,52.5275
2024-01-16T09:53:00,STEAM_PRES_01,73.2116
2024-01-16T09:53:00,STEAM_FEED_01,269.7174
2024-01-16T09:53:00,STEAM_TEMP_01,290.7682
2024-01-16T09:54:00,CORE_FLUX_01,1925170889788.867
2024-01-16T09:54:00,CORE_FUEL_01,869.8676
2024-01-16T09:54:00,CORE_ROD_01,52.6514
2024-01-16T09:54:00,CORE_EXIT_01,338.2486
2024-01-16T09:54:00,STEAM_PRES_01,73.2027
2024-01-16T09:54:00,STEAM_FEED_01,270.4213
2024-01-16T09:54:00,STEAM_DELTA_01,33.3361
2024-01-16T09:54:00,STEAM_TEMP_01,290.4572
2024-01-16T09:55:00,CORE_FLUX_01,1860522962354.5605
2024-01-16T09:55:00,CORE_FUEL_01,887.7398
2024-01-16T09:55:00,CORE_ROD_01,54.9792
2024-01-16T09:55:00,STEAM_PRES_01,72.8729
2024-01-16T09:55:00,STEAM_FEED_01,269.0499
2024-01-16T09:55:00,STEAM_TEMP_01,290.3744
2024-01-16T09:56:00,CORE_FLUX_01,1881845867353.8167
2024-01-16T09:56:00,CORE_FUEL_01,856.519
2024-01-16T09:56:00,CORE_ROD_01,54.3512
2024-01-16T09:56:00,CORE_EXIT_01,337.3741
2024-01-16T09:56:00,STEAM_PRES_01,73.1604
2024-01-16T09:56:00,STEAM_FEED_01,270.2736
2024-01-16T09:56:00,STEAM_DELTA_01,33.5477
2024-01-16T09:56:00,STEAM_TEMP_01,289.7516
2024-01-16T09:57:00,CORE_FLUX_01,1871146412040.2617
2024-01-16T09:57:00,CORE_FUEL_01,873.999
2024-01-16T09:57:00,CORE_ROD_01,55.2403
2024-01-16T09:57:00,STEAM_PRES_01,72.9528
2024-01-16T09:57:00,STEAM_FEED_01,270.2868
2024-01-16T09:57:00,STEAM_TEMP_01,290.0782
2024-01-16T09:58:00,CORE_FLUX_01,1853227853347.5728
2024-01-16T09:58:00,CORE_FUEL_01,878.8425
2024-01-16T09:58:00,CORE_ROD_01,52.785
2024-01-16T09:58:00,CORE_EXIT_01,337.8929
2024-01-16T09:58:00,STEAM_PRES_01,73.1236
2024-01-16T09:58:00,STEAM_FEED_01,272.4734
2024-01-16T09:58:00,STEAM_DELTA_01,33.9504
2024-01-16T09:58:00,STEAM_TEMP_01,291.6157
2024-01-16T09:59:00,CORE_FLUX_01,1918927237681.7969
2024-01-16T09:59:00,CORE_FUEL_01,862.5419
2024-01-16T09:59:00,CORE_ROD_01,54.8394
2024-01-16T09:59:00,STEAM_PRES_01,72.8684
2024-01-16T09:59:00,STEAM_FEED_01,266.3692
2024-01-16T09:59:00,STEAM_TEMP_01,289.423
2024-01-16T10:00:00,CORE_FLUX_01,1808843861237.6616
2024-01-16T10:00:00,CORE_FUEL_01,870.8767
2024-01-16T10:00:00,CORE_ROD_01,53.5781
2024-01-16T10:00:00,CORE_EXIT_01,337.4788
2024-01-16T10:00:00,STEAM_PRES_01,73.0353
2024-01-16T10:00:00,STEAM_FEED_01,271.3483
2024-01-16T10:00:00,STEAM_DELTA_01,33.1979
2024-01-16T10:00:00,STEAM_TEMP_01,290.5404
2024-01-16T10:01:00,CORE_FLUX_01,1867880264281.517
2024-01-16T10:01:00,CORE_FUEL_01,875.8469
2024-01-16T10:01:00,CORE_ROD_01,53.542
2024-01-16T10:01:00,STEAM_PRES_01,72.8579
2024-01-16T10:01:00,STEAM_FEED_01,266.5087
2024-01-16T10:01:00,STEAM_TEMP_01,290.0756
2024-01-16T10:02:00,CORE_FLUX_01,1851607378597.61
2024-01-16T10:02:00,CORE_FUEL_01,875.8796
2024-01-16T10:02:00,CORE_ROD_01,52.9329
2024-01-16T10:02:00,CORE_EXIT_01,335.4019
2024-01-16T10:02:00,STEAM_PRES_01,73.1924
2024-01-16T10:02:00,STEAM_FEED_01,272.3005
2024-01-16T10:02:00,STEAM_DELTA_01,33.7932
2024-01-16T10:02:00,STEAM_TEMP_01,290.7992
2024-01-16T10:03:00,CORE_FLUX_01,1874679495741.04
2024-01-16T10:03:00,CORE_FUEL_01,886.7124
2024-01-16T10:03:00,CORE_ROD_01,53.2114
2024-01-16T10:03:00,STEAM_PRES_01,72.7076
2024-01-16T10:03:00,STEAM_FEED_01,266.3494
2024-01-16T10:03:00,STEAM_TEMP_01,289.2307
2024-01-16T10:04:00,CORE_FLUX_01,1870138967210.3926
2024-01-16T10:04:00,CORE_FUEL_01,870.0337
2024-01-16T10:04:00,CORE_ROD_01,53.3225
2024-01-16T10:04:00,CORE_EXIT_01,335.3896
2024-01-16T10:04:00,STEAM_PRES_01,72.804
2024-01-16T10:04:00,STEAM_FEED_01,268.6435
2024-01-16T10:04:00,STEAM_DELTA_01,33.2455
2024-01-16T10:04:00,STEAM_TEMP_01,291.1575
2024-01-16T10:05:00,CORE_FLUX_01,1888165503649.5698
2024-01-16T10:05:00,CORE_FUEL_01,872.5724
2024-01-16T10:05:00,CORE_ROD_01,52.5652
2024-01-16T10:05:00,STEAM_PRES_01,73.1401
2024-01-16T10:05:00,STEAM_FEED_01,269.7217
2024-01-16T10:05:00,STEAM_TEMP_01,291.1162
2024-01-16T10:06:00,CORE_FLUX_01,1891412336993.1082
2024-01-16T10:06:00,CORE_FUEL_01,886.7743
2024-01-16T10:06:00,CORE_ROD_01,51.3258
2024-01-16T10:06:00,CORE_EXIT_01,337.5646
2024-01-16T10:06:00,STEAM_PRES_01,72.6368
2024-01-16T10:06:00,STEAM_FEED_01,270.5874
2024-01-16T10:06:00,STEAM_DELTA_01,33.4532
2024-01-16T10:06:00,STEAM_TEMP_01,290.4195
2024-01-16T10:07:00,CORE_FLUX_01,1911311028084.2612
2024-01-16T10:07:00,CORE_FUEL_01,879.8074
2024-01-16T10:07:00,CORE_ROD_01,52.4814
2024-01-16T10:07:00,STEAM_PRES_01,72.923
2024-01-16T10:07:00,STEAM_FEED_01,269.568
2024-01-16T10:07:00,STEAM_TEMP_01,290.3202
2024-01-16T10:08:00,CORE_FLUX_01,1806441814129.1077
2024-01-16T10:08:00,CORE_FUEL_01,884.2146
2024-01-16T10:08:00,CORE_ROD_01,52.0314
2024-01-16T10:08:00,CORE_EXIT_01,336.6027
2024-01-16T10:08:00,STEAM_PRES_01,72.8943
2024-01-16T10:08:00,STEAM_FEED_01,269.5694
2024-01-16T10:08:00,STEAM_DELTA_01,33.3592
2024-01-16T10:08:00,STEAM_TEMP_01,290.1192
2024-01-16T10:09:00,CORE_FLUX_01,1868475845203.168
2024-01-16T10:09:00,CORE_FUEL_01,884.4659
2024-01-16T10:09:00,CORE_ROD_01,53.6395
2024-01-16T10:09:00,STEAM_PRES_01,72.8041
2024-01-16T10:09:00,STEAM_FEED_01,266.2046
2024-01-16T10:09:00,STEAM_TEMP_01,289.4103
2024-01-16T10:10:00,CORE_FLUX_01,1885706725730.1128
2024-01-16T10:10:00,CORE_FUEL_01,879.2182
2024-01-16T10:10:00,CORE_ROD_01,53.0899
2024-01-16T10:10:00,CORE_EXIT_01,337.575
2024-01-16T10:10:00,STEAM_PRES_01,73.2155
2024-01-16T10:10:00,STEAM_FEED_01,271.1866
2024-01-16T10:10:00,STEAM_DELTA_01,33.3985
2024-01-16T10:10:00,STEAM_TEMP_01,290.976
2024-01-16T10:11:00,CORE_FLUX_01,1909386432105.5195
2024-01-16T10:11:00,CORE_FUEL_01,873.2147
2024-01-16T10:11:00,CORE_ROD_01,53.4804
2024-01-16T10:11:00,STEAM_PRES_01,72.9226
2024-01-16T10:11:00,STEAM_FEED_01,272.0183
2024-01-16T10:11:00,STEAM_TEMP_01,290.3842
2024-01-16T10:12:00,CORE_FLUX_01,1869051873794.6875
2024-01-16T10:12:00,CORE_FUEL_01,870.449
2024-01-16T10:12:00,CORE_ROD_01,51.7242
2024-01-16T10:12:00,CORE_EXIT_01,340.2896
2024-01-16T10:12:00,STEAM_PRES_01,73.2306
2024-01-16T10:12:00,STEAM_FEED_01,273.6536
2024-01-16T10:12:00,STEAM_DELTA_01,33.7065
2024-01-16T10:12:00,STEAM_TEMP_01,290.6912
2024-01-16T10:13:00,CORE_FLUX_01,1892777588035.5066
2024-01-16T10:13:00,CORE_FUEL_01,876.3264
2024-01-16T10:13:00,CORE_ROD_01,54.2839
2024-01-16T10:13:00,STEAM_PRES_01,72.9402
2024-01-16T10:13:00,STEAM_FEED_01,270.889
2024-01-16T10:13:00,STEAM_TEMP_01,290.1037
2024-01-16T10:14:00,CORE_FLUX_01,1927922444369.1848
2024-01-16T10:14:00,CORE_FUEL_01,866.7263
2024-01-16T10:14:00,CORE_ROD_01,52.8218
2024-01-16T10:14:00,CORE_EXIT_01,338.1645
2024-01-16T10:14:00,STEAM_PRES_01,72.8201
2024-01-16T10:14:00,STEAM_FEED_01,272.6161
2024-01-16T10:14:00,STEAM_DELTA_01,33.4973
2024-01-16T10:14:00,STEAM_TEMP_01,290.2756
2024-01-16T10:15:00,CORE_FLUX_01,1894037248705.9912
2024-01-16T10:15:00,CORE_FUEL_01,864.9496
2024-01-16T10:15:00,CORE_ROD_01,56.2852
2024-01-16T10:15:00,STEAM_PRES_01,72.7978
2024-01-16T10:15:00,STEAM_FEED_01,271.8516
2024-01-16T10:15:00,STEAM_TEMP_01,290.2953
2024-01-16T10:16:00,CORE_FLUX_01,1886304947813.2954
2024-01-16T10:16:00,CORE_FUEL_01,877.7807
2024-01-16T10:16:00,CORE_ROD_01,52.2334
2024-01-16T10:16:00,CORE_EXIT_01,336.9153
2024-01-16T10:16:00,STEAM_PRES_01,73.0371
2024-01-16T10:16:00,STEAM_FEED_01,270.2636
2024-01-16T10:16:00,STEAM_DELTA_01,33.3889
2024-01-16T10:16:00,STEAM_TEMP_01,290.2104
2024-01-16T10:17:00,CORE_FLUX_01,1927604810055.6946
2024-01-16T10:17:00,CORE_FUEL_01,883.8674
2024-01-16T10:17:00,CORE_ROD_01,52.7834
2024-01-16T10:17:00,STEAM_PRES_01,73.1358
2024-01-16T10:17:00,STEAM_FEED_01,270.3966
2024-01-16T10:17:00,STEAM_TEMP_01,290.86
2024-01-16T10:18:00,CORE_FLUX_01,1871725787894.6702
2024-01-16T10:18:00,CORE_FUEL_01,877.5319
2024-01-16T10:18:00,CORE_ROD_01,53.3631
2024-01-16T10:18:00,CORE_EXIT_01,337.4589
2024-01-16T10:18:00,STEAM_PRES_01,72.4723
2024-01-16T10:18:00,STEAM_FEED_01,266.5089
2024-01-16T10:18:00,STEAM_DELTA_01,33.1204
2024-01-16T10:18:00,STEAM_TEMP_01,288.6734
2024-01-16T10:19:00,CORE_FLUX_01,1883056028710.2021
2024-01-16T10:19:00,CORE_FUEL_01,888.8489
2024-01-16T10:19:00,CORE_ROD_01,52.0606
2024-01-16T10:19:00,STEAM_PRES_01,73.0257
2024-01-16T10:19:00,STEAM_FEED_01,272.2321
2024-01-16T10:19:00,STEAM_TEMP_01,289.5848
2024-01-16T10:20:00,CORE_FLUX_01,1949101970076.187
2024-01-16T10:20:00,CORE_FUEL_01,898.8706
2024-01-16T10:20:00,CORE_ROD_01,53.0153
2024-01-16T10:20:00,CORE_EXIT_01,338.0611
2024-01-16T10:20:00,STEAM_PRES_01,72.9014
2024-01-16T10:20:00,STEAM_FEED_01,269.7126
2024-01-16T10:20:00,STEAM_DELTA_01,33.5496
2024-01-16T10:20:00,STEAM_TEMP_01,290.3053
2024-01-16T10:21:00,CORE_FLUX_01,1894525675783.5825
2024-01-16T10:21:00,CORE_FUEL_01,883.1996
2024-01-16T10:21:00,CORE_ROD_01,53.6822
2024-01-16T10:21:00,STEAM_PRES_01,73.1164
2024-01-16T10:21:00,STEAM_FEED_01,269.0929
2024-01-16T10:21:00,STEAM_TEMP_01,290.9275
2024-01-16T10:22:00,CORE_FLUX_01,1922275584021.5945
2024-01-16T10:22:00,CORE_FUEL_01,883.1761
2024-01-16T10:22:00,CORE_ROD_01,53.4724
2024-01-16T10:22:00,CORE_EXIT_01,338.3945
2024-01-16T10:22:00,STEAM_PRES_01,73.0171
2024-01-16T10:22:00,STEAM_FEED_01,269.6204
2024-01-16T10:22:00,STEAM_DELTA_01,33.0093
2024-01-16T10:22:00,STEAM_TEMP_01,289.6533
2024-01-16T10:23:00,CORE_FLUX_01,1889865272056.66
2024-01-16T10:23:00,CORE_FUEL_01,877.8773
2024-01-16T10:23:00,CORE_ROD_01,51.8945
2024-01-16T10:23:00,STEAM_PRES_01,72.8549
2024-01-16T10:23:00,STEAM_FEED_01,269.3274
2024-01-16T10:23:00,STEAM_TEMP_01,288.9973
2024-01-16T10:24:00,CORE_FLUX_01,1914419480112.705
2024-01-16T10:24:00,CORE_FUEL_01,898.8608
2024-01-16T10:24:00,CORE_ROD_01,53.2477
2024-01-16T10:24:00,CORE_EXIT_01,337.0793
2024-01-16T10:24:00,STEAM_PRES_01,73.127
2024-01-16T10:24:00,STEAM_FEED_01,268.0264
2024-01-16T10:24:00,STEAM_DELTA_01,33.3906
2024-01-16T10:24:00,STEAM_TEMP_01,290.3748
2024-01-16T10:25:00,CORE_FLUX_01,1940725412829.3523
2024-01-16T10:25:00,CORE_FUEL_01,880.8096
2024-01-16T10:25:00,CORE_ROD_01,51.0517
2024-01-16T10:25:00,STEAM_PRES_01,73.0773
2024-01-16T10:25:00,STEAM_FEED_01,271.5947
2024-01-16T10:25:00,STEAM_TEMP_01,291.1424
2024-01-16T10:26:00,CORE_FLUX_01,1892891450206.9602
2024-01-16T10:26:00,CORE_FUEL_01,868.2187
2024-01-16T10:26:00,CORE_ROD_01,52.8407
2024-01-16T10:26:00,CORE_EXIT_01,337.4051
2024-01-16T10:26:00,STEAM_PRES_01,72.9876
2024-01-16T10:26:00,STEAM_FEED_01,269.3342
2024-01-16T10:26:00,STEAM_DELTA_01,33.4733
2024-01-16T10:26:00,STEAM_TEMP_01,289.9553
2024-01-16T10:27:00,CORE_FLUX_01,1885098725252.4426
2024-01-16T10:27:00,CORE_FUEL_01,881.2702
2024-01-16T10:27:00,CORE_ROD_01,53.384
2024-01-16T10:27:00,STEAM_PRES_01,72.6141
2024-01-16T10:27:00,STEAM_FEED_01,267.5043
2024-01-16T10:27:00,STEAM_TEMP_01,289.543
2024-01-16T10:28:00,CORE_FLUX_01,1974313559919.9973
2024-01-16T10:28:00,CORE_FUEL_01,889.9808
2024-01-16T10:28:00,CORE_ROD_01,52.4402
2024-01-16T10:28:00,CORE_EXIT_01,336.5551
2024-01-16T10:28:00,STEAM_PRES_01,72.5303
2024-01-16T10:28:00,STEAM_FEED_01,265.8478
2024-01-16T10:28:00,STEAM_DELTA_01,33.1405
2024-01-16T10:28:00,STEAM_TEMP_01,289.0577
2024-01-16T10:29:00,CORE_FLUX_01,1941037998288.2188
2024-01-16T10:29:00,CORE_FUEL_01,875.6804
2024-01-16T10:29:00,CORE_ROD_01,53.3959
2024-01-16T10:29:00,STEAM_PRES_01,72.7864
2024-01-16T10:29:00,STEAM_FEED_01,266.3727
2024-01-16T10:29:00,STEAM_TEMP_01,289.8614
2024-01-16T10:30:00,CORE_FLUX_01,1867196958697.7913
2024-01-16T10:30:00,CORE_FUEL_01,881.4213
2024-01-16T10:30:00,CORE_ROD_01,51.4675
2024-01-16T10:30:00,CORE_EXIT_01,335.1824
2024-01-16T10:30:00,STEAM_PRES_01,73.1674
2024-01-16T10:30:00,STEAM_FEED_01,269.2326
2024-01-16T10:30:00,STEAM_DELTA_01,33.4906
2024-01-16T10:30:00,STEAM_TEMP_01,290.0343
2024-01-16T10:31:00,CORE_FLUX_01,1907376357427.438
2024-01-16T10:31:00,CORE_FUEL_01,893.4076
2024-01-16T10:31:00,CORE_ROD_01,53.5582
2024-01-16T10:31:00,STEAM_PRES_01,72.9951
2024-01-16T10:31:00,STEAM_FEED_01,270.2633
2024-01-16T10:31:00,STEAM_TEMP_01,289.8742
2024-01-16T10:32:00,CORE_FLUX_01,1909907406505.186
2024-01-16T10:32:00,CORE_FUEL_01,871.7364
2024-01-16T10:32:00,CORE_ROD_01,52.6252
2024-01-16T10:32:00,CORE_EXIT_01,337.3184
2024-01-16T10:32:00,STEAM_PRES_01,72.9616
2024-01-16T10:32:00,STEAM_FEED_01,271.5572
2024-01-16T10:32:00,STEAM_DELTA_01,33.3857
2024-01-16T10:32:00,STEAM_TEMP_01,290.5777
2024-01-16T10:33:00,CORE_FLUX_01,1861836858600.4421
2024-01-16T10:33:00,CORE_FUEL_01,874.3548
2024-01-16T10:33:00,CORE_ROD_01,53.1928
2024-01-16T10:33:00,STEAM_PRES_01,72.8049
2024-01-16T10:33:00,STEAM_FEED_01,266.6693
2024-01-16T10:33:00,STEAM_TEMP_01,289.5586
2024-01-16T10:34:00,CORE_FLUX_01,1908619083449.8003
2024-01-16T10:34:00,CORE_FUEL_01,881.094
2024-01-16T10:34:00,CORE_ROD_01,52.8171
2024-01-16T10:34:00,CORE_EXIT_01,338.4942
2024-01-16T10:34:00,STEAM_PRES_01,73.0716
2024-01-16T10:34:00,STEAM_FEED_01,270.4393
2024-01-16T10:34:00,STEAM_DELTA_01,33.3342
2024-01-16T10:34:00,STEAM_TEMP_01,290.2361
2024-01-16T10:35:00,CORE_FLUX_01,1888798489465.791
2024-01-16T10:35:00,CORE_FUEL_01,880.0711
2024-01-16T10:35:00,CORE_ROD_01,52.5489
2024-01-16T10:35:00,STEAM_PRES_01,72.7862
2024-01-16T10:35:00,STEAM_FEED_01,272.1348
2024-01-16T10:35:00,STEAM_TEMP_01,289.926
2024-01-16T10:36:00,CORE_FLUX_01,1885513173583.7031
2024-01-16T10:36:00,CORE_FUEL_01,883.2478
2024-01-16T10:36:00,CORE_ROD_01,54.2777
2024-01-16T10:36:00,CORE_EXIT_01,339.3527
2024-01-16T10:36:00,STEAM_PRES_01,73.0479
2024-01-16T10:36:00,STEAM_FEED_01,272.2083
2024-01-16T10:36:00,STEAM_DELTA_01,33.3595
2024-01-16T10:36:00,STEAM_TEMP_01,290.9158
2024-01-16T10:37:00,CORE_FLUX_01,1924678247258.0977
2024-01-16T10:37:00,CORE_FUEL_01,870.9617
2024-01-16T10:37:00,CORE_ROD_01,50.7121
2024-01-16T10:37:00,STEAM_PRES_01,73.4153
2024-01-16T10:37:00,STEAM_FEED_01,270.1157
2024-01-16T10:37:00,STEAM_TEMP_01,290.5714
2024-01-16T10:38:00,CORE_FLUX_01,1877543275513.5056
2024-01-16T10:38:00,CORE_FUEL_01,879.0975
2024-01-16T10:38:00,CORE_ROD_01,54.3987
2024-01-16T10:38:00,CORE_EXIT_01,337.267
2024-01-16T10:38:00,STEAM_PRES_01,73.1864
2024-01-16T10:38:00,STEAM_FEED_01,266.8447
2024-01-16T10:38:00,STEAM_DELTA_01,33.4136
2024-01-16T10:38:00,STEAM_TEMP_01,290.3543
2024-01-16T10:39:00,CORE_FLUX_01,1920356217354.2795
2024-01-16T10:39:00,CORE_FUEL_01,884.6801
2024-01-16T10:39:00,CORE_ROD_01,53.1655
2024-01-16T10:39:00,STEAM_PRES_01,73.2879
2024-01-16T10:39:00,STEAM_FEED_01,269.976
2024-01-16T10:39:00,STEAM_TEMP_01,290.557
2024-01-16T10:40:00,CORE_FLUX_01,1924946273628.491
2024-01-16T10:40:00,CORE_FUEL_01,891.8611
2024-01-16T10:40:00,CORE_ROD_01,53.6325
2024-01-16T10:40:00,CORE_EXIT_01,339.8644
2024-01-16T10:40:00,STEAM_PRES_01,73.3216
2024-01-16T10:40:00,STEAM_FEED_01,273.8828
2024-01-16T10:40:00,STEAM_DELTA_01,33.4456
2024-01-16T10:40:00,STEAM_TEMP_01,289.9441
2024-01-16T10:41:00,CORE_FLUX_01,1924093566591.833
2024-01-16T10:41:00,CORE_FUEL_01,879.3292
2024-01-16T10:41:00,CORE_ROD_01,51.8444
2024-01-16T10:41:00,STEAM_PRES_01,73.0146
2024-01-16T10:41:00,STEAM_FEED_01,273.275
2024-01-16T10:41:00,STEAM_TEMP_01,290.9316
2024-01-16T10:42:00,CORE_FLUX_01,1927907226908.5193
2024-01-16T10:42:00,CORE_FUEL_01,885.892
2024-01-16T10:42:00,CORE_ROD_01,51.1517
2024-01-16T10:42:00,CORE_EXIT_01,337.4056
2024-01-16T10:42:00,STEAM_PRES_01,72.9257
2024-01-16T10:42:00,STEAM_FEED_01,270.0219
2024-01-16T10:42:00,STEAM_DELTA_01,33.35
2024-01-16T10:42:00,STEAM_TEMP_01,290.2231
2024-01-16T10:43:00,CORE_FLUX_01,1949708890431.9016
2024-01-16T10:43:00,CORE_FUEL_01,876.1906
2024-01-16T10:43:00,CORE_ROD_01,53.7292
2024-01-16T10:43:00,STEAM_PRES_01,72.8154
2024-01-16T10:43:00,STEAM_FEED_01,269.5432
2024-01-16T10:43:00,STEAM_TEMP_01,290.1728
2024-01-16T10:44:00,CORE_FLUX_01,1926760373398.6985
2024-01-16T10:44:00,CORE_FUEL_01,889.2752
2024-01-16T10:44:00,CORE_ROD_01,52.9843
2024-01-16T10:44:00,CORE_EXIT_01,337.5578
2024-01-16T10:44:00,STEAM_PRES_01,72.9471
2024-01-16T10:44:00,STEAM_FEED_01,272.9883
2024-01-16T10:44:00,STEAM_DELTA_01,33.4944
2024-01-16T10:44:00,STEAM_TEMP_01,290.3381
2024-01-16T10:45:00,CORE_FLUX_01,1856473459287.1997
2024-01-16T10:45:00,CORE_FUEL_01,899.1969
2024-01-16T10:45:00,CORE_ROD_01,51.9099
2024-01-16T10:45:00,STEAM_PRES_01,72.6358
2024-01-16T10:45:00,STEAM_FEED_01,268.1774
2024-01-16T10:45:00,STEAM_TEMP_01,288.365
2024-01-16T10:46:00,CORE_FLUX_01,1983119054480.6187
2024-01-16T10:46:00,CORE_FUEL_01,887.1319
2024-01-16T10:46:00,CORE_ROD_01,52.7329
2024-01-16T10:46:00,CORE_EXIT_01,338.5299
2024-01-16T10:46:00,STEAM_PRES_01,72.9766
2024-01-16T10:46:00,STEAM_FEED_01,269.163
2024-01-16T10:46:00,STEAM_DELTA_01,33.4922
2024-01-16T10:46:00,STEAM_TEMP_01,290.1898
2024-01-16T10:47:00,CORE_FLUX_01,1861607302696.1375
2024-01-16T10:47:00,CORE_FUEL_01,903.9091
2024-01-16T10:47:00,CORE_ROD_01,52.3001
2024-01-16T10:47:00,STEAM_PRES_01,72.9419
2024-01-16T10:47:00,STEAM_FEED_01,268.7145
2024-01-16T10:47:00,STEAM_TEMP_01,290.2021
2024-01-16T10:48:00,CORE_FLUX_01,1937587202022.4512
2024-01-16T10:48:00,CORE_FUEL_01,883.6586
2024-01-16T10:48:00,CORE_ROD_01,53.3154
2024-01-16T10:48:00,CORE_EXIT_01,337.8172
2024-01-16T10:48:00,STEAM_PRES_01,72.9725
2024-01-16T10:48:00,STEAM_FEED_01,270.8681
2024-01-16T10:48:00,STEAM_DELTA_01,33.638
2024-01-16T10:48:00,STEAM_TEMP_01,290.2994
2024-01-16T10:49:00,CORE_FLUX_01,1929080571347.4614
2024-01-16T10:49:00,CORE_FUEL_01,890.9527
2024-01-16T10:49:00,CORE_ROD_01,53.6445
2024-01-16T10:49:00,STEAM_PRES_01,73.104
2024-01-16T10:49:00,STEAM_FEED_01,272.4811
2024-01-16T10:49:00,STEAM_TEMP_01,290.7338
2024-01-16T10:50:00,CORE_FLUX_01,1964520757545.794
2024-01-16T10:50:00,CORE_FUEL_01,879.4521
2024-01-16T10:50:00,CORE_ROD_01,54.2208
2024-01-16T10:50:00,CORE_EXIT_01,338.4178
2024-01-16T10:50:00,STEAM_PRES_01,73.0137
2024-01-16T10:50:00,STEAM_FEED_01,270.0219
2024-01-16T10:50:00,STEAM_DELTA_01,33.506
2024-01-16T10:50:00,STEAM_TEMP_01,290.5899
2024-01-16T10:51:00,CORE_FLUX_01,1936551346177.571
2024-01-16T10:51:00,CORE_FUEL_01,891.6967
2024-01-16T10:51:00,CORE_ROD_01,53.3
2024-01-16T10:51:00,STEAM_PRES_01,73.2803
2024-01-16T10:51:00,STEAM_FEED_01,270.1377
2024-01-16T10:51:00,STEAM_TEMP_01,289.5058
2024-01-16T10:52:00,CORE_FLUX_01,1892681371499.29
2024-01-16T10:52:00,CORE_FUEL_01,890.0749
2024-01-16T10:52:00,CORE_ROD_01,52.7903
2024-01-16T10:52:00,CORE_EXIT_01,339.4137
2024-01-16T10:52:00,STEAM_PRES_01,72.8613
2024-01-16T10:52:00,STEAM_FEED_01,268.2304
2024-01-16T10:52:00,STEAM_DELTA_01,33.2739
2024-01-16T10:52:00,STEAM_TEMP_01,289.0779
2024-01-16T10:53:00,CORE_FLUX_01,1944223262500.232
2024-01-16T10:53:00,CORE_FUEL_01,877.1177
2024-01-16T10:53:00,CORE_ROD_01,52.7878
2024-01-16T10:53:00,STEAM_PRES_01,72.7836
2024-01-16T10:53:00,STEAM_FEED_01,271.1585
2024-01-16T10:53:00,STEAM_TEMP_01,289.527
2024-01-16T10:54:00,CORE_FLUX_01,1944946344930.4312
2024-01-16T10:54:00,CORE_FUEL_01,887.2379
2024-01-16T10:54:00,CORE_ROD_01,51.2011
2024-01-16T10:54:00,CORE_EXIT_01,339.1414
2024-01-16T10:54:00,STEAM_PRES_01,73.1062
2024-01-16T10:54:00,STEAM_FEED_01,270.7199
2024-01-16T10:54:00,STEAM_DELTA_01,33.183
2024-01-16T10:54:00,STEAM_TEMP_01,290.7633
2024-01-16T10:55:00,CORE_FLUX_01,1881328777636.065
2024-01-16T10:55:00,CORE_FUEL_01,885.815
2024-01-16T10:55:00,CORE_ROD_01,52.1445
2024-01-16T10:55:00,STEAM_PRES_01,73.2901
2024-01-16T10:55:00,STEAM_FEED_01,271.1079
2024-01-16T10:55:00,STEAM_TEMP_01,289.7913
2024-01-16T10:56:00,CORE_FLUX_01,1916806909325.9236
2024-01-16T10:56:00,CORE_FUEL_01,895.962
2024-01-16T10:56:00,CORE_ROD_01,53.6691
2024-01-16T10:56:00,CORE_EXIT_01,339.172
2024-01-16T10:56:00,STEAM_PRES_01,73.1135
2024-01-16T10:56:00,STEAM_FEED_01,273.4709
2024-01-16T10:56:00,STEAM_DELTA_01,33.7236
2024-01-16T10:56:00,STEAM_TEMP_01,290.9732
2024-01-16T10:57:00,CORE_FLUX_01,1905132813263.5881
2024-01-16T10:57:00,CORE_FUEL_01,901.4964
2024-01-16T10:57:00,CORE_ROD_01,52.3067
2024-01-16T10:57:00,STEAM_PRES_01,73.2198
2024-01-16T10:57:00,STEAM_FEED_01,271.0355
2024-01-16T10:57:00,STEAM_TEMP_01,290.8789
2024-01-16T10:58:00,CORE_FLUX_01,1920491878764.3457
2024-01-16T10:58:00,CORE_FUEL_01,870.8237
2024-01-16T10:58:00,CORE_ROD_01,51.734
2024-01-16T10:58:00,CORE_EXIT_01,338.2894
2024-01-16T10:58:00,STEAM_PRES_01,72.9267
2024-01-16T10:58:00,STEAM_FEED_01,271.4292
2024-01-16T10:58:00,STEAM_DELTA_01,33.2471
2024-01-16T10:58:00,STEAM_TEMP_01,290.0624
2024-01-16T10:59:00,CORE_FLUX_01,1975416620692.0986
2024-01-16T10:59:00,CORE_FUEL_01,889.3503
2024-01-16T10:59:00,CORE_ROD_01,52.3445
2024-01-16T10:59:00,STEAM_PRES_01,72.7521
2024-01-16T10:59:00,STEAM_FEED_01,269.8156
2024-01-16T10:59:00,STEAM_TEMP_01,288.8656
2024-01-16T11:00:00,CORE_FLUX_01,1905152656176.1682
2024-01-16T11:00:00,CORE_FUEL_01,882.8714
2024-01-16T11:00:00,CORE_ROD_01,50.9093
2024-01-16T11:00:00,CORE_EXIT_01,340.1847
2024-01-16T11:00:00,STEAM_PRES_01,72.8898
2024-01-16T11:00:00,STEAM_FEED_01,269.1321
2024-01-16T11:00:00,STEAM_DELTA_01,33.1771
2024-01-16T11:00:00,STEAM_TEMP_01,289.688
2024-01-16T11:01:00,CORE_FLUX_01,1919078790524.5862
2024-01-16T11:01:00,CORE_FUEL_01,907.1441
2024-01-16T11:01:00,CORE_ROD_01,52.9895
2024-01-16T11:01:00,STEAM_PRES_01,72.9146
2024-01-16T11:01:00,STEAM_FEED_01,269.2337
2024-01-16T11:01:00,STEAM_TEMP_01,289.748
2024-01-16T11:02:00,CORE_FLUX_01,1967221747981.5984
2024-01-16T11:02:00,CORE_FUEL_01,903.3184
2024-01-16T11:02:00,CORE_ROD_01,51.359
2024-01-16T11:02:00,CORE_EXIT_01,337.7296
2024-01-16T11:02:00,STEAM_PRES_01,72.7161
2024-01-16T11:02:00,STEAM_FEED_01,267.7809
2024-01-16T11:02:00,STEAM_DELTA_01,33.3688
2024-01-16T11:02:00,STEAM_TEMP_01,290.0626
2024-01-16T11:03:00,CORE_FLUX_01,1914815531670.9138
2024-01-16T11:03:00,CORE_FUEL_01,887.4587
2024-01-16T11:03:00,CORE_ROD_01,52.7228
2024-01-16T11:03:00,STEAM_PRES_01,72.8196
2024-01-16T11:03:00,STEAM_FEED_01,271.1276
2024-01-16T11:03:00,STEAM_TEMP_01,289.3778
2024-01-16T11:04:00,CORE_FLUX_01,1892683356292.5022
2024-01-16T11:04:00,CORE_FUEL_01,906.1798
2024-01-16T11:04:00,CORE_ROD_01,52.7969
2024-01-16T11:04:00,CORE_EXIT_01,338.3796
2024-01-16T11:04:00,STEAM_PRES_01,72.7114
2024-01-16T11:04:00,STEAM_FEED_01,268.8634
2024-01-16T11:04:00,STEAM_DELTA_01,33.0569
2024-01-16T11:04:00,STEAM_TEMP_01,289.478
2024-01-16T11:05:00,CORE_FLUX_01,1932479206526.3113
2024-01-16T11:05:00,CORE_FUEL_01,877.2175
2024-01-16T11:05:00,CORE_ROD_01,53.4178
2024-01-16T11:05:00,STEAM_PRES_01,72.8416
2024-01-16T11:05:00,STEAM_FEED_01,271.1121
2024-01-16T11:05:00,STEAM_TEMP_01,290.019
2024-01-16T11:06:00,CORE_FLUX_01,1900810279278.657
2024-01-16T11:06:00,CORE_FUEL_01,873.7827
2024-01-16T11:06:00,CORE_ROD_01,51.7078
2024-01-16T11:06:00,CORE_EXIT_01,337.7249
2024-01-16T11:06:00,STEAM_PRES_01,72.5801
2024-01-16T11:06:00,STEAM_FEED_01,266.4039
2024-01-16T11:06:00,STEAM_DELTA_01,33.2844
2024-01-16T11:06:00,STEAM_TEMP_01,289.3693
2024-01-16T11:07:00,CORE_FLUX_01,1954667393200.8796
2024-01-16T11:07:00,CORE_FUEL_01,894.8788
2024-01-16T11:07:00,CORE_ROD_01,51.3524
2024-01-16T11:07:00,STEAM_PRES_01,72.9222
2024-01-16T11:07:00,STEAM_FEED_01,265.8975
2024-01-16T11:07:00,STEAM_TEMP_01,289.369
2024-01-16T11:08:00,CORE_FLUX_01,1926592375418.089
2024-01-16T11:08:00,CORE_FUEL_01,889.538
2024-01-16T11:08:00,CORE_ROD_01,52.3926
2024-01-16T11:08:00,CORE_EXIT_01,339.9009
2024-01-16T11:08:00,STEAM_PRES_01,72.5481
2024-01-16T11:08:00,STEAM_FEED_01,264.4191
2024-01-16T11:08:00,STEAM_DELTA_01,33.0323
2024-01-16T11:08:00,STEAM_TEMP_01,288.8444
2024-01-16T11:09:00,CORE_FLUX_01,1977226740108.8076
2024-01-16T11:09:00,CORE_FUEL_01,892.6694
2024-01-16T11:09:00,CORE_ROD_01,51.3789
2024-01-16T11:09:00,STEAM_PRES_01,73.4532
2024-01-16T11:09:00,STEAM_FEED_01,274.4116
2024-01-16T11:09:00,STEAM_TEMP_01,291.6363
2024-01-16T11:10:00,CORE_FLUX_01,1938294714904.212
2024-01-16T11:10:00,CORE_FUEL_01,863.8699
2024-01-16T11:10:00,CORE_ROD_01,52.6991
2024-01-16T11:10:00,CORE_EXIT_01,339.0286
2024-01-16T11:10:00,STEAM_PRES_01,72.9863
2024-01-16T11:10:00,STEAM_FEED_01,271.0944
2024-01-16T11:10:00,STEAM_DELTA_01,33.3184
2024-01-16T11:10:00,STEAM_TEMP_01,289.9793
2024-01-16T11:11:00,CORE_FLUX_01,1908917305379.03
2024-01-16T11:11:00,CORE_FUEL_01,885.8156
2024-01-16T11:11:00,CORE_ROD_01,52.6169
2024-01-16T11:11:00,STEAM_PRES_01,73.2513
2024-01-16T11:11:00,STEAM_FEED_01,271.874
2024-01-16T11:11:00,STEAM_TEMP_01,291.325
2024-01-16T11:12:00,CORE_FLUX_01,1975731499554.3433
2024-01-16T11:12:00,CORE_FUEL_01,881.0629
2024-01-16T11:12:00,CORE_ROD_01,51.4168
2024-01-16T11:12:00,CORE_EXIT_01,338.0025
2024-01-16T11:12:00,STEAM_PRES_01,73.3792
2024-01-16T11:12:00,STEAM_FEED_01,271.5089
2024-01-16T11:12:00,STEAM_DELTA_01,33.3121
2024-01-16T11:12:00,STEAM_TEMP_01,290.6445
2024-01-16T11:13:00,CORE_FLUX_01,1917945250142.9124
2024-01-16T11:13:00,CORE_FUEL_01,891.3301
2024-01-16T11:13:00,CORE_ROD_01,52.0883
2024-01-16T11:13:00,STEAM_PRES_01,73.0282
2024-01-16T11:13:00,STEAM_FEED_01,268.9436
2024-01-16T11:13:00,STEAM_TEMP_01,289.4812
2024-01-16T11:14:00,CORE_FLUX_01,1914075464345.1938
2024-01-16T11:14:00,CORE_FUEL_01,889.2844
2024-01-16T11:14:00,CORE_ROD_01,50.5774
2024-01-16T11:14:00,CORE_EXIT_01,339.5669
2024-01-16T11:14:00,STEAM_PRES_01,73.3134
2024-01-16T11:14:00,STEAM_FEED_01,271.6639
2024-01-16T11:14:00,STEAM_DELTA_01,33.444
2024-01-16T11:14:00,STEAM_TEMP_01,289.9229
2024-01-16T11:15:00,CORE_FLUX_01,1941006025169.1704
2024-01-16T11:15:00,CORE_FUEL_01,894.3039
2024-01-16T11:15:00,CORE_ROD_01,51.5639
2024-01-16T11:15:00,STEAM_PRES_01,73.0075
2024-01-16T11:15:00,STEAM_FEED_01,267.6527
2024-01-16T11:15:00,STEAM_TEMP_01,289.9011
2024-01-16T11:16:00,CORE_FLUX_01,1957877416647.2773
2024-01-16T11:16:00,CORE_FUEL_01,885.8919
2024-01-16T11:16:00,CORE_ROD_01,51.1988
2024-01-16T11:16:00,CORE_EXIT_01,340.3256
2024-01-16T11:16:00,STEAM_PRES_01,72.5099
2024-01-16T11:16:00,STEAM_FEED_01,265.2469
2024-01-16T11:16:00,STEAM_DELTA_01,33.3798
2024-01-16T11:16:00,STEAM_TEMP_01,290.9102
2024-01-16T11:17:00,CORE_FLUX_01,1962161129516.196
2024-01-16T11:17:00,CORE_FUEL_01,880.9548
2024-01-16T11:17:00,CORE_ROD_01,53.5614
2024-01-16T11:17:00,STEAM_PRES_01,72.807
2024-01-16T11:17:00,STEAM_FEED_01,268.0714
2024-01-16T11:17:00,STEAM_TEMP_01,289.3053
2024-01-16T11:18:00,CORE_FLUX_01,1912862014697.0618
2024-01-16T11:18:00,CORE_FUEL_01,918.2718
2024-01-16T11:18:00,CORE_ROD_01,53.0586
2024-01-16T11:18:00,CORE_EXIT_01,340.0616
2024-01-16T11:18:00,STEAM_PRES_01,73.1155
2024-01-16T11:18:00,STEAM_FEED_01,272.7895
2024-01-16T11:18:00,STEAM_DELTA_01,33.5435
2024-01-16T11:18:00,STEAM_TEMP_01,289.9573
2024-01-16T11:19:00,CORE_FLUX_01,1972906335411.448
2024-01-16T11:19:00,CORE_FUEL_01,886.9137
2024-01-16T11:19:00,CORE_ROD_01,51.687
2024-01-16T11:19:00,STEAM_PRES_01,72.7522
2024-01-16T11:19:00,STEAM_FEED_01,267.383
2024-01-16T11:19:00,STEAM_TEMP_01,289.2678
2024-01-16T11:20:00,CORE_FLUX_01,1965043517740.0195
2024-01-16T11:20:00,CORE_FUEL_01,905.0881
2024-01-16T11:20:00,CORE_ROD_01,52.5492
2024-01-16T11:20:00,CORE_EXIT_01,339.1034
2024-01-16T11:20:00,STEAM_PRES_01,73.4476
2024-01-16T11:20:00,STEAM_FEED_01,272.1484
2024-01-16T11:20:00,STEAM_DELTA_01,33.2391
2024-01-16T11:20:00,STEAM_TEMP_01,290.5968
2024-01-16T11:21:00,CORE_FLUX_01,2003419954665.2207
2024-01-16T11:21:00,CORE_FUEL_01,886.6745
2024-01-16T11:21:00,CORE_ROD_01,52.0875
2024-01-16T11:21:00,STEAM_PRES_01,73.0847
2024-01-16T11:21:00,STEAM_FEED_01,268.3052
2024-01-16T11:21:00,STEAM_TEMP_01,289.8936
2024-01-16T11:22:00,CORE_FLUX_01,1986530109088.5693
2024-01-16T11:22:00,CORE_FUEL_01,890.7871
2024-01-16T11:22:00,CORE_ROD_01,51.1673
2024-01-16T11:22:00,CORE_EXIT_01,338.0809
2024-01-16T11:22:00,STEAM_PRES_01,72.5519
2024-01-16T11:22:00,STEAM_FEED_01,269.4147
2024-01-16T11:22:00,STEAM_DELTA_01,33.6542
2024-01-16T11:22:00,STEAM_TEMP_01,289.1996
2024-01-16T11:23:00,CORE_FLUX_01,1901234806065.0337
2024-01-16T11:23:00,CORE_FUEL_01,902.4769
2024-01-16T11:23:00,CORE_ROD_01,52.0394
2024-01-16T11:23:00,STEAM_PRES_01,73.0189
2024-01-16T11:23:00,STEAM_FEED_01,270.4945
2024-01-16T11:23:00,STEAM_TEMP_01,289.2531
2024-01-16T11:24:00,CORE_FLUX_01,1970715831407.1904
2024-01-16T11:24:00,CORE_FUEL_01,892.515
2024-01-16T11:24:00,CORE_ROD_01,51.1599
2024-01-16T11:24:00,CORE_EXIT_01,341.1413
2024-01-16T11:24:00,STEAM_PRES_01,72.8356
2024-01-16T11:24:00,STEAM_FEED_01,266.8463
2024-01-16T11:24:00,STEAM_DELTA_01,32.8988
2024-01-16T11:24:00,STEAM_TEMP_01,289.491
2024-01-16T11:25:00,CORE_FLUX_01,1952244156176.039
2024-01-16T11:25:00,CORE_FUEL_01,887.0237
2024-01-16T11:25:00,CORE_ROD_01,49.9252
2024-01-16T11:25:00,STEAM_PRES_01,72.8449
2024-01-16T11:25:00,STEAM_FEED_01,268.853
2024-01-16T11:25:00,STEAM_TEMP_01,289.7961
2024-01-16T11:26:00,CORE_FLUX_01,1967744574561.1736
2024-01-16T11:26:00,CORE_FUEL_01,878.1246
2024-01-16T11:26:00,CORE_ROD_01,51.4946
2024-01-16T11:26:00,CORE_EXIT_01,338.0395
2024-01-16T11:26:00,STEAM_PRES_01,73.1403
2024-01-16T11:26:00,STEAM_FEED_01,271.4789
2024-01-16T11:26:00,STEAM_DELTA_01,33.4503
2024-01-16T11:26:00,STEAM_TEMP_01,290.1674
2024-01-16T11:27:00,CORE_FLUX_01,1925793049440.9197
2024-01-16T11:27:00,CORE_FUEL_01,903.3785
2024-01-16T11:27:00,CORE_ROD_01,50.8122
2024-01-16T11:27:00,STEAM_PRES_01,73.0105
2024-01-16T11:27:00,STEAM_FEED_01,272.0714
2024-01-16T11:27:00,STEAM_TEMP_01,289.8371
2024-01-16T11:28:00,CORE_FLUX_01,1944000130984.7405
2024-01-16T11:28:00,CORE_FUEL_01,885.8608
2024-01-16T11:28:00,CORE_ROD_01,49.7918
2024-01-16T11:28:00,CORE_EXIT_01,340.1321
2024-01-16T11:28:00,STEAM_PRES_01,72.6128
2024-01-16T11:28:00,STEAM_FEED_01,266.7083
2024-01-16T11:28:00,STEAM_DELTA_01,33.1427
2024-01-16T11:28:00,STEAM_TEMP_01,288.5896
2024-01-16T11:29:00,CORE_FLUX_01,2017039213677.9382
2024-01-16T11:29:00,CORE_FUEL_01,897.4298
2024-01-16T11:29:00,CORE_ROD_01,50.5067
2024-01-16T11:29:00,STEAM_PRES_01,72.9725
2024-01-16T11:29:00,STEAM_FEED_01,271.6157
2024-01-16T11:29:00,STEAM_TEMP_01,290.3371
2024-01-16T11:30:00,CORE_FLUX_01,1974586337503.702
2024-01-16T11:30:00,CORE_FUEL_01,896.397
2024-01-16T11:30:00,CORE_ROD_01,52.1507
2024-01-16T11:30:00,CORE_EXIT_01,337.3652
2024-01-16T11:30:00,STEAM_PRES_01,73.293
2024-01-16T11:30:00,STEAM_FEED_01,266.9794
2024-01-16T11:30:00,STEAM_DELTA_01,33.3843
2024-01-16T11:30:00,STEAM_TEMP_01,288.4629
2024-01-16T11:31:00,CORE_FLUX_01,1988179649072.0623
2024-01-16T11:31:00,CORE_FUEL_01,878.7994
2024-01-16T11:31:00,CORE_ROD_01,50.8498
2024-01-16T11:31:00,STEAM_PRES_01,73.0212
2024-01-16T11:31:00,STEAM_FEED_01,268.8611
2024-01-16T11:31:00,STEAM_TEMP_01,289.627
2024-01-16T11:32:00,CORE_FLUX_01,1990476561995.929
2024-01-16T11:32:00,CORE_FUEL_01,897.1626
2024-01-16T11:32:00,CORE_ROD_01,52.8894
2024-01-16T11:32:00,CORE_EXIT_01,340.3233
2024-01-16T11:32:00,STEAM_PRES_01,73.1173
2024-01-16T11:32:00,STEAM_FEED_01,268.0713
2024-01-16T11:32:00,STEAM_DELTA_01,33.452
2024-01-16T11:32:00,STEAM_TEMP_01,290.7633
2024-01-16T11:33:00,CORE_FLUX_01,1981953201924.684
2024-01-16T11:33:00,CORE_FUEL_01,900.8346
2024-01-16T11:33:00,CORE_ROD_01,51.3068
2024-01-16T11:33:00,STEAM_PRES_01,73.2291
2024-01-16T11:33:00,STEAM_FEED_01,270.7732
2024-01-16T11:33:00,STEAM_TEMP_01,289.6068
2024-01-16T11:34:00,CORE_FLUX_01,1958158095270.7654
2024-01-16T11:34:00,CORE_FUEL_01,892.5894
2024-01-16T11:34:00,CORE_ROD_01,51.6622
2024-01-16T11:34:00,CORE_EXIT_01,341.9842
2024-01-16T11:34:00,STEAM_PRES_01,73.2798
2024-01-16T11:34:00,STEAM_FEED_01,269.6998
2024-01-16T11:34:00,STEAM_DELTA_01,33.1388
2024-01-16T11:34:00,STEAM_TEMP_01,290.3376
2024-01-16T11:35:00,CORE_FLUX_01,1984509742642.0398
2024-01-16T11:35:00,CORE_FUEL_01,880.5313
2024-01-16T11:35:00,CORE_ROD_01,51.8225
2024-01-16T11:35:00,STEAM_PRES_01,72.8688
2024-01-16T11:35:00,STEAM_FEED_01,266.7003
2024-01-16T11:35:00,STEAM_TEMP_01,288.7233
2024-01-16T11:36:00,CORE_FLUX_01,1949422564392.923
2024-01-16T11:36:00,CORE_FUEL_01,895.2935
2024-01-16T11:36:00,CORE_ROD_01,51.6798
2024-01-16T11:36:00,CORE_EXIT_01,340.3116
2024-01-16T11:36:00,STEAM_PRES_01,73.0788
2024-01-16T11:36:00,STEAM_FEED_01,270.1095
2024-01-16T11:36:00,STEAM_DELTA_01,33.5464
2024-01-16T11:36:00,STEAM_TEMP_01,290.5685
2024-01-16T11:37:00,CORE_FLUX_01,1988445612797.943
2024-01-16T11:37:00,CORE_FUEL_01,906.3141
2024-01-16T11:37:00,CORE_ROD_01,50.3122
2024-01-16T11:37:00,STEAM_PRES_01,72.6825
2024-01-16T11:37:00,STEAM_FEED_01,263.2812
2024-01-16T11:37:00,STEAM_TEMP_01,288.7924
2024-01-16T11:38:00,CORE_FLUX_01,2022113468311.3262
2024-01-16T11:38:00,CORE_FUEL_01,892.0392
2024-01-16T11:38:00,CORE_ROD_01,50.9626
2024-01-16T11:38:00,CORE_EXIT_01,340.1738
2024-01-16T11:38:00,STEAM_PRES_01,73.3463
2024-01-16T11:38:00,STEAM_FEED_01,268.1403
2024-01-16T11:38:00,STEAM_DELTA_01,33.2699
2024-01-16T11:38:00,STEAM_TEMP_01,289.2767
2024-01-16T11:39:00,CORE_FLUX_01,1928841210267.6914
2024-01-16T11:39:00,CORE_FUEL_01,899.4261
2024-01-16T11:39:00,CORE_ROD_01,50.6417
2024-01-16T11:39:00,STEAM_PRES_01,72.6433
2024-01-16T11:39:00,STEAM_FEED_01,268.4449
2024-01-16T11:39:00,STEAM_TEMP_01,289.281
2024-01-16T11:40:00,CORE_FLUX_01,1952452424977.8755
2024-01-16T11:40:00,CORE_FUEL_01,891.7815
2024-01-16T11:40:00,CORE_ROD_01,51.5575
2024-01-16T11:40:00,CORE_EXIT_01,340.1314
2024-01-16T11:40:00,STEAM_PRES_01,72.8821
2024-01-16T11:40:00,STEAM_FEED_01,275.174
2024-01-16T11:40:00,STEAM_DELTA_01,33.2397
2024-01-16T11:40:00,STEAM_TEMP_01,289.8374
2024-01-16T11:41:00,CORE_FLUX_01,1988617932197.6497
2024-01-16T11:41:00,CORE_FUEL_01,882.5295
2024-01-16T11:41:00,CORE_ROD_01,51.0118
2024-01-16T11:41:00,STEAM_PRES_01,73.4467
2024-01-16T11:41:00,STEAM_FEED_01,269.353
2024-01-16T11:41:00,STEAM_TEMP_01,289.7967
2024-01-16T11:42:00,CORE_FLUX_01,2002908497939.022
2024-01-16T11:42:00,CORE_FUEL_01,895.4418
2024-01-16T11:42:00,CORE_ROD_01,50.6283
2024-01-16T11:42:00,CORE_EXIT_01,340.429
2024-01-16T11:42:00,STEAM_PRES_01,73.0868
2024-01-16T11:42:00,STEAM_FEED_01,265.308
2024-01-16T11:42:00,STEAM_DELTA_01,33.4012
2024-01-16T11:42:00,STEAM_TEMP_01,290.1033
2024-01-16T11:43:00,CORE_FLUX_01,2007758980553.974
2024-01-16T11:43:00,CORE_FUEL_01,899.3251
2024-01-16T11:43:00,CORE_ROD_01,50.2667
2024-01-16T11:43:00,STEAM_PRES_01,73.1236
2024-01-16T11:43:00,STEAM_FEED_01,270.4715
2024-01-16T11:43:00,STEAM_TEMP_01,289.8375
2024-01-16T11:44:00,CORE_FLUX_01,1946907766185.5493
2024-01-16T11:44:00,CORE_FUEL_01,887.0685
2024-01-16T11:44:00,CORE_ROD_01,50.8546
2024-01-16T11:44:00,CORE_EXIT_01,338.8759
2024-01-16T11:44:00,STEAM_PRES_01,73.3321
2024-01-16T11:44:00,STEAM_FEED_01,270.1294
2024-01-16T11:44:00,STEAM_DELTA_01,33.2963
2024-01-16T11:44:00,STEAM_TEMP_01,289.2933
2024-01-16T11:45:00,CORE_FLUX_01,1998694894368.7437
2024-01-16T11:45:00,CORE_FUEL_01,896.273
2024-01-16T11:45:00,CORE_ROD_01,48.581
2024-01-16T11:45:00,STEAM_PRES_01,73.113
2024-01-16T11:45:00,STEAM_FEED_01,268.4986
2024-01-16T11:45:00,STEAM_TEMP_01,289.52
2024-01-16T11:46:00,CORE_FLUX_01,1993757504659.825
2024-01-16T11:46:00,CORE_FUEL_01,895.2686
2024-01-16T11:46:00,CORE_ROD_01,51.0248
2024-01-16T11:46:00,CORE_EXIT_01,341.1966
2024-01-16T11:46:00,STEAM_PRES_01,72.9972
2024-01-16T11:46:00,STEAM_FEED_01,270.854
2024-01-16T11:46:00,STEAM_DELTA_01,33.2378
2024-01-16T11:46:00,STEAM_TEMP_01,290.1397
2024-01-16T11:47:00,CORE_FLUX_01,1991127964528.552
2024-01-16T11:47:00,CORE_FUEL_01,902.0593
2024-01-16T11:47:00,CORE_ROD_01,51.7846
2024-01-16T11:47:00,STEAM_PRES_01,72.8021
2024-01-16T11:47:00,STEAM_FEED_01,270.8963
2024-01-16T11:47:00,STEAM_TEMP_01,289.5773
2024-01-16T11:48:00,CORE_FLUX_01,1982839885946.7424
2024-01-16T11:48:00,CORE_FUEL_01,908.4728
2024-01-16T11:48:00,CORE_ROD_01,50.0082
2024-01-16T11:48:00,CORE_EXIT_01,339.4702
2024-01-16T11:48:00,STEAM_PRES_01,73.3298
2024-01-16T11:48:00,STEAM_FEED_01,271.3893
2024-01-16T11:48:00,STEAM_DELTA_01,33.7829
2024-01-16T11:48:00,STEAM_TEMP_01,291.4509
2024-01-16T11:49:00,CORE_FLUX_01,1979619923263.1472
2024-01-16T11:49:00,CORE_FUEL_01,887.605
2024-01-16T11:49:00,CORE_ROD_01,51.2951
2024-01-16T11:49:00,STEAM_PRES_01,72.8225
2024-01-16T11:49:00,STEAM_FEED_01,268.421
2024-01-16T11:49:00,STEAM_TEMP_01,289.6316
2024-01-16T11:50:00,CORE_FLUX_01,1963318584392.285
2024-01-16T11:50:00,CORE_FUEL_01,894.647
2024-01-16T11:50:00,CORE_ROD_01,51.6008
2024-01-16T11:50:00,CORE_EXIT_01,339.5198
2024-01-16T11:50:00,STEAM_PRES_01,72.8128
2024-01-16T11:50:00,STEAM_FEED_01,268.5728
2024-01-16T11:50:00,STEAM_DELTA_01,32.9795
2024-01-16T11:50:00,STEAM_TEMP_01,290.037
2024-01-16T11:51:00,CORE_FLUX_01,1939431581498.6396
2024-01-16T11:51:00,CORE_FUEL_01,884.7812
2024-01-16T11:51:00,CORE_ROD_01,50.0468
2024-01-16T11:51:00,STEAM_PRES_01,72.8749
2024-01-16T11:51:00,STEAM_FEED_01,266.692
2024-01-16T11:51:00,STEAM_TEMP_01,290.2136
2024-01-16T11:52:00,CORE_FLUX_01,1954598558270.8645
2024-01-16T11:52:00,CORE_FUEL_01,887.3678
2024-01-16T11:52:00,CORE_ROD_01,50.2898
2024-01-16T11:52:00,CORE_EXIT_01,340.4005
2024-01-16T11:52:00,STEAM_PRES_01,72.5469
2024-01-16T11:52:00,STEAM_FEED_01,267.6468
2024-01-16T11:52:00,STEAM_DELTA_01,33.0673
2024-01-16T11:52:00,STEAM_TEMP_01,289.0501
2024-01-16T11:53:00,CORE_FLUX_01,1931627261851.2498
2024-01-16T11:53:00,CORE_FUEL_01,881.1152
2024-01-16T11:53:00,CORE_ROD_01,52.1501
2024-01-16T11:53:00,STEAM_PRES_01,72.6863
2024-01-16T11:53:00,STEAM_FEED_01,266.0549
2024-01-16T11:53:00,STEAM_TEMP_01,289.5408
2024-01-16T11:54:00,CORE_FLUX_01,2000998395810.833
2024-01-16T11:54:00,CORE_FUEL_01,901.2675
2024-01-16T11:54:00,CORE_ROD_01,51.0861
2024-01-16T11:54:00,CORE_EXIT_01,339.0032
2024-01-16T11:54:00,STEAM_PRES_01,73.2357
2024-01-16T11:54:00,STEAM_FEED_01,272.3012
2024-01-16T11:54:00,STEAM_DELTA_01,33.4488
2024-01-16T11:54:00,STEAM_TEMP_01,290.3104
2024-01-16T11:55:00,CORE_FLUX_01,1978771184732.9634
2024-01-16T11:55:00,CORE_FUEL_01,894.469
2024-01-16T11:55:00,CORE_ROD_01,51.1429
2024-01-16T11:55:00,STEAM_PRES_01,73.0927
2024-01-16T11:55:00,STEAM_FEED_01,273.789
2024-01-16T11:55:00,STEAM_TEMP_01,290.4883
2024-01-16T11:56:00,CORE_FLUX_01,1943879690372.083
2024-01-16T11:56:00,CORE_FUEL_01,923.6413
2024-01-16T11:56:00,CORE_ROD_01,49.0974
2024-01-16T11:56:00,CORE_EXIT_01,338.6525
2024-01-16T11:56:00,STEAM_PRES_01,73.1382
2024-01-16T11:56:00,STEAM_FEED_01,269.6905
2024-01-16T11:56:00,STEAM_DELTA_01,33.0565
2024-01-16T11:56:00,STEAM_TEMP_01,289.3648
2024-01-16T11:57:00,CORE_FLUX_01,2000851238611.529
2024-01-16T11:57:00,CORE_FUEL_01,887.7598
2024-01-16T11:57:00,CORE_ROD_01,50.7133
2024-01-16T11:57:00,STEAM_PRES_01,72.7022
2024-01-16T11:57:00,STEAM_FEED_01,271.3174
2024-01-16T11:57:00,STEAM_TEMP_01,288.9615
2024-01-16T11:58:00,CORE_FLUX_01,1966167373094.2378
2024-01-16T11:58:00,CORE_FUEL_01,899.0976
2024-01-16T11:58:00,CORE_ROD_01,51.2273
2024-01-16T11:58:00,CORE_EXIT_01,340.773
2024-01-16T11:58:00,STEAM_PRES_01,72.8576
2024-01-16T11:58:00,STEAM_FEED_01,271.1267
2024-01-16T11:58:00,STEAM_DELTA_01,33.0308
2024-01-16T11:58:00,STEAM_TEMP_01,289.1874
2024-01-16T11:59:00,CORE_FLUX_01,1957477288146.1501
2024-01-16T11:59:00,CORE_FUEL_01,894.7424
2024-01-16T11:59:00,CORE_ROD_01,51.4473
2024-01-16T11:59:00,STEAM_PRES_01,73.059
2024-01-16T11:59:00,STEAM_FEED_01,267.5218
2024-01-16T11:59:00,STEAM_TEMP_01,288.5615
2024-01-16T12:00:00,CORE_FLUX_01,1985068071128.6228
2024-01-16T12:00:00,CORE_FUEL_01,878.5339
2024-01-16T12:00:00,CORE_ROD_01,50.244
2024-01-16T12:00:00,CORE_EXIT_01,341.2204
2024-01-16T12:00:00,STEAM_PRES_01,73.0126
2024-01-16T12:00:00,STEAM_FEED_01,271.3423
2024-01-16T12:00:00,STEAM_DELTA_01,33.3186
2024-01-16T12:00:00,STEAM_TEMP_01,289.278
2024-01-16T12:01:00,CORE_FLUX_01,1986411530542.247
2024-01-16T12:01:00,CORE_FUEL_01,902.2501
2024-01-16T12:01:00,CORE_ROD_01,51.0831
2024-01-16T12:01:00,STEAM_PRES_01,73.2079
2024-01-16T12:01:00,STEAM_FEED_01,269.4077
2024-01-16T12:01:00,STEAM_TEMP_01,289.5361
2024-01-16T12:02:00,CORE_FLUX_01,1959196689861.7036
2024-01-16T12:02:00,CORE_FUEL_01,914.3656
2024-01-16T12:02:00,CORE_ROD_01,50.3094
2024-01-16T12:02:00,CORE_EXIT_01,340.1421
2024-01-16T12:02:00,STEAM_PRES_01,73.0208
2024-01-16T12:02:00,STEAM_FEED_01,269.1622
2024-01-16T12:02:00,STEAM_DELTA_01,33.2322
2024-01-16T12:02:00,STEAM_TEMP_01,289.3225
2024-01-16T12:03:00,CORE_FLUX_01,1997008001496.4363
2024-01-16T12:03:00,CORE_FUEL_01,909.3241
2024-01-16T12:03:00,CORE_ROD_01,50.7379
2024-01-16T12:03:00,STEAM_PRES_01,73.0403
2024-01-16T12:03:00,STEAM_FEED_01,269.2197
2024-01-16T12:03:00,STEAM_TEMP_01,289.2544
2024-01-16T12:04:00,CORE_FLUX_01,1977821896570.1995
2024-01-16T12:04:00,CORE_FUEL_01,899.9866
2024-01-16T12:04:00,CORE_ROD_01,50.9218
2024-01-16T12:04:00,CORE_EXIT_01,339.3243
2024-01-16T12:04:00,STEAM_PRES_01,72.7538
2024-01-16T12:04:00,STEAM_FEED_01,266.854
2024-01-16T12:04:00,STEAM_DELTA_01,32.8284
2024-01-16T12:04:00,STEAM_TEMP_01,288.099
2024-01-16T12:05:00,CORE_FLUX_01,1980104754528.7346
2024-01-16T12:05:00,CORE_FUEL_01,902.5009
2024-01-16T12:05:00,CORE_ROD_01,49.9358
2024-01-16T12:05:00,STEAM_PRES_01,73.1954
2024-01-16T12:05:00,STEAM_FEED_01,268.9701
2024-01-16T12:05:00,STEAM_TEMP_01,289.8948
2024-01-16T12:06:00,CORE_FLUX_01,1962791286393.1487
2024-01-16T12:06:00,CORE_FUEL_01,895.8201
2024-01-16T12:06:00,CORE_ROD_01,50.7919
2024-01-16T12:06:00,CORE_EXIT_01,338.903
2024-01-16T12:06:00,STEAM_PRES_01,73.0113
2024-01-16T12:06:00,STEAM_FEED_01,270.0496
2024-01-16T12:06:00,STEAM_DELTA_01,33.138
2024-01-16T12:06:00,STEAM_TEMP_01,290.1154
2024-01-16T12:07:00,CORE_FLUX_01,2010228726260.668
2024-01-16T12:07:00,CORE_FUEL_01,893.9788
2024-01-16T12:07:00,CORE_ROD_01,51.3779
2024-01-16T12:07:00,STEAM_PRES_01,72.9693
2024-01-16T12:07:00,STEAM_FEED_01,268.6751
2024-01-16T12:07:00,STEAM_TEMP_01,289.441
2024-01-16T12:08:00,CORE_FLUX_01,1931428101858.85
2024-01-16T12:08:00,CORE_FUEL_01,912.958
2024-01-16T12:08:00,CORE_ROD_01,51.3316
2024-01-16T12:08:00,CORE_EXIT_01,338.3533
2024-01-16T12:08:00,STEAM_PRES_01,73.192
2024-01-16T12:08:00,STEAM_FEED_01,270.7066
2024-01-16T12:08:00,STEAM_DELTA_01,33.1567
2024-01-16T12:08:00,STEAM_TEMP_01,291.0468
2024-01-16T12:09:00,CORE_FLUX_01,2003018674772.26
2024-01-16T12:09:00,CORE_FUEL_01,894.1287
2024-01-16T12:09:00,CORE_ROD_01,51.7017
2024-01-16T12:09:00,STEAM_PRES_01,72.8804
2024-01-16T12:09:00,STEAM_FEED_01,271.202
2024-01-16T12:09:00,STEAM_TEMP_01,288.5842
2024-01-16T12:10:00,CORE_FLUX_01,1996801794700.0127
2024-01-16T12:10:00,CORE_FUEL_01,900.2687
2024-01-16T12:10:00,CORE_ROD_01,49.6193
2024-01-16T12:10:00,CORE_EXIT_01,337.7481
2024-01-16T12:10:00,STEAM_PRES_01,72.7695
2024-01-16T12:10:00,STEAM_FEED_01,270.9382
2024-01-16T12:10:00,STEAM_DELTA_01,33.3585
2024-01-16T12:10:00,STEAM_TEMP_01,288.6319
2024-01-16T12:11:00,CORE_FLUX_01,1989563025780.7883
2024-01-16T12:11:00,CORE_FUEL_01,895.3538
2024-01-16T12:11:00,CORE_ROD_01,51.8185
2024-01-16T12:11:00,STEAM_PRES_01,73.0389
2024-01-16T12:11:00,STEAM_FEED_01,272.0203
2024-01-16T12:11:00,STEAM_TEMP_01,290.0712
2024-01-16T12:12:00,CORE_FLUX_01,1979063349205.515
2024-01-16T12:12:00,CORE_FUEL_01,891.239
2024-01-16T12:12:00,CORE_ROD_01,49.4879
2024-01-16T12:12:00,CORE_EXIT_01,339.3448
2024-01-16T12:12:00,STEAM_PRES_01,72.8585
2024-01-16T12:12:00,STEAM_FEED_01,271.3451
2024-01-16T12:12:00,STEAM_DELTA_01,33.0046
2024-01-16T12:12:00,STEAM_TEMP_01,288.5776
2024-01-16T12:13:00,CORE_FLUX_01,1988979042944.46
2024-01-16T12:13:00,CORE_FUEL_01,912.4724
2024-01-16T12:13:00,CORE_ROD_01,51.0525
2024-01-16T12:13:00,STEAM_PRES_01,73.1957
2024-01-16T12:13:00,STEAM_FEED_01,269.9486
2024-01-16T12:13:00,STEAM_TEMP_01,289.6341
2024-01-16T12:14:00,CORE_FLUX_01,1945276823802.5947
2024-01-16T12:14:00,CORE_FUEL_01,894.2651
2024-01-16T12:14:00,CORE_ROD_01,50.6147
2024-01-16T12:14:00,CORE_EXIT_01,339.3531
2024-01-16T12:14:00,STEAM_PRES_01,72.8465
2024-01-16T12:14:00,STEAM_FEED_01,266.9131
2024-01-16T12:14:00,STEAM_DELTA_01,33.1455
2024-01-16T12:14:00,STEAM_TEMP_01,289.8458
2024-01-16T12:15:00,CORE_FLUX_01,1981227513671.7065
2024-01-16T12:15:00,CORE_FUEL_01,896.1043
2024-01-16T12:15:00,CORE_ROD_01,50.0812
2024-01-16T12:15:00,STEAM_PRES_01,73.0463
2024-01-16T12:15:00,STEAM_FEED_01,271.976
2024-01-16T12:15:00,STEAM_TEMP_01,290.167
2024-01-16T12:16:00,CORE_FLUX_01,2003506831087.8655
2024-01-16T12:16:00,CORE_FUEL_01,901.3015
2024-01-16T12:16:00,CORE_ROD_01,49.7435
2024-01-16T12:16:00,CORE_EXIT_01,339.3532
2024-01-16T12:16:00,STEAM_PRES_01,72.9276
2024-01-16T12:16:00,STEAM_FEED_01,271.0423
2024-01-16T12:16:00,STEAM_DELTA_01,33.2177
2024-01-16T12:16:00,STEAM_TEMP_01,289.0656
2024-01-16T12:17:00,CORE_FLUX_01,2006002554713.1401
2024-01-16T12:17:00,CORE_FUEL_01,897.3057
2024-01-16T12:17:00,CORE_ROD_01,51.7734
2024-01-16T12:17:00,STEAM_PRES_01,72.8224
2024-01-16T12:17:00,STEAM_FEED_01,267.0635
2024-01-16T12:17:00,STEAM_TEMP_01,289.8287
2024-01-16T12:18:00,CORE_FLUX_01,2011722870291.3208
2024-01-16T12:18:00,CORE_FUEL_01,890.825
2024-01-16T12:18:00,CORE_ROD_01,49.7885
2024-01-16T12:18:00,CORE_EXIT_01,339.3713
2024-01-16T12:18:00,STEAM_PRES_01,73.3152
2024-01-16T12:18:00,STEAM_FEED_01,272.0616
2024-01-16T12:18:00,STEAM_DELTA_01,33.3842
2024-01-16T12:18:00,STEAM_TEMP_01,290.5369
2024-01-16T12:19:00,CORE_FLUX_01,2035918427193.8196
2024-01-16T12:19:00,CORE_FUEL_01,916.9916
2024-01-16T12:19:00,CORE_ROD_01,51.0025
2024-01-16T12:19:00,STEAM_PRES_01,73.1672
2024-01-16T12:19:00,STEAM_FEED_01,272.764
2024-01-16T12:19:00,STEAM_TEMP_01,289.3674
2024-01-16T12:20:00,CORE_FLUX_01,1982541395318.5889
2024-01-16T12:20:00,CORE_FUEL_01,910.0224
2024-01-16T12:20:00,CORE_ROD_01,49.9748
2024-01-16T12:20:00,CORE_EXIT_01,340.5631
2024-01-16T12:20:00,STEAM_PRES_01,72.8713
2024-01-16T12:20:00,STEAM_FEED_01,270.3212
2024-01-16T12:20:00,STEAM_DELTA_01,33.3698
2024-01-16T12:20:00,STEAM_TEMP_01,289.0651
2024-01-16T12:21:00,CORE_FLUX_01,1973968515391.8838
2024-01-16T12:21:00,CORE_FUEL_01,879.3777
2024-01-16T12:21:00,CORE_ROD_01,51.1691
2024-01-16T12:21:00,STEAM_PRES_01,72.966
2024-01-16T12:21:00,STEAM_FEED_01,267.4501
2024-01-16T12:21:00,STEAM_TEMP_01,289.6295
2024-01-16T12:22:00,CORE_FLUX_01,2030903421592.6504
2024-01-16T12:22:00,CORE_FUEL_01,897.8968
2024-01-16T12:22:00,CORE_ROD_01,50.6678
2024-01-16T12:22:00,CORE_EXIT_01,340.1814
2024-01-16T12:22:00,STEAM_PRES_01,73.5739
2024-01-16T12:22:00,STEAM_FEED_01,273.7705
2024-01-16T12:22:00,STEAM_DELTA_01,33.5966
2024-01-16T12:22:00,STEAM_TEMP_01,290.9343
2024-01-16T12:23:00,CORE_FLUX_01,2025999142724.1611
2024-01-16T12:23:00,CORE_FUEL_01,919.8328
2024-01-16T12:23:00,CORE_ROD_01,50.0761
2024-01-16T12:23:00,STEAM_PRES_01,72.8354
2024-01-16T12:23:00,STEAM_FEED_01,271.4576
2024-01-16T12:23:00,STEAM_TEMP_01,289.317
2024-01-16T12:24:00,CORE_FLUX_01,2045080961623.467
2024-01-16T12:24:00,CORE_FUEL_01,885.5107
2024-01-16T12:24:00,CORE_ROD_01,50.1023
2024-01-16T12:24:00,CORE_EXIT_01,341.9034
2024-01-16T12:24:00,STEAM_PRES_01,73.151
2024-01-16T12:24:00,STEAM_FEED_01,270.5002
2024-01-16T12:24:00,STEAM_DELTA_01,33.3245
2024-01-16T12:24:00,STEAM_TEMP_01,289.0814
2024-01-16T12:25:00,CORE_FLUX_01,2033233200689.4465
2024-01-16T12:25:00,CORE_FUEL_01,902.6949
2024-01-16T12:25:00,CORE_ROD_01,50.523
2024-01-16T12:25:00,STEAM_PRES_01,73.0461
2024-01-16T12:25:00,STEAM_FEED_01,269.0183
2024-01-16T12:25:00,STEAM_TEMP_01,289.2823
2024-01-16T12:26:00,CORE_FLUX_01,2023154880689.6196
2024-01-16T12:26:00,CORE_FUEL_01,916.2711
2024-01-16T12:26:00,CORE_ROD_01,50.5631
2024-01-16T12:26:00,CORE_EXIT_01,340.7924
2024-01-16T12:26:00,STEAM_PRES_01,73.2271
2024-01-16T12:26:00,STEAM_FEED_01,270.545
2024-01-16T12:26:00,STEAM_DELTA_01,33.3538
2024-01-16T12:26:00,STEAM_TEMP_01,290.0171
2024-01-16T12:27:00,CORE_FLUX_01,2025203783541.3835
2024-01-16T12:27:00,CORE_FUEL_01,909.0062
2024-01-16T12:27:00,CORE_ROD_01,48.9217
2024-01-16T12:27:00,STEAM_PRES_01,72.4834
2024-01-16T12:27:00,STEAM_FEED_01,271.6393
2024-01-16T12:27:00,STEAM_TEMP_01,289.0619
2024-01-16T12:28:00,CORE_FLUX_01,1976619438073.9937
2024-01-16T12:28:00,CORE_FUEL_01,893.7183
2024-01-16T12:28:00,CORE_ROD_01,49.8874
2024-01-16T12:28:00,CORE_EXIT_01,341.9715
2024-01-16T12:28:00,STEAM_PRES_01,73.2218
2024-01-16T12:28:00,STEAM_FEED_01,268.6544
2024-01-16T12:28:00,STEAM_DELTA_01,33.0932
2024-01-16T12:28:00,STEAM_TEMP_01,290.4493
2024-01-16T12:29:00,CORE_FLUX_01,2022285141139.011
2024-01-16T12:29:00,CORE_FUEL_01,902.3992
2024-01-16T12:29:00,CORE_ROD_01,50.2179
2024-01-16T12:29:00,STEAM_PRES_01,73.1613
2024-01-16T12:29:00,STEAM_FEED_01,269.7216
2024-01-16T12:29:00,STEAM_TEMP_01,289.2167
2024-01-16T12:30:00,CORE_FLUX_01,2013967654814.8103
2024-01-16T12:30:00,CORE_FUEL_01,893.7008
2024-01-16T12:30:00,CORE_ROD_01,51.3248
2024-01-16T12:30:00,CORE_EXIT_01,339.7393
2024-01-16T12:30:00,STEAM_PRES_01,73.1963
2024-01-16T12:30:00,STEAM_FEED_01,269.6704
2024-01-16T12:30:00,STEAM_DELTA_01,33.3266
2024-01-16T12:30:00,STEAM_TEMP_01,289.6969
2024-01-16T12:31:00,CORE_FLUX_01,1959498657412.283
2024-01-16T12:31:00,CORE_FUEL_01,913.9271
2024-01-16T12:31:00,CORE_ROD_01,49.2612
2024-01-16T12:31:00,STEAM_PRES_01,73.0706
2024-01-16T12:31:00,STEAM_FEED_01,270.0079
2024-01-16T12:31:00,STEAM_TEMP_01,289.8693
2024-01-16T12:32:00,CORE_FLUX_01,2045688575145.1514
2024-01-16T12:32:00,CORE_FUEL_01,898.9049
2024-01-16T12:32:00,CORE_ROD_01,51.2505
2024-01-16T12:32:00,CORE_EXIT_01,339.837
2024-01-16T12:32:00,STEAM_PRES_01,73.104
2024-01-16T12:32:00,STEAM_FEED_01,268.8207
2024-01-16T12:32:00,STEAM_DELTA_01,33.2209
2024-01-16T12:32:00,STEAM_TEMP_01,290.4035
2024-01-16T12:33:00,CORE_FLUX_01,1949408350078.6182
2024-01-16T12:33:00,CORE_FUEL_01,913.385
2024-01-16T12:33:00,CORE_ROD_01,50.0336
2024-01-16T12:33:00,STEAM_PRES_01,73.0328
2024-01-16T12:33:00,STEAM_FEED_01,268.7001
2024-01-16T12:33:00,STEAM_TEMP_01,290.4194
2024-01-16T12:34:00,CORE_FLUX_01,1998419386226.3865
2024-01-16T12:34:00,CORE_FUEL_01,903.8036
2024-01-16T12:34:00,CORE_ROD_01,50.8526
2024-01-16T12:34:00,CORE_EXIT_01,343.898
2024-01-16T12:34:00,STEAM_PRES_01,73.4295
2024-01-16T12:34:00,STEAM_FEED_01,271.0179
2024-01-16T12:34:00,STEAM_DELTA_01,32.9838
2024-01-16T12:34:00,STEAM_TEMP_01,289.5022
2024-01-16T12:35:00,CORE_FLUX_01,2035055507368.9153
2024-01-16T12:35:00,CORE_FUEL_01,883.1886
2024-01-16T12:35:00,CORE_ROD_01,49.8221
2024-01-16T12:35:00,STEAM_PRES_01,72.6021
2024-01-16T12:35:00,STEAM_FEED_01,268.513
2024-01-16T12:35:00,STEAM_TEMP_01,289.4128
2024-01-16T12:36:00,CORE_FLUX_01,2023387292000.7756
2024-01-16T12:36:00,CORE_FUEL_01,902.6878
2024-01-16T12:36:00,CORE_ROD_01,49.7547
2024-01-16T12:36:00,CORE_EXIT_01,341.0121
2024-01-16T12:36:00,STEAM_PRES_01,72.8898
2024-01-16T12:36:00,STEAM_FEED_01,270.9456
2024-01-16T12:36:00,STEAM_DELTA_01,33.1088
2024-01-16T12:36:00,STEAM_TEMP_01,289.2641
2024-01-16T12:37:00,CORE_FLUX_01,2027261018829.7083
2024-01-16T12:37:00,CORE_FUEL_01,897.7019
2024-01-16T12:37:00,CORE_ROD_01,49.5287
2024-01-16T12:37:00,STEAM_PRES_01,72.8677
2024-01-16T12:37:00,STEAM_FEED_01,270.9793
2024-01-16T12:37:00,STEAM_TEMP_01,288.9092
2024-01-16T12:38:00,CORE_FLUX_01,1980556878481.4338
2024-01-16T12:38:00,CORE_FUEL_01,913.0823
2024-01-16T12:38:00,CORE_ROD_01,50.7732
2024-01-16T12:38:00,CORE_EXIT_01,341.0835
2024-01-16T12:38:00,STEAM_PRES_01,73.2582
2024-01-16T12:38:00,STEAM_FEED_01,270.3686
2024-01-16T12:38:00,STEAM_DELTA_01,33.2452
2024-01-16T12:38:00,STEAM_TEMP_01,289.0784
2024-01-16T12:39:00,CORE_FLUX_01,2036713921222.2185
2024-01-16T12:39:00,CORE_FUEL_01,910.6298
2024-01-16T12:39:00,CORE_ROD_01,50.6449
2024-01-16T12:39:00,STEAM_PRES_01,72.7113
2024-01-16T12:39:00,STEAM_FEED_01,265.952
2024-01-16T12:39:00,STEAM_TEMP_01,288.5591
2024-01-16T12:40:00,CORE_FLUX_01,1994506317301.5244
2024-01-16T12:40:00,CORE_FUEL_01,918.3329
2024-01-16T12:40:00,CORE_ROD_01,50.4441
2024-01-16T12:40:00,CORE_EXIT_01,342.0911
2024-01-16T12:40:00,STEAM_PRES_01,72.9754
2024-01-16T12:40:00,STEAM_FEED_01,271.6638
2024-01-16T12:40:00,STEAM_DELTA_01,33.3782
2024-01-16T12:40:00,STEAM_TEMP_01,289.1324
2024-01-16T12:41:00,CORE_FLUX_01,1994619602620.112
2024-01-16T12:41:00,CORE_FUEL_01,896.787
2024-01-16T12:41:00,CORE_ROD_01,49.2401
2024-01-16T12:41:00,STEAM_PRES_01,73.251
2024-01-16T12:41:00,STEAM_FEED_01,269.8699
2024-01-16T12:41:00,STEAM_TEMP_01,288.1843
2024-01-16T12:42:00,CORE_FLUX_01,1974280191546.5735
2024-01-16T12:42:00,CORE_FUEL_01,914.2581
2024-01-16T12:42:00,CORE_ROD_01,49.6498
2024-01-16T12:42:00,CORE_EXIT_01,341.4498
2024-01-16T12:42:00,STEAM_PRES_01,73.2409
2024-01-16T12:42:00,STEAM_FEED_01,271.4673
2024-01-16T12:42:00,STEAM_DELTA_01,33.2046
2024-01-16T12:42:00,STEAM_TEMP_01,289.8807
2024-01-16T12:43:00,CORE_FLUX_01,2026772152189.87
2024-01-16T12:43:00,CORE_FUEL_01,899.4354
2024-01-16T12:43:00,CORE_ROD_01,48.1081
2024-01-16T12:43:00,STEAM_PRES_01,72.6699
2024-01-16T12:43:00,STEAM_FEED_01,266.3638
2024-01-16T12:43:00,STEAM_TEMP_01,288.8272
2024-01-16T12:44:00,CORE_FLUX_01,2076593852017.7388
2024-01-16T12:44:00,CORE_FUEL_01,912.9832
2024-01-16T12:44:00,CORE_ROD_01,49.5971
2024-01-16T12:44:00,CORE_EXIT_01,340.2675
2024-01-16T12:44:00,STEAM_PRES_01,72.5282
2024-01-16T12:44:00,STEAM_FEED_01,266.9682
2024-01-16T12:44:00,STEAM_DELTA_01,33.0716
2024-01-16T12:44:00,STEAM_TEMP_01,288.2646
2024-01-16T12:45:00,CORE_FLUX_01,2090970698034.2354
2024-01-16T12:45:00,CORE_FUEL_01,923.6753
2024-01-16T12:45:00,CORE_ROD_01,51.905
2024-01-16T12:45:00,STEAM_PRES_01,73.0871
2024-01-16T12:45:00,STEAM_FEED_01,272.2809
2024-01-16T12:45:00,STEAM_TEMP_01,290.2214
2024-01-16T12:46:00,CORE_FLUX_01,1982717464116.377
2024-01-16T12:46:00,CORE_FUEL_01,894.2144
2024-01-16T12:46:00,CORE_ROD_01,49.1816
2024-01-16T12:46:00,CORE_EXIT_01,341.0351
2024-01-16T12:46:00,STEAM_PRES_01,73.0247
2024-01-16T12:46:00,STEAM_FEED_01,270.8849
2024-01-16T12:46:00,STEAM_DELTA_01,32.8384
2024-01-16T12:46:00,STEAM_TEMP_01,288.8404
2024-01-16T12:47:00,CORE_FLUX_01,1999065010789.0095
2024-01-16T12:47:00,CORE_FUEL_01,909.7378
2024-01-16T12:47:00,CORE_ROD_01,50.6026
2024-01-16T12:47:00,STEAM_PRES_01,72.7712
2024-01-16T12:47:00,STEAM_FEED_01,269.8654
2024-01-16T12:47:00,STEAM_TEMP_01,289.3515
2024-01-16T12:48:00,CORE_FLUX_01,1963326199842.6985
2024-01-16T12:48:00,CORE_FUEL_01,906.6568
2024-01-16T12:48:00,CORE_ROD_01,50.2434
2024-01-16T12:48:00,CORE_EXIT_01,341.0294
2024-01-16T12:48:00,STEAM_PRES_01,73.229
2024-01-16T12:48:00,STEAM_FEED_01,272.4867
2024-01-16T12:48:00,STEAM_DELTA_01,33.305
2024-01-16T12:48:00,STEAM_TEMP_01,291.2273
2024-01-16T12:49:00,CORE_FLUX_01,2029649606444.041
2024-01-16T12:49:00,CORE_FUEL_01,896.9051
2024-01-16T12:49:00,CORE_ROD_01,49.4883
2024-01-16T12:49:00,STEAM_PRES_01,72.903
2024-01-16T12:49:00,STEAM_FEED_01,269.473
2024-01-16T12:49:00,STEAM_TEMP_01,288.8581
2024-01-16T12:50:00,CORE_FLUX_01,2030154729432.6042
2024-01-16T12:50:00,CORE_FUEL_01,912.3275
2024-01-16T12:50:00,CORE_ROD_01,48.7878
2024-01-16T12:50:00,CORE_EXIT_01,342.2956
2024-01-16T12:50:00,STEAM_PRES_01,72.6884
2024-01-16T12:50:00,STEAM_FEED_01,268.1723
2024-01-16T12:50:00,STEAM_DELTA_01,33.0866
2024-01-16T12:50:00,STEAM_TEMP_01,289.1011
2024-01-16T12:51:00,CORE_FLUX_01,2000346861706.6604
2024-01-16T12:51:00,CORE_FUEL_01,908.3803
2024-01-16T12:51:00,CORE_ROD_01,49.3604
2024-01-16T12:51:00,STEAM_PRES_01,73.1501
2024-01-16T12:51:00,STEAM_FEED_01,271.7328
2024-01-16T12:51:00,STEAM_TEMP_01,289.8104
2024-01-16T12:52:00,CORE_FLUX_01,2063419762332.444
2024-01-16T12:52:00,CORE_FUEL_01,916.1591
2024-01-16T12:52:00,CORE_ROD_01,48.1168
2024-01-16T12:52:00,CORE_EXIT_01,341.7822
2024-01-16T12:52:00,STEAM_PRES_01,72.5406
2024-01-16T12:52:00,STEAM_FEED_01,267.5378
2024-01-16T12:52:00,STEAM_DELTA_01,32.6526
2024-01-16T12:52:00,STEAM_TEMP_01,288.2138
2024-01-16T12:53:00,CORE_FLUX_01,2032423083418.9114
2024-01-16T12:53:00,CORE_FUEL_01,914.7516
2024-01-16T12:53:00,CORE_ROD_01,49.5031
2024-01-16T12:53:00,STEAM_PRES_01,73.1181
2024-01-16T12:53:00,STEAM_FEED_01,269.8238
2024-01-16T12:53:00,STEAM_TEMP_01,288.9286
2024-01-16T12:54:00,CORE_FLUX_01,2043766677877.386
2024-01-16T12:54:00,CORE_FUEL_01,912.6653
2024-01-16T12:54:00,CORE_ROD_01,48.0102
2024-01-16T12:54:00,CORE_EXIT_01,341.9331
2024-01-16T12:54:00,STEAM_PRES_01,73.1468
2024-01-16T12:54:00,STEAM_FEED_01,270.0711
2024-01-16T12:54:00,STEAM_DELTA_01,33.1919
2024-01-16T12:54:00,STEAM_TEMP_01,290.9918
2024-01-16T12:55:00,CORE_FLUX_01,1986160468682.0269
2024-01-16T12:55:00,CORE_FUEL_01,926.8856
2024-01-16T12:55:00,CORE_ROD_01,48.9929
2024-01-16T12:55:00,STEAM_PRES_01,73.1322
2024-01-16T12:55:00,STEAM_FEED_01,271.6795
2024-01-16T12:55:00,STEAM_TEMP_01,289.7728
2024-01-16T12:56:00,CORE_FLUX_01,2068131658274.0967
2024-01-16T12:56:00,CORE_FUEL_01,914.598
2024-01-16T12:56:00,CORE_ROD_01,49.2103
2024-01-16T12:56:00,CORE_EXIT_01,343.117
2024-01-16T12:56:00,STEAM_PRES_01,73.457
2024-01-16T12:56:00,STEAM_FEED_01,272.0103
2024-01-16T12:56:00,STEAM_DELTA_01,33.5933
2024-01-16T12:56:00,STEAM_TEMP_01,290.1083
2024-01-16T12:57:00,CORE_FLUX_01,2031296355703.7107
2024-01-16T12:57:00,CORE_FUEL_01,907.9611
2024-01-16T12:57:00,CORE_ROD_01,50.0753
2024-01-16T12:57:00,STEAM_PRES_01,72.812
2024-01-16T12:57:00,STEAM_FEED_01,270.118
2024-01-16T12:57:00,STEAM_TEMP_01,289.6464
2024-01-16T12:58:00,CORE_FLUX_01,2035958443866.7224
2024-01-16T12:58:00,CORE_FUEL_01,913.069
2024-01-16T12:58:00,CORE_ROD_01,48.6422
2024-01-16T12:58:00,CORE_EXIT_01,340.8707
2024-01-16T12:58:00,STEAM_PRES_01,73.3059
2024-01-16T12:58:00,STEAM_FEED_01,271.3838
2024-01-16T12:58:00,STEAM_DELTA_01,33.2121
2024-01-16T12:58:00,STEAM_TEMP_01,289.8699
2024-01-16T12:59:00,CORE_FLUX_01,1984323467020.0986
2024-01-16T12:59:00,CORE_FUEL_01,887.5827
2024-01-16T12:59:00,CORE_ROD_01,49.1985
2024-01-16T12:59:00,STEAM_PRES_01,73.0939
2024-01-16T12:59:00,STEAM_FEED_01,269.6395
2024-01-16T12:59:00,STEAM_TEMP_01,290.1506
2024-01-16T13:00:00,CORE_FLUX_01,2001874562973.7112
2024-01-16T13:00:00,CORE_FUEL_01,909.9799
2024-01-16T13:00:00,CORE_ROD_01,48.8622
2024-01-16T13:00:00,CORE_EXIT_01,342.2398
2024-01-16T13:00:00,STEAM_PRES_01,73.0366
2024-01-16T13:00:00,STEAM_FEED_01,272.0638
2024-01-16T13:00:00,STEAM_DELTA_01,33.3561
2024-01-16T13:00:00,STEAM_TEMP_01,289.5336
2024-01-16T13:01:00,CORE_FLUX_01,2013110792552.535
2024-01-16T13:01:00,CORE_FUEL_01,912.5418
2024-01-16T13:01:00,CORE_ROD_01,50.7157
2024-01-16T13:01:00,STEAM_PRES_01,72.5795
2024-01-16T13:01:00,STEAM_FEED_01,269.0535
2024-01-16T13:01:00,STEAM_TEMP_01,289.3695
2024-01-16T13:02:00,CORE_FLUX_01,2060851779604.607
2024-01-16T13:02:00,CORE_FUEL_01,909.2506
2024-01-16T13:02:00,CORE_ROD_01,50.3209
2024-01-16T13:02:00,CORE_EXIT_01,341.0349
2024-01-16T13:02:00,STEAM_PRES_01,73.2231
2024-01-16T13:02:00,STEAM_FEED_01,270.2141
2024-01-16T13:02:00,STEAM_DELTA_01,33.525
2024-01-16T13:02:00,STEAM_TEMP_01,289.8622
2024-01-16T13:03:00,CORE_FLUX_01,2050660309534.087
2024-01-16T13:03:00,CORE_FUEL_01,916.5813
2024-01-16T13:03:00,CORE_ROD_01,50.3917
2024-01-16T13:03:00,STEAM_PRES_01,73.199
2024-01-16T13:03:00,STEAM_FEED_01,271.9389
2024-01-16T13:03:00,STEAM_TEMP_01,289.6614
2024-01-16T13:04:00,CORE_FLUX_01,2020243344414.5354
2024-01-16T13:04:00,CORE_FUEL_01,906.925
2024-01-16T13:04:00,CORE_ROD_01,48.5494
2024-01-16T13:04:00,CORE_EXIT_01,341.2304
2024-01-16T13:04:00,STEAM_PRES_01,73.0618
2024-01-16T13:04:00,STEAM_FEED_01,273.4206
2024-01-16T13:04:00,STEAM_DELTA_01,33.5088
2024-01-16T13:04:00,STEAM_TEMP_01,291.0659
2024-01-16T13:05:00,CORE_FLUX_01,1992090304662.5232
2024-01-16T13:05:00,CORE_FUEL_01,915.2632
2024-01-16T13:05:00,CORE_ROD_01,48.8457
2024-01-16T13:05:00,STEAM_PRES_01,73.252
2024-01-16T13:05:00,STEAM_FEED_01,270.5106
2024-01-16T13:05:00,STEAM_TEMP_01,290.7985
2024-01-16T13:06:00,CORE_FLUX_01,2002762056400.957
2024-01-16T13:06:00,CORE_FUEL_01,898.972
2024-01-16T13:06:00,CORE_ROD_01,50.3685
2024-01-16T13:06:00,CORE_EXIT_01,338.7648
2024-01-16T13:06:00,STEAM_PRES_01,73.0291
2024-01-16T13:06:00,STEAM_FEED_01,267.3153
2024-01-16T13:06:00,STEAM_DELTA_01,33.1095
2024-01-16T13:06:00,STEAM_TEMP_01,288.2303
2024-01-16T13:07:00,CORE_FLUX_01,2086854702969.6182
2024-01-16T13:07:00,CORE_FUEL_01,903.17
2024-01-16T13:07:00,CORE_ROD_01,49.3675
2024-01-16T13:07:00,STEAM_PRES_01,73.0534
2024-01-16T13:07:00,STEAM_FEED_01,267.7583
2024-01-16T13:07:00,STEAM_TEMP_01,290.1017
2024-01-16T13:08:00,CORE_FLUX_01,2047337956856.7178
2024-01-16T13:08:00,CORE_FUEL_01,906.9293
2024-01-16T13:08:00,CORE_ROD_01,50.7655
2024-01-16T13:08:00,CORE_EXIT_01,339.7945
2024-01-16T13:08:00,STEAM_PRES_01,72.9347
2024-01-16T13:08:00,STEAM_FEED_01,268.6543
2024-01-16T13:08:00,STEAM_DELTA_01,33.091
2024-01-16T13:08:00,STEAM_TEMP_01,289.2241
2024-01-16T13:09:00,CORE_FLUX_01,2018133717250.1182
2024-01-16T13:09:00,CORE_FUEL_01,910.6939
2024-01-16T13:09:00,CORE_ROD_01,48.074
2024-01-16T13:09:00,STEAM_PRES_01,72.8167
2024-01-16T13:09:00,STEAM_FEED_01,268.1786
2024-01-16T13:09:00,STEAM_TEMP_01,288.8991
2024-01-16T13:10:00,CORE_FLUX_01,2084089031927.8174
2024-01-16T13:10:00,CORE_FUEL_01,909.6433
2024-01-16T13:10:00,CORE_ROD_01,48.8709
2024-01-16T13:10:00,CORE_EXIT_01,342.2706
2024-01-16T13:10:00,STEAM_PRES_01,73.2875
2024-01-16T13:10:00,STEAM_FEED_01,271.1956
2024-01-16T13:10:00,STEAM_DELTA_01,33.2555
2024-01-16T13:10:00,STEAM_TEMP_01,289.4848
2024-01-16T13:11:00,CORE_FLUX_01,2049671521843.3347
2024-01-16T13:11:00,CORE_FUEL_01,909.8366
2024-01-16T13:11:00,CORE_ROD_01,48.8613
2024-01-16T13:11:00,STEAM_PRES_01,73.0198
2024-01-16T13:11:00,STEAM_FEED_01,269.9155
2024-01-16T13:11:00,STEAM_TEMP_01,288.9671
2024-01-16T13:12:00,CORE_FLUX_01,1995157036089.7588
2024-01-16T13:12:00,CORE_FUEL_01,916.6387
2024-01-16T13:12:00,CORE_ROD_01,49.6718
2024-01-16T13:12:00,CORE_EXIT_01,343.2423
2024-01-16T13:12:00,STEAM_PRES_01,72.9656
2024-01-16T13:12:00,STEAM_FEED_01,270.3612
2024-01-16T13:12:00,STEAM_DELTA_01,33.3724
2024-01-16T13:12:00,STEAM_TEMP_01,289.6933
2024-01-16T13:13:00,CORE_FLUX_01,2047872760698.4592
2024-01-16T13:13:00,CORE_FUEL_01,907.6291
2024-01-16T13:13:00,CORE_ROD_01,49.3792
2024-01-16T13:13:00,STEAM_PRES_01,72.6812
2024-01-16T13:13:00,STEAM_FEED_01,271.8618
2024-01-16T13:13:00,STEAM_TEMP_01,289.7328
2024-01-16T13:14:00,CORE_FLUX_01,2044348025982.1501
2024-01-16T13:14:00,CORE_FUEL_01,920.9049
2024-01-16T13:14:00,CORE_ROD_01,48.348
2024-01-16T13:14:00,CORE_EXIT_01,341.7541
2024-01-16T13:14:00,STEAM_PRES_01,73.1874
2024-01-16T13:14:00,STEAM_FEED_01,272.7898
2024-01-16T13:14:00,STEAM_DELTA_01,33.1883
2024-01-16T13:14:00,STEAM_TEMP_01,289.5899
2024-01-16T13:15:00,CORE_FLUX_01,2019022361154.863
2024-01-16T13:15:00,CORE_FUEL_01,902.7691
2024-01-16T13:15:00,CORE_ROD_01,49.5412
2024-01-16T13:15:00,STEAM_PRES_01,72.923
2024-01-16T13:15:00,STEAM_FEED_01,270.5674
2024-01-16T13:15:00,STEAM_TEMP_01,288.7648
2024-01-16T13:16:00,CORE_FLUX_01,2064833041736.888
2024-01-16T13:16:00,CORE_FUEL_01,912.0483
2024-01-16T13:16:00,CORE_ROD_01,48.46
2024-01-16T13:16:00,CORE_EXIT_01,342.5876
2024-01-16T13:16:00,STEAM_PRES_01,73.0995
2024-01-16T13:16:00,STEAM_FEED_01,270.2703
2024-01-16T13:16:00,STEAM_DELTA_01,33.0184
2024-01-16T13:16:00,STEAM_TEMP_01,289.0765
2024-01-16T13:17:00,CORE_FLUX_01,2055897180384.1338
2024-01-16T13:17:00,CORE_FUEL_01,896.7617
2024-01-16T13:17:00,CORE_ROD_01,48.0394
2024-01-16T13:17:00,STEAM_PRES_01,73.1207
2024-01-16T13:17:00,STEAM_FEED_01,269.4941
2024-01-16T13:17:00,STEAM_TEMP_01,289.5627
2024-01-16T13:18:00,CORE_FLUX_01,2013485861246.172
2024-01-16T13:18:00,CORE_FUEL_01,926.9128
2024-01-16T13:18:00,CORE_ROD_01,49.2485
2024-01-16T13:18:00,CORE_EXIT_01,343.1297
2024-01-16T13:18:00,STEAM_PRES_01,72.429
2024-01-16T13:18:00,STEAM_FEED_01,267.5096
2024-01-16T13:18:00,STEAM_DELTA_01,32.8787
2024-01-16T13:18:00,STEAM_TEMP_01,288.7238
2024-01-16T13:19:00,CORE_FLUX_01,2057527234737.963
2024-01-16T13:19:00,CORE_FUEL_01,914.9329
2024-01-16T13:19:00,CORE_ROD_01,49.036
2024-01-16T13:19:00,STEAM_PRES_01,73.0113
2024-01-16T13:19:00,STEAM_FEED_01,269.665
2024-01-16T13:19:00,STEAM_TEMP_01,288.903
2024-01-16T13:20:00,CORE_FLUX_01,2054081683203.5325
2024-01-16T13:20:00,CORE_FUEL_01,914.1957
2024-01-16T13:20:00,CORE_ROD_01,48.8991
2024-01-16T13:20:00,CORE_EXIT_01,340.2252
2024-01-16T13:20:00,STEAM_PRES_01,72.9075
2024-01-16T13:20:00,STEAM_FEED_01,269.705
2024-01-16T13:20:00,STEAM_DELTA_01,33.0295
2024-01-16T13:20:00,STEAM_TEMP_01,289.5131
2024-01-16T13:21:00,CORE_FLUX_01,2071939049711.957
2024-01-16T13:21:00,CORE_FUEL_01,905.3452
2024-01-16T13:21:00,CORE_ROD_01,48.8235
2024-01-16T13:21:00,STEAM_PRES_01,73.1182
2024-01-16T13:21:00,STEAM_FEED_01,272.7357
2024-01-16T13:21:00,STEAM_TEMP_01,289.4901
2024-01-16T13:22:00,CORE_FLUX_01,2057804447686.2083
2024-01-16T13:22:00,CORE_FUEL_01,916.3278
2024-01-16T13:22:00,CORE_ROD_01,48.7389
2024-01-16T13:22:00,CORE_EXIT_01,341.9648
2024-01-16T13:22:00,STEAM_PRES_01,72.9754
2024-01-16T13:22:00,STEAM_FEED_01,269.9951
2024-01-16T13:22:00,STEAM_DELTA_01,32.9145
2024-01-16T13:22:00,STEAM_TEMP_01,288.2453
2024-01-16T13:23:00,CORE_FLUX_01,2032331266715.5503
2024-01-16T13:23:00,CORE_FUEL_01,920.8575
2024-01-16T13:23:00,CORE_ROD_01,49.7233
2024-01-16T13:23:00,STEAM_PRES_01,72.623
2024-01-16T13:23:00,STEAM_FEED_01,269.492
2024-01-16T13:23:00,STEAM_TEMP_01,288.7306
2024-01-16T13:24:00,CORE_FLUX_01,2031005709833.9985
2024-01-16T13:24:00,CORE_FUEL_01,914.4774
2024-01-16T13:24:00,CORE_ROD_01,47.9237
2024-01-16T13:24:00,CORE_EXIT_01,343.5112
2024-01-16T13:24:00,STEAM_PRES_01,72.8357
2024-01-16T13:24:00,STEAM_FEED_01,267.6203
2024-01-16T13:24:00,STEAM_DELTA_01,32.9667
2024-01-16T13:24:00,STEAM_TEMP_01,290.3801
2024-01-16T13:25:00,CORE_FLUX_01,2053278631540.0498
2024-01-16T13:25:00,CORE_FUEL_01,913.6529
2024-01-16T13:25:00,CORE_ROD_01,49.3612
2024-01-16T13:25:00,STEAM_PRES_01,72.356
2024-01-16T13:25:00,STEAM_FEED_01,269.8549
2024-01-16T13:25:00,STEAM_TEMP_01,289.3113
2024-01-16T13:26:00,CORE_FLUX_01,2012979300071.8613
2024-01-16T13:26:00,CORE_FUEL_01,902.9676
2024-01-16T13:26:00,CORE_ROD_01,46.5777
2024-01-16T13:26:00,CORE_EXIT_01,341.6028
2024-01-16T13:26:00,STEAM_PRES_01,73.1657
2024-01-16T13:26:00,STEAM_FEED_01,274.1811
2024-01-16T13:26:00,STEAM_DELTA_01,33.2487
2024-01-16T13:26:00,STEAM_TEMP_01,289.3535
2024-01-16T13:27:00,CORE_FLUX_01,2079368529408.904
2024-01-16T13:27:00,CORE_FUEL_01,901.5207
2024-01-16T13:27:00,CORE_ROD_01,48.0203
2024-01-16T13:27:00,STEAM_PRES_01,72.8723
2024-01-16T13:27:00,STEAM_FEED_01,269.2931
2024-01-16T13:27:00,STEAM_TEMP_01,288.1253
2024-01-16T13:28:00,CORE_FLUX_01,2002467146060.1858
2024-01-16T13:28:00,CORE_FUEL_01,922.9749
2024-01-16T13:28:00,CORE_ROD_01,48.1856
2024-01-16T13:28:00,CORE_EXIT_01,342.2206
2024-01-16T13:28:00,STEAM_PRES_01,72.8929
2024-01-16T13:28:00,STEAM_FEED_01,272.5008
2024-01-16T13:28:00,STEAM_DELTA_01,32.7095
2024-01-16T13:28:00,STEAM_TEMP_01,288.7945
2024-01-16T13:29:00,CORE_FLUX_01,2086430960772.7449
2024-01-16T13:29:00,CORE_FUEL_01,914.987
2024-01-16T13:29:00,CORE_ROD_01,48.992
2024-01-16T13:29:00,STEAM_PRES_01,72.9176
2024-01-16T13:29:00,STEAM_FEED_01,267.3583
2024-01-16T13:29:00,STEAM_TEMP_01,289.1332
2024-01-16T13:30:00,CORE_FLUX_01,2104768108538.561
2024-01-16T13:30:00,CORE_FUEL_01,902.9682
2024-01-16T13:30:00,CORE_ROD_01,49.3915
2024-01-16T13:30:00,CORE_EXIT_01,341.2829
2024-01-16T13:30:00,STEAM_PRES_01,72.8424
2024-01-16T13:30:00,STEAM_FEED_01,267.1006
2024-01-16T13:30:00,STEAM_DELTA_01,32.9135
2024-01-16T13:30:00,STEAM_TEMP_01,289.186
2024-01-16T13:31:00,CORE_FLUX_01,2066030475054.0056
2024-01-16T13:31:00,CORE_FUEL_01,924.0325
2024-01-16T13:31:00,CORE_ROD_01,47.6888
2024-01-16T13:31:00,STEAM_PRES_01,72.7518
2024-01-16T13:31:00,STEAM_FEED_01,266.6407
2024-01-16T13:31:00,STEAM_TEMP_01,288.7272
2024-01-16T13:32:00,CORE_FLUX_01,2076747836198.819
2024-01-16T13:32:00,CORE_FUEL_01,909.5964
2024-01-16T13:32:00,CORE_ROD_01,48.9545
2024-01-16T13:32:00,CORE_EXIT_01,342.7716
2024-01-16T13:32:00,STEAM_PRES_01,72.997
2024-01-16T13:32:00,STEAM_FEED_01,268.7504
2024-01-16T13:32:00,STEAM_DELTA_01,32.7536
2024-01-16T13:32:00,STEAM_TEMP_01,288.2154
2024-01-16T13:33:00,CORE_FLUX_01,2073372655879.7139
2024-01-16T13:33:00,CORE_FUEL_01,918.9947
2024-01-16T13:33:00,CORE_ROD_01,48.4248
2024-01-16T13:33:00,STEAM_PRES_01,73.1679
2024-01-16T13:33:00,STEAM_FEED_01,268.9557
2024-01-16T13:33:00,STEAM_TEMP_01,289.4644
2024-01-16T13:34:00,CORE_FLUX_01,2032841459668.9688
2024-01-16T13:34:00,CORE_FUEL_01,918.689
2024-01-16T13:34:00,CORE_ROD_01,49.6369
2024-01-16T13:34:00,CORE_EXIT_01,342.1977
2024-01-16T13:34:00,STEAM_PRES_01,73.0313
2024-01-16T13:34:00,STEAM_FEED_01,270.7213
2024-01-16T13:34:00,STEAM_DELTA_01,32.8631
2024-01-16T13:34:00,STEAM_TEMP_01,289.1519
2024-01-16T13:35:00,CORE_FLUX_01,2039891956836.185
2024-01-16T13:35:00,CORE_FUEL_01,897.8273
2024-01-16T13:35:00,CORE_ROD_01,48.3764
2024-01-16T13:35:00,STEAM_PRES_01,72.8279
2024-01-16T13:35:00,STEAM_FEED_01,270.1309
2024-01-16T13:35:00,STEAM_TEMP_01,290.2004
2024-01-16T13:36:00,CORE_FLUX_01,2079440301791.9717
2024-01-16T13:36:00,CORE_FUEL_01,913.4721
2024-01-16T13:36:00,CORE_ROD_01,49.4555
2024-01-16T13:36:00,CORE_EXIT_01,342.188
2024-01-16T13:36:00,STEAM_PRES_01,72.9497
2024-01-16T13:36:00,STEAM_FEED_01,266.9234
2024-01-16T13:36:00,STEAM_DELTA_01,33.1494
2024-01-16T13:36:00,STEAM_TEMP_01,289.6946
2024-01-16T13:37:00,CORE_FLUX_01,2021145011540.2424
2024-01-16T13:37:00,CORE_FUEL_01,924.9707
2024-01-16T13:37:00,CORE_ROD_01,50.2175
2024-01-16T13:37:00,STEAM_PRES_01,72.8088
2024-01-16T13:37:00,STEAM_FEED_01,272.3621
2024-01-16T13:37:00,STEAM_TEMP_01,289.4425
2024-01-16T13:38:00,CORE_FLUX_01,2010896176962.4204
2024-01-16T13:38:00,CORE_FUEL_01,919.9696
2024-01-16T13:38:00,CORE_ROD_01,49.0491
2024-01-16T13:38:00,CORE_EXIT_01,340.1579
2024-01-16T13:38:00,STEAM_PRES_01,73.0169
2024-01-16T13:38:00,STEAM_FEED_01,269.5342
2024-01-16T13:38:00,STEAM_DELTA_01,33.3753
2024-01-16T13:38:00,STEAM_TEMP_01,289.9612
2024-01-16T13:39:00,CORE_FLUX_01,2077948740636.7932
2024-01-16T13:39:00,CORE_FUEL_01,900.4358
2024-01-16T13:39:00,CORE_ROD_01,49.0769
2024-01-16T13:39:00,STEAM_PRES_01,72.7651
2024-01-16T13:39:00,STEAM_FEED_01,268.5685
2024-01-16T13:39:00,STEAM_TEMP_01,289.0396
2024-01-16T13:40:00,CORE_FLUX_01,2060591646159.1624
2024-01-16T13:40:00,CORE_FUEL_01,930.7649
2024-01-16T13:40:00,CORE_ROD_01,48.5683
2024-01-16T13:40:00,CORE_EXIT_01,342.1977
2024-01-16T13:40:00,STEAM_PRES_01,72.9307
2024-01-16T13:40:00,STEAM_FEED_01,271.621
2024-01-16T13:40:00,STEAM_DELTA_01,33.2981
2024-01-16T13:40:00,STEAM_TEMP_01,289.7121
2024-01-16T13:41:00,CORE_FLUX_01,2064567403882.5115
2024-01-16T13:41:00,CORE_FUEL_01,926.2911
2024-01-16T13:41:00,CORE_ROD_01,49.6808
2024-01-16T13:41:00,STEAM_PRES_01,72.9805
2024-01-16T13:41:00,STEAM_FEED_01,270.0654
2024-01-16T13:41:00,STEAM_TEMP_01,289.5816
2024-01-16T13:42:00,CORE_FLUX_01,2060291862685.8582
2024-01-16T13:42:00,CORE_FUEL_01,910.6333
2024-01-16T13:42:00,CORE_ROD_01,47.3951
2024-01-16T13:42:00,CORE_EXIT_01,341.5136
2024-01-16T13:42:00,STEAM_PRES_01,72.8308
2024-01-16T13:42:00,STEAM_FEED_01,267.6936
2024-01-16T13:42:00,STEAM_DELTA_01,32.8826
2024-01-16T13:42:00,STEAM_TEMP_01,289.0504
2024-01-16T13:43:00,CORE_FLUX_01,2118148393981.7783
2024-01-16T13:43:00,CORE_FUEL_01,921.7559
2024-01-16T13:43:00,CORE_ROD_01,47.552
2024-01-16T13:43:00,STEAM_PRES_01,73.1335
2024-01-16T13:43:00,STEAM_FEED_01,273.0708
2024-01-16T13:43:00,STEAM_TEMP_01,289.2846
2024-01-16T13:44:00,CORE_FLUX_01,2030910624952.9785
2024-01-16T13:44:00,CORE_FUEL_01,916.5873
2024-01-16T13:44:00,CORE_ROD_01,47.1199
2024-01-16T13:44:00,CORE_EXIT_01,341.3576
2024-01-16T13:44:00,STEAM_PRES_01,72.783
2024-01-16T13:44:00,STEAM_FEED_01,270.3825
2024-01-16T13:44:00,STEAM_DELTA_01,32.8185
2024-01-16T13:44:00,STEAM_TEMP_01,288.803
2024-01-16T13:45:00,CORE_FLUX_01,2091023015774.1208
2024-01-16T13:45:00,CORE_FUEL_01,904.0893
2024-01-16T13:45:00,CORE_ROD_01,47.5153
2024-01-16T13:45:00,STEAM_PRES_01,73.2471
2024-01-16T13:45:00,STEAM_FEED_01,270.6302
2024-01-16T13:45:00,STEAM_TEMP_01,289.4177
2024-01-16T13:46:00,CORE_FLUX_01,2123799145747.7168
2024-01-16T13:46:00,CORE_FUEL_01,908.8257
2024-01-16T13:46:00,CORE_ROD_01,48.6879
2024-01-16T13:46:00,CORE_EXIT_01,341.4263
2024-01-16T13:46:00,STEAM_PRES_01,72.9796
2024-01-16T13:46:00,STEAM_FEED_01,269.5626
2024-01-16T13:46:00,STEAM_DELTA_01,33.1479
2024-01-16T13:46:00,STEAM_TEMP_01,289.0309
2024-01-16T13:47:00,CORE_FLUX_01,2081041288619.1682
2024-01-16T13:47:00,CORE_FUEL_01,919.1921
2024-01-16T13:47:00,CORE_ROD_01,48.479
2024-01-16T13:47:00,STEAM_PRES_01,73.0078
2024-01-16T13:47:00,STEAM_FEED_01,270.0237
2024-01-16T13:47:00,STEAM_TEMP_01,288.8911
2024-01-16T13:48:00,CORE_FLUX_01,2095501748996.263
2024-01-16T13:48:00,CORE_FUEL_01,911.7394
2024-01-16T13:48:00,CORE_ROD_01,48.4512
2024-01-16T13:48:00,CORE_EXIT_01,343.3002
2024-01-16T13:48:00,STEAM_PRES_01,73.0339
2024-01-16T13:48:00,STEAM_FEED_01,269.8682
2024-01-16T13:48:00,STEAM_DELTA_01,32.9629
2024-01-16T13:48:00,STEAM_TEMP_01,288.8009
2024-01-16T13:49:00,CORE_FLUX_01,2042848325212.5288
2024-01-16T13:49:00,CORE_FUEL_01,895.5645
2024-01-16T13:49:00,CORE_ROD_01,47.4619
2024-01-16T13:49:00,STEAM_PRES_01,72.9976
2024-01-16T13:49:00,STEAM_FEED_01,273.0712
2024-01-16T13:49:00,STEAM_TEMP_01,289.3536
2024-01-16T13:50:00,CORE_FLUX_01,2091405708171.8918
2024-01-16T13:50:00,CORE_FUEL_01,920.2556
2024-01-16T13:50:00,CORE_ROD_01,47.4169
2024-01-16T13:50:00,CORE_EXIT_01,343.1669
2024-01-16T13:50:00,STEAM_PRES_01,73.1019
2024-01-16T13:50:00,STEAM_FEED_01,269.54
2024-01-16T13:50:00,STEAM_DELTA_01,33.1509
2024-01-16T13:50:00,STEAM_TEMP_01,288.8025
2024-01-16T13:51:00,CORE_FLUX_01,2104917996215.29
2024-01-16T13:51:00,CORE_FUEL_01,928.5076
2024-01-16T13:51:00,CORE_ROD_01,47.0435
2024-01-16T13:51:00,STEAM_PRES_01,73.0759
2024-01-16T13:51:00,STEAM_FEED_01,271.2191
2024-01-16T13:51:00,STEAM_TEMP_01,289.047
2024-01-16T13:52:00,CORE_FLUX_01,1997176126027.075
2024-01-16T13:52:00,CORE_FUEL_01,930.1946
2024-01-16T13:52:00,CORE_ROD_01,46.9271
2024-01-16T13:52:00,CORE_EXIT_01,343.2729
2024-01-16T13:52:00,STEAM_PRES_01,73.0817
2024-01-16T13:52:00,STEAM_FEED_01,268.9281
2024-01-16T13:52:00,STEAM_DELTA_01,32.9615
2024-01-16T13:52:00,STEAM_TEMP_01,289.2111
2024-01-16T13:53:00,CORE_FLUX_01,2076097907767.5396
2024-01-16T13:53:00,CORE_FUEL_01,909.3308
2024-01-16T13:53:00,CORE_ROD_01,47.0874
2024-01-16T13:53:00,STEAM_PRES_01,72.9207
2024-01-16T13:53:00,STEAM_FEED_01,270.8866
2024-01-16T13:53:00,STEAM_TEMP_01,288.8323
2024-01-16T13:54:00,CORE_FLUX_01,2037520849113.813
2024-01-16T13:54:00,CORE_FUEL_01,920.6938
2024-01-16T13:54:00,CORE_ROD_01,48.6524
2024-01-16T13:54:00,CORE_EXIT_01,343.0651
2024-01-16T13:54:00,STEAM_PRES_01,72.6359
2024-01-16T13:54:00,STEAM_FEED_01,266.171
2024-01-16T13:54:00,STEAM_DELTA_01,32.4887
2024-01-16T13:54:00,STEAM_TEMP_01,287.6134
2024-01-16T13:55:00,CORE_FLUX_01,2070371266332.495
2024-01-16T13:55:00,CORE_FUEL_01,920.4702
2024-01-16T13:55:00,CORE_ROD_01,47.0584
2024-01-16T13:55:00,STEAM_PRES_01,72.8596
2024-01-16T13:55:00,STEAM_FEED_01,267.8851
2024-01-16T13:55:00,STEAM_TEMP_01,287.8918
2024-01-16T13:56:00,CORE_FLUX_01,2040108921632.6533
2024-01-16T13:56:00,CORE_FUEL_01,909.2192
2024-01-16T13:56:00,CORE_ROD_01,48.0955
2024-01-16T13:56:00,CORE_EXIT_01,342.4305
2024-01-16T13:56:00,STEAM_PRES_01,73.1983
2024-01-16T13:56:00,STEAM_FEED_01,271.0041
2024-01-16T13:56:00,STEAM_DELTA_01,32.9985
2024-01-16T13:56:00,STEAM_TEMP_01,289.4357
2024-01-16T13:57:00,CORE_FLUX_01,2107793938631.9348
2024-01-16T13:57:00,CORE_FUEL_01,934.9025
2024-01-16T13:57:00,CORE_ROD_01,48.3672
2024-01-16T13:57:00,STEAM_PRES_01,73.4626
2024-01-16T13:57:00,STEAM_FEED_01,276.2775
2024-01-16T13:57:00,STEAM_TEMP_01,290.2457
2024-01-16T13:58:00,CORE_FLUX_01,2087731043060.3333
2024-01-16T13:58:00,CORE_FUEL_01,902.9148
2024-01-16T13:58:00,CORE_ROD_01,47.7361
2024-01-16T13:58:00,CORE_EXIT_01,341.3506
2024-01-16T13:58:00,STEAM_PRES_01,72.9804
2024-01-16T13:58:00,STEAM_FEED_01,270.2398
2024-01-16T13:58:00,STEAM_DELTA_01,32.8237
2024-01-16T13:58:00,STEAM_TEMP_01,288.3394
2024-01-16T13:59:00,CORE_FLUX_01,2060717965847.1243
2024-01-16T13:59:00,CORE_FUEL_01,936.8637
2024-01-16T13:59:00,CORE_ROD_01,45.4002
2024-01-16T13:59:00,STEAM_PRES_01,73.1527
2024-01-16T13:59:00,STEAM_FEED_01,273.3072
2024-01-16T13:59:00,STEAM_TEMP_01,289.7412
2024-01-16T14:00:00,CORE_FLUX_01,2115908606244.7546
2024-01-16T14:00:00,CORE_FUEL_01,926.9908
2024-01-16T14:00:00,CORE_ROD_01,47.4827
2024-01-16T14:00:00,CORE_EXIT_01,343.8222
2024-01-16T14:00:00,STEAM_PRES_01,73.0199
2024-01-16T14:00:00,STEAM_FEED_01,270.6854
2024-01-16T14:00:00,STEAM_DELTA_01,32.9051
2024-01-16T14:00:00,STEAM_TEMP_01,288.6247
2024-01-16T14:01:00,CORE_FLUX_01,2092656148644.3655
2024-01-16T14:01:00,CORE_FUEL_01,925.6154
2024-01-16T14:01:00,CORE_ROD_01,51.1066
2024-01-16T14:01:00,STEAM_PRES_01,72.5714
2024-01-16T14:01:00,STEAM_FEED_01,266.3663
2024-01-16T14:01:00,STEAM_TEMP_01,287.6002
2024-01-16T14:02:00,CORE_FLUX_01,2043527445921.414
2024-01-16T14:02:00,CORE_FUEL_01,924.4512
2024-01-16T14:02:00,CORE_ROD_01,47.9536
2024-01-16T14:02:00,CORE_EXIT_01,341.7867
2024-01-16T14:02:00,STEAM_PRES_01,73.0249
2024-01-16T14:02:00,STEAM_FEED_01,271.6906
2024-01-16T14:02:00,STEAM_DELTA_01,33.2851
2024-01-16T14:02:00,STEAM_TEMP_01,290.1177
2024-01-16T14:03:00,CORE_FLUX_01,2100468741199.0593
2024-01-16T14:03:00,CORE_FUEL_01,928.1311
2024-01-16T14:03:00,CORE_ROD_01,47.4832
2024-01-16T14:03:00,STEAM_PRES_01,72.8611
2024-01-16T14:03:00,STEAM_FEED_01,270.1052
2024-01-16T14:03:00,STEAM_TEMP_01,288.8703
2024-01-16T14:04:00,CORE_FLUX_01,2070407647959.312
2024-01-16T14:04:00,CORE_FUEL_01,919.474
2024-01-16T14:04:00,CORE_ROD_01,47.7974
2024-01-16T14:04:00,CORE_EXIT_01,341.8178
2024-01-16T14:04:00,STEAM_PRES_01,72.8208
2024-01-16T14:04:00,STEAM_FEED_01,266.2805
2024-01-16T14:04:00,STEAM_DELTA_01,32.6867
2024-01-16T14:04:00,STEAM_TEMP_01,288.7418
2024-01-16T14:05:00,CORE_FLUX_01,2040687494801.7822
2024-01-16T14:05:00,CORE_FUEL_01,925.1616
2024-01-16T14:05:00,CORE_ROD_01,48.726
2024-01-16T14:05:00,STEAM_PRES_01,73.0465
2024-01-16T14:05:00,STEAM_FEED_01,271.8387
2024-01-16T14:05:00,STEAM_TEMP_01,288.999
2024-01-16T14:06:00,CORE_FLUX_01,2071410149800.0234
2024-01-16T14:06:00,CORE_FUEL_01,915.5287
2024-01-16T14:06:00,CORE_ROD_01,47.3888
2024-01-16T14:06:00,CORE_EXIT_01,344.6855
2024-01-16T14:06:00,STEAM_PRES_01,72.5631
2024-01-16T14:06:00,STEAM_FEED_01,268.7296
2024-01-16T14:06:00,STEAM_DELTA_01,32.6913
2024-01-16T14:06:00,STEAM_TEMP_01,288.4886
2024-01-16T14:07:00,CORE_FLUX_01,2054431540768.682
2024-01-16T14:07:00,CORE_FUEL_01,911.1877
2024-01-16T14:07:00,CORE_ROD_01,47.064
2024-01-16T14:07:00,STEAM_PRES_01,72.6505
2024-01-16T14:07:00,STEAM_FEED_01,268.2816
2024-01-16T14:07:00,STEAM_TEMP_01,288.6526
2024-01-16T14:08:00,CORE_FLUX_01,2047108618893.619
2024-01-16T14:08:00,CORE_FUEL_01,932.0678
2024-01-16T14:08:00,CORE_ROD_01,47.9198
2024-01-16T14:08:00,CORE_EXIT_01,343.1772
2024-01-16T14:08:00,STEAM_PRES_01,73.1754
2024-01-16T14:08:00,STEAM_FEED_01,268.2298
2024-01-16T14:08:00,STEAM_DELTA_01,32.9802
2024-01-16T14:08:00,STEAM_TEMP_01,288.9385
2024-01-16T14:09:00,CORE_FLUX_01,2109302409160.1938
2024-01-16T14:09:00,CORE_FUEL_01,914.044
2024-01-16T14:09:00,CORE_ROD_01,44.7607
2024-01-16T14:09:00,STEAM_PRES_01,73.355
2024-01-16T14:09:00,STEAM_FEED_01,273.5155
2024-01-16T14:09:00,STEAM_TEMP_01,289.1151
2024-01-16T14:10:00,CORE_FLUX_01,2033561990062.8015
2024-01-16T14:10:00,CORE_FUEL_01,929.9529
2024-01-16T14:10:00,CORE_ROD_01,48.8573
2024-01-16T14:10:00,CORE_EXIT_01,344.8244
2024-01-16T14:10:00,STEAM_PRES_01,73.237
2024-01-16T14:10:00,STEAM_FEED_01,267.3554
2024-01-16T14:10:00,STEAM_DELTA_01,33.0644
2024-01-16T14:10:00,STEAM_TEMP_01,288.8819
2024-01-16T14:11:00,CORE_FLUX_01,2043084705398.6863
2024-01-16T14:11:00,CORE_FUEL_01,920.9121
2024-01-16T14:11:00,CORE_ROD_01,47.34
2024-01-16T14:11:00,STEAM_PRES_01,72.7485
2024-01-16T14:11:00,STEAM_FEED_01,268.3095
2024-01-16T14:11:00,STEAM_TEMP_01,288.7802
2024-01-16T14:12:00,CORE_FLUX_01,2122681397349.9792
2024-01-16T14:12:00,CORE_FUEL_01,924.1216
2024-01-16T14:12:00,CORE_ROD_01,47.8864
2024-01-16T14:12:00,CORE_EXIT_01,342.8805
2024-01-16T14:12:00,STEAM_PRES_01,73.2594
2024-01-16T14:12:00,STEAM_FEED_01,271.9947
2024-01-16T14:12:00,STEAM_DELTA_01,32.9921
2024-01-16T14:12:00,STEAM_TEMP_01,289.1316
2024-01-16T14:13:00,CORE_FLUX_01,2168922324200.3503
2024-01-16T14:13:00,CORE_FUEL_01,918.9718
2024-01-16T14:13:00,CORE_ROD_01,48.2579
2024-01-16T14:13:00,STEAM_PRES_01,72.9784
2024-01-16T14:13:00,STEAM_FEED_01,269.7197
2024-01-16T14:13:00,STEAM_TEMP_01,288.9131
2024-01-16T14:14:00,CORE_FLUX_01,2052439771201.4346
2024-01-16T14:14:00,CORE_FUEL_01,912.5587
2024-01-16T14:14:00,CORE_ROD_01,48.2237
2024-01-16T14:14:00,CORE_EXIT_01,343.342
2024-01-16T14:14:00,STEAM_PRES_01,72.7005
2024-01-16T14:14:00,STEAM_FEED_01,267.6332
2024-01-16T14:14:00,STEAM_DELTA_01,32.748
2024-01-16T14:14:00,STEAM_TEMP_01,288.8176
2024-01-16T14:15:00,CORE_FLUX_01,2114575081623.8218
2024-01-16T14:15:00,CORE_FUEL_01,930.0971
2024-01-16T14:15:00,CORE_ROD_01,47.5371
2024-01-16T14:15:00,STEAM_PRES_01,73.0442
2024-01-16T14:15:00,STEAM_FEED_01,270.1041
2024-01-16T14:15:00,STEAM_TEMP_01,289.0663
2024-01-16T14:16:00,CORE_FLUX_01,2100929874996.7686
2024-01-16T14:16:00,CORE_FUEL_01,906.5586
2024-01-16T14:16:00,CORE_ROD_01,47.2448
2024-01-16T14:16:00,CORE_EXIT_01,343.6737
2024-01-16T14:16:00,STEAM_PRES_01,73.1573
2024-01-16T14:16:00,STEAM_FEED_01,273.4532
2024-01-16T14:16:00,STEAM_DELTA_01,33.0529
2024-01-16T14:16:00,STEAM_TEMP_01,289.7561
2024-01-16T14:17:00,CORE_FLUX_01,2077943435363.6572
2024-01-16T14:17:00,CORE_FUEL_01,919.6072
2024-01-16T14:17:00,CORE_ROD_01,47.9418
2024-01-16T14:17:00,STEAM_PRES_01,73.2021
2024-01-16T14:17:00,STEAM_FEED_01,272.3403
2024-01-16T14:17:00,STEAM_TEMP_01,289.8053
2024-01-16T14:18:00,CORE_FLUX_01,2068933318574.5457
2024-01-16T14:18:00,CORE_FUEL_01,906.3329
2024-01-16T14:18:00,CORE_ROD_01,46.6921
2024-01-16T14:18:00,CORE_EXIT_01,343.8091
2024-01-16T14:18:00,STEAM_PRES_01,72.707
2024-01-16T14:18:00,STEAM_FEED_01,267.2661
2024-01-16T14:18:00,STEAM_DELTA_01,33.0521
2024-01-16T14:18:00,STEAM_TEMP_01,288.1055
2024-01-16T14:19:00,CORE_FLUX_01,2075279590209.462
2024-01-16T14:19:00,CORE_FUEL_01,937.034
2024-01-16T14:19:00,CORE_ROD_01,49.0273
2024-01-16T14:19:00,STEAM_PRES_01,73.3505
2024-01-16T14:19:00,STEAM_FEED_01,271.0518
2024-01-16T14:19:00,STEAM_TEMP_01,288.8866
2024-01-16T14:20:00,CORE_FLUX_01,2094142583740.541
2024-01-16T14:20:00,CORE_FUEL_01,918.9665
2024-01-16T14:20:00,CORE_ROD_01,47.2341
2024-01-16T14:20:00,CORE_EXIT_01,341.8662
2024-01-16T14:20:00,STEAM_PRES_01,73.0286
2024-01-16T14:20:00,STEAM_FEED_01,270.3365
2024-01-16T14:20:00,STEAM_DELTA_01,33.0172
2024-01-16T14:20:00,STEAM_TEMP_01,288.5777
2024-01-16T14:21:00,CORE_FLUX_01,2063159931794.2283
2024-01-16T14:21:00,CORE_FUEL_01,924.7488
2024-01-16T14:21:00,CORE_ROD_01,47.6305
2024-01-16T14:21:00,STEAM_PRES_01,73.2429
2024-01-16T14:21:00,STEAM_FEED_01,269.5283
2024-01-16T14:21:00,STEAM_TEMP_01,289.4173
2024-01-16T14:22:00,CORE_FLUX_01,2106192147264.7642
2024-01-16T14:22:00,CORE_FUEL_01,930.6781
2024-01-16T14:22:00,CORE_ROD_01,46.8643
2024-01-16T14:22:00,CORE_EXIT_01,343.6582
2024-01-16T14:22:00,STEAM_PRES_01,73.2729
2024-01-16T14:22:00,STEAM_FEED_01,270.573
2024-01-16T14:22:00,STEAM_DELTA_01,33.1089
2024-01-16T14:22:00,STEAM_TEMP_01,289.7352
2024-01-16T14:23:00,CORE_FLUX_01,2094171072582.629
2024-01-16T14:23:00,CORE_FUEL_01,926.6808
2024-01-16T14:23:00,CORE_ROD_01,47.5842
2024-01-16T14:23:00,STEAM_PRES_01,72.9809
2024-01-16T14:23:00,STEAM_FEED_01,270.4974
2024-01-16T14:23:00,STEAM_TEMP_01,289.2558
2024-01-16T14:24:00,CORE_FLUX_01,2095414932768.1855
2024-01-16T14:24:00,CORE_FUEL_01,942.1281
2024-01-16T14:24:00,CORE_ROD_01,47.1974
2024-01-16T14:24:00,CORE_EXIT_01,343.4459
2024-01-16T14:24:00,STEAM_PRES_01,73.0369
2024-01-16T14:24:00,STEAM_FEED_01,270.7039
2024-01-16T14:24:00,STEAM_DELTA_01,33.23
2024-01-16T14:24:00,STEAM_TEMP_01,288.6511
2024-01-16T14:25:00,CORE_FLUX_01,2175434789653.906
2024-01-16T14:25:00,CORE_FUEL_01,934.5747
2024-01-16T14:25:00,CORE_ROD_01,45.5102
2024-01-16T14:25:00,STEAM_PRES_01,72.78
2024-01-16T14:25:00,STEAM_FEED_01,268.5978
2024-01-16T14:25:00,STEAM_TEMP_01,289.1986
2024-01-16T14:26:00,CORE_FLUX_01,2121277218180.9053
2024-01-16T14:26:00,CORE_FUEL_01,915.0369
2024-01-16T14:26:00,CORE_ROD_01,48.5253
2024-01-16T14:26:00,CORE_EXIT_01,343.8267
2024-01-16T14:26:00,STEAM_PRES_01,72.6076
2024-01-16T14:26:00,STEAM_FEED_01,271.0054
2024-01-16T14:26:00,STEAM_DELTA_01,32.5707
2024-01-16T14:26:00,STEAM_TEMP_01,287.6949
2024-01-16T14:27:00,CORE_FLUX_01,2069642845387.633
2024-01-16T14:27:00,CORE_FUEL_01,921.8473
2024-01-16T14:27:00,CORE_ROD_01,47.8891
2024-01-16T14:27:00,STEAM_PRES_01,72.637
2024-01-16T14:27:00,STEAM_FEED_01,267.2581
2024-01-16T14:27:00,STEAM_TEMP_01,288.0898
2024-01-16T14:28:00,CORE_FLUX_01,2130614188665.326
2024-01-16T14:28:00,CORE_FUEL_01,914.5551
2024-01-16T14:28:00,CORE_ROD_01,45.4627
2024-01-16T14:28:00,CORE_EXIT_01,342.9766
2024-01-16T14:28:00,STEAM_PRES_01,73.1058
2024-01-16T14:28:00,STEAM_FEED_01,271.2774
2024-01-16T14:28:00,STEAM_DELTA_01,32.9418
2024-01-16T14:28:00,STEAM_TEMP_01,288.616
2024-01-16T14:29:00,CORE_FLUX_01,2101661098659.2878
2024-01-16T14:29:00,CORE_FUEL_01,950.0582
2024-01-16T14:29:00,CORE_ROD_01,48.5466
2024-01-16T14:29:00,STEAM_PRES_01,72.7359
2024-01-16T14:29:00,STEAM_FEED_01,268.2804
2024-01-16T14:29:00,STEAM_TEMP_01,288.815
2024-01-16T14:30:00,CORE_FLUX_01,2105675231014.3818
2024-01-16T14:30:00,CORE_FUEL_01,927.5077
2024-01-16T14:30:00,CORE_ROD_01,46.0058
2024-01-16T14:30:00,CORE_EXIT_01,343.3277
2024-01-16T14:30:00,STEAM_PRES_01,73.0406
2024-01-16T14:30:00,STEAM_FEED_01,271.762
2024-01-16T14:30:00,STEAM_DELTA_01,32.8786
2024-01-16T14:30:00,STEAM_TEMP_01,287.6592
2024-01-16T14:31:00,CORE_FLUX_01,2112676050428.1287
2024-01-16T14:31:00,CORE_FUEL_01,933.532
2024-01-16T14:31:00,CORE_ROD_01,47.2667
2024-01-16T14:31:00,STEAM_PRES_01,72.5349
2024-01-16T14:31:00,STEAM_FEED_01,266.6589
2024-01-16T14:31:00,STEAM_TEMP_01,288.2099
2024-01-16T14:32:00,CORE_FLUX_01,2056563568230.575
2024-01-16T14:32:00,CORE_FUEL_01,924.7861
2024-01-16T14:32:00,CORE_ROD_01,48.2215
2024-01-16T14:32:00,CORE_EXIT_01,343.5496
2024-01-16T14:32:00,STEAM_PRES_01,73.3111
2024-01-16T14:32:00,STEAM_FEED_01,272.7137
2024-01-16T14:32:00,STEAM_DELTA_01,33.1624
2024-01-16T14:32:00,STEAM_TEMP_01,289.1102
2024-01-16T14:33:00,CORE_FLUX_01,2106787961103.064
2024-01-16T14:33:00,CORE_FUEL_01,935.5386
2024-01-16T14:33:00,CORE_ROD_01,47.0787
2024-01-16T14:33:00,STEAM_PRES_01,72.8386
2024-01-16T14:33:00,STEAM_FEED_01,272.267
2024-01-16T14:33:00,STEAM_TEMP_01,289.0538
2024-01-16T14:34:00,CORE_FLUX_01,2090666728057.6711
2024-01-16T14:34:00,CORE_FUEL_01,917.7917
2024-01-16T14:34:00,CORE_ROD_01,47.746
2024-01-16T14:34:00,CORE_EXIT_01,346.1055
2024-01-16T14:34:00,STEAM_PRES_01,72.4015
2024-01-16T14:34:00,STEAM_FEED_01,269.8159
2024-01-16T14:34:00,STEAM_DELTA_01,32.7957
2024-01-16T14:34:00,STEAM_TEMP_01,288.4563
2024-01-16T14:35:00,CORE_FLUX_01,2055340609318.8352
2024-01-16T14:35:00,CORE_FUEL_01,943.3831
2024-01-16T14:35:00,CORE_ROD_01,44.8983
2024-01-16T14:35:00,STEAM_PRES_01,72.612
2024-01-16T14:35:00,STEAM_FEED_01,271.5591
2024-01-16T14:35:00,STEAM_TEMP_01,288.5617
2024-01-16T14:36:00,CORE_FLUX_01,2103238246076.3145
2024-01-16T14:36:00,CORE_FUEL_01,920.9323
2024-01-16T14:36:00,CORE_ROD_01,46.1403
2024-01-16T14:36:00,CORE_EXIT_01,344.1074
2024-01-16T14:36:00,STEAM_PRES_01,72.5976
2024-01-16T14:36:00,STEAM_FEED_01,267.6517
2024-01-16T14:36:00,STEAM_DELTA_01,32.8687
2024-01-16T14:36:00,STEAM_TEMP_01,288.958
2024-01-16T14:37:00,CORE_FLUX_01,2117606436812.3828
2024-01-16T14:37:00,CORE_FUEL_01,921.4024
2024-01-16T14:37:00,CORE_ROD_01,48.2133
2024-01-16T14:37:00,STEAM_PRES_01,72.7337
2024-01-16T14:37:00,STEAM_FEED_01,266.523
2024-01-16T14:37:00,STEAM_TEMP_01,288.9196
2024-01-16T14:38:00,CORE_FLUX_01,2110980066173.7063
2024-01-16T14:38:00,CORE_FUEL_01,925.589
2024-01-16T14:38:00,CORE_ROD_01,48.7207
2024-01-16T14:38:00,CORE_EXIT_01,342.654
2024-01-16T14:38:00,STEAM_PRES_01,73.3665
2024-01-16T14:38:00,STEAM_FEED_01,273.0824
2024-01-16T14:38:00,STEAM_DELTA_01,33.4704
2024-01-16T14:38:00,STEAM_TEMP_01,289.3843
2024-01-16T14:39:00,CORE_FLUX_01,2131787920343.4517
2024-01-16T14:39:00,CORE_FUEL_01,922.0197
2024-01-16T14:39:00,CORE_ROD_01,48.4427
2024-01-16T14:39:00,STEAM_PRES_01,72.8993
2024-01-16T14:39:00,STEAM_FEED_01,272.1051
2024-01-16T14:39:00,STEAM_TEMP_01,289.2176
2024-01-16T14:40:00,CORE_FLUX_01,2112469845124.5261
2024-01-16T14:40:00,CORE_FUEL_01,932.1405
2024-01-16T14:40:00,CORE_ROD_01,46.675
2024-01-16T14:40:00,CORE_EXIT_01,346.1391
2024-01-16T14:40:00,STEAM_PRES_01,72.9506
2024-01-16T14:40:00,STEAM_FEED_01,270.9638
2024-01-16T14:40:00,STEAM_DELTA_01,32.7926
2024-01-16T14:40:00,STEAM_TEMP_01,288.8087
2024-01-16T14:41:00,CORE_FLUX_01,2100757698683.301
2024-01-16T14:41:00,CORE_FUEL_01,918.2429
2024-01-16T14:41:00,CORE_ROD_01,47.4616
2024-01-16T14:41:00,STEAM_PRES_01,73.1401
2024-01-16T14:41:00,STEAM_FEED_01,268.9138
2024-01-16T14:41:00,STEAM_TEMP_01,289.3578
2024-01-16T14:42:00,CORE_FLUX_01,2062423336837.691
2024-01-16T14:42:00,CORE_FUEL_01,919.282
2024-01-16T14:42:00,CORE_ROD_01,48.032
2024-01-16T14:42:00,CORE_EXIT_01,345.6909
2024-01-16T14:42:00,STEAM_PRES_01,72.9422
2024-01-16T14:42:00,STEAM_FEED_01,270.7101
2024-01-16T14:42:00,STEAM_DELTA_01,32.7895
2024-01-16T14:42:00,STEAM_TEMP_01,289.1822
2024-01-16T14:43:00,CORE_FLUX_01,2068271510118.3735
2024-01-16T14:43:00,CORE_FUEL_01,921.0798
2024-01-16T14:43:00,CORE_ROD_01,47.1435
2024-01-16T14:43:00,STEAM_PRES_01,73.1883
2024-01-16T14:43:00,STEAM_FEED_01,271.5029
2024-01-16T14:43:00,STEAM_TEMP_01,290.3814
2024-01-16T14:44:00,CORE_FLUX_01,2116881562608.5884
2024-01-16T14:44:00,CORE_FUEL_01,919.8398
2024-01-16T14:44:00,CORE_ROD_01,48.0391
2024-01-16T14:44:00,CORE_EXIT_01,343.4041
2024-01-16T14:44:00,STEAM_PRES_01,73.1207
2024-01-16T14:44:00,STEAM_FEED_01,269.4028
2024-01-16T14:44:00,STEAM_DELTA_01,32.745
2024-01-16T14:44:00,STEAM_TEMP_01,288.9682
2024-01-16T14:45:00,CORE_FLUX_01,2061215689651.449
2024-01-16T14:45:00,CORE_FUEL_01,923.2306
2024-01-16T14:45:00,CORE_ROD_01,47.4222
2024-01-16T14:45:00,STEAM_PRES_01,72.7567
2024-01-16T14:45:00,STEAM_FEED_01,268.1213
2024-01-16T14:45:00,STEAM_TEMP_01,288.5323
2024-01-16T14:46:00,CORE_FLUX_01,2095238008901.1516
2024-01-16T14:46:00,CORE_FUEL_01,933.9087
2024-01-16T14:46:00,CORE_ROD_01,45.0274
2024-01-16T14:46:00,CORE_EXIT_01,344.7664
2024-01-16T14:46:00,STEAM_PRES_01,73.2627
2024-01-16T14:46:00,STEAM_FEED_01,272.1783
2024-01-16T14:46:00,STEAM_DELTA_01,33.3704
2024-01-16T14:46:00,STEAM_TEMP_01,288.7079
2024-01-16T14:47:00,CORE_FLUX_01,2148528365878.1802
2024-01-16T14:47:00,CORE_FUEL_01,938.2705
2024-01-16T14:47:00,CORE_ROD_01,46.7736
2024-01-16T14:47:00,STEAM_PRES_01,72.958
2024-01-16T14:47:00,STEAM_FEED_01,268.1602
2024-01-16T14:47:00,STEAM_TEMP_01,288.5727
2024-01-16T14:48:00,CORE_FLUX_01,2087006963100.843
2024-01-16T14:48:00,CORE_FUEL_01,925.6048
2024-01-16T14:48:00,CORE_ROD_01,48.3734
2024-01-16T14:48:00,CORE_EXIT_01,343.0973
2024-01-16T14:48:00,STEAM_PRES_01,73.1245
2024-01-16T14:48:00,STEAM_FEED_01,272.5533
2024-01-16T14:48:00,STEAM_DELTA_01,33.0015
2024-01-16T14:48:00,STEAM_TEMP_01,289.7433
2024-01-16T14:49:00,CORE_FLUX_01,2090391541423.1062
2024-01-16T14:49:00,CORE_FUEL_01,935.2881
2024-01-16T14:49:00,CORE_ROD_01,47.5829
2024-01-16T14:49:00,STEAM_PRES_01,72.6754
2024-01-16T14:49:00,STEAM_FEED_01,268.0393
2024-01-16T14:49:00,STEAM_TEMP_01,288.1019
2024-01-16T14:50:00,CORE_FLUX_01,2112223434384.0972
2024-01-16T14:50:00,CORE_FUEL_01,927.7764
2024-01-16T14:50:00,CORE_ROD_01,44.1177
2024-01-16T14:50:00,CORE_EXIT_01,344.2177
2024-01-16T14:50:00,STEAM_PRES_01,73.3163
2024-01-16T14:50:00,STEAM_FEED_01,271.4085
2024-01-16T14:50:00,STEAM_DELTA_01,33.113
2024-01-16T14:50:00,STEAM_TEMP_01,289.7513
2024-01-16T14:51:00,CORE_FLUX_01,2117583838866.7168
2024-01-16T14:51:00,CORE_FUEL_01,934.463
2024-01-16T14:51:00,CORE_ROD_01,45.8327
2024-01-16T14:51:00,STEAM_PRES_01,73.2372
2024-01-16T14:51:00,STEAM_FEED_01,272.2011
2024-01-16T14:51:00,STEAM_TEMP_01,289.2785
2024-01-16T14:52:00,CORE_FLUX_01,2085164614877.0786
2024-01-16T14:52:00,CORE_FUEL_01,929.0193
2024-01-16T14:52:00,CORE_ROD_01,47.4159
2024-01-16T14:52:00,CORE_EXIT_01,346.1332
2024-01-16T14:52:00,STEAM_PRES_01,73.0601
2024-01-16T14:52:00,STEAM_FEED_01,270.325
2024-01-16T14:52:00,STEAM_DELTA_01,32.8756
2024-01-16T14:52:00,STEAM_TEMP_01,288.7955
2024-01-16T14:53:00,CORE_FLUX_01,2164862781081.7827
2024-01-16T14:53:00,CORE_FUEL_01,939.8704
2024-01-16T14:53:00,CORE_ROD_01,45.9532
2024-01-16T14:53:00,STEAM_PRES_01,73.0675
2024-01-16T14:53:00,STEAM_FEED_01,270.1995
2024-01-16T14:53:00,STEAM_TEMP_01,288.4714
2024-01-16T14:54:00,CORE_FLUX_01,2116626832861.903
2024-01-16T14:54:00,CORE_FUEL_01,920.9564
2024-01-16T14:54:00,CORE_ROD_01,46.6368
2024-01-16T14:54:00,CORE_EXIT_01,346.2086
2024-01-16T14:54:00,STEAM_PRES_01,72.9716
2024-01-16T14:54:00,STEAM_FEED_01,267.8472
2024-01-16T14:54:00,STEAM_DELTA_01,32.881
2024-01-16T14:54:00,STEAM_TEMP_01,287.8922
2024-01-16T14:55:00,CORE_FLUX_01,2054924733280.8481
2024-01-16T14:55:00,CORE_FUEL_01,919.0616
2024-01-16T14:55:00,CORE_ROD_01,46.5628
2024-01-16T14:55:00,STEAM_PRES_01,73.0155
2024-01-16T14:55:00,STEAM_FEED_01,270.7144
2024-01-16T14:55:00,STEAM_TEMP_01,288.6574
2024-01-16T14:56:00,CORE_FLUX_01,2102540822497.1226
2024-01-16T14:56:00,CORE_FUEL_01,917.9089
2024-01-16T14:56:00,CORE_ROD_01,45.1154
2024-01-16T14:56:00,CORE_EXIT_01,345.567
2024-01-16T14:56:00,STEAM_PRES_01,73.0157
2024-01-16T14:56:00,STEAM_FEED_01,269.8508
2024-01-16T14:56:00,STEAM_DELTA_01,32.9071
2024-01-16T14:56:00,STEAM_TEMP_01,289.3027
2024-01-16T14:57:00,CORE_FLUX_01,2181921531614.75
2024-01-16T14:57:00,CORE_FUEL_01,927.4727
2024-01-16T14:57:00,CORE_ROD_01,46.2157
2024-01-16T14:57:00,STEAM_PRES_01,73.1427
2024-01-16T14:57:00,STEAM_FEED_01,270.5231
2024-01-16T14:57:00,STEAM_TEMP_01,288.8647
2024-01-16T14:58:00,CORE_FLUX_01,2100906055507.59
2024-01-16T14:58:00,CORE_FUEL_01,939.8065
2024-01-16T14:58:00,CORE_ROD_01,47.4745
2024-01-16T14:58:00,CORE_EXIT_01,345.0719
2024-01-16T14:58:00,STEAM_PRES_01,72.6211
2024-01-16T14:58:00,STEAM_FEED_01,268.7253
2024-01-16T14:58:00,STEAM_DELTA_01,32.4452
2024-01-16T14:58:00,STEAM_TEMP_01,287.3441
2024-01-16T14:59:00,CORE_FLUX_01,2149940229256.5046
2024-01-16T14:59:00,CORE_FUEL_01,940.1407
2024-01-16T14:59:00,CORE_ROD_01,47.0523
2024-01-16T14:59:00,STEAM_PRES_01,73.1768
2024-01-16T14:59:00,STEAM_FEED_01,269.5591
2024-01-16T14:59:00,STEAM_TEMP_01,288.9788
2024-01-16T15:00:00,CORE_FLUX_01,2103973892649.962
2024-01-16T15:00:00,CORE_FUEL_01,931.2046
2024-01-16T15:00:00,CORE_ROD_01,45.353
2024-01-16T15:00:00,CORE_EXIT_01,343.8861
2024-01-16T15:00:00,STEAM_PRES_01,72.5685
2024-01-16T15:00:00,STEAM_FEED_01,269.0833
2024-01-16T15:00:00,STEAM_DELTA_01,32.8052
2024-01-16T15:00:00,STEAM_TEMP_01,287.4596
2024-01-16T15:01:00,CORE_FLUX_01,2157780856328.3892
2024-01-16T15:01:00,CORE_FUEL_01,915.3783
2024-01-16T15:01:00,CORE_ROD_01,46.9285
2024-01-16T15:01:00,STEAM_PRES_01,73.0453
2024-01-16T15:01:00,STEAM_FEED_01,269.0851
2024-01-16T15:01:00,STEAM_TEMP_01,287.8585
2024-01-16T15:02:00,CORE_FLUX_01,2139048171496.1526
2024-01-16T15:02:00,CORE_FUEL_01,926.7202
2024-01-16T15:02:00,CORE_ROD_01,45.7338
2024-01-16T15:02:00,CORE_EXIT_01,345.8227
2024-01-16T15:02:00,STEAM_PRES_01,73.0308
2024-01-16T15:02:00,STEAM_FEED_01,270.8235
2024-01-16T15:02:00,STEAM_DELTA_01,32.7249
2024-01-16T15:02:00,STEAM_TEMP_01,287.6543
2024-01-16T15:03:00,CORE_FLUX_01,2172129899779.2456
2024-01-16T15:03:00,CORE_FUEL_01,943.8225
2024-01-16T15:03:00,CORE_ROD_01,47.1748
2024-01-16T15:03:00,STEAM_PRES_01,73.1189
2024-01-16T15:03:00,STEAM_FEED_01,273.429
2024-01-16T15:03:00,STEAM_TEMP_01,288.8347
2024-01-16T15:04:00,CORE_FLUX_01,2110677696272.4897
2024-01-16T15:04:00,CORE_FUEL_01,942.7948
2024-01-16T15:04:00,CORE_ROD_01,47.1036
2024-01-16T15:04:00,CORE_EXIT_01,344.5941
2024-01-16T15:04:00,STEAM_PRES_01,72.7989
2024-01-16T15:04:00,STEAM_FEED_01,268.1263
2024-01-16T15:04:00,STEAM_DELTA_01,32.3768
2024-01-16T15:04:00,STEAM_TEMP_01,288.1416
2024-01-16T15:05:00,CORE_FLUX_01,2159760268575.5315
2024-01-16T15:05:00,CORE_FUEL_01,937.7215
2024-01-16T15:05:00,CORE_ROD_01,47.3642
2024-01-16T15:05:00,STEAM_PRES_01,73.2408
2024-01-16T15:05:00,STEAM_FEED_01,270.4751
2024-01-16T15:05:00,STEAM_TEMP_01,288.8843
2024-01-16T15:06:00,CORE_FLUX_01,2105950286305.1592
2024-01-16T15:06:00,CORE_FUEL_01,921.0867
2024-01-16T15:06:00,CORE_ROD_01,47.2375
2024-01-16T15:06:00,CORE_EXIT_01,343.7559
2024-01-16T15:06:00,STEAM_PRES_01,72.8841
2024-01-16T15:06:00,STEAM_FEED_01,270.134
2024-01-16T15:06:00,STEAM_DELTA_01,33.0256
2024-01-16T15:06:00,STEAM_TEMP_01,288.627
2024-01-16T15:07:00,CORE_FLUX_01,2050515673777.678
2024-01-16T15:07:00,CORE_FUEL_01,938.7204
2024-01-16T15:07:00,CORE_ROD_01,45.8057
2024-01-16T15:07:00,STEAM_PRES_01,73.2687
2024-01-16T15:07:00,STEAM_FEED_01,270.1876
2024-01-16T15:07:00,STEAM_TEMP_01,288.5527
2024-01-16T15:08:00,CORE_FLUX_01,2060731150996.935
2024-01-16T15:08:00,CORE_FUEL_01,934.5174
2024-01-16T15:08:00,CORE_ROD_01,47.0001
2024-01-16T15:08:00,CORE_EXIT_01,344.3082
2024-01-16T15:08:00,STEAM_PRES_01,73.2826
2024-01-16T15:08:00,STEAM_FEED_01,271.5489
2024-01-16T15:08:00,STEAM_DELTA_01,32.823
2024-01-16T15:08:00,STEAM_TEMP_01,288.9275
2024-01-16T15:09:00,CORE_FLUX_01,2159157117394.885
2024-01-16T15:09:00,CORE_FUEL_01,939.1249
2024-01-16T15:09:00,CORE_ROD_01,44.6028
2024-01-16T15:09:00,STEAM_PRES_01,72.7205
2024-01-16T15:09:00,STEAM_FEED_01,266.6897
2024-01-16T15:09:00,STEAM_TEMP_01,288.7546
2024-01-16T15:10:00,CORE_FLUX_01,2126450567556.1523
2024-01-16T15:10:00,CORE_FUEL_01,932.4251
2024-01-16T15:10:00,CORE_ROD_01,45.2389
2024-01-16T15:10:00,CORE_EXIT_01,343.4423
2024-01-16T15:10:00,STEAM_PRES_01,73.346
2024-01-16T15:10:00,STEAM_FEED_01,271.6415
2024-01-16T15:10:00,STEAM_DELTA_01,33.0343
2024-01-16T15:10:00,STEAM_TEMP_01,289.8324
2024-01-16T15:11:00,CORE_FLUX_01,2067440855019.5225
2024-01-16T15:11:00,CORE_FUEL_01,933.8923
2024-01-16T15:11:00,CORE_ROD_01,44.6128
2024-01-16T15:11:00,STEAM_PRES_01,72.6074
2024-01-16T15:11:00,STEAM_FEED_01,269.9285
2024-01-16T15:11:00,STEAM_TEMP_01,288.2387
2024-01-16T15:12:00,CORE_FLUX_01,2168040862748.3826
2024-01-16T15:12:00,CORE_FUEL_01,916.7599
2024-01-16T15:12:00,CORE_ROD_01,46.5143
2024-01-16T15:12:00,CORE_EXIT_01,342.9169
2024-01-16T15:12:00,STEAM_PRES_01,73.1712
2024-01-16T15:12:00,STEAM_FEED_01,267.0738
2024-01-16T15:12:00,STEAM_DELTA_01,32.5935
2024-01-16T15:12:00,STEAM_TEMP_01,288.2966
2024-01-16T15:13:00,CORE_FLUX_01,2159345374595.1863
2024-01-16T15:13:00,CORE_FUEL_01,921.2599
2024-01-16T15:13:00,CORE_ROD_01,44.9526
2024-01-16T15:13:00,STEAM_PRES_01,73.2683
2024-01-16T15:13:00,STEAM_FEED_01,270.2804
2024-01-16T15:13:00,STEAM_TEMP_01,289.3847
2024-01-16T15:14:00,CORE_FLUX_01,2114128100138.8914
2024-01-16T15:14:00,CORE_FUEL_01,930.3201
2024-01-16T15:14:00,CORE_ROD_01,45.3076
2024-01-16T15:14:00,CORE_EXIT_01,343.1087
2024-01-16T15:14:00,STEAM_PRES_01,73.0182
2024-01-16T15:14:00,STEAM_FEED_01,271.4998
2024-01-16T15:14:00,STEAM_DELTA_01,32.9263
2024-01-16T15:14:00,STEAM_TEMP_01,288.6843
2024-01-16T15:15:00,CORE_FLUX_01,2186787495967.4512
2024-01-16T15:15:00,CORE_FUEL_01,940.8186
2024-01-16T15:15:00,CORE_ROD_01,45.1371
2024-01-16T15:15:00,STEAM_PRES_01,73.0293
2024-01-16T15:15:00,STEAM_FEED_01,271.6048
2024-01-16T15:15:00,STEAM_TEMP_01,287.9239
2024-01-16T15:16:00,CORE_FLUX_01,2091168936673.2693
2024-01-16T15:16:00,CORE_FUEL_01,924.3324
2024-01-16T15:16:00,CORE_ROD_01,44.6776
2024-01-16T15:16:00,CORE_EXIT_01,344.3933
2024-01-16T15:16:00,STEAM_PRES_01,73.2403
2024-01-16T15:16:00,STEAM_FEED_01,268.7476
2024-01-16T15:16:00,STEAM_DELTA_01,32.8916
2024-01-16T15:16:00,STEAM_TEMP_01,288.8363
2024-01-16T15:17:00,CORE_FLUX_01,2135852559299.6304
2024-01-16T15:17:00,CORE_FUEL_01,921.1881
2024-01-16T15:17:00,CORE_ROD_01,45.1055
2024-01-16T15:17:00,STEAM_PRES_01,72.9994
2024-01-16T15:17:00,STEAM_FEED_01,266.421
2024-01-16T15:17:00,STEAM_TEMP_01,288.6301
2024-01-16T15:18:00,CORE_FLUX_01,2076948905274.736
2024-01-16T15:18:00,CORE_FUEL_01,930.9503
2024-01-16T15:18:00,CORE_ROD_01,45.1107
2024-01-16T15:18:00,CORE_EXIT_01,343.4412
2024-01-16T15:18:00,STEAM_PRES_01,73.2006
2024-01-16T15:18:00,STEAM_FEED_01,271.1447
2024-01-16T15:18:00,STEAM_DELTA_01,33.0813
2024-01-16T15:18:00,STEAM_TEMP_01,289.3942
2024-01-16T15:19:00,CORE_FLUX_01,2130702024877.331
2024-01-16T15:19:00,CORE_FUEL_01,925.8543
2024-01-16T15:19:00,CORE_ROD_01,47.7847
2024-01-16T15:19:00,STEAM_PRES_01,72.7531
2024-01-16T15:19:00,STEAM_FEED_01,267.9737
2024-01-16T15:19:00,STEAM_TEMP_01,287.7829
2024-01-16T15:20:00,CORE_FLUX_01,2127963980063.8362
2024-01-16T15:20:00,CORE_FUEL_01,921.2733
2024-01-16T15:20:00,CORE_ROD_01,46.3471
2024-01-16T15:20:00,CORE_EXIT_01,345.4414
2024-01-16T15:20:00,STEAM_PRES_01,72.9673
2024-01-16T15:20:00,STEAM_FEED_01,270.498
2024-01-16T15:20:00,STEAM_DELTA_01,33.0564
2024-01-16T15:20:00,STEAM_TEMP_01,287.9571
2024-01-16T15:21:00,CORE_FLUX_01,2196178046573.2102
2024-01-16T15:21:00,CORE_FUEL_01,935.2924
2024-01-16T15:21:00,CORE_ROD_01,43.9862
2024-01-16T15:21:00,STEAM_PRES_01,72.94
2024-01-16T15:21:00,STEAM_FEED_01,271.47
2024-01-16T15:21:00,STEAM_TEMP_01,288.1358
2024-01-16T15:22:00,CORE_FLUX_01,2140235001344.187
2024-01-16T15:22:00,CORE_FUEL_01,953.8509
2024-01-16T15:22:00,CORE_ROD_01,46.4438
2024-01-16T15:22:00,CORE_EXIT_01,342.4342
2024-01-16T15:22:00,STEAM_PRES_01,72.9852
2024-01-16T15:22:00,STEAM_FEED_01,271.4994
2024-01-16T15:22:00,STEAM_DELTA_01,32.7232
2024-01-16T15:22:00,STEAM_TEMP_01,288.1546
2024-01-16T15:23:00,CORE_FLUX_01,2140111674854.304
2024-01-16T15:23:00,CORE_FUEL_01,934.7266
2024-01-16T15:23:00,CORE_ROD_01,46.5894
2024-01-16T15:23:00,STEAM_PRES_01,72.9258
2024-01-16T15:23:00,STEAM_FEED_01,270.8527
2024-01-16T15:23:00,STEAM_TEMP_01,288.2085
2024-01-16T15:24:00,CORE_FLUX_01,2182098109102.7866
2024-01-16T15:24:00,CORE_FUEL_01,933.6858
2024-01-16T15:24:00,CORE_ROD_01,45.9204
2024-01-16T15:24:00,CORE_EXIT_01,343.464
2024-01-16T15:24:00,STEAM_PRES_01,73.2065
2024-01-16T15:24:00,STEAM_FEED_01,271.8341
2024-01-16T15:24:00,STEAM_DELTA_01,32.9041
2024-01-16T15:24:00,STEAM_TEMP_01,289.0356
2024-01-16T15:25:00,CORE_FLUX_01,2159658958075.6855
2024-01-16T15:25:00,CORE_FUEL_01,940.33
2024-01-16T15:25:00,CORE_ROD_01,45.9851
2024-01-16T15:25:00,STEAM_PRES_01,72.7613
2024-01-16T15:25:00,STEAM_FEED_01,265.6822
2024-01-16T15:25:00,STEAM_TEMP_01,288.0397
2024-01-16T15:26:00,CORE_FLUX_01,2191772105365.6711
2024-01-16T15:26:00,CORE_FUEL_01,928.8175
2024-01-16T15:26:00,CORE_ROD_01,45.2771
2024-01-16T15:26:00,CORE_EXIT_01,344.2015
2024-01-16T15:26:00,STEAM_PRES_01,73.1603
2024-01-16T15:26:00,STEAM_FEED_01,269.7537
2024-01-16T15:26:00,STEAM_DELTA_01,33.2188
2024-01-16T15:26:00,STEAM_TEMP_01,288.3707
2024-01-16T15:27:00,CORE_FLUX_01,2116005068736.9028
2024-01-16T15:27:00,CORE_FUEL_01,928.3134
2024-01-16T15:27:00,CORE_ROD_01,46.0165
2024-01-16T15:27:00,STEAM_PRES_01,73.0743
2024-01-16T15:27:00,STEAM_FEED_01,271.2358
2024-01-16T15:27:00,STEAM_TEMP_01,289.5318
2024-01-16T15:28:00,CORE_FLUX_01,2139848227741.85
2024-01-16T15:28:00,CORE_FUEL_01,940.1885
2024-01-16T15:28:00,CORE_ROD_01,45.8306
2024-01-16T15:28:00,CORE_EXIT_01,345.7104
2024-01-16T15:28:00,STEAM_PRES_01,72.7754
2024-01-16T15:28:00,STEAM_FEED_01,268.4752
2024-01-16T15:28:00,STEAM_DELTA_01,32.6277
2024-01-16T15:28:00,STEAM_TEMP_01,287.4426
2024-01-16T15:29:00,CORE_FLUX_01,2189610617864.9358
2024-01-16T15:29:00,CORE_FUEL_01,937.3107
2024-01-16T15:29:00,CORE_ROD_01,45.7393
2024-01-16T15:29:00,STEAM_PRES_01,73.1704
2024-01-16T15:29:00,STEAM_FEED_01,274.2213
2024-01-16T15:29:00,STEAM_TEMP_01,289.6713
2024-01-16T15:30:00,CORE_FLUX_01,2167001954044.7903
2024-01-16T15:30:00,CORE_FUEL_01,925.6734
2024-01-16T15:30:00,CORE_ROD_01,46.8832
2024-01-16T15:30:00,CORE_EXIT_01,346.8062
2024-01-16T15:30:00,STEAM_PRES_01,72.7213
2024-01-16T15:30:00,STEAM_FEED_01,266.7444
2024-01-16T15:30:00,STEAM_DELTA_01,32.5609
2024-01-16T15:30:00,STEAM_TEMP_01,288.5457
2024-01-16T15:31:00,CORE_FLUX_01,2208692792769.9624
2024-01-16T15:31:00,CORE_FUEL_01,930.7258
2024-01-16T15:31:00,CORE_ROD_01,45.0729
2024-01-16T15:31:00,STEAM_PRES_01,72.7719
2024-01-16T15:31:00,STEAM_FEED_01,265.8418
2024-01-16T15:31:00,STEAM_TEMP_01,288.7495
2024-01-16T15:32:00,CORE_FLUX_01,2095058160441.301
2024-01-16T15:32:00,CORE_FUEL_01,944.3214
2024-01-16T15:32:00,CORE_ROD_01,45.8783
2024-01-16T15:32:00,CORE_EXIT_01,345.7538
2024-01-16T15:32:00,STEAM_PRES_01,73.3254
2024-01-16T15:32:00,STEAM_FEED_01,273.4319
2024-01-16T15:32:00,STEAM_DELTA_01,33.0204
2024-01-16T15:32:00,STEAM_TEMP_01,289.2902
2024-01-16T15:33:00,CORE_FLUX_01,2145358204215.6003
2024-01-16T15:33:00,CORE_FUEL_01,943.3943
2024-01-16T15:33:00,CORE_ROD_01,46.1563
2024-01-16T15:33:00,STEAM_PRES_01,72.6718
2024-01-16T15:33:00,STEAM_FEED_01,266.2457
2024-01-16T15:33:00,STEAM_TEMP_01,287.6285
2024-01-16T15:34:00,CORE_FLUX_01,2177545571924.2693
2024-01-16T15:34:00,CORE_FUEL_01,937.1907
2024-01-16T15:34:00,CORE_ROD_01,44.772
2024-01-16T15:34:00,CORE_EXIT_01,342.5239
2024-01-16T15:34:00,STEAM_PRES_01,73.0142
2024-01-16T15:34:00,STEAM_FEED_01,269.2776
2024-01-16T15:34:00,STEAM_DELTA_01,32.7516
2024-01-16T15:34:00,STEAM_TEMP_01,288.807
2024-01-16T15:35:00,CORE_FLUX_01,2121360316526.4548
2024-01-16T15:35:00,CORE_FUEL_01,931.0038
2024-01-16T15:35:00,CORE_ROD_01,45.4931
2024-01-16T15:35:00,STEAM_PRES_01,73.1522
2024-01-16T15:35:00,STEAM_FEED_01,269.564
2024-01-16T15:35:00,STEAM_TEMP_01,289.2661
2024-01-16T15:36:00,CORE_FLUX_01,2175845377226.8896
2024-01-16T15:36:00,CORE_FUEL_01,943.1088
2024-01-16T15:36:00,CORE_ROD_01,45.363
2024-01-16T15:36:00,CORE_EXIT_01,345.1538
2024-01-16T15:36:00,STEAM_PRES_01,72.9811
2024-01-16T15:36:00,STEAM_FEED_01,266.9589
2024-01-16T15:36:00,STEAM_DELTA_01,32.8335
2024-01-16T15:36:00,STEAM_TEMP_01,287.6677
2024-01-16T15:37:00,CORE_FLUX_01,2149295005534.6885
2024-01-16T15:37:00,CORE_FUEL_01,941.8247
2024-01-16T15:37:00,CORE_ROD_01,45.8006
2024-01-16T15:37:00,STEAM_PRES_01,73.2991
2024-01-16T15:37:00,STEAM_FEED_01,273.0608
2024-01-16T15:37:00,STEAM_TEMP_01,288.6879
2024-01-16T15:38:00,CORE_FLUX_01,2148455480928.4988
2024-01-16T15:38:00,CORE_FUEL_01,942.9711
2024-01-16T15:38:00,CORE_ROD_01,47.4928
2024-01-16T15:38:00,CORE_EXIT_01,346.2946
2024-01-16T15:38:00,STEAM_PRES_01,72.9773
2024-01-16T15:38:00,STEAM_FEED_01,266.5525
2024-01-16T15:38:00,STEAM_DELTA_01,32.8626
2024-01-16T15:38:00,STEAM_TEMP_01,288.4798
2024-01-16T15:39:00,CORE_FLUX_01,2162066114046.0562
2024-01-16T15:39:00,CORE_FUEL_01,932.4202
2024-01-16T15:39:00,CORE_ROD_01,45.8787
2024-01-16T15:39:00,STEAM_PRES_01,73.0248
2024-01-16T15:39:00,STEAM_FEED_01,270.0452
2024-01-16T15:39:00,STEAM_TEMP_01,288.5389
2024-01-16T15:40:00,CORE_FLUX_01,2144640530975.5435
2024-01-16T15:40:00,CORE_FUEL_01,928.313
2024-01-16T15:40:00,CORE_ROD_01,45.5858
2024-01-16T15:40:00,CORE_EXIT_01,344.9849
2024-01-16T15:40:00,STEAM_PRES_01,72.8197
2024-01-16T15:40:00,STEAM_FEED_01,271.4863
2024-01-16T15:40:00,STEAM_DELTA_01,32.6777
2024-01-16T15:40:00,STEAM_TEMP_01,288.1718
2024-01-16T15:41:00,CORE_FLUX_01,2195432255131.2578
2024-01-16T15:41:00,CORE_FUEL_01,943.916
2024-01-16T15:41:00,CORE_ROD_01,44.7283
2024-01-16T15:41:00,STEAM_PRES_01,73.0722
2024-01-16T15:41:00,STEAM_FEED_01,270.7213
2024-01-16T15:41:00,STEAM_TEMP_01,288.9642
2024-01-16T15:42:00,CORE_FLUX_01,2123658316811.7288
2024-01-16T15:42:00,CORE_FUEL_01,938.1323
2024-01-16T15:42:00,CORE_ROD_01,45.8991
2024-01-16T15:42:00,CORE_EXIT_01,344.32
2024-01-16T15:42:00,STEAM_PRES_01,72.863
2024-01-16T15:42:00,STEAM_FEED_01,270.0051
2024-01-16T15:42:00,STEAM_DELTA_01,32.505
2024-01-16T15:42:00,STEAM_TEMP_01,288.4928
2024-01-16T15:43:00,CORE_FLUX_01,2131280555075.2747
2024-01-16T15:43:00,CORE_FUEL_01,938.8652
2024-01-16T15:43:00,CORE_ROD_01,44.5702
2024-01-16T15:43:00,STEAM_PRES_01,73.0656
2024-01-16T15:43:00,STEAM_FEED_01,268.9284
2024-01-16T15:43:00,STEAM_TEMP_01,287.666
2024-01-16T15:44:00,CORE_FLUX_01,2197214619965.2327
2024-01-16T15:44:00,CORE_FUEL_01,942.1266
2024-01-16T15:44:00,CORE_ROD_01,45.9003
2024-01-16T15:44:00,CORE_EXIT_01,346.8962
2024-01-16T15:44:00,STEAM_PRES_01,72.5976
2024-01-16T15:44:00,STEAM_FEED_01,267.9892
2024-01-16T15:44:00,STEAM_DELTA_01,32.2959
2024-01-16T15:44:00,STEAM_TEMP_01,287.959
2024-01-16T15:45:00,CORE_FLUX_01,2180610798089.942
2024-01-16T15:45:00,CORE_FUEL_01,924.6462
2024-01-16T15:45:00,CORE_ROD_01,45.1551
2024-01-16T15:45:00,STEAM_PRES_01,73.1238
2024-01-16T15:45:00,STEAM_FEED_01,273.3565
2024-01-16T15:45:00,STEAM_TEMP_01,288.2718
2024-01-16T15:46:00,CORE_FLUX_01,2167734417011.5337
2024-01-16T15:46:00,CORE_FUEL_01,939.5997
2024-01-16T15:46:00,CORE_ROD_01,45.3033
2024-01-16T15:46:00,CORE_EXIT_01,344.9724
2024-01-16T15:46:00,STEAM_PRES_01,72.6882
2024-01-16T15:46:00,STEAM_FEED_01,269.7349
2024-01-16T15:46:00,STEAM_DELTA_01,32.6561
2024-01-16T15:46:00,STEAM_TEMP_01,287.502
2024-01-16T15:47:00,CORE_FLUX_01,2122469050763.665
2024-01-16T15:47:00,CORE_FUEL_01,940.0168
2024-01-16T15:47:00,CORE_ROD_01,46.6311
2024-01-16T15:47:00,STEAM_PRES_01,72.9461
2024-01-16T15:47:00,STEAM_FEED_01,269.2962
2024-01-16T15:47:00,STEAM_TEMP_01,287.683
2024-01-16T15:48:00,CORE_FLUX_01,2193727888387.5593
2024-01-16T15:48:00,CORE_FUEL_01,936.3431
2024-01-16T15:48:00,CORE_ROD_01,46.4324
2024-01-16T15:48:00,CORE_EXIT_01,343.8489
2024-01-16T15:48:00,STEAM_PRES_01,73.5111
2024-01-16T15:48:00,STEAM_FEED_01,273.5643
2024-01-16T15:48:00,STEAM_DELTA_01,32.8256
2024-01-16T15:48:00,STEAM_TEMP_01,288.6478
2024-01-16T15:49:00,CORE_FLUX_01,2182376288355.13
2024-01-16T15:49:00,CORE_FUEL_01,934.4167
2024-01-16T15:49:00,CORE_ROD_01,43.3362
2024-01-16T15:49:00,STEAM_PRES_01,72.9641
2024-01-16T15:49:00,STEAM_FEED_01,269.4653
2024-01-16T15:49:00,STEAM_TEMP_01,288.2714
2024-01-16T15:50:00,CORE_FLUX_01,2158062598525.8018
2024-01-16T15:50:00,CORE_FUEL_01,931.6151
2024-01-16T15:50:00,CORE_ROD_01,45.0686
2024-01-16T15:50:00,CORE_EXIT_01,347.8065
2024-01-16T15:50:00,STEAM_PRES_01,73.09
2024-01-16T15:50:00,STEAM_FEED_01,270.2502
2024-01-16T15:50:00,STEAM_DELTA_01,32.8123
2024-01-16T15:50:00,STEAM_TEMP_01,288.2308
2024-01-16T15:51:00,CORE_FLUX_01,2168484411067.548
2024-01-16T15:51:00,CORE_FUEL_01,937.6081
2024-01-16T15:51:00,CORE_ROD_01,43.5368
2024-01-16T15:51:00,STEAM_PRES_01,73.1598
2024-01-16T15:51:00,STEAM_FEED_01,268.2203
2024-01-16T15:51:00,STEAM_TEMP_01,288.4622
2024-01-16T15:52:00,CORE_FLUX_01,2156034420400.1475
2024-01-16T15:52:00,CORE_FUEL_01,928.921
2024-01-16T15:52:00,CORE_ROD_01,44.716
2024-01-16T15:52:00,CORE_EXIT_01,346.1257
2024-01-16T15:52:00,STEAM_PRES_01,73.1491
2024-01-16T15:52:00,STEAM_FEED_01,273.6846
2024-01-16T15:52:00,STEAM_DELTA_01,33.0128
2024-01-16T15:52:00,STEAM_TEMP_01,288.3724
2024-01-16T15:53:00,CORE_FLUX_01,2197480259047.0671
2024-01-16T15:53:00,CORE_FUEL_01,940.8446
2024-01-16T15:53:00,CORE_ROD_01,44.1982
2024-01-16T15:53:00,STEAM_PRES_01,72.5936
2024-01-16T15:53:00,STEAM_FEED_01,265.3161
2024-01-16T15:53:00,STEAM_TEMP_01,287.3368
2024-01-16T15:54:00,CORE_FLUX_01,2192440623030.393
2024-01-16T15:54:00,CORE_FUEL_01,936.0757
2024-01-16T15:54:00,CORE_ROD_01,45.2613
2024-01-16T15:54:00,CORE_EXIT_01,347.1967
2024-01-16T15:54:00,STEAM_PRES_01,73.0621
2024-01-16T15:54:00,STEAM_FEED_01,270.1325
2024-01-16T15:54:00,STEAM_DELTA_01,32.7483
2024-01-16T15:54:00,STEAM_TEMP_01,288.7769
2024-01-16T15:55:00,CORE_FLUX_01,2153660092932.914
2024-01-16T15:55:00,CORE_FUEL_01,955.3665
2024-01-16T15:55:00,CORE_ROD_01,44.1743
2024-01-16T15:55:00,STEAM_PRES_01,72.6621
2024-01-16T15:55:00,STEAM_FEED_01,268.7702
2024-01-16T15:55:00,STEAM_TEMP_01,286.8428
2024-01-16T15:56:00,CORE_FLUX_01,2145080849524.5522
2024-01-16T15:56:00,CORE_FUEL_01,941.61
2024-01-16T15:56:00,CORE_ROD_01,44.35
2024-01-16T15:56:00,CORE_EXIT_01,342.4982
2024-01-16T15:56:00,STEAM_PRES_01,72.9781
2024-01-16T15:56:00,STEAM_FEED_01,272.7951
2024-01-16T15:56:00,STEAM_DELTA_01,32.7449
2024-01-16T15:56:00,STEAM_TEMP_01,288.8734
2024-01-16T15:57:00,CORE_FLUX_01,2226079931860.6914
2024-01-16T15:57:00,CORE_FUEL_01,928.6214
2024-01-16T15:57:00,CORE_ROD_01,45.9778
2024-01-16T15:57:00,STEAM_PRES_01,73.2118
2024-01-16T15:57:00,STEAM_FEED_01,270.4617
2024-01-16T15:57:00,STEAM_TEMP_01,288.5691
2024-01-16T15:58:00,CORE_FLUX_01,2205308984014.5283
2024-01-16T15:58:00,CORE_FUEL_01,928.5694
2024-01-16T15:58:00,CORE_ROD_01,44.7319
2024-01-16T15:58:00,CORE_EXIT_01,345.4863
2024-01-16T15:58:00,STEAM_PRES_01,72.6736
2024-01-16T15:58:00,STEAM_FEED_01,269.1705
2024-01-16T15:58:00,STEAM_DELTA_01,32.7471
2024-01-16T15:58:00,STEAM_TEMP_01,288.1291
2024-01-16T15:59:00,CORE_FLUX_01,2133946119732.4397
2024-01-16T15:59:00,CORE_FUEL_01,954.797
2024-01-16T15:59:00,CORE_ROD_01,44.7353
2024-01-16T15:59:00,STEAM_PRES_01,73.2267
2024-01-16T15:59:00,STEAM_FEED_01,273.3024
2024-01-16T15:59:00,STEAM_TEMP_01,288.9485
2024-01-16T16:00:00,CORE_FLUX_01,2172491104855.548
2024-01-16T16:00:00,CORE_FUEL_01,955.4057
2024-01-16T16:00:00,CORE_ROD_01,46.8892
2024-01-16T16:00:00,CORE_EXIT_01,347.592
2024-01-16T16:00:00,STEAM_PRES_01,72.6939
2024-01-16T16:00:00,STEAM_FEED_01,271.4455
2024-01-16T16:00:00,STEAM_DELTA_01,32.8209
2024-01-16T16:00:00,STEAM_TEMP_01,288.2161
2024-01-16T16:01:00,CORE_FLUX_01,2205683128200.7744
2024-01-16T16:01:00,CORE_FUEL_01,944.889
2024-01-16T16:01:00,CORE_ROD_01,45.0119
2024-01-16T16:01:00,STEAM_PRES_01,73.0276
2024-01-16T16:01:00,STEAM_FEED_01,271.5423
2024-01-16T16:01:00,STEAM_TEMP_01,289.7702
2024-01-16T16:02:00,CORE_FLUX_01,2157857533524.603
2024-01-16T16:02:00,CORE_FUEL_01,928.4966
2024-01-16T16:02:00,CORE_ROD_01,45.2524
2024-01-16T16:02:00,CORE_EXIT_01,347.0068
2024-01-16T16:02:00,STEAM_PRES_01,73.1787
2024-01-16T16:02:00,STEAM_FEED_01,271.9985
2024-01-16T16:02:00,STEAM_DELTA_01,32.8119
2024-01-16T16:02:00,STEAM_TEMP_01,288.354
2024-01-16T16:03:00,CORE_FLUX_01,2184548439762.436
2024-01-16T16:03:00,CORE_FUEL_01,942.6803
2024-01-16T16:03:00,CORE_ROD_01,45.9709
2024-01-16T16:03:00,STEAM_PRES_01,72.8908
2024-01-16T16:03:00,STEAM_FEED_01,271.9948
2024-01-16T16:03:00,STEAM_TEMP_01,287.8306
2024-01-16T16:04:00,CORE_FLUX_01,2156131714696.8325
2024-01-16T16:04:00,CORE_FUEL_01,930.4298
2024-01-16T16:04:00,CORE_ROD_01,43.6582
2024-01-16T16:04:00,CORE_EXIT_01,347.0131
2024-01-16T16:04:00,STEAM_PRES_01,73.0823
2024-01-16T16:04:00,STEAM_FEED_01,268.5231
2024-01-16T16:04:00,STEAM_DELTA_01,32.9945
2024-01-16T16:04:00,STEAM_TEMP_01,289.0776
2024-01-16T16:05:00,CORE_FLUX_01,2172796474411.2788
2024-01-16T16:05:00,CORE_FUEL_01,946.2375
2024-01-16T16:05:00,CORE_ROD_01,43.8389
2024-01-16T16:05:00,STEAM_PRES_01,72.7289
2024-01-16T16:05:00,STEAM_FEED_01,268.803
2024-01-16T16:05:00,STEAM_TEMP_01,288.5491
2024-01-16T16:06:00,CORE_FLUX_01,2147105122661.707
2024-01-16T16:06:00,CORE_FUEL_01,932.4234
2024-01-16T16:06:00,CORE_ROD_01,44.8101
2024-01-16T16:06:00,CORE_EXIT_01,348.5468
2024-01-16T16:06:00,STEAM_PRES_01,73.477
2024-01-16T16:06:00,STEAM_FEED_01,269.1054
2024-01-16T16:06:00,STEAM_DELTA_01,32.8896
2024-01-16T16:06:00,STEAM_TEMP_01,288.2658
2024-01-16T16:07:00,CORE_FLUX_01,2185081459414.2336
2024-01-16T16:07:00,CORE_FUEL_01,944.8574
2024-01-16T16:07:00,CORE_ROD_01,44.8778
2024-01-16T16:07:00,STEAM_PRES_01,72.8612
2024-01-16T16:07:00,STEAM_FEED_01,272.4534
2024-01-16T16:07:00,STEAM_TEMP_01,287.5604
2024-01-16T16:08:00,CORE_FLUX_01,2195352527107.878
2024-01-16T16:08:00,CORE_FUEL_01,939.4018
2024-01-16T16:08:00,CORE_ROD_01,42.6472
2024-01-16T16:08:00,CORE_EXIT_01,345.5468
2024-01-16T16:08:00,STEAM_PRES_01,73.4827
2024-01-16T16:08:00,STEAM_FEED_01,275.9343
2024-01-16T16:08:00,STEAM_DELTA_01,33.3862
2024-01-16T16:08:00,STEAM_TEMP_01,289.7642
2024-01-16T16:09:00,CORE_FLUX_01,2139807439867.2488
2024-01-16T16:09:00,CORE_FUEL_01,959.3296
2024-01-16T16:09:00,CORE_ROD_01,44.8408
2024-01-16T16:09:00,STEAM_PRES_01,73.1607
2024-01-16T16:09:00,STEAM_FEED_01,269.0294
2024-01-16T16:09:00,STEAM_TEMP_01,288.4149
2024-01-16T16:10:00,CORE_FLUX_01,2173081449805.4822
2024-01-16T16:10:00,CORE_FUEL_01,934.1022
2024-01-16T16:10:00,CORE_ROD_01,43.8349
2024-01-16T16:10:00,CORE_EXIT_01,344.6035
2024-01-16T16:10:00,STEAM_PRES_01,73.0439
2024-01-16T16:10:00,STEAM_FEED_01,270.3847
2024-01-16T16:10:00,STEAM_DELTA_01,32.7519
2024-01-16T16:10:00,STEAM_TEMP_01,289.0515
2024-01-16T16:11:00,CORE_FLUX_01,2191833309806.2627
2024-01-16T16:11:00,CORE_FUEL_01,956.7989
2024-01-16T16:11:00,CORE_ROD_01,44.0505
2024-01-16T16:11:00,STEAM_PRES_01,73.0616
2024-01-16T16:11:00,STEAM_FEED_01,267.1491
2024-01-16T16:11:00,STEAM_TEMP_01,289.3856
2024-01-16T16:12:00,CORE_FLUX_01,2172141559064.0095
2024-01-16T16:12:00,CORE_FUEL_01,933.5501
2024-01-16T16:12:00,CORE_ROD_01,45.1696
2024-01-16T16:12:00,CORE_EXIT_01,346.9876
2024-01-16T16:12:00,STEAM_PRES_01,72.7549
2024-01-16T16:12:00,STEAM_FEED_01,268.9942
2024-01-16T16:12:00,STEAM_DELTA_01,32.4457
2024-01-16T16:12:00,STEAM_TEMP_01,288.2856
2024-01-16T16:13:00,CORE_FLUX_01,2228804012539.895
2024-01-16T16:13:00,CORE_FUEL_01,932.9219
2024-01-16T16:13:00,CORE_ROD_01,46.2554
2024-01-16T16:13:00,STEAM_PRES_01,73.051
2024-01-16T16:13:00,STEAM_FEED_01,271.4734
2024-01-16T16:13:00,STEAM_TEMP_01,288.9862
2024-01-16T16:14:00,CORE_FLUX_01,2167776692679.9973
2024-01-16T16:14:00,CORE_FUEL_01,933.9365
2024-01-16T16:14:00,CORE_ROD_01,44.8159
2024-01-16T16:14:00,CORE_EXIT_01,345.1406
2024-01-16T16:14:00,STEAM_PRES_01,72.7811
2024-01-16T16:14:00,STEAM_FEED_01,266.8834
2024-01-16T16:14:00,STEAM_DELTA_01,32.6133
2024-01-16T16:14:00,STEAM_TEMP_01,287.9556
2024-01-16T16:15:00,CORE_FLUX_01,2135237003589.057
2024-01-16T16:15:00,CORE_FUEL_01,948.1875
2024-01-16T16:15:00,CORE_ROD_01,44.2959
2024-01-16T16:15:00,STEAM_PRES_01,73.1563
2024-01-16T16:15:00,STEAM_FEED_01,270.3905
2024-01-16T16:15:00,STEAM_TEMP_01,288.5193
2024-01-16T16:16:00,CORE_FLUX_01,2154711625906.6448
2024-01-16T16:16:00,CORE_FUEL_01,957.1591
2024-01-16T16:16:00,CORE_ROD_01,46.6127
2024-01-16T16:16:00,CORE_EXIT_01,346.194
2024-01-16T16:16:00,STEAM_PRES_01,73.2097
2024-01-16T16:16:00,STEAM_FEED_01,271.3977
2024-01-16T16:16:00,STEAM_DELTA_01,32.7745
2024-01-16T16:16:00,STEAM_TEMP_01,288.4172
2024-01-16T16:17:00,CORE_FLUX_01,2202327806744.8853
2024-01-16T16:17:00,CORE_FUEL_01,941.1685
2024-01-16T16:17:00,CORE_ROD_01,45.7659
2024-01-16T16:17:00,STEAM_PRES_01,72.8653
2024-01-16T16:17:00,STEAM_FEED_01,267.755
2024-01-16T16:17:00,STEAM_TEMP_01,287.8681
2024-01-16T16:18:00,CORE_FLUX_01,2194672348173.2556
2024-01-16T16:18:00,CORE_FUEL_01,930.0222
2024-01-16T16:18:00,CORE_ROD_01,43.0171
2024-01-16T16:18:00,CORE_EXIT_01,344.5274
2024-01-16T16:18:00,STEAM_PRES_01,72.7184
2024-01-16T16:18:00,STEAM_FEED_01,270.1979
2024-01-16T16:18:00,STEAM_DELTA_01,32.7751
2024-01-16T16:18:00,STEAM_TEMP_01,288.1907
2024-01-16T16:19:00,CORE_FLUX_01,2204602931782.5117
2024-01-16T16:19:00,CORE_FUEL_01,947.7098
2024-01-16T16:19:00,CORE_ROD_01,43.6024
2024-01-16T16:19:00,STEAM_PRES_01,73.1346
2024-01-16T16:19:00,STEAM_FEED_01,270.8725
2024-01-16T16:19:00,STEAM_TEMP_01,288.1624
2024-01-16T16:20:00,CORE_FLUX_01,2200102145717.7666
2024-01-16T16:20:00,CORE_FUEL_01,950.8203
2024-01-16T16:20:00,CORE_ROD_01,44.966
2024-01-16T16:20:00,CORE_EXIT_01,346.8067
2024-01-16T16:20:00,STEAM_PRES_01,72.8608
2024-01-16T16:20:00,STEAM_FEED_01,268.9518
2024-01-16T16:20:00,STEAM_DELTA_01,32.7167
2024-01-16T16:20:00,STEAM_TEMP_01,287.7271
2024-01-16T16:21:00,CORE_FLUX_01,2150139324322.4995
2024-01-16T16:21:00,CORE_FUEL_01,961.4425
2024-01-16T16:21:00,CORE_ROD_01,43.4986
2024-01-16T16:21:00,STEAM_PRES_01,73.1759
2024-01-16T16:21:00,STEAM_FEED_01,268.9584
2024-01-16T16:21:00,STEAM_TEMP_01,287.659
2024-01-16T16:22:00,CORE_FLUX_01,2210833198177.155
2024-01-16T16:22:00,CORE_FUEL_01,951.6149
2024-01-16T16:22:00,CORE_ROD_01,44.8074
2024-01-16T16:22:00,CORE_EXIT_01,347.6506
2024-01-16T16:22:00,STEAM_PRES_01,72.5722
2024-01-16T16:22:00,STEAM_FEED_01,268.5725
2024-01-16T16:22:00,STEAM_DELTA_01,32.6818
2024-01-16T16:22:00,STEAM_TEMP_01,288.7006
2024-01-16T16:23:00,CORE_FLUX_01,2187583737650.1614
2024-01-16T16:23:00,CORE_FUEL_01,943.4525
2024-01-16T16:23:00,CORE_ROD_01,45.822
2024-01-16T16:23:00,STEAM_PRES_01,73.1635
2024-01-16T16:23:00,STEAM_FEED_01,274.227
2024-01-16T16:23:00,STEAM_TEMP_01,288.1858
2024-01-16T16:24:00,CORE_FLUX_01,2206143236422.7036
2024-01-16T16:24:00,CORE_FUEL_01,945.4913
2024-01-16T16:24:00,CORE_ROD_01,43.947
2024-01-16T16:24:00,CORE_EXIT_01,346.1279
2024-01-16T16:24:00,STEAM_PRES_01,72.8755
2024-01-16T16:24:00,STEAM_FEED_01,268.7027
2024-01-16T16:24:00,STEAM_DELTA_01,32.8784
2024-01-16T16:24:00,STEAM_TEMP_01,287.8831
2024-01-16T16:25:00,CORE_FLUX_01,2185557120936.3472
2024-01-16T16:25:00,CORE_FUEL_01,950.8381
2024-01-16T16:25:00,CORE_ROD_01,44.2078
2024-01-16T16:25:00,STEAM_PRES_01,73.0501
2024-01-16T16:25:00,STEAM_FEED_01,271.9978
2024-01-16T16:25:00,STEAM_TEMP_01,288.6933
2024-01-16T16:26:00,CORE_FLUX_01,2185225677797.6519
2024-01-16T16:26:00,CORE_FUEL_01,965.0387
2024-01-16T16:26:00,CORE_ROD_01,44.4531
2024-01-16T16:26:00,CORE_EXIT_01,346.4405
2024-01-16T16:26:00,STEAM_PRES_01,73.2208
2024-01-16T16:26:00,STEAM_FEED_01,271.1693
2024-01-16T16:26:00,STEAM_DELTA_01,32.68
2024-01-16T16:26:00,STEAM_TEMP_01,288.2598
2024-01-16T16:27:00,CORE_FLUX_01,2175168173519.182
2024-01-16T16:27:00,CORE_FUEL_01,950.6819
2024-01-16T16:27:00,CORE_ROD_01,44.1188
2024-01-16T16:27:00,STEAM_PRES_01,73.1153
2024-01-16T16:27:00,STEAM_FEED_01,270.9189
2024-01-16T16:27:00,STEAM_TEMP_01,288.799
2024-01-16T16:28:00,CORE_FLUX_01,2122706988410.0825
2024-01-16T16:28:00,CORE_FUEL_01,950.7201
2024-01-16T16:28:00,CORE_ROD_01,43.0728
2024-01-16T16:28:00,CORE_EXIT_01,347.8903
2024-01-16T16:28:00,STEAM_PRES_01,73.2433
2024-01-16T16:28:00,STEAM_FEED_01,270.2547
2024-01-16T16:28:00,STEAM_DELTA_01,32.7221
2024-01-16T16:28:00,STEAM_TEMP_01,287.6685
2024-01-16T16:29:00,CORE_FLUX_01,2216488729629.79
2024-01-16T16:29:00,CORE_FUEL_01,953.6825
2024-01-16T16:29:00,CORE_ROD_01,45.3792
2024-01-16T16:29:00,STEAM_PRES_01,73.1857
2024-01-16T16:29:00,STEAM_FEED_01,269.3918
2024-01-16T16:29:00,STEAM_TEMP_01,288.3312
2024-01-16T16:30:00,CORE_FLUX_01,2209573662237.176
2024-01-16T16:30:00,CORE_FUEL_01,934.653
2024-01-16T16:30:00,CORE_ROD_01,45.6053
2024-01-16T16:30:00,CORE_EXIT_01,346.238
2024-01-16T16:30:00,STEAM_PRES_01,72.6637
2024-01-16T16:30:00,STEAM_FEED_01,267.6121
2024-01-16T16:30:00,STEAM_DELTA_01,32.3053
2024-01-16T16:30:00,STEAM_TEMP_01,286.8448
2024-01-16T16:31:00,CORE_FLUX_01,2212603632576.654
2024-01-16T16:31:00,CORE_FUEL_01,946.184
2024-01-16T16:31:00,CORE_ROD_01,44.8523
2024-01-16T16:31:00,STEAM_PRES_01,72.8391
2024-01-16T16:31:00,STEAM_FEED_01,268.3744
2024-01-16T16:31:00,STEAM_TEMP_01,287.4325
2024-01-16T16:32:00,CORE_FLUX_01,2217222408522.805
2024-01-16T16:32:00,CORE_FUEL_01,937.2088
2024-01-16T16:32:00,CORE_ROD_01,42.3459
2024-01-16T16:32:00,CORE_EXIT_01,345.9328
2024-01-16T16:32:00,STEAM_PRES_01,73.0227
2024-01-16T16:32:00,STEAM_FEED_01,270.8511
2024-01-16T16:32:00,STEAM_DELTA_01,32.7006
2024-01-16T16:32:00,STEAM_TEMP_01,287.3273
2024-01-16T16:33:00,CORE_FLUX_01,2227250849701.86
2024-01-16T16:33:00,CORE_FUEL_01,960.6498
2024-01-16T16:33:00,CORE_ROD_01,44.09
2024-01-16T16:33:00,STEAM_PRES_01,72.9486
2024-01-16T16:33:00,STEAM_FEED_01,265.4002
2024-01-16T16:33:00,STEAM_TEMP_01,287.0044
2024-01-16T16:34:00,CORE_FLUX_01,2214070036437.51
2024-01-16T16:34:00,CORE_FUEL_01,940.609
2024-01-16T16:34:00,CORE_ROD_01,44.308
2024-01-16T16:34:00,CORE_EXIT_01,347.5023
2024-01-16T16:34:00,STEAM_PRES_01,73.1127
2024-01-16T16:34:00,STEAM_FEED_01,269.9322
2024-01-16T16:34:00,STEAM_DELTA_01,32.7719
2024-01-16T16:34:00,STEAM_TEMP_01,288.2168
2024-01-16T16:35:00,CORE_FLUX_01,2200308825979.197
2024-01-16T16:35:00,CORE_FUEL_01,950.959
2024-01-16T16:35:00,CORE_ROD_01,43.0817
2024-01-16T16:35:00,STEAM_PRES_01,73.0515
2024-01-16T16:35:00,STEAM_FEED_01,272.7449
2024-01-16T16:35:00,STEAM_TEMP_01,289.1968
2024-01-16T16:36:00,CORE_FLUX_01,2265444460687.83
2024-01-16T16:36:00,CORE_FUEL_01,950.2488
2024-01-16T16:36:00,CORE_ROD_01,45.3898
2024-01-16T16:36:00,CORE_EXIT_01,346.6164
2024-01-16T16:36:00,STEAM_PRES_01,72.929
2024-01-16T16:36:00,STEAM_FEED_01,266.7764
2024-01-16T16:36:00,STEAM_DELTA_01,32.6405
2024-01-16T16:36:00,STEAM_TEMP_01,288.3193
2024-01-16T16:37:00,CORE_FLUX_01,2165446256371.9944
2024-01-16T16:37:00,CORE_FUEL_01,959.0946
2024-01-16T16:37:00,CORE_ROD_01,42.9834
2024-01-16T16:37:00,STEAM_PRES_01,72.8339
2024-01-16T16:37:00,STEAM_FEED_01,268.6443
2024-01-16T16:37:00,STEAM_TEMP_01,287.1408
2024-01-16T16:38:00,CORE_FLUX_01,2247809821840.497
2024-01-16T16:38:00,CORE_FUEL_01,957.0509
2024-01-16T16:38:00,CORE_ROD_01,44.4013
2024-01-16T16:38:00,CORE_EXIT_01,346.5607
2024-01-16T16:38:00,STEAM_PRES_01,72.7188
2024-01-16T16:38:00,STEAM_FEED_01,269.8232
2024-01-16T16:38:00,STEAM_DELTA_01,32.8327
2024-01-16T16:38:00,STEAM_TEMP_01,288.3361
2024-01-16T16:39:00,CORE_FLUX_01,2226986036645.9204
2024-01-16T16:39:00,CORE_FUEL_01,948.0361
2024-01-16T16:39:00,CORE_ROD_01,44.8156
2024-01-16T16:39:00,STEAM_PRES_01,73.1676
2024-01-16T16:39:00,STEAM_FEED_01,266.0779
2024-01-16T16:39:00,STEAM_TEMP_01,287.5467
2024-01-16T16:40:00,CORE_FLUX_01,2194474925096.7476
2024-01-16T16:40:00,CORE_FUEL_01,938.5957
2024-01-16T16:40:00,CORE_ROD_01,42.0794
2024-01-16T16:40:00,CORE_EXIT_01,345.6909
2024-01-16T16:40:00,STEAM_PRES_01,73.247
2024-01-16T16:40:00,STEAM_FEED_01,271.1843
2024-01-16T16:40:00,STEAM_DELTA_01,32.7811
2024-01-16T16:40:00,STEAM_TEMP_01,288.3821
2024-01-16T16:41:00,CORE_FLUX_01,2212074171120.062
2024-01-16T16:41:00,CORE_FUEL_01,935.5806
2024-01-16T16:41:00,CORE_ROD_01,43.9984
2024-01-16T16:41:00,STEAM_PRES_01,72.9382
2024-01-16T16:41:00,STEAM_FEED_01,267.6524
2024-01-16T16:41:00,STEAM_TEMP_01,287.9761
2024-01-16T16:42:00,CORE_FLUX_01,2184156908620.306
2024-01-16T16:42:00,CORE_FUEL_01,948.8332
2024-01-16T16:42:00,CORE_ROD_01,43.5433
2024-01-16T16:42:00,CORE_EXIT_01,346.2847
2024-01-16T16:42:00,STEAM_PRES_01,72.9337
2024-01-16T16:42:00,STEAM_FEED_01,269.7603
2024-01-16T16:42:00,STEAM_DELTA_01,32.5315
2024-01-16T16:42:00,STEAM_TEMP_01,287.4147
2024-01-16T16:43:00,CORE_FLUX_01,2243301166383.2163
2024-01-16T16:43:00,CORE_FUEL_01,957.1565
2024-01-16T16:43:00,CORE_ROD_01,43.0343
2024-01-16T16:43:00,STEAM_PRES_01,72.9889
2024-01-16T16:43:00,STEAM_FEED_01,271.515
2024-01-16T16:43:00,STEAM_TEMP_01,288.8728
2024-01-16T16:44:00,CORE_FLUX_01,2199166298583.8994
2024-01-16T16:44:00,CORE_FUEL_01,957.8526
2024-01-16T16:44:00,CORE_ROD_01,43.5942
2024-01-16T16:44:00,CORE_EXIT_01,347.1574
2024-01-16T16:44:00,STEAM_PRES_01,72.9431
2024-01-16T16:44:00,STEAM_FEED_01,271.0172
2024-01-16T16:44:00,STEAM_DELTA_01,32.7777
2024-01-16T16:44:00,STEAM_TEMP_01,286.5382
2024-01-16T16:45:00,CORE_FLUX_01,2228549732685.448
2024-01-16T16:45:00,CORE_FUEL_01,952.5926
2024-01-16T16:45:00,CORE_ROD_01,41.9035
2024-01-16T16:45:00,STEAM_PRES_01,72.9274
2024-01-16T16:45:00,STEAM_FEED_01,267.6116
2024-01-16T16:45:00,STEAM_TEMP_01,288.7764
2024-01-16T16:46:00,CORE_FLUX_01,2275382603337.353
2024-01-16T16:46:00,CORE_FUEL_01,953.064
2024-01-16T16:46:00,CORE_ROD_01,42.0164
2024-01-16T16:46:00,CORE_EXIT_01,346.5669
2024-01-16T16:46:00,STEAM_PRES_01,72.7904
2024-01-16T16:46:00,STEAM_FEED_01,270.1492
2024-01-16T16:46:00,STEAM_DELTA_01,32.6324
2024-01-16T16:46:00,STEAM_TEMP_01,287.6314
2024-01-16T16:47:00,CORE_FLUX_01,2227712125101.449
2024-01-16T16:47:00,CORE_FUEL_01,949.3174
2024-01-16T16:47:00,CORE_ROD_01,42.5193
2024-01-16T16:47:00,STEAM_PRES_01,72.8741
2024-01-16T16:47:00,STEAM_FEED_01,270.4175
2024-01-16T16:47:00,STEAM_TEMP_01,287.575
2024-01-16T16:48:00,CORE_FLUX_01,2174643144156.7695
2024-01-16T16:48:00,CORE_FUEL_01,958.5816
2024-01-16T16:48:00,CORE_ROD_01,43.2856
2024-01-16T16:48:00,CORE_EXIT_01,348.4343
2024-01-16T16:48:00,STEAM_PRES_01,72.9478
2024-01-16T16:48:00,STEAM_FEED_01,270.9366
2024-01-16T16:48:00,STEAM_DELTA_01,32.686
2024-01-16T16:48:00,STEAM_TEMP_01,287.898
2024-01-16T16:49:00,CORE_FLUX_01,2171498275360.508
2024-01-16T16:49:00,CORE_FUEL_01,956.9275
2024-01-16T16:49:00,CORE_ROD_01,45.5102
2024-01-16T16:49:00,STEAM_PRES_01,72.9078
2024-01-16T16:49:00,STEAM_FEED_01,272.6887
2024-01-16T16:49:00,STEAM_TEMP_01,288.0405
2024-01-16T16:50:00,CORE_FLUX_01,2183737017712.4312
2024-01-16T16:50:00,CORE_FUEL_01,956.9283
2024-01-16T16:50:00,CORE_ROD_01,44.6968
2024-01-16T16:50:00,CORE_EXIT_01,348.4131
2024-01-16T16:50:00,STEAM_PRES_01,72.8618
2024-01-16T16:50:00,STEAM_FEED_01,268.5226
2024-01-16T16:50:00,STEAM_DELTA_01,32.2552
2024-01-16T16:50:00,STEAM_TEMP_01,287.4719
2024-01-16T16:51:00,CORE_FLUX_01,2232681141625.773
2024-01-16T16:51:00,CORE_FUEL_01,960.2547
2024-01-16T16:51:00,CORE_ROD_01,42.7999
2024-01-16T16:51:00,STEAM_PRES_01,72.8103
2024-01-16T16:51:00,STEAM_FEED_01,268.3321
2024-01-16T16:51:00,STEAM_TEMP_01,287.8149
2024-01-16T16:52:00,CORE_FLUX_01,2246807745166.6665
2024-01-16T16:52:00,CORE_FUEL_01,955.6971
2024-01-16T16:52:00,CORE_ROD_01,44.3113
2024-01-16T16:52:00,CORE_EXIT_01,344.123
2024-01-16T16:52:00,STEAM_PRES_01,72.421
2024-01-16T16:52:00,STEAM_FEED_01,267.3975
2024-01-16T16:52:00,STEAM_DELTA_01,32.415
2024-01-16T16:52:00,STEAM_TEMP_01,286.7265
2024-01-16T16:53:00,CORE_FLUX_01,2270352739592.442
2024-01-16T16:53:00,CORE_FUEL_01,956.1487
2024-01-16T16:53:00,CORE_ROD_01,43.7264
2024-01-16T16:53:00,STEAM_PRES_01,72.8503
2024-01-16T16:53:00,STEAM_FEED_01,268.5369
2024-01-16T16:53:00,STEAM_TEMP_01,287.2056
2024-01-16T16:54:00,CORE_FLUX_01,2213217585847.2993
2024-01-16T16:54:00,CORE_FUEL_01,943.1037
2024-01-16T16:54:00,CORE_ROD_01,44.2753
2024-01-16T16:54:00,CORE_EXIT_01,344.8761
2024-01-16T16:54:00,STEAM_PRES_01,72.9059
2024-01-16T16:54:00,STEAM_FEED_01,267.8628
2024-01-16T16:54:00,STEAM_DELTA_01,32.5264
2024-01-16T16:54:00,STEAM_TEMP_01,287.7231
2024-01-16T16:55:00,CORE_FLUX_01,2167203812532.1042
2024-01-16T16:55:00,CORE_FUEL_01,932.5341
2024-01-16T16:55:00,CORE_ROD_01,45.4764
2024-01-16T16:55:00,STEAM_PRES_01,72.919
2024-01-16T16:55:00,STEAM_FEED_01,271.8056
2024-01-16T16:55:00,STEAM_TEMP_01,288.2521
2024-01-16T16:56:00,CORE_FLUX_01,2252801605311.387
2024-01-16T16:56:00,CORE_FUEL_01,969.8247
2024-01-16T16:56:00,CORE_ROD_01,43.7878
2024-01-16T16:56:00,CORE_EXIT_01,345.5879
2024-01-16T16:56:00,STEAM_PRES_01,73.0109
2024-01-16T16:56:00,STEAM_FEED_01,271.9869
2024-01-16T16:56:00,STEAM_DELTA_01,32.7313
2024-01-16T16:56:00,STEAM_TEMP_01,287.6062
2024-01-16T16:57:00,CORE_FLUX_01,2207760029631.1646
2024-01-16T16:57:00,CORE_FUEL_01,973.8935
2024-01-16T16:57:00,CORE_ROD_01,43.3486
2024-01-16T16:57:00,STEAM_PRES_01,72.919
2024-01-16T16:57:00,STEAM_FEED_01,271.6706
2024-01-16T16:57:00,STEAM_TEMP_01,287.9264
2024-01-16T16:58:00,CORE_FLUX_01,2160145711529.3948
2024-01-16T16:58:00,CORE_FUEL_01,958.6795
2024-01-16T16:58:00,CORE_ROD_01,43.6111
2024-01-16T16:58:00,CORE_EXIT_01,348.0283
2024-01-16T16:58:00,STEAM_PRES_01,72.7051
2024-01-16T16:58:00,STEAM_FEED_01,265.9563
2024-01-16T16:58:00,STEAM_DELTA_01,31.8867
2024-01-16T16:58:00,STEAM_TEMP_01,287.1354
2024-01-16T16:59:00,CORE_FLUX_01,2256621830906.607
2024-01-16T16:59:00,CORE_FUEL_01,941.7445
2024-01-16T16:59:00,CORE_ROD_01,43.8939
2024-01-16T16:59:00,STEAM_PRES_01,72.8669
2024-01-16T16:59:00,STEAM_FEED_01,271.8279
2024-01-16T16:59:00,STEAM_TEMP_01,288.3716
2024-01-16T17:00:00,CORE_FLUX_01,2212581070646.395
2024-01-16T17:00:00,CORE_FUEL_01,945.6964
2024-01-16T17:00:00,CORE_ROD_01,44.153
2024-01-16T17:00:00,CORE_EXIT_01,349.5497
2024-01-16T17:00:00,STEAM_PRES_01,73.2213
2024-01-16T17:00:00,STEAM_FEED_01,267.78
2024-01-16T17:00:00,STEAM_DELTA_01,32.3455
2024-01-16T17:00:00,STEAM_TEMP_01,286.9218
2024-01-16T17:01:00,CORE_FLUX_01,2223513037897.2495
2024-01-16T17:01:00,CORE_FUEL_01,952.9302
2024-01-16T17:01:00,CORE_ROD_01,43.6396
2024-01-16T17:01:00,STEAM_PRES_01,72.4667
2024-01-16T17:01:00,STEAM_FEED_01,266.1456
2024-01-16T17:01:00,STEAM_TEMP_01,286.9912
2024-01-16T17:02:00,CORE_FLUX_01,2285131033104.1216
2024-01-16T17:02:00,CORE_FUEL_01,944.276
2024-01-16T17:02:00,CORE_ROD_01,42.9131
2024-01-16T17:02:00,CORE_EXIT_01,348.0621
2024-01-16T17:02:00,STEAM_PRES_01,72.9199
2024-01-16T17:02:00,STEAM_FEED_01,266.8765
2024-01-16T17:02:00,STEAM_DELTA_01,32.5387
2024-01-16T17:02:00,STEAM_TEMP_01,288.3382
2024-01-16T17:03:00,CORE_FLUX_01,2161149908554.679
2024-01-16T17:03:00,CORE_FUEL_01,971.205
2024-01-16T17:03:00,CORE_ROD_01,41.5271
2024-01-16T17:03:00,STEAM_PRES_01,73.0794
2024-01-16T17:03:00,STEAM_FEED_01,271.6803
2024-01-16T17:03:00,STEAM_TEMP_01,288.8568
2024-01-16T17:04:00,CORE_FLUX_01,2231820664381.692
2024-01-16T17:04:00,CORE_FUEL_01,947.5
2024-01-16T17:04:00,CORE_ROD_01,43.0391
2024-01-16T17:04:00,CORE_EXIT_01,348.9598
2024-01-16T17:04:00,STEAM_PRES_01,73.176
2024-01-16T17:04:00,STEAM_FEED_01,269.1528
2024-01-16T17:04:00,STEAM_DELTA_01,32.286
2024-01-16T17:04:00,STEAM_TEMP_01,288.0076
2024-01-16T17:05:00,CORE_FLUX_01,2236974539454.4062
2024-01-16T17:05:00,CORE_FUEL_01,945.2577
2024-01-16T17:05:00,CORE_ROD_01,42.6686
2024-01-16T17:05:00,STEAM_PRES_01,73.0776
2024-01-16T17:05:00,STEAM_FEED_01,271.5182
2024-01-16T17:05:00,STEAM_TEMP_01,289.067
2024-01-16T17:06:00,CORE_FLUX_01,2221050402478.0327
2024-01-16T17:06:00,CORE_FUEL_01,949.0492
2024-01-16T17:06:00,CORE_ROD_01,43.1063
2024-01-16T17:06:00,CORE_EXIT_01,348.112
2024-01-16T17:06:00,STEAM_PRES_01,73.1678
2024-01-16T17:06:00,STEAM_FEED_01,274.2611
2024-01-16T17:06:00,STEAM_DELTA_01,32.5835
2024-01-16T17:06:00,STEAM_TEMP_01,288.8886
2024-01-16T17:07:00,CORE_FLUX_01,2240396819541.944
2024-01-16T17:07:00,CORE_FUEL_01,958.2883
2024-01-16T17:07:00,CORE_ROD_01,43.2338
2024-01-16T17:07:00,STEAM_PRES_01,72.8732
2024-01-16T17:07:00,STEAM_FEED_01,269.9317
2024-01-16T17:07:00,STEAM_TEMP_01,287.9834
2024-01-16T17:08:00,CORE_FLUX_01,2257685109515.3667
2024-01-16T17:08:00,CORE_FUEL_01,964.582
2024-01-16T17:08:00,CORE_ROD_01,42.5507
2024-01-16T17:08:00,CORE_EXIT_01,347.9366
2024-01-16T17:08:00,STEAM_PRES_01,73.2
2024-01-16T17:08:00,STEAM_FEED_01,270.2719
2024-01-16T17:08:00,STEAM_DELTA_01,32.8462
2024-01-16T17:08:00,STEAM_TEMP_01,288.0745
2024-01-16T17:09:00,CORE_FLUX_01,2231856222520.089
2024-01-16T17:09:00,CORE_FUEL_01,952.8913
2024-01-16T17:09:00,CORE_ROD_01,42.3658
2024-01-16T17:09:00,STEAM_PRES_01,72.8804
2024-01-16T17:09:00,STEAM_FEED_01,270.4906
2024-01-16T17:09:00,STEAM_TEMP_01,287.3947
2024-01-16T17:10:00,CORE_FLUX_01,2217782580644.3936
2024-01-16T17:10:00,CORE_FUEL_01,967.4356
2024-01-16T17:10:00,CORE_ROD_01,42.3904
2024-01-16T17:10:00,CORE_EXIT_01,346.1661
2024-01-16T17:10:00,STEAM_PRES_01,73.0118
2024-01-16T17:10:00,STEAM_FEED_01,270.4071
2024-01-16T17:10:00,STEAM_DELTA_01,32.5177
2024-01-16T17:10:00,STEAM_TEMP_01,287.8849
2024-01-16T17:11:00,CORE_FLUX_01,2241145378197.27
2024-01-16T17:11:00,CORE_FUEL_01,937.3873
2024-01-16T17:11:00,CORE_ROD_01,43.6417
2024-01-16T17:11:00,STEAM_PRES_01,73.0126
2024-01-16T17:11:00,STEAM_FEED_01,270.9605
2024-01-16T17:11:00,STEAM_TEMP_01,287.5293
2024-01-16T17:12:00,CORE_FLUX_01,2211281487070.984
2024-01-16T17:12:00,CORE_FUEL_01,956.788
2024-01-16T17:12:00,CORE_ROD_01,43.8833
2024-01-16T17:12:00,CORE_EXIT_01,348.147
2024-01-16T17:12:00,STEAM_PRES_01,72.9444
2024-01-16T17:12:00,STEAM_FEED_01,269.5168
2024-01-16T17:12:00,STEAM_DELTA_01,32.5929
2024-01-16T17:12:00,STEAM_TEMP_01,288.0478
2024-01-16T17:13:00,CORE_FLUX_01,2211551957958.9604
2024-01-16T17:13:00,CORE_FUEL_01,964.4835
2024-01-16T17:13:00,CORE_ROD_01,43.7618
2024-01-16T17:13:00,STEAM_PRES_01,72.8075
2024-01-16T17:13:00,STEAM_FEED_01,269.4312
2024-01-16T17:13:00,STEAM_TEMP_01,287.951
2024-01-16T17:14:00,CORE_FLUX_01,2258075833445.28
2024-01-16T17:14:00,CORE_FUEL_01,964.9
2024-01-16T17:14:00,CORE_ROD_01,43.792
2024-01-16T17:14:00,CORE_EXIT_01,346.8932
2024-01-16T17:14:00,STEAM_PRES_01,73.1232
2024-01-16T17:14:00,STEAM_FEED_01,270.3303
2024-01-16T17:14:00,STEAM_DELTA_01,32.5159
2024-01-16T17:14:00,STEAM_TEMP_01,287.8066
2024-01-16T17:15:00,CORE_FLUX_01,2195868625243.2778
2024-01-16T17:15:00,CORE_FUEL_01,957.8996
2024-01-16T17:15:00,CORE_ROD_01,42.8914
2024-01-16T17:15:00,STEAM_PRES_01,72.7682
2024-01-16T17:15:00,STEAM_FEED_01,271.9879
2024-01-16T17:15:00,STEAM_TEMP_01,287.8213
2024-01-16T17:16:00,CORE_FLUX_01,2244481286906.729
2024-01-16T17:16:00,CORE_FUEL_01,943.0216
2024-01-16T17:16:00,CORE_ROD_01,42.85
2024-01-16T17:16:00,CORE_EXIT_01,346.8916
2024-01-16T17:16:00,STEAM_PRES_01,73.2102
2024-01-16T17:16:00,STEAM_FEED_01,272.0559
2024-01-16T17:16:00,STEAM_DELTA_01,32.6333
2024-01-16T17:16:00,STEAM_TEMP_01,286.6983
2024-01-16T17:17:00,CORE_FLUX_01,2254071420537.1978
2024-01-16T17:17:00,CORE_FUEL_01,955.2185
2024-01-16T17:17:00,CORE_ROD_01,43.3613
2024-01-16T17:17:00,STEAM_PRES_01,73.0567
2024-01-16T17:17:00,STEAM_FEED_01,268.6456
2024-01-16T17:17:00,STEAM_TEMP_01,288.2984
2024-01-16T17:18:00,CORE_FLUX_01,2263809791457.3965
2024-01-16T17:18:00,CORE_FUEL_01,954.0961
2024-01-16T17:18:00,CORE_ROD_01,42.5166
2024-01-16T17:18:00,CORE_EXIT_01,349.3659
2024-01-16T17:18:00,STEAM_PRES_01,72.9812
2024-01-16T17:18:00,STEAM_FEED_01,268.2357
2024-01-16T17:18:00,STEAM_DELTA_01,32.5006
2024-01-16T17:18:00,STEAM_TEMP_01,287.929
2024-01-16T17:19:00,CORE_FLUX_01,2221865503131.208
2024-01-16T17:19:00,CORE_FUEL_01,965.8411
2024-01-16T17:19:00,CORE_ROD_01,43.3421
2024-01-16T17:19:00,STEAM_PRES_01,73.0123
2024-01-16T17:19:00,STEAM_FEED_01,270.8644
2024-01-16T17:19:00,STEAM_TEMP_01,287.6941
2024-01-16T17:20:00,CORE_FLUX_01,2246210760440.1304
2024-01-16T17:20:00,CORE_FUEL_01,954.1806
2024-01-16T17:20:00,CORE_ROD_01,43.5369
2024-01-16T17:20:00,CORE_EXIT_01,347.993
2024-01-16T17:20:00,STEAM_PRES_01,73.2979
2024-01-16T17:20:00,STEAM_FEED_01,270.708
2024-01-16T17:20:00,STEAM_DELTA_01,32.5357
2024-01-16T17:20:00,STEAM_TEMP_01,287.8746
2024-01-16T17:21:00,CORE_FLUX_01,2233617065756.1616
2024-01-16T17:21:00,CORE_FUEL_01,952.4484
2024-01-16T17:21:00,CORE_ROD_01,42.4072
2024-01-16T17:21:00,STEAM_PRES_01,73.181
2024-01-16T17:21:00,STEAM_FEED_01,266.6676
2024-01-16T17:21:00,STEAM_TEMP_01,288.8361
2024-01-16T17:22:00,CORE_FLUX_01,2271393601820.5283
2024-01-16T17:22:00,CORE_FUEL_01,963.567
2024-01-16T17:22:00,CORE_ROD_01,43.6583
2024-01-16T17:22:00,CORE_EXIT_01,347.9981
2024-01-16T17:22:00,STEAM_PRES_01,73.072
2024-01-16T17:22:00,STEAM_FEED_01,267.9194
2024-01-16T17:22:00,STEAM_DELTA_01,32.4937
2024-01-16T17:22:00,STEAM_TEMP_01,287.656
2024-01-16T17:23:00,CORE_FLUX_01,2172173107629.6904
2024-01-16T17:23:00,CORE_FUEL_01,942.1063
2024-01-16T17:23:00,CORE_ROD_01,42.7944
2024-01-16T17:23:00,STEAM_PRES_01,72.6419
2024-01-16T17:23:00,STEAM_FEED_01,268.0423
2024-01-16T17:23:00,STEAM_TEMP_01,287.337
2024-01-16T17:24:00,CORE_FLUX_01,2264839034914.6724
2024-01-16T17:24:00,CORE_FUEL_01,940.0714
2024-01-16T17:24:00,CORE_ROD_01,42.7193
2024-01-16T17:24:00,CORE_EXIT_01,346.9523
2024-01-16T17:24:00,STEAM_PRES_01,73.061
2024-01-16T17:24:00,STEAM_FEED_01,273.6008
2024-01-16T17:24:00,STEAM_DELTA_01,32.4365
2024-01-16T17:24:00,STEAM_TEMP_01,287.7487
2024-01-16T17:25:00,CORE_FLUX_01,2226997812610.668
2024-01-16T17:25:00,CORE_FUEL_01,962.1399
2024-01-16T17:25:00,CORE_ROD_01,43.134
2024-01-16T17:25:00,STEAM_PRES_01,72.5386
2024-01-16T17:25:00,STEAM_FEED_01,264.8762
2024-01-16T17:25:00,STEAM_TEMP_01,286.1838
2024-01-16T17:26:00,CORE_FLUX_01,2257641454576.5337
2024-01-16T17:26:00,CORE_FUEL_01,960.9146
2024-01-16T17:26:00,CORE_ROD_01,42.0318
2024-01-16T17:26:00,CORE_EXIT_01,347.868
2024-01-16T17:26:00,STEAM_PRES_01,72.9223
2024-01-16T17:26:00,STEAM_FEED_01,271.6672
2024-01-16T17:26:00,STEAM_DELTA_01,32.8658
2024-01-16T17:26:00,STEAM_TEMP_01,287.8573
2024-01-16T17:27:00,CORE_FLUX_01,2194182511141.4124
2024-01-16T17:27:00,CORE_FUEL_01,963.5189
2024-01-16T17:27:00,CORE_ROD_01,42.9162
2024-01-16T17:27:00,STEAM_PRES_01,73.2992
2024-01-16T17:27:00,STEAM_FEED_01,267.7254
2024-01-16T17:27:00,STEAM_TEMP_01,287.6356
2024-01-16T17:28:00,CORE_FLUX_01,2233678955270.5845
2024-01-16T17:28:00,CORE_FUEL_01,944.1182
2024-01-16T17:28:00,CORE_ROD_01,42.865
2024-01-16T17:28:00,CORE_EXIT_01,346.4303
2024-01-16T17:28:00,STEAM_PRES_01,72.9078
2024-01-16T17:28:00,STEAM_FEED_01,269.6204
2024-01-16T17:28:00,STEAM_DELTA_01,32.3926
2024-01-16T17:28:00,STEAM_TEMP_01,287.8941
2024-01-16T17:29:00,CORE_FLUX_01,2250524083229.384
2024-01-16T17:29:00,CORE_FUEL_01,956.5629
2024-01-16T17:29:00,CORE_ROD_01,42.4903
2024-01-16T17:29:00,STEAM_PRES_01,72.9082
2024-01-16T17:29:00,STEAM_FEED_01,270.3494
2024-01-16T17:29:00,STEAM_TEMP_01,288.0074
2024-01-16T17:30:00,CORE_FLUX_01,2196623250810.046
2024-01-16T17:30:00,CORE_FUEL_01,983.48
2024-01-16T17:30:00,CORE_ROD_01,41.97
2024-01-16T17:30:00,CORE_EXIT_01,349.0913
2024-01-16T17:30:00,STEAM_PRES_01,73.0866
2024-01-16T17:30:00,STEAM_FEED_01,269.2961
2024-01-16T17:30:00,STEAM_DELTA_01,32.6171
2024-01-16T17:30:00,STEAM_TEMP_01,287.7302
2024-01-16T17:31:00,CORE_FLUX_01,2264323118853.829
2024-01-16T17:31:00,CORE_FUEL_01,969.5567
2024-01-16T17:31:00,CORE_ROD_01,41.497
2024-01-16T17:31:00,STEAM_PRES_01,72.7693
2024-01-16T17:31:00,STEAM_FEED_01,268.9293
2024-01-16T17:31:00,STEAM_TEMP_01,287.7182
2024-01-16T17:32:00,CORE_FLUX_01,2237598013179.556
2024-01-16T17:32:00,CORE_FUEL_01,953.7598
2024-01-16T17:32:00,CORE_ROD_01,42.7157
2024-01-16T17:32:00,CORE_EXIT_01,348.6088
2024-01-16T17:32:00,STEAM_PRES_01,73.0253
2024-01-16T17:32:00,STEAM_FEED_01,270.3477
2024-01-16T17:32:00,STEAM_DELTA_01,32.9765
2024-01-16T17:32:00,STEAM_TEMP_01,288.3823
2024-01-16T17:33:00,CORE_FLUX_01,2300955051705.7256
2024-01-16T17:33:00,CORE_FUEL_01,954.7259
2024-01-16T17:33:00,CORE_ROD_01,41.9916
2024-01-16T17:33:00,STEAM_PRES_01,72.854
2024-01-16T17:33:00,STEAM_FEED_01,269.3437
2024-01-16T17:33:00,STEAM_TEMP_01,287.0022
2024-01-16T17:34:00,CORE_FLUX_01,2280641956632.076
2024-01-16T17:34:00,CORE_FUEL_01,950.9254
2024-01-16T17:34:00,CORE_ROD_01,41.5607
2024-01-16T17:34:00,CORE_EXIT_01,349.1159
2024-01-16T17:34:00,STEAM_PRES_01,72.7534
2024-01-16T17:34:00,STEAM_FEED_01,269.6292
2024-01-16T17:34:00,STEAM_DELTA_01,32.526
2024-01-16T17:34:00,STEAM_TEMP_01,287.6222
2024-01-16T17:35:00,CORE_FLUX_01,2230431297138.482
2024-01-16T17:35:00,CORE_FUEL_01,939.5909
2024-01-16T17:35:00,CORE_ROD_01,44.5026
2024-01-16T17:35:00,STEAM_PRES_01,72.9229
2024-01-16T17:35:00,STEAM_FEED_01,268.8617
2024-01-16T17:35:00,STEAM_TEMP_01,287.9995
2024-01-16T17:36:00,CORE_FLUX_01,2312571775411.8877
2024-01-16T17:36:00,CORE_FUEL_01,959.7522
2024-01-16T17:36:00,CORE_ROD_01,42.8487
2024-01-16T17:36:00,CORE_EXIT_01,349.859
2024-01-16T17:36:00,STEAM_PRES_01,72.5912
2024-01-16T17:36:00,STEAM_FEED_01,269.0368
2024-01-16T17:36:00,STEAM_DELTA_01,32.4242
2024-01-16T17:36:00,STEAM_TEMP_01,287.2869
2024-01-16T17:37:00,CORE_FLUX_01,2241375192493.828
2024-01-16T17:37:00,CORE_FUEL_01,965.9381
2024-01-16T17:37:00,CORE_ROD_01,43.3077
2024-01-16T17:37:00,STEAM_PRES_01,73.0646
2024-01-16T17:37:00,STEAM_FEED_01,269.9937
2024-01-16T17:37:00,STEAM_TEMP_01,287.2289
2024-01-16T17:38:00,CORE_FLUX_01,2269036935499.189
2024-01-16T17:38:00,CORE_FUEL_01,967.7253
2024-01-16T17:38:00,CORE_ROD_01,43.1148
2024-01-16T17:38:00,CORE_EXIT_01,348.8263
2024-01-16T17:38:00,STEAM_PRES_01,73.0387
2024-01-16T17:38:00,STEAM_FEED_01,270.8439
2024-01-16T17:38:00,STEAM_DELTA_01,32.5774
2024-01-16T17:38:00,STEAM_TEMP_01,288.4601
2024-01-16T17:39:00,CORE_FLUX_01,2250924505200.8457
2024-01-16T17:39:00,CORE_FUEL_01,970.3744
2024-01-16T17:39:00,CORE_ROD_01,41.6576
2024-01-16T17:39:00,STEAM_PRES_01,73.0558
2024-01-16T17:39:00,STEAM_FEED_01,272.6636
2024-01-16T17:39:00,STEAM_TEMP_01,288.0318
2024-01-16T17:40:00,CORE_FLUX_01,2319153832218.5757
2024-01-16T17:40:00,CORE_FUEL_01,943.2768
2024-01-16T17:40:00,CORE_ROD_01,41.815
2024-01-16T17:40:00,CORE_EXIT_01,348.9502
2024-01-16T17:40:00,STEAM_PRES_01,72.9313
2024-01-16T17:40:00,STEAM_FEED_01,264.2602
2024-01-16T17:40:00,STEAM_DELTA_01,32.5202
2024-01-16T17:40:00,STEAM_TEMP_01,286.8886
2024-01-16T17:41:00,CORE_FLUX_01,2245380822303.856
2024-01-16T17:41:00,CORE_FUEL_01,958.0235
2024-01-16T17:41:00,CORE_ROD_01,43.2443
2024-01-16T17:41:00,STEAM_PRES_01,73.2378
2024-01-16T17:41:00,STEAM_FEED_01,270.486
2024-01-16T17:41:00,STEAM_TEMP_01,287.9114
2024-01-16T17:42:00,CORE_FLUX_01,2249486690711.631
2024-01-16T17:42:00,CORE_FUEL_01,960.2288
2024-01-16T17:42:00,CORE_ROD_01,43.5232
2024-01-16T17:42:00,CORE_EXIT_01,350.1959
2024-01-16T17:42:00,STEAM_PRES_01,73.128
2024-01-16T17:42:00,STEAM_FEED_01,271.8644
2024-01-16T17:42:00,STEAM_DELTA_01,32.6382
2024-01-16T17:42:00,STEAM_TEMP_01,287.5476
2024-01-16T17:43:00,CORE_FLUX_01,2263396576529.086
2024-01-16T17:43:00,CORE_FUEL_01,964.6072
2024-01-16T17:43:00,CORE_ROD_01,41.875
2024-01-16T17:43:00,STEAM_PRES_01,73.6318
2024-01-16T17:43:00,STEAM_FEED_01,271.511
2024-01-16T17:43:00,STEAM_TEMP_01,288.8064
2024-01-16T17:44:00,CORE_FLUX_01,2220643844702.1416
2024-01-16T17:44:00,CORE_FUEL_01,960.6207
2024-01-16T17:44:00,CORE_ROD_01,40.9445
2024-01-16T17:44:00,CORE_EXIT_01,346.5602
2024-01-16T17:44:00,STEAM_PRES_01,73.038
2024-01-16T17:44:00,STEAM_FEED_01,269.2016
2024-01-16T17:44:00,STEAM_DELTA_01,32.2664
2024-01-16T17:44:00,STEAM_TEMP_01,288.2674
2024-01-16T17:45:00,CORE_FLUX_01,2226613726680.3896
2024-01-16T17:45:00,CORE_FUEL_01,942.9872
2024-01-16T17:45:00,CORE_ROD_01,43.3972
2024-01-16T17:45:00,STEAM_PRES_01,73.0726
2024-01-16T17:45:00,STEAM_FEED_01,269.4939
2024-01-16T17:45:00,STEAM_TEMP_01,288.3242
2024-01-16T17:46:00,CORE_FLUX_01,2253530512234.8486
2024-01-16T17:46:00,CORE_FUEL_01,950.0914
2024-01-16T17:46:00,CORE_ROD_01,41.7223
2024-01-16T17:46:00,CORE_EXIT_01,348.518
2024-01-16T17:46:00,STEAM_PRES_01,72.747
2024-01-16T17:46:00,STEAM_FEED_01,270.4967
2024-01-16T17:46:00,STEAM_DELTA_01,32.778
2024-01-16T17:46:00,STEAM_TEMP_01,288.3254
2024-01-16T17:47:00,CORE_FLUX_01,2211118439838.102
2024-01-16T17:47:00,CORE_FUEL_01,959.2628
2024-01-16T17:47:00,CORE_ROD_01,41.9801
2024-01-16T17:47:00,STEAM_PRES_01,73.0604
2024-01-16T17:47:00,STEAM_FEED_01,268.9409
2024-01-16T17:47:00,STEAM_TEMP_01,287.161
2024-01-16T17:48:00,CORE_FLUX_01,2266406967208.67
2024-01-16T17:48:00,CORE_FUEL_01,971.2016
2024-01-16T17:48:00,CORE_ROD_01,41.7684
2024-01-16T17:48:00,CORE_EXIT_01,350.7608
2024-01-16T17:48:00,STEAM_PRES_01,73.0146
2024-01-16T17:48:00,STEAM_FEED_01,271.0923
2024-01-16T17:48:00,STEAM_DELTA_01,32.6336
2024-01-16T17:48:00,STEAM_TEMP_01,287.9026
2024-01-16T17:49:00,CORE_FLUX_01,2246014206388.9604
2024-01-16T17:49:00,CORE_FUEL_01,973.622
2024-01-16T17:49:00,CORE_ROD_01,42.4865
2024-01-16T17:49:00,STEAM_PRES_01,72.6303
2024-01-16T17:49:00,STEAM_FEED_01,272.1321
2024-01-16T17:49:00,STEAM_TEMP_01,287.0262
2024-01-16T17:50:00,CORE_FLUX_01,2291889882198.732
2024-01-16T17:50:00,CORE_FUEL_01,959.8016
2024-01-16T17:50:00,CORE_ROD_01,41.9266
2024-01-16T17:50:00,CORE_EXIT_01,350.0921
2024-01-16T17:50:00,STEAM_PRES_01,72.7623
2024-01-16T17:50:00,STEAM_FEED_01,270.4688
2024-01-16T17:50:00,STEAM_DELTA_01,32.4855
2024-01-16T17:50:00,STEAM_TEMP_01,287.8181
2024-01-16T17:51:00,CORE_FLUX_01,2260045540351.7646
2024-01-16T17:51:00,CORE_FUEL_01,962.3935
2024-01-16T17:51:00,CORE_ROD_01,41.4085
2024-01-16T17:51:00,STEAM_PRES_01,72.9602
2024-01-16T17:51:00,STEAM_FEED_01,267.6034
2024-01-16T17:51:00,STEAM_TEMP_01,287.535
2024-01-16T17:52:00,CORE_FLUX_01,2237531390435.4307
2024-01-16T17:52:00,CORE_FUEL_01,969.6948
2024-01-16T17:52:00,CORE_ROD_01,42.8575
2024-01-16T17:52:00,CORE_EXIT_01,349.9171
2024-01-16T17:52:00,STEAM_PRES_01,73.1481
2024-01-16T17:52:00,STEAM_FEED_01,273.1709
2024-01-16T17:52:00,STEAM_DELTA_01,32.9093
2024-01-16T17:52:00,STEAM_TEMP_01,288.1421
2024-01-16T17:53:00,CORE_FLUX_01,2304658412051.557
2024-01-16T17:53:00,CORE_FUEL_01,947.6867
2024-01-16T17:53:00,CORE_ROD_01,41.4798
2024-01-16T17:53:00,STEAM_PRES_01,73.1091
2024-01-16T17:53:00,STEAM_FEED_01,272.152
2024-01-16T17:53:00,STEAM_TEMP_01,288.2582
2024-01-16T17:54:00,CORE_FLUX_01,2280480775044.916
2024-01-16T17:54:00,CORE_FUEL_01,956.0115
2024-01-16T17:54:00,CORE_ROD_01,42.1714
2024-01-16T17:54:00,CORE_EXIT_01,350.578
2024-01-16T17:54:00,STEAM_PRES_01,72.6952
2024-01-16T17:54:00,STEAM_FEED_01,266.6693
2024-01-16T17:54:00,STEAM_DELTA_01,32.3438
2024-01-16T17:54:00,STEAM_TEMP_01,288.1969
2024-01-16T17:55:00,CORE_FLUX_01,2293903524868.122
2024-01-16T17:55:00,CORE_FUEL_01,965.5797
2024-01-16T17:55:00,CORE_ROD_01,40.7265
2024-01-16T17:55:00,STEAM_PRES_01,73.0766
2024-01-16T17:55:00,STEAM_FEED_01,270.9803
2024-01-16T17:55:00,STEAM_TEMP_01,287.3721
2024-01-16T17:56:00,CORE_FLUX_01,1881918798760.4998
2024-01-16T17:56:00,CORE_FUEL_01,853.0914
2024-01-16T17:56:00,CORE_ROD_01,53.3587
2024-01-16T17:56:00,CORE_EXIT_01,336.0168
2024-01-16T17:56:00,STEAM_PRES_01,73.0871
2024-01-16T17:56:00,STEAM_FEED_01,272.7142
2024-01-16T17:56:00,STEAM_DELTA_01,32.5879
2024-01-16T17:56:00,STEAM_TEMP_01,287.5022
2024-01-16T17:57:00,CORE_FLUX_01,1864597146688.516
2024-01-16T17:57:00,CORE_FUEL_01,854.3836
2024-01-16T17:57:00,CORE_ROD_01,53.0519
2024-01-16T17:57:00,STEAM_PRES_01,73.2359
2024-01-16T17:57:00,STEAM_FEED_01,273.5555
2024-01-16T17:57:00,STEAM_TEMP_01,289.4575
2024-01-16T17:58:00,CORE_FLUX_01,1869811694966.2424
2024-01-16T17:58:00,CORE_FUEL_01,859.1257
2024-01-16T17:58:00,CORE_ROD_01,53.2948
2024-01-16T17:58:00,CORE_EXIT_01,335.3148
2024-01-16T17:58:00,STEAM_PRES_01,73.4374
2024-01-16T17:58:00,STEAM_FEED_01,273.4527
2024-01-16T17:58:00,STEAM_DELTA_01,32.6944
2024-01-16T17:58:00,STEAM_TEMP_01,288.4198
2024-01-16T17:59:00,CORE_FLUX_01,1874689972589.8574
2024-01-16T17:59:00,CORE_FUEL_01,846.9843
2024-01-16T17:59:00,CORE_ROD_01,53.0215
2024-01-16T17:59:00,STEAM_PRES_01,72.8642
2024-01-16T17:59:00,STEAM_FEED_01,269.8076
2024-01-16T17:59:00,STEAM_TEMP_01,287.8421
2024-01-16T18:00:00,CORE_FLUX_01,1867855482059.3347
2024-01-16T18:00:00,CORE_FUEL_01,841.1705
2024-01-16T18:00:00,CORE_ROD_01,53.6991
2024-01-16T18:00:00,CORE_EXIT_01,333.9351
2024-01-16T18:00:00,STEAM_PRES_01,73.0094
2024-01-16T18:00:00,STEAM_FEED_01,269.1828
2024-01-16T18:00:00,STEAM_DELTA_01,32.596
2024-01-16T18:00:00,STEAM_TEMP_01,287.6741
2024-01-16T18:01:00,CORE_FLUX_01,1887905938887.2908
2024-01-16T18:01:00,CORE_FUEL_01,861.115
2024-01-16T18:01:00,CORE_ROD_01,52.827
2024-01-16T18:01:00,STEAM_PRES_01,72.8108
2024-01-16T18:01:00,STEAM_FEED_01,267.6092
2024-01-16T18:01:00,STEAM_TEMP_01,288.1504
2024-01-16T18:02:00,CORE_FLUX_01,1890964474169.9187
2024-01-16T18:02:00,CORE_FUEL_01,843.1954
2024-01-16T18:02:00,CORE_ROD_01,53.193
2024-01-16T18:02:00,CORE_EXIT_01,334.4879
2024-01-16T18:02:00,STEAM_PRES_01,72.6657
2024-01-16T18:02:00,STEAM_FEED_01,268.1515
2024-01-16T18:02:00,STEAM_DELTA_01,32.3132
2024-01-16T18:02:00,STEAM_TEMP_01,286.6139
2024-01-16T18:03:00,CORE_FLUX_01,1867701321946.84
2024-01-16T18:03:00,CORE_FUEL_01,849.3514
2024-01-16T18:03:00,CORE_ROD_01,52.6171
2024-01-16T18:03:00,STEAM_PRES_01,72.8603
2024-01-16T18:03:00,STEAM_FEED_01,271.8833
2024-01-16T18:03:00,STEAM_TEMP_01,288.0234
2024-01-16T18:04:00,CORE_FLUX_01,1875254093135.687
2024-01-16T18:04:00,CORE_FUEL_01,857.7896
2024-01-16T18:04:00,CORE_ROD_01,52.8332
2024-01-16T18:04:00,CORE_EXIT_01,332.3654
2024-01-16T18:04:00,STEAM_PRES_01,72.9333
2024-01-16T18:04:00,STEAM_FEED_01,268.0781
2024-01-16T18:04:00,STEAM_DELTA_01,32.1645
2024-01-16T18:04:00,STEAM_TEMP_01,287.4463
2024-01-16T18:05:00,CORE_FLUX_01,1969802724477.876
2024-01-16T18:05:00,CORE_FUEL_01,859.1149
2024-01-16T18:05:00,CORE_ROD_01,52.6568
2024-01-16T18:05:00,STEAM_PRES_01,72.871
2024-01-16T18:05:00,STEAM_FEED_01,270.5017
2024-01-16T18:05:00,STEAM_TEMP_01,287.4996
2024-01-16T18:06:00,CORE_FLUX_01,1943338705512.7346
2024-01-16T18:06:00,CORE_FUEL_01,844.156
2024-01-16T18:06:00,CORE_ROD_01,53.355
2024-01-16T18:06:00,CORE_EXIT_01,334.7433
2024-01-16T18:06:00,STEAM_PRES_01,73.2437
2024-01-16T18:06:00,STEAM_FEED_01,270.4079
2024-01-16T18:06:00,STEAM_DELTA_01,32.8652
2024-01-16T18:06:00,STEAM_TEMP_01,287.91
2024-01-16T18:07:00,CORE_FLUX_01,1920573588491.6033
2024-01-16T18:07:00,CORE_FUEL_01,852.6054
2024-01-16T18:07:00,CORE_ROD_01,53.3266
2024-01-16T18:07:00,STEAM_PRES_01,73.0435
2024-01-16T18:07:00,STEAM_FEED_01,270.6833
2024-01-16T18:07:00,STEAM_TEMP_01,287.9527
2024-01-16T18:08:00,CORE_FLUX_01,1941843412152.749
2024-01-16T18:08:00,CORE_FUEL_01,856.0344
2024-01-16T18:08:00,CORE_ROD_01,53.4811
2024-01-16T18:08:00,CORE_EXIT_01,337.5983
2024-01-16T18:08:00,STEAM_PRES_01,72.7505
2024-01-16T18:08:00,STEAM_FEED_01,265.9043
2024-01-16T18:08:00,STEAM_DELTA_01,32.3254
2024-01-16T18:08:00,STEAM_TEMP_01,287.0495
2024-01-16T18:09:00,CORE_FLUX_01,1863074602741.0652
2024-01-16T18:09:00,CORE_FUEL_01,869.5538
2024-01-16T18:09:00,CORE_ROD_01,53.7902
2024-01-16T18:09:00,STEAM_PRES_01,72.5971
2024-01-16T18:09:00,STEAM_FEED_01,268.2575
2024-01-16T18:09:00,STEAM_TEMP_01,286.6836
2024-01-16T18:10:00,CORE_FLUX_01,1862713209977.0989
2024-01-16T18:10:00,CORE_FUEL_01,856.9714
2024-01-16T18:10:00,CORE_ROD_01,53.4063
2024-01-16T18:10:00,CORE_EXIT_01,336.1084
2024-01-16T18:10:00,STEAM_PRES_01,73.1788
2024-01-16T18:10:00,STEAM_FEED_01,270.5832
2024-01-16T18:10:00,STEAM_DELTA_01,32.5973
2024-01-16T18:10:00,STEAM_TEMP_01,287.6876
2024-01-16T18:11:00,CORE_FLUX_01,1883727057394.9248
2024-01-16T18:11:00,CORE_FUEL_01,865.3875
2024-01-16T18:11:00,CORE_ROD_01,51.6861
2024-01-16T18:11:00,STEAM_PRES_01,72.3524
2024-01-16T18:11:00,STEAM_FEED_01,267.7743
2024-01-16T18:11:00,STEAM_TEMP_01,288.1711
2024-01-16T18:12:00,CORE_FLUX_01,1897016071808.693
2024-01-16T18:12:00,CORE_FUEL_01,866.9436
2024-01-16T18:12:00,CORE_ROD_01,53.2228
2024-01-16T18:12:00,CORE_EXIT_01,334.6753
2024-01-16T18:12:00,STEAM_PRES_01,73.2326
2024-01-16T18:12:00,STEAM_FEED_01,271.0891
2024-01-16T18:12:00,STEAM_DELTA_01,32.6972
2024-01-16T18:12:00,STEAM_TEMP_01,287.7216
2024-01-16T18:13:00,CORE_FLUX_01,1878140642643.9514
2024-01-16T18:13:00,CORE_FUEL_01,859.6017
2024-01-16T18:13:00,CORE_ROD_01,52.9659
2024-01-16T18:13:00,STEAM_PRES_01,73.1617
2024-01-16T18:13:00,STEAM_FEED_01,269.0683
2024-01-16T18:13:00,STEAM_TEMP_01,287.5043
2024-01-16T18:14:00,CORE_FLUX_01,2330513729985.6655
2024-01-16T18:14:00,CORE_FUEL_01,973.4437
2024-01-16T18:14:00,CORE_ROD_01,41.921
2024-01-16T18:14:00,CORE_EXIT_01,347.0582
2024-01-16T18:14:00,STEAM_PRES_01,72.9076
2024-01-16T18:14:00,STEAM_FEED_01,269.04
2024-01-16T18:14:00,STEAM_DELTA_01,32.7363
2024-01-16T18:14:00,STEAM_TEMP_01,288.5397
2024-01-16T18:15:00,CORE_FLUX_01,2300515327698.9214
2024-01-16T18:15:00,CORE_FUEL_01,977.6338
2024-01-16T18:15:00,CORE_ROD_01,41.4372
2024-01-16T18:15:00,STEAM_PRES_01,72.9799
2024-01-16T18:15:00,STEAM_FEED_01,269.83
2024-01-16T18:15:00,STEAM_TEMP_01,287.6664
2024-01-16T18:16:00,CORE_FLUX_01,2286215230274.9146
2024-01-16T18:16:00,CORE_FUEL_01,946.8166
2024-01-16T18:16:00,CORE_ROD_01,41.3447
2024-01-16T18:16:00,CORE_EXIT_01,348.6018
2024-01-16T18:16:00,STEAM_PRES_01,73.4031
2024-01-16T18:16:00,STEAM_FEED_01,274.3474
2024-01-16T18:16:00,STEAM_DELTA_01,32.9881
2024-01-16T18:16:00,STEAM_TEMP_01,287.8253
2024-01-16T18:17:00,CORE_FLUX_01,2273814793228.578
2024-01-16T18:17:00,CORE_FUEL_01,978.9275
2024-01-16T18:17:00,CORE_ROD_01,40.3741
2024-01-16T18:17:00,STEAM_PRES_01,73.1777
2024-01-16T18:17:00,STEAM_FEED_01,272.2658
2024-01-16T18:17:00,STEAM_TEMP_01,287.9839
2024-01-16T18:18:00,CORE_FLUX_01,2293231442012.361
2024-01-16T18:18:00,CORE_FUEL_01,960.4928
2024-01-16T18:18:00,CORE_ROD_01,41.4215
2024-01-16T18:18:00,CORE_EXIT_01,350.3152
2024-01-16T18:18:00,STEAM_PRES_01,73.1363
2024-01-16T18:18:00,STEAM_FEED_01,270.2222
2024-01-16T18:18:00,STEAM_DELTA_01,32.5708
2024-01-16T18:18:00,STEAM_TEMP_01,288.0316
2024-01-16T18:19:00,CORE_FLUX_01,2327837870280.1797
2024-01-16T18:19:00,CORE_FUEL_01,991.3602
2024-01-16T18:19:00,CORE_ROD_01,41.352
2024-01-16T18:19:00,STEAM_PRES_01,72.8891
2024-01-16T18:19:00,STEAM_FEED_01,269.3494
2024-01-16T18:19:00,STEAM_TEMP_01,287.8183
2024-01-16T18:20:00,CORE_FLUX_01,2320491131533.8003
2024-01-16T18:20:00,CORE_FUEL_01,960.4708
2024-01-16T18:20:00,CORE_ROD_01,41.46
2024-01-16T18:20:00,CORE_EXIT_01,349.1969
2024-01-16T18:20:00,STEAM_PRES_01,73.2223
2024-01-16T18:20:00,STEAM_FEED_01,272.7344
2024-01-16T18:20:00,STEAM_DELTA_01,32.8776
2024-01-16T18:20:00,STEAM_TEMP_01,288.2675
2024-01-16T18:21:00,CORE_FLUX_01,2277553156287.302
2024-01-16T18:21:00,CORE_FUEL_01,974.7762
2024-01-16T18:21:00,CORE_ROD_01,39.346
2024-01-16T18:21:00,STEAM_PRES_01,72.8624
2024-01-16T18:21:00,STEAM_FEED_01,272.2974
2024-01-16T18:21:00,STEAM_TEMP_01,287.7209
2024-01-16T18:22:00,CORE_FLUX_01,2235318042887.121
2024-01-16T18:22:00,CORE_FUEL_01,980.8298
2024-01-16T18:22:00,CORE_ROD_01,42.1625
2024-01-16T18:22:00,CORE_EXIT_01,351.4653
2024-01-16T18:22:00,STEAM_PRES_01,72.8346
2024-01-16T18:22:00,STEAM_FEED_01,268.0781
2024-01-16T18:22:00,STEAM_DELTA_01,32.3339
2024-01-16T18:22:00,STEAM_TEMP_01,287.7388
2024-01-16T18:23:00,CORE_FLUX_01,2219935051061.12
2024-01-16T18:23:00,CORE_FUEL_01,970.9145
2024-01-16T18:23:00,CORE_ROD_01,41.8328
2024-01-16T18:23:00,STEAM_PRES_01,72.8955
2024-01-16T18:23:00,STEAM_FEED_01,267.6565
2024-01-16T18:23:00,STEAM_TEMP_01,287.679
2024-01-16T18:24:00,CORE_FLUX_01,2292929963214.579
2024-01-16T18:24:00,CORE_FUEL_01,977.7508
2024-01-16T18:24:00,CORE_ROD_01,40.304
2024-01-16T18:24:00,CORE_EXIT_01,350.596
2024-01-16T18:24:00,STEAM_PRES_01,73.2834
2024-01-16T18:24:00,STEAM_FEED_01,271.3593
2024-01-16T18:24:00,STEAM_DELTA_01,32.727
2024-01-16T18:24:00,STEAM_TEMP_01,288.2895
2024-01-16T18:25:00,CORE_FLUX_01,2300377304700.958
2024-01-16T18:25:00,CORE_FUEL_01,966.8305
2024-01-16T18:25:00,CORE_ROD_01,41.6281
2024-01-16T18:25:00,STEAM_PRES_01,73.0415
2024-01-16T18:25:00,STEAM_FEED_01,268.0418
2024-01-16T18:25:00,STEAM_TEMP_01,287.5028
2024-01-16T18:26:00,CORE_FLUX_01,2300927344115.8447
2024-01-16T18:26:00,CORE_FUEL_01,970.0062
2024-01-16T18:26:00,CORE_ROD_01,42.1972
2024-01-16T18:26:00,CORE_EXIT_01,348.6571
2024-01-16T18:26:00,STEAM_PRES_01,73.0985
2024-01-16T18:26:00,STEAM_FEED_01,272.6626
2024-01-16T18:26:00,STEAM_DELTA_01,32.6827
2024-01-16T18:26:00,STEAM_TEMP_01,287.9075
2024-01-16T18:27:00,CORE_FLUX_01,2272126958688.08
2024-01-16T18:27:00,CORE_FUEL_01,976.4905
2024-01-16T18:27:00,CORE_ROD_01,40.8323
2024-01-16T18:27:00,STEAM_PRES_01,72.6628
2024-01-16T18:27:00,STEAM_FEED_01,268.2338
2024-01-16T18:27:00,STEAM_TEMP_01,286.5556
2024-01-16T18:28:00,CORE_FLUX_01,2270246551856.309
2024-01-16T18:28:00,CORE_FUEL_01,966.7139
2024-01-16T18:28:00,CORE_ROD_01,40.8714
2024-01-16T18:28:00,CORE_EXIT_01,348.322
2024-01-16T18:28:00,STEAM_PRES_01,72.9253
2024-01-16T18:28:00,STEAM_FEED_01,266.6361
2024-01-16T18:28:00,STEAM_DELTA_01,32.5257
2024-01-16T18:28:00,STEAM_TEMP_01,286.6774
2024-01-16T18:29:00,CORE_FLUX_01,2236116236891.325
2024-01-16T18:29:00,CORE_FUEL_01,965.5282
2024-01-16T18:29:00,CORE_ROD_01,41.4308
2024-01-16T18:29:00,STEAM_PRES_01,73.0547
2024-01-16T18:29:00,STEAM_FEED_01,272.2888
2024-01-16T18:29:00,STEAM_TEMP_01,287.6008
2024-01-16T18:30:00,CORE_FLUX_01,2358600275164.9116
2024-01-16T18:30:00,CORE_FUEL_01,953.8895
2024-01-16T18:30:00,CORE_ROD_01,40.4393
2024-01-16T18:30:00,CORE_EXIT_01,348.2236
2024-01-16T18:30:00,STEAM_PRES_01,72.9708
2024-01-16T18:30:00,STEAM_FEED_01,267.8905
2024-01-16T18:30:00,STEAM_DELTA_01,32.5585
2024-01-16T18:30:00,STEAM_TEMP_01,287.8044
2024-01-16T18:31:00,CORE_FLUX_01,2309075514104.9385
2024-01-16T18:31:00,CORE_FUEL_01,993.276
2024-01-16T18:31:00,CORE_ROD_01,41.9325
2024-01-16T18:31:00,STEAM_PRES_01,73.3379
2024-01-16T18:31:00,STEAM_FEED_01,268.1088
2024-01-16T18:31:00,STEAM_TEMP_01,287.9929
2024-01-16T18:32:00,CORE_FLUX_01,2254889668878.934
2024-01-16T18:32:00,CORE_FUEL_01,974.6497
2024-01-16T18:32:00,CORE_ROD_01,41.7426
2024-01-16T18:32:00,CORE_EXIT_01,352.0061
2024-01-16T18:32:00,STEAM_PRES_01,73.1053
2024-01-16T18:32:00,STEAM_FEED_01,270.3026
2024-01-16T18:32:00,STEAM_DELTA_01,32.5787
2024-01-16T18:32:00,STEAM_TEMP_01,287.9077
2024-01-16T18:33:00,CORE_FLUX_01,2287160266795.349
2024-01-16T18:33:00,CORE_FUEL_01,968.9483
2024-01-16T18:33:00,CORE_ROD_01,42.1494
2024-01-16T18:33:00,STEAM_PRES_01,72.7336
2024-01-16T18:33:00,STEAM_FEED_01,270.7646
2024-01-16T18:33:00,STEAM_TEMP_01,287.5984
2024-01-16T18:34:00,CORE_FLUX_01,2292263014652.21
2024-01-16T18:34:00,CORE_FUEL_01,971.2289
2024-01-16T18:34:00,CORE_ROD_01,41.78
2024-01-16T18:34:00,CORE_EXIT_01,353.5905
2024-01-16T18:34:00,STEAM_PRES_01,72.9098
2024-01-16T18:34:00,STEAM_FEED_01,265.7595
2024-01-16T18:34:00,STEAM_DELTA_01,31.9998
2024-01-16T18:34:00,STEAM_TEMP_01,287.0
2024-01-16T18:35:00,CORE_FLUX_01,2301536067997.659
2024-01-16T18:35:00,CORE_FUEL_01,967.5591
2024-01-16T18:35:00,CORE_ROD_01,41.0486
2024-01-16T18:35:00,STEAM_PRES_01,73.068
2024-01-16T18:35:00,STEAM_FEED_01,270.2394
2024-01-16T18:35:00,STEAM_TEMP_01,287.9083
2024-01-16T18:36:00,CORE_FLUX_01,2338626827618.088
2024-01-16T18:36:00,CORE_FUEL_01,974.518
2024-01-16T18:36:00,CORE_ROD_01,40.7488
2024-01-16T18:36:00,CORE_EXIT_01,349.9692
2024-01-16T18:36:00,STEAM_PRES_01,72.8672
2024-01-16T18:36:00,STEAM_FEED_01,272.2404
2024-01-16T18:36:00,STEAM_DELTA_01,32.7346
2024-01-16T18:36:00,STEAM_TEMP_01,288.0809
2024-01-16T18:37:00,CORE_FLUX_01,2302654870657.471
2024-01-16T18:37:00,CORE_FUEL_01,970.2182
2024-01-16T18:37:00,CORE_ROD_01,40.7701
2024-01-16T18:37:00,STEAM_PRES_01,72.9699
2024-01-16T18:37:00,STEAM_FEED_01,267.622
2024-01-16T18:37:00,STEAM_TEMP_01,287.1789
2024-01-16T18:38:00,CORE_FLUX_01,2279526615446.5156
2024-01-16T18:38:00,CORE_FUEL_01,994.2931
2024-01-16T18:38:00,CORE_ROD_01,42.9459
2024-01-16T18:38:00,CORE_EXIT_01,348.4783
2024-01-16T18:38:00,STEAM_PRES_01,72.8438
2024-01-16T18:38:00,STEAM_FEED_01,267.3072
2024-01-16T18:38:00,STEAM_DELTA_01,32.2693
2024-01-16T18:38:00,STEAM_TEMP_01,287.0526
2024-01-16T18:39:00,CORE_FLUX_01,2297913385143.2607
2024-01-16T18:39:00,CORE_FUEL_01,964.5042
2024-01-16T18:39:00,CORE_ROD_01,40.7949
2024-01-16T18:39:00,STEAM_PRES_01,73.1334
2024-01-16T18:39:00,STEAM_FEED_01,270.5343
2024-01-16T18:39:00,STEAM_TEMP_01,288.7632
2024-01-16T18:40:00,CORE_FLUX_01,2278917753311.5103
2024-01-16T18:40:00,CORE_FUEL_01,964.0908
2024-01-16T18:40:00,CORE_ROD_01,39.859
2024-01-16T18:40:00,CORE_EXIT_01,351.4891
2024-01-16T18:40:00,STEAM_PRES_01,73.2497
2024-01-16T18:40:00,STEAM_FEED_01,271.5606
2024-01-16T18:40:00,STEAM_DELTA_01,32.6044
2024-01-16T18:40:00,STEAM_TEMP_01,287.7533
2024-01-16T18:41:00,CORE_FLUX_01,2310668905216.74
2024-01-16T18:41:00,CORE_FUEL_01,961.0954
2024-01-16T18:41:00,CORE_ROD_01,42.048
2024-01-16T18:41:00,STEAM_PRES_01,73.1145
2024-01-16T18:41:00,STEAM_FEED_01,271.2966
2024-01-16T18:41:00,STEAM_TEMP_01,287.8986
2024-01-16T18:42:00,CORE_FLUX_01,2320413065827.1973
2024-01-16T18:42:00,CORE_FUEL_01,976.3612
2024-01-16T18:42:00,CORE_ROD_01,40.4311
2024-01-16T18:42:00,CORE_EXIT_01,350.3373
2024-01-16T18:42:00,STEAM_PRES_01,72.9725
2024-01-16T18:42:00,STEAM_FEED_01,267.8563
2024-01-16T18:42:00,STEAM_DELTA_01,32.5174
2024-01-16T18:42:00,STEAM_TEMP_01,287.0674
2024-01-16T18:43:00,CORE_FLUX_01,2311929402914.6875
2024-01-16T18:43:00,CORE_FUEL_01,979.6701
2024-01-16T18:43:00,CORE_ROD_01,42.0947
2024-01-16T18:43:00,STEAM_PRES_01,73.0186
2024-01-16T18:43:00,STEAM_FEED_01,270.4194
2024-01-16T18:43:00,STEAM_TEMP_01,287.8042
2024-01-16T18:44:00,CORE_FLUX_01,2262303281160.345
2024-01-16T18:44:00,CORE_FUEL_01,967.7758
2024-01-16T18:44:00,CORE_ROD_01,40.7026
2024-01-16T18:44:00,CORE_EXIT_01,350.1285
2024-01-16T18:44:00,STEAM_PRES_01,72.5863
2024-01-16T18:44:00,STEAM_FEED_01,266.2167
2024-01-16T18:44:00,STEAM_DELTA_01,31.9991
2024-01-16T18:44:00,STEAM_TEMP_01,285.9284
2024-01-16T18:45:00,CORE_FLUX_01,2331705589417.2563
2024-01-16T18:45:00,CORE_FUEL_01,965.1644
2024-01-16T18:45:00,CORE_ROD_01,42.305
2024-01-16T18:45:00,STEAM_PRES_01,72.9782
2024-01-16T18:45:00,STEAM_FEED_01,267.6803
2024-01-16T18:45:00,STEAM_TEMP_01,286.7568
2024-01-16T18:46:00,CORE_FLUX_01,2315163738936.9707
2024-01-16T18:46:00,CORE_FUEL_01,958.0348
2024-01-16T18:46:00,CORE_ROD_01,41.2696
2024-01-16T18:46:00,CORE_EXIT_01,349.2423
2024-01-16T18:46:00,STEAM_PRES_01,73.1104
2024-01-16T18:46:00,STEAM_FEED_01,269.3196
2024-01-16T18:46:00,STEAM_DELTA_01,32.5491
2024-01-16T18:46:00,STEAM_TEMP_01,288.4495
2024-01-16T18:47:00,CORE_FLUX_01,2294535215506.774
2024-01-16T18:47:00,CORE_FUEL_01,981.8643
2024-01-16T18:47:00,CORE_ROD_01,41.4622
2024-01-16T18:47:00,STEAM_PRES_01,72.9016
2024-01-16T18:47:00,STEAM_FEED_01,272.0294
2024-01-16T18:47:00,STEAM_TEMP_01,288.0164
2024-01-16T18:48:00,CORE_FLUX_01,2322005369778.23
2024-01-16T18:48:00,CORE_FUEL_01,971.2895
2024-01-16T18:48:00,CORE_ROD_01,39.7698
2024-01-16T18:48:00,CORE_EXIT_01,350.5094
2024-01-16T18:48:00,STEAM_PRES_01,72.9697
2024-01-16T18:48:00,STEAM_FEED_01,268.6183
2024-01-16T18:48:00,STEAM_DELTA_01,32.5307
2024-01-16T18:48:00,STEAM_TEMP_01,287.323
2024-01-16T18:49:00,CORE_FLUX_01,2333520190804.4585
2024-01-16T18:49:00,CORE_FUEL_01,979.4651
2024-01-16T18:49:00,CORE_ROD_01,41.0446
2024-01-16T18:49:00,STEAM_PRES_01,72.7383
2024-01-16T18:49:00,STEAM_FEED_01,269.4098
2024-01-16T18:49:00,STEAM_TEMP_01,287.8934
2024-01-16T18:50:00,CORE_FLUX_01,2302408117602.8516
2024-01-16T18:50:00,CORE_FUEL_01,991.4798
2024-01-16T18:50:00,CORE_ROD_01,42.185
2024-01-16T18:50:00,CORE_EXIT_01,349.1964
2024-01-16T18:50:00,STEAM_PRES_01,73.0281
2024-01-16T18:50:00,STEAM_FEED_01,268.6392
2024-01-16T18:50:00,STEAM_DELTA_01,32.5355
2024-01-16T18:50:00,STEAM_TEMP_01,288.0404
2024-01-16T18:51:00,CORE_FLUX_01,2302910712508.0317
2024-01-16T18:51:00,CORE_FUEL_01,977.8768
2024-01-16T18:51:00,CORE_ROD_01,40.8273
2024-01-16T18:51:00,STEAM_PRES_01,72.965
2024-01-16T18:51:00,STEAM_FEED_01,267.7754
2024-01-16T18:51:00,STEAM_TEMP_01,288.4523
2024-01-16T18:52:00,CORE_FLUX_01,2274451164556.3105
2024-01-16T18:52:00,CORE_FUEL_01,979.5244
2024-01-16T18:52:00,CORE_ROD_01,39.5185
2024-01-16T18:52:00,CORE_EXIT_01,348.2016
2024-01-16T18:52:00,STEAM_PRES_01,72.8942
2024-01-16T18:52:00,STEAM_FEED_01,269.2082
2024-01-16T18:52:00,STEAM_DELTA_01,32.4167
2024-01-16T18:52:00,STEAM_TEMP_01,288.0256
2024-01-16T18:53:00,CORE_FLUX_01,2309926466490.8257
2024-01-16T18:53:00,CORE_FUEL_01,989.0312
2024-01-16T18:53:00,CORE_ROD_01,41.4602
2024-01-16T18:53:00,STEAM_PRES_01,72.8162
2024-01-16T18:53:00,STEAM_FEED_01,269.7709
2024-01-16T18:53:00,STEAM_TEMP_01,287.258
2024-01-16T18:54:00,CORE_FLUX_01,2326142658386.8696
2024-01-16T18:54:00,CORE_FUEL_01,990.8785
2024-01-16T18:54:00,CORE_ROD_01,42.641
2024-01-16T18:54:00,CORE_EXIT_01,348.3804
2024-01-16T18:54:00,STEAM_PRES_01,73.0528
2024-01-16T18:54:00,STEAM_FEED_01,270.4767
2024-01-16T18:54:00,STEAM_DELTA_01,32.5605
2024-01-16T18:54:00,STEAM_TEMP_01,287.7467
2024-01-16T18:55:00,CORE_FLUX_01,2347034319833.577
2024-01-16T18:55:00,CORE_FUEL_01,975.8435
2024-01-16T18:55:00,CORE_ROD_01,41.1367
2024-01-16T18:55:00,STEAM_PRES_01,72.4588
2024-01-16T18:55:00,STEAM_FEED_01,265.9646
2024-01-16T18:55:00,STEAM_TEMP_01,286.6343
2024-01-16T18:56:00,CORE_FLUX_01,2293346626818.992
2024-01-16T18:56:00,CORE_FUEL_01,980.1168
2024-01-16T18:56:00,CORE_ROD_01,40.2368
2024-01-16T18:56:00,CORE_EXIT_01,350.3741
2024-01-16T18:56:00,STEAM_PRES_01,73.022
2024-01-16T18:56:00,STEAM_FEED_01,269.2757
2024-01-16T18:56:00,STEAM_DELTA_01,32.5127
2024-01-16T18:56:00,STEAM_TEMP_01,287.7409
2024-01-16T18:57:00,CORE_FLUX_01,2277854202128.461
2024-01-16T18:57:00,CORE_FUEL_01,980.7035
2024-01-16T18:57:00,CORE_ROD_01,41.5696
2024-01-16T18:57:00,STEAM_PRES_01,73.1329
2024-01-16T18:57:00,STEAM_FEED_01,269.2222
2024-01-16T18:57:00,STEAM_TEMP_01,287.7609
2024-01-16T18:58:00,CORE_FLUX_01,2318910493660.9673
2024-01-16T18:58:00,CORE_FUEL_01,974.469
2024-01-16T18:58:00,CORE_ROD_01,40.4536
2024-01-16T18:58:00,CORE_EXIT_01,349.6075
2024-01-16T18:58:00,STEAM_PRES_01,72.9753
2024-01-16T18:58:00,STEAM_FEED_01,267.8928
2024-01-16T18:58:00,STEAM_DELTA_01,32.0675
2024-01-16T18:58:00,STEAM_TEMP_01,286.5558
2024-01-16T18:59:00,CORE_FLUX_01,2296098008132.1733
2024-01-16T18:59:00,CORE_FUEL_01,966.0497
2024-01-16T18:59:00,CORE_ROD_01,43.4508
2024-01-16T18:59:00,STEAM_PRES_01,72.9608
2024-01-16T18:59:00,STEAM_FEED_01,269.8109
2024-01-16T18:59:00,STEAM_TEMP_01,287.1493
2024-01-16T19:00:00,CORE_FLUX_01,2351215162895.518
2024-01-16T19:00:00,CORE_FUEL_01,963.5896
2024-01-16T19:00:00,CORE_ROD_01,40.8427
2024-01-16T19:00:00,CORE_EXIT_01,350.3691
2024-01-16T19:00:00,STEAM_PRES_01,73.3368
2024-01-16T19:00:00,STEAM_FEED_01,271.5521
2024-01-16T19:00:00,STEAM_DELTA_01,32.7454
2024-01-16T19:00:00,STEAM_TEMP_01,287.9278
2024-01-16T19:01:00,CORE_FLUX_01,2272710475855.223
2024-01-16T19:01:00,CORE_FUEL_01,943.5427
2024-01-16T19:01:00,CORE_ROD_01,40.2727
2024-01-16T19:01:00,STEAM_PRES_01,73.1405
2024-01-16T19:01:00,STEAM_FEED_01,271.6481
2024-01-16T19:01:00,STEAM_TEMP_01,287.8394
2024-01-16T19:02:00,CORE_FLUX_01,2289351417788.099
2024-01-16T19:02:00,CORE_FUEL_01,959.1338
2024-01-16T19:02:00,CORE_ROD_01,41.7661
2024-01-16T19:02:00,CORE_EXIT_01,350.3029
2024-01-16T19:02:00,STEAM_PRES_01,73.1655
2024-01-16T19:02:00,STEAM_FEED_01,271.9544
2024-01-16T19:02:00,STEAM_DELTA_01,32.5387
2024-01-16T19:02:00,STEAM_TEMP_01,287.9116
2024-01-16T19:03:00,CORE_FLUX_01,2347820367160.279
2024-01-16T19:03:00,CORE_FUEL_01,977.168
2024-01-16T19:03:00,CORE_ROD_01,40.805
2024-01-16T19:03:00,STEAM_PRES_01,73.0175
2024-01-16T19:03:00,STEAM_FEED_01,267.6376
2024-01-16T19:03:00,STEAM_TEMP_01,287.7042
2024-01-16T19:04:00,CORE_FLUX_01,2274199134908.1895
2024-01-16T19:04:00,CORE_FUEL_01,965.4871
2024-01-16T19:04:00,CORE_ROD_01,41.9147
2024-01-16T19:04:00,CORE_EXIT_01,350.3876
2024-01-16T19:04:00,STEAM_PRES_01,73.3516
2024-01-16T19:04:00,STEAM_FEED_01,270.3063
2024-01-16T19:04:00,STEAM_DELTA_01,32.8893
2024-01-16T19:04:00,STEAM_TEMP_01,287.9677
2024-01-16T19:05:00,CORE_FLUX_01,2279287269770.6406
2024-01-16T19:05:00,CORE_FUEL_01,979.5326
2024-01-16T19:05:00,CORE_ROD_01,43.0428
2024-01-16T19:05:00,STEAM_PRES_01,72.9912
2024-01-16T19:05:00,STEAM_FEED_01,269.4758
2024-01-16T19:05:00,STEAM_TEMP_01,286.6349
2024-01-16T19:06:00,CORE_FLUX_01,2262852737729.0703
2024-01-16T19:06:00,CORE_FUEL_01,984.4665
2024-01-16T19:06:00,CORE_ROD_01,41.4945
2024-01-16T19:06:00,CORE_EXIT_01,350.1061
2024-01-16T19:06:00,STEAM_PRES_01,73.4754
2024-01-16T19:06:00,STEAM_FEED_01,271.7776
2024-01-16T19:06:00,STEAM_DELTA_01,32.9124
2024-01-16T19:06:00,STEAM_TEMP_01,288.214
2024-01-16T19:07:00,CORE_FLUX_01,2280655826577.6606
2024-01-16T19:07:00,CORE_FUEL_01,983.4475
2024-01-16T19:07:00,CORE_ROD_01,41.235
2024-01-16T19:07:00,STEAM_PRES_01,73.1061
2024-01-16T19:07:00,STEAM_FEED_01,272.6142
2024-01-16T19:07:00,STEAM_TEMP_01,288.3791
2024-01-16T19:08:00,CORE_FLUX_01,2293612860522.8174
2024-01-16T19:08:00,CORE_FUEL_01,969.8105
2024-01-16T19:08:00,CORE_ROD_01,41.0338
2024-01-16T19:08:00,CORE_EXIT_01,351.7774
2024-01-16T19:08:00,STEAM_PRES_01,73.0245
2024-01-16T19:08:00,STEAM_FEED_01,271.2804
2024-01-16T19:08:00,STEAM_DELTA_01,32.4445
2024-01-16T19:08:00,STEAM_TEMP_01,287.5075
2024-01-16T19:09:00,CORE_FLUX_01,2335697095015.723
2024-01-16T19:09:00,CORE_FUEL_01,973.4318
2024-01-16T19:09:00,CORE_ROD_01,40.7844
2024-01-16T19:09:00,STEAM_PRES_01,72.7049
2024-01-16T19:09:00,STEAM_FEED_01,268.4049
2024-01-16T19:09:00,STEAM_TEMP_01,287.3781
2024-01-16T19:10:00,CORE_FLUX_01,2252752480674.09
2024-01-16T19:10:00,CORE_FUEL_01,977.9355
2024-01-16T19:10:00,CORE_ROD_01,40.9287
2024-01-16T19:10:00,CORE_EXIT_01,349.4001
2024-01-16T19:10:00,STEAM_PRES_01,73.3083
2024-01-16T19:10:00,STEAM_FEED_01,270.5931
2024-01-16T19:10:00,STEAM_DELTA_01,32.6013
2024-01-16T19:10:00,STEAM_TEMP_01,287.7702
2024-01-16T19:11:00,CORE_FLUX_01,2280048001967.108
2024-01-16T19:11:00,CORE_FUEL_01,980.7902
2024-01-16T19:11:00,CORE_ROD_01,39.3858
2024-01-16T19:11:00,STEAM_PRES_01,72.7671
2024-01-16T19:11:00,STEAM_FEED_01,268.5416
2024-01-16T19:11:00,STEAM_TEMP_01,286.4066
2024-01-16T19:12:00,CORE_FLUX_01,2286499393112.62
2024-01-16T19:12:00,CORE_FUEL_01,977.0129
2024-01-16T19:12:00,CORE_ROD_01,41.1038
2024-01-16T19:12:00,CORE_EXIT_01,350.1343
2024-01-16T19:12:00,STEAM_PRES_01,72.8826
2024-01-16T19:12:00,STEAM_FEED_01,269.101
2024-01-16T19:12:00,STEAM_DELTA_01,32.2249
2024-01-16T19:12:00,STEAM_TEMP_01,286.5225
2024-01-16T19:13:00,CORE_FLUX_01,2287717038341.7563
2024-01-16T19:13:00,CORE_FUEL_01,962.3768
2024-01-16T19:13:00,CORE_ROD_01,41.4236
2024-01-16T19:13:00,STEAM_PRES_01,72.9401
2024-01-16T19:13:00,STEAM_FEED_01,268.2049
2024-01-16T19:13:00,STEAM_TEMP_01,287.5905
2024-01-16T19:14:00,CORE_FLUX_01,2290925057813.858
2024-01-16T19:14:00,CORE_FUEL_01,983.5696
2024-01-16T19:14:00,CORE_ROD_01,41.9721
2024-01-16T19:14:00,CORE_EXIT_01,350.1636
2024-01-16T19:14:00,STEAM_PRES_01,73.1405
2024-01-16T19:14:00,STEAM_FEED_01,271.0961
2024-01-16T19:14:00,STEAM_DELTA_01,32.6058
2024-01-16T19:14:00,STEAM_TEMP_01,288.1137
2024-01-16T19:15:00,CORE_FLUX_01,2219978301149.2085
2024-01-16T19:15:00,CORE_FUEL_01,980.9949
2024-01-16T19:15:00,CORE_ROD_01,40.5826
2024-01-16T19:15:00,STEAM_PRES_01,73.0911
2024-01-16T19:15:00,STEAM_FEED_01,268.7597
2024-01-16T19:15:00,STEAM_TEMP_01,286.7399
2024-01-16T19:16:00,CORE_FLUX_01,2320609513004.2
2024-01-16T19:16:00,CORE_FUEL_01,977.5199
2024-01-16T19:16:00,CORE_ROD_01,40.0828
2024-01-16T19:16:00,CORE_EXIT_01,348.4504
2024-01-16T19:16:00,STEAM_PRES_01,73.3597
2024-01-16T19:16:00,STEAM_FEED_01,273.3483
2024-01-16T19:16:00,STEAM_DELTA_01,32.5083
2024-01-16T19:16:00,STEAM_TEMP_01,288.2211
2024-01-16T19:17:00,CORE_FLUX_01,2271406353337.3613
2024-01-16T19:17:00,CORE_FUEL_01,967.005
2024-01-16T19:17:00,CORE_ROD_01,41.5429
2024-01-16T19:17:00,STEAM_PRES_01,72.9979
2024-01-16T19:17:00,STEAM_FEED_01,271.1255
2024-01-16T19:17:00,STEAM_TEMP_01,287.9547
2024-01-16T19:18:00,CORE_FLUX_01,2287720866934.06
2024-01-16T19:18:00,CORE_FUEL_01,970.0893
2024-01-16T19:18:00,CORE_ROD_01,40.8888
2024-01-16T19:18:00,CORE_EXIT_01,352.4135
2024-01-16T19:18:00,STEAM_PRES_01,72.9297
2024-01-16T19:18:00,STEAM_FEED_01,271.5647
2024-01-16T19:18:00,STEAM_DELTA_01,32.3029
2024-01-16T19:18:00,STEAM_TEMP_01,287.5874
2024-01-16T19:19:00,CORE_FLUX_01,2300178379253.7026
2024-01-16T19:19:00,CORE_FUEL_01,988.2875
2024-01-16T19:19:00,CORE_ROD_01,39.7356
2024-01-16T19:19:00,STEAM_PRES_01,72.8383
2024-01-16T19:19:00,STEAM_FEED_01,268.3455
2024-01-16T19:19:00,STEAM_TEMP_01,286.4557
2024-01-16T19:20:00,CORE_FLUX_01,2328175598829.293
2024-01-16T19:20:00,CORE_FUEL_01,985.2358
2024-01-16T19:20:00,CORE_ROD_01,40.0142
2024-01-16T19:20:00,CORE_EXIT_01,349.2443
2024-01-16T19:20:00,STEAM_PRES_01,72.7806
2024-01-16T19:20:00,STEAM_FEED_01,271.5066
2024-01-16T19:20:00,STEAM_DELTA_01,32.6639
2024-01-16T19:20:00,STEAM_TEMP_01,287.2096
2024-01-16T19:21:00,CORE_FLUX_01,2286014886918.019
2024-01-16T19:21:00,CORE_FUEL_01,990.6001
2024-01-16T19:21:00,CORE_ROD_01,41.3274
2024-01-16T19:21:00,STEAM_PRES_01,72.9959
2024-01-16T19:21:00,STEAM_FEED_01,271.4034
2024-01-16T19:21:00,STEAM_TEMP_01,287.475
2024-01-16T19:22:00,CORE_FLUX_01,2301631879884.488
2024-01-16T19:22:00,CORE_FUEL_01,977.5272
2024-01-16T19:22:00,CORE_ROD_01,40.4656
2024-01-16T19:22:00,CORE_EXIT_01,350.0411
2024-01-16T19:22:00,STEAM_PRES_01,73.1301
2024-01-16T19:22:00,STEAM_FEED_01,272.5492
2024-01-16T19:22:00,STEAM_DELTA_01,32.62
2024-01-16T19:22:00,STEAM_TEMP_01,287.2524
2024-01-16T19:23:00,CORE_FLUX_01,2310460803468.249
2024-01-16T19:23:00,CORE_FUEL_01,965.8161
2024-01-16T19:23:00,CORE_ROD_01,40.9673
2024-01-16T19:23:00,STEAM_PRES_01,73.161
2024-01-16T19:23:00,STEAM_FEED_01,271.6112
2024-01-16T19:23:00,STEAM_TEMP_01,287.8874
2024-01-16T19:24:00,CORE_FLUX_01,2302752072197.399
2024-01-16T19:24:00,CORE_FUEL_01,973.0604
2024-01-16T19:24:00,CORE_ROD_01,39.7357
2024-01-16T19:24:00,CORE_EXIT_01,350.5415
2024-01-16T19:24:00,STEAM_PRES_01,72.7253
2024-01-16T19:24:00,STEAM_FEED_01,271.3264
2024-01-16T19:24:00,STEAM_DELTA_01,32.4277
2024-01-16T19:24:00,STEAM_TEMP_01,287.94
2024-01-16T19:25:00,CORE_FLUX_01,2286468141649.076
2024-01-16T19:25:00,CORE_FUEL_01,975.926
2024-01-16T19:25:00,CORE_ROD_01,40.579
2024-01-16T19:25:00,STEAM_PRES_01,72.6774
2024-01-16T19:25:00,STEAM_FEED_01,265.332
2024-01-16T19:25:00,STEAM_TEMP_01,286.2025
2024-01-16T19:26:00,CORE_FLUX_01,2325878574226.9077
2024-01-16T19:26:00,CORE_FUEL_01,959.5337
2024-01-16T19:26:00,CORE_ROD_01,40.482
2024-01-16T19:26:00,CORE_EXIT_01,349.9409
2024-01-16T19:26:00,STEAM_PRES_01,72.9794
2024-01-16T19:26:00,STEAM_FEED_01,269.5327
2024-01-16T19:26:00,STEAM_DELTA_01,32.1997
2024-01-16T19:26:00,STEAM_TEMP_01,287.4265
2024-01-16T19:27:00,CORE_FLUX_01,2306623807612.9077
2024-01-16T19:27:00,CORE_FUEL_01,965.7273
2024-01-16T19:27:00,CORE_ROD_01,40.3114
2024-01-16T19:27:00,STEAM_PRES_01,73.2681
2024-01-16T19:27:00,STEAM_FEED_01,271.0179
2024-01-16T19:27:00,STEAM_TEMP_01,286.9719
2024-01-16T19:28:00,CORE_FLUX_01,2235622175515.572
2024-01-16T19:28:00,CORE_FUEL_01,969.7449
2024-01-16T19:28:00,CORE_ROD_01,40.2725
2024-01-16T19:28:00,CORE_EXIT_01,348.0441
2024-01-16T19:28:00,STEAM_PRES_01,72.9017
2024-01-16T19:28:00,STEAM_FEED_01,271.2554
2024-01-16T19:28:00,STEAM_DELTA_01,33.0276
2024-01-16T19:28:00,STEAM_TEMP_01,289.223
2024-01-16T19:29:00,CORE_FLUX_01,2305219613203.699
2024-01-16T19:29:00,CORE_FUEL_01,977.9293
2024-01-16T19:29:00,CORE_ROD_01,40.8478
2024-01-16T19:29:00,STEAM_PRES_01,72.8673
2024-01-16T19:29:00,STEAM_FEED_01,271.1641
2024-01-16T19:29:00,STEAM_TEMP_01,287.3235
2024-01-16T19:30:00,CORE_FLUX_01,2258406518730.039
2024-01-16T19:30:00,CORE_FUEL_01,987.0463
2024-01-16T19:30:00,CORE_ROD_01,41.6521
2024-01-16T19:30:00,CORE_EXIT_01,351.9879
2024-01-16T19:30:00,STEAM_PRES_01,73.2228
2024-01-16T19:30:00,STEAM_FEED_01,269.5185
2024-01-16T19:30:00,STEAM_DELTA_01,32.8636
2024-01-16T19:30:00,STEAM_TEMP_01,287.9921
2024-01-16T19:31:00,CORE_FLUX_01,2371200920363.4146
2024-01-16T19:31:00,CORE_FUEL_01,978.6216
2024-01-16T19:31:00,CORE_ROD_01,41.9794
2024-01-16T19:31:00,STEAM_PRES_01,73.1716
2024-01-16T19:31:00,STEAM_FEED_01,270.6081
2024-01-16T19:31:00,STEAM_TEMP_01,287.3654
2024-01-16T19:32:00,CORE_FLUX_01,2282036503269.309
2024-01-16T19:32:00,CORE_FUEL_01,966.0301
2024-01-16T19:32:00,CORE_ROD_01,41.6916
2024-01-16T19:32:00,CORE_EXIT_01,349.0448
2024-01-16T19:32:00,STEAM_PRES_01,72.9923
2024-01-16T19:32:00,STEAM_FEED_01,266.7516
2024-01-16T19:32:00,STEAM_DELTA_01,32.5449
2024-01-16T19:32:00,STEAM_TEMP_01,287.7399
2024-01-16T19:33:00,CORE_FLUX_01,2303883644040.2764
2024-01-16T19:33:00,CORE_FUEL_01,982.4073
2024-01-16T19:33:00,CORE_ROD_01,42.5839
2024-01-16T19:33:00,STEAM_PRES_01,73.0119
2024-01-16T19:33:00,STEAM_FEED_01,271.4878
2024-01-16T19:33:00,STEAM_TEMP_01,287.535
2024-01-16T19:34:00,CORE_FLUX_01,2281546069181.998
2024-01-16T19:34:00,CORE_FUEL_01,961.8527
2024-01-16T19:34:00,CORE_ROD_01,41.3264
2024-01-16T19:34:00,CORE_EXIT_01,348.2429
2024-01-16T19:34:00,STEAM_PRES_01,73.0646
2024-01-16T19:34:00,STEAM_FEED_01,270.0445
2024-01-16T19:34:00,STEAM_DELTA_01,32.4006
2024-01-16T19:34:00,STEAM_TEMP_01,287.5335
2024-01-16T19:35:00,CORE_FLUX_01,2260299890371.925
2024-01-16T19:35:00,CORE_FUEL_01,973.7939
2024-01-16T19:35:00,CORE_ROD_01,40.4344
2024-01-16T19:35:00,STEAM_PRES_01,73.042
2024-01-16T19:35:00,STEAM_FEED_01,271.6931
2024-01-16T19:35:00,STEAM_TEMP_01,288.4453
2024-01-16T19:36:00,CORE_FLUX_01,2310067839147.871
2024-01-16T19:36:00,CORE_FUEL_01,976.4113
2024-01-16T19:36:00,CORE_ROD_01,39.8559
2024-01-16T19:36:00,CORE_EXIT_01,346.7188
2024-01-16T19:36:00,STEAM_PRES_01,73.0124
2024-01-16T19:36:00,STEAM_FEED_01,272.7977
2024-01-16T19:36:00,STEAM_DELTA_01,32.4496
2024-01-16T19:36:00,STEAM_TEMP_01,286.6962
2024-01-16T19:37:00,CORE_FLUX_01,2321580129831.9956
2024-01-16T19:37:00,CORE_FUEL_01,970.2434
2024-01-16T19:37:00,CORE_ROD_01,41.9554
2024-01-16T19:37:00,STEAM_PRES_01,72.8285
2024-01-16T19:37:00,STEAM_FEED_01,272.4869
2024-01-16T19:37:00,STEAM_TEMP_01,287.507
2024-01-16T19:38:00,CORE_FLUX_01,2322295503651.4443
2024-01-16T19:38:00,CORE_FUEL_01,975.946
2024-01-16T19:38:00,CORE_ROD_01,41.4339
2024-01-16T19:38:00,CORE_EXIT_01,348.3934
2024-01-16T19:38:00,STEAM_PRES_01,72.9542
2024-01-16T19:38:00,STEAM_FEED_01,271.5226
2024-01-16T19:38:00,STEAM_DELTA_01,32.388
2024-01-16T19:38:00,STEAM_TEMP_01,287.2798
2024-01-16T19:39:00,CORE_FLUX_01,2296760262109.0264
2024-01-16T19:39:00,CORE_FUEL_01,973.3538
2024-01-16T19:39:00,CORE_ROD_01,40.8581
2024-01-16T19:39:00,STEAM_PRES_01,72.9269
2024-01-16T19:39:00,STEAM_FEED_01,268.4402
2024-01-16T19:39:00,STEAM_TEMP_01,287.9962
2024-01-16T19:40:00,CORE_FLUX_01,2344049813562.095
2024-01-16T19:40:00,CORE_FUEL_01,961.9218
2024-01-16T19:40:00,CORE_ROD_01,40.5009
2024-01-16T19:40:00,CORE_EXIT_01,348.0562
2024-01-16T19:40:00,STEAM_PRES_01,73.1318
2024-01-16T19:40:00,STEAM_FEED_01,271.4903
2024-01-16T19:40:00,STEAM_DELTA_01,32.7042
2024-01-16T19:40:00,STEAM_TEMP_01,287.2294
2024-01-16T19:41:00,CORE_FLUX_01,2335401898723.14
2024-01-16T19:41:00,CORE_FUEL_01,977.7557
2024-01-16T19:41:00,CORE_ROD_01,40.5299
2024-01-16T19:41:00,STEAM_PRES_01,72.8023
2024-01-16T19:41:00,STEAM_FEED_01,269.4041
2024-01-16T19:41:00,STEAM_TEMP_01,287.0824
2024-01-16T19:42:00,CORE_FLUX_01,2324620660185.563
2024-01-16T19:42:00,CORE_FUEL_01,982.4378
2024-01-16T19:42:00,CORE_ROD_01,40.9385
2024-01-16T19:42:00,CORE_EXIT_01,351.3285
2024-01-16T19:42:00,STEAM_PRES_01,73.1249
2024-01-16T19:42:00,STEAM_FEED_01,270.4554
2024-01-16T19:42:00,STEAM_DELTA_01,32.7606
2024-01-16T19:42:00,STEAM_TEMP_01,288.3876
2024-01-16T19:43:00,CORE_FLUX_01,2283758554137.9
2024-01-16T19:43:00,CORE_FUEL_01,981.5449
2024-01-16T19:43:00,CORE_ROD_01,40.8729
2024-01-16T19:43:00,STEAM_PRES_01,72.967
2024-01-16T19:43:00,STEAM_FEED_01,269.1264
2024-01-16T19:43:00,STEAM_TEMP_01,287.2305
2024-01-16T19:44:00,CORE_FLUX_01,2304878580926.761
2024-01-16T19:44:00,CORE_FUEL_01,966.4489
2024-01-16T19:44:00,CORE_ROD_01,40.3368
2024-01-16T19:44:00,CORE_EXIT_01,350.2455
2024-01-16T19:44:00,STEAM_PRES_01,72.976
2024-01-16T19:44:00,STEAM_FEED_01,270.4618
2024-01-16T19:44:00,STEAM_DELTA_01,32.4027
2024-01-16T19:44:00,STEAM_TEMP_01,287.2029
2024-01-16T19:45:00,CORE_FLUX_01,2324167989315.935
2024-01-16T19:45:00,CORE_FUEL_01,972.9072
2024-01-16T19:45:00,CORE_ROD_01,41.3572
2024-01-16T19:45:00,STEAM_PRES_01,73.1162
2024-01-16T19:45:00,STEAM_FEED_01,271.4972
2024-01-16T19:45:00,STEAM_TEMP_01,287.9896
2024-01-16T19:46:00,CORE_FLUX_01,2294703192797.868
2024-01-16T19:46:00,CORE_FUEL_01,975.914
2024-01-16T19:46:00,CORE_ROD_01,41.3187
2024-01-16T19:46:00,CORE_EXIT_01,350.0648
2024-01-16T19:46:00,STEAM_PRES_01,72.7437
2024-01-16T19:46:00,STEAM_FEED_01,270.5156
2024-01-16T19:46:00,STEAM_DELTA_01,32.2249
2024-01-16T19:46:00,STEAM_TEMP_01,287.5378
2024-01-16T19:47:00,CORE_FLUX_01,2219875479737.9946
2024-01-16T19:47:00,CORE_FUEL_01,970.8382
2024-01-16T19:47:00,CORE_ROD_01,41.9546
2024-01-16T19:47:00,STEAM_PRES_01,73.2482
2024-01-16T19:47:00,STEAM_FEED_01,274.5545
2024-01-16T19:47:00,STEAM_TEMP_01,288.135
2024-01-16T19:48:00,CORE_FLUX_01,2301967800292.598
2024-01-16T19:48:00,CORE_FUEL_01,993.5606
2024-01-16T19:48:00,CORE_ROD_01,41.8655
2024-01-16T19:48:00,CORE_EXIT_01,350.6781
2024-01-16T19:48:00,STEAM_PRES_01,72.7697
2024-01-16T19:48:00,STEAM_FEED_01,270.0674
2024-01-16T19:48:00,STEAM_DELTA_01,32.5663
2024-01-16T19:48:00,STEAM_TEMP_01,287.4824
2024-01-16T19:49:00,CORE_FLUX_01,2195071311484.3008
2024-01-16T19:49:00,CORE_FUEL_01,974.2691
2024-01-16T19:49:00,CORE_ROD_01,39.6437
2024-01-16T19:49:00,STEAM_PRES_01,72.9644
2024-01-16T19:49:00,STEAM_FEED_01,271.8568
2024-01-16T19:49:00,STEAM_TEMP_01,287.5813
2024-01-16T19:50:00,CORE_FLUX_01,2278681181223.899
2024-01-16T19:50:00,CORE_FUEL_01,975.3804
2024-01-16T19:50:00,CORE_ROD_01,40.395
2024-01-16T19:50:00,CORE_EXIT_01,351.2815
2024-01-16T19:50:00,STEAM_PRES_01,72.6889
2024-01-16T19:50:00,STEAM_FEED_01,266.3986
2024-01-16T19:50:00,STEAM_DELTA_01,32.2996
2024-01-16T19:50:00,STEAM_TEMP_01,287.4067
2024-01-16T19:51:00,CORE_FLUX_01,2306388368024.911
2024-01-16T19:51:00,CORE_FUEL_01,985.8892
2024-01-16T19:51:00,CORE_ROD_01,40.1965
2024-01-16T19:51:00,STEAM_PRES_01,72.9309
2024-01-16T19:51:00,STEAM_FEED_01,269.1753
2024-01-16T19:51:00,STEAM_TEMP_01,286.6436
2024-01-16T19:52:00,CORE_FLUX_01,2299714039653.8594
2024-01-16T19:52:00,CORE_FUEL_01,979.8703
2024-01-16T19:52:00,CORE_ROD_01,40.8241
2024-01-16T19:52:00,CORE_EXIT_01,349.6661
2024-01-16T19:52:00,STEAM_PRES_01,72.9529
2024-01-16T19:52:00,STEAM_FEED_01,269.5712
2024-01-16T19:52:00,STEAM_DELTA_01,32.4213
2024-01-16T19:52:00,STEAM_TEMP_01,287.8343
2024-01-16T19:53:00,CORE_FLUX_01,2353453151716.4307
2024-01-16T19:53:00,CORE_FUEL_01,976.3962
2024-01-16T19:53:00,CORE_ROD_01,41.9368
2024-01-16T19:53:00,STEAM_PRES_01,72.8555
2024-01-16T19:53:00,STEAM_FEED_01,267.5358
2024-01-16T19:53:00,STEAM_TEMP_01,286.672
2024-01-16T19:54:00,CORE_FLUX_01,2318622625514.5054
2024-01-16T19:54:00,CORE_FUEL_01,972.9425
2024-01-16T19:54:00,CORE_ROD_01,42.729
2024-01-16T19:54:00,CORE_EXIT_01,349.0034
2024-01-16T19:54:00,STEAM_PRES_01,73.0979
2024-01-16T19:54:00,STEAM_FEED_01,270.3484
2024-01-16T19:54:00,STEAM_DELTA_01,32.178
2024-01-16T19:54:00,STEAM_TEMP_01,287.4968
2024-01-16T19:55:00,CORE_FLUX_01,2239495267270.088
2024-01-16T19:55:00,CORE_FUEL_01,983.527
2024-01-16T19:55:00,CORE_ROD_01,40.8689
2024-01-16T19:55:00,STEAM_PRES_01,72.9835
2024-01-16T19:55:00,STEAM_FEED_01,269.5082
2024-01-16T19:55:00,STEAM_TEMP_01,287.1855
2024-01-16T19:56:00,CORE_FLUX_01,2267463508937.9717
2024-01-16T19:56:00,CORE_FUEL_01,973.5411
2024-01-16T19:56:00,CORE_ROD_01,41.5444
2024-01-16T19:56:00,CORE_EXIT_01,349.2458
2024-01-16T19:56:00,STEAM_PRES_01,73.086
2024-01-16T19:56:00,STEAM_FEED_01,270.0524
2024-01-16T19:56:00,STEAM_DELTA_01,32.7243
2024-01-16T19:56:00,STEAM_TEMP_01,288.1853
2024-01-16T19:57:00,CORE_FLUX_01,2313359527583.448
2024-01-16T19:57:00,CORE_FUEL_01,980.3202
2024-01-16T19:57:00,CORE_ROD_01,40.9958
2024-01-16T19:57:00,STEAM_PRES_01,73.2104
2024-01-16T19:57:00,STEAM_FEED_01,272.3723
2024-01-16T19:57:00,STEAM_TEMP_01,287.9867
2024-01-16T19:58:00,CORE_FLUX_01,2291605561626.6494
2024-01-16T19:58:00,CORE_FUEL_01,973.2684
2024-01-16T19:58:00,CORE_ROD_01,40.3344
2024-01-16T19:58:00,CORE_EXIT_01,349.5431
2024-01-16T19:58:00,STEAM_PRES_01,72.935
2024-01-16T19:58:00,STEAM_FEED_01,271.4383
2024-01-16T19:58:00,STEAM_DELTA_01,32.5054
2024-01-16T19:58:00,STEAM_TEMP_01,288.2472
2024-01-16T19:59:00,CORE_FLUX_01,2257607062023.6543
2024-01-16T19:59:00,CORE_FUEL_01,972.7333
2024-01-16T19:59:00,CORE_ROD_01,41.387
2024-01-16T19:59:00,STEAM_PRES_01,72.8188
2024-01-16T19:59:00,STEAM_FEED_01,269.1513
2024-01-16T19:59:00,STEAM_TEMP_01,287.9019
2024-01-16T20:00:00,CORE_FLUX_01,2281682217863.8
2024-01-16T20:00:00,CORE_FUEL_01,980.4618
2024-01-16T20:00:00,CORE_ROD_01,40.312
2024-01-16T20:00:00,CORE_EXIT_01,349.9469
2024-01-16T20:00:00,STEAM_PRES_01,72.9318
2024-01-16T20:00:00,STEAM_FEED_01,269.1072
2024-01-16T20:00:00,STEAM_DELTA_01,32.5867
2024-01-16T20:00:00,STEAM_TEMP_01,286.9453
2024-01-16T20:01:00,CORE_FLUX_01,2321334033736.8984
2024-01-16T20:01:00,CORE_FUEL_01,978.7437
2024-01-16T20:01:00,CORE_ROD_01,40.7378
2024-01-16T20:01:00,STEAM_PRES_01,72.7432
2024-01-16T20:01:00,STEAM_FEED_01,265.8907
2024-01-16T20:01:00,STEAM_TEMP_01,287.2179
2024-01-16T20:02:00,CORE_FLUX_01,2285670362849.388
2024-01-16T20:02:00,CORE_FUEL_01,980.983
2024-01-16T20:02:00,CORE_ROD_01,40.9159
2024-01-16T20:02:00,CORE_EXIT_01,350.9001
2024-01-16T20:02:00,STEAM_PRES_01,72.9952
2024-01-16T20:02:00,STEAM_FEED_01,270.6897
2024-01-16T20:02:00,STEAM_DELTA_01,32.6106
2024-01-16T20:02:00,STEAM_TEMP_01,287.4891
2024-01-16T20:03:00,CORE_FLUX_01,2342305121847.438
2024-01-16T20:03:00,CORE_FUEL_01,970.8268
2024-01-16T20:03:00,CORE_ROD_01,40.7839
2024-01-16T20:03:00,STEAM_PRES_01,72.8894
2024-01-16T20:03:00,STEAM_FEED_01,271.7205
2024-01-16T20:03:00,STEAM_TEMP_01,287.6705
2024-01-16T20:04:00,CORE_FLUX_01,2262186478685.9424
2024-01-16T20:04:00,CORE_FUEL_01,968.3935
2024-01-16T20:04:00,CORE_ROD_01,39.2093
2024-01-16T20:04:00,CORE_EXIT_01,350.6633
2024-01-16T20:04:00,STEAM_PRES_01,73.0918
2024-01-16T20:04:00,STEAM_FEED_01,270.506
2024-01-16T20:04:00,STEAM_DELTA_01,32.3953
2024-01-16T20:04:00,STEAM_TEMP_01,287.6666
2024-01-16T20:05:00,CORE_FLUX_01,2312505679866.154
2024-01-16T20:05:00,CORE_FUEL_01,976.1884
2024-01-16T20:05:00,CORE_ROD_01,39.747
2024-01-16T20:05:00,STEAM_PRES_01,73.1412
2024-01-16T20:05:00,STEAM_FEED_01,270.3861
2024-01-16T20:05:00,STEAM_TEMP_01,288.104
2024-01-16T20:06:00,CORE_FLUX_01,2326104448308.527
2024-01-16T20:06:00,CORE_FUEL_01,958.5625
2024-01-16T20:06:00,CORE_ROD_01,40.7612
2024-01-16T20:06:00,CORE_EXIT_01,350.2303
2024-01-16T20:06:00,STEAM_PRES_01,73.0318
2024-01-16T20:06:00,STEAM_FEED_01,271.1527
2024-01-16T20:06:00,STEAM_DELTA_01,32.4358
2024-01-16T20:06:00,STEAM_TEMP_01,286.9572
2024-01-16T20:07:00,CORE_FLUX_01,2310824529161.0654
2024-01-16T20:07:00,CORE_FUEL_01,979.6385
2024-01-16T20:07:00,CORE_ROD_01,40.7152
2024-01-16T20:07:00,STEAM_PRES_01,73.5026
2024-01-16T20:07:00,STEAM_FEED_01,270.6957
2024-01-16T20:07:00,STEAM_TEMP_01,288.3178
2024-01-16T20:08:00,CORE_FLUX_01,2324587355791.259
2024-01-16T20:08:00,CORE_FUEL_01,966.5696
2024-01-16T20:08:00,CORE_ROD_01,41.4544
2024-01-16T20:08:00,CORE_EXIT_01,348.379
2024-01-16T20:08:00,STEAM_PRES_01,72.8048
2024-01-16T20:08:00,STEAM_FEED_01,269.451
2024-01-16T20:08:00,STEAM_DELTA_01,32.6569
2024-01-16T20:08:00,STEAM_TEMP_01,287.5533
2024-01-16T20:09:00,CORE_FLUX_01,2250029005700.229
2024-01-16T20:09:00,CORE_FUEL_01,970.6189
2024-01-16T20:09:00,CORE_ROD_01,42.4016
2024-01-16T20:09:00,STEAM_PRES_01,72.788
2024-01-16T20:09:00,STEAM_FEED_01,266.9718
2024-01-16T20:09:00,STEAM_TEMP_01,287.4762
2024-01-16T20:10:00,CORE_FLUX_01,2315480962875.2314
2024-01-16T20:10:00,CORE_FUEL_01,948.2287
2024-01-16T20:10:00,CORE_ROD_01,40.3551
2024-01-16T20:10:00,CORE_EXIT_01,350.5584
2024-01-16T20:10:00,STEAM_PRES_01,72.8613
2024-01-16T20:10:00,STEAM_FEED_01,270.7484
2024-01-16T20:10:00,STEAM_DELTA_01,32.4315
2024-01-16T20:10:00,STEAM_TEMP_01,287.6694
2024-01-16T20:11:00,CORE_FLUX_01,2299654591822.702
2024-01-16T20:11:00,CORE_FUEL_01,972.8965
2024-01-16T20:11:00,CORE_ROD_01,41.1784
2024-01-16T20:11:00,STEAM_PRES_01,73.0415
2024-01-16T20:11:00,STEAM_FEED_01,267.728
2024-01-16T20:11:00,STEAM_TEMP_01,287.2814
2024-01-16T20:12:00,CORE_FLUX_01,2308676707672.0586
2024-01-16T20:12:00,CORE_FUEL_01,959.9777
2024-01-16T20:12:00,CORE_ROD_01,41.1058
2024-01-16T20:12:00,CORE_EXIT_01,348.3463
2024-01-16T20:12:00,STEAM_PRES_01,72.4897
2024-01-16T20:12:00,STEAM_FEED_01,265.4934
2024-01-16T20:12:00,STEAM_DELTA_01,32.1163
2024-01-16T20:12:00,STEAM_TEMP_01,286.454
2024-01-16T20:13:00,CORE_FLUX_01,2302870841574.446
2024-01-16T20:13:00,CORE_FUEL_01,974.0096
2024-01-16T20:13:00,CORE_ROD_01,41.2849
2024-01-16T20:13:00,STEAM_PRES_01,72.6624
2024-01-16T20:13:00,STEAM_FEED_01,267.1624
2024-01-16T20:13:00,STEAM_TEMP_01,286.3925
2024-01-16T20:14:00,CORE_FLUX_01,2290948720528.9224
2024-01-16T20:14:00,CORE_FUEL_01,977.3794
2024-01-16T20:14:00,CORE_ROD_01,40.988
2024-01-16T20:14:00,CORE_EXIT_01,348.6325
2024-01-16T20:14:00,STEAM_PRES_01,72.9595
2024-01-16T20:14:00,STEAM_FEED_01,273.6495
2024-01-16T20:14:00,STEAM_DELTA_01,32.6584
2024-01-16T20:14:00,STEAM_TEMP_01,288.5767
2024-01-16T20:15:00,CORE_FLUX_01,2323679487382.087
2024-01-16T20:15:00,CORE_FUEL_01,982.3537
2024-01-16T20:15:00,CORE_ROD_01,41.2848
2024-01-16T20:15:00,STEAM_PRES_01,72.9831
2024-01-16T20:15:00,STEAM_FEED_01,272.7591
2024-01-16T20:15:00,STEAM_TEMP_01,287.2606
2024-01-16T20:16:00,CORE_FLUX_01,2320300273385.752
2024-01-16T20:16:00,CORE_FUEL_01,974.9348
2024-01-16T20:16:00,CORE_ROD_01,41.1474
2024-01-16T20:16:00,CORE_EXIT_01,350.253
2024-01-16T20:16:00,STEAM_PRES_01,73.1257
2024-01-16T20:16:00,STEAM_FEED_01,269.4268
2024-01-16T20:16:00,STEAM_DELTA_01,32.5245
2024-01-16T20:16:00,STEAM_TEMP_01,287.7436
2024-01-16T20:17:00,CORE_FLUX_01,2285925283125.1675
2024-01-16T20:17:00,CORE_FUEL_01,980.2803
2024-01-16T20:17:00,CORE_ROD_01,39.8749
2024-01-16T20:17:00,STEAM_PRES_01,72.9648
2024-01-16T20:17:00,STEAM_FEED_01,267.713
2024-01-16T20:17:00,STEAM_TEMP_01,286.8124
2024-01-16T20:18:00,CORE_FLUX_01,2246843683626.3027
2024-01-16T20:18:00,CORE_FUEL_01,964.7283
2024-01-16T20:18:00,CORE_ROD_01,41.9724
2024-01-16T20:18:00,CORE_EXIT_01,349.7416
2024-01-16T20:18:00,STEAM_PRES_01,72.7647
2024-01-16T20:18:00,STEAM_FEED_01,269.9378
2024-01-16T20:18:00,STEAM_DELTA_01,32.549
2024-01-16T20:18:00,STEAM_TEMP_01,287.2177
2024-01-16T20:19:00,CORE_FLUX_01,2329977969786.059
2024-01-16T20:19:00,CORE_FUEL_01,961.7845
2024-01-16T20:19:00,CORE_ROD_01,40.7665
2024-01-16T20:19:00,STEAM_PRES_01,73.0011
2024-01-16T20:19:00,STEAM_FEED_01,268.0349
2024-01-16T20:19:00,STEAM_TEMP_01,287.0085
2024-01-16T20:20:00,CORE_FLUX_01,2307824312597.271
2024-01-16T20:20:00,CORE_FUEL_01,969.9008
2024-01-16T20:20:00,CORE_ROD_01,41.0124
2024-01-16T20:20:00,CORE_EXIT_01,348.5456
2024-01-16T20:20:00,STEAM_PRES_01,72.9938
2024-01-16T20:20:00,STEAM_FEED_01,271.9792
2024-01-16T20:20:00,STEAM_DELTA_01,32.6496
2024-01-16T20:20:00,STEAM_TEMP_01,287.7346
2024-01-16T20:21:00,CORE_FLUX_01,2270728598455.011
2024-01-16T20:21:00,CORE_FUEL_01,981.1019
2024-01-16T20:21:00,CORE_ROD_01,39.8182
2024-01-16T20:21:00,STEAM_PRES_01,72.9917
2024-01-16T20:21:00,STEAM_FEED_01,271.7418
2024-01-16T20:21:00,STEAM_TEMP_01,287.9228
2024-01-16T20:22:00,CORE_FLUX_01,2242629156940.3696
2024-01-16T20:22:00,CORE_FUEL_01,973.0805
2024-01-16T20:22:00,CORE_ROD_01,39.9842
2024-01-16T20:22:00,CORE_EXIT_01,350.8019
2024-01-16T20:22:00,STEAM_PRES_01,73.0787
2024-01-16T20:22:00,STEAM_FEED_01,271.5383
2024-01-16T20:22:00,STEAM_DELTA_01,32.5729
2024-01-16T20:22:00,STEAM_TEMP_01,288.0151
2024-01-16T20:23:00,CORE_FLUX_01,2348570572943.07
2024-01-16T20:23:00,CORE_FUEL_01,981.6505
2024-01-16T20:23:00,CORE_ROD_01,42.4429
2024-01-16T20:23:00,STEAM_PRES_01,72.7186
2024-01-16T20:23:00,STEAM_FEED_01,269.9377
2024-01-16T20:23:00,STEAM_TEMP_01,288.1519
2024-01-16T20:24:00,CORE_FLUX_01,2309034172386.1514
2024-01-16T20:24:00,CORE_FUEL_01,965.6606
2024-01-16T20:24:00,CORE_ROD_01,41.7662
2024-01-16T20:24:00,CORE_EXIT_01,348.7733
2024-01-16T20:24:00,STEAM_PRES_01,72.9996
2024-01-16T20:24:00,STEAM_FEED_01,270.7302
2024-01-16T20:24:00,STEAM_DELTA_01,32.5982
2024-01-16T20:24:00,STEAM_TEMP_01,287.5052
2024-01-16T20:25:00,CORE_FLUX_01,2320823909118.944
2024-01-16T20:25:00,CORE_FUEL_01,971.1998
2024-01-16T20:25:00,CORE_ROD_01,39.9759
2024-01-16T20:25:00,STEAM_PRES_01,72.7405
2024-01-16T20:25:00,STEAM_FEED_01,264.425
2024-01-16T20:25:00,STEAM_TEMP_01,286.1925
2024-01-16T20:26:00,CORE_FLUX_01,2265591795000.9404
2024-01-16T20:26:00,CORE_FUEL_01,975.4584
2024-01-16T20:26:00,CORE_ROD_01,40.3243
2024-01-16T20:26:00,CORE_EXIT_01,348.4306
2024-01-16T20:26:00,STEAM_PRES_01,73.2187
2024-01-16T20:26:00,STEAM_FEED_01,273.3289
2024-01-16T20:26:00,STEAM_DELTA_01,32.469
2024-01-16T20:26:00,STEAM_TEMP_01,288.6572
2024-01-16T20:27:00,CORE_FLUX_01,2313655426727.2173
2024-01-16T20:27:00,CORE_FUEL_01,976.0236
2024-01-16T20:27:00,CORE_ROD_01,41.4525
2024-01-16T20:27:00,STEAM_PRES_01,73.5534
2024-01-16T20:27:00,STEAM_FEED_01,267.3406
2024-01-16T20:27:00,STEAM_TEMP_01,287.871
2024-01-16T20:28:00,CORE_FLUX_01,2260068892945.4707
2024-01-16T20:28:00,CORE_FUEL_01,974.163
2024-01-16T20:28:00,CORE_ROD_01,40.5507
2024-01-16T20:28:00,CORE_EXIT_01,350.1128
2024-01-16T20:28:00,STEAM_PRES_01,72.8035
2024-01-16T20:28:00,STEAM_FEED_01,270.7657
2024-01-16T20:28:00,STEAM_DELTA_01,32.4905
2024-01-16T20:28:00,STEAM_TEMP_01,287.454
2024-01-16T20:29:00,CORE_FLUX_01,2292706563318.0225
2024-01-16T20:29:00,CORE_FUEL_01,989.0529
2024-01-16T20:29:00,CORE_ROD_01,41.0639
2024-01-16T20:29:00,STEAM_PRES_01,72.7698
2024-01-16T20:29:00,STEAM_FEED_01,266.1102
2024-01-16T20:29:00,STEAM_TEMP_01,286.5988
2024-01-16T20:30:00,CORE_FLUX_01,2293020787246.5806
2024-01-16T20:30:00,CORE_FUEL_01,966.2057
2024-01-16T20:30:00,CORE_ROD_01,39.0797
2024-01-16T20:30:00,CORE_EXIT_01,351.8371
2024-01-16T20:30:00,STEAM_PRES_01,73.3161
2024-01-16T20:30:00,STEAM_FEED_01,274.1718
2024-01-16T20:30:00,STEAM_DELTA_01,32.8963
2024-01-16T20:30:00,STEAM_TEMP_01,288.6316
2024-01-16T20:31:00,CORE_FLUX_01,2303081335200.704
2024-01-16T20:31:00,CORE_FUEL_01,972.2799
2024-01-16T20:31:00,CORE_ROD_01,41.1864
2024-01-16T20:31:00,STEAM_PRES_01,72.9721
2024-01-16T20:31:00,STEAM_FEED_01,269.7179
2024-01-16T20:31:00,STEAM_TEMP_01,287.2491
2024-01-16T20:32:00,CORE_FLUX_01,2304578802107.916
2024-01-16T20:32:00,CORE_FUEL_01,973.2399
2024-01-16T20:32:00,CORE_ROD_01,40.8095
2024-01-16T20:32:00,CORE_EXIT_01,351.5693
2024-01-16T20:32:00,STEAM_PRES_01,72.7833
2024-01-16T20:32:00,STEAM_FEED_01,267.7839
2024-01-16T20:32:00,STEAM_DELTA_01,32.2969
2024-01-16T20:32:00,STEAM_TEMP_01,286.3151
2024-01-16T20:33:00,CORE_FLUX_01,2262679374467.1504
2024-01-16T20:33:00,CORE_FUEL_01,978.0573
2024-01-16T20:33:00,CORE_ROD_01,41.8617
2024-01-16T20:33:00,STEAM_PRES_01,73.2692
2024-01-16T20:33:00,STEAM_FEED_01,271.1574
2024-01-16T20:33:00,STEAM_TEMP_01,287.7341
2024-01-16T20:34:00,CORE_FLUX_01,2328464588718.0044
2024-01-16T20:34:00,CORE_FUEL_01,978.1915
2024-01-16T20:34:00,CORE_ROD_01,41.1031
2024-01-16T20:34:00,CORE_EXIT_01,349.8291
2024-01-16T20:34:00,STEAM_PRES_01,72.788
2024-01-16T20:34:00,STEAM_FEED_01,268.5416
2024-01-16T20:34:00,STEAM_DELTA_01,32.5965
2024-01-16T20:34:00,STEAM_TEMP_01,287.3542
2024-01-16T20:35:00,CORE_FLUX_01,2267734097988.8096
2024-01-16T20:35:00,CORE_FUEL_01,972.5697
2024-01-16T20:35:00,CORE_ROD_01,43.2996
2024-01-16T20:35:00,STEAM_PRES_01,73.1496
2024-01-16T20:35:00,STEAM_FEED_01,270.8022
2024-01-16T20:35:00,STEAM_TEMP_01,287.7115
2024-01-16T20:36:00,CORE_FLUX_01,2308562467244.7144
2024-01-16T20:36:00,CORE_FUEL_01,973.3436
2024-01-16T20:36:00,CORE_ROD_01,42.5391
2024-01-16T20:36:00,CORE_EXIT_01,350.5271
2024-01-16T20:36:00,STEAM_PRES_01,72.8492
2024-01-16T20:36:00,STEAM_FEED_01,269.213
2024-01-16T20:36:00,STEAM_DELTA_01,32.5052
2024-01-16T20:36:00,STEAM_TEMP_01,287.007
2024-01-16T20:37:00,CORE_FLUX_01,2267862938625.0015
2024-01-16T20:37:00,CORE_FUEL_01,984.2569
2024-01-16T20:37:00,CORE_ROD_01,40.8743
2024-01-16T20:37:00,STEAM_PRES_01,73.0092
2024-01-16T20:37:00,STEAM_FEED_01,273.4997
2024-01-16T20:37:00,STEAM_TEMP_01,287.9321
2024-01-16T20:38:00,CORE_FLUX_01,2289371974158.7227
2024-01-16T20:38:00,CORE_FUEL_01,987.8693
2024-01-16T20:38:00,CORE_ROD_01,40.8952
2024-01-16T20:38:00,CORE_EXIT_01,351.4489
2024-01-16T20:38:00,STEAM_PRES_01,73.088
2024-01-16T20:38:00,STEAM_FEED_01,269.7786
2024-01-16T20:38:00,STEAM_DELTA_01,32.5809
2024-01-16T20:38:00,STEAM_TEMP_01,287.9201
2024-01-16T20:39:00,CORE_FLUX_01,2288775030179.0464
2024-01-16T20:39:00,CORE_FUEL_01,966.8982
2024-01-16T20:39:00,CORE_ROD_01,39.3068
2024-01-16T20:39:00,STEAM_PRES_01,72.697
2024-01-16T20:39:00,STEAM_FEED_01,268.0998
2024-01-16T20:39:00,STEAM_TEMP_01,286.378
2024-01-16T20:40:00,CORE_FLUX_01,2287440214368.8955
2024-01-16T20:40:00,CORE_FUEL_01,968.6151
2024-01-16T20:40:00,CORE_ROD_01,39.3683
2024-01-16T20:40:00,CORE_EXIT_01,350.5163
2024-01-16T20:40:00,STEAM_PRES_01,72.948
2024-01-16T20:40:00,STEAM_FEED_01,269.6423
2024-01-16T20:40:00,STEAM_DELTA_01,32.724
2024-01-16T20:40:00,STEAM_TEMP_01,287.8651
2024-01-16T20:41:00,CORE_FLUX_01,2285476344801.861
2024-01-16T20:41:00,CORE_FUEL_01,978.2603
2024-01-16T20:41:00,CORE_ROD_01,41.3771
2024-01-16T20:41:00,STEAM_PRES_01,73.4085
2024-01-16T20:41:00,STEAM_FEED_01,273.9821
2024-01-16T20:41:00,STEAM_TEMP_01,288.9669
2024-01-16T20:42:00,CORE_FLUX_01,2339776715442.3296
2024-01-16T20:42:00,CORE_FUEL_01,976.1984
2024-01-16T20:42:00,CORE_ROD_01,42.545
2024-01-16T20:42:00,CORE_EXIT_01,347.4306
2024-01-16T20:42:00,STEAM_PRES_01,72.7415
2024-01-16T20:42:00,STEAM_FEED_01,266.6236
2024-01-16T20:42:00,STEAM_DELTA_01,32.4153
2024-01-16T20:42:00,STEAM_TEMP_01,286.8251
2024-01-16T20:43:00,CORE_FLUX_01,2336222410785.5464
2024-01-16T20:43:00,CORE_FUEL_01,968.9876
2024-01-16T20:43:00,CORE_ROD_01,41.5503
2024-01-16T20:43:00,STEAM_PRES_01,72.9475
2024-01-16T20:43:00,STEAM_FEED_01,269.1378
2024-01-16T20:43:00,STEAM_TEMP_01,287.2868
2024-01-16T20:44:00,CORE_FLUX_01,2225805774031.279
2024-01-16T20:44:00,CORE_FUEL_01,971.7907
2024-01-16T20:44:00,CORE_ROD_01,41.766
2024-01-16T20:44:00,CORE_EXIT_01,351.0794
2024-01-16T20:44:00,STEAM_PRES_01,72.94
2024-01-16T20:44:00,STEAM_FEED_01,273.4885
2024-01-16T20:44:00,STEAM_DELTA_01,32.691
2024-01-16T20:44:00,STEAM_TEMP_01,287.3656
2024-01-16T20:45:00,CORE_FLUX_01,2356445691302.103
2024-01-16T20:45:00,CORE_FUEL_01,974.9388
2024-01-16T20:45:00,CORE_ROD_01,40.3095
2024-01-16T20:45:00,STEAM_PRES_01,72.8806
2024-01-16T20:45:00,STEAM_FEED_01,271.3133
2024-01-16T20:45:00,STEAM_TEMP_01,287.3965
2024-01-16T20:46:00,CORE_FLUX_01,2254929727578.3984
2024-01-16T20:46:00,CORE_FUEL_01,975.0108
2024-01-16T20:46:00,CORE_ROD_01,41.5558
2024-01-16T20:46:00,CORE_EXIT_01,349.8384
2024-01-16T20:46:00,STEAM_PRES_01,73.3336
2024-01-16T20:46:00,STEAM_FEED_01,271.7815
2024-01-16T20:46:00,STEAM_DELTA_01,33.0156
2024-01-16T20:46:00,STEAM_TEMP_01,288.2066
2024-01-16T20:47:00,CORE_FLUX_01,2349550915416.0405
2024-01-16T20:47:00,CORE_FUEL_01,981.9667
2024-01-16T20:47:00,CORE_ROD_01,42.5364
2024-01-16T20:47:00,STEAM_PRES_01,73.1917
2024-01-16T20:47:00,STEAM_FEED_01,273.411
2024-01-16T20:47:00,STEAM_TEMP_01,287.8205
2024-01-16T20:48:00,CORE_FLUX_01,2246365633043.8726
2024-01-16T20:48:00,CORE_FUEL_01,977.8689
2024-01-16T20:48:00,CORE_ROD_01,41.0441
2024-01-16T20:48:00,CORE_EXIT_01,350.2611
2024-01-16T20:48:00,STEAM_PRES_01,73.2186
2024-01-16T20:48:00,STEAM_FEED_01,270.2376
2024-01-16T20:48:00,STEAM_DELTA_01,32.5217
2024-01-16T20:48:00,STEAM_TEMP_01,287.6091
2024-01-16T20:49:00,CORE_FLUX_01,2340023465591.0405
2024-01-16T20:49:00,CORE_FUEL_01,980.0493
2024-01-16T20:49:00,CORE_ROD_01,41.678
2024-01-16T20:49:00,STEAM_PRES_01,72.8272
2024-01-16T20:49:00,STEAM_FEED_01,266.0691
2024-01-16T20:49:00,STEAM_TEMP_01,286.4522
2024-01-16T20:50:00,CORE_FLUX_01,2312645112440.6714
2024-01-16T20:50:00,CORE_FUEL_01,971.4548
2024-01-16T20:50:00,CORE_ROD_01,41.8471
2024-01-16T20:50:00,CORE_EXIT_01,350.5161
2024-01-16T20:50:00,STEAM_PRES_01,73.045
2024-01-16T20:50:00,STEAM_FEED_01,268.5658
2024-01-16T20:50:00,STEAM_DELTA_01,32.317
2024-01-16T20:50:00,STEAM_TEMP_01,287.5423
2024-01-16T20:51:00,CORE_FLUX_01,2346509287869.502
2024-01-16T20:51:00,CORE_FUEL_01,988.9343
2024-01-16T20:51:00,CORE_ROD_01,42.5101
2024-01-16T20:51:00,STEAM_PRES_01,72.8003
2024-01-16T20:51:00,STEAM_FEED_01,271.8787
2024-01-16T20:51:00,STEAM_TEMP_01,286.9757
2024-01-16T20:52:00,CORE_FLUX_01,2289237218382.646
2024-01-16T20:52:00,CORE_FUEL_01,970.6213
2024-01-16T20:52:00,CORE_ROD_01,41.2403
2024-01-16T20:52:00,CORE_EXIT_01,348.6445
2024-01-16T20:52:00,STEAM_PRES_01,72.8223
2024-01-16T20:52:00,STEAM_FEED_01,272.0125
2024-01-16T20:52:00,STEAM_DELTA_01,32.1699
2024-01-16T20:52:00,STEAM_TEMP_01,287.9309
2024-01-16T20:53:00,CORE_FLUX_01,2307026132229.1953
2024-01-16T20:53:00,CORE_FUEL_01,982.4651
2024-01-16T20:53:00,CORE_ROD_01,40.4099
2024-01-16T20:53:00,STEAM_PRES_01,72.9767
2024-01-16T20:53:00,STEAM_FEED_01,271.117
2024-01-16T20:53:00,STEAM_TEMP_01,286.9977
2024-01-16T20:54:00,CORE_FLUX_01,2287232068936.6333
2024-01-16T20:54:00,CORE_FUEL_01,982.2765
2024-01-16T20:54:00,CORE_ROD_01,41.7882
2024-01-16T20:54:00,CORE_EXIT_01,350.7803
2024-01-16T20:54:00,STEAM_PRES_01,72.8445
2024-01-16T20:54:00,STEAM_FEED_01,270.1826
2024-01-16T20:54:00,STEAM_DELTA_01,32.2609
2024-01-16T20:54:00,STEAM_TEMP_01,285.9304
2024-01-16T20:55:00,CORE_FLUX_01,2336517726555.368
2024-01-16T20:55:00,CORE_FUEL_01,959.0923
2024-01-16T20:55:00,CORE_ROD_01,41.3993
2024-01-16T20:55:00,STEAM_PRES_01,72.9431
2024-01-16T20:55:00,STEAM_FEED_01,268.4717
2024-01-16T20:55:00,STEAM_TEMP_01,286.7382
2024-01-16T20:56:00,CORE_FLUX_01,2352467796211.079
2024-01-16T20:56:00,CORE_FUEL_01,993.2597
2024-01-16T20:56:00,CORE_ROD_01,40.4131
2024-01-16T20:56:00,CORE_EXIT_01,350.2784
2024-01-16T20:56:00,STEAM_PRES_01,73.2696
2024-01-16T20:56:00,STEAM_FEED_01,272.8226
2024-01-16T20:56:00,STEAM_DELTA_01,32.7091
2024-01-16T20:56:00,STEAM_TEMP_01,287.7946
2024-01-16T20:57:00,CORE_FLUX_01,2353365300252.2144
2024-01-16T20:57:00,CORE_FUEL_01,971.2825
2024-01-16T20:57:00,CORE_ROD_01,41.1253
2024-01-16T20:57:00,STEAM_PRES_01,72.5863
2024-01-16T20:57:00,STEAM_FEED_01,267.0078
2024-01-16T20:57:00,STEAM_TEMP_01,287.3209
2024-01-16T20:58:00,CORE_FLUX_01,2322492999050.3325
2024-01-16T20:58:00,CORE_FUEL_01,971.6878
2024-01-16T20:58:00,CORE_ROD_01,40.8221
2024-01-16T20:58:00,CORE_EXIT_01,349.0708
2024-01-16T20:58:00,STEAM_PRES_01,72.6603
2024-01-16T20:58:00,STEAM_FEED_01,269.6789
2024-01-16T20:58:00,STEAM_DELTA_01,32.3876
2024-01-16T20:58:00,STEAM_TEMP_01,287.0127
2024-01-16T20:59:00,CORE_FLUX_01,2299853885955.7944
2024-01-16T20:59:00,CORE_FUEL_01,991.2987
2024-01-16T20:59:00,CORE_ROD_01,39.599
2024-01-16T20:59:00,STEAM_PRES_01,72.9795
2024-01-16T20:59:00,STEAM_FEED_01,273.4141
2024-01-16T20:59:00,STEAM_TEMP_01,288.0157
2024-01-16T21:00:00,CORE_FLUX_01,2360007326397.14
2024-01-16T21:00:00,CORE_FUEL_01,978.633
2024-01-16T21:00:00,CORE_ROD_01,41.4567
2024-01-16T21:00:00,CORE_EXIT_01,349.0446
2024-01-16T21:00:00,STEAM_PRES_01,73.3012
2024-01-16T21:00:00,STEAM_FEED_01,269.0797
2024-01-16T21:00:00,STEAM_DELTA_01,32.7423
2024-01-16T21:00:00,STEAM_TEMP_01,287.334
2024-01-16T21:01:00,CORE_FLUX_01,2277906600749.467
2024-01-16T21:01:00,CORE_FUEL_01,971.22
2024-01-16T21:01:00,CORE_ROD_01,41.486
2024-01-16T21:01:00,STEAM_PRES_01,73.1303
2024-01-16T21:01:00,STEAM_FEED_01,267.8181
2024-01-16T21:01:00,STEAM_TEMP_01,287.9677
2024-01-16T21:02:00,CORE_FLUX_01,2301520898516.483
2024-01-16T21:02:00,CORE_FUEL_01,987.3417
2024-01-16T21:02:00,CORE_ROD_01,41.7862
2024-01-16T21:02:00,CORE_EXIT_01,348.8603
2024-01-16T21:02:00,STEAM_PRES_01,72.8663
2024-01-16T21:02:00,STEAM_FEED_01,271.138
2024-01-16T21:02:00,STEAM_DELTA_01,32.5121
2024-01-16T21:02:00,STEAM_TEMP_01,288.2779
2024-01-16T21:03:00,CORE_FLUX_01,2314847408692.367
2024-01-16T21:03:00,CORE_FUEL_01,984.2823
2024-01-16T21:03:00,CORE_ROD_01,41.9738
2024-01-16T21:03:00,STEAM_PRES_01,73.0651
2024-01-16T21:03:00,STEAM_FEED_01,269.3725
2024-01-16T21:03:00,STEAM_TEMP_01,286.7414
2024-01-16T21:04:00,CORE_FLUX_01,2283711915993.5693
2024-01-16T21:04:00,CORE_FUEL_01,978.5466
2024-01-16T21:04:00,CORE_ROD_01,42.0573
2024-01-16T21:04:00,CORE_EXIT_01,351.1431
2024-01-16T21:04:00,STEAM_PRES_01,72.8637
2024-01-16T21:04:00,STEAM_FEED_01,269.111
2024-01-16T21:04:00,STEAM_DELTA_01,31.9932
2024-01-16T21:04:00,STEAM_TEMP_01,287.5254
2024-01-16T21:05:00,CORE_FLUX_01,2299257512885.258
2024-01-16T21:05:00,CORE_FUEL_01,969.3806
2024-01-16T21:05:00,CORE_ROD_01,40.8686
2024-01-16T21:05:00,STEAM_PRES_01,73.0999
2024-01-16T21:05:00,STEAM_FEED_01,272.8115
2024-01-16T21:05:00,STEAM_TEMP_01,288.6707
2024-01-16T21:06:00,CORE_FLUX_01,2359504170876.893
2024-01-16T21:06:00,CORE_FUEL_01,984.162
2024-01-16T21:06:00,CORE_ROD_01,40.6538
2024-01-16T21:06:00,CORE_EXIT_01,350.3368
2024-01-16T21:06:00,STEAM_PRES_01,73.0746
2024-01-16T21:06:00,STEAM_FEED_01,272.7407
2024-01-16T21:06:00,STEAM_DELTA_01,32.7002
2024-01-16T21:06:00,STEAM_TEMP_01,287.7005
2024-01-16T21:07:00,CORE_FLUX_01,2266409445722.255
2024-01-16T21:07:00,CORE_FUEL_01,959.8801
2024-01-16T21:07:00,CORE_ROD_01,41.1268
2024-01-16T21:07:00,STEAM_PRES_01,73.0366
2024-01-16T21:07:00,STEAM_FEED_01,269.3283
2024-01-16T21:07:00,STEAM_TEMP_01,287.4261
2024-01-16T21:08:00,CORE_FLUX_01,2269996580317.301
2024-01-16T21:08:00,CORE_FUEL_01,945.2047
2024-01-16T21:08:00,CORE_ROD_01,41.5677
2024-01-16T21:08:00,CORE_EXIT_01,349.4059
2024-01-16T21:08:00,STEAM_PRES_01,72.8553
2024-01-16T21:08:00,STEAM_FEED_01,266.8177
2024-01-16T21:08:00,STEAM_DELTA_01,32.4368
2024-01-16T21:08:00,STEAM_TEMP_01,287.1353
2024-01-16T21:09:00,CORE_FLUX_01,2282583883219.0015
2024-01-16T21:09:00,CORE_FUEL_01,978.3083
2024-01-16T21:09:00,CORE_ROD_01,40.2026
2024-01-16T21:09:00,STEAM_PRES_01,72.7503
2024-01-16T21:09:00,STEAM_FEED_01,266.5722
2024-01-16T21:09:00,STEAM_TEMP_01,286.2826
2024-01-16T21:10:00,CORE_FLUX_01,2306593731867.0903
2024-01-16T21:10:00,CORE_FUEL_01,976.1326
2024-01-16T21:10:00,CORE_ROD_01,40.5372
2024-01-16T21:10:00,CORE_EXIT_01,350.4246
2024-01-16T21:10:00,STEAM_PRES_01,72.9041
2024-01-16T21:10:00,STEAM_FEED_01,268.9512
2024-01-16T21:10:00,STEAM_DELTA_01,32.3819
2024-01-16T21:10:00,STEAM_TEMP_01,287.5763
2024-01-16T21:11:00,CORE_FLUX_01,2285369457868.904
2024-01-16T21:11:00,CORE_FUEL_01,957.0286
2024-01-16T21:11:00,CORE_ROD_01,41.2416
2024-01-16T21:11:00,STEAM_PRES_01,73.3286
2024-01-16T21:11:00,STEAM_FEED_01,271.4196
2024-01-16T21:11:00,STEAM_TEMP_01,288.1831
2024-01-16T21:12:00,CORE_FLUX_01,2305449729234.673
2024-01-16T21:12:00,CORE_FUEL_01,973.0951
2024-01-16T21:12:00,CORE_ROD_01,41.2908
2024-01-16T21:12:00,CORE_EXIT_01,348.8159
2024-01-16T21:12:00,STEAM_PRES_01,72.8724
2024-01-16T21:12:00,STEAM_FEED_01,271.0559
2024-01-16T21:12:00,STEAM_DELTA_01,32.3382
2024-01-16T21:12:00,STEAM_TEMP_01,287.6682
2024-01-16T21:13:00,CORE_FLUX_01,2293687114103.17
2024-01-16T21:13:00,CORE_FUEL_01,974.4503
2024-01-16T21:13:00,CORE_ROD_01,40.2816
2024-01-16T21:13:00,STEAM_PRES_01,73.4591
2024-01-16T21:13:00,STEAM_FEED_01,269.5375
2024-01-16T21:13:00,STEAM_TEMP_01,288.3793
2024-01-16T21:14:00,CORE_FLUX_01,2328440066854.6504
2024-01-16T21:14:00,CORE_FUEL_01,986.714
2024-01-16T21:14:00,CORE_ROD_01,40.5763
2024-01-16T21:14:00,CORE_EXIT_01,350.1031
2024-01-16T21:14:00,STEAM_PRES_01,72.8164
2024-01-16T21:14:00,STEAM_FEED_01,269.1252
2024-01-16T21:14:00,STEAM_DELTA_01,32.4086
2024-01-16T21:14:00,STEAM_TEMP_01,288.0391
2024-01-16T21:15:00,CORE_FLUX_01,2278174209677.617
2024-01-16T21:15:00,CORE_FUEL_01,968.7673
2024-01-16T21:15:00,CORE_ROD_01,41.8448
2024-01-16T21:15:00,STEAM_PRES_01,73.0388
2024-01-16T21:15:00,STEAM_FEED_01,268.3444
2024-01-16T21:15:00,STEAM_TEMP_01,287.1266
2024-01-16T21:16:00,CORE_FLUX_01,2340466468917.5454
2024-01-16T21:16:00,CORE_FUEL_01,961.9169
2024-01-16T21:16:00,CORE_ROD_01,39.8743
2024-01-16T21:16:00,CORE_EXIT_01,348.9219
2024-01-16T21:16:00,STEAM_PRES_01,72.9691
2024-01-16T21:16:00,STEAM_FEED_01,270.7994
2024-01-16T21:16:00,STEAM_DELTA_01,32.6159
2024-01-16T21:16:00,STEAM_TEMP_01,287.1955
2024-01-16T21:17:00,CORE_FLUX_01,2285656334026.477
2024-01-16T21:17:00,CORE_FUEL_01,961.7895
2024-01-16T21:17:00,CORE_ROD_01,39.7276
2024-01-16T21:17:00,STEAM_PRES_01,73.3938
2024-01-16T21:17:00,STEAM_FEED_01,273.8059
2024-01-16T21:17:00,STEAM_TEMP_01,288.9289
2024-01-16T21:18:00,CORE_FLUX_01,2315898630380.9297
2024-01-16T21:18:00,CORE_FUEL_01,973.058
2024-01-16T21:18:00,CORE_ROD_01,38.2037
2024-01-16T21:18:00,CORE_EXIT_01,349.2497
2024-01-16T21:18:00,STEAM_PRES_01,73.1279
2024-01-16T21:18:00,STEAM_FEED_01,273.7074
2024-01-16T21:18:00,STEAM_DELTA_01,32.7835
2024-01-16T21:18:00,STEAM_TEMP_01,287.7016
2024-01-16T21:19:00,CORE_FLUX_01,2318549303051.608
2024-01-16T21:19:00,CORE_FUEL_01,977.9008
2024-01-16T21:19:00,CORE_ROD_01,40.2585
2024-01-16T21:19:00,STEAM_PRES_01,73.1222
2024-01-16T21:19:00,STEAM_FEED_01,271.6075
2024-01-16T21:19:00,STEAM_TEMP_01,287.8949
2024-01-16T21:20:00,CORE_FLUX_01,2302578466986.5854
2024-01-16T21:20:00,CORE_FUEL_01,966.4454
2024-01-16T21:20:00,CORE_ROD_01,41.5458
2024-01-16T21:20:00,CORE_EXIT_01,349.7112
2024-01-16T21:20:00,STEAM_PRES_01,72.957
2024-01-16T21:20:00,STEAM_FEED_01,270.8366
2024-01-16T21:20:00,STEAM_DELTA_01,32.0797
2024-01-16T21:20:00,STEAM_TEMP_01,286.7286
2024-01-16T21:21:00,CORE_FLUX_01,2305780362489.75
2024-01-16T21:21:00,CORE_FUEL_01,978.1377
2024-01-16T21:21:00,CORE_ROD_01,42.8127
2024-01-16T21:21:00,STEAM_PRES_01,73.5031
2024-01-16T21:21:00,STEAM_FEED_01,272.7662
2024-01-16T21:21:00,STEAM_TEMP_01,289.0703
2024-01-16T21:22:00,CORE_FLUX_01,2316180392535.1753
2024-01-16T21:22:00,CORE_FUEL_01,978.5243
2024-01-16T21:22:00,CORE_ROD_01,40.4142
2024-01-16T21:22:00,CORE_EXIT_01,349.8838
2024-01-16T21:22:00,STEAM_PRES_01,72.7548
2024-01-16T21:22:00,STEAM_FEED_01,270.6243
2024-01-16T21:22:00,STEAM_DELTA_01,32.3009
2024-01-16T21:22:00,STEAM_TEMP_01,286.7292
2024-01-16T21:23:00,CORE_FLUX_01,2259386983631.3105
2024-01-16T21:23:00,CORE_FUEL_01,987.783
2024-01-16T21:23:00,CORE_ROD_01,40.0631
2024-01-16T21:23:00,STEAM_PRES_01,73.1226
2024-01-16T21:23:00,STEAM_FEED_01,271.506
2024-01-16T21:23:00,STEAM_TEMP_01,287.6835
2024-01-16T21:24:00,CORE_FLUX_01,2238759708975.123
2024-01-16T21:24:00,CORE_FUEL_01,964.2036
2024-01-16T21:24:00,CORE_ROD_01,41.2775
2024-01-16T21:24:00,CORE_EXIT_01,349.5071
2024-01-16T21:24:00,STEAM_PRES_01,73.2253
2024-01-16T21:24:00,STEAM_FEED_01,273.5716
2024-01-16T21:24:00,STEAM_DELTA_01,32.7432
2024-01-16T21:24:00,STEAM_TEMP_01,287.9309
2024-01-16T21:25:00,CORE_FLUX_01,2290737818236.564
2024-01-16T21:25:00,CORE_FUEL_01,971.7115
2024-01-16T21:25:00,CORE_ROD_01,40.2102
2024-01-16T21:25:00,STEAM_PRES_01,72.8671
2024-01-16T21:25:00,STEAM_FEED_01,268.038
2024-01-16T21:25:00,STEAM_TEMP_01,287.5343
2024-01-16T21:26:00,CORE_FLUX_01,2280746910438.45
2024-01-16T21:26:00,CORE_FUEL_01,988.8703
2024-01-16T21:26:00,CORE_ROD_01,39.9796
2024-01-16T21:26:00,CORE_EXIT_01,350.1869
2024-01-16T21:26:00,STEAM_PRES_01,73.2246
2024-01-16T21:26:00,STEAM_FEED_01,267.8436
2024-01-16T21:26:00,STEAM_DELTA_01,32.5097
2024-01-16T21:26:00,STEAM_TEMP_01,287.5685
2024-01-16T21:27:00,CORE_FLUX_01,2285364088609.085
2024-01-16T21:27:00,CORE_FUEL_01,984.6656
2024-01-16T21:27:00,CORE_ROD_01,41.5975
2024-01-16T21:27:00,STEAM_PRES_01,73.0129
2024-01-16T21:27:00,STEAM_FEED_01,273.1044
2024-01-16T21:27:00,STEAM_TEMP_01,287.7536
2024-01-16T21:28:00,CORE_FLUX_01,2246527559365.7437
2024-01-16T21:28:00,CORE_FUEL_01,996.5424
2024-01-16T21:28:00,CORE_ROD_01,40.7071
2024-01-16T21:28:00,CORE_EXIT_01,348.1624
2024-01-16T21:28:00,STEAM_PRES_01,73.2559
2024-01-16T21:28:00,STEAM_FEED_01,269.2006
2024-01-16T21:28:00,STEAM_DELTA_01,32.25
2024-01-16T21:28:00,STEAM_TEMP_01,287.7919
2024-01-16T21:29:00,CORE_FLUX_01,2278123037063.923
2024-01-16T21:29:00,CORE_FUEL_01,971.3878
2024-01-16T21:29:00,CORE_ROD_01,40.8472
2024-01-16T21:29:00,STEAM_PRES_01,72.9739
2024-01-16T21:29:00,STEAM_FEED_01,267.6076
2024-01-16T21:29:00,STEAM_TEMP_01,287.1639
2024-01-16T21:30:00,CORE_FLUX_01,2267512632708.8486
2024-01-16T21:30:00,CORE_FUEL_01,986.9991
2024-01-16T21:30:00,CORE_ROD_01,42.199
2024-01-16T21:30:00,CORE_EXIT_01,348.6893
2024-01-16T21:30:00,STEAM_PRES_01,73.2248
2024-01-16T21:30:00,STEAM_FEED_01,272.4762
2024-01-16T21:30:00,STEAM_DELTA_01,32.6481
2024-01-16T21:30:00,STEAM_TEMP_01,287.4542
2024-01-16T21:31:00,CORE_FLUX_01,2308834056318.346
2024-01-16T21:31:00,CORE_FUEL_01,986.7622
2024-01-16T21:31:00,CORE_ROD_01,40.6947
2024-01-16T21:31:00,STEAM_PRES_01,73.1126
2024-01-16T21:31:00,STEAM_FEED_01,274.215
2024-01-16T21:31:00,STEAM_TEMP_01,288.4893
2024-01-16T21:32:00,CORE_FLUX_01,2305966163715.645
2024-01-16T21:32:00,CORE_FUEL_01,975.459
2024-01-16T21:32:00,CORE_ROD_01,42.1775
2024-01-16T21:32:00,CORE_EXIT_01,348.7755
2024-01-16T21:32:00,STEAM_PRES_01,72.7085
2024-01-16T21:32:00,STEAM_FEED_01,264.6274
2024-01-16T21:32:00,STEAM_DELTA_01,32.2502
2024-01-16T21:32:00,STEAM_TEMP_01,286.703
2024-01-16T21:33:00,CORE_FLUX_01,2211031472770.5
2024-01-16T21:33:00,CORE_FUEL_01,980.4292
2024-01-16T21:33:00,CORE_ROD_01,40.1065
2024-01-16T21:33:00,STEAM_PRES_01,73.204
2024-01-16T21:33:00,STEAM_FEED_01,272.4969
2024-01-16T21:33:00,STEAM_TEMP_01,288.951
2024-01-16T21:34:00,CORE_FLUX_01,2324915969222.8228
2024-01-16T21:34:00,CORE_FUEL_01,974.9379
2024-01-16T21:34:00,CORE_ROD_01,39.9676
2024-01-16T21:34:00,CORE_EXIT_01,349.1672
2024-01-16T21:34:00,STEAM_PRES_01,72.9344
2024-01-16T21:34:00,STEAM_FEED_01,270.3874
2024-01-16T21:34:00,STEAM_DELTA_01,32.5418
2024-01-16T21:34:00,STEAM_TEMP_01,287.2669
2024-01-16T21:35:00,CORE_FLUX_01,2348734293042.9746
2024-01-16T21:35:00,CORE_FUEL_01,976.8251
2024-01-16T21:35:00,CORE_ROD_01,40.9638
2024-01-16T21:35:00,STEAM_PRES_01,73.0766
2024-01-16T21:35:00,STEAM_FEED_01,269.3777
2024-01-16T21:35:00,STEAM_TEMP_01,287.946
2024-01-16T21:36:00,CORE_FLUX_01,2263763377003.0586
2024-01-16T21:36:00,CORE_FUEL_01,983.3271
2024-01-16T21:36:00,CORE_ROD_01,41.0247
2024-01-16T21:36:00,CORE_EXIT_01,350.0285
2024-01-16T21:36:00,STEAM_PRES_01,73.0154
2024-01-16T21:36:00,STEAM_FEED_01,269.584
2024-01-16T21:36:00,STEAM_DELTA_01,32.7663
2024-01-16T21:36:00,STEAM_TEMP_01,287.8464
2024-01-16T21:37:00,CORE_FLUX_01,2262359471068.266
2024-01-16T21:37:00,CORE_FUEL_01,973.2564
2024-01-16T21:37:00,CORE_ROD_01,40.149
2024-01-16T21:37:00,STEAM_PRES_01,73.1553
2024-01-16T21:37:00,STEAM_FEED_01,272.1257
2024-01-16T21:37:00,STEAM_TEMP_01,288.4814
2024-01-16T21:38:00,CORE_FLUX_01,2314305728641.6934
2024-01-16T21:38:00,CORE_FUEL_01,980.0543
2024-01-16T21:38:00,CORE_ROD_01,42.0581
2024-01-16T21:38:00,CORE_EXIT_01,349.4044
2024-01-16T21:38:00,STEAM_PRES_01,72.7634
2024-01-16T21:38:00,STEAM_FEED_01,273.184
2024-01-16T21:38:00,STEAM_DELTA_01,32.7061
2024-01-16T21:38:00,STEAM_TEMP_01,287.6858
2024-01-16T21:39:00,CORE_FLUX_01,2271715343688.7607
2024-01-16T21:39:00,CORE_FUEL_01,970.3638
2024-01-16T21:39:00,CORE_ROD_01,40.9024
2024-01-16T21:39:00,STEAM_PRES_01,72.8424
2024-01-16T21:39:00,STEAM_FEED_01,267.8057
2024-01-16T21:39:00,STEAM_TEMP_01,287.4106
2024-01-16T21:40:00,CORE_FLUX_01,2291719928413.8174
2024-01-16T21:40:00,CORE_FUEL_01,983.3462
2024-01-16T21:40:00,CORE_ROD_01,40.4313
2024-01-16T21:40:00,CORE_EXIT_01,349.9828
2024-01-16T21:40:00,STEAM_PRES_01,72.8943
2024-01-16T21:40:00,STEAM_FEED_01,268.6281
2024-01-16T21:40:00,STEAM_DELTA_01,32.6224
2024-01-16T21:40:00,STEAM_TEMP_01,286.8901
2024-01-16T21:41:00,CORE_FLUX_01,2330517231869.476
2024-01-16T21:41:00,CORE_FUEL_01,984.93
2024-01-16T21:41:00,CORE_ROD_01,40.1656
2024-01-16T21:41:00,STEAM_PRES_01,72.7299
2024-01-16T21:41:00,STEAM_FEED_01,266.8809
2024-01-16T21:41:00,STEAM_TEMP_01,286.8711
2024-01-16T21:42:00,CORE_FLUX_01,2316016335684.3867
2024-01-16T21:42:00,CORE_FUEL_01,979.3927
2024-01-16T21:42:00,CORE_ROD_01,41.2975
2024-01-16T21:42:00,CORE_EXIT_01,350.5869
2024-01-16T21:42:00,STEAM_PRES_01,73.1581
2024-01-16T21:42:00,STEAM_FEED_01,271.5576
2024-01-16T21:42:00,STEAM_DELTA_01,32.4148
2024-01-16T21:42:00,STEAM_TEMP_01,287.1595
2024-01-16T21:43:00,CORE_FLUX_01,2386951315055.3477
2024-01-16T21:43:00,CORE_FUEL_01,975.5303
2024-01-16T21:43:00,CORE_ROD_01,42.6964
2024-01-16T21:43:00,STEAM_PRES_01,72.9513
2024-01-16T21:43:00,STEAM_FEED_01,272.203
2024-01-16T21:43:00,STEAM_TEMP_01,287.1955
2024-01-16T21:44:00,CORE_FLUX_01,2282341954716.9805
2024-01-16T21:44:00,CORE_FUEL_01,986.8596
2024-01-16T21:44:00,CORE_ROD_01,40.516
2024-01-16T21:44:00,CORE_EXIT_01,350.5857
2024-01-16T21:44:00,STEAM_PRES_01,73.3929
2024-01-16T21:44:00,STEAM_FEED_01,272.0097
2024-01-16T21:44:00,STEAM_DELTA_01,32.731
2024-01-16T21:44:00,STEAM_TEMP_01,288.8363
2024-01-16T21:45:00,CORE_FLUX_01,2286255959718.3696
2024-01-16T21:45:00,CORE_FUEL_01,966.1885
2024-01-16T21:45:00,CORE_ROD_01,40.6935
2024-01-16T21:45:00,STEAM_PRES_01,73.0169
2024-01-16T21:45:00,STEAM_FEED_01,271.7469
2024-01-16T21:45:00,STEAM_TEMP_01,287.8975
2024-01-16T21:46:00,CORE_FLUX_01,2342156480244.292
2024-01-16T21:46:00,CORE_FUEL_01,981.0207
2024-01-16T21:46:00,CORE_ROD_01,42.0808
2024-01-16T21:46:00,CORE_EXIT_01,352.3012
2024-01-16T21:46:00,STEAM_PRES_01,73.2778
2024-01-16T21:46:00,STEAM_FEED_01,271.3768
2024-01-16T21:46:00,STEAM_DELTA_01,32.9581
2024-01-16T21:46:00,STEAM_TEMP_01,288.7054
2024-01-16T21:47:00,CORE_FLUX_01,2268404811361.557
2024-01-16T21:47:00,CORE_FUEL_01,978.7188
2024-01-16T21:47:00,CORE_ROD_01,40.5051
2024-01-16T21:47:00,STEAM_PRES_01,73.1391
2024-01-16T21:47:00,STEAM_FEED_01,272.7991
2024-01-16T21:47:00,STEAM_TEMP_01,287.561
2024-01-16T21:48:00,CORE_FLUX_01,2292670009928.895
2024-01-16T21:48:00,CORE_FUEL_01,990.4078
2024-01-16T21:48:00,CORE_ROD_01,41.1137
2024-01-16T21:48:00,CORE_EXIT_01,351.0801
2024-01-16T21:48:00,STEAM_PRES_01,72.985
2024-01-16T21:48:00,STEAM_FEED_01,269.7302
2024-01-16T21:48:00,STEAM_DELTA_01,32.4689
2024-01-16T21:48:00,STEAM_TEMP_01,288.2022
2024-01-16T21:49:00,CORE_FLUX_01,2337972350274.9326
2024-01-16T21:49:00,CORE_FUEL_01,981.8899
2024-01-16T21:49:00,CORE_ROD_01,41.3488
2024-01-16T21:49:00,STEAM_PRES_01,73.4277
2024-01-16T21:49:00,STEAM_FEED_01,273.2893
2024-01-16T21:49:00,STEAM_TEMP_01,289.0201
2024-01-16T21:50:00,CORE_FLUX_01,2273231072440.7856
2024-01-16T21:50:00,CORE_FUEL_01,987.4026
2024-01-16T21:50:00,CORE_ROD_01,41.4261
2024-01-16T21:50:00,CORE_EXIT_01,350.662
2024-01-16T21:50:00,STEAM_PRES_01,72.8259
2024-01-16T21:50:00,STEAM_FEED_01,267.1855
2024-01-16T21:50:00,STEAM_DELTA_01,32.212
2024-01-16T21:50:00,STEAM_TEMP_01,286.9702
2024-01-16T21:51:00,CORE_FLUX_01,2291570413102.6167
2024-01-16T21:51:00,CORE_FUEL_01,954.3582
2024-01-16T21:51:00,CORE_ROD_01,39.9765
2024-01-16T21:51:00,STEAM_PRES_01,73.1541
2024-01-16T21:51:00,STEAM_FEED_01,272.3072
2024-01-16T21:51:00,STEAM_TEMP_01,287.4835
2024-01-16T21:52:00,CORE_FLUX_01,2271499761202.6465
2024-01-16T21:52:00,CORE_FUEL_01,988.9498
2024-01-16T21:52:00,CORE_ROD_01,39.8657
2024-01-16T21:52:00,CORE_EXIT_01,350.0553
2024-01-16T21:52:00,STEAM_PRES_01,72.7285
2024-01-16T21:52:00,STEAM_FEED_01,269.711
2024-01-16T21:52:00,STEAM_DELTA_01,32.5919
2024-01-16T21:52:00,STEAM_TEMP_01,287.296
2024-01-16T21:53:00,CORE_FLUX_01,2323199000459.4966
2024-01-16T21:53:00,CORE_FUEL_01,963.9013
2024-01-16T21:53:00,CORE_ROD_01,40.9198
2024-01-16T21:53:00,STEAM_PRES_01,73.2563
2024-01-16T21:53:00,STEAM_FEED_01,272.6849
2024-01-16T21:53:00,STEAM_TEMP_01,287.8858
2024-01-16T21:54:00,CORE_FLUX_01,2274710131150.231
2024-01-16T21:54:00,CORE_FUEL_01,984.7005
2024-01-16T21:54:00,CORE_ROD_01,41.0362
2024-01-16T21:54:00,CORE_EXIT_01,349.8132
2024-01-16T21:54:00,STEAM_PRES_01,72.9103
2024-01-16T21:54:00,STEAM_FEED_01,268.8189
2024-01-16T21:54:00,STEAM_DELTA_01,32.6573
2024-01-16T21:54:00,STEAM_TEMP_01,288.4457
2024-01-16T21:55:00,CORE_FLUX_01,2295911885951.2246
2024-01-16T21:55:00,CORE_FUEL_01,983.9038
2024-01-16T21:55:00,CORE_ROD_01,39.7301
2024-01-16T21:55:00,STEAM_PRES_01,73.0314
2024-01-16T21:55:00,STEAM_FEED_01,269.1103
2024-01-16T21:55:00,STEAM_TEMP_01,287.0073
2024-01-16T21:56:00,CORE_FLUX_01,2298521691040.545
2024-01-16T21:56:00,CORE_FUEL_01,996.1343
2024-01-16T21:56:00,CORE_ROD_01,39.8056
2024-01-16T21:56:00,CORE_EXIT_01,351.8743
2024-01-16T21:56:00,STEAM_PRES_01,73.0791
2024-01-16T21:56:00,STEAM_FEED_01,270.0463
2024-01-16T21:56:00,STEAM_DELTA_01,32.4996
2024-01-16T21:56:00,STEAM_TEMP_01,288.3192
2024-01-16T21:57:00,CORE_FLUX_01,2314491053474.632
2024-01-16T21:57:00,CORE_FUEL_01,997.2729
2024-01-16T21:57:00,CORE_ROD_01,39.4795
2024-01-16T21:57:00,STEAM_PRES_01,73.08
2024-01-16T21:57:00,STEAM_FEED_01,268.5591
2024-01-16T21:57:00,STEAM_TEMP_01,287.4856
2024-01-16T21:58:00,CORE_FLUX_01,2281952214943.4277
2024-01-16T21:58:00,CORE_FUEL_01,974.3697
2024-01-16T21:58:00,CORE_ROD_01,41.9693
2024-01-16T21:58:00,CORE_EXIT_01,348.6136
2024-01-16T21:58:00,STEAM_PRES_01,73.0293
2024-01-16T21:58:00,STEAM_FEED_01,270.2471
2024-01-16T21:58:00,STEAM_DELTA_01,32.765
2024-01-16T21:58:00,STEAM_TEMP_01,288.3149
2024-01-16T21:59:00,CORE_FLUX_01,2290071135923.279
2024-01-16T21:59:00,CORE_FUEL_01,982.5508
2024-01-16T21:59:00,CORE_ROD_01,43.3933
2024-01-16T21:59:00,STEAM_PRES_01,73.0187
2024-01-16T21:59:00,STEAM_FEED_01,270.5813
2024-01-16T21:59:00,STEAM_TEMP_01,287.1709
2024-01-16T22:00:00,CORE_FLUX_01,2374397756506.1504
2024-01-16T22:00:00,CORE_FUEL_01,961.0804
2024-01-16T22:00:00,CORE_ROD_01,40.1681
2024-01-16T22:00:00,CORE_EXIT_01,351.055
2024-01-16T22:00:00,STEAM_PRES_01,73.0895
2024-01-16T22:00:00,STEAM_FEED_01,271.1448
2024-01-16T22:00:00,STEAM_DELTA_01,32.6936
2024-01-16T22:00:00,STEAM_TEMP_01,288.0388
2024-01-16T22:01:00,CORE_FLUX_01,2349629773761.162
2024-01-16T22:01:00,CORE_FUEL_01,952.9326
2024-01-16T22:01:00,CORE_ROD_01,40.3706
2024-01-16T22:01:00,STEAM_PRES_01,73.0061
2024-01-16T22:01:00,STEAM_FEED_01,272.799
2024-01-16T22:01:00,STEAM_TEMP_01,288.4755
2024-01-16T22:02:00,CORE_FLUX_01,2246588145478.276
2024-01-16T22:02:00,CORE_FUEL_01,984.7627
2024-01-16T22:02:00,CORE_ROD_01,41.8448
2024-01-16T22:02:00,CORE_EXIT_01,349.2294
2024-01-16T22:02:00,STEAM_PRES_01,73.1832
2024-01-16T22:02:00,STEAM_FEED_01,273.5404
2024-01-16T22:02:00,STEAM_DELTA_01,32.8038
2024-01-16T22:02:00,STEAM_TEMP_01,287.637
2024-01-16T22:03:00,CORE_FLUX_01,2246920104727.1323
2024-01-16T22:03:00,CORE_FUEL_01,977.6926
2024-01-16T22:03:00,CORE_ROD_01,40.9987
2024-01-16T22:03:00,STEAM_PRES_01,72.9395
2024-01-16T22:03:00,STEAM_FEED_01,268.9881
2024-01-16T22:03:00,STEAM_TEMP_01,287.922
2024-01-16T22:04:00,CORE_FLUX_01,2263733321358.8555
2024-01-16T22:04:00,CORE_FUEL_01,985.358
2024-01-16T22:04:00,CORE_ROD_01,41.2414
2024-01-16T22:04:00,CORE_EXIT_01,350.8888
2024-01-16T22:04:00,STEAM_PRES_01,72.964
2024-01-16T22:04:00,STEAM_FEED_01,273.382
2024-01-16T22:04:00,STEAM_DELTA_01,32.7986
2024-01-16T22:04:00,STEAM_TEMP_01,288.1386
2024-01-16T22:05:00,CORE_FLUX_01,2256207155093.291
2024-01-16T22:05:00,CORE_FUEL_01,957.6897
2024-01-16T22:05:00,CORE_ROD_01,43.1019
2024-01-16T22:05:00,STEAM_PRES_01,73.2089
2024-01-16T22:05:00,STEAM_FEED_01,268.9724
2024-01-16T22:05:00,STEAM_TEMP_01,287.2104
2024-01-16T22:06:00,CORE_FLUX_01,2301791711277.0312
2024-01-16T22:06:00,CORE_FUEL_01,966.6625
2024-01-16T22:06:00,CORE_ROD_01,42.0998
2024-01-16T22:06:00,CORE_EXIT_01,351.5974
2024-01-16T22:06:00,STEAM_PRES_01,73.1778
2024-01-16T22:06:00,STEAM_FEED_01,268.4821
2024-01-16T22:06:00,STEAM_DELTA_01,32.3034
2024-01-16T22:06:00,STEAM_TEMP_01,286.9927
2024-01-16T22:07:00,CORE_FLUX_01,2332676675430.233
2024-01-16T22:07:00,CORE_FUEL_01,970.2882
2024-01-16T22:07:00,CORE_ROD_01,41.5932
2024-01-16T22:07:00,STEAM_PRES_01,72.982
2024-01-16T22:07:00,STEAM_FEED_01,266.927
2024-01-16T22:07:00,STEAM_TEMP_01,287.4857
2024-01-16T22:08:00,CORE_FLUX_01,2244103469338.545
2024-01-16T22:08:00,CORE_FUEL_01,972.5973
2024-01-16T22:08:00,CORE_ROD_01,41.0005
2024-01-16T22:08:00,CORE_EXIT_01,350.8562
2024-01-16T22:08:00,STEAM_PRES_01,73.1172
2024-01-16T22:08:00,STEAM_FEED_01,271.5203
2024-01-16T22:08:00,STEAM_DELTA_01,32.5292
2024-01-16T22:08:00,STEAM_TEMP_01,288.0141
2024-01-16T22:09:00,CORE_FLUX_01,2346606353076.8022
2024-01-16T22:09:00,CORE_FUEL_01,983.9085
2024-01-16T22:09:00,CORE_ROD_01,39.9283
2024-01-16T22:09:00,STEAM_PRES_01,72.8672
2024-01-16T22:09:00,STEAM_FEED_01,272.0885
2024-01-16T22:09:00,STEAM_TEMP_01,288.7873
2024-01-16T22:10:00,CORE_FLUX_01,2296143420530.6978
2024-01-16T22:10:00,CORE_FUEL_01,980.4087
2024-01-16T22:10:00,CORE_ROD_01,40.2848
2024-01-16T22:10:00,CORE_EXIT_01,349.595
2024-01-16T22:10:00,STEAM_PRES_01,73.2126
2024-01-16T22:10:00,STEAM_FEED_01,271.1978
2024-01-16T22:10:00,STEAM_DELTA_01,32.6346
2024-01-16T22:10:00,STEAM_TEMP_01,287.6271
2024-01-16T22:11:00,CORE_FLUX_01,2303589101015.377
2024-01-16T22:11:00,CORE_FUEL_01,966.2417
2024-01-16T22:11:00,CORE_ROD_01,39.0834
2024-01-16T22:11:00,STEAM_PRES_01,73.1664
2024-01-16T22:11:00,STEAM_FEED_01,269.1535
2024-01-16T22:11:00,STEAM_TEMP_01,288.0531
2024-01-16T22:12:00,CORE_FLUX_01,2310920675498.0654
2024-01-16T22:12:00,CORE_FUEL_01,975.7717
2024-01-16T22:12:00,CORE_ROD_01,39.6396
2024-01-16T22:12:00,CORE_EXIT_01,350.1073
2024-01-16T22:12:00,STEAM_PRES_01,73.0274
2024-01-16T22:12:00,STEAM_FEED_01,270.6196
2024-01-16T22:12:00,STEAM_DELTA_01,32.717
2024-01-16T22:12:00,STEAM_TEMP_01,287.868
2024-01-16T22:13:00,CORE_FLUX_01,2316749560048.647
2024-01-16T22:13:00,CORE_FUEL_01,969.7924
2024-01-16T22:13:00,CORE_ROD_01,40.7802
2024-01-16T22:13:00,STEAM_PRES_01,72.7512
2024-01-16T22:13:00,STEAM_FEED_01,268.7231
2024-01-16T22:13:00,STEAM_TEMP_01,286.9673
2024-01-16T22:14:00,CORE_FLUX_01,2276402258308.2246
2024-01-16T22:14:00,CORE_FUEL_01,976.4905
2024-01-16T22:14:00,CORE_ROD_01,39.2087
2024-01-16T22:14:00,CORE_EXIT_01,348.4956
2024-01-16T22:14:00,STEAM_PRES_01,72.7785
2024-01-16T22:14:00,STEAM_FEED_01,263.2344
2024-01-16T22:14:00,STEAM_DELTA_01,31.7356
2024-01-16T22:14:00,STEAM_TEMP_01,286.4309
2024-01-16T22:15:00,CORE_FLUX_01,2306231917334.3003
2024-01-16T22:15:00,CORE_FUEL_01,961.5638
2024-01-16T22:15:00,CORE_ROD_01,41.3263
2024-01-16T22:15:00,STEAM_PRES_01,72.8012
2024-01-16T22:15:00,STEAM_FEED_01,271.555
2024-01-16T22:15:00,STEAM_TEMP_01,287.4458
2024-01-16T22:16:00,CORE_FLUX_01,2318787721587.617
2024-01-16T22:16:00,CORE_FUEL_01,988.7494
2024-01-16T22:16:00,CORE_ROD_01,40.3843
2024-01-16T22:16:00,CORE_EXIT_01,350.1144
2024-01-16T22:16:00,STEAM_PRES_01,72.6191
2024-01-16T22:16:00,STEAM_FEED_01,266.2164
2024-01-16T22:16:00,STEAM_DELTA_01,32.1421
2024-01-16T22:16:00,STEAM_TEMP_01,286.876
2024-01-16T22:17:00,CORE_FLUX_01,2249994921401.4565
2024-01-16T22:17:00,CORE_FUEL_01,972.1432
2024-01-16T22:17:00,CORE_ROD_01,41.6082
2024-01-16T22:17:00,STEAM_PRES_01,73.0084
2024-01-16T22:17:00,STEAM_FEED_01,269.0255
2024-01-16T22:17:00,STEAM_TEMP_01,287.4572
2024-01-16T22:18:00,CORE_FLUX_01,2324616658700.799
2024-01-16T22:18:00,CORE_FUEL_01,970.966
2024-01-16T22:18:00,CORE_ROD_01,41.6341
2024-01-16T22:18:00,CORE_EXIT_01,351.3726
2024-01-16T22:18:00,STEAM_PRES_01,73.3845
2024-01-16T22:18:00,STEAM_FEED_01,271.6746
2024-01-16T22:18:00,STEAM_DELTA_01,32.7791
2024-01-16T22:18:00,STEAM_TEMP_01,289.259
2024-01-16T22:19:00,CORE_FLUX_01,2354148692219.8994
2024-01-16T22:19:00,CORE_FUEL_01,965.5974
2024-01-16T22:19:00,CORE_ROD_01,42.1368
2024-01-16T22:19:00,STEAM_PRES_01,72.6968
2024-01-16T22:19:00,STEAM_FEED_01,268.454
2024-01-16T22:19:00,STEAM_TEMP_01,287.3539
2024-01-16T22:20:00,CORE_FLUX_01,2342397015125.201
2024-01-16T22:20:00,CORE_FUEL_01,990.3789
2024-01-16T22:20:00,CORE_ROD_01,40.6812
2024-01-16T22:20:00,CORE_EXIT_01,349.8067
2024-01-16T22:20:00,STEAM_PRES_01,72.8728
2024-01-16T22:20:00,STEAM_FEED_01,268.3191
2024-01-16T22:20:00,STEAM_DELTA_01,32.6004
2024-01-16T22:20:00,STEAM_TEMP_01,287.3865
2024-01-16T22:21:00,CORE_FLUX_01,2304067263721.4683
2024-01-16T22:21:00,CORE_FUEL_01,976.5496
2024-01-16T22:21:00,CORE_ROD_01,41.1555
2024-01-16T22:21:00,STEAM_PRES_01,73.0342
2024-01-16T22:21:00,STEAM_FEED_01,273.6985
2024-01-16T22:21:00,STEAM_TEMP_01,287.7801
2024-01-16T22:22:00,CORE_FLUX_01,2287048844426.2017
2024-01-16T22:22:00,CORE_FUEL_01,971.6865
2024-01-16T22:22:00,CORE_ROD_01,40.1109
2024-01-16T22:22:00,CORE_EXIT_01,351.4804
2024-01-16T22:22:00,STEAM_PRES_01,73.3598
2024-01-16T22:22:00,STEAM_FEED_01,272.9899
2024-01-16T22:22:00,STEAM_DELTA_01,32.8188
2024-01-16T22:22:00,STEAM_TEMP_01,288.7291
2024-01-16T22:23:00,CORE_FLUX_01,2302031922974.28
2024-01-16T22:23:00,CORE_FUEL_01,971.361
2024-01-16T22:23:00,CORE_ROD_01,40.8295
2024-01-16T22:23:00,STEAM_PRES_01,73.2232
2024-01-16T22:23:00,STEAM_FEED_01,273.519
2024-01-16T22:23:00,STEAM_TEMP_01,288.0586
2024-01-16T22:24:00,CORE_FLUX_01,2317908862601.777
2024-01-16T22:24:00,CORE_FUEL_01,969.8319
2024-01-16T22:24:00,CORE_ROD_01,40.9115
2024-01-16T22:24:00,CORE_EXIT_01,350.4099
2024-01-16T22:24:00,STEAM_PRES_01,72.9376
2024-01-16T22:24:00,STEAM_FEED_01,269.0075
2024-01-16T22:24:00,STEAM_DELTA_01,32.6166
2024-01-16T22:24:00,STEAM_TEMP_01,287.5756
2024-01-16T22:25:00,CORE_FLUX_01,2301276388030.3525
2024-01-16T22:25:00,CORE_FUEL_01,970.9427
2024-01-16T22:25:00,CORE_ROD_01,40.495
2024-01-16T22:25:00,STEAM_PRES_01,72.8837
2024-01-16T22:25:00,STEAM_FEED_01,267.776
2024-01-16T22:25:00,STEAM_TEMP_01,287.4435
2024-01-16T22:26:00,CORE_FLUX_01,2259243450634.246
2024-01-16T22:26:00,CORE_FUEL_01,982.837
2024-01-16T22:26:00,CORE_ROD_01,39.5712
2024-01-16T22:26:00,CORE_EXIT_01,350.746
2024-01-16T22:26:00,STEAM_PRES_01,73.0818
2024-01-16T22:26:00,STEAM_FEED_01,269.8696
2024-01-16T22:26:00,STEAM_DELTA_01,33.0377
2024-01-16T22:26:00,STEAM_TEMP_01,287.7183
2024-01-16T22:27:00,CORE_FLUX_01,2310998060863.548
2024-01-16T22:27:00,CORE_FUEL_01,975.9961
2024-01-16T22:27:00,CORE_ROD_01,41.2563
2024-01-16T22:27:00,STEAM_PRES_01,72.9158
2024-01-16T22:27:00,STEAM_FEED_01,271.9091
2024-01-16T22:27:00,STEAM_TEMP_01,287.0654
2024-01-16T22:28:00,CORE_FLUX_01,2304118576707.394
2024-01-16T22:28:00,CORE_FUEL_01,978.2917
2024-01-16T22:28:00,CORE_ROD_01,41.503
2024-01-16T22:28:00,CORE_EXIT_01,349.9285
2024-01-16T22:28:00,STEAM_PRES_01,72.9064
2024-01-16T22:28:00,STEAM_FEED_01,270.7617
2024-01-16T22:28:00,STEAM_DELTA_01,32.553
2024-01-16T22:28:00,STEAM_TEMP_01,288.4888
2024-01-16T22:29:00,CORE_FLUX_01,2297681797396.848
2024-01-16T22:29:00,CORE_FUEL_01,968.3051
2024-01-16T22:29:00,CORE_ROD_01,40.6528
2024-01-16T22:29:00,STEAM_PRES_01,73.2619
2024-01-16T22:29:00,STEAM_FEED_01,270.3677
2024-01-16T22:29:00,STEAM_TEMP_01,288.9539
2024-01-16T22:30:00,CORE_FLUX_01,2280626962278.6733
2024-01-16T22:30:00,CORE_FUEL_01,980.5505
2024-01-16T22:30:00,CORE_ROD_01,41.28
2024-01-16T22:30:00,CORE_EXIT_01,349.4895
2024-01-16T22:30:00,STEAM_PRES_01,73.2921
2024-01-16T22:30:00,STEAM_FEED_01,269.6744
2024-01-16T22:30:00,STEAM_DELTA_01,32.7513
2024-01-16T22:30:00,STEAM_TEMP_01,287.2503
2024-01-16T22:31:00,CORE_FLUX_01,2280002918282.5664
2024-01-16T22:31:00,CORE_FUEL_01,980.2177
2024-01-16T22:31:00,CORE_ROD_01,41.8533
2024-01-16T22:31:00,STEAM_PRES_01,72.9625
2024-01-16T22:31:00,STEAM_FEED_01,270.8209
2024-01-16T22:31:00,STEAM_TEMP_01,287.3365
2024-01-16T22:32:00,CORE_FLUX_01,2321015361687.1157
2024-01-16T22:32:00,CORE_FUEL_01,981.3636
2024-01-16T22:32:00,CORE_ROD_01,41.3679
2024-01-16T22:32:00,CORE_EXIT_01,351.3913
2024-01-16T22:32:00,STEAM_PRES_01,72.6774
2024-01-16T22:32:00,STEAM_FEED_01,267.8076
2024-01-16T22:32:00,STEAM_DELTA_01,32.5154
2024-01-16T22:32:00,STEAM_TEMP_01,287.0254
2024-01-16T22:33:00,CORE_FLUX_01,2313015858569.3765
2024-01-16T22:33:00,CORE_FUEL_01,972.1671
2024-01-16T22:33:00,CORE_ROD_01,41.724
2024-01-16T22:33:00,STEAM_PRES_01,73.1447
2024-01-16T22:33:00,STEAM_FEED_01,271.3402
2024-01-16T22:33:00,STEAM_TEMP_01,288.1533
2024-01-16T22:34:00,CORE_FLUX_01,2307900730135.6055
2024-01-16T22:34:00,CORE_FUEL_01,986.7353
2024-01-16T22:34:00,CORE_ROD_01,41.355
2024-01-16T22:34:00,CORE_EXIT_01,351.8909
2024-01-16T22:34:00,STEAM_PRES_01,73.2579
2024-01-16T22:34:00,STEAM_FEED_01,271.3045
2024-01-16T22:34:00,STEAM_DELTA_01,32.9559
2024-01-16T22:34:00,STEAM_TEMP_01,288.8202
2024-01-16T22:35:00,CORE_FLUX_01,2293816349155.8657
2024-01-16T22:35:00,CORE_FUEL_01,990.1628
2024-01-16T22:35:00,CORE_ROD_01,39.3052
2024-01-16T22:35:00,STEAM_PRES_01,72.7842
2024-01-16T22:35:00,STEAM_FEED_01,268.1995
2024-01-16T22:35:00,STEAM_TEMP_01,286.6194
2024-01-16T22:36:00,CORE_FLUX_01,2270374782841.6
2024-01-16T22:36:00,CORE_FUEL_01,979.572
2024-01-16T22:36:00,CORE_ROD_01,40.2498
2024-01-16T22:36:00,CORE_EXIT_01,351.0401
2024-01-16T22:36:00,STEAM_PRES_01,73.2014
2024-01-16T22:36:00,STEAM_FEED_01,270.3144
2024-01-16T22:36:00,STEAM_DELTA_01,32.4847
2024-01-16T22:36:00,STEAM_TEMP_01,287.3816
2024-01-16T22:37:00,CORE_FLUX_01,2287783527047.307
2024-01-16T22:37:00,CORE_FUEL_01,975.5996
2024-01-16T22:37:00,CORE_ROD_01,41.6143
2024-01-16T22:37:00,STEAM_PRES_01,72.9744
2024-01-16T22:37:00,STEAM_FEED_01,272.1937
2024-01-16T22:37:00,STEAM_TEMP_01,288.2457
2024-01-16T22:38:00,CORE_FLUX_01,2242960467925.105
2024-01-16T22:38:00,CORE_FUEL_01,974.1344
2024-01-16T22:38:00,CORE_ROD_01,42.0911
2024-01-16T22:38:00,CORE_EXIT_01,349.154
2024-01-16T22:38:00,STEAM_PRES_01,73.0963
2024-01-16T22:38:00,STEAM_FEED_01,271.6176
2024-01-16T22:38:00,STEAM_DELTA_01,32.5517
2024-01-16T22:38:00,STEAM_TEMP_01,287.1211
2024-01-16T22:39:00,CORE_FLUX_01,2318212116581.539
2024-01-16T22:39:00,CORE_FUEL_01,1002.6197
2024-01-16T22:39:00,CORE_ROD_01,39.9815
2024-01-16T22:39:00,STEAM_PRES_01,73.0248
2024-01-16T22:39:00,STEAM_FEED_01,271.302
2024-01-16T22:39:00,STEAM_TEMP_01,286.9903
2024-01-16T22:40:00,CORE_FLUX_01,2268107828988.6494
2024-01-16T22:40:00,CORE_FUEL_01,970.1028
2024-01-16T22:40:00,CORE_ROD_01,42.3469
2024-01-16T22:40:00,CORE_EXIT_01,352.1806
2024-01-16T22:40:00,STEAM_PRES_01,73.0519
2024-01-16T22:40:00,STEAM_FEED_01,269.1235
2024-01-16T22:40:00,STEAM_DELTA_01,32.3976
2024-01-16T22:40:00,STEAM_TEMP_01,286.9988
2024-01-16T22:41:00,CORE_FLUX_01,2300932683953.245
2024-01-16T22:41:00,CORE_FUEL_01,994.5365
2024-01-16T22:41:00,CORE_ROD_01,39.5426
2024-01-16T22:41:00,STEAM_PRES_01,73.0303
2024-01-16T22:41:00,STEAM_FEED_01,269.8009
2024-01-16T22:41:00,STEAM_TEMP_01,287.937
2024-01-16T22:42:00,CORE_FLUX_01,2345564309006.17
2024-01-16T22:42:00,CORE_FUEL_01,985.49
2024-01-16T22:42:00,CORE_ROD_01,41.1086
2024-01-16T22:42:00,CORE_EXIT_01,351.0584
2024-01-16T22:42:00,STEAM_PRES_01,72.6422
2024-01-16T22:42:00,STEAM_FEED_01,266.8624
2024-01-16T22:42:00,STEAM_DELTA_01,32.5658
2024-01-16T22:42:00,STEAM_TEMP_01,287.351
2024-01-16T22:43:00,CORE_FLUX_01,2295969954243.062
2024-01-16T22:43:00,CORE_FUEL_01,985.6093
2024-01-16T22:43:00,CORE_ROD_01,41.5024
2024-01-16T22:43:00,STEAM_PRES_01,72.8763
2024-01-16T22:43:00,STEAM_FEED_01,270.1236
2024-01-16T22:43:00,STEAM_TEMP_01,287.496
2024-01-16T22:44:00,CORE_FLUX_01,2285052787537.415
2024-01-16T22:44:00,CORE_FUEL_01,973.5048
2024-01-16T22:44:00,CORE_ROD_01,40.5022
2024-01-16T22:44:00,CORE_EXIT_01,352.0484
2024-01-16T22:44:00,STEAM_PRES_01,73.2496
2024-01-16T22:44:00,STEAM_FEED_01,269.7194
2024-01-16T22:44:00,STEAM_DELTA_01,32.629
2024-01-16T22:44:00,STEAM_TEMP_01,288.4338
2024-01-16T22:45:00,CORE_FLUX_01,2288910880745.7705
2024-01-16T22:45:00,CORE_FUEL_01,1004.3694
2024-01-16T22:45:00,CORE_ROD_01,41.3445
2024-01-16T22:45:00,STEAM_PRES_01,72.6181
2024-01-16T22:45:00,STEAM_FEED_01,268.9972
2024-01-16T22:45:00,STEAM_TEMP_01,287.6389
2024-01-16T22:46:00,CORE_FLUX_01,2337029093495.0977
2024-01-16T22:46:00,CORE_FUEL_01,997.7132
2024-01-16T22:46:00,CORE_ROD_01,39.6357
2024-01-16T22:46:00,CORE_EXIT_01,350.2775
2024-01-16T22:46:00,STEAM_PRES_01,72.9319
2024-01-16T22:46:00,STEAM_FEED_01,270.9773
2024-01-16T22:46:00,STEAM_DELTA_01,32.5763
2024-01-16T22:46:00,STEAM_TEMP_01,288.3636
2024-01-16T22:47:00,CORE_FLUX_01,2328677145465.0454
2024-01-16T22:47:00,CORE_FUEL_01,957.9258
2024-01-16T22:47:00,CORE_ROD_01,41.6724
2024-01-16T22:47:00,STEAM_PRES_01,73.0643
2024-01-16T22:47:00,STEAM_FEED_01,268.0112
2024-01-16T22:47:00,STEAM_TEMP_01,287.4987
2024-01-16T22:48:00,CORE_FLUX_01,2325672846138.4517
2024-01-16T22:48:00,CORE_FUEL_01,979.3236
2024-01-16T22:48:00,CORE_ROD_01,41.1187
2024-01-16T22:48:00,CORE_EXIT_01,351.8733
2024-01-16T22:48:00,STEAM_PRES_01,73.0363
2024-01-16T22:48:00,STEAM_FEED_01,270.4328
2024-01-16T22:48:00,STEAM_DELTA_01,32.6873
2024-01-16T22:48:00,STEAM_TEMP_01,288.6078
2024-01-16T22:49:00,CORE_FLUX_01,2274176413897.929
2024-01-16T22:49:00,CORE_FUEL_01,980.6467
2024-01-16T22:49:00,CORE_ROD_01,39.5358
2024-01-16T22:49:00,STEAM_PRES_01,72.8375
2024-01-16T22:49:00,STEAM_FEED_01,268.8556
2024-01-16T22:49:00,STEAM_TEMP_01,287.8651
2024-01-16T22:50:00,CORE_FLUX_01,2297430517090.2036
2024-01-16T22:50:00,CORE_FUEL_01,970.4892
2024-01-16T22:50:00,CORE_ROD_01,39.0035
2024-01-16T22:50:00,CORE_EXIT_01,350.9825
2024-01-16T22:50:00,STEAM_PRES_01,73.1269
2024-01-16T22:50:00,STEAM_FEED_01,270.4067
2024-01-16T22:50:00,STEAM_DELTA_01,32.6562
2024-01-16T22:50:00,STEAM_TEMP_01,287.5145
2024-01-16T22:51:00,CORE_FLUX_01,2287263760013.6597
2024-01-16T22:51:00,CORE_FUEL_01,997.4077
2024-01-16T22:51:00,CORE_ROD_01,42.1654
2024-01-16T22:51:00,STEAM_PRES_01,72.9152
2024-01-16T22:51:00,STEAM_FEED_01,270.2785
2024-01-16T22:51:00,STEAM_TEMP_01,287.3473
2024-01-16T22:52:00,CORE_FLUX_01,2303937168842.4863
2024-01-16T22:52:00,CORE_FUEL_01,980.3106
2024-01-16T22:52:00,CORE_ROD_01,41.3206
2024-01-16T22:52:00,CORE_EXIT_01,350.3684
2024-01-16T22:52:00,STEAM_PRES_01,72.7691
2024-01-16T22:52:00,STEAM_FEED_01,270.5401
2024-01-16T22:52:00,STEAM_DELTA_01,32.6126
2024-01-16T22:52:00,STEAM_TEMP_01,286.9155
2024-01-16T22:53:00,CORE_FLUX_01,2275249596702.795
2024-01-16T22:53:00,CORE_FUEL_01,988.714
2024-01-16T22:53:00,CORE_ROD_01,39.495
2024-01-16T22:53:00,STEAM_PRES_01,72.7908
2024-01-16T22:53:00,STEAM_FEED_01,270.0815
2024-01-16T22:53:00,STEAM_TEMP_01,287.2004
2024-01-16T22:54:00,CORE_FLUX_01,2328074678061.8203
2024-01-16T22:54:00,CORE_FUEL_01,978.8317
2024-01-16T22:54:00,CORE_ROD_01,39.9807
2024-01-16T22:54:00,CORE_EXIT_01,350.0795
2024-01-16T22:54:00,STEAM_PRES_01,73.0497
2024-01-16T22:54:00,STEAM_FEED_01,269.2774
2024-01-16T22:54:00,STEAM_DELTA_01,32.7457
2024-01-16T22:54:00,STEAM_TEMP_01,287.5998
2024-01-16T22:55:00,CORE_FLUX_01,2231496444843.2485
2024-01-16T22:55:00,CORE_FUEL_01,976.1631
2024-01-16T22:55:00,CORE_ROD_01,42.8998
2024-01-16T22:55:00,STEAM_PRES_01,73.1193
2024-01-16T22:55:00,STEAM_FEED_01,275.0725
2024-01-16T22:55:00,STEAM_TEMP_01,288.0399
2024-01-16T22:56:00,CORE_FLUX_01,2308371012409.7886
2024-01-16T22:56:00,CORE_FUEL_01,966.5247
2024-01-16T22:56:00,CORE_ROD_01,40.6494
2024-01-16T22:56:00,CORE_EXIT_01,351.7999
2024-01-16T22:56:00,STEAM_PRES_01,72.7408
2024-01-16T22:56:00,STEAM_FEED_01,269.3492
2024-01-16T22:56:00,STEAM_DELTA_01,32.6578
2024-01-16T22:56:00,STEAM_TEMP_01,287.6953
2024-01-16T22:57:00,CORE_FLUX_01,2355544788966.84
2024-01-16T22:57:00,CORE_FUEL_01,981.3305
2024-01-16T22:57:00,CORE_ROD_01,42.4357
2024-01-16T22:57:00,STEAM_PRES_01,73.0829
2024-01-16T22:57:00,STEAM_FEED_01,272.6854
2024-01-16T22:57:00,STEAM_TEMP_01,288.7683
2024-01-16T22:58:00,CORE_FLUX_01,2294166462787.75
2024-01-16T22:58:00,CORE_FUEL_01,967.8429
2024-01-16T22:58:00,CORE_ROD_01,41.3867
2024-01-16T22:58:00,CORE_EXIT_01,350.7042
2024-01-16T22:58:00,STEAM_PRES_01,73.081
2024-01-16T22:58:00,STEAM_FEED_01,268.2529
2024-01-16T22:58:00,STEAM_DELTA_01,32.5771
2024-01-16T22:58:00,STEAM_TEMP_01,288.3912
2024-01-16T22:59:00,CORE_FLUX_01,2287387934395.298
2024-01-16T22:59:00,CORE_FUEL_01,981.4929
2024-01-16T22:59:00,CORE_ROD_01,41.2035
2024-01-16T22:59:00,STEAM_PRES_01,72.8992
2024-01-16T22:59:00,STEAM_FEED_01,272.7335
2024-01-16T22:59:00,STEAM_TEMP_01,288.2754
2024-01-16T23:00:00,CORE_FLUX_01,2267079352579.75
2024-01-16T23:00:00,CORE_FUEL_01,986.1452
2024-01-16T23:00:00,CORE_ROD_01,42.0451
2024-01-16T23:00:00,CORE_EXIT_01,352.1105
2024-01-16T23:00:00,STEAM_PRES_01,72.9319
2024-01-16T23:00:00,STEAM_FEED_01,269.7654
2024-01-16T23:00:00,STEAM_DELTA_01,32.4457
2024-01-16T23:00:00,STEAM_TEMP_01,287.4926
2024-01-16T23:01:00,CORE_FLUX_01,2288903105784.283
2024-01-16T23:01:00,CORE_FUEL_01,981.9815
2024-01-16T23:01:00,CORE_ROD_01,40.6381
2024-01-16T23:01:00,STEAM_PRES_01,72.5925
2024-01-16T23:01:00,STEAM_FEED_01,269.7647
2024-01-16T23:01:00,STEAM_TEMP_01,287.8815
2024-01-16T23:02:00,CORE_FLUX_01,2264453629268.63
2024-01-16T23:02:00,CORE_FUEL_01,973.8124
2024-01-16T23:02:00,CORE_ROD_01,39.9855
2024-01-16T23:02:00,CORE_EXIT_01,348.9361
2024-01-16T23:02:00,STEAM_PRES_01,72.6106
2024-01-16T23:02:00,STEAM_FEED_01,270.1584
2024-01-16T23:02:00,STEAM_DELTA_01,32.6031
2024-01-16T23:02:00,STEAM_TEMP_01,287.0528
2024-01-16T23:03:00,CORE_FLUX_01,2344642438801.775
2024-01-16T23:03:00,CORE_FUEL_01,972.7555
2024-01-16T23:03:00,CORE_ROD_01,40.5457
2024-01-16T23:03:00,STEAM_PRES_01,73.216
2024-01-16T23:03:00,STEAM_FEED_01,272.0305
2024-01-16T23:03:00,STEAM_TEMP_01,288.0469
2024-01-16T23:04:00,CORE_FLUX_01,2308487832520.879
2024-01-16T23:04:00,CORE_FUEL_01,978.8515
2024-01-16T23:04:00,CORE_ROD_01,41.275
2024-01-16T23:04:00,CORE_EXIT_01,349.786
2024-01-16T23:04:00,STEAM_PRES_01,73.0835
2024-01-16T23:04:00,STEAM_FEED_01,270.7508
2024-01-16T23:04:00,STEAM_DELTA_01,33.0202
2024-01-16T23:04:00,STEAM_TEMP_01,288.6258
2024-01-16T23:05:00,CORE_FLUX_01,2280926351320.4854
2024-01-16T23:05:00,CORE_FUEL_01,979.8937
2024-01-16T23:05:00,CORE_ROD_01,41.0346
2024-01-16T23:05:00,STEAM_PRES_01,73.09
2024-01-16T23:05:00,STEAM_FEED_01,271.2784
2024-01-16T23:05:00,STEAM_TEMP_01,288.576
2024-01-16T23:06:00,CORE_FLUX_01,2326290676061.4077
2024-01-16T23:06:00,CORE_FUEL_01,968.7835
2024-01-16T23:06:00,CORE_ROD_01,40.6511
2024-01-16T23:06:00,CORE_EXIT_01,350.2815
2024-01-16T23:06:00,STEAM_PRES_01,72.8047
2024-01-16T23:06:00,STEAM_FEED_01,265.3412
2024-01-16T23:06:00,STEAM_DELTA_01,32.4108
2024-01-16T23:06:00,STEAM_TEMP_01,287.9703
2024-01-16T23:07:00,CORE_FLUX_01,2324806733534.025
2024-01-16T23:07:00,CORE_FUEL_01,1000.7432
2024-01-16T23:07:00,CORE_ROD_01,40.642
2024-01-16T23:07:00,STEAM_PRES_01,73.053
2024-01-16T23:07:00,STEAM_FEED_01,269.0108
2024-01-16T23:07:00,STEAM_TEMP_01,287.4583
2024-01-16T23:08:00,CORE_FLUX_01,2288479776475.542
2024-01-16T23:08:00,CORE_FUEL_01,965.1899
2024-01-16T23:08:00,CORE_ROD_01,40.8022
2024-01-16T23:08:00,CORE_EXIT_01,351.363
2024-01-16T23:08:00,STEAM_PRES_01,72.7359
2024-01-16T23:08:00,STEAM_FEED_01,267.4019
2024-01-16T23:08:00,STEAM_DELTA_01,32.5219
2024-01-16T23:08:00,STEAM_TEMP_01,287.6974
2024-01-16T23:09:00,CORE_FLUX_01,2226284908512.933
2024-01-16T23:09:00,CORE_FUEL_01,969.0858
2024-01-16T23:09:00,CORE_ROD_01,42.5558
2024-01-16T23:09:00,STEAM_PRES_01,73.15
2024-01-16T23:09:00,STEAM_FEED_01,271.9039
2024-01-16T23:09:00,STEAM_TEMP_01,288.6731
2024-01-16T23:10:00,CORE_FLUX_01,2311245513636.443
2024-01-16T23:10:00,CORE_FUEL_01,972.5325
2024-01-16T23:10:00,CORE_ROD_01,41.9262
2024-01-16T23:10:00,CORE_EXIT_01,351.5758
2024-01-16T23:10:00,STEAM_PRES_01,73.0128
2024-01-16T23:10:00,STEAM_FEED_01,267.9741
2024-01-16T23:10:00,STEAM_DELTA_01,32.4795
2024-01-16T23:10:00,STEAM_TEMP_01,286.4983
2024-01-16T23:11:00,CORE_FLUX_01,2276119820217.893
2024-01-16T23:11:00,CORE_FUEL_01,993.0828
2024-01-16T23:11:00,CORE_ROD_01,41.2923
2024-01-16T23:11:00,STEAM_PRES_01,73.1181
2024-01-16T23:11:00,STEAM_FEED_01,274.261
2024-01-16T23:11:00,STEAM_TEMP_01,288.0022
2024-01-16T23:12:00,CORE_FLUX_01,2269942928213.5005
2024-01-16T23:12:00,CORE_FUEL_01,974.9079
2024-01-16T23:12:00,CORE_ROD_01,40.4203
2024-01-16T23:12:00,CORE_EXIT_01,351.3227
2024-01-16T23:12:00,STEAM_PRES_01,73.0796
2024-01-16T23:12:00,STEAM_FEED_01,268.9401
2024-01-16T23:12:00,STEAM_DELTA_01,32.7293
2024-01-16T23:12:00,STEAM_TEMP_01,288.5756
2024-01-16T23:13:00,CORE_FLUX_01,2342160326980.445
2024-01-16T23:13:00,CORE_FUEL_01,980.3892
2024-01-16T23:13:00,CORE_ROD_01,42.8978
2024-01-16T23:13:00,STEAM_PRES_01,73.2795
2024-01-16T23:13:00,STEAM_FEED_01,269.5001
2024-01-16T23:13:00,STEAM_TEMP_01,287.8549
2024-01-16T23:14:00,CORE_FLUX_01,2332307384995.3457
2024-01-16T23:14:00,CORE_FUEL_01,963.6442
2024-01-16T23:14:00,CORE_ROD_01,39.3419
2024-01-16T23:14:00,CORE_EXIT_01,350.6517
2024-01-16T23:14:00,STEAM_PRES_01,72.9988
2024-01-16T23:14:00,STEAM_FEED_01,271.2421
2024-01-16T23:14:00,STEAM_DELTA_01,32.7667
2024-01-16T23:14:00,STEAM_TEMP_01,288.4542
2024-01-16T23:15:00,CORE_FLUX_01,2222096829991.9146
2024-01-16T23:15:00,CORE_FUEL_01,977.6701
2024-01-16T23:15:00,CORE_ROD_01,40.2066
2024-01-16T23:15:00,STEAM_PRES_01,73.0376
2024-01-16T23:15:00,STEAM_FEED_01,272.6996
2024-01-16T23:15:00,STEAM_TEMP_01,288.5474
2024-01-16T23:16:00,CORE_FLUX_01,2290941034261.1343
2024-01-16T23:16:00,CORE_FUEL_01,983.3149
2024-01-16T23:16:00,CORE_ROD_01,40.8646
2024-01-16T23:16:00,CORE_EXIT_01,351.6518
2024-01-16T23:16:00,STEAM_PRES_01,72.9768
2024-01-16T23:16:00,STEAM_FEED_01,270.5139
2024-01-16T23:16:00,STEAM_DELTA_01,32.7093
2024-01-16T23:16:00,STEAM_TEMP_01,287.5309
2024-01-16T23:17:00,CORE_FLUX_01,2284362068016.483
2024-01-16T23:17:00,CORE_FUEL_01,992.2712
2024-01-16T23:17:00,CORE_ROD_01,41.2278
2024-01-16T23:17:00,STEAM_PRES_01,72.968
2024-01-16T23:17:00,STEAM_FEED_01,268.7481
2024-01-16T23:17:00,STEAM_TEMP_01,287.8508
2024-01-16T23:18:00,CORE_FLUX_01,2300947280899.018
2024-01-16T23:18:00,CORE_FUEL_01,981.5322
2024-01-16T23:18:00,CORE_ROD_01,40.8187
2024-01-16T23:18:00,CORE_EXIT_01,349.674
2024-01-16T23:18:00,STEAM_PRES_01,73.0769
2024-01-16T23:18:00,STEAM_FEED_01,270.9903
2024-01-16T23:18:00,STEAM_DELTA_01,32.7768
2024-01-16T23:18:00,STEAM_TEMP_01,288.6792
2024-01-16T23:19:00,CORE_FLUX_01,2319948764083.4126
2024-01-16T23:19:00,CORE_FUEL_01,970.2592
2024-01-16T23:19:00,CORE_ROD_01,41.5891
2024-01-16T23:19:00,STEAM_PRES_01,72.9483
2024-01-16T23:19:00,STEAM_FEED_01,268.8782
2024-01-16T23:19:00,STEAM_TEMP_01,287.842
2024-01-16T23:20:00,CORE_FLUX_01,2281626434786.507
2024-01-16T23:20:00,CORE_FUEL_01,988.9679
2024-01-16T23:20:00,CORE_ROD_01,40.3679
2024-01-16T23:20:00,CORE_EXIT_01,349.1635
2024-01-16T23:20:00,STEAM_PRES_01,73.0083
2024-01-16T23:20:00,STEAM_FEED_01,270.1707
2024-01-16T23:20:00,STEAM_DELTA_01,32.7949
2024-01-16T23:20:00,STEAM_TEMP_01,288.2388
2024-01-16T23:21:00,CORE_FLUX_01,2351538110857.39
2024-01-16T23:21:00,CORE_FUEL_01,975.4675
2024-01-16T23:21:00,CORE_ROD_01,41.5699
2024-01-16T23:21:00,STEAM_PRES_01,73.1728
2024-01-16T23:21:00,STEAM_FEED_01,266.5571
2024-01-16T23:21:00,STEAM_TEMP_01,288.5372
2024-01-16T23:22:00,CORE_FLUX_01,2321892819072.123
2024-01-16T23:22:00,CORE_FUEL_01,986.2106
2024-01-16T23:22:00,CORE_ROD_01,40.0771
2024-01-16T23:22:00,CORE_EXIT_01,348.9402
2024-01-16T23:22:00,STEAM_PRES_01,73.1219
2024-01-16T23:22:00,STEAM_FEED_01,271.76
2024-01-16T23:22:00,STEAM_DELTA_01,32.754
2024-01-16T23:22:00,STEAM_TEMP_01,288.0264
2024-01-16T23:23:00,CORE_FLUX_01,2304189361993.8774
2024-01-16T23:23:00,CORE_FUEL_01,995.5897
2024-01-16T23:23:00,CORE_ROD_01,42.2754
2024-01-16T23:23:00,STEAM_PRES_01,73.0913
2024-01-16T23:23:00,STEAM_FEED_01,270.0391
2024-01-16T23:23:00,STEAM_TEMP_01,288.5346
2024-01-16T23:24:00,CORE_FLUX_01,2290081421702.576
2024-01-16T23:24:00,CORE_FUEL_01,969.3944
2024-01-16T23:24:00,CORE_ROD_01,41.1598
2024-01-16T23:24:00,CORE_EXIT_01,350.1139
2024-01-16T23:24:00,STEAM_PRES_01,73.1778
2024-01-16T23:24:00,STEAM_FEED_01,273.9064
2024-01-16T23:24:00,STEAM_DELTA_01,32.9529
2024-01-16T23:24:00,STEAM_TEMP_01,288.0423
2024-01-16T23:25:00,CORE_FLUX_01,2262356922181.9966
2024-01-16T23:25:00,CORE_FUEL_01,982.6362
2024-01-16T23:25:00,CORE_ROD_01,38.9411
2024-01-16T23:25:00,STEAM_PRES_01,72.9864
2024-01-16T23:25:00,STEAM_FEED_01,268.353
2024-01-16T23:25:00,STEAM_TEMP_01,287.1311
2024-01-16T23:26:00,CORE_FLUX_01,2306615397920.885
2024-01-16T23:26:00,CORE_FUEL_01,980.6356
2024-01-16T23:26:00,CORE_ROD_01,40.9476
2024-01-16T23:26:00,CORE_EXIT_01,351.7968
2024-01-16T23:26:00,STEAM_PRES_01,72.7379
2024-01-16T23:26:00,STEAM_FEED_01,268.9958
2024-01-16T23:26:00,STEAM_DELTA_01,32.6778
2024-01-16T23:26:00,STEAM_TEMP_01,287.673
2024-01-16T23:27:00,CORE_FLUX_01,2284929672707.5093
2024-01-16T23:27:00,CORE_FUEL_01,981.9155
2024-01-16T23:27:00,CORE_ROD_01,40.2376
2024-01-16T23:27:00,STEAM_PRES_01,73.0823
2024-01-16T23:27:00,STEAM_FEED_01,269.2893
2024-01-16T23:27:00,STEAM_TEMP_01,288.3661
2024-01-16T23:28:00,CORE_FLUX_01,2300282040718.154
2024-01-16T23:28:00,CORE_FUEL_01,978.8762
2024-01-16T23:28:00,CORE_ROD_01,40.7983
2024-01-16T23:28:00,CORE_EXIT_01,352.2819
2024-01-16T23:28:00,STEAM_PRES_01,73.275
2024-01-16T23:28:00,STEAM_FEED_01,269.2469
2024-01-16T23:28:00,STEAM_DELTA_01,32.8239
2024-01-16T23:28:00,STEAM_TEMP_01,288.1508
2024-01-16T23:29:00,CORE_FLUX_01,2276280957480.5977
2024-01-16T23:29:00,CORE_FUEL_01,984.472
2024-01-16T23:29:00,CORE_ROD_01,40.1794
2024-01-16T23:29:00,STEAM_PRES_01,73.1235
2024-01-16T23:29:00,STEAM_FEED_01,273.052
2024-01-16T23:29:00,STEAM_TEMP_01,288.2984
2024-01-16T23:30:00,CORE_FLUX_01,2263805012804.9346
2024-01-16T23:30:00,CORE_FUEL_01,991.8138
2024-01-16T23:30:00,CORE_ROD_01,41.4594
2024-01-16T23:30:00,CORE_EXIT_01,349.5732
2024-01-16T23:30:00,STEAM_PRES_01,72.9558
2024-01-16T23:30:00,STEAM_FEED_01,273.5426
2024-01-16T23:30:00,STEAM_DELTA_01,32.746
2024-01-16T23:30:00,STEAM_TEMP_01,288.4447
2024-01-16T23:31:00,CORE_FLUX_01,2310649983246.0366
2024-01-16T23:31:00,CORE_FUEL_01,991.8591
2024-01-16T23:31:00,CORE_ROD_01,40.8373
2024-01-16T23:31:00,STEAM_PRES_01,72.9039
2024-01-16T23:31:00,STEAM_FEED_01,269.8255
2024-01-16T23:31:00,STEAM_TEMP_01,288.4826
2024-01-16T23:32:00,CORE_FLUX_01,2311586627507.0933
2024-01-16T23:32:00,CORE_FUEL_01,991.1055
2024-01-16T23:32:00,CORE_ROD_01,40.9325
2024-01-16T23:32:00,CORE_EXIT_01,351.1901
2024-01-16T23:32:00,STEAM_PRES_01,72.9976
2024-01-16T23:32:00,STEAM_FEED_01,270.8348
2024-01-16T23:32:00,STEAM_DELTA_01,32.7754
2024-01-16T23:32:00,STEAM_TEMP_01,288.3617
2024-01-16T23:33:00,CORE_FLUX_01,2325585663773.9424
2024-01-16T23:33:00,CORE_FUEL_01,973.3487
2024-01-16T23:33:00,CORE_ROD_01,40.8873
2024-01-16T23:33:00,STEAM_PRES_01,73.3484
2024-01-16T23:33:00,STEAM_FEED_01,275.1928
2024-01-16T23:33:00,STEAM_TEMP_01,288.8339
2024-01-16T23:34:00,CORE_FLUX_01,2336918121671.649
2024-01-16T23:34:00,CORE_FUEL_01,981.4167
2024-01-16T23:34:00,CORE_ROD_01,39.1363
2024-01-16T23:34:00,CORE_EXIT_01,351.1513
2024-01-16T23:34:00,STEAM_PRES_01,73.206
2024-01-16T23:34:00,STEAM_FEED_01,267.7288
2024-01-16T23:34:00,STEAM_DELTA_01,32.7076
2024-01-16T23:34:00,STEAM_TEMP_01,287.6928
2024-01-16T23:35:00,CORE_FLUX_01,2318590989772.287
2024-01-16T23:35:00,CORE_FUEL_01,972.9144
2024-01-16T23:35:00,CORE_ROD_01,40.6848
2024-01-16T23:35:00,STEAM_PRES_01,72.4072
2024-01-16T23:35:00,STEAM_FEED_01,268.0338
2024-01-16T23:35:00,STEAM_TEMP_01,287.8988
2024-01-16T23:36:00,CORE_FLUX_01,2244471916178.689
2024-01-16T23:36:00,CORE_FUEL_01,969.2516
2024-01-16T23:36:00,CORE_ROD_01,42.3088
2024-01-16T23:36:00,CORE_EXIT_01,349.296
2024-01-16T23:36:00,STEAM_PRES_01,73.1005
2024-01-16T23:36:00,STEAM_FEED_01,271.3331
2024-01-16T23:36:00,STEAM_DELTA_01,32.8999
2024-01-16T23:36:00,STEAM_TEMP_01,288.4085
2024-01-16T23:37:00,CORE_FLUX_01,2333625539855.462
2024-01-16T23:37:00,CORE_FUEL_01,971.974
2024-01-16T23:37:00,CORE_ROD_01,40.3631
2024-01-16T23:37:00,STEAM_PRES_01,73.402
2024-01-16T23:37:00,STEAM_FEED_01,272.3935
2024-01-16T23:37:00,STEAM_TEMP_01,288.5606
2024-01-16T23:38:00,CORE_FLUX_01,2310995609668.043
2024-01-16T23:38:00,CORE_FUEL_01,999.5747
2024-01-16T23:38:00,CORE_ROD_01,40.7191
2024-01-16T23:38:00,CORE_EXIT_01,349.5989
2024-01-16T23:38:00,STEAM_PRES_01,72.7475
2024-01-16T23:38:00,STEAM_FEED_01,268.3404
2024-01-16T23:38:00,STEAM_DELTA_01,32.7248
2024-01-16T23:38:00,STEAM_TEMP_01,287.8154
2024-01-16T23:39:00,CORE_FLUX_01,2315167905472.7646
2024-01-16T23:39:00,CORE_FUEL_01,970.3536
2024-01-16T23:39:00,CORE_ROD_01,40.4486
2024-01-16T23:39:00,STEAM_PRES_01,72.8117
2024-01-16T23:39:00,STEAM_FEED_01,270.4873
2024-01-16T23:39:00,STEAM_TEMP_01,288.1061
2024-01-16T23:40:00,CORE_FLUX_01,2294902663308.8696
2024-01-16T23:40:00,CORE_FUEL_01,974.6804
2024-01-16T23:40:00,CORE_ROD_01,41.5527
2024-01-16T23:40:00,CORE_EXIT_01,351.3553
2024-01-16T23:40:00,STEAM_PRES_01,73.0113
2024-01-16T23:40:00,STEAM_FEED_01,269.3843
2024-01-16T23:40:00,STEAM_DELTA_01,32.442
2024-01-16T23:40:00,STEAM_TEMP_01,287.0211
2024-01-16T23:41:00,CORE_FLUX_01,2321743148457.124
2024-01-16T23:41:00,CORE_FUEL_01,980.7803
2024-01-16T23:41:00,CORE_ROD_01,41.9021
2024-01-16T23:41:00,STEAM_PRES_01,72.9437
2024-01-16T23:41:00,STEAM_FEED_01,267.0993
2024-01-16T23:41:00,STEAM_TEMP_01,288.3498
2024-01-16T23:42:00,CORE_FLUX_01,2339099557296.85
2024-01-16T23:42:00,CORE_FUEL_01,972.4766
2024-01-16T23:42:00,CORE_ROD_01,39.8789
2024-01-16T23:42:00,CORE_EXIT_01,351.7123
2024-01-16T23:42:00,STEAM_PRES_01,72.9496
2024-01-16T23:42:00,STEAM_FEED_01,267.7016
2024-01-16T23:42:00,STEAM_DELTA_01,32.4126
2024-01-16T23:42:00,STEAM_TEMP_01,287.7798
2024-01-16T23:43:00,CORE_FLUX_01,2290743534777.7837
2024-01-16T23:43:00,CORE_FUEL_01,972.2755
2024-01-16T23:43:00,CORE_ROD_01,41.4158
2024-01-16T23:43:00,STEAM_PRES_01,72.5637
2024-01-16T23:43:00,STEAM_FEED_01,268.8406
2024-01-16T23:43:00,STEAM_TEMP_01,287.4088
2024-01-16T23:44:00,CORE_FLUX_01,2295944132513.499
2024-01-16T23:44:00,CORE_FUEL_01,989.8427
2024-01-16T23:44:00,CORE_ROD_01,40.0722
2024-01-16T23:44:00,CORE_EXIT_01,349.8036
2024-01-16T23:44:00,STEAM_PRES_01,73.1295
2024-01-16T23:44:00,STEAM_FEED_01,272.293
2024-01-16T23:44:00,STEAM_DELTA_01,32.8654
2024-01-16T23:44:00,STEAM_TEMP_01,288.6972
2024-01-16T23:45:00,CORE_FLUX_01,2318522666142.804
2024-01-16T23:45:00,CORE_FUEL_01,994.348
2024-01-16T23:45:00,CORE_ROD_01,41.0228
2024-01-16T23:45:00,STEAM_PRES_01,73.2857
2024-01-16T23:45:00,STEAM_FEED_01,268.2858
2024-01-16T23:45:00,STEAM_TEMP_01,287.7796
2024-01-16T23:46:00,CORE_FLUX_01,2292819191984.128
2024-01-16T23:46:00,CORE_FUEL_01,979.387
2024-01-16T23:46:00,CORE_ROD_01,41.1391
2024-01-16T23:46:00,CORE_EXIT_01,351.5434
2024-01-16T23:46:00,STEAM_PRES_01,72.9584
2024-01-16T23:46:00,STEAM_FEED_01,269.0858
2024-01-16T23:46:00,STEAM_DELTA_01,32.4856
2024-01-16T23:46:00,STEAM_TEMP_01,288.4687
2024-01-16T23:47:00,CORE_FLUX_01,2253904584417.7764
2024-01-16T23:47:00,CORE_FUEL_01,978.9587
2024-01-16T23:47:00,CORE_ROD_01,40.7389
2024-01-16T23:47:00,STEAM_PRES_01,72.9776
2024-01-16T23:47:00,STEAM_FEED_01,268.7065
2024-01-16T23:47:00,STEAM_TEMP_01,288.4888
2024-01-16T23:48:00,CORE_FLUX_01,2301188167956.9595
2024-01-16T23:48:00,CORE_FUEL_01,972.3905
2024-01-16T23:48:00,CORE_ROD_01,40.9611
2024-01-16T23:48:00,CORE_EXIT_01,350.5468
2024-01-16T23:48:00,STEAM_PRES_01,72.9468
2024-01-16T23:48:00,STEAM_FEED_01,269.5718
2024-01-16T23:48:00,STEAM_DELTA_01,32.8385
2024-01-16T23:48:00,STEAM_TEMP_01,287.8011
2024-01-16T23:49:00,CORE_FLUX_01,2221666738710.111
2024-01-16T23:49:00,CORE_FUEL_01,988.606
2024-01-16T23:49:00,CORE_ROD_01,41.8379
2024-01-16T23:49:00,STEAM_PRES_01,73.2545
2024-01-16T23:49:00,STEAM_FEED_01,274.2816
2024-01-16T23:49:00,STEAM_TEMP_01,289.6749
2024-01-16T23:50:00,CORE_FLUX_01,2274350104937.6157
2024-01-16T23:50:00,CORE_FUEL_01,989.6678
2024-01-16T23:50:00,CORE_ROD_01,42.2877
2024-01-16T23:50:00,CORE_EXIT_01,350.8413
2024-01-16T23:50:00,STEAM_PRES_01,72.9531
2024-01-16T23:50:00,STEAM_FEED_01,269.832
2024-01-16T23:50:00,STEAM_DELTA_01,32.7462
2024-01-16T23:50:00,STEAM_TEMP_01,288.4535
2024-01-16T23:51:00,CORE_FLUX_01,2281281741645.456
2024-01-16T23:51:00,CORE_FUEL_01,983.9869
2024-01-16T23:51:00,CORE_ROD_01,41.39
2024-01-16T23:51:00,STEAM_PRES_01,73.0936
2024-01-16T23:51:00,STEAM_FEED_01,274.1065
2024-01-16T23:51:00,STEAM_TEMP_01,288.1962
2024-01-16T23:52:00,CORE_FLUX_01,2270911284469.484
2024-01-16T23:52:00,CORE_FUEL_01,983.0702
2024-01-16T23:52:00,CORE_ROD_01,41.2254
2024-01-16T23:52:00,CORE_EXIT_01,350.0693
2024-01-16T23:52:00,STEAM_PRES_01,72.9016
2024-01-16T23:52:00,STEAM_FEED_01,269.6577
2024-01-16T23:52:00,STEAM_DELTA_01,32.748
2024-01-16T23:52:00,STEAM_TEMP_01,288.1226
2024-01-16T23:53:00,CORE_FLUX_01,2311534227421.229
2024-01-16T23:53:00,CORE_FUEL_01,982.3465
2024-01-16T23:53:00,CORE_ROD_01,42.7813
2024-01-16T23:53:00,STEAM_PRES_01,72.7858
2024-01-16T23:53:00,STEAM_FEED_01,266.0108
2024-01-16T23:53:00,STEAM_TEMP_01,287.2598
2024-01-16T23:54:00,CORE_FLUX_01,2268730267547.2246
2024-01-16T23:54:00,CORE_FUEL_01,998.1435
2024-01-16T23:54:00,CORE_ROD_01,40.8138
2024-01-16T23:54:00,CORE_EXIT_01,350.6512
2024-01-16T23:54:00,STEAM_PRES_01,72.7299
2024-01-16T23:54:00,STEAM_FEED_01,267.509
2024-01-16T23:54:00,STEAM_DELTA_01,32.4074
2024-01-16T23:54:00,STEAM_TEMP_01,287.4225
2024-01-16T23:55:00,CORE_FLUX_01,2379732693855.7373
2024-01-16T23:55:00,CORE_FUEL_01,973.3222
2024-01-16T23:55:00,CORE_ROD_01,42.0394
2024-01-16T23:55:00,STEAM_PRES_01,73.0629
2024-01-16T23:55:00,STEAM_FEED_01,269.9355
2024-01-16T23:55:00,STEAM_TEMP_01,288.1521
2024-01-16T23:56:00,CORE_FLUX_01,2305609164470.102
2024-01-16T23:56:00,CORE_FUEL_01,993.5032
2024-01-16T23:56:00,CORE_ROD_01,41.2623
2024-01-16T23:56:00,CORE_EXIT_01,349.1181
2024-01-16T23:56:00,STEAM_PRES_01,72.7818
2024-01-16T23:56:00,STEAM_FEED_01,271.0372
2024-01-16T23:56:00,STEAM_DELTA_01,32.9971
2024-01-16T23:56:00,STEAM_TEMP_01,288.1703
2024-01-16T23:57:00,CORE_FLUX_01,2217186322896.4404
2024-01-16T23:57:00,CORE_FUEL_01,985.5252
2024-01-16T23:57:00,CORE_ROD_01,40.1775
2024-01-16T23:57:00,STEAM_PRES_01,72.6633
2024-01-16T23:57:00,STEAM_FEED_01,269.0935
2024-01-16T23:57:00,STEAM_TEMP_01,286.8687
2024-01-16T23:58:00,CORE_FLUX_01,2314459972248.0776
2024-01-16T23:58:00,CORE_FUEL_01,972.2078
2024-01-16T23:58:00,CORE_ROD_01,41.1416
2024-01-16T23:58:00,CORE_EXIT_01,349.9708
2024-01-16T23:58:00,STEAM_PRES_01,72.4084
2024-01-16T23:58:00,STEAM_FEED_01,266.3676
2024-01-16T23:58:00,STEAM_DELTA_01,32.3273
2024-01-16T23:58:00,STEAM_TEMP_01,286.9049
2024-01-16T23:59:00,CORE_FLUX_01,2303274253377.1797
2024-01-16T23:59:00,CORE_FUEL_01,980.8417
2024-01-16T23:59:00,CORE_ROD_01,41.966
2024-01-16T23:59:00,STEAM_PRES_01,72.7742
2024-01-16T23:59:00,STEAM_FEED_01,266.9239
2024-01-16T23:59:00,STEAM_TEMP_01,287.756
2024-01-17T00:00:00,CORE_FLUX_01,2273138428106.253
2024-01-17T00:00:00,CORE_FUEL_01,981.9432
2024-01-17T00:00:00,CORE_ROD_01,41.2618
2024-01-17T00:00:00,CORE_EXIT_01,349.6555
2024-01-17T00:00:00,STEAM_PRES_01,72.8871
2024-01-17T00:00:00,STEAM_FEED_01,272.7507
2024-01-17T00:00:00,STEAM_DELTA_01,32.7949
2024-01-17T00:00:00,STEAM_TEMP_01,288.1054
2024-01-17T00:01:00,CORE_FLUX_01,2291105647205.953
2024-01-17T00:01:00,CORE_FUEL_01,972.2729
2024-01-17T00:01:00,CORE_ROD_01,41.1938
2024-01-17T00:01:00,STEAM_PRES_01,73.0937
2024-01-17T00:01:00,STEAM_FEED_01,271.9895
2024-01-17T00:01:00,STEAM_TEMP_01,289.0881
2024-01-17T00:02:00,CORE_FLUX_01,2319005173223.513
2024-01-17T00:02:00,CORE_FUEL_01,987.3563
2024-01-17T00:02:00,CORE_ROD_01,39.4591
2024-01-17T00:02:00,CORE_EXIT_01,350.1312
2024-01-17T00:02:00,STEAM_PRES_01,72.8761
2024-01-17T00:02:00,STEAM_FEED_01,263.7864
2024-01-17T00:02:00,STEAM_DELTA_01,32.4362
2024-01-17T00:02:00,STEAM_TEMP_01,287.5447
2024-01-17T00:03:00,CORE_FLUX_01,2290921319102.7515
2024-01-17T00:03:00,CORE_FUEL_01,972.6451
2024-01-17T00:03:00,CORE_ROD_01,41.3578
2024-01-17T00:03:00,STEAM_PRES_01,73.1596
2024-01-17T00:03:00,STEAM_FEED_01,268.2606
2024-01-17T00:03:00,STEAM_TEMP_01,287.8451
2024-01-17T00:04:00,CORE_FLUX_01,2268968095765.899
2024-01-17T00:04:00,CORE_FUEL_01,995.0694
2024-01-17T00:04:00,CORE_ROD_01,42.802
2024-01-17T00:04:00,CORE_EXIT_01,348.6449
2024-01-17T00:04:00,STEAM_PRES_01,72.693
2024-01-17T00:04:00,STEAM_FEED_01,268.2018
2024-01-17T00:04:00,STEAM_DELTA_01,32.5734
2024-01-17T00:04:00,STEAM_TEMP_01,287.3026
2024-01-17T00:05:00,CORE_FLUX_01,2269099667524.8325
2024-01-17T00:05:00,CORE_FUEL_01,982.538
2024-01-17T00:05:00,CORE_ROD_01,42.0204
2024-01-17T00:05:00,STEAM_PRES_01,72.761
2024-01-17T00:05:00,STEAM_FEED_01,270.6235
2024-01-17T00:05:00,STEAM_TEMP_01,287.6645
2024-01-17T00:06:00,CORE_FLUX_01,2285068547993.0254
2024-01-17T00:06:00,CORE_FUEL_01,997.5615
2024-01-17T00:06:00,CORE_ROD_01,39.9556
2024-01-17T00:06:00,CORE_EXIT_01,349.4451
2024-01-17T00:06:00,STEAM_PRES_01,72.7197
2024-01-17T00:06:00,STEAM_FEED_01,269.2907
2024-01-17T00:06:00,STEAM_DELTA_01,32.708
2024-01-17T00:06:00,STEAM_TEMP_01,287.9645
2024-01-17T00:07:00,CORE_FLUX_01,2282721771366.0273
2024-01-17T00:07:00,CORE_FUEL_01,984.9154
2024-01-17T00:07:00,CORE_ROD_01,39.9087
2024-01-17T00:07:00,STEAM_PRES_01,73.2285
2024-01-17T00:07:00,STEAM_FEED_01,267.5819
2024-01-17T00:07:00,STEAM_TEMP_01,288.0711
2024-01-17T00:08:00,CORE_FLUX_01,2339785195505.952
2024-01-17T00:08:00,CORE_FUEL_01,979.5086
2024-01-17T00:08:00,CORE_ROD_01,41.645
2024-01-17T00:08:00,CORE_EXIT_01,350.6016
2024-01-17T00:08:00,STEAM_PRES_01,73.0449
2024-01-17T00:08:00,STEAM_FEED_01,270.4737
2024-01-17T00:08:00,STEAM_DELTA_01,32.7799
2024-01-17T00:08:00,STEAM_TEMP_01,287.9914
2024-01-17T00:09:00,CORE_FLUX_01,2359924899273.9297
2024-01-17T00:09:00,CORE_FUEL_01,981.7709
2024-01-17T00:09:00,CORE_ROD_01,40.9367
2024-01-17T00:09:00,STEAM_PRES_01,73.3815
2024-01-17T00:09:00,STEAM_FEED_01,270.7412
2024-01-17T00:09:00,STEAM_TEMP_01,287.761
2024-01-17T00:10:00,CORE_FLUX_01,2233093715369.543
2024-01-17T00:10:00,CORE_FUEL_01,989.5696
2024-01-17T00:10:00,CORE_ROD_01,40.9552
2024-01-17T00:10:00,CORE_EXIT_01,350.3594
2024-01-17T00:10:00,STEAM_PRES_01,72.5492
2024-01-17T00:10:00,STEAM_FEED_01,264.6558
2024-01-17T00:10:00,STEAM_DELTA_01,32.4226
2024-01-17T00:10:00,STEAM_TEMP_01,287.4012
2024-01-17T00:11:00,CORE_FLUX_01,2279548255766.5664
2024-01-17T00:11:00,CORE_FUEL_01,973.7306
2024-01-17T00:11:00,CORE_ROD_01,41.8588
2024-01-17T00:11:00,STEAM_PRES_01,73.043
2024-01-17T00:11:00,STEAM_FEED_01,269.6442
2024-01-17T00:11:00,STEAM_TEMP_01,288.9535
2024-01-17T00:12:00,CORE_FLUX_01,2288866549062.1436
2024-01-17T00:12:00,CORE_FUEL_01,982.9073
2024-01-17T00:12:00,CORE_ROD_01,39.8476
2024-01-17T00:12:00,CORE_EXIT_01,351.9034
2024-01-17T00:12:00,STEAM_PRES_01,72.9294
2024-01-17T00:12:00,STEAM_FEED_01,270.1396
2024-01-17T00:12:00,STEAM_DELTA_01,33.0182
2024-01-17T00:12:00,STEAM_TEMP_01,288.0803
2024-01-17T00:13:00,CORE_FLUX_01,2317234119078.795
2024-01-17T00:13:00,CORE_FUEL_01,977.0494
2024-01-17T00:13:00,CORE_ROD_01,42.0991
2024-01-17T00:13:00,STEAM_PRES_01,72.6936
2024-01-17T00:13:00,STEAM_FEED_01,270.4884
2024-01-17T00:13:00,STEAM_TEMP_01,288.0128
2024-01-17T00:14:00,CORE_FLUX_01,2335419958859.951
2024-01-17T00:14:00,CORE_FUEL_01,973.663
2024-01-17T00:14:00,CORE_ROD_01,40.4976
2024-01-17T00:14:00,CORE_EXIT_01,352.9805
2024-01-17T00:14:00,STEAM_PRES_01,73.0672
2024-01-17T00:14:00,STEAM_FEED_01,272.2265
2024-01-17T00:14:00,STEAM_DELTA_01,32.6988
2024-01-17T00:14:00,STEAM_TEMP_01,288.6512
2024-01-17T00:15:00,CORE_FLUX_01,2248513642653.0503
2024-01-17T00:15:00,CORE_FUEL_01,998.6826
2024-01-17T00:15:00,CORE_ROD_01,40.8029
2024-01-17T00:15:00,STEAM_PRES_01,72.8411
2024-01-17T00:15:00,STEAM_FEED_01,269.9474
2024-01-17T00:15:00,STEAM_TEMP_01,287.8939
2024-01-17T00:16:00,CORE_FLUX_01,2289258140018.5195
2024-01-17T00:16:00,CORE_FUEL_01,985.4852
2024-01-17T00:16:00,CORE_ROD_01,42.0791
2024-01-17T00:16:00,CORE_EXIT_01,351.703
2024-01-17T00:16:00,STEAM_PRES_01,73.0703
2024-01-17T00:16:00,STEAM_FEED_01,271.9327
2024-01-17T00:16:00,STEAM_DELTA_01,33.0227
2024-01-17T00:16:00,STEAM_TEMP_01,288.7147
2024-01-17T00:17:00,CORE_FLUX_01,2310879497918.298
2024-01-17T00:17:00,CORE_FUEL_01,992.0728
2024-01-17T00:17:00,CORE_ROD_01,40.5049
2024-01-17T00:17:00,STEAM_PRES_01,73.095
2024-01-17T00:17:00,STEAM_FEED_01,272.3484
2024-01-17T00:17:00,STEAM_TEMP_01,289.5495
2024-01-17T00:18:00,CORE_FLUX_01,2265261875200.741
2024-01-17T00:18:00,CORE_FUEL_01,993.4927
2024-01-17T00:18:00,CORE_ROD_01,41.8195
2024-01-17T00:18:00,CORE_EXIT_01,350.4007
2024-01-17T00:18:00,STEAM_PRES_01,72.9324
2024-01-17T00:18:00,STEAM_FEED_01,270.5189
2024-01-17T00:18:00,STEAM_DELTA_01,32.9735
2024-01-17T00:18:00,STEAM_TEMP_01,288.1839
2024-01-17T00:19:00,CORE_FLUX_01,2245844262809.0303
2024-01-17T00:19:00,CORE_FUEL_01,983.3687
2024-01-17T00:19:00,CORE_ROD_01,40.419
2024-01-17T00:19:00,STEAM_PRES_01,72.9799
2024-01-17T00:19:00,STEAM_FEED_01,274.1432
2024-01-17T00:19:00,STEAM_TEMP_01,288.6826
2024-01-17T00:20:00,CORE_FLUX_01,2296307021033.021
2024-01-17T00:20:00,CORE_FUEL_01,971.0067
2024-01-17T00:20:00,CORE_ROD_01,40.5723
2024-01-17T00:20:00,CORE_EXIT_01,349.0608
2024-01-17T00:20:00,STEAM_PRES_01,72.7019
2024-01-17T00:20:00,STEAM_FEED_01,265.9363
2024-01-17T00:20:00,STEAM_DELTA_01,32.7282
2024-01-17T00:20:00,STEAM_TEMP_01,287.8762
2024-01-17T00:21:00,CORE_FLUX_01,2291803037397.048
2024-01-17T00:21:00,CORE_FUEL_01,995.984
2024-01-17T00:21:00,CORE_ROD_01,42.445
2024-01-17T00:21:00,STEAM_PRES_01,73.1121
2024-01-17T00:21:00,STEAM_FEED_01,270.4596
2024-01-17T00:21:00,STEAM_TEMP_01,288.6513
2024-01-17T00:22:00,CORE_FLUX_01,2293493710601.7915
2024-01-17T00:22:00,CORE_FUEL_01,972.961
2024-01-17T00:22:00,CORE_ROD_01,40.699
2024-01-17T00:22:00,CORE_EXIT_01,351.5985
2024-01-17T00:22:00,STEAM_PRES_01,72.6849
2024-01-17T00:22:00,STEAM_FEED_01,269.0255
2024-01-17T00:22:00,STEAM_DELTA_01,33.1736
2024-01-17T00:22:00,STEAM_TEMP_01,288.6916
2024-01-17T00:23:00,CORE_FLUX_01,2264232583363.014
2024-01-17T00:23:00,CORE_FUEL_01,991.6655
2024-01-17T00:23:00,CORE_ROD_01,41.8255
2024-01-17T00:23:00,STEAM_PRES_01,73.0958
2024-01-17T00:23:00,STEAM_FEED_01,270.7084
2024-01-17T00:23:00,STEAM_TEMP_01,288.1348
2024-01-17T00:24:00,CORE_FLUX_01,2276569620582.5884
2024-01-17T00:24:00,CORE_FUEL_01,994.8617
2024-01-17T00:24:00,CORE_ROD_01,40.2568
2024-01-17T00:24:00,CORE_EXIT_01,350.1575
2024-01-17T00:24:00,STEAM_PRES_01,73.3627
2024-01-17T00:24:00,STEAM_FEED_01,271.6089
2024-01-17T00:24:00,STEAM_DELTA_01,32.4812
2024-01-17T00:24:00,STEAM_TEMP_01,289.1184
2024-01-17T00:25:00,CORE_FLUX_01,2325427305106.928
2024-01-17T00:25:00,CORE_FUEL_01,983.184
2024-01-17T00:25:00,CORE_ROD_01,40.9559
2024-01-17T00:25:00,STEAM_PRES_01,73.0395
2024-01-17T00:25:00,STEAM_FEED_01,269.6928
2024-01-17T00:25:00,STEAM_TEMP_01,288.5595
2024-01-17T00:26:00,CORE_FLUX_01,2303285148339.4604
2024-01-17T00:26:00,CORE_FUEL_01,987.9329
2024-01-17T00:26:00,CORE_ROD_01,41.2858
2024-01-17T00:26:00,CORE_EXIT_01,353.0421
2024-01-17T00:26:00,STEAM_PRES_01,73.165
2024-01-17T00:26:00,STEAM_FEED_01,269.6455
2024-01-17T00:26:00,STEAM_DELTA_01,32.7366
2024-01-17T00:26:00,STEAM_TEMP_01,288.7629
2024-01-17T00:27:00,CORE_FLUX_01,2277666189945.1455
2024-01-17T00:27:00,CORE_FUEL_01,961.8145
2024-01-17T00:27:00,CORE_ROD_01,39.2574
2024-01-17T00:27:00,STEAM_PRES_01,73.2144
2024-01-17T00:27:00,STEAM_FEED_01,273.5925
2024-01-17T00:27:00,STEAM_TEMP_01,290.0202
2024-01-17T00:28:00,CORE_FLUX_01,2284450936397.9653
2024-01-17T00:28:00,CORE_FUEL_01,995.8949
2024-01-17T00:28:00,CORE_ROD_01,40.5763
2024-01-17T00:28:00,CORE_EXIT_01,350.1413
2024-01-17T00:28:00,STEAM_PRES_01,72.785
2024-01-17T00:28:00,STEAM_FEED_01,267.0965
2024-01-17T00:28:00,STEAM_DELTA_01,32.4416
2024-01-17T00:28:00,STEAM_TEMP_01,289.0308
2024-01-17T00:29:00,CORE_FLUX_01,2315668430518.926
2024-01-17T00:29:00,CORE_FUEL_01,976.4207
2024-01-17T00:29:00,CORE_ROD_01,41.658
2024-01-17T00:29:00,STEAM_PRES_01,72.9235
2024-01-17T00:29:00,STEAM_FEED_01,268.0736
2024-01-17T00:29:00,STEAM_TEMP_01,288.5521
2024-01-17T00:30:00,CORE_FLUX_01,2287880880946.4355
2024-01-17T00:30:00,CORE_FUEL_01,962.8439
2024-01-17T00:30:00,CORE_ROD_01,41.3423
2024-01-17T00:30:00,CORE_EXIT_01,352.668
2024-01-17T00:30:00,STEAM_PRES_01,73.0784
2024-01-17T00:30:00,STEAM_FEED_01,269.6212
2024-01-17T00:30:00,STEAM_DELTA_01,32.8811
2024-01-17T00:30:00,STEAM_TEMP_01,289.3626
2024-01-17T00:31:00,CORE_FLUX_01,2255825378985.384
2024-01-17T00:31:00,CORE_FUEL_01,990.0221
2024-01-17T00:31:00,CORE_ROD_01,41.6622
2024-01-17T00:31:00,STEAM_PRES_01,73.033
2024-01-17T00:31:00,STEAM_FEED_01,268.8417
2024-01-17T00:31:00,STEAM_TEMP_01,287.7763
2024-01-17T00:32:00,CORE_FLUX_01,2332390265572.6533
2024-01-17T00:32:00,CORE_FUEL_01,979.6928
2024-01-17T00:32:00,CORE_ROD_01,40.1787
2024-01-17T00:32:00,CORE_EXIT_01,352.1472
2024-01-17T00:32:00,STEAM_PRES_01,72.9606
2024-01-17T00:32:00,STEAM_FEED_01,269.2412
2024-01-17T00:32:00,STEAM_DELTA_01,32.6987
2024-01-17T00:32:00,STEAM_TEMP_01,287.8039
2024-01-17T00:33:00,CORE_FLUX_01,2282341088777.041
2024-01-17T00:33:00,CORE_FUEL_01,975.0728
2024-01-17T00:33:00,CORE_ROD_01,40.963
2024-01-17T00:33:00,STEAM_PRES_01,72.9611
2024-01-17T00:33:00,STEAM_FEED_01,268.2485
2024-01-17T00:33:00,STEAM_TEMP_01,287.7124
2024-01-17T00:34:00,CORE_FLUX_01,2250398008567.2954
2024-01-17T00:34:00,CORE_FUEL_01,987.2021
2024-01-17T00:34:00,CORE_ROD_01,38.9762
2024-01-17T00:34:00,CORE_EXIT_01,352.9821
2024-01-17T00:34:00,STEAM_PRES_01,73.2702
2024-01-17T00:34:00,STEAM_FEED_01,273.024
2024-01-17T00:34:00,STEAM_DELTA_01,33.2251
2024-01-17T00:34:00,STEAM_TEMP_01,289.6005
2024-01-17T00:35:00,CORE_FLUX_01,2277564568851.2363
2024-01-17T00:35:00,CORE_FUEL_01,988.4232
2024-01-17T00:35:00,CORE_ROD_01,40.8369
2024-01-17T00:35:00,STEAM_PRES_01,73.0643
2024-01-17T00:35:00,STEAM_FEED_01,270.1825
2024-01-17T00:35:00,STEAM_TEMP_01,287.5537
2024-01-17T00:36:00,CORE_FLUX_01,2268564848403.227
2024-01-17T00:36:00,CORE_FUEL_01,990.9664
2024-01-17T00:36:00,CORE_ROD_01,40.954
2024-01-17T00:36:00,CORE_EXIT_01,352.1459
2024-01-17T00:36:00,STEAM_PRES_01,73.1389
2024-01-17T00:36:00,STEAM_FEED_01,270.9057
2024-01-17T00:36:00,STEAM_DELTA_01,33.1505
2024-01-17T00:36:00,STEAM_TEMP_01,289.0967
2024-01-17T00:37:00,CORE_FLUX_01,2291846433577.35
2024-01-17T00:37:00,CORE_FUEL_01,991.7329
2024-01-17T00:37:00,CORE_ROD_01,40.5201
2024-01-17T00:37:00,STEAM_PRES_01,73.167
2024-01-17T00:37:00,STEAM_FEED_01,272.1279
2024-01-17T00:37:00,STEAM_TEMP_01,288.5466
2024-01-17T00:38:00,CORE_FLUX_01,2243928947271.679
2024-01-17T00:38:00,CORE_FUEL_01,981.9032
2024-01-17T00:38:00,CORE_ROD_01,40.7621
2024-01-17T00:38:00,CORE_EXIT_01,350.9085
2024-01-17T00:38:00,STEAM_PRES_01,72.6993
2024-01-17T00:38:00,STEAM_FEED_01,267.8762
2024-01-17T00:38:00,STEAM_DELTA_01,32.6051
2024-01-17T00:38:00,STEAM_TEMP_01,288.0487
2024-01-17T00:39:00,CORE_FLUX_01,2282993785800.3003
2024-01-17T00:39:00,CORE_FUEL_01,993.4907
2024-01-17T00:39:00,CORE_ROD_01,41.8471
2024-01-17T00:39:00,STEAM_PRES_01,72.6096
2024-01-17T00:39:00,STEAM_FEED_01,265.7311
2024-01-17T00:39:00,STEAM_TEMP_01,288.1324
2024-01-17T00:40:00,CORE_FLUX_01,2285726040309.691
2024-01-17T00:40:00,CORE_FUEL_01,998.682
2024-01-17T00:40:00,CORE_ROD_01,41.2872
2024-01-17T00:40:00,CORE_EXIT_01,352.0814
2024-01-17T00:40:00,STEAM_PRES_01,73.313
2024-01-17T00:40:00,STEAM_FEED_01,272.9762
2024-01-17T00:40:00,STEAM_DELTA_01,33.2919
2024-01-17T00:40:00,STEAM_TEMP_01,289.2558
2024-01-17T00:41:00,CORE_FLUX_01,2294158604343.347
2024-01-17T00:41:00,CORE_FUEL_01,984.6034
2024-01-17T00:41:00,CORE_ROD_01,41.9103
2024-01-17T00:41:00,STEAM_PRES_01,72.9335
2024-01-17T00:41:00,STEAM_FEED_01,266.7338
2024-01-17T00:41:00,STEAM_TEMP_01,288.3639
2024-01-17T00:42:00,CORE_FLUX_01,2319105439906.228
2024-01-17T00:42:00,CORE_FUEL_01,997.3709
2024-01-17T00:42:00,CORE_ROD_01,42.4161
2024-01-17T00:42:00,CORE_EXIT_01,350.6952
2024-01-17T00:42:00,STEAM_PRES_01,72.5714
2024-01-17T00:42:00,STEAM_FEED_01,268.1832
2024-01-17T00:42:00,STEAM_DELTA_01,32.6788
2024-01-17T00:42:00,STEAM_TEMP_01,286.1506
2024-01-17T00:43:00,CORE_FLUX_01,2290157657363.9507
2024-01-17T00:43:00,CORE_FUEL_01,982.5004
2024-01-17T00:43:00,CORE_ROD_01,41.4735
2024-01-17T00:43:00,STEAM_PRES_01,72.9729
2024-01-17T00:43:00,STEAM_FEED_01,271.4577
2024-01-17T00:43:00,STEAM_TEMP_01,289.2489
2024-01-17T00:44:00,CORE_FLUX_01,2291444908221.3496
2024-01-17T00:44:00,CORE_FUEL_01,979.5343
2024-01-17T00:44:00,CORE_ROD_01,42.8225
2024-01-17T00:44:00,CORE_EXIT_01,350.1656
2024-01-17T00:44:00,STEAM_PRES_01,72.7985
2024-01-17T00:44:00,STEAM_FEED_01,269.5983
2024-01-17T00:44:00,STEAM_DELTA_01,32.6575
2024-01-17T00:44:00,STEAM_TEMP_01,287.4036
2024-01-17T00:45:00,CORE_FLUX_01,2312320455600.713
2024-01-17T00:45:00,CORE_FUEL_01,990.7199
2024-01-17T00:45:00,CORE_ROD_01,40.3706
2024-01-17T00:45:00,STEAM_PRES_01,73.0445
2024-01-17T00:45:00,STEAM_FEED_01,269.3186
2024-01-17T00:45:00,STEAM_TEMP_01,287.9707
2024-01-17T00:46:00,CORE_FLUX_01,2308449788902.869
2024-01-17T00:46:00,CORE_FUEL_01,985.5128
2024-01-17T00:46:00,CORE_ROD_01,39.9481
2024-01-17T00:46:00,CORE_EXIT_01,352.0462
2024-01-17T00:46:00,STEAM_PRES_01,73.2457
2024-01-17T00:46:00,STEAM_FEED_01,271.1783
2024-01-17T00:46:00,STEAM_DELTA_01,33.1407
2024-01-17T00:46:00,STEAM_TEMP_01,288.5813
2024-01-17T00:47:00,CORE_FLUX_01,2259652395609.6924
2024-01-17T00:47:00,CORE_FUEL_01,1004.7439
2024-01-17T00:47:00,CORE_ROD_01,41.0056
2024-01-17T00:47:00,STEAM_PRES_01,72.8276
2024-01-17T00:47:00,STEAM_FEED_01,267.4972
2024-01-17T00:47:00,STEAM_TEMP_01,287.8324
2024-01-17T00:48:00,CORE_FLUX_01,2339225665073.175
2024-01-17T00:48:00,CORE_FUEL_01,991.7985
2024-01-17T00:48:00,CORE_ROD_01,41.267
2024-01-17T00:48:00,CORE_EXIT_01,349.8222
2024-01-17T00:48:00,STEAM_PRES_01,72.8906
2024-01-17T00:48:00,STEAM_FEED_01,270.8942
2024-01-17T00:48:00,STEAM_DELTA_01,32.5962
2024-01-17T00:48:00,STEAM_TEMP_01,287.9257
2024-01-17T00:49:00,CORE_FLUX_01,2308524175218.251
2024-01-17T00:49:00,CORE_FUEL_01,998.2482
2024-01-17T00:49:00,CORE_ROD_01,41.4797
2024-01-17T00:49:00,STEAM_PRES_01,73.2554
2024-01-17T00:49:00,STEAM_FEED_01,270.2398
2024-01-17T00:49:00,STEAM_TEMP_01,289.3253
2024-01-17T00:50:00,CORE_FLUX_01,2262811980628.558
2024-01-17T00:50:00,CORE_FUEL_01,973.7403
2024-01-17T00:50:00,CORE_ROD_01,42.0506
2024-01-17T00:50:00,CORE_EXIT_01,351.7352
2024-01-17T00:50:00,STEAM_PRES_01,72.691
2024-01-17T00:50:00,STEAM_FEED_01,268.7699
2024-01-17T00:50:00,STEAM_DELTA_01,32.5557
2024-01-17T00:50:00,STEAM_TEMP_01,287.479
2024-01-17T00:51:00,CORE_FLUX_01,2239585295132.8145
2024-01-17T00:51:00,CORE_FUEL_01,977.5397
2024-01-17T00:51:00,CORE_ROD_01,41.2888
2024-01-17T00:51:00,STEAM_PRES_01,73.0519
2024-01-17T00:51:00,STEAM_FEED_01,271.4071
2024-01-17T00:51:00,STEAM_TEMP_01,287.9017
2024-01-17T00:52:00,CORE_FLUX_01,2319619938474.598
2024-01-17T00:52:00,CORE_FUEL_01,986.114
2024-01-17T00:52:00,CORE_ROD_01,42.6963
2024-01-17T00:52:00,CORE_EXIT_01,352.0346
2024-01-17T00:52:00,STEAM_PRES_01,72.9768
2024-01-17T00:52:00,STEAM_FEED_01,268.6765
2024-01-17T00:52:00,STEAM_DELTA_01,32.7469
2024-01-17T00:52:00,STEAM_TEMP_01,287.9859
2024-01-17T00:53:00,CORE_FLUX_01,2270026126572.9697
2024-01-17T00:53:00,CORE_FUEL_01,978.3101
2024-01-17T00:53:00,CORE_ROD_01,41.2479
2024-01-17T00:53:00,STEAM_PRES_01,73.1175
2024-01-17T00:53:00,STEAM_FEED_01,267.0809
2024-01-17T00:53:00,STEAM_TEMP_01,289.171
2024-01-17T00:54:00,CORE_FLUX_01,2340312093404.985
2024-01-17T00:54:00,CORE_FUEL_01,972.45
2024-01-17T00:54:00,CORE_ROD_01,42.5116
2024-01-17T00:54:00,CORE_EXIT_01,351.455
2024-01-17T00:54:00,STEAM_PRES_01,73.0185
2024-01-17T00:54:00,STEAM_FEED_01,272.2396
2024-01-17T00:54:00,STEAM_DELTA_01,33.0339
2024-01-17T00:54:00,STEAM_TEMP_01,289.4467
2024-01-17T00:55:00,CORE_FLUX_01,2274052221407.1543
2024-01-17T00:55:00,CORE_FUEL_01,978.9463
2024-01-17T00:55:00,CORE_ROD_01,41.8715
2024-01-17T00:55:00,STEAM_PRES_01,72.9891
2024-01-17T00:55:00,STEAM_FEED_01,268.225
2024-01-17T00:55:00,STEAM_TEMP_01,288.914
2024-01-17T00:56:00,CORE_FLUX_01,2243017219834.4546
2024-01-17T00:56:00,CORE_FUEL_01,987.5307
2024-01-17T00:56:00,CORE_ROD_01,40.7558
2024-01-17T00:56:00,CORE_EXIT_01,352.9392
2024-01-17T00:56:00,STEAM_PRES_01,72.6835
2024-01-17T00:56:00,STEAM_FEED_01,269.2085
2024-01-17T00:56:00,STEAM_DELTA_01,32.7904
2024-01-17T00:56:00,STEAM_TEMP_01,289.2235
2024-01-17T00:57:00,CORE_FLUX_01,2305834910600.005
2024-01-17T00:57:00,CORE_FUEL_01,994.2958
2024-01-17T00:57:00,CORE_ROD_01,39.1777
2024-01-17T00:57:00,STEAM_PRES_01,72.7881
2024-01-17T00:57:00,STEAM_FEED_01,268.1003
2024-01-17T00:57:00,STEAM_TEMP_01,288.5344
2024-01-17T00:58:00,CORE_FLUX_01,2283826612656.841
2024-01-17T00:58:00,CORE_FUEL_01,988.6203
2024-01-17T00:58:00,CORE_ROD_01,41.5761
2024-01-17T00:58:00,CORE_EXIT_01,350.7573
2024-01-17T00:58:00,STEAM_PRES_01,73.0609
2024-01-17T00:58:00,STEAM_FEED_01,270.5292
2024-01-17T00:58:00,STEAM_DELTA_01,33.0618
2024-01-17T00:58:00,STEAM_TEMP_01,289.5105
2024-01-17T00:59:00,CORE_FLUX_01,2333109886892.5713
2024-01-17T00:59:00,CORE_FUEL_01,987.5086
2024-01-17T00:59:00,CORE_ROD_01,39.7187
2024-01-17T00:59:00,STEAM_PRES_01,72.8429
2024-01-17T00:59:00,STEAM_FEED_01,265.9872
2024-01-17T00:59:00,STEAM_TEMP_01,287.912
2024-01-17T01:00:00,CORE_FLUX_01,2327975024852.492
2024-01-17T01:00:00,CORE_FUEL_01,1000.4716
2024-01-17T01:00:00,CORE_ROD_01,40.1343
2024-01-17T01:00:00,CORE_EXIT_01,350.7498
2024-01-17T01:00:00,STEAM_PRES_01,72.8023
2024-01-17T01:00:00,STEAM_FEED_01,269.9654
2024-01-17T01:00:00,STEAM_DELTA_01,32.8802
2024-01-17T01:00:00,STEAM_TEMP_01,288.7238
2024-01-17T01:01:00,CORE_FLUX_01,2327143394639.7993
2024-01-17T01:01:00,CORE_FUEL_01,993.4554
2024-01-17T01:01:00,CORE_ROD_01,42.6011
2024-01-17T01:01:00,STEAM_PRES_01,73.1596
2024-01-17T01:01:00,STEAM_FEED_01,271.0212
2024-01-17T01:01:00,STEAM_TEMP_01,288.5826
2024-01-17T01:02:00,CORE_FLUX_01,2278918447241.13
2024-01-17T01:02:00,CORE_FUEL_01,990.943
2024-01-17T01:02:00,CORE_ROD_01,40.9207
2024-01-17T01:02:00,CORE_EXIT_01,349.6942
2024-01-17T01:02:00,STEAM_PRES_01,72.6944
2024-01-17T01:02:00,STEAM_FEED_01,269.2725
2024-01-17T01:02:00,STEAM_DELTA_01,32.7632
2024-01-17T01:02:00,STEAM_TEMP_01,288.1723
2024-01-17T01:03:00,CORE_FLUX_01,2335820860987.0435
2024-01-17T01:03:00,CORE_FUEL_01,984.2077
2024-01-17T01:03:00,CORE_ROD_01,41.5216
2024-01-17T01:03:00,STEAM_PRES_01,72.8328
2024-01-17T01:03:00,STEAM_FEED_01,268.7339
2024-01-17T01:03:00,STEAM_TEMP_01,288.4281
2024-01-17T01:04:00,CORE_FLUX_01,2278884388532.784
2024-01-17T01:04:00,CORE_FUEL_01,998.1693
2024-01-17T01:04:00,CORE_ROD_01,40.8971
2024-01-17T01:04:00,CORE_EXIT_01,351.2584
2024-01-17T01:04:00,STEAM_PRES_01,72.773
2024-01-17T01:04:00,STEAM_FEED_01,268.0352
2024-01-17T01:04:00,STEAM_DELTA_01,32.827
2024-01-17T01:04:00,STEAM_TEMP_01,288.3557
2024-01-17T01:05:00,CORE_FLUX_01,2267953131556.1
2024-01-17T01:05:00,CORE_FUEL_01,994.7837
2024-01-17T01:05:00,CORE_ROD_01,42.1126
2024-01-17T01:05:00,STEAM_PRES_01,72.6392
2024-01-17T01:05:00,STEAM_FEED_01,268.2124
2024-01-17T01:05:00,STEAM_TEMP_01,288.2721
2024-01-17T01:06:00,CORE_FLUX_01,2313211656460.964
2024-01-17T01:06:00,CORE_FUEL_01,992.2262
2024-01-17T01:06:00,CORE_ROD_01,40.4088
2024-01-17T01:06:00,CORE_EXIT_01,352.2985
2024-01-17T01:06:00,STEAM_PRES_01,73.0789
2024-01-17T01:06:00,STEAM_FEED_01,270.1573
2024-01-17T01:06:00,STEAM_DELTA_01,32.8904
2024-01-17T01:06:00,STEAM_TEMP_01,288.2345
2024-01-17T01:07:00,CORE_FLUX_01,2310824910966.349
2024-01-17T01:07:00,CORE_FUEL_01,979.6122
2024-01-17T01:07:00,CORE_ROD_01,40.641
2024-01-17T01:07:00,STEAM_PRES_01,73.1299
2024-01-17T01:07:00,STEAM_FEED_01,269.6991
2024-01-17T01:07:00,STEAM_TEMP_01,288.4794
2024-01-17T01:08:00,CORE_FLUX_01,2319359312349.435
2024-01-17T01:08:00,CORE_FUEL_01,994.4468
2024-01-17T01:08:00,CORE_ROD_01,38.9051
2024-01-17T01:08:00,CORE_EXIT_01,352.8705
2024-01-17T01:08:00,STEAM_PRES_01,72.8002
2024-01-17T01:08:00,STEAM_FEED_01,272.0766
2024-01-17T01:08:00,STEAM_DELTA_01,32.9237
2024-01-17T01:08:00,STEAM_TEMP_01,288.4317
2024-01-17T01:09:00,CORE_FLUX_01,2262762273903.962
2024-01-17T01:09:00,CORE_FUEL_01,975.883
2024-01-17T01:09:00,CORE_ROD_01,40.8378
2024-01-17T01:09:00,STEAM_PRES_01,73.0508
2024-01-17T01:09:00,STEAM_FEED_01,271.0925
2024-01-17T01:09:00,STEAM_TEMP_01,289.5281
2024-01-17T01:10:00,CORE_FLUX_01,2296848394146.481
2024-01-17T01:10:00,CORE_FUEL_01,972.2484
2024-01-17T01:10:00,CORE_ROD_01,41.7968
2024-01-17T01:10:00,CORE_EXIT_01,351.6235
2024-01-17T01:10:00,STEAM_PRES_01,72.8553
2024-01-17T01:10:00,STEAM_FEED_01,271.2602
2024-01-17T01:10:00,STEAM_DELTA_01,32.7411
2024-01-17T01:10:00,STEAM_TEMP_01,288.0868
2024-01-17T01:11:00,CORE_FLUX_01,2291621349736.925
2024-01-17T01:11:00,CORE_FUEL_01,997.0371
2024-01-17T01:11:00,CORE_ROD_01,40.6185
2024-01-17T01:11:00,STEAM_PRES_01,72.9741
2024-01-17T01:11:00,STEAM_FEED_01,273.8236
2024-01-17T01:11:00,STEAM_TEMP_01,288.6631
2024-01-17T01:12:00,CORE_FLUX_01,2268052983383.4863
2024-01-17T01:12:00,CORE_FUEL_01,966.5693
2024-01-17T01:12:00,CORE_ROD_01,39.893
2024-01-17T01:12:00,CORE_EXIT_01,352.5082
2024-01-17T01:12:00,STEAM_PRES_01,73.0943
2024-01-17T01:12:00,STEAM_FEED_01,267.6401
2024-01-17T01:12:00,STEAM_DELTA_01,32.9479
2024-01-17T01:12:00,STEAM_TEMP_01,288.415
2024-01-17T01:13:00,CORE_FLUX_01,2288293122492.664
2024-01-17T01:13:00,CORE_FUEL_01,975.7575
2024-01-17T01:13:00,CORE_ROD_01,39.7286
2024-01-17T01:13:00,STEAM_PRES_01,73.1054
2024-01-17T01:13:00,STEAM_FEED_01,269.091
2024-01-17T01:13:00,STEAM_TEMP_01,287.9617
2024-01-17T01:14:00,CORE_FLUX_01,2300013215162.6753
2024-01-17T01:14:00,CORE_FUEL_01,982.7562
2024-01-17T01:14:00,CORE_ROD_01,41.063
2024-01-17T01:14:00,CORE_EXIT_01,353.7225
2024-01-17T01:14:00,STEAM_PRES_01,72.7607
2024-01-17T01:14:00,STEAM_FEED_01,267.2648
2024-01-17T01:14:00,STEAM_DELTA_01,32.692
2024-01-17T01:14:00,STEAM_TEMP_01,287.6816
2024-01-17T01:15:00,CORE_FLUX_01,2291331035371.943
2024-01-17T01:15:00,CORE_FUEL_01,976.8176
2024-01-17T01:15:00,CORE_ROD_01,40.295
2024-01-17T01:15:00,STEAM_PRES_01,72.9156
2024-01-17T01:15:00,STEAM_FEED_01,268.7624
2024-01-17T01:15:00,STEAM_TEMP_01,288.1504
2024-01-17T01:16:00,CORE_FLUX_01,2372661259606.4697
2024-01-17T01:16:00,CORE_FUEL_01,992.1858
2024-01-17T01:16:00,CORE_ROD_01,41.4389
2024-01-17T01:16:00,CORE_EXIT_01,351.4305
2024-01-17T01:16:00,STEAM_PRES_01,73.3007
2024-01-17T01:16:00,STEAM_FEED_01,270.7428
2024-01-17T01:16:00,STEAM_DELTA_01,33.0285
2024-01-17T01:16:00,STEAM_TEMP_01,288.5342
2024-01-17T01:17:00,CORE_FLUX_01,2320695252908.9043
2024-01-17T01:17:00,CORE_FUEL_01,966.4269
2024-01-17T01:17:00,CORE_ROD_01,40.6753
2024-01-17T01:17:00,STEAM_PRES_01,73.2235
2024-01-17T01:17:00,STEAM_FEED_01,269.4589
2024-01-17T01:17:00,STEAM_TEMP_01,288.3853
2024-01-17T01:18:00,CORE_FLUX_01,2284098019847.3496
2024-01-17T01:18:00,CORE_FUEL_01,990.3799
2024-01-17T01:18:00,CORE_ROD_01,39.818
2024-01-17T01:18:00,CORE_EXIT_01,352.1855
2024-01-17T01:18:00,STEAM_PRES_01,73.0686
2024-01-17T01:18:00,STEAM_FEED_01,271.8435
2024-01-17T01:18:00,STEAM_DELTA_01,33.2953
2024-01-17T01:18:00,STEAM_TEMP_01,289.1183
2024-01-17T01:19:00,CORE_FLUX_01,2305907543806.6094
2024-01-17T01:19:00,CORE_FUEL_01,986.0436
2024-01-17T01:19:00,CORE_ROD_01,41.37
2024-01-17T01:19:00,STEAM_PRES_01,73.3195
2024-01-17T01:19:00,STEAM_FEED_01,274.4452
2024-01-17T01:19:00,STEAM_TEMP_01,288.5669
2024-01-17T01:20:00,CORE_FLUX_01,2314529977582.6787
2024-01-17T01:20:00,CORE_FUEL_01,982.9184
2024-01-17T01:20:00,CORE_ROD_01,41.3025
2024-01-17T01:20:00,CORE_EXIT_01,350.67
2024-01-17T01:20:00,STEAM_PRES_01,72.8229
2024-01-17T01:20:00,STEAM_FEED_01,266.9964
2024-01-17T01:20:00,STEAM_DELTA_01,32.5836
2024-01-17T01:20:00,STEAM_TEMP_01,287.4659
2024-01-17T01:21:00,CORE_FLUX_01,2301024623957.2837
2024-01-17T01:21:00,CORE_FUEL_01,983.9927
2024-01-17T01:21:00,CORE_ROD_01,40.5582
2024-01-17T01:21:00,STEAM_PRES_01,72.7903
2024-01-17T01:21:00,STEAM_FEED_01,272.586
2024-01-17T01:21:00,STEAM_TEMP_01,288.6218
2024-01-17T01:22:00,CORE_FLUX_01,2222218539964.436
2024-01-17T01:22:00,CORE_FUEL_01,999.9739
2024-01-17T01:22:00,CORE_ROD_01,42.3161
2024-01-17T01:22:00,CORE_EXIT_01,351.5296
2024-01-17T01:22:00,STEAM_PRES_01,73.1139
2024-01-17T01:22:00,STEAM_FEED_01,269.2877
2024-01-17T01:22:00,STEAM_DELTA_01,33.193
2024-01-17T01:22:00,STEAM_TEMP_01,288.9202
2024-01-17T01:23:00,CORE_FLUX_01,2264931938700.6367
2024-01-17T01:23:00,CORE_FUEL_01,995.6456
2024-01-17T01:23:00,CORE_ROD_01,40.909
2024-01-17T01:23:00,STEAM_PRES_01,73.0429
2024-01-17T01:23:00,STEAM_FEED_01,273.4514
2024-01-17T01:23:00,STEAM_TEMP_01,289.2085
2024-01-17T01:24:00,CORE_FLUX_01,2313575087784.382
2024-01-17T01:24:00,CORE_FUEL_01,985.8433
2024-01-17T01:24:00,CORE_ROD_01,41.7014
2024-01-17T01:24:00,CORE_EXIT_01,354.3033
2024-01-17T01:24:00,STEAM_PRES_01,73.1558
2024-01-17T01:24:00,STEAM_FEED_01,271.1476
2024-01-17T01:24:00,STEAM_DELTA_01,32.8609
2024-01-17T01:24:00,STEAM_TEMP_01,288.1794
2024-01-17T01:25:00,CORE_FLUX_01,2334384879541.541
2024-01-17T01:25:00,CORE_FUEL_01,984.1589
2024-01-17T01:25:00,CORE_ROD_01,43.0592
2024-01-17T01:25:00,STEAM_PRES_01,73.2135
2024-01-17T01:25:00,STEAM_FEED_01,271.898
2024-01-17T01:25:00,STEAM_TEMP_01,289.0196
2024-01-17T01:26:00,CORE_FLUX_01,2350914439045.624
2024-01-17T01:26:00,CORE_FUEL_01,998.6385
2024-01-17T01:26:00,CORE_ROD_01,40.3815
2024-01-17T01:26:00,CORE_EXIT_01,350.8873
2024-01-17T01:26:00,STEAM_PRES_01,72.5383
2024-01-17T01:26:00,STEAM_FEED_01,266.8674
2024-01-17T01:26:00,STEAM_DELTA_01,32.4739
2024-01-17T01:26:00,STEAM_TEMP_01,287.5688
2024-01-17T01:27:00,CORE_FLUX_01,2345668717560.722
2024-01-17T01:27:00,CORE_FUEL_01,985.2006
2024-01-17T01:27:00,CORE_ROD_01,43.2906
2024-01-17T01:27:00,STEAM_PRES_01,72.9921
2024-01-17T01:27:00,STEAM_FEED_01,266.9885
2024-01-17T01:27:00,STEAM_TEMP_01,288.8974
2024-01-17T01:28:00,CORE_FLUX_01,2334887746798.9243
2024-01-17T01:28:00,CORE_FUEL_01,993.0463
2024-01-17T01:28:00,CORE_ROD_01,39.3898
2024-01-17T01:28:00,CORE_EXIT_01,351.2483
2024-01-17T01:28:00,STEAM_PRES_01,72.8433
2024-01-17T01:28:00,STEAM_FEED_01,270.226
2024-01-17T01:28:00,STEAM_DELTA_01,32.9176
2024-01-17T01:28:00,STEAM_TEMP_01,289.1031
2024-01-17T01:29:00,CORE_FLUX_01,2259972570061.0723
2024-01-17T01:29:00,CORE_FUEL_01,976.8366
2024-01-17T01:29:00,CORE_ROD_01,40.9821
2024-01-17T01:29:00,STEAM_PRES_01,72.8529
2024-01-17T01:29:00,STEAM_FEED_01,268.1125
2024-01-17T01:29:00,STEAM_TEMP_01,288.32
2024-01-17T01:30:00,CORE_FLUX_01,2306700290016.814
2024-01-17T01:30:00,CORE_FUEL_01,990.8176
2024-01-17T01:30:00,CORE_ROD_01,40.0691
2024-01-17T01:30:00,CORE_EXIT_01,351.4593
2024-01-17T01:30:00,STEAM_PRES_01,73.0344
2024-01-17T01:30:00,STEAM_FEED_01,268.1773
2024-01-17T01:30:00,STEAM_DELTA_01,32.8521
2024-01-17T01:30:00,STEAM_TEMP_01,287.9629
2024-01-17T01:31:00,CORE_FLUX_01,2303186682021.2935
2024-01-17T01:31:00,CORE_FUEL_01,992.0094
2024-01-17T01:31:00,CORE_ROD_01,41.7025
2024-01-17T01:31:00,STEAM_PRES_01,72.4369
2024-01-17T01:31:00,STEAM_FEED_01,268.2489
2024-01-17T01:31:00,STEAM_TEMP_01,288.4911
2024-01-17T01:32:00,CORE_FLUX_01,2285919118777.317
2024-01-17T01:32:00,CORE_FUEL_01,995.0527
2024-01-17T01:32:00,CORE_ROD_01,41.1803
2024-01-17T01:32:00,CORE_EXIT_01,350.537
2024-01-17T01:32:00,STEAM_PRES_01,73.0701
2024-01-17T01:32:00,STEAM_FEED_01,268.362
2024-01-17T01:32:00,STEAM_DELTA_01,33.0893
2024-01-17T01:32:00,STEAM_TEMP_01,289.6846
2024-01-17T01:33:00,CORE_FLUX_01,2266108122759.2476
2024-01-17T01:33:00,CORE_FUEL_01,984.3516
2024-01-17T01:33:00,CORE_ROD_01,41.1433
2024-01-17T01:33:00,STEAM_PRES_01,73.1397
2024-01-17T01:33:00,STEAM_FEED_01,273.322
2024-01-17T01:33:00,STEAM_TEMP_01,288.9756
2024-01-17T01:34:00,CORE_FLUX_01,2316936739646.6797
2024-01-17T01:34:00,CORE_FUEL_01,1003.2111
2024-01-17T01:34:00,CORE_ROD_01,39.9914
2024-01-17T01:34:00,CORE_EXIT_01,351.7302
2024-01-17T01:34:00,STEAM_PRES_01,72.6786
2024-01-17T01:34:00,STEAM_FEED_01,265.7647
2024-01-17T01:34:00,STEAM_DELTA_01,32.9929
2024-01-17T01:34:00,STEAM_TEMP_01,289.3378
2024-01-17T01:35:00,CORE_FLUX_01,2356908422682.858
2024-01-17T01:35:00,CORE_FUEL_01,997.6669
2024-01-17T01:35:00,CORE_ROD_01,40.5271
2024-01-17T01:35:00,STEAM_PRES_01,73.1506
2024-01-17T01:35:00,STEAM_FEED_01,271.33
2024-01-17T01:35:00,STEAM_TEMP_01,288.6346
2024-01-17T01:36:00,CORE_FLUX_01,2274973667812.6035
2024-01-17T01:36:00,CORE_FUEL_01,978.544
2024-01-17T01:36:00,CORE_ROD_01,40.7606
2024-01-17T01:36:00,CORE_EXIT_01,352.3512
2024-01-17T01:36:00,STEAM_PRES_01,72.9494
2024-01-17T01:36:00,STEAM_FEED_01,269.1975
2024-01-17T01:36:00,STEAM_DELTA_01,33.1732
2024-01-17T01:36:00,STEAM_TEMP_01,288.7575
2024-01-17T01:37:00,CORE_FLUX_01,2270951835690.5444
2024-01-17T01:37:00,CORE_FUEL_01,975.3547
2024-01-17T01:37:00,CORE_ROD_01,41.3181
2024-01-17T01:37:00,STEAM_PRES_01,72.8561
2024-01-17T01:37:00,STEAM_FEED_01,268.9268
2024-01-17T01:37:00,STEAM_TEMP_01,288.4939
2024-01-17T01:38:00,CORE_FLUX_01,2288653716751.788
2024-01-17T01:38:00,CORE_FUEL_01,995.4618
2024-01-17T01:38:00,CORE_ROD_01,40.4491
2024-01-17T01:38:00,CORE_EXIT_01,349.9048
2024-01-17T01:38:00,STEAM_PRES_01,72.7734
2024-01-17T01:38:00,STEAM_FEED_01,270.5528
2024-01-17T01:38:00,STEAM_DELTA_01,32.9346
2024-01-17T01:38:00,STEAM_TEMP_01,288.1462
2024-01-17T01:39:00,CORE_FLUX_01,2315134748438.828
2024-01-17T01:39:00,CORE_FUEL_01,979.3321
2024-01-17T01:39:00,CORE_ROD_01,42.0313
2024-01-17T01:39:00,STEAM_PRES_01,72.9209
2024-01-17T01:39:00,STEAM_FEED_01,269.3587
2024-01-17T01:39:00,STEAM_TEMP_01,289.4443
2024-01-17T01:40:00,CORE_FLUX_01,2284900357662.6836
2024-01-17T01:40:00,CORE_FUEL_01,996.3353
2024-01-17T01:40:00,CORE_ROD_01,39.9303
2024-01-17T01:40:00,CORE_EXIT_01,350.9299
2024-01-17T01:40:00,STEAM_PRES_01,73.2767
2024-01-17T01:40:00,STEAM_FEED_01,268.5585
2024-01-17T01:40:00,STEAM_DELTA_01,33.3329
2024-01-17T01:40:00,STEAM_TEMP_01,288.9137
2024-01-17T01:41:00,CORE_FLUX_01,2264312383803.287
2024-01-17T01:41:00,CORE_FUEL_01,981.7107
2024-01-17T01:41:00,CORE_ROD_01,40.4829
2024-01-17T01:41:00,STEAM_PRES_01,72.8949
2024-01-17T01:41:00,STEAM_FEED_01,272.7019
2024-01-17T01:41:00,STEAM_TEMP_01,289.0741
2024-01-17T01:42:00,CORE_FLUX_01,2292357871670.661
2024-01-17T01:42:00,CORE_FUEL_01,998.8448
2024-01-17T01:42:00,CORE_ROD_01,41.1922
2024-01-17T01:42:00,CORE_EXIT_01,352.981
2024-01-17T01:42:00,STEAM_PRES_01,73.5009
2024-01-17T01:42:00,STEAM_FEED_01,275.6929
2024-01-17T01:42:00,STEAM_DELTA_01,33.1809
2024-01-17T01:42:00,STEAM_TEMP_01,289.9227
2024-01-17T01:43:00,CORE_FLUX_01,2308480866401.0474
2024-01-17T01:43:00,CORE_FUEL_01,992.9651
2024-01-17T01:43:00,CORE_ROD_01,41.4352
2024-01-17T01:43:00,STEAM_PRES_01,73.0348
2024-01-17T01:43:00,STEAM_FEED_01,268.6783
2024-01-17T01:43:00,STEAM_TEMP_01,288.5144
2024-01-17T01:44:00,CORE_FLUX_01,2327778828485.2686
2024-01-17T01:44:00,CORE_FUEL_01,986.9713
2024-01-17T01:44:00,CORE_ROD_01,41.3501
2024-01-17T01:44:00,CORE_EXIT_01,352.5478
2024-01-17T01:44:00,STEAM_PRES_01,73.0415
2024-01-17T01:44:00,STEAM_FEED_01,269.206
2024-01-17T01:44:00,STEAM_DELTA_01,33.389
2024-01-17T01:44:00,STEAM_TEMP_01,289.543
2024-01-17T01:45:00,CORE_FLUX_01,2307712204140.509
2024-01-17T01:45:00,CORE_FUEL_01,994.1326
2024-01-17T01:45:00,CORE_ROD_01,41.1583
2024-01-17T01:45:00,STEAM_PRES_01,72.9625
2024-01-17T01:45:00,STEAM_FEED_01,269.9111
2024-01-17T01:45:00,STEAM_TEMP_01,289.4837
2024-01-17T01:46:00,CORE_FLUX_01,2276873479955.5835
2024-01-17T01:46:00,CORE_FUEL_01,979.677
2024-01-17T01:46:00,CORE_ROD_01,41.2714
2024-01-17T01:46:00,CORE_EXIT_01,351.7455
2024-01-17T01:46:00,STEAM_PRES_01,73.1176
2024-01-17T01:46:00,STEAM_FEED_01,269.4981
2024-01-17T01:46:00,STEAM_DELTA_01,33.2523
2024-01-17T01:46:00,STEAM_TEMP_01,288.687
2024-01-17T01:47:00,CORE_FLUX_01,2292484650407.9746
2024-01-17T01:47:00,CORE_FUEL_01,1003.1149
2024-01-17T01:47:00,CORE_ROD_01,41.5941
2024-01-17T01:47:00,STEAM_PRES_01,73.1556
2024-01-17T01:47:00,STEAM_FEED_01,267.0088
2024-01-17T01:47:00,STEAM_TEMP_01,287.9573
2024-01-17T01:48:00,CORE_FLUX_01,2321266206052.0537
2024-01-17T01:48:00,CORE_FUEL_01,999.54
2024-01-17T01:48:00,CORE_ROD_01,43.5481
2024-01-17T01:48:00,CORE_EXIT_01,351.459
2024-01-17T01:48:00,STEAM_PRES_01,73.0644
2024-01-17T01:48:00,STEAM_FEED_01,270.579
2024-01-17T01:48:00,STEAM_DELTA_01,33.0258
2024-01-17T01:48:00,STEAM_TEMP_01,289.2756
2024-01-17T01:49:00,CORE_FLUX_01,2289183793389.2837
2024-01-17T01:49:00,CORE_FUEL_01,983.1097
2024-01-17T01:49:00,CORE_ROD_01,41.0972
2024-01-17T01:49:00,STEAM_PRES_01,73.3579
2024-01-17T01:49:00,STEAM_FEED_01,270.8307
2024-01-17T01:49:00,STEAM_TEMP_01,289.2653
2024-01-17T01:50:00,CORE_FLUX_01,2256224917108.663
2024-01-17T01:50:00,CORE_FUEL_01,992.6103
2024-01-17T01:50:00,CORE_ROD_01,40.5153
2024-01-17T01:50:00,CORE_EXIT_01,352.0745
2024-01-17T01:50:00,STEAM_PRES_01,72.7789
2024-01-17T01:50:00,STEAM_FEED_01,269.7318
2024-01-17T01:50:00,STEAM_DELTA_01,32.8758
2024-01-17T01:50:00,STEAM_TEMP_01,288.2978
2024-01-17T01:51:00,CORE_FLUX_01,2296701719243.4385
2024-01-17T01:51:00,CORE_FUEL_01,982.2156
2024-01-17T01:51:00,CORE_ROD_01,40.7611
2024-01-17T01:51:00,STEAM_PRES_01,72.8237
2024-01-17T01:51:00,STEAM_FEED_01,268.4344
2024-01-17T01:51:00,STEAM_TEMP_01,288.7129
2024-01-17T01:52:00,CORE_FLUX_01,2267457677688.86
2024-01-17T01:52:00,CORE_FUEL_01,988.0044
2024-01-17T01:52:00,CORE_ROD_01,40.1761
2024-01-17T01:52:00,CORE_EXIT_01,350.4562
2024-01-17T01:52:00,STEAM_PRES_01,72.804
2024-01-17T01:52:00,STEAM_FEED_01,270.639
2024-01-17T01:52:00,STEAM_DELTA_01,33.1261
2024-01-17T01:52:00,STEAM_TEMP_01,289.4731
2024-01-17T01:53:00,CORE_FLUX_01,2326750602955.217
2024-01-17T01:53:00,CORE_FUEL_01,983.9371
2024-01-17T01:53:00,CORE_ROD_01,42.4902
2024-01-17T01:53:00,STEAM_PRES_01,72.9465
2024-01-17T01:53:00,STEAM_FEED_01,268.7587
2024-01-17T01:53:00,STEAM_TEMP_01,289.1699
2024-01-17T01:54:00,CORE_FLUX_01,2278428978578.34
2024-01-17T01:54:00,CORE_FUEL_01,1000.1074
2024-01-17T01:54:00,CORE_ROD_01,42.0505
2024-01-17T01:54:00,CORE_EXIT_01,353.5218
2024-01-17T01:54:00,STEAM_PRES_01,73.1152
2024-01-17T01:54:00,STEAM_FEED_01,270.7955
2024-01-17T01:54:00,STEAM_DELTA_01,32.6239
2024-01-17T01:54:00,STEAM_TEMP_01,289.1221
2024-01-17T01:55:00,CORE_FLUX_01,2299501061380.913
2024-01-17T01:55:00,CORE_FUEL_01,992.7224
2024-01-17T01:55:00,CORE_ROD_01,42.3552
2024-01-17T01:55:00,STEAM_PRES_01,72.8725
2024-01-17T01:55:00,STEAM_FEED_01,270.4428
2024-01-17T01:55:00,STEAM_TEMP_01,289.2887
2024-01-17T01:56:00,CORE_FLUX_01,2312248074750.285
2024-01-17T01:56:00,CORE_FUEL_01,1003.2746
2024-01-17T01:56:00,CORE_ROD_01,39.3859
2024-01-17T01:56:00,CORE_EXIT_01,351.7423
2024-01-17T01:56:00,STEAM_PRES_01,72.9434
2024-01-17T01:56:00,STEAM_FEED_01,267.5927
2024-01-17T01:56:00,STEAM_DELTA_01,32.7051
2024-01-17T01:56:00,STEAM_TEMP_01,288.7134
2024-01-17T01:57:00,CORE_FLUX_01,2275404925076.6333
2024-01-17T01:57:00,CORE_FUEL_01,978.3886
2024-01-17T01:57:00,CORE_ROD_01,41.7899
2024-01-17T01:57:00,STEAM_PRES_01,73.1266
2024-01-17T01:57:00,STEAM_FEED_01,270.0033
2024-01-17T01:57:00,STEAM_TEMP_01,289.36
2024-01-17T01:58:00,CORE_FLUX_01,2260713609362.7334
2024-01-17T01:58:00,CORE_FUEL_01,1005.2705
2024-01-17T01:58:00,CORE_ROD_01,42.1983
2024-01-17T01:58:00,CORE_EXIT_01,352.042
2024-01-17T01:58:00,STEAM_PRES_01,72.9207
2024-01-17T01:58:00,STEAM_FEED_01,269.5212
2024-01-17T01:58:00,STEAM_DELTA_01,33.1276
2024-01-17T01:58:00,STEAM_TEMP_01,289.0872
2024-01-17T01:59:00,CORE_FLUX_01,2292651809438.1846
2024-01-17T01:59:00,CORE_FUEL_01,1004.3234
2024-01-17T01:59:00,CORE_ROD_01,40.8781
2024-01-17T01:59:00,STEAM_PRES_01,73.0033
2024-01-17T01:59:00,STEAM_FEED_01,269.5788
2024-01-17T01:59:00,STEAM_TEMP_01,289.8901
