timestamp,sensor_id,value
2024-01-15T00:00:00,COOLING_TEMP_01,70.4769
2024-01-15T00:00:00,COOLING_PRES_01,9.9715
2024-01-15T00:00:00,COOLING_FLOW_01,249.9667
2024-01-15T00:00:00,COOLING_HEAT_01,20.0311
2024-01-15T00:00:00,PRIMARY_PRES_01,155.1077
2024-01-15T00:00:00,PRIMARY_TEMP_01,299.0119
2024-01-15T00:00:00,PRIMARY_FLOW_01,602.3356
2024-01-15T00:00:00,PRIMARY_LEVEL_01,50.8827
2024-01-15T00:01:00,COOLING_TEMP_01,70.0818
2024-01-15T00:01:00,COOLING_PRES_01,10.0681
2024-01-15T00:01:00,COOLING_FLOW_01,249.3481
2024-01-15T00:01:00,PRIMARY_PRES_01,155.1782
2024-01-15T00:01:00,PRIMARY_TEMP_01,298.2456
2024-01-15T00:01:00,PRIMARY_FLOW_01,598.0386
2024-01-15T00:02:00,COOLING_TEMP_01,69.1142
2024-01-15T00:02:00,COOLING_PRES_01,9.8882
2024-01-15T00:02:00,COOLING_FLOW_01,248.567
2024-01-15T00:02:00,COOLING_HEAT_01,19.9363
2024-01-15T00:02:00,PRIMARY_PRES_01,155.1758
2024-01-15T00:02:00,PRIMARY_TEMP_01,300.9233
2024-01-15T00:02:00,PRIMARY_FLOW_01,599.3268
2024-01-15T00:02:00,PRIMARY_LEVEL_01,50.2799
2024-01-15T00:03:00,COOLING_TEMP_01,69.4436
2024-01-15T00:03:00,COOLING_PRES_01,9.9449
2024-01-15T00:03:00,COOLING_FLOW_01,250.6837
2024-01-15T00:03:00,PRIMARY_PRES_01,155.1901
2024-01-15T00:03:00,PRIMARY_TEMP_01,299.3892
2024-01-15T00:03:00,PRIMARY_FLOW_01,603.6218
2024-01-15T00:04:00,COOLING_TEMP_01,70.7459
2024-01-15T00:04:00,COOLING_PRES_01,9.8729
2024-01-15T00:04:00,COOLING_FLOW_01,245.4961
2024-01-15T00:04:00,COOLING_HEAT_01,20.3679
2024-01-15T00:04:00,PRIMARY_PRES_01,154.9624
2024-01-15T00:04:00,PRIMARY_TEMP_01,297.9286
2024-01-15T00:04:00,PRIMARY_FLOW_01,597.372
2024-01-15T00:04:00,PRIMARY_LEVEL_01,50.8209
2024-01-15T00:05:00,COOLING_TEMP_01,69.4063
2024-01-15T00:05:00,COOLING_PRES_01,9.9759
2024-01-15T00:05:00,COOLING_FLOW_01,246.6374
2024-01-15T00:05:00,PRIMARY_PRES_01,155.236
2024-01-15T00:05:00,PRIMARY_TEMP_01,300.3903
2024-01-15T00:05:00,PRIMARY_FLOW_01,610.575
2024-01-15T00:06:00,COOLING_TEMP_01,69.9251
2024-01-15T00:06:00,COOLING_PRES_01,10.154
2024-01-15T00:06:00,COOLING_FLOW_01,248.6135
2024-01-15T00:06:00,COOLING_HEAT_01,20.5492
2024-01-15T00:06:00,PRIMARY_PRES_01,154.6326
2024-01-15T00:06:00,PRIMARY_TEMP_01,300.9946
2024-01-15T00:06:00,PRIMARY_FLOW_01,600.3595
2024-01-15T00:06:00,PRIMARY_LEVEL_01,50.2843
2024-01-15T00:07:00,COOLING_TEMP_01,69.2171
2024-01-15T00:07:00,COOLING_PRES_01,9.9984
2024-01-15T00:07:00,COOLING_FLOW_01,250.0408
2024-01-15T00:07:00,PRIMARY_PRES_01,154.5481
2024-01-15T00:07:00,PRIMARY_TEMP_01,301.4562
2024-01-15T00:07:00,PRIMARY_FLOW_01,588.1793
2024-01-15T00:08:00,COOLING_TEMP_01,70.2865
2024-01-15T00:08:00,COOLING_PRES_01,10.1478
2024-01-15T00:08:00,COOLING_FLOW_01,245.0409
2024-01-15T00:08:00,COOLING_HEAT_01,19.8779
2024-01-15T00:08:00,PRIMARY_PRES_01,154.7591
2024-01-15T00:08:00,PRIMARY_TEMP_01,301.0428
2024-01-15T00:08:00,PRIMARY_FLOW_01,599.1616
2024-01-15T00:08:00,PRIMARY_LEVEL_01,49.2251
2024-01-15T00:09:00,COOLING_TEMP_01,69.961
2024-01-15T00:09:00,COOLING_PRES_01,9.8618
2024-01-15T00:09:00,COOLING_FLOW_01,246.1052
2024-01-15T00:09:00,PRIMARY_PRES_01,155.0152
2024-01-15T00:09:00,PRIMARY_TEMP_01,302.1134
2024-01-15T00:09:00,PRIMARY_FLOW_01,597.6067
2024-01-15T00:10:00,COOLING_TEMP_01,70.4684
2024-01-15T00:10:00,COOLING_PRES_01,9.9586
2024-01-15T00:10:00,COOLING_FLOW_01,251.4088
2024-01-15T00:10:00,COOLING_HEAT_01,19.7536
2024-01-15T00:10:00,PRIMARY_PRES_01,155.3787
2024-01-15T00:10:00,PRIMARY_TEMP_01,298.067
2024-01-15T00:10:00,PRIMARY_FLOW_01,599.3531
2024-01-15T00:10:00,PRIMARY_LEVEL_01,49.2426
2024-01-15T00:11:00,COOLING_TEMP_01,70.7697
2024-01-15T00:11:00,COOLING_PRES_01,10.0359
2024-01-15T00:11:00,COOLING_FLOW_01,248.4277
2024-01-15T00:11:00,PRIMARY_PRES_01,155.0809
2024-01-15T00:11:00,PRIMARY_TEMP_01,300.1083
2024-01-15T00:11:00,PRIMARY_FLOW_01,600.6865
2024-01-15T00:12:00,COOLING_TEMP_01,70.388
2024-01-15T00:12:00,COOLING_PRES_01,10.0168
2024-01-15T00:12:00,COOLING_FLOW_01,245.0762
2024-01-15T00:12:00,COOLING_HEAT_01,19.684
2024-01-15T00:12:00,PRIMARY_PRES_01,155.1771
2024-01-15T00:12:00,PRIMARY_TEMP_01,301.8146
2024-01-15T00:12:00,PRIMARY_FLOW_01,601.3081
2024-01-15T00:12:00,PRIMARY_LEVEL_01,50.7105
2024-01-15T00:13:00,COOLING_TEMP_01,71.5526
2024-01-15T00:13:00,COOLING_PRES_01,10.0662
2024-01-15T00:13:00,COOLING_FLOW_01,249.7063
2024-01-15T00:13:00,PRIMARY_PRES_01,155.0419
2024-01-15T00:13:00,PRIMARY_TEMP_01,300.2091
2024-01-15T00:13:00,PRIMARY_FLOW_01,605.5722
2024-01-15T00:14:00,COOLING_TEMP_01,69.5297
2024-01-15T00:14:00,COOLING_PRES_01,9.707
2024-01-15T00:14:00,COOLING_FLOW_01,248.6926
2024-01-15T00:14:00,COOLING_HEAT_01,20.0404
2024-01-15T00:14:00,PRIMARY_PRES_01,154.7572
2024-01-15T00:14:00,PRIMARY_TEMP_01,301.2429
2024-01-15T00:14:00,PRIMARY_FLOW_01,599.4571
2024-01-15T00:14:00,PRIMARY_LEVEL_01,51.0104
2024-01-15T00:15:00,COOLING_TEMP_01,69.9956
2024-01-15T00:15:00,COOLING_PRES_01,9.8881
2024-01-15T00:15:00,COOLING_FLOW_01,253.2062
2024-01-15T00:15:00,PRIMARY_PRES_01,155.33
2024-01-15T00:15:00,PRIMARY_TEMP_01,301.1905
2024-01-15T00:15:00,PRIMARY_FLOW_01,609.2141
2024-01-15T00:16:00,COOLING_TEMP_01,71.6595
2024-01-15T00:16:00,COOLING_PRES_01,10.1606
2024-01-15T00:16:00,COOLING_FLOW_01,252.8137
2024-01-15T00:16:00,COOLING_HEAT_01,19.9585
2024-01-15T00:16:00,PRIMARY_PRES_01,154.8156
2024-01-15T00:16:00,PRIMARY_TEMP_01,297.7333
2024-01-15T00:16:00,PRIMARY_FLOW_01,604.5416
2024-01-15T00:16:00,PRIMARY_LEVEL_01,50.5856
2024-01-15T00:17:00,COOLING_TEMP_01,70.6221
2024-01-15T00:17:00,COOLING_PRES_01,10.0608
2024-01-15T00:17:00,COOLING_FLOW_01,253.3851
2024-01-15T00:17:00,PRIMARY_PRES_01,154.6959
2024-01-15T00:17:00,PRIMARY_TEMP_01,298.168
2024-01-15T00:17:00,PRIMARY_FLOW_01,603.0323
2024-01-15T00:18:00,COOLING_TEMP_01,69.4641
2024-01-15T00:18:00,COOLING_PRES_01,10.1286
2024-01-15T00:18:00,COOLING_FLOW_01,253.5981
2024-01-15T00:18:00,COOLING_HEAT_01,20.0262
2024-01-15T00:18:00,PRIMARY_PRES_01,155.7485
2024-01-15T00:18:00,PRIMARY_TEMP_01,299.8747
2024-01-15T00:18:00,PRIMARY_FLOW_01,596.6642
2024-01-15T00:18:00,PRIMARY_LEVEL_01,50.612
2024-01-15T00:19:00,COOLING_TEMP_01,70.3613
2024-01-15T00:19:00,COOLING_PRES_01,9.9194
2024-01-15T00:19:00,COOLING_FLOW_01,252.3876
2024-01-15T00:19:00,PRIMARY_PRES_01,155.5123
2024-01-15T00:19:00,PRIMARY_TEMP_01,301.1035
2024-01-15T00:19:00,PRIMARY_FLOW_01,593.9824
2024-01-15T00:20:00,COOLING_TEMP_01,70.3204
2024-01-15T00:20:00,COOLING_PRES_01,10.0033
2024-01-15T00:20:00,COOLING_FLOW_01,254.3021
2024-01-15T00:20:00,COOLING_HEAT_01,20.3702
2024-01-15T00:20:00,PRIMARY_PRES_01,155.77
2024-01-15T00:20:00,PRIMARY_TEMP_01,301.0749
2024-01-15T00:20:00,PRIMARY_FLOW_01,611.2531
2024-01-15T00:20:00,PRIMARY_LEVEL_01,49.4786
2024-01-15T00:21:00,COOLING_TEMP_01,70.2951
2024-01-15T00:21:00,COOLING_PRES_01,10.045
2024-01-15T00:21:00,COOLING_FLOW_01,248.3153
2024-01-15T00:21:00,PRIMARY_PRES_01,154.5711
2024-01-15T00:21:00,PRIMARY_TEMP_01,298.6507
2024-01-15T00:21:00,PRIMARY_FLOW_01,605.0084
2024-01-15T00:22:00,COOLING_TEMP_01,71.0106
2024-01-15T00:22:00,COOLING_PRES_01,9.8645
2024-01-15T00:22:00,COOLING_FLOW_01,249.8444
2024-01-15T00:22:00,COOLING_HEAT_01,19.8173
2024-01-15T00:22:00,PRIMARY_PRES_01,155.7034
2024-01-15T00:22:00,PRIMARY_TEMP_01,298.091
2024-01-15T00:22:00,PRIMARY_FLOW_01,611.3113
2024-01-15T00:22:00,PRIMARY_LEVEL_01,49.8804
2024-01-15T00:23:00,COOLING_TEMP_01,69.9562
2024-01-15T00:23:00,COOLING_PRES_01,9.9312
2024-01-15T00:23:00,COOLING_FLOW_01,248.7763
2024-01-15T00:23:00,PRIMARY_PRES_01,154.8772
2024-01-15T00:23:00,PRIMARY_TEMP_01,300.2515
2024-01-15T00:23:00,PRIMARY_FLOW_01,602.1218
2024-01-15T00:24:00,COOLING_TEMP_01,70.626
2024-01-15T00:24:00,COOLING_PRES_01,9.9595
2024-01-15T00:24:00,COOLING_FLOW_01,252.0584
2024-01-15T00:24:00,COOLING_HEAT_01,20.2115
2024-01-15T00:24:00,PRIMARY_PRES_01,154.8998
2024-01-15T00:24:00,PRIMARY_TEMP_01,300.2775
2024-01-15T00:24:00,PRIMARY_FLOW_01,603.2831
2024-01-15T00:24:00,PRIMARY_LEVEL_01,50.7405
2024-01-15T00:25:00,COOLING_TEMP_01,70.8728
2024-01-15T00:25:00,COOLING_PRES_01,9.7585
2024-01-15T00:25:00,COOLING_FLOW_01,251.4465
2024-01-15T00:25:00,PRIMARY_PRES_01,155.2474
2024-01-15T00:25:00,PRIMARY_TEMP_01,301.3108
2024-01-15T00:25:00,PRIMARY_FLOW_01,601.3482
2024-01-15T00:26:00,COOLING_TEMP_01,70.1525
2024-01-15T00:26:00,COOLING_PRES_01,9.9571
2024-01-15T00:26:00,COOLING_FLOW_01,251.1786
2024-01-15T00:26:00,COOLING_HEAT_01,19.813
2024-01-15T00:26:00,PRIMARY_PRES_01,154.7386
2024-01-15T00:26:00,PRIMARY_TEMP_01,302.8262
2024-01-15T00:26:00,PRIMARY_FLOW_01,602.1461
2024-01-15T00:26:00,PRIMARY_LEVEL_01,50.1671
2024-01-15T00:27:00,COOLING_TEMP_01,70.6647
2024-01-15T00:27:00,COOLING_PRES_01,10.1798
2024-01-15T00:27:00,COOLING_FLOW_01,246.3954
2024-01-15T00:27:00,PRIMARY_PRES_01,155.002
2024-01-15T00:27:00,PRIMARY_TEMP_01,300.4176
2024-01-15T00:27:00,PRIMARY_FLOW_01,606.8135
2024-01-15T00:28:00,COOLING_TEMP_01,69.9582
2024-01-15T00:28:00,COOLING_PRES_01,9.8918
2024-01-15T00:28:00,COOLING_FLOW_01,247.9488
2024-01-15T00:28:00,COOLING_HEAT_01,19.441
2024-01-15T00:28:00,PRIMARY_PRES_01,154.7766
2024-01-15T00:28:00,PRIMARY_TEMP_01,299.0176
2024-01-15T00:28:00,PRIMARY_FLOW_01,582.8639
2024-01-15T00:28:00,PRIMARY_LEVEL_01,50.4444
2024-01-15T00:29:00,COOLING_TEMP_01,69.7696
2024-01-15T00:29:00,COOLING_PRES_01,9.9719
2024-01-15T00:29:00,COOLING_FLOW_01,249.2551
2024-01-15T00:29:00,PRIMARY_PRES_01,154.7343
2024-01-15T00:29:00,PRIMARY_TEMP_01,300.7759
2024-01-15T00:29:00,PRIMARY_FLOW_01,599.8121
2024-01-15T00:30:00,COOLING_TEMP_01,71.158
2024-01-15T00:30:00,COOLING_PRES_01,10.1173
2024-01-15T00:30:00,COOLING_FLOW_01,242.6563
2024-01-15T00:30:00,COOLING_HEAT_01,20.4395
2024-01-15T00:30:00,PRIMARY_PRES_01,155.0719
2024-01-15T00:30:00,PRIMARY_TEMP_01,297.8802
2024-01-15T00:30:00,PRIMARY_FLOW_01,601.7672
2024-01-15T00:30:00,PRIMARY_LEVEL_01,50.5739
2024-01-15T00:31:00,COOLING_TEMP_01,69.6817
2024-01-15T00:31:00,COOLING_PRES_01,10.0713
2024-01-15T00:31:00,COOLING_FLOW_01,248.8931
2024-01-15T00:31:00,PRIMARY_PRES_01,155.0932
2024-01-15T00:31:00,PRIMARY_TEMP_01,299.96
2024-01-15T00:31:00,PRIMARY_FLOW_01,608.5201
2024-01-15T00:32:00,COOLING_TEMP_01,69.7916
2024-01-15T00:32:00,COOLING_PRES_01,10.1612
2024-01-15T00:32:00,COOLING_FLOW_01,251.493
2024-01-15T00:32:00,COOLING_HEAT_01,20.1994
2024-01-15T00:32:00,PRIMARY_PRES_01,155.1689
2024-01-15T00:32:00,PRIMARY_TEMP_01,302.4229
2024-01-15T00:32:00,PRIMARY_FLOW_01,598.2908
2024-01-15T00:32:00,PRIMARY_LEVEL_01,49.8993
2024-01-15T00:33:00,COOLING_TEMP_01,70.3374
2024-01-15T00:33:00,COOLING_PRES_01,10.0689
2024-01-15T00:33:00,COOLING_FLOW_01,252.6671
2024-01-15T00:33:00,PRIMARY_PRES_01,154.8136
2024-01-15T00:33:00,PRIMARY_TEMP_01,300.2026
2024-01-15T00:33:00,PRIMARY_FLOW_01,604.6028
2024-01-15T00:34:00,COOLING_TEMP_01,69.0623
2024-01-15T00:34:00,COOLING_PRES_01,9.9084
2024-01-15T00:34:00,COOLING_FLOW_01,245.598
2024-01-15T00:34:00,COOLING_HEAT_01,20.5649
2024-01-15T00:34:00,PRIMARY_PRES_01,155.5402
2024-01-15T00:34:00,PRIMARY_TEMP_01,300.7471
2024-01-15T00:34:00,PRIMARY_FLOW_01,599.3522
2024-01-15T00:34:00,PRIMARY_LEVEL_01,49.4907
2024-01-15T00:35:00,COOLING_TEMP_01,69.9472
2024-01-15T00:35:00,COOLING_PRES_01,9.9636
2024-01-15T00:35:00,COOLING_FLOW_01,249.1911
2024-01-15T00:35:00,PRIMARY_PRES_01,155.2198
2024-01-15T00:35:00,PRIMARY_TEMP_01,299.5685
2024-01-15T00:35:00,PRIMARY_FLOW_01,601.7448
2024-01-15T00:36:00,COOLING_TEMP_01,70.9368
2024-01-15T00:36:00,COOLING_PRES_01,10.0736
2024-01-15T00:36:00,COOLING_FLOW_01,248.7768
2024-01-15T00:36:00,COOLING_HEAT_01,19.7561
2024-01-15T00:36:00,PRIMARY_PRES_01,154.8833
2024-01-15T00:36:00,PRIMARY_TEMP_01,300.1514
2024-01-15T00:36:00,PRIMARY_FLOW_01,602.0813
2024-01-15T00:36:00,PRIMARY_LEVEL_01,50.1799
2024-01-15T00:37:00,COOLING_TEMP_01,70.5317
2024-01-15T00:37:00,COOLING_PRES_01,9.7359
2024-01-15T00:37:00,COOLING_FLOW_01,252.6638
2024-01-15T00:37:00,PRIMARY_PRES_01,155.1037
2024-01-15T00:37:00,PRIMARY_TEMP_01,300.3061
2024-01-15T00:37:00,PRIMARY_FLOW_01,598.5827
2024-01-15T00:38:00,COOLING_TEMP_01,69.7154
2024-01-15T00:38:00,COOLING_PRES_01,10.0923
2024-01-15T00:38:00,COOLING_FLOW_01,250.5678
2024-01-15T00:38:00,COOLING_HEAT_01,20.13
2024-01-15T00:38:00,PRIMARY_PRES_01,154.4852
2024-01-15T00:38:00,PRIMARY_TEMP_01,301.7622
2024-01-15T00:38:00,PRIMARY_FLOW_01,599.8318
2024-01-15T00:38:00,PRIMARY_LEVEL_01,50.5601
2024-01-15T00:39:00,COOLING_TEMP_01,70.4203
2024-01-15T00:39:00,COOLING_PRES_01,10.0303
2024-01-15T00:39:00,COOLING_FLOW_01,247.4198
2024-01-15T00:39:00,PRIMARY_PRES_01,155.0235
2024-01-15T00:39:00,PRIMARY_TEMP_01,300.9304
2024-01-15T00:39:00,PRIMARY_FLOW_01,608.7209
2024-01-15T00:40:00,COOLING_TEMP_01,70.0657
2024-01-15T00:40:00,COOLING_PRES_01,10.1874
2024-01-15T00:40:00,COOLING_FLOW_01,245.812
2024-01-15T00:40:00,COOLING_HEAT_01,19.9825
2024-01-15T00:40:00,PRIMARY_PRES_01,154.9846
2024-01-15T00:40:00,PRIMARY_TEMP_01,300.6134
2024-01-15T00:40:00,PRIMARY_FLOW_01,585.9745
2024-01-15T00:40:00,PRIMARY_LEVEL_01,49.8232
2024-01-15T00:41:00,COOLING_TEMP_01,69.3409
2024-01-15T00:41:00,COOLING_PRES_01,9.8733
2024-01-15T00:41:00,COOLING_FLOW_01,247.3939
2024-01-15T00:41:00,PRIMARY_PRES_01,154.9321
2024-01-15T00:41:00,PRIMARY_TEMP_01,301.2758
2024-01-15T00:41:00,PRIMARY_FLOW_01,590.8018
2024-01-15T00:42:00,COOLING_TEMP_01,70.0966
2024-01-15T00:42:00,COOLING_PRES_01,9.9172
2024-01-15T00:42:00,COOLING_FLOW_01,249.9431
2024-01-15T00:42:00,COOLING_HEAT_01,20.1317
2024-01-15T00:42:00,PRIMARY_PRES_01,154.855
2024-01-15T00:42:00,PRIMARY_TEMP_01,300.3032
2024-01-15T00:42:00,PRIMARY_FLOW_01,599.5727
2024-01-15T00:42:00,PRIMARY_LEVEL_01,49.9808
2024-01-15T00:43:00,COOLING_TEMP_01,70.5427
2024-01-15T00:43:00,COOLING_PRES_01,9.9698
2024-01-15T00:43:00,COOLING_FLOW_01,250.1219
2024-01-15T00:43:00,PRIMARY_PRES_01,154.7386
2024-01-15T00:43:00,PRIMARY_TEMP_01,298.3758
2024-01-15T00:43:00,PRIMARY_FLOW_01,598.2543
2024-01-15T00:44:00,COOLING_TEMP_01,70.365
2024-01-15T00:44:00,COOLING_PRES_01,10.1127
2024-01-15T00:44:00,COOLING_FLOW_01,253.7853
2024-01-15T00:44:00,COOLING_HEAT_01,20.7326
2024-01-15T00:44:00,PRIMARY_PRES_01,154.7352
2024-01-15T00:44:00,PRIMARY_TEMP_01,300.1104
2024-01-15T00:44:00,PRIMARY_FLOW_01,598.9579
2024-01-15T00:44:00,PRIMARY_LEVEL_01,49.7253
2024-01-15T00:45:00,COOLING_TEMP_01,70.6235
2024-01-15T00:45:00,COOLING_PRES_01,10.0493
2024-01-15T00:45:00,COOLING_FLOW_01,250.305
2024-01-15T00:45:00,PRIMARY_PRES_01,154.9216
2024-01-15T00:45:00,PRIMARY_TEMP_01,300.5772
2024-01-15T00:45:00,PRIMARY_FLOW_01,592.2743
2024-01-15T00:46:00,COOLING_TEMP_01,69.322
2024-01-15T00:46:00,COOLING_PRES_01,9.8406
2024-01-15T00:46:00,COOLING_FLOW_01,249.2117
2024-01-15T00:46:00,COOLING_HEAT_01,20.0051
2024-01-15T00:46:00,PRIMARY_PRES_01,154.9952
2024-01-15T00:46:00,PRIMARY_TEMP_01,301.8802
2024-01-15T00:46:00,PRIMARY_FLOW_01,605.0815
2024-01-15T00:46:00,PRIMARY_LEVEL_01,50.8421
2024-01-15T00:47:00,COOLING_TEMP_01,69.3345
2024-01-15T00:47:00,COOLING_PRES_01,10.132
2024-01-15T00:47:00,COOLING_FLOW_01,249.708
2024-01-15T00:47:00,PRIMARY_PRES_01,155.2279
2024-01-15T00:47:00,PRIMARY_TEMP_01,299.4395
2024-01-15T00:47:00,PRIMARY_FLOW_01,600.8568
2024-01-15T00:48:00,COOLING_TEMP_01,69.1439
2024-01-15T00:48:00,COOLING_PRES_01,9.9619
2024-01-15T00:48:00,COOLING_FLOW_01,250.3582
2024-01-15T00:48:00,COOLING_HEAT_01,20.0414
2024-01-15T00:48:00,PRIMARY_PRES_01,154.612
2024-01-15T00:48:00,PRIMARY_TEMP_01,300.2834
2024-01-15T00:48:00,PRIMARY_FLOW_01,602.2377
2024-01-15T00:48:00,PRIMARY_LEVEL_01,49.8037
2024-01-15T00:49:00,COOLING_TEMP_01,70.2285
2024-01-15T00:49:00,COOLING_PRES_01,10.1544
2024-01-15T00:49:00,COOLING_FLOW_01,249.1418
2024-01-15T00:49:00,PRIMARY_PRES_01,154.8771
2024-01-15T00:49:00,PRIMARY_TEMP_01,300.0438
2024-01-15T00:49:00,PRIMARY_FLOW_01,605.0555
2024-01-15T00:50:00,COOLING_TEMP_01,70.7142
2024-01-15T00:50:00,COOLING_PRES_01,9.9788
2024-01-15T00:50:00,COOLING_FLOW_01,247.7081
2024-01-15T00:50:00,COOLING_HEAT_01,19.9368
2024-01-15T00:50:00,PRIMARY_PRES_01,154.5007
2024-01-15T00:50:00,PRIMARY_TEMP_01,299.2281
2024-01-15T00:50:00,PRIMARY_FLOW_01,592.2202
2024-01-15T00:50:00,PRIMARY_LEVEL_01,49.6627
2024-01-15T00:51:00,COOLING_TEMP_01,70.2987
2024-01-15T00:51:00,COOLING_PRES_01,10.0834
2024-01-15T00:51:00,COOLING_FLOW_01,253.8705
2024-01-15T00:51:00,PRIMARY_PRES_01,155.2612
2024-01-15T00:51:00,PRIMARY_TEMP_01,299.3784
2024-01-15T00:51:00,PRIMARY_FLOW_01,605.9307
2024-01-15T00:52:00,COOLING_TEMP_01,70.3498
2024-01-15T00:52:00,COOLING_PRES_01,10.143
2024-01-15T00:52:00,COOLING_FLOW_01,246.8782
2024-01-15T00:52:00,COOLING_HEAT_01,19.979
2024-01-15T00:52:00,PRIMARY_PRES_01,154.8968
2024-01-15T00:52:00,PRIMARY_TEMP_01,297.6951
2024-01-15T00:52:00,PRIMARY_FLOW_01,615.2683
2024-01-15T00:52:00,PRIMARY_LEVEL_01,50.0939
2024-01-15T00:53:00,COOLING_TEMP_01,70.3106
2024-01-15T00:53:00,COOLING_PRES_01,9.9283
2024-01-15T00:53:00,COOLING_FLOW_01,250.4878
2024-01-15T00:53:00,PRIMARY_PRES_01,155.0527
2024-01-15T00:53:00,PRIMARY_TEMP_01,298.1277
2024-01-15T00:53:00,PRIMARY_FLOW_01,595.694
2024-01-15T00:54:00,COOLING_TEMP_01,70.4009
2024-01-15T00:54:00,COOLING_PRES_01,10.0279
2024-01-15T00:54:00,COOLING_FLOW_01,252.0377
2024-01-15T00:54:00,COOLING_HEAT_01,20.104
2024-01-15T00:54:00,PRIMARY_PRES_01,155.3551
2024-01-15T00:54:00,PRIMARY_TEMP_01,302.3467
2024-01-15T00:54:00,PRIMARY_FLOW_01,600.9834
2024-01-15T00:54:00,PRIMARY_LEVEL_01,50.0637
2024-01-15T00:55:00,COOLING_TEMP_01,71.5825
2024-01-15T00:55:00,COOLING_PRES_01,10.1358
2024-01-15T00:55:00,COOLING_FLOW_01,251.2836
2024-01-15T00:55:00,PRIMARY_PRES_01,155.0582
2024-01-15T00:55:00,PRIMARY_TEMP_01,299.0141
2024-01-15T00:55:00,PRIMARY_FLOW_01,607.3489
2024-01-15T00:56:00,COOLING_TEMP_01,69.6799
2024-01-15T00:56:00,COOLING_PRES_01,10.1134
2024-01-15T00:56:00,COOLING_FLOW_01,249.0024
2024-01-15T00:56:00,COOLING_HEAT_01,20.6142
2024-01-15T00:56:00,PRIMARY_PRES_01,154.5801
2024-01-15T00:56:00,PRIMARY_TEMP_01,300.0196
2024-01-15T00:56:00,PRIMARY_FLOW_01,594.0592
2024-01-15T00:56:00,PRIMARY_LEVEL_01,49.3317
2024-01-15T00:57:00,COOLING_TEMP_01,70.6386
2024-01-15T00:57:00,COOLING_PRES_01,9.8591
2024-01-15T00:57:00,COOLING_FLOW_01,247.5721
2024-01-15T00:57:00,PRIMARY_PRES_01,155.0224
2024-01-15T00:57:00,PRIMARY_TEMP_01,300.4182
2024-01-15T00:57:00,PRIMARY_FLOW_01,600.9537
2024-01-15T00:58:00,COOLING_TEMP_01,71.052
2024-01-15T00:58:00,COOLING_PRES_01,10.0317
2024-01-15T00:58:00,COOLING_FLOW_01,248.2058
2024-01-15T00:58:00,COOLING_HEAT_01,20.3578
2024-01-15T00:58:00,PRIMARY_PRES_01,155.2935
2024-01-15T00:58:00,PRIMARY_TEMP_01,300.5706
2024-01-15T00:58:00,PRIMARY_FLOW_01,589.7105
2024-01-15T00:58:00,PRIMARY_LEVEL_01,50.6215
2024-01-15T00:59:00,COOLING_TEMP_01,70.5348
2024-01-15T00:59:00,COOLING_PRES_01,10.0255
2024-01-15T00:59:00,COOLING_FLOW_01,250.4745
2024-01-15T00:59:00,PRIMARY_PRES_01,155.1874
2024-01-15T00:59:00,PRIMARY_TEMP_01,299.2023
2024-01-15T00:59:00,PRIMARY_FLOW_01,596.9147
2024-01-15T01:00:00,COOLING_TEMP_01,69.8908
2024-01-15T01:00:00,COOLING_PRES_01,9.9247
2024-01-15T01:00:00,COOLING_FLOW_01,251.9751
2024-01-15T01:00:00,COOLING_HEAT_01,19.777
2024-01-15T01:00:00,PRIMARY_PRES_01,154.6829
2024-01-15T01:00:00,PRIMARY_TEMP_01,300.5336
2024-01-15T01:00:00,PRIMARY_FLOW_01,599.7039
2024-01-15T01:00:00,PRIMARY_LEVEL_01,50.1197
2024-01-15T01:01:00,COOLING_TEMP_01,70.2587
2024-01-15T01:01:00,COOLING_PRES_01,10.0508
2024-01-15T01:01:00,COOLING_FLOW_01,250.4725
2024-01-15T01:01:00,PRIMARY_PRES_01,155.037
2024-01-15T01:01:00,PRIMARY_TEMP_01,300.002
2024-01-15T01:01:00,PRIMARY_FLOW_01,603.4627
2024-01-15T01:02:00,COOLING_TEMP_01,70.9879
2024-01-15T01:02:00,COOLING_PRES_01,9.9065
2024-01-15T01:02:00,COOLING_FLOW_01,251.7692
2024-01-15T01:02:00,COOLING_HEAT_01,20.3979
2024-01-15T01:02:00,PRIMARY_PRES_01,155.1133
2024-01-15T01:02:00,PRIMARY_TEMP_01,300.8528
2024-01-15T01:02:00,PRIMARY_FLOW_01,603.3124
2024-01-15T01:02:00,PRIMARY_LEVEL_01,51.2315
2024-01-15T01:03:00,COOLING_TEMP_01,69.9847
2024-01-15T01:03:00,COOLING_PRES_01,10.0057
2024-01-15T01:03:00,COOLING_FLOW_01,254.1623
2024-01-15T01:03:00,PRIMARY_PRES_01,154.7755
2024-01-15T01:03:00,PRIMARY_TEMP_01,299.1587
2024-01-15T01:03:00,PRIMARY_FLOW_01,586.4538
2024-01-15T01:04:00,COOLING_TEMP_01,70.983
2024-01-15T01:04:00,COOLING_PRES_01,9.8943
2024-01-15T01:04:00,COOLING_FLOW_01,252.0015
2024-01-15T01:04:00,COOLING_HEAT_01,20.3
2024-01-15T01:04:00,PRIMARY_PRES_01,154.4228
2024-01-15T01:04:00,PRIMARY_TEMP_01,301.1996
2024-01-15T01:04:00,PRIMARY_FLOW_01,612.1478
2024-01-15T01:04:00,PRIMARY_LEVEL_01,50.9114
2024-01-15T01:05:00,COOLING_TEMP_01,70.7802
2024-01-15T01:05:00,COOLING_PRES_01,10.1088
2024-01-15T01:05:00,COOLING_FLOW_01,253.7744
2024-01-15T01:05:00,PRIMARY_PRES_01,154.8803
2024-01-15T01:05:00,PRIMARY_TEMP_01,301.8417
2024-01-15T01:05:00,PRIMARY_FLOW_01,595.5962
2024-01-15T01:06:00,COOLING_TEMP_01,70.2345
2024-01-15T01:06:00,COOLING_PRES_01,9.9121
2024-01-15T01:06:00,COOLING_FLOW_01,252.6928
2024-01-15T01:06:00,COOLING_HEAT_01,19.6834
2024-01-15T01:06:00,PRIMARY_PRES_01,155.1326
2024-01-15T01:06:00,PRIMARY_TEMP_01,300.3994
2024-01-15T01:06:00,PRIMARY_FLOW_01,588.8458
2024-01-15T01:06:00,PRIMARY_LEVEL_01,50.0375
2024-01-15T01:07:00,COOLING_TEMP_01,70.1094
2024-01-15T01:07:00,COOLING_PRES_01,10.0561
2024-01-15T01:07:00,COOLING_FLOW_01,248.0307
2024-01-15T01:07:00,PRIMARY_PRES_01,155.4868
2024-01-15T01:07:00,PRIMARY_TEMP_01,301.2803
2024-01-15T01:07:00,PRIMARY_FLOW_01,607.6207
2024-01-15T01:08:00,COOLING_TEMP_01,70.183
2024-01-15T01:08:00,COOLING_PRES_01,9.826
2024-01-15T01:08:00,COOLING_FLOW_01,248.309
2024-01-15T01:08:00,COOLING_HEAT_01,19.9925
2024-01-15T01:08:00,PRIMARY_PRES_01,155.024
2024-01-15T01:08:00,PRIMARY_TEMP_01,302.3444
2024-01-15T01:08:00,PRIMARY_FLOW_01,597.7668
2024-01-15T01:08:00,PRIMARY_LEVEL_01,49.867
2024-01-15T01:09:00,COOLING_TEMP_01,70.0379
2024-01-15T01:09:00,COOLING_PRES_01,10.0858
2024-01-15T01:09:00,COOLING_FLOW_01,248.6845
2024-01-15T01:09:00,PRIMARY_PRES_01,155.302
2024-01-15T01:09:00,PRIMARY_TEMP_01,299.9729
2024-01-15T01:09:00,PRIMARY_FLOW_01,612.8038
2024-01-15T01:10:00,COOLING_TEMP_01,69.9124
2024-01-15T01:10:00,COOLING_PRES_01,9.8778
2024-01-15T01:10:00,COOLING_FLOW_01,251.7115
2024-01-15T01:10:00,COOLING_HEAT_01,20.159
2024-01-15T01:10:00,PRIMARY_PRES_01,154.7978
2024-01-15T01:10:00,PRIMARY_TEMP_01,300.4905
2024-01-15T01:10:00,PRIMARY_FLOW_01,597.1464
2024-01-15T01:10:00,PRIMARY_LEVEL_01,49.953
2024-01-15T01:11:00,COOLING_TEMP_01,69.9528
2024-01-15T01:11:00,COOLING_PRES_01,9.8564
2024-01-15T01:11:00,COOLING_FLOW_01,251.4861
2024-01-15T01:11:00,PRIMARY_PRES_01,154.954
2024-01-15T01:11:00,PRIMARY_TEMP_01,301.4064
2024-01-15T01:11:00,PRIMARY_FLOW_01,604.7796
2024-01-15T01:12:00,COOLING_TEMP_01,70.2402
2024-01-15T01:12:00,COOLING_PRES_01,9.8893
2024-01-15T01:12:00,COOLING_FLOW_01,250.2131
2024-01-15T01:12:00,COOLING_HEAT_01,20.4399
2024-01-15T01:12:00,PRIMARY_PRES_01,155.4441
2024-01-15T01:12:00,PRIMARY_TEMP_01,302.4432
2024-01-15T01:12:00,PRIMARY_FLOW_01,604.3893
2024-01-15T01:12:00,PRIMARY_LEVEL_01,50.1198
2024-01-15T01:13:00,COOLING_TEMP_01,70.6137
2024-01-15T01:13:00,COOLING_PRES_01,9.9479
2024-01-15T01:13:00,COOLING_FLOW_01,253.2384
2024-01-15T01:13:00,PRIMARY_PRES_01,155.5429
2024-01-15T01:13:00,PRIMARY_TEMP_01,301.0178
2024-01-15T01:13:00,PRIMARY_FLOW_01,594.2705
2024-01-15T01:14:00,COOLING_TEMP_01,70.7875
2024-01-15T01:14:00,COOLING_PRES_01,10.0674
2024-01-15T01:14:00,COOLING_FLOW_01,248.0716
2024-01-15T01:14:00,COOLING_HEAT_01,19.7196
2024-01-15T01:14:00,PRIMARY_PRES_01,155.0019
2024-01-15T01:14:00,PRIMARY_TEMP_01,300.1259
2024-01-15T01:14:00,PRIMARY_FLOW_01,597.0003
2024-01-15T01:14:00,PRIMARY_LEVEL_01,50.7393
2024-01-15T01:15:00,COOLING_TEMP_01,71.1502
2024-01-15T01:15:00,COOLING_PRES_01,9.7745
2024-01-15T01:15:00,COOLING_FLOW_01,250.1007
2024-01-15T01:15:00,PRIMARY_PRES_01,154.7404
2024-01-15T01:15:00,PRIMARY_TEMP_01,299.8194
2024-01-15T01:15:00,PRIMARY_FLOW_01,587.7542
2024-01-15T01:16:00,COOLING_TEMP_01,69.5772
2024-01-15T01:16:00,COOLING_PRES_01,9.8251
2024-01-15T01:16:00,COOLING_FLOW_01,243.9334
2024-01-15T01:16:00,COOLING_HEAT_01,20.2912
2024-01-15T01:16:00,PRIMARY_PRES_01,154.751
2024-01-15T01:16:00,PRIMARY_TEMP_01,301.9142
2024-01-15T01:16:00,PRIMARY_FLOW_01,601.4965
2024-01-15T01:16:00,PRIMARY_LEVEL_01,50.8459
2024-01-15T01:17:00,COOLING_TEMP_01,70.2507
2024-01-15T01:17:00,COOLING_PRES_01,9.9905
2024-01-15T01:17:00,COOLING_FLOW_01,249.8709
2024-01-15T01:17:00,PRIMARY_PRES_01,154.907
2024-01-15T01:17:00,PRIMARY_TEMP_01,300.0473
2024-01-15T01:17:00,PRIMARY_FLOW_01,615.4654
2024-01-15T01:18:00,COOLING_TEMP_01,70.1925
2024-01-15T01:18:00,COOLING_PRES_01,9.9296
2024-01-15T01:18:00,COOLING_FLOW_01,239.7769
2024-01-15T01:18:00,COOLING_HEAT_01,19.7258
2024-01-15T01:18:00,PRIMARY_PRES_01,155.202
2024-01-15T01:18:00,PRIMARY_TEMP_01,302.0829
2024-01-15T01:18:00,PRIMARY_FLOW_01,594.6542
2024-01-15T01:18:00,PRIMARY_LEVEL_01,49.1295
2024-01-15T01:19:00,COOLING_TEMP_01,69.9127
2024-01-15T01:19:00,COOLING_PRES_01,9.7624
2024-01-15T01:19:00,COOLING_FLOW_01,246.6619
2024-01-15T01:19:00,PRIMARY_PRES_01,155.1292
2024-01-15T01:19:00,PRIMARY_TEMP_01,301.9097
2024-01-15T01:19:00,PRIMARY_FLOW_01,598.1382
2024-01-15T01:20:00,COOLING_TEMP_01,69.4272
2024-01-15T01:20:00,COOLING_PRES_01,9.9449
2024-01-15T01:20:00,COOLING_FLOW_01,249.3278
2024-01-15T01:20:00,COOLING_HEAT_01,20.3948
2024-01-15T01:20:00,PRIMARY_PRES_01,155.3696
2024-01-15T01:20:00,PRIMARY_TEMP_01,302.2936
2024-01-15T01:20:00,PRIMARY_FLOW_01,596.7559
2024-01-15T01:20:00,PRIMARY_LEVEL_01,50.4199
2024-01-15T01:21:00,COOLING_TEMP_01,71.6558
2024-01-15T01:21:00,COOLING_PRES_01,9.8929
2024-01-15T01:21:00,COOLING_FLOW_01,250.6953
2024-01-15T01:21:00,PRIMARY_PRES_01,155.2012
2024-01-15T01:21:00,PRIMARY_TEMP_01,300.4044
2024-01-15T01:21:00,PRIMARY_FLOW_01,598.5358
2024-01-15T01:22:00,COOLING_TEMP_01,70.6831
2024-01-15T01:22:00,COOLING_PRES_01,9.9843
2024-01-15T01:22:00,COOLING_FLOW_01,249.755
2024-01-15T01:22:00,COOLING_HEAT_01,20.3613
2024-01-15T01:22:00,PRIMARY_PRES_01,154.4041
2024-01-15T01:22:00,PRIMARY_TEMP_01,300.5912
2024-01-15T01:22:00,PRIMARY_FLOW_01,591.8818
2024-01-15T01:22:00,PRIMARY_LEVEL_01,50.3949
2024-01-15T01:23:00,COOLING_TEMP_01,70.8512
2024-01-15T01:23:00,COOLING_PRES_01,9.8132
2024-01-15T01:23:00,COOLING_FLOW_01,246.4699
2024-01-15T01:23:00,PRIMARY_PRES_01,154.7929
2024-01-15T01:23:00,PRIMARY_TEMP_01,301.5176
2024-01-15T01:23:00,PRIMARY_FLOW_01,603.0906
2024-01-15T01:24:00,COOLING_TEMP_01,71.4842
2024-01-15T01:24:00,COOLING_PRES_01,10.0798
2024-01-15T01:24:00,COOLING_FLOW_01,249.2032
2024-01-15T01:24:00,COOLING_HEAT_01,19.9636
2024-01-15T01:24:00,PRIMARY_PRES_01,155.5106
2024-01-15T01:24:00,PRIMARY_TEMP_01,299.5172
2024-01-15T01:24:00,PRIMARY_FLOW_01,608.4462
2024-01-15T01:24:00,PRIMARY_LEVEL_01,49.4101
2024-01-15T01:25:00,COOLING_TEMP_01,70.6809
2024-01-15T01:25:00,COOLING_PRES_01,9.9573
2024-01-15T01:25:00,COOLING_FLOW_01,254.0148
2024-01-15T01:25:00,PRIMARY_PRES_01,154.8155
2024-01-15T01:25:00,PRIMARY_TEMP_01,298.446
2024-01-15T01:25:00,PRIMARY_FLOW_01,597.2731
2024-01-15T01:26:00,COOLING_TEMP_01,70.4529
2024-01-15T01:26:00,COOLING_PRES_01,10.0971
2024-01-15T01:26:00,COOLING_FLOW_01,249.7321
2024-01-15T01:26:00,COOLING_HEAT_01,19.9623
2024-01-15T01:26:00,PRIMARY_PRES_01,155.1061
2024-01-15T01:26:00,PRIMARY_TEMP_01,302.8122
2024-01-15T01:26:00,PRIMARY_FLOW_01,596.4865
2024-01-15T01:26:00,PRIMARY_LEVEL_01,50.7003
2024-01-15T01:27:00,COOLING_TEMP_01,69.7809
2024-01-15T01:27:00,COOLING_PRES_01,9.9725
2024-01-15T01:27:00,COOLING_FLOW_01,251.4339
2024-01-15T01:27:00,PRIMARY_PRES_01,155.2431
2024-01-15T01:27:00,PRIMARY_TEMP_01,301.2414
2024-01-15T01:27:00,PRIMARY_FLOW_01,600.4499
2024-01-15T01:28:00,COOLING_TEMP_01,70.3869
2024-01-15T01:28:00,COOLING_PRES_01,10.0759
2024-01-15T01:28:00,COOLING_FLOW_01,249.0871
2024-01-15T01:28:00,COOLING_HEAT_01,20.4873
2024-01-15T01:28:00,PRIMARY_PRES_01,155.2391
2024-01-15T01:28:00,PRIMARY_TEMP_01,299.8885
2024-01-15T01:28:00,PRIMARY_FLOW_01,608.6971
2024-01-15T01:28:00,PRIMARY_LEVEL_01,50.2084
2024-01-15T01:29:00,COOLING_TEMP_01,70.2214
2024-01-15T01:29:00,COOLING_PRES_01,9.7806
2024-01-15T01:29:00,COOLING_FLOW_01,249.883
2024-01-15T01:29:00,PRIMARY_PRES_01,155.5442
2024-01-15T01:29:00,PRIMARY_TEMP_01,298.0017
2024-01-15T01:29:00,PRIMARY_FLOW_01,603.3401
2024-01-15T01:30:00,COOLING_TEMP_01,69.257
2024-01-15T01:30:00,COOLING_PRES_01,10.2269
2024-01-15T01:30:00,COOLING_FLOW_01,252.0595
2024-01-15T01:30:00,COOLING_HEAT_01,20.4106
2024-01-15T01:30:00,PRIMARY_PRES_01,155.0383
2024-01-15T01:30:00,PRIMARY_TEMP_01,299.3214
2024-01-15T01:30:00,PRIMARY_FLOW_01,605.4188
2024-01-15T01:30:00,PRIMARY_LEVEL_01,50.7627
2024-01-15T01:31:00,COOLING_TEMP_01,70.7022
2024-01-15T01:31:00,COOLING_PRES_01,10.0513
2024-01-15T01:31:00,COOLING_FLOW_01,250.9706
2024-01-15T01:31:00,PRIMARY_PRES_01,154.9726
2024-01-15T01:31:00,PRIMARY_TEMP_01,300.055
2024-01-15T01:31:00,PRIMARY_FLOW_01,591.4419
2024-01-15T01:32:00,COOLING_TEMP_01,69.5488
2024-01-15T01:32:00,COOLING_PRES_01,9.9416
2024-01-15T01:32:00,COOLING_FLOW_01,250.7828
2024-01-15T01:32:00,COOLING_HEAT_01,20.0399
2024-01-15T01:32:00,PRIMARY_PRES_01,155.0993
2024-01-15T01:32:00,PRIMARY_TEMP_01,301.7961
2024-01-15T01:32:00,PRIMARY_FLOW_01,617.6173
2024-01-15T01:32:00,PRIMARY_LEVEL_01,50.3031
2024-01-15T01:33:00,COOLING_TEMP_01,69.2213
2024-01-15T01:33:00,COOLING_PRES_01,9.692
2024-01-15T01:33:00,COOLING_FLOW_01,252.9576
2024-01-15T01:33:00,PRIMARY_PRES_01,155.1488
2024-01-15T01:33:00,PRIMARY_TEMP_01,300.3805
2024-01-15T01:33:00,PRIMARY_FLOW_01,594.9817
2024-01-15T01:34:00,COOLING_TEMP_01,70.1905
2024-01-15T01:34:00,COOLING_PRES_01,10.0014
2024-01-15T01:34:00,COOLING_FLOW_01,249.0169
2024-01-15T01:34:00,COOLING_HEAT_01,19.6996
2024-01-15T01:34:00,PRIMARY_PRES_01,155.016
2024-01-15T01:34:00,PRIMARY_TEMP_01,299.1483
2024-01-15T01:34:00,PRIMARY_FLOW_01,601.0652
2024-01-15T01:34:00,PRIMARY_LEVEL_01,50.0213
2024-01-15T01:35:00,COOLING_TEMP_01,70.2178
2024-01-15T01:35:00,COOLING_PRES_01,10.1825
2024-01-15T01:35:00,COOLING_FLOW_01,251.4506
2024-01-15T01:35:00,PRIMARY_PRES_01,154.8293
2024-01-15T01:35:00,PRIMARY_TEMP_01,302.04
2024-01-15T01:35:00,PRIMARY_FLOW_01,589.6671
2024-01-15T01:36:00,COOLING_TEMP_01,70.7691
2024-01-15T01:36:00,COOLING_PRES_01,10.1138
2024-01-15T01:36:00,COOLING_FLOW_01,244.8944
2024-01-15T01:36:00,COOLING_HEAT_01,20.3729
2024-01-15T01:36:00,PRIMARY_PRES_01,155.2006
2024-01-15T01:36:00,PRIMARY_TEMP_01,301.4264
2024-01-15T01:36:00,PRIMARY_FLOW_01,608.4924
2024-01-15T01:36:00,PRIMARY_LEVEL_01,50.3052
2024-01-15T01:37:00,COOLING_TEMP_01,70.2731
2024-01-15T01:37:00,COOLING_PRES_01,9.8888
2024-01-15T01:37:00,COOLING_FLOW_01,255.7235
2024-01-15T01:37:00,PRIMARY_PRES_01,155.2454
2024-01-15T01:37:00,PRIMARY_TEMP_01,300.0603
2024-01-15T01:37:00,PRIMARY_FLOW_01,604.6445
2024-01-15T01:38:00,COOLING_TEMP_01,69.7734
2024-01-15T01:38:00,COOLING_PRES_01,9.8809
2024-01-15T01:38:00,COOLING_FLOW_01,248.0722
2024-01-15T01:38:00,COOLING_HEAT_01,20.5822
2024-01-15T01:38:00,PRIMARY_PRES_01,154.8277
2024-01-15T01:38:00,PRIMARY_TEMP_01,301.6365
2024-01-15T01:38:00,PRIMARY_FLOW_01,603.165
2024-01-15T01:38:00,PRIMARY_LEVEL_01,50.2688
2024-01-15T01:39:00,COOLING_TEMP_01,70.0946
2024-01-15T01:39:00,COOLING_PRES_01,10.1243
2024-01-15T01:39:00,COOLING_FLOW_01,250.6769
2024-01-15T01:39:00,PRIMARY_PRES_01,155.0344
2024-01-15T01:39:00,PRIMARY_TEMP_01,300.9371
2024-01-15T01:39:00,PRIMARY_FLOW_01,595.9326
2024-01-15T01:40:00,COOLING_TEMP_01,71.1872
2024-01-15T01:40:00,COOLING_PRES_01,10.1397
2024-01-15T01:40:00,COOLING_FLOW_01,253.0871
2024-01-15T01:40:00,COOLING_HEAT_01,20.258
2024-01-15T01:40:00,PRIMARY_PRES_01,154.957
2024-01-15T01:40:00,PRIMARY_TEMP_01,301.1154
2024-01-15T01:40:00,PRIMARY_FLOW_01,594.0482
2024-01-15T01:40:00,PRIMARY_LEVEL_01,50.4778
2024-01-15T01:41:00,COOLING_TEMP_01,70.9425
2024-01-15T01:41:00,COOLING_PRES_01,10.1068
2024-01-15T01:41:00,COOLING_FLOW_01,253.7087
2024-01-15T01:41:00,PRIMARY_PRES_01,154.8774
2024-01-15T01:41:00,PRIMARY_TEMP_01,300.4525
2024-01-15T01:41:00,PRIMARY_FLOW_01,600.6685
2024-01-15T01:42:00,COOLING_TEMP_01,69.5672
2024-01-15T01:42:00,COOLING_PRES_01,10.0606
2024-01-15T01:42:00,COOLING_FLOW_01,254.7403
2024-01-15T01:42:00,COOLING_HEAT_01,20.1432
2024-01-15T01:42:00,PRIMARY_PRES_01,154.842
2024-01-15T01:42:00,PRIMARY_TEMP_01,301.3502
2024-01-15T01:42:00,PRIMARY_FLOW_01,611.8691
2024-01-15T01:42:00,PRIMARY_LEVEL_01,49.5236
2024-01-15T01:43:00,COOLING_TEMP_01,69.3952
2024-01-15T01:43:00,COOLING_PRES_01,9.9501
2024-01-15T01:43:00,COOLING_FLOW_01,252.665
2024-01-15T01:43:00,PRIMARY_PRES_01,154.4609
2024-01-15T01:43:00,PRIMARY_TEMP_01,300.1656
2024-01-15T01:43:00,PRIMARY_FLOW_01,608.169
2024-01-15T01:44:00,COOLING_TEMP_01,70.3257
2024-01-15T01:44:00,COOLING_PRES_01,9.8857
2024-01-15T01:44:00,COOLING_FLOW_01,251.9991
2024-01-15T01:44:00,COOLING_HEAT_01,19.9358
2024-01-15T01:44:00,PRIMARY_PRES_01,154.4134
2024-01-15T01:44:00,PRIMARY_TEMP_01,299.6161
2024-01-15T01:44:00,PRIMARY_FLOW_01,592.0242
2024-01-15T01:44:00,PRIMARY_LEVEL_01,50.7828
2024-01-15T01:45:00,COOLING_TEMP_01,70.3693
2024-01-15T01:45:00,COOLING_PRES_01,9.9125
2024-01-15T01:45:00,COOLING_FLOW_01,251.8774
2024-01-15T01:45:00,PRIMARY_PRES_01,154.8143
2024-01-15T01:45:00,PRIMARY_TEMP_01,300.0644
2024-01-15T01:45:00,PRIMARY_FLOW_01,591.4631
2024-01-15T01:46:00,COOLING_TEMP_01,70.722
2024-01-15T01:46:00,COOLING_PRES_01,10.1526
2024-01-15T01:46:00,COOLING_FLOW_01,251.6062
2024-01-15T01:46:00,COOLING_HEAT_01,19.8974
2024-01-15T01:46:00,PRIMARY_PRES_01,155.3256
2024-01-15T01:46:00,PRIMARY_TEMP_01,303.298
2024-01-15T01:46:00,PRIMARY_FLOW_01,594.8301
2024-01-15T01:46:00,PRIMARY_LEVEL_01,49.4695
2024-01-15T01:47:00,COOLING_TEMP_01,70.3344
2024-01-15T01:47:00,COOLING_PRES_01,10.1641
2024-01-15T01:47:00,COOLING_FLOW_01,249.3223
2024-01-15T01:47:00,PRIMARY_PRES_01,154.9252
2024-01-15T01:47:00,PRIMARY_TEMP_01,301.9611
2024-01-15T01:47:00,PRIMARY_FLOW_01,600.7138
2024-01-15T01:48:00,COOLING_TEMP_01,70.0613
2024-01-15T01:48:00,COOLING_PRES_01,10.0408
2024-01-15T01:48:00,COOLING_FLOW_01,248.8196
2024-01-15T01:48:00,COOLING_HEAT_01,20.4146
2024-01-15T01:48:00,PRIMARY_PRES_01,154.4018
2024-01-15T01:48:00,PRIMARY_TEMP_01,299.8519
2024-01-15T01:48:00,PRIMARY_FLOW_01,598.038
2024-01-15T01:48:00,PRIMARY_LEVEL_01,49.7006
2024-01-15T01:49:00,COOLING_TEMP_01,70.0346
2024-01-15T01:49:00,COOLING_PRES_01,10.0417
2024-01-15T01:49:00,COOLING_FLOW_01,248.6633
2024-01-15T01:49:00,PRIMARY_PRES_01,154.8619
2024-01-15T01:49:00,PRIMARY_TEMP_01,301.0545
2024-01-15T01:49:00,PRIMARY_FLOW_01,599.7848
2024-01-15T01:50:00,COOLING_TEMP_01,69.9431
2024-01-15T01:50:00,COOLING_PRES_01,9.9756
2024-01-15T01:50:00,COOLING_FLOW_01,255.025
2024-01-15T01:50:00,COOLING_HEAT_01,19.9725
2024-01-15T01:50:00,PRIMARY_PRES_01,155.4258
2024-01-15T01:50:00,PRIMARY_TEMP_01,300.9251
2024-01-15T01:50:00,PRIMARY_FLOW_01,605.9673
2024-01-15T01:50:00,PRIMARY_LEVEL_01,49.4214
2024-01-15T01:51:00,COOLING_TEMP_01,69.4241
2024-01-15T01:51:00,COOLING_PRES_01,10.1186
2024-01-15T01:51:00,COOLING_FLOW_01,256.0912
2024-01-15T01:51:00,PRIMARY_PRES_01,155.1593
2024-01-15T01:51:00,PRIMARY_TEMP_01,301.402
2024-01-15T01:51:00,PRIMARY_FLOW_01,598.485
2024-01-15T01:52:00,COOLING_TEMP_01,70.6554
2024-01-15T01:52:00,COOLING_PRES_01,10.1466
2024-01-15T01:52:00,COOLING_FLOW_01,247.7144
2024-01-15T01:52:00,COOLING_HEAT_01,20.3328
2024-01-15T01:52:00,PRIMARY_PRES_01,155.3574
2024-01-15T01:52:00,PRIMARY_TEMP_01,301.8146
2024-01-15T01:52:00,PRIMARY_FLOW_01,609.0774
2024-01-15T01:52:00,PRIMARY_LEVEL_01,50.0902
2024-01-15T01:53:00,COOLING_TEMP_01,69.7232
2024-01-15T01:53:00,COOLING_PRES_01,10.1729
2024-01-15T01:53:00,COOLING_FLOW_01,249.13
2024-01-15T01:53:00,PRIMARY_PRES_01,155.0355
2024-01-15T01:53:00,PRIMARY_TEMP_01,298.2584
2024-01-15T01:53:00,PRIMARY_FLOW_01,593.2191
2024-01-15T01:54:00,COOLING_TEMP_01,70.9849
2024-01-15T01:54:00,COOLING_PRES_01,10.0989
2024-01-15T01:54:00,COOLING_FLOW_01,243.1104
2024-01-15T01:54:00,COOLING_HEAT_01,20.2226
2024-01-15T01:54:00,PRIMARY_PRES_01,155.3911
2024-01-15T01:54:00,PRIMARY_TEMP_01,300.2115
2024-01-15T01:54:00,PRIMARY_FLOW_01,594.917
2024-01-15T01:54:00,PRIMARY_LEVEL_01,49.3953
2024-01-15T01:55:00,COOLING_TEMP_01,69.8538
2024-01-15T01:55:00,COOLING_PRES_01,10.0254
2024-01-15T01:55:00,COOLING_FLOW_01,256.1079
2024-01-15T01:55:00,PRIMARY_PRES_01,154.7289
2024-01-15T01:55:00,PRIMARY_TEMP_01,300.1057
2024-01-15T01:55:00,PRIMARY_FLOW_01,596.3416
2024-01-15T01:56:00,COOLING_TEMP_01,70.2995
2024-01-15T01:56:00,COOLING_PRES_01,9.9907
2024-01-15T01:56:00,COOLING_FLOW_01,252.1794
2024-01-15T01:56:00,COOLING_HEAT_01,19.9741
2024-01-15T01:56:00,PRIMARY_PRES_01,154.395
2024-01-15T01:56:00,PRIMARY_TEMP_01,302.0295
2024-01-15T01:56:00,PRIMARY_FLOW_01,600.8844
2024-01-15T01:56:00,PRIMARY_LEVEL_01,49.5062
2024-01-15T01:57:00,COOLING_TEMP_01,69.5052
2024-01-15T01:57:00,COOLING_PRES_01,9.9372
2024-01-15T01:57:00,COOLING_FLOW_01,246.7059
2024-01-15T01:57:00,PRIMARY_PRES_01,155.2873
2024-01-15T01:57:00,PRIMARY_TEMP_01,301.5286
2024-01-15T01:57:00,PRIMARY_FLOW_01,604.1299
2024-01-15T01:58:00,COOLING_TEMP_01,70.8294
2024-01-15T01:58:00,COOLING_PRES_01,9.9014
2024-01-15T01:58:00,COOLING_FLOW_01,253.006
2024-01-15T01:58:00,COOLING_HEAT_01,20.7107
2024-01-15T01:58:00,PRIMARY_PRES_01,154.5507
2024-01-15T01:58:00,PRIMARY_TEMP_01,300.1911
2024-01-15T01:58:00,PRIMARY_FLOW_01,586.9046
2024-01-15T01:58:00,PRIMARY_LEVEL_01,50.6
2024-01-15T01:59:00,COOLING_TEMP_01,70.118
2024-01-15T01:59:00,COOLING_PRES_01,10.0107
2024-01-15T01:59:00,COOLING_FLOW_01,249.9746
2024-01-15T01:59:00,PRIMARY_PRES_01,154.9235
2024-01-15T01:59:00,PRIMARY_TEMP_01,302.0154
2024-01-15T01:59:00,PRIMARY_FLOW_01,598.879
2024-01-15T02:00:00,COOLING_TEMP_01,70.0833
2024-01-15T02:00:00,COOLING_PRES_01,9.9284
2024-01-15T02:00:00,COOLING_FLOW_01,250.0287
2024-01-15T02:00:00,COOLING_HEAT_01,19.9749
2024-01-15T02:00:00,PRIMARY_PRES_01,154.9526
2024-01-15T02:00:00,PRIMARY_TEMP_01,299.9942
2024-01-15T02:00:00,PRIMARY_FLOW_01,595.7443
2024-01-15T02:00:00,PRIMARY_LEVEL_01,50.3458
2024-01-15T02:01:00,COOLING_TEMP_01,70.4295
2024-01-15T02:01:00,COOLING_PRES_01,10.0289
2024-01-15T02:01:00,COOLING_FLOW_01,250.5642
2024-01-15T02:01:00,PRIMARY_PRES_01,154.5335
2024-01-15T02:01:00,PRIMARY_TEMP_01,301.829
2024-01-15T02:01:00,PRIMARY_FLOW_01,600.01
2024-01-15T02:02:00,COOLING_TEMP_01,69.8835
2024-01-15T02:02:00,COOLING_PRES_01,10.1223
2024-01-15T02:02:00,COOLING_FLOW_01,248.7377
2024-01-15T02:02:00,COOLING_HEAT_01,20.5254
2024-01-15T02:02:00,PRIMARY_PRES_01,155.3046
2024-01-15T02:02:00,PRIMARY_TEMP_01,300.8743
2024-01-15T02:02:00,PRIMARY_FLOW_01,587.0225
2024-01-15T02:02:00,PRIMARY_LEVEL_01,50.3107
2024-01-15T02:03:00,COOLING_TEMP_01,70.9347
2024-01-15T02:03:00,COOLING_PRES_01,10.1434
2024-01-15T02:03:00,COOLING_FLOW_01,250.766
2024-01-15T02:03:00,PRIMARY_PRES_01,154.9068
2024-01-15T02:03:00,PRIMARY_TEMP_01,298.4218
2024-01-15T02:03:00,PRIMARY_FLOW_01,589.8653
2024-01-15T02:04:00,COOLING_TEMP_01,71.0149
2024-01-15T02:04:00,COOLING_PRES_01,9.9133
2024-01-15T02:04:00,COOLING_FLOW_01,251.2644
2024-01-15T02:04:00,COOLING_HEAT_01,20.1314
2024-01-15T02:04:00,PRIMARY_PRES_01,155.0676
2024-01-15T02:04:00,PRIMARY_TEMP_01,303.4958
2024-01-15T02:04:00,PRIMARY_FLOW_01,614.037
2024-01-15T02:04:00,PRIMARY_LEVEL_01,49.6122
2024-01-15T02:05:00,COOLING_TEMP_01,69.5119
2024-01-15T02:05:00,COOLING_PRES_01,9.945
2024-01-15T02:05:00,COOLING_FLOW_01,248.9982
2024-01-15T02:05:00,PRIMARY_PRES_01,155.0174
2024-01-15T02:05:00,PRIMARY_TEMP_01,301.2857
2024-01-15T02:05:00,PRIMARY_FLOW_01,603.1702
2024-01-15T02:06:00,COOLING_TEMP_01,70.4508
2024-01-15T02:06:00,COOLING_PRES_01,9.8013
2024-01-15T02:06:00,COOLING_FLOW_01,249.5581
2024-01-15T02:06:00,COOLING_HEAT_01,20.1516
2024-01-15T02:06:00,PRIMARY_PRES_01,155.0508
2024-01-15T02:06:00,PRIMARY_TEMP_01,300.6764
2024-01-15T02:06:00,PRIMARY_FLOW_01,594.7893
2024-01-15T02:06:00,PRIMARY_LEVEL_01,50.2213
2024-01-15T02:07:00,COOLING_TEMP_01,69.2921
2024-01-15T02:07:00,COOLING_PRES_01,9.7902
2024-01-15T02:07:00,COOLING_FLOW_01,248.0803
2024-01-15T02:07:00,PRIMARY_PRES_01,154.78
2024-01-15T02:07:00,PRIMARY_TEMP_01,301.8239
2024-01-15T02:07:00,PRIMARY_FLOW_01,598.2126
2024-01-15T02:08:00,COOLING_TEMP_01,70.24
2024-01-15T02:08:00,COOLING_PRES_01,9.9609
2024-01-15T02:08:00,COOLING_FLOW_01,248.1208
2024-01-15T02:08:00,COOLING_HEAT_01,20.0027
2024-01-15T02:08:00,PRIMARY_PRES_01,154.8297
2024-01-15T02:08:00,PRIMARY_TEMP_01,299.5824
2024-01-15T02:08:00,PRIMARY_FLOW_01,603.2123
2024-01-15T02:08:00,PRIMARY_LEVEL_01,48.2172
2024-01-15T02:09:00,COOLING_TEMP_01,70.974
2024-01-15T02:09:00,COOLING_PRES_01,9.8018
2024-01-15T02:09:00,COOLING_FLOW_01,255.5229
2024-01-15T02:09:00,PRIMARY_PRES_01,155.3044
2024-01-15T02:09:00,PRIMARY_TEMP_01,300.198
2024-01-15T02:09:00,PRIMARY_FLOW_01,602.9969
2024-01-15T02:10:00,COOLING_TEMP_01,71.4959
2024-01-15T02:10:00,COOLING_PRES_01,9.7737
2024-01-15T02:10:00,COOLING_FLOW_01,252.9059
2024-01-15T02:10:00,COOLING_HEAT_01,19.9979
2024-01-15T02:10:00,PRIMARY_PRES_01,155.0201
2024-01-15T02:10:00,PRIMARY_TEMP_01,301.4859
2024-01-15T02:10:00,PRIMARY_FLOW_01,606.3997
2024-01-15T02:10:00,PRIMARY_LEVEL_01,49.649
2024-01-15T02:11:00,COOLING_TEMP_01,70.7244
2024-01-15T02:11:00,COOLING_PRES_01,9.8079
2024-01-15T02:11:00,COOLING_FLOW_01,248.757
2024-01-15T02:11:00,PRIMARY_PRES_01,155.2936
2024-01-15T02:11:00,PRIMARY_TEMP_01,299.9859
2024-01-15T02:11:00,PRIMARY_FLOW_01,599.5905
2024-01-15T02:12:00,COOLING_TEMP_01,70.6339
2024-01-15T02:12:00,COOLING_PRES_01,10.2259
2024-01-15T02:12:00,COOLING_FLOW_01,246.6159
2024-01-15T02:12:00,COOLING_HEAT_01,20.1483
2024-01-15T02:12:00,PRIMARY_PRES_01,154.7737
2024-01-15T02:12:00,PRIMARY_TEMP_01,301.4002
2024-01-15T02:12:00,PRIMARY_FLOW_01,596.0956
2024-01-15T02:12:00,PRIMARY_LEVEL_01,48.8355
2024-01-15T02:13:00,COOLING_TEMP_01,69.588
2024-01-15T02:13:00,COOLING_PRES_01,10.029
2024-01-15T02:13:00,COOLING_FLOW_01,249.5388
2024-01-15T02:13:00,PRIMARY_PRES_01,154.4421
2024-01-15T02:13:00,PRIMARY_TEMP_01,302.2202
2024-01-15T02:13:00,PRIMARY_FLOW_01,600.1308
2024-01-15T02:14:00,COOLING_TEMP_01,70.8616
2024-01-15T02:14:00,COOLING_PRES_01,9.9654
2024-01-15T02:14:00,COOLING_FLOW_01,251.7475
2024-01-15T02:14:00,COOLING_HEAT_01,20.3653
2024-01-15T02:14:00,PRIMARY_PRES_01,154.7836
2024-01-15T02:14:00,PRIMARY_TEMP_01,301.5614
2024-01-15T02:14:00,PRIMARY_FLOW_01,597.7644
2024-01-15T02:14:00,PRIMARY_LEVEL_01,50.48
2024-01-15T02:15:00,COOLING_TEMP_01,70.3894
2024-01-15T02:15:00,COOLING_PRES_01,9.7683
2024-01-15T02:15:00,COOLING_FLOW_01,250.3819
2024-01-15T02:15:00,PRIMARY_PRES_01,155.4412
2024-01-15T02:15:00,PRIMARY_TEMP_01,300.6072
2024-01-15T02:15:00,PRIMARY_FLOW_01,597.8923
2024-01-15T02:16:00,COOLING_TEMP_01,70.4077
2024-01-15T02:16:00,COOLING_PRES_01,10.0496
2024-01-15T02:16:00,COOLING_FLOW_01,256.9989
2024-01-15T02:16:00,COOLING_HEAT_01,20.403
2024-01-15T02:16:00,PRIMARY_PRES_01,154.519
2024-01-15T02:16:00,PRIMARY_TEMP_01,301.236
2024-01-15T02:16:00,PRIMARY_FLOW_01,613.4531
2024-01-15T02:16:00,PRIMARY_LEVEL_01,49.491
2024-01-15T02:17:00,COOLING_TEMP_01,70.8399
2024-01-15T02:17:00,COOLING_PRES_01,9.8795
2024-01-15T02:17:00,COOLING_FLOW_01,248.3189
2024-01-15T02:17:00,PRIMARY_PRES_01,154.9806
2024-01-15T02:17:00,PRIMARY_TEMP_01,301.6175
2024-01-15T02:17:00,PRIMARY_FLOW_01,598.0184
2024-01-15T02:18:00,COOLING_TEMP_01,70.8875
2024-01-15T02:18:00,COOLING_PRES_01,9.9092
2024-01-15T02:18:00,COOLING_FLOW_01,245.0838
2024-01-15T02:18:00,COOLING_HEAT_01,20.1152
2024-01-15T02:18:00,PRIMARY_PRES_01,155.0917
2024-01-15T02:18:00,PRIMARY_TEMP_01,302.0917
2024-01-15T02:18:00,PRIMARY_FLOW_01,602.8815
2024-01-15T02:18:00,PRIMARY_LEVEL_01,50.6752
2024-01-15T02:19:00,COOLING_TEMP_01,70.1748
2024-01-15T02:19:00,COOLING_PRES_01,9.9145
2024-01-15T02:19:00,COOLING_FLOW_01,248.2467
2024-01-15T02:19:00,PRIMARY_PRES_01,154.8414
2024-01-15T02:19:00,PRIMARY_TEMP_01,299.7783
2024-01-15T02:19:00,PRIMARY_FLOW_01,590.8877
2024-01-15T02:20:00,COOLING_TEMP_01,70.699
2024-01-15T02:20:00,COOLING_PRES_01,10.1624
2024-01-15T02:20:00,COOLING_FLOW_01,250.9682
2024-01-15T02:20:00,COOLING_HEAT_01,20.3879
2024-01-15T02:20:00,PRIMARY_PRES_01,155.3871
2024-01-15T02:20:00,PRIMARY_TEMP_01,300.3923
2024-01-15T02:20:00,PRIMARY_FLOW_01,590.2152
2024-01-15T02:20:00,PRIMARY_LEVEL_01,49.4734
2024-01-15T02:21:00,COOLING_TEMP_01,70.5842
2024-01-15T02:21:00,COOLING_PRES_01,10.1317
2024-01-15T02:21:00,COOLING_FLOW_01,250.2427
2024-01-15T02:21:00,PRIMARY_PRES_01,155.0156
2024-01-15T02:21:00,PRIMARY_TEMP_01,300.6338
2024-01-15T02:21:00,PRIMARY_FLOW_01,597.5588
2024-01-15T02:22:00,COOLING_TEMP_01,70.8791
2024-01-15T02:22:00,COOLING_PRES_01,10.0786
2024-01-15T02:22:00,COOLING_FLOW_01,249.5795
2024-01-15T02:22:00,COOLING_HEAT_01,20.3174
2024-01-15T02:22:00,PRIMARY_PRES_01,154.7504
2024-01-15T02:22:00,PRIMARY_TEMP_01,301.0919
2024-01-15T02:22:00,PRIMARY_FLOW_01,601.2181
2024-01-15T02:22:00,PRIMARY_LEVEL_01,49.8579
2024-01-15T02:23:00,COOLING_TEMP_01,69.5996
2024-01-15T02:23:00,COOLING_PRES_01,10.1576
2024-01-15T02:23:00,COOLING_FLOW_01,249.0168
2024-01-15T02:23:00,PRIMARY_PRES_01,154.4963
2024-01-15T02:23:00,PRIMARY_TEMP_01,299.5834
2024-01-15T02:23:00,PRIMARY_FLOW_01,606.4413
2024-01-15T02:24:00,COOLING_TEMP_01,70.7207
2024-01-15T02:24:00,COOLING_PRES_01,10.2329
2024-01-15T02:24:00,COOLING_FLOW_01,244.9242
2024-01-15T02:24:00,COOLING_HEAT_01,20.2665
2024-01-15T02:24:00,PRIMARY_PRES_01,155.4398
2024-01-15T02:24:00,PRIMARY_TEMP_01,300.2154
2024-01-15T02:24:00,PRIMARY_FLOW_01,602.1643
2024-01-15T02:24:00,PRIMARY_LEVEL_01,51.114
2024-01-15T02:25:00,COOLING_TEMP_01,70.9565
2024-01-15T02:25:00,COOLING_PRES_01,10.1038
2024-01-15T02:25:00,COOLING_FLOW_01,255.2
2024-01-15T02:25:00,PRIMARY_PRES_01,154.9291
2024-01-15T02:25:00,PRIMARY_TEMP_01,299.1451
2024-01-15T02:25:00,PRIMARY_FLOW_01,606.8696
2024-01-15T02:26:00,COOLING_TEMP_01,70.2773
2024-01-15T02:26:00,COOLING_PRES_01,10.0262
2024-01-15T02:26:00,COOLING_FLOW_01,251.3293
2024-01-15T02:26:00,COOLING_HEAT_01,20.1835
2024-01-15T02:26:00,PRIMARY_PRES_01,154.7974
2024-01-15T02:26:00,PRIMARY_TEMP_01,299.9711
2024-01-15T02:26:00,PRIMARY_FLOW_01,594.8991
2024-01-15T02:26:00,PRIMARY_LEVEL_01,50.468
2024-01-15T02:27:00,COOLING_TEMP_01,70.6923
2024-01-15T02:27:00,COOLING_PRES_01,9.87
2024-01-15T02:27:00,COOLING_FLOW_01,249.7578
2024-01-15T02:27:00,PRIMARY_PRES_01,155.0365
2024-01-15T02:27:00,PRIMARY_TEMP_01,300.0472
2024-01-15T02:27:00,PRIMARY_FLOW_01,598.4996
2024-01-15T02:28:00,COOLING_TEMP_01,69.7481
2024-01-15T02:28:00,COOLING_PRES_01,10.0367
2024-01-15T02:28:00,COOLING_FLOW_01,252.0029
2024-01-15T02:28:00,COOLING_HEAT_01,20.307
2024-01-15T02:28:00,PRIMARY_PRES_01,154.8715
2024-01-15T02:28:00,PRIMARY_TEMP_01,302.7441
2024-01-15T02:28:00,PRIMARY_FLOW_01,599.1036
2024-01-15T02:28:00,PRIMARY_LEVEL_01,49.8448
2024-01-15T02:29:00,COOLING_TEMP_01,70.5205
2024-01-15T02:29:00,COOLING_PRES_01,9.9107
2024-01-15T02:29:00,COOLING_FLOW_01,252.8591
2024-01-15T02:29:00,PRIMARY_PRES_01,154.9792
2024-01-15T02:29:00,PRIMARY_TEMP_01,300.9817
2024-01-15T02:29:00,PRIMARY_FLOW_01,604.8322
2024-01-15T02:30:00,COOLING_TEMP_01,70.3072
2024-01-15T02:30:00,COOLING_PRES_01,10.0808
2024-01-15T02:30:00,COOLING_FLOW_01,246.6596
2024-01-15T02:30:00,COOLING_HEAT_01,20.72
2024-01-15T02:30:00,PRIMARY_PRES_01,155.2281
2024-01-15T02:30:00,PRIMARY_TEMP_01,300.5888
2024-01-15T02:30:00,PRIMARY_FLOW_01,596.2445
2024-01-15T02:30:00,PRIMARY_LEVEL_01,50.6115
2024-01-15T02:31:00,COOLING_TEMP_01,70.3683
2024-01-15T02:31:00,COOLING_PRES_01,9.9707
2024-01-15T02:31:00,COOLING_FLOW_01,250.782
2024-01-15T02:31:00,PRIMARY_PRES_01,154.797
2024-01-15T02:31:00,PRIMARY_TEMP_01,298.8274
2024-01-15T02:31:00,PRIMARY_FLOW_01,599.6416
2024-01-15T02:32:00,COOLING_TEMP_01,70.6077
2024-01-15T02:32:00,COOLING_PRES_01,9.8948
2024-01-15T02:32:00,COOLING_FLOW_01,251.2842
2024-01-15T02:32:00,COOLING_HEAT_01,20.428
2024-01-15T02:32:00,PRIMARY_PRES_01,155.0309
2024-01-15T02:32:00,PRIMARY_TEMP_01,300.1348
2024-01-15T02:32:00,PRIMARY_FLOW_01,599.5595
2024-01-15T02:32:00,PRIMARY_LEVEL_01,50.0731
2024-01-15T02:33:00,COOLING_TEMP_01,70.0012
2024-01-15T02:33:00,COOLING_PRES_01,10.2108
2024-01-15T02:33:00,COOLING_FLOW_01,249.1961
2024-01-15T02:33:00,PRIMARY_PRES_01,155.1955
2024-01-15T02:33:00,PRIMARY_TEMP_01,301.7511
2024-01-15T02:33:00,PRIMARY_FLOW_01,598.0823
2024-01-15T02:34:00,COOLING_TEMP_01,71.3057
2024-01-15T02:34:00,COOLING_PRES_01,10.1704
2024-01-15T02:34:00,COOLING_FLOW_01,251.3347
2024-01-15T02:34:00,COOLING_HEAT_01,20.335
2024-01-15T02:34:00,PRIMARY_PRES_01,155.0812
2024-01-15T02:34:00,PRIMARY_TEMP_01,302.0617
2024-01-15T02:34:00,PRIMARY_FLOW_01,597.1245
2024-01-15T02:34:00,PRIMARY_LEVEL_01,50.1619
2024-01-15T02:35:00,COOLING_TEMP_01,70.081
2024-01-15T02:35:00,COOLING_PRES_01,10.1488
2024-01-15T02:35:00,COOLING_FLOW_01,249.2124
2024-01-15T02:35:00,PRIMARY_PRES_01,154.591
2024-01-15T02:35:00,PRIMARY_TEMP_01,302.7048
2024-01-15T02:35:00,PRIMARY_FLOW_01,610.8732
2024-01-15T02:36:00,COOLING_TEMP_01,70.8913
2024-01-15T02:36:00,COOLING_PRES_01,10.0444
2024-01-15T02:36:00,COOLING_FLOW_01,249.1082
2024-01-15T02:36:00,COOLING_HEAT_01,21.0263
2024-01-15T02:36:00,PRIMARY_PRES_01,155.3273
2024-01-15T02:36:00,PRIMARY_TEMP_01,303.2546
2024-01-15T02:36:00,PRIMARY_FLOW_01,602.3264
2024-01-15T02:36:00,PRIMARY_LEVEL_01,49.5742
2024-01-15T02:37:00,COOLING_TEMP_01,71.0648
2024-01-15T02:37:00,COOLING_PRES_01,9.7158
2024-01-15T02:37:00,COOLING_FLOW_01,251.2793
2024-01-15T02:37:00,PRIMARY_PRES_01,154.9925
2024-01-15T02:37:00,PRIMARY_TEMP_01,301.7421
2024-01-15T02:37:00,PRIMARY_FLOW_01,595.1783
2024-01-15T02:38:00,COOLING_TEMP_01,71.1868
2024-01-15T02:38:00,COOLING_PRES_01,10.0319
2024-01-15T02:38:00,COOLING_FLOW_01,251.9101
2024-01-15T02:38:00,COOLING_HEAT_01,20.0391
2024-01-15T02:38:00,PRIMARY_PRES_01,155.1545
2024-01-15T02:38:00,PRIMARY_TEMP_01,301.1471
2024-01-15T02:38:00,PRIMARY_FLOW_01,609.8738
2024-01-15T02:38:00,PRIMARY_LEVEL_01,49.8083
2024-01-15T02:39:00,COOLING_TEMP_01,70.9812
2024-01-15T02:39:00,COOLING_PRES_01,10.0555
2024-01-15T02:39:00,COOLING_FLOW_01,248.0199
2024-01-15T02:39:00,PRIMARY_PRES_01,155.5119
2024-01-15T02:39:00,PRIMARY_TEMP_01,301.4648
2024-01-15T02:39:00,PRIMARY_FLOW_01,597.0769
2024-01-15T02:40:00,COOLING_TEMP_01,70.7782
2024-01-15T02:40:00,COOLING_PRES_01,9.7546
2024-01-15T02:40:00,COOLING_FLOW_01,250.441
2024-01-15T02:40:00,COOLING_HEAT_01,19.7065
2024-01-15T02:40:00,PRIMARY_PRES_01,155.0054
2024-01-15T02:40:00,PRIMARY_TEMP_01,301.1767
2024-01-15T02:40:00,PRIMARY_FLOW_01,599.3173
2024-01-15T02:40:00,PRIMARY_LEVEL_01,49.9128
2024-01-15T02:41:00,COOLING_TEMP_01,70.4882
2024-01-15T02:41:00,COOLING_PRES_01,9.9724
2024-01-15T02:41:00,COOLING_FLOW_01,253.9075
2024-01-15T02:41:00,PRIMARY_PRES_01,154.7251
2024-01-15T02:41:00,PRIMARY_TEMP_01,301.3269
2024-01-15T02:41:00,PRIMARY_FLOW_01,599.0669
2024-01-15T02:42:00,COOLING_TEMP_01,70.9003
2024-01-15T02:42:00,COOLING_PRES_01,9.9109
2024-01-15T02:42:00,COOLING_FLOW_01,248.1205
2024-01-15T02:42:00,COOLING_HEAT_01,20.5821
2024-01-15T02:42:00,PRIMARY_PRES_01,155.1295
2024-01-15T02:42:00,PRIMARY_TEMP_01,301.3396
2024-01-15T02:42:00,PRIMARY_FLOW_01,600.2062
2024-01-15T02:42:00,PRIMARY_LEVEL_01,50.4035
2024-01-15T02:43:00,COOLING_TEMP_01,70.2449
2024-01-15T02:43:00,COOLING_PRES_01,9.9324
2024-01-15T02:43:00,COOLING_FLOW_01,247.0606
2024-01-15T02:43:00,PRIMARY_PRES_01,155.4095
2024-01-15T02:43:00,PRIMARY_TEMP_01,303.2119
2024-01-15T02:43:00,PRIMARY_FLOW_01,596.4077
2024-01-15T02:44:00,COOLING_TEMP_01,71.0206
2024-01-15T02:44:00,COOLING_PRES_01,9.8953
2024-01-15T02:44:00,COOLING_FLOW_01,251.3327
2024-01-15T02:44:00,COOLING_HEAT_01,20.6909
2024-01-15T02:44:00,PRIMARY_PRES_01,155.5127
2024-01-15T02:44:00,PRIMARY_TEMP_01,301.0455
2024-01-15T02:44:00,PRIMARY_FLOW_01,596.4204
2024-01-15T02:44:00,PRIMARY_LEVEL_01,50.4918
2024-01-15T02:45:00,COOLING_TEMP_01,71.0961
2024-01-15T02:45:00,COOLING_PRES_01,10.048
2024-01-15T02:45:00,COOLING_FLOW_01,248.2671
2024-01-15T02:45:00,PRIMARY_PRES_01,155.1418
2024-01-15T02:45:00,PRIMARY_TEMP_01,302.7062
2024-01-15T02:45:00,PRIMARY_FLOW_01,597.432
2024-01-15T02:46:00,COOLING_TEMP_01,71.0256
2024-01-15T02:46:00,COOLING_PRES_01,10.0256
2024-01-15T02:46:00,COOLING_FLOW_01,247.0667
2024-01-15T02:46:00,COOLING_HEAT_01,20.3755
2024-01-15T02:46:00,PRIMARY_PRES_01,154.7833
2024-01-15T02:46:00,PRIMARY_TEMP_01,302.6045
2024-01-15T02:46:00,PRIMARY_FLOW_01,598.8312
2024-01-15T02:46:00,PRIMARY_LEVEL_01,51.437
2024-01-15T02:47:00,COOLING_TEMP_01,70.2897
2024-01-15T02:47:00,COOLING_PRES_01,10.1013
2024-01-15T02:47:00,COOLING_FLOW_01,249.2165
2024-01-15T02:47:00,PRIMARY_PRES_01,155.2138
2024-01-15T02:47:00,PRIMARY_TEMP_01,302.1282
2024-01-15T02:47:00,PRIMARY_FLOW_01,596.3553
2024-01-15T02:48:00,COOLING_TEMP_01,71.3397
2024-01-15T02:48:00,COOLING_PRES_01,10.0533
2024-01-15T02:48:00,COOLING_FLOW_01,247.6716
2024-01-15T02:48:00,COOLING_HEAT_01,19.9918
2024-01-15T02:48:00,PRIMARY_PRES_01,155.0737
2024-01-15T02:48:00,PRIMARY_TEMP_01,300.8331
2024-01-15T02:48:00,PRIMARY_FLOW_01,592.1896
2024-01-15T02:48:00,PRIMARY_LEVEL_01,49.8569
2024-01-15T02:49:00,COOLING_TEMP_01,70.7887
2024-01-15T02:49:00,COOLING_PRES_01,10.0117
2024-01-15T02:49:00,COOLING_FLOW_01,250.4687
2024-01-15T02:49:00,PRIMARY_PRES_01,155.0702
2024-01-15T02:49:00,PRIMARY_TEMP_01,300.846
2024-01-15T02:49:00,PRIMARY_FLOW_01,608.5229
2024-01-15T02:50:00,COOLING_TEMP_01,70.1827
2024-01-15T02:50:00,COOLING_PRES_01,10.1362
2024-01-15T02:50:00,COOLING_FLOW_01,254.7485
2024-01-15T02:50:00,COOLING_HEAT_01,20.7067
2024-01-15T02:50:00,PRIMARY_PRES_01,154.6626
2024-01-15T02:50:00,PRIMARY_TEMP_01,301.8641
2024-01-15T02:50:00,PRIMARY_FLOW_01,600.5622
2024-01-15T02:50:00,PRIMARY_LEVEL_01,50.1639
2024-01-15T02:51:00,COOLING_TEMP_01,70.0564
2024-01-15T02:51:00,COOLING_PRES_01,9.9676
2024-01-15T02:51:00,COOLING_FLOW_01,257.0784
2024-01-15T02:51:00,PRIMARY_PRES_01,154.8023
2024-01-15T02:51:00,PRIMARY_TEMP_01,300.9556
2024-01-15T02:51:00,PRIMARY_FLOW_01,601.8746
2024-01-15T02:52:00,COOLING_TEMP_01,70.3523
2024-01-15T02:52:00,COOLING_PRES_01,10.0375
2024-01-15T02:52:00,COOLING_FLOW_01,252.9562
2024-01-15T02:52:00,COOLING_HEAT_01,20.1976
2024-01-15T02:52:00,PRIMARY_PRES_01,154.8942
2024-01-15T02:52:00,PRIMARY_TEMP_01,302.7928
2024-01-15T02:52:00,PRIMARY_FLOW_01,595.1919
2024-01-15T02:52:00,PRIMARY_LEVEL_01,50.0389
2024-01-15T02:53:00,COOLING_TEMP_01,70.6399
2024-01-15T02:53:00,COOLING_PRES_01,9.9602
2024-01-15T02:53:00,COOLING_FLOW_01,248.6102
2024-01-15T02:53:00,PRIMARY_PRES_01,155.2641
2024-01-15T02:53:00,PRIMARY_TEMP_01,300.3065
2024-01-15T02:53:00,PRIMARY_FLOW_01,591.1833
2024-01-15T02:54:00,COOLING_TEMP_01,69.8388
2024-01-15T02:54:00,COOLING_PRES_01,10.0221
2024-01-15T02:54:00,COOLING_FLOW_01,247.5069
2024-01-15T02:54:00,COOLING_HEAT_01,20.5973
2024-01-15T02:54:00,PRIMARY_PRES_01,155.1817
2024-01-15T02:54:00,PRIMARY_TEMP_01,303.4714
2024-01-15T02:54:00,PRIMARY_FLOW_01,600.7125
2024-01-15T02:54:00,PRIMARY_LEVEL_01,50.7687
2024-01-15T02:55:00,COOLING_TEMP_01,70.4331
2024-01-15T02:55:00,COOLING_PRES_01,10.111
2024-01-15T02:55:00,COOLING_FLOW_01,248.9591
2024-01-15T02:55:00,PRIMARY_PRES_01,155.2082
2024-01-15T02:55:00,PRIMARY_TEMP_01,298.8144
2024-01-15T02:55:00,PRIMARY_FLOW_01,606.7903
2024-01-15T02:56:00,COOLING_TEMP_01,69.8198
2024-01-15T02:56:00,COOLING_PRES_01,9.7047
2024-01-15T02:56:00,COOLING_FLOW_01,247.0032
2024-01-15T02:56:00,COOLING_HEAT_01,20.9784
2024-01-15T02:56:00,PRIMARY_PRES_01,155.3152
2024-01-15T02:56:00,PRIMARY_TEMP_01,301.8126
2024-01-15T02:56:00,PRIMARY_FLOW_01,606.963
2024-01-15T02:56:00,PRIMARY_LEVEL_01,50.3094
2024-01-15T02:57:00,COOLING_TEMP_01,70.3029
2024-01-15T02:57:00,COOLING_PRES_01,10.1734
2024-01-15T02:57:00,COOLING_FLOW_01,257.1067
2024-01-15T02:57:00,PRIMARY_PRES_01,154.8399
2024-01-15T02:57:00,PRIMARY_TEMP_01,300.1588
2024-01-15T02:57:00,PRIMARY_FLOW_01,596.5402
2024-01-15T02:58:00,COOLING_TEMP_01,69.9194
2024-01-15T02:58:00,COOLING_PRES_01,10.1702
2024-01-15T02:58:00,COOLING_FLOW_01,250.8934
2024-01-15T02:58:00,COOLING_HEAT_01,20.239
2024-01-15T02:58:00,PRIMARY_PRES_01,154.4822
2024-01-15T02:58:00,PRIMARY_TEMP_01,302.6925
2024-01-15T02:58:00,PRIMARY_FLOW_01,601.7817
2024-01-15T02:58:00,PRIMARY_LEVEL_01,49.5413
2024-01-15T02:59:00,COOLING_TEMP_01,70.982
2024-01-15T02:59:00,COOLING_PRES_01,10.1225
2024-01-15T02:59:00,COOLING_FLOW_01,247.942
2024-01-15T02:59:00,PRIMARY_PRES_01,155.0841
2024-01-15T02:59:00,PRIMARY_TEMP_01,301.5955
2024-01-15T02:59:00,PRIMARY_FLOW_01,593.9401
2024-01-15T03:00:00,COOLING_TEMP_01,71.6991
2024-01-15T03:00:00,COOLING_PRES_01,9.8778
2024-01-15T03:00:00,COOLING_FLOW_01,245.1155
2024-01-15T03:00:00,COOLING_HEAT_01,20.8706
2024-01-15T03:00:00,PRIMARY_PRES_01,155.5517
2024-01-15T03:00:00,PRIMARY_TEMP_01,300.2368
2024-01-15T03:00:00,PRIMARY_FLOW_01,593.4164
2024-01-15T03:00:00,PRIMARY_LEVEL_01,49.6605
2024-01-15T03:01:00,COOLING_TEMP_01,70.9115
2024-01-15T03:01:00,COOLING_PRES_01,10.0493
2024-01-15T03:01:00,COOLING_FLOW_01,244.0561
2024-01-15T03:01:00,PRIMARY_PRES_01,155.2655
2024-01-15T03:01:00,PRIMARY_TEMP_01,302.9101
2024-01-15T03:01:00,PRIMARY_FLOW_01,603.8874
2024-01-15T03:02:00,COOLING_TEMP_01,70.2587
2024-01-15T03:02:00,COOLING_PRES_01,10.0937
2024-01-15T03:02:00,COOLING_FLOW_01,251.6034
2024-01-15T03:02:00,COOLING_HEAT_01,20.8962
2024-01-15T03:02:00,PRIMARY_PRES_01,155.0519
2024-01-15T03:02:00,PRIMARY_TEMP_01,303.8221
2024-01-15T03:02:00,PRIMARY_FLOW_01,593.9193
2024-01-15T03:02:00,PRIMARY_LEVEL_01,50.2663
2024-01-15T03:03:00,COOLING_TEMP_01,70.5728
2024-01-15T03:03:00,COOLING_PRES_01,10.1569
2024-01-15T03:03:00,COOLING_FLOW_01,248.7837
2024-01-15T03:03:00,PRIMARY_PRES_01,155.2644
2024-01-15T03:03:00,PRIMARY_TEMP_01,299.9649
2024-01-15T03:03:00,PRIMARY_FLOW_01,598.7377
2024-01-15T03:04:00,COOLING_TEMP_01,71.014
2024-01-15T03:04:00,COOLING_PRES_01,9.7467
2024-01-15T03:04:00,COOLING_FLOW_01,253.0583
2024-01-15T03:04:00,COOLING_HEAT_01,20.5517
2024-01-15T03:04:00,PRIMARY_PRES_01,154.6638
2024-01-15T03:04:00,PRIMARY_TEMP_01,303.261
2024-01-15T03:04:00,PRIMARY_FLOW_01,600.2685
2024-01-15T03:04:00,PRIMARY_LEVEL_01,49.577
2024-01-15T03:05:00,COOLING_TEMP_01,70.956
2024-01-15T03:05:00,COOLING_PRES_01,9.9643
2024-01-15T03:05:00,COOLING_FLOW_01,248.4361
2024-01-15T03:05:00,PRIMARY_PRES_01,154.8131
2024-01-15T03:05:00,PRIMARY_TEMP_01,299.6678
2024-01-15T03:05:00,PRIMARY_FLOW_01,600.6637
2024-01-15T03:06:00,COOLING_TEMP_01,70.0552
2024-01-15T03:06:00,COOLING_PRES_01,9.9452
2024-01-15T03:06:00,COOLING_FLOW_01,248.8416
2024-01-15T03:06:00,COOLING_HEAT_01,20.9955
2024-01-15T03:06:00,PRIMARY_PRES_01,154.2464
2024-01-15T03:06:00,PRIMARY_TEMP_01,300.27
2024-01-15T03:06:00,PRIMARY_FLOW_01,596.8043
2024-01-15T03:06:00,PRIMARY_LEVEL_01,50.483
2024-01-15T03:07:00,COOLING_TEMP_01,71.7286
2024-01-15T03:07:00,COOLING_PRES_01,9.9881
2024-01-15T03:07:00,COOLING_FLOW_01,251.1219
2024-01-15T03:07:00,PRIMARY_PRES_01,154.8566
2024-01-15T03:07:00,PRIMARY_TEMP_01,301.6309
2024-01-15T03:07:00,PRIMARY_FLOW_01,603.9595
2024-01-15T03:08:00,COOLING_TEMP_01,71.5835
2024-01-15T03:08:00,COOLING_PRES_01,9.9014
2024-01-15T03:08:00,COOLING_FLOW_01,253.541
2024-01-15T03:08:00,COOLING_HEAT_01,20.428
2024-01-15T03:08:00,PRIMARY_PRES_01,155.1946
2024-01-15T03:08:00,PRIMARY_TEMP_01,302.1377
2024-01-15T03:08:00,PRIMARY_FLOW_01,595.7064
2024-01-15T03:08:00,PRIMARY_LEVEL_01,49.4201
2024-01-15T03:09:00,COOLING_TEMP_01,71.4971
2024-01-15T03:09:00,COOLING_PRES_01,9.8271
2024-01-15T03:09:00,COOLING_FLOW_01,249.6814
2024-01-15T03:09:00,PRIMARY_PRES_01,155.108
2024-01-15T03:09:00,PRIMARY_TEMP_01,302.9405
2024-01-15T03:09:00,PRIMARY_FLOW_01,595.2544
2024-01-15T03:10:00,COOLING_TEMP_01,70.541
2024-01-15T03:10:00,COOLING_PRES_01,10.2202
2024-01-15T03:10:00,COOLING_FLOW_01,248.0176
2024-01-15T03:10:00,COOLING_HEAT_01,20.2356
2024-01-15T03:10:00,PRIMARY_PRES_01,155.2714
2024-01-15T03:10:00,PRIMARY_TEMP_01,301.5003
2024-01-15T03:10:00,PRIMARY_FLOW_01,601.3224
2024-01-15T03:10:00,PRIMARY_LEVEL_01,50.126
2024-01-15T03:11:00,COOLING_TEMP_01,70.5856
2024-01-15T03:11:00,COOLING_PRES_01,9.9129
2024-01-15T03:11:00,COOLING_FLOW_01,250.1563
2024-01-15T03:11:00,PRIMARY_PRES_01,155.1184
2024-01-15T03:11:00,PRIMARY_TEMP_01,302.3395
2024-01-15T03:11:00,PRIMARY_FLOW_01,598.7702
2024-01-15T03:12:00,COOLING_TEMP_01,70.1398
2024-01-15T03:12:00,COOLING_PRES_01,10.1582
2024-01-15T03:12:00,COOLING_FLOW_01,254.933
2024-01-15T03:12:00,COOLING_HEAT_01,20.3927
2024-01-15T03:12:00,PRIMARY_PRES_01,154.4416
2024-01-15T03:12:00,PRIMARY_TEMP_01,300.9814
2024-01-15T03:12:00,PRIMARY_FLOW_01,597.6196
2024-01-15T03:12:00,PRIMARY_LEVEL_01,50.7654
2024-01-15T03:13:00,COOLING_TEMP_01,70.5686
2024-01-15T03:13:00,COOLING_PRES_01,9.9717
2024-01-15T03:13:00,COOLING_FLOW_01,248.5093
2024-01-15T03:13:00,PRIMARY_PRES_01,155.1127
2024-01-15T03:13:00,PRIMARY_TEMP_01,303.3569
2024-01-15T03:13:00,PRIMARY_FLOW_01,601.7648
2024-01-15T03:14:00,COOLING_TEMP_01,70.4621
2024-01-15T03:14:00,COOLING_PRES_01,10.1704
2024-01-15T03:14:00,COOLING_FLOW_01,249.7435
2024-01-15T03:14:00,COOLING_HEAT_01,20.1714
2024-01-15T03:14:00,PRIMARY_PRES_01,155.4339
2024-01-15T03:14:00,PRIMARY_TEMP_01,300.8663
2024-01-15T03:14:00,PRIMARY_FLOW_01,587.7073
2024-01-15T03:14:00,PRIMARY_LEVEL_01,49.5942
2024-01-15T03:15:00,COOLING_TEMP_01,70.4988
2024-01-15T03:15:00,COOLING_PRES_01,10.1536
2024-01-15T03:15:00,COOLING_FLOW_01,252.7039
2024-01-15T03:15:00,PRIMARY_PRES_01,155.0208
2024-01-15T03:15:00,PRIMARY_TEMP_01,302.2589
2024-01-15T03:15:00,PRIMARY_FLOW_01,593.4525
2024-01-15T03:16:00,COOLING_TEMP_01,71.4982
2024-01-15T03:16:00,COOLING_PRES_01,10.1524
2024-01-15T03:16:00,COOLING_FLOW_01,252.8517
2024-01-15T03:16:00,COOLING_HEAT_01,20.7863
2024-01-15T03:16:00,PRIMARY_PRES_01,155.0264
2024-01-15T03:16:00,PRIMARY_TEMP_01,302.9813
2024-01-15T03:16:00,PRIMARY_FLOW_01,602.8776
2024-01-15T03:16:00,PRIMARY_LEVEL_01,49.898
2024-01-15T03:17:00,COOLING_TEMP_01,71.2873
2024-01-15T03:17:00,COOLING_PRES_01,9.8643
2024-01-15T03:17:00,COOLING_FLOW_01,253.6499
2024-01-15T03:17:00,PRIMARY_PRES_01,154.7955
2024-01-15T03:17:00,PRIMARY_TEMP_01,302.0213
2024-01-15T03:17:00,PRIMARY_FLOW_01,609.6735
2024-01-15T03:18:00,COOLING_TEMP_01,70.9163
2024-01-15T03:18:00,COOLING_PRES_01,10.0047
2024-01-15T03:18:00,COOLING_FLOW_01,248.718
2024-01-15T03:18:00,COOLING_HEAT_01,20.7434
2024-01-15T03:18:00,PRIMARY_PRES_01,155.0795
2024-01-15T03:18:00,PRIMARY_TEMP_01,300.2956
2024-01-15T03:18:00,PRIMARY_FLOW_01,599.5709
2024-01-15T03:18:00,PRIMARY_LEVEL_01,49.5578
2024-01-15T03:19:00,COOLING_TEMP_01,70.438
2024-01-15T03:19:00,COOLING_PRES_01,9.9552
2024-01-15T03:19:00,COOLING_FLOW_01,250.6649
2024-01-15T03:19:00,PRIMARY_PRES_01,154.4779
2024-01-15T03:19:00,PRIMARY_TEMP_01,299.2858
2024-01-15T03:19:00,PRIMARY_FLOW_01,612.8049
2024-01-15T03:20:00,COOLING_TEMP_01,70.3893
2024-01-15T03:20:00,COOLING_PRES_01,10.0496
2024-01-15T03:20:00,COOLING_FLOW_01,245.2322
2024-01-15T03:20:00,COOLING_HEAT_01,20.1315
2024-01-15T03:20:00,PRIMARY_PRES_01,154.5506
2024-01-15T03:20:00,PRIMARY_TEMP_01,300.5266
2024-01-15T03:20:00,PRIMARY_FLOW_01,608.5946
2024-01-15T03:20:00,PRIMARY_LEVEL_01,50.0658
2024-01-15T03:21:00,COOLING_TEMP_01,71.4105
2024-01-15T03:21:00,COOLING_PRES_01,9.9591
2024-01-15T03:21:00,COOLING_FLOW_01,246.7887
2024-01-15T03:21:00,PRIMARY_PRES_01,155.0727
2024-01-15T03:21:00,PRIMARY_TEMP_01,301.5683
2024-01-15T03:21:00,PRIMARY_FLOW_01,601.1107
2024-01-15T03:22:00,COOLING_TEMP_01,70.4356
2024-01-15T03:22:00,COOLING_PRES_01,9.9023
2024-01-15T03:22:00,COOLING_FLOW_01,249.9375
2024-01-15T03:22:00,COOLING_HEAT_01,19.8355
2024-01-15T03:22:00,PRIMARY_PRES_01,154.872
2024-01-15T03:22:00,PRIMARY_TEMP_01,300.9146
2024-01-15T03:22:00,PRIMARY_FLOW_01,597.82
2024-01-15T03:22:00,PRIMARY_LEVEL_01,50.091
2024-01-15T03:23:00,COOLING_TEMP_01,70.254
2024-01-15T03:23:00,COOLING_PRES_01,9.9911
2024-01-15T03:23:00,COOLING_FLOW_01,246.0333
2024-01-15T03:23:00,PRIMARY_PRES_01,154.7889
2024-01-15T03:23:00,PRIMARY_TEMP_01,302.3253
2024-01-15T03:23:00,PRIMARY_FLOW_01,594.1802
2024-01-15T03:24:00,COOLING_TEMP_01,71.9247
2024-01-15T03:24:00,COOLING_PRES_01,9.9077
2024-01-15T03:24:00,COOLING_FLOW_01,245.3489
2024-01-15T03:24:00,COOLING_HEAT_01,20.014
2024-01-15T03:24:00,PRIMARY_PRES_01,155.2495
2024-01-15T03:24:00,PRIMARY_TEMP_01,300.6238
2024-01-15T03:24:00,PRIMARY_FLOW_01,593.582
2024-01-15T03:24:00,PRIMARY_LEVEL_01,50.1513
2024-01-15T03:25:00,COOLING_TEMP_01,70.4134
2024-01-15T03:25:00,COOLING_PRES_01,10.0835
2024-01-15T03:25:00,COOLING_FLOW_01,254.1005
2024-01-15T03:25:00,PRIMARY_PRES_01,154.8652
2024-01-15T03:25:00,PRIMARY_TEMP_01,301.4982
2024-01-15T03:25:00,PRIMARY_FLOW_01,601.8629
2024-01-15T03:26:00,COOLING_TEMP_01,71.2251
2024-01-15T03:26:00,COOLING_PRES_01,10.0498
2024-01-15T03:26:00,COOLING_FLOW_01,251.3258
2024-01-15T03:26:00,COOLING_HEAT_01,20.0091
2024-01-15T03:26:00,PRIMARY_PRES_01,155.247
2024-01-15T03:26:00,PRIMARY_TEMP_01,301.7611
2024-01-15T03:26:00,PRIMARY_FLOW_01,585.8126
2024-01-15T03:26:00,PRIMARY_LEVEL_01,49.8239
2024-01-15T03:27:00,COOLING_TEMP_01,71.0922
2024-01-15T03:27:00,COOLING_PRES_01,9.9986
2024-01-15T03:27:00,COOLING_FLOW_01,250.9034
2024-01-15T03:27:00,PRIMARY_PRES_01,155.5801
2024-01-15T03:27:00,PRIMARY_TEMP_01,299.9457
2024-01-15T03:27:00,PRIMARY_FLOW_01,598.6654
2024-01-15T03:28:00,COOLING_TEMP_01,71.0937
2024-01-15T03:28:00,COOLING_PRES_01,9.8848
2024-01-15T03:28:00,COOLING_FLOW_01,254.2887
2024-01-15T03:28:00,COOLING_HEAT_01,20.0586
2024-01-15T03:28:00,PRIMARY_PRES_01,155.1634
2024-01-15T03:28:00,PRIMARY_TEMP_01,300.1806
2024-01-15T03:28:00,PRIMARY_FLOW_01,601.1865
2024-01-15T03:28:00,PRIMARY_LEVEL_01,50.4484
2024-01-15T03:29:00,COOLING_TEMP_01,70.1969
2024-01-15T03:29:00,COOLING_PRES_01,10.0991
2024-01-15T03:29:00,COOLING_FLOW_01,249.3539
2024-01-15T03:29:00,PRIMARY_PRES_01,155.0085
2024-01-15T03:29:00,PRIMARY_TEMP_01,301.8925
2024-01-15T03:29:00,PRIMARY_FLOW_01,598.5233
2024-01-15T03:30:00,COOLING_TEMP_01,70.3362
2024-01-15T03:30:00,COOLING_PRES_01,10.1857
2024-01-15T03:30:00,COOLING_FLOW_01,244.4375
2024-01-15T03:30:00,COOLING_HEAT_01,20.517
2024-01-15T03:30:00,PRIMARY_PRES_01,154.7617
2024-01-15T03:30:00,PRIMARY_TEMP_01,302.9048
2024-01-15T03:30:00,PRIMARY_FLOW_01,594.5835
2024-01-15T03:30:00,PRIMARY_LEVEL_01,49.6402
2024-01-15T03:31:00,COOLING_TEMP_01,71.6984
2024-01-15T03:31:00,COOLING_PRES_01,9.9568
2024-01-15T03:31:00,COOLING_FLOW_01,244.7878
2024-01-15T03:31:00,PRIMARY_PRES_01,154.4927
2024-01-15T03:31:00,PRIMARY_TEMP_01,302.8723
2024-01-15T03:31:00,PRIMARY_FLOW_01,606.635
2024-01-15T03:32:00,COOLING_TEMP_01,70.6953
2024-01-15T03:32:00,COOLING_PRES_01,9.9729
2024-01-15T03:32:00,COOLING_FLOW_01,249.1011
2024-01-15T03:32:00,COOLING_HEAT_01,20.2419
2024-01-15T03:32:00,PRIMARY_PRES_01,155.0967
2024-01-15T03:32:00,PRIMARY_TEMP_01,301.7886
2024-01-15T03:32:00,PRIMARY_FLOW_01,605.1622
2024-01-15T03:32:00,PRIMARY_LEVEL_01,49.6992
2024-01-15T03:33:00,COOLING_TEMP_01,70.9362
2024-01-15T03:33:00,COOLING_PRES_01,10.1243
2024-01-15T03:33:00,COOLING_FLOW_01,249.8872
2024-01-15T03:33:00,PRIMARY_PRES_01,154.8432
2024-01-15T03:33:00,PRIMARY_TEMP_01,302.0388
2024-01-15T03:33:00,PRIMARY_FLOW_01,598.3555
2024-01-15T03:34:00,COOLING_TEMP_01,71.4649
2024-01-15T03:34:00,COOLING_PRES_01,10.2196
2024-01-15T03:34:00,COOLING_FLOW_01,250.5881
2024-01-15T03:34:00,COOLING_HEAT_01,21.0332
2024-01-15T03:34:00,PRIMARY_PRES_01,155.0519
2024-01-15T03:34:00,PRIMARY_TEMP_01,299.1646
2024-01-15T03:34:00,PRIMARY_FLOW_01,596.3972
2024-01-15T03:34:00,PRIMARY_LEVEL_01,50.4685
2024-01-15T03:35:00,COOLING_TEMP_01,71.4263
2024-01-15T03:35:00,COOLING_PRES_01,9.9924
2024-01-15T03:35:00,COOLING_FLOW_01,249.5282
2024-01-15T03:35:00,PRIMARY_PRES_01,155.3104
2024-01-15T03:35:00,PRIMARY_TEMP_01,302.1312
2024-01-15T03:35:00,PRIMARY_FLOW_01,608.3641
2024-01-15T03:36:00,COOLING_TEMP_01,71.5512
2024-01-15T03:36:00,COOLING_PRES_01,10.0348
2024-01-15T03:36:00,COOLING_FLOW_01,249.6593
2024-01-15T03:36:00,COOLING_HEAT_01,20.2372
2024-01-15T03:36:00,PRIMARY_PRES_01,154.9141
2024-01-15T03:36:00,PRIMARY_TEMP_01,302.0779
2024-01-15T03:36:00,PRIMARY_FLOW_01,601.1471
2024-01-15T03:36:00,PRIMARY_LEVEL_01,50.7841
2024-01-15T03:37:00,COOLING_TEMP_01,71.1263
2024-01-15T03:37:00,COOLING_PRES_01,9.7039
2024-01-15T03:37:00,COOLING_FLOW_01,251.202
2024-01-15T03:37:00,PRIMARY_PRES_01,155.5281
2024-01-15T03:37:00,PRIMARY_TEMP_01,303.381
2024-01-15T03:37:00,PRIMARY_FLOW_01,601.2241
2024-01-15T03:38:00,COOLING_TEMP_01,70.1848
2024-01-15T03:38:00,COOLING_PRES_01,10.0632
2024-01-15T03:38:00,COOLING_FLOW_01,253.7614
2024-01-15T03:38:00,COOLING_HEAT_01,20.8406
2024-01-15T03:38:00,PRIMARY_PRES_01,155.3421
2024-01-15T03:38:00,PRIMARY_TEMP_01,302.4121
2024-01-15T03:38:00,PRIMARY_FLOW_01,586.8907
2024-01-15T03:38:00,PRIMARY_LEVEL_01,49.3049
2024-01-15T03:39:00,COOLING_TEMP_01,71.1521
2024-01-15T03:39:00,COOLING_PRES_01,10.0522
2024-01-15T03:39:00,COOLING_FLOW_01,251.299
2024-01-15T03:39:00,PRIMARY_PRES_01,155.4488
2024-01-15T03:39:00,PRIMARY_TEMP_01,303.0793
2024-01-15T03:39:00,PRIMARY_FLOW_01,601.014
2024-01-15T03:40:00,COOLING_TEMP_01,71.7844
2024-01-15T03:40:00,COOLING_PRES_01,9.9801
2024-01-15T03:40:00,COOLING_FLOW_01,252.1717
2024-01-15T03:40:00,COOLING_HEAT_01,20.4042
2024-01-15T03:40:00,PRIMARY_PRES_01,154.9692
2024-01-15T03:40:00,PRIMARY_TEMP_01,300.3052
2024-01-15T03:40:00,PRIMARY_FLOW_01,597.6389
2024-01-15T03:40:00,PRIMARY_LEVEL_01,49.1653
2024-01-15T03:41:00,COOLING_TEMP_01,71.2728
2024-01-15T03:41:00,COOLING_PRES_01,10.2118
2024-01-15T03:41:00,COOLING_FLOW_01,245.6386
2024-01-15T03:41:00,PRIMARY_PRES_01,154.5247
2024-01-15T03:41:00,PRIMARY_TEMP_01,300.9866
2024-01-15T03:41:00,PRIMARY_FLOW_01,601.1071
2024-01-15T03:42:00,COOLING_TEMP_01,71.8456
2024-01-15T03:42:00,COOLING_PRES_01,10.1608
2024-01-15T03:42:00,COOLING_FLOW_01,254.5822
2024-01-15T03:42:00,COOLING_HEAT_01,20.3516
2024-01-15T03:42:00,PRIMARY_PRES_01,154.424
2024-01-15T03:42:00,PRIMARY_TEMP_01,302.5273
2024-01-15T03:42:00,PRIMARY_FLOW_01,608.365
2024-01-15T03:42:00,PRIMARY_LEVEL_01,49.7368
2024-01-15T03:43:00,COOLING_TEMP_01,71.1088
2024-01-15T03:43:00,COOLING_PRES_01,9.9006
2024-01-15T03:43:00,COOLING_FLOW_01,245.0792
2024-01-15T03:43:00,PRIMARY_PRES_01,155.0955
2024-01-15T03:43:00,PRIMARY_TEMP_01,299.4755
2024-01-15T03:43:00,PRIMARY_FLOW_01,600.5214
2024-01-15T03:44:00,COOLING_TEMP_01,71.3255
2024-01-15T03:44:00,COOLING_PRES_01,10.1822
2024-01-15T03:44:00,COOLING_FLOW_01,245.4578
2024-01-15T03:44:00,COOLING_HEAT_01,19.7967
2024-01-15T03:44:00,PRIMARY_PRES_01,154.7622
2024-01-15T03:44:00,PRIMARY_TEMP_01,300.0593
2024-01-15T03:44:00,PRIMARY_FLOW_01,595.3146
2024-01-15T03:44:00,PRIMARY_LEVEL_01,49.6503
2024-01-15T03:45:00,COOLING_TEMP_01,70.3979
2024-01-15T03:45:00,COOLING_PRES_01,10.0012
2024-01-15T03:45:00,COOLING_FLOW_01,246.8452
2024-01-15T03:45:00,PRIMARY_PRES_01,154.9264
2024-01-15T03:45:00,PRIMARY_TEMP_01,300.8131
2024-01-15T03:45:00,PRIMARY_FLOW_01,605.7311
2024-01-15T03:46:00,COOLING_TEMP_01,71.7241
2024-01-15T03:46:00,COOLING_PRES_01,9.8723
2024-01-15T03:46:00,COOLING_FLOW_01,244.9035
2024-01-15T03:46:00,COOLING_HEAT_01,20.2189
2024-01-15T03:46:00,PRIMARY_PRES_01,155.0036
2024-01-15T03:46:00,PRIMARY_TEMP_01,303.3527
2024-01-15T03:46:00,PRIMARY_FLOW_01,596.6466
2024-01-15T03:46:00,PRIMARY_LEVEL_01,49.84
2024-01-15T03:47:00,COOLING_TEMP_01,71.8294
2024-01-15T03:47:00,COOLING_PRES_01,10.1959
2024-01-15T03:47:00,COOLING_FLOW_01,247.0712
2024-01-15T03:47:00,PRIMARY_PRES_01,155.02
2024-01-15T03:47:00,PRIMARY_TEMP_01,301.5708
2024-01-15T03:47:00,PRIMARY_FLOW_01,596.0055
2024-01-15T03:48:00,COOLING_TEMP_01,70.7535
2024-01-15T03:48:00,COOLING_PRES_01,10.1177
2024-01-15T03:48:00,COOLING_FLOW_01,247.5473
2024-01-15T03:48:00,COOLING_HEAT_01,20.4277
2024-01-15T03:48:00,PRIMARY_PRES_01,154.4012
2024-01-15T03:48:00,PRIMARY_TEMP_01,302.2515
2024-01-15T03:48:00,PRIMARY_FLOW_01,608.1308
2024-01-15T03:48:00,PRIMARY_LEVEL_01,48.4703
2024-01-15T03:49:00,COOLING_TEMP_01,70.559
2024-01-15T03:49:00,COOLING_PRES_01,9.8533
2024-01-15T03:49:00,COOLING_FLOW_01,251.0609
2024-01-15T03:49:00,PRIMARY_PRES_01,154.5637
2024-01-15T03:49:00,PRIMARY_TEMP_01,299.0684
2024-01-15T03:49:00,PRIMARY_FLOW_01,602.214
2024-01-15T03:50:00,COOLING_TEMP_01,71.5224
2024-01-15T03:50:00,COOLING_PRES_01,9.9607
2024-01-15T03:50:00,COOLING_FLOW_01,253.4131
2024-01-15T03:50:00,COOLING_HEAT_01,20.4977
2024-01-15T03:50:00,PRIMARY_PRES_01,154.8099
2024-01-15T03:50:00,PRIMARY_TEMP_01,303.6511
2024-01-15T03:50:00,PRIMARY_FLOW_01,609.0106
2024-01-15T03:50:00,PRIMARY_LEVEL_01,50.0927
2024-01-15T03:51:00,COOLING_TEMP_01,70.0375
2024-01-15T03:51:00,COOLING_PRES_01,9.9146
2024-01-15T03:51:00,COOLING_FLOW_01,249.2447
2024-01-15T03:51:00,PRIMARY_PRES_01,155.409
2024-01-15T03:51:00,PRIMARY_TEMP_01,302.9848
2024-01-15T03:51:00,PRIMARY_FLOW_01,596.9104
2024-01-15T03:52:00,COOLING_TEMP_01,70.4808
2024-01-15T03:52:00,COOLING_PRES_01,9.9908
2024-01-15T03:52:00,COOLING_FLOW_01,250.4299
2024-01-15T03:52:00,COOLING_HEAT_01,20.4354
2024-01-15T03:52:00,PRIMARY_PRES_01,154.491
2024-01-15T03:52:00,PRIMARY_TEMP_01,303.0532
2024-01-15T03:52:00,PRIMARY_FLOW_01,600.3868
2024-01-15T03:52:00,PRIMARY_LEVEL_01,50.1774
2024-01-15T03:53:00,COOLING_TEMP_01,69.9321
2024-01-15T03:53:00,COOLING_PRES_01,10.04
2024-01-15T03:53:00,COOLING_FLOW_01,244.9038
2024-01-15T03:53:00,PRIMARY_PRES_01,155.171
2024-01-15T03:53:00,PRIMARY_TEMP_01,302.2283
2024-01-15T03:53:00,PRIMARY_FLOW_01,613.9582
2024-01-15T03:54:00,COOLING_TEMP_01,71.5805
2024-01-15T03:54:00,COOLING_PRES_01,10.0468
2024-01-15T03:54:00,COOLING_FLOW_01,253.0759
2024-01-15T03:54:00,COOLING_HEAT_01,20.6754
2024-01-15T03:54:00,PRIMARY_PRES_01,155.0651
2024-01-15T03:54:00,PRIMARY_TEMP_01,300.3037
2024-01-15T03:54:00,PRIMARY_FLOW_01,602.7047
2024-01-15T03:54:00,PRIMARY_LEVEL_01,49.0476
2024-01-15T03:55:00,COOLING_TEMP_01,71.1557
2024-01-15T03:55:00,COOLING_PRES_01,10.1503
2024-01-15T03:55:00,COOLING_FLOW_01,250.912
2024-01-15T03:55:00,PRIMARY_PRES_01,154.8498
2024-01-15T03:55:00,PRIMARY_TEMP_01,301.3557
2024-01-15T03:55:00,PRIMARY_FLOW_01,606.7425
2024-01-15T03:56:00,COOLING_TEMP_01,70.3399
2024-01-15T03:56:00,COOLING_PRES_01,10.2618
2024-01-15T03:56:00,COOLING_FLOW_01,253.1848
2024-01-15T03:56:00,COOLING_HEAT_01,19.9973
2024-01-15T03:56:00,PRIMARY_PRES_01,155.3167
2024-01-15T03:56:00,PRIMARY_TEMP_01,300.3356
2024-01-15T03:56:00,PRIMARY_FLOW_01,601.4376
2024-01-15T03:56:00,PRIMARY_LEVEL_01,50.6147
2024-01-15T03:57:00,COOLING_TEMP_01,71.6664
2024-01-15T03:57:00,COOLING_PRES_01,10.0809
2024-01-15T03:57:00,COOLING_FLOW_01,248.8348
2024-01-15T03:57:00,PRIMARY_PRES_01,154.9732
2024-01-15T03:57:00,PRIMARY_TEMP_01,299.8752
2024-01-15T03:57:00,PRIMARY_FLOW_01,603.2041
2024-01-15T03:58:00,COOLING_TEMP_01,70.6617
2024-01-15T03:58:00,COOLING_PRES_01,10.1742
2024-01-15T03:58:00,COOLING_FLOW_01,245.6818
2024-01-15T03:58:00,COOLING_HEAT_01,20.1492
2024-01-15T03:58:00,PRIMARY_PRES_01,155.1315
2024-01-15T03:58:00,PRIMARY_TEMP_01,300.856
2024-01-15T03:58:00,PRIMARY_FLOW_01,596.8561
2024-01-15T03:58:00,PRIMARY_LEVEL_01,50.285
2024-01-15T03:59:00,COOLING_TEMP_01,71.4419
2024-01-15T03:59:00,COOLING_PRES_01,10.1159
2024-01-15T03:59:00,COOLING_FLOW_01,246.4893
2024-01-15T03:59:00,PRIMARY_PRES_01,154.7058
2024-01-15T03:59:00,PRIMARY_TEMP_01,302.205
2024-01-15T03:59:00,PRIMARY_FLOW_01,593.4821
2024-01-15T04:00:00,COOLING_TEMP_01,70.9082
2024-01-15T04:00:00,COOLING_PRES_01,9.795
2024-01-15T04:00:00,COOLING_FLOW_01,246.8044
2024-01-15T04:00:00,COOLING_HEAT_01,20.2932
2024-01-15T04:00:00,PRIMARY_PRES_01,155.4573
2024-01-15T04:00:00,PRIMARY_TEMP_01,301.1961
2024-01-15T04:00:00,PRIMARY_FLOW_01,613.2846
2024-01-15T04:00:00,PRIMARY_LEVEL_01,50.8748
2024-01-15T04:01:00,COOLING_TEMP_01,71.1962
2024-01-15T04:01:00,COOLING_PRES_01,10.0589
2024-01-15T04:01:00,COOLING_FLOW_01,250.9306
2024-01-15T04:01:00,PRIMARY_PRES_01,155.0718
2024-01-15T04:01:00,PRIMARY_TEMP_01,301.6384
2024-01-15T04:01:00,PRIMARY_FLOW_01,599.747
2024-01-15T04:02:00,COOLING_TEMP_01,71.3679
2024-01-15T04:02:00,COOLING_PRES_01,10.0821
2024-01-15T04:02:00,COOLING_FLOW_01,246.622
2024-01-15T04:02:00,COOLING_HEAT_01,21.0424
2024-01-15T04:02:00,PRIMARY_PRES_01,155.1579
2024-01-15T04:02:00,PRIMARY_TEMP_01,304.2869
2024-01-15T04:02:00,PRIMARY_FLOW_01,602.4736
2024-01-15T04:02:00,PRIMARY_LEVEL_01,50.8214
2024-01-15T04:03:00,COOLING_TEMP_01,70.3231
2024-01-15T04:03:00,COOLING_PRES_01,9.9567
2024-01-15T04:03:00,COOLING_FLOW_01,254.7203
2024-01-15T04:03:00,PRIMARY_PRES_01,154.2989
2024-01-15T04:03:00,PRIMARY_TEMP_01,302.6296
2024-01-15T04:03:00,PRIMARY_FLOW_01,605.9113
2024-01-15T04:04:00,COOLING_TEMP_01,71.6247
2024-01-15T04:04:00,COOLING_PRES_01,9.799
2024-01-15T04:04:00,COOLING_FLOW_01,249.0841
2024-01-15T04:04:00,COOLING_HEAT_01,20.3005
2024-01-15T04:04:00,PRIMARY_PRES_01,154.4192
2024-01-15T04:04:00,PRIMARY_TEMP_01,303.2478
2024-01-15T04:04:00,PRIMARY_FLOW_01,599.9164
2024-01-15T04:04:00,PRIMARY_LEVEL_01,49.6119
2024-01-15T04:05:00,COOLING_TEMP_01,71.4177
2024-01-15T04:05:00,COOLING_PRES_01,9.9939
2024-01-15T04:05:00,COOLING_FLOW_01,247.1923
2024-01-15T04:05:00,PRIMARY_PRES_01,154.9548
2024-01-15T04:05:00,PRIMARY_TEMP_01,301.0646
2024-01-15T04:05:00,PRIMARY_FLOW_01,597.8068
2024-01-15T04:06:00,COOLING_TEMP_01,70.2137
2024-01-15T04:06:00,COOLING_PRES_01,9.8406
2024-01-15T04:06:00,COOLING_FLOW_01,252.2272
2024-01-15T04:06:00,COOLING_HEAT_01,20.9333
2024-01-15T04:06:00,PRIMARY_PRES_01,155.1566
2024-01-15T04:06:00,PRIMARY_TEMP_01,302.2943
2024-01-15T04:06:00,PRIMARY_FLOW_01,598.8341
2024-01-15T04:06:00,PRIMARY_LEVEL_01,49.7995
2024-01-15T04:07:00,COOLING_TEMP_01,71.7945
2024-01-15T04:07:00,COOLING_PRES_01,9.8895
2024-01-15T04:07:00,COOLING_FLOW_01,247.3944
2024-01-15T04:07:00,PRIMARY_PRES_01,154.653
2024-01-15T04:07:00,PRIMARY_TEMP_01,300.8317
2024-01-15T04:07:00,PRIMARY_FLOW_01,595.1992
2024-01-15T04:08:00,COOLING_TEMP_01,70.23
2024-01-15T04:08:00,COOLING_PRES_01,9.9413
2024-01-15T04:08:00,COOLING_FLOW_01,250.6823
2024-01-15T04:08:00,COOLING_HEAT_01,20.1659
2024-01-15T04:08:00,PRIMARY_PRES_01,155.2032
2024-01-15T04:08:00,PRIMARY_TEMP_01,300.2058
2024-01-15T04:08:00,PRIMARY_FLOW_01,595.3285
2024-01-15T04:08:00,PRIMARY_LEVEL_01,50.3926
2024-01-15T04:09:00,COOLING_TEMP_01,70.9723
2024-01-15T04:09:00,COOLING_PRES_01,10.004
2024-01-15T04:09:00,COOLING_FLOW_01,255.6939
2024-01-15T04:09:00,PRIMARY_PRES_01,154.9
2024-01-15T04:09:00,PRIMARY_TEMP_01,302.2818
2024-01-15T04:09:00,PRIMARY_FLOW_01,606.6183
2024-01-15T04:10:00,COOLING_TEMP_01,70.7111
2024-01-15T04:10:00,COOLING_PRES_01,10.1481
2024-01-15T04:10:00,COOLING_FLOW_01,248.7565
2024-01-15T04:10:00,COOLING_HEAT_01,20.325
2024-01-15T04:10:00,PRIMARY_PRES_01,154.9282
2024-01-15T04:10:00,PRIMARY_TEMP_01,301.2157
2024-01-15T04:10:00,PRIMARY_FLOW_01,607.076
2024-01-15T04:10:00,PRIMARY_LEVEL_01,48.7712
2024-01-15T04:11:00,COOLING_TEMP_01,70.2489
2024-01-15T04:11:00,COOLING_PRES_01,9.8811
2024-01-15T04:11:00,COOLING_FLOW_01,246.0759
2024-01-15T04:11:00,PRIMARY_PRES_01,155.2647
2024-01-15T04:11:00,PRIMARY_TEMP_01,302.4394
2024-01-15T04:11:00,PRIMARY_FLOW_01,599.9806
2024-01-15T04:12:00,COOLING_TEMP_01,70.8322
2024-01-15T04:12:00,COOLING_PRES_01,9.9336
2024-01-15T04:12:00,COOLING_FLOW_01,251.239
2024-01-15T04:12:00,COOLING_HEAT_01,20.34
2024-01-15T04:12:00,PRIMARY_PRES_01,155.1322
2024-01-15T04:12:00,PRIMARY_TEMP_01,301.4253
2024-01-15T04:12:00,PRIMARY_FLOW_01,594.3335
2024-01-15T04:12:00,PRIMARY_LEVEL_01,50.0477
2024-01-15T04:13:00,COOLING_TEMP_01,70.3123
2024-01-15T04:13:00,COOLING_PRES_01,9.8928
2024-01-15T04:13:00,COOLING_FLOW_01,253.4686
2024-01-15T04:13:00,PRIMARY_PRES_01,155.0235
2024-01-15T04:13:00,PRIMARY_TEMP_01,299.8433
2024-01-15T04:13:00,PRIMARY_FLOW_01,585.3596
2024-01-15T04:14:00,COOLING_TEMP_01,71.5909
2024-01-15T04:14:00,COOLING_PRES_01,10.1811
2024-01-15T04:14:00,COOLING_FLOW_01,247.8828
2024-01-15T04:14:00,COOLING_HEAT_01,20.6532
2024-01-15T04:14:00,PRIMARY_PRES_01,154.7769
2024-01-15T04:14:00,PRIMARY_TEMP_01,300.7322
2024-01-15T04:14:00,PRIMARY_FLOW_01,599.3397
2024-01-15T04:14:00,PRIMARY_LEVEL_01,50.3247
2024-01-15T04:15:00,COOLING_TEMP_01,70.6692
2024-01-15T04:15:00,COOLING_PRES_01,10.0578
2024-01-15T04:15:00,COOLING_FLOW_01,252.0305
2024-01-15T04:15:00,PRIMARY_PRES_01,155.2802
2024-01-15T04:15:00,PRIMARY_TEMP_01,302.1881
2024-01-15T04:15:00,PRIMARY_FLOW_01,589.803
2024-01-15T04:16:00,COOLING_TEMP_01,71.7214
2024-01-15T04:16:00,COOLING_PRES_01,9.8229
2024-01-15T04:16:00,COOLING_FLOW_01,250.0319
2024-01-15T04:16:00,COOLING_HEAT_01,20.4115
2024-01-15T04:16:00,PRIMARY_PRES_01,155.13
2024-01-15T04:16:00,PRIMARY_TEMP_01,301.7627
2024-01-15T04:16:00,PRIMARY_FLOW_01,603.8332
2024-01-15T04:16:00,PRIMARY_LEVEL_01,49.8324
2024-01-15T04:17:00,COOLING_TEMP_01,70.4537
2024-01-15T04:17:00,COOLING_PRES_01,9.9062
2024-01-15T04:17:00,COOLING_FLOW_01,249.9496
2024-01-15T04:17:00,PRIMARY_PRES_01,155.3746
2024-01-15T04:17:00,PRIMARY_TEMP_01,302.087
2024-01-15T04:17:00,PRIMARY_FLOW_01,607.0347
2024-01-15T04:18:00,COOLING_TEMP_01,70.9592
2024-01-15T04:18:00,COOLING_PRES_01,9.9677
2024-01-15T04:18:00,COOLING_FLOW_01,247.8605
2024-01-15T04:18:00,COOLING_HEAT_01,20.1756
2024-01-15T04:18:00,PRIMARY_PRES_01,155.259
2024-01-15T04:18:00,PRIMARY_TEMP_01,300.2314
2024-01-15T04:18:00,PRIMARY_FLOW_01,607.811
2024-01-15T04:18:00,PRIMARY_LEVEL_01,49.591
2024-01-15T04:19:00,COOLING_TEMP_01,70.7467
2024-01-15T04:19:00,COOLING_PRES_01,9.9786
2024-01-15T04:19:00,COOLING_FLOW_01,248.1713
2024-01-15T04:19:00,PRIMARY_PRES_01,155.1644
2024-01-15T04:19:00,PRIMARY_TEMP_01,302.2069
2024-01-15T04:19:00,PRIMARY_FLOW_01,608.6823
2024-01-15T04:20:00,COOLING_TEMP_01,70.4842
2024-01-15T04:20:00,COOLING_PRES_01,10.0021
2024-01-15T04:20:00,COOLING_FLOW_01,247.7501
2024-01-15T04:20:00,COOLING_HEAT_01,20.528
2024-01-15T04:20:00,PRIMARY_PRES_01,154.8742
2024-01-15T04:20:00,PRIMARY_TEMP_01,302.2971
2024-01-15T04:20:00,PRIMARY_FLOW_01,595.774
2024-01-15T04:20:00,PRIMARY_LEVEL_01,49.1022
2024-01-15T04:21:00,COOLING_TEMP_01,71.2879
2024-01-15T04:21:00,COOLING_PRES_01,9.9866
2024-01-15T04:21:00,COOLING_FLOW_01,250.6315
2024-01-15T04:21:00,PRIMARY_PRES_01,155.1315
2024-01-15T04:21:00,PRIMARY_TEMP_01,302.6072
2024-01-15T04:21:00,PRIMARY_FLOW_01,603.9236
2024-01-15T04:22:00,COOLING_TEMP_01,72.5459
2024-01-15T04:22:00,COOLING_PRES_01,10.0124
2024-01-15T04:22:00,COOLING_FLOW_01,244.2552
2024-01-15T04:22:00,COOLING_HEAT_01,20.3216
2024-01-15T04:22:00,PRIMARY_PRES_01,154.6292
2024-01-15T04:22:00,PRIMARY_TEMP_01,299.9607
2024-01-15T04:22:00,PRIMARY_FLOW_01,596.5281
2024-01-15T04:22:00,PRIMARY_LEVEL_01,50.8152
2024-01-15T04:23:00,COOLING_TEMP_01,71.5266
2024-01-15T04:23:00,COOLING_PRES_01,10.1393
2024-01-15T04:23:00,COOLING_FLOW_01,254.1967
2024-01-15T04:23:00,PRIMARY_PRES_01,155.2133
2024-01-15T04:23:00,PRIMARY_TEMP_01,302.3944
2024-01-15T04:23:00,PRIMARY_FLOW_01,606.4055
2024-01-15T04:24:00,COOLING_TEMP_01,70.73
2024-01-15T04:24:00,COOLING_PRES_01,10.1223
2024-01-15T04:24:00,COOLING_FLOW_01,250.3449
2024-01-15T04:24:00,COOLING_HEAT_01,20.3662
2024-01-15T04:24:00,PRIMARY_PRES_01,154.8772
2024-01-15T04:24:00,PRIMARY_TEMP_01,302.7631
2024-01-15T04:24:00,PRIMARY_FLOW_01,595.104
2024-01-15T04:24:00,PRIMARY_LEVEL_01,50.8314
2024-01-15T04:25:00,COOLING_TEMP_01,69.4344
2024-01-15T04:25:00,COOLING_PRES_01,10.0177
2024-01-15T04:25:00,COOLING_FLOW_01,248.9334
2024-01-15T04:25:00,PRIMARY_PRES_01,154.208
2024-01-15T04:25:00,PRIMARY_TEMP_01,301.2928
2024-01-15T04:25:00,PRIMARY_FLOW_01,595.5336
2024-01-15T04:26:00,COOLING_TEMP_01,71.2705
2024-01-15T04:26:00,COOLING_PRES_01,10.1097
2024-01-15T04:26:00,COOLING_FLOW_01,242.5198
2024-01-15T04:26:00,COOLING_HEAT_01,20.794
2024-01-15T04:26:00,PRIMARY_PRES_01,155.1743
2024-01-15T04:26:00,PRIMARY_TEMP_01,300.5312
2024-01-15T04:26:00,PRIMARY_FLOW_01,595.3741
2024-01-15T04:26:00,PRIMARY_LEVEL_01,50.1708
2024-01-15T04:27:00,COOLING_TEMP_01,69.8122
2024-01-15T04:27:00,COOLING_PRES_01,10.2859
2024-01-15T04:27:00,COOLING_FLOW_01,248.9712
2024-01-15T04:27:00,PRIMARY_PRES_01,155.6795
2024-01-15T04:27:00,PRIMARY_TEMP_01,301.231
2024-01-15T04:27:00,PRIMARY_FLOW_01,606.3583
2024-01-15T04:28:00,COOLING_TEMP_01,71.0553
2024-01-15T04:28:00,COOLING_PRES_01,10.1532
2024-01-15T04:28:00,COOLING_FLOW_01,252.2721
2024-01-15T04:28:00,COOLING_HEAT_01,20.1428
2024-01-15T04:28:00,PRIMARY_PRES_01,154.8485
2024-01-15T04:28:00,PRIMARY_TEMP_01,303.5145
2024-01-15T04:28:00,PRIMARY_FLOW_01,584.9365
2024-01-15T04:28:00,PRIMARY_LEVEL_01,49.4734
2024-01-15T04:29:00,COOLING_TEMP_01,70.9943
2024-01-15T04:29:00,COOLING_PRES_01,9.7448
2024-01-15T04:29:00,COOLING_FLOW_01,246.0169
2024-01-15T04:29:00,PRIMARY_PRES_01,155.5128
2024-01-15T04:29:00,PRIMARY_TEMP_01,301.4908
2024-01-15T04:29:00,PRIMARY_FLOW_01,602.0111
2024-01-15T04:30:00,COOLING_TEMP_01,70.6656
2024-01-15T04:30:00,COOLING_PRES_01,10.0047
2024-01-15T04:30:00,COOLING_FLOW_01,249.9738
2024-01-15T04:30:00,COOLING_HEAT_01,20.2033
2024-01-15T04:30:00,PRIMARY_PRES_01,154.5516
2024-01-15T04:30:00,PRIMARY_TEMP_01,301.9786
2024-01-15T04:30:00,PRIMARY_FLOW_01,604.8802
2024-01-15T04:30:00,PRIMARY_LEVEL_01,51.3534
2024-01-15T04:31:00,COOLING_TEMP_01,70.8906
2024-01-15T04:31:00,COOLING_PRES_01,10.131
2024-01-15T04:31:00,COOLING_FLOW_01,248.6336
2024-01-15T04:31:00,PRIMARY_PRES_01,154.9986
2024-01-15T04:31:00,PRIMARY_TEMP_01,301.4921
2024-01-15T04:31:00,PRIMARY_FLOW_01,606.1995
2024-01-15T04:32:00,COOLING_TEMP_01,69.9784
2024-01-15T04:32:00,COOLING_PRES_01,10.1232
2024-01-15T04:32:00,COOLING_FLOW_01,251.6344
2024-01-15T04:32:00,COOLING_HEAT_01,20.7263
2024-01-15T04:32:00,PRIMARY_PRES_01,155.2376
2024-01-15T04:32:00,PRIMARY_TEMP_01,300.8503
2024-01-15T04:32:00,PRIMARY_FLOW_01,598.8255
2024-01-15T04:32:00,PRIMARY_LEVEL_01,50.5742
2024-01-15T04:33:00,COOLING_TEMP_01,71.5098
2024-01-15T04:33:00,COOLING_PRES_01,9.7692
2024-01-15T04:33:00,COOLING_FLOW_01,248.0671
2024-01-15T04:33:00,PRIMARY_PRES_01,154.8917
2024-01-15T04:33:00,PRIMARY_TEMP_01,303.1941
2024-01-15T04:33:00,PRIMARY_FLOW_01,598.6818
2024-01-15T04:34:00,COOLING_TEMP_01,71.6485
2024-01-15T04:34:00,COOLING_PRES_01,10.1631
2024-01-15T04:34:00,COOLING_FLOW_01,249.7812
2024-01-15T04:34:00,COOLING_HEAT_01,20.3843
2024-01-15T04:34:00,PRIMARY_PRES_01,155.1985
2024-01-15T04:34:00,PRIMARY_TEMP_01,301.5626
2024-01-15T04:34:00,PRIMARY_FLOW_01,604.6551
2024-01-15T04:34:00,PRIMARY_LEVEL_01,50.0901
2024-01-15T04:35:00,COOLING_TEMP_01,70.3493
2024-01-15T04:35:00,COOLING_PRES_01,9.9264
2024-01-15T04:35:00,COOLING_FLOW_01,250.3866
2024-01-15T04:35:00,PRIMARY_PRES_01,154.8312
2024-01-15T04:35:00,PRIMARY_TEMP_01,303.7615
2024-01-15T04:35:00,PRIMARY_FLOW_01,591.9568
2024-01-15T04:36:00,COOLING_TEMP_01,72.6271
2024-01-15T04:36:00,COOLING_PRES_01,9.8911
2024-01-15T04:36:00,COOLING_FLOW_01,246.9814
2024-01-15T04:36:00,COOLING_HEAT_01,20.0543
2024-01-15T04:36:00,PRIMARY_PRES_01,155.0949
2024-01-15T04:36:00,PRIMARY_TEMP_01,299.6773
2024-01-15T04:36:00,PRIMARY_FLOW_01,592.3665
2024-01-15T04:36:00,PRIMARY_LEVEL_01,49.041
2024-01-15T04:37:00,COOLING_TEMP_01,71.3891
2024-01-15T04:37:00,COOLING_PRES_01,9.8876
2024-01-15T04:37:00,COOLING_FLOW_01,247.8787
2024-01-15T04:37:00,PRIMARY_PRES_01,154.4216
2024-01-15T04:37:00,PRIMARY_TEMP_01,300.9201
2024-01-15T04:37:00,PRIMARY_FLOW_01,604.5629
2024-01-15T04:38:00,COOLING_TEMP_01,70.1752
2024-01-15T04:38:00,COOLING_PRES_01,10.0291
2024-01-15T04:38:00,COOLING_FLOW_01,247.0515
2024-01-15T04:38:00,COOLING_HEAT_01,20.8203
2024-01-15T04:38:00,PRIMARY_PRES_01,154.2879
2024-01-15T04:38:00,PRIMARY_TEMP_01,301.3862
2024-01-15T04:38:00,PRIMARY_FLOW_01,595.8154
2024-01-15T04:38:00,PRIMARY_LEVEL_01,50.4111
2024-01-15T04:39:00,COOLING_TEMP_01,70.026
2024-01-15T04:39:00,COOLING_PRES_01,9.9686
2024-01-15T04:39:00,COOLING_FLOW_01,252.2104
2024-01-15T04:39:00,PRIMARY_PRES_01,154.7552
2024-01-15T04:39:00,PRIMARY_TEMP_01,303.2978
2024-01-15T04:39:00,PRIMARY_FLOW_01,605.5583
2024-01-15T04:40:00,COOLING_TEMP_01,70.7457
2024-01-15T04:40:00,COOLING_PRES_01,10.1085
2024-01-15T04:40:00,COOLING_FLOW_01,242.6451
2024-01-15T04:40:00,COOLING_HEAT_01,20.3554
2024-01-15T04:40:00,PRIMARY_PRES_01,154.668
2024-01-15T04:40:00,PRIMARY_TEMP_01,302.6048
2024-01-15T04:40:00,PRIMARY_FLOW_01,596.9802
2024-01-15T04:40:00,PRIMARY_LEVEL_01,49.1831
2024-01-15T04:41:00,COOLING_TEMP_01,71.4844
2024-01-15T04:41:00,COOLING_PRES_01,10.0577
2024-01-15T04:41:00,COOLING_FLOW_01,249.123
2024-01-15T04:41:00,PRIMARY_PRES_01,154.8603
2024-01-15T04:41:00,PRIMARY_TEMP_01,300.4272
2024-01-15T04:41:00,PRIMARY_FLOW_01,600.2326
2024-01-15T04:42:00,COOLING_TEMP_01,70.7322
2024-01-15T04:42:00,COOLING_PRES_01,10.2048
2024-01-15T04:42:00,COOLING_FLOW_01,253.2697
2024-01-15T04:42:00,COOLING_HEAT_01,20.0845
2024-01-15T04:42:00,PRIMARY_PRES_01,155.1458
2024-01-15T04:42:00,PRIMARY_TEMP_01,302.7995
2024-01-15T04:42:00,PRIMARY_FLOW_01,596.7297
2024-01-15T04:42:00,PRIMARY_LEVEL_01,50.0333
2024-01-15T04:43:00,COOLING_TEMP_01,71.0516
2024-01-15T04:43:00,COOLING_PRES_01,10.1055
2024-01-15T04:43:00,COOLING_FLOW_01,249.3459
2024-01-15T04:43:00,PRIMARY_PRES_01,154.9593
2024-01-15T04:43:00,PRIMARY_TEMP_01,302.8384
2024-01-15T04:43:00,PRIMARY_FLOW_01,602.7387
2024-01-15T04:44:00,COOLING_TEMP_01,70.962
2024-01-15T04:44:00,COOLING_PRES_01,10.0396
2024-01-15T04:44:00,COOLING_FLOW_01,252.2293
2024-01-15T04:44:00,COOLING_HEAT_01,20.6671
2024-01-15T04:44:00,PRIMARY_PRES_01,155.0036
2024-01-15T04:44:00,PRIMARY_TEMP_01,299.6109
2024-01-15T04:44:00,PRIMARY_FLOW_01,605.6672
2024-01-15T04:44:00,PRIMARY_LEVEL_01,50.4377
2024-01-15T04:45:00,COOLING_TEMP_01,70.6309
2024-01-15T04:45:00,COOLING_PRES_01,9.9791
2024-01-15T04:45:00,COOLING_FLOW_01,247.8915
2024-01-15T04:45:00,PRIMARY_PRES_01,155.1841
2024-01-15T04:45:00,PRIMARY_TEMP_01,302.1413
2024-01-15T04:45:00,PRIMARY_FLOW_01,599.7779
2024-01-15T04:46:00,COOLING_TEMP_01,70.4621
2024-01-15T04:46:00,COOLING_PRES_01,10.1472
2024-01-15T04:46:00,COOLING_FLOW_01,253.6805
2024-01-15T04:46:00,COOLING_HEAT_01,20.4319
2024-01-15T04:46:00,PRIMARY_PRES_01,155.1957
2024-01-15T04:46:00,PRIMARY_TEMP_01,301.8224
2024-01-15T04:46:00,PRIMARY_FLOW_01,594.9558
2024-01-15T04:46:00,PRIMARY_LEVEL_01,49.7165
2024-01-15T04:47:00,COOLING_TEMP_01,72.3652
2024-01-15T04:47:00,COOLING_PRES_01,10.1246
2024-01-15T04:47:00,COOLING_FLOW_01,252.0979
2024-01-15T04:47:00,PRIMARY_PRES_01,155.0388
2024-01-15T04:47:00,PRIMARY_TEMP_01,303.103
2024-01-15T04:47:00,PRIMARY_FLOW_01,596.8624
2024-01-15T04:48:00,COOLING_TEMP_01,71.8277
2024-01-15T04:48:00,COOLING_PRES_01,9.9212
2024-01-15T04:48:00,COOLING_FLOW_01,249.1882
2024-01-15T04:48:00,COOLING_HEAT_01,20.0935
2024-01-15T04:48:00,PRIMARY_PRES_01,154.5417
2024-01-15T04:48:00,PRIMARY_TEMP_01,301.1317
2024-01-15T04:48:00,PRIMARY_FLOW_01,607.4242
2024-01-15T04:48:00,PRIMARY_LEVEL_01,50.0972
2024-01-15T04:49:00,COOLING_TEMP_01,70.9009
2024-01-15T04:49:00,COOLING_PRES_01,10.143
2024-01-15T04:49:00,COOLING_FLOW_01,247.3826
2024-01-15T04:49:00,PRIMARY_PRES_01,155.2336
2024-01-15T04:49:00,PRIMARY_TEMP_01,304.3321
2024-01-15T04:49:00,PRIMARY_FLOW_01,601.6456
2024-01-15T04:50:00,COOLING_TEMP_01,72.0771
2024-01-15T04:50:00,COOLING_PRES_01,9.9841
2024-01-15T04:50:00,COOLING_FLOW_01,254.4079
2024-01-15T04:50:00,COOLING_HEAT_01,20.5326
2024-01-15T04:50:00,PRIMARY_PRES_01,155.4172
2024-01-15T04:50:00,PRIMARY_TEMP_01,302.5813
2024-01-15T04:50:00,PRIMARY_FLOW_01,593.034
2024-01-15T04:50:00,PRIMARY_LEVEL_01,49.4128
2024-01-15T04:51:00,COOLING_TEMP_01,70.3663
2024-01-15T04:51:00,COOLING_PRES_01,10.2039
2024-01-15T04:51:00,COOLING_FLOW_01,253.196
2024-01-15T04:51:00,PRIMARY_PRES_01,155.5074
2024-01-15T04:51:00,PRIMARY_TEMP_01,302.3055
2024-01-15T04:51:00,PRIMARY_FLOW_01,601.5412
2024-01-15T04:52:00,COOLING_TEMP_01,70.4612
2024-01-15T04:52:00,COOLING_PRES_01,9.7875
2024-01-15T04:52:00,COOLING_FLOW_01,253.872
2024-01-15T04:52:00,COOLING_HEAT_01,20.1428
2024-01-15T04:52:00,PRIMARY_PRES_01,155.5515
2024-01-15T04:52:00,PRIMARY_TEMP_01,303.6526
2024-01-15T04:52:00,PRIMARY_FLOW_01,595.4768
2024-01-15T04:52:00,PRIMARY_LEVEL_01,49.9138
2024-01-15T04:53:00,COOLING_TEMP_01,71.8733
2024-01-15T04:53:00,COOLING_PRES_01,9.9784
2024-01-15T04:53:00,COOLING_FLOW_01,254.9953
2024-01-15T04:53:00,PRIMARY_PRES_01,155.2763
2024-01-15T04:53:00,PRIMARY_TEMP_01,303.3576
2024-01-15T04:53:00,PRIMARY_FLOW_01,593.1039
2024-01-15T04:54:00,COOLING_TEMP_01,71.6804
2024-01-15T04:54:00,COOLING_PRES_01,10.1055
2024-01-15T04:54:00,COOLING_FLOW_01,251.2622
2024-01-15T04:54:00,COOLING_HEAT_01,20.469
2024-01-15T04:54:00,PRIMARY_PRES_01,154.7154
2024-01-15T04:54:00,PRIMARY_TEMP_01,302.0261
2024-01-15T04:54:00,PRIMARY_FLOW_01,602.7308
2024-01-15T04:54:00,PRIMARY_LEVEL_01,50.8558
2024-01-15T04:55:00,COOLING_TEMP_01,70.9866
2024-01-15T04:55:00,COOLING_PRES_01,10.1461
2024-01-15T04:55:00,COOLING_FLOW_01,249.9033
2024-01-15T04:55:00,PRIMARY_PRES_01,154.853
2024-01-15T04:55:00,PRIMARY_TEMP_01,303.5461
2024-01-15T04:55:00,PRIMARY_FLOW_01,603.0535
2024-01-15T04:56:00,COOLING_TEMP_01,70.2373
2024-01-15T04:56:00,COOLING_PRES_01,9.8467
2024-01-15T04:56:00,COOLING_FLOW_01,248.4961
2024-01-15T04:56:00,COOLING_HEAT_01,21.1983
2024-01-15T04:56:00,PRIMARY_PRES_01,155.0779
2024-01-15T04:56:00,PRIMARY_TEMP_01,301.0444
2024-01-15T04:56:00,PRIMARY_FLOW_01,605.4991
2024-01-15T04:56:00,PRIMARY_LEVEL_01,50.5329
2024-01-15T04:57:00,COOLING_TEMP_01,69.7203
2024-01-15T04:57:00,COOLING_PRES_01,9.9684
2024-01-15T04:57:00,COOLING_FLOW_01,254.2693
2024-01-15T04:57:00,PRIMARY_PRES_01,154.5816
2024-01-15T04:57:00,PRIMARY_TEMP_01,299.6842
2024-01-15T04:57:00,PRIMARY_FLOW_01,608.2067
2024-01-15T04:58:00,COOLING_TEMP_01,70.9923
2024-01-15T04:58:00,COOLING_PRES_01,10.0435
2024-01-15T04:58:00,COOLING_FLOW_01,251.551
2024-01-15T04:58:00,COOLING_HEAT_01,20.2959
2024-01-15T04:58:00,PRIMARY_PRES_01,155.0489
2024-01-15T04:58:00,PRIMARY_TEMP_01,300.5498
2024-01-15T04:58:00,PRIMARY_FLOW_01,603.0266
2024-01-15T04:58:00,PRIMARY_LEVEL_01,49.7772
2024-01-15T04:59:00,COOLING_TEMP_01,70.1802
2024-01-15T04:59:00,COOLING_PRES_01,9.9
2024-01-15T04:59:00,COOLING_FLOW_01,245.0704
2024-01-15T04:59:00,PRIMARY_PRES_01,155.051
2024-01-15T04:59:00,PRIMARY_TEMP_01,299.4142
2024-01-15T04:59:00,PRIMARY_FLOW_01,593.4806
2024-01-15T05:00:00,COOLING_TEMP_01,70.8398
2024-01-15T05:00:00,COOLING_PRES_01,9.9074
2024-01-15T05:00:00,COOLING_FLOW_01,245.932
2024-01-15T05:00:00,COOLING_HEAT_01,20.1593
2024-01-15T05:00:00,PRIMARY_PRES_01,154.8883
2024-01-15T05:00:00,PRIMARY_TEMP_01,300.0395
2024-01-15T05:00:00,PRIMARY_FLOW_01,594.3043
2024-01-15T05:00:00,PRIMARY_LEVEL_01,50.515
2024-01-15T05:01:00,COOLING_TEMP_01,71.1759
2024-01-15T05:01:00,COOLING_PRES_01,9.9128
2024-01-15T05:01:00,COOLING_FLOW_01,252.8557
2024-01-15T05:01:00,PRIMARY_PRES_01,154.9137
2024-01-15T05:01:00,PRIMARY_TEMP_01,301.1743
2024-01-15T05:01:00,PRIMARY_FLOW_01,602.8385
2024-01-15T05:02:00,COOLING_TEMP_01,70.0324
2024-01-15T05:02:00,COOLING_PRES_01,10.0937
2024-01-15T05:02:00,COOLING_FLOW_01,249.072
2024-01-15T05:02:00,COOLING_HEAT_01,20.3698
2024-01-15T05:02:00,PRIMARY_PRES_01,155.4144
2024-01-15T05:02:00,PRIMARY_TEMP_01,301.2617
2024-01-15T05:02:00,PRIMARY_FLOW_01,602.255
2024-01-15T05:02:00,PRIMARY_LEVEL_01,49.892
2024-01-15T05:03:00,COOLING_TEMP_01,70.7759
2024-01-15T05:03:00,COOLING_PRES_01,10.0087
2024-01-15T05:03:00,COOLING_FLOW_01,253.9989
2024-01-15T05:03:00,PRIMARY_PRES_01,154.9062
2024-01-15T05:03:00,PRIMARY_TEMP_01,301.6004
2024-01-15T05:03:00,PRIMARY_FLOW_01,599.6446
2024-01-15T05:04:00,COOLING_TEMP_01,71.5952
2024-01-15T05:04:00,COOLING_PRES_01,10.1417
2024-01-15T05:04:00,COOLING_FLOW_01,246.1991
2024-01-15T05:04:00,COOLING_HEAT_01,20.3537
2024-01-15T05:04:00,PRIMARY_PRES_01,154.5684
2024-01-15T05:04:00,PRIMARY_TEMP_01,301.2622
2024-01-15T05:04:00,PRIMARY_FLOW_01,592.2697
2024-01-15T05:04:00,PRIMARY_LEVEL_01,49.6591
2024-01-15T05:05:00,COOLING_TEMP_01,70.954
2024-01-15T05:05:00,COOLING_PRES_01,9.9804
2024-01-15T05:05:00,COOLING_FLOW_01,253.0732
2024-01-15T05:05:00,PRIMARY_PRES_01,155.4595
2024-01-15T05:05:00,PRIMARY_TEMP_01,300.7251
2024-01-15T05:05:00,PRIMARY_FLOW_01,601.5773
2024-01-15T05:06:00,COOLING_TEMP_01,70.8132
2024-01-15T05:06:00,COOLING_PRES_01,10.1168
2024-01-15T05:06:00,COOLING_FLOW_01,249.8617
2024-01-15T05:06:00,COOLING_HEAT_01,20.4119
2024-01-15T05:06:00,PRIMARY_PRES_01,154.8677
2024-01-15T05:06:00,PRIMARY_TEMP_01,301.8013
2024-01-15T05:06:00,PRIMARY_FLOW_01,603.4878
2024-01-15T05:06:00,PRIMARY_LEVEL_01,50.0951
2024-01-15T05:07:00,COOLING_TEMP_01,70.2478
2024-01-15T05:07:00,COOLING_PRES_01,10.2444
2024-01-15T05:07:00,COOLING_FLOW_01,248.0449
2024-01-15T05:07:00,PRIMARY_PRES_01,154.7486
2024-01-15T05:07:00,PRIMARY_TEMP_01,305.3821
2024-01-15T05:07:00,PRIMARY_FLOW_01,602.2199
2024-01-15T05:08:00,COOLING_TEMP_01,70.6691
2024-01-15T05:08:00,COOLING_PRES_01,10.0637
2024-01-15T05:08:00,COOLING_FLOW_01,248.0222
2024-01-15T05:08:00,COOLING_HEAT_01,20.4966
2024-01-15T05:08:00,PRIMARY_PRES_01,154.6173
2024-01-15T05:08:00,PRIMARY_TEMP_01,302.0048
2024-01-15T05:08:00,PRIMARY_FLOW_01,603.6601
2024-01-15T05:08:00,PRIMARY_LEVEL_01,50.4828
2024-01-15T05:09:00,COOLING_TEMP_01,71.5998
2024-01-15T05:09:00,COOLING_PRES_01,9.9518
2024-01-15T05:09:00,COOLING_FLOW_01,248.9172
2024-01-15T05:09:00,PRIMARY_PRES_01,155.3368
2024-01-15T05:09:00,PRIMARY_TEMP_01,302.5667
2024-01-15T05:09:00,PRIMARY_FLOW_01,598.3722
2024-01-15T05:10:00,COOLING_TEMP_01,71.0197
2024-01-15T05:10:00,COOLING_PRES_01,10.1444
2024-01-15T05:10:00,COOLING_FLOW_01,250.7454
2024-01-15T05:10:00,COOLING_HEAT_01,20.3864
2024-01-15T05:10:00,PRIMARY_PRES_01,154.9453
2024-01-15T05:10:00,PRIMARY_TEMP_01,302.2139
2024-01-15T05:10:00,PRIMARY_FLOW_01,593.8786
2024-01-15T05:10:00,PRIMARY_LEVEL_01,50.6716
2024-01-15T05:11:00,COOLING_TEMP_01,70.9461
2024-01-15T05:11:00,COOLING_PRES_01,10.0023
2024-01-15T05:11:00,COOLING_FLOW_01,247.8754
2024-01-15T05:11:00,PRIMARY_PRES_01,154.9635
2024-01-15T05:11:00,PRIMARY_TEMP_01,300.8119
2024-01-15T05:11:00,PRIMARY_FLOW_01,590.1103
2024-01-15T05:12:00,COOLING_TEMP_01,70.5063
2024-01-15T05:12:00,COOLING_PRES_01,10.1293
2024-01-15T05:12:00,COOLING_FLOW_01,247.0975
2024-01-15T05:12:00,COOLING_HEAT_01,20.4491
2024-01-15T05:12:00,PRIMARY_PRES_01,155.3777
2024-01-15T05:12:00,PRIMARY_TEMP_01,301.9989
2024-01-15T05:12:00,PRIMARY_FLOW_01,598.3888
2024-01-15T05:12:00,PRIMARY_LEVEL_01,49.7021
2024-01-15T05:13:00,COOLING_TEMP_01,70.6107
2024-01-15T05:13:00,COOLING_PRES_01,9.836
2024-01-15T05:13:00,COOLING_FLOW_01,250.537
2024-01-15T05:13:00,PRIMARY_PRES_01,155.1758
2024-01-15T05:13:00,PRIMARY_TEMP_01,303.0011
2024-01-15T05:13:00,PRIMARY_FLOW_01,604.9716
2024-01-15T05:14:00,COOLING_TEMP_01,71.7715
2024-01-15T05:14:00,COOLING_PRES_01,10.012
2024-01-15T05:14:00,COOLING_FLOW_01,252.1154
2024-01-15T05:14:00,COOLING_HEAT_01,20.4591
2024-01-15T05:14:00,PRIMARY_PRES_01,154.9969
2024-01-15T05:14:00,PRIMARY_TEMP_01,302.0179
2024-01-15T05:14:00,PRIMARY_FLOW_01,600.2977
2024-01-15T05:14:00,PRIMARY_LEVEL_01,49.8905
2024-01-15T05:15:00,COOLING_TEMP_01,70.6252
2024-01-15T05:15:00,COOLING_PRES_01,9.8739
2024-01-15T05:15:00,COOLING_FLOW_01,243.2181
2024-01-15T05:15:00,PRIMARY_PRES_01,154.4517
2024-01-15T05:15:00,PRIMARY_TEMP_01,301.6089
2024-01-15T05:15:00,PRIMARY_FLOW_01,614.7096
2024-01-15T05:16:00,COOLING_TEMP_01,71.0041
2024-01-15T05:16:00,COOLING_PRES_01,9.926
2024-01-15T05:16:00,COOLING_FLOW_01,247.0511
2024-01-15T05:16:00,COOLING_HEAT_01,20.6489
2024-01-15T05:16:00,PRIMARY_PRES_01,154.5254
2024-01-15T05:16:00,PRIMARY_TEMP_01,303.2848
2024-01-15T05:16:00,PRIMARY_FLOW_01,596.9714
2024-01-15T05:16:00,PRIMARY_LEVEL_01,49.2201
2024-01-15T05:17:00,COOLING_TEMP_01,70.7707
2024-01-15T05:17:00,COOLING_PRES_01,9.9703
2024-01-15T05:17:00,COOLING_FLOW_01,254.1202
2024-01-15T05:17:00,PRIMARY_PRES_01,155.1574
2024-01-15T05:17:00,PRIMARY_TEMP_01,302.9215
2024-01-15T05:17:00,PRIMARY_FLOW_01,597.1732
2024-01-15T05:18:00,COOLING_TEMP_01,70.6636
2024-01-15T05:18:00,COOLING_PRES_01,9.9795
2024-01-15T05:18:00,COOLING_FLOW_01,250.0771
2024-01-15T05:18:00,COOLING_HEAT_01,20.332
2024-01-15T05:18:00,PRIMARY_PRES_01,155.1438
2024-01-15T05:18:00,PRIMARY_TEMP_01,300.9542
2024-01-15T05:18:00,PRIMARY_FLOW_01,590.8165
2024-01-15T05:18:00,PRIMARY_LEVEL_01,49.7291
2024-01-15T05:19:00,COOLING_TEMP_01,70.9075
2024-01-15T05:19:00,COOLING_PRES_01,10.0701
2024-01-15T05:19:00,COOLING_FLOW_01,250.9044
2024-01-15T05:19:00,PRIMARY_PRES_01,154.9357
2024-01-15T05:19:00,PRIMARY_TEMP_01,301.7743
2024-01-15T05:19:00,PRIMARY_FLOW_01,603.0013
2024-01-15T05:20:00,COOLING_TEMP_01,71.0488
2024-01-15T05:20:00,COOLING_PRES_01,9.9184
2024-01-15T05:20:00,COOLING_FLOW_01,246.8935
2024-01-15T05:20:00,COOLING_HEAT_01,20.0514
2024-01-15T05:20:00,PRIMARY_PRES_01,155.1399
2024-01-15T05:20:00,PRIMARY_TEMP_01,302.2146
2024-01-15T05:20:00,PRIMARY_FLOW_01,595.2066
2024-01-15T05:20:00,PRIMARY_LEVEL_01,50.0986
2024-01-15T05:21:00,COOLING_TEMP_01,70.8703
2024-01-15T05:21:00,COOLING_PRES_01,9.8949
2024-01-15T05:21:00,COOLING_FLOW_01,250.0974
2024-01-15T05:21:00,PRIMARY_PRES_01,154.9711
2024-01-15T05:21:00,PRIMARY_TEMP_01,300.1501
2024-01-15T05:21:00,PRIMARY_FLOW_01,593.997
2024-01-15T05:22:00,COOLING_TEMP_01,71.2296
2024-01-15T05:22:00,COOLING_PRES_01,9.9048
2024-01-15T05:22:00,COOLING_FLOW_01,249.4459
2024-01-15T05:22:00,COOLING_HEAT_01,20.1462
2024-01-15T05:22:00,PRIMARY_PRES_01,154.4905
2024-01-15T05:22:00,PRIMARY_TEMP_01,302.0573
2024-01-15T05:22:00,PRIMARY_FLOW_01,595.6222
2024-01-15T05:22:00,PRIMARY_LEVEL_01,48.5399
2024-01-15T05:23:00,COOLING_TEMP_01,70.9437
2024-01-15T05:23:00,COOLING_PRES_01,10.0312
2024-01-15T05:23:00,COOLING_FLOW_01,250.6038
2024-01-15T05:23:00,PRIMARY_PRES_01,155.0256
2024-01-15T05:23:00,PRIMARY_TEMP_01,301.9288
2024-01-15T05:23:00,PRIMARY_FLOW_01,604.4667
2024-01-15T05:24:00,COOLING_TEMP_01,70.875
2024-01-15T05:24:00,COOLING_PRES_01,9.7513
2024-01-15T05:24:00,COOLING_FLOW_01,249.0229
2024-01-15T05:24:00,COOLING_HEAT_01,20.6992
2024-01-15T05:24:00,PRIMARY_PRES_01,155.5465
2024-01-15T05:24:00,PRIMARY_TEMP_01,301.6676
2024-01-15T05:24:00,PRIMARY_FLOW_01,607.2177
2024-01-15T05:24:00,PRIMARY_LEVEL_01,50.757
2024-01-15T05:25:00,COOLING_TEMP_01,70.4334
2024-01-15T05:25:00,COOLING_PRES_01,10.1781
2024-01-15T05:25:00,COOLING_FLOW_01,249.7264
2024-01-15T05:25:00,PRIMARY_PRES_01,154.7654
2024-01-15T05:25:00,PRIMARY_TEMP_01,303.6956
2024-01-15T05:25:00,PRIMARY_FLOW_01,605.1204
2024-01-15T05:26:00,COOLING_TEMP_01,70.5462
2024-01-15T05:26:00,COOLING_PRES_01,10.078
2024-01-15T05:26:00,COOLING_FLOW_01,246.0376
2024-01-15T05:26:00,COOLING_HEAT_01,20.6029
2024-01-15T05:26:00,PRIMARY_PRES_01,155.0129
2024-01-15T05:26:00,PRIMARY_TEMP_01,304.6571
2024-01-15T05:26:00,PRIMARY_FLOW_01,599.3501
2024-01-15T05:26:00,PRIMARY_LEVEL_01,49.8943
2024-01-15T05:27:00,COOLING_TEMP_01,70.7137
2024-01-15T05:27:00,COOLING_PRES_01,10.0689
2024-01-15T05:27:00,COOLING_FLOW_01,245.3103
2024-01-15T05:27:00,PRIMARY_PRES_01,154.6629
2024-01-15T05:27:00,PRIMARY_TEMP_01,302.7744
2024-01-15T05:27:00,PRIMARY_FLOW_01,604.1412
2024-01-15T05:28:00,COOLING_TEMP_01,71.884
2024-01-15T05:28:00,COOLING_PRES_01,9.7533
2024-01-15T05:28:00,COOLING_FLOW_01,248.5719
2024-01-15T05:28:00,COOLING_HEAT_01,20.791
2024-01-15T05:28:00,PRIMARY_PRES_01,155.3831
2024-01-15T05:28:00,PRIMARY_TEMP_01,302.4052
2024-01-15T05:28:00,PRIMARY_FLOW_01,606.2489
2024-01-15T05:28:00,PRIMARY_LEVEL_01,48.2032
2024-01-15T05:29:00,COOLING_TEMP_01,71.3813
2024-01-15T05:29:00,COOLING_PRES_01,10.0113
2024-01-15T05:29:00,COOLING_FLOW_01,248.5972
2024-01-15T05:29:00,PRIMARY_PRES_01,155.0263
2024-01-15T05:29:00,PRIMARY_TEMP_01,302.5236
2024-01-15T05:29:00,PRIMARY_FLOW_01,603.4774
2024-01-15T05:30:00,COOLING_TEMP_01,70.8393
2024-01-15T05:30:00,COOLING_PRES_01,10.1086
2024-01-15T05:30:00,COOLING_FLOW_01,254.9134
2024-01-15T05:30:00,COOLING_HEAT_01,20.7561
2024-01-15T05:30:00,PRIMARY_PRES_01,155.1088
2024-01-15T05:30:00,PRIMARY_TEMP_01,303.0346
2024-01-15T05:30:00,PRIMARY_FLOW_01,605.2727
2024-01-15T05:30:00,PRIMARY_LEVEL_01,50.5376
2024-01-15T05:31:00,COOLING_TEMP_01,71.3653
2024-01-15T05:31:00,COOLING_PRES_01,10.055
2024-01-15T05:31:00,COOLING_FLOW_01,252.493
2024-01-15T05:31:00,PRIMARY_PRES_01,154.7609
2024-01-15T05:31:00,PRIMARY_TEMP_01,302.4128
2024-01-15T05:31:00,PRIMARY_FLOW_01,599.0984
2024-01-15T05:32:00,COOLING_TEMP_01,70.5468
2024-01-15T05:32:00,COOLING_PRES_01,10.0714
2024-01-15T05:32:00,COOLING_FLOW_01,255.557
2024-01-15T05:32:00,COOLING_HEAT_01,19.791
2024-01-15T05:32:00,PRIMARY_PRES_01,154.6374
2024-01-15T05:32:00,PRIMARY_TEMP_01,302.4914
2024-01-15T05:32:00,PRIMARY_FLOW_01,610.0722
2024-01-15T05:32:00,PRIMARY_LEVEL_01,49.867
2024-01-15T05:33:00,COOLING_TEMP_01,70.6197
2024-01-15T05:33:00,COOLING_PRES_01,10.0452
2024-01-15T05:33:00,COOLING_FLOW_01,246.3019
2024-01-15T05:33:00,PRIMARY_PRES_01,154.9495
2024-01-15T05:33:00,PRIMARY_TEMP_01,300.7936
2024-01-15T05:33:00,PRIMARY_FLOW_01,601.5246
2024-01-15T05:34:00,COOLING_TEMP_01,71.074
2024-01-15T05:34:00,COOLING_PRES_01,10.0496
2024-01-15T05:34:00,COOLING_FLOW_01,247.9077
2024-01-15T05:34:00,COOLING_HEAT_01,20.5165
2024-01-15T05:34:00,PRIMARY_PRES_01,154.774
2024-01-15T05:34:00,PRIMARY_TEMP_01,299.5923
2024-01-15T05:34:00,PRIMARY_FLOW_01,599.3167
2024-01-15T05:34:00,PRIMARY_LEVEL_01,49.0697
2024-01-15T05:35:00,COOLING_TEMP_01,70.7245
2024-01-15T05:35:00,COOLING_PRES_01,9.8769
2024-01-15T05:35:00,COOLING_FLOW_01,250.8401
2024-01-15T05:35:00,PRIMARY_PRES_01,154.9343
2024-01-15T05:35:00,PRIMARY_TEMP_01,301.9746
2024-01-15T05:35:00,PRIMARY_FLOW_01,598.3318
2024-01-15T05:36:00,COOLING_TEMP_01,70.609
2024-01-15T05:36:00,COOLING_PRES_01,9.8484
2024-01-15T05:36:00,COOLING_FLOW_01,250.8026
2024-01-15T05:36:00,COOLING_HEAT_01,20.2104
2024-01-15T05:36:00,PRIMARY_PRES_01,154.63
2024-01-15T05:36:00,PRIMARY_TEMP_01,300.3437
2024-01-15T05:36:00,PRIMARY_FLOW_01,602.0452
2024-01-15T05:36:00,PRIMARY_LEVEL_01,49.5597
2024-01-15T05:37:00,COOLING_TEMP_01,69.8205
2024-01-15T05:37:00,COOLING_PRES_01,9.8002
2024-01-15T05:37:00,COOLING_FLOW_01,248.3086
2024-01-15T05:37:00,PRIMARY_PRES_01,155.3682
2024-01-15T05:37:00,PRIMARY_TEMP_01,302.9531
2024-01-15T05:37:00,PRIMARY_FLOW_01,593.761
2024-01-15T05:38:00,COOLING_TEMP_01,70.4216
2024-01-15T05:38:00,COOLING_PRES_01,9.9503
2024-01-15T05:38:00,COOLING_FLOW_01,247.7997
2024-01-15T05:38:00,COOLING_HEAT_01,20.0557
2024-01-15T05:38:00,PRIMARY_PRES_01,154.7292
2024-01-15T05:38:00,PRIMARY_TEMP_01,302.0319
2024-01-15T05:38:00,PRIMARY_FLOW_01,594.685
2024-01-15T05:38:00,PRIMARY_LEVEL_01,50.0427
2024-01-15T05:39:00,COOLING_TEMP_01,71.0404
2024-01-15T05:39:00,COOLING_PRES_01,9.7643
2024-01-15T05:39:00,COOLING_FLOW_01,249.821
2024-01-15T05:39:00,PRIMARY_PRES_01,155.2827
2024-01-15T05:39:00,PRIMARY_TEMP_01,300.861
2024-01-15T05:39:00,PRIMARY_FLOW_01,605.411
2024-01-15T05:40:00,COOLING_TEMP_01,71.058
2024-01-15T05:40:00,COOLING_PRES_01,10.1787
2024-01-15T05:40:00,COOLING_FLOW_01,247.9696
2024-01-15T05:40:00,COOLING_HEAT_01,20.0899
2024-01-15T05:40:00,PRIMARY_PRES_01,154.8508
2024-01-15T05:40:00,PRIMARY_TEMP_01,302.3722
2024-01-15T05:40:00,PRIMARY_FLOW_01,611.2784
2024-01-15T05:40:00,PRIMARY_LEVEL_01,49.9963
2024-01-15T05:41:00,COOLING_TEMP_01,71.143
2024-01-15T05:41:00,COOLING_PRES_01,10.1686
2024-01-15T05:41:00,COOLING_FLOW_01,253.6485
2024-01-15T05:41:00,PRIMARY_PRES_01,154.8227
2024-01-15T05:41:00,PRIMARY_TEMP_01,301.4918
2024-01-15T05:41:00,PRIMARY_FLOW_01,601.3164
2024-01-15T05:42:00,COOLING_TEMP_01,69.9961
2024-01-15T05:42:00,COOLING_PRES_01,10.1364
2024-01-15T05:42:00,COOLING_FLOW_01,246.943
2024-01-15T05:42:00,COOLING_HEAT_01,20.82
2024-01-15T05:42:00,PRIMARY_PRES_01,154.8567
2024-01-15T05:42:00,PRIMARY_TEMP_01,303.7799
2024-01-15T05:42:00,PRIMARY_FLOW_01,606.0477
2024-01-15T05:42:00,PRIMARY_LEVEL_01,48.9956
2024-01-15T05:43:00,COOLING_TEMP_01,70.8584
2024-01-15T05:43:00,COOLING_PRES_01,9.9308
2024-01-15T05:43:00,COOLING_FLOW_01,244.4836
2024-01-15T05:43:00,PRIMARY_PRES_01,155.0126
2024-01-15T05:43:00,PRIMARY_TEMP_01,301.1849
2024-01-15T05:43:00,PRIMARY_FLOW_01,601.4991
2024-01-15T05:44:00,COOLING_TEMP_01,71.216
2024-01-15T05:44:00,COOLING_PRES_01,9.9674
2024-01-15T05:44:00,COOLING_FLOW_01,248.7128
2024-01-15T05:44:00,COOLING_HEAT_01,20.372
2024-01-15T05:44:00,PRIMARY_PRES_01,155.27
2024-01-15T05:44:00,PRIMARY_TEMP_01,300.7335
2024-01-15T05:44:00,PRIMARY_FLOW_01,596.42
2024-01-15T05:44:00,PRIMARY_LEVEL_01,49.1799
2024-01-15T05:45:00,COOLING_TEMP_01,71.8992
2024-01-15T05:45:00,COOLING_PRES_01,10.1683
2024-01-15T05:45:00,COOLING_FLOW_01,251.2928
2024-01-15T05:45:00,PRIMARY_PRES_01,155.0054
2024-01-15T05:45:00,PRIMARY_TEMP_01,303.1911
2024-01-15T05:45:00,PRIMARY_FLOW_01,613.085
2024-01-15T05:46:00,COOLING_TEMP_01,71.7832
2024-01-15T05:46:00,COOLING_PRES_01,9.9486
2024-01-15T05:46:00,COOLING_FLOW_01,250.5901
2024-01-15T05:46:00,COOLING_HEAT_01,20.6878
2024-01-15T05:46:00,PRIMARY_PRES_01,155.0119
2024-01-15T05:46:00,PRIMARY_TEMP_01,303.1576
2024-01-15T05:46:00,PRIMARY_FLOW_01,606.4616
2024-01-15T05:46:00,PRIMARY_LEVEL_01,49.3537
2024-01-15T05:47:00,COOLING_TEMP_01,70.8036
2024-01-15T05:47:00,COOLING_PRES_01,10.05
2024-01-15T05:47:00,COOLING_FLOW_01,247.3661
2024-01-15T05:47:00,PRIMARY_PRES_01,154.4382
2024-01-15T05:47:00,PRIMARY_TEMP_01,300.6242
2024-01-15T05:47:00,PRIMARY_FLOW_01,603.7737
2024-01-15T05:48:00,COOLING_TEMP_01,71.6485
2024-01-15T05:48:00,COOLING_PRES_01,10.0721
2024-01-15T05:48:00,COOLING_FLOW_01,252.7537
2024-01-15T05:48:00,COOLING_HEAT_01,20.369
2024-01-15T05:48:00,PRIMARY_PRES_01,154.7657
2024-01-15T05:48:00,PRIMARY_TEMP_01,301.7108
2024-01-15T05:48:00,PRIMARY_FLOW_01,611.602
2024-01-15T05:48:00,PRIMARY_LEVEL_01,48.6292
2024-01-15T05:49:00,COOLING_TEMP_01,71.8043
2024-01-15T05:49:00,COOLING_PRES_01,9.9852
2024-01-15T05:49:00,COOLING_FLOW_01,248.3265
2024-01-15T05:49:00,PRIMARY_PRES_01,155.4601
2024-01-15T05:49:00,PRIMARY_TEMP_01,302.317
2024-01-15T05:49:00,PRIMARY_FLOW_01,597.8077
2024-01-15T05:50:00,COOLING_TEMP_01,71.3591
2024-01-15T05:50:00,COOLING_PRES_01,10.1605
2024-01-15T05:50:00,COOLING_FLOW_01,254.0668
2024-01-15T05:50:00,COOLING_HEAT_01,20.7236
2024-01-15T05:50:00,PRIMARY_PRES_01,155.5735
2024-01-15T05:50:00,PRIMARY_TEMP_01,303.0115
2024-01-15T05:50:00,PRIMARY_FLOW_01,600.0756
2024-01-15T05:50:00,PRIMARY_LEVEL_01,50.8157
2024-01-15T05:51:00,COOLING_TEMP_01,71.1115
2024-01-15T05:51:00,COOLING_PRES_01,9.904
2024-01-15T05:51:00,COOLING_FLOW_01,252.7121
2024-01-15T05:51:00,PRIMARY_PRES_01,155.321
2024-01-15T05:51:00,PRIMARY_TEMP_01,301.9964
2024-01-15T05:51:00,PRIMARY_FLOW_01,605.1764
2024-01-15T05:52:00,COOLING_TEMP_01,71.6859
2024-01-15T05:52:00,COOLING_PRES_01,9.9141
2024-01-15T05:52:00,COOLING_FLOW_01,251.0703
2024-01-15T05:52:00,COOLING_HEAT_01,20.8315
2024-01-15T05:52:00,PRIMARY_PRES_01,154.7151
2024-01-15T05:52:00,PRIMARY_TEMP_01,301.4324
2024-01-15T05:52:00,PRIMARY_FLOW_01,596.904
2024-01-15T05:52:00,PRIMARY_LEVEL_01,50.4994
2024-01-15T05:53:00,COOLING_TEMP_01,71.1261
2024-01-15T05:53:00,COOLING_PRES_01,10.1165
2024-01-15T05:53:00,COOLING_FLOW_01,244.9406
2024-01-15T05:53:00,PRIMARY_PRES_01,155.1391
2024-01-15T05:53:00,PRIMARY_TEMP_01,304.0102
2024-01-15T05:53:00,PRIMARY_FLOW_01,597.2053
2024-01-15T05:54:00,COOLING_TEMP_01,71.2567
2024-01-15T05:54:00,COOLING_PRES_01,10.0397
2024-01-15T05:54:00,COOLING_FLOW_01,255.0387
2024-01-15T05:54:00,COOLING_HEAT_01,20.6047
2024-01-15T05:54:00,PRIMARY_PRES_01,155.3671
2024-01-15T05:54:00,PRIMARY_TEMP_01,300.1785
2024-01-15T05:54:00,PRIMARY_FLOW_01,601.8713
2024-01-15T05:54:00,PRIMARY_LEVEL_01,49.6753
2024-01-15T05:55:00,COOLING_TEMP_01,70.3319
2024-01-15T05:55:00,COOLING_PRES_01,9.9242
2024-01-15T05:55:00,COOLING_FLOW_01,253.2927
2024-01-15T05:55:00,PRIMARY_PRES_01,155.282
2024-01-15T05:55:00,PRIMARY_TEMP_01,301.6789
2024-01-15T05:55:00,PRIMARY_FLOW_01,601.8477
2024-01-15T05:56:00,COOLING_TEMP_01,71.3825
2024-01-15T05:56:00,COOLING_PRES_01,9.9591
2024-01-15T05:56:00,COOLING_FLOW_01,249.7319
2024-01-15T05:56:00,COOLING_HEAT_01,20.3031
2024-01-15T05:56:00,PRIMARY_PRES_01,155.2354
2024-01-15T05:56:00,PRIMARY_TEMP_01,303.057
2024-01-15T05:56:00,PRIMARY_FLOW_01,603.0175
2024-01-15T05:56:00,PRIMARY_LEVEL_01,51.005
2024-01-15T05:57:00,COOLING_TEMP_01,71.4388
2024-01-15T05:57:00,COOLING_PRES_01,10.1231
2024-01-15T05:57:00,COOLING_FLOW_01,247.8339
2024-01-15T05:57:00,PRIMARY_PRES_01,154.9978
2024-01-15T05:57:00,PRIMARY_TEMP_01,302.0413
2024-01-15T05:57:00,PRIMARY_FLOW_01,593.6535
2024-01-15T05:58:00,COOLING_TEMP_01,71.2466
2024-01-15T05:58:00,COOLING_PRES_01,9.945
2024-01-15T05:58:00,COOLING_FLOW_01,253.0193
2024-01-15T05:58:00,COOLING_HEAT_01,20.6707
2024-01-15T05:58:00,PRIMARY_PRES_01,154.8134
2024-01-15T05:58:00,PRIMARY_TEMP_01,304.0089
2024-01-15T05:58:00,PRIMARY_FLOW_01,605.1737
2024-01-15T05:58:00,PRIMARY_LEVEL_01,50.5078
2024-01-15T05:59:00,COOLING_TEMP_01,70.1079
2024-01-15T05:59:00,COOLING_PRES_01,10.0164
2024-01-15T05:59:00,COOLING_FLOW_01,248.8151
2024-01-15T05:59:00,PRIMARY_PRES_01,155.3134
2024-01-15T05:59:00,PRIMARY_TEMP_01,303.0579
2024-01-15T05:59:00,PRIMARY_FLOW_01,601.4922
2024-01-15T06:00:00,COOLING_TEMP_01,70.4404
2024-01-15T06:00:00,COOLING_PRES_01,9.9032
2024-01-15T06:00:00,COOLING_FLOW_01,250.6617
2024-01-15T06:00:00,COOLING_HEAT_01,21.0778
2024-01-15T06:00:00,PRIMARY_PRES_01,154.7974
2024-01-15T06:00:00,PRIMARY_TEMP_01,302.3221
2024-01-15T06:00:00,PRIMARY_FLOW_01,603.8706
2024-01-15T06:00:00,PRIMARY_LEVEL_01,49.8303
2024-01-15T06:01:00,COOLING_TEMP_01,70.5328
2024-01-15T06:01:00,COOLING_PRES_01,9.8334
2024-01-15T06:01:00,COOLING_FLOW_01,249.053
2024-01-15T06:01:00,PRIMARY_PRES_01,154.7217
2024-01-15T06:01:00,PRIMARY_TEMP_01,302.3359
2024-01-15T06:01:00,PRIMARY_FLOW_01,602.6248
2024-01-15T06:02:00,COOLING_TEMP_01,71.1086
2024-01-15T06:02:00,COOLING_PRES_01,9.8945
2024-01-15T06:02:00,COOLING_FLOW_01,255.4473
2024-01-15T06:02:00,COOLING_HEAT_01,20.5632
2024-01-15T06:02:00,PRIMARY_PRES_01,154.8025
2024-01-15T06:02:00,PRIMARY_TEMP_01,302.1861
2024-01-15T06:02:00,PRIMARY_FLOW_01,599.964
2024-01-15T06:02:00,PRIMARY_LEVEL_01,50.1852
2024-01-15T06:03:00,COOLING_TEMP_01,70.5445
2024-01-15T06:03:00,COOLING_PRES_01,9.7973
2024-01-15T06:03:00,COOLING_FLOW_01,249.5026
2024-01-15T06:03:00,PRIMARY_PRES_01,155.0265
2024-01-15T06:03:00,PRIMARY_TEMP_01,303.3804
2024-01-15T06:03:00,PRIMARY_FLOW_01,592.447
2024-01-15T06:04:00,COOLING_TEMP_01,72.1643
2024-01-15T06:04:00,COOLING_PRES_01,10.0376
2024-01-15T06:04:00,COOLING_FLOW_01,255.9026
2024-01-15T06:04:00,COOLING_HEAT_01,20.4482
2024-01-15T06:04:00,PRIMARY_PRES_01,154.5475
2024-01-15T06:04:00,PRIMARY_TEMP_01,301.8636
2024-01-15T06:04:00,PRIMARY_FLOW_01,595.694
2024-01-15T06:04:00,PRIMARY_LEVEL_01,49.8823
2024-01-15T06:05:00,COOLING_TEMP_01,71.9186
2024-01-15T06:05:00,COOLING_PRES_01,9.9388
2024-01-15T06:05:00,COOLING_FLOW_01,242.9297
2024-01-15T06:05:00,PRIMARY_PRES_01,154.8051
2024-01-15T06:05:00,PRIMARY_TEMP_01,300.833
2024-01-15T06:05:00,PRIMARY_FLOW_01,603.3528
2024-01-15T06:06:00,COOLING_TEMP_01,70.7765
2024-01-15T06:06:00,COOLING_PRES_01,10.2033
2024-01-15T06:06:00,COOLING_FLOW_01,252.3079
2024-01-15T06:06:00,COOLING_HEAT_01,20.2899
2024-01-15T06:06:00,PRIMARY_PRES_01,154.928
2024-01-15T06:06:00,PRIMARY_TEMP_01,302.3442
2024-01-15T06:06:00,PRIMARY_FLOW_01,596.5816
2024-01-15T06:06:00,PRIMARY_LEVEL_01,50.2034
2024-01-15T06:07:00,COOLING_TEMP_01,71.8421
2024-01-15T06:07:00,COOLING_PRES_01,10.0066
2024-01-15T06:07:00,COOLING_FLOW_01,250.1092
2024-01-15T06:07:00,PRIMARY_PRES_01,154.5733
2024-01-15T06:07:00,PRIMARY_TEMP_01,302.0724
2024-01-15T06:07:00,PRIMARY_FLOW_01,594.8619
2024-01-15T06:08:00,COOLING_TEMP_01,70.5905
2024-01-15T06:08:00,COOLING_PRES_01,10.1671
2024-01-15T06:08:00,COOLING_FLOW_01,250.698
2024-01-15T06:08:00,COOLING_HEAT_01,20.3794
2024-01-15T06:08:00,PRIMARY_PRES_01,155.3017
2024-01-15T06:08:00,PRIMARY_TEMP_01,302.7988
2024-01-15T06:08:00,PRIMARY_FLOW_01,599.4794
2024-01-15T06:08:00,PRIMARY_LEVEL_01,49.9385
2024-01-15T06:09:00,COOLING_TEMP_01,71.5175
2024-01-15T06:09:00,COOLING_PRES_01,10.1145
2024-01-15T06:09:00,COOLING_FLOW_01,246.2881
2024-01-15T06:09:00,PRIMARY_PRES_01,155.1261
2024-01-15T06:09:00,PRIMARY_TEMP_01,302.5853
2024-01-15T06:09:00,PRIMARY_FLOW_01,605.2983
2024-01-15T06:10:00,COOLING_TEMP_01,69.7067
2024-01-15T06:10:00,COOLING_PRES_01,9.8879
2024-01-15T06:10:00,COOLING_FLOW_01,254.0886
2024-01-15T06:10:00,COOLING_HEAT_01,20.4505
2024-01-15T06:10:00,PRIMARY_PRES_01,155.1274
2024-01-15T06:10:00,PRIMARY_TEMP_01,300.2387
2024-01-15T06:10:00,PRIMARY_FLOW_01,597.6739
2024-01-15T06:10:00,PRIMARY_LEVEL_01,49.7745
2024-01-15T06:11:00,COOLING_TEMP_01,71.6695
2024-01-15T06:11:00,COOLING_PRES_01,9.9765
2024-01-15T06:11:00,COOLING_FLOW_01,254.7324
2024-01-15T06:11:00,PRIMARY_PRES_01,155.1374
2024-01-15T06:11:00,PRIMARY_TEMP_01,303.5342
2024-01-15T06:11:00,PRIMARY_FLOW_01,609.9845
2024-01-15T06:12:00,COOLING_TEMP_01,70.8938
2024-01-15T06:12:00,COOLING_PRES_01,10.0502
2024-01-15T06:12:00,COOLING_FLOW_01,247.7574
2024-01-15T06:12:00,COOLING_HEAT_01,20.7766
2024-01-15T06:12:00,PRIMARY_PRES_01,154.6778
2024-01-15T06:12:00,PRIMARY_TEMP_01,303.1514
2024-01-15T06:12:00,PRIMARY_FLOW_01,596.6782
2024-01-15T06:12:00,PRIMARY_LEVEL_01,49.8043
2024-01-15T06:13:00,COOLING_TEMP_01,72.1298
2024-01-15T06:13:00,COOLING_PRES_01,10.0307
2024-01-15T06:13:00,COOLING_FLOW_01,248.65
2024-01-15T06:13:00,PRIMARY_PRES_01,154.9472
2024-01-15T06:13:00,PRIMARY_TEMP_01,301.051
2024-01-15T06:13:00,PRIMARY_FLOW_01,601.5538
2024-01-15T06:14:00,COOLING_TEMP_01,70.127
2024-01-15T06:14:00,COOLING_PRES_01,10.0651
2024-01-15T06:14:00,COOLING_FLOW_01,252.1932
2024-01-15T06:14:00,COOLING_HEAT_01,20.1858
2024-01-15T06:14:00,PRIMARY_PRES_01,155.0704
2024-01-15T06:14:00,PRIMARY_TEMP_01,302.2831
2024-01-15T06:14:00,PRIMARY_FLOW_01,601.3177
2024-01-15T06:14:00,PRIMARY_LEVEL_01,49.7615
2024-01-15T06:15:00,COOLING_TEMP_01,71.9773
2024-01-15T06:15:00,COOLING_PRES_01,10.1306
2024-01-15T06:15:00,COOLING_FLOW_01,253.266
2024-01-15T06:15:00,PRIMARY_PRES_01,155.0337
2024-01-15T06:15:00,PRIMARY_TEMP_01,300.7315
2024-01-15T06:15:00,PRIMARY_FLOW_01,594.9706
2024-01-15T06:16:00,COOLING_TEMP_01,71.2806
2024-01-15T06:16:00,COOLING_PRES_01,10.0791
2024-01-15T06:16:00,COOLING_FLOW_01,253.7533
2024-01-15T06:16:00,COOLING_HEAT_01,20.0981
2024-01-15T06:16:00,PRIMARY_PRES_01,155.0522
2024-01-15T06:16:00,PRIMARY_TEMP_01,300.7422
2024-01-15T06:16:00,PRIMARY_FLOW_01,610.0264
2024-01-15T06:16:00,PRIMARY_LEVEL_01,49.6973
2024-01-15T06:17:00,COOLING_TEMP_01,70.842
2024-01-15T06:17:00,COOLING_PRES_01,10.0411
2024-01-15T06:17:00,COOLING_FLOW_01,255.9271
2024-01-15T06:17:00,PRIMARY_PRES_01,155.4231
2024-01-15T06:17:00,PRIMARY_TEMP_01,302.7217
2024-01-15T06:17:00,PRIMARY_FLOW_01,599.2202
2024-01-15T06:18:00,COOLING_TEMP_01,69.5633
2024-01-15T06:18:00,COOLING_PRES_01,10.0068
2024-01-15T06:18:00,COOLING_FLOW_01,253.268
2024-01-15T06:18:00,COOLING_HEAT_01,19.9672
2024-01-15T06:18:00,PRIMARY_PRES_01,154.5245
2024-01-15T06:18:00,PRIMARY_TEMP_01,302.5101
2024-01-15T06:18:00,PRIMARY_FLOW_01,595.8181
2024-01-15T06:18:00,PRIMARY_LEVEL_01,50.1405
2024-01-15T06:19:00,COOLING_TEMP_01,70.3737
2024-01-15T06:19:00,COOLING_PRES_01,9.9851
2024-01-15T06:19:00,COOLING_FLOW_01,241.7489
2024-01-15T06:19:00,PRIMARY_PRES_01,154.9815
2024-01-15T06:19:00,PRIMARY_TEMP_01,300.4916
2024-01-15T06:19:00,PRIMARY_FLOW_01,610.7343
2024-01-15T06:20:00,COOLING_TEMP_01,70.8447
2024-01-15T06:20:00,COOLING_PRES_01,9.8566
2024-01-15T06:20:00,COOLING_FLOW_01,252.1178
2024-01-15T06:20:00,COOLING_HEAT_01,20.2678
2024-01-15T06:20:00,PRIMARY_PRES_01,155.2634
2024-01-15T06:20:00,PRIMARY_TEMP_01,303.2111
2024-01-15T06:20:00,PRIMARY_FLOW_01,603.2434
2024-01-15T06:20:00,PRIMARY_LEVEL_01,50.2342
2024-01-15T06:21:00,COOLING_TEMP_01,69.9224
2024-01-15T06:21:00,COOLING_PRES_01,10.159
2024-01-15T06:21:00,COOLING_FLOW_01,245.299
2024-01-15T06:21:00,PRIMARY_PRES_01,154.8875
2024-01-15T06:21:00,PRIMARY_TEMP_01,301.3566
2024-01-15T06:21:00,PRIMARY_FLOW_01,608.2328
2024-01-15T06:22:00,COOLING_TEMP_01,71.0867
2024-01-15T06:22:00,COOLING_PRES_01,10.0134
2024-01-15T06:22:00,COOLING_FLOW_01,249.1191
2024-01-15T06:22:00,COOLING_HEAT_01,20.4137
2024-01-15T06:22:00,PRIMARY_PRES_01,154.9884
2024-01-15T06:22:00,PRIMARY_TEMP_01,301.7236
2024-01-15T06:22:00,PRIMARY_FLOW_01,603.8173
2024-01-15T06:22:00,PRIMARY_LEVEL_01,49.5144
2024-01-15T06:23:00,COOLING_TEMP_01,71.2011
2024-01-15T06:23:00,COOLING_PRES_01,9.898
2024-01-15T06:23:00,COOLING_FLOW_01,253.134
2024-01-15T06:23:00,PRIMARY_PRES_01,155.4853
2024-01-15T06:23:00,PRIMARY_TEMP_01,301.7712
2024-01-15T06:23:00,PRIMARY_FLOW_01,596.3859
2024-01-15T06:24:00,COOLING_TEMP_01,70.4741
2024-01-15T06:24:00,COOLING_PRES_01,10.052
2024-01-15T06:24:00,COOLING_FLOW_01,249.9088
2024-01-15T06:24:00,COOLING_HEAT_01,20.6061
2024-01-15T06:24:00,PRIMARY_PRES_01,154.9343
2024-01-15T06:24:00,PRIMARY_TEMP_01,302.179
2024-01-15T06:24:00,PRIMARY_FLOW_01,607.45
2024-01-15T06:24:00,PRIMARY_LEVEL_01,50.5645
2024-01-15T06:25:00,COOLING_TEMP_01,70.6854
2024-01-15T06:25:00,COOLING_PRES_01,10.0311
2024-01-15T06:25:00,COOLING_FLOW_01,249.6168
2024-01-15T06:25:00,PRIMARY_PRES_01,155.3603
2024-01-15T06:25:00,PRIMARY_TEMP_01,303.1714
2024-01-15T06:25:00,PRIMARY_FLOW_01,600.7091
2024-01-15T06:26:00,COOLING_TEMP_01,71.0685
2024-01-15T06:26:00,COOLING_PRES_01,9.8859
2024-01-15T06:26:00,COOLING_FLOW_01,251.9094
2024-01-15T06:26:00,COOLING_HEAT_01,20.5203
2024-01-15T06:26:00,PRIMARY_PRES_01,155.1888
2024-01-15T06:26:00,PRIMARY_TEMP_01,302.9493
2024-01-15T06:26:00,PRIMARY_FLOW_01,593.0463
2024-01-15T06:26:00,PRIMARY_LEVEL_01,50.0128
2024-01-15T06:27:00,COOLING_TEMP_01,70.5785
2024-01-15T06:27:00,COOLING_PRES_01,9.7756
2024-01-15T06:27:00,COOLING_FLOW_01,250.2728
2024-01-15T06:27:00,PRIMARY_PRES_01,155.1533
2024-01-15T06:27:00,PRIMARY_TEMP_01,301.9118
2024-01-15T06:27:00,PRIMARY_FLOW_01,606.1303
2024-01-15T06:28:00,COOLING_TEMP_01,70.9201
2024-01-15T06:28:00,COOLING_PRES_01,9.9912
2024-01-15T06:28:00,COOLING_FLOW_01,250.871
2024-01-15T06:28:00,COOLING_HEAT_01,21.2153
2024-01-15T06:28:00,PRIMARY_PRES_01,154.9008
2024-01-15T06:28:00,PRIMARY_TEMP_01,302.9999
2024-01-15T06:28:00,PRIMARY_FLOW_01,594.7209
2024-01-15T06:28:00,PRIMARY_LEVEL_01,49.9206
2024-01-15T06:29:00,COOLING_TEMP_01,71.0922
2024-01-15T06:29:00,COOLING_PRES_01,10.1443
2024-01-15T06:29:00,COOLING_FLOW_01,249.9411
2024-01-15T06:29:00,PRIMARY_PRES_01,154.9157
2024-01-15T06:29:00,PRIMARY_TEMP_01,300.4359
2024-01-15T06:29:00,PRIMARY_FLOW_01,597.2335
2024-01-15T06:30:00,COOLING_TEMP_01,71.1705
2024-01-15T06:30:00,COOLING_PRES_01,10.1103
2024-01-15T06:30:00,COOLING_FLOW_01,254.0295
2024-01-15T06:30:00,COOLING_HEAT_01,20.6635
2024-01-15T06:30:00,PRIMARY_PRES_01,155.0988
2024-01-15T06:30:00,PRIMARY_TEMP_01,304.5925
2024-01-15T06:30:00,PRIMARY_FLOW_01,613.2604
2024-01-15T06:30:00,PRIMARY_LEVEL_01,50.1842
2024-01-15T06:31:00,COOLING_TEMP_01,70.7565
2024-01-15T06:31:00,COOLING_PRES_01,10.0092
2024-01-15T06:31:00,COOLING_FLOW_01,248.0063
2024-01-15T06:31:00,PRIMARY_PRES_01,154.5138
2024-01-15T06:31:00,PRIMARY_TEMP_01,301.6598
2024-01-15T06:31:00,PRIMARY_FLOW_01,604.0478
2024-01-15T06:32:00,COOLING_TEMP_01,71.4336
2024-01-15T06:32:00,COOLING_PRES_01,9.9962
2024-01-15T06:32:00,COOLING_FLOW_01,255.4268
2024-01-15T06:32:00,COOLING_HEAT_01,20.0176
2024-01-15T06:32:00,PRIMARY_PRES_01,154.6274
2024-01-15T06:32:00,PRIMARY_TEMP_01,301.7933
2024-01-15T06:32:00,PRIMARY_FLOW_01,606.025
2024-01-15T06:32:00,PRIMARY_LEVEL_01,49.303
2024-01-15T06:33:00,COOLING_TEMP_01,71.0765
2024-01-15T06:33:00,COOLING_PRES_01,9.9626
2024-01-15T06:33:00,COOLING_FLOW_01,254.5414
2024-01-15T06:33:00,PRIMARY_PRES_01,154.8476
2024-01-15T06:33:00,PRIMARY_TEMP_01,301.5417
2024-01-15T06:33:00,PRIMARY_FLOW_01,581.5226
2024-01-15T06:34:00,COOLING_TEMP_01,71.365
2024-01-15T06:34:00,COOLING_PRES_01,9.9669
2024-01-15T06:34:00,COOLING_FLOW_01,251.4942
2024-01-15T06:34:00,COOLING_HEAT_01,20.7822
2024-01-15T06:34:00,PRIMARY_PRES_01,154.7734
2024-01-15T06:34:00,PRIMARY_TEMP_01,302.2843
2024-01-15T06:34:00,PRIMARY_FLOW_01,600.5519
2024-01-15T06:34:00,PRIMARY_LEVEL_01,49.3767
2024-01-15T06:35:00,COOLING_TEMP_01,71.9473
2024-01-15T06:35:00,COOLING_PRES_01,9.9076
2024-01-15T06:35:00,COOLING_FLOW_01,248.6602
2024-01-15T06:35:00,PRIMARY_PRES_01,155.355
2024-01-15T06:35:00,PRIMARY_TEMP_01,301.7958
2024-01-15T06:35:00,PRIMARY_FLOW_01,597.3682
2024-01-15T06:36:00,COOLING_TEMP_01,70.8869
2024-01-15T06:36:00,COOLING_PRES_01,10.0715
2024-01-15T06:36:00,COOLING_FLOW_01,251.3218
2024-01-15T06:36:00,COOLING_HEAT_01,20.3725
2024-01-15T06:36:00,PRIMARY_PRES_01,155.2819
2024-01-15T06:36:00,PRIMARY_TEMP_01,304.0775
2024-01-15T06:36:00,PRIMARY_FLOW_01,600.6264
2024-01-15T06:36:00,PRIMARY_LEVEL_01,50.458
2024-01-15T06:37:00,COOLING_TEMP_01,71.7025
2024-01-15T06:37:00,COOLING_PRES_01,9.977
2024-01-15T06:37:00,COOLING_FLOW_01,248.8118
2024-01-15T06:37:00,PRIMARY_PRES_01,154.9207
2024-01-15T06:37:00,PRIMARY_TEMP_01,301.915
2024-01-15T06:37:00,PRIMARY_FLOW_01,594.4246
2024-01-15T06:38:00,COOLING_TEMP_01,71.4181
2024-01-15T06:38:00,COOLING_PRES_01,9.8551
2024-01-15T06:38:00,COOLING_FLOW_01,247.7929
2024-01-15T06:38:00,COOLING_HEAT_01,20.6075
2024-01-15T06:38:00,PRIMARY_PRES_01,154.8864
2024-01-15T06:38:00,PRIMARY_TEMP_01,304.8685
2024-01-15T06:38:00,PRIMARY_FLOW_01,589.7324
2024-01-15T06:38:00,PRIMARY_LEVEL_01,50.4964
2024-01-15T06:39:00,COOLING_TEMP_01,70.0802
2024-01-15T06:39:00,COOLING_PRES_01,9.8548
2024-01-15T06:39:00,COOLING_FLOW_01,252.1984
2024-01-15T06:39:00,PRIMARY_PRES_01,154.6765
2024-01-15T06:39:00,PRIMARY_TEMP_01,302.8256
2024-01-15T06:39:00,PRIMARY_FLOW_01,594.3131
2024-01-15T06:40:00,COOLING_TEMP_01,71.7126
2024-01-15T06:40:00,COOLING_PRES_01,10.2527
2024-01-15T06:40:00,COOLING_FLOW_01,254.8269
2024-01-15T06:40:00,COOLING_HEAT_01,20.3074
2024-01-15T06:40:00,PRIMARY_PRES_01,155.0837
2024-01-15T06:40:00,PRIMARY_TEMP_01,301.5905
2024-01-15T06:40:00,PRIMARY_FLOW_01,601.3401
2024-01-15T06:40:00,PRIMARY_LEVEL_01,49.8689
2024-01-15T06:41:00,COOLING_TEMP_01,70.0756
2024-01-15T06:41:00,COOLING_PRES_01,9.9151
2024-01-15T06:41:00,COOLING_FLOW_01,247.0133
2024-01-15T06:41:00,PRIMARY_PRES_01,154.6579
2024-01-15T06:41:00,PRIMARY_TEMP_01,301.5766
2024-01-15T06:41:00,PRIMARY_FLOW_01,600.5516
2024-01-15T06:42:00,COOLING_TEMP_01,70.799
2024-01-15T06:42:00,COOLING_PRES_01,9.9279
2024-01-15T06:42:00,COOLING_FLOW_01,250.2566
2024-01-15T06:42:00,COOLING_HEAT_01,20.351
2024-01-15T06:42:00,PRIMARY_PRES_01,155.2524
2024-01-15T06:42:00,PRIMARY_TEMP_01,300.9567
2024-01-15T06:42:00,PRIMARY_FLOW_01,600.0685
2024-01-15T06:42:00,PRIMARY_LEVEL_01,51.5167
2024-01-15T06:43:00,COOLING_TEMP_01,70.4203
2024-01-15T06:43:00,COOLING_PRES_01,9.8874
2024-01-15T06:43:00,COOLING_FLOW_01,250.303
2024-01-15T06:43:00,PRIMARY_PRES_01,155.009
2024-01-15T06:43:00,PRIMARY_TEMP_01,300.9682
2024-01-15T06:43:00,PRIMARY_FLOW_01,604.7993
2024-01-15T06:44:00,COOLING_TEMP_01,70.5112
2024-01-15T06:44:00,COOLING_PRES_01,10.1458
2024-01-15T06:44:00,COOLING_FLOW_01,250.9921
2024-01-15T06:44:00,COOLING_HEAT_01,20.3778
2024-01-15T06:44:00,PRIMARY_PRES_01,154.9312
2024-01-15T06:44:00,PRIMARY_TEMP_01,299.4588
2024-01-15T06:44:00,PRIMARY_FLOW_01,592.7073
2024-01-15T06:44:00,PRIMARY_LEVEL_01,49.8367
2024-01-15T06:45:00,COOLING_TEMP_01,71.7171
2024-01-15T06:45:00,COOLING_PRES_01,9.9557
2024-01-15T06:45:00,COOLING_FLOW_01,253.0271
2024-01-15T06:45:00,PRIMARY_PRES_01,155.5945
2024-01-15T06:45:00,PRIMARY_TEMP_01,300.9572
2024-01-15T06:45:00,PRIMARY_FLOW_01,603.402
2024-01-15T06:46:00,COOLING_TEMP_01,70.2339
2024-01-15T06:46:00,COOLING_PRES_01,9.8123
2024-01-15T06:46:00,COOLING_FLOW_01,246.6419
2024-01-15T06:46:00,COOLING_HEAT_01,20.4363
2024-01-15T06:46:00,PRIMARY_PRES_01,155.1492
2024-01-15T06:46:00,PRIMARY_TEMP_01,300.3268
2024-01-15T06:46:00,PRIMARY_FLOW_01,596.3758
2024-01-15T06:46:00,PRIMARY_LEVEL_01,49.7529
2024-01-15T06:47:00,COOLING_TEMP_01,71.1959
2024-01-15T06:47:00,COOLING_PRES_01,10.0163
2024-01-15T06:47:00,COOLING_FLOW_01,247.9074
2024-01-15T06:47:00,PRIMARY_PRES_01,155.2481
2024-01-15T06:47:00,PRIMARY_TEMP_01,302.3425
2024-01-15T06:47:00,PRIMARY_FLOW_01,605.9254
2024-01-15T06:48:00,COOLING_TEMP_01,70.5129
2024-01-15T06:48:00,COOLING_PRES_01,10.0492
2024-01-15T06:48:00,COOLING_FLOW_01,250.1579
2024-01-15T06:48:00,COOLING_HEAT_01,20.5195
2024-01-15T06:48:00,PRIMARY_PRES_01,155.4067
2024-01-15T06:48:00,PRIMARY_TEMP_01,301.8122
2024-01-15T06:48:00,PRIMARY_FLOW_01,604.863
2024-01-15T06:48:00,PRIMARY_LEVEL_01,50.2484
2024-01-15T06:49:00,COOLING_TEMP_01,72.2203
2024-01-15T06:49:00,COOLING_PRES_01,9.8636
2024-01-15T06:49:00,COOLING_FLOW_01,254.4721
2024-01-15T06:49:00,PRIMARY_PRES_01,155.0238
2024-01-15T06:49:00,PRIMARY_TEMP_01,301.0913
2024-01-15T06:49:00,PRIMARY_FLOW_01,599.5015
2024-01-15T06:50:00,COOLING_TEMP_01,70.5393
2024-01-15T06:50:00,COOLING_PRES_01,10.1055
2024-01-15T06:50:00,COOLING_FLOW_01,249.6829
2024-01-15T06:50:00,COOLING_HEAT_01,20.6841
2024-01-15T06:50:00,PRIMARY_PRES_01,155.7941
2024-01-15T06:50:00,PRIMARY_TEMP_01,300.3853
2024-01-15T06:50:00,PRIMARY_FLOW_01,592.6942
2024-01-15T06:50:00,PRIMARY_LEVEL_01,49.88
2024-01-15T06:51:00,COOLING_TEMP_01,71.0886
2024-01-15T06:51:00,COOLING_PRES_01,9.7076
2024-01-15T06:51:00,COOLING_FLOW_01,249.6654
2024-01-15T06:51:00,PRIMARY_PRES_01,154.7612
2024-01-15T06:51:00,PRIMARY_TEMP_01,300.7158
2024-01-15T06:51:00,PRIMARY_FLOW_01,596.2757
2024-01-15T06:52:00,COOLING_TEMP_01,71.3483
2024-01-15T06:52:00,COOLING_PRES_01,9.8347
2024-01-15T06:52:00,COOLING_FLOW_01,252.9734
2024-01-15T06:52:00,COOLING_HEAT_01,20.3134
2024-01-15T06:52:00,PRIMARY_PRES_01,155.6442
2024-01-15T06:52:00,PRIMARY_TEMP_01,301.7879
2024-01-15T06:52:00,PRIMARY_FLOW_01,592.7014
2024-01-15T06:52:00,PRIMARY_LEVEL_01,49.2608
2024-01-15T06:53:00,COOLING_TEMP_01,70.8073
2024-01-15T06:53:00,COOLING_PRES_01,9.9582
2024-01-15T06:53:00,COOLING_FLOW_01,251.098
2024-01-15T06:53:00,PRIMARY_PRES_01,155.5485
2024-01-15T06:53:00,PRIMARY_TEMP_01,303.277
2024-01-15T06:53:00,PRIMARY_FLOW_01,601.4368
2024-01-15T06:54:00,COOLING_TEMP_01,70.3821
2024-01-15T06:54:00,COOLING_PRES_01,9.9666
2024-01-15T06:54:00,COOLING_FLOW_01,247.3126
2024-01-15T06:54:00,COOLING_HEAT_01,20.7264
2024-01-15T06:54:00,PRIMARY_PRES_01,155.0222
2024-01-15T06:54:00,PRIMARY_TEMP_01,303.9751
2024-01-15T06:54:00,PRIMARY_FLOW_01,598.1357
2024-01-15T06:54:00,PRIMARY_LEVEL_01,50.0886
2024-01-15T06:55:00,COOLING_TEMP_01,71.836
2024-01-15T06:55:00,COOLING_PRES_01,10.1633
2024-01-15T06:55:00,COOLING_FLOW_01,248.5067
2024-01-15T06:55:00,PRIMARY_PRES_01,155.2477
2024-01-15T06:55:00,PRIMARY_TEMP_01,301.2489
2024-01-15T06:55:00,PRIMARY_FLOW_01,593.3846
2024-01-15T06:56:00,COOLING_TEMP_01,70.3472
2024-01-15T06:56:00,COOLING_PRES_01,9.9554
2024-01-15T06:56:00,COOLING_FLOW_01,252.6097
2024-01-15T06:56:00,COOLING_HEAT_01,20.3337
2024-01-15T06:56:00,PRIMARY_PRES_01,155.0109
2024-01-15T06:56:00,PRIMARY_TEMP_01,301.7027
2024-01-15T06:56:00,PRIMARY_FLOW_01,598.6079
2024-01-15T06:56:00,PRIMARY_LEVEL_01,51.1836
2024-01-15T06:57:00,COOLING_TEMP_01,71.7921
2024-01-15T06:57:00,COOLING_PRES_01,10.0285
2024-01-15T06:57:00,COOLING_FLOW_01,250.4637
2024-01-15T06:57:00,PRIMARY_PRES_01,155.1736
2024-01-15T06:57:00,PRIMARY_TEMP_01,301.7995
2024-01-15T06:57:00,PRIMARY_FLOW_01,611.5181
2024-01-15T06:58:00,COOLING_TEMP_01,69.8239
2024-01-15T06:58:00,COOLING_PRES_01,10.0882
2024-01-15T06:58:00,COOLING_FLOW_01,248.9857
2024-01-15T06:58:00,COOLING_HEAT_01,20.8326
2024-01-15T06:58:00,PRIMARY_PRES_01,155.2375
2024-01-15T06:58:00,PRIMARY_TEMP_01,302.1643
2024-01-15T06:58:00,PRIMARY_FLOW_01,610.9662
2024-01-15T06:58:00,PRIMARY_LEVEL_01,49.9373
2024-01-15T06:59:00,COOLING_TEMP_01,70.2844
2024-01-15T06:59:00,COOLING_PRES_01,9.9528
2024-01-15T06:59:00,COOLING_FLOW_01,255.4454
2024-01-15T06:59:00,PRIMARY_PRES_01,154.2384
2024-01-15T06:59:00,PRIMARY_TEMP_01,302.8549
2024-01-15T06:59:00,PRIMARY_FLOW_01,600.2013
2024-01-15T07:00:00,COOLING_TEMP_01,70.9367
2024-01-15T07:00:00,COOLING_PRES_01,9.9794
2024-01-15T07:00:00,COOLING_FLOW_01,249.0146
2024-01-15T07:00:00,COOLING_HEAT_01,20.1238
2024-01-15T07:00:00,PRIMARY_PRES_01,154.9974
2024-01-15T07:00:00,PRIMARY_TEMP_01,302.1947
2024-01-15T07:00:00,PRIMARY_FLOW_01,601.8499
2024-01-15T07:00:00,PRIMARY_LEVEL_01,49.753
2024-01-15T07:01:00,COOLING_TEMP_01,70.454
2024-01-15T07:01:00,COOLING_PRES_01,10.1547
2024-01-15T07:01:00,COOLING_FLOW_01,248.9658
2024-01-15T07:01:00,PRIMARY_PRES_01,154.7165
2024-01-15T07:01:00,PRIMARY_TEMP_01,302.687
2024-01-15T07:01:00,PRIMARY_FLOW_01,606.1299
2024-01-15T07:02:00,COOLING_TEMP_01,70.5665
2024-01-15T07:02:00,COOLING_PRES_01,10.1036
2024-01-15T07:02:00,COOLING_FLOW_01,256.7449
2024-01-15T07:02:00,COOLING_HEAT_01,21.3925
2024-01-15T07:02:00,PRIMARY_PRES_01,154.8824
2024-01-15T07:02:00,PRIMARY_TEMP_01,302.0969
2024-01-15T07:02:00,PRIMARY_FLOW_01,600.6752
2024-01-15T07:02:00,PRIMARY_LEVEL_01,50.1396
2024-01-15T07:03:00,COOLING_TEMP_01,71.6019
2024-01-15T07:03:00,COOLING_PRES_01,10.0593
2024-01-15T07:03:00,COOLING_FLOW_01,250.9455
2024-01-15T07:03:00,PRIMARY_PRES_01,155.034
2024-01-15T07:03:00,PRIMARY_TEMP_01,301.1538
2024-01-15T07:03:00,PRIMARY_FLOW_01,598.8412
2024-01-15T07:04:00,COOLING_TEMP_01,70.9008
2024-01-15T07:04:00,COOLING_PRES_01,9.7691
2024-01-15T07:04:00,COOLING_FLOW_01,244.8141
2024-01-15T07:04:00,COOLING_HEAT_01,20.7244
2024-01-15T07:04:00,PRIMARY_PRES_01,155.3385
2024-01-15T07:04:00,PRIMARY_TEMP_01,302.7501
2024-01-15T07:04:00,PRIMARY_FLOW_01,597.8992
2024-01-15T07:04:00,PRIMARY_LEVEL_01,49.9822
2024-01-15T07:05:00,COOLING_TEMP_01,70.6862
2024-01-15T07:05:00,COOLING_PRES_01,9.8712
2024-01-15T07:05:00,COOLING_FLOW_01,251.88
2024-01-15T07:05:00,PRIMARY_PRES_01,154.959
2024-01-15T07:05:00,PRIMARY_TEMP_01,301.4401
2024-01-15T07:05:00,PRIMARY_FLOW_01,606.2304
2024-01-15T07:06:00,COOLING_TEMP_01,71.6362
2024-01-15T07:06:00,COOLING_PRES_01,9.9301
2024-01-15T07:06:00,COOLING_FLOW_01,250.0995
2024-01-15T07:06:00,COOLING_HEAT_01,20.483
2024-01-15T07:06:00,PRIMARY_PRES_01,155.1253
2024-01-15T07:06:00,PRIMARY_TEMP_01,300.4909
2024-01-15T07:06:00,PRIMARY_FLOW_01,600.2678
2024-01-15T07:06:00,PRIMARY_LEVEL_01,49.4585
2024-01-15T07:07:00,COOLING_TEMP_01,71.3742
2024-01-15T07:07:00,COOLING_PRES_01,9.8631
2024-01-15T07:07:00,COOLING_FLOW_01,254.1162
2024-01-15T07:07:00,PRIMARY_PRES_01,154.8335
2024-01-15T07:07:00,PRIMARY_TEMP_01,302.548
2024-01-15T07:07:00,PRIMARY_FLOW_01,600.1907
2024-01-15T07:08:00,COOLING_TEMP_01,70.6519
2024-01-15T07:08:00,COOLING_PRES_01,10.027
2024-01-15T07:08:00,COOLING_FLOW_01,250.0435
2024-01-15T07:08:00,COOLING_HEAT_01,20.1599
2024-01-15T07:08:00,PRIMARY_PRES_01,155.2006
2024-01-15T07:08:00,PRIMARY_TEMP_01,300.4105
2024-01-15T07:08:00,PRIMARY_FLOW_01,604.3471
2024-01-15T07:08:00,PRIMARY_LEVEL_01,49.4244
2024-01-15T07:09:00,COOLING_TEMP_01,70.738
2024-01-15T07:09:00,COOLING_PRES_01,10.1869
2024-01-15T07:09:00,COOLING_FLOW_01,250.5274
2024-01-15T07:09:00,PRIMARY_PRES_01,155.1992
2024-01-15T07:09:00,PRIMARY_TEMP_01,302.7054
2024-01-15T07:09:00,PRIMARY_FLOW_01,595.2237
2024-01-15T07:10:00,COOLING_TEMP_01,71.2165
2024-01-15T07:10:00,COOLING_PRES_01,10.0688
2024-01-15T07:10:00,COOLING_FLOW_01,248.8801
2024-01-15T07:10:00,COOLING_HEAT_01,20.4013
2024-01-15T07:10:00,PRIMARY_PRES_01,154.696
2024-01-15T07:10:00,PRIMARY_TEMP_01,300.1958
2024-01-15T07:10:00,PRIMARY_FLOW_01,611.4603
2024-01-15T07:10:00,PRIMARY_LEVEL_01,49.2522
2024-01-15T07:11:00,COOLING_TEMP_01,70.3174
2024-01-15T07:11:00,COOLING_PRES_01,9.7342
2024-01-15T07:11:00,COOLING_FLOW_01,248.0496
2024-01-15T07:11:00,PRIMARY_PRES_01,154.7916
2024-01-15T07:11:00,PRIMARY_TEMP_01,301.9393
2024-01-15T07:11:00,PRIMARY_FLOW_01,589.0587
2024-01-15T07:12:00,COOLING_TEMP_01,71.1408
2024-01-15T07:12:00,COOLING_PRES_01,9.99
2024-01-15T07:12:00,COOLING_FLOW_01,252.7333
2024-01-15T07:12:00,COOLING_HEAT_01,19.8213
2024-01-15T07:12:00,PRIMARY_PRES_01,155.2951
2024-01-15T07:12:00,PRIMARY_TEMP_01,301.3922
2024-01-15T07:12:00,PRIMARY_FLOW_01,600.9461
2024-01-15T07:12:00,PRIMARY_LEVEL_01,50.5807
2024-01-15T07:13:00,COOLING_TEMP_01,71.1834
2024-01-15T07:13:00,COOLING_PRES_01,10.0826
2024-01-15T07:13:00,COOLING_FLOW_01,248.04
2024-01-15T07:13:00,PRIMARY_PRES_01,155.2886
2024-01-15T07:13:00,PRIMARY_TEMP_01,302.4421
2024-01-15T07:13:00,PRIMARY_FLOW_01,601.9467
2024-01-15T07:14:00,COOLING_TEMP_01,71.6791
2024-01-15T07:14:00,COOLING_PRES_01,9.9737
2024-01-15T07:14:00,COOLING_FLOW_01,256.2316
2024-01-15T07:14:00,COOLING_HEAT_01,20.417
2024-01-15T07:14:00,PRIMARY_PRES_01,155.0705
2024-01-15T07:14:00,PRIMARY_TEMP_01,302.9514
2024-01-15T07:14:00,PRIMARY_FLOW_01,596.8934
2024-01-15T07:14:00,PRIMARY_LEVEL_01,49.3734
2024-01-15T07:15:00,COOLING_TEMP_01,70.9
2024-01-15T07:15:00,COOLING_PRES_01,10.05
2024-01-15T07:15:00,COOLING_FLOW_01,255.3283
2024-01-15T07:15:00,PRIMARY_PRES_01,155.0457
2024-01-15T07:15:00,PRIMARY_TEMP_01,303.1
2024-01-15T07:15:00,PRIMARY_FLOW_01,598.6487
2024-01-15T07:16:00,COOLING_TEMP_01,71.0001
2024-01-15T07:16:00,COOLING_PRES_01,10.229
2024-01-15T07:16:00,COOLING_FLOW_01,253.4295
2024-01-15T07:16:00,COOLING_HEAT_01,20.2735
2024-01-15T07:16:00,PRIMARY_PRES_01,155.0574
2024-01-15T07:16:00,PRIMARY_TEMP_01,302.8394
2024-01-15T07:16:00,PRIMARY_FLOW_01,608.1901
2024-01-15T07:16:00,PRIMARY_LEVEL_01,50.1779
2024-01-15T07:17:00,COOLING_TEMP_01,70.7838
2024-01-15T07:17:00,COOLING_PRES_01,10.0826
2024-01-15T07:17:00,COOLING_FLOW_01,250.1191
2024-01-15T07:17:00,PRIMARY_PRES_01,155.2487
2024-01-15T07:17:00,PRIMARY_TEMP_01,303.9062
2024-01-15T07:17:00,PRIMARY_FLOW_01,608.3439
2024-01-15T07:18:00,COOLING_TEMP_01,71.2577
2024-01-15T07:18:00,COOLING_PRES_01,9.9702
2024-01-15T07:18:00,COOLING_FLOW_01,253.7709
2024-01-15T07:18:00,COOLING_HEAT_01,20.577
2024-01-15T07:18:00,PRIMARY_PRES_01,154.8559
2024-01-15T07:18:00,PRIMARY_TEMP_01,299.8731
2024-01-15T07:18:00,PRIMARY_FLOW_01,597.6806
2024-01-15T07:18:00,PRIMARY_LEVEL_01,50.8517
2024-01-15T07:19:00,COOLING_TEMP_01,70.7796
2024-01-15T07:19:00,COOLING_PRES_01,9.9433
2024-01-15T07:19:00,COOLING_FLOW_01,242.6232
2024-01-15T07:19:00,PRIMARY_PRES_01,154.9854
2024-01-15T07:19:00,PRIMARY_TEMP_01,302.927
2024-01-15T07:19:00,PRIMARY_FLOW_01,607.0083
2024-01-15T07:20:00,COOLING_TEMP_01,71.9628
2024-01-15T07:20:00,COOLING_PRES_01,10.0152
2024-01-15T07:20:00,COOLING_FLOW_01,250.5866
2024-01-15T07:20:00,COOLING_HEAT_01,20.2667
2024-01-15T07:20:00,PRIMARY_PRES_01,154.9611
2024-01-15T07:20:00,PRIMARY_TEMP_01,302.9279
2024-01-15T07:20:00,PRIMARY_FLOW_01,602.2438
2024-01-15T07:20:00,PRIMARY_LEVEL_01,50.2399
2024-01-15T07:21:00,COOLING_TEMP_01,71.3828
2024-01-15T07:21:00,COOLING_PRES_01,10.0694
2024-01-15T07:21:00,COOLING_FLOW_01,250.6691
2024-01-15T07:21:00,PRIMARY_PRES_01,154.8845
2024-01-15T07:21:00,PRIMARY_TEMP_01,300.2813
2024-01-15T07:21:00,PRIMARY_FLOW_01,598.4723
2024-01-15T07:22:00,COOLING_TEMP_01,71.798
2024-01-15T07:22:00,COOLING_PRES_01,9.9373
2024-01-15T07:22:00,COOLING_FLOW_01,253.0219
2024-01-15T07:22:00,COOLING_HEAT_01,20.2551
2024-01-15T07:22:00,PRIMARY_PRES_01,154.9045
2024-01-15T07:22:00,PRIMARY_TEMP_01,302.3968
2024-01-15T07:22:00,PRIMARY_FLOW_01,594.6972
2024-01-15T07:22:00,PRIMARY_LEVEL_01,49.869
2024-01-15T07:23:00,COOLING_TEMP_01,70.7302
2024-01-15T07:23:00,COOLING_PRES_01,9.941
2024-01-15T07:23:00,COOLING_FLOW_01,248.1875
2024-01-15T07:23:00,PRIMARY_PRES_01,154.9174
2024-01-15T07:23:00,PRIMARY_TEMP_01,301.448
2024-01-15T07:23:00,PRIMARY_FLOW_01,599.8462
2024-01-15T07:24:00,COOLING_TEMP_01,70.7369
2024-01-15T07:24:00,COOLING_PRES_01,10.0043
2024-01-15T07:24:00,COOLING_FLOW_01,254.0088
2024-01-15T07:24:00,COOLING_HEAT_01,19.8975
2024-01-15T07:24:00,PRIMARY_PRES_01,154.8674
2024-01-15T07:24:00,PRIMARY_TEMP_01,301.9705
2024-01-15T07:24:00,PRIMARY_FLOW_01,601.917
2024-01-15T07:24:00,PRIMARY_LEVEL_01,49.7584
2024-01-15T07:25:00,COOLING_TEMP_01,70.1081
2024-01-15T07:25:00,COOLING_PRES_01,10.0357
2024-01-15T07:25:00,COOLING_FLOW_01,253.3432
2024-01-15T07:25:00,PRIMARY_PRES_01,155.1275
2024-01-15T07:25:00,PRIMARY_TEMP_01,301.539
2024-01-15T07:25:00,PRIMARY_FLOW_01,604.5495
2024-01-15T07:26:00,COOLING_TEMP_01,71.1361
2024-01-15T07:26:00,COOLING_PRES_01,10.0461
2024-01-15T07:26:00,COOLING_FLOW_01,251.0928
2024-01-15T07:26:00,COOLING_HEAT_01,20.6629
2024-01-15T07:26:00,PRIMARY_PRES_01,155.0098
2024-01-15T07:26:00,PRIMARY_TEMP_01,301.5015
2024-01-15T07:26:00,PRIMARY_FLOW_01,601.4584
2024-01-15T07:26:00,PRIMARY_LEVEL_01,49.9662
2024-01-15T07:27:00,COOLING_TEMP_01,70.1275
2024-01-15T07:27:00,COOLING_PRES_01,10.054
2024-01-15T07:27:00,COOLING_FLOW_01,249.093
2024-01-15T07:27:00,PRIMARY_PRES_01,154.8851
2024-01-15T07:27:00,PRIMARY_TEMP_01,301.6148
2024-01-15T07:27:00,PRIMARY_FLOW_01,592.4771
2024-01-15T07:28:00,COOLING_TEMP_01,70.7608
2024-01-15T07:28:00,COOLING_PRES_01,9.9272
2024-01-15T07:28:00,COOLING_FLOW_01,254.4335
2024-01-15T07:28:00,COOLING_HEAT_01,20.1809
2024-01-15T07:28:00,PRIMARY_PRES_01,154.998
2024-01-15T07:28:00,PRIMARY_TEMP_01,301.4053
2024-01-15T07:28:00,PRIMARY_FLOW_01,587.1953
2024-01-15T07:28:00,PRIMARY_LEVEL_01,49.6585
2024-01-15T07:29:00,COOLING_TEMP_01,71.4661
2024-01-15T07:29:00,COOLING_PRES_01,10.0074
2024-01-15T07:29:00,COOLING_FLOW_01,254.7761
2024-01-15T07:29:00,PRIMARY_PRES_01,154.48
2024-01-15T07:29:00,PRIMARY_TEMP_01,301.7728
2024-01-15T07:29:00,PRIMARY_FLOW_01,603.4189
2024-01-15T07:30:00,COOLING_TEMP_01,72.1442
2024-01-15T07:30:00,COOLING_PRES_01,10.1048
2024-01-15T07:30:00,COOLING_FLOW_01,247.5126
2024-01-15T07:30:00,COOLING_HEAT_01,20.4989
2024-01-15T07:30:00,PRIMARY_PRES_01,155.3021
2024-01-15T07:30:00,PRIMARY_TEMP_01,301.2424
2024-01-15T07:30:00,PRIMARY_FLOW_01,601.4736
2024-01-15T07:30:00,PRIMARY_LEVEL_01,50.2744
2024-01-15T07:31:00,COOLING_TEMP_01,71.2719
2024-01-15T07:31:00,COOLING_PRES_01,10.1514
2024-01-15T07:31:00,COOLING_FLOW_01,247.7973
2024-01-15T07:31:00,PRIMARY_PRES_01,154.5415
2024-01-15T07:31:00,PRIMARY_TEMP_01,302.4098
2024-01-15T07:31:00,PRIMARY_FLOW_01,613.5412
2024-01-15T07:32:00,COOLING_TEMP_01,71.4409
2024-01-15T07:32:00,COOLING_PRES_01,10.1437
2024-01-15T07:32:00,COOLING_FLOW_01,249.2202
2024-01-15T07:32:00,COOLING_HEAT_01,20.3427
2024-01-15T07:32:00,PRIMARY_PRES_01,155.7829
2024-01-15T07:32:00,PRIMARY_TEMP_01,302.1169
2024-01-15T07:32:00,PRIMARY_FLOW_01,600.3205
2024-01-15T07:32:00,PRIMARY_LEVEL_01,51.1578
2024-01-15T07:33:00,COOLING_TEMP_01,70.7699
2024-01-15T07:33:00,COOLING_PRES_01,10.0163
2024-01-15T07:33:00,COOLING_FLOW_01,248.5684
2024-01-15T07:33:00,PRIMARY_PRES_01,155.2824
2024-01-15T07:33:00,PRIMARY_TEMP_01,302.9242
2024-01-15T07:33:00,PRIMARY_FLOW_01,591.7311
2024-01-15T07:34:00,COOLING_TEMP_01,71.2444
2024-01-15T07:34:00,COOLING_PRES_01,9.8216
2024-01-15T07:34:00,COOLING_FLOW_01,250.4686
2024-01-15T07:34:00,COOLING_HEAT_01,20.3759
2024-01-15T07:34:00,PRIMARY_PRES_01,155.4896
2024-01-15T07:34:00,PRIMARY_TEMP_01,301.8201
2024-01-15T07:34:00,PRIMARY_FLOW_01,607.331
2024-01-15T07:34:00,PRIMARY_LEVEL_01,50.2223
2024-01-15T07:35:00,COOLING_TEMP_01,71.0745
2024-01-15T07:35:00,COOLING_PRES_01,10.1246
2024-01-15T07:35:00,COOLING_FLOW_01,255.7054
2024-01-15T07:35:00,PRIMARY_PRES_01,154.9115
2024-01-15T07:35:00,PRIMARY_TEMP_01,303.6944
2024-01-15T07:35:00,PRIMARY_FLOW_01,597.2374
2024-01-15T07:36:00,COOLING_TEMP_01,71.8137
2024-01-15T07:36:00,COOLING_PRES_01,10.0203
2024-01-15T07:36:00,COOLING_FLOW_01,251.6692
2024-01-15T07:36:00,COOLING_HEAT_01,19.5942
2024-01-15T07:36:00,PRIMARY_PRES_01,154.9868
2024-01-15T07:36:00,PRIMARY_TEMP_01,300.0661
2024-01-15T07:36:00,PRIMARY_FLOW_01,606.6864
2024-01-15T07:36:00,PRIMARY_LEVEL_01,50.1571
2024-01-15T07:37:00,COOLING_TEMP_01,70.3138
2024-01-15T07:37:00,COOLING_PRES_01,10.1145
2024-01-15T07:37:00,COOLING_FLOW_01,248.1922
2024-01-15T07:37:00,PRIMARY_PRES_01,154.3041
2024-01-15T07:37:00,PRIMARY_TEMP_01,301.6815
2024-01-15T07:37:00,PRIMARY_FLOW_01,591.118
2024-01-15T07:38:00,COOLING_TEMP_01,70.3992
2024-01-15T07:38:00,COOLING_PRES_01,10.0569
2024-01-15T07:38:00,COOLING_FLOW_01,253.7352
2024-01-15T07:38:00,COOLING_HEAT_01,20.1181
2024-01-15T07:38:00,PRIMARY_PRES_01,154.9694
2024-01-15T07:38:00,PRIMARY_TEMP_01,302.2847
2024-01-15T07:38:00,PRIMARY_FLOW_01,614.738
2024-01-15T07:38:00,PRIMARY_LEVEL_01,50.472
2024-01-15T07:39:00,COOLING_TEMP_01,71.1734
2024-01-15T07:39:00,COOLING_PRES_01,10.021
2024-01-15T07:39:00,COOLING_FLOW_01,247.5436
2024-01-15T07:39:00,PRIMARY_PRES_01,154.831
2024-01-15T07:39:00,PRIMARY_TEMP_01,301.5334
2024-01-15T07:39:00,PRIMARY_FLOW_01,589.8671
2024-01-15T07:40:00,COOLING_TEMP_01,70.4173
2024-01-15T07:40:00,COOLING_PRES_01,10.2572
2024-01-15T07:40:00,COOLING_FLOW_01,250.5362
2024-01-15T07:40:00,COOLING_HEAT_01,19.934
2024-01-15T07:40:00,PRIMARY_PRES_01,155.0127
2024-01-15T07:40:00,PRIMARY_TEMP_01,303.2529
2024-01-15T07:40:00,PRIMARY_FLOW_01,607.2759
2024-01-15T07:40:00,PRIMARY_LEVEL_01,50.8545
2024-01-15T07:41:00,COOLING_TEMP_01,71.6787
2024-01-15T07:41:00,COOLING_PRES_01,10.0127
2024-01-15T07:41:00,COOLING_FLOW_01,250.4318
2024-01-15T07:41:00,PRIMARY_PRES_01,154.7992
2024-01-15T07:41:00,PRIMARY_TEMP_01,302.8325
2024-01-15T07:41:00,PRIMARY_FLOW_01,589.9846
2024-01-15T07:42:00,COOLING_TEMP_01,71.295
2024-01-15T07:42:00,COOLING_PRES_01,10.2199
2024-01-15T07:42:00,COOLING_FLOW_01,250.7293
2024-01-15T07:42:00,COOLING_HEAT_01,20.8618
2024-01-15T07:42:00,PRIMARY_PRES_01,155.4332
2024-01-15T07:42:00,PRIMARY_TEMP_01,301.0738
2024-01-15T07:42:00,PRIMARY_FLOW_01,601.7582
2024-01-15T07:42:00,PRIMARY_LEVEL_01,50.2475
2024-01-15T07:43:00,COOLING_TEMP_01,71.2254
2024-01-15T07:43:00,COOLING_PRES_01,10.0019
2024-01-15T07:43:00,COOLING_FLOW_01,248.7343
2024-01-15T07:43:00,PRIMARY_PRES_01,155.0449
2024-01-15T07:43:00,PRIMARY_TEMP_01,302.1781
2024-01-15T07:43:00,PRIMARY_FLOW_01,591.5214
2024-01-15T07:44:00,COOLING_TEMP_01,70.4111
2024-01-15T07:44:00,COOLING_PRES_01,9.9667
2024-01-15T07:44:00,COOLING_FLOW_01,253.5623
2024-01-15T07:44:00,COOLING_HEAT_01,20.3538
2024-01-15T07:44:00,PRIMARY_PRES_01,154.9587
2024-01-15T07:44:00,PRIMARY_TEMP_01,302.9978
2024-01-15T07:44:00,PRIMARY_FLOW_01,598.7883
2024-01-15T07:44:00,PRIMARY_LEVEL_01,48.9987
2024-01-15T07:45:00,COOLING_TEMP_01,70.5575
2024-01-15T07:45:00,COOLING_PRES_01,10.1223
2024-01-15T07:45:00,COOLING_FLOW_01,248.5731
2024-01-15T07:45:00,PRIMARY_PRES_01,155.4341
2024-01-15T07:45:00,PRIMARY_TEMP_01,302.6415
2024-01-15T07:45:00,PRIMARY_FLOW_01,592.9342
2024-01-15T07:46:00,COOLING_TEMP_01,70.7026
2024-01-15T07:46:00,COOLING_PRES_01,10.0156
2024-01-15T07:46:00,COOLING_FLOW_01,245.572
2024-01-15T07:46:00,COOLING_HEAT_01,20.2407
2024-01-15T07:46:00,PRIMARY_PRES_01,154.9237
2024-01-15T07:46:00,PRIMARY_TEMP_01,300.2772
2024-01-15T07:46:00,PRIMARY_FLOW_01,593.8639
2024-01-15T07:46:00,PRIMARY_LEVEL_01,50.0319
2024-01-15T07:47:00,COOLING_TEMP_01,70.7669
2024-01-15T07:47:00,COOLING_PRES_01,9.9813
2024-01-15T07:47:00,COOLING_FLOW_01,252.4604
2024-01-15T07:47:00,PRIMARY_PRES_01,155.2141
2024-01-15T07:47:00,PRIMARY_TEMP_01,302.8679
2024-01-15T07:47:00,PRIMARY_FLOW_01,596.9997
2024-01-15T07:48:00,COOLING_TEMP_01,70.3086
2024-01-15T07:48:00,COOLING_PRES_01,9.8489
2024-01-15T07:48:00,COOLING_FLOW_01,249.8667
2024-01-15T07:48:00,COOLING_HEAT_01,20.2261
2024-01-15T07:48:00,PRIMARY_PRES_01,154.732
2024-01-15T07:48:00,PRIMARY_TEMP_01,303.5682
2024-01-15T07:48:00,PRIMARY_FLOW_01,598.8025
2024-01-15T07:48:00,PRIMARY_LEVEL_01,51.4176
2024-01-15T07:49:00,COOLING_TEMP_01,69.7033
2024-01-15T07:49:00,COOLING_PRES_01,10.0555
2024-01-15T07:49:00,COOLING_FLOW_01,250.5961
2024-01-15T07:49:00,PRIMARY_PRES_01,154.6708
2024-01-15T07:49:00,PRIMARY_TEMP_01,300.4631
2024-01-15T07:49:00,PRIMARY_FLOW_01,608.4457
2024-01-15T07:50:00,COOLING_TEMP_01,71.1298
2024-01-15T07:50:00,COOLING_PRES_01,9.8566
2024-01-15T07:50:00,COOLING_FLOW_01,243.7154
2024-01-15T07:50:00,COOLING_HEAT_01,20.6868
2024-01-15T07:50:00,PRIMARY_PRES_01,154.3487
2024-01-15T07:50:00,PRIMARY_TEMP_01,303.1471
2024-01-15T07:50:00,PRIMARY_FLOW_01,595.6143
2024-01-15T07:50:00,PRIMARY_LEVEL_01,50.9233
2024-01-15T07:51:00,COOLING_TEMP_01,70.085
2024-01-15T07:51:00,COOLING_PRES_01,9.996
2024-01-15T07:51:00,COOLING_FLOW_01,254.2834
2024-01-15T07:51:00,PRIMARY_PRES_01,154.5046
2024-01-15T07:51:00,PRIMARY_TEMP_01,302.8319
2024-01-15T07:51:00,PRIMARY_FLOW_01,598.5047
2024-01-15T07:52:00,COOLING_TEMP_01,72.3292
2024-01-15T07:52:00,COOLING_PRES_01,10.0637
2024-01-15T07:52:00,COOLING_FLOW_01,251.6809
2024-01-15T07:52:00,COOLING_HEAT_01,20.6145
2024-01-15T07:52:00,PRIMARY_PRES_01,155.0918
2024-01-15T07:52:00,PRIMARY_TEMP_01,301.6368
2024-01-15T07:52:00,PRIMARY_FLOW_01,607.4089
2024-01-15T07:52:00,PRIMARY_LEVEL_01,49.2621
2024-01-15T07:53:00,COOLING_TEMP_01,70.4538
2024-01-15T07:53:00,COOLING_PRES_01,10.0546
2024-01-15T07:53:00,COOLING_FLOW_01,252.711
2024-01-15T07:53:00,PRIMARY_PRES_01,155.55
2024-01-15T07:53:00,PRIMARY_TEMP_01,300.5496
2024-01-15T07:53:00,PRIMARY_FLOW_01,587.9397
2024-01-15T07:54:00,COOLING_TEMP_01,71.5852
2024-01-15T07:54:00,COOLING_PRES_01,10.1983
2024-01-15T07:54:00,COOLING_FLOW_01,247.5845
2024-01-15T07:54:00,COOLING_HEAT_01,20.2073
2024-01-15T07:54:00,PRIMARY_PRES_01,155.0106
2024-01-15T07:54:00,PRIMARY_TEMP_01,304.1545
2024-01-15T07:54:00,PRIMARY_FLOW_01,593.039
2024-01-15T07:54:00,PRIMARY_LEVEL_01,50.6471
2024-01-15T07:55:00,COOLING_TEMP_01,71.0742
2024-01-15T07:55:00,COOLING_PRES_01,9.9032
2024-01-15T07:55:00,COOLING_FLOW_01,251.2234
2024-01-15T07:55:00,PRIMARY_PRES_01,155.0307
2024-01-15T07:55:00,PRIMARY_TEMP_01,301.126
2024-01-15T07:55:00,PRIMARY_FLOW_01,600.1842
2024-01-15T07:56:00,COOLING_TEMP_01,71.0804
2024-01-15T07:56:00,COOLING_PRES_01,10.104
2024-01-15T07:56:00,COOLING_FLOW_01,249.9583
2024-01-15T07:56:00,COOLING_HEAT_01,20.4391
2024-01-15T07:56:00,PRIMARY_PRES_01,154.8488
2024-01-15T07:56:00,PRIMARY_TEMP_01,302.215
2024-01-15T07:56:00,PRIMARY_FLOW_01,603.7492
2024-01-15T07:56:00,PRIMARY_LEVEL_01,48.6738
2024-01-15T07:57:00,COOLING_TEMP_01,71.2857
2024-01-15T07:57:00,COOLING_PRES_01,10.1249
2024-01-15T07:57:00,COOLING_FLOW_01,249.6487
2024-01-15T07:57:00,PRIMARY_PRES_01,155.02
2024-01-15T07:57:00,PRIMARY_TEMP_01,301.6525
2024-01-15T07:57:00,PRIMARY_FLOW_01,593.1748
2024-01-15T07:58:00,COOLING_TEMP_01,71.0659
2024-01-15T07:58:00,COOLING_PRES_01,10.0192
2024-01-15T07:58:00,COOLING_FLOW_01,248.8397
2024-01-15T07:58:00,COOLING_HEAT_01,19.8308
2024-01-15T07:58:00,PRIMARY_PRES_01,154.521
2024-01-15T07:58:00,PRIMARY_TEMP_01,300.7255
2024-01-15T07:58:00,PRIMARY_FLOW_01,591.7576
2024-01-15T07:58:00,PRIMARY_LEVEL_01,50.426
2024-01-15T07:59:00,COOLING_TEMP_01,71.5414
2024-01-15T07:59:00,COOLING_PRES_01,10.1573
2024-01-15T07:59:00,COOLING_FLOW_01,252.1706
2024-01-15T07:59:00,PRIMARY_PRES_01,155.2887
2024-01-15T07:59:00,PRIMARY_TEMP_01,302.8374
2024-01-15T07:59:00,PRIMARY_FLOW_01,599.6261
2024-01-15T08:00:00,COOLING_TEMP_01,71.1497
2024-01-15T08:00:00,COOLING_PRES_01,9.9037
2024-01-15T08:00:00,COOLING_FLOW_01,246.6289
2024-01-15T08:00:00,COOLING_HEAT_01,21.0921
2024-01-15T08:00:00,PRIMARY_PRES_01,154.8316
2024-01-15T08:00:00,PRIMARY_TEMP_01,300.0923
2024-01-15T08:00:00,PRIMARY_FLOW_01,605.4014
2024-01-15T08:00:00,PRIMARY_LEVEL_01,50.6288
2024-01-15T08:01:00,COOLING_TEMP_01,70.9201
2024-01-15T08:01:00,COOLING_PRES_01,9.8256
2024-01-15T08:01:00,COOLING_FLOW_01,253.4071
2024-01-15T08:01:00,PRIMARY_PRES_01,155.1828
2024-01-15T08:01:00,PRIMARY_TEMP_01,301.6931
2024-01-15T08:01:00,PRIMARY_FLOW_01,598.1639
2024-01-15T08:02:00,COOLING_TEMP_01,72.5064
2024-01-15T08:02:00,COOLING_PRES_01,9.9819
2024-01-15T08:02:00,COOLING_FLOW_01,251.2182
2024-01-15T08:02:00,COOLING_HEAT_01,20.6942
2024-01-15T08:02:00,PRIMARY_PRES_01,154.9135
2024-01-15T08:02:00,PRIMARY_TEMP_01,300.9393
2024-01-15T08:02:00,PRIMARY_FLOW_01,604.7374
2024-01-15T08:02:00,PRIMARY_LEVEL_01,50.4952
2024-01-15T08:03:00,COOLING_TEMP_01,69.8559
2024-01-15T08:03:00,COOLING_PRES_01,10.0808
2024-01-15T08:03:00,COOLING_FLOW_01,250.5685
2024-01-15T08:03:00,PRIMARY_PRES_01,155.1525
2024-01-15T08:03:00,PRIMARY_TEMP_01,303.6745
2024-01-15T08:03:00,PRIMARY_FLOW_01,591.6995
2024-01-15T08:04:00,COOLING_TEMP_01,70.2971
2024-01-15T08:04:00,COOLING_PRES_01,9.9913
2024-01-15T08:04:00,COOLING_FLOW_01,254.5645
2024-01-15T08:04:00,COOLING_HEAT_01,19.9979
2024-01-15T08:04:00,PRIMARY_PRES_01,155.3269
2024-01-15T08:04:00,PRIMARY_TEMP_01,302.7142
2024-01-15T08:04:00,PRIMARY_FLOW_01,591.6116
2024-01-15T08:04:00,PRIMARY_LEVEL_01,49.929
2024-01-15T08:05:00,COOLING_TEMP_01,70.5702
2024-01-15T08:05:00,COOLING_PRES_01,10.0706
2024-01-15T08:05:00,COOLING_FLOW_01,246.7991
2024-01-15T08:05:00,PRIMARY_PRES_01,154.6562
2024-01-15T08:05:00,PRIMARY_TEMP_01,301.3873
2024-01-15T08:05:00,PRIMARY_FLOW_01,599.0412
2024-01-15T08:06:00,COOLING_TEMP_01,70.5096
2024-01-15T08:06:00,COOLING_PRES_01,9.974
2024-01-15T08:06:00,COOLING_FLOW_01,251.6009
2024-01-15T08:06:00,COOLING_HEAT_01,20.7428
2024-01-15T08:06:00,PRIMARY_PRES_01,155.1947
2024-01-15T08:06:00,PRIMARY_TEMP_01,301.8263
2024-01-15T08:06:00,PRIMARY_FLOW_01,588.0116
2024-01-15T08:06:00,PRIMARY_LEVEL_01,50.4689
2024-01-15T08:07:00,COOLING_TEMP_01,70.2389
2024-01-15T08:07:00,COOLING_PRES_01,10.1232
2024-01-15T08:07:00,COOLING_FLOW_01,257.7467
2024-01-15T08:07:00,PRIMARY_PRES_01,154.8824
2024-01-15T08:07:00,PRIMARY_TEMP_01,302.1543
2024-01-15T08:07:00,PRIMARY_FLOW_01,594.725
2024-01-15T08:08:00,COOLING_TEMP_01,70.5656
2024-01-15T08:08:00,COOLING_PRES_01,10.0595
2024-01-15T08:08:00,COOLING_FLOW_01,248.1134
2024-01-15T08:08:00,COOLING_HEAT_01,20.3077
2024-01-15T08:08:00,PRIMARY_PRES_01,154.9329
2024-01-15T08:08:00,PRIMARY_TEMP_01,300.6649
2024-01-15T08:08:00,PRIMARY_FLOW_01,600.28
2024-01-15T08:08:00,PRIMARY_LEVEL_01,50.2251
2024-01-15T08:09:00,COOLING_TEMP_01,71.1404
2024-01-15T08:09:00,COOLING_PRES_01,10.0923
2024-01-15T08:09:00,COOLING_FLOW_01,249.4376
2024-01-15T08:09:00,PRIMARY_PRES_01,155.2945
2024-01-15T08:09:00,PRIMARY_TEMP_01,302.323
2024-01-15T08:09:00,PRIMARY_FLOW_01,600.9665
2024-01-15T08:10:00,COOLING_TEMP_01,70.8691
2024-01-15T08:10:00,COOLING_PRES_01,10.054
2024-01-15T08:10:00,COOLING_FLOW_01,247.441
2024-01-15T08:10:00,COOLING_HEAT_01,20.3829
2024-01-15T08:10:00,PRIMARY_PRES_01,155.2844
2024-01-15T08:10:00,PRIMARY_TEMP_01,299.2284
2024-01-15T08:10:00,PRIMARY_FLOW_01,588.7454
2024-01-15T08:10:00,PRIMARY_LEVEL_01,49.8732
2024-01-15T08:11:00,COOLING_TEMP_01,70.2897
2024-01-15T08:11:00,COOLING_PRES_01,10.0831
2024-01-15T08:11:00,COOLING_FLOW_01,248.5756
2024-01-15T08:11:00,PRIMARY_PRES_01,154.7332
2024-01-15T08:11:00,PRIMARY_TEMP_01,300.7511
2024-01-15T08:11:00,PRIMARY_FLOW_01,590.4576
2024-01-15T08:12:00,COOLING_TEMP_01,71.6347
2024-01-15T08:12:00,COOLING_PRES_01,9.9457
2024-01-15T08:12:00,COOLING_FLOW_01,248.5343
2024-01-15T08:12:00,COOLING_HEAT_01,20.2144
2024-01-15T08:12:00,PRIMARY_PRES_01,154.9603
2024-01-15T08:12:00,PRIMARY_TEMP_01,302.6738
2024-01-15T08:12:00,PRIMARY_FLOW_01,599.6313
2024-01-15T08:12:00,PRIMARY_LEVEL_01,50.3188
2024-01-15T08:13:00,COOLING_TEMP_01,70.6187
2024-01-15T08:13:00,COOLING_PRES_01,9.9111
2024-01-15T08:13:00,COOLING_FLOW_01,254.5242
2024-01-15T08:13:00,PRIMARY_PRES_01,154.771
2024-01-15T08:13:00,PRIMARY_TEMP_01,301.1614
2024-01-15T08:13:00,PRIMARY_FLOW_01,605.9422
2024-01-15T08:14:00,COOLING_TEMP_01,71.492
2024-01-15T08:14:00,COOLING_PRES_01,10.117
2024-01-15T08:14:00,COOLING_FLOW_01,248.5748
2024-01-15T08:14:00,COOLING_HEAT_01,20.6178
2024-01-15T08:14:00,PRIMARY_PRES_01,154.7641
2024-01-15T08:14:00,PRIMARY_TEMP_01,301.8758
2024-01-15T08:14:00,PRIMARY_FLOW_01,598.9073
2024-01-15T08:14:00,PRIMARY_LEVEL_01,50.5551
2024-01-15T08:15:00,COOLING_TEMP_01,71.5078
2024-01-15T08:15:00,COOLING_PRES_01,9.9204
2024-01-15T08:15:00,COOLING_FLOW_01,244.4346
2024-01-15T08:15:00,PRIMARY_PRES_01,155.0748
2024-01-15T08:15:00,PRIMARY_TEMP_01,299.284
2024-01-15T08:15:00,PRIMARY_FLOW_01,608.435
2024-01-15T08:16:00,COOLING_TEMP_01,70.699
2024-01-15T08:16:00,COOLING_PRES_01,9.9808
2024-01-15T08:16:00,COOLING_FLOW_01,251.8742
2024-01-15T08:16:00,COOLING_HEAT_01,20.0003
2024-01-15T08:16:00,PRIMARY_PRES_01,155.0907
2024-01-15T08:16:00,PRIMARY_TEMP_01,301.667
2024-01-15T08:16:00,PRIMARY_FLOW_01,601.1018
2024-01-15T08:16:00,PRIMARY_LEVEL_01,50.2421
2024-01-15T08:17:00,COOLING_TEMP_01,70.8506
2024-01-15T08:17:00,COOLING_PRES_01,10.0359
2024-01-15T08:17:00,COOLING_FLOW_01,248.3656
2024-01-15T08:17:00,PRIMARY_PRES_01,155.0653
2024-01-15T08:17:00,PRIMARY_TEMP_01,302.323
2024-01-15T08:17:00,PRIMARY_FLOW_01,595.8845
2024-01-15T08:18:00,COOLING_TEMP_01,71.1043
2024-01-15T08:18:00,COOLING_PRES_01,9.9645
2024-01-15T08:18:00,COOLING_FLOW_01,258.2088
2024-01-15T08:18:00,COOLING_HEAT_01,19.9116
2024-01-15T08:18:00,PRIMARY_PRES_01,154.8823
2024-01-15T08:18:00,PRIMARY_TEMP_01,300.1318
2024-01-15T08:18:00,PRIMARY_FLOW_01,603.0509
2024-01-15T08:18:00,PRIMARY_LEVEL_01,49.3122
2024-01-15T08:19:00,COOLING_TEMP_01,70.0861
2024-01-15T08:19:00,COOLING_PRES_01,10.0546
2024-01-15T08:19:00,COOLING_FLOW_01,250.1598
2024-01-15T08:19:00,PRIMARY_PRES_01,155.3898
2024-01-15T08:19:00,PRIMARY_TEMP_01,302.7865
2024-01-15T08:19:00,PRIMARY_FLOW_01,610.6948
2024-01-15T08:20:00,COOLING_TEMP_01,71.2942
2024-01-15T08:20:00,COOLING_PRES_01,10.0469
2024-01-15T08:20:00,COOLING_FLOW_01,250.9717
2024-01-15T08:20:00,COOLING_HEAT_01,19.6101
2024-01-15T08:20:00,PRIMARY_PRES_01,154.805
2024-01-15T08:20:00,PRIMARY_TEMP_01,303.2247
2024-01-15T08:20:00,PRIMARY_FLOW_01,595.4506
2024-01-15T08:20:00,PRIMARY_LEVEL_01,49.9835
2024-01-15T08:21:00,COOLING_TEMP_01,70.4787
2024-01-15T08:21:00,COOLING_PRES_01,9.9388
2024-01-15T08:21:00,COOLING_FLOW_01,252.2199
2024-01-15T08:21:00,PRIMARY_PRES_01,155.4754
2024-01-15T08:21:00,PRIMARY_TEMP_01,304.3332
2024-01-15T08:21:00,PRIMARY_FLOW_01,591.1848
2024-01-15T08:22:00,COOLING_TEMP_01,70.5735
2024-01-15T08:22:00,COOLING_PRES_01,10.0279
2024-01-15T08:22:00,COOLING_FLOW_01,251.7832
2024-01-15T08:22:00,COOLING_HEAT_01,20.462
2024-01-15T08:22:00,PRIMARY_PRES_01,155.1078
2024-01-15T08:22:00,PRIMARY_TEMP_01,300.6443
2024-01-15T08:22:00,PRIMARY_FLOW_01,600.1809
2024-01-15T08:22:00,PRIMARY_LEVEL_01,50.4995
2024-01-15T08:23:00,COOLING_TEMP_01,70.3203
2024-01-15T08:23:00,COOLING_PRES_01,9.8318
2024-01-15T08:23:00,COOLING_FLOW_01,252.7128
2024-01-15T08:23:00,PRIMARY_PRES_01,154.8963
2024-01-15T08:23:00,PRIMARY_TEMP_01,302.1975
2024-01-15T08:23:00,PRIMARY_FLOW_01,605.0382
2024-01-15T08:24:00,COOLING_TEMP_01,70.9232
2024-01-15T08:24:00,COOLING_PRES_01,10.1903
2024-01-15T08:24:00,COOLING_FLOW_01,255.7653
2024-01-15T08:24:00,COOLING_HEAT_01,20.3453
2024-01-15T08:24:00,PRIMARY_PRES_01,154.908
2024-01-15T08:24:00,PRIMARY_TEMP_01,302.4814
2024-01-15T08:24:00,PRIMARY_FLOW_01,598.8207
2024-01-15T08:24:00,PRIMARY_LEVEL_01,50.1258
2024-01-15T08:25:00,COOLING_TEMP_01,70.9108
2024-01-15T08:25:00,COOLING_PRES_01,10.1822
2024-01-15T08:25:00,COOLING_FLOW_01,251.4831
2024-01-15T08:25:00,PRIMARY_PRES_01,155.341
2024-01-15T08:25:00,PRIMARY_TEMP_01,303.0154
2024-01-15T08:25:00,PRIMARY_FLOW_01,606.134
2024-01-15T08:26:00,COOLING_TEMP_01,71.0834
2024-01-15T08:26:00,COOLING_PRES_01,9.9929
2024-01-15T08:26:00,COOLING_FLOW_01,252.9423
2024-01-15T08:26:00,COOLING_HEAT_01,20.0951
2024-01-15T08:26:00,PRIMARY_PRES_01,154.9913
2024-01-15T08:26:00,PRIMARY_TEMP_01,302.0818
2024-01-15T08:26:00,PRIMARY_FLOW_01,599.4921
2024-01-15T08:26:00,PRIMARY_LEVEL_01,49.8665
2024-01-15T08:27:00,COOLING_TEMP_01,71.0763
2024-01-15T08:27:00,COOLING_PRES_01,10.1711
2024-01-15T08:27:00,COOLING_FLOW_01,252.9964
2024-01-15T08:27:00,PRIMARY_PRES_01,154.6129
2024-01-15T08:27:00,PRIMARY_TEMP_01,303.303
2024-01-15T08:27:00,PRIMARY_FLOW_01,601.9465
2024-01-15T08:28:00,COOLING_TEMP_01,70.5183
2024-01-15T08:28:00,COOLING_PRES_01,10.2826
2024-01-15T08:28:00,COOLING_FLOW_01,250.6565
2024-01-15T08:28:00,COOLING_HEAT_01,20.2078
2024-01-15T08:28:00,PRIMARY_PRES_01,155.3087
2024-01-15T08:28:00,PRIMARY_TEMP_01,302.084
2024-01-15T08:28:00,PRIMARY_FLOW_01,603.4305
2024-01-15T08:28:00,PRIMARY_LEVEL_01,49.0652
2024-01-15T08:29:00,COOLING_TEMP_01,71.8719
2024-01-15T08:29:00,COOLING_PRES_01,10.2193
2024-01-15T08:29:00,COOLING_FLOW_01,249.3798
2024-01-15T08:29:00,PRIMARY_PRES_01,154.9727
2024-01-15T08:29:00,PRIMARY_TEMP_01,301.607
2024-01-15T08:29:00,PRIMARY_FLOW_01,594.3857
2024-01-15T08:30:00,COOLING_TEMP_01,70.1991
2024-01-15T08:30:00,COOLING_PRES_01,9.8466
2024-01-15T08:30:00,COOLING_FLOW_01,249.7056
2024-01-15T08:30:00,COOLING_HEAT_01,20.8006
2024-01-15T08:30:00,PRIMARY_PRES_01,155.3677
2024-01-15T08:30:00,PRIMARY_TEMP_01,302.2455
2024-01-15T08:30:00,PRIMARY_FLOW_01,601.8478
2024-01-15T08:30:00,PRIMARY_LEVEL_01,50.3448
2024-01-15T08:31:00,COOLING_TEMP_01,71.3037
2024-01-15T08:31:00,COOLING_PRES_01,9.9463
2024-01-15T08:31:00,COOLING_FLOW_01,252.3091
2024-01-15T08:31:00,PRIMARY_PRES_01,154.7757
2024-01-15T08:31:00,PRIMARY_TEMP_01,302.7886
2024-01-15T08:31:00,PRIMARY_FLOW_01,596.6296
2024-01-15T08:32:00,COOLING_TEMP_01,70.6539
2024-01-15T08:32:00,COOLING_PRES_01,9.8599
2024-01-15T08:32:00,COOLING_FLOW_01,245.7776
2024-01-15T08:32:00,COOLING_HEAT_01,20.5017
2024-01-15T08:32:00,PRIMARY_PRES_01,154.844
2024-01-15T08:32:00,PRIMARY_TEMP_01,301.6627
2024-01-15T08:32:00,PRIMARY_FLOW_01,598.3643
2024-01-15T08:32:00,PRIMARY_LEVEL_01,49.3132
2024-01-15T08:33:00,COOLING_TEMP_01,71.3697
2024-01-15T08:33:00,COOLING_PRES_01,9.9402
2024-01-15T08:33:00,COOLING_FLOW_01,253.4147
2024-01-15T08:33:00,PRIMARY_PRES_01,154.988
2024-01-15T08:33:00,PRIMARY_TEMP_01,303.4925
2024-01-15T08:33:00,PRIMARY_FLOW_01,596.7919
2024-01-15T08:34:00,COOLING_TEMP_01,70.9048
2024-01-15T08:34:00,COOLING_PRES_01,10.1715
2024-01-15T08:34:00,COOLING_FLOW_01,244.078
2024-01-15T08:34:00,COOLING_HEAT_01,20.0842
2024-01-15T08:34:00,PRIMARY_PRES_01,155.0051
2024-01-15T08:34:00,PRIMARY_TEMP_01,301.341
2024-01-15T08:34:00,PRIMARY_FLOW_01,609.2704
2024-01-15T08:34:00,PRIMARY_LEVEL_01,49.4603
2024-01-15T08:35:00,COOLING_TEMP_01,71.1032
2024-01-15T08:35:00,COOLING_PRES_01,9.9863
2024-01-15T08:35:00,COOLING_FLOW_01,253.5052
2024-01-15T08:35:00,PRIMARY_PRES_01,154.5764
2024-01-15T08:35:00,PRIMARY_TEMP_01,301.1906
2024-01-15T08:35:00,PRIMARY_FLOW_01,615.8459
2024-01-15T08:36:00,COOLING_TEMP_01,70.5908
2024-01-15T08:36:00,COOLING_PRES_01,10.0971
2024-01-15T08:36:00,COOLING_FLOW_01,249.4713
2024-01-15T08:36:00,COOLING_HEAT_01,20.0354
2024-01-15T08:36:00,PRIMARY_PRES_01,155.0456
2024-01-15T08:36:00,PRIMARY_TEMP_01,302.1877
2024-01-15T08:36:00,PRIMARY_FLOW_01,595.7703
2024-01-15T08:36:00,PRIMARY_LEVEL_01,49.4519
2024-01-15T08:37:00,COOLING_TEMP_01,70.1986
2024-01-15T08:37:00,COOLING_PRES_01,9.919
2024-01-15T08:37:00,COOLING_FLOW_01,251.3888
2024-01-15T08:37:00,PRIMARY_PRES_01,155.3464
2024-01-15T08:37:00,PRIMARY_TEMP_01,302.0178
2024-01-15T08:37:00,PRIMARY_FLOW_01,586.9887
2024-01-15T08:38:00,COOLING_TEMP_01,70.0627
2024-01-15T08:38:00,COOLING_PRES_01,10.1284
2024-01-15T08:38:00,COOLING_FLOW_01,245.597
2024-01-15T08:38:00,COOLING_HEAT_01,20.5082
2024-01-15T08:38:00,PRIMARY_PRES_01,154.9635
2024-01-15T08:38:00,PRIMARY_TEMP_01,300.679
2024-01-15T08:38:00,PRIMARY_FLOW_01,598.2704
2024-01-15T08:38:00,PRIMARY_LEVEL_01,49.9959
2024-01-15T08:39:00,COOLING_TEMP_01,71.1237
2024-01-15T08:39:00,COOLING_PRES_01,9.8831
2024-01-15T08:39:00,COOLING_FLOW_01,245.2806
2024-01-15T08:39:00,PRIMARY_PRES_01,155.1433
2024-01-15T08:39:00,PRIMARY_TEMP_01,302.6176
2024-01-15T08:39:00,PRIMARY_FLOW_01,594.0029
2024-01-15T08:40:00,COOLING_TEMP_01,69.9707
2024-01-15T08:40:00,COOLING_PRES_01,9.9656
2024-01-15T08:40:00,COOLING_FLOW_01,250.2177
2024-01-15T08:40:00,COOLING_HEAT_01,20.1054
2024-01-15T08:40:00,PRIMARY_PRES_01,154.9637
2024-01-15T08:40:00,PRIMARY_TEMP_01,302.0289
2024-01-15T08:40:00,PRIMARY_FLOW_01,596.9104
2024-01-15T08:40:00,PRIMARY_LEVEL_01,49.4558
2024-01-15T08:41:00,COOLING_TEMP_01,71.1826
2024-01-15T08:41:00,COOLING_PRES_01,9.8344
2024-01-15T08:41:00,COOLING_FLOW_01,255.1023
2024-01-15T08:41:00,PRIMARY_PRES_01,154.8294
2024-01-15T08:41:00,PRIMARY_TEMP_01,301.1935
2024-01-15T08:41:00,PRIMARY_FLOW_01,596.778
2024-01-15T08:42:00,COOLING_TEMP_01,70.9717
2024-01-15T08:42:00,COOLING_PRES_01,9.9256
2024-01-15T08:42:00,COOLING_FLOW_01,245.0312
2024-01-15T08:42:00,COOLING_HEAT_01,19.9347
2024-01-15T08:42:00,PRIMARY_PRES_01,155.008
2024-01-15T08:42:00,PRIMARY_TEMP_01,302.1624
2024-01-15T08:42:00,PRIMARY_FLOW_01,602.266
2024-01-15T08:42:00,PRIMARY_LEVEL_01,49.2019
2024-01-15T08:43:00,COOLING_TEMP_01,70.0172
2024-01-15T08:43:00,COOLING_PRES_01,9.901
2024-01-15T08:43:00,COOLING_FLOW_01,246.7147
2024-01-15T08:43:00,PRIMARY_PRES_01,154.9416
2024-01-15T08:43:00,PRIMARY_TEMP_01,301.9559
2024-01-15T08:43:00,PRIMARY_FLOW_01,603.8818
2024-01-15T08:44:00,COOLING_TEMP_01,69.7884
2024-01-15T08:44:00,COOLING_PRES_01,10.1763
2024-01-15T08:44:00,COOLING_FLOW_01,249.4685
2024-01-15T08:44:00,COOLING_HEAT_01,20.4352
2024-01-15T08:44:00,PRIMARY_PRES_01,155.422
2024-01-15T08:44:00,PRIMARY_TEMP_01,300.9586
2024-01-15T08:44:00,PRIMARY_FLOW_01,603.2492
2024-01-15T08:44:00,PRIMARY_LEVEL_01,50.8043
2024-01-15T08:45:00,COOLING_TEMP_01,70.3052
2024-01-15T08:45:00,COOLING_PRES_01,10.0285
2024-01-15T08:45:00,COOLING_FLOW_01,248.8843
2024-01-15T08:45:00,PRIMARY_PRES_01,154.9628
2024-01-15T08:45:00,PRIMARY_TEMP_01,299.6444
2024-01-15T08:45:00,PRIMARY_FLOW_01,592.3173
2024-01-15T08:46:00,COOLING_TEMP_01,70.7751
2024-01-15T08:46:00,COOLING_PRES_01,10.1189
2024-01-15T08:46:00,COOLING_FLOW_01,251.7797
2024-01-15T08:46:00,COOLING_HEAT_01,20.3619
2024-01-15T08:46:00,PRIMARY_PRES_01,155.1802
2024-01-15T08:46:00,PRIMARY_TEMP_01,301.0828
2024-01-15T08:46:00,PRIMARY_FLOW_01,593.0849
2024-01-15T08:46:00,PRIMARY_LEVEL_01,50.2213
2024-01-15T08:47:00,COOLING_TEMP_01,70.972
2024-01-15T08:47:00,COOLING_PRES_01,10.0447
2024-01-15T08:47:00,COOLING_FLOW_01,244.8853
2024-01-15T08:47:00,PRIMARY_PRES_01,155.4842
2024-01-15T08:47:00,PRIMARY_TEMP_01,301.2487
2024-01-15T08:47:00,PRIMARY_FLOW_01,607.1805
2024-01-15T08:48:00,COOLING_TEMP_01,70.3091
2024-01-15T08:48:00,COOLING_PRES_01,9.7992
2024-01-15T08:48:00,COOLING_FLOW_01,251.2283
2024-01-15T08:48:00,COOLING_HEAT_01,20.0782
2024-01-15T08:48:00,PRIMARY_PRES_01,155.1882
2024-01-15T08:48:00,PRIMARY_TEMP_01,302.1355
2024-01-15T08:48:00,PRIMARY_FLOW_01,599.2078
2024-01-15T08:48:00,PRIMARY_LEVEL_01,49.8909
2024-01-15T08:49:00,COOLING_TEMP_01,69.8782
2024-01-15T08:49:00,COOLING_PRES_01,10.0744
2024-01-15T08:49:00,COOLING_FLOW_01,250.2514
2024-01-15T08:49:00,PRIMARY_PRES_01,154.8147
2024-01-15T08:49:00,PRIMARY_TEMP_01,299.9667
2024-01-15T08:49:00,PRIMARY_FLOW_01,605.7003
2024-01-15T08:50:00,COOLING_TEMP_01,70.5388
2024-01-15T08:50:00,COOLING_PRES_01,9.8739
2024-01-15T08:50:00,COOLING_FLOW_01,251.6683
2024-01-15T08:50:00,COOLING_HEAT_01,20.1829
2024-01-15T08:50:00,PRIMARY_PRES_01,154.9979
2024-01-15T08:50:00,PRIMARY_TEMP_01,303.5323
2024-01-15T08:50:00,PRIMARY_FLOW_01,599.7523
2024-01-15T08:50:00,PRIMARY_LEVEL_01,49.7842
2024-01-15T08:51:00,COOLING_TEMP_01,71.4354
2024-01-15T08:51:00,COOLING_PRES_01,9.787
2024-01-15T08:51:00,COOLING_FLOW_01,251.0659
2024-01-15T08:51:00,PRIMARY_PRES_01,155.0278
2024-01-15T08:51:00,PRIMARY_TEMP_01,301.7275
2024-01-15T08:51:00,PRIMARY_FLOW_01,605.0574
2024-01-15T08:52:00,COOLING_TEMP_01,69.9166
2024-01-15T08:52:00,COOLING_PRES_01,10.1319
2024-01-15T08:52:00,COOLING_FLOW_01,247.133
2024-01-15T08:52:00,COOLING_HEAT_01,20.3152
2024-01-15T08:52:00,PRIMARY_PRES_01,154.9183
2024-01-15T08:52:00,PRIMARY_TEMP_01,299.7695
2024-01-15T08:52:00,PRIMARY_FLOW_01,605.2392
2024-01-15T08:52:00,PRIMARY_LEVEL_01,50.7251
2024-01-15T08:53:00,COOLING_TEMP_01,70.9205
2024-01-15T08:53:00,COOLING_PRES_01,9.9936
2024-01-15T08:53:00,COOLING_FLOW_01,248.056
2024-01-15T08:53:00,PRIMARY_PRES_01,155.2575
2024-01-15T08:53:00,PRIMARY_TEMP_01,301.9278
2024-01-15T08:53:00,PRIMARY_FLOW_01,607.4655
2024-01-15T08:54:00,COOLING_TEMP_01,69.1882
2024-01-15T08:54:00,COOLING_PRES_01,9.9689
2024-01-15T08:54:00,COOLING_FLOW_01,246.5882
2024-01-15T08:54:00,COOLING_HEAT_01,20.8942
2024-01-15T08:54:00,PRIMARY_PRES_01,155.4397
2024-01-15T08:54:00,PRIMARY_TEMP_01,301.6791
2024-01-15T08:54:00,PRIMARY_FLOW_01,601.2851
2024-01-15T08:54:00,PRIMARY_LEVEL_01,50.2758
2024-01-15T08:55:00,COOLING_TEMP_01,71.5684
2024-01-15T08:55:00,COOLING_PRES_01,9.7963
2024-01-15T08:55:00,COOLING_FLOW_01,250.4902
2024-01-15T08:55:00,PRIMARY_PRES_01,154.8735
2024-01-15T08:55:00,PRIMARY_TEMP_01,302.1267
2024-01-15T08:55:00,PRIMARY_FLOW_01,603.42
2024-01-15T08:56:00,COOLING_TEMP_01,70.3295
2024-01-15T08:56:00,COOLING_PRES_01,10.1313
2024-01-15T08:56:00,COOLING_FLOW_01,249.0782
2024-01-15T08:56:00,COOLING_HEAT_01,20.0438
2024-01-15T08:56:00,PRIMARY_PRES_01,154.9139
2024-01-15T08:56:00,PRIMARY_TEMP_01,301.6154
2024-01-15T08:56:00,PRIMARY_FLOW_01,605.7836
2024-01-15T08:56:00,PRIMARY_LEVEL_01,49.5642
2024-01-15T08:57:00,COOLING_TEMP_01,69.0696
2024-01-15T08:57:00,COOLING_PRES_01,10.1528
2024-01-15T08:57:00,COOLING_FLOW_01,247.5923
2024-01-15T08:57:00,PRIMARY_PRES_01,154.9045
2024-01-15T08:57:00,PRIMARY_TEMP_01,301.3338
2024-01-15T08:57:00,PRIMARY_FLOW_01,603.8341
2024-01-15T08:58:00,COOLING_TEMP_01,70.4292
2024-01-15T08:58:00,COOLING_PRES_01,10.1317
2024-01-15T08:58:00,COOLING_FLOW_01,249.3557
2024-01-15T08:58:00,COOLING_HEAT_01,19.6255
2024-01-15T08:58:00,PRIMARY_PRES_01,154.6549
2024-01-15T08:58:00,PRIMARY_TEMP_01,301.8199
2024-01-15T08:58:00,PRIMARY_FLOW_01,590.4883
2024-01-15T08:58:00,PRIMARY_LEVEL_01,50.3404
2024-01-15T08:59:00,COOLING_TEMP_01,70.3125
2024-01-15T08:59:00,COOLING_PRES_01,9.9609
2024-01-15T08:59:00,COOLING_FLOW_01,249.6006
2024-01-15T08:59:00,PRIMARY_PRES_01,155.0103
2024-01-15T08:59:00,PRIMARY_TEMP_01,301.964
2024-01-15T08:59:00,PRIMARY_FLOW_01,599.2798
2024-01-15T09:00:00,COOLING_TEMP_01,70.6341
2024-01-15T09:00:00,COOLING_PRES_01,9.8092
2024-01-15T09:00:00,COOLING_FLOW_01,253.6967
2024-01-15T09:00:00,COOLING_HEAT_01,20.154
2024-01-15T09:00:00,PRIMARY_PRES_01,155.0758
2024-01-15T09:00:00,PRIMARY_TEMP_01,302.0209
2024-01-15T09:00:00,PRIMARY_FLOW_01,592.0458
2024-01-15T09:00:00,PRIMARY_LEVEL_01,49.3552
2024-01-15T09:01:00,COOLING_TEMP_01,71.3853
2024-01-15T09:01:00,COOLING_PRES_01,10.0747
2024-01-15T09:01:00,COOLING_FLOW_01,245.8602
2024-01-15T09:01:00,PRIMARY_PRES_01,155.4482
2024-01-15T09:01:00,PRIMARY_TEMP_01,298.6918
2024-01-15T09:01:00,PRIMARY_FLOW_01,598.8775
2024-01-15T09:02:00,COOLING_TEMP_01,70.3803
2024-01-15T09:02:00,COOLING_PRES_01,9.8439
2024-01-15T09:02:00,COOLING_FLOW_01,250.6829
2024-01-15T09:02:00,COOLING_HEAT_01,21.1724
2024-01-15T09:02:00,PRIMARY_PRES_01,155.4042
2024-01-15T09:02:00,PRIMARY_TEMP_01,303.2323
2024-01-15T09:02:00,PRIMARY_FLOW_01,602.6309
2024-01-15T09:02:00,PRIMARY_LEVEL_01,50.6588
2024-01-15T09:03:00,COOLING_TEMP_01,70.424
2024-01-15T09:03:00,COOLING_PRES_01,10.0836
2024-01-15T09:03:00,COOLING_FLOW_01,248.4669
2024-01-15T09:03:00,PRIMARY_PRES_01,155.169
2024-01-15T09:03:00,PRIMARY_TEMP_01,303.5124
2024-01-15T09:03:00,PRIMARY_FLOW_01,598.5915
2024-01-15T09:04:00,COOLING_TEMP_01,70.3712
2024-01-15T09:04:00,COOLING_PRES_01,9.9718
2024-01-15T09:04:00,COOLING_FLOW_01,256.1781
2024-01-15T09:04:00,COOLING_HEAT_01,19.9774
2024-01-15T09:04:00,PRIMARY_PRES_01,155.292
2024-01-15T09:04:00,PRIMARY_TEMP_01,301.2538
2024-01-15T09:04:00,PRIMARY_FLOW_01,598.7916
2024-01-15T09:04:00,PRIMARY_LEVEL_01,50.6447
2024-01-15T09:05:00,COOLING_TEMP_01,69.5776
2024-01-15T09:05:00,COOLING_PRES_01,9.9928
2024-01-15T09:05:00,COOLING_FLOW_01,247.8814
2024-01-15T09:05:00,PRIMARY_PRES_01,155.2927
2024-01-15T09:05:00,PRIMARY_TEMP_01,303.3747
2024-01-15T09:05:00,PRIMARY_FLOW_01,592.2475
2024-01-15T09:06:00,COOLING_TEMP_01,71.296
2024-01-15T09:06:00,COOLING_PRES_01,10.1664
2024-01-15T09:06:00,COOLING_FLOW_01,248.7998
2024-01-15T09:06:00,COOLING_HEAT_01,20.6312
2024-01-15T09:06:00,PRIMARY_PRES_01,155.0292
2024-01-15T09:06:00,PRIMARY_TEMP_01,301.0623
2024-01-15T09:06:00,PRIMARY_FLOW_01,599.7473
2024-01-15T09:06:00,PRIMARY_LEVEL_01,48.8819
2024-01-15T09:07:00,COOLING_TEMP_01,70.9914
2024-01-15T09:07:00,COOLING_PRES_01,10.3432
2024-01-15T09:07:00,COOLING_FLOW_01,257.5635
2024-01-15T09:07:00,PRIMARY_PRES_01,155.4184
2024-01-15T09:07:00,PRIMARY_TEMP_01,300.1675
2024-01-15T09:07:00,PRIMARY_FLOW_01,608.109
2024-01-15T09:08:00,COOLING_TEMP_01,69.6154
2024-01-15T09:08:00,COOLING_PRES_01,9.9215
2024-01-15T09:08:00,COOLING_FLOW_01,251.7833
2024-01-15T09:08:00,COOLING_HEAT_01,20.2795
2024-01-15T09:08:00,PRIMARY_PRES_01,155.0294
2024-01-15T09:08:00,PRIMARY_TEMP_01,300.3417
2024-01-15T09:08:00,PRIMARY_FLOW_01,588.5574
2024-01-15T09:08:00,PRIMARY_LEVEL_01,50.6917
2024-01-15T09:09:00,COOLING_TEMP_01,70.0843
2024-01-15T09:09:00,COOLING_PRES_01,10.2009
2024-01-15T09:09:00,COOLING_FLOW_01,252.7481
2024-01-15T09:09:00,PRIMARY_PRES_01,154.7138
2024-01-15T09:09:00,PRIMARY_TEMP_01,300.6445
2024-01-15T09:09:00,PRIMARY_FLOW_01,608.7821
2024-01-15T09:10:00,COOLING_TEMP_01,69.3658
2024-01-15T09:10:00,COOLING_PRES_01,9.8099
2024-01-15T09:10:00,COOLING_FLOW_01,251.2959
2024-01-15T09:10:00,COOLING_HEAT_01,19.9033
2024-01-15T09:10:00,PRIMARY_PRES_01,155.0388
2024-01-15T09:10:00,PRIMARY_TEMP_01,302.1774
2024-01-15T09:10:00,PRIMARY_FLOW_01,604.6811
2024-01-15T09:10:00,PRIMARY_LEVEL_01,50.1302
2024-01-15T09:11:00,COOLING_TEMP_01,69.9015
2024-01-15T09:11:00,COOLING_PRES_01,9.789
2024-01-15T09:11:00,COOLING_FLOW_01,249.9042
2024-01-15T09:11:00,PRIMARY_PRES_01,155.2928
2024-01-15T09:11:00,PRIMARY_TEMP_01,300.0115
2024-01-15T09:11:00,PRIMARY_FLOW_01,596.4562
2024-01-15T09:12:00,COOLING_TEMP_01,71.7484
2024-01-15T09:12:00,COOLING_PRES_01,9.952
2024-01-15T09:12:00,COOLING_FLOW_01,248.7102
2024-01-15T09:12:00,COOLING_HEAT_01,20.9715
2024-01-15T09:12:00,PRIMARY_PRES_01,155.1188
2024-01-15T09:12:00,PRIMARY_TEMP_01,304.0339
2024-01-15T09:12:00,PRIMARY_FLOW_01,602.567
2024-01-15T09:12:00,PRIMARY_LEVEL_01,50.0789
2024-01-15T09:13:00,COOLING_TEMP_01,71.5449
2024-01-15T09:13:00,COOLING_PRES_01,10.3002
2024-01-15T09:13:00,COOLING_FLOW_01,252.5326
2024-01-15T09:13:00,PRIMARY_PRES_01,155.0087
2024-01-15T09:13:00,PRIMARY_TEMP_01,301.8897
2024-01-15T09:13:00,PRIMARY_FLOW_01,603.7082
2024-01-15T09:14:00,COOLING_TEMP_01,70.3835
2024-01-15T09:14:00,COOLING_PRES_01,9.9399
2024-01-15T09:14:00,COOLING_FLOW_01,249.7299
2024-01-15T09:14:00,COOLING_HEAT_01,19.9251
2024-01-15T09:14:00,PRIMARY_PRES_01,154.4947
2024-01-15T09:14:00,PRIMARY_TEMP_01,297.9029
2024-01-15T09:14:00,PRIMARY_FLOW_01,604.8822
2024-01-15T09:14:00,PRIMARY_LEVEL_01,50.279
2024-01-15T09:15:00,COOLING_TEMP_01,70.2933
2024-01-15T09:15:00,COOLING_PRES_01,9.9272
2024-01-15T09:15:00,COOLING_FLOW_01,254.4987
2024-01-15T09:15:00,PRIMARY_PRES_01,155.0745
2024-01-15T09:15:00,PRIMARY_TEMP_01,303.0333
2024-01-15T09:15:00,PRIMARY_FLOW_01,606.6922
2024-01-15T09:16:00,COOLING_TEMP_01,71.3755
2024-01-15T09:16:00,COOLING_PRES_01,9.9666
2024-01-15T09:16:00,COOLING_FLOW_01,251.3527
2024-01-15T09:16:00,COOLING_HEAT_01,20.5848
2024-01-15T09:16:00,PRIMARY_PRES_01,155.27
2024-01-15T09:16:00,PRIMARY_TEMP_01,299.8441
2024-01-15T09:16:00,PRIMARY_FLOW_01,604.1197
2024-01-15T09:16:00,PRIMARY_LEVEL_01,50.6908
2024-01-15T09:17:00,COOLING_TEMP_01,71.8826
2024-01-15T09:17:00,COOLING_PRES_01,9.8232
2024-01-15T09:17:00,COOLING_FLOW_01,246.3561
2024-01-15T09:17:00,PRIMARY_PRES_01,155.2832
2024-01-15T09:17:00,PRIMARY_TEMP_01,301.1711
2024-01-15T09:17:00,PRIMARY_FLOW_01,597.7408
2024-01-15T09:18:00,COOLING_TEMP_01,69.9158
2024-01-15T09:18:00,COOLING_PRES_01,10.0328
2024-01-15T09:18:00,COOLING_FLOW_01,252.1668
2024-01-15T09:18:00,COOLING_HEAT_01,20.9158
2024-01-15T09:18:00,PRIMARY_PRES_01,155.0278
2024-01-15T09:18:00,PRIMARY_TEMP_01,300.0463
2024-01-15T09:18:00,PRIMARY_FLOW_01,594.6673
2024-01-15T09:18:00,PRIMARY_LEVEL_01,50.2176
2024-01-15T09:19:00,COOLING_TEMP_01,70.8218
2024-01-15T09:19:00,COOLING_PRES_01,9.9903
2024-01-15T09:19:00,COOLING_FLOW_01,248.3086
2024-01-15T09:19:00,PRIMARY_PRES_01,155.1833
2024-01-15T09:19:00,PRIMARY_TEMP_01,299.774
2024-01-15T09:19:00,PRIMARY_FLOW_01,613.4643
2024-01-15T09:20:00,COOLING_TEMP_01,71.1359
2024-01-15T09:20:00,COOLING_PRES_01,9.9013
2024-01-15T09:20:00,COOLING_FLOW_01,251.5649
2024-01-15T09:20:00,COOLING_HEAT_01,20.5273
2024-01-15T09:20:00,PRIMARY_PRES_01,155.2609
2024-01-15T09:20:00,PRIMARY_TEMP_01,301.8407
2024-01-15T09:20:00,PRIMARY_FLOW_01,602.3899
2024-01-15T09:20:00,PRIMARY_LEVEL_01,49.6112
2024-01-15T09:21:00,COOLING_TEMP_01,70.4442
2024-01-15T09:21:00,COOLING_PRES_01,10.1366
2024-01-15T09:21:00,COOLING_FLOW_01,249.2496
2024-01-15T09:21:00,PRIMARY_PRES_01,155.8705
2024-01-15T09:21:00,PRIMARY_TEMP_01,300.3866
2024-01-15T09:21:00,PRIMARY_FLOW_01,611.2436
2024-01-15T09:22:00,COOLING_TEMP_01,69.5844
2024-01-15T09:22:00,COOLING_PRES_01,9.9548
2024-01-15T09:22:00,COOLING_FLOW_01,242.8586
2024-01-15T09:22:00,COOLING_HEAT_01,20.3718
2024-01-15T09:22:00,PRIMARY_PRES_01,154.583
2024-01-15T09:22:00,PRIMARY_TEMP_01,299.3799
2024-01-15T09:22:00,PRIMARY_FLOW_01,611.7437
2024-01-15T09:22:00,PRIMARY_LEVEL_01,50.4922
2024-01-15T09:23:00,COOLING_TEMP_01,71.8649
2024-01-15T09:23:00,COOLING_PRES_01,9.9005
2024-01-15T09:23:00,COOLING_FLOW_01,243.8249
2024-01-15T09:23:00,PRIMARY_PRES_01,155.2674
2024-01-15T09:23:00,PRIMARY_TEMP_01,300.6996
2024-01-15T09:23:00,PRIMARY_FLOW_01,605.8895
2024-01-15T09:24:00,COOLING_TEMP_01,69.5612
2024-01-15T09:24:00,COOLING_PRES_01,10.1359
2024-01-15T09:24:00,COOLING_FLOW_01,249.3033
2024-01-15T09:24:00,COOLING_HEAT_01,20.2503
2024-01-15T09:24:00,PRIMARY_PRES_01,154.7233
2024-01-15T09:24:00,PRIMARY_TEMP_01,301.7303
2024-01-15T09:24:00,PRIMARY_FLOW_01,614.2505
2024-01-15T09:24:00,PRIMARY_LEVEL_01,50.0508
2024-01-15T09:25:00,COOLING_TEMP_01,70.1605
2024-01-15T09:25:00,COOLING_PRES_01,10.0173
2024-01-15T09:25:00,COOLING_FLOW_01,246.5287
2024-01-15T09:25:00,PRIMARY_PRES_01,155.3465
2024-01-15T09:25:00,PRIMARY_TEMP_01,301.4361
2024-01-15T09:25:00,PRIMARY_FLOW_01,607.882
2024-01-15T09:26:00,COOLING_TEMP_01,70.4442
2024-01-15T09:26:00,COOLING_PRES_01,10.068
2024-01-15T09:26:00,COOLING_FLOW_01,251.0317
2024-01-15T09:26:00,COOLING_HEAT_01,20.279
2024-01-15T09:26:00,PRIMARY_PRES_01,155.1475
2024-01-15T09:26:00,PRIMARY_TEMP_01,301.408
2024-01-15T09:26:00,PRIMARY_FLOW_01,604.8395
2024-01-15T09:26:00,PRIMARY_LEVEL_01,49.7195
2024-01-15T09:27:00,COOLING_TEMP_01,70.8804
2024-01-15T09:27:00,COOLING_PRES_01,10.1501
2024-01-15T09:27:00,COOLING_FLOW_01,251.7452
2024-01-15T09:27:00,PRIMARY_PRES_01,154.9867
2024-01-15T09:27:00,PRIMARY_TEMP_01,299.7927
2024-01-15T09:27:00,PRIMARY_FLOW_01,593.525
2024-01-15T09:28:00,COOLING_TEMP_01,71.4361
2024-01-15T09:28:00,COOLING_PRES_01,10.022
2024-01-15T09:28:00,COOLING_FLOW_01,256.6837
2024-01-15T09:28:00,COOLING_HEAT_01,19.6737
2024-01-15T09:28:00,PRIMARY_PRES_01,155.4426
2024-01-15T09:28:00,PRIMARY_TEMP_01,300.779
2024-01-15T09:28:00,PRIMARY_FLOW_01,592.9059
2024-01-15T09:28:00,PRIMARY_LEVEL_01,50.6022
2024-01-15T09:29:00,COOLING_TEMP_01,69.8322
2024-01-15T09:29:00,COOLING_PRES_01,9.952
2024-01-15T09:29:00,COOLING_FLOW_01,249.1176
2024-01-15T09:29:00,PRIMARY_PRES_01,154.9312
2024-01-15T09:29:00,PRIMARY_TEMP_01,300.654
2024-01-15T09:29:00,PRIMARY_FLOW_01,595.0612
2024-01-15T09:30:00,COOLING_TEMP_01,70.2816
2024-01-15T09:30:00,COOLING_PRES_01,10.1911
2024-01-15T09:30:00,COOLING_FLOW_01,246.8806
2024-01-15T09:30:00,COOLING_HEAT_01,20.3388
2024-01-15T09:30:00,PRIMARY_PRES_01,154.6795
2024-01-15T09:30:00,PRIMARY_TEMP_01,298.7657
2024-01-15T09:30:00,PRIMARY_FLOW_01,604.5756
2024-01-15T09:30:00,PRIMARY_LEVEL_01,49.8215
2024-01-15T09:31:00,COOLING_TEMP_01,70.4097
2024-01-15T09:31:00,COOLING_PRES_01,10.0029
2024-01-15T09:31:00,COOLING_FLOW_01,243.7368
2024-01-15T09:31:00,PRIMARY_PRES_01,155.2217
2024-01-15T09:31:00,PRIMARY_TEMP_01,301.6406
2024-01-15T09:31:00,PRIMARY_FLOW_01,600.9634
2024-01-15T09:32:00,COOLING_TEMP_01,70.9395
2024-01-15T09:32:00,COOLING_PRES_01,10.2162
2024-01-15T09:32:00,COOLING_FLOW_01,249.3384
2024-01-15T09:32:00,COOLING_HEAT_01,20.3778
2024-01-15T09:32:00,PRIMARY_PRES_01,154.994
2024-01-15T09:32:00,PRIMARY_TEMP_01,304.1203
2024-01-15T09:32:00,PRIMARY_FLOW_01,593.8745
2024-01-15T09:32:00,PRIMARY_LEVEL_01,49.8842
2024-01-15T09:33:00,COOLING_TEMP_01,70.5358
2024-01-15T09:33:00,COOLING_PRES_01,9.9088
2024-01-15T09:33:00,COOLING_FLOW_01,246.8283
2024-01-15T09:33:00,PRIMARY_PRES_01,155.141
2024-01-15T09:33:00,PRIMARY_TEMP_01,300.9608
2024-01-15T09:33:00,PRIMARY_FLOW_01,601.4768
2024-01-15T09:34:00,COOLING_TEMP_01,70.4834
2024-01-15T09:34:00,COOLING_PRES_01,9.9415
2024-01-15T09:34:00,COOLING_FLOW_01,255.6457
2024-01-15T09:34:00,COOLING_HEAT_01,20.4976
2024-01-15T09:34:00,PRIMARY_PRES_01,154.9243
2024-01-15T09:34:00,PRIMARY_TEMP_01,302.4783
2024-01-15T09:34:00,PRIMARY_FLOW_01,600.8916
2024-01-15T09:34:00,PRIMARY_LEVEL_01,50.745
2024-01-15T09:35:00,COOLING_TEMP_01,70.892
2024-01-15T09:35:00,COOLING_PRES_01,9.8598
2024-01-15T09:35:00,COOLING_FLOW_01,249.4511
2024-01-15T09:35:00,PRIMARY_PRES_01,154.7288
2024-01-15T09:35:00,PRIMARY_TEMP_01,301.0456
2024-01-15T09:35:00,PRIMARY_FLOW_01,603.2418
2024-01-15T09:36:00,COOLING_TEMP_01,71.3571
2024-01-15T09:36:00,COOLING_PRES_01,9.7872
2024-01-15T09:36:00,COOLING_FLOW_01,251.5953
2024-01-15T09:36:00,COOLING_HEAT_01,20.4701
2024-01-15T09:36:00,PRIMARY_PRES_01,155.2754
2024-01-15T09:36:00,PRIMARY_TEMP_01,300.4866
2024-01-15T09:36:00,PRIMARY_FLOW_01,608.5145
2024-01-15T09:36:00,PRIMARY_LEVEL_01,50.4418
2024-01-15T09:37:00,COOLING_TEMP_01,71.0719
2024-01-15T09:37:00,COOLING_PRES_01,10.2417
2024-01-15T09:37:00,COOLING_FLOW_01,247.424
2024-01-15T09:37:00,PRIMARY_PRES_01,155.1449
2024-01-15T09:37:00,PRIMARY_TEMP_01,302.2515
2024-01-15T09:37:00,PRIMARY_FLOW_01,601.1084
2024-01-15T09:38:00,COOLING_TEMP_01,69.6314
2024-01-15T09:38:00,COOLING_PRES_01,9.8762
2024-01-15T09:38:00,COOLING_FLOW_01,252.0427
2024-01-15T09:38:00,COOLING_HEAT_01,20.5723
2024-01-15T09:38:00,PRIMARY_PRES_01,154.9236
2024-01-15T09:38:00,PRIMARY_TEMP_01,302.4278
2024-01-15T09:38:00,PRIMARY_FLOW_01,595.7183
2024-01-15T09:38:00,PRIMARY_LEVEL_01,50.7115
2024-01-15T09:39:00,COOLING_TEMP_01,69.9274
2024-01-15T09:39:00,COOLING_PRES_01,10.0846
2024-01-15T09:39:00,COOLING_FLOW_01,252.2772
2024-01-15T09:39:00,PRIMARY_PRES_01,155.6034
2024-01-15T09:39:00,PRIMARY_TEMP_01,299.0702
2024-01-15T09:39:00,PRIMARY_FLOW_01,596.1067
2024-01-15T09:40:00,COOLING_TEMP_01,71.0407
2024-01-15T09:40:00,COOLING_PRES_01,9.8657
2024-01-15T09:40:00,COOLING_FLOW_01,253.1818
2024-01-15T09:40:00,COOLING_HEAT_01,20.6336
2024-01-15T09:40:00,PRIMARY_PRES_01,155.2932
2024-01-15T09:40:00,PRIMARY_TEMP_01,299.5099
2024-01-15T09:40:00,PRIMARY_FLOW_01,609.2164
2024-01-15T09:40:00,PRIMARY_LEVEL_01,50.6818
2024-01-15T09:41:00,COOLING_TEMP_01,69.788
2024-01-15T09:41:00,COOLING_PRES_01,10.1234
2024-01-15T09:41:00,COOLING_FLOW_01,245.9358
2024-01-15T09:41:00,PRIMARY_PRES_01,155.4024
2024-01-15T09:41:00,PRIMARY_TEMP_01,303.1236
2024-01-15T09:41:00,PRIMARY_FLOW_01,600.0153
2024-01-15T09:42:00,COOLING_TEMP_01,70.1204
2024-01-15T09:42:00,COOLING_PRES_01,10.189
2024-01-15T09:42:00,COOLING_FLOW_01,257.0001
2024-01-15T09:42:00,COOLING_HEAT_01,19.9759
2024-01-15T09:42:00,PRIMARY_PRES_01,155.0953
2024-01-15T09:42:00,PRIMARY_TEMP_01,300.6715
2024-01-15T09:42:00,PRIMARY_FLOW_01,604.6657
2024-01-15T09:42:00,PRIMARY_LEVEL_01,49.9692
2024-01-15T09:43:00,COOLING_TEMP_01,70.8958
2024-01-15T09:43:00,COOLING_PRES_01,10.0113
2024-01-15T09:43:00,COOLING_FLOW_01,251.4695
2024-01-15T09:43:00,PRIMARY_PRES_01,155.0983
2024-01-15T09:43:00,PRIMARY_TEMP_01,303.1341
2024-01-15T09:43:00,PRIMARY_FLOW_01,613.9399
2024-01-15T09:44:00,COOLING_TEMP_01,70.2612
2024-01-15T09:44:00,COOLING_PRES_01,10.0224
2024-01-15T09:44:00,COOLING_FLOW_01,254.6681
2024-01-15T09:44:00,COOLING_HEAT_01,20.3551
2024-01-15T09:44:00,PRIMARY_PRES_01,155.5622
2024-01-15T09:44:00,PRIMARY_TEMP_01,299.6403
2024-01-15T09:44:00,PRIMARY_FLOW_01,604.6015
2024-01-15T09:44:00,PRIMARY_LEVEL_01,49.5012
2024-01-15T09:45:00,COOLING_TEMP_01,71.4627
2024-01-15T09:45:00,COOLING_PRES_01,9.9802
2024-01-15T09:45:00,COOLING_FLOW_01,252.4297
2024-01-15T09:45:00,PRIMARY_PRES_01,155.06
2024-01-15T09:45:00,PRIMARY_TEMP_01,301.4456
2024-01-15T09:45:00,PRIMARY_FLOW_01,612.2055
2024-01-15T09:46:00,COOLING_TEMP_01,70.7586
2024-01-15T09:46:00,COOLING_PRES_01,9.9633
2024-01-15T09:46:00,COOLING_FLOW_01,251.5256
2024-01-15T09:46:00,COOLING_HEAT_01,20.6996
2024-01-15T09:46:00,PRIMARY_PRES_01,155.0129
2024-01-15T09:46:00,PRIMARY_TEMP_01,301.6599
2024-01-15T09:46:00,PRIMARY_FLOW_01,598.6101
2024-01-15T09:46:00,PRIMARY_LEVEL_01,50.0018
2024-01-15T09:47:00,COOLING_TEMP_01,70.5207
2024-01-15T09:47:00,COOLING_PRES_01,9.7236
2024-01-15T09:47:00,COOLING_FLOW_01,253.8058
2024-01-15T09:47:00,PRIMARY_PRES_01,155.0328
2024-01-15T09:47:00,PRIMARY_TEMP_01,300.0272
2024-01-15T09:47:00,PRIMARY_FLOW_01,606.0565
2024-01-15T09:48:00,COOLING_TEMP_01,70.3025
2024-01-15T09:48:00,COOLING_PRES_01,10.128
2024-01-15T09:48:00,COOLING_FLOW_01,250.4748
2024-01-15T09:48:00,COOLING_HEAT_01,20.9108
2024-01-15T09:48:00,PRIMARY_PRES_01,155.4833
2024-01-15T09:48:00,PRIMARY_TEMP_01,299.8074
2024-01-15T09:48:00,PRIMARY_FLOW_01,601.7434
2024-01-15T09:48:00,PRIMARY_LEVEL_01,49.2855
2024-01-15T09:49:00,COOLING_TEMP_01,70.9531
2024-01-15T09:49:00,COOLING_PRES_01,9.9612
2024-01-15T09:49:00,COOLING_FLOW_01,252.0218
2024-01-15T09:49:00,PRIMARY_PRES_01,154.9242
2024-01-15T09:49:00,PRIMARY_TEMP_01,301.5221
2024-01-15T09:49:00,PRIMARY_FLOW_01,602.1659
2024-01-15T09:50:00,COOLING_TEMP_01,71.4377
2024-01-15T09:50:00,COOLING_PRES_01,9.9004
2024-01-15T09:50:00,COOLING_FLOW_01,251.6771
2024-01-15T09:50:00,COOLING_HEAT_01,20.2466
2024-01-15T09:50:00,PRIMARY_PRES_01,154.7869
2024-01-15T09:50:00,PRIMARY_TEMP_01,299.9143
2024-01-15T09:50:00,PRIMARY_FLOW_01,595.4651
2024-01-15T09:50:00,PRIMARY_LEVEL_01,49.7186
2024-01-15T09:51:00,COOLING_TEMP_01,70.8447
2024-01-15T09:51:00,COOLING_PRES_01,9.8265
2024-01-15T09:51:00,COOLING_FLOW_01,250.9472
2024-01-15T09:51:00,PRIMARY_PRES_01,155.1471
2024-01-15T09:51:00,PRIMARY_TEMP_01,302.1498
2024-01-15T09:51:00,PRIMARY_FLOW_01,602.6224
2024-01-15T09:52:00,COOLING_TEMP_01,70.7072
2024-01-15T09:52:00,COOLING_PRES_01,10.0889
2024-01-15T09:52:00,COOLING_FLOW_01,249.7744
2024-01-15T09:52:00,COOLING_HEAT_01,20.1564
2024-01-15T09:52:00,PRIMARY_PRES_01,154.7985
2024-01-15T09:52:00,PRIMARY_TEMP_01,302.1454
2024-01-15T09:52:00,PRIMARY_FLOW_01,597.9752
2024-01-15T09:52:00,PRIMARY_LEVEL_01,49.299
2024-01-15T09:53:00,COOLING_TEMP_01,70.0335
2024-01-15T09:53:00,COOLING_PRES_01,10.0433
2024-01-15T09:53:00,COOLING_FLOW_01,252.5334
2024-01-15T09:53:00,PRIMARY_PRES_01,155.2852
2024-01-15T09:53:00,PRIMARY_TEMP_01,299.7097
2024-01-15T09:53:00,PRIMARY_FLOW_01,602.198
2024-01-15T09:54:00,COOLING_TEMP_01,70.742
2024-01-15T09:54:00,COOLING_PRES_01,9.7309
2024-01-15T09:54:00,COOLING_FLOW_01,252.3481
2024-01-15T09:54:00,COOLING_HEAT_01,19.9363
2024-01-15T09:54:00,PRIMARY_PRES_01,155.8395
2024-01-15T09:54:00,PRIMARY_TEMP_01,300.7146
2024-01-15T09:54:00,PRIMARY_FLOW_01,605.3457
2024-01-15T09:54:00,PRIMARY_LEVEL_01,50.1873
2024-01-15T09:55:00,COOLING_TEMP_01,70.3659
2024-01-15T09:55:00,COOLING_PRES_01,9.9278
2024-01-15T09:55:00,COOLING_FLOW_01,254.3391
2024-01-15T09:55:00,PRIMARY_PRES_01,154.8043
2024-01-15T09:55:00,PRIMARY_TEMP_01,301.0995
2024-01-15T09:55:00,PRIMARY_FLOW_01,597.972
2024-01-15T09:56:00,COOLING_TEMP_01,70.8549
2024-01-15T09:56:00,COOLING_PRES_01,10.0527
2024-01-15T09:56:00,COOLING_FLOW_01,244.4754
2024-01-15T09:56:00,COOLING_HEAT_01,19.945
2024-01-15T09:56:00,PRIMARY_PRES_01,154.7278
2024-01-15T09:56:00,PRIMARY_TEMP_01,301.1339
2024-01-15T09:56:00,PRIMARY_FLOW_01,601.626
2024-01-15T09:56:00,PRIMARY_LEVEL_01,50.009
2024-01-15T09:57:00,COOLING_TEMP_01,70.5364
2024-01-15T09:57:00,COOLING_PRES_01,9.9874
2024-01-15T09:57:00,COOLING_FLOW_01,245.7199
2024-01-15T09:57:00,PRIMARY_PRES_01,154.7855
2024-01-15T09:57:00,PRIMARY_TEMP_01,301.0378
2024-01-15T09:57:00,PRIMARY_FLOW_01,599.1613
2024-01-15T09:58:00,COOLING_TEMP_01,70.5199
2024-01-15T09:58:00,COOLING_PRES_01,9.9973
2024-01-15T09:58:00,COOLING_FLOW_01,250.9108
2024-01-15T09:58:00,COOLING_HEAT_01,20.0086
2024-01-15T09:58:00,PRIMARY_PRES_01,154.7777
2024-01-15T09:58:00,PRIMARY_TEMP_01,301.5976
2024-01-15T09:58:00,PRIMARY_FLOW_01,602.3246
2024-01-15T09:58:00,PRIMARY_LEVEL_01,50.4689
2024-01-15T09:59:00,COOLING_TEMP_01,71.3635
2024-01-15T09:59:00,COOLING_PRES_01,9.9298
2024-01-15T09:59:00,COOLING_FLOW_01,250.9499
2024-01-15T09:59:00,PRIMARY_PRES_01,155.011
2024-01-15T09:59:00,PRIMARY_TEMP_01,301.3144
2024-01-15T09:59:00,PRIMARY_FLOW_01,601.0757
2024-01-15T10:00:00,COOLING_TEMP_01,70.5619
2024-01-15T10:00:00,COOLING_PRES_01,9.9385
2024-01-15T10:00:00,COOLING_FLOW_01,248.7032
2024-01-15T10:00:00,COOLING_HEAT_01,20.2829
2024-01-15T10:00:00,PRIMARY_PRES_01,154.5969
2024-01-15T10:00:00,PRIMARY_TEMP_01,300.4803
2024-01-15T10:00:00,PRIMARY_FLOW_01,599.038
2024-01-15T10:00:00,PRIMARY_LEVEL_01,49.2809
2024-01-15T10:01:00,COOLING_TEMP_01,70.6132
2024-01-15T10:01:00,COOLING_PRES_01,9.9548
2024-01-15T10:01:00,COOLING_FLOW_01,247.9067
2024-01-15T10:01:00,PRIMARY_PRES_01,155.001
2024-01-15T10:01:00,PRIMARY_TEMP_01,300.0008
2024-01-15T10:01:00,PRIMARY_FLOW_01,610.3772
2024-01-15T10:02:00,COOLING_TEMP_01,69.3604
2024-01-15T10:02:00,COOLING_PRES_01,10.1707
2024-01-15T10:02:00,COOLING_FLOW_01,256.5349
2024-01-15T10:02:00,COOLING_HEAT_01,20.2141
2024-01-15T10:02:00,PRIMARY_PRES_01,154.873
2024-01-15T10:02:00,PRIMARY_TEMP_01,301.6113
2024-01-15T10:02:00,PRIMARY_FLOW_01,602.1776
2024-01-15T10:02:00,PRIMARY_LEVEL_01,50.584
2024-01-15T10:03:00,COOLING_TEMP_01,70.3213
2024-01-15T10:03:00,COOLING_PRES_01,10.0201
2024-01-15T10:03:00,COOLING_FLOW_01,248.309
2024-01-15T10:03:00,PRIMARY_PRES_01,154.6929
2024-01-15T10:03:00,PRIMARY_TEMP_01,301.5573
2024-01-15T10:03:00,PRIMARY_FLOW_01,616.4768
2024-01-15T10:04:00,COOLING_TEMP_01,69.8588
2024-01-15T10:04:00,COOLING_PRES_01,10.0588
2024-01-15T10:04:00,COOLING_FLOW_01,245.4887
2024-01-15T10:04:00,COOLING_HEAT_01,20.2754
2024-01-15T10:04:00,PRIMARY_PRES_01,155.6479
2024-01-15T10:04:00,PRIMARY_TEMP_01,302.2146
2024-01-15T10:04:00,PRIMARY_FLOW_01,604.822
2024-01-15T10:04:00,PRIMARY_LEVEL_01,50.4773
2024-01-15T10:05:00,COOLING_TEMP_01,70.8664
2024-01-15T10:05:00,COOLING_PRES_01,10.054
2024-01-15T10:05:00,COOLING_FLOW_01,250.591
2024-01-15T10:05:00,PRIMARY_PRES_01,154.6644
2024-01-15T10:05:00,PRIMARY_TEMP_01,302.8943
2024-01-15T10:05:00,PRIMARY_FLOW_01,611.0963
2024-01-15T10:06:00,COOLING_TEMP_01,70.9383
2024-01-15T10:06:00,COOLING_PRES_01,9.9347
2024-01-15T10:06:00,COOLING_FLOW_01,249.9917
2024-01-15T10:06:00,COOLING_HEAT_01,20.0591
2024-01-15T10:06:00,PRIMARY_PRES_01,155.1924
2024-01-15T10:06:00,PRIMARY_TEMP_01,300.0582
2024-01-15T10:06:00,PRIMARY_FLOW_01,612.409
2024-01-15T10:06:00,PRIMARY_LEVEL_01,50.6001
2024-01-15T10:07:00,COOLING_TEMP_01,71.0118
2024-01-15T10:07:00,COOLING_PRES_01,10.1346
2024-01-15T10:07:00,COOLING_FLOW_01,249.3096
2024-01-15T10:07:00,PRIMARY_PRES_01,154.9607
2024-01-15T10:07:00,PRIMARY_TEMP_01,301.722
2024-01-15T10:07:00,PRIMARY_FLOW_01,602.2031
2024-01-15T10:08:00,COOLING_TEMP_01,70.2042
2024-01-15T10:08:00,COOLING_PRES_01,9.8358
2024-01-15T10:08:00,COOLING_FLOW_01,250.576
2024-01-15T10:08:00,COOLING_HEAT_01,20.4355
2024-01-15T10:08:00,PRIMARY_PRES_01,154.4409
2024-01-15T10:08:00,PRIMARY_TEMP_01,299.443
2024-01-15T10:08:00,PRIMARY_FLOW_01,602.4402
2024-01-15T10:08:00,PRIMARY_LEVEL_01,49.9197
2024-01-15T10:09:00,COOLING_TEMP_01,70.4935
2024-01-15T10:09:00,COOLING_PRES_01,9.9834
2024-01-15T10:09:00,COOLING_FLOW_01,249.2611
2024-01-15T10:09:00,PRIMARY_PRES_01,154.8142
2024-01-15T10:09:00,PRIMARY_TEMP_01,300.1576
2024-01-15T10:09:00,PRIMARY_FLOW_01,597.5312
2024-01-15T10:10:00,COOLING_TEMP_01,70.2078
2024-01-15T10:10:00,COOLING_PRES_01,9.9803
2024-01-15T10:10:00,COOLING_FLOW_01,254.44
2024-01-15T10:10:00,COOLING_HEAT_01,20.2214
2024-01-15T10:10:00,PRIMARY_PRES_01,155.2089
2024-01-15T10:10:00,PRIMARY_TEMP_01,301.0206
2024-01-15T10:10:00,PRIMARY_FLOW_01,603.3731
2024-01-15T10:10:00,PRIMARY_LEVEL_01,50.2399
2024-01-15T10:11:00,COOLING_TEMP_01,70.8108
2024-01-15T10:11:00,COOLING_PRES_01,10.1677
2024-01-15T10:11:00,COOLING_FLOW_01,253.0697
2024-01-15T10:11:00,PRIMARY_PRES_01,154.9516
2024-01-15T10:11:00,PRIMARY_TEMP_01,301.5879
2024-01-15T10:11:00,PRIMARY_FLOW_01,600.1782
2024-01-15T10:12:00,COOLING_TEMP_01,70.549
2024-01-15T10:12:00,COOLING_PRES_01,10.1537
2024-01-15T10:12:00,COOLING_FLOW_01,245.5224
2024-01-15T10:12:00,COOLING_HEAT_01,20.1918
2024-01-15T10:12:00,PRIMARY_PRES_01,154.7939
2024-01-15T10:12:00,PRIMARY_TEMP_01,302.1874
2024-01-15T10:12:00,PRIMARY_FLOW_01,590.2057
2024-01-15T10:12:00,PRIMARY_LEVEL_01,50.2491
2024-01-15T10:13:00,COOLING_TEMP_01,69.1204
2024-01-15T10:13:00,COOLING_PRES_01,10.0377
2024-01-15T10:13:00,COOLING_FLOW_01,255.451
2024-01-15T10:13:00,PRIMARY_PRES_01,154.9212
2024-01-15T10:13:00,PRIMARY_TEMP_01,303.601
2024-01-15T10:13:00,PRIMARY_FLOW_01,606.1013
2024-01-15T10:14:00,COOLING_TEMP_01,70.8704
2024-01-15T10:14:00,COOLING_PRES_01,9.7613
2024-01-15T10:14:00,COOLING_FLOW_01,249.6832
2024-01-15T10:14:00,COOLING_HEAT_01,19.8805
2024-01-15T10:14:00,PRIMARY_PRES_01,154.475
2024-01-15T10:14:00,PRIMARY_TEMP_01,299.7883
2024-01-15T10:14:00,PRIMARY_FLOW_01,610.3641
2024-01-15T10:14:00,PRIMARY_LEVEL_01,50.3052
2024-01-15T10:15:00,COOLING_TEMP_01,69.2065
2024-01-15T10:15:00,COOLING_PRES_01,9.9922
2024-01-15T10:15:00,COOLING_FLOW_01,250.374
2024-01-15T10:15:00,PRIMARY_PRES_01,155.0403
2024-01-15T10:15:00,PRIMARY_TEMP_01,301.2705
2024-01-15T10:15:00,PRIMARY_FLOW_01,600.243
2024-01-15T10:16:00,COOLING_TEMP_01,70.7665
2024-01-15T10:16:00,COOLING_PRES_01,10.1604
2024-01-15T10:16:00,COOLING_FLOW_01,249.1823
2024-01-15T10:16:00,COOLING_HEAT_01,20.1219
2024-01-15T10:16:00,PRIMARY_PRES_01,154.5285
2024-01-15T10:16:00,PRIMARY_TEMP_01,300.3447
2024-01-15T10:16:00,PRIMARY_FLOW_01,601.9339
2024-01-15T10:16:00,PRIMARY_LEVEL_01,49.0279
2024-01-15T10:17:00,COOLING_TEMP_01,68.7739
2024-01-15T10:17:00,COOLING_PRES_01,9.973
2024-01-15T10:17:00,COOLING_FLOW_01,249.4769
2024-01-15T10:17:00,PRIMARY_PRES_01,155.0237
2024-01-15T10:17:00,PRIMARY_TEMP_01,302.9711
2024-01-15T10:17:00,PRIMARY_FLOW_01,593.3544
2024-01-15T10:18:00,COOLING_TEMP_01,70.6857
2024-01-15T10:18:00,COOLING_PRES_01,10.0185
2024-01-15T10:18:00,COOLING_FLOW_01,247.7998
2024-01-15T10:18:00,COOLING_HEAT_01,20.5271
2024-01-15T10:18:00,PRIMARY_PRES_01,154.5045
2024-01-15T10:18:00,PRIMARY_TEMP_01,301.2463
2024-01-15T10:18:00,PRIMARY_FLOW_01,595.8971
2024-01-15T10:18:00,PRIMARY_LEVEL_01,49.4031
2024-01-15T10:19:00,COOLING_TEMP_01,70.2228
2024-01-15T10:19:00,COOLING_PRES_01,10.1088
2024-01-15T10:19:00,COOLING_FLOW_01,253.6026
2024-01-15T10:19:00,PRIMARY_PRES_01,155.0694
2024-01-15T10:19:00,PRIMARY_TEMP_01,302.3954
2024-01-15T10:19:00,PRIMARY_FLOW_01,595.1782
2024-01-15T10:20:00,COOLING_TEMP_01,71.3752
2024-01-15T10:20:00,COOLING_PRES_01,10.2357
2024-01-15T10:20:00,COOLING_FLOW_01,251.5343
2024-01-15T10:20:00,COOLING_HEAT_01,19.8666
2024-01-15T10:20:00,PRIMARY_PRES_01,155.1461
2024-01-15T10:20:00,PRIMARY_TEMP_01,298.6298
2024-01-15T10:20:00,PRIMARY_FLOW_01,606.7963
2024-01-15T10:20:00,PRIMARY_LEVEL_01,50.9924
2024-01-15T10:21:00,COOLING_TEMP_01,70.2342
2024-01-15T10:21:00,COOLING_PRES_01,9.9484
2024-01-15T10:21:00,COOLING_FLOW_01,251.5003
2024-01-15T10:21:00,PRIMARY_PRES_01,154.724
2024-01-15T10:21:00,PRIMARY_TEMP_01,299.0164
2024-01-15T10:21:00,PRIMARY_FLOW_01,599.9448
2024-01-15T10:22:00,COOLING_TEMP_01,70.0752
2024-01-15T10:22:00,COOLING_PRES_01,10.0491
2024-01-15T10:22:00,COOLING_FLOW_01,247.336
2024-01-15T10:22:00,COOLING_HEAT_01,20.0425
2024-01-15T10:22:00,PRIMARY_PRES_01,155.2613
2024-01-15T10:22:00,PRIMARY_TEMP_01,301.4812
2024-01-15T10:22:00,PRIMARY_FLOW_01,608.3646
2024-01-15T10:22:00,PRIMARY_LEVEL_01,50.5656
2024-01-15T10:23:00,COOLING_TEMP_01,70.5286
2024-01-15T10:23:00,COOLING_PRES_01,10.1117
2024-01-15T10:23:00,COOLING_FLOW_01,250.3539
2024-01-15T10:23:00,PRIMARY_PRES_01,155.0495
2024-01-15T10:23:00,PRIMARY_TEMP_01,300.7573
2024-01-15T10:23:00,PRIMARY_FLOW_01,593.0116
2024-01-15T10:24:00,COOLING_TEMP_01,70.3459
2024-01-15T10:24:00,COOLING_PRES_01,9.9039
2024-01-15T10:24:00,COOLING_FLOW_01,253.5321
2024-01-15T10:24:00,COOLING_HEAT_01,19.9108
2024-01-15T10:24:00,PRIMARY_PRES_01,155.559
2024-01-15T10:24:00,PRIMARY_TEMP_01,300.7747
2024-01-15T10:24:00,PRIMARY_FLOW_01,598.7756
2024-01-15T10:24:00,PRIMARY_LEVEL_01,49.8085
2024-01-15T10:25:00,COOLING_TEMP_01,69.3828
2024-01-15T10:25:00,COOLING_PRES_01,10.1392
2024-01-15T10:25:00,COOLING_FLOW_01,248.9546
2024-01-15T10:25:00,PRIMARY_PRES_01,155.116
2024-01-15T10:25:00,PRIMARY_TEMP_01,304.4899
2024-01-15T10:25:00,PRIMARY_FLOW_01,599.3479
2024-01-15T10:26:00,COOLING_TEMP_01,69.2834
2024-01-15T10:26:00,COOLING_PRES_01,10.0567
2024-01-15T10:26:00,COOLING_FLOW_01,248.7984
2024-01-15T10:26:00,COOLING_HEAT_01,19.6946
2024-01-15T10:26:00,PRIMARY_PRES_01,154.4225
2024-01-15T10:26:00,PRIMARY_TEMP_01,302.3337
2024-01-15T10:26:00,PRIMARY_FLOW_01,599.4789
2024-01-15T10:26:00,PRIMARY_LEVEL_01,50.3265
2024-01-15T10:27:00,COOLING_TEMP_01,70.0287
2024-01-15T10:27:00,COOLING_PRES_01,9.9166
2024-01-15T10:27:00,COOLING_FLOW_01,247.5313
2024-01-15T10:27:00,PRIMARY_PRES_01,154.7269
2024-01-15T10:27:00,PRIMARY_TEMP_01,299.6333
2024-01-15T10:27:00,PRIMARY_FLOW_01,600.8748
2024-01-15T10:28:00,COOLING_TEMP_01,71.0053
2024-01-15T10:28:00,COOLING_PRES_01,9.9242
2024-01-15T10:28:00,COOLING_FLOW_01,247.2131
2024-01-15T10:28:00,COOLING_HEAT_01,19.8926
2024-01-15T10:28:00,PRIMARY_PRES_01,155.6527
2024-01-15T10:28:00,PRIMARY_TEMP_01,299.7303
2024-01-15T10:28:00,PRIMARY_FLOW_01,592.2555
2024-01-15T10:28:00,PRIMARY_LEVEL_01,49.974
2024-01-15T10:29:00,COOLING_TEMP_01,70.3202
2024-01-15T10:29:00,COOLING_PRES_01,9.8852
2024-01-15T10:29:00,COOLING_FLOW_01,253.7714
2024-01-15T10:29:00,PRIMARY_PRES_01,155.1214
2024-01-15T10:29:00,PRIMARY_TEMP_01,303.0327
2024-01-15T10:29:00,PRIMARY_FLOW_01,592.2073
2024-01-15T10:30:00,COOLING_TEMP_01,70.5333
2024-01-15T10:30:00,COOLING_PRES_01,9.9324
2024-01-15T10:30:00,COOLING_FLOW_01,249.6378
2024-01-15T10:30:00,COOLING_HEAT_01,20.2817
2024-01-15T10:30:00,PRIMARY_PRES_01,154.9839
2024-01-15T10:30:00,PRIMARY_TEMP_01,300.3863
2024-01-15T10:30:00,PRIMARY_FLOW_01,591.8222
2024-01-15T10:30:00,PRIMARY_LEVEL_01,49.6973
2024-01-15T10:31:00,COOLING_TEMP_01,69.3407
2024-01-15T10:31:00,COOLING_PRES_01,10.1081
2024-01-15T10:31:00,COOLING_FLOW_01,244.9507
2024-01-15T10:31:00,PRIMARY_PRES_01,155.4586
2024-01-15T10:31:00,PRIMARY_TEMP_01,303.7125
2024-01-15T10:31:00,PRIMARY_FLOW_01,600.3481
2024-01-15T10:32:00,COOLING_TEMP_01,70.1115
2024-01-15T10:32:00,COOLING_PRES_01,10.0405
2024-01-15T10:32:00,COOLING_FLOW_01,251.4152
2024-01-15T10:32:00,COOLING_HEAT_01,20.226
2024-01-15T10:32:00,PRIMARY_PRES_01,155.679
2024-01-15T10:32:00,PRIMARY_TEMP_01,301.9282
2024-01-15T10:32:00,PRIMARY_FLOW_01,608.979
2024-01-15T10:32:00,PRIMARY_LEVEL_01,50.6704
2024-01-15T10:33:00,COOLING_TEMP_01,69.9653
2024-01-15T10:33:00,COOLING_PRES_01,10.0107
2024-01-15T10:33:00,COOLING_FLOW_01,249.2797
2024-01-15T10:33:00,PRIMARY_PRES_01,154.9921
2024-01-15T10:33:00,PRIMARY_TEMP_01,300.667
2024-01-15T10:33:00,PRIMARY_FLOW_01,609.3678
2024-01-15T10:34:00,COOLING_TEMP_01,70.1885
2024-01-15T10:34:00,COOLING_PRES_01,9.8137
2024-01-15T10:34:00,COOLING_FLOW_01,254.5198
2024-01-15T10:34:00,COOLING_HEAT_01,20.4169
2024-01-15T10:34:00,PRIMARY_PRES_01,155.0958
2024-01-15T10:34:00,PRIMARY_TEMP_01,301.8266
2024-01-15T10:34:00,PRIMARY_FLOW_01,593.3164
2024-01-15T10:34:00,PRIMARY_LEVEL_01,50.5759
2024-01-15T10:35:00,COOLING_TEMP_01,70.2578
2024-01-15T10:35:00,COOLING_PRES_01,9.9039
2024-01-15T10:35:00,COOLING_FLOW_01,248.8291
2024-01-15T10:35:00,PRIMARY_PRES_01,155.0102
2024-01-15T10:35:00,PRIMARY_TEMP_01,301.9017
2024-01-15T10:35:00,PRIMARY_FLOW_01,593.4449
2024-01-15T10:36:00,COOLING_TEMP_01,70.5633
2024-01-15T10:36:00,COOLING_PRES_01,9.8713
2024-01-15T10:36:00,COOLING_FLOW_01,246.5635
2024-01-15T10:36:00,COOLING_HEAT_01,19.9237
2024-01-15T10:36:00,PRIMARY_PRES_01,154.9287
2024-01-15T10:36:00,PRIMARY_TEMP_01,300.3047
2024-01-15T10:36:00,PRIMARY_FLOW_01,613.9792
2024-01-15T10:36:00,PRIMARY_LEVEL_01,48.8645
2024-01-15T10:37:00,COOLING_TEMP_01,69.8309
2024-01-15T10:37:00,COOLING_PRES_01,9.8376
2024-01-15T10:37:00,COOLING_FLOW_01,246.2522
2024-01-15T10:37:00,PRIMARY_PRES_01,155.2943
2024-01-15T10:37:00,PRIMARY_TEMP_01,298.5201
2024-01-15T10:37:00,PRIMARY_FLOW_01,599.4385
2024-01-15T10:38:00,COOLING_TEMP_01,70.4885
2024-01-15T10:38:00,COOLING_PRES_01,10.099
2024-01-15T10:38:00,COOLING_FLOW_01,252.6306
2024-01-15T10:38:00,COOLING_HEAT_01,19.7432
2024-01-15T10:38:00,PRIMARY_PRES_01,154.8337
2024-01-15T10:38:00,PRIMARY_TEMP_01,303.2138
2024-01-15T10:38:00,PRIMARY_FLOW_01,602.9921
2024-01-15T10:38:00,PRIMARY_LEVEL_01,51.1598
2024-01-15T10:39:00,COOLING_TEMP_01,70.1234
2024-01-15T10:39:00,COOLING_PRES_01,9.917
2024-01-15T10:39:00,COOLING_FLOW_01,251.7272
2024-01-15T10:39:00,PRIMARY_PRES_01,154.7487
2024-01-15T10:39:00,PRIMARY_TEMP_01,301.7307
2024-01-15T10:39:00,PRIMARY_FLOW_01,604.6518
2024-01-15T10:40:00,COOLING_TEMP_01,69.783
2024-01-15T10:40:00,COOLING_PRES_01,9.9154
2024-01-15T10:40:00,COOLING_FLOW_01,252.4153
2024-01-15T10:40:00,COOLING_HEAT_01,20.3206
2024-01-15T10:40:00,PRIMARY_PRES_01,155.6286
2024-01-15T10:40:00,PRIMARY_TEMP_01,300.0952
2024-01-15T10:40:00,PRIMARY_FLOW_01,594.7361
2024-01-15T10:40:00,PRIMARY_LEVEL_01,49.9317
2024-01-15T10:41:00,COOLING_TEMP_01,69.1855
2024-01-15T10:41:00,COOLING_PRES_01,9.9317
2024-01-15T10:41:00,COOLING_FLOW_01,251.2239
2024-01-15T10:41:00,PRIMARY_PRES_01,155.149
2024-01-15T10:41:00,PRIMARY_TEMP_01,298.5804
2024-01-15T10:41:00,PRIMARY_FLOW_01,613.1691
2024-01-15T10:42:00,COOLING_TEMP_01,70.2893
2024-01-15T10:42:00,COOLING_PRES_01,10.0912
2024-01-15T10:42:00,COOLING_FLOW_01,249.2284
2024-01-15T10:42:00,COOLING_HEAT_01,19.9126
2024-01-15T10:42:00,PRIMARY_PRES_01,155.4069
2024-01-15T10:42:00,PRIMARY_TEMP_01,299.6007
2024-01-15T10:42:00,PRIMARY_FLOW_01,594.4663
2024-01-15T10:42:00,PRIMARY_LEVEL_01,49.7564
2024-01-15T10:43:00,COOLING_TEMP_01,70.3813
2024-01-15T10:43:00,COOLING_PRES_01,10.1354
2024-01-15T10:43:00,COOLING_FLOW_01,246.7024
2024-01-15T10:43:00,PRIMARY_PRES_01,155.27
2024-01-15T10:43:00,PRIMARY_TEMP_01,303.0137
2024-01-15T10:43:00,PRIMARY_FLOW_01,596.9862
2024-01-15T10:44:00,COOLING_TEMP_01,70.2212
2024-01-15T10:44:00,COOLING_PRES_01,10.0048
2024-01-15T10:44:00,COOLING_FLOW_01,257.2877
2024-01-15T10:44:00,COOLING_HEAT_01,20.1892
2024-01-15T10:44:00,PRIMARY_PRES_01,155.362
2024-01-15T10:44:00,PRIMARY_TEMP_01,302.5166
2024-01-15T10:44:00,PRIMARY_FLOW_01,595.5959
2024-01-15T10:44:00,PRIMARY_LEVEL_01,51.2695
2024-01-15T10:45:00,COOLING_TEMP_01,68.7112
2024-01-15T10:45:00,COOLING_PRES_01,9.9205
2024-01-15T10:45:00,COOLING_FLOW_01,249.8989
2024-01-15T10:45:00,PRIMARY_PRES_01,154.6354
2024-01-15T10:45:00,PRIMARY_TEMP_01,303.4627
2024-01-15T10:45:00,PRIMARY_FLOW_01,599.2041
2024-01-15T10:46:00,COOLING_TEMP_01,70.089
2024-01-15T10:46:00,COOLING_PRES_01,10.0943
2024-01-15T10:46:00,COOLING_FLOW_01,249.943
2024-01-15T10:46:00,COOLING_HEAT_01,20.0078
2024-01-15T10:46:00,PRIMARY_PRES_01,155.0669
2024-01-15T10:46:00,PRIMARY_TEMP_01,300.0692
2024-01-15T10:46:00,PRIMARY_FLOW_01,592.092
2024-01-15T10:46:00,PRIMARY_LEVEL_01,49.7236
2024-01-15T10:47:00,COOLING_TEMP_01,70.3701
2024-01-15T10:47:00,COOLING_PRES_01,9.9613
2024-01-15T10:47:00,COOLING_FLOW_01,249.6536
2024-01-15T10:47:00,PRIMARY_PRES_01,155.1833
2024-01-15T10:47:00,PRIMARY_TEMP_01,300.4307
2024-01-15T10:47:00,PRIMARY_FLOW_01,592.9477
2024-01-15T10:48:00,COOLING_TEMP_01,69.9528
2024-01-15T10:48:00,COOLING_PRES_01,10.0281
2024-01-15T10:48:00,COOLING_FLOW_01,252.8179
2024-01-15T10:48:00,COOLING_HEAT_01,20.1099
2024-01-15T10:48:00,PRIMARY_PRES_01,155.3277
2024-01-15T10:48:00,PRIMARY_TEMP_01,300.6533
2024-01-15T10:48:00,PRIMARY_FLOW_01,591.7228
2024-01-15T10:48:00,PRIMARY_LEVEL_01,50.7153
2024-01-15T10:49:00,COOLING_TEMP_01,70.7939
2024-01-15T10:49:00,COOLING_PRES_01,10.1655
2024-01-15T10:49:00,COOLING_FLOW_01,246.2558
2024-01-15T10:49:00,PRIMARY_PRES_01,154.8758
2024-01-15T10:49:00,PRIMARY_TEMP_01,300.3645
2024-01-15T10:49:00,PRIMARY_FLOW_01,606.6969
2024-01-15T10:50:00,COOLING_TEMP_01,69.5597
2024-01-15T10:50:00,COOLING_PRES_01,10.1825
2024-01-15T10:50:00,COOLING_FLOW_01,244.3528
2024-01-15T10:50:00,COOLING_HEAT_01,20.1572
2024-01-15T10:50:00,PRIMARY_PRES_01,154.6491
2024-01-15T10:50:00,PRIMARY_TEMP_01,299.206
2024-01-15T10:50:00,PRIMARY_FLOW_01,596.2821
2024-01-15T10:50:00,PRIMARY_LEVEL_01,50.151
2024-01-15T10:51:00,COOLING_TEMP_01,70.2471
2024-01-15T10:51:00,COOLING_PRES_01,10.0405
2024-01-15T10:51:00,COOLING_FLOW_01,254.8155
2024-01-15T10:51:00,PRIMARY_PRES_01,155.324
2024-01-15T10:51:00,PRIMARY_TEMP_01,299.6877
2024-01-15T10:51:00,PRIMARY_FLOW_01,597.6761
2024-01-15T10:52:00,COOLING_TEMP_01,69.8914
2024-01-15T10:52:00,COOLING_PRES_01,9.831
2024-01-15T10:52:00,COOLING_FLOW_01,255.1908
2024-01-15T10:52:00,COOLING_HEAT_01,20.0622
2024-01-15T10:52:00,PRIMARY_PRES_01,154.9396
2024-01-15T10:52:00,PRIMARY_TEMP_01,299.252
2024-01-15T10:52:00,PRIMARY_FLOW_01,603.4019
2024-01-15T10:52:00,PRIMARY_LEVEL_01,51.2669
2024-01-15T10:53:00,COOLING_TEMP_01,70.18
2024-01-15T10:53:00,COOLING_PRES_01,10.0939
2024-01-15T10:53:00,COOLING_FLOW_01,250.7481
2024-01-15T10:53:00,PRIMARY_PRES_01,155.1868
2024-01-15T10:53:00,PRIMARY_TEMP_01,301.8187
2024-01-15T10:53:00,PRIMARY_FLOW_01,594.4499
2024-01-15T10:54:00,COOLING_TEMP_01,69.2999
2024-01-15T10:54:00,COOLING_PRES_01,9.9915
2024-01-15T10:54:00,COOLING_FLOW_01,247.1407
2024-01-15T10:54:00,COOLING_HEAT_01,19.811
2024-01-15T10:54:00,PRIMARY_PRES_01,154.9593
2024-01-15T10:54:00,PRIMARY_TEMP_01,300.7115
2024-01-15T10:54:00,PRIMARY_FLOW_01,597.4089
2024-01-15T10:54:00,PRIMARY_LEVEL_01,50.9119
2024-01-15T10:55:00,COOLING_TEMP_01,70.0876
2024-01-15T10:55:00,COOLING_PRES_01,10.1586
2024-01-15T10:55:00,COOLING_FLOW_01,252.0028
2024-01-15T10:55:00,PRIMARY_PRES_01,154.8835
2024-01-15T10:55:00,PRIMARY_TEMP_01,299.4121
2024-01-15T10:55:00,PRIMARY_FLOW_01,604.6806
2024-01-15T10:56:00,COOLING_TEMP_01,70.8027
2024-01-15T10:56:00,COOLING_PRES_01,9.8592
2024-01-15T10:56:00,COOLING_FLOW_01,253.8406
2024-01-15T10:56:00,COOLING_HEAT_01,20.2416
2024-01-15T10:56:00,PRIMARY_PRES_01,155.0802
2024-01-15T10:56:00,PRIMARY_TEMP_01,301.5646
2024-01-15T10:56:00,PRIMARY_FLOW_01,594.9852
2024-01-15T10:56:00,PRIMARY_LEVEL_01,50.8636
2024-01-15T10:57:00,COOLING_TEMP_01,70.733
2024-01-15T10:57:00,COOLING_PRES_01,10.0079
2024-01-15T10:57:00,COOLING_FLOW_01,245.6226
2024-01-15T10:57:00,PRIMARY_PRES_01,154.8015
2024-01-15T10:57:00,PRIMARY_TEMP_01,303.8267
2024-01-15T10:57:00,PRIMARY_FLOW_01,606.0021
2024-01-15T10:58:00,COOLING_TEMP_01,70.4236
2024-01-15T10:58:00,COOLING_PRES_01,9.8642
2024-01-15T10:58:00,COOLING_FLOW_01,253.1084
2024-01-15T10:58:00,COOLING_HEAT_01,20.4412
2024-01-15T10:58:00,PRIMARY_PRES_01,155.207
2024-01-15T10:58:00,PRIMARY_TEMP_01,297.5406
2024-01-15T10:58:00,PRIMARY_FLOW_01,590.1894
2024-01-15T10:58:00,PRIMARY_LEVEL_01,49.5192
2024-01-15T10:59:00,COOLING_TEMP_01,71.8278
2024-01-15T10:59:00,COOLING_PRES_01,9.9658
2024-01-15T10:59:00,COOLING_FLOW_01,256.5545
2024-01-15T10:59:00,PRIMARY_PRES_01,154.7443
2024-01-15T10:59:00,PRIMARY_TEMP_01,300.0896
2024-01-15T10:59:00,PRIMARY_FLOW_01,597.5067
2024-01-15T11:00:00,COOLING_TEMP_01,70.3838
2024-01-15T11:00:00,COOLING_PRES_01,9.8088
2024-01-15T11:00:00,COOLING_FLOW_01,254.5385
2024-01-15T11:00:00,COOLING_HEAT_01,19.8956
2024-01-15T11:00:00,PRIMARY_PRES_01,154.9669
2024-01-15T11:00:00,PRIMARY_TEMP_01,302.1907
2024-01-15T11:00:00,PRIMARY_FLOW_01,595.1
2024-01-15T11:00:00,PRIMARY_LEVEL_01,50.0961
2024-01-15T11:01:00,COOLING_TEMP_01,70.4546
2024-01-15T11:01:00,COOLING_PRES_01,9.8718
2024-01-15T11:01:00,COOLING_FLOW_01,251.6983
2024-01-15T11:01:00,PRIMARY_PRES_01,154.9527
2024-01-15T11:01:00,PRIMARY_TEMP_01,299.6595
2024-01-15T11:01:00,PRIMARY_FLOW_01,610.4857
2024-01-15T11:02:00,COOLING_TEMP_01,70.4661
2024-01-15T11:02:00,COOLING_PRES_01,9.9089
2024-01-15T11:02:00,COOLING_FLOW_01,250.4895
2024-01-15T11:02:00,COOLING_HEAT_01,20.1726
2024-01-15T11:02:00,PRIMARY_PRES_01,155.3003
2024-01-15T11:02:00,PRIMARY_TEMP_01,298.0372
2024-01-15T11:02:00,PRIMARY_FLOW_01,606.7386
2024-01-15T11:02:00,PRIMARY_LEVEL_01,50.0899
2024-01-15T11:03:00,COOLING_TEMP_01,71.0012
2024-01-15T11:03:00,COOLING_PRES_01,10.2791
2024-01-15T11:03:00,COOLING_FLOW_01,251.5014
2024-01-15T11:03:00,PRIMARY_PRES_01,154.7715
2024-01-15T11:03:00,PRIMARY_TEMP_01,301.9413
2024-01-15T11:03:00,PRIMARY_FLOW_01,609.5653
2024-01-15T11:04:00,COOLING_TEMP_01,70.8188
2024-01-15T11:04:00,COOLING_PRES_01,10.0676
2024-01-15T11:04:00,COOLING_FLOW_01,249.2321
2024-01-15T11:04:00,COOLING_HEAT_01,20.0928
2024-01-15T11:04:00,PRIMARY_PRES_01,154.9457
2024-01-15T11:04:00,PRIMARY_TEMP_01,300.5168
2024-01-15T11:04:00,PRIMARY_FLOW_01,595.8146
2024-01-15T11:04:00,PRIMARY_LEVEL_01,50.0872
2024-01-15T11:05:00,COOLING_TEMP_01,70.3715
2024-01-15T11:05:00,COOLING_PRES_01,9.8612
2024-01-15T11:05:00,COOLING_FLOW_01,256.942
2024-01-15T11:05:00,PRIMARY_PRES_01,154.7384
2024-01-15T11:05:00,PRIMARY_TEMP_01,300.3329
2024-01-15T11:05:00,PRIMARY_FLOW_01,605.3378
2024-01-15T11:06:00,COOLING_TEMP_01,71.4508
2024-01-15T11:06:00,COOLING_PRES_01,9.979
2024-01-15T11:06:00,COOLING_FLOW_01,250.2381
2024-01-15T11:06:00,COOLING_HEAT_01,19.9695
2024-01-15T11:06:00,PRIMARY_PRES_01,154.7471
2024-01-15T11:06:00,PRIMARY_TEMP_01,300.9572
2024-01-15T11:06:00,PRIMARY_FLOW_01,594.3722
2024-01-15T11:06:00,PRIMARY_LEVEL_01,50.4246
2024-01-15T11:07:00,COOLING_TEMP_01,70.4496
2024-01-15T11:07:00,COOLING_PRES_01,10.1584
2024-01-15T11:07:00,COOLING_FLOW_01,252.6239
2024-01-15T11:07:00,PRIMARY_PRES_01,155.3656
2024-01-15T11:07:00,PRIMARY_TEMP_01,299.4777
2024-01-15T11:07:00,PRIMARY_FLOW_01,595.9741
2024-01-15T11:08:00,COOLING_TEMP_01,70.7867
2024-01-15T11:08:00,COOLING_PRES_01,9.9705
2024-01-15T11:08:00,COOLING_FLOW_01,254.5405
2024-01-15T11:08:00,COOLING_HEAT_01,19.7426
2024-01-15T11:08:00,PRIMARY_PRES_01,154.9749
2024-01-15T11:08:00,PRIMARY_TEMP_01,301.7056
2024-01-15T11:08:00,PRIMARY_FLOW_01,603.2229
2024-01-15T11:08:00,PRIMARY_LEVEL_01,49.3887
2024-01-15T11:09:00,COOLING_TEMP_01,70.4727
2024-01-15T11:09:00,COOLING_PRES_01,9.9042
2024-01-15T11:09:00,COOLING_FLOW_01,252.0473
2024-01-15T11:09:00,PRIMARY_PRES_01,155.0526
2024-01-15T11:09:00,PRIMARY_TEMP_01,297.7282
2024-01-15T11:09:00,PRIMARY_FLOW_01,595.745
2024-01-15T11:10:00,COOLING_TEMP_01,69.7974
2024-01-15T11:10:00,COOLING_PRES_01,9.9912
2024-01-15T11:10:00,COOLING_FLOW_01,253.9848
2024-01-15T11:10:00,COOLING_HEAT_01,20.5132
2024-01-15T11:10:00,PRIMARY_PRES_01,155.4032
2024-01-15T11:10:00,PRIMARY_TEMP_01,301.1649
2024-01-15T11:10:00,PRIMARY_FLOW_01,598.0473
2024-01-15T11:10:00,PRIMARY_LEVEL_01,50.9276
2024-01-15T11:11:00,COOLING_TEMP_01,70.4656
2024-01-15T11:11:00,COOLING_PRES_01,9.9144
2024-01-15T11:11:00,COOLING_FLOW_01,244.1384
2024-01-15T11:11:00,PRIMARY_PRES_01,154.4516
2024-01-15T11:11:00,PRIMARY_TEMP_01,301.7078
2024-01-15T11:11:00,PRIMARY_FLOW_01,588.1279
2024-01-15T11:12:00,COOLING_TEMP_01,70.2474
2024-01-15T11:12:00,COOLING_PRES_01,10.0201
2024-01-15T11:12:00,COOLING_FLOW_01,247.5822
2024-01-15T11:12:00,COOLING_HEAT_01,20.2547
2024-01-15T11:12:00,PRIMARY_PRES_01,155.1814
2024-01-15T11:12:00,PRIMARY_TEMP_01,301.085
2024-01-15T11:12:00,PRIMARY_FLOW_01,595.5473
2024-01-15T11:12:00,PRIMARY_LEVEL_01,49.9764
2024-01-15T11:13:00,COOLING_TEMP_01,69.9486
2024-01-15T11:13:00,COOLING_PRES_01,9.9771
2024-01-15T11:13:00,COOLING_FLOW_01,252.3345
2024-01-15T11:13:00,PRIMARY_PRES_01,154.9191
2024-01-15T11:13:00,PRIMARY_TEMP_01,303.5811
2024-01-15T11:13:00,PRIMARY_FLOW_01,605.3029
2024-01-15T11:14:00,COOLING_TEMP_01,69.4334
2024-01-15T11:14:00,COOLING_PRES_01,9.9589
2024-01-15T11:14:00,COOLING_FLOW_01,248.0403
2024-01-15T11:14:00,COOLING_HEAT_01,19.7696
2024-01-15T11:14:00,PRIMARY_PRES_01,155.3515
2024-01-15T11:14:00,PRIMARY_TEMP_01,301.4434
2024-01-15T11:14:00,PRIMARY_FLOW_01,598.6761
2024-01-15T11:14:00,PRIMARY_LEVEL_01,50.8634
2024-01-15T11:15:00,COOLING_TEMP_01,71.0335
2024-01-15T11:15:00,COOLING_PRES_01,10.2538
2024-01-15T11:15:00,COOLING_FLOW_01,247.5197
2024-01-15T11:15:00,PRIMARY_PRES_01,155.2252
2024-01-15T11:15:00,PRIMARY_TEMP_01,300.6117
2024-01-15T11:15:00,PRIMARY_FLOW_01,607.7366
2024-01-15T11:16:00,COOLING_TEMP_01,69.007
2024-01-15T11:16:00,COOLING_PRES_01,9.9685
2024-01-15T11:16:00,COOLING_FLOW_01,245.3788
2024-01-15T11:16:00,COOLING_HEAT_01,19.818
2024-01-15T11:16:00,PRIMARY_PRES_01,154.7855
2024-01-15T11:16:00,PRIMARY_TEMP_01,300.1209
2024-01-15T11:16:00,PRIMARY_FLOW_01,608.1928
2024-01-15T11:16:00,PRIMARY_LEVEL_01,50.453
2024-01-15T11:17:00,COOLING_TEMP_01,70.4761
2024-01-15T11:17:00,COOLING_PRES_01,9.8489
2024-01-15T11:17:00,COOLING_FLOW_01,246.3098
2024-01-15T11:17:00,PRIMARY_PRES_01,155.1056
2024-01-15T11:17:00,PRIMARY_TEMP_01,301.3076
2024-01-15T11:17:00,PRIMARY_FLOW_01,596.046
2024-01-15T11:18:00,COOLING_TEMP_01,69.3146
2024-01-15T11:18:00,COOLING_PRES_01,9.9733
2024-01-15T11:18:00,COOLING_FLOW_01,244.6943
2024-01-15T11:18:00,COOLING_HEAT_01,20.5196
2024-01-15T11:18:00,PRIMARY_PRES_01,154.8415
2024-01-15T11:18:00,PRIMARY_TEMP_01,299.5626
2024-01-15T11:18:00,PRIMARY_FLOW_01,594.7552
2024-01-15T11:18:00,PRIMARY_LEVEL_01,49.7968
2024-01-15T11:19:00,COOLING_TEMP_01,69.6827
2024-01-15T11:19:00,COOLING_PRES_01,10.1753
2024-01-15T11:19:00,COOLING_FLOW_01,251.5478
2024-01-15T11:19:00,PRIMARY_PRES_01,154.7984
2024-01-15T11:19:00,PRIMARY_TEMP_01,299.5702
2024-01-15T11:19:00,PRIMARY_FLOW_01,601.1213
2024-01-15T11:20:00,COOLING_TEMP_01,69.5073
2024-01-15T11:20:00,COOLING_PRES_01,10.1322
2024-01-15T11:20:00,COOLING_FLOW_01,247.0919
2024-01-15T11:20:00,COOLING_HEAT_01,19.9414
2024-01-15T11:20:00,PRIMARY_PRES_01,155.3814
2024-01-15T11:20:00,PRIMARY_TEMP_01,302.2352
2024-01-15T11:20:00,PRIMARY_FLOW_01,596.4027
2024-01-15T11:20:00,PRIMARY_LEVEL_01,49.7241
2024-01-15T11:21:00,COOLING_TEMP_01,70.7664
2024-01-15T11:21:00,COOLING_PRES_01,9.7629
2024-01-15T11:21:00,COOLING_FLOW_01,248.8513
2024-01-15T11:21:00,PRIMARY_PRES_01,154.6633
2024-01-15T11:21:00,PRIMARY_TEMP_01,297.704
2024-01-15T11:21:00,PRIMARY_FLOW_01,606.1129
2024-01-15T11:22:00,COOLING_TEMP_01,70.4798
2024-01-15T11:22:00,COOLING_PRES_01,9.9726
2024-01-15T11:22:00,COOLING_FLOW_01,251.7858
2024-01-15T11:22:00,COOLING_HEAT_01,20.5636
2024-01-15T11:22:00,PRIMARY_PRES_01,155.4964
2024-01-15T11:22:00,PRIMARY_TEMP_01,298.8211
2024-01-15T11:22:00,PRIMARY_FLOW_01,591.0883
2024-01-15T11:22:00,PRIMARY_LEVEL_01,50.1541
2024-01-15T11:23:00,COOLING_TEMP_01,71.0359
2024-01-15T11:23:00,COOLING_PRES_01,10.1975
2024-01-15T11:23:00,COOLING_FLOW_01,252.8779
2024-01-15T11:23:00,PRIMARY_PRES_01,155.3357
2024-01-15T11:23:00,PRIMARY_TEMP_01,301.3081
2024-01-15T11:23:00,PRIMARY_FLOW_01,590.1099
2024-01-15T11:24:00,COOLING_TEMP_01,69.8683
2024-01-15T11:24:00,COOLING_PRES_01,9.9337
2024-01-15T11:24:00,COOLING_FLOW_01,251.84
2024-01-15T11:24:00,COOLING_HEAT_01,19.8437
2024-01-15T11:24:00,PRIMARY_PRES_01,154.5599
2024-01-15T11:24:00,PRIMARY_TEMP_01,302.5047
2024-01-15T11:24:00,PRIMARY_FLOW_01,602.9691
2024-01-15T11:24:00,PRIMARY_LEVEL_01,49.3745
2024-01-15T11:25:00,COOLING_TEMP_01,69.1284
2024-01-15T11:25:00,COOLING_PRES_01,9.9669
2024-01-15T11:25:00,COOLING_FLOW_01,254.4097
2024-01-15T11:25:00,PRIMARY_PRES_01,154.9129
2024-01-15T11:25:00,PRIMARY_TEMP_01,299.3567
2024-01-15T11:25:00,PRIMARY_FLOW_01,599.9047
2024-01-15T11:26:00,COOLING_TEMP_01,70.2426
2024-01-15T11:26:00,COOLING_PRES_01,10.1115
2024-01-15T11:26:00,COOLING_FLOW_01,254.4055
2024-01-15T11:26:00,COOLING_HEAT_01,20.2724
2024-01-15T11:26:00,PRIMARY_PRES_01,155.3025
2024-01-15T11:26:00,PRIMARY_TEMP_01,299.5047
2024-01-15T11:26:00,PRIMARY_FLOW_01,601.1178
2024-01-15T11:26:00,PRIMARY_LEVEL_01,50.305
2024-01-15T11:27:00,COOLING_TEMP_01,70.0815
2024-01-15T11:27:00,COOLING_PRES_01,10.058
2024-01-15T11:27:00,COOLING_FLOW_01,246.8792
2024-01-15T11:27:00,PRIMARY_PRES_01,154.9439
2024-01-15T11:27:00,PRIMARY_TEMP_01,300.2447
2024-01-15T11:27:00,PRIMARY_FLOW_01,607.6866
2024-01-15T11:28:00,COOLING_TEMP_01,69.684
2024-01-15T11:28:00,COOLING_PRES_01,10.099
2024-01-15T11:28:00,COOLING_FLOW_01,252.1998
2024-01-15T11:28:00,COOLING_HEAT_01,19.8041
2024-01-15T11:28:00,PRIMARY_PRES_01,154.5163
2024-01-15T11:28:00,PRIMARY_TEMP_01,302.8569
2024-01-15T11:28:00,PRIMARY_FLOW_01,601.4897
2024-01-15T11:28:00,PRIMARY_LEVEL_01,50.4554
2024-01-15T11:29:00,COOLING_TEMP_01,70.7432
2024-01-15T11:29:00,COOLING_PRES_01,10.0766
2024-01-15T11:29:00,COOLING_FLOW_01,251.2271
2024-01-15T11:29:00,PRIMARY_PRES_01,154.7878
2024-01-15T11:29:00,PRIMARY_TEMP_01,300.7639
2024-01-15T11:29:00,PRIMARY_FLOW_01,594.5665
2024-01-15T11:30:00,COOLING_TEMP_01,70.847
2024-01-15T11:30:00,COOLING_PRES_01,9.656
2024-01-15T11:30:00,COOLING_FLOW_01,250.859
2024-01-15T11:30:00,COOLING_HEAT_01,19.9047
2024-01-15T11:30:00,PRIMARY_PRES_01,155.0776
2024-01-15T11:30:00,PRIMARY_TEMP_01,300.7068
2024-01-15T11:30:00,PRIMARY_FLOW_01,605.1717
2024-01-15T11:30:00,PRIMARY_LEVEL_01,50.0522
2024-01-15T11:31:00,COOLING_TEMP_01,69.7403
2024-01-15T11:31:00,COOLING_PRES_01,10.1647
2024-01-15T11:31:00,COOLING_FLOW_01,253.8142
2024-01-15T11:31:00,PRIMARY_PRES_01,155.2254
2024-01-15T11:31:00,PRIMARY_TEMP_01,299.9855
2024-01-15T11:31:00,PRIMARY_FLOW_01,601.8212
2024-01-15T11:32:00,COOLING_TEMP_01,68.9721
2024-01-15T11:32:00,COOLING_PRES_01,10.0054
2024-01-15T11:32:00,COOLING_FLOW_01,246.9616
2024-01-15T11:32:00,COOLING_HEAT_01,19.4058
2024-01-15T11:32:00,PRIMARY_PRES_01,155.075
2024-01-15T11:32:00,PRIMARY_TEMP_01,301.1617
2024-01-15T11:32:00,PRIMARY_FLOW_01,591.6193
2024-01-15T11:32:00,PRIMARY_LEVEL_01,49.6035
2024-01-15T11:33:00,COOLING_TEMP_01,71.1513
2024-01-15T11:33:00,COOLING_PRES_01,9.9874
2024-01-15T11:33:00,COOLING_FLOW_01,252.0542
2024-01-15T11:33:00,PRIMARY_PRES_01,155.6401
2024-01-15T11:33:00,PRIMARY_TEMP_01,299.3661
2024-01-15T11:33:00,PRIMARY_FLOW_01,601.2714
2024-01-15T11:34:00,COOLING_TEMP_01,70.8295
2024-01-15T11:34:00,COOLING_PRES_01,10.1788
2024-01-15T11:34:00,COOLING_FLOW_01,252.6198
2024-01-15T11:34:00,COOLING_HEAT_01,20.0976
2024-01-15T11:34:00,PRIMARY_PRES_01,155.0166
2024-01-15T11:34:00,PRIMARY_TEMP_01,302.392
2024-01-15T11:34:00,PRIMARY_FLOW_01,599.1482
2024-01-15T11:34:00,PRIMARY_LEVEL_01,50.3421
2024-01-15T11:35:00,COOLING_TEMP_01,71.0202
2024-01-15T11:35:00,COOLING_PRES_01,10.0029
2024-01-15T11:35:00,COOLING_FLOW_01,251.6606
2024-01-15T11:35:00,PRIMARY_PRES_01,155.0744
2024-01-15T11:35:00,PRIMARY_TEMP_01,303.6672
2024-01-15T11:35:00,PRIMARY_FLOW_01,591.2743
2024-01-15T11:36:00,COOLING_TEMP_01,69.6574
2024-01-15T11:36:00,COOLING_PRES_01,10.0969
2024-01-15T11:36:00,COOLING_FLOW_01,251.5999
2024-01-15T11:36:00,COOLING_HEAT_01,19.7888
2024-01-15T11:36:00,PRIMARY_PRES_01,155.1835
2024-01-15T11:36:00,PRIMARY_TEMP_01,299.8004
2024-01-15T11:36:00,PRIMARY_FLOW_01,606.8699
2024-01-15T11:36:00,PRIMARY_LEVEL_01,49.8198
2024-01-15T11:37:00,COOLING_TEMP_01,70.0964
2024-01-15T11:37:00,COOLING_PRES_01,10.2231
2024-01-15T11:37:00,COOLING_FLOW_01,249.6821
2024-01-15T11:37:00,PRIMARY_PRES_01,154.7577
2024-01-15T11:37:00,PRIMARY_TEMP_01,300.2009
2024-01-15T11:37:00,PRIMARY_FLOW_01,603.3688
2024-01-15T11:38:00,COOLING_TEMP_01,69.7214
2024-01-15T11:38:00,COOLING_PRES_01,9.6645
2024-01-15T11:38:00,COOLING_FLOW_01,253.7314
2024-01-15T11:38:00,COOLING_HEAT_01,20.2111
2024-01-15T11:38:00,PRIMARY_PRES_01,155.3236
2024-01-15T11:38:00,PRIMARY_TEMP_01,299.6195
2024-01-15T11:38:00,PRIMARY_FLOW_01,606.6335
2024-01-15T11:38:00,PRIMARY_LEVEL_01,49.7082
2024-01-15T11:39:00,COOLING_TEMP_01,69.2956
2024-01-15T11:39:00,COOLING_PRES_01,9.7148
2024-01-15T11:39:00,COOLING_FLOW_01,251.2758
2024-01-15T11:39:00,PRIMARY_PRES_01,154.8361
2024-01-15T11:39:00,PRIMARY_TEMP_01,300.6816
2024-01-15T11:39:00,PRIMARY_FLOW_01,595.1896
2024-01-15T11:40:00,COOLING_TEMP_01,69.5563
2024-01-15T11:40:00,COOLING_PRES_01,10.0502
2024-01-15T11:40:00,COOLING_FLOW_01,254.0421
2024-01-15T11:40:00,COOLING_HEAT_01,19.6493
2024-01-15T11:40:00,PRIMARY_PRES_01,155.3393
2024-01-15T11:40:00,PRIMARY_TEMP_01,299.4162
2024-01-15T11:40:00,PRIMARY_FLOW_01,594.1219
2024-01-15T11:40:00,PRIMARY_LEVEL_01,49.2171
2024-01-15T11:41:00,COOLING_TEMP_01,69.7152
2024-01-15T11:41:00,COOLING_PRES_01,10.2295
2024-01-15T11:41:00,COOLING_FLOW_01,246.1269
2024-01-15T11:41:00,PRIMARY_PRES_01,154.7408
2024-01-15T11:41:00,PRIMARY_TEMP_01,301.8981
2024-01-15T11:41:00,PRIMARY_FLOW_01,598.8045
2024-01-15T11:42:00,COOLING_TEMP_01,69.5862
2024-01-15T11:42:00,COOLING_PRES_01,10.0251
2024-01-15T11:42:00,COOLING_FLOW_01,251.2937
2024-01-15T11:42:00,COOLING_HEAT_01,20.3852
2024-01-15T11:42:00,PRIMARY_PRES_01,155.5139
2024-01-15T11:42:00,PRIMARY_TEMP_01,302.0956
2024-01-15T11:42:00,PRIMARY_FLOW_01,597.0326
2024-01-15T11:42:00,PRIMARY_LEVEL_01,50.4988
2024-01-15T11:43:00,COOLING_TEMP_01,69.597
2024-01-15T11:43:00,COOLING_PRES_01,9.7803
2024-01-15T11:43:00,COOLING_FLOW_01,249.4485
2024-01-15T11:43:00,PRIMARY_PRES_01,155.5674
2024-01-15T11:43:00,PRIMARY_TEMP_01,300.7754
2024-01-15T11:43:00,PRIMARY_FLOW_01,591.4119
2024-01-15T11:44:00,COOLING_TEMP_01,69.6193
2024-01-15T11:44:00,COOLING_PRES_01,9.8244
2024-01-15T11:44:00,COOLING_FLOW_01,248.8501
2024-01-15T11:44:00,COOLING_HEAT_01,20.0486
2024-01-15T11:44:00,PRIMARY_PRES_01,154.7781
2024-01-15T11:44:00,PRIMARY_TEMP_01,300.5422
2024-01-15T11:44:00,PRIMARY_FLOW_01,609.9398
2024-01-15T11:44:00,PRIMARY_LEVEL_01,49.4579
2024-01-15T11:45:00,COOLING_TEMP_01,70.2979
2024-01-15T11:45:00,COOLING_PRES_01,10.0005
2024-01-15T11:45:00,COOLING_FLOW_01,250.0656
2024-01-15T11:45:00,PRIMARY_PRES_01,155.4762
2024-01-15T11:45:00,PRIMARY_TEMP_01,299.0419
2024-01-15T11:45:00,PRIMARY_FLOW_01,595.7396
2024-01-15T11:46:00,COOLING_TEMP_01,70.4106
2024-01-15T11:46:00,COOLING_PRES_01,10.0924
2024-01-15T11:46:00,COOLING_FLOW_01,253.7932
2024-01-15T11:46:00,COOLING_HEAT_01,19.9943
2024-01-15T11:46:00,PRIMARY_PRES_01,154.7872
2024-01-15T11:46:00,PRIMARY_TEMP_01,300.7922
2024-01-15T11:46:00,PRIMARY_FLOW_01,600.066
2024-01-15T11:46:00,PRIMARY_LEVEL_01,48.9471
2024-01-15T11:47:00,COOLING_TEMP_01,69.9759
2024-01-15T11:47:00,COOLING_PRES_01,10.1168
2024-01-15T11:47:00,COOLING_FLOW_01,248.8043
2024-01-15T11:47:00,PRIMARY_PRES_01,155.1287
2024-01-15T11:47:00,PRIMARY_TEMP_01,301.0857
2024-01-15T11:47:00,PRIMARY_FLOW_01,604.4956
2024-01-15T11:48:00,COOLING_TEMP_01,69.6103
2024-01-15T11:48:00,COOLING_PRES_01,9.7514
2024-01-15T11:48:00,COOLING_FLOW_01,248.8301
2024-01-15T11:48:00,COOLING_HEAT_01,19.8554
2024-01-15T11:48:00,PRIMARY_PRES_01,155.2639
2024-01-15T11:48:00,PRIMARY_TEMP_01,297.6354
2024-01-15T11:48:00,PRIMARY_FLOW_01,600.5694
2024-01-15T11:48:00,PRIMARY_LEVEL_01,50.2039
2024-01-15T11:49:00,COOLING_TEMP_01,69.1922
2024-01-15T11:49:00,COOLING_PRES_01,10.0054
2024-01-15T11:49:00,COOLING_FLOW_01,252.039
2024-01-15T11:49:00,PRIMARY_PRES_01,155.4049
2024-01-15T11:49:00,PRIMARY_TEMP_01,299.8076
2024-01-15T11:49:00,PRIMARY_FLOW_01,609.6254
2024-01-15T11:50:00,COOLING_TEMP_01,70.0688
2024-01-15T11:50:00,COOLING_PRES_01,10.0297
2024-01-15T11:50:00,COOLING_FLOW_01,250.5486
2024-01-15T11:50:00,COOLING_HEAT_01,19.9342
2024-01-15T11:50:00,PRIMARY_PRES_01,154.9693
2024-01-15T11:50:00,PRIMARY_TEMP_01,299.5665
2024-01-15T11:50:00,PRIMARY_FLOW_01,603.3927
2024-01-15T11:50:00,PRIMARY_LEVEL_01,50.9626
2024-01-15T11:51:00,COOLING_TEMP_01,69.2332
2024-01-15T11:51:00,COOLING_PRES_01,10.0431
2024-01-15T11:51:00,COOLING_FLOW_01,249.7252
2024-01-15T11:51:00,PRIMARY_PRES_01,154.855
2024-01-15T11:51:00,PRIMARY_TEMP_01,299.9073
2024-01-15T11:51:00,PRIMARY_FLOW_01,587.9582
2024-01-15T11:52:00,COOLING_TEMP_01,70.8146
2024-01-15T11:52:00,COOLING_PRES_01,9.9795
2024-01-15T11:52:00,COOLING_FLOW_01,251.9427
2024-01-15T11:52:00,COOLING_HEAT_01,19.7349
2024-01-15T11:52:00,PRIMARY_PRES_01,154.7358
2024-01-15T11:52:00,PRIMARY_TEMP_01,300.5008
2024-01-15T11:52:00,PRIMARY_FLOW_01,599.0016
2024-01-15T11:52:00,PRIMARY_LEVEL_01,51.1418
2024-01-15T11:53:00,COOLING_TEMP_01,70.8604
2024-01-15T11:53:00,COOLING_PRES_01,10.2014
2024-01-15T11:53:00,COOLING_FLOW_01,249.811
2024-01-15T11:53:00,PRIMARY_PRES_01,155.4027
2024-01-15T11:53:00,PRIMARY_TEMP_01,297.0975
2024-01-15T11:53:00,PRIMARY_FLOW_01,604.6575
2024-01-15T11:54:00,COOLING_TEMP_01,70.8078
2024-01-15T11:54:00,COOLING_PRES_01,9.9454
2024-01-15T11:54:00,COOLING_FLOW_01,248.9352
2024-01-15T11:54:00,COOLING_HEAT_01,20.0307
2024-01-15T11:54:00,PRIMARY_PRES_01,155.2321
2024-01-15T11:54:00,PRIMARY_TEMP_01,298.0003
2024-01-15T11:54:00,PRIMARY_FLOW_01,597.3668
2024-01-15T11:54:00,PRIMARY_LEVEL_01,50.2897
2024-01-15T11:55:00,COOLING_TEMP_01,69.42
2024-01-15T11:55:00,COOLING_PRES_01,9.9013
2024-01-15T11:55:00,COOLING_FLOW_01,253.572
2024-01-15T11:55:00,PRIMARY_PRES_01,155.6311
2024-01-15T11:55:00,PRIMARY_TEMP_01,301.0243
2024-01-15T11:55:00,PRIMARY_FLOW_01,598.3491
2024-01-15T11:56:00,COOLING_TEMP_01,69.3345
2024-01-15T11:56:00,COOLING_PRES_01,9.9156
2024-01-15T11:56:00,COOLING_FLOW_01,243.5494
2024-01-15T11:56:00,COOLING_HEAT_01,19.976
2024-01-15T11:56:00,PRIMARY_PRES_01,155.2045
2024-01-15T11:56:00,PRIMARY_TEMP_01,301.4301
2024-01-15T11:56:00,PRIMARY_FLOW_01,597.3848
2024-01-15T11:56:00,PRIMARY_LEVEL_01,50.7374
2024-01-15T11:57:00,COOLING_TEMP_01,69.9492
2024-01-15T11:57:00,COOLING_PRES_01,9.8712
2024-01-15T11:57:00,COOLING_FLOW_01,246.0935
2024-01-15T11:57:00,PRIMARY_PRES_01,154.9985
2024-01-15T11:57:00,PRIMARY_TEMP_01,299.2274
2024-01-15T11:57:00,PRIMARY_FLOW_01,603.6562
2024-01-15T11:58:00,COOLING_TEMP_01,70.2266
2024-01-15T11:58:00,COOLING_PRES_01,10.0352
2024-01-15T11:58:00,COOLING_FLOW_01,251.6722
2024-01-15T11:58:00,COOLING_HEAT_01,19.3681
2024-01-15T11:58:00,PRIMARY_PRES_01,155.4261
2024-01-15T11:58:00,PRIMARY_TEMP_01,300.5163
2024-01-15T11:58:00,PRIMARY_FLOW_01,597.9853
2024-01-15T11:58:00,PRIMARY_LEVEL_01,49.9734
2024-01-15T11:59:00,COOLING_TEMP_01,69.5912
2024-01-15T11:59:00,COOLING_PRES_01,9.9292
2024-01-15T11:59:00,COOLING_FLOW_01,246.5344
2024-01-15T11:59:00,PRIMARY_PRES_01,155.2047
2024-01-15T11:59:00,PRIMARY_TEMP_01,300.5606
2024-01-15T11:59:00,PRIMARY_FLOW_01,603.8753
2024-01-15T12:00:00,COOLING_TEMP_01,70.3139
2024-01-15T12:00:00,COOLING_PRES_01,9.9787
2024-01-15T12:00:00,COOLING_FLOW_01,251.1528
2024-01-15T12:00:00,COOLING_HEAT_01,20.0625
2024-01-15T12:00:00,PRIMARY_PRES_01,154.7416
2024-01-15T12:00:00,PRIMARY_TEMP_01,299.1513
2024-01-15T12:00:00,PRIMARY_FLOW_01,605.0856
2024-01-15T12:00:00,PRIMARY_LEVEL_01,49.2668
2024-01-15T12:01:00,COOLING_TEMP_01,69.5247
2024-01-15T12:01:00,COOLING_PRES_01,9.9422
2024-01-15T12:01:00,COOLING_FLOW_01,256.9169
2024-01-15T12:01:00,PRIMARY_PRES_01,154.7988
2024-01-15T12:01:00,PRIMARY_TEMP_01,299.3374
2024-01-15T12:01:00,PRIMARY_FLOW_01,589.021
2024-01-15T12:02:00,COOLING_TEMP_01,70.5966
2024-01-15T12:02:00,COOLING_PRES_01,10.218
2024-01-15T12:02:00,COOLING_FLOW_01,249.7758
2024-01-15T12:02:00,COOLING_HEAT_01,20.0653
2024-01-15T12:02:00,PRIMARY_PRES_01,154.8666
2024-01-15T12:02:00,PRIMARY_TEMP_01,301.276
2024-01-15T12:02:00,PRIMARY_FLOW_01,598.2027
2024-01-15T12:02:00,PRIMARY_LEVEL_01,49.3572
2024-01-15T12:03:00,COOLING_TEMP_01,70.0347
2024-01-15T12:03:00,COOLING_PRES_01,10.0339
2024-01-15T12:03:00,COOLING_FLOW_01,253.0991
2024-01-15T12:03:00,PRIMARY_PRES_01,155.3149
2024-01-15T12:03:00,PRIMARY_TEMP_01,298.254
2024-01-15T12:03:00,PRIMARY_FLOW_01,597.3339
2024-01-15T12:04:00,COOLING_TEMP_01,69.9572
2024-01-15T12:04:00,COOLING_PRES_01,9.9305
2024-01-15T12:04:00,COOLING_FLOW_01,249.2414
2024-01-15T12:04:00,COOLING_HEAT_01,20.8124
2024-01-15T12:04:00,PRIMARY_PRES_01,154.8535
2024-01-15T12:04:00,PRIMARY_TEMP_01,299.3795
2024-01-15T12:04:00,PRIMARY_FLOW_01,598.2475
2024-01-15T12:04:00,PRIMARY_LEVEL_01,49.3607
2024-01-15T12:05:00,COOLING_TEMP_01,70.0366
2024-01-15T12:05:00,COOLING_PRES_01,10.0076
2024-01-15T12:05:00,COOLING_FLOW_01,249.3012
2024-01-15T12:05:00,PRIMARY_PRES_01,155.0021
2024-01-15T12:05:00,PRIMARY_TEMP_01,300.2377
2024-01-15T12:05:00,PRIMARY_FLOW_01,600.5279
2024-01-15T12:06:00,COOLING_TEMP_01,69.7715
2024-01-15T12:06:00,COOLING_PRES_01,9.9697
2024-01-15T12:06:00,COOLING_FLOW_01,243.8848
2024-01-15T12:06:00,COOLING_HEAT_01,19.7924
2024-01-15T12:06:00,PRIMARY_PRES_01,154.5635
2024-01-15T12:06:00,PRIMARY_TEMP_01,300.2023
2024-01-15T12:06:00,PRIMARY_FLOW_01,604.0698
2024-01-15T12:06:00,PRIMARY_LEVEL_01,50.0898
2024-01-15T12:07:00,COOLING_TEMP_01,69.2496
2024-01-15T12:07:00,COOLING_PRES_01,9.7841
2024-01-15T12:07:00,COOLING_FLOW_01,249.212
2024-01-15T12:07:00,PRIMARY_PRES_01,155.3927
2024-01-15T12:07:00,PRIMARY_TEMP_01,297.4222
2024-01-15T12:07:00,PRIMARY_FLOW_01,602.8876
2024-01-15T12:08:00,COOLING_TEMP_01,69.5283
2024-01-15T12:08:00,COOLING_PRES_01,9.8502
2024-01-15T12:08:00,COOLING_FLOW_01,245.963
2024-01-15T12:08:00,COOLING_HEAT_01,20.1756
2024-01-15T12:08:00,PRIMARY_PRES_01,155.2855
2024-01-15T12:08:00,PRIMARY_TEMP_01,300.7591
2024-01-15T12:08:00,PRIMARY_FLOW_01,596.5468
2024-01-15T12:08:00,PRIMARY_LEVEL_01,50.3768
2024-01-15T12:09:00,COOLING_TEMP_01,68.89
2024-01-15T12:09:00,COOLING_PRES_01,10.0545
2024-01-15T12:09:00,COOLING_FLOW_01,251.3456
2024-01-15T12:09:00,PRIMARY_PRES_01,155.1884
2024-01-15T12:09:00,PRIMARY_TEMP_01,298.905
2024-01-15T12:09:00,PRIMARY_FLOW_01,598.5191
2024-01-15T12:10:00,COOLING_TEMP_01,70.1614
2024-01-15T12:10:00,COOLING_PRES_01,9.9091
2024-01-15T12:10:00,COOLING_FLOW_01,252.4828
2024-01-15T12:10:00,COOLING_HEAT_01,20.0333
2024-01-15T12:10:00,PRIMARY_PRES_01,155.1229
2024-01-15T12:10:00,PRIMARY_TEMP_01,299.0895
2024-01-15T12:10:00,PRIMARY_FLOW_01,599.5342
2024-01-15T12:10:00,PRIMARY_LEVEL_01,49.6605
2024-01-15T12:11:00,COOLING_TEMP_01,69.1744
2024-01-15T12:11:00,COOLING_PRES_01,10.1578
2024-01-15T12:11:00,COOLING_FLOW_01,252.9881
2024-01-15T12:11:00,PRIMARY_PRES_01,155.2135
2024-01-15T12:11:00,PRIMARY_TEMP_01,299.8213
2024-01-15T12:11:00,PRIMARY_FLOW_01,601.1035
2024-01-15T12:12:00,COOLING_TEMP_01,69.129
2024-01-15T12:12:00,COOLING_PRES_01,9.8078
2024-01-15T12:12:00,COOLING_FLOW_01,254.2106
2024-01-15T12:12:00,COOLING_HEAT_01,19.8236
2024-01-15T12:12:00,PRIMARY_PRES_01,154.7659
2024-01-15T12:12:00,PRIMARY_TEMP_01,301.2618
2024-01-15T12:12:00,PRIMARY_FLOW_01,598.1479
2024-01-15T12:12:00,PRIMARY_LEVEL_01,50.2444
2024-01-15T12:13:00,COOLING_TEMP_01,70.0181
2024-01-15T12:13:00,COOLING_PRES_01,9.9229
2024-01-15T12:13:00,COOLING_FLOW_01,253.2276
2024-01-15T12:13:00,PRIMARY_PRES_01,154.8215
2024-01-15T12:13:00,PRIMARY_TEMP_01,299.5728
2024-01-15T12:13:00,PRIMARY_FLOW_01,602.0764
2024-01-15T12:14:00,COOLING_TEMP_01,69.9971
2024-01-15T12:14:00,COOLING_PRES_01,9.9569
2024-01-15T12:14:00,COOLING_FLOW_01,252.641
2024-01-15T12:14:00,COOLING_HEAT_01,20.0027
2024-01-15T12:14:00,PRIMARY_PRES_01,155.4161
2024-01-15T12:14:00,PRIMARY_TEMP_01,299.7738
2024-01-15T12:14:00,PRIMARY_FLOW_01,598.3988
2024-01-15T12:14:00,PRIMARY_LEVEL_01,51.388
2024-01-15T12:15:00,COOLING_TEMP_01,69.6797
2024-01-15T12:15:00,COOLING_PRES_01,9.9635
2024-01-15T12:15:00,COOLING_FLOW_01,255.3484
2024-01-15T12:15:00,PRIMARY_PRES_01,155.3395
2024-01-15T12:15:00,PRIMARY_TEMP_01,299.0145
2024-01-15T12:15:00,PRIMARY_FLOW_01,605.1901
2024-01-15T12:16:00,COOLING_TEMP_01,69.6137
2024-01-15T12:16:00,COOLING_PRES_01,9.8649
2024-01-15T12:16:00,COOLING_FLOW_01,249.2056
2024-01-15T12:16:00,COOLING_HEAT_01,19.8618
2024-01-15T12:16:00,PRIMARY_PRES_01,154.8102
2024-01-15T12:16:00,PRIMARY_TEMP_01,301.8821
2024-01-15T12:16:00,PRIMARY_FLOW_01,602.8991
2024-01-15T12:16:00,PRIMARY_LEVEL_01,50.3578
2024-01-15T12:17:00,COOLING_TEMP_01,69.2435
2024-01-15T12:17:00,COOLING_PRES_01,10.0759
2024-01-15T12:17:00,COOLING_FLOW_01,248.1926
2024-01-15T12:17:00,PRIMARY_PRES_01,154.8668
2024-01-15T12:17:00,PRIMARY_TEMP_01,298.7745
2024-01-15T12:17:00,PRIMARY_FLOW_01,592.9035
2024-01-15T12:18:00,COOLING_TEMP_01,70.2412
2024-01-15T12:18:00,COOLING_PRES_01,9.9841
2024-01-15T12:18:00,COOLING_FLOW_01,248.8037
2024-01-15T12:18:00,COOLING_HEAT_01,20.0185
2024-01-15T12:18:00,PRIMARY_PRES_01,155.3663
2024-01-15T12:18:00,PRIMARY_TEMP_01,300.4367
2024-01-15T12:18:00,PRIMARY_FLOW_01,597.8971
2024-01-15T12:18:00,PRIMARY_LEVEL_01,50.1998
2024-01-15T12:19:00,COOLING_TEMP_01,69.8721
2024-01-15T12:19:00,COOLING_PRES_01,10.138
2024-01-15T12:19:00,COOLING_FLOW_01,251.8518
2024-01-15T12:19:00,PRIMARY_PRES_01,154.7117
2024-01-15T12:19:00,PRIMARY_TEMP_01,300.4848
2024-01-15T12:19:00,PRIMARY_FLOW_01,611.3895
2024-01-15T12:20:00,COOLING_TEMP_01,69.6904
2024-01-15T12:20:00,COOLING_PRES_01,9.9563
2024-01-15T12:20:00,COOLING_FLOW_01,250.97
2024-01-15T12:20:00,COOLING_HEAT_01,19.8406
2024-01-15T12:20:00,PRIMARY_PRES_01,155.0621
2024-01-15T12:20:00,PRIMARY_TEMP_01,299.0132
2024-01-15T12:20:00,PRIMARY_FLOW_01,600.9833
2024-01-15T12:20:00,PRIMARY_LEVEL_01,50.0869
2024-01-15T12:21:00,COOLING_TEMP_01,69.2656
2024-01-15T12:21:00,COOLING_PRES_01,9.7954
2024-01-15T12:21:00,COOLING_FLOW_01,253.1118
2024-01-15T12:21:00,PRIMARY_PRES_01,155.2864
2024-01-15T12:21:00,PRIMARY_TEMP_01,301.0493
2024-01-15T12:21:00,PRIMARY_FLOW_01,596.9097
2024-01-15T12:22:00,COOLING_TEMP_01,69.1265
2024-01-15T12:22:00,COOLING_PRES_01,9.8842
2024-01-15T12:22:00,COOLING_FLOW_01,251.8629
2024-01-15T12:22:00,COOLING_HEAT_01,20.0335
2024-01-15T12:22:00,PRIMARY_PRES_01,155.2927
2024-01-15T12:22:00,PRIMARY_TEMP_01,299.1094
2024-01-15T12:22:00,PRIMARY_FLOW_01,613.042
2024-01-15T12:22:00,PRIMARY_LEVEL_01,49.5842
2024-01-15T12:23:00,COOLING_TEMP_01,69.5295
2024-01-15T12:23:00,COOLING_PRES_01,10.0501
2024-01-15T12:23:00,COOLING_FLOW_01,246.1088
2024-01-15T12:23:00,PRIMARY_PRES_01,155.1951
2024-01-15T12:23:00,PRIMARY_TEMP_01,300.5356
2024-01-15T12:23:00,PRIMARY_FLOW_01,610.7443
2024-01-15T12:24:00,COOLING_TEMP_01,69.0065
2024-01-15T12:24:00,COOLING_PRES_01,9.9288
2024-01-15T12:24:00,COOLING_FLOW_01,249.5684
2024-01-15T12:24:00,COOLING_HEAT_01,20.3
2024-01-15T12:24:00,PRIMARY_PRES_01,155.2355
2024-01-15T12:24:00,PRIMARY_TEMP_01,299.4998
2024-01-15T12:24:00,PRIMARY_FLOW_01,611.905
2024-01-15T12:24:00,PRIMARY_LEVEL_01,48.7447
2024-01-15T12:25:00,COOLING_TEMP_01,70.7316
2024-01-15T12:25:00,COOLING_PRES_01,9.872
2024-01-15T12:25:00,COOLING_FLOW_01,249.9311
2024-01-15T12:25:00,PRIMARY_PRES_01,155.3016
2024-01-15T12:25:00,PRIMARY_TEMP_01,299.6764
2024-01-15T12:25:00,PRIMARY_FLOW_01,606.7879
2024-01-15T12:26:00,COOLING_TEMP_01,69.4222
2024-01-15T12:26:00,COOLING_PRES_01,9.9261
2024-01-15T12:26:00,COOLING_FLOW_01,244.2975
2024-01-15T12:26:00,COOLING_HEAT_01,20.2582
2024-01-15T12:26:00,PRIMARY_PRES_01,154.8986
2024-01-15T12:26:00,PRIMARY_TEMP_01,299.5072
2024-01-15T12:26:00,PRIMARY_FLOW_01,590.5899
2024-01-15T12:26:00,PRIMARY_LEVEL_01,48.5753
2024-01-15T12:27:00,COOLING_TEMP_01,69.699
2024-01-15T12:27:00,COOLING_PRES_01,10.0915
2024-01-15T12:27:00,COOLING_FLOW_01,253.7945
2024-01-15T12:27:00,PRIMARY_PRES_01,154.8092
2024-01-15T12:27:00,PRIMARY_TEMP_01,300.7419
2024-01-15T12:27:00,PRIMARY_FLOW_01,600.1137
2024-01-15T12:28:00,COOLING_TEMP_01,68.5482
2024-01-15T12:28:00,COOLING_PRES_01,9.9399
2024-01-15T12:28:00,COOLING_FLOW_01,254.1384
2024-01-15T12:28:00,COOLING_HEAT_01,19.655
2024-01-15T12:28:00,PRIMARY_PRES_01,155.3265
2024-01-15T12:28:00,PRIMARY_TEMP_01,297.8738
2024-01-15T12:28:00,PRIMARY_FLOW_01,594.8338
2024-01-15T12:28:00,PRIMARY_LEVEL_01,49.9888
2024-01-15T12:29:00,COOLING_TEMP_01,70.978
2024-01-15T12:29:00,COOLING_PRES_01,10.1435
2024-01-15T12:29:00,COOLING_FLOW_01,252.5829
2024-01-15T12:29:00,PRIMARY_PRES_01,155.3031
2024-01-15T12:29:00,PRIMARY_TEMP_01,300.386
2024-01-15T12:29:00,PRIMARY_FLOW_01,608.1503
2024-01-15T12:30:00,COOLING_TEMP_01,69.0499
2024-01-15T12:30:00,COOLING_PRES_01,9.8833
2024-01-15T12:30:00,COOLING_FLOW_01,248.861
2024-01-15T12:30:00,COOLING_HEAT_01,19.8792
2024-01-15T12:30:00,PRIMARY_PRES_01,154.8489
2024-01-15T12:30:00,PRIMARY_TEMP_01,299.154
2024-01-15T12:30:00,PRIMARY_FLOW_01,610.334
2024-01-15T12:30:00,PRIMARY_LEVEL_01,50.5239
2024-01-15T12:31:00,COOLING_TEMP_01,70.8171
2024-01-15T12:31:00,COOLING_PRES_01,9.9726
2024-01-15T12:31:00,COOLING_FLOW_01,247.5911
2024-01-15T12:31:00,PRIMARY_PRES_01,155.1742
2024-01-15T12:31:00,PRIMARY_TEMP_01,298.1587
2024-01-15T12:31:00,PRIMARY_FLOW_01,588.0087
2024-01-15T12:32:00,COOLING_TEMP_01,70.0833
2024-01-15T12:32:00,COOLING_PRES_01,10.0784
2024-01-15T12:32:00,COOLING_FLOW_01,253.8191
2024-01-15T12:32:00,COOLING_HEAT_01,19.697
2024-01-15T12:32:00,PRIMARY_PRES_01,154.7581
2024-01-15T12:32:00,PRIMARY_TEMP_01,300.9189
2024-01-15T12:32:00,PRIMARY_FLOW_01,601.045
2024-01-15T12:32:00,PRIMARY_LEVEL_01,50.1135
2024-01-15T12:33:00,COOLING_TEMP_01,70.4995
2024-01-15T12:33:00,COOLING_PRES_01,9.8985
2024-01-15T12:33:00,COOLING_FLOW_01,249.5856
2024-01-15T12:33:00,PRIMARY_PRES_01,155.0286
2024-01-15T12:33:00,PRIMARY_TEMP_01,301.7969
2024-01-15T12:33:00,PRIMARY_FLOW_01,600.406
2024-01-15T12:34:00,COOLING_TEMP_01,70.1631
2024-01-15T12:34:00,COOLING_PRES_01,10.0142
2024-01-15T12:34:00,COOLING_FLOW_01,252.1355
2024-01-15T12:34:00,COOLING_HEAT_01,19.3475
2024-01-15T12:34:00,PRIMARY_PRES_01,154.4879
2024-01-15T12:34:00,PRIMARY_TEMP_01,300.1433
2024-01-15T12:34:00,PRIMARY_FLOW_01,601.3465
2024-01-15T12:34:00,PRIMARY_LEVEL_01,49.1374
2024-01-15T12:35:00,COOLING_TEMP_01,69.1001
2024-01-15T12:35:00,COOLING_PRES_01,9.9435
2024-01-15T12:35:00,COOLING_FLOW_01,253.8314
2024-01-15T12:35:00,PRIMARY_PRES_01,155.1587
2024-01-15T12:35:00,PRIMARY_TEMP_01,301.0026
2024-01-15T12:35:00,PRIMARY_FLOW_01,600.9572
2024-01-15T12:36:00,COOLING_TEMP_01,69.8757
2024-01-15T12:36:00,COOLING_PRES_01,9.9091
2024-01-15T12:36:00,COOLING_FLOW_01,249.8389
2024-01-15T12:36:00,COOLING_HEAT_01,19.7465
2024-01-15T12:36:00,PRIMARY_PRES_01,154.5139
2024-01-15T12:36:00,PRIMARY_TEMP_01,300.4979
2024-01-15T12:36:00,PRIMARY_FLOW_01,595.0773
2024-01-15T12:36:00,PRIMARY_LEVEL_01,50.5864
2024-01-15T12:37:00,COOLING_TEMP_01,69.3606
2024-01-15T12:37:00,COOLING_PRES_01,9.8916
2024-01-15T12:37:00,COOLING_FLOW_01,247.4881
2024-01-15T12:37:00,PRIMARY_PRES_01,154.9332
2024-01-15T12:37:00,PRIMARY_TEMP_01,299.9801
2024-01-15T12:37:00,PRIMARY_FLOW_01,592.9545
2024-01-15T12:38:00,COOLING_TEMP_01,69.5215
2024-01-15T12:38:00,COOLING_PRES_01,9.8781
2024-01-15T12:38:00,COOLING_FLOW_01,250.218
2024-01-15T12:38:00,COOLING_HEAT_01,19.6102
2024-01-15T12:38:00,PRIMARY_PRES_01,155.0578
2024-01-15T12:38:00,PRIMARY_TEMP_01,299.9145
2024-01-15T12:38:00,PRIMARY_FLOW_01,602.9784
2024-01-15T12:38:00,PRIMARY_LEVEL_01,50.405
2024-01-15T12:39:00,COOLING_TEMP_01,69.6314
2024-01-15T12:39:00,COOLING_PRES_01,9.9248
2024-01-15T12:39:00,COOLING_FLOW_01,247.7789
2024-01-15T12:39:00,PRIMARY_PRES_01,154.5855
2024-01-15T12:39:00,PRIMARY_TEMP_01,300.1879
2024-01-15T12:39:00,PRIMARY_FLOW_01,608.6303
2024-01-15T12:40:00,COOLING_TEMP_01,70.7163
2024-01-15T12:40:00,COOLING_PRES_01,10.1529
2024-01-15T12:40:00,COOLING_FLOW_01,250.8989
2024-01-15T12:40:00,COOLING_HEAT_01,19.4343
2024-01-15T12:40:00,PRIMARY_PRES_01,154.8119
2024-01-15T12:40:00,PRIMARY_TEMP_01,299.7789
2024-01-15T12:40:00,PRIMARY_FLOW_01,592.4335
2024-01-15T12:40:00,PRIMARY_LEVEL_01,50.0057
2024-01-15T12:41:00,COOLING_TEMP_01,68.9714
2024-01-15T12:41:00,COOLING_PRES_01,10.0911
2024-01-15T12:41:00,COOLING_FLOW_01,251.98
2024-01-15T12:41:00,PRIMARY_PRES_01,155.2557
2024-01-15T12:41:00,PRIMARY_TEMP_01,296.7821
2024-01-15T12:41:00,PRIMARY_FLOW_01,599.7536
2024-01-15T12:42:00,COOLING_TEMP_01,69.8247
2024-01-15T12:42:00,COOLING_PRES_01,10.0339
2024-01-15T12:42:00,COOLING_FLOW_01,251.7606
2024-01-15T12:42:00,COOLING_HEAT_01,19.8616
2024-01-15T12:42:00,PRIMARY_PRES_01,155.5006
2024-01-15T12:42:00,PRIMARY_TEMP_01,301.1598
2024-01-15T12:42:00,PRIMARY_FLOW_01,596.2015
2024-01-15T12:42:00,PRIMARY_LEVEL_01,49.4254
2024-01-15T12:43:00,COOLING_TEMP_01,69.3681
2024-01-15T12:43:00,COOLING_PRES_01,10.0974
2024-01-15T12:43:00,COOLING_FLOW_01,251.3421
2024-01-15T12:43:00,PRIMARY_PRES_01,154.795
2024-01-15T12:43:00,PRIMARY_TEMP_01,299.4802
2024-01-15T12:43:00,PRIMARY_FLOW_01,603.863
2024-01-15T12:44:00,COOLING_TEMP_01,70.5026
2024-01-15T12:44:00,COOLING_PRES_01,10.104
2024-01-15T12:44:00,COOLING_FLOW_01,246.0975
2024-01-15T12:44:00,COOLING_HEAT_01,20.2331
2024-01-15T12:44:00,PRIMARY_PRES_01,155.0809
2024-01-15T12:44:00,PRIMARY_TEMP_01,300.3923
2024-01-15T12:44:00,PRIMARY_FLOW_01,604.4023
2024-01-15T12:44:00,PRIMARY_LEVEL_01,50.637
2024-01-15T12:45:00,COOLING_TEMP_01,69.9523
2024-01-15T12:45:00,COOLING_PRES_01,10.2588
2024-01-15T12:45:00,COOLING_FLOW_01,243.7754
2024-01-15T12:45:00,PRIMARY_PRES_01,155.3057
2024-01-15T12:45:00,PRIMARY_TEMP_01,299.8714
2024-01-15T12:45:00,PRIMARY_FLOW_01,600.9716
2024-01-15T12:46:00,COOLING_TEMP_01,69.4763
2024-01-15T12:46:00,COOLING_PRES_01,10.2865
2024-01-15T12:46:00,COOLING_FLOW_01,242.7574
2024-01-15T12:46:00,COOLING_HEAT_01,19.79
2024-01-15T12:46:00,PRIMARY_PRES_01,154.972
2024-01-15T12:46:00,PRIMARY_TEMP_01,301.0824
2024-01-15T12:46:00,PRIMARY_FLOW_01,596.9409
2024-01-15T12:46:00,PRIMARY_LEVEL_01,50.5729
2024-01-15T12:47:00,COOLING_TEMP_01,68.5107
2024-01-15T12:47:00,COOLING_PRES_01,10.1443
2024-01-15T12:47:00,COOLING_FLOW_01,252.8682
2024-01-15T12:47:00,PRIMARY_PRES_01,154.9646
2024-01-15T12:47:00,PRIMARY_TEMP_01,298.9745
2024-01-15T12:47:00,PRIMARY_FLOW_01,601.0852
2024-01-15T12:48:00,COOLING_TEMP_01,69.7958
2024-01-15T12:48:00,COOLING_PRES_01,9.9472
2024-01-15T12:48:00,COOLING_FLOW_01,250.4404
2024-01-15T12:48:00,COOLING_HEAT_01,20.2648
2024-01-15T12:48:00,PRIMARY_PRES_01,154.8091
2024-01-15T12:48:00,PRIMARY_TEMP_01,301.1411
2024-01-15T12:48:00,PRIMARY_FLOW_01,590.6592
2024-01-15T12:48:00,PRIMARY_LEVEL_01,50.0594
2024-01-15T12:49:00,COOLING_TEMP_01,69.8133
2024-01-15T12:49:00,COOLING_PRES_01,9.8256
2024-01-15T12:49:00,COOLING_FLOW_01,248.8098
2024-01-15T12:49:00,PRIMARY_PRES_01,155.346
2024-01-15T12:49:00,PRIMARY_TEMP_01,300.2864
2024-01-15T12:49:00,PRIMARY_FLOW_01,596.1188
2024-01-15T12:50:00,COOLING_TEMP_01,70.0552
2024-01-15T12:50:00,COOLING_PRES_01,10.1318
2024-01-15T12:50:00,COOLING_FLOW_01,253.0111
2024-01-15T12:50:00,COOLING_HEAT_01,20.0925
2024-01-15T12:50:00,PRIMARY_PRES_01,154.9882
2024-01-15T12:50:00,PRIMARY_TEMP_01,299.7429
2024-01-15T12:50:00,PRIMARY_FLOW_01,606.4176
2024-01-15T12:50:00,PRIMARY_LEVEL_01,50.7433
2024-01-15T12:51:00,COOLING_TEMP_01,69.4987
2024-01-15T12:51:00,COOLING_PRES_01,9.9344
2024-01-15T12:51:00,COOLING_FLOW_01,250.8881
2024-01-15T12:51:00,PRIMARY_PRES_01,154.9332
2024-01-15T12:51:00,PRIMARY_TEMP_01,298.263
2024-01-15T12:51:00,PRIMARY_FLOW_01,594.8281
2024-01-15T12:52:00,COOLING_TEMP_01,69.5516
2024-01-15T12:52:00,COOLING_PRES_01,9.971
2024-01-15T12:52:00,COOLING_FLOW_01,252.9677
2024-01-15T12:52:00,COOLING_HEAT_01,19.2946
2024-01-15T12:52:00,PRIMARY_PRES_01,154.6955
2024-01-15T12:52:00,PRIMARY_TEMP_01,300.869
2024-01-15T12:52:00,PRIMARY_FLOW_01,612.6547
2024-01-15T12:52:00,PRIMARY_LEVEL_01,49.7615
2024-01-15T12:53:00,COOLING_TEMP_01,69.7526
2024-01-15T12:53:00,COOLING_PRES_01,9.8699
2024-01-15T12:53:00,COOLING_FLOW_01,245.5279
2024-01-15T12:53:00,PRIMARY_PRES_01,155.2421
2024-01-15T12:53:00,PRIMARY_TEMP_01,299.1068
2024-01-15T12:53:00,PRIMARY_FLOW_01,582.0982
2024-01-15T12:54:00,COOLING_TEMP_01,70.689
2024-01-15T12:54:00,COOLING_PRES_01,10.0753
2024-01-15T12:54:00,COOLING_FLOW_01,251.1765
2024-01-15T12:54:00,COOLING_HEAT_01,19.6853
2024-01-15T12:54:00,PRIMARY_PRES_01,154.7023
2024-01-15T12:54:00,PRIMARY_TEMP_01,298.5932
2024-01-15T12:54:00,PRIMARY_FLOW_01,599.2107
2024-01-15T12:54:00,PRIMARY_LEVEL_01,49.0509
2024-01-15T12:55:00,COOLING_TEMP_01,69.6274
2024-01-15T12:55:00,COOLING_PRES_01,10.04
2024-01-15T12:55:00,COOLING_FLOW_01,244.349
2024-01-15T12:55:00,PRIMARY_PRES_01,154.5592
2024-01-15T12:55:00,PRIMARY_TEMP_01,301.4594
2024-01-15T12:55:00,PRIMARY_FLOW_01,608.1464
2024-01-15T12:56:00,COOLING_TEMP_01,69.44
2024-01-15T12:56:00,COOLING_PRES_01,9.9698
2024-01-15T12:56:00,COOLING_FLOW_01,251.5028
2024-01-15T12:56:00,COOLING_HEAT_01,19.5168
2024-01-15T12:56:00,PRIMARY_PRES_01,154.5742
2024-01-15T12:56:00,PRIMARY_TEMP_01,297.9731
2024-01-15T12:56:00,PRIMARY_FLOW_01,603.4195
2024-01-15T12:56:00,PRIMARY_LEVEL_01,50.1664
2024-01-15T12:57:00,COOLING_TEMP_01,68.8774
2024-01-15T12:57:00,COOLING_PRES_01,10.1448
2024-01-15T12:57:00,COOLING_FLOW_01,247.4565
2024-01-15T12:57:00,PRIMARY_PRES_01,154.9693
2024-01-15T12:57:00,PRIMARY_TEMP_01,301.4247
2024-01-15T12:57:00,PRIMARY_FLOW_01,599.4974
2024-01-15T12:58:00,COOLING_TEMP_01,69.9499
2024-01-15T12:58:00,COOLING_PRES_01,10.188
2024-01-15T12:58:00,COOLING_FLOW_01,254.6032
2024-01-15T12:58:00,COOLING_HEAT_01,20.6206
2024-01-15T12:58:00,PRIMARY_PRES_01,155.059
2024-01-15T12:58:00,PRIMARY_TEMP_01,300.7825
2024-01-15T12:58:00,PRIMARY_FLOW_01,604.1351
2024-01-15T12:58:00,PRIMARY_LEVEL_01,50.2199
2024-01-15T12:59:00,COOLING_TEMP_01,69.9522
2024-01-15T12:59:00,COOLING_PRES_01,10.0907
2024-01-15T12:59:00,COOLING_FLOW_01,252.2895
2024-01-15T12:59:00,PRIMARY_PRES_01,155.1292
2024-01-15T12:59:00,PRIMARY_TEMP_01,301.2903
2024-01-15T12:59:00,PRIMARY_FLOW_01,589.0174
2024-01-15T13:00:00,COOLING_TEMP_01,70.7175
2024-01-15T13:00:00,COOLING_PRES_01,9.931
2024-01-15T13:00:00,COOLING_FLOW_01,256.7272
2024-01-15T13:00:00,COOLING_HEAT_01,19.4787
2024-01-15T13:00:00,PRIMARY_PRES_01,155.2796
2024-01-15T13:00:00,PRIMARY_TEMP_01,298.0428
2024-01-15T13:00:00,PRIMARY_FLOW_01,607.071
2024-01-15T13:00:00,PRIMARY_LEVEL_01,50.1439
2024-01-15T13:01:00,COOLING_TEMP_01,69.3535
2024-01-15T13:01:00,COOLING_PRES_01,10.1809
2024-01-15T13:01:00,COOLING_FLOW_01,246.5375
2024-01-15T13:01:00,PRIMARY_PRES_01,154.6703
2024-01-15T13:01:00,PRIMARY_TEMP_01,297.8299
2024-01-15T13:01:00,PRIMARY_FLOW_01,591.0183
2024-01-15T13:02:00,COOLING_TEMP_01,69.9493
2024-01-15T13:02:00,COOLING_PRES_01,10.0504
2024-01-15T13:02:00,COOLING_FLOW_01,248.1843
2024-01-15T13:02:00,COOLING_HEAT_01,20.2913
2024-01-15T13:02:00,PRIMARY_PRES_01,154.9909
2024-01-15T13:02:00,PRIMARY_TEMP_01,299.4143
2024-01-15T13:02:00,PRIMARY_FLOW_01,594.8088
2024-01-15T13:02:00,PRIMARY_LEVEL_01,50.4926
2024-01-15T13:03:00,COOLING_TEMP_01,69.2123
2024-01-15T13:03:00,COOLING_PRES_01,10.1759
2024-01-15T13:03:00,COOLING_FLOW_01,248.3547
2024-01-15T13:03:00,PRIMARY_PRES_01,154.8358
2024-01-15T13:03:00,PRIMARY_TEMP_01,300.5475
2024-01-15T13:03:00,PRIMARY_FLOW_01,598.1704
2024-01-15T13:04:00,COOLING_TEMP_01,69.5814
2024-01-15T13:04:00,COOLING_PRES_01,9.9671
2024-01-15T13:04:00,COOLING_FLOW_01,254.1378
2024-01-15T13:04:00,COOLING_HEAT_01,19.7753
2024-01-15T13:04:00,PRIMARY_PRES_01,155.3342
2024-01-15T13:04:00,PRIMARY_TEMP_01,297.6892
2024-01-15T13:04:00,PRIMARY_FLOW_01,589.6662
2024-01-15T13:04:00,PRIMARY_LEVEL_01,49.921
2024-01-15T13:05:00,COOLING_TEMP_01,69.9439
2024-01-15T13:05:00,COOLING_PRES_01,10.2226
2024-01-15T13:05:00,COOLING_FLOW_01,252.3488
2024-01-15T13:05:00,PRIMARY_PRES_01,155.3504
2024-01-15T13:05:00,PRIMARY_TEMP_01,298.7446
2024-01-15T13:05:00,PRIMARY_FLOW_01,608.3801
2024-01-15T13:06:00,COOLING_TEMP_01,69.2425
2024-01-15T13:06:00,COOLING_PRES_01,9.9791
2024-01-15T13:06:00,COOLING_FLOW_01,246.9644
2024-01-15T13:06:00,COOLING_HEAT_01,19.7553
2024-01-15T13:06:00,PRIMARY_PRES_01,155.3522
2024-01-15T13:06:00,PRIMARY_TEMP_01,299.5842
2024-01-15T13:06:00,PRIMARY_FLOW_01,597.575
2024-01-15T13:06:00,PRIMARY_LEVEL_01,49.696
2024-01-15T13:07:00,COOLING_TEMP_01,69.2094
2024-01-15T13:07:00,COOLING_PRES_01,9.8969
2024-01-15T13:07:00,COOLING_FLOW_01,252.3163
2024-01-15T13:07:00,PRIMARY_PRES_01,155.075
2024-01-15T13:07:00,PRIMARY_TEMP_01,300.7311
2024-01-15T13:07:00,PRIMARY_FLOW_01,594.2575
2024-01-15T13:08:00,COOLING_TEMP_01,70.2149
2024-01-15T13:08:00,COOLING_PRES_01,10.1017
2024-01-15T13:08:00,COOLING_FLOW_01,251.6711
2024-01-15T13:08:00,COOLING_HEAT_01,20.019
2024-01-15T13:08:00,PRIMARY_PRES_01,155.4115
2024-01-15T13:08:00,PRIMARY_TEMP_01,298.7121
2024-01-15T13:08:00,PRIMARY_FLOW_01,598.5993
2024-01-15T13:08:00,PRIMARY_LEVEL_01,49.4356
2024-01-15T13:09:00,COOLING_TEMP_01,70.3264
2024-01-15T13:09:00,COOLING_PRES_01,10.0331
2024-01-15T13:09:00,COOLING_FLOW_01,247.7761
2024-01-15T13:09:00,PRIMARY_PRES_01,154.6658
2024-01-15T13:09:00,PRIMARY_TEMP_01,300.0346
2024-01-15T13:09:00,PRIMARY_FLOW_01,606.3396
2024-01-15T13:10:00,COOLING_TEMP_01,69.8207
2024-01-15T13:10:00,COOLING_PRES_01,10.0963
2024-01-15T13:10:00,COOLING_FLOW_01,246.5865
2024-01-15T13:10:00,COOLING_HEAT_01,19.7702
2024-01-15T13:10:00,PRIMARY_PRES_01,155.1516
2024-01-15T13:10:00,PRIMARY_TEMP_01,299.0143
2024-01-15T13:10:00,PRIMARY_FLOW_01,593.9231
2024-01-15T13:10:00,PRIMARY_LEVEL_01,50.9483
2024-01-15T13:11:00,COOLING_TEMP_01,68.979
2024-01-15T13:11:00,COOLING_PRES_01,9.8045
2024-01-15T13:11:00,COOLING_FLOW_01,249.8333
2024-01-15T13:11:00,PRIMARY_PRES_01,155.2221
2024-01-15T13:11:00,PRIMARY_TEMP_01,298.2072
2024-01-15T13:11:00,PRIMARY_FLOW_01,604.0118
2024-01-15T13:12:00,COOLING_TEMP_01,69.7924
2024-01-15T13:12:00,COOLING_PRES_01,9.8819
2024-01-15T13:12:00,COOLING_FLOW_01,246.3128
2024-01-15T13:12:00,COOLING_HEAT_01,19.2749
2024-01-15T13:12:00,PRIMARY_PRES_01,155.2059
2024-01-15T13:12:00,PRIMARY_TEMP_01,297.7325
2024-01-15T13:12:00,PRIMARY_FLOW_01,608.9294
2024-01-15T13:12:00,PRIMARY_LEVEL_01,50.6128
2024-01-15T13:13:00,COOLING_TEMP_01,70.3011
2024-01-15T13:13:00,COOLING_PRES_01,9.9106
2024-01-15T13:13:00,COOLING_FLOW_01,245.8344
2024-01-15T13:13:00,PRIMARY_PRES_01,155.0298
2024-01-15T13:13:00,PRIMARY_TEMP_01,299.7961
2024-01-15T13:13:00,PRIMARY_FLOW_01,606.6862
2024-01-15T13:14:00,COOLING_TEMP_01,70.6137
2024-01-15T13:14:00,COOLING_PRES_01,10.1335
2024-01-15T13:14:00,COOLING_FLOW_01,255.4838
2024-01-15T13:14:00,COOLING_HEAT_01,19.956
2024-01-15T13:14:00,PRIMARY_PRES_01,155.143
2024-01-15T13:14:00,PRIMARY_TEMP_01,298.9952
2024-01-15T13:14:00,PRIMARY_FLOW_01,608.6833
2024-01-15T13:14:00,PRIMARY_LEVEL_01,49.8871
2024-01-15T13:15:00,COOLING_TEMP_01,70.1598
2024-01-15T13:15:00,COOLING_PRES_01,10.2054
2024-01-15T13:15:00,COOLING_FLOW_01,251.8656
2024-01-15T13:15:00,PRIMARY_PRES_01,155.0293
2024-01-15T13:15:00,PRIMARY_TEMP_01,298.2807
2024-01-15T13:15:00,PRIMARY_FLOW_01,595.3861
2024-01-15T13:16:00,COOLING_TEMP_01,69.0044
2024-01-15T13:16:00,COOLING_PRES_01,10.0241
2024-01-15T13:16:00,COOLING_FLOW_01,243.6817
2024-01-15T13:16:00,COOLING_HEAT_01,19.4034
2024-01-15T13:16:00,PRIMARY_PRES_01,154.6842
2024-01-15T13:16:00,PRIMARY_TEMP_01,298.1051
2024-01-15T13:16:00,PRIMARY_FLOW_01,609.2659
2024-01-15T13:16:00,PRIMARY_LEVEL_01,50.3446
2024-01-15T13:17:00,COOLING_TEMP_01,70.0875
2024-01-15T13:17:00,COOLING_PRES_01,9.9416
2024-01-15T13:17:00,COOLING_FLOW_01,249.5786
2024-01-15T13:17:00,PRIMARY_PRES_01,155.1693
2024-01-15T13:17:00,PRIMARY_TEMP_01,299.6822
2024-01-15T13:17:00,PRIMARY_FLOW_01,601.3423
2024-01-15T13:18:00,COOLING_TEMP_01,70.2597
2024-01-15T13:18:00,COOLING_PRES_01,9.9903
2024-01-15T13:18:00,COOLING_FLOW_01,256.5664
2024-01-15T13:18:00,COOLING_HEAT_01,19.8497
2024-01-15T13:18:00,PRIMARY_PRES_01,155.2323
2024-01-15T13:18:00,PRIMARY_TEMP_01,298.7659
2024-01-15T13:18:00,PRIMARY_FLOW_01,584.6745
2024-01-15T13:18:00,PRIMARY_LEVEL_01,50.0143
2024-01-15T13:19:00,COOLING_TEMP_01,69.9419
2024-01-15T13:19:00,COOLING_PRES_01,9.9873
2024-01-15T13:19:00,COOLING_FLOW_01,248.5139
2024-01-15T13:19:00,PRIMARY_PRES_01,155.1721
2024-01-15T13:19:00,PRIMARY_TEMP_01,300.3454
2024-01-15T13:19:00,PRIMARY_FLOW_01,597.8866
2024-01-15T13:20:00,COOLING_TEMP_01,69.3239
2024-01-15T13:20:00,COOLING_PRES_01,10.0257
2024-01-15T13:20:00,COOLING_FLOW_01,248.8825
2024-01-15T13:20:00,COOLING_HEAT_01,20.0557
2024-01-15T13:20:00,PRIMARY_PRES_01,154.7038
2024-01-15T13:20:00,PRIMARY_TEMP_01,299.0083
2024-01-15T13:20:00,PRIMARY_FLOW_01,607.6679
2024-01-15T13:20:00,PRIMARY_LEVEL_01,49.1149
2024-01-15T13:21:00,COOLING_TEMP_01,69.2764
2024-01-15T13:21:00,COOLING_PRES_01,9.859
2024-01-15T13:21:00,COOLING_FLOW_01,254.3974
2024-01-15T13:21:00,PRIMARY_PRES_01,154.6574
2024-01-15T13:21:00,PRIMARY_TEMP_01,299.182
2024-01-15T13:21:00,PRIMARY_FLOW_01,591.3877
2024-01-15T13:22:00,COOLING_TEMP_01,69.1326
2024-01-15T13:22:00,COOLING_PRES_01,10.0141
2024-01-15T13:22:00,COOLING_FLOW_01,249.0253
2024-01-15T13:22:00,COOLING_HEAT_01,19.7208
2024-01-15T13:22:00,PRIMARY_PRES_01,154.6245
2024-01-15T13:22:00,PRIMARY_TEMP_01,299.297
2024-01-15T13:22:00,PRIMARY_FLOW_01,599.526
2024-01-15T13:22:00,PRIMARY_LEVEL_01,49.3914
2024-01-15T13:23:00,COOLING_TEMP_01,69.4219
2024-01-15T13:23:00,COOLING_PRES_01,9.8359
2024-01-15T13:23:00,COOLING_FLOW_01,251.9922
2024-01-15T13:23:00,PRIMARY_PRES_01,155.1732
2024-01-15T13:23:00,PRIMARY_TEMP_01,302.2327
2024-01-15T13:23:00,PRIMARY_FLOW_01,603.818
2024-01-15T13:24:00,COOLING_TEMP_01,69.4438
2024-01-15T13:24:00,COOLING_PRES_01,10.0702
2024-01-15T13:24:00,COOLING_FLOW_01,256.4351
2024-01-15T13:24:00,COOLING_HEAT_01,19.7006
2024-01-15T13:24:00,PRIMARY_PRES_01,154.9859
2024-01-15T13:24:00,PRIMARY_TEMP_01,298.2952
2024-01-15T13:24:00,PRIMARY_FLOW_01,597.6372
2024-01-15T13:24:00,PRIMARY_LEVEL_01,49.7256
2024-01-15T13:25:00,COOLING_TEMP_01,70.3389
2024-01-15T13:25:00,COOLING_PRES_01,10.1237
2024-01-15T13:25:00,COOLING_FLOW_01,254.9058
2024-01-15T13:25:00,PRIMARY_PRES_01,155.4465
2024-01-15T13:25:00,PRIMARY_TEMP_01,299.0089
2024-01-15T13:25:00,PRIMARY_FLOW_01,594.2684
2024-01-15T13:26:00,COOLING_TEMP_01,69.5358
2024-01-15T13:26:00,COOLING_PRES_01,10.181
2024-01-15T13:26:00,COOLING_FLOW_01,247.0866
2024-01-15T13:26:00,COOLING_HEAT_01,19.6854
2024-01-15T13:26:00,PRIMARY_PRES_01,155.5258
2024-01-15T13:26:00,PRIMARY_TEMP_01,300.4819
2024-01-15T13:26:00,PRIMARY_FLOW_01,597.356
2024-01-15T13:26:00,PRIMARY_LEVEL_01,48.77
2024-01-15T13:27:00,COOLING_TEMP_01,69.9302
2024-01-15T13:27:00,COOLING_PRES_01,10.044
2024-01-15T13:27:00,COOLING_FLOW_01,250.1578
2024-01-15T13:27:00,PRIMARY_PRES_01,154.9713
2024-01-15T13:27:00,PRIMARY_TEMP_01,300.2485
2024-01-15T13:27:00,PRIMARY_FLOW_01,600.8535
2024-01-15T13:28:00,COOLING_TEMP_01,69.5433
2024-01-15T13:28:00,COOLING_PRES_01,10.0091
2024-01-15T13:28:00,COOLING_FLOW_01,249.2483
2024-01-15T13:28:00,COOLING_HEAT_01,19.8257
2024-01-15T13:28:00,PRIMARY_PRES_01,154.5374
2024-01-15T13:28:00,PRIMARY_TEMP_01,298.5677
2024-01-15T13:28:00,PRIMARY_FLOW_01,594.3361
2024-01-15T13:28:00,PRIMARY_LEVEL_01,49.8706
2024-01-15T13:29:00,COOLING_TEMP_01,70.0123
2024-01-15T13:29:00,COOLING_PRES_01,10.0711
2024-01-15T13:29:00,COOLING_FLOW_01,247.8028
2024-01-15T13:29:00,PRIMARY_PRES_01,155.0679
2024-01-15T13:29:00,PRIMARY_TEMP_01,298.9928
2024-01-15T13:29:00,PRIMARY_FLOW_01,611.8489
2024-01-15T13:30:00,COOLING_TEMP_01,70.8936
2024-01-15T13:30:00,COOLING_PRES_01,10.0162
2024-01-15T13:30:00,COOLING_FLOW_01,250.4826
2024-01-15T13:30:00,COOLING_HEAT_01,19.8146
2024-01-15T13:30:00,PRIMARY_PRES_01,154.1597
2024-01-15T13:30:00,PRIMARY_TEMP_01,300.1256
2024-01-15T13:30:00,PRIMARY_FLOW_01,589.6258
2024-01-15T13:30:00,PRIMARY_LEVEL_01,50.3796
2024-01-15T13:31:00,COOLING_TEMP_01,69.3285
2024-01-15T13:31:00,COOLING_PRES_01,10.137
2024-01-15T13:31:00,COOLING_FLOW_01,248.7339
2024-01-15T13:31:00,PRIMARY_PRES_01,154.5503
2024-01-15T13:31:00,PRIMARY_TEMP_01,298.6573
2024-01-15T13:31:00,PRIMARY_FLOW_01,596.0884
2024-01-15T13:32:00,COOLING_TEMP_01,69.8825
2024-01-15T13:32:00,COOLING_PRES_01,10.1855
2024-01-15T13:32:00,COOLING_FLOW_01,247.9786
2024-01-15T13:32:00,COOLING_HEAT_01,19.8759
2024-01-15T13:32:00,PRIMARY_PRES_01,155.1717
2024-01-15T13:32:00,PRIMARY_TEMP_01,298.6991
2024-01-15T13:32:00,PRIMARY_FLOW_01,610.1384
2024-01-15T13:32:00,PRIMARY_LEVEL_01,50.0389
2024-01-15T13:33:00,COOLING_TEMP_01,70.054
2024-01-15T13:33:00,COOLING_PRES_01,9.8814
2024-01-15T13:33:00,COOLING_FLOW_01,251.6264
2024-01-15T13:33:00,PRIMARY_PRES_01,155.4405
2024-01-15T13:33:00,PRIMARY_TEMP_01,299.0403
2024-01-15T13:33:00,PRIMARY_FLOW_01,604.8754
2024-01-15T13:34:00,COOLING_TEMP_01,68.6774
2024-01-15T13:34:00,COOLING_PRES_01,10.1806
2024-01-15T13:34:00,COOLING_FLOW_01,254.8904
2024-01-15T13:34:00,COOLING_HEAT_01,20.1856
2024-01-15T13:34:00,PRIMARY_PRES_01,154.7952
2024-01-15T13:34:00,PRIMARY_TEMP_01,299.3615
2024-01-15T13:34:00,PRIMARY_FLOW_01,597.6892
2024-01-15T13:34:00,PRIMARY_LEVEL_01,49.353
2024-01-15T13:35:00,COOLING_TEMP_01,69.6625
2024-01-15T13:35:00,COOLING_PRES_01,9.9034
2024-01-15T13:35:00,COOLING_FLOW_01,247.528
2024-01-15T13:35:00,PRIMARY_PRES_01,155.1655
2024-01-15T13:35:00,PRIMARY_TEMP_01,300.9087
2024-01-15T13:35:00,PRIMARY_FLOW_01,592.4057
2024-01-15T13:36:00,COOLING_TEMP_01,69.081
2024-01-15T13:36:00,COOLING_PRES_01,10.1188
2024-01-15T13:36:00,COOLING_FLOW_01,249.6724
2024-01-15T13:36:00,COOLING_HEAT_01,19.7332
2024-01-15T13:36:00,PRIMARY_PRES_01,154.8164
2024-01-15T13:36:00,PRIMARY_TEMP_01,299.5928
2024-01-15T13:36:00,PRIMARY_FLOW_01,607.0921
2024-01-15T13:36:00,PRIMARY_LEVEL_01,49.7076
2024-01-15T13:37:00,COOLING_TEMP_01,70.2905
2024-01-15T13:37:00,COOLING_PRES_01,9.9733
2024-01-15T13:37:00,COOLING_FLOW_01,254.261
2024-01-15T13:37:00,PRIMARY_PRES_01,154.8672
2024-01-15T13:37:00,PRIMARY_TEMP_01,300.0354
2024-01-15T13:37:00,PRIMARY_FLOW_01,594.5265
2024-01-15T13:38:00,COOLING_TEMP_01,70.1387
2024-01-15T13:38:00,COOLING_PRES_01,10.0431
2024-01-15T13:38:00,COOLING_FLOW_01,254.5099
2024-01-15T13:38:00,COOLING_HEAT_01,20.031
2024-01-15T13:38:00,PRIMARY_PRES_01,155.1379
2024-01-15T13:38:00,PRIMARY_TEMP_01,297.8052
2024-01-15T13:38:00,PRIMARY_FLOW_01,600.1786
2024-01-15T13:38:00,PRIMARY_LEVEL_01,49.901
2024-01-15T13:39:00,COOLING_TEMP_01,70.5807
2024-01-15T13:39:00,COOLING_PRES_01,9.8855
2024-01-15T13:39:00,COOLING_FLOW_01,254.7911
2024-01-15T13:39:00,PRIMARY_PRES_01,155.1365
2024-01-15T13:39:00,PRIMARY_TEMP_01,298.8538
2024-01-15T13:39:00,PRIMARY_FLOW_01,601.5606
2024-01-15T13:40:00,COOLING_TEMP_01,68.9785
2024-01-15T13:40:00,COOLING_PRES_01,10.1071
2024-01-15T13:40:00,COOLING_FLOW_01,247.248
2024-01-15T13:40:00,COOLING_HEAT_01,19.7593
2024-01-15T13:40:00,PRIMARY_PRES_01,154.605
2024-01-15T13:40:00,PRIMARY_TEMP_01,300.2815
2024-01-15T13:40:00,PRIMARY_FLOW_01,608.9056
2024-01-15T13:40:00,PRIMARY_LEVEL_01,49.4103
2024-01-15T13:41:00,COOLING_TEMP_01,69.4896
2024-01-15T13:41:00,COOLING_PRES_01,10.0261
2024-01-15T13:41:00,COOLING_FLOW_01,254.7696
2024-01-15T13:41:00,PRIMARY_PRES_01,154.5685
2024-01-15T13:41:00,PRIMARY_TEMP_01,300.6579
2024-01-15T13:41:00,PRIMARY_FLOW_01,590.8579
2024-01-15T13:42:00,COOLING_TEMP_01,69.26
2024-01-15T13:42:00,COOLING_PRES_01,10.0054
2024-01-15T13:42:00,COOLING_FLOW_01,248.0479
2024-01-15T13:42:00,COOLING_HEAT_01,20.0098
2024-01-15T13:42:00,PRIMARY_PRES_01,155.0514
2024-01-15T13:42:00,PRIMARY_TEMP_01,297.8015
2024-01-15T13:42:00,PRIMARY_FLOW_01,588.2745
2024-01-15T13:42:00,PRIMARY_LEVEL_01,50.2833
2024-01-15T13:43:00,COOLING_TEMP_01,70.0628
2024-01-15T13:43:00,COOLING_PRES_01,10.0483
2024-01-15T13:43:00,COOLING_FLOW_01,249.0289
2024-01-15T13:43:00,PRIMARY_PRES_01,154.9803
2024-01-15T13:43:00,PRIMARY_TEMP_01,295.614
2024-01-15T13:43:00,PRIMARY_FLOW_01,604.9797
2024-01-15T13:44:00,COOLING_TEMP_01,69.579
2024-01-15T13:44:00,COOLING_PRES_01,9.8324
2024-01-15T13:44:00,COOLING_FLOW_01,244.3384
2024-01-15T13:44:00,COOLING_HEAT_01,20.0313
2024-01-15T13:44:00,PRIMARY_PRES_01,154.9026
2024-01-15T13:44:00,PRIMARY_TEMP_01,297.6468
2024-01-15T13:44:00,PRIMARY_FLOW_01,597.6683
2024-01-15T13:44:00,PRIMARY_LEVEL_01,50.4046
2024-01-15T13:45:00,COOLING_TEMP_01,69.0563
2024-01-15T13:45:00,COOLING_PRES_01,9.9656
2024-01-15T13:45:00,COOLING_FLOW_01,250.902
2024-01-15T13:45:00,PRIMARY_PRES_01,155.2531
2024-01-15T13:45:00,PRIMARY_TEMP_01,299.4457
2024-01-15T13:45:00,PRIMARY_FLOW_01,601.9107
2024-01-15T13:46:00,COOLING_TEMP_01,69.143
2024-01-15T13:46:00,COOLING_PRES_01,9.8394
2024-01-15T13:46:00,COOLING_FLOW_01,253.2303
2024-01-15T13:46:00,COOLING_HEAT_01,19.5989
2024-01-15T13:46:00,PRIMARY_PRES_01,155.499
2024-01-15T13:46:00,PRIMARY_TEMP_01,300.4553
2024-01-15T13:46:00,PRIMARY_FLOW_01,599.6682
2024-01-15T13:46:00,PRIMARY_LEVEL_01,50.3633
2024-01-15T13:47:00,COOLING_TEMP_01,69.7671
2024-01-15T13:47:00,COOLING_PRES_01,10.0544
2024-01-15T13:47:00,COOLING_FLOW_01,250.3554
2024-01-15T13:47:00,PRIMARY_PRES_01,154.6105
2024-01-15T13:47:00,PRIMARY_TEMP_01,298.7155
2024-01-15T13:47:00,PRIMARY_FLOW_01,601.7213
2024-01-15T13:48:00,COOLING_TEMP_01,69.3628
2024-01-15T13:48:00,COOLING_PRES_01,10.0246
2024-01-15T13:48:00,COOLING_FLOW_01,252.9099
2024-01-15T13:48:00,COOLING_HEAT_01,20.1133
2024-01-15T13:48:00,PRIMARY_PRES_01,154.853
2024-01-15T13:48:00,PRIMARY_TEMP_01,295.6209
2024-01-15T13:48:00,PRIMARY_FLOW_01,602.057
2024-01-15T13:48:00,PRIMARY_LEVEL_01,50.0126
2024-01-15T13:49:00,COOLING_TEMP_01,70.5399
2024-01-15T13:49:00,COOLING_PRES_01,10.1248
2024-01-15T13:49:00,COOLING_FLOW_01,250.3203
2024-01-15T13:49:00,PRIMARY_PRES_01,155.1194
2024-01-15T13:49:00,PRIMARY_TEMP_01,299.4924
2024-01-15T13:49:00,PRIMARY_FLOW_01,601.2545
2024-01-15T13:50:00,COOLING_TEMP_01,70.8015
2024-01-15T13:50:00,COOLING_PRES_01,9.9993
2024-01-15T13:50:00,COOLING_FLOW_01,250.9581
2024-01-15T13:50:00,COOLING_HEAT_01,20.0366
2024-01-15T13:50:00,PRIMARY_PRES_01,155.4384
2024-01-15T13:50:00,PRIMARY_TEMP_01,300.834
2024-01-15T13:50:00,PRIMARY_FLOW_01,598.5201
2024-01-15T13:50:00,PRIMARY_LEVEL_01,51.0217
2024-01-15T13:51:00,COOLING_TEMP_01,69.7339
2024-01-15T13:51:00,COOLING_PRES_01,9.9459
2024-01-15T13:51:00,COOLING_FLOW_01,246.0997
2024-01-15T13:51:00,PRIMARY_PRES_01,155.6762
2024-01-15T13:51:00,PRIMARY_TEMP_01,298.4048
2024-01-15T13:51:00,PRIMARY_FLOW_01,596.5906
2024-01-15T13:52:00,COOLING_TEMP_01,69.3914
2024-01-15T13:52:00,COOLING_PRES_01,9.9422
2024-01-15T13:52:00,COOLING_FLOW_01,253.3859
2024-01-15T13:52:00,COOLING_HEAT_01,19.8761
2024-01-15T13:52:00,PRIMARY_PRES_01,154.7956
2024-01-15T13:52:00,PRIMARY_TEMP_01,298.4348
2024-01-15T13:52:00,PRIMARY_FLOW_01,598.4596
2024-01-15T13:52:00,PRIMARY_LEVEL_01,50.8278
2024-01-15T13:53:00,COOLING_TEMP_01,69.2708
2024-01-15T13:53:00,COOLING_PRES_01,9.9555
2024-01-15T13:53:00,COOLING_FLOW_01,246.9049
2024-01-15T13:53:00,PRIMARY_PRES_01,155.4652
2024-01-15T13:53:00,PRIMARY_TEMP_01,299.6468
2024-01-15T13:53:00,PRIMARY_FLOW_01,599.2556
2024-01-15T13:54:00,COOLING_TEMP_01,69.2189
2024-01-15T13:54:00,COOLING_PRES_01,9.981
2024-01-15T13:54:00,COOLING_FLOW_01,251.8041
2024-01-15T13:54:00,COOLING_HEAT_01,20.2174
2024-01-15T13:54:00,PRIMARY_PRES_01,155.3008
2024-01-15T13:54:00,PRIMARY_TEMP_01,296.7781
2024-01-15T13:54:00,PRIMARY_FLOW_01,598.5417
2024-01-15T13:54:00,PRIMARY_LEVEL_01,49.394
2024-01-15T13:55:00,COOLING_TEMP_01,69.4542
2024-01-15T13:55:00,COOLING_PRES_01,9.9535
2024-01-15T13:55:00,COOLING_FLOW_01,249.9263
2024-01-15T13:55:00,PRIMARY_PRES_01,155.3319
2024-01-15T13:55:00,PRIMARY_TEMP_01,298.8694
2024-01-15T13:55:00,PRIMARY_FLOW_01,595.5003
2024-01-15T13:56:00,COOLING_TEMP_01,69.2189
2024-01-15T13:56:00,COOLING_PRES_01,9.9188
2024-01-15T13:56:00,COOLING_FLOW_01,253.297
2024-01-15T13:56:00,COOLING_HEAT_01,19.8422
2024-01-15T13:56:00,PRIMARY_PRES_01,155.202
2024-01-15T13:56:00,PRIMARY_TEMP_01,300.5466
2024-01-15T13:56:00,PRIMARY_FLOW_01,594.7196
2024-01-15T13:56:00,PRIMARY_LEVEL_01,49.3947
2024-01-15T13:57:00,COOLING_TEMP_01,69.8304
2024-01-15T13:57:00,COOLING_PRES_01,9.5111
2024-01-15T13:57:00,COOLING_FLOW_01,249.9193
2024-01-15T13:57:00,PRIMARY_PRES_01,154.9632
2024-01-15T13:57:00,PRIMARY_TEMP_01,297.9609
2024-01-15T13:57:00,PRIMARY_FLOW_01,608.4947
2024-01-15T13:58:00,COOLING_TEMP_01,70.1579
2024-01-15T13:58:00,COOLING_PRES_01,9.9445
2024-01-15T13:58:00,COOLING_FLOW_01,251.5878
2024-01-15T13:58:00,COOLING_HEAT_01,19.7583
2024-01-15T13:58:00,PRIMARY_PRES_01,155.5492
2024-01-15T13:58:00,PRIMARY_TEMP_01,300.179
2024-01-15T13:58:00,PRIMARY_FLOW_01,601.5734
2024-01-15T13:58:00,PRIMARY_LEVEL_01,50.0492
2024-01-15T13:59:00,COOLING_TEMP_01,69.364
2024-01-15T13:59:00,COOLING_PRES_01,10.1052
2024-01-15T13:59:00,COOLING_FLOW_01,247.7393
2024-01-15T13:59:00,PRIMARY_PRES_01,154.9695
2024-01-15T13:59:00,PRIMARY_TEMP_01,298.3526
2024-01-15T13:59:00,PRIMARY_FLOW_01,593.333
2024-01-15T14:00:00,COOLING_TEMP_01,69.7675
2024-01-15T14:00:00,COOLING_PRES_01,10.0342
2024-01-15T14:00:00,COOLING_FLOW_01,244.9335
2024-01-15T14:00:00,COOLING_HEAT_01,19.6947
2024-01-15T14:00:00,PRIMARY_PRES_01,154.9925
2024-01-15T14:00:00,PRIMARY_TEMP_01,297.7744
2024-01-15T14:00:00,PRIMARY_FLOW_01,608.8008
2024-01-15T14:00:00,PRIMARY_LEVEL_01,49.5547
2024-01-15T14:01:00,COOLING_TEMP_01,70.3383
2024-01-15T14:01:00,COOLING_PRES_01,10.21
2024-01-15T14:01:00,COOLING_FLOW_01,252.4803
2024-01-15T14:01:00,PRIMARY_PRES_01,155.0661
2024-01-15T14:01:00,PRIMARY_TEMP_01,299.1551
2024-01-15T14:01:00,PRIMARY_FLOW_01,615.06
2024-01-15T14:02:00,COOLING_TEMP_01,70.0159
2024-01-15T14:02:00,COOLING_PRES_01,9.987
2024-01-15T14:02:00,COOLING_FLOW_01,253.417
2024-01-15T14:02:00,COOLING_HEAT_01,19.3155
2024-01-15T14:02:00,PRIMARY_PRES_01,155.2778
2024-01-15T14:02:00,PRIMARY_TEMP_01,298.8232
2024-01-15T14:02:00,PRIMARY_FLOW_01,597.4552
2024-01-15T14:02:00,PRIMARY_LEVEL_01,49.7359
2024-01-15T14:03:00,COOLING_TEMP_01,69.8164
2024-01-15T14:03:00,COOLING_PRES_01,10.0814
2024-01-15T14:03:00,COOLING_FLOW_01,253.014
2024-01-15T14:03:00,PRIMARY_PRES_01,154.8494
2024-01-15T14:03:00,PRIMARY_TEMP_01,299.05
2024-01-15T14:03:00,PRIMARY_FLOW_01,592.3619
2024-01-15T14:04:00,COOLING_TEMP_01,70.0097
2024-01-15T14:04:00,COOLING_PRES_01,9.9283
2024-01-15T14:04:00,COOLING_FLOW_01,250.336
2024-01-15T14:04:00,COOLING_HEAT_01,19.7845
2024-01-15T14:04:00,PRIMARY_PRES_01,155.3078
2024-01-15T14:04:00,PRIMARY_TEMP_01,298.3215
2024-01-15T14:04:00,PRIMARY_FLOW_01,588.4421
2024-01-15T14:04:00,PRIMARY_LEVEL_01,51.505
2024-01-15T14:05:00,COOLING_TEMP_01,69.1572
2024-01-15T14:05:00,COOLING_PRES_01,9.7228
2024-01-15T14:05:00,COOLING_FLOW_01,249.9128
2024-01-15T14:05:00,PRIMARY_PRES_01,154.389
2024-01-15T14:05:00,PRIMARY_TEMP_01,301.185
2024-01-15T14:05:00,PRIMARY_FLOW_01,600.6107
2024-01-15T14:06:00,COOLING_TEMP_01,69.8151
2024-01-15T14:06:00,COOLING_PRES_01,9.8132
2024-01-15T14:06:00,COOLING_FLOW_01,253.0085
2024-01-15T14:06:00,COOLING_HEAT_01,19.8073
2024-01-15T14:06:00,PRIMARY_PRES_01,155.2653
2024-01-15T14:06:00,PRIMARY_TEMP_01,298.4786
2024-01-15T14:06:00,PRIMARY_FLOW_01,595.0345
2024-01-15T14:06:00,PRIMARY_LEVEL_01,49.8554
2024-01-15T14:07:00,COOLING_TEMP_01,68.9607
2024-01-15T14:07:00,COOLING_PRES_01,9.9519
2024-01-15T14:07:00,COOLING_FLOW_01,250.9954
2024-01-15T14:07:00,PRIMARY_PRES_01,154.9646
2024-01-15T14:07:00,PRIMARY_TEMP_01,299.6946
2024-01-15T14:07:00,PRIMARY_FLOW_01,597.6603
2024-01-15T14:08:00,COOLING_TEMP_01,69.2828
2024-01-15T14:08:00,COOLING_PRES_01,10.0216
2024-01-15T14:08:00,COOLING_FLOW_01,255.5218
2024-01-15T14:08:00,COOLING_HEAT_01,19.9715
2024-01-15T14:08:00,PRIMARY_PRES_01,155.0834
2024-01-15T14:08:00,PRIMARY_TEMP_01,300.4279
2024-01-15T14:08:00,PRIMARY_FLOW_01,601.1698
2024-01-15T14:08:00,PRIMARY_LEVEL_01,50.8231
2024-01-15T14:09:00,COOLING_TEMP_01,69.335
2024-01-15T14:09:00,COOLING_PRES_01,9.9551
2024-01-15T14:09:00,COOLING_FLOW_01,248.9036
2024-01-15T14:09:00,PRIMARY_PRES_01,154.1071
2024-01-15T14:09:00,PRIMARY_TEMP_01,298.0809
2024-01-15T14:09:00,PRIMARY_FLOW_01,615.7417
2024-01-15T14:10:00,COOLING_TEMP_01,69.6494
2024-01-15T14:10:00,COOLING_PRES_01,10.0701
2024-01-15T14:10:00,COOLING_FLOW_01,252.5702
2024-01-15T14:10:00,COOLING_HEAT_01,19.6675
2024-01-15T14:10:00,PRIMARY_PRES_01,154.6975
2024-01-15T14:10:00,PRIMARY_TEMP_01,299.461
2024-01-15T14:10:00,PRIMARY_FLOW_01,597.6468
2024-01-15T14:10:00,PRIMARY_LEVEL_01,51.0715
2024-01-15T14:11:00,COOLING_TEMP_01,69.4085
2024-01-15T14:11:00,COOLING_PRES_01,10.1275
2024-01-15T14:11:00,COOLING_FLOW_01,248.2774
2024-01-15T14:11:00,PRIMARY_PRES_01,154.6348
2024-01-15T14:11:00,PRIMARY_TEMP_01,298.3522
2024-01-15T14:11:00,PRIMARY_FLOW_01,601.998
2024-01-15T14:12:00,COOLING_TEMP_01,70.2698
2024-01-15T14:12:00,COOLING_PRES_01,10.0467
2024-01-15T14:12:00,COOLING_FLOW_01,248.615
2024-01-15T14:12:00,COOLING_HEAT_01,19.5824
2024-01-15T14:12:00,PRIMARY_PRES_01,155.4448
2024-01-15T14:12:00,PRIMARY_TEMP_01,298.9933
2024-01-15T14:12:00,PRIMARY_FLOW_01,600.4868
2024-01-15T14:12:00,PRIMARY_LEVEL_01,49.4731
2024-01-15T14:13:00,COOLING_TEMP_01,69.8618
2024-01-15T14:13:00,COOLING_PRES_01,9.9103
2024-01-15T14:13:00,COOLING_FLOW_01,248.9538
2024-01-15T14:13:00,PRIMARY_PRES_01,155.0461
2024-01-15T14:13:00,PRIMARY_TEMP_01,301.3666
2024-01-15T14:13:00,PRIMARY_FLOW_01,600.6202
2024-01-15T14:14:00,COOLING_TEMP_01,69.0894
2024-01-15T14:14:00,COOLING_PRES_01,9.9037
2024-01-15T14:14:00,COOLING_FLOW_01,252.3836
2024-01-15T14:14:00,COOLING_HEAT_01,19.8906
2024-01-15T14:14:00,PRIMARY_PRES_01,154.7968
2024-01-15T14:14:00,PRIMARY_TEMP_01,297.411
2024-01-15T14:14:00,PRIMARY_FLOW_01,598.7334
2024-01-15T14:14:00,PRIMARY_LEVEL_01,49.7144
2024-01-15T14:15:00,COOLING_TEMP_01,69.5271
2024-01-15T14:15:00,COOLING_PRES_01,10.0142
2024-01-15T14:15:00,COOLING_FLOW_01,248.6759
2024-01-15T14:15:00,PRIMARY_PRES_01,155.5039
2024-01-15T14:15:00,PRIMARY_TEMP_01,299.5206
2024-01-15T14:15:00,PRIMARY_FLOW_01,585.4661
2024-01-15T14:16:00,COOLING_TEMP_01,69.1956
2024-01-15T14:16:00,COOLING_PRES_01,10.1333
2024-01-15T14:16:00,COOLING_FLOW_01,247.5666
2024-01-15T14:16:00,COOLING_HEAT_01,19.9364
2024-01-15T14:16:00,PRIMARY_PRES_01,154.9097
2024-01-15T14:16:00,PRIMARY_TEMP_01,297.0178
2024-01-15T14:16:00,PRIMARY_FLOW_01,604.4847
2024-01-15T14:16:00,PRIMARY_LEVEL_01,49.9413
2024-01-15T14:17:00,COOLING_TEMP_01,70.5476
2024-01-15T14:17:00,COOLING_PRES_01,10.0384
2024-01-15T14:17:00,COOLING_FLOW_01,251.6235
2024-01-15T14:17:00,PRIMARY_PRES_01,154.644
2024-01-15T14:17:00,PRIMARY_TEMP_01,298.8908
2024-01-15T14:17:00,PRIMARY_FLOW_01,599.5881
2024-01-15T14:18:00,COOLING_TEMP_01,69.5613
2024-01-15T14:18:00,COOLING_PRES_01,9.9731
2024-01-15T14:18:00,COOLING_FLOW_01,243.1872
2024-01-15T14:18:00,COOLING_HEAT_01,19.0996
2024-01-15T14:18:00,PRIMARY_PRES_01,155.1005
2024-01-15T14:18:00,PRIMARY_TEMP_01,297.9629
2024-01-15T14:18:00,PRIMARY_FLOW_01,597.1317
2024-01-15T14:18:00,PRIMARY_LEVEL_01,51.0728
2024-01-15T14:19:00,COOLING_TEMP_01,70.0036
2024-01-15T14:19:00,COOLING_PRES_01,9.9255
2024-01-15T14:19:00,COOLING_FLOW_01,252.0002
2024-01-15T14:19:00,PRIMARY_PRES_01,154.5878
2024-01-15T14:19:00,PRIMARY_TEMP_01,298.2025
2024-01-15T14:19:00,PRIMARY_FLOW_01,600.0615
2024-01-15T14:20:00,COOLING_TEMP_01,70.1291
2024-01-15T14:20:00,COOLING_PRES_01,9.7431
2024-01-15T14:20:00,COOLING_FLOW_01,253.6225
2024-01-15T14:20:00,COOLING_HEAT_01,19.9826
2024-01-15T14:20:00,PRIMARY_PRES_01,154.8135
2024-01-15T14:20:00,PRIMARY_TEMP_01,298.3068
2024-01-15T14:20:00,PRIMARY_FLOW_01,605.1486
2024-01-15T14:20:00,PRIMARY_LEVEL_01,49.5986
2024-01-15T14:21:00,COOLING_TEMP_01,69.9518
2024-01-15T14:21:00,COOLING_PRES_01,10.0755
2024-01-15T14:21:00,COOLING_FLOW_01,248.7411
2024-01-15T14:21:00,PRIMARY_PRES_01,154.9889
2024-01-15T14:21:00,PRIMARY_TEMP_01,300.9458
2024-01-15T14:21:00,PRIMARY_FLOW_01,613.9701
2024-01-15T14:22:00,COOLING_TEMP_01,69.383
2024-01-15T14:22:00,COOLING_PRES_01,10.0961
2024-01-15T14:22:00,COOLING_FLOW_01,249.2373
2024-01-15T14:22:00,COOLING_HEAT_01,19.8101
2024-01-15T14:22:00,PRIMARY_PRES_01,154.9684
2024-01-15T14:22:00,PRIMARY_TEMP_01,298.2588
2024-01-15T14:22:00,PRIMARY_FLOW_01,603.1458
2024-01-15T14:22:00,PRIMARY_LEVEL_01,49.3257
2024-01-15T14:23:00,COOLING_TEMP_01,70.1912
2024-01-15T14:23:00,COOLING_PRES_01,10.1261
2024-01-15T14:23:00,COOLING_FLOW_01,255.5182
2024-01-15T14:23:00,PRIMARY_PRES_01,154.5377
2024-01-15T14:23:00,PRIMARY_TEMP_01,299.2401
2024-01-15T14:23:00,PRIMARY_FLOW_01,601.3964
2024-01-15T14:24:00,COOLING_TEMP_01,68.5274
2024-01-15T14:24:00,COOLING_PRES_01,10.0212
2024-01-15T14:24:00,COOLING_FLOW_01,253.3878
2024-01-15T14:24:00,COOLING_HEAT_01,19.4705
2024-01-15T14:24:00,PRIMARY_PRES_01,155.0122
2024-01-15T14:24:00,PRIMARY_TEMP_01,299.0733
2024-01-15T14:24:00,PRIMARY_FLOW_01,594.1514
2024-01-15T14:24:00,PRIMARY_LEVEL_01,49.3674
2024-01-15T14:25:00,COOLING_TEMP_01,69.2502
2024-01-15T14:25:00,COOLING_PRES_01,9.9853
2024-01-15T14:25:00,COOLING_FLOW_01,254.8855
2024-01-15T14:25:00,PRIMARY_PRES_01,154.8755
2024-01-15T14:25:00,PRIMARY_TEMP_01,299.0887
2024-01-15T14:25:00,PRIMARY_FLOW_01,607.3107
2024-01-15T14:26:00,COOLING_TEMP_01,68.3315
2024-01-15T14:26:00,COOLING_PRES_01,9.9356
2024-01-15T14:26:00,COOLING_FLOW_01,250.9753
2024-01-15T14:26:00,COOLING_HEAT_01,19.7615
2024-01-15T14:26:00,PRIMARY_PRES_01,155.6132
2024-01-15T14:26:00,PRIMARY_TEMP_01,300.0645
2024-01-15T14:26:00,PRIMARY_FLOW_01,603.8043
2024-01-15T14:26:00,PRIMARY_LEVEL_01,50.881
2024-01-15T14:27:00,COOLING_TEMP_01,68.4633
2024-01-15T14:27:00,COOLING_PRES_01,10.2002
2024-01-15T14:27:00,COOLING_FLOW_01,248.9977
2024-01-15T14:27:00,PRIMARY_PRES_01,155.6272
2024-01-15T14:27:00,PRIMARY_TEMP_01,299.8354
2024-01-15T14:27:00,PRIMARY_FLOW_01,592.3973
2024-01-15T14:28:00,COOLING_TEMP_01,69.6956
2024-01-15T14:28:00,COOLING_PRES_01,9.8474
2024-01-15T14:28:00,COOLING_FLOW_01,249.5437
2024-01-15T14:28:00,COOLING_HEAT_01,19.5715
2024-01-15T14:28:00,PRIMARY_PRES_01,155.4639
2024-01-15T14:28:00,PRIMARY_TEMP_01,299.817
2024-01-15T14:28:00,PRIMARY_FLOW_01,590.298
2024-01-15T14:28:00,PRIMARY_LEVEL_01,49.4442
2024-01-15T14:29:00,COOLING_TEMP_01,68.8712
2024-01-15T14:29:00,COOLING_PRES_01,10.0502
2024-01-15T14:29:00,COOLING_FLOW_01,247.6916
2024-01-15T14:29:00,PRIMARY_PRES_01,154.8963
2024-01-15T14:29:00,PRIMARY_TEMP_01,301.0602
2024-01-15T14:29:00,PRIMARY_FLOW_01,601.9013
2024-01-15T14:30:00,COOLING_TEMP_01,68.7814
2024-01-15T14:30:00,COOLING_PRES_01,10.1124
2024-01-15T14:30:00,COOLING_FLOW_01,248.1893
2024-01-15T14:30:00,COOLING_HEAT_01,19.6872
2024-01-15T14:30:00,PRIMARY_PRES_01,154.6805
2024-01-15T14:30:00,PRIMARY_TEMP_01,298.2467
2024-01-15T14:30:00,PRIMARY_FLOW_01,611.9043
2024-01-15T14:30:00,PRIMARY_LEVEL_01,49.9657
2024-01-15T14:31:00,COOLING_TEMP_01,69.7146
2024-01-15T14:31:00,COOLING_PRES_01,10.327
2024-01-15T14:31:00,COOLING_FLOW_01,251.5283
2024-01-15T14:31:00,PRIMARY_PRES_01,154.9238
2024-01-15T14:31:00,PRIMARY_TEMP_01,299.1044
2024-01-15T14:31:00,PRIMARY_FLOW_01,598.0463
2024-01-15T14:32:00,COOLING_TEMP_01,68.8678
2024-01-15T14:32:00,COOLING_PRES_01,10.1308
2024-01-15T14:32:00,COOLING_FLOW_01,246.2974
2024-01-15T14:32:00,COOLING_HEAT_01,20.1474
2024-01-15T14:32:00,PRIMARY_PRES_01,154.762
2024-01-15T14:32:00,PRIMARY_TEMP_01,297.52
2024-01-15T14:32:00,PRIMARY_FLOW_01,601.654
2024-01-15T14:32:00,PRIMARY_LEVEL_01,50.2731
2024-01-15T14:33:00,COOLING_TEMP_01,69.1597
2024-01-15T14:33:00,COOLING_PRES_01,10.0026
2024-01-15T14:33:00,COOLING_FLOW_01,249.6057
2024-01-15T14:33:00,PRIMARY_PRES_01,154.8012
2024-01-15T14:33:00,PRIMARY_TEMP_01,297.0131
2024-01-15T14:33:00,PRIMARY_FLOW_01,593.5444
2024-01-15T14:34:00,COOLING_TEMP_01,69.9367
2024-01-15T14:34:00,COOLING_PRES_01,10.001
2024-01-15T14:34:00,COOLING_FLOW_01,245.3002
2024-01-15T14:34:00,COOLING_HEAT_01,19.5001
2024-01-15T14:34:00,PRIMARY_PRES_01,155.0181
2024-01-15T14:34:00,PRIMARY_TEMP_01,298.8897
2024-01-15T14:34:00,PRIMARY_FLOW_01,595.4144
2024-01-15T14:34:00,PRIMARY_LEVEL_01,49.8853
2024-01-15T14:35:00,COOLING_TEMP_01,68.9065
2024-01-15T14:35:00,COOLING_PRES_01,10.0014
2024-01-15T14:35:00,COOLING_FLOW_01,251.3832
2024-01-15T14:35:00,PRIMARY_PRES_01,154.2877
2024-01-15T14:35:00,PRIMARY_TEMP_01,298.7591
2024-01-15T14:35:00,PRIMARY_FLOW_01,589.4462
2024-01-15T14:36:00,COOLING_TEMP_01,68.6853
2024-01-15T14:36:00,COOLING_PRES_01,9.7683
2024-01-15T14:36:00,COOLING_FLOW_01,252.8708
2024-01-15T14:36:00,COOLING_HEAT_01,19.4398
2024-01-15T14:36:00,PRIMARY_PRES_01,155.3228
2024-01-15T14:36:00,PRIMARY_TEMP_01,300.3688
2024-01-15T14:36:00,PRIMARY_FLOW_01,596.2896
2024-01-15T14:36:00,PRIMARY_LEVEL_01,49.9079
2024-01-15T14:37:00,COOLING_TEMP_01,70.583
2024-01-15T14:37:00,COOLING_PRES_01,10.0646
2024-01-15T14:37:00,COOLING_FLOW_01,245.8527
2024-01-15T14:37:00,PRIMARY_PRES_01,154.8375
2024-01-15T14:37:00,PRIMARY_TEMP_01,300.0095
2024-01-15T14:37:00,PRIMARY_FLOW_01,605.2063
2024-01-15T14:38:00,COOLING_TEMP_01,68.3931
2024-01-15T14:38:00,COOLING_PRES_01,10.073
2024-01-15T14:38:00,COOLING_FLOW_01,254.1048
2024-01-15T14:38:00,COOLING_HEAT_01,19.8854
2024-01-15T14:38:00,PRIMARY_PRES_01,155.1142
2024-01-15T14:38:00,PRIMARY_TEMP_01,298.7791
2024-01-15T14:38:00,PRIMARY_FLOW_01,596.6176
2024-01-15T14:38:00,PRIMARY_LEVEL_01,50.9779
2024-01-15T14:39:00,COOLING_TEMP_01,69.2812
2024-01-15T14:39:00,COOLING_PRES_01,9.7935
2024-01-15T14:39:00,COOLING_FLOW_01,251.1719
2024-01-15T14:39:00,PRIMARY_PRES_01,154.6847
2024-01-15T14:39:00,PRIMARY_TEMP_01,298.3944
2024-01-15T14:39:00,PRIMARY_FLOW_01,597.2713
2024-01-15T14:40:00,COOLING_TEMP_01,69.3509
2024-01-15T14:40:00,COOLING_PRES_01,10.1081
2024-01-15T14:40:00,COOLING_FLOW_01,248.5146
2024-01-15T14:40:00,COOLING_HEAT_01,19.8068
2024-01-15T14:40:00,PRIMARY_PRES_01,154.7476
2024-01-15T14:40:00,PRIMARY_TEMP_01,300.4154
2024-01-15T14:40:00,PRIMARY_FLOW_01,597.2679
2024-01-15T14:40:00,PRIMARY_LEVEL_01,49.8976
2024-01-15T14:41:00,COOLING_TEMP_01,69.1964
2024-01-15T14:41:00,COOLING_PRES_01,10.0662
2024-01-15T14:41:00,COOLING_FLOW_01,251.9839
2024-01-15T14:41:00,PRIMARY_PRES_01,155.2535
2024-01-15T14:41:00,PRIMARY_TEMP_01,300.1838
2024-01-15T14:41:00,PRIMARY_FLOW_01,605.708
2024-01-15T14:42:00,COOLING_TEMP_01,69.3717
2024-01-15T14:42:00,COOLING_PRES_01,9.7979
2024-01-15T14:42:00,COOLING_FLOW_01,248.8615
2024-01-15T14:42:00,COOLING_HEAT_01,20.0599
2024-01-15T14:42:00,PRIMARY_PRES_01,154.2897
2024-01-15T14:42:00,PRIMARY_TEMP_01,298.4781
2024-01-15T14:42:00,PRIMARY_FLOW_01,602.1412
2024-01-15T14:42:00,PRIMARY_LEVEL_01,50.6161
2024-01-15T14:43:00,COOLING_TEMP_01,69.2504
2024-01-15T14:43:00,COOLING_PRES_01,9.9412
2024-01-15T14:43:00,COOLING_FLOW_01,253.1498
2024-01-15T14:43:00,PRIMARY_PRES_01,155.4929
2024-01-15T14:43:00,PRIMARY_TEMP_01,299.792
2024-01-15T14:43:00,PRIMARY_FLOW_01,599.0672
2024-01-15T14:44:00,COOLING_TEMP_01,68.9604
2024-01-15T14:44:00,COOLING_PRES_01,9.7364
2024-01-15T14:44:00,COOLING_FLOW_01,253.5315
2024-01-15T14:44:00,COOLING_HEAT_01,19.1583
2024-01-15T14:44:00,PRIMARY_PRES_01,155.3011
2024-01-15T14:44:00,PRIMARY_TEMP_01,299.2405
2024-01-15T14:44:00,PRIMARY_FLOW_01,591.7861
2024-01-15T14:44:00,PRIMARY_LEVEL_01,50.3208
2024-01-15T14:45:00,COOLING_TEMP_01,69.0123
2024-01-15T14:45:00,COOLING_PRES_01,10.1013
2024-01-15T14:45:00,COOLING_FLOW_01,252.7819
2024-01-15T14:45:00,PRIMARY_PRES_01,154.5228
2024-01-15T14:45:00,PRIMARY_TEMP_01,298.8873
2024-01-15T14:45:00,PRIMARY_FLOW_01,594.2367
2024-01-15T14:46:00,COOLING_TEMP_01,69.8187
2024-01-15T14:46:00,COOLING_PRES_01,9.9977
2024-01-15T14:46:00,COOLING_FLOW_01,253.8521
2024-01-15T14:46:00,COOLING_HEAT_01,19.4412
2024-01-15T14:46:00,PRIMARY_PRES_01,154.9073
2024-01-15T14:46:00,PRIMARY_TEMP_01,299.117
2024-01-15T14:46:00,PRIMARY_FLOW_01,610.8743
2024-01-15T14:46:00,PRIMARY_LEVEL_01,48.9199
2024-01-15T14:47:00,COOLING_TEMP_01,70.4181
2024-01-15T14:47:00,COOLING_PRES_01,10.0815
2024-01-15T14:47:00,COOLING_FLOW_01,247.7099
2024-01-15T14:47:00,PRIMARY_PRES_01,155.3601
2024-01-15T14:47:00,PRIMARY_TEMP_01,296.9649
2024-01-15T14:47:00,PRIMARY_FLOW_01,592.2122
2024-01-15T14:48:00,COOLING_TEMP_01,69.5613
2024-01-15T14:48:00,COOLING_PRES_01,9.9979
2024-01-15T14:48:00,COOLING_FLOW_01,249.6372
2024-01-15T14:48:00,COOLING_HEAT_01,19.5764
2024-01-15T14:48:00,PRIMARY_PRES_01,155.1817
2024-01-15T14:48:00,PRIMARY_TEMP_01,300.3974
2024-01-15T14:48:00,PRIMARY_FLOW_01,593.513
2024-01-15T14:48:00,PRIMARY_LEVEL_01,49.9807
2024-01-15T14:49:00,COOLING_TEMP_01,69.2173
2024-01-15T14:49:00,COOLING_PRES_01,9.8712
2024-01-15T14:49:00,COOLING_FLOW_01,249.6072
2024-01-15T14:49:00,PRIMARY_PRES_01,154.2176
2024-01-15T14:49:00,PRIMARY_TEMP_01,299.3392
2024-01-15T14:49:00,PRIMARY_FLOW_01,601.401
2024-01-15T14:50:00,COOLING_TEMP_01,69.1704
2024-01-15T14:50:00,COOLING_PRES_01,10.0871
2024-01-15T14:50:00,COOLING_FLOW_01,253.1146
2024-01-15T14:50:00,COOLING_HEAT_01,19.623
2024-01-15T14:50:00,PRIMARY_PRES_01,155.0776
2024-01-15T14:50:00,PRIMARY_TEMP_01,297.6443
2024-01-15T14:50:00,PRIMARY_FLOW_01,604.8185
2024-01-15T14:50:00,PRIMARY_LEVEL_01,49.5835
2024-01-15T14:51:00,COOLING_TEMP_01,69.5438
2024-01-15T14:51:00,COOLING_PRES_01,9.9502
2024-01-15T14:51:00,COOLING_FLOW_01,245.152
2024-01-15T14:51:00,PRIMARY_PRES_01,154.7392
2024-01-15T14:51:00,PRIMARY_TEMP_01,299.4786
2024-01-15T14:51:00,PRIMARY_FLOW_01,593.8963
2024-01-15T14:52:00,COOLING_TEMP_01,69.0659
2024-01-15T14:52:00,COOLING_PRES_01,10.0896
2024-01-15T14:52:00,COOLING_FLOW_01,247.0307
2024-01-15T14:52:00,COOLING_HEAT_01,19.3536
2024-01-15T14:52:00,PRIMARY_PRES_01,154.9259
2024-01-15T14:52:00,PRIMARY_TEMP_01,297.072
2024-01-15T14:52:00,PRIMARY_FLOW_01,607.076
2024-01-15T14:52:00,PRIMARY_LEVEL_01,49.7136
2024-01-15T14:53:00,COOLING_TEMP_01,69.0201
2024-01-15T14:53:00,COOLING_PRES_01,10.3078
2024-01-15T14:53:00,COOLING_FLOW_01,251.4296
2024-01-15T14:53:00,PRIMARY_PRES_01,154.416
2024-01-15T14:53:00,PRIMARY_TEMP_01,298.0341
2024-01-15T14:53:00,PRIMARY_FLOW_01,599.3098
2024-01-15T14:54:00,COOLING_TEMP_01,70.1158
2024-01-15T14:54:00,COOLING_PRES_01,10.0116
2024-01-15T14:54:00,COOLING_FLOW_01,246.2678
2024-01-15T14:54:00,COOLING_HEAT_01,20.232
2024-01-15T14:54:00,PRIMARY_PRES_01,154.8602
2024-01-15T14:54:00,PRIMARY_TEMP_01,297.853
2024-01-15T14:54:00,PRIMARY_FLOW_01,599.3123
2024-01-15T14:54:00,PRIMARY_LEVEL_01,50.0525
2024-01-15T14:55:00,COOLING_TEMP_01,69.8624
2024-01-15T14:55:00,COOLING_PRES_01,10.1772
2024-01-15T14:55:00,COOLING_FLOW_01,252.0355
2024-01-15T14:55:00,PRIMARY_PRES_01,154.9791
2024-01-15T14:55:00,PRIMARY_TEMP_01,299.1542
2024-01-15T14:55:00,PRIMARY_FLOW_01,593.8749
2024-01-15T14:56:00,COOLING_TEMP_01,70.5826
2024-01-15T14:56:00,COOLING_PRES_01,9.767
2024-01-15T14:56:00,COOLING_FLOW_01,245.7323
2024-01-15T14:56:00,COOLING_HEAT_01,19.1764
2024-01-15T14:56:00,PRIMARY_PRES_01,154.6654
2024-01-15T14:56:00,PRIMARY_TEMP_01,296.0012
2024-01-15T14:56:00,PRIMARY_FLOW_01,601.836
2024-01-15T14:56:00,PRIMARY_LEVEL_01,50.2962
2024-01-15T14:57:00,COOLING_TEMP_01,69.9222
2024-01-15T14:57:00,COOLING_PRES_01,10.0218
2024-01-15T14:57:00,COOLING_FLOW_01,251.7194
2024-01-15T14:57:00,PRIMARY_PRES_01,154.8561
2024-01-15T14:57:00,PRIMARY_TEMP_01,298.9482
2024-01-15T14:57:00,PRIMARY_FLOW_01,596.6168
2024-01-15T14:58:00,COOLING_TEMP_01,69.15
2024-01-15T14:58:00,COOLING_PRES_01,9.783
2024-01-15T14:58:00,COOLING_FLOW_01,252.9497
2024-01-15T14:58:00,COOLING_HEAT_01,19.6601
2024-01-15T14:58:00,PRIMARY_PRES_01,155.1424
2024-01-15T14:58:00,PRIMARY_TEMP_01,297.8119
2024-01-15T14:58:00,PRIMARY_FLOW_01,585.204
2024-01-15T14:58:00,PRIMARY_LEVEL_01,49.7614
2024-01-15T14:59:00,COOLING_TEMP_01,69.1104
2024-01-15T14:59:00,COOLING_PRES_01,10.0368
2024-01-15T14:59:00,COOLING_FLOW_01,250.8845
2024-01-15T14:59:00,PRIMARY_PRES_01,155.0223
2024-01-15T14:59:00,PRIMARY_TEMP_01,297.4895
2024-01-15T14:59:00,PRIMARY_FLOW_01,596.3075
2024-01-15T15:00:00,COOLING_TEMP_01,69.6835
2024-01-15T15:00:00,COOLING_PRES_01,9.9393
2024-01-15T15:00:00,COOLING_FLOW_01,250.4183
2024-01-15T15:00:00,COOLING_HEAT_01,19.3032
2024-01-15T15:00:00,PRIMARY_PRES_01,155.5095
2024-01-15T15:00:00,PRIMARY_TEMP_01,300.3474
2024-01-15T15:00:00,PRIMARY_FLOW_01,607.6747
2024-01-15T15:00:00,PRIMARY_LEVEL_01,50.3399
2024-01-15T15:01:00,COOLING_TEMP_01,69.9379
2024-01-15T15:01:00,COOLING_PRES_01,9.8237
2024-01-15T15:01:00,COOLING_FLOW_01,249.4469
2024-01-15T15:01:00,PRIMARY_PRES_01,155.1522
2024-01-15T15:01:00,PRIMARY_TEMP_01,299.217
2024-01-15T15:01:00,PRIMARY_FLOW_01,578.7792
2024-01-15T15:02:00,COOLING_TEMP_01,68.0967
2024-01-15T15:02:00,COOLING_PRES_01,10.1124
2024-01-15T15:02:00,COOLING_FLOW_01,256.4219
2024-01-15T15:02:00,COOLING_HEAT_01,19.2963
2024-01-15T15:02:00,PRIMARY_PRES_01,154.4382
2024-01-15T15:02:00,PRIMARY_TEMP_01,298.9686
2024-01-15T15:02:00,PRIMARY_FLOW_01,594.1963
2024-01-15T15:02:00,PRIMARY_LEVEL_01,50.4129
2024-01-15T15:03:00,COOLING_TEMP_01,68.5993
2024-01-15T15:03:00,COOLING_PRES_01,10.0619
2024-01-15T15:03:00,COOLING_FLOW_01,249.3619
2024-01-15T15:03:00,PRIMARY_PRES_01,154.9095
2024-01-15T15:03:00,PRIMARY_TEMP_01,299.1137
2024-01-15T15:03:00,PRIMARY_FLOW_01,605.0337
2024-01-15T15:04:00,COOLING_TEMP_01,70.0171
2024-01-15T15:04:00,COOLING_PRES_01,9.99
2024-01-15T15:04:00,COOLING_FLOW_01,254.7583
2024-01-15T15:04:00,COOLING_HEAT_01,19.4354
2024-01-15T15:04:00,PRIMARY_PRES_01,154.665
2024-01-15T15:04:00,PRIMARY_TEMP_01,298.6191
2024-01-15T15:04:00,PRIMARY_FLOW_01,601.7298
2024-01-15T15:04:00,PRIMARY_LEVEL_01,49.8514
2024-01-15T15:05:00,COOLING_TEMP_01,68.3964
2024-01-15T15:05:00,COOLING_PRES_01,9.9953
2024-01-15T15:05:00,COOLING_FLOW_01,252.321
2024-01-15T15:05:00,PRIMARY_PRES_01,154.9607
2024-01-15T15:05:00,PRIMARY_TEMP_01,296.793
2024-01-15T15:05:00,PRIMARY_FLOW_01,601.8898
2024-01-15T15:06:00,COOLING_TEMP_01,68.7118
2024-01-15T15:06:00,COOLING_PRES_01,9.8531
2024-01-15T15:06:00,COOLING_FLOW_01,249.4655
2024-01-15T15:06:00,COOLING_HEAT_01,20.0383
2024-01-15T15:06:00,PRIMARY_PRES_01,155.4003
2024-01-15T15:06:00,PRIMARY_TEMP_01,297.2406
2024-01-15T15:06:00,PRIMARY_FLOW_01,612.2421
2024-01-15T15:06:00,PRIMARY_LEVEL_01,49.1137
2024-01-15T15:07:00,COOLING_TEMP_01,69.3496
2024-01-15T15:07:00,COOLING_PRES_01,10.1072
2024-01-15T15:07:00,COOLING_FLOW_01,254.1876
2024-01-15T15:07:00,PRIMARY_PRES_01,155.0954
2024-01-15T15:07:00,PRIMARY_TEMP_01,298.4048
2024-01-15T15:07:00,PRIMARY_FLOW_01,605.1845
2024-01-15T15:08:00,COOLING_TEMP_01,68.3946
2024-01-15T15:08:00,COOLING_PRES_01,10.0675
2024-01-15T15:08:00,COOLING_FLOW_01,250.0721
2024-01-15T15:08:00,COOLING_HEAT_01,19.1959
2024-01-15T15:08:00,PRIMARY_PRES_01,154.7471
2024-01-15T15:08:00,PRIMARY_TEMP_01,296.9291
2024-01-15T15:08:00,PRIMARY_FLOW_01,612.8449
2024-01-15T15:08:00,PRIMARY_LEVEL_01,51.4019
2024-01-15T15:09:00,COOLING_TEMP_01,68.7858
2024-01-15T15:09:00,COOLING_PRES_01,9.978
2024-01-15T15:09:00,COOLING_FLOW_01,252.6304
2024-01-15T15:09:00,PRIMARY_PRES_01,154.5843
2024-01-15T15:09:00,PRIMARY_TEMP_01,298.2346
2024-01-15T15:09:00,PRIMARY_FLOW_01,605.9036
2024-01-15T15:10:00,COOLING_TEMP_01,69.7046
2024-01-15T15:10:00,COOLING_PRES_01,9.9214
2024-01-15T15:10:00,COOLING_FLOW_01,245.8593
2024-01-15T15:10:00,COOLING_HEAT_01,19.5521
2024-01-15T15:10:00,PRIMARY_PRES_01,155.3519
2024-01-15T15:10:00,PRIMARY_TEMP_01,298.9504
2024-01-15T15:10:00,PRIMARY_FLOW_01,600.5278
2024-01-15T15:10:00,PRIMARY_LEVEL_01,49.9499
2024-01-15T15:11:00,COOLING_TEMP_01,68.8339
2024-01-15T15:11:00,COOLING_PRES_01,10.1548
2024-01-15T15:11:00,COOLING_FLOW_01,247.5629
2024-01-15T15:11:00,PRIMARY_PRES_01,154.9995
2024-01-15T15:11:00,PRIMARY_TEMP_01,297.5497
2024-01-15T15:11:00,PRIMARY_FLOW_01,607.2034
2024-01-15T15:12:00,COOLING_TEMP_01,68.8761
2024-01-15T15:12:00,COOLING_PRES_01,10.1854
2024-01-15T15:12:00,COOLING_FLOW_01,247.6143
2024-01-15T15:12:00,COOLING_HEAT_01,19.3169
2024-01-15T15:12:00,PRIMARY_PRES_01,155.5496
2024-01-15T15:12:00,PRIMARY_TEMP_01,297.4554
2024-01-15T15:12:00,PRIMARY_FLOW_01,597.7199
2024-01-15T15:12:00,PRIMARY_LEVEL_01,50.7937
2024-01-15T15:13:00,COOLING_TEMP_01,69.1881
2024-01-15T15:13:00,COOLING_PRES_01,9.8945
2024-01-15T15:13:00,COOLING_FLOW_01,245.1318
2024-01-15T15:13:00,PRIMARY_PRES_01,155.5965
2024-01-15T15:13:00,PRIMARY_TEMP_01,297.1215
2024-01-15T15:13:00,PRIMARY_FLOW_01,600.8681
2024-01-15T15:14:00,COOLING_TEMP_01,68.0589
2024-01-15T15:14:00,COOLING_PRES_01,9.9681
2024-01-15T15:14:00,COOLING_FLOW_01,251.7612
2024-01-15T15:14:00,COOLING_HEAT_01,19.992
2024-01-15T15:14:00,PRIMARY_PRES_01,155.4449
2024-01-15T15:14:00,PRIMARY_TEMP_01,300.7485
2024-01-15T15:14:00,PRIMARY_FLOW_01,606.1137
2024-01-15T15:14:00,PRIMARY_LEVEL_01,50.7224
2024-01-15T15:15:00,COOLING_TEMP_01,69.3538
2024-01-15T15:15:00,COOLING_PRES_01,9.7946
2024-01-15T15:15:00,COOLING_FLOW_01,250.6908
2024-01-15T15:15:00,PRIMARY_PRES_01,155.2596
2024-01-15T15:15:00,PRIMARY_TEMP_01,300.7352
2024-01-15T15:15:00,PRIMARY_FLOW_01,588.7559
2024-01-15T15:16:00,COOLING_TEMP_01,69.3199
2024-01-15T15:16:00,COOLING_PRES_01,10.0689
2024-01-15T15:16:00,COOLING_FLOW_01,251.1882
2024-01-15T15:16:00,COOLING_HEAT_01,19.4905
2024-01-15T15:16:00,PRIMARY_PRES_01,155.0971
2024-01-15T15:16:00,PRIMARY_TEMP_01,297.4875
2024-01-15T15:16:00,PRIMARY_FLOW_01,588.288
2024-01-15T15:16:00,PRIMARY_LEVEL_01,49.8457
2024-01-15T15:17:00,COOLING_TEMP_01,70.0576
2024-01-15T15:17:00,COOLING_PRES_01,10.0179
2024-01-15T15:17:00,COOLING_FLOW_01,253.0704
2024-01-15T15:17:00,PRIMARY_PRES_01,154.7205
2024-01-15T15:17:00,PRIMARY_TEMP_01,299.3571
2024-01-15T15:17:00,PRIMARY_FLOW_01,597.1709
2024-01-15T15:18:00,COOLING_TEMP_01,69.9722
2024-01-15T15:18:00,COOLING_PRES_01,10.0275
2024-01-15T15:18:00,COOLING_FLOW_01,255.7088
2024-01-15T15:18:00,COOLING_HEAT_01,19.1989
2024-01-15T15:18:00,PRIMARY_PRES_01,154.933
2024-01-15T15:18:00,PRIMARY_TEMP_01,297.5772
2024-01-15T15:18:00,PRIMARY_FLOW_01,601.4533
2024-01-15T15:18:00,PRIMARY_LEVEL_01,50.2518
2024-01-15T15:19:00,COOLING_TEMP_01,69.3473
2024-01-15T15:19:00,COOLING_PRES_01,10.0142
2024-01-15T15:19:00,COOLING_FLOW_01,246.5633
2024-01-15T15:19:00,PRIMARY_PRES_01,154.8422
2024-01-15T15:19:00,PRIMARY_TEMP_01,297.4471
2024-01-15T15:19:00,PRIMARY_FLOW_01,609.7833
2024-01-15T15:20:00,COOLING_TEMP_01,69.2956
2024-01-15T15:20:00,COOLING_PRES_01,9.9673
2024-01-15T15:20:00,COOLING_FLOW_01,248.0767
2024-01-15T15:20:00,COOLING_HEAT_01,19.7649
2024-01-15T15:20:00,PRIMARY_PRES_01,154.7549
2024-01-15T15:20:00,PRIMARY_TEMP_01,297.8552
2024-01-15T15:20:00,PRIMARY_FLOW_01,604.7945
2024-01-15T15:20:00,PRIMARY_LEVEL_01,49.9791
2024-01-15T15:21:00,COOLING_TEMP_01,69.6641
2024-01-15T15:21:00,COOLING_PRES_01,10.0361
2024-01-15T15:21:00,COOLING_FLOW_01,246.977
2024-01-15T15:21:00,PRIMARY_PRES_01,155.2546
2024-01-15T15:21:00,PRIMARY_TEMP_01,298.9981
2024-01-15T15:21:00,PRIMARY_FLOW_01,604.9261
2024-01-15T15:22:00,COOLING_TEMP_01,69.9863
2024-01-15T15:22:00,COOLING_PRES_01,9.9402
2024-01-15T15:22:00,COOLING_FLOW_01,248.0986
2024-01-15T15:22:00,COOLING_HEAT_01,19.4887
2024-01-15T15:22:00,PRIMARY_PRES_01,154.887
2024-01-15T15:22:00,PRIMARY_TEMP_01,296.7244
2024-01-15T15:22:00,PRIMARY_FLOW_01,603.5749
2024-01-15T15:22:00,PRIMARY_LEVEL_01,50.3082
2024-01-15T15:23:00,COOLING_TEMP_01,68.9136
2024-01-15T15:23:00,COOLING_PRES_01,9.8318
2024-01-15T15:23:00,COOLING_FLOW_01,251.5294
2024-01-15T15:23:00,PRIMARY_PRES_01,155.0511
2024-01-15T15:23:00,PRIMARY_TEMP_01,297.5466
2024-01-15T15:23:00,PRIMARY_FLOW_01,590.3244
2024-01-15T15:24:00,COOLING_TEMP_01,69.2728
2024-01-15T15:24:00,COOLING_PRES_01,10.1019
2024-01-15T15:24:00,COOLING_FLOW_01,252.2937
2024-01-15T15:24:00,COOLING_HEAT_01,19.955
2024-01-15T15:24:00,PRIMARY_PRES_01,155.1562
2024-01-15T15:24:00,PRIMARY_TEMP_01,299.5943
2024-01-15T15:24:00,PRIMARY_FLOW_01,598.3581
2024-01-15T15:24:00,PRIMARY_LEVEL_01,49.7725
2024-01-15T15:25:00,COOLING_TEMP_01,69.5427
2024-01-15T15:25:00,COOLING_PRES_01,9.9527
2024-01-15T15:25:00,COOLING_FLOW_01,250.9041
2024-01-15T15:25:00,PRIMARY_PRES_01,155.2025
2024-01-15T15:25:00,PRIMARY_TEMP_01,299.6888
2024-01-15T15:25:00,PRIMARY_FLOW_01,604.9174
2024-01-15T15:26:00,COOLING_TEMP_01,70.5032
2024-01-15T15:26:00,COOLING_PRES_01,10.123
2024-01-15T15:26:00,COOLING_FLOW_01,248.2321
2024-01-15T15:26:00,COOLING_HEAT_01,19.3086
2024-01-15T15:26:00,PRIMARY_PRES_01,155.4212
2024-01-15T15:26:00,PRIMARY_TEMP_01,297.9218
2024-01-15T15:26:00,PRIMARY_FLOW_01,590.7635
2024-01-15T15:26:00,PRIMARY_LEVEL_01,49.8908
2024-01-15T15:27:00,COOLING_TEMP_01,69.1064
2024-01-15T15:27:00,COOLING_PRES_01,10.0511
2024-01-15T15:27:00,COOLING_FLOW_01,248.3433
2024-01-15T15:27:00,PRIMARY_PRES_01,155.7221
2024-01-15T15:27:00,PRIMARY_TEMP_01,298.0386
2024-01-15T15:27:00,PRIMARY_FLOW_01,600.9796
2024-01-15T15:28:00,COOLING_TEMP_01,69.9646
2024-01-15T15:28:00,COOLING_PRES_01,9.99
2024-01-15T15:28:00,COOLING_FLOW_01,250.1198
2024-01-15T15:28:00,COOLING_HEAT_01,19.0197
2024-01-15T15:28:00,PRIMARY_PRES_01,155.0244
2024-01-15T15:28:00,PRIMARY_TEMP_01,299.4082
2024-01-15T15:28:00,PRIMARY_FLOW_01,581.2461
2024-01-15T15:28:00,PRIMARY_LEVEL_01,49.3918
2024-01-15T15:29:00,COOLING_TEMP_01,68.7851
2024-01-15T15:29:00,COOLING_PRES_01,10.0847
2024-01-15T15:29:00,COOLING_FLOW_01,253.422
2024-01-15T15:29:00,PRIMARY_PRES_01,154.6706
2024-01-15T15:29:00,PRIMARY_TEMP_01,297.8337
2024-01-15T15:29:00,PRIMARY_FLOW_01,597.6255
2024-01-15T15:30:00,COOLING_TEMP_01,69.6411
2024-01-15T15:30:00,COOLING_PRES_01,10.1154
2024-01-15T15:30:00,COOLING_FLOW_01,254.1561
2024-01-15T15:30:00,COOLING_HEAT_01,19.538
2024-01-15T15:30:00,PRIMARY_PRES_01,154.9842
2024-01-15T15:30:00,PRIMARY_TEMP_01,297.141
2024-01-15T15:30:00,PRIMARY_FLOW_01,594.7951
2024-01-15T15:30:00,PRIMARY_LEVEL_01,49.9217
2024-01-15T15:31:00,COOLING_TEMP_01,69.3123
2024-01-15T15:31:00,COOLING_PRES_01,9.9915
2024-01-15T15:31:00,COOLING_FLOW_01,252.6245
2024-01-15T15:31:00,PRIMARY_PRES_01,154.4238
2024-01-15T15:31:00,PRIMARY_TEMP_01,297.1429
2024-01-15T15:31:00,PRIMARY_FLOW_01,599.0266
2024-01-15T15:32:00,COOLING_TEMP_01,68.1701
2024-01-15T15:32:00,COOLING_PRES_01,10.0551
2024-01-15T15:32:00,COOLING_FLOW_01,248.1968
2024-01-15T15:32:00,COOLING_HEAT_01,20.1473
2024-01-15T15:32:00,PRIMARY_PRES_01,155.0817
2024-01-15T15:32:00,PRIMARY_TEMP_01,297.5644
2024-01-15T15:32:00,PRIMARY_FLOW_01,597.8468
2024-01-15T15:32:00,PRIMARY_LEVEL_01,49.3895
2024-01-15T15:33:00,COOLING_TEMP_01,69.1463
2024-01-15T15:33:00,COOLING_PRES_01,10.0765
2024-01-15T15:33:00,COOLING_FLOW_01,249.5775
2024-01-15T15:33:00,PRIMARY_PRES_01,155.3767
2024-01-15T15:33:00,PRIMARY_TEMP_01,297.4025
2024-01-15T15:33:00,PRIMARY_FLOW_01,591.5413
2024-01-15T15:34:00,COOLING_TEMP_01,69.3742
2024-01-15T15:34:00,COOLING_PRES_01,10.1068
2024-01-15T15:34:00,COOLING_FLOW_01,249.3882
2024-01-15T15:34:00,COOLING_HEAT_01,19.7997
2024-01-15T15:34:00,PRIMARY_PRES_01,154.7885
2024-01-15T15:34:00,PRIMARY_TEMP_01,297.9226
2024-01-15T15:34:00,PRIMARY_FLOW_01,600.2217
2024-01-15T15:34:00,PRIMARY_LEVEL_01,50.0391
2024-01-15T15:35:00,COOLING_TEMP_01,68.3554
2024-01-15T15:35:00,COOLING_PRES_01,10.1109
2024-01-15T15:35:00,COOLING_FLOW_01,248.0028
2024-01-15T15:35:00,PRIMARY_PRES_01,155.514
2024-01-15T15:35:00,PRIMARY_TEMP_01,299.918
2024-01-15T15:35:00,PRIMARY_FLOW_01,599.6013
2024-01-15T15:36:00,COOLING_TEMP_01,70.186
2024-01-15T15:36:00,COOLING_PRES_01,9.9192
2024-01-15T15:36:00,COOLING_FLOW_01,252.5672
2024-01-15T15:36:00,COOLING_HEAT_01,19.5793
2024-01-15T15:36:00,PRIMARY_PRES_01,155.0877
2024-01-15T15:36:00,PRIMARY_TEMP_01,298.7363
2024-01-15T15:36:00,PRIMARY_FLOW_01,606.0766
2024-01-15T15:36:00,PRIMARY_LEVEL_01,49.9057
2024-01-15T15:37:00,COOLING_TEMP_01,69.4925
2024-01-15T15:37:00,COOLING_PRES_01,10.038
2024-01-15T15:37:00,COOLING_FLOW_01,253.8747
2024-01-15T15:37:00,PRIMARY_PRES_01,154.493
2024-01-15T15:37:00,PRIMARY_TEMP_01,298.4211
2024-01-15T15:37:00,PRIMARY_FLOW_01,614.4196
2024-01-15T15:38:00,COOLING_TEMP_01,68.7868
2024-01-15T15:38:00,COOLING_PRES_01,10.1447
2024-01-15T15:38:00,COOLING_FLOW_01,250.9349
2024-01-15T15:38:00,COOLING_HEAT_01,19.3812
2024-01-15T15:38:00,PRIMARY_PRES_01,155.2195
2024-01-15T15:38:00,PRIMARY_TEMP_01,299.9678
2024-01-15T15:38:00,PRIMARY_FLOW_01,609.9588
2024-01-15T15:38:00,PRIMARY_LEVEL_01,49.7978
2024-01-15T15:39:00,COOLING_TEMP_01,68.8013
2024-01-15T15:39:00,COOLING_PRES_01,10.0238
2024-01-15T15:39:00,COOLING_FLOW_01,247.5929
2024-01-15T15:39:00,PRIMARY_PRES_01,154.8798
2024-01-15T15:39:00,PRIMARY_TEMP_01,298.4178
2024-01-15T15:39:00,PRIMARY_FLOW_01,600.2464
2024-01-15T15:40:00,COOLING_TEMP_01,68.8697
2024-01-15T15:40:00,COOLING_PRES_01,9.8726
2024-01-15T15:40:00,COOLING_FLOW_01,253.3956
2024-01-15T15:40:00,COOLING_HEAT_01,19.5139
2024-01-15T15:40:00,PRIMARY_PRES_01,154.8319
2024-01-15T15:40:00,PRIMARY_TEMP_01,297.3662
2024-01-15T15:40:00,PRIMARY_FLOW_01,601.1671
2024-01-15T15:40:00,PRIMARY_LEVEL_01,50.0065
2024-01-15T15:41:00,COOLING_TEMP_01,69.0677
2024-01-15T15:41:00,COOLING_PRES_01,10.1293
2024-01-15T15:41:00,COOLING_FLOW_01,255.5116
2024-01-15T15:41:00,PRIMARY_PRES_01,155.1075
2024-01-15T15:41:00,PRIMARY_TEMP_01,298.7386
2024-01-15T15:41:00,PRIMARY_FLOW_01,599.4867
2024-01-15T15:42:00,COOLING_TEMP_01,69.0105
2024-01-15T15:42:00,COOLING_PRES_01,10.0441
2024-01-15T15:42:00,COOLING_FLOW_01,246.8032
2024-01-15T15:42:00,COOLING_HEAT_01,19.8516
2024-01-15T15:42:00,PRIMARY_PRES_01,155.4941
2024-01-15T15:42:00,PRIMARY_TEMP_01,298.5985
2024-01-15T15:42:00,PRIMARY_FLOW_01,607.8686
2024-01-15T15:42:00,PRIMARY_LEVEL_01,50.1376
2024-01-15T15:43:00,COOLING_TEMP_01,69.9208
2024-01-15T15:43:00,COOLING_PRES_01,9.8984
2024-01-15T15:43:00,COOLING_FLOW_01,244.1956
2024-01-15T15:43:00,PRIMARY_PRES_01,155.2756
2024-01-15T15:43:00,PRIMARY_TEMP_01,298.5473
2024-01-15T15:43:00,PRIMARY_FLOW_01,592.7149
2024-01-15T15:44:00,COOLING_TEMP_01,69.3285
2024-01-15T15:44:00,COOLING_PRES_01,9.8235
2024-01-15T15:44:00,COOLING_FLOW_01,253.8483
2024-01-15T15:44:00,COOLING_HEAT_01,19.6109
2024-01-15T15:44:00,PRIMARY_PRES_01,155.1932
2024-01-15T15:44:00,PRIMARY_TEMP_01,297.9192
2024-01-15T15:44:00,PRIMARY_FLOW_01,604.3789
2024-01-15T15:44:00,PRIMARY_LEVEL_01,49.608
2024-01-15T15:45:00,COOLING_TEMP_01,68.7355
2024-01-15T15:45:00,COOLING_PRES_01,9.9807
2024-01-15T15:45:00,COOLING_FLOW_01,248.7918
2024-01-15T15:45:00,PRIMARY_PRES_01,154.5565
2024-01-15T15:45:00,PRIMARY_TEMP_01,298.6259
2024-01-15T15:45:00,PRIMARY_FLOW_01,598.6332
2024-01-15T15:46:00,COOLING_TEMP_01,70.0533
2024-01-15T15:46:00,COOLING_PRES_01,9.9105
2024-01-15T15:46:00,COOLING_FLOW_01,255.2973
2024-01-15T15:46:00,COOLING_HEAT_01,19.5669
2024-01-15T15:46:00,PRIMARY_PRES_01,155.2902
2024-01-15T15:46:00,PRIMARY_TEMP_01,299.7192
2024-01-15T15:46:00,PRIMARY_FLOW_01,602.4593
2024-01-15T15:46:00,PRIMARY_LEVEL_01,50.2358
2024-01-15T15:47:00,COOLING_TEMP_01,69.3235
2024-01-15T15:47:00,COOLING_PRES_01,9.8815
2024-01-15T15:47:00,COOLING_FLOW_01,247.4094
2024-01-15T15:47:00,PRIMARY_PRES_01,155.7708
2024-01-15T15:47:00,PRIMARY_TEMP_01,296.8059
2024-01-15T15:47:00,PRIMARY_FLOW_01,592.9806
2024-01-15T15:48:00,COOLING_TEMP_01,68.8368
2024-01-15T15:48:00,COOLING_PRES_01,10.0993
2024-01-15T15:48:00,COOLING_FLOW_01,247.5606
2024-01-15T15:48:00,COOLING_HEAT_01,19.6652
2024-01-15T15:48:00,PRIMARY_PRES_01,155.6539
2024-01-15T15:48:00,PRIMARY_TEMP_01,297.6217
2024-01-15T15:48:00,PRIMARY_FLOW_01,594.1072
2024-01-15T15:48:00,PRIMARY_LEVEL_01,49.7118
2024-01-15T15:49:00,COOLING_TEMP_01,69.6955
2024-01-15T15:49:00,COOLING_PRES_01,10.1534
2024-01-15T15:49:00,COOLING_FLOW_01,247.397
2024-01-15T15:49:00,PRIMARY_PRES_01,155.0737
2024-01-15T15:49:00,PRIMARY_TEMP_01,298.0862
2024-01-15T15:49:00,PRIMARY_FLOW_01,607.5967
2024-01-15T15:50:00,COOLING_TEMP_01,67.9296
2024-01-15T15:50:00,COOLING_PRES_01,9.9968
2024-01-15T15:50:00,COOLING_FLOW_01,250.8224
2024-01-15T15:50:00,COOLING_HEAT_01,19.2909
2024-01-15T15:50:00,PRIMARY_PRES_01,154.6686
2024-01-15T15:50:00,PRIMARY_TEMP_01,296.724
2024-01-15T15:50:00,PRIMARY_FLOW_01,604.2158
2024-01-15T15:50:00,PRIMARY_LEVEL_01,50.0971
2024-01-15T15:51:00,COOLING_TEMP_01,69.3399
2024-01-15T15:51:00,COOLING_PRES_01,10.073
2024-01-15T15:51:00,COOLING_FLOW_01,252.0343
2024-01-15T15:51:00,PRIMARY_PRES_01,154.8416
2024-01-15T15:51:00,PRIMARY_TEMP_01,300.3743
2024-01-15T15:51:00,PRIMARY_FLOW_01,599.672
2024-01-15T15:52:00,COOLING_TEMP_01,68.8469
2024-01-15T15:52:00,COOLING_PRES_01,10.0953
2024-01-15T15:52:00,COOLING_FLOW_01,252.7644
2024-01-15T15:52:00,COOLING_HEAT_01,19.4718
2024-01-15T15:52:00,PRIMARY_PRES_01,155.1122
2024-01-15T15:52:00,PRIMARY_TEMP_01,298.0668
2024-01-15T15:52:00,PRIMARY_FLOW_01,605.4597
2024-01-15T15:52:00,PRIMARY_LEVEL_01,49.3174
2024-01-15T15:53:00,COOLING_TEMP_01,68.3205
2024-01-15T15:53:00,COOLING_PRES_01,10.2481
2024-01-15T15:53:00,COOLING_FLOW_01,248.9978
2024-01-15T15:53:00,PRIMARY_PRES_01,155.0888
2024-01-15T15:53:00,PRIMARY_TEMP_01,298.1615
2024-01-15T15:53:00,PRIMARY_FLOW_01,599.3154
2024-01-15T15:54:00,COOLING_TEMP_01,68.7464
2024-01-15T15:54:00,COOLING_PRES_01,10.1098
2024-01-15T15:54:00,COOLING_FLOW_01,251.508
2024-01-15T15:54:00,COOLING_HEAT_01,19.7232
2024-01-15T15:54:00,PRIMARY_PRES_01,154.5203
2024-01-15T15:54:00,PRIMARY_TEMP_01,297.0142
2024-01-15T15:54:00,PRIMARY_FLOW_01,601.8294
2024-01-15T15:54:00,PRIMARY_LEVEL_01,50.1463
2024-01-15T15:55:00,COOLING_TEMP_01,68.7466
2024-01-15T15:55:00,COOLING_PRES_01,10.0025
2024-01-15T15:55:00,COOLING_FLOW_01,248.0452
2024-01-15T15:55:00,PRIMARY_PRES_01,155.1718
2024-01-15T15:55:00,PRIMARY_TEMP_01,299.0773
2024-01-15T15:55:00,PRIMARY_FLOW_01,607.5628
2024-01-15T15:56:00,COOLING_TEMP_01,69.9264
2024-01-15T15:56:00,COOLING_PRES_01,9.9741
2024-01-15T15:56:00,COOLING_FLOW_01,254.619
2024-01-15T15:56:00,COOLING_HEAT_01,19.4618
2024-01-15T15:56:00,PRIMARY_PRES_01,154.9734
2024-01-15T15:56:00,PRIMARY_TEMP_01,296.4158
2024-01-15T15:56:00,PRIMARY_FLOW_01,603.0098
2024-01-15T15:56:00,PRIMARY_LEVEL_01,49.6471
2024-01-15T15:57:00,COOLING_TEMP_01,69.3089
2024-01-15T15:57:00,COOLING_PRES_01,10.1334
2024-01-15T15:57:00,COOLING_FLOW_01,248.8943
2024-01-15T15:57:00,PRIMARY_PRES_01,154.792
2024-01-15T15:57:00,PRIMARY_TEMP_01,298.613
2024-01-15T15:57:00,PRIMARY_FLOW_01,593.9204
2024-01-15T15:58:00,COOLING_TEMP_01,69.7903
2024-01-15T15:58:00,COOLING_PRES_01,10.0191
2024-01-15T15:58:00,COOLING_FLOW_01,249.2896
2024-01-15T15:58:00,COOLING_HEAT_01,19.4254
2024-01-15T15:58:00,PRIMARY_PRES_01,156.1655
2024-01-15T15:58:00,PRIMARY_TEMP_01,298.8717
2024-01-15T15:58:00,PRIMARY_FLOW_01,605.9293
2024-01-15T15:58:00,PRIMARY_LEVEL_01,51.0328
2024-01-15T15:59:00,COOLING_TEMP_01,68.8013
2024-01-15T15:59:00,COOLING_PRES_01,10.2254
2024-01-15T15:59:00,COOLING_FLOW_01,254.3414
2024-01-15T15:59:00,PRIMARY_PRES_01,155.5525
2024-01-15T15:59:00,PRIMARY_TEMP_01,299.2475
2024-01-15T15:59:00,PRIMARY_FLOW_01,596.6262
2024-01-15T16:00:00,COOLING_TEMP_01,68.5812
2024-01-15T16:00:00,COOLING_PRES_01,10.1211
2024-01-15T16:00:00,COOLING_FLOW_01,251.1678
2024-01-15T16:00:00,COOLING_HEAT_01,19.7001
2024-01-15T16:00:00,PRIMARY_PRES_01,154.8052
2024-01-15T16:00:00,PRIMARY_TEMP_01,300.6863
2024-01-15T16:00:00,PRIMARY_FLOW_01,604.3822
2024-01-15T16:00:00,PRIMARY_LEVEL_01,50.0984
2024-01-15T16:01:00,COOLING_TEMP_01,69.4969
2024-01-15T16:01:00,COOLING_PRES_01,9.9071
2024-01-15T16:01:00,COOLING_FLOW_01,253.1834
2024-01-15T16:01:00,PRIMARY_PRES_01,155.0104
2024-01-15T16:01:00,PRIMARY_TEMP_01,296.889
2024-01-15T16:01:00,PRIMARY_FLOW_01,598.5828
2024-01-15T16:02:00,COOLING_TEMP_01,68.6264
2024-01-15T16:02:00,COOLING_PRES_01,10.1068
2024-01-15T16:02:00,COOLING_FLOW_01,256.8661
2024-01-15T16:02:00,COOLING_HEAT_01,19.7946
2024-01-15T16:02:00,PRIMARY_PRES_01,154.9731
2024-01-15T16:02:00,PRIMARY_TEMP_01,299.5988
2024-01-15T16:02:00,PRIMARY_FLOW_01,593.292
2024-01-15T16:02:00,PRIMARY_LEVEL_01,49.4576
2024-01-15T16:03:00,COOLING_TEMP_01,69.5512
2024-01-15T16:03:00,COOLING_PRES_01,10.0937
2024-01-15T16:03:00,COOLING_FLOW_01,250.655
2024-01-15T16:03:00,PRIMARY_PRES_01,155.0476
2024-01-15T16:03:00,PRIMARY_TEMP_01,297.7767
2024-01-15T16:03:00,PRIMARY_FLOW_01,609.3789
2024-01-15T16:04:00,COOLING_TEMP_01,69.015
2024-01-15T16:04:00,COOLING_PRES_01,9.8387
2024-01-15T16:04:00,COOLING_FLOW_01,257.2701
2024-01-15T16:04:00,COOLING_HEAT_01,19.5708
2024-01-15T16:04:00,PRIMARY_PRES_01,155.1501
2024-01-15T16:04:00,PRIMARY_TEMP_01,298.3394
2024-01-15T16:04:00,PRIMARY_FLOW_01,609.0597
2024-01-15T16:04:00,PRIMARY_LEVEL_01,49.2815
2024-01-15T16:05:00,COOLING_TEMP_01,68.8139
2024-01-15T16:05:00,COOLING_PRES_01,9.947
2024-01-15T16:05:00,COOLING_FLOW_01,256.5388
2024-01-15T16:05:00,PRIMARY_PRES_01,154.4111
2024-01-15T16:05:00,PRIMARY_TEMP_01,299.6475
2024-01-15T16:05:00,PRIMARY_FLOW_01,594.3408
2024-01-15T16:06:00,COOLING_TEMP_01,68.9896
2024-01-15T16:06:00,COOLING_PRES_01,9.9512
2024-01-15T16:06:00,COOLING_FLOW_01,253.946
2024-01-15T16:06:00,COOLING_HEAT_01,19.274
2024-01-15T16:06:00,PRIMARY_PRES_01,155.1483
2024-01-15T16:06:00,PRIMARY_TEMP_01,298.6795
2024-01-15T16:06:00,PRIMARY_FLOW_01,601.5677
2024-01-15T16:06:00,PRIMARY_LEVEL_01,49.1836
2024-01-15T16:07:00,COOLING_TEMP_01,69.5124
2024-01-15T16:07:00,COOLING_PRES_01,9.9835
2024-01-15T16:07:00,COOLING_FLOW_01,250.7075
2024-01-15T16:07:00,PRIMARY_PRES_01,154.7389
2024-01-15T16:07:00,PRIMARY_TEMP_01,297.831
2024-01-15T16:07:00,PRIMARY_FLOW_01,598.3997
2024-01-15T16:08:00,COOLING_TEMP_01,70.2853
2024-01-15T16:08:00,COOLING_PRES_01,10.0685
2024-01-15T16:08:00,COOLING_FLOW_01,247.0032
2024-01-15T16:08:00,COOLING_HEAT_01,19.8839
2024-01-15T16:08:00,PRIMARY_PRES_01,154.9495
2024-01-15T16:08:00,PRIMARY_TEMP_01,296.0298
2024-01-15T16:08:00,PRIMARY_FLOW_01,612.4605
2024-01-15T16:08:00,PRIMARY_LEVEL_01,49.7156
2024-01-15T16:09:00,COOLING_TEMP_01,68.9424
2024-01-15T16:09:00,COOLING_PRES_01,10.0013
2024-01-15T16:09:00,COOLING_FLOW_01,252.0045
2024-01-15T16:09:00,PRIMARY_PRES_01,155.2886
2024-01-15T16:09:00,PRIMARY_TEMP_01,296.8889
2024-01-15T16:09:00,PRIMARY_FLOW_01,606.3084
2024-01-15T16:10:00,COOLING_TEMP_01,69.9199
2024-01-15T16:10:00,COOLING_PRES_01,10.0743
2024-01-15T16:10:00,COOLING_FLOW_01,244.0582
2024-01-15T16:10:00,COOLING_HEAT_01,19.7795
2024-01-15T16:10:00,PRIMARY_PRES_01,155.1687
2024-01-15T16:10:00,PRIMARY_TEMP_01,299.5615
2024-01-15T16:10:00,PRIMARY_FLOW_01,599.5611
2024-01-15T16:10:00,PRIMARY_LEVEL_01,49.0719
2024-01-15T16:11:00,COOLING_TEMP_01,68.9481
2024-01-15T16:11:00,COOLING_PRES_01,9.9786
2024-01-15T16:11:00,COOLING_FLOW_01,256.1987
2024-01-15T16:11:00,PRIMARY_PRES_01,155.028
2024-01-15T16:11:00,PRIMARY_TEMP_01,299.9608
2024-01-15T16:11:00,PRIMARY_FLOW_01,602.2838
2024-01-15T16:12:00,COOLING_TEMP_01,68.6002
2024-01-15T16:12:00,COOLING_PRES_01,9.9824
2024-01-15T16:12:00,COOLING_FLOW_01,250.4498
2024-01-15T16:12:00,COOLING_HEAT_01,19.3659
2024-01-15T16:12:00,PRIMARY_PRES_01,155.078
2024-01-15T16:12:00,PRIMARY_TEMP_01,297.9346
2024-01-15T16:12:00,PRIMARY_FLOW_01,592.3251
2024-01-15T16:12:00,PRIMARY_LEVEL_01,49.9229
2024-01-15T16:13:00,COOLING_TEMP_01,69.2758
2024-01-15T16:13:00,COOLING_PRES_01,10.0922
2024-01-15T16:13:00,COOLING_FLOW_01,251.2342
2024-01-15T16:13:00,PRIMARY_PRES_01,155.0438
2024-01-15T16:13:00,PRIMARY_TEMP_01,296.2468
2024-01-15T16:13:00,PRIMARY_FLOW_01,603.0176
2024-01-15T16:14:00,COOLING_TEMP_01,69.8531
2024-01-15T16:14:00,COOLING_PRES_01,10.0799
2024-01-15T16:14:00,COOLING_FLOW_01,252.1735
2024-01-15T16:14:00,COOLING_HEAT_01,19.3709
2024-01-15T16:14:00,PRIMARY_PRES_01,155.0706
2024-01-15T16:14:00,PRIMARY_TEMP_01,299.0761
2024-01-15T16:14:00,PRIMARY_FLOW_01,604.1677
2024-01-15T16:14:00,PRIMARY_LEVEL_01,49.7377
2024-01-15T16:15:00,COOLING_TEMP_01,68.7448
2024-01-15T16:15:00,COOLING_PRES_01,9.86
2024-01-15T16:15:00,COOLING_FLOW_01,253.006
2024-01-15T16:15:00,PRIMARY_PRES_01,155.386
2024-01-15T16:15:00,PRIMARY_TEMP_01,298.5663
2024-01-15T16:15:00,PRIMARY_FLOW_01,597.3
2024-01-15T16:16:00,COOLING_TEMP_01,69.6212
2024-01-15T16:16:00,COOLING_PRES_01,10.1303
2024-01-15T16:16:00,COOLING_FLOW_01,251.1826
2024-01-15T16:16:00,COOLING_HEAT_01,19.3554
2024-01-15T16:16:00,PRIMARY_PRES_01,155.5519
2024-01-15T16:16:00,PRIMARY_TEMP_01,300.0553
2024-01-15T16:16:00,PRIMARY_FLOW_01,600.1877
2024-01-15T16:16:00,PRIMARY_LEVEL_01,49.9938
2024-01-15T16:17:00,COOLING_TEMP_01,69.4818
2024-01-15T16:17:00,COOLING_PRES_01,9.9096
2024-01-15T16:17:00,COOLING_FLOW_01,256.7645
2024-01-15T16:17:00,PRIMARY_PRES_01,154.9152
2024-01-15T16:17:00,PRIMARY_TEMP_01,297.7069
2024-01-15T16:17:00,PRIMARY_FLOW_01,592.7048
2024-01-15T16:18:00,COOLING_TEMP_01,67.6314
2024-01-15T16:18:00,COOLING_PRES_01,10.0798
2024-01-15T16:18:00,COOLING_FLOW_01,254.746
2024-01-15T16:18:00,COOLING_HEAT_01,19.5881
2024-01-15T16:18:00,PRIMARY_PRES_01,154.7583
2024-01-15T16:18:00,PRIMARY_TEMP_01,298.4094
2024-01-15T16:18:00,PRIMARY_FLOW_01,599.3155
2024-01-15T16:18:00,PRIMARY_LEVEL_01,50.4218
2024-01-15T16:19:00,COOLING_TEMP_01,69.6644
2024-01-15T16:19:00,COOLING_PRES_01,10.1317
2024-01-15T16:19:00,COOLING_FLOW_01,253.6414
2024-01-15T16:19:00,PRIMARY_PRES_01,155.2014
2024-01-15T16:19:00,PRIMARY_TEMP_01,299.2305
2024-01-15T16:19:00,PRIMARY_FLOW_01,600.5275
2024-01-15T16:20:00,COOLING_TEMP_01,69.3593
2024-01-15T16:20:00,COOLING_PRES_01,10.1623
2024-01-15T16:20:00,COOLING_FLOW_01,251.003
2024-01-15T16:20:00,COOLING_HEAT_01,19.3773
2024-01-15T16:20:00,PRIMARY_PRES_01,154.808
2024-01-15T16:20:00,PRIMARY_TEMP_01,299.2908
2024-01-15T16:20:00,PRIMARY_FLOW_01,600.057
2024-01-15T16:20:00,PRIMARY_LEVEL_01,50.3731
2024-01-15T16:21:00,COOLING_TEMP_01,68.4098
2024-01-15T16:21:00,COOLING_PRES_01,9.7407
2024-01-15T16:21:00,COOLING_FLOW_01,248.1925
2024-01-15T16:21:00,PRIMARY_PRES_01,154.9561
2024-01-15T16:21:00,PRIMARY_TEMP_01,298.9178
2024-01-15T16:21:00,PRIMARY_FLOW_01,596.2896
2024-01-15T16:22:00,COOLING_TEMP_01,69.6121
2024-01-15T16:22:00,COOLING_PRES_01,9.8111
2024-01-15T16:22:00,COOLING_FLOW_01,256.3609
2024-01-15T16:22:00,COOLING_HEAT_01,19.6313
2024-01-15T16:22:00,PRIMARY_PRES_01,154.9161
2024-01-15T16:22:00,PRIMARY_TEMP_01,298.6451
2024-01-15T16:22:00,PRIMARY_FLOW_01,604.5942
2024-01-15T16:22:00,PRIMARY_LEVEL_01,50.6396
2024-01-15T16:23:00,COOLING_TEMP_01,69.4682
2024-01-15T16:23:00,COOLING_PRES_01,9.7823
2024-01-15T16:23:00,COOLING_FLOW_01,252.6456
2024-01-15T16:23:00,PRIMARY_PRES_01,155.224
2024-01-15T16:23:00,PRIMARY_TEMP_01,298.4906
2024-01-15T16:23:00,PRIMARY_FLOW_01,610.5892
2024-01-15T16:24:00,COOLING_TEMP_01,69.4399
2024-01-15T16:24:00,COOLING_PRES_01,10.1076
2024-01-15T16:24:00,COOLING_FLOW_01,253.8071
2024-01-15T16:24:00,COOLING_HEAT_01,20.0824
2024-01-15T16:24:00,PRIMARY_PRES_01,154.2842
2024-01-15T16:24:00,PRIMARY_TEMP_01,298.455
2024-01-15T16:24:00,PRIMARY_FLOW_01,596.5946
2024-01-15T16:24:00,PRIMARY_LEVEL_01,50.6379
2024-01-15T16:25:00,COOLING_TEMP_01,69.0191
2024-01-15T16:25:00,COOLING_PRES_01,9.9554
2024-01-15T16:25:00,COOLING_FLOW_01,253.3828
2024-01-15T16:25:00,PRIMARY_PRES_01,155.0955
2024-01-15T16:25:00,PRIMARY_TEMP_01,299.9128
2024-01-15T16:25:00,PRIMARY_FLOW_01,599.5715
2024-01-15T16:26:00,COOLING_TEMP_01,69.2009
2024-01-15T16:26:00,COOLING_PRES_01,10.0268
2024-01-15T16:26:00,COOLING_FLOW_01,251.7206
2024-01-15T16:26:00,COOLING_HEAT_01,19.6349
2024-01-15T16:26:00,PRIMARY_PRES_01,155.1546
2024-01-15T16:26:00,PRIMARY_TEMP_01,298.289
2024-01-15T16:26:00,PRIMARY_FLOW_01,598.8815
2024-01-15T16:26:00,PRIMARY_LEVEL_01,49.8724
2024-01-15T16:27:00,COOLING_TEMP_01,69.1415
2024-01-15T16:27:00,COOLING_PRES_01,10.0827
2024-01-15T16:27:00,COOLING_FLOW_01,253.1823
2024-01-15T16:27:00,PRIMARY_PRES_01,155.0097
2024-01-15T16:27:00,PRIMARY_TEMP_01,299.4141
2024-01-15T16:27:00,PRIMARY_FLOW_01,605.8686
2024-01-15T16:28:00,COOLING_TEMP_01,68.794
2024-01-15T16:28:00,COOLING_PRES_01,10.0333
2024-01-15T16:28:00,COOLING_FLOW_01,252.4229
2024-01-15T16:28:00,COOLING_HEAT_01,19.8828
2024-01-15T16:28:00,PRIMARY_PRES_01,154.8829
2024-01-15T16:28:00,PRIMARY_TEMP_01,296.1192
2024-01-15T16:28:00,PRIMARY_FLOW_01,602.6908
2024-01-15T16:28:00,PRIMARY_LEVEL_01,50.1604
2024-01-15T16:29:00,COOLING_TEMP_01,69.1144
2024-01-15T16:29:00,COOLING_PRES_01,10.1201
2024-01-15T16:29:00,COOLING_FLOW_01,252.3176
2024-01-15T16:29:00,PRIMARY_PRES_01,155.0959
2024-01-15T16:29:00,PRIMARY_TEMP_01,298.1759
2024-01-15T16:29:00,PRIMARY_FLOW_01,606.7606
2024-01-15T16:30:00,COOLING_TEMP_01,69.02
2024-01-15T16:30:00,COOLING_PRES_01,9.8752
2024-01-15T16:30:00,COOLING_FLOW_01,252.2266
2024-01-15T16:30:00,COOLING_HEAT_01,19.5653
2024-01-15T16:30:00,PRIMARY_PRES_01,154.7665
2024-01-15T16:30:00,PRIMARY_TEMP_01,298.8874
2024-01-15T16:30:00,PRIMARY_FLOW_01,602.5462
2024-01-15T16:30:00,PRIMARY_LEVEL_01,49.9168
2024-01-15T16:31:00,COOLING_TEMP_01,68.9983
2024-01-15T16:31:00,COOLING_PRES_01,9.9936
2024-01-15T16:31:00,COOLING_FLOW_01,245.9288
2024-01-15T16:31:00,PRIMARY_PRES_01,154.9827
2024-01-15T16:31:00,PRIMARY_TEMP_01,298.008
2024-01-15T16:31:00,PRIMARY_FLOW_01,613.4977
2024-01-15T16:32:00,COOLING_TEMP_01,69.5802
2024-01-15T16:32:00,COOLING_PRES_01,10.0414
2024-01-15T16:32:00,COOLING_FLOW_01,250.447
2024-01-15T16:32:00,COOLING_HEAT_01,19.8431
2024-01-15T16:32:00,PRIMARY_PRES_01,155.7903
2024-01-15T16:32:00,PRIMARY_TEMP_01,297.0094
2024-01-15T16:32:00,PRIMARY_FLOW_01,611.4893
2024-01-15T16:32:00,PRIMARY_LEVEL_01,50.3566
2024-01-15T16:33:00,COOLING_TEMP_01,68.7839
2024-01-15T16:33:00,COOLING_PRES_01,9.8316
2024-01-15T16:33:00,COOLING_FLOW_01,252.7607
2024-01-15T16:33:00,PRIMARY_PRES_01,155.0548
2024-01-15T16:33:00,PRIMARY_TEMP_01,298.3859
2024-01-15T16:33:00,PRIMARY_FLOW_01,591.058
2024-01-15T16:34:00,COOLING_TEMP_01,68.066
2024-01-15T16:34:00,COOLING_PRES_01,10.053
2024-01-15T16:34:00,COOLING_FLOW_01,251.5782
2024-01-15T16:34:00,COOLING_HEAT_01,19.7976
2024-01-15T16:34:00,PRIMARY_PRES_01,155.076
2024-01-15T16:34:00,PRIMARY_TEMP_01,297.2023
2024-01-15T16:34:00,PRIMARY_FLOW_01,598.8268
2024-01-15T16:34:00,PRIMARY_LEVEL_01,50.8422
2024-01-15T16:35:00,COOLING_TEMP_01,69.0468
2024-01-15T16:35:00,COOLING_PRES_01,10.1176
2024-01-15T16:35:00,COOLING_FLOW_01,242.2074
2024-01-15T16:35:00,PRIMARY_PRES_01,154.9083
2024-01-15T16:35:00,PRIMARY_TEMP_01,297.5188
2024-01-15T16:35:00,PRIMARY_FLOW_01,596.4448
2024-01-15T16:36:00,COOLING_TEMP_01,69.2278
2024-01-15T16:36:00,COOLING_PRES_01,9.9991
2024-01-15T16:36:00,COOLING_FLOW_01,245.4672
2024-01-15T16:36:00,COOLING_HEAT_01,19.6458
2024-01-15T16:36:00,PRIMARY_PRES_01,155.0162
2024-01-15T16:36:00,PRIMARY_TEMP_01,299.7019
2024-01-15T16:36:00,PRIMARY_FLOW_01,597.3903
2024-01-15T16:36:00,PRIMARY_LEVEL_01,50.3333
2024-01-15T16:37:00,COOLING_TEMP_01,69.4343
2024-01-15T16:37:00,COOLING_PRES_01,9.931
2024-01-15T16:37:00,COOLING_FLOW_01,255.3071
2024-01-15T16:37:00,PRIMARY_PRES_01,154.9497
2024-01-15T16:37:00,PRIMARY_TEMP_01,296.6381
2024-01-15T16:37:00,PRIMARY_FLOW_01,605.1407
2024-01-15T16:38:00,COOLING_TEMP_01,69.2301
2024-01-15T16:38:00,COOLING_PRES_01,9.8608
2024-01-15T16:38:00,COOLING_FLOW_01,250.838
2024-01-15T16:38:00,COOLING_HEAT_01,19.2845
2024-01-15T16:38:00,PRIMARY_PRES_01,154.9298
2024-01-15T16:38:00,PRIMARY_TEMP_01,298.0291
2024-01-15T16:38:00,PRIMARY_FLOW_01,602.2829
2024-01-15T16:38:00,PRIMARY_LEVEL_01,50.2631
2024-01-15T16:39:00,COOLING_TEMP_01,68.9617
2024-01-15T16:39:00,COOLING_PRES_01,10.1976
2024-01-15T16:39:00,COOLING_FLOW_01,244.8506
2024-01-15T16:39:00,PRIMARY_PRES_01,155.1879
2024-01-15T16:39:00,PRIMARY_TEMP_01,297.5391
2024-01-15T16:39:00,PRIMARY_FLOW_01,607.5005
2024-01-15T16:40:00,COOLING_TEMP_01,68.6167
2024-01-15T16:40:00,COOLING_PRES_01,9.9196
2024-01-15T16:40:00,COOLING_FLOW_01,253.5647
2024-01-15T16:40:00,COOLING_HEAT_01,19.6942
2024-01-15T16:40:00,PRIMARY_PRES_01,154.961
2024-01-15T16:40:00,PRIMARY_TEMP_01,296.6002
2024-01-15T16:40:00,PRIMARY_FLOW_01,595.5651
2024-01-15T16:40:00,PRIMARY_LEVEL_01,50.9743
2024-01-15T16:41:00,COOLING_TEMP_01,69.3289
2024-01-15T16:41:00,COOLING_PRES_01,9.8396
2024-01-15T16:41:00,COOLING_FLOW_01,251.4078
2024-01-15T16:41:00,PRIMARY_PRES_01,155.2917
2024-01-15T16:41:00,PRIMARY_TEMP_01,296.7289
2024-01-15T16:41:00,PRIMARY_FLOW_01,584.8485
2024-01-15T16:42:00,COOLING_TEMP_01,69.9217
2024-01-15T16:42:00,COOLING_PRES_01,10.1183
2024-01-15T16:42:00,COOLING_FLOW_01,248.5694
2024-01-15T16:42:00,COOLING_HEAT_01,19.3335
2024-01-15T16:42:00,PRIMARY_PRES_01,154.4224
2024-01-15T16:42:00,PRIMARY_TEMP_01,299.3605
2024-01-15T16:42:00,PRIMARY_FLOW_01,592.5525
2024-01-15T16:42:00,PRIMARY_LEVEL_01,49.5944
2024-01-15T16:43:00,COOLING_TEMP_01,68.6164
2024-01-15T16:43:00,COOLING_PRES_01,10.0701
2024-01-15T16:43:00,COOLING_FLOW_01,249.9702
2024-01-15T16:43:00,PRIMARY_PRES_01,155.6516
2024-01-15T16:43:00,PRIMARY_TEMP_01,298.7334
2024-01-15T16:43:00,PRIMARY_FLOW_01,592.6552
2024-01-15T16:44:00,COOLING_TEMP_01,68.6848
2024-01-15T16:44:00,COOLING_PRES_01,9.9289
2024-01-15T16:44:00,COOLING_FLOW_01,250.7404
2024-01-15T16:44:00,COOLING_HEAT_01,19.976
2024-01-15T16:44:00,PRIMARY_PRES_01,155.0944
2024-01-15T16:44:00,PRIMARY_TEMP_01,297.4828
2024-01-15T16:44:00,PRIMARY_FLOW_01,603.3224
2024-01-15T16:44:00,PRIMARY_LEVEL_01,49.5983
2024-01-15T16:45:00,COOLING_TEMP_01,69.1081
2024-01-15T16:45:00,COOLING_PRES_01,10.0922
2024-01-15T16:45:00,COOLING_FLOW_01,249.84
2024-01-15T16:45:00,PRIMARY_PRES_01,155.0849
2024-01-15T16:45:00,PRIMARY_TEMP_01,297.9085
2024-01-15T16:45:00,PRIMARY_FLOW_01,600.8192
2024-01-15T16:46:00,COOLING_TEMP_01,68.5759
2024-01-15T16:46:00,COOLING_PRES_01,9.9193
2024-01-15T16:46:00,COOLING_FLOW_01,252.4787
2024-01-15T16:46:00,COOLING_HEAT_01,19.5899
2024-01-15T16:46:00,PRIMARY_PRES_01,155.5213
2024-01-15T16:46:00,PRIMARY_TEMP_01,298.3016
2024-01-15T16:46:00,PRIMARY_FLOW_01,600.1097
2024-01-15T16:46:00,PRIMARY_LEVEL_01,50.7551
2024-01-15T16:47:00,COOLING_TEMP_01,68.8672
2024-01-15T16:47:00,COOLING_PRES_01,9.929
2024-01-15T16:47:00,COOLING_FLOW_01,248.6469
2024-01-15T16:47:00,PRIMARY_PRES_01,154.4637
2024-01-15T16:47:00,PRIMARY_TEMP_01,298.8605
2024-01-15T16:47:00,PRIMARY_FLOW_01,594.7991
2024-01-15T16:48:00,COOLING_TEMP_01,68.3238
2024-01-15T16:48:00,COOLING_PRES_01,9.8786
2024-01-15T16:48:00,COOLING_FLOW_01,242.2991
2024-01-15T16:48:00,COOLING_HEAT_01,19.2886
2024-01-15T16:48:00,PRIMARY_PRES_01,154.5364
2024-01-15T16:48:00,PRIMARY_TEMP_01,297.2141
2024-01-15T16:48:00,PRIMARY_FLOW_01,600.5113
2024-01-15T16:48:00,PRIMARY_LEVEL_01,50.3829
2024-01-15T16:49:00,COOLING_TEMP_01,68.8718
2024-01-15T16:49:00,COOLING_PRES_01,10.0299
2024-01-15T16:49:00,COOLING_FLOW_01,251.1334
2024-01-15T16:49:00,PRIMARY_PRES_01,155.1083
2024-01-15T16:49:00,PRIMARY_TEMP_01,297.1126
2024-01-15T16:49:00,PRIMARY_FLOW_01,606.6796
2024-01-15T16:50:00,COOLING_TEMP_01,68.5216
2024-01-15T16:50:00,COOLING_PRES_01,9.9353
2024-01-15T16:50:00,COOLING_FLOW_01,249.5081
2024-01-15T16:50:00,COOLING_HEAT_01,19.4266
2024-01-15T16:50:00,PRIMARY_PRES_01,155.0101
2024-01-15T16:50:00,PRIMARY_TEMP_01,297.7959
2024-01-15T16:50:00,PRIMARY_FLOW_01,598.4947
2024-01-15T16:50:00,PRIMARY_LEVEL_01,50.3338
2024-01-15T16:51:00,COOLING_TEMP_01,68.9388
2024-01-15T16:51:00,COOLING_PRES_01,9.9992
2024-01-15T16:51:00,COOLING_FLOW_01,251.6815
2024-01-15T16:51:00,PRIMARY_PRES_01,154.6137
2024-01-15T16:51:00,PRIMARY_TEMP_01,296.6834
2024-01-15T16:51:00,PRIMARY_FLOW_01,599.7772
2024-01-15T16:52:00,COOLING_TEMP_01,69.0749
2024-01-15T16:52:00,COOLING_PRES_01,10.2543
2024-01-15T16:52:00,COOLING_FLOW_01,249.1835
2024-01-15T16:52:00,COOLING_HEAT_01,19.6003
2024-01-15T16:52:00,PRIMARY_PRES_01,154.835
2024-01-15T16:52:00,PRIMARY_TEMP_01,297.4182
2024-01-15T16:52:00,PRIMARY_FLOW_01,595.7558
2024-01-15T16:52:00,PRIMARY_LEVEL_01,50.034
2024-01-15T16:53:00,COOLING_TEMP_01,67.9799
2024-01-15T16:53:00,COOLING_PRES_01,10.2509
2024-01-15T16:53:00,COOLING_FLOW_01,250.3082
2024-01-15T16:53:00,PRIMARY_PRES_01,155.1592
2024-01-15T16:53:00,PRIMARY_TEMP_01,298.5238
2024-01-15T16:53:00,PRIMARY_FLOW_01,596.2738
2024-01-15T16:54:00,COOLING_TEMP_01,69.506
2024-01-15T16:54:00,COOLING_PRES_01,9.9017
2024-01-15T16:54:00,COOLING_FLOW_01,247.256
2024-01-15T16:54:00,COOLING_HEAT_01,19.8488
2024-01-15T16:54:00,PRIMARY_PRES_01,154.4261
2024-01-15T16:54:00,PRIMARY_TEMP_01,298.1821
2024-01-15T16:54:00,PRIMARY_FLOW_01,599.389
2024-01-15T16:54:00,PRIMARY_LEVEL_01,50.4852
2024-01-15T16:55:00,COOLING_TEMP_01,69.1501
2024-01-15T16:55:00,COOLING_PRES_01,9.9624
2024-01-15T16:55:00,COOLING_FLOW_01,250.1309
2024-01-15T16:55:00,PRIMARY_PRES_01,154.9457
2024-01-15T16:55:00,PRIMARY_TEMP_01,297.6197
2024-01-15T16:55:00,PRIMARY_FLOW_01,605.1812
2024-01-15T16:56:00,COOLING_TEMP_01,68.5829
2024-01-15T16:56:00,COOLING_PRES_01,9.8302
2024-01-15T16:56:00,COOLING_FLOW_01,247.4609
2024-01-15T16:56:00,COOLING_HEAT_01,19.8079
2024-01-15T16:56:00,PRIMARY_PRES_01,155.0362
2024-01-15T16:56:00,PRIMARY_TEMP_01,297.7916
2024-01-15T16:56:00,PRIMARY_FLOW_01,596.2618
2024-01-15T16:56:00,PRIMARY_LEVEL_01,50.5248
2024-01-15T16:57:00,COOLING_TEMP_01,68.9423
2024-01-15T16:57:00,COOLING_PRES_01,9.9293
2024-01-15T16:57:00,COOLING_FLOW_01,250.335
2024-01-15T16:57:00,PRIMARY_PRES_01,155.2104
2024-01-15T16:57:00,PRIMARY_TEMP_01,299.0022
2024-01-15T16:57:00,PRIMARY_FLOW_01,600.8067
2024-01-15T16:58:00,COOLING_TEMP_01,69.8997
2024-01-15T16:58:00,COOLING_PRES_01,9.9323
2024-01-15T16:58:00,COOLING_FLOW_01,252.5488
2024-01-15T16:58:00,COOLING_HEAT_01,20.1763
2024-01-15T16:58:00,PRIMARY_PRES_01,155.0673
2024-01-15T16:58:00,PRIMARY_TEMP_01,297.2248
2024-01-15T16:58:00,PRIMARY_FLOW_01,597.5352
2024-01-15T16:58:00,PRIMARY_LEVEL_01,50.5121
2024-01-15T16:59:00,COOLING_TEMP_01,69.1523
2024-01-15T16:59:00,COOLING_PRES_01,10.0473
2024-01-15T16:59:00,COOLING_FLOW_01,250.5474
2024-01-15T16:59:00,PRIMARY_PRES_01,155.5538
2024-01-15T16:59:00,PRIMARY_TEMP_01,298.6357
2024-01-15T16:59:00,PRIMARY_FLOW_01,604.9195
2024-01-15T17:00:00,COOLING_TEMP_01,69.3434
2024-01-15T17:00:00,COOLING_PRES_01,9.9332
2024-01-15T17:00:00,COOLING_FLOW_01,250.2217
2024-01-15T17:00:00,COOLING_HEAT_01,19.8343
2024-01-15T17:00:00,PRIMARY_PRES_01,154.5894
2024-01-15T17:00:00,PRIMARY_TEMP_01,298.4706
2024-01-15T17:00:00,PRIMARY_FLOW_01,596.4935
2024-01-15T17:00:00,PRIMARY_LEVEL_01,49.6275
2024-01-15T17:01:00,COOLING_TEMP_01,68.3551
2024-01-15T17:01:00,COOLING_PRES_01,9.942
2024-01-15T17:01:00,COOLING_FLOW_01,247.2801
2024-01-15T17:01:00,PRIMARY_PRES_01,154.6696
2024-01-15T17:01:00,PRIMARY_TEMP_01,296.9155
2024-01-15T17:01:00,PRIMARY_FLOW_01,596.6516
2024-01-15T17:02:00,COOLING_TEMP_01,69.7235
2024-01-15T17:02:00,COOLING_PRES_01,9.9128
2024-01-15T17:02:00,COOLING_FLOW_01,251.2679
2024-01-15T17:02:00,COOLING_HEAT_01,19.3716
2024-01-15T17:02:00,PRIMARY_PRES_01,154.6338
2024-01-15T17:02:00,PRIMARY_TEMP_01,297.7912
2024-01-15T17:02:00,PRIMARY_FLOW_01,591.2794
2024-01-15T17:02:00,PRIMARY_LEVEL_01,50.4334
2024-01-15T17:03:00,COOLING_TEMP_01,69.1905
2024-01-15T17:03:00,COOLING_PRES_01,9.8735
2024-01-15T17:03:00,COOLING_FLOW_01,252.1718
2024-01-15T17:03:00,PRIMARY_PRES_01,154.6263
2024-01-15T17:03:00,PRIMARY_TEMP_01,298.611
2024-01-15T17:03:00,PRIMARY_FLOW_01,601.0235
2024-01-15T17:04:00,COOLING_TEMP_01,69.2643
2024-01-15T17:04:00,COOLING_PRES_01,10.172
2024-01-15T17:04:00,COOLING_FLOW_01,249.4768
2024-01-15T17:04:00,COOLING_HEAT_01,19.4639
2024-01-15T17:04:00,PRIMARY_PRES_01,155.6254
2024-01-15T17:04:00,PRIMARY_TEMP_01,298.732
2024-01-15T17:04:00,PRIMARY_FLOW_01,598.3129
2024-01-15T17:04:00,PRIMARY_LEVEL_01,49.9655
2024-01-15T17:05:00,COOLING_TEMP_01,67.8642
2024-01-15T17:05:00,COOLING_PRES_01,10.1769
2024-01-15T17:05:00,COOLING_FLOW_01,249.1627
2024-01-15T17:05:00,PRIMARY_PRES_01,155.4839
2024-01-15T17:05:00,PRIMARY_TEMP_01,300.0789
2024-01-15T17:05:00,PRIMARY_FLOW_01,591.9462
2024-01-15T17:06:00,COOLING_TEMP_01,69.9632
2024-01-15T17:06:00,COOLING_PRES_01,10.3087
2024-01-15T17:06:00,COOLING_FLOW_01,248.4156
2024-01-15T17:06:00,COOLING_HEAT_01,19.4383
2024-01-15T17:06:00,PRIMARY_PRES_01,155.1579
2024-01-15T17:06:00,PRIMARY_TEMP_01,296.2014
2024-01-15T17:06:00,PRIMARY_FLOW_01,613.7766
2024-01-15T17:06:00,PRIMARY_LEVEL_01,49.5609
2024-01-15T17:07:00,COOLING_TEMP_01,68.4668
2024-01-15T17:07:00,COOLING_PRES_01,9.826
2024-01-15T17:07:00,COOLING_FLOW_01,251.1236
2024-01-15T17:07:00,PRIMARY_PRES_01,154.8292
2024-01-15T17:07:00,PRIMARY_TEMP_01,295.8422
2024-01-15T17:07:00,PRIMARY_FLOW_01,600.0949
2024-01-15T17:08:00,COOLING_TEMP_01,70.1397
2024-01-15T17:08:00,COOLING_PRES_01,9.8451
2024-01-15T17:08:00,COOLING_FLOW_01,249.1903
2024-01-15T17:08:00,COOLING_HEAT_01,19.2966
2024-01-15T17:08:00,PRIMARY_PRES_01,154.6704
2024-01-15T17:08:00,PRIMARY_TEMP_01,299.7857
2024-01-15T17:08:00,PRIMARY_FLOW_01,603.0323
2024-01-15T17:08:00,PRIMARY_LEVEL_01,50.1197
2024-01-15T17:09:00,COOLING_TEMP_01,68.381
2024-01-15T17:09:00,COOLING_PRES_01,9.974
2024-01-15T17:09:00,COOLING_FLOW_01,246.7092
2024-01-15T17:09:00,PRIMARY_PRES_01,154.6221
2024-01-15T17:09:00,PRIMARY_TEMP_01,298.2272
2024-01-15T17:09:00,PRIMARY_FLOW_01,589.9278
2024-01-15T17:10:00,COOLING_TEMP_01,68.4783
2024-01-15T17:10:00,COOLING_PRES_01,10.1486
2024-01-15T17:10:00,COOLING_FLOW_01,251.7115
2024-01-15T17:10:00,COOLING_HEAT_01,19.0175
2024-01-15T17:10:00,PRIMARY_PRES_01,154.8457
2024-01-15T17:10:00,PRIMARY_TEMP_01,298.9916
2024-01-15T17:10:00,PRIMARY_FLOW_01,609.3847
2024-01-15T17:10:00,PRIMARY_LEVEL_01,50.2808
2024-01-15T17:11:00,COOLING_TEMP_01,67.8616
2024-01-15T17:11:00,COOLING_PRES_01,10.0785
2024-01-15T17:11:00,COOLING_FLOW_01,248.0895
2024-01-15T17:11:00,PRIMARY_PRES_01,155.1152
2024-01-15T17:11:00,PRIMARY_TEMP_01,298.5293
2024-01-15T17:11:00,PRIMARY_FLOW_01,595.0454
2024-01-15T17:12:00,COOLING_TEMP_01,68.8828
2024-01-15T17:12:00,COOLING_PRES_01,10.0036
2024-01-15T17:12:00,COOLING_FLOW_01,247.3187
2024-01-15T17:12:00,COOLING_HEAT_01,20.1017
2024-01-15T17:12:00,PRIMARY_PRES_01,155.4161
2024-01-15T17:12:00,PRIMARY_TEMP_01,297.8078
2024-01-15T17:12:00,PRIMARY_FLOW_01,596.6492
2024-01-15T17:12:00,PRIMARY_LEVEL_01,50.2716
2024-01-15T17:13:00,COOLING_TEMP_01,68.4265
2024-01-15T17:13:00,COOLING_PRES_01,10.1322
2024-01-15T17:13:00,COOLING_FLOW_01,248.1266
2024-01-15T17:13:00,PRIMARY_PRES_01,153.8415
2024-01-15T17:13:00,PRIMARY_TEMP_01,300.2902
2024-01-15T17:13:00,PRIMARY_FLOW_01,593.6863
2024-01-15T17:14:00,COOLING_TEMP_01,67.0074
2024-01-15T17:14:00,COOLING_PRES_01,9.7778
2024-01-15T17:14:00,COOLING_FLOW_01,250.2358
2024-01-15T17:14:00,COOLING_HEAT_01,19.5492
2024-01-15T17:14:00,PRIMARY_PRES_01,155.24
2024-01-15T17:14:00,PRIMARY_TEMP_01,297.3748
2024-01-15T17:14:00,PRIMARY_FLOW_01,595.9486
2024-01-15T17:14:00,PRIMARY_LEVEL_01,50.4907
2024-01-15T17:15:00,COOLING_TEMP_01,69.6185
2024-01-15T17:15:00,COOLING_PRES_01,9.9836
2024-01-15T17:15:00,COOLING_FLOW_01,249.7272
2024-01-15T17:15:00,PRIMARY_PRES_01,154.9928
2024-01-15T17:15:00,PRIMARY_TEMP_01,296.885
2024-01-15T17:15:00,PRIMARY_FLOW_01,593.6579
2024-01-15T17:16:00,COOLING_TEMP_01,68.7302
2024-01-15T17:16:00,COOLING_PRES_01,10.057
2024-01-15T17:16:00,COOLING_FLOW_01,253.7162
2024-01-15T17:16:00,COOLING_HEAT_01,19.646
2024-01-15T17:16:00,PRIMARY_PRES_01,155.3238
2024-01-15T17:16:00,PRIMARY_TEMP_01,299.8241
2024-01-15T17:16:00,PRIMARY_FLOW_01,599.259
2024-01-15T17:16:00,PRIMARY_LEVEL_01,49.8536
2024-01-15T17:17:00,COOLING_TEMP_01,68.8343
2024-01-15T17:17:00,COOLING_PRES_01,10.0422
2024-01-15T17:17:00,COOLING_FLOW_01,246.4721
2024-01-15T17:17:00,PRIMARY_PRES_01,154.7995
2024-01-15T17:17:00,PRIMARY_TEMP_01,295.2294
2024-01-15T17:17:00,PRIMARY_FLOW_01,600.314
2024-01-15T17:18:00,COOLING_TEMP_01,68.8884
2024-01-15T17:18:00,COOLING_PRES_01,9.8666
2024-01-15T17:18:00,COOLING_FLOW_01,252.1278
2024-01-15T17:18:00,COOLING_HEAT_01,18.9444
2024-01-15T17:18:00,PRIMARY_PRES_01,154.8141
2024-01-15T17:18:00,PRIMARY_TEMP_01,299.7915
2024-01-15T17:18:00,PRIMARY_FLOW_01,600.0586
2024-01-15T17:18:00,PRIMARY_LEVEL_01,50.3697
2024-01-15T17:19:00,COOLING_TEMP_01,69.022
2024-01-15T17:19:00,COOLING_PRES_01,10.001
2024-01-15T17:19:00,COOLING_FLOW_01,254.032
2024-01-15T17:19:00,PRIMARY_PRES_01,155.4074
2024-01-15T17:19:00,PRIMARY_TEMP_01,297.8027
2024-01-15T17:19:00,PRIMARY_FLOW_01,602.624
2024-01-15T17:20:00,COOLING_TEMP_01,69.512
2024-01-15T17:20:00,COOLING_PRES_01,9.9728
2024-01-15T17:20:00,COOLING_FLOW_01,250.6435
2024-01-15T17:20:00,COOLING_HEAT_01,19.9823
2024-01-15T17:20:00,PRIMARY_PRES_01,155.1385
2024-01-15T17:20:00,PRIMARY_TEMP_01,296.4914
2024-01-15T17:20:00,PRIMARY_FLOW_01,598.6677
2024-01-15T17:20:00,PRIMARY_LEVEL_01,49.8911
2024-01-15T17:21:00,COOLING_TEMP_01,69.6288
2024-01-15T17:21:00,COOLING_PRES_01,10.0861
2024-01-15T17:21:00,COOLING_FLOW_01,246.1719
2024-01-15T17:21:00,PRIMARY_PRES_01,155.6512
2024-01-15T17:21:00,PRIMARY_TEMP_01,299.7351
2024-01-15T17:21:00,PRIMARY_FLOW_01,597.5942
2024-01-15T17:22:00,COOLING_TEMP_01,69.2954
2024-01-15T17:22:00,COOLING_PRES_01,10.0224
2024-01-15T17:22:00,COOLING_FLOW_01,250.297
2024-01-15T17:22:00,COOLING_HEAT_01,19.7844
2024-01-15T17:22:00,PRIMARY_PRES_01,154.9683
2024-01-15T17:22:00,PRIMARY_TEMP_01,297.4791
2024-01-15T17:22:00,PRIMARY_FLOW_01,602.893
2024-01-15T17:22:00,PRIMARY_LEVEL_01,50.7045
2024-01-15T17:23:00,COOLING_TEMP_01,68.3638
2024-01-15T17:23:00,COOLING_PRES_01,9.9603
2024-01-15T17:23:00,COOLING_FLOW_01,250.4946
2024-01-15T17:23:00,PRIMARY_PRES_01,155.0977
2024-01-15T17:23:00,PRIMARY_TEMP_01,295.7304
2024-01-15T17:23:00,PRIMARY_FLOW_01,591.7828
2024-01-15T17:24:00,COOLING_TEMP_01,68.8777
2024-01-15T17:24:00,COOLING_PRES_01,10.1018
2024-01-15T17:24:00,COOLING_FLOW_01,252.4481
2024-01-15T17:24:00,COOLING_HEAT_01,19.2862
2024-01-15T17:24:00,PRIMARY_PRES_01,155.4651
2024-01-15T17:24:00,PRIMARY_TEMP_01,298.2796
2024-01-15T17:24:00,PRIMARY_FLOW_01,605.7228
2024-01-15T17:24:00,PRIMARY_LEVEL_01,49.5107
2024-01-15T17:25:00,COOLING_TEMP_01,68.4782
2024-01-15T17:25:00,COOLING_PRES_01,10.1655
2024-01-15T17:25:00,COOLING_FLOW_01,250.6777
2024-01-15T17:25:00,PRIMARY_PRES_01,154.9071
2024-01-15T17:25:00,PRIMARY_TEMP_01,299.3186
2024-01-15T17:25:00,PRIMARY_FLOW_01,600.7342
2024-01-15T17:26:00,COOLING_TEMP_01,69.1789
2024-01-15T17:26:00,COOLING_PRES_01,9.9842
2024-01-15T17:26:00,COOLING_FLOW_01,249.9579
2024-01-15T17:26:00,COOLING_HEAT_01,18.6545
2024-01-15T17:26:00,PRIMARY_PRES_01,155.1016
2024-01-15T17:26:00,PRIMARY_TEMP_01,298.6488
2024-01-15T17:26:00,PRIMARY_FLOW_01,605.4088
2024-01-15T17:26:00,PRIMARY_LEVEL_01,50.5206
2024-01-15T17:27:00,COOLING_TEMP_01,68.6703
2024-01-15T17:27:00,COOLING_PRES_01,9.9711
2024-01-15T17:27:00,COOLING_FLOW_01,244.9791
2024-01-15T17:27:00,PRIMARY_PRES_01,155.2349
2024-01-15T17:27:00,PRIMARY_TEMP_01,295.9519
2024-01-15T17:27:00,PRIMARY_FLOW_01,616.5241
2024-01-15T17:28:00,COOLING_TEMP_01,68.5793
2024-01-15T17:28:00,COOLING_PRES_01,9.9543
2024-01-15T17:28:00,COOLING_FLOW_01,250.6951
2024-01-15T17:28:00,COOLING_HEAT_01,19.5035
2024-01-15T17:28:00,PRIMARY_PRES_01,155.1455
2024-01-15T17:28:00,PRIMARY_TEMP_01,295.891
2024-01-15T17:28:00,PRIMARY_FLOW_01,599.7964
2024-01-15T17:28:00,PRIMARY_LEVEL_01,50.3587
2024-01-15T17:29:00,COOLING_TEMP_01,68.8481
2024-01-15T17:29:00,COOLING_PRES_01,10.0598
2024-01-15T17:29:00,COOLING_FLOW_01,250.5674
2024-01-15T17:29:00,PRIMARY_PRES_01,154.9678
2024-01-15T17:29:00,PRIMARY_TEMP_01,297.402
2024-01-15T17:29:00,PRIMARY_FLOW_01,610.3647
2024-01-15T17:30:00,COOLING_TEMP_01,69.2987
2024-01-15T17:30:00,COOLING_PRES_01,10.0357
2024-01-15T17:30:00,COOLING_FLOW_01,249.7635
2024-01-15T17:30:00,COOLING_HEAT_01,19.5996
2024-01-15T17:30:00,PRIMARY_PRES_01,155.0437
2024-01-15T17:30:00,PRIMARY_TEMP_01,297.7185
2024-01-15T17:30:00,PRIMARY_FLOW_01,598.9895
2024-01-15T17:30:00,PRIMARY_LEVEL_01,49.6974
2024-01-15T17:31:00,COOLING_TEMP_01,69.6155
2024-01-15T17:31:00,COOLING_PRES_01,10.2987
2024-01-15T17:31:00,COOLING_FLOW_01,248.3705
2024-01-15T17:31:00,PRIMARY_PRES_01,155.5173
2024-01-15T17:31:00,PRIMARY_TEMP_01,300.6594
2024-01-15T17:31:00,PRIMARY_FLOW_01,600.9477
2024-01-15T17:32:00,COOLING_TEMP_01,67.994
2024-01-15T17:32:00,COOLING_PRES_01,10.0686
2024-01-15T17:32:00,COOLING_FLOW_01,246.3056
2024-01-15T17:32:00,COOLING_HEAT_01,19.7063
2024-01-15T17:32:00,PRIMARY_PRES_01,154.6109
2024-01-15T17:32:00,PRIMARY_TEMP_01,295.7385
2024-01-15T17:32:00,PRIMARY_FLOW_01,599.2646
2024-01-15T17:32:00,PRIMARY_LEVEL_01,51.0526
2024-01-15T17:33:00,COOLING_TEMP_01,69.0811
2024-01-15T17:33:00,COOLING_PRES_01,9.8519
2024-01-15T17:33:00,COOLING_FLOW_01,246.0837
2024-01-15T17:33:00,PRIMARY_PRES_01,154.8692
2024-01-15T17:33:00,PRIMARY_TEMP_01,299.0933
2024-01-15T17:33:00,PRIMARY_FLOW_01,605.0221
2024-01-15T17:34:00,COOLING_TEMP_01,69.6318
2024-01-15T17:34:00,COOLING_PRES_01,9.7238
2024-01-15T17:34:00,COOLING_FLOW_01,252.4559
2024-01-15T17:34:00,COOLING_HEAT_01,19.4103
2024-01-15T17:34:00,PRIMARY_PRES_01,155.0999
2024-01-15T17:34:00,PRIMARY_TEMP_01,298.9215
2024-01-15T17:34:00,PRIMARY_FLOW_01,603.0968
2024-01-15T17:34:00,PRIMARY_LEVEL_01,50.2598
2024-01-15T17:35:00,COOLING_TEMP_01,69.0651
2024-01-15T17:35:00,COOLING_PRES_01,10.0544
2024-01-15T17:35:00,COOLING_FLOW_01,254.7074
2024-01-15T17:35:00,PRIMARY_PRES_01,155.1322
2024-01-15T17:35:00,PRIMARY_TEMP_01,298.8503
2024-01-15T17:35:00,PRIMARY_FLOW_01,591.074
2024-01-15T17:36:00,COOLING_TEMP_01,69.7088
2024-01-15T17:36:00,COOLING_PRES_01,9.9336
2024-01-15T17:36:00,COOLING_FLOW_01,245.6742
2024-01-15T17:36:00,COOLING_HEAT_01,19.796
2024-01-15T17:36:00,PRIMARY_PRES_01,155.3992
2024-01-15T17:36:00,PRIMARY_TEMP_01,299.0671
2024-01-15T17:36:00,PRIMARY_FLOW_01,603.6812
2024-01-15T17:36:00,PRIMARY_LEVEL_01,50.6248
2024-01-15T17:37:00,COOLING_TEMP_01,68.5573
2024-01-15T17:37:00,COOLING_PRES_01,9.9468
2024-01-15T17:37:00,COOLING_FLOW_01,246.1321
2024-01-15T17:37:00,PRIMARY_PRES_01,155.3282
2024-01-15T17:37:00,PRIMARY_TEMP_01,296.9661
2024-01-15T17:37:00,PRIMARY_FLOW_01,601.0016
2024-01-15T17:38:00,COOLING_TEMP_01,68.8542
2024-01-15T17:38:00,COOLING_PRES_01,9.8866
2024-01-15T17:38:00,COOLING_FLOW_01,247.9578
2024-01-15T17:38:00,COOLING_HEAT_01,19.4502
2024-01-15T17:38:00,PRIMARY_PRES_01,155.2731
2024-01-15T17:38:00,PRIMARY_TEMP_01,297.3271
2024-01-15T17:38:00,PRIMARY_FLOW_01,592.9435
2024-01-15T17:38:00,PRIMARY_LEVEL_01,49.8787
2024-01-15T17:39:00,COOLING_TEMP_01,68.8464
2024-01-15T17:39:00,COOLING_PRES_01,9.8772
2024-01-15T17:39:00,COOLING_FLOW_01,251.5257
2024-01-15T17:39:00,PRIMARY_PRES_01,154.6039
2024-01-15T17:39:00,PRIMARY_TEMP_01,298.5539
2024-01-15T17:39:00,PRIMARY_FLOW_01,592.8814
2024-01-15T17:40:00,COOLING_TEMP_01,68.9251
2024-01-15T17:40:00,COOLING_PRES_01,9.8217
2024-01-15T17:40:00,COOLING_FLOW_01,244.4491
2024-01-15T17:40:00,COOLING_HEAT_01,19.8399
2024-01-15T17:40:00,PRIMARY_PRES_01,154.9977
2024-01-15T17:40:00,PRIMARY_TEMP_01,299.7676
2024-01-15T17:40:00,PRIMARY_FLOW_01,593.0529
2024-01-15T17:40:00,PRIMARY_LEVEL_01,50.162
2024-01-15T17:41:00,COOLING_TEMP_01,68.5411
2024-01-15T17:41:00,COOLING_PRES_01,10.1254
2024-01-15T17:41:00,COOLING_FLOW_01,252.6963
2024-01-15T17:41:00,PRIMARY_PRES_01,155.1735
2024-01-15T17:41:00,PRIMARY_TEMP_01,298.6554
2024-01-15T17:41:00,PRIMARY_FLOW_01,602.4869
2024-01-15T17:42:00,COOLING_TEMP_01,68.4181
2024-01-15T17:42:00,COOLING_PRES_01,9.9936
2024-01-15T17:42:00,COOLING_FLOW_01,253.157
2024-01-15T17:42:00,COOLING_HEAT_01,19.7068
2024-01-15T17:42:00,PRIMARY_PRES_01,154.9246
2024-01-15T17:42:00,PRIMARY_TEMP_01,298.3105
2024-01-15T17:42:00,PRIMARY_FLOW_01,607.2531
2024-01-15T17:42:00,PRIMARY_LEVEL_01,50.2431
2024-01-15T17:43:00,COOLING_TEMP_01,68.3655
2024-01-15T17:43:00,COOLING_PRES_01,10.0106
2024-01-15T17:43:00,COOLING_FLOW_01,251.6302
2024-01-15T17:43:00,PRIMARY_PRES_01,155.0682
2024-01-15T17:43:00,PRIMARY_TEMP_01,299.0393
2024-01-15T17:43:00,PRIMARY_FLOW_01,601.8405
2024-01-15T17:44:00,COOLING_TEMP_01,69.1299
2024-01-15T17:44:00,COOLING_PRES_01,10.0897
2024-01-15T17:44:00,COOLING_FLOW_01,255.064
2024-01-15T17:44:00,COOLING_HEAT_01,19.4217
2024-01-15T17:44:00,PRIMARY_PRES_01,155.1287
2024-01-15T17:44:00,PRIMARY_TEMP_01,297.1704
2024-01-15T17:44:00,PRIMARY_FLOW_01,605.9142
2024-01-15T17:44:00,PRIMARY_LEVEL_01,49.3029
2024-01-15T17:45:00,COOLING_TEMP_01,69.6339
2024-01-15T17:45:00,COOLING_PRES_01,9.9069
2024-01-15T17:45:00,COOLING_FLOW_01,251.8411
2024-01-15T17:45:00,PRIMARY_PRES_01,154.8316
2024-01-15T17:45:00,PRIMARY_TEMP_01,299.9356
2024-01-15T17:45:00,PRIMARY_FLOW_01,606.5847
2024-01-15T17:46:00,COOLING_TEMP_01,68.5119
2024-01-15T17:46:00,COOLING_PRES_01,10.0133
2024-01-15T17:46:00,COOLING_FLOW_01,248.4834
2024-01-15T17:46:00,COOLING_HEAT_01,19.389
2024-01-15T17:46:00,PRIMARY_PRES_01,155.0157
2024-01-15T17:46:00,PRIMARY_TEMP_01,298.901
2024-01-15T17:46:00,PRIMARY_FLOW_01,604.6376
2024-01-15T17:46:00,PRIMARY_LEVEL_01,49.4209
2024-01-15T17:47:00,COOLING_TEMP_01,68.9524
2024-01-15T17:47:00,COOLING_PRES_01,10.0191
2024-01-15T17:47:00,COOLING_FLOW_01,249.4327
2024-01-15T17:47:00,PRIMARY_PRES_01,154.8213
2024-01-15T17:47:00,PRIMARY_TEMP_01,298.8029
2024-01-15T17:47:00,PRIMARY_FLOW_01,603.0809
2024-01-15T17:48:00,COOLING_TEMP_01,68.9832
2024-01-15T17:48:00,COOLING_PRES_01,10.0517
2024-01-15T17:48:00,COOLING_FLOW_01,251.702
2024-01-15T17:48:00,COOLING_HEAT_01,19.3454
2024-01-15T17:48:00,PRIMARY_PRES_01,154.9148
2024-01-15T17:48:00,PRIMARY_TEMP_01,298.1643
2024-01-15T17:48:00,PRIMARY_FLOW_01,588.9821
2024-01-15T17:48:00,PRIMARY_LEVEL_01,50.1577
2024-01-15T17:49:00,COOLING_TEMP_01,69.1845
2024-01-15T17:49:00,COOLING_PRES_01,10.0039
2024-01-15T17:49:00,COOLING_FLOW_01,244.971
2024-01-15T17:49:00,PRIMARY_PRES_01,155.0227
2024-01-15T17:49:00,PRIMARY_TEMP_01,297.827
2024-01-15T17:49:00,PRIMARY_FLOW_01,609.4507
2024-01-15T17:50:00,COOLING_TEMP_01,69.5185
2024-01-15T17:50:00,COOLING_PRES_01,10.0263
2024-01-15T17:50:00,COOLING_FLOW_01,246.0988
2024-01-15T17:50:00,COOLING_HEAT_01,19.1669
2024-01-15T17:50:00,PRIMARY_PRES_01,154.8379
2024-01-15T17:50:00,PRIMARY_TEMP_01,298.1581
2024-01-15T17:50:00,PRIMARY_FLOW_01,609.4312
2024-01-15T17:50:00,PRIMARY_LEVEL_01,48.405
2024-01-15T17:51:00,COOLING_TEMP_01,68.8429
2024-01-15T17:51:00,COOLING_PRES_01,9.9171
2024-01-15T17:51:00,COOLING_FLOW_01,252.2263
2024-01-15T17:51:00,PRIMARY_PRES_01,154.8095
2024-01-15T17:51:00,PRIMARY_TEMP_01,299.763
2024-01-15T17:51:00,PRIMARY_FLOW_01,607.4547
2024-01-15T17:52:00,COOLING_TEMP_01,67.6405
2024-01-15T17:52:00,COOLING_PRES_01,10.0968
2024-01-15T17:52:00,COOLING_FLOW_01,247.9735
2024-01-15T17:52:00,COOLING_HEAT_01,19.4688
2024-01-15T17:52:00,PRIMARY_PRES_01,155.0986
2024-01-15T17:52:00,PRIMARY_TEMP_01,299.7005
2024-01-15T17:52:00,PRIMARY_FLOW_01,601.3825
2024-01-15T17:52:00,PRIMARY_LEVEL_01,49.066
2024-01-15T17:53:00,COOLING_TEMP_01,68.0599
2024-01-15T17:53:00,COOLING_PRES_01,10.0463
2024-01-15T17:53:00,COOLING_FLOW_01,251.1295
2024-01-15T17:53:00,PRIMARY_PRES_01,155.6199
2024-01-15T17:53:00,PRIMARY_TEMP_01,296.0047
2024-01-15T17:53:00,PRIMARY_FLOW_01,601.1494
2024-01-15T17:54:00,COOLING_TEMP_01,67.9804
2024-01-15T17:54:00,COOLING_PRES_01,10.1159
2024-01-15T17:54:00,COOLING_FLOW_01,245.377
2024-01-15T17:54:00,COOLING_HEAT_01,19.7748
2024-01-15T17:54:00,PRIMARY_PRES_01,154.9564
2024-01-15T17:54:00,PRIMARY_TEMP_01,297.6301
2024-01-15T17:54:00,PRIMARY_FLOW_01,598.5354
2024-01-15T17:54:00,PRIMARY_LEVEL_01,50.3747
2024-01-15T17:55:00,COOLING_TEMP_01,68.1598
2024-01-15T17:55:00,COOLING_PRES_01,9.8085
2024-01-15T17:55:00,COOLING_FLOW_01,252.4979
2024-01-15T17:55:00,PRIMARY_PRES_01,155.2997
2024-01-15T17:55:00,PRIMARY_TEMP_01,297.7425
2024-01-15T17:55:00,PRIMARY_FLOW_01,593.1603
2024-01-15T17:56:00,COOLING_TEMP_01,68.1213
2024-01-15T17:56:00,COOLING_PRES_01,9.9598
2024-01-15T17:56:00,COOLING_FLOW_01,250.2161
2024-01-15T17:56:00,COOLING_HEAT_01,19.4207
2024-01-15T17:56:00,PRIMARY_PRES_01,155.0026
2024-01-15T17:56:00,PRIMARY_TEMP_01,297.1936
2024-01-15T17:56:00,PRIMARY_FLOW_01,594.3355
2024-01-15T17:56:00,PRIMARY_LEVEL_01,50.2486
2024-01-15T17:57:00,COOLING_TEMP_01,68.5592
2024-01-15T17:57:00,COOLING_PRES_01,10.1294
2024-01-15T17:57:00,COOLING_FLOW_01,256.901
2024-01-15T17:57:00,PRIMARY_PRES_01,155.3689
2024-01-15T17:57:00,PRIMARY_TEMP_01,299.9452
2024-01-15T17:57:00,PRIMARY_FLOW_01,594.6428
2024-01-15T17:58:00,COOLING_TEMP_01,69.2479
2024-01-15T17:58:00,COOLING_PRES_01,10.0266
2024-01-15T17:58:00,COOLING_FLOW_01,252.2843
2024-01-15T17:58:00,COOLING_HEAT_01,19.0781
2024-01-15T17:58:00,PRIMARY_PRES_01,154.854
2024-01-15T17:58:00,PRIMARY_TEMP_01,297.1741
2024-01-15T17:58:00,PRIMARY_FLOW_01,598.1143
2024-01-15T17:58:00,PRIMARY_LEVEL_01,49.2884
2024-01-15T17:59:00,COOLING_TEMP_01,67.9106
2024-01-15T17:59:00,COOLING_PRES_01,9.7223
2024-01-15T17:59:00,COOLING_FLOW_01,250.7844
2024-01-15T17:59:00,PRIMARY_PRES_01,154.8529
2024-01-15T17:59:00,PRIMARY_TEMP_01,299.0137
2024-01-15T17:59:00,PRIMARY_FLOW_01,600.6391
2024-01-15T18:00:00,COOLING_TEMP_01,67.9823
2024-01-15T18:00:00,COOLING_PRES_01,10.0659
2024-01-15T18:00:00,COOLING_FLOW_01,253.9515
2024-01-15T18:00:00,COOLING_HEAT_01,19.6926
2024-01-15T18:00:00,PRIMARY_PRES_01,155.1982
2024-01-15T18:00:00,PRIMARY_TEMP_01,299.259
2024-01-15T18:00:00,PRIMARY_FLOW_01,607.6184
2024-01-15T18:00:00,PRIMARY_LEVEL_01,49.2447
2024-01-15T18:01:00,COOLING_TEMP_01,69.6438
2024-01-15T18:01:00,COOLING_PRES_01,10.07
2024-01-15T18:01:00,COOLING_FLOW_01,251.9829
2024-01-15T18:01:00,PRIMARY_PRES_01,155.1863
2024-01-15T18:01:00,PRIMARY_TEMP_01,297.8511
2024-01-15T18:01:00,PRIMARY_FLOW_01,603.2279
2024-01-15T18:02:00,COOLING_TEMP_01,68.262
2024-01-15T18:02:00,COOLING_PRES_01,9.9233
2024-01-15T18:02:00,COOLING_FLOW_01,253.3322
2024-01-15T18:02:00,COOLING_HEAT_01,19.1112
2024-01-15T18:02:00,PRIMARY_PRES_01,155.1025
2024-01-15T18:02:00,PRIMARY_TEMP_01,298.3811
2024-01-15T18:02:00,PRIMARY_FLOW_01,607.4484
2024-01-15T18:02:00,PRIMARY_LEVEL_01,49.8729
2024-01-15T18:03:00,COOLING_TEMP_01,68.4252
2024-01-15T18:03:00,COOLING_PRES_01,10.0011
2024-01-15T18:03:00,COOLING_FLOW_01,252.2986
2024-01-15T18:03:00,PRIMARY_PRES_01,155.0391
2024-01-15T18:03:00,PRIMARY_TEMP_01,298.7785
2024-01-15T18:03:00,PRIMARY_FLOW_01,598.5306
2024-01-15T18:04:00,COOLING_TEMP_01,69.0878
2024-01-15T18:04:00,COOLING_PRES_01,9.99
2024-01-15T18:04:00,COOLING_FLOW_01,246.4614
2024-01-15T18:04:00,COOLING_HEAT_01,19.4218
2024-01-15T18:04:00,PRIMARY_PRES_01,155.3247
2024-01-15T18:04:00,PRIMARY_TEMP_01,298.0674
2024-01-15T18:04:00,PRIMARY_FLOW_01,603.7842
2024-01-15T18:04:00,PRIMARY_LEVEL_01,49.7954
2024-01-15T18:05:00,COOLING_TEMP_01,69.7855
2024-01-15T18:05:00,COOLING_PRES_01,10.112
2024-01-15T18:05:00,COOLING_FLOW_01,249.1741
2024-01-15T18:05:00,PRIMARY_PRES_01,154.9809
2024-01-15T18:05:00,PRIMARY_TEMP_01,296.6912
2024-01-15T18:05:00,PRIMARY_FLOW_01,593.1469
2024-01-15T18:06:00,COOLING_TEMP_01,69.1806
2024-01-15T18:06:00,COOLING_PRES_01,9.793
2024-01-15T18:06:00,COOLING_FLOW_01,250.0211
2024-01-15T18:06:00,COOLING_HEAT_01,19.2298
2024-01-15T18:06:00,PRIMARY_PRES_01,154.9752
2024-01-15T18:06:00,PRIMARY_TEMP_01,298.2801
2024-01-15T18:06:00,PRIMARY_FLOW_01,600.5
2024-01-15T18:06:00,PRIMARY_LEVEL_01,49.7618
2024-01-15T18:07:00,COOLING_TEMP_01,67.8798
2024-01-15T18:07:00,COOLING_PRES_01,9.9655
2024-01-15T18:07:00,COOLING_FLOW_01,245.6998
2024-01-15T18:07:00,PRIMARY_PRES_01,154.4858
2024-01-15T18:07:00,PRIMARY_TEMP_01,297.6891
2024-01-15T18:07:00,PRIMARY_FLOW_01,609.8181
2024-01-15T18:08:00,COOLING_TEMP_01,67.9745
2024-01-15T18:08:00,COOLING_PRES_01,10.1665
2024-01-15T18:08:00,COOLING_FLOW_01,253.0808
2024-01-15T18:08:00,COOLING_HEAT_01,19.3758
2024-01-15T18:08:00,PRIMARY_PRES_01,154.9244
2024-01-15T18:08:00,PRIMARY_TEMP_01,300.4353
2024-01-15T18:08:00,PRIMARY_FLOW_01,592.0542
2024-01-15T18:08:00,PRIMARY_LEVEL_01,49.599
2024-01-15T18:09:00,COOLING_TEMP_01,69.9454
2024-01-15T18:09:00,COOLING_PRES_01,10.0569
2024-01-15T18:09:00,COOLING_FLOW_01,250.4056
2024-01-15T18:09:00,PRIMARY_PRES_01,155.2098
2024-01-15T18:09:00,PRIMARY_TEMP_01,295.8488
2024-01-15T18:09:00,PRIMARY_FLOW_01,594.9036
2024-01-15T18:10:00,COOLING_TEMP_01,68.5225
2024-01-15T18:10:00,COOLING_PRES_01,10.1333
2024-01-15T18:10:00,COOLING_FLOW_01,252.0557
2024-01-15T18:10:00,COOLING_HEAT_01,19.4466
2024-01-15T18:10:00,PRIMARY_PRES_01,155.3392
2024-01-15T18:10:00,PRIMARY_TEMP_01,297.2524
2024-01-15T18:10:00,PRIMARY_FLOW_01,599.2481
2024-01-15T18:10:00,PRIMARY_LEVEL_01,51.0271
2024-01-15T18:11:00,COOLING_TEMP_01,68.4896
2024-01-15T18:11:00,COOLING_PRES_01,10.019
2024-01-15T18:11:00,COOLING_FLOW_01,252.8019
2024-01-15T18:11:00,PRIMARY_PRES_01,155.3579
2024-01-15T18:11:00,PRIMARY_TEMP_01,297.0818
2024-01-15T18:11:00,PRIMARY_FLOW_01,608.3472
2024-01-15T18:12:00,COOLING_TEMP_01,69.3081
2024-01-15T18:12:00,COOLING_PRES_01,9.9919
2024-01-15T18:12:00,COOLING_FLOW_01,251.1173
2024-01-15T18:12:00,COOLING_HEAT_01,19.5256
2024-01-15T18:12:00,PRIMARY_PRES_01,154.8209
2024-01-15T18:12:00,PRIMARY_TEMP_01,296.9935
2024-01-15T18:12:00,PRIMARY_FLOW_01,599.099
2024-01-15T18:12:00,PRIMARY_LEVEL_01,50.2476
2024-01-15T18:13:00,COOLING_TEMP_01,68.6387
2024-01-15T18:13:00,COOLING_PRES_01,10.064
2024-01-15T18:13:00,COOLING_FLOW_01,248.8772
2024-01-15T18:13:00,PRIMARY_PRES_01,155.0395
2024-01-15T18:13:00,PRIMARY_TEMP_01,297.5725
2024-01-15T18:13:00,PRIMARY_FLOW_01,598.9983
2024-01-15T18:14:00,COOLING_TEMP_01,68.949
2024-01-15T18:14:00,COOLING_PRES_01,9.9579
2024-01-15T18:14:00,COOLING_FLOW_01,244.315
2024-01-15T18:14:00,COOLING_HEAT_01,19.2369
2024-01-15T18:14:00,PRIMARY_PRES_01,154.6604
2024-01-15T18:14:00,PRIMARY_TEMP_01,297.1585
2024-01-15T18:14:00,PRIMARY_FLOW_01,596.0103
2024-01-15T18:14:00,PRIMARY_LEVEL_01,50.0732
2024-01-15T18:15:00,COOLING_TEMP_01,68.9449
2024-01-15T18:15:00,COOLING_PRES_01,10.177
2024-01-15T18:15:00,COOLING_FLOW_01,246.8765
2024-01-15T18:15:00,PRIMARY_PRES_01,155.2634
2024-01-15T18:15:00,PRIMARY_TEMP_01,298.0355
2024-01-15T18:15:00,PRIMARY_FLOW_01,603.2697
2024-01-15T18:16:00,COOLING_TEMP_01,70.4045
2024-01-15T18:16:00,COOLING_PRES_01,10.2474
2024-01-15T18:16:00,COOLING_FLOW_01,249.3035
2024-01-15T18:16:00,COOLING_HEAT_01,19.3006
2024-01-15T18:16:00,PRIMARY_PRES_01,154.7637
2024-01-15T18:16:00,PRIMARY_TEMP_01,297.3587
2024-01-15T18:16:00,PRIMARY_FLOW_01,590.8255
2024-01-15T18:16:00,PRIMARY_LEVEL_01,50.3977
2024-01-15T18:17:00,COOLING_TEMP_01,68.2806
2024-01-15T18:17:00,COOLING_PRES_01,9.8983
2024-01-15T18:17:00,COOLING_FLOW_01,250.0332
2024-01-15T18:17:00,PRIMARY_PRES_01,155.1647
2024-01-15T18:17:00,PRIMARY_TEMP_01,298.3793
2024-01-15T18:17:00,PRIMARY_FLOW_01,594.8716
2024-01-15T18:18:00,COOLING_TEMP_01,67.4365
2024-01-15T18:18:00,COOLING_PRES_01,9.9074
2024-01-15T18:18:00,COOLING_FLOW_01,250.7862
2024-01-15T18:18:00,COOLING_HEAT_01,19.2627
2024-01-15T18:18:00,PRIMARY_PRES_01,154.8439
2024-01-15T18:18:00,PRIMARY_TEMP_01,296.7108
2024-01-15T18:18:00,PRIMARY_FLOW_01,597.3624
2024-01-15T18:18:00,PRIMARY_LEVEL_01,49.888
2024-01-15T18:19:00,COOLING_TEMP_01,69.411
2024-01-15T18:19:00,COOLING_PRES_01,9.9434
2024-01-15T18:19:00,COOLING_FLOW_01,253.4812
2024-01-15T18:19:00,PRIMARY_PRES_01,154.9337
2024-01-15T18:19:00,PRIMARY_TEMP_01,297.365
2024-01-15T18:19:00,PRIMARY_FLOW_01,605.8381
2024-01-15T18:20:00,COOLING_TEMP_01,68.156
2024-01-15T18:20:00,COOLING_PRES_01,10.2688
2024-01-15T18:20:00,COOLING_FLOW_01,254.4743
2024-01-15T18:20:00,COOLING_HEAT_01,19.0066
2024-01-15T18:20:00,PRIMARY_PRES_01,154.5209
2024-01-15T18:20:00,PRIMARY_TEMP_01,297.2438
2024-01-15T18:20:00,PRIMARY_FLOW_01,595.0442
2024-01-15T18:20:00,PRIMARY_LEVEL_01,49.356
2024-01-15T18:21:00,COOLING_TEMP_01,67.673
2024-01-15T18:21:00,COOLING_PRES_01,9.8874
2024-01-15T18:21:00,COOLING_FLOW_01,255.2199
2024-01-15T18:21:00,PRIMARY_PRES_01,155.3163
2024-01-15T18:21:00,PRIMARY_TEMP_01,299.5875
2024-01-15T18:21:00,PRIMARY_FLOW_01,594.4557
2024-01-15T18:22:00,COOLING_TEMP_01,69.9935
2024-01-15T18:22:00,COOLING_PRES_01,10.0426
2024-01-15T18:22:00,COOLING_FLOW_01,251.9016
2024-01-15T18:22:00,COOLING_HEAT_01,19.5674
2024-01-15T18:22:00,PRIMARY_PRES_01,154.6482
2024-01-15T18:22:00,PRIMARY_TEMP_01,300.1124
2024-01-15T18:22:00,PRIMARY_FLOW_01,601.5374
2024-01-15T18:22:00,PRIMARY_LEVEL_01,49.6362
2024-01-15T18:23:00,COOLING_TEMP_01,68.8241
2024-01-15T18:23:00,COOLING_PRES_01,9.97
2024-01-15T18:23:00,COOLING_FLOW_01,251.8256
2024-01-15T18:23:00,PRIMARY_PRES_01,155.0223
2024-01-15T18:23:00,PRIMARY_TEMP_01,298.2148
2024-01-15T18:23:00,PRIMARY_FLOW_01,608.9275
2024-01-15T18:24:00,COOLING_TEMP_01,69.7233
2024-01-15T18:24:00,COOLING_PRES_01,10.0983
2024-01-15T18:24:00,COOLING_FLOW_01,247.6335
2024-01-15T18:24:00,COOLING_HEAT_01,18.8572
2024-01-15T18:24:00,PRIMARY_PRES_01,155.2613
2024-01-15T18:24:00,PRIMARY_TEMP_01,299.1575
2024-01-15T18:24:00,PRIMARY_FLOW_01,597.9934
2024-01-15T18:24:00,PRIMARY_LEVEL_01,50.5131
2024-01-15T18:25:00,COOLING_TEMP_01,68.0403
2024-01-15T18:25:00,COOLING_PRES_01,9.8789
2024-01-15T18:25:00,COOLING_FLOW_01,247.3713
2024-01-15T18:25:00,PRIMARY_PRES_01,155.1447
2024-01-15T18:25:00,PRIMARY_TEMP_01,298.1494
2024-01-15T18:25:00,PRIMARY_FLOW_01,603.4118
2024-01-15T18:26:00,COOLING_TEMP_01,68.446
2024-01-15T18:26:00,COOLING_PRES_01,9.9918
2024-01-15T18:26:00,COOLING_FLOW_01,248.4437
2024-01-15T18:26:00,COOLING_HEAT_01,19.4453
2024-01-15T18:26:00,PRIMARY_PRES_01,154.9376
2024-01-15T18:26:00,PRIMARY_TEMP_01,296.6021
2024-01-15T18:26:00,PRIMARY_FLOW_01,598.2705
2024-01-15T18:26:00,PRIMARY_LEVEL_01,50.8717
2024-01-15T18:27:00,COOLING_TEMP_01,69.4091
2024-01-15T18:27:00,COOLING_PRES_01,10.0445
2024-01-15T18:27:00,COOLING_FLOW_01,253.1585
2024-01-15T18:27:00,PRIMARY_PRES_01,154.9638
2024-01-15T18:27:00,PRIMARY_TEMP_01,298.4974
2024-01-15T18:27:00,PRIMARY_FLOW_01,610.3135
2024-01-15T18:28:00,COOLING_TEMP_01,67.9557
2024-01-15T18:28:00,COOLING_PRES_01,10.0999
2024-01-15T18:28:00,COOLING_FLOW_01,251.3424
2024-01-15T18:28:00,COOLING_HEAT_01,19.4468
2024-01-15T18:28:00,PRIMARY_PRES_01,154.8241
2024-01-15T18:28:00,PRIMARY_TEMP_01,296.2626
2024-01-15T18:28:00,PRIMARY_FLOW_01,606.233
2024-01-15T18:28:00,PRIMARY_LEVEL_01,50.2556
2024-01-15T18:29:00,COOLING_TEMP_01,69.4497
2024-01-15T18:29:00,COOLING_PRES_01,10.1102
2024-01-15T18:29:00,COOLING_FLOW_01,252.9648
2024-01-15T18:29:00,PRIMARY_PRES_01,154.8796
2024-01-15T18:29:00,PRIMARY_TEMP_01,299.1396
2024-01-15T18:29:00,PRIMARY_FLOW_01,597.8246
2024-01-15T18:30:00,COOLING_TEMP_01,69.776
2024-01-15T18:30:00,COOLING_PRES_01,9.9496
2024-01-15T18:30:00,COOLING_FLOW_01,252.8109
2024-01-15T18:30:00,COOLING_HEAT_01,19.918
2024-01-15T18:30:00,PRIMARY_PRES_01,154.9073
2024-01-15T18:30:00,PRIMARY_TEMP_01,297.6693
2024-01-15T18:30:00,PRIMARY_FLOW_01,608.6829
2024-01-15T18:30:00,PRIMARY_LEVEL_01,50.1027
2024-01-15T18:31:00,COOLING_TEMP_01,68.8043
2024-01-15T18:31:00,COOLING_PRES_01,10.1768
2024-01-15T18:31:00,COOLING_FLOW_01,251.6677
2024-01-15T18:31:00,PRIMARY_PRES_01,154.5666
2024-01-15T18:31:00,PRIMARY_TEMP_01,297.8526
2024-01-15T18:31:00,PRIMARY_FLOW_01,599.504
2024-01-15T18:32:00,COOLING_TEMP_01,68.4133
2024-01-15T18:32:00,COOLING_PRES_01,10.0621
2024-01-15T18:32:00,COOLING_FLOW_01,253.5318
2024-01-15T18:32:00,COOLING_HEAT_01,19.3036
2024-01-15T18:32:00,PRIMARY_PRES_01,154.8832
2024-01-15T18:32:00,PRIMARY_TEMP_01,298.7242
2024-01-15T18:32:00,PRIMARY_FLOW_01,597.417
2024-01-15T18:32:00,PRIMARY_LEVEL_01,50.263
2024-01-15T18:33:00,COOLING_TEMP_01,69.7829
2024-01-15T18:33:00,COOLING_PRES_01,10.0528
2024-01-15T18:33:00,COOLING_FLOW_01,250.7032
2024-01-15T18:33:00,PRIMARY_PRES_01,154.5259
2024-01-15T18:33:00,PRIMARY_TEMP_01,296.6448
2024-01-15T18:33:00,PRIMARY_FLOW_01,602.9573
2024-01-15T18:34:00,COOLING_TEMP_01,69.3266
2024-01-15T18:34:00,COOLING_PRES_01,9.9557
2024-01-15T18:34:00,COOLING_FLOW_01,250.8776
2024-01-15T18:34:00,COOLING_HEAT_01,19.3506
2024-01-15T18:34:00,PRIMARY_PRES_01,155.0999
2024-01-15T18:34:00,PRIMARY_TEMP_01,299.8297
2024-01-15T18:34:00,PRIMARY_FLOW_01,617.8527
2024-01-15T18:34:00,PRIMARY_LEVEL_01,51.6086
2024-01-15T18:35:00,COOLING_TEMP_01,68.741
2024-01-15T18:35:00,COOLING_PRES_01,10.0341
2024-01-15T18:35:00,COOLING_FLOW_01,242.2299
2024-01-15T18:35:00,PRIMARY_PRES_01,155.1048
2024-01-15T18:35:00,PRIMARY_TEMP_01,297.4399
2024-01-15T18:35:00,PRIMARY_FLOW_01,605.8422
2024-01-15T18:36:00,COOLING_TEMP_01,70.6322
2024-01-15T18:36:00,COOLING_PRES_01,9.9826
2024-01-15T18:36:00,COOLING_FLOW_01,246.7653
2024-01-15T18:36:00,COOLING_HEAT_01,19.0335
2024-01-15T18:36:00,PRIMARY_PRES_01,154.5715
2024-01-15T18:36:00,PRIMARY_TEMP_01,299.8829
2024-01-15T18:36:00,PRIMARY_FLOW_01,597.1881
2024-01-15T18:36:00,PRIMARY_LEVEL_01,50.8008
2024-01-15T18:37:00,COOLING_TEMP_01,67.6823
2024-01-15T18:37:00,COOLING_PRES_01,9.7308
2024-01-15T18:37:00,COOLING_FLOW_01,252.7526
2024-01-15T18:37:00,PRIMARY_PRES_01,155.2679
2024-01-15T18:37:00,PRIMARY_TEMP_01,295.2589
2024-01-15T18:37:00,PRIMARY_FLOW_01,592.0911
2024-01-15T18:38:00,COOLING_TEMP_01,69.0805
2024-01-15T18:38:00,COOLING_PRES_01,9.9089
2024-01-15T18:38:00,COOLING_FLOW_01,246.3673
2024-01-15T18:38:00,COOLING_HEAT_01,20.0788
2024-01-15T18:38:00,PRIMARY_PRES_01,154.9692
2024-01-15T18:38:00,PRIMARY_TEMP_01,298.817
2024-01-15T18:38:00,PRIMARY_FLOW_01,605.627
2024-01-15T18:38:00,PRIMARY_LEVEL_01,49.6975
2024-01-15T18:39:00,COOLING_TEMP_01,68.2353
2024-01-15T18:39:00,COOLING_PRES_01,10.0447
2024-01-15T18:39:00,COOLING_FLOW_01,250.5191
2024-01-15T18:39:00,PRIMARY_PRES_01,154.8355
2024-01-15T18:39:00,PRIMARY_TEMP_01,298.362
2024-01-15T18:39:00,PRIMARY_FLOW_01,599.2566
2024-01-15T18:40:00,COOLING_TEMP_01,68.741
2024-01-15T18:40:00,COOLING_PRES_01,9.9504
2024-01-15T18:40:00,COOLING_FLOW_01,252.7458
2024-01-15T18:40:00,COOLING_HEAT_01,19.557
2024-01-15T18:40:00,PRIMARY_PRES_01,154.9074
2024-01-15T18:40:00,PRIMARY_TEMP_01,301.0359
2024-01-15T18:40:00,PRIMARY_FLOW_01,600.6864
2024-01-15T18:40:00,PRIMARY_LEVEL_01,49.8767
2024-01-15T18:41:00,COOLING_TEMP_01,68.5355
2024-01-15T18:41:00,COOLING_PRES_01,10.0883
2024-01-15T18:41:00,COOLING_FLOW_01,251.197
2024-01-15T18:41:00,PRIMARY_PRES_01,154.7879
2024-01-15T18:41:00,PRIMARY_TEMP_01,299.0724
2024-01-15T18:41:00,PRIMARY_FLOW_01,607.1322
2024-01-15T18:42:00,COOLING_TEMP_01,69.1401
2024-01-15T18:42:00,COOLING_PRES_01,10.0745
2024-01-15T18:42:00,COOLING_FLOW_01,252.835
2024-01-15T18:42:00,COOLING_HEAT_01,19.2711
2024-01-15T18:42:00,PRIMARY_PRES_01,155.4398
2024-01-15T18:42:00,PRIMARY_TEMP_01,298.1535
2024-01-15T18:42:00,PRIMARY_FLOW_01,607.9486
2024-01-15T18:42:00,PRIMARY_LEVEL_01,49.5352
2024-01-15T18:43:00,COOLING_TEMP_01,68.1077
2024-01-15T18:43:00,COOLING_PRES_01,10.0582
2024-01-15T18:43:00,COOLING_FLOW_01,252.4698
2024-01-15T18:43:00,PRIMARY_PRES_01,154.5777
2024-01-15T18:43:00,PRIMARY_TEMP_01,297.7549
2024-01-15T18:43:00,PRIMARY_FLOW_01,595.0452
2024-01-15T18:44:00,COOLING_TEMP_01,68.0119
2024-01-15T18:44:00,COOLING_PRES_01,10.0727
2024-01-15T18:44:00,COOLING_FLOW_01,250.2462
2024-01-15T18:44:00,COOLING_HEAT_01,19.8238
2024-01-15T18:44:00,PRIMARY_PRES_01,155.3134
2024-01-15T18:44:00,PRIMARY_TEMP_01,297.6422
2024-01-15T18:44:00,PRIMARY_FLOW_01,601.2485
2024-01-15T18:44:00,PRIMARY_LEVEL_01,50.024
2024-01-15T18:45:00,COOLING_TEMP_01,69.7608
2024-01-15T18:45:00,COOLING_PRES_01,9.8714
2024-01-15T18:45:00,COOLING_FLOW_01,250.1149
2024-01-15T18:45:00,PRIMARY_PRES_01,154.7155
2024-01-15T18:45:00,PRIMARY_TEMP_01,298.9538
2024-01-15T18:45:00,PRIMARY_FLOW_01,602.0594
2024-01-15T18:46:00,COOLING_TEMP_01,68.6426
2024-01-15T18:46:00,COOLING_PRES_01,10.1657
2024-01-15T18:46:00,COOLING_FLOW_01,249.2112
2024-01-15T18:46:00,COOLING_HEAT_01,19.9771
2024-01-15T18:46:00,PRIMARY_PRES_01,154.9951
2024-01-15T18:46:00,PRIMARY_TEMP_01,295.6247
2024-01-15T18:46:00,PRIMARY_FLOW_01,587.7459
2024-01-15T18:46:00,PRIMARY_LEVEL_01,50.2231
2024-01-15T18:47:00,COOLING_TEMP_01,69.5277
2024-01-15T18:47:00,COOLING_PRES_01,9.9549
2024-01-15T18:47:00,COOLING_FLOW_01,254.0893
2024-01-15T18:47:00,PRIMARY_PRES_01,154.8634
2024-01-15T18:47:00,PRIMARY_TEMP_01,297.429
2024-01-15T18:47:00,PRIMARY_FLOW_01,598.0158
2024-01-15T18:48:00,COOLING_TEMP_01,68.8298
2024-01-15T18:48:00,COOLING_PRES_01,9.9555
2024-01-15T18:48:00,COOLING_FLOW_01,249.6985
2024-01-15T18:48:00,COOLING_HEAT_01,19.5965
2024-01-15T18:48:00,PRIMARY_PRES_01,155.1058
2024-01-15T18:48:00,PRIMARY_TEMP_01,298.38
2024-01-15T18:48:00,PRIMARY_FLOW_01,601.1835
2024-01-15T18:48:00,PRIMARY_LEVEL_01,49.8333
2024-01-15T18:49:00,COOLING_TEMP_01,69.4181
2024-01-15T18:49:00,COOLING_PRES_01,9.9726
2024-01-15T18:49:00,COOLING_FLOW_01,247.5791
2024-01-15T18:49:00,PRIMARY_PRES_01,155.054
2024-01-15T18:49:00,PRIMARY_TEMP_01,297.0292
2024-01-15T18:49:00,PRIMARY_FLOW_01,599.9679
2024-01-15T18:50:00,COOLING_TEMP_01,67.9723
2024-01-15T18:50:00,COOLING_PRES_01,10.1528
2024-01-15T18:50:00,COOLING_FLOW_01,252.2538
2024-01-15T18:50:00,COOLING_HEAT_01,19.3022
2024-01-15T18:50:00,PRIMARY_PRES_01,154.5295
2024-01-15T18:50:00,PRIMARY_TEMP_01,296.9084
2024-01-15T18:50:00,PRIMARY_FLOW_01,601.428
2024-01-15T18:50:00,PRIMARY_LEVEL_01,50.7154
2024-01-15T18:51:00,COOLING_TEMP_01,69.6032
2024-01-15T18:51:00,COOLING_PRES_01,9.9226
2024-01-15T18:51:00,COOLING_FLOW_01,244.6266
2024-01-15T18:51:00,PRIMARY_PRES_01,155.0904
2024-01-15T18:51:00,PRIMARY_TEMP_01,298.5716
2024-01-15T18:51:00,PRIMARY_FLOW_01,601.0983
2024-01-15T18:52:00,COOLING_TEMP_01,70.5284
2024-01-15T18:52:00,COOLING_PRES_01,9.84
2024-01-15T18:52:00,COOLING_FLOW_01,247.395
2024-01-15T18:52:00,COOLING_HEAT_01,19.6155
2024-01-15T18:52:00,PRIMARY_PRES_01,155.1286
2024-01-15T18:52:00,PRIMARY_TEMP_01,299.6554
2024-01-15T18:52:00,PRIMARY_FLOW_01,609.2302
2024-01-15T18:52:00,PRIMARY_LEVEL_01,49.7366
2024-01-15T18:53:00,COOLING_TEMP_01,69.1943
2024-01-15T18:53:00,COOLING_PRES_01,9.9783
2024-01-15T18:53:00,COOLING_FLOW_01,250.845
2024-01-15T18:53:00,PRIMARY_PRES_01,154.989
2024-01-15T18:53:00,PRIMARY_TEMP_01,298.3894
2024-01-15T18:53:00,PRIMARY_FLOW_01,593.0362
2024-01-15T18:54:00,COOLING_TEMP_01,68.3709
2024-01-15T18:54:00,COOLING_PRES_01,9.9342
2024-01-15T18:54:00,COOLING_FLOW_01,253.4687
2024-01-15T18:54:00,COOLING_HEAT_01,19.2098
2024-01-15T18:54:00,PRIMARY_PRES_01,154.7126
2024-01-15T18:54:00,PRIMARY_TEMP_01,297.1205
2024-01-15T18:54:00,PRIMARY_FLOW_01,601.8117
2024-01-15T18:54:00,PRIMARY_LEVEL_01,49.6379
2024-01-15T18:55:00,COOLING_TEMP_01,69.3546
2024-01-15T18:55:00,COOLING_PRES_01,10.0467
2024-01-15T18:55:00,COOLING_FLOW_01,257.4234
2024-01-15T18:55:00,PRIMARY_PRES_01,154.5856
2024-01-15T18:55:00,PRIMARY_TEMP_01,300.7527
2024-01-15T18:55:00,PRIMARY_FLOW_01,607.1872
2024-01-15T18:56:00,COOLING_TEMP_01,69.3786
2024-01-15T18:56:00,COOLING_PRES_01,9.8331
2024-01-15T18:56:00,COOLING_FLOW_01,249.1641
2024-01-15T18:56:00,COOLING_HEAT_01,19.7754
2024-01-15T18:56:00,PRIMARY_PRES_01,155.502
2024-01-15T18:56:00,PRIMARY_TEMP_01,298.3498
2024-01-15T18:56:00,PRIMARY_FLOW_01,591.2056
2024-01-15T18:56:00,PRIMARY_LEVEL_01,49.9482
2024-01-15T18:57:00,COOLING_TEMP_01,68.6469
2024-01-15T18:57:00,COOLING_PRES_01,10.0493
2024-01-15T18:57:00,COOLING_FLOW_01,253.6506
2024-01-15T18:57:00,PRIMARY_PRES_01,154.9597
2024-01-15T18:57:00,PRIMARY_TEMP_01,298.2011
2024-01-15T18:57:00,PRIMARY_FLOW_01,594.4476
2024-01-15T18:58:00,COOLING_TEMP_01,69.6302
2024-01-15T18:58:00,COOLING_PRES_01,9.9788
2024-01-15T18:58:00,COOLING_FLOW_01,247.8838
2024-01-15T18:58:00,COOLING_HEAT_01,19.1284
2024-01-15T18:58:00,PRIMARY_PRES_01,154.7611
2024-01-15T18:58:00,PRIMARY_TEMP_01,298.1147
2024-01-15T18:58:00,PRIMARY_FLOW_01,599.9655
2024-01-15T18:58:00,PRIMARY_LEVEL_01,51.2224
2024-01-15T18:59:00,COOLING_TEMP_01,68.7277
2024-01-15T18:59:00,COOLING_PRES_01,10.1731
2024-01-15T18:59:00,COOLING_FLOW_01,254.355
2024-01-15T18:59:00,PRIMARY_PRES_01,154.6722
2024-01-15T18:59:00,PRIMARY_TEMP_01,297.6212
2024-01-15T18:59:00,PRIMARY_FLOW_01,608.544
2024-01-15T19:00:00,COOLING_TEMP_01,69.1814
2024-01-15T19:00:00,COOLING_PRES_01,10.0304
2024-01-15T19:00:00,COOLING_FLOW_01,248.6841
2024-01-15T19:00:00,COOLING_HEAT_01,19.5752
2024-01-15T19:00:00,PRIMARY_PRES_01,155.2205
2024-01-15T19:00:00,PRIMARY_TEMP_01,296.2531
2024-01-15T19:00:00,PRIMARY_FLOW_01,597.1167
2024-01-15T19:00:00,PRIMARY_LEVEL_01,50.1941
2024-01-15T19:01:00,COOLING_TEMP_01,69.6403
2024-01-15T19:01:00,COOLING_PRES_01,9.933
2024-01-15T19:01:00,COOLING_FLOW_01,250.5086
2024-01-15T19:01:00,PRIMARY_PRES_01,154.8962
2024-01-15T19:01:00,PRIMARY_TEMP_01,298.5941
2024-01-15T19:01:00,PRIMARY_FLOW_01,600.4205
2024-01-15T19:02:00,COOLING_TEMP_01,70.169
2024-01-15T19:02:00,COOLING_PRES_01,9.872
2024-01-15T19:02:00,COOLING_FLOW_01,250.3232
2024-01-15T19:02:00,COOLING_HEAT_01,19.176
2024-01-15T19:02:00,PRIMARY_PRES_01,155.0518
2024-01-15T19:02:00,PRIMARY_TEMP_01,296.8024
2024-01-15T19:02:00,PRIMARY_FLOW_01,594.5144
2024-01-15T19:02:00,PRIMARY_LEVEL_01,49.9885
2024-01-15T19:03:00,COOLING_TEMP_01,69.255
2024-01-15T19:03:00,COOLING_PRES_01,9.9873
2024-01-15T19:03:00,COOLING_FLOW_01,248.8066
2024-01-15T19:03:00,PRIMARY_PRES_01,155.0856
2024-01-15T19:03:00,PRIMARY_TEMP_01,296.6909
2024-01-15T19:03:00,PRIMARY_FLOW_01,612.4125
2024-01-15T19:04:00,COOLING_TEMP_01,68.2994
2024-01-15T19:04:00,COOLING_PRES_01,9.9452
2024-01-15T19:04:00,COOLING_FLOW_01,247.964
2024-01-15T19:04:00,COOLING_HEAT_01,19.656
2024-01-15T19:04:00,PRIMARY_PRES_01,154.7961
2024-01-15T19:04:00,PRIMARY_TEMP_01,297.0381
2024-01-15T19:04:00,PRIMARY_FLOW_01,616.6041
2024-01-15T19:04:00,PRIMARY_LEVEL_01,51.3707
2024-01-15T19:05:00,COOLING_TEMP_01,67.4511
2024-01-15T19:05:00,COOLING_PRES_01,10.0925
2024-01-15T19:05:00,COOLING_FLOW_01,253.0755
2024-01-15T19:05:00,PRIMARY_PRES_01,155.2208
2024-01-15T19:05:00,PRIMARY_TEMP_01,296.1051
2024-01-15T19:05:00,PRIMARY_FLOW_01,603.9205
2024-01-15T19:06:00,COOLING_TEMP_01,68.8984
2024-01-15T19:06:00,COOLING_PRES_01,10.0454
2024-01-15T19:06:00,COOLING_FLOW_01,250.8113
2024-01-15T19:06:00,COOLING_HEAT_01,19.1311
2024-01-15T19:06:00,PRIMARY_PRES_01,155.129
2024-01-15T19:06:00,PRIMARY_TEMP_01,297.7071
2024-01-15T19:06:00,PRIMARY_FLOW_01,595.5658
2024-01-15T19:06:00,PRIMARY_LEVEL_01,50.3078
2024-01-15T19:07:00,COOLING_TEMP_01,69.5717
2024-01-15T19:07:00,COOLING_PRES_01,9.9287
2024-01-15T19:07:00,COOLING_FLOW_01,255.1625
2024-01-15T19:07:00,PRIMARY_PRES_01,155.2955
2024-01-15T19:07:00,PRIMARY_TEMP_01,296.4006
2024-01-15T19:07:00,PRIMARY_FLOW_01,595.5481
2024-01-15T19:08:00,COOLING_TEMP_01,69.2519
2024-01-15T19:08:00,COOLING_PRES_01,9.8291
2024-01-15T19:08:00,COOLING_FLOW_01,250.8281
2024-01-15T19:08:00,COOLING_HEAT_01,19.4849
2024-01-15T19:08:00,PRIMARY_PRES_01,154.8304
2024-01-15T19:08:00,PRIMARY_TEMP_01,298.6531
2024-01-15T19:08:00,PRIMARY_FLOW_01,607.0424
2024-01-15T19:08:00,PRIMARY_LEVEL_01,49.506
2024-01-15T19:09:00,COOLING_TEMP_01,70.6571
2024-01-15T19:09:00,COOLING_PRES_01,10.0206
2024-01-15T19:09:00,COOLING_FLOW_01,249.0388
2024-01-15T19:09:00,PRIMARY_PRES_01,154.3393
2024-01-15T19:09:00,PRIMARY_TEMP_01,298.1927
2024-01-15T19:09:00,PRIMARY_FLOW_01,596.8658
2024-01-15T19:10:00,COOLING_TEMP_01,68.7411
2024-01-15T19:10:00,COOLING_PRES_01,9.6923
2024-01-15T19:10:00,COOLING_FLOW_01,251.0769
2024-01-15T19:10:00,COOLING_HEAT_01,19.6231
2024-01-15T19:10:00,PRIMARY_PRES_01,154.8792
2024-01-15T19:10:00,PRIMARY_TEMP_01,299.4487
2024-01-15T19:10:00,PRIMARY_FLOW_01,607.5805
2024-01-15T19:10:00,PRIMARY_LEVEL_01,49.5399
2024-01-15T19:11:00,COOLING_TEMP_01,68.4902
2024-01-15T19:11:00,COOLING_PRES_01,10.1746
2024-01-15T19:11:00,COOLING_FLOW_01,250.9122
2024-01-15T19:11:00,PRIMARY_PRES_01,155.3149
2024-01-15T19:11:00,PRIMARY_TEMP_01,298.7457
2024-01-15T19:11:00,PRIMARY_FLOW_01,588.0164
2024-01-15T19:12:00,COOLING_TEMP_01,70.1378
2024-01-15T19:12:00,COOLING_PRES_01,9.8161
2024-01-15T19:12:00,COOLING_FLOW_01,249.7788
2024-01-15T19:12:00,COOLING_HEAT_01,19.9324
2024-01-15T19:12:00,PRIMARY_PRES_01,154.9599
2024-01-15T19:12:00,PRIMARY_TEMP_01,296.4266
2024-01-15T19:12:00,PRIMARY_FLOW_01,610.0503
2024-01-15T19:12:00,PRIMARY_LEVEL_01,50.1707
2024-01-15T19:13:00,COOLING_TEMP_01,68.6415
2024-01-15T19:13:00,COOLING_PRES_01,10.1343
2024-01-15T19:13:00,COOLING_FLOW_01,254.8088
2024-01-15T19:13:00,PRIMARY_PRES_01,154.9187
2024-01-15T19:13:00,PRIMARY_TEMP_01,298.9597
2024-01-15T19:13:00,PRIMARY_FLOW_01,608.1696
2024-01-15T19:14:00,COOLING_TEMP_01,67.9979
2024-01-15T19:14:00,COOLING_PRES_01,9.8528
2024-01-15T19:14:00,COOLING_FLOW_01,251.1331
2024-01-15T19:14:00,COOLING_HEAT_01,19.397
2024-01-15T19:14:00,PRIMARY_PRES_01,155.1997
2024-01-15T19:14:00,PRIMARY_TEMP_01,297.8183
2024-01-15T19:14:00,PRIMARY_FLOW_01,602.8161
2024-01-15T19:14:00,PRIMARY_LEVEL_01,48.4835
2024-01-15T19:15:00,COOLING_TEMP_01,70.642
2024-01-15T19:15:00,COOLING_PRES_01,10.1716
2024-01-15T19:15:00,COOLING_FLOW_01,255.0695
2024-01-15T19:15:00,PRIMARY_PRES_01,155.1891
2024-01-15T19:15:00,PRIMARY_TEMP_01,298.7835
2024-01-15T19:15:00,PRIMARY_FLOW_01,603.9905
2024-01-15T19:16:00,COOLING_TEMP_01,68.925
2024-01-15T19:16:00,COOLING_PRES_01,10.0825
2024-01-15T19:16:00,COOLING_FLOW_01,250.6314
2024-01-15T19:16:00,COOLING_HEAT_01,19.3866
2024-01-15T19:16:00,PRIMARY_PRES_01,155.2064
2024-01-15T19:16:00,PRIMARY_TEMP_01,297.0516
2024-01-15T19:16:00,PRIMARY_FLOW_01,603.0732
2024-01-15T19:16:00,PRIMARY_LEVEL_01,50.22
2024-01-15T19:17:00,COOLING_TEMP_01,69.4053
2024-01-15T19:17:00,COOLING_PRES_01,10.134
2024-01-15T19:17:00,COOLING_FLOW_01,252.6981
2024-01-15T19:17:00,PRIMARY_PRES_01,155.0287
2024-01-15T19:17:00,PRIMARY_TEMP_01,298.8814
2024-01-15T19:17:00,PRIMARY_FLOW_01,611.2132
2024-01-15T19:18:00,COOLING_TEMP_01,68.9711
2024-01-15T19:18:00,COOLING_PRES_01,10.0072
2024-01-15T19:18:00,COOLING_FLOW_01,249.832
2024-01-15T19:18:00,COOLING_HEAT_01,19.3425
2024-01-15T19:18:00,PRIMARY_PRES_01,155.2428
2024-01-15T19:18:00,PRIMARY_TEMP_01,296.806
2024-01-15T19:18:00,PRIMARY_FLOW_01,601.8633
2024-01-15T19:18:00,PRIMARY_LEVEL_01,50.0836
2024-01-15T19:19:00,COOLING_TEMP_01,69.0676
2024-01-15T19:19:00,COOLING_PRES_01,10.08
2024-01-15T19:19:00,COOLING_FLOW_01,253.9578
2024-01-15T19:19:00,PRIMARY_PRES_01,155.1069
2024-01-15T19:19:00,PRIMARY_TEMP_01,296.6282
2024-01-15T19:19:00,PRIMARY_FLOW_01,600.8701
2024-01-15T19:20:00,COOLING_TEMP_01,69.3251
2024-01-15T19:20:00,COOLING_PRES_01,10.1102
2024-01-15T19:20:00,COOLING_FLOW_01,248.9607
2024-01-15T19:20:00,COOLING_HEAT_01,19.6391
2024-01-15T19:20:00,PRIMARY_PRES_01,154.737
2024-01-15T19:20:00,PRIMARY_TEMP_01,298.6181
2024-01-15T19:20:00,PRIMARY_FLOW_01,596.5525
2024-01-15T19:20:00,PRIMARY_LEVEL_01,49.9985
2024-01-15T19:21:00,COOLING_TEMP_01,69.1221
2024-01-15T19:21:00,COOLING_PRES_01,10.1741
2024-01-15T19:21:00,COOLING_FLOW_01,248.9746
2024-01-15T19:21:00,PRIMARY_PRES_01,155.1563
2024-01-15T19:21:00,PRIMARY_TEMP_01,296.7739
2024-01-15T19:21:00,PRIMARY_FLOW_01,607.6874
2024-01-15T19:22:00,COOLING_TEMP_01,68.4688
2024-01-15T19:22:00,COOLING_PRES_01,10.0671
2024-01-15T19:22:00,COOLING_FLOW_01,249.2063
2024-01-15T19:22:00,COOLING_HEAT_01,19.1933
2024-01-15T19:22:00,PRIMARY_PRES_01,155.331
2024-01-15T19:22:00,PRIMARY_TEMP_01,298.2504
2024-01-15T19:22:00,PRIMARY_FLOW_01,596.7084
2024-01-15T19:22:00,PRIMARY_LEVEL_01,50.7326
2024-01-15T19:23:00,COOLING_TEMP_01,68.5972
2024-01-15T19:23:00,COOLING_PRES_01,9.9896
2024-01-15T19:23:00,COOLING_FLOW_01,251.5255
2024-01-15T19:23:00,PRIMARY_PRES_01,154.9336
2024-01-15T19:23:00,PRIMARY_TEMP_01,296.9256
2024-01-15T19:23:00,PRIMARY_FLOW_01,597.8637
2024-01-15T19:24:00,COOLING_TEMP_01,68.746
2024-01-15T19:24:00,COOLING_PRES_01,10.0133
2024-01-15T19:24:00,COOLING_FLOW_01,249.466
2024-01-15T19:24:00,COOLING_HEAT_01,19.5442
2024-01-15T19:24:00,PRIMARY_PRES_01,155.1025
2024-01-15T19:24:00,PRIMARY_TEMP_01,300.5488
2024-01-15T19:24:00,PRIMARY_FLOW_01,613.3345
2024-01-15T19:24:00,PRIMARY_LEVEL_01,49.2491
2024-01-15T19:25:00,COOLING_TEMP_01,68.7897
2024-01-15T19:25:00,COOLING_PRES_01,10.093
2024-01-15T19:25:00,COOLING_FLOW_01,253.3458
2024-01-15T19:25:00,PRIMARY_PRES_01,154.675
2024-01-15T19:25:00,PRIMARY_TEMP_01,297.8932
2024-01-15T19:25:00,PRIMARY_FLOW_01,594.3537
2024-01-15T19:26:00,COOLING_TEMP_01,69.3879
2024-01-15T19:26:00,COOLING_PRES_01,9.9104
2024-01-15T19:26:00,COOLING_FLOW_01,251.1309
2024-01-15T19:26:00,COOLING_HEAT_01,19.9273
2024-01-15T19:26:00,PRIMARY_PRES_01,154.8955
2024-01-15T19:26:00,PRIMARY_TEMP_01,300.0756
2024-01-15T19:26:00,PRIMARY_FLOW_01,609.3678
2024-01-15T19:26:00,PRIMARY_LEVEL_01,50.1819
2024-01-15T19:27:00,COOLING_TEMP_01,67.6615
2024-01-15T19:27:00,COOLING_PRES_01,10.1074
2024-01-15T19:27:00,COOLING_FLOW_01,255.0554
2024-01-15T19:27:00,PRIMARY_PRES_01,155.2221
2024-01-15T19:27:00,PRIMARY_TEMP_01,298.4708
2024-01-15T19:27:00,PRIMARY_FLOW_01,601.4009
2024-01-15T19:28:00,COOLING_TEMP_01,68.5576
2024-01-15T19:28:00,COOLING_PRES_01,10.0982
2024-01-15T19:28:00,COOLING_FLOW_01,251.4785
2024-01-15T19:28:00,COOLING_HEAT_01,19.7137
2024-01-15T19:28:00,PRIMARY_PRES_01,154.8531
2024-01-15T19:28:00,PRIMARY_TEMP_01,298.3287
2024-01-15T19:28:00,PRIMARY_FLOW_01,601.5821
2024-01-15T19:28:00,PRIMARY_LEVEL_01,49.8694
2024-01-15T19:29:00,COOLING_TEMP_01,69.7304
2024-01-15T19:29:00,COOLING_PRES_01,9.8517
2024-01-15T19:29:00,COOLING_FLOW_01,249.5825
2024-01-15T19:29:00,PRIMARY_PRES_01,154.849
2024-01-15T19:29:00,PRIMARY_TEMP_01,297.8935
2024-01-15T19:29:00,PRIMARY_FLOW_01,584.6605
2024-01-15T19:30:00,COOLING_TEMP_01,68.9856
2024-01-15T19:30:00,COOLING_PRES_01,10.1711
2024-01-15T19:30:00,COOLING_FLOW_01,248.3824
2024-01-15T19:30:00,COOLING_HEAT_01,19.2974
2024-01-15T19:30:00,PRIMARY_PRES_01,154.9197
2024-01-15T19:30:00,PRIMARY_TEMP_01,296.5626
2024-01-15T19:30:00,PRIMARY_FLOW_01,595.2693
2024-01-15T19:30:00,PRIMARY_LEVEL_01,49.2942
2024-01-15T19:31:00,COOLING_TEMP_01,70.1703
2024-01-15T19:31:00,COOLING_PRES_01,10.1604
2024-01-15T19:31:00,COOLING_FLOW_01,252.9166
2024-01-15T19:31:00,PRIMARY_PRES_01,154.8478
2024-01-15T19:31:00,PRIMARY_TEMP_01,299.4412
2024-01-15T19:31:00,PRIMARY_FLOW_01,599.5762
2024-01-15T19:32:00,COOLING_TEMP_01,68.6913
2024-01-15T19:32:00,COOLING_PRES_01,10.071
2024-01-15T19:32:00,COOLING_FLOW_01,250.7002
2024-01-15T19:32:00,COOLING_HEAT_01,19.5002
2024-01-15T19:32:00,PRIMARY_PRES_01,155.3937
2024-01-15T19:32:00,PRIMARY_TEMP_01,299.6348
2024-01-15T19:32:00,PRIMARY_FLOW_01,607.81
2024-01-15T19:32:00,PRIMARY_LEVEL_01,50.5428
2024-01-15T19:33:00,COOLING_TEMP_01,67.6261
2024-01-15T19:33:00,COOLING_PRES_01,10.0877
2024-01-15T19:33:00,COOLING_FLOW_01,252.7611
2024-01-15T19:33:00,PRIMARY_PRES_01,154.8702
2024-01-15T19:33:00,PRIMARY_TEMP_01,298.016
2024-01-15T19:33:00,PRIMARY_FLOW_01,593.9059
2024-01-15T19:34:00,COOLING_TEMP_01,69.2436
2024-01-15T19:34:00,COOLING_PRES_01,10.0725
2024-01-15T19:34:00,COOLING_FLOW_01,243.2587
2024-01-15T19:34:00,COOLING_HEAT_01,19.495
2024-01-15T19:34:00,PRIMARY_PRES_01,155.0589
2024-01-15T19:34:00,PRIMARY_TEMP_01,300.5416
2024-01-15T19:34:00,PRIMARY_FLOW_01,603.3411
2024-01-15T19:34:00,PRIMARY_LEVEL_01,50.1051
2024-01-15T19:35:00,COOLING_TEMP_01,69.3488
2024-01-15T19:35:00,COOLING_PRES_01,10.0502
2024-01-15T19:35:00,COOLING_FLOW_01,251.3262
2024-01-15T19:35:00,PRIMARY_PRES_01,154.919
2024-01-15T19:35:00,PRIMARY_TEMP_01,296.3851
2024-01-15T19:35:00,PRIMARY_FLOW_01,599.675
2024-01-15T19:36:00,COOLING_TEMP_01,69.7724
2024-01-15T19:36:00,COOLING_PRES_01,10.1987
2024-01-15T19:36:00,COOLING_FLOW_01,250.5196
2024-01-15T19:36:00,COOLING_HEAT_01,19.2985
2024-01-15T19:36:00,PRIMARY_PRES_01,154.9328
2024-01-15T19:36:00,PRIMARY_TEMP_01,297.0099
2024-01-15T19:36:00,PRIMARY_FLOW_01,601.5822
2024-01-15T19:36:00,PRIMARY_LEVEL_01,50.6751
2024-01-15T19:37:00,COOLING_TEMP_01,68.8149
2024-01-15T19:37:00,COOLING_PRES_01,10.0843
2024-01-15T19:37:00,COOLING_FLOW_01,250.6583
2024-01-15T19:37:00,PRIMARY_PRES_01,154.986
2024-01-15T19:37:00,PRIMARY_TEMP_01,299.8829
2024-01-15T19:37:00,PRIMARY_FLOW_01,604.7708
2024-01-15T19:38:00,COOLING_TEMP_01,68.5486
2024-01-15T19:38:00,COOLING_PRES_01,9.9868
2024-01-15T19:38:00,COOLING_FLOW_01,250.1522
2024-01-15T19:38:00,COOLING_HEAT_01,19.9222
2024-01-15T19:38:00,PRIMARY_PRES_01,154.3603
2024-01-15T19:38:00,PRIMARY_TEMP_01,296.5774
2024-01-15T19:38:00,PRIMARY_FLOW_01,593.8069
2024-01-15T19:38:00,PRIMARY_LEVEL_01,50.4462
2024-01-15T19:39:00,COOLING_TEMP_01,69.7485
2024-01-15T19:39:00,COOLING_PRES_01,10.2065
2024-01-15T19:39:00,COOLING_FLOW_01,246.699
2024-01-15T19:39:00,PRIMARY_PRES_01,154.8063
2024-01-15T19:39:00,PRIMARY_TEMP_01,296.9776
2024-01-15T19:39:00,PRIMARY_FLOW_01,590.2013
2024-01-15T19:40:00,COOLING_TEMP_01,70.2745
2024-01-15T19:40:00,COOLING_PRES_01,10.0225
2024-01-15T19:40:00,COOLING_FLOW_01,246.7608
2024-01-15T19:40:00,COOLING_HEAT_01,19.5067
2024-01-15T19:40:00,PRIMARY_PRES_01,155.1814
2024-01-15T19:40:00,PRIMARY_TEMP_01,299.2225
2024-01-15T19:40:00,PRIMARY_FLOW_01,603.1312
2024-01-15T19:40:00,PRIMARY_LEVEL_01,49.5934
2024-01-15T19:41:00,COOLING_TEMP_01,69.8724
2024-01-15T19:41:00,COOLING_PRES_01,9.8709
2024-01-15T19:41:00,COOLING_FLOW_01,255.7199
2024-01-15T19:41:00,PRIMARY_PRES_01,155.3364
2024-01-15T19:41:00,PRIMARY_TEMP_01,298.1018
2024-01-15T19:41:00,PRIMARY_FLOW_01,599.0905
2024-01-15T19:42:00,COOLING_TEMP_01,68.9779
2024-01-15T19:42:00,COOLING_PRES_01,9.9135
2024-01-15T19:42:00,COOLING_FLOW_01,249.1723
2024-01-15T19:42:00,COOLING_HEAT_01,19.9195
2024-01-15T19:42:00,PRIMARY_PRES_01,155.4748
2024-01-15T19:42:00,PRIMARY_TEMP_01,299.5484
2024-01-15T19:42:00,PRIMARY_FLOW_01,609.2108
2024-01-15T19:42:00,PRIMARY_LEVEL_01,50.5047
2024-01-15T19:43:00,COOLING_TEMP_01,70.0894
2024-01-15T19:43:00,COOLING_PRES_01,10.0962
2024-01-15T19:43:00,COOLING_FLOW_01,245.2413
2024-01-15T19:43:00,PRIMARY_PRES_01,155.4901
2024-01-15T19:43:00,PRIMARY_TEMP_01,297.2896
2024-01-15T19:43:00,PRIMARY_FLOW_01,597.6224
2024-01-15T19:44:00,COOLING_TEMP_01,68.7371
2024-01-15T19:44:00,COOLING_PRES_01,10.2098
2024-01-15T19:44:00,COOLING_FLOW_01,252.3033
2024-01-15T19:44:00,COOLING_HEAT_01,19.6258
2024-01-15T19:44:00,PRIMARY_PRES_01,155.5174
2024-01-15T19:44:00,PRIMARY_TEMP_01,297.8502
2024-01-15T19:44:00,PRIMARY_FLOW_01,603.7053
2024-01-15T19:44:00,PRIMARY_LEVEL_01,50.2063
2024-01-15T19:45:00,COOLING_TEMP_01,68.6396
2024-01-15T19:45:00,COOLING_PRES_01,9.9738
2024-01-15T19:45:00,COOLING_FLOW_01,256.1353
2024-01-15T19:45:00,PRIMARY_PRES_01,155.449
2024-01-15T19:45:00,PRIMARY_TEMP_01,297.9486
2024-01-15T19:45:00,PRIMARY_FLOW_01,595.3727
2024-01-15T19:46:00,COOLING_TEMP_01,69.7512
2024-01-15T19:46:00,COOLING_PRES_01,9.9043
2024-01-15T19:46:00,COOLING_FLOW_01,252.9757
2024-01-15T19:46:00,COOLING_HEAT_01,19.1554
2024-01-15T19:46:00,PRIMARY_PRES_01,154.94
2024-01-15T19:46:00,PRIMARY_TEMP_01,299.8329
2024-01-15T19:46:00,PRIMARY_FLOW_01,595.3368
2024-01-15T19:46:00,PRIMARY_LEVEL_01,49.5954
2024-01-15T19:47:00,COOLING_TEMP_01,68.396
2024-01-15T19:47:00,COOLING_PRES_01,9.8868
2024-01-15T19:47:00,COOLING_FLOW_01,250.1953
2024-01-15T19:47:00,PRIMARY_PRES_01,155.0194
2024-01-15T19:47:00,PRIMARY_TEMP_01,298.6916
2024-01-15T19:47:00,PRIMARY_FLOW_01,595.362
2024-01-15T19:48:00,COOLING_TEMP_01,69.7234
2024-01-15T19:48:00,COOLING_PRES_01,9.778
2024-01-15T19:48:00,COOLING_FLOW_01,246.5226
2024-01-15T19:48:00,COOLING_HEAT_01,19.3867
2024-01-15T19:48:00,PRIMARY_PRES_01,155.555
2024-01-15T19:48:00,PRIMARY_TEMP_01,297.1326
2024-01-15T19:48:00,PRIMARY_FLOW_01,598.9045
2024-01-15T19:48:00,PRIMARY_LEVEL_01,48.8902
2024-01-15T19:49:00,COOLING_TEMP_01,69.6739
2024-01-15T19:49:00,COOLING_PRES_01,9.9319
2024-01-15T19:49:00,COOLING_FLOW_01,251.3416
2024-01-15T19:49:00,PRIMARY_PRES_01,154.7975
2024-01-15T19:49:00,PRIMARY_TEMP_01,298.7244
2024-01-15T19:49:00,PRIMARY_FLOW_01,599.482
2024-01-15T19:50:00,COOLING_TEMP_01,69.5792
2024-01-15T19:50:00,COOLING_PRES_01,9.6834
2024-01-15T19:50:00,COOLING_FLOW_01,249.965
2024-01-15T19:50:00,COOLING_HEAT_01,19.4544
2024-01-15T19:50:00,PRIMARY_PRES_01,154.7718
2024-01-15T19:50:00,PRIMARY_TEMP_01,299.1352
2024-01-15T19:50:00,PRIMARY_FLOW_01,596.4906
2024-01-15T19:50:00,PRIMARY_LEVEL_01,50.494
2024-01-15T19:51:00,COOLING_TEMP_01,68.6504
2024-01-15T19:51:00,COOLING_PRES_01,10.1342
2024-01-15T19:51:00,COOLING_FLOW_01,245.6624
2024-01-15T19:51:00,PRIMARY_PRES_01,154.9029
2024-01-15T19:51:00,PRIMARY_TEMP_01,299.7864
2024-01-15T19:51:00,PRIMARY_FLOW_01,594.0994
2024-01-15T19:52:00,COOLING_TEMP_01,69.9915
2024-01-15T19:52:00,COOLING_PRES_01,9.7721
2024-01-15T19:52:00,COOLING_FLOW_01,253.2638
2024-01-15T19:52:00,COOLING_HEAT_01,20.0557
2024-01-15T19:52:00,PRIMARY_PRES_01,155.2418
2024-01-15T19:52:00,PRIMARY_TEMP_01,298.4278
2024-01-15T19:52:00,PRIMARY_FLOW_01,595.4845
2024-01-15T19:52:00,PRIMARY_LEVEL_01,49.8849
2024-01-15T19:53:00,COOLING_TEMP_01,68.2943
2024-01-15T19:53:00,COOLING_PRES_01,10.1867
2024-01-15T19:53:00,COOLING_FLOW_01,250.8534
2024-01-15T19:53:00,PRIMARY_PRES_01,155.1879
2024-01-15T19:53:00,PRIMARY_TEMP_01,299.0434
2024-01-15T19:53:00,PRIMARY_FLOW_01,603.5361
2024-01-15T19:54:00,COOLING_TEMP_01,69.4863
2024-01-15T19:54:00,COOLING_PRES_01,10.0252
2024-01-15T19:54:00,COOLING_FLOW_01,251.3149
2024-01-15T19:54:00,COOLING_HEAT_01,19.6418
2024-01-15T19:54:00,PRIMARY_PRES_01,154.8753
2024-01-15T19:54:00,PRIMARY_TEMP_01,298.58
2024-01-15T19:54:00,PRIMARY_FLOW_01,588.3937
2024-01-15T19:54:00,PRIMARY_LEVEL_01,50.1945
2024-01-15T19:55:00,COOLING_TEMP_01,69.112
2024-01-15T19:55:00,COOLING_PRES_01,10.1016
2024-01-15T19:55:00,COOLING_FLOW_01,249.4176
2024-01-15T19:55:00,PRIMARY_PRES_01,155.4263
2024-01-15T19:55:00,PRIMARY_TEMP_01,299.0471
2024-01-15T19:55:00,PRIMARY_FLOW_01,597.8724
2024-01-15T19:56:00,COOLING_TEMP_01,69.7663
2024-01-15T19:56:00,COOLING_PRES_01,10.0199
2024-01-15T19:56:00,COOLING_FLOW_01,253.737
2024-01-15T19:56:00,COOLING_HEAT_01,18.904
2024-01-15T19:56:00,PRIMARY_PRES_01,155.1002
2024-01-15T19:56:00,PRIMARY_TEMP_01,298.872
2024-01-15T19:56:00,PRIMARY_FLOW_01,598.9477
2024-01-15T19:56:00,PRIMARY_LEVEL_01,50.5897
2024-01-15T19:57:00,COOLING_TEMP_01,68.899
2024-01-15T19:57:00,COOLING_PRES_01,9.891
2024-01-15T19:57:00,COOLING_FLOW_01,252.9608
2024-01-15T19:57:00,PRIMARY_PRES_01,154.5896
2024-01-15T19:57:00,PRIMARY_TEMP_01,300.775
2024-01-15T19:57:00,PRIMARY_FLOW_01,603.2398
2024-01-15T19:58:00,COOLING_TEMP_01,69.7936
2024-01-15T19:58:00,COOLING_PRES_01,10.0271
2024-01-15T19:58:00,COOLING_FLOW_01,250.0547
2024-01-15T19:58:00,COOLING_HEAT_01,20.2284
2024-01-15T19:58:00,PRIMARY_PRES_01,154.808
2024-01-15T19:58:00,PRIMARY_TEMP_01,296.6813
2024-01-15T19:58:00,PRIMARY_FLOW_01,607.6346
2024-01-15T19:58:00,PRIMARY_LEVEL_01,49.7355
2024-01-15T19:59:00,COOLING_TEMP_01,69.0108
2024-01-15T19:59:00,COOLING_PRES_01,10.2111
2024-01-15T19:59:00,COOLING_FLOW_01,249.4718
2024-01-15T19:59:00,PRIMARY_PRES_01,154.6819
2024-01-15T19:59:00,PRIMARY_TEMP_01,299.0283
2024-01-15T19:59:00,PRIMARY_FLOW_01,607.3936
2024-01-15T20:00:00,COOLING_TEMP_01,69.5332
2024-01-15T20:00:00,COOLING_PRES_01,10.1369
2024-01-15T20:00:00,COOLING_FLOW_01,250.4332
2024-01-15T20:00:00,COOLING_HEAT_01,19.5095
2024-01-15T20:00:00,PRIMARY_PRES_01,154.9019
2024-01-15T20:00:00,PRIMARY_TEMP_01,297.7126
2024-01-15T20:00:00,PRIMARY_FLOW_01,598.5943
2024-01-15T20:00:00,PRIMARY_LEVEL_01,50.5811
2024-01-15T20:01:00,COOLING_TEMP_01,69.0495
2024-01-15T20:01:00,COOLING_PRES_01,10.1718
2024-01-15T20:01:00,COOLING_FLOW_01,251.8447
2024-01-15T20:01:00,PRIMARY_PRES_01,154.4987
2024-01-15T20:01:00,PRIMARY_TEMP_01,298.0768
2024-01-15T20:01:00,PRIMARY_FLOW_01,602.3597
2024-01-15T20:02:00,COOLING_TEMP_01,68.964
2024-01-15T20:02:00,COOLING_PRES_01,9.9238
2024-01-15T20:02:00,COOLING_FLOW_01,249.7206
2024-01-15T20:02:00,COOLING_HEAT_01,19.5829
2024-01-15T20:02:00,PRIMARY_PRES_01,155.0171
2024-01-15T20:02:00,PRIMARY_TEMP_01,299.6014
2024-01-15T20:02:00,PRIMARY_FLOW_01,611.8853
2024-01-15T20:02:00,PRIMARY_LEVEL_01,50.9844
2024-01-15T20:03:00,COOLING_TEMP_01,69.9314
2024-01-15T20:03:00,COOLING_PRES_01,9.7754
2024-01-15T20:03:00,COOLING_FLOW_01,250.7835
2024-01-15T20:03:00,PRIMARY_PRES_01,154.8893
2024-01-15T20:03:00,PRIMARY_TEMP_01,297.2856
2024-01-15T20:03:00,PRIMARY_FLOW_01,599.8622
2024-01-15T20:04:00,COOLING_TEMP_01,69.108
2024-01-15T20:04:00,COOLING_PRES_01,9.9269
2024-01-15T20:04:00,COOLING_FLOW_01,249.4287
2024-01-15T20:04:00,COOLING_HEAT_01,19.3064
2024-01-15T20:04:00,PRIMARY_PRES_01,154.8272
2024-01-15T20:04:00,PRIMARY_TEMP_01,298.0901
2024-01-15T20:04:00,PRIMARY_FLOW_01,598.5394
2024-01-15T20:04:00,PRIMARY_LEVEL_01,50.5247
2024-01-15T20:05:00,COOLING_TEMP_01,68.4905
2024-01-15T20:05:00,COOLING_PRES_01,10.0854
2024-01-15T20:05:00,COOLING_FLOW_01,249.3876
2024-01-15T20:05:00,PRIMARY_PRES_01,155.4492
2024-01-15T20:05:00,PRIMARY_TEMP_01,298.4575
2024-01-15T20:05:00,PRIMARY_FLOW_01,604.5087
2024-01-15T20:06:00,COOLING_TEMP_01,70.5225
2024-01-15T20:06:00,COOLING_PRES_01,9.9927
2024-01-15T20:06:00,COOLING_FLOW_01,251.7754
2024-01-15T20:06:00,COOLING_HEAT_01,19.6018
2024-01-15T20:06:00,PRIMARY_PRES_01,155.6944
2024-01-15T20:06:00,PRIMARY_TEMP_01,299.5781
2024-01-15T20:06:00,PRIMARY_FLOW_01,596.0756
2024-01-15T20:06:00,PRIMARY_LEVEL_01,50.9017
2024-01-15T20:07:00,COOLING_TEMP_01,68.0567
2024-01-15T20:07:00,COOLING_PRES_01,9.8642
2024-01-15T20:07:00,COOLING_FLOW_01,247.9284
2024-01-15T20:07:00,PRIMARY_PRES_01,154.6165
2024-01-15T20:07:00,PRIMARY_TEMP_01,297.3798
2024-01-15T20:07:00,PRIMARY_FLOW_01,595.7012
2024-01-15T20:08:00,COOLING_TEMP_01,69.704
2024-01-15T20:08:00,COOLING_PRES_01,9.8137
2024-01-15T20:08:00,COOLING_FLOW_01,249.2278
2024-01-15T20:08:00,COOLING_HEAT_01,19.5106
2024-01-15T20:08:00,PRIMARY_PRES_01,154.7358
2024-01-15T20:08:00,PRIMARY_TEMP_01,298.1104
2024-01-15T20:08:00,PRIMARY_FLOW_01,592.7561
2024-01-15T20:08:00,PRIMARY_LEVEL_01,49.8073
2024-01-15T20:09:00,COOLING_TEMP_01,70.2382
2024-01-15T20:09:00,COOLING_PRES_01,10.0168
2024-01-15T20:09:00,COOLING_FLOW_01,250.8582
2024-01-15T20:09:00,PRIMARY_PRES_01,154.8262
2024-01-15T20:09:00,PRIMARY_TEMP_01,297.6583
2024-01-15T20:09:00,PRIMARY_FLOW_01,602.3037
2024-01-15T20:10:00,COOLING_TEMP_01,68.686
2024-01-15T20:10:00,COOLING_PRES_01,10.1382
2024-01-15T20:10:00,COOLING_FLOW_01,247.3818
2024-01-15T20:10:00,COOLING_HEAT_01,19.7816
2024-01-15T20:10:00,PRIMARY_PRES_01,155.7583
2024-01-15T20:10:00,PRIMARY_TEMP_01,297.8561
2024-01-15T20:10:00,PRIMARY_FLOW_01,590.5357
2024-01-15T20:10:00,PRIMARY_LEVEL_01,49.7035
2024-01-15T20:11:00,COOLING_TEMP_01,69.7783
2024-01-15T20:11:00,COOLING_PRES_01,10.0606
2024-01-15T20:11:00,COOLING_FLOW_01,245.2308
2024-01-15T20:11:00,PRIMARY_PRES_01,155.2852
2024-01-15T20:11:00,PRIMARY_TEMP_01,299.0007
2024-01-15T20:11:00,PRIMARY_FLOW_01,599.5134
2024-01-15T20:12:00,COOLING_TEMP_01,68.8999
2024-01-15T20:12:00,COOLING_PRES_01,9.8994
2024-01-15T20:12:00,COOLING_FLOW_01,249.6086
2024-01-15T20:12:00,COOLING_HEAT_01,19.787
2024-01-15T20:12:00,PRIMARY_PRES_01,154.6236
2024-01-15T20:12:00,PRIMARY_TEMP_01,298.9081
2024-01-15T20:12:00,PRIMARY_FLOW_01,600.5423
2024-01-15T20:12:00,PRIMARY_LEVEL_01,50.2181
2024-01-15T20:13:00,COOLING_TEMP_01,69.084
2024-01-15T20:13:00,COOLING_PRES_01,10.1737
2024-01-15T20:13:00,COOLING_FLOW_01,256.7171
2024-01-15T20:13:00,PRIMARY_PRES_01,155.4011
2024-01-15T20:13:00,PRIMARY_TEMP_01,298.1054
2024-01-15T20:13:00,PRIMARY_FLOW_01,596.9058
2024-01-15T20:14:00,COOLING_TEMP_01,67.697
2024-01-15T20:14:00,COOLING_PRES_01,9.6957
2024-01-15T20:14:00,COOLING_FLOW_01,251.8266
2024-01-15T20:14:00,COOLING_HEAT_01,19.9536
2024-01-15T20:14:00,PRIMARY_PRES_01,155.1149
2024-01-15T20:14:00,PRIMARY_TEMP_01,296.5985
2024-01-15T20:14:00,PRIMARY_FLOW_01,592.002
2024-01-15T20:14:00,PRIMARY_LEVEL_01,50.9194
2024-01-15T20:15:00,COOLING_TEMP_01,69.5639
2024-01-15T20:15:00,COOLING_PRES_01,10.1461
2024-01-15T20:15:00,COOLING_FLOW_01,252.0932
2024-01-15T20:15:00,PRIMARY_PRES_01,155.4618
2024-01-15T20:15:00,PRIMARY_TEMP_01,299.7524
2024-01-15T20:15:00,PRIMARY_FLOW_01,608.7615
2024-01-15T20:16:00,COOLING_TEMP_01,68.7488
2024-01-15T20:16:00,COOLING_PRES_01,10.1285
2024-01-15T20:16:00,COOLING_FLOW_01,248.9478
2024-01-15T20:16:00,COOLING_HEAT_01,19.6476
2024-01-15T20:16:00,PRIMARY_PRES_01,155.2074
2024-01-15T20:16:00,PRIMARY_TEMP_01,297.4728
2024-01-15T20:16:00,PRIMARY_FLOW_01,601.03
2024-01-15T20:16:00,PRIMARY_LEVEL_01,51.3778
2024-01-15T20:17:00,COOLING_TEMP_01,68.5558
2024-01-15T20:17:00,COOLING_PRES_01,10.0998
2024-01-15T20:17:00,COOLING_FLOW_01,249.5396
2024-01-15T20:17:00,PRIMARY_PRES_01,155.0192
2024-01-15T20:17:00,PRIMARY_TEMP_01,296.7165
2024-01-15T20:17:00,PRIMARY_FLOW_01,605.4504
2024-01-15T20:18:00,COOLING_TEMP_01,69.2546
2024-01-15T20:18:00,COOLING_PRES_01,10.0416
2024-01-15T20:18:00,COOLING_FLOW_01,250.7545
2024-01-15T20:18:00,COOLING_HEAT_01,19.7157
2024-01-15T20:18:00,PRIMARY_PRES_01,155.2798
2024-01-15T20:18:00,PRIMARY_TEMP_01,301.2028
2024-01-15T20:18:00,PRIMARY_FLOW_01,603.8503
2024-01-15T20:18:00,PRIMARY_LEVEL_01,50.8509
2024-01-15T20:19:00,COOLING_TEMP_01,70.189
2024-01-15T20:19:00,COOLING_PRES_01,10.1175
2024-01-15T20:19:00,COOLING_FLOW_01,249.226
2024-01-15T20:19:00,PRIMARY_PRES_01,155.067
2024-01-15T20:19:00,PRIMARY_TEMP_01,300.2089
2024-01-15T20:19:00,PRIMARY_FLOW_01,594.5609
2024-01-15T20:20:00,COOLING_TEMP_01,69.6383
2024-01-15T20:20:00,COOLING_PRES_01,9.8001
2024-01-15T20:20:00,COOLING_FLOW_01,246.4924
2024-01-15T20:20:00,COOLING_HEAT_01,19.88
2024-01-15T20:20:00,PRIMARY_PRES_01,154.9881
2024-01-15T20:20:00,PRIMARY_TEMP_01,300.1428
2024-01-15T20:20:00,PRIMARY_FLOW_01,607.6315
2024-01-15T20:20:00,PRIMARY_LEVEL_01,50.045
2024-01-15T20:21:00,COOLING_TEMP_01,68.6368
2024-01-15T20:21:00,COOLING_PRES_01,9.9494
2024-01-15T20:21:00,COOLING_FLOW_01,245.9541
2024-01-15T20:21:00,PRIMARY_PRES_01,154.874
2024-01-15T20:21:00,PRIMARY_TEMP_01,295.8507
2024-01-15T20:21:00,PRIMARY_FLOW_01,599.3458
2024-01-15T20:22:00,COOLING_TEMP_01,69.4262
2024-01-15T20:22:00,COOLING_PRES_01,9.81
2024-01-15T20:22:00,COOLING_FLOW_01,247.3101
2024-01-15T20:22:00,COOLING_HEAT_01,19.6665
2024-01-15T20:22:00,PRIMARY_PRES_01,155.4977
2024-01-15T20:22:00,PRIMARY_TEMP_01,296.4408
2024-01-15T20:22:00,PRIMARY_FLOW_01,601.2093
2024-01-15T20:22:00,PRIMARY_LEVEL_01,50.2307
2024-01-15T20:23:00,COOLING_TEMP_01,68.7649
2024-01-15T20:23:00,COOLING_PRES_01,10.001
2024-01-15T20:23:00,COOLING_FLOW_01,252.6978
2024-01-15T20:23:00,PRIMARY_PRES_01,154.7986
2024-01-15T20:23:00,PRIMARY_TEMP_01,298.1071
2024-01-15T20:23:00,PRIMARY_FLOW_01,611.542
2024-01-15T20:24:00,COOLING_TEMP_01,68.7427
2024-01-15T20:24:00,COOLING_PRES_01,9.7438
2024-01-15T20:24:00,COOLING_FLOW_01,249.4884
2024-01-15T20:24:00,COOLING_HEAT_01,19.574
2024-01-15T20:24:00,PRIMARY_PRES_01,154.9829
2024-01-15T20:24:00,PRIMARY_TEMP_01,298.3759
2024-01-15T20:24:00,PRIMARY_FLOW_01,603.1996
2024-01-15T20:24:00,PRIMARY_LEVEL_01,51.4221
2024-01-15T20:25:00,COOLING_TEMP_01,70.9024
2024-01-15T20:25:00,COOLING_PRES_01,9.9209
2024-01-15T20:25:00,COOLING_FLOW_01,251.2125
2024-01-15T20:25:00,PRIMARY_PRES_01,155.1953
2024-01-15T20:25:00,PRIMARY_TEMP_01,299.3224
2024-01-15T20:25:00,PRIMARY_FLOW_01,600.5034
2024-01-15T20:26:00,COOLING_TEMP_01,68.6492
2024-01-15T20:26:00,COOLING_PRES_01,10.1383
2024-01-15T20:26:00,COOLING_FLOW_01,247.6775
2024-01-15T20:26:00,COOLING_HEAT_01,20.0977
2024-01-15T20:26:00,PRIMARY_PRES_01,155.1554
2024-01-15T20:26:00,PRIMARY_TEMP_01,298.9641
2024-01-15T20:26:00,PRIMARY_FLOW_01,598.4978
2024-01-15T20:26:00,PRIMARY_LEVEL_01,48.8713
2024-01-15T20:27:00,COOLING_TEMP_01,69.8542
2024-01-15T20:27:00,COOLING_PRES_01,9.9906
2024-01-15T20:27:00,COOLING_FLOW_01,247.0394
2024-01-15T20:27:00,PRIMARY_PRES_01,155.3909
2024-01-15T20:27:00,PRIMARY_TEMP_01,298.9913
2024-01-15T20:27:00,PRIMARY_FLOW_01,596.9624
2024-01-15T20:28:00,COOLING_TEMP_01,69.4536
2024-01-15T20:28:00,COOLING_PRES_01,10.0772
2024-01-15T20:28:00,COOLING_FLOW_01,251.4871
2024-01-15T20:28:00,COOLING_HEAT_01,19.6571
2024-01-15T20:28:00,PRIMARY_PRES_01,155.2372
2024-01-15T20:28:00,PRIMARY_TEMP_01,298.4587
2024-01-15T20:28:00,PRIMARY_FLOW_01,609.5101
2024-01-15T20:28:00,PRIMARY_LEVEL_01,49.9991
2024-01-15T20:29:00,COOLING_TEMP_01,69.0754
2024-01-15T20:29:00,COOLING_PRES_01,9.9967
2024-01-15T20:29:00,COOLING_FLOW_01,248.0405
2024-01-15T20:29:00,PRIMARY_PRES_01,154.5612
2024-01-15T20:29:00,PRIMARY_TEMP_01,297.7562
2024-01-15T20:29:00,PRIMARY_FLOW_01,592.9383
2024-01-15T20:30:00,COOLING_TEMP_01,68.8985
2024-01-15T20:30:00,COOLING_PRES_01,9.9411
2024-01-15T20:30:00,COOLING_FLOW_01,245.924
2024-01-15T20:30:00,COOLING_HEAT_01,19.0752
2024-01-15T20:30:00,PRIMARY_PRES_01,154.4252
2024-01-15T20:30:00,PRIMARY_TEMP_01,299.1391
2024-01-15T20:30:00,PRIMARY_FLOW_01,598.0497
2024-01-15T20:30:00,PRIMARY_LEVEL_01,49.8112
2024-01-15T20:31:00,COOLING_TEMP_01,69.0604
2024-01-15T20:31:00,COOLING_PRES_01,10.1119
2024-01-15T20:31:00,COOLING_FLOW_01,250.103
2024-01-15T20:31:00,PRIMARY_PRES_01,155.0846
2024-01-15T20:31:00,PRIMARY_TEMP_01,298.1956
2024-01-15T20:31:00,PRIMARY_FLOW_01,592.6964
2024-01-15T20:32:00,COOLING_TEMP_01,69.0644
2024-01-15T20:32:00,COOLING_PRES_01,10.0361
2024-01-15T20:32:00,COOLING_FLOW_01,250.3027
2024-01-15T20:32:00,COOLING_HEAT_01,20.2234
2024-01-15T20:32:00,PRIMARY_PRES_01,155.4248
2024-01-15T20:32:00,PRIMARY_TEMP_01,298.4582
2024-01-15T20:32:00,PRIMARY_FLOW_01,597.788
2024-01-15T20:32:00,PRIMARY_LEVEL_01,51.8043
2024-01-15T20:33:00,COOLING_TEMP_01,68.7171
2024-01-15T20:33:00,COOLING_PRES_01,10.0142
2024-01-15T20:33:00,COOLING_FLOW_01,250.8699
2024-01-15T20:33:00,PRIMARY_PRES_01,155.0786
2024-01-15T20:33:00,PRIMARY_TEMP_01,298.1457
2024-01-15T20:33:00,PRIMARY_FLOW_01,605.3618
2024-01-15T20:34:00,COOLING_TEMP_01,70.0285
2024-01-15T20:34:00,COOLING_PRES_01,10.0507
2024-01-15T20:34:00,COOLING_FLOW_01,253.5154
2024-01-15T20:34:00,COOLING_HEAT_01,19.4593
2024-01-15T20:34:00,PRIMARY_PRES_01,154.939
2024-01-15T20:34:00,PRIMARY_TEMP_01,300.3204
2024-01-15T20:34:00,PRIMARY_FLOW_01,609.8753
2024-01-15T20:34:00,PRIMARY_LEVEL_01,49.699
2024-01-15T20:35:00,COOLING_TEMP_01,68.806
2024-01-15T20:35:00,COOLING_PRES_01,10.0853
2024-01-15T20:35:00,COOLING_FLOW_01,246.0477
2024-01-15T20:35:00,PRIMARY_PRES_01,154.6179
2024-01-15T20:35:00,PRIMARY_TEMP_01,298.853
2024-01-15T20:35:00,PRIMARY_FLOW_01,598.2759
2024-01-15T20:36:00,COOLING_TEMP_01,69.6237
2024-01-15T20:36:00,COOLING_PRES_01,10.0593
2024-01-15T20:36:00,COOLING_FLOW_01,252.5773
2024-01-15T20:36:00,COOLING_HEAT_01,19.3254
2024-01-15T20:36:00,PRIMARY_PRES_01,155.4583
2024-01-15T20:36:00,PRIMARY_TEMP_01,299.252
2024-01-15T20:36:00,PRIMARY_FLOW_01,597.8204
2024-01-15T20:36:00,PRIMARY_LEVEL_01,50.4298
2024-01-15T20:37:00,COOLING_TEMP_01,68.5309
2024-01-15T20:37:00,COOLING_PRES_01,10.167
2024-01-15T20:37:00,COOLING_FLOW_01,249.5634
2024-01-15T20:37:00,PRIMARY_PRES_01,154.9422
2024-01-15T20:37:00,PRIMARY_TEMP_01,298.733
2024-01-15T20:37:00,PRIMARY_FLOW_01,607.2428
2024-01-15T20:38:00,COOLING_TEMP_01,69.7391
2024-01-15T20:38:00,COOLING_PRES_01,9.9235
2024-01-15T20:38:00,COOLING_FLOW_01,248.8965
2024-01-15T20:38:00,COOLING_HEAT_01,19.7111
2024-01-15T20:38:00,PRIMARY_PRES_01,154.747
2024-01-15T20:38:00,PRIMARY_TEMP_01,297.6404
2024-01-15T20:38:00,PRIMARY_FLOW_01,603.3314
2024-01-15T20:38:00,PRIMARY_LEVEL_01,50.6135
2024-01-15T20:39:00,COOLING_TEMP_01,69.8644
2024-01-15T20:39:00,COOLING_PRES_01,9.8901
2024-01-15T20:39:00,COOLING_FLOW_01,245.4474
2024-01-15T20:39:00,PRIMARY_PRES_01,154.9945
2024-01-15T20:39:00,PRIMARY_TEMP_01,298.4941
2024-01-15T20:39:00,PRIMARY_FLOW_01,590.4609
2024-01-15T20:40:00,COOLING_TEMP_01,69.3487
2024-01-15T20:40:00,COOLING_PRES_01,9.8573
2024-01-15T20:40:00,COOLING_FLOW_01,246.5173
2024-01-15T20:40:00,COOLING_HEAT_01,19.3946
2024-01-15T20:40:00,PRIMARY_PRES_01,155.3159
2024-01-15T20:40:00,PRIMARY_TEMP_01,297.0286
2024-01-15T20:40:00,PRIMARY_FLOW_01,596.1164
2024-01-15T20:40:00,PRIMARY_LEVEL_01,48.4834
2024-01-15T20:41:00,COOLING_TEMP_01,69.3222
2024-01-15T20:41:00,COOLING_PRES_01,9.8803
2024-01-15T20:41:00,COOLING_FLOW_01,249.5947
2024-01-15T20:41:00,PRIMARY_PRES_01,154.6851
2024-01-15T20:41:00,PRIMARY_TEMP_01,298.436
2024-01-15T20:41:00,PRIMARY_FLOW_01,600.0753
2024-01-15T20:42:00,COOLING_TEMP_01,68.5964
2024-01-15T20:42:00,COOLING_PRES_01,9.9078
2024-01-15T20:42:00,COOLING_FLOW_01,251.3438
2024-01-15T20:42:00,COOLING_HEAT_01,19.4171
2024-01-15T20:42:00,PRIMARY_PRES_01,155.3705
2024-01-15T20:42:00,PRIMARY_TEMP_01,296.7379
2024-01-15T20:42:00,PRIMARY_FLOW_01,600.9498
2024-01-15T20:42:00,PRIMARY_LEVEL_01,50.0291
2024-01-15T20:43:00,COOLING_TEMP_01,69.2323
2024-01-15T20:43:00,COOLING_PRES_01,9.8428
2024-01-15T20:43:00,COOLING_FLOW_01,252.307
2024-01-15T20:43:00,PRIMARY_PRES_01,154.7189
2024-01-15T20:43:00,PRIMARY_TEMP_01,297.7467
2024-01-15T20:43:00,PRIMARY_FLOW_01,598.6025
2024-01-15T20:44:00,COOLING_TEMP_01,68.6375
2024-01-15T20:44:00,COOLING_PRES_01,10.0265
2024-01-15T20:44:00,COOLING_FLOW_01,244.7161
2024-01-15T20:44:00,COOLING_HEAT_01,19.6226
2024-01-15T20:44:00,PRIMARY_PRES_01,154.6946
2024-01-15T20:44:00,PRIMARY_TEMP_01,298.382
2024-01-15T20:44:00,PRIMARY_FLOW_01,589.226
2024-01-15T20:44:00,PRIMARY_LEVEL_01,49.5653
2024-01-15T20:45:00,COOLING_TEMP_01,69.6433
2024-01-15T20:45:00,COOLING_PRES_01,9.8878
2024-01-15T20:45:00,COOLING_FLOW_01,248.2128
2024-01-15T20:45:00,PRIMARY_PRES_01,154.7467
2024-01-15T20:45:00,PRIMARY_TEMP_01,299.5104
2024-01-15T20:45:00,PRIMARY_FLOW_01,602.4637
2024-01-15T20:46:00,COOLING_TEMP_01,69.5811
2024-01-15T20:46:00,COOLING_PRES_01,10.0838
2024-01-15T20:46:00,COOLING_FLOW_01,254.5704
2024-01-15T20:46:00,COOLING_HEAT_01,19.4279
2024-01-15T20:46:00,PRIMARY_PRES_01,155.0181
2024-01-15T20:46:00,PRIMARY_TEMP_01,299.1737
2024-01-15T20:46:00,PRIMARY_FLOW_01,602.0441
2024-01-15T20:46:00,PRIMARY_LEVEL_01,50.4223
2024-01-15T20:47:00,COOLING_TEMP_01,68.2398
2024-01-15T20:47:00,COOLING_PRES_01,9.9575
2024-01-15T20:47:00,COOLING_FLOW_01,248.6529
2024-01-15T20:47:00,PRIMARY_PRES_01,155.4278
2024-01-15T20:47:00,PRIMARY_TEMP_01,297.9992
2024-01-15T20:47:00,PRIMARY_FLOW_01,598.5732
2024-01-15T20:48:00,COOLING_TEMP_01,69.5425
2024-01-15T20:48:00,COOLING_PRES_01,10.0483
2024-01-15T20:48:00,COOLING_FLOW_01,242.5224
2024-01-15T20:48:00,COOLING_HEAT_01,19.445
2024-01-15T20:48:00,PRIMARY_PRES_01,155.0299
2024-01-15T20:48:00,PRIMARY_TEMP_01,297.4488
2024-01-15T20:48:00,PRIMARY_FLOW_01,596.1886
2024-01-15T20:48:00,PRIMARY_LEVEL_01,49.163
2024-01-15T20:49:00,COOLING_TEMP_01,70.1047
2024-01-15T20:49:00,COOLING_PRES_01,10.0756
2024-01-15T20:49:00,COOLING_FLOW_01,249.0306
2024-01-15T20:49:00,PRIMARY_PRES_01,155.3855
2024-01-15T20:49:00,PRIMARY_TEMP_01,298.5064
2024-01-15T20:49:00,PRIMARY_FLOW_01,597.8875
2024-01-15T20:50:00,COOLING_TEMP_01,69.0885
2024-01-15T20:50:00,COOLING_PRES_01,10.0617
2024-01-15T20:50:00,COOLING_FLOW_01,249.8709
2024-01-15T20:50:00,COOLING_HEAT_01,19.2463
2024-01-15T20:50:00,PRIMARY_PRES_01,155.3781
2024-01-15T20:50:00,PRIMARY_TEMP_01,299.6363
2024-01-15T20:50:00,PRIMARY_FLOW_01,606.1717
2024-01-15T20:50:00,PRIMARY_LEVEL_01,51.0574
2024-01-15T20:51:00,COOLING_TEMP_01,68.5896
2024-01-15T20:51:00,COOLING_PRES_01,9.9617
2024-01-15T20:51:00,COOLING_FLOW_01,250.9007
2024-01-15T20:51:00,PRIMARY_PRES_01,154.6929
2024-01-15T20:51:00,PRIMARY_TEMP_01,297.5527
2024-01-15T20:51:00,PRIMARY_FLOW_01,590.6299
2024-01-15T20:52:00,COOLING_TEMP_01,69.6017
2024-01-15T20:52:00,COOLING_PRES_01,10.0175
2024-01-15T20:52:00,COOLING_FLOW_01,252.3192
2024-01-15T20:52:00,COOLING_HEAT_01,19.7998
2024-01-15T20:52:00,PRIMARY_PRES_01,154.5833
2024-01-15T20:52:00,PRIMARY_TEMP_01,297.5784
2024-01-15T20:52:00,PRIMARY_FLOW_01,600.7547
2024-01-15T20:52:00,PRIMARY_LEVEL_01,50.3018
2024-01-15T20:53:00,COOLING_TEMP_01,68.8407
2024-01-15T20:53:00,COOLING_PRES_01,10.0307
2024-01-15T20:53:00,COOLING_FLOW_01,250.4273
2024-01-15T20:53:00,PRIMARY_PRES_01,155.1087
2024-01-15T20:53:00,PRIMARY_TEMP_01,301.5767
2024-01-15T20:53:00,PRIMARY_FLOW_01,594.7235
2024-01-15T20:54:00,COOLING_TEMP_01,69.2551
2024-01-15T20:54:00,COOLING_PRES_01,10.3336
2024-01-15T20:54:00,COOLING_FLOW_01,245.7748
2024-01-15T20:54:00,COOLING_HEAT_01,19.6136
2024-01-15T20:54:00,PRIMARY_PRES_01,155.3697
2024-01-15T20:54:00,PRIMARY_TEMP_01,300.1382
2024-01-15T20:54:00,PRIMARY_FLOW_01,598.7705
2024-01-15T20:54:00,PRIMARY_LEVEL_01,50.1867
2024-01-15T20:55:00,COOLING_TEMP_01,68.6162
2024-01-15T20:55:00,COOLING_PRES_01,9.9728
2024-01-15T20:55:00,COOLING_FLOW_01,249.6308
2024-01-15T20:55:00,PRIMARY_PRES_01,154.582
2024-01-15T20:55:00,PRIMARY_TEMP_01,298.7099
2024-01-15T20:55:00,PRIMARY_FLOW_01,605.4672
2024-01-15T20:56:00,COOLING_TEMP_01,69.3005
2024-01-15T20:56:00,COOLING_PRES_01,10.1277
2024-01-15T20:56:00,COOLING_FLOW_01,252.2501
2024-01-15T20:56:00,COOLING_HEAT_01,19.5798
2024-01-15T20:56:00,PRIMARY_PRES_01,155.4694
2024-01-15T20:56:00,PRIMARY_TEMP_01,299.9675
2024-01-15T20:56:00,PRIMARY_FLOW_01,597.8636
2024-01-15T20:56:00,PRIMARY_LEVEL_01,49.5511
2024-01-15T20:57:00,COOLING_TEMP_01,69.6853
2024-01-15T20:57:00,COOLING_PRES_01,9.9642
2024-01-15T20:57:00,COOLING_FLOW_01,253.0772
2024-01-15T20:57:00,PRIMARY_PRES_01,155.4606
2024-01-15T20:57:00,PRIMARY_TEMP_01,297.918
2024-01-15T20:57:00,PRIMARY_FLOW_01,593.453
2024-01-15T20:58:00,COOLING_TEMP_01,69.7846
2024-01-15T20:58:00,COOLING_PRES_01,10.0101
2024-01-15T20:58:00,COOLING_FLOW_01,248.4188
2024-01-15T20:58:00,COOLING_HEAT_01,19.4144
2024-01-15T20:58:00,PRIMARY_PRES_01,154.9245
2024-01-15T20:58:00,PRIMARY_TEMP_01,299.0544
2024-01-15T20:58:00,PRIMARY_FLOW_01,602.4736
2024-01-15T20:58:00,PRIMARY_LEVEL_01,49.6454
2024-01-15T20:59:00,COOLING_TEMP_01,68.0611
2024-01-15T20:59:00,COOLING_PRES_01,9.9974
2024-01-15T20:59:00,COOLING_FLOW_01,248.0307
2024-01-15T20:59:00,PRIMARY_PRES_01,155.262
2024-01-15T20:59:00,PRIMARY_TEMP_01,297.4709
2024-01-15T20:59:00,PRIMARY_FLOW_01,601.5013
2024-01-15T21:00:00,COOLING_TEMP_01,69.81
2024-01-15T21:00:00,COOLING_PRES_01,10.1018
2024-01-15T21:00:00,COOLING_FLOW_01,250.0227
2024-01-15T21:00:00,COOLING_HEAT_01,19.2568
2024-01-15T21:00:00,PRIMARY_PRES_01,154.9951
2024-01-15T21:00:00,PRIMARY_TEMP_01,296.8049
2024-01-15T21:00:00,PRIMARY_FLOW_01,607.721
2024-01-15T21:00:00,PRIMARY_LEVEL_01,50.0668
2024-01-15T21:01:00,COOLING_TEMP_01,69.104
2024-01-15T21:01:00,COOLING_PRES_01,9.9438
2024-01-15T21:01:00,COOLING_FLOW_01,247.8893
2024-01-15T21:01:00,PRIMARY_PRES_01,155.1492
2024-01-15T21:01:00,PRIMARY_TEMP_01,299.5573
2024-01-15T21:01:00,PRIMARY_FLOW_01,599.0641
2024-01-15T21:02:00,COOLING_TEMP_01,69.3927
2024-01-15T21:02:00,COOLING_PRES_01,9.7736
2024-01-15T21:02:00,COOLING_FLOW_01,246.1638
2024-01-15T21:02:00,COOLING_HEAT_01,20.1299
2024-01-15T21:02:00,PRIMARY_PRES_01,154.5359
2024-01-15T21:02:00,PRIMARY_TEMP_01,296.7706
2024-01-15T21:02:00,PRIMARY_FLOW_01,596.5157
2024-01-15T21:02:00,PRIMARY_LEVEL_01,48.9672
2024-01-15T21:03:00,COOLING_TEMP_01,68.0627
2024-01-15T21:03:00,COOLING_PRES_01,9.8982
2024-01-15T21:03:00,COOLING_FLOW_01,245.1028
2024-01-15T21:03:00,PRIMARY_PRES_01,155.3382
2024-01-15T21:03:00,PRIMARY_TEMP_01,298.9627
2024-01-15T21:03:00,PRIMARY_FLOW_01,600.1324
2024-01-15T21:04:00,COOLING_TEMP_01,69.2628
2024-01-15T21:04:00,COOLING_PRES_01,9.9352
2024-01-15T21:04:00,COOLING_FLOW_01,248.9062
2024-01-15T21:04:00,COOLING_HEAT_01,20.1589
2024-01-15T21:04:00,PRIMARY_PRES_01,155.578
2024-01-15T21:04:00,PRIMARY_TEMP_01,297.8594
2024-01-15T21:04:00,PRIMARY_FLOW_01,587.2374
2024-01-15T21:04:00,PRIMARY_LEVEL_01,50.0035
2024-01-15T21:05:00,COOLING_TEMP_01,68.9173
2024-01-15T21:05:00,COOLING_PRES_01,10.139
2024-01-15T21:05:00,COOLING_FLOW_01,253.3071
2024-01-15T21:05:00,PRIMARY_PRES_01,154.8429
2024-01-15T21:05:00,PRIMARY_TEMP_01,298.257
2024-01-15T21:05:00,PRIMARY_FLOW_01,606.156
2024-01-15T21:06:00,COOLING_TEMP_01,69.4325
2024-01-15T21:06:00,COOLING_PRES_01,10.0506
2024-01-15T21:06:00,COOLING_FLOW_01,245.2356
2024-01-15T21:06:00,COOLING_HEAT_01,19.5671
2024-01-15T21:06:00,PRIMARY_PRES_01,154.9276
2024-01-15T21:06:00,PRIMARY_TEMP_01,298.1282
2024-01-15T21:06:00,PRIMARY_FLOW_01,599.3078
2024-01-15T21:06:00,PRIMARY_LEVEL_01,50.0956
2024-01-15T21:07:00,COOLING_TEMP_01,69.9327
2024-01-15T21:07:00,COOLING_PRES_01,9.819
2024-01-15T21:07:00,COOLING_FLOW_01,246.2195
2024-01-15T21:07:00,PRIMARY_PRES_01,155.2674
2024-01-15T21:07:00,PRIMARY_TEMP_01,298.2622
2024-01-15T21:07:00,PRIMARY_FLOW_01,602.4527
2024-01-15T21:08:00,COOLING_TEMP_01,69.5122
2024-01-15T21:08:00,COOLING_PRES_01,9.7887
2024-01-15T21:08:00,COOLING_FLOW_01,246.3419
2024-01-15T21:08:00,COOLING_HEAT_01,19.7489
2024-01-15T21:08:00,PRIMARY_PRES_01,155.2021
2024-01-15T21:08:00,PRIMARY_TEMP_01,295.2749
2024-01-15T21:08:00,PRIMARY_FLOW_01,596.0733
2024-01-15T21:08:00,PRIMARY_LEVEL_01,51.0284
2024-01-15T21:09:00,COOLING_TEMP_01,69.4899
2024-01-15T21:09:00,COOLING_PRES_01,10.0015
2024-01-15T21:09:00,COOLING_FLOW_01,247.7705
2024-01-15T21:09:00,PRIMARY_PRES_01,155.1026
2024-01-15T21:09:00,PRIMARY_TEMP_01,296.9443
2024-01-15T21:09:00,PRIMARY_FLOW_01,611.7376
2024-01-15T21:10:00,COOLING_TEMP_01,69.4873
2024-01-15T21:10:00,COOLING_PRES_01,9.807
2024-01-15T21:10:00,COOLING_FLOW_01,248.1705
2024-01-15T21:10:00,COOLING_HEAT_01,19.5626
2024-01-15T21:10:00,PRIMARY_PRES_01,155.1243
2024-01-15T21:10:00,PRIMARY_TEMP_01,299.8084
2024-01-15T21:10:00,PRIMARY_FLOW_01,595.6862
2024-01-15T21:10:00,PRIMARY_LEVEL_01,49.3394
2024-01-15T21:11:00,COOLING_TEMP_01,69.7596
2024-01-15T21:11:00,COOLING_PRES_01,10.2065
2024-01-15T21:11:00,COOLING_FLOW_01,245.7971
2024-01-15T21:11:00,PRIMARY_PRES_01,155.0609
2024-01-15T21:11:00,PRIMARY_TEMP_01,297.8822
2024-01-15T21:11:00,PRIMARY_FLOW_01,607.6181
2024-01-15T21:12:00,COOLING_TEMP_01,69.9405
2024-01-15T21:12:00,COOLING_PRES_01,10.0508
2024-01-15T21:12:00,COOLING_FLOW_01,250.612
2024-01-15T21:12:00,COOLING_HEAT_01,19.6388
2024-01-15T21:12:00,PRIMARY_PRES_01,154.7192
2024-01-15T21:12:00,PRIMARY_TEMP_01,298.8776
2024-01-15T21:12:00,PRIMARY_FLOW_01,599.5936
2024-01-15T21:12:00,PRIMARY_LEVEL_01,49.3868
2024-01-15T21:13:00,COOLING_TEMP_01,68.9937
2024-01-15T21:13:00,COOLING_PRES_01,10.023
2024-01-15T21:13:00,COOLING_FLOW_01,248.3888
2024-01-15T21:13:00,PRIMARY_PRES_01,155.1057
2024-01-15T21:13:00,PRIMARY_TEMP_01,298.5627
2024-01-15T21:13:00,PRIMARY_FLOW_01,598.9669
2024-01-15T21:14:00,COOLING_TEMP_01,70.0537
2024-01-15T21:14:00,COOLING_PRES_01,10.0753
2024-01-15T21:14:00,COOLING_FLOW_01,252.3088
2024-01-15T21:14:00,COOLING_HEAT_01,19.8044
2024-01-15T21:14:00,PRIMARY_PRES_01,154.827
2024-01-15T21:14:00,PRIMARY_TEMP_01,298.4274
2024-01-15T21:14:00,PRIMARY_FLOW_01,601.3172
2024-01-15T21:14:00,PRIMARY_LEVEL_01,49.509
2024-01-15T21:15:00,COOLING_TEMP_01,69.1616
2024-01-15T21:15:00,COOLING_PRES_01,10.2443
2024-01-15T21:15:00,COOLING_FLOW_01,246.6569
2024-01-15T21:15:00,PRIMARY_PRES_01,155.374
2024-01-15T21:15:00,PRIMARY_TEMP_01,298.9529
2024-01-15T21:15:00,PRIMARY_FLOW_01,610.5218
2024-01-15T21:16:00,COOLING_TEMP_01,69.1835
2024-01-15T21:16:00,COOLING_PRES_01,9.8533
2024-01-15T21:16:00,COOLING_FLOW_01,250.5488
2024-01-15T21:16:00,COOLING_HEAT_01,19.6659
2024-01-15T21:16:00,PRIMARY_PRES_01,154.8125
2024-01-15T21:16:00,PRIMARY_TEMP_01,299.8731
2024-01-15T21:16:00,PRIMARY_FLOW_01,593.8909
2024-01-15T21:16:00,PRIMARY_LEVEL_01,50.3527
2024-01-15T21:17:00,COOLING_TEMP_01,71.2377
2024-01-15T21:17:00,COOLING_PRES_01,9.9777
2024-01-15T21:17:00,COOLING_FLOW_01,247.1832
2024-01-15T21:17:00,PRIMARY_PRES_01,155.7006
2024-01-15T21:17:00,PRIMARY_TEMP_01,298.5535
2024-01-15T21:17:00,PRIMARY_FLOW_01,610.2085
2024-01-15T21:18:00,COOLING_TEMP_01,69.8032
2024-01-15T21:18:00,COOLING_PRES_01,9.9529
2024-01-15T21:18:00,COOLING_FLOW_01,256.2307
2024-01-15T21:18:00,COOLING_HEAT_01,20.049
2024-01-15T21:18:00,PRIMARY_PRES_01,154.8962
2024-01-15T21:18:00,PRIMARY_TEMP_01,299.431
2024-01-15T21:18:00,PRIMARY_FLOW_01,593.7223
2024-01-15T21:18:00,PRIMARY_LEVEL_01,49.3215
2024-01-15T21:19:00,COOLING_TEMP_01,68.6476
2024-01-15T21:19:00,COOLING_PRES_01,9.9397
2024-01-15T21:19:00,COOLING_FLOW_01,245.7531
2024-01-15T21:19:00,PRIMARY_PRES_01,154.6528
2024-01-15T21:19:00,PRIMARY_TEMP_01,298.3196
2024-01-15T21:19:00,PRIMARY_FLOW_01,603.5214
2024-01-15T21:20:00,COOLING_TEMP_01,70.6004
2024-01-15T21:20:00,COOLING_PRES_01,10.0588
2024-01-15T21:20:00,COOLING_FLOW_01,246.1288
2024-01-15T21:20:00,COOLING_HEAT_01,19.8924
2024-01-15T21:20:00,PRIMARY_PRES_01,155.1498
2024-01-15T21:20:00,PRIMARY_TEMP_01,298.8905
2024-01-15T21:20:00,PRIMARY_FLOW_01,614.9873
2024-01-15T21:20:00,PRIMARY_LEVEL_01,50.6795
2024-01-15T21:21:00,COOLING_TEMP_01,68.2783
2024-01-15T21:21:00,COOLING_PRES_01,10.2251
2024-01-15T21:21:00,COOLING_FLOW_01,247.3662
2024-01-15T21:21:00,PRIMARY_PRES_01,155.4137
2024-01-15T21:21:00,PRIMARY_TEMP_01,298.5329
2024-01-15T21:21:00,PRIMARY_FLOW_01,593.4948
2024-01-15T21:22:00,COOLING_TEMP_01,68.7718
2024-01-15T21:22:00,COOLING_PRES_01,9.993
2024-01-15T21:22:00,COOLING_FLOW_01,255.2636
2024-01-15T21:22:00,COOLING_HEAT_01,19.5643
2024-01-15T21:22:00,PRIMARY_PRES_01,155.1381
2024-01-15T21:22:00,PRIMARY_TEMP_01,295.5926
2024-01-15T21:22:00,PRIMARY_FLOW_01,598.6696
2024-01-15T21:22:00,PRIMARY_LEVEL_01,48.5482
2024-01-15T21:23:00,COOLING_TEMP_01,70.7371
2024-01-15T21:23:00,COOLING_PRES_01,10.2502
2024-01-15T21:23:00,COOLING_FLOW_01,249.935
2024-01-15T21:23:00,PRIMARY_PRES_01,154.8837
2024-01-15T21:23:00,PRIMARY_TEMP_01,298.3689
2024-01-15T21:23:00,PRIMARY_FLOW_01,593.0506
2024-01-15T21:24:00,COOLING_TEMP_01,69.5039
2024-01-15T21:24:00,COOLING_PRES_01,9.9307
2024-01-15T21:24:00,COOLING_FLOW_01,255.1484
2024-01-15T21:24:00,COOLING_HEAT_01,20.032
2024-01-15T21:24:00,PRIMARY_PRES_01,154.9299
2024-01-15T21:24:00,PRIMARY_TEMP_01,297.8108
2024-01-15T21:24:00,PRIMARY_FLOW_01,598.7463
2024-01-15T21:24:00,PRIMARY_LEVEL_01,50.2625
2024-01-15T21:25:00,COOLING_TEMP_01,69.4384
2024-01-15T21:25:00,COOLING_PRES_01,10.1334
2024-01-15T21:25:00,COOLING_FLOW_01,249.6494
2024-01-15T21:25:00,PRIMARY_PRES_01,154.5118
2024-01-15T21:25:00,PRIMARY_TEMP_01,296.9886
2024-01-15T21:25:00,PRIMARY_FLOW_01,592.8529
2024-01-15T21:26:00,COOLING_TEMP_01,70.0004
2024-01-15T21:26:00,COOLING_PRES_01,10.2402
2024-01-15T21:26:00,COOLING_FLOW_01,241.7894
2024-01-15T21:26:00,COOLING_HEAT_01,19.4207
2024-01-15T21:26:00,PRIMARY_PRES_01,155.3153
2024-01-15T21:26:00,PRIMARY_TEMP_01,296.9718
2024-01-15T21:26:00,PRIMARY_FLOW_01,599.9375
2024-01-15T21:26:00,PRIMARY_LEVEL_01,48.8012
2024-01-15T21:27:00,COOLING_TEMP_01,70.8205
2024-01-15T21:27:00,COOLING_PRES_01,10.1215
2024-01-15T21:27:00,COOLING_FLOW_01,249.4773
2024-01-15T21:27:00,PRIMARY_PRES_01,155.5798
2024-01-15T21:27:00,PRIMARY_TEMP_01,296.9405
2024-01-15T21:27:00,PRIMARY_FLOW_01,595.963
2024-01-15T21:28:00,COOLING_TEMP_01,69.3479
2024-01-15T21:28:00,COOLING_PRES_01,9.8193
2024-01-15T21:28:00,COOLING_FLOW_01,246.5659
2024-01-15T21:28:00,COOLING_HEAT_01,19.7696
2024-01-15T21:28:00,PRIMARY_PRES_01,154.8729
2024-01-15T21:28:00,PRIMARY_TEMP_01,298.8305
2024-01-15T21:28:00,PRIMARY_FLOW_01,604.0901
2024-01-15T21:28:00,PRIMARY_LEVEL_01,50.7056
2024-01-15T21:29:00,COOLING_TEMP_01,70.4015
2024-01-15T21:29:00,COOLING_PRES_01,9.8525
2024-01-15T21:29:00,COOLING_FLOW_01,254.9452
2024-01-15T21:29:00,PRIMARY_PRES_01,154.8756
2024-01-15T21:29:00,PRIMARY_TEMP_01,300.0661
2024-01-15T21:29:00,PRIMARY_FLOW_01,590.8192
2024-01-15T21:30:00,COOLING_TEMP_01,68.7899
2024-01-15T21:30:00,COOLING_PRES_01,10.0467
2024-01-15T21:30:00,COOLING_FLOW_01,251.1288
2024-01-15T21:30:00,COOLING_HEAT_01,19.9123
2024-01-15T21:30:00,PRIMARY_PRES_01,154.9353
2024-01-15T21:30:00,PRIMARY_TEMP_01,296.6526
2024-01-15T21:30:00,PRIMARY_FLOW_01,603.2282
2024-01-15T21:30:00,PRIMARY_LEVEL_01,48.9261
2024-01-15T21:31:00,COOLING_TEMP_01,68.7409
2024-01-15T21:31:00,COOLING_PRES_01,10.0108
2024-01-15T21:31:00,COOLING_FLOW_01,247.9003
2024-01-15T21:31:00,PRIMARY_PRES_01,155.7961
2024-01-15T21:31:00,PRIMARY_TEMP_01,299.3965
2024-01-15T21:31:00,PRIMARY_FLOW_01,605.3583
2024-01-15T21:32:00,COOLING_TEMP_01,68.5919
2024-01-15T21:32:00,COOLING_PRES_01,9.8123
2024-01-15T21:32:00,COOLING_FLOW_01,250.6962
2024-01-15T21:32:00,COOLING_HEAT_01,19.7526
2024-01-15T21:32:00,PRIMARY_PRES_01,155.347
2024-01-15T21:32:00,PRIMARY_TEMP_01,297.4558
2024-01-15T21:32:00,PRIMARY_FLOW_01,600.0268
2024-01-15T21:32:00,PRIMARY_LEVEL_01,49.3166
2024-01-15T21:33:00,COOLING_TEMP_01,69.5063
2024-01-15T21:33:00,COOLING_PRES_01,10.0928
2024-01-15T21:33:00,COOLING_FLOW_01,254.0472
2024-01-15T21:33:00,PRIMARY_PRES_01,154.9091
2024-01-15T21:33:00,PRIMARY_TEMP_01,297.9695
2024-01-15T21:33:00,PRIMARY_FLOW_01,590.96
2024-01-15T21:34:00,COOLING_TEMP_01,69.5193
2024-01-15T21:34:00,COOLING_PRES_01,10.3743
2024-01-15T21:34:00,COOLING_FLOW_01,246.5011
2024-01-15T21:34:00,COOLING_HEAT_01,20.2364
2024-01-15T21:34:00,PRIMARY_PRES_01,155.2502
2024-01-15T21:34:00,PRIMARY_TEMP_01,299.2014
2024-01-15T21:34:00,PRIMARY_FLOW_01,598.8645
2024-01-15T21:34:00,PRIMARY_LEVEL_01,49.4461
2024-01-15T21:35:00,COOLING_TEMP_01,68.936
2024-01-15T21:35:00,COOLING_PRES_01,10.0792
2024-01-15T21:35:00,COOLING_FLOW_01,252.7469
2024-01-15T21:35:00,PRIMARY_PRES_01,155.5414
2024-01-15T21:35:00,PRIMARY_TEMP_01,298.5137
2024-01-15T21:35:00,PRIMARY_FLOW_01,607.8325
2024-01-15T21:36:00,COOLING_TEMP_01,69.5136
2024-01-15T21:36:00,COOLING_PRES_01,9.9579
2024-01-15T21:36:00,COOLING_FLOW_01,247.8811
2024-01-15T21:36:00,COOLING_HEAT_01,19.5022
2024-01-15T21:36:00,PRIMARY_PRES_01,154.4784
2024-01-15T21:36:00,PRIMARY_TEMP_01,298.529
2024-01-15T21:36:00,PRIMARY_FLOW_01,597.358
2024-01-15T21:36:00,PRIMARY_LEVEL_01,49.4903
2024-01-15T21:37:00,COOLING_TEMP_01,69.4957
2024-01-15T21:37:00,COOLING_PRES_01,10.0871
2024-01-15T21:37:00,COOLING_FLOW_01,255.3641
2024-01-15T21:37:00,PRIMARY_PRES_01,154.5069
2024-01-15T21:37:00,PRIMARY_TEMP_01,300.5099
2024-01-15T21:37:00,PRIMARY_FLOW_01,599.7025
2024-01-15T21:38:00,COOLING_TEMP_01,68.9104
2024-01-15T21:38:00,COOLING_PRES_01,9.9503
2024-01-15T21:38:00,COOLING_FLOW_01,248.2148
2024-01-15T21:38:00,COOLING_HEAT_01,19.9382
2024-01-15T21:38:00,PRIMARY_PRES_01,154.8928
2024-01-15T21:38:00,PRIMARY_TEMP_01,299.9465
2024-01-15T21:38:00,PRIMARY_FLOW_01,600.5841
2024-01-15T21:38:00,PRIMARY_LEVEL_01,51.2216
2024-01-15T21:39:00,COOLING_TEMP_01,69.8676
2024-01-15T21:39:00,COOLING_PRES_01,9.9047
2024-01-15T21:39:00,COOLING_FLOW_01,248.4706
2024-01-15T21:39:00,PRIMARY_PRES_01,154.9687
2024-01-15T21:39:00,PRIMARY_TEMP_01,300.2334
2024-01-15T21:39:00,PRIMARY_FLOW_01,609.7956
2024-01-15T21:40:00,COOLING_TEMP_01,70.1228
2024-01-15T21:40:00,COOLING_PRES_01,10.0797
2024-01-15T21:40:00,COOLING_FLOW_01,246.5564
2024-01-15T21:40:00,COOLING_HEAT_01,19.8112
2024-01-15T21:40:00,PRIMARY_PRES_01,154.581
2024-01-15T21:40:00,PRIMARY_TEMP_01,298.8704
2024-01-15T21:40:00,PRIMARY_FLOW_01,598.1401
2024-01-15T21:40:00,PRIMARY_LEVEL_01,50.2738
2024-01-15T21:41:00,COOLING_TEMP_01,69.341
2024-01-15T21:41:00,COOLING_PRES_01,10.071
2024-01-15T21:41:00,COOLING_FLOW_01,256.6972
2024-01-15T21:41:00,PRIMARY_PRES_01,154.857
2024-01-15T21:41:00,PRIMARY_TEMP_01,297.5894
2024-01-15T21:41:00,PRIMARY_FLOW_01,589.0397
2024-01-15T21:42:00,COOLING_TEMP_01,69.7678
2024-01-15T21:42:00,COOLING_PRES_01,10.1388
2024-01-15T21:42:00,COOLING_FLOW_01,244.9033
2024-01-15T21:42:00,COOLING_HEAT_01,19.8646
2024-01-15T21:42:00,PRIMARY_PRES_01,155.1159
2024-01-15T21:42:00,PRIMARY_TEMP_01,298.8589
2024-01-15T21:42:00,PRIMARY_FLOW_01,591.5507
2024-01-15T21:42:00,PRIMARY_LEVEL_01,49.8632
2024-01-15T21:43:00,COOLING_TEMP_01,69.3568
2024-01-15T21:43:00,COOLING_PRES_01,9.7724
2024-01-15T21:43:00,COOLING_FLOW_01,252.3287
2024-01-15T21:43:00,PRIMARY_PRES_01,155.2619
2024-01-15T21:43:00,PRIMARY_TEMP_01,301.5921
2024-01-15T21:43:00,PRIMARY_FLOW_01,605.9451
2024-01-15T21:44:00,COOLING_TEMP_01,69.7038
2024-01-15T21:44:00,COOLING_PRES_01,9.8861
2024-01-15T21:44:00,COOLING_FLOW_01,252.2654
2024-01-15T21:44:00,COOLING_HEAT_01,19.5769
2024-01-15T21:44:00,PRIMARY_PRES_01,155.39
2024-01-15T21:44:00,PRIMARY_TEMP_01,297.6305
2024-01-15T21:44:00,PRIMARY_FLOW_01,595.9247
2024-01-15T21:44:00,PRIMARY_LEVEL_01,49.0415
2024-01-15T21:45:00,COOLING_TEMP_01,69.8072
2024-01-15T21:45:00,COOLING_PRES_01,9.9521
2024-01-15T21:45:00,COOLING_FLOW_01,245.9375
2024-01-15T21:45:00,PRIMARY_PRES_01,154.9268
2024-01-15T21:45:00,PRIMARY_TEMP_01,299.5077
2024-01-15T21:45:00,PRIMARY_FLOW_01,601.7171
2024-01-15T21:46:00,COOLING_TEMP_01,70.0145
2024-01-15T21:46:00,COOLING_PRES_01,9.9747
2024-01-15T21:46:00,COOLING_FLOW_01,248.5372
2024-01-15T21:46:00,COOLING_HEAT_01,19.589
2024-01-15T21:46:00,PRIMARY_PRES_01,155.1915
2024-01-15T21:46:00,PRIMARY_TEMP_01,298.4783
2024-01-15T21:46:00,PRIMARY_FLOW_01,597.581
2024-01-15T21:46:00,PRIMARY_LEVEL_01,50.3302
2024-01-15T21:47:00,COOLING_TEMP_01,68.3249
2024-01-15T21:47:00,COOLING_PRES_01,9.9962
2024-01-15T21:47:00,COOLING_FLOW_01,252.2036
2024-01-15T21:47:00,PRIMARY_PRES_01,155.3119
2024-01-15T21:47:00,PRIMARY_TEMP_01,298.642
2024-01-15T21:47:00,PRIMARY_FLOW_01,596.7937
2024-01-15T21:48:00,COOLING_TEMP_01,69.2045
2024-01-15T21:48:00,COOLING_PRES_01,9.7833
2024-01-15T21:48:00,COOLING_FLOW_01,253.0834
2024-01-15T21:48:00,COOLING_HEAT_01,19.7434
2024-01-15T21:48:00,PRIMARY_PRES_01,154.7472
2024-01-15T21:48:00,PRIMARY_TEMP_01,298.9321
2024-01-15T21:48:00,PRIMARY_FLOW_01,609.931
2024-01-15T21:48:00,PRIMARY_LEVEL_01,49.2621
2024-01-15T21:49:00,COOLING_TEMP_01,69.3607
2024-01-15T21:49:00,COOLING_PRES_01,10.1611
2024-01-15T21:49:00,COOLING_FLOW_01,257.4085
2024-01-15T21:49:00,PRIMARY_PRES_01,155.3081
2024-01-15T21:49:00,PRIMARY_TEMP_01,300.927
2024-01-15T21:49:00,PRIMARY_FLOW_01,603.1758
2024-01-15T21:50:00,COOLING_TEMP_01,68.5203
2024-01-15T21:50:00,COOLING_PRES_01,10.0333
2024-01-15T21:50:00,COOLING_FLOW_01,253.0342
2024-01-15T21:50:00,COOLING_HEAT_01,19.2437
2024-01-15T21:50:00,PRIMARY_PRES_01,154.5847
2024-01-15T21:50:00,PRIMARY_TEMP_01,299.4721
2024-01-15T21:50:00,PRIMARY_FLOW_01,593.5918
2024-01-15T21:50:00,PRIMARY_LEVEL_01,50.5645
2024-01-15T21:51:00,COOLING_TEMP_01,69.2817
2024-01-15T21:51:00,COOLING_PRES_01,10.089
2024-01-15T21:51:00,COOLING_FLOW_01,254.7619
2024-01-15T21:51:00,PRIMARY_PRES_01,154.8403
2024-01-15T21:51:00,PRIMARY_TEMP_01,298.9357
2024-01-15T21:51:00,PRIMARY_FLOW_01,605.7066
2024-01-15T21:52:00,COOLING_TEMP_01,70.0382
2024-01-15T21:52:00,COOLING_PRES_01,9.869
2024-01-15T21:52:00,COOLING_FLOW_01,246.5467
2024-01-15T21:52:00,COOLING_HEAT_01,20.1257
2024-01-15T21:52:00,PRIMARY_PRES_01,154.7518
2024-01-15T21:52:00,PRIMARY_TEMP_01,299.7959
2024-01-15T21:52:00,PRIMARY_FLOW_01,602.3745
2024-01-15T21:52:00,PRIMARY_LEVEL_01,50.2623
2024-01-15T21:53:00,COOLING_TEMP_01,68.5966
2024-01-15T21:53:00,COOLING_PRES_01,9.9006
2024-01-15T21:53:00,COOLING_FLOW_01,253.6294
2024-01-15T21:53:00,PRIMARY_PRES_01,154.2373
2024-01-15T21:53:00,PRIMARY_TEMP_01,299.2607
2024-01-15T21:53:00,PRIMARY_FLOW_01,600.0964
2024-01-15T21:54:00,COOLING_TEMP_01,69.7451
2024-01-15T21:54:00,COOLING_PRES_01,9.9249
2024-01-15T21:54:00,COOLING_FLOW_01,250.6506
2024-01-15T21:54:00,COOLING_HEAT_01,19.4764
2024-01-15T21:54:00,PRIMARY_PRES_01,154.1387
2024-01-15T21:54:00,PRIMARY_TEMP_01,298.6197
2024-01-15T21:54:00,PRIMARY_FLOW_01,588.2418
2024-01-15T21:54:00,PRIMARY_LEVEL_01,50.1753
2024-01-15T21:55:00,COOLING_TEMP_01,69.1121
2024-01-15T21:55:00,COOLING_PRES_01,10.1511
2024-01-15T21:55:00,COOLING_FLOW_01,248.211
2024-01-15T21:55:00,PRIMARY_PRES_01,154.9118
2024-01-15T21:55:00,PRIMARY_TEMP_01,301.4079
2024-01-15T21:55:00,PRIMARY_FLOW_01,586.5521
2024-01-15T21:56:00,COOLING_TEMP_01,70.0365
2024-01-15T21:56:00,COOLING_PRES_01,10.0717
2024-01-15T21:56:00,COOLING_FLOW_01,248.7889
2024-01-15T21:56:00,COOLING_HEAT_01,20.048
2024-01-15T21:56:00,PRIMARY_PRES_01,155.3107
2024-01-15T21:56:00,PRIMARY_TEMP_01,298.4252
2024-01-15T21:56:00,PRIMARY_FLOW_01,598.9851
2024-01-15T21:56:00,PRIMARY_LEVEL_01,50.3858
2024-01-15T21:57:00,COOLING_TEMP_01,69.356
2024-01-15T21:57:00,COOLING_PRES_01,9.9587
2024-01-15T21:57:00,COOLING_FLOW_01,248.7815
2024-01-15T21:57:00,PRIMARY_PRES_01,154.542
2024-01-15T21:57:00,PRIMARY_TEMP_01,298.6564
2024-01-15T21:57:00,PRIMARY_FLOW_01,598.9071
2024-01-15T21:58:00,COOLING_TEMP_01,70.1306
2024-01-15T21:58:00,COOLING_PRES_01,10.1447
2024-01-15T21:58:00,COOLING_FLOW_01,245.4722
2024-01-15T21:58:00,COOLING_HEAT_01,19.7977
2024-01-15T21:58:00,PRIMARY_PRES_01,154.908
2024-01-15T21:58:00,PRIMARY_TEMP_01,299.2609
2024-01-15T21:58:00,PRIMARY_FLOW_01,590.9299
2024-01-15T21:58:00,PRIMARY_LEVEL_01,50.3137
2024-01-15T21:59:00,COOLING_TEMP_01,69.7635
2024-01-15T21:59:00,COOLING_PRES_01,10.0297
2024-01-15T21:59:00,COOLING_FLOW_01,246.0315
2024-01-15T21:59:00,PRIMARY_PRES_01,155.066
2024-01-15T21:59:00,PRIMARY_TEMP_01,297.3693
2024-01-15T21:59:00,PRIMARY_FLOW_01,590.8224
2024-01-15T22:00:00,COOLING_TEMP_01,69.5115
2024-01-15T22:00:00,COOLING_PRES_01,10.1483
2024-01-15T22:00:00,COOLING_FLOW_01,250.0134
2024-01-15T22:00:00,COOLING_HEAT_01,18.7579
2024-01-15T22:00:00,PRIMARY_PRES_01,154.9321
2024-01-15T22:00:00,PRIMARY_TEMP_01,298.5515
2024-01-15T22:00:00,PRIMARY_FLOW_01,593.3096
2024-01-15T22:00:00,PRIMARY_LEVEL_01,50.59
2024-01-15T22:01:00,COOLING_TEMP_01,68.9116
2024-01-15T22:01:00,COOLING_PRES_01,10.1555
2024-01-15T22:01:00,COOLING_FLOW_01,249.7219
2024-01-15T22:01:00,PRIMARY_PRES_01,155.1617
2024-01-15T22:01:00,PRIMARY_TEMP_01,297.6596
2024-01-15T22:01:00,PRIMARY_FLOW_01,605.6057
2024-01-15T22:02:00,COOLING_TEMP_01,70.5736
2024-01-15T22:02:00,COOLING_PRES_01,10.0561
2024-01-15T22:02:00,COOLING_FLOW_01,250.6331
2024-01-15T22:02:00,COOLING_HEAT_01,19.8994
2024-01-15T22:02:00,PRIMARY_PRES_01,154.7116
2024-01-15T22:02:00,PRIMARY_TEMP_01,296.9606
2024-01-15T22:02:00,PRIMARY_FLOW_01,609.748
2024-01-15T22:02:00,PRIMARY_LEVEL_01,49.8308
2024-01-15T22:03:00,COOLING_TEMP_01,69.0236
2024-01-15T22:03:00,COOLING_PRES_01,9.9599
2024-01-15T22:03:00,COOLING_FLOW_01,248.9253
2024-01-15T22:03:00,PRIMARY_PRES_01,155.0992
2024-01-15T22:03:00,PRIMARY_TEMP_01,297.3085
2024-01-15T22:03:00,PRIMARY_FLOW_01,601.7459
2024-01-15T22:04:00,COOLING_TEMP_01,69.5489
2024-01-15T22:04:00,COOLING_PRES_01,10.1472
2024-01-15T22:04:00,COOLING_FLOW_01,248.9211
2024-01-15T22:04:00,COOLING_HEAT_01,19.8349
2024-01-15T22:04:00,PRIMARY_PRES_01,154.9457
2024-01-15T22:04:00,PRIMARY_TEMP_01,300.1975
2024-01-15T22:04:00,PRIMARY_FLOW_01,602.8744
2024-01-15T22:04:00,PRIMARY_LEVEL_01,50.2599
2024-01-15T22:05:00,COOLING_TEMP_01,69.7949
2024-01-15T22:05:00,COOLING_PRES_01,9.9866
2024-01-15T22:05:00,COOLING_FLOW_01,251.0667
2024-01-15T22:05:00,PRIMARY_PRES_01,154.3508
2024-01-15T22:05:00,PRIMARY_TEMP_01,299.9424
2024-01-15T22:05:00,PRIMARY_FLOW_01,601.6833
2024-01-15T22:06:00,COOLING_TEMP_01,70.9887
2024-01-15T22:06:00,COOLING_PRES_01,10.1137
2024-01-15T22:06:00,COOLING_FLOW_01,248.0818
2024-01-15T22:06:00,COOLING_HEAT_01,19.5019
2024-01-15T22:06:00,PRIMARY_PRES_01,154.8798
2024-01-15T22:06:00,PRIMARY_TEMP_01,298.2099
2024-01-15T22:06:00,PRIMARY_FLOW_01,598.6995
2024-01-15T22:06:00,PRIMARY_LEVEL_01,49.702
2024-01-15T22:07:00,COOLING_TEMP_01,69.7775
2024-01-15T22:07:00,COOLING_PRES_01,10.1266
2024-01-15T22:07:00,COOLING_FLOW_01,249.5795
2024-01-15T22:07:00,PRIMARY_PRES_01,155.1675
2024-01-15T22:07:00,PRIMARY_TEMP_01,296.1829
2024-01-15T22:07:00,PRIMARY_FLOW_01,597.4376
2024-01-15T22:08:00,COOLING_TEMP_01,70.2348
2024-01-15T22:08:00,COOLING_PRES_01,9.8911
2024-01-15T22:08:00,COOLING_FLOW_01,250.3896
2024-01-15T22:08:00,COOLING_HEAT_01,19.0611
2024-01-15T22:08:00,PRIMARY_PRES_01,154.8669
2024-01-15T22:08:00,PRIMARY_TEMP_01,298.5357
2024-01-15T22:08:00,PRIMARY_FLOW_01,599.9609
2024-01-15T22:08:00,PRIMARY_LEVEL_01,49.7796
2024-01-15T22:09:00,COOLING_TEMP_01,69.3042
2024-01-15T22:09:00,COOLING_PRES_01,9.9115
2024-01-15T22:09:00,COOLING_FLOW_01,249.239
2024-01-15T22:09:00,PRIMARY_PRES_01,155.505
2024-01-15T22:09:00,PRIMARY_TEMP_01,299.0201
2024-01-15T22:09:00,PRIMARY_FLOW_01,601.8077
2024-01-15T22:10:00,COOLING_TEMP_01,68.9793
2024-01-15T22:10:00,COOLING_PRES_01,9.8992
2024-01-15T22:10:00,COOLING_FLOW_01,253.7344
2024-01-15T22:10:00,COOLING_HEAT_01,19.4816
2024-01-15T22:10:00,PRIMARY_PRES_01,154.7189
2024-01-15T22:10:00,PRIMARY_TEMP_01,298.1813
2024-01-15T22:10:00,PRIMARY_FLOW_01,593.5263
2024-01-15T22:10:00,PRIMARY_LEVEL_01,50.0904
2024-01-15T22:11:00,COOLING_TEMP_01,69.032
2024-01-15T22:11:00,COOLING_PRES_01,10.0914
2024-01-15T22:11:00,COOLING_FLOW_01,250.5777
2024-01-15T22:11:00,PRIMARY_PRES_01,155.0259
2024-01-15T22:11:00,PRIMARY_TEMP_01,300.3824
2024-01-15T22:11:00,PRIMARY_FLOW_01,598.4955
2024-01-15T22:12:00,COOLING_TEMP_01,69.9876
2024-01-15T22:12:00,COOLING_PRES_01,9.8693
2024-01-15T22:12:00,COOLING_FLOW_01,250.0419
2024-01-15T22:12:00,COOLING_HEAT_01,19.8256
2024-01-15T22:12:00,PRIMARY_PRES_01,155.2069
2024-01-15T22:12:00,PRIMARY_TEMP_01,300.7402
2024-01-15T22:12:00,PRIMARY_FLOW_01,594.1224
2024-01-15T22:12:00,PRIMARY_LEVEL_01,49.4498
2024-01-15T22:13:00,COOLING_TEMP_01,69.5046
2024-01-15T22:13:00,COOLING_PRES_01,10.0603
2024-01-15T22:13:00,COOLING_FLOW_01,252.9033
2024-01-15T22:13:00,PRIMARY_PRES_01,155.2748
2024-01-15T22:13:00,PRIMARY_TEMP_01,300.0494
2024-01-15T22:13:00,PRIMARY_FLOW_01,601.825
2024-01-15T22:14:00,COOLING_TEMP_01,69.9678
2024-01-15T22:14:00,COOLING_PRES_01,10.0199
2024-01-15T22:14:00,COOLING_FLOW_01,253.1929
2024-01-15T22:14:00,COOLING_HEAT_01,19.5019
2024-01-15T22:14:00,PRIMARY_PRES_01,155.2073
2024-01-15T22:14:00,PRIMARY_TEMP_01,300.0507
2024-01-15T22:14:00,PRIMARY_FLOW_01,602.2911
2024-01-15T22:14:00,PRIMARY_LEVEL_01,50.3288
2024-01-15T22:15:00,COOLING_TEMP_01,70.1687
2024-01-15T22:15:00,COOLING_PRES_01,10.1083
2024-01-15T22:15:00,COOLING_FLOW_01,246.6148
2024-01-15T22:15:00,PRIMARY_PRES_01,155.0858
2024-01-15T22:15:00,PRIMARY_TEMP_01,299.8129
2024-01-15T22:15:00,PRIMARY_FLOW_01,595.5673
2024-01-15T22:16:00,COOLING_TEMP_01,68.6147
2024-01-15T22:16:00,COOLING_PRES_01,9.9802
2024-01-15T22:16:00,COOLING_FLOW_01,250.1149
2024-01-15T22:16:00,COOLING_HEAT_01,19.82
2024-01-15T22:16:00,PRIMARY_PRES_01,155.1278
2024-01-15T22:16:00,PRIMARY_TEMP_01,298.6897
2024-01-15T22:16:00,PRIMARY_FLOW_01,613.639
2024-01-15T22:16:00,PRIMARY_LEVEL_01,50.4095
2024-01-15T22:17:00,COOLING_TEMP_01,69.3843
2024-01-15T22:17:00,COOLING_PRES_01,10.0972
2024-01-15T22:17:00,COOLING_FLOW_01,250.6007
2024-01-15T22:17:00,PRIMARY_PRES_01,155.5215
2024-01-15T22:17:00,PRIMARY_TEMP_01,299.6664
2024-01-15T22:17:00,PRIMARY_FLOW_01,599.7526
2024-01-15T22:18:00,COOLING_TEMP_01,68.7291
2024-01-15T22:18:00,COOLING_PRES_01,10.0235
2024-01-15T22:18:00,COOLING_FLOW_01,248.3086
2024-01-15T22:18:00,COOLING_HEAT_01,19.5679
2024-01-15T22:18:00,PRIMARY_PRES_01,155.6169
2024-01-15T22:18:00,PRIMARY_TEMP_01,300.9336
2024-01-15T22:18:00,PRIMARY_FLOW_01,606.7008
2024-01-15T22:18:00,PRIMARY_LEVEL_01,49.6366
2024-01-15T22:19:00,COOLING_TEMP_01,68.4382
2024-01-15T22:19:00,COOLING_PRES_01,10.1297
2024-01-15T22:19:00,COOLING_FLOW_01,250.9846
2024-01-15T22:19:00,PRIMARY_PRES_01,155.0285
2024-01-15T22:19:00,PRIMARY_TEMP_01,298.8545
2024-01-15T22:19:00,PRIMARY_FLOW_01,595.2171
2024-01-15T22:20:00,COOLING_TEMP_01,69.2776
2024-01-15T22:20:00,COOLING_PRES_01,10.03
2024-01-15T22:20:00,COOLING_FLOW_01,254.0666
2024-01-15T22:20:00,COOLING_HEAT_01,19.5877
2024-01-15T22:20:00,PRIMARY_PRES_01,154.72
2024-01-15T22:20:00,PRIMARY_TEMP_01,301.1263
2024-01-15T22:20:00,PRIMARY_FLOW_01,611.7257
2024-01-15T22:20:00,PRIMARY_LEVEL_01,50.2526
2024-01-15T22:21:00,COOLING_TEMP_01,70.0315
2024-01-15T22:21:00,COOLING_PRES_01,9.8858
2024-01-15T22:21:00,COOLING_FLOW_01,251.6843
2024-01-15T22:21:00,PRIMARY_PRES_01,155.2755
2024-01-15T22:21:00,PRIMARY_TEMP_01,298.9457
2024-01-15T22:21:00,PRIMARY_FLOW_01,602.6053
2024-01-15T22:22:00,COOLING_TEMP_01,70.201
2024-01-15T22:22:00,COOLING_PRES_01,10.0975
2024-01-15T22:22:00,COOLING_FLOW_01,247.6189
2024-01-15T22:22:00,COOLING_HEAT_01,20.2055
2024-01-15T22:22:00,PRIMARY_PRES_01,154.4463
2024-01-15T22:22:00,PRIMARY_TEMP_01,297.6578
2024-01-15T22:22:00,PRIMARY_FLOW_01,594.2647
2024-01-15T22:22:00,PRIMARY_LEVEL_01,51.0553
2024-01-15T22:23:00,COOLING_TEMP_01,69.1765
2024-01-15T22:23:00,COOLING_PRES_01,10.021
2024-01-15T22:23:00,COOLING_FLOW_01,250.0684
2024-01-15T22:23:00,PRIMARY_PRES_01,154.4949
2024-01-15T22:23:00,PRIMARY_TEMP_01,299.9763
2024-01-15T22:23:00,PRIMARY_FLOW_01,594.606
2024-01-15T22:24:00,COOLING_TEMP_01,69.5022
2024-01-15T22:24:00,COOLING_PRES_01,10.044
2024-01-15T22:24:00,COOLING_FLOW_01,247.901
2024-01-15T22:24:00,COOLING_HEAT_01,19.9519
2024-01-15T22:24:00,PRIMARY_PRES_01,155.1781
2024-01-15T22:24:00,PRIMARY_TEMP_01,300.5575
2024-01-15T22:24:00,PRIMARY_FLOW_01,592.6245
2024-01-15T22:24:00,PRIMARY_LEVEL_01,50.4442
2024-01-15T22:25:00,COOLING_TEMP_01,69.5239
2024-01-15T22:25:00,COOLING_PRES_01,10.0002
2024-01-15T22:25:00,COOLING_FLOW_01,252.8391
2024-01-15T22:25:00,PRIMARY_PRES_01,154.7424
2024-01-15T22:25:00,PRIMARY_TEMP_01,301.1851
2024-01-15T22:25:00,PRIMARY_FLOW_01,597.7047
2024-01-15T22:26:00,COOLING_TEMP_01,69.712
2024-01-15T22:26:00,COOLING_PRES_01,9.9319
2024-01-15T22:26:00,COOLING_FLOW_01,253.822
2024-01-15T22:26:00,COOLING_HEAT_01,19.9924
2024-01-15T22:26:00,PRIMARY_PRES_01,154.9799
2024-01-15T22:26:00,PRIMARY_TEMP_01,298.5598
2024-01-15T22:26:00,PRIMARY_FLOW_01,605.5373
2024-01-15T22:26:00,PRIMARY_LEVEL_01,50.1608
2024-01-15T22:27:00,COOLING_TEMP_01,70.1083
2024-01-15T22:27:00,COOLING_PRES_01,10.0626
2024-01-15T22:27:00,COOLING_FLOW_01,250.9924
2024-01-15T22:27:00,PRIMARY_PRES_01,155.4213
2024-01-15T22:27:00,PRIMARY_TEMP_01,298.2764
2024-01-15T22:27:00,PRIMARY_FLOW_01,587.9852
2024-01-15T22:28:00,COOLING_TEMP_01,69.102
2024-01-15T22:28:00,COOLING_PRES_01,9.775
2024-01-15T22:28:00,COOLING_FLOW_01,250.8434
2024-01-15T22:28:00,COOLING_HEAT_01,19.5166
2024-01-15T22:28:00,PRIMARY_PRES_01,154.9757
2024-01-15T22:28:00,PRIMARY_TEMP_01,297.1971
2024-01-15T22:28:00,PRIMARY_FLOW_01,596.9483
2024-01-15T22:28:00,PRIMARY_LEVEL_01,50.2736
2024-01-15T22:29:00,COOLING_TEMP_01,69.8862
2024-01-15T22:29:00,COOLING_PRES_01,10.0563
2024-01-15T22:29:00,COOLING_FLOW_01,254.3308
2024-01-15T22:29:00,PRIMARY_PRES_01,154.7581
2024-01-15T22:29:00,PRIMARY_TEMP_01,299.8712
2024-01-15T22:29:00,PRIMARY_FLOW_01,606.7981
2024-01-15T22:30:00,COOLING_TEMP_01,70.7698
2024-01-15T22:30:00,COOLING_PRES_01,9.8544
2024-01-15T22:30:00,COOLING_FLOW_01,248.1764
2024-01-15T22:30:00,COOLING_HEAT_01,19.9524
2024-01-15T22:30:00,PRIMARY_PRES_01,155.202
2024-01-15T22:30:00,PRIMARY_TEMP_01,298.9155
2024-01-15T22:30:00,PRIMARY_FLOW_01,602.5387
2024-01-15T22:30:00,PRIMARY_LEVEL_01,50.1756
2024-01-15T22:31:00,COOLING_TEMP_01,69.8009
2024-01-15T22:31:00,COOLING_PRES_01,10.0739
2024-01-15T22:31:00,COOLING_FLOW_01,242.884
2024-01-15T22:31:00,PRIMARY_PRES_01,155.6426
2024-01-15T22:31:00,PRIMARY_TEMP_01,300.8442
2024-01-15T22:31:00,PRIMARY_FLOW_01,600.0514
2024-01-15T22:32:00,COOLING_TEMP_01,69.3235
2024-01-15T22:32:00,COOLING_PRES_01,10.0024
2024-01-15T22:32:00,COOLING_FLOW_01,248.6364
2024-01-15T22:32:00,COOLING_HEAT_01,19.9545
2024-01-15T22:32:00,PRIMARY_PRES_01,154.5929
2024-01-15T22:32:00,PRIMARY_TEMP_01,300.8904
2024-01-15T22:32:00,PRIMARY_FLOW_01,604.9593
2024-01-15T22:32:00,PRIMARY_LEVEL_01,49.9651
2024-01-15T22:33:00,COOLING_TEMP_01,68.8965
2024-01-15T22:33:00,COOLING_PRES_01,10.0616
2024-01-15T22:33:00,COOLING_FLOW_01,251.6698
2024-01-15T22:33:00,PRIMARY_PRES_01,155.5835
2024-01-15T22:33:00,PRIMARY_TEMP_01,298.5468
2024-01-15T22:33:00,PRIMARY_FLOW_01,602.1562
2024-01-15T22:34:00,COOLING_TEMP_01,69.392
2024-01-15T22:34:00,COOLING_PRES_01,9.8112
2024-01-15T22:34:00,COOLING_FLOW_01,246.059
2024-01-15T22:34:00,COOLING_HEAT_01,19.765
2024-01-15T22:34:00,PRIMARY_PRES_01,155.1511
2024-01-15T22:34:00,PRIMARY_TEMP_01,297.7459
2024-01-15T22:34:00,PRIMARY_FLOW_01,594.3039
2024-01-15T22:34:00,PRIMARY_LEVEL_01,49.762
2024-01-15T22:35:00,COOLING_TEMP_01,70.1012
2024-01-15T22:35:00,COOLING_PRES_01,9.9757
2024-01-15T22:35:00,COOLING_FLOW_01,251.2668
2024-01-15T22:35:00,PRIMARY_PRES_01,154.7376
2024-01-15T22:35:00,PRIMARY_TEMP_01,299.2423
2024-01-15T22:35:00,PRIMARY_FLOW_01,599.8896
2024-01-15T22:36:00,COOLING_TEMP_01,70.4275
2024-01-15T22:36:00,COOLING_PRES_01,9.9681
2024-01-15T22:36:00,COOLING_FLOW_01,242.8309
2024-01-15T22:36:00,COOLING_HEAT_01,20.0901
2024-01-15T22:36:00,PRIMARY_PRES_01,154.7547
2024-01-15T22:36:00,PRIMARY_TEMP_01,299.0811
2024-01-15T22:36:00,PRIMARY_FLOW_01,593.816
2024-01-15T22:36:00,PRIMARY_LEVEL_01,51.6416
2024-01-15T22:37:00,COOLING_TEMP_01,69.5303
2024-01-15T22:37:00,COOLING_PRES_01,10.0953
2024-01-15T22:37:00,COOLING_FLOW_01,250.134
2024-01-15T22:37:00,PRIMARY_PRES_01,155.0453
2024-01-15T22:37:00,PRIMARY_TEMP_01,299.2798
2024-01-15T22:37:00,PRIMARY_FLOW_01,594.8105
2024-01-15T22:38:00,COOLING_TEMP_01,68.5402
2024-01-15T22:38:00,COOLING_PRES_01,10.0105
2024-01-15T22:38:00,COOLING_FLOW_01,254.2653
2024-01-15T22:38:00,COOLING_HEAT_01,19.6778
2024-01-15T22:38:00,PRIMARY_PRES_01,154.3544
2024-01-15T22:38:00,PRIMARY_TEMP_01,298.6829
2024-01-15T22:38:00,PRIMARY_FLOW_01,591.4935
2024-01-15T22:38:00,PRIMARY_LEVEL_01,49.4484
2024-01-15T22:39:00,COOLING_TEMP_01,68.9964
2024-01-15T22:39:00,COOLING_PRES_01,10.155
2024-01-15T22:39:00,COOLING_FLOW_01,252.5664
2024-01-15T22:39:00,PRIMARY_PRES_01,154.9473
2024-01-15T22:39:00,PRIMARY_TEMP_01,297.4082
2024-01-15T22:39:00,PRIMARY_FLOW_01,598.0002
2024-01-15T22:40:00,COOLING_TEMP_01,70.7003
2024-01-15T22:40:00,COOLING_PRES_01,9.9299
2024-01-15T22:40:00,COOLING_FLOW_01,240.1875
2024-01-15T22:40:00,COOLING_HEAT_01,19.8301
2024-01-15T22:40:00,PRIMARY_PRES_01,154.4215
2024-01-15T22:40:00,PRIMARY_TEMP_01,297.9537
2024-01-15T22:40:00,PRIMARY_FLOW_01,603.9203
2024-01-15T22:40:00,PRIMARY_LEVEL_01,50.4406
2024-01-15T22:41:00,COOLING_TEMP_01,69.9476
2024-01-15T22:41:00,COOLING_PRES_01,10.154
2024-01-15T22:41:00,COOLING_FLOW_01,251.9388
2024-01-15T22:41:00,PRIMARY_PRES_01,154.5325
2024-01-15T22:41:00,PRIMARY_TEMP_01,297.652
2024-01-15T22:41:00,PRIMARY_FLOW_01,598.9972
2024-01-15T22:42:00,COOLING_TEMP_01,69.7237
2024-01-15T22:42:00,COOLING_PRES_01,9.8728
2024-01-15T22:42:00,COOLING_FLOW_01,250.7154
2024-01-15T22:42:00,COOLING_HEAT_01,19.7904
2024-01-15T22:42:00,PRIMARY_PRES_01,154.989
2024-01-15T22:42:00,PRIMARY_TEMP_01,300.7724
2024-01-15T22:42:00,PRIMARY_FLOW_01,600.9774
2024-01-15T22:42:00,PRIMARY_LEVEL_01,49.4075
2024-01-15T22:43:00,COOLING_TEMP_01,68.6956
2024-01-15T22:43:00,COOLING_PRES_01,9.8811
2024-01-15T22:43:00,COOLING_FLOW_01,253.0757
2024-01-15T22:43:00,PRIMARY_PRES_01,155.0636
2024-01-15T22:43:00,PRIMARY_TEMP_01,298.5152
2024-01-15T22:43:00,PRIMARY_FLOW_01,602.9674
2024-01-15T22:44:00,COOLING_TEMP_01,69.1851
2024-01-15T22:44:00,COOLING_PRES_01,10.0078
2024-01-15T22:44:00,COOLING_FLOW_01,251.1987
2024-01-15T22:44:00,COOLING_HEAT_01,20.0328
2024-01-15T22:44:00,PRIMARY_PRES_01,154.9693
2024-01-15T22:44:00,PRIMARY_TEMP_01,299.0929
2024-01-15T22:44:00,PRIMARY_FLOW_01,599.5496
2024-01-15T22:44:00,PRIMARY_LEVEL_01,50.1631
2024-01-15T22:45:00,COOLING_TEMP_01,69.1275
2024-01-15T22:45:00,COOLING_PRES_01,10.0899
2024-01-15T22:45:00,COOLING_FLOW_01,247.8317
2024-01-15T22:45:00,PRIMARY_PRES_01,155.0322
2024-01-15T22:45:00,PRIMARY_TEMP_01,298.849
2024-01-15T22:45:00,PRIMARY_FLOW_01,603.053
2024-01-15T22:46:00,COOLING_TEMP_01,70.0021
2024-01-15T22:46:00,COOLING_PRES_01,9.7066
2024-01-15T22:46:00,COOLING_FLOW_01,254.3432
2024-01-15T22:46:00,COOLING_HEAT_01,19.9325
2024-01-15T22:46:00,PRIMARY_PRES_01,154.6205
2024-01-15T22:46:00,PRIMARY_TEMP_01,300.5376
2024-01-15T22:46:00,PRIMARY_FLOW_01,604.3618
2024-01-15T22:46:00,PRIMARY_LEVEL_01,50.0999
2024-01-15T22:47:00,COOLING_TEMP_01,68.9789
2024-01-15T22:47:00,COOLING_PRES_01,10.1538
2024-01-15T22:47:00,COOLING_FLOW_01,250.3982
2024-01-15T22:47:00,PRIMARY_PRES_01,154.7386
2024-01-15T22:47:00,PRIMARY_TEMP_01,298.6981
2024-01-15T22:47:00,PRIMARY_FLOW_01,610.1884
2024-01-15T22:48:00,COOLING_TEMP_01,70.9575
2024-01-15T22:48:00,COOLING_PRES_01,9.9562
2024-01-15T22:48:00,COOLING_FLOW_01,250.5005
2024-01-15T22:48:00,COOLING_HEAT_01,19.6547
2024-01-15T22:48:00,PRIMARY_PRES_01,154.8158
2024-01-15T22:48:00,PRIMARY_TEMP_01,299.6655
2024-01-15T22:48:00,PRIMARY_FLOW_01,595.579
2024-01-15T22:48:00,PRIMARY_LEVEL_01,49.5396
2024-01-15T22:49:00,COOLING_TEMP_01,69.4011
2024-01-15T22:49:00,COOLING_PRES_01,10.0369
2024-01-15T22:49:00,COOLING_FLOW_01,249.4117
2024-01-15T22:49:00,PRIMARY_PRES_01,154.949
2024-01-15T22:49:00,PRIMARY_TEMP_01,299.3748
2024-01-15T22:49:00,PRIMARY_FLOW_01,595.1588
2024-01-15T22:50:00,COOLING_TEMP_01,69.9457
2024-01-15T22:50:00,COOLING_PRES_01,9.9932
2024-01-15T22:50:00,COOLING_FLOW_01,247.4994
2024-01-15T22:50:00,COOLING_HEAT_01,19.8873
2024-01-15T22:50:00,PRIMARY_PRES_01,155.3175
2024-01-15T22:50:00,PRIMARY_TEMP_01,298.6774
2024-01-15T22:50:00,PRIMARY_FLOW_01,592.2529
2024-01-15T22:50:00,PRIMARY_LEVEL_01,50.1504
2024-01-15T22:51:00,COOLING_TEMP_01,69.571
2024-01-15T22:51:00,COOLING_PRES_01,10.0646
2024-01-15T22:51:00,COOLING_FLOW_01,249.6264
2024-01-15T22:51:00,PRIMARY_PRES_01,155.05
2024-01-15T22:51:00,PRIMARY_TEMP_01,300.0945
2024-01-15T22:51:00,PRIMARY_FLOW_01,598.6575
2024-01-15T22:52:00,COOLING_TEMP_01,70.6484
2024-01-15T22:52:00,COOLING_PRES_01,10.0003
2024-01-15T22:52:00,COOLING_FLOW_01,251.9409
2024-01-15T22:52:00,COOLING_HEAT_01,20.0459
2024-01-15T22:52:00,PRIMARY_PRES_01,154.7435
2024-01-15T22:52:00,PRIMARY_TEMP_01,299.6192
2024-01-15T22:52:00,PRIMARY_FLOW_01,607.7797
2024-01-15T22:52:00,PRIMARY_LEVEL_01,50.2845
2024-01-15T22:53:00,COOLING_TEMP_01,69.782
2024-01-15T22:53:00,COOLING_PRES_01,9.9695
2024-01-15T22:53:00,COOLING_FLOW_01,239.8556
2024-01-15T22:53:00,PRIMARY_PRES_01,155.3239
2024-01-15T22:53:00,PRIMARY_TEMP_01,298.9952
2024-01-15T22:53:00,PRIMARY_FLOW_01,598.1758
2024-01-15T22:54:00,COOLING_TEMP_01,70.1068
2024-01-15T22:54:00,COOLING_PRES_01,10.0605
2024-01-15T22:54:00,COOLING_FLOW_01,249.7031
2024-01-15T22:54:00,COOLING_HEAT_01,20.0066
2024-01-15T22:54:00,PRIMARY_PRES_01,155.3376
2024-01-15T22:54:00,PRIMARY_TEMP_01,297.9291
2024-01-15T22:54:00,PRIMARY_FLOW_01,593.1234
2024-01-15T22:54:00,PRIMARY_LEVEL_01,50.3197
2024-01-15T22:55:00,COOLING_TEMP_01,69.7747
2024-01-15T22:55:00,COOLING_PRES_01,9.9897
2024-01-15T22:55:00,COOLING_FLOW_01,247.8395
2024-01-15T22:55:00,PRIMARY_PRES_01,154.8511
2024-01-15T22:55:00,PRIMARY_TEMP_01,300.1263
2024-01-15T22:55:00,PRIMARY_FLOW_01,602.5736
2024-01-15T22:56:00,COOLING_TEMP_01,69.3911
2024-01-15T22:56:00,COOLING_PRES_01,9.9208
2024-01-15T22:56:00,COOLING_FLOW_01,249.28
2024-01-15T22:56:00,COOLING_HEAT_01,19.4292
2024-01-15T22:56:00,PRIMARY_PRES_01,154.4283
2024-01-15T22:56:00,PRIMARY_TEMP_01,298.8838
2024-01-15T22:56:00,PRIMARY_FLOW_01,598.4205
2024-01-15T22:56:00,PRIMARY_LEVEL_01,50.0555
2024-01-15T22:57:00,COOLING_TEMP_01,70.3576
2024-01-15T22:57:00,COOLING_PRES_01,9.8678
2024-01-15T22:57:00,COOLING_FLOW_01,246.3624
2024-01-15T22:57:00,PRIMARY_PRES_01,154.5556
2024-01-15T22:57:00,PRIMARY_TEMP_01,301.1791
2024-01-15T22:57:00,PRIMARY_FLOW_01,595.5004
2024-01-15T22:58:00,COOLING_TEMP_01,69.4849
2024-01-15T22:58:00,COOLING_PRES_01,10.0241
2024-01-15T22:58:00,COOLING_FLOW_01,250.371
2024-01-15T22:58:00,COOLING_HEAT_01,19.5918
2024-01-15T22:58:00,PRIMARY_PRES_01,154.7271
2024-01-15T22:58:00,PRIMARY_TEMP_01,299.4527
2024-01-15T22:58:00,PRIMARY_FLOW_01,601.9403
2024-01-15T22:58:00,PRIMARY_LEVEL_01,49.9344
2024-01-15T22:59:00,COOLING_TEMP_01,70.1002
2024-01-15T22:59:00,COOLING_PRES_01,9.9498
2024-01-15T22:59:00,COOLING_FLOW_01,251.5894
2024-01-15T22:59:00,PRIMARY_PRES_01,154.9961
2024-01-15T22:59:00,PRIMARY_TEMP_01,301.2697
2024-01-15T22:59:00,PRIMARY_FLOW_01,593.0185
2024-01-15T23:00:00,COOLING_TEMP_01,70.3392
2024-01-15T23:00:00,COOLING_PRES_01,9.9925
2024-01-15T23:00:00,COOLING_FLOW_01,247.5542
2024-01-15T23:00:00,COOLING_HEAT_01,20.2122
2024-01-15T23:00:00,PRIMARY_PRES_01,154.6443
2024-01-15T23:00:00,PRIMARY_TEMP_01,298.2881
2024-01-15T23:00:00,PRIMARY_FLOW_01,605.1787
2024-01-15T23:00:00,PRIMARY_LEVEL_01,50.3999
2024-01-15T23:01:00,COOLING_TEMP_01,71.0686
2024-01-15T23:01:00,COOLING_PRES_01,10.0371
2024-01-15T23:01:00,COOLING_FLOW_01,252.0195
2024-01-15T23:01:00,PRIMARY_PRES_01,155.152
2024-01-15T23:01:00,PRIMARY_TEMP_01,299.0656
2024-01-15T23:01:00,PRIMARY_FLOW_01,583.3042
2024-01-15T23:02:00,COOLING_TEMP_01,69.0117
2024-01-15T23:02:00,COOLING_PRES_01,9.8902
2024-01-15T23:02:00,COOLING_FLOW_01,253.7241
2024-01-15T23:02:00,COOLING_HEAT_01,19.667
2024-01-15T23:02:00,PRIMARY_PRES_01,155.0144
2024-01-15T23:02:00,PRIMARY_TEMP_01,300.7203
2024-01-15T23:02:00,PRIMARY_FLOW_01,605.0891
2024-01-15T23:02:00,PRIMARY_LEVEL_01,50.4035
2024-01-15T23:03:00,COOLING_TEMP_01,70.3196
2024-01-15T23:03:00,COOLING_PRES_01,10.0719
2024-01-15T23:03:00,COOLING_FLOW_01,251.0646
2024-01-15T23:03:00,PRIMARY_PRES_01,155.1443
2024-01-15T23:03:00,PRIMARY_TEMP_01,299.9586
2024-01-15T23:03:00,PRIMARY_FLOW_01,598.0506
2024-01-15T23:04:00,COOLING_TEMP_01,69.6254
2024-01-15T23:04:00,COOLING_PRES_01,10.0528
2024-01-15T23:04:00,COOLING_FLOW_01,252.0189
2024-01-15T23:04:00,COOLING_HEAT_01,19.5614
2024-01-15T23:04:00,PRIMARY_PRES_01,154.8671
2024-01-15T23:04:00,PRIMARY_TEMP_01,299.6462
2024-01-15T23:04:00,PRIMARY_FLOW_01,601.8426
2024-01-15T23:04:00,PRIMARY_LEVEL_01,49.2937
2024-01-15T23:05:00,COOLING_TEMP_01,70.3065
2024-01-15T23:05:00,COOLING_PRES_01,9.9529
2024-01-15T23:05:00,COOLING_FLOW_01,251.8128
2024-01-15T23:05:00,PRIMARY_PRES_01,155.0672
2024-01-15T23:05:00,PRIMARY_TEMP_01,299.0716
2024-01-15T23:05:00,PRIMARY_FLOW_01,600.8229
2024-01-15T23:06:00,COOLING_TEMP_01,70.9619
2024-01-15T23:06:00,COOLING_PRES_01,10.1299
2024-01-15T23:06:00,COOLING_FLOW_01,248.2036
2024-01-15T23:06:00,COOLING_HEAT_01,19.5174
2024-01-15T23:06:00,PRIMARY_PRES_01,154.5471
2024-01-15T23:06:00,PRIMARY_TEMP_01,299.3812
2024-01-15T23:06:00,PRIMARY_FLOW_01,599.6637
2024-01-15T23:06:00,PRIMARY_LEVEL_01,50.1329
2024-01-15T23:07:00,COOLING_TEMP_01,69.2838
2024-01-15T23:07:00,COOLING_PRES_01,10.2676
2024-01-15T23:07:00,COOLING_FLOW_01,248.1037
2024-01-15T23:07:00,PRIMARY_PRES_01,154.5259
2024-01-15T23:07:00,PRIMARY_TEMP_01,301.0561
2024-01-15T23:07:00,PRIMARY_FLOW_01,615.8613
2024-01-15T23:08:00,COOLING_TEMP_01,69.6932
2024-01-15T23:08:00,COOLING_PRES_01,9.9861
2024-01-15T23:08:00,COOLING_FLOW_01,248.3931
2024-01-15T23:08:00,COOLING_HEAT_01,19.9349
2024-01-15T23:08:00,PRIMARY_PRES_01,154.7132
2024-01-15T23:08:00,PRIMARY_TEMP_01,300.4805
2024-01-15T23:08:00,PRIMARY_FLOW_01,596.865
2024-01-15T23:08:00,PRIMARY_LEVEL_01,51.0008
2024-01-15T23:09:00,COOLING_TEMP_01,69.77
2024-01-15T23:09:00,COOLING_PRES_01,10.0523
2024-01-15T23:09:00,COOLING_FLOW_01,249.8996
2024-01-15T23:09:00,PRIMARY_PRES_01,155.0558
2024-01-15T23:09:00,PRIMARY_TEMP_01,299.605
2024-01-15T23:09:00,PRIMARY_FLOW_01,608.6102
2024-01-15T23:10:00,COOLING_TEMP_01,69.2149
2024-01-15T23:10:00,COOLING_PRES_01,9.934
2024-01-15T23:10:00,COOLING_FLOW_01,249.7224
2024-01-15T23:10:00,COOLING_HEAT_01,19.4636
2024-01-15T23:10:00,PRIMARY_PRES_01,155.8431
2024-01-15T23:10:00,PRIMARY_TEMP_01,300.13
2024-01-15T23:10:00,PRIMARY_FLOW_01,603.5457
2024-01-15T23:10:00,PRIMARY_LEVEL_01,50.2032
2024-01-15T23:11:00,COOLING_TEMP_01,70.2489
2024-01-15T23:11:00,COOLING_PRES_01,10.1182
2024-01-15T23:11:00,COOLING_FLOW_01,243.5354
2024-01-15T23:11:00,PRIMARY_PRES_01,154.6601
2024-01-15T23:11:00,PRIMARY_TEMP_01,299.8202
2024-01-15T23:11:00,PRIMARY_FLOW_01,603.1272
2024-01-15T23:12:00,COOLING_TEMP_01,70.4507
2024-01-15T23:12:00,COOLING_PRES_01,9.917
2024-01-15T23:12:00,COOLING_FLOW_01,250.7202
2024-01-15T23:12:00,COOLING_HEAT_01,19.8496
2024-01-15T23:12:00,PRIMARY_PRES_01,154.81
2024-01-15T23:12:00,PRIMARY_TEMP_01,300.1902
2024-01-15T23:12:00,PRIMARY_FLOW_01,594.9564
2024-01-15T23:12:00,PRIMARY_LEVEL_01,49.0398
2024-01-15T23:13:00,COOLING_TEMP_01,69.8611
2024-01-15T23:13:00,COOLING_PRES_01,10.2021
2024-01-15T23:13:00,COOLING_FLOW_01,252.3152
2024-01-15T23:13:00,PRIMARY_PRES_01,154.6285
2024-01-15T23:13:00,PRIMARY_TEMP_01,301.8972
2024-01-15T23:13:00,PRIMARY_FLOW_01,610.7321
2024-01-15T23:14:00,COOLING_TEMP_01,69.4886
2024-01-15T23:14:00,COOLING_PRES_01,9.8378
2024-01-15T23:14:00,COOLING_FLOW_01,244.4458
2024-01-15T23:14:00,COOLING_HEAT_01,19.4778
2024-01-15T23:14:00,PRIMARY_PRES_01,154.7312
2024-01-15T23:14:00,PRIMARY_TEMP_01,299.0971
2024-01-15T23:14:00,PRIMARY_FLOW_01,604.1137
2024-01-15T23:14:00,PRIMARY_LEVEL_01,50.1132
2024-01-15T23:15:00,COOLING_TEMP_01,69.4694
2024-01-15T23:15:00,COOLING_PRES_01,9.8959
2024-01-15T23:15:00,COOLING_FLOW_01,254.0496
2024-01-15T23:15:00,PRIMARY_PRES_01,155.125
2024-01-15T23:15:00,PRIMARY_TEMP_01,301.266
2024-01-15T23:15:00,PRIMARY_FLOW_01,593.0499
2024-01-15T23:16:00,COOLING_TEMP_01,69.6187
2024-01-15T23:16:00,COOLING_PRES_01,9.9543
2024-01-15T23:16:00,COOLING_FLOW_01,250.2234
2024-01-15T23:16:00,COOLING_HEAT_01,19.8264
2024-01-15T23:16:00,PRIMARY_PRES_01,154.7179
2024-01-15T23:16:00,PRIMARY_TEMP_01,300.4532
2024-01-15T23:16:00,PRIMARY_FLOW_01,601.4729
2024-01-15T23:16:00,PRIMARY_LEVEL_01,48.7296
2024-01-15T23:17:00,COOLING_TEMP_01,70.0644
2024-01-15T23:17:00,COOLING_PRES_01,9.9936
2024-01-15T23:17:00,COOLING_FLOW_01,246.6498
2024-01-15T23:17:00,PRIMARY_PRES_01,154.8678
2024-01-15T23:17:00,PRIMARY_TEMP_01,299.3411
2024-01-15T23:17:00,PRIMARY_FLOW_01,605.0584
2024-01-15T23:18:00,COOLING_TEMP_01,69.2704
2024-01-15T23:18:00,COOLING_PRES_01,10.0098
2024-01-15T23:18:00,COOLING_FLOW_01,247.6237
2024-01-15T23:18:00,COOLING_HEAT_01,20.3453
2024-01-15T23:18:00,PRIMARY_PRES_01,154.9499
2024-01-15T23:18:00,PRIMARY_TEMP_01,299.854
2024-01-15T23:18:00,PRIMARY_FLOW_01,608.3651
2024-01-15T23:18:00,PRIMARY_LEVEL_01,50.2898
2024-01-15T23:19:00,COOLING_TEMP_01,70.8003
2024-01-15T23:19:00,COOLING_PRES_01,9.9443
2024-01-15T23:19:00,COOLING_FLOW_01,249.8621
2024-01-15T23:19:00,PRIMARY_PRES_01,154.6898
2024-01-15T23:19:00,PRIMARY_TEMP_01,299.4985
2024-01-15T23:19:00,PRIMARY_FLOW_01,606.6989
2024-01-15T23:20:00,COOLING_TEMP_01,70.491
2024-01-15T23:20:00,COOLING_PRES_01,10.0489
2024-01-15T23:20:00,COOLING_FLOW_01,242.2573
2024-01-15T23:20:00,COOLING_HEAT_01,19.5881
2024-01-15T23:20:00,PRIMARY_PRES_01,155.2864
2024-01-15T23:20:00,PRIMARY_TEMP_01,300.4898
2024-01-15T23:20:00,PRIMARY_FLOW_01,600.3068
2024-01-15T23:20:00,PRIMARY_LEVEL_01,48.8537
2024-01-15T23:21:00,COOLING_TEMP_01,70.8384
2024-01-15T23:21:00,COOLING_PRES_01,9.788
2024-01-15T23:21:00,COOLING_FLOW_01,251.3587
2024-01-15T23:21:00,PRIMARY_PRES_01,155.0837
2024-01-15T23:21:00,PRIMARY_TEMP_01,300.1825
2024-01-15T23:21:00,PRIMARY_FLOW_01,603.056
2024-01-15T23:22:00,COOLING_TEMP_01,69.7521
2024-01-15T23:22:00,COOLING_PRES_01,10.1202
2024-01-15T23:22:00,COOLING_FLOW_01,246.5392
2024-01-15T23:22:00,COOLING_HEAT_01,20.3809
2024-01-15T23:22:00,PRIMARY_PRES_01,154.5949
2024-01-15T23:22:00,PRIMARY_TEMP_01,297.7939
2024-01-15T23:22:00,PRIMARY_FLOW_01,600.1042
2024-01-15T23:22:00,PRIMARY_LEVEL_01,49.5971
2024-01-15T23:23:00,COOLING_TEMP_01,70.7328
2024-01-15T23:23:00,COOLING_PRES_01,10.0847
2024-01-15T23:23:00,COOLING_FLOW_01,250.7556
2024-01-15T23:23:00,PRIMARY_PRES_01,155.281
2024-01-15T23:23:00,PRIMARY_TEMP_01,301.2277
2024-01-15T23:23:00,PRIMARY_FLOW_01,606.3737
2024-01-15T23:24:00,COOLING_TEMP_01,69.4266
2024-01-15T23:24:00,COOLING_PRES_01,10.0755
2024-01-15T23:24:00,COOLING_FLOW_01,256.8285
2024-01-15T23:24:00,COOLING_HEAT_01,20.632
2024-01-15T23:24:00,PRIMARY_PRES_01,154.5662
2024-01-15T23:24:00,PRIMARY_TEMP_01,300.7214
2024-01-15T23:24:00,PRIMARY_FLOW_01,605.5018
2024-01-15T23:24:00,PRIMARY_LEVEL_01,49.8847
2024-01-15T23:25:00,COOLING_TEMP_01,69.1537
2024-01-15T23:25:00,COOLING_PRES_01,9.8315
2024-01-15T23:25:00,COOLING_FLOW_01,250.5641
2024-01-15T23:25:00,PRIMARY_PRES_01,155.0222
2024-01-15T23:25:00,PRIMARY_TEMP_01,299.1092
2024-01-15T23:25:00,PRIMARY_FLOW_01,595.3304
2024-01-15T23:26:00,COOLING_TEMP_01,70.0677
2024-01-15T23:26:00,COOLING_PRES_01,10.0817
2024-01-15T23:26:00,COOLING_FLOW_01,246.9519
2024-01-15T23:26:00,COOLING_HEAT_01,19.993
2024-01-15T23:26:00,PRIMARY_PRES_01,155.2449
2024-01-15T23:26:00,PRIMARY_TEMP_01,299.8169
2024-01-15T23:26:00,PRIMARY_FLOW_01,585.8981
2024-01-15T23:26:00,PRIMARY_LEVEL_01,49.6805
2024-01-15T23:27:00,COOLING_TEMP_01,70.0726
2024-01-15T23:27:00,COOLING_PRES_01,9.8987
2024-01-15T23:27:00,COOLING_FLOW_01,250.911
2024-01-15T23:27:00,PRIMARY_PRES_01,154.9834
2024-01-15T23:27:00,PRIMARY_TEMP_01,298.8164
2024-01-15T23:27:00,PRIMARY_FLOW_01,609.7538
2024-01-15T23:28:00,COOLING_TEMP_01,69.1403
2024-01-15T23:28:00,COOLING_PRES_01,9.9954
2024-01-15T23:28:00,COOLING_FLOW_01,255.7914
2024-01-15T23:28:00,COOLING_HEAT_01,19.936
2024-01-15T23:28:00,PRIMARY_PRES_01,154.9544
2024-01-15T23:28:00,PRIMARY_TEMP_01,299.0045
2024-01-15T23:28:00,PRIMARY_FLOW_01,592.8432
2024-01-15T23:28:00,PRIMARY_LEVEL_01,49.6373
2024-01-15T23:29:00,COOLING_TEMP_01,70.0342
2024-01-15T23:29:00,COOLING_PRES_01,10.1315
2024-01-15T23:29:00,COOLING_FLOW_01,246.7427
2024-01-15T23:29:00,PRIMARY_PRES_01,154.8022
2024-01-15T23:29:00,PRIMARY_TEMP_01,300.9763
2024-01-15T23:29:00,PRIMARY_FLOW_01,602.3159
2024-01-15T23:30:00,COOLING_TEMP_01,69.757
2024-01-15T23:30:00,COOLING_PRES_01,9.9534
2024-01-15T23:30:00,COOLING_FLOW_01,248.7168
2024-01-15T23:30:00,COOLING_HEAT_01,19.915
2024-01-15T23:30:00,PRIMARY_PRES_01,154.5677
2024-01-15T23:30:00,PRIMARY_TEMP_01,300.2621
2024-01-15T23:30:00,PRIMARY_FLOW_01,599.9417
2024-01-15T23:30:00,PRIMARY_LEVEL_01,49.7448
2024-01-15T23:31:00,COOLING_TEMP_01,69.4455
2024-01-15T23:31:00,COOLING_PRES_01,10.0739
2024-01-15T23:31:00,COOLING_FLOW_01,246.0967
2024-01-15T23:31:00,PRIMARY_PRES_01,155.3039
2024-01-15T23:31:00,PRIMARY_TEMP_01,299.4114
2024-01-15T23:31:00,PRIMARY_FLOW_01,586.7819
2024-01-15T23:32:00,COOLING_TEMP_01,70.538
2024-01-15T23:32:00,COOLING_PRES_01,10.0061
2024-01-15T23:32:00,COOLING_FLOW_01,251.0669
2024-01-15T23:32:00,COOLING_HEAT_01,19.8619
2024-01-15T23:32:00,PRIMARY_PRES_01,154.7278
2024-01-15T23:32:00,PRIMARY_TEMP_01,300.0318
2024-01-15T23:32:00,PRIMARY_FLOW_01,599.091
2024-01-15T23:32:00,PRIMARY_LEVEL_01,49.6703
2024-01-15T23:33:00,COOLING_TEMP_01,70.2523
2024-01-15T23:33:00,COOLING_PRES_01,9.8226
2024-01-15T23:33:00,COOLING_FLOW_01,248.8323
2024-01-15T23:33:00,PRIMARY_PRES_01,154.8246
2024-01-15T23:33:00,PRIMARY_TEMP_01,299.4943
2024-01-15T23:33:00,PRIMARY_FLOW_01,606.7846
2024-01-15T23:34:00,COOLING_TEMP_01,69.6592
2024-01-15T23:34:00,COOLING_PRES_01,10.0486
2024-01-15T23:34:00,COOLING_FLOW_01,245.8809
2024-01-15T23:34:00,COOLING_HEAT_01,20.0694
2024-01-15T23:34:00,PRIMARY_PRES_01,155.3042
2024-01-15T23:34:00,PRIMARY_TEMP_01,299.1025
2024-01-15T23:34:00,PRIMARY_FLOW_01,597.4324
2024-01-15T23:34:00,PRIMARY_LEVEL_01,49.7485
2024-01-15T23:35:00,COOLING_TEMP_01,70.388
2024-01-15T23:35:00,COOLING_PRES_01,9.9408
2024-01-15T23:35:00,COOLING_FLOW_01,248.587
2024-01-15T23:35:00,PRIMARY_PRES_01,155.0382
2024-01-15T23:35:00,PRIMARY_TEMP_01,301.8381
2024-01-15T23:35:00,PRIMARY_FLOW_01,608.4897
2024-01-15T23:36:00,COOLING_TEMP_01,70.5462
2024-01-15T23:36:00,COOLING_PRES_01,9.9207
2024-01-15T23:36:00,COOLING_FLOW_01,251.7085
2024-01-15T23:36:00,COOLING_HEAT_01,20.2861
2024-01-15T23:36:00,PRIMARY_PRES_01,155.6517
2024-01-15T23:36:00,PRIMARY_TEMP_01,299.5364
2024-01-15T23:36:00,PRIMARY_FLOW_01,597.0275
2024-01-15T23:36:00,PRIMARY_LEVEL_01,51.2215
2024-01-15T23:37:00,COOLING_TEMP_01,70.244
2024-01-15T23:37:00,COOLING_PRES_01,10.242
2024-01-15T23:37:00,COOLING_FLOW_01,248.9709
2024-01-15T23:37:00,PRIMARY_PRES_01,155.1184
2024-01-15T23:37:00,PRIMARY_TEMP_01,300.2894
2024-01-15T23:37:00,PRIMARY_FLOW_01,604.2025
2024-01-15T23:38:00,COOLING_TEMP_01,70.3688
2024-01-15T23:38:00,COOLING_PRES_01,9.6566
2024-01-15T23:38:00,COOLING_FLOW_01,249.8984
2024-01-15T23:38:00,COOLING_HEAT_01,20.6768
2024-01-15T23:38:00,PRIMARY_PRES_01,155.2078
2024-01-15T23:38:00,PRIMARY_TEMP_01,300.3573
2024-01-15T23:38:00,PRIMARY_FLOW_01,595.6988
2024-01-15T23:38:00,PRIMARY_LEVEL_01,49.6262
2024-01-15T23:39:00,COOLING_TEMP_01,71.2423
2024-01-15T23:39:00,COOLING_PRES_01,10.0253
2024-01-15T23:39:00,COOLING_FLOW_01,246.5128
2024-01-15T23:39:00,PRIMARY_PRES_01,154.6799
2024-01-15T23:39:00,PRIMARY_TEMP_01,299.8899
2024-01-15T23:39:00,PRIMARY_FLOW_01,601.8532
2024-01-15T23:40:00,COOLING_TEMP_01,69.6218
2024-01-15T23:40:00,COOLING_PRES_01,10.1367
2024-01-15T23:40:00,COOLING_FLOW_01,254.1041
2024-01-15T23:40:00,COOLING_HEAT_01,20.1973
2024-01-15T23:40:00,PRIMARY_PRES_01,154.8056
2024-01-15T23:40:00,PRIMARY_TEMP_01,300.7248
2024-01-15T23:40:00,PRIMARY_FLOW_01,600.5988
2024-01-15T23:40:00,PRIMARY_LEVEL_01,49.7895
2024-01-15T23:41:00,COOLING_TEMP_01,70.8012
2024-01-15T23:41:00,COOLING_PRES_01,9.9755
2024-01-15T23:41:00,COOLING_FLOW_01,249.9553
2024-01-15T23:41:00,PRIMARY_PRES_01,154.7594
2024-01-15T23:41:00,PRIMARY_TEMP_01,299.6767
2024-01-15T23:41:00,PRIMARY_FLOW_01,602.1916
2024-01-15T23:42:00,COOLING_TEMP_01,70.0056
2024-01-15T23:42:00,COOLING_PRES_01,10.0474
2024-01-15T23:42:00,COOLING_FLOW_01,254.7675
2024-01-15T23:42:00,COOLING_HEAT_01,19.9964
2024-01-15T23:42:00,PRIMARY_PRES_01,154.5731
2024-01-15T23:42:00,PRIMARY_TEMP_01,298.8488
2024-01-15T23:42:00,PRIMARY_FLOW_01,608.6892
2024-01-15T23:42:00,PRIMARY_LEVEL_01,50.679
2024-01-15T23:43:00,COOLING_TEMP_01,69.2262
2024-01-15T23:43:00,COOLING_PRES_01,9.947
2024-01-15T23:43:00,COOLING_FLOW_01,251.5902
2024-01-15T23:43:00,PRIMARY_PRES_01,154.6051
2024-01-15T23:43:00,PRIMARY_TEMP_01,299.8849
2024-01-15T23:43:00,PRIMARY_FLOW_01,609.425
2024-01-15T23:44:00,COOLING_TEMP_01,69.8459
2024-01-15T23:44:00,COOLING_PRES_01,10.1733
2024-01-15T23:44:00,COOLING_FLOW_01,248.425
2024-01-15T23:44:00,COOLING_HEAT_01,20.4197
2024-01-15T23:44:00,PRIMARY_PRES_01,155.3048
2024-01-15T23:44:00,PRIMARY_TEMP_01,299.5158
2024-01-15T23:44:00,PRIMARY_FLOW_01,601.3551
2024-01-15T23:44:00,PRIMARY_LEVEL_01,50.1455
2024-01-15T23:45:00,COOLING_TEMP_01,69.6335
2024-01-15T23:45:00,COOLING_PRES_01,9.7656
2024-01-15T23:45:00,COOLING_FLOW_01,250.7994
2024-01-15T23:45:00,PRIMARY_PRES_01,155.1878
2024-01-15T23:45:00,PRIMARY_TEMP_01,298.9195
2024-01-15T23:45:00,PRIMARY_FLOW_01,601.9207
2024-01-15T23:46:00,COOLING_TEMP_01,69.0923
2024-01-15T23:46:00,COOLING_PRES_01,9.8484
2024-01-15T23:46:00,COOLING_FLOW_01,246.022
2024-01-15T23:46:00,COOLING_HEAT_01,19.9791
2024-01-15T23:46:00,PRIMARY_PRES_01,155.2907
2024-01-15T23:46:00,PRIMARY_TEMP_01,300.0791
2024-01-15T23:46:00,PRIMARY_FLOW_01,593.7225
2024-01-15T23:46:00,PRIMARY_LEVEL_01,49.9264
2024-01-15T23:47:00,COOLING_TEMP_01,69.8509
2024-01-15T23:47:00,COOLING_PRES_01,10.0073
2024-01-15T23:47:00,COOLING_FLOW_01,246.1831
2024-01-15T23:47:00,PRIMARY_PRES_01,155.3893
2024-01-15T23:47:00,PRIMARY_TEMP_01,300.5656
2024-01-15T23:47:00,PRIMARY_FLOW_01,605.9858
2024-01-15T23:48:00,COOLING_TEMP_01,69.2059
2024-01-15T23:48:00,COOLING_PRES_01,10.0109
2024-01-15T23:48:00,COOLING_FLOW_01,251.5434
2024-01-15T23:48:00,COOLING_HEAT_01,20.0163
2024-01-15T23:48:00,PRIMARY_PRES_01,155.1088
2024-01-15T23:48:00,PRIMARY_TEMP_01,299.4496
2024-01-15T23:48:00,PRIMARY_FLOW_01,598.116
2024-01-15T23:48:00,PRIMARY_LEVEL_01,50.2802
2024-01-15T23:49:00,COOLING_TEMP_01,69.8309
2024-01-15T23:49:00,COOLING_PRES_01,9.9299
2024-01-15T23:49:00,COOLING_FLOW_01,252.617
2024-01-15T23:49:00,PRIMARY_PRES_01,154.3918
2024-01-15T23:49:00,PRIMARY_TEMP_01,299.0733
2024-01-15T23:49:00,PRIMARY_FLOW_01,603.7072
2024-01-15T23:50:00,COOLING_TEMP_01,71.0091
2024-01-15T23:50:00,COOLING_PRES_01,9.7208
2024-01-15T23:50:00,COOLING_FLOW_01,247.3971
2024-01-15T23:50:00,COOLING_HEAT_01,20.097
2024-01-15T23:50:00,PRIMARY_PRES_01,154.9657
2024-01-15T23:50:00,PRIMARY_TEMP_01,302.0825
2024-01-15T23:50:00,PRIMARY_FLOW_01,605.3978
2024-01-15T23:50:00,PRIMARY_LEVEL_01,50.134
2024-01-15T23:51:00,COOLING_TEMP_01,69.3902
2024-01-15T23:51:00,COOLING_PRES_01,9.9435
2024-01-15T23:51:00,COOLING_FLOW_01,249.9246
2024-01-15T23:51:00,PRIMARY_PRES_01,154.8357
2024-01-15T23:51:00,PRIMARY_TEMP_01,296.1747
2024-01-15T23:51:00,PRIMARY_FLOW_01,587.8138
2024-01-15T23:52:00,COOLING_TEMP_01,70.5227
2024-01-15T23:52:00,COOLING_PRES_01,10.1068
2024-01-15T23:52:00,COOLING_FLOW_01,251.064
2024-01-15T23:52:00,COOLING_HEAT_01,19.7609
2024-01-15T23:52:00,PRIMARY_PRES_01,155.3945
2024-01-15T23:52:00,PRIMARY_TEMP_01,299.6626
2024-01-15T23:52:00,PRIMARY_FLOW_01,594.7077
2024-01-15T23:52:00,PRIMARY_LEVEL_01,50.222
2024-01-15T23:53:00,COOLING_TEMP_01,70.9612
2024-01-15T23:53:00,COOLING_PRES_01,9.801
2024-01-15T23:53:00,COOLING_FLOW_01,256.7958
2024-01-15T23:53:00,PRIMARY_PRES_01,155.1408
2024-01-15T23:53:00,PRIMARY_TEMP_01,301.3717
2024-01-15T23:53:00,PRIMARY_FLOW_01,601.6801
2024-01-15T23:54:00,COOLING_TEMP_01,69.4195
2024-01-15T23:54:00,COOLING_PRES_01,9.7726
2024-01-15T23:54:00,COOLING_FLOW_01,253.696
2024-01-15T23:54:00,COOLING_HEAT_01,19.7088
2024-01-15T23:54:00,PRIMARY_PRES_01,155.1695
2024-01-15T23:54:00,PRIMARY_TEMP_01,300.0037
2024-01-15T23:54:00,PRIMARY_FLOW_01,593.8842
2024-01-15T23:54:00,PRIMARY_LEVEL_01,49.1351
2024-01-15T23:55:00,COOLING_TEMP_01,69.7529
2024-01-15T23:55:00,COOLING_PRES_01,10.0956
2024-01-15T23:55:00,COOLING_FLOW_01,249.7434
2024-01-15T23:55:00,PRIMARY_PRES_01,155.0053
2024-01-15T23:55:00,PRIMARY_TEMP_01,300.688
2024-01-15T23:55:00,PRIMARY_FLOW_01,607.0973
2024-01-15T23:56:00,COOLING_TEMP_01,70.3015
2024-01-15T23:56:00,COOLING_PRES_01,10.0442
2024-01-15T23:56:00,COOLING_FLOW_01,249.2581
2024-01-15T23:56:00,COOLING_HEAT_01,19.8112
2024-01-15T23:56:00,PRIMARY_PRES_01,155.0325
2024-01-15T23:56:00,PRIMARY_TEMP_01,300.1356
2024-01-15T23:56:00,PRIMARY_FLOW_01,596.7531
2024-01-15T23:56:00,PRIMARY_LEVEL_01,50.8188
2024-01-15T23:57:00,COOLING_TEMP_01,69.0006
2024-01-15T23:57:00,COOLING_PRES_01,10.0577
2024-01-15T23:57:00,COOLING_FLOW_01,251.4605
2024-01-15T23:57:00,PRIMARY_PRES_01,155.5543
2024-01-15T23:57:00,PRIMARY_TEMP_01,300.8757
2024-01-15T23:57:00,PRIMARY_FLOW_01,608.4991
2024-01-15T23:58:00,COOLING_TEMP_01,69.3995
2024-01-15T23:58:00,COOLING_PRES_01,9.9524
2024-01-15T23:58:00,COOLING_FLOW_01,247.9361
2024-01-15T23:58:00,COOLING_HEAT_01,20.1701
2024-01-15T23:58:00,PRIMARY_PRES_01,154.926
2024-01-15T23:58:00,PRIMARY_TEMP_01,301.3164
2024-01-15T23:58:00,PRIMARY_FLOW_01,597.0952
2024-01-15T23:58:00,PRIMARY_LEVEL_01,51.2029
2024-01-15T23:59:00,COOLING_TEMP_01,69.6981
2024-01-15T23:59:00,COOLING_PRES_01,10.1157
2024-01-15T23:59:00,COOLING_FLOW_01,247.1071
2024-01-15T23:59:00,PRIMARY_PRES_01,154.8751
2024-01-15T23:59:00,PRIMARY_TEMP_01,299.9689
2024-01-15T23:59:00,PRIMARY_FLOW_01,599.5844
2024-01-16T00:00:00,COOLING_TEMP_01,70.2298
2024-01-16T00:00:00,COOLING_PRES_01,9.8996
2024-01-16T00:00:00,COOLING_FLOW_01,247.6614
2024-01-16T00:00:00,COOLING_HEAT_01,19.7244
2024-01-16T00:00:00,PRIMARY_PRES_01,155.2143
2024-01-16T00:00:00,PRIMARY_TEMP_01,299.7933
2024-01-16T00:00:00,PRIMARY_FLOW_01,596.4632
2024-01-16T00:00:00,PRIMARY_LEVEL_01,48.7595
2024-01-16T00:01:00,COOLING_TEMP_01,70.5021
2024-01-16T00:01:00,COOLING_PRES_01,9.8822
2024-01-16T00:01:00,COOLING_FLOW_01,247.6479
2024-01-16T00:01:00,PRIMARY_PRES_01,155.5253
2024-01-16T00:01:00,PRIMARY_TEMP_01,297.5316
2024-01-16T00:01:00,PRIMARY_FLOW_01,605.2126
2024-01-16T00:02:00,COOLING_TEMP_01,70.3184
2024-01-16T00:02:00,COOLING_PRES_01,9.939
2024-01-16T00:02:00,COOLING_FLOW_01,247.9343
2024-01-16T00:02:00,COOLING_HEAT_01,19.763
2024-01-16T00:02:00,PRIMARY_PRES_01,155.1822
2024-01-16T00:02:00,PRIMARY_TEMP_01,299.6224
2024-01-16T00:02:00,PRIMARY_FLOW_01,606.5018
2024-01-16T00:02:00,PRIMARY_LEVEL_01,49.4168
2024-01-16T00:03:00,COOLING_TEMP_01,68.8769
2024-01-16T00:03:00,COOLING_PRES_01,9.9125
2024-01-16T00:03:00,COOLING_FLOW_01,247.0152
2024-01-16T00:03:00,PRIMARY_PRES_01,154.7651
2024-01-16T00:03:00,PRIMARY_TEMP_01,303.5999
2024-01-16T00:03:00,PRIMARY_FLOW_01,600.1412
2024-01-16T00:04:00,COOLING_TEMP_01,69.1799
2024-01-16T00:04:00,COOLING_PRES_01,9.7882
2024-01-16T00:04:00,COOLING_FLOW_01,246.9313
2024-01-16T00:04:00,COOLING_HEAT_01,20.0554
2024-01-16T00:04:00,PRIMARY_PRES_01,154.9289
2024-01-16T00:04:00,PRIMARY_TEMP_01,297.3742
2024-01-16T00:04:00,PRIMARY_FLOW_01,590.6414
2024-01-16T00:04:00,PRIMARY_LEVEL_01,49.412
2024-01-16T00:05:00,COOLING_TEMP_01,68.6819
2024-01-16T00:05:00,COOLING_PRES_01,9.9808
2024-01-16T00:05:00,COOLING_FLOW_01,249.0448
2024-01-16T00:05:00,PRIMARY_PRES_01,154.876
2024-01-16T00:05:00,PRIMARY_TEMP_01,300.4808
2024-01-16T00:05:00,PRIMARY_FLOW_01,601.871
2024-01-16T00:06:00,COOLING_TEMP_01,69.8676
2024-01-16T00:06:00,COOLING_PRES_01,10.2161
2024-01-16T00:06:00,COOLING_FLOW_01,251.9536
2024-01-16T00:06:00,COOLING_HEAT_01,20.377
2024-01-16T00:06:00,PRIMARY_PRES_01,155.3124
2024-01-16T00:06:00,PRIMARY_TEMP_01,299.1728
2024-01-16T00:06:00,PRIMARY_FLOW_01,602.0004
2024-01-16T00:06:00,PRIMARY_LEVEL_01,50.2605
2024-01-16T00:07:00,COOLING_TEMP_01,70.2525
2024-01-16T00:07:00,COOLING_PRES_01,9.9842
2024-01-16T00:07:00,COOLING_FLOW_01,250.8313
2024-01-16T00:07:00,PRIMARY_PRES_01,154.7016
2024-01-16T00:07:00,PRIMARY_TEMP_01,298.5707
2024-01-16T00:07:00,PRIMARY_FLOW_01,590.5463
2024-01-16T00:08:00,COOLING_TEMP_01,69.7415
2024-01-16T00:08:00,COOLING_PRES_01,10.1134
2024-01-16T00:08:00,COOLING_FLOW_01,252.6708
2024-01-16T00:08:00,COOLING_HEAT_01,20.0715
2024-01-16T00:08:00,PRIMARY_PRES_01,154.4103
2024-01-16T00:08:00,PRIMARY_TEMP_01,298.1793
2024-01-16T00:08:00,PRIMARY_FLOW_01,599.4176
2024-01-16T00:08:00,PRIMARY_LEVEL_01,50.1167
2024-01-16T00:09:00,COOLING_TEMP_01,71.0145
2024-01-16T00:09:00,COOLING_PRES_01,10.1227
2024-01-16T00:09:00,COOLING_FLOW_01,244.8661
2024-01-16T00:09:00,PRIMARY_PRES_01,154.9493
2024-01-16T00:09:00,PRIMARY_TEMP_01,299.2482
2024-01-16T00:09:00,PRIMARY_FLOW_01,600.0721
2024-01-16T00:10:00,COOLING_TEMP_01,70.516
2024-01-16T00:10:00,COOLING_PRES_01,12.6
2024-01-16T00:10:00,COOLING_FLOW_01,251.692
2024-01-16T00:10:00,COOLING_HEAT_01,20.5034
2024-01-16T00:10:00,PRIMARY_PRES_01,155.0895
2024-01-16T00:10:00,PRIMARY_TEMP_01,299.9597
2024-01-16T00:10:00,PRIMARY_FLOW_01,594.522
2024-01-16T00:10:00,PRIMARY_LEVEL_01,49.0286
2024-01-16T00:11:00,COOLING_TEMP_01,69.4732
2024-01-16T00:11:00,COOLING_PRES_01,12.6
2024-01-16T00:11:00,COOLING_FLOW_01,248.9199
2024-01-16T00:11:00,PRIMARY_PRES_01,155.1475
2024-01-16T00:11:00,PRIMARY_TEMP_01,299.8846
2024-01-16T00:11:00,PRIMARY_FLOW_01,603.0422
2024-01-16T00:12:00,COOLING_TEMP_01,70.7142
2024-01-16T00:12:00,COOLING_PRES_01,12.6
2024-01-16T00:12:00,COOLING_FLOW_01,248.7519
2024-01-16T00:12:00,COOLING_HEAT_01,19.7077
2024-01-16T00:12:00,PRIMARY_PRES_01,154.6884
2024-01-16T00:12:00,PRIMARY_TEMP_01,301.0145
2024-01-16T00:12:00,PRIMARY_FLOW_01,597.0011
2024-01-16T00:12:00,PRIMARY_LEVEL_01,50.1001
2024-01-16T00:13:00,COOLING_TEMP_01,70.7856
2024-01-16T00:13:00,COOLING_PRES_01,12.6
2024-01-16T00:13:00,COOLING_FLOW_01,250.0387
2024-01-16T00:13:00,PRIMARY_PRES_01,154.9404
2024-01-16T00:13:00,PRIMARY_TEMP_01,302.6915
2024-01-16T00:13:00,PRIMARY_FLOW_01,598.3188
2024-01-16T00:14:00,COOLING_TEMP_01,69.3287
2024-01-16T00:14:00,COOLING_PRES_01,12.6
2024-01-16T00:14:00,COOLING_FLOW_01,250.2744
2024-01-16T00:14:00,COOLING_HEAT_01,20.3155
2024-01-16T00:14:00,PRIMARY_PRES_01,155.1864
2024-01-16T00:14:00,PRIMARY_TEMP_01,299.8891
2024-01-16T00:14:00,PRIMARY_FLOW_01,595.3718
2024-01-16T00:14:00,PRIMARY_LEVEL_01,49.1185
2024-01-16T00:15:00,COOLING_TEMP_01,69.7192
2024-01-16T00:15:00,COOLING_PRES_01,12.6
2024-01-16T00:15:00,COOLING_FLOW_01,247.4183
2024-01-16T00:15:00,PRIMARY_PRES_01,155.0555
2024-01-16T00:15:00,PRIMARY_TEMP_01,301.704
2024-01-16T00:15:00,PRIMARY_FLOW_01,600.0667
2024-01-16T00:16:00,COOLING_TEMP_01,69.54
2024-01-16T00:16:00,COOLING_PRES_01,12.6
2024-01-16T00:16:00,COOLING_FLOW_01,251.6307
2024-01-16T00:16:00,COOLING_HEAT_01,20.3948
2024-01-16T00:16:00,PRIMARY_PRES_01,155.2838
2024-01-16T00:16:00,PRIMARY_TEMP_01,298.8094
2024-01-16T00:16:00,PRIMARY_FLOW_01,603.7306
2024-01-16T00:16:00,PRIMARY_LEVEL_01,49.8133
2024-01-16T00:17:00,COOLING_TEMP_01,70.3274
2024-01-16T00:17:00,COOLING_PRES_01,12.6
2024-01-16T00:17:00,COOLING_FLOW_01,249.4436
2024-01-16T00:17:00,PRIMARY_PRES_01,155.2673
2024-01-16T00:17:00,PRIMARY_TEMP_01,301.8252
2024-01-16T00:17:00,PRIMARY_FLOW_01,591.4164
2024-01-16T00:18:00,COOLING_TEMP_01,70.048
2024-01-16T00:18:00,COOLING_PRES_01,12.6
2024-01-16T00:18:00,COOLING_FLOW_01,250.2121
2024-01-16T00:18:00,COOLING_HEAT_01,20.0131
2024-01-16T00:18:00,PRIMARY_PRES_01,154.7318
2024-01-16T00:18:00,PRIMARY_TEMP_01,300.4167
2024-01-16T00:18:00,PRIMARY_FLOW_01,596.2874
2024-01-16T00:18:00,PRIMARY_LEVEL_01,50.1788
2024-01-16T00:19:00,COOLING_TEMP_01,70.5673
2024-01-16T00:19:00,COOLING_PRES_01,12.6
2024-01-16T00:19:00,COOLING_FLOW_01,253.2121
2024-01-16T00:19:00,PRIMARY_PRES_01,155.0431
2024-01-16T00:19:00,PRIMARY_TEMP_01,300.7061
2024-01-16T00:19:00,PRIMARY_FLOW_01,594.7136
2024-01-16T00:20:00,COOLING_TEMP_01,70.2654
2024-01-16T00:20:00,COOLING_PRES_01,12.6
2024-01-16T00:20:00,COOLING_FLOW_01,246.3917
2024-01-16T00:20:00,COOLING_HEAT_01,19.6773
2024-01-16T00:20:00,PRIMARY_PRES_01,154.9798
2024-01-16T00:20:00,PRIMARY_TEMP_01,300.5427
2024-01-16T00:20:00,PRIMARY_FLOW_01,596.2179
2024-01-16T00:20:00,PRIMARY_LEVEL_01,49.2291
2024-01-16T00:21:00,COOLING_TEMP_01,70.2358
2024-01-16T00:21:00,COOLING_PRES_01,12.6
2024-01-16T00:21:00,COOLING_FLOW_01,249.45
2024-01-16T00:21:00,PRIMARY_PRES_01,155.0638
2024-01-16T00:21:00,PRIMARY_TEMP_01,300.4838
2024-01-16T00:21:00,PRIMARY_FLOW_01,597.3167
2024-01-16T00:22:00,COOLING_TEMP_01,70.9965
2024-01-16T00:22:00,COOLING_PRES_01,12.6
2024-01-16T00:22:00,COOLING_FLOW_01,252.5218
2024-01-16T00:22:00,COOLING_HEAT_01,19.8393
2024-01-16T00:22:00,PRIMARY_PRES_01,154.6817
2024-01-16T00:22:00,PRIMARY_TEMP_01,299.0285
2024-01-16T00:22:00,PRIMARY_FLOW_01,597.9781
2024-01-16T00:22:00,PRIMARY_LEVEL_01,49.6585
2024-01-16T00:23:00,COOLING_TEMP_01,70.2931
2024-01-16T00:23:00,COOLING_PRES_01,12.6
2024-01-16T00:23:00,COOLING_FLOW_01,248.9
2024-01-16T00:23:00,PRIMARY_PRES_01,156.0371
2024-01-16T00:23:00,PRIMARY_TEMP_01,299.7414
2024-01-16T00:23:00,PRIMARY_FLOW_01,589.0173
2024-01-16T00:24:00,COOLING_TEMP_01,69.7878
2024-01-16T00:24:00,COOLING_PRES_01,12.6
2024-01-16T00:24:00,COOLING_FLOW_01,252.7501
2024-01-16T00:24:00,COOLING_HEAT_01,19.5584
2024-01-16T00:24:00,PRIMARY_PRES_01,154.7852
2024-01-16T00:24:00,PRIMARY_TEMP_01,300.4869
2024-01-16T00:24:00,PRIMARY_FLOW_01,604.1984
2024-01-16T00:24:00,PRIMARY_LEVEL_01,50.5587
2024-01-16T00:25:00,COOLING_TEMP_01,70.1336
2024-01-16T00:25:00,COOLING_PRES_01,12.6
2024-01-16T00:25:00,COOLING_FLOW_01,245.1411
2024-01-16T00:25:00,PRIMARY_PRES_01,154.5268
2024-01-16T00:25:00,PRIMARY_TEMP_01,301.2796
2024-01-16T00:25:00,PRIMARY_FLOW_01,606.4686
2024-01-16T00:26:00,COOLING_TEMP_01,71.3576
2024-01-16T00:26:00,COOLING_PRES_01,12.6
2024-01-16T00:26:00,COOLING_FLOW_01,244.7387
2024-01-16T00:26:00,COOLING_HEAT_01,20.0483
2024-01-16T00:26:00,PRIMARY_PRES_01,154.9748
2024-01-16T00:26:00,PRIMARY_TEMP_01,298.7463
2024-01-16T00:26:00,PRIMARY_FLOW_01,596.3721
2024-01-16T00:26:00,PRIMARY_LEVEL_01,50.63
2024-01-16T00:27:00,COOLING_TEMP_01,70.2904
2024-01-16T00:27:00,COOLING_PRES_01,12.6
2024-01-16T00:27:00,COOLING_FLOW_01,246.9993
2024-01-16T00:27:00,PRIMARY_PRES_01,155.1898
2024-01-16T00:27:00,PRIMARY_TEMP_01,302.4422
2024-01-16T00:27:00,PRIMARY_FLOW_01,602.5735
2024-01-16T00:28:00,COOLING_TEMP_01,70.8959
2024-01-16T00:28:00,COOLING_PRES_01,12.6
2024-01-16T00:28:00,COOLING_FLOW_01,251.3778
2024-01-16T00:28:00,COOLING_HEAT_01,20.3514
2024-01-16T00:28:00,PRIMARY_PRES_01,155.2438
2024-01-16T00:28:00,PRIMARY_TEMP_01,301.3844
2024-01-16T00:28:00,PRIMARY_FLOW_01,596.0456
2024-01-16T00:28:00,PRIMARY_LEVEL_01,51.5738
2024-01-16T00:29:00,COOLING_TEMP_01,70.3701
2024-01-16T00:29:00,COOLING_PRES_01,12.6
2024-01-16T00:29:00,COOLING_FLOW_01,244.997
2024-01-16T00:29:00,PRIMARY_PRES_01,155.4145
2024-01-16T00:29:00,PRIMARY_TEMP_01,301.9874
2024-01-16T00:29:00,PRIMARY_FLOW_01,601.2747
2024-01-16T00:30:00,COOLING_TEMP_01,70.5657
2024-01-16T00:30:00,COOLING_PRES_01,12.6
2024-01-16T00:30:00,COOLING_FLOW_01,255.4827
2024-01-16T00:30:00,COOLING_HEAT_01,20.7203
2024-01-16T00:30:00,PRIMARY_PRES_01,155.0644
2024-01-16T00:30:00,PRIMARY_TEMP_01,301.1497
2024-01-16T00:30:00,PRIMARY_FLOW_01,601.1379
2024-01-16T00:30:00,PRIMARY_LEVEL_01,51.1691
2024-01-16T00:31:00,COOLING_TEMP_01,68.8953
2024-01-16T00:31:00,COOLING_PRES_01,12.6
2024-01-16T00:31:00,COOLING_FLOW_01,250.2484
2024-01-16T00:31:00,PRIMARY_PRES_01,154.7562
2024-01-16T00:31:00,PRIMARY_TEMP_01,302.4882
2024-01-16T00:31:00,PRIMARY_FLOW_01,591.8729
2024-01-16T00:32:00,COOLING_TEMP_01,69.7678
2024-01-16T00:32:00,COOLING_PRES_01,12.6
2024-01-16T00:32:00,COOLING_FLOW_01,248.7659
2024-01-16T00:32:00,COOLING_HEAT_01,20.1295
2024-01-16T00:32:00,PRIMARY_PRES_01,155.6038
2024-01-16T00:32:00,PRIMARY_TEMP_01,301.1646
2024-01-16T00:32:00,PRIMARY_FLOW_01,600.5924
2024-01-16T00:32:00,PRIMARY_LEVEL_01,50.423
2024-01-16T00:33:00,COOLING_TEMP_01,70.1336
2024-01-16T00:33:00,COOLING_PRES_01,12.6
2024-01-16T00:33:00,COOLING_FLOW_01,247.104
2024-01-16T00:33:00,PRIMARY_PRES_01,155.556
2024-01-16T00:33:00,PRIMARY_TEMP_01,302.0738
2024-01-16T00:33:00,PRIMARY_FLOW_01,594.4092
2024-01-16T00:34:00,COOLING_TEMP_01,70.0015
2024-01-16T00:34:00,COOLING_PRES_01,12.6
2024-01-16T00:34:00,COOLING_FLOW_01,252.4813
2024-01-16T00:34:00,COOLING_HEAT_01,20.1667
2024-01-16T00:34:00,PRIMARY_PRES_01,155.1329
2024-01-16T00:34:00,PRIMARY_TEMP_01,302.6139
2024-01-16T00:34:00,PRIMARY_FLOW_01,596.1069
2024-01-16T00:34:00,PRIMARY_LEVEL_01,50.3143
2024-01-16T00:35:00,COOLING_TEMP_01,69.5864
2024-01-16T00:35:00,COOLING_PRES_01,10.0737
2024-01-16T00:35:00,COOLING_FLOW_01,256.0059
2024-01-16T00:35:00,PRIMARY_PRES_01,155.0943
2024-01-16T00:35:00,PRIMARY_TEMP_01,302.791
2024-01-16T00:35:00,PRIMARY_FLOW_01,599.6588
2024-01-16T00:36:00,COOLING_TEMP_01,70.0615
2024-01-16T00:36:00,COOLING_PRES_01,10.0532
2024-01-16T00:36:00,COOLING_FLOW_01,251.0866
2024-01-16T00:36:00,COOLING_HEAT_01,20.2951
2024-01-16T00:36:00,PRIMARY_PRES_01,154.9135
2024-01-16T00:36:00,PRIMARY_TEMP_01,300.5674
2024-01-16T00:36:00,PRIMARY_FLOW_01,593.8426
2024-01-16T00:36:00,PRIMARY_LEVEL_01,49.2988
2024-01-16T00:37:00,COOLING_TEMP_01,70.5259
2024-01-16T00:37:00,COOLING_PRES_01,9.9707
2024-01-16T00:37:00,COOLING_FLOW_01,246.6451
2024-01-16T00:37:00,PRIMARY_PRES_01,155.9532
2024-01-16T00:37:00,PRIMARY_TEMP_01,302.4925
2024-01-16T00:37:00,PRIMARY_FLOW_01,595.1176
2024-01-16T00:38:00,COOLING_TEMP_01,69.69
2024-01-16T00:38:00,COOLING_PRES_01,10.066
2024-01-16T00:38:00,COOLING_FLOW_01,245.3473
2024-01-16T00:38:00,COOLING_HEAT_01,20.0805
2024-01-16T00:38:00,PRIMARY_PRES_01,155.4102
2024-01-16T00:38:00,PRIMARY_TEMP_01,301.5666
2024-01-16T00:38:00,PRIMARY_FLOW_01,599.0198
2024-01-16T00:38:00,PRIMARY_LEVEL_01,50.8088
2024-01-16T00:39:00,COOLING_TEMP_01,69.7805
2024-01-16T00:39:00,COOLING_PRES_01,9.9405
2024-01-16T00:39:00,COOLING_FLOW_01,251.7552
2024-01-16T00:39:00,PRIMARY_PRES_01,155.4988
2024-01-16T00:39:00,PRIMARY_TEMP_01,302.9433
2024-01-16T00:39:00,PRIMARY_FLOW_01,598.9604
2024-01-16T00:40:00,COOLING_TEMP_01,70.3352
2024-01-16T00:40:00,COOLING_PRES_01,10.1185
2024-01-16T00:40:00,COOLING_FLOW_01,249.2405
2024-01-16T00:40:00,COOLING_HEAT_01,20.71
2024-01-16T00:40:00,PRIMARY_PRES_01,155.6555
2024-01-16T00:40:00,PRIMARY_TEMP_01,299.2325
2024-01-16T00:40:00,PRIMARY_FLOW_01,598.3028
2024-01-16T00:40:00,PRIMARY_LEVEL_01,51.0142
2024-01-16T00:41:00,COOLING_TEMP_01,70.0017
2024-01-16T00:41:00,COOLING_PRES_01,10.0781
2024-01-16T00:41:00,COOLING_FLOW_01,248.756
2024-01-16T00:41:00,PRIMARY_PRES_01,155.1565
2024-01-16T00:41:00,PRIMARY_TEMP_01,301.3864
2024-01-16T00:41:00,PRIMARY_FLOW_01,590.7735
2024-01-16T00:42:00,COOLING_TEMP_01,69.9254
2024-01-16T00:42:00,COOLING_PRES_01,9.8797
2024-01-16T00:42:00,COOLING_FLOW_01,251.4962
2024-01-16T00:42:00,COOLING_HEAT_01,20.3706
2024-01-16T00:42:00,PRIMARY_PRES_01,155.5046
2024-01-16T00:42:00,PRIMARY_TEMP_01,299.9727
2024-01-16T00:42:00,PRIMARY_FLOW_01,596.1608
2024-01-16T00:42:00,PRIMARY_LEVEL_01,49.4782
2024-01-16T00:43:00,COOLING_TEMP_01,70.2591
2024-01-16T00:43:00,COOLING_PRES_01,9.9718
2024-01-16T00:43:00,COOLING_FLOW_01,249.7554
2024-01-16T00:43:00,PRIMARY_PRES_01,155.4343
2024-01-16T00:43:00,PRIMARY_TEMP_01,302.5885
2024-01-16T00:43:00,PRIMARY_FLOW_01,595.0943
2024-01-16T00:44:00,COOLING_TEMP_01,70.1686
2024-01-16T00:44:00,COOLING_PRES_01,9.7782
2024-01-16T00:44:00,COOLING_FLOW_01,253.5823
2024-01-16T00:44:00,COOLING_HEAT_01,20.1701
2024-01-16T00:44:00,PRIMARY_PRES_01,155.5557
2024-01-16T00:44:00,PRIMARY_TEMP_01,301.1829
2024-01-16T00:44:00,PRIMARY_FLOW_01,596.9232
2024-01-16T00:44:00,PRIMARY_LEVEL_01,51.1414
2024-01-16T00:45:00,COOLING_TEMP_01,69.6329
2024-01-16T00:45:00,COOLING_PRES_01,10.0706
2024-01-16T00:45:00,COOLING_FLOW_01,249.5536
2024-01-16T00:45:00,PRIMARY_PRES_01,155.4917
2024-01-16T00:45:00,PRIMARY_TEMP_01,303.7363
2024-01-16T00:45:00,PRIMARY_FLOW_01,586.0408
2024-01-16T00:46:00,COOLING_TEMP_01,70.7768
2024-01-16T00:46:00,COOLING_PRES_01,10.1247
2024-01-16T00:46:00,COOLING_FLOW_01,255.1587
2024-01-16T00:46:00,COOLING_HEAT_01,20.0255
2024-01-16T00:46:00,PRIMARY_PRES_01,155.2402
2024-01-16T00:46:00,PRIMARY_TEMP_01,302.2998
2024-01-16T00:46:00,PRIMARY_FLOW_01,588.7622
2024-01-16T00:46:00,PRIMARY_LEVEL_01,50.467
2024-01-16T00:47:00,COOLING_TEMP_01,71.0925
2024-01-16T00:47:00,COOLING_PRES_01,10.0239
2024-01-16T00:47:00,COOLING_FLOW_01,248.3467
2024-01-16T00:47:00,PRIMARY_PRES_01,155.4457
2024-01-16T00:47:00,PRIMARY_TEMP_01,303.0702
2024-01-16T00:47:00,PRIMARY_FLOW_01,602.5418
2024-01-16T00:48:00,COOLING_TEMP_01,68.926
2024-01-16T00:48:00,COOLING_PRES_01,10.1668
2024-01-16T00:48:00,COOLING_FLOW_01,245.3985
2024-01-16T00:48:00,COOLING_HEAT_01,20.1962
2024-01-16T00:48:00,PRIMARY_PRES_01,155.7194
2024-01-16T00:48:00,PRIMARY_TEMP_01,299.1382
2024-01-16T00:48:00,PRIMARY_FLOW_01,586.6264
2024-01-16T00:48:00,PRIMARY_LEVEL_01,50.4057
2024-01-16T00:49:00,COOLING_TEMP_01,68.3916
2024-01-16T00:49:00,COOLING_PRES_01,10.001
2024-01-16T00:49:00,COOLING_FLOW_01,250.6464
2024-01-16T00:49:00,PRIMARY_PRES_01,155.4969
2024-01-16T00:49:00,PRIMARY_TEMP_01,301.0741
2024-01-16T00:49:00,PRIMARY_FLOW_01,594.0963
2024-01-16T00:50:00,COOLING_TEMP_01,70.8469
2024-01-16T00:50:00,COOLING_PRES_01,9.9233
2024-01-16T00:50:00,COOLING_FLOW_01,257.4292
2024-01-16T00:50:00,COOLING_HEAT_01,19.9918
2024-01-16T00:50:00,PRIMARY_PRES_01,155.265
2024-01-16T00:50:00,PRIMARY_TEMP_01,302.7824
2024-01-16T00:50:00,PRIMARY_FLOW_01,595.3335
2024-01-16T00:50:00,PRIMARY_LEVEL_01,51.4423
2024-01-16T00:51:00,COOLING_TEMP_01,70.3566
2024-01-16T00:51:00,COOLING_PRES_01,10.1887
2024-01-16T00:51:00,COOLING_FLOW_01,251.2509
2024-01-16T00:51:00,PRIMARY_PRES_01,155.5087
2024-01-16T00:51:00,PRIMARY_TEMP_01,300.6631
2024-01-16T00:51:00,PRIMARY_FLOW_01,583.7137
2024-01-16T00:52:00,COOLING_TEMP_01,70.6372
2024-01-16T00:52:00,COOLING_PRES_01,9.7999
2024-01-16T00:52:00,COOLING_FLOW_01,248.3494
2024-01-16T00:52:00,COOLING_HEAT_01,19.862
2024-01-16T00:52:00,PRIMARY_PRES_01,155.4186
2024-01-16T00:52:00,PRIMARY_TEMP_01,302.151
2024-01-16T00:52:00,PRIMARY_FLOW_01,597.0468
2024-01-16T00:52:00,PRIMARY_LEVEL_01,49.8912
2024-01-16T00:53:00,COOLING_TEMP_01,71.2526
2024-01-16T00:53:00,COOLING_PRES_01,10.004
2024-01-16T00:53:00,COOLING_FLOW_01,250.3514
2024-01-16T00:53:00,PRIMARY_PRES_01,155.3265
2024-01-16T00:53:00,PRIMARY_TEMP_01,300.2639
2024-01-16T00:53:00,PRIMARY_FLOW_01,579.0502
2024-01-16T00:54:00,COOLING_TEMP_01,70.2442
2024-01-16T00:54:00,COOLING_PRES_01,10.4013
2024-01-16T00:54:00,COOLING_FLOW_01,247.6068
2024-01-16T00:54:00,COOLING_HEAT_01,20.039
2024-01-16T00:54:00,PRIMARY_PRES_01,155.9101
2024-01-16T00:54:00,PRIMARY_TEMP_01,302.8834
2024-01-16T00:54:00,PRIMARY_FLOW_01,596.6642
2024-01-16T00:54:00,PRIMARY_LEVEL_01,50.8434
2024-01-16T00:55:00,COOLING_TEMP_01,69.9769
2024-01-16T00:55:00,COOLING_PRES_01,10.0337
2024-01-16T00:55:00,COOLING_FLOW_01,246.2017
2024-01-16T00:55:00,PRIMARY_PRES_01,155.2385
2024-01-16T00:55:00,PRIMARY_TEMP_01,303.6487
2024-01-16T00:55:00,PRIMARY_FLOW_01,594.8398
2024-01-16T00:56:00,COOLING_TEMP_01,72.4816
2024-01-16T00:56:00,COOLING_PRES_01,9.9644
2024-01-16T00:56:00,COOLING_FLOW_01,248.8042
2024-01-16T00:56:00,COOLING_HEAT_01,20.4723
2024-01-16T00:56:00,PRIMARY_PRES_01,155.4176
2024-01-16T00:56:00,PRIMARY_TEMP_01,304.6845
2024-01-16T00:56:00,PRIMARY_FLOW_01,588.3651
2024-01-16T00:56:00,PRIMARY_LEVEL_01,50.8222
2024-01-16T00:57:00,COOLING_TEMP_01,70.5469
2024-01-16T00:57:00,COOLING_PRES_01,10.0436
2024-01-16T00:57:00,COOLING_FLOW_01,252.1014
2024-01-16T00:57:00,PRIMARY_PRES_01,156.0438
2024-01-16T00:57:00,PRIMARY_TEMP_01,302.2832
2024-01-16T00:57:00,PRIMARY_FLOW_01,589.3866
2024-01-16T00:58:00,COOLING_TEMP_01,70.2959
2024-01-16T00:58:00,COOLING_PRES_01,10.074
2024-01-16T00:58:00,COOLING_FLOW_01,247.8529
2024-01-16T00:58:00,COOLING_HEAT_01,20.6028
2024-01-16T00:58:00,PRIMARY_PRES_01,156.2454
2024-01-16T00:58:00,PRIMARY_TEMP_01,301.6902
2024-01-16T00:58:00,PRIMARY_FLOW_01,591.1067
2024-01-16T00:58:00,PRIMARY_LEVEL_01,50.2266
2024-01-16T00:59:00,COOLING_TEMP_01,70.3623
2024-01-16T00:59:00,COOLING_PRES_01,10.0343
2024-01-16T00:59:00,COOLING_FLOW_01,246.6485
2024-01-16T00:59:00,PRIMARY_PRES_01,155.3006
2024-01-16T00:59:00,PRIMARY_TEMP_01,302.0411
2024-01-16T00:59:00,PRIMARY_FLOW_01,588.9474
2024-01-16T01:00:00,COOLING_TEMP_01,70.5438
2024-01-16T01:00:00,COOLING_PRES_01,9.7721
2024-01-16T01:00:00,COOLING_FLOW_01,252.2583
2024-01-16T01:00:00,COOLING_HEAT_01,19.8717
2024-01-16T01:00:00,PRIMARY_PRES_01,155.0472
2024-01-16T01:00:00,PRIMARY_TEMP_01,301.6914
2024-01-16T01:00:00,PRIMARY_FLOW_01,578.1711
2024-01-16T01:00:00,PRIMARY_LEVEL_01,51.1487
2024-01-16T01:01:00,COOLING_TEMP_01,70.7611
2024-01-16T01:01:00,COOLING_PRES_01,9.943
2024-01-16T01:01:00,COOLING_FLOW_01,250.07
2024-01-16T01:01:00,PRIMARY_PRES_01,155.8725
2024-01-16T01:01:00,PRIMARY_TEMP_01,301.8681
2024-01-16T01:01:00,PRIMARY_FLOW_01,591.2274
2024-01-16T01:02:00,COOLING_TEMP_01,70.3708
2024-01-16T01:02:00,COOLING_PRES_01,10.1859
2024-01-16T01:02:00,COOLING_FLOW_01,242.7293
2024-01-16T01:02:00,COOLING_HEAT_01,20.2084
2024-01-16T01:02:00,PRIMARY_PRES_01,155.5118
2024-01-16T01:02:00,PRIMARY_TEMP_01,300.3909
2024-01-16T01:02:00,PRIMARY_FLOW_01,580.5188
2024-01-16T01:02:00,PRIMARY_LEVEL_01,50.0553
2024-01-16T01:03:00,COOLING_TEMP_01,70.8851
2024-01-16T01:03:00,COOLING_PRES_01,9.87
2024-01-16T01:03:00,COOLING_FLOW_01,248.8084
2024-01-16T01:03:00,PRIMARY_PRES_01,155.5288
2024-01-16T01:03:00,PRIMARY_TEMP_01,301.3733
2024-01-16T01:03:00,PRIMARY_FLOW_01,599.0419
2024-01-16T01:04:00,COOLING_TEMP_01,70.8859
2024-01-16T01:04:00,COOLING_PRES_01,10.0236
2024-01-16T01:04:00,COOLING_FLOW_01,251.6285
2024-01-16T01:04:00,COOLING_HEAT_01,19.8874
2024-01-16T01:04:00,PRIMARY_PRES_01,156.0844
2024-01-16T01:04:00,PRIMARY_TEMP_01,301.6336
2024-01-16T01:04:00,PRIMARY_FLOW_01,592.3079
2024-01-16T01:04:00,PRIMARY_LEVEL_01,51.3207
2024-01-16T01:05:00,COOLING_TEMP_01,70.0668
2024-01-16T01:05:00,COOLING_PRES_01,10.1868
2024-01-16T01:05:00,COOLING_FLOW_01,251.6762
2024-01-16T01:05:00,PRIMARY_PRES_01,155.7427
2024-01-16T01:05:00,PRIMARY_TEMP_01,304.5638
2024-01-16T01:05:00,PRIMARY_FLOW_01,576.5941
2024-01-16T01:06:00,COOLING_TEMP_01,69.6892
2024-01-16T01:06:00,COOLING_PRES_01,10.0684
2024-01-16T01:06:00,COOLING_FLOW_01,250.1987
2024-01-16T01:06:00,COOLING_HEAT_01,19.9717
2024-01-16T01:06:00,PRIMARY_PRES_01,156.1956
2024-01-16T01:06:00,PRIMARY_TEMP_01,300.9227
2024-01-16T01:06:00,PRIMARY_FLOW_01,580.1043
2024-01-16T01:06:00,PRIMARY_LEVEL_01,51.4736
2024-01-16T01:07:00,COOLING_TEMP_01,69.5524
2024-01-16T01:07:00,COOLING_PRES_01,10.0719
2024-01-16T01:07:00,COOLING_FLOW_01,257.7692
2024-01-16T01:07:00,PRIMARY_PRES_01,155.9022
2024-01-16T01:07:00,PRIMARY_TEMP_01,304.1141
2024-01-16T01:07:00,PRIMARY_FLOW_01,591.624
2024-01-16T01:08:00,COOLING_TEMP_01,69.768
2024-01-16T01:08:00,COOLING_PRES_01,10.0647
2024-01-16T01:08:00,COOLING_FLOW_01,244.0188
2024-01-16T01:08:00,COOLING_HEAT_01,19.7807
2024-01-16T01:08:00,PRIMARY_PRES_01,155.5543
2024-01-16T01:08:00,PRIMARY_TEMP_01,304.3492
2024-01-16T01:08:00,PRIMARY_FLOW_01,583.9295
2024-01-16T01:08:00,PRIMARY_LEVEL_01,50.8782
2024-01-16T01:09:00,COOLING_TEMP_01,69.7888
2024-01-16T01:09:00,COOLING_PRES_01,10.1773
2024-01-16T01:09:00,COOLING_FLOW_01,245.7005
2024-01-16T01:09:00,PRIMARY_PRES_01,156.0576
2024-01-16T01:09:00,PRIMARY_TEMP_01,301.9269
2024-01-16T01:09:00,PRIMARY_FLOW_01,582.2788
2024-01-16T01:10:00,COOLING_TEMP_01,71.0167
2024-01-16T01:10:00,COOLING_PRES_01,10.2717
2024-01-16T01:10:00,COOLING_FLOW_01,249.6525
2024-01-16T01:10:00,COOLING_HEAT_01,20.1051
2024-01-16T01:10:00,PRIMARY_PRES_01,155.9373
2024-01-16T01:10:00,PRIMARY_TEMP_01,304.2912
2024-01-16T01:10:00,PRIMARY_FLOW_01,592.631
2024-01-16T01:10:00,PRIMARY_LEVEL_01,51.8975
2024-01-16T01:11:00,COOLING_TEMP_01,70.0366
2024-01-16T01:11:00,COOLING_PRES_01,10.1207
2024-01-16T01:11:00,COOLING_FLOW_01,242.5893
2024-01-16T01:11:00,PRIMARY_PRES_01,155.8909
2024-01-16T01:11:00,PRIMARY_TEMP_01,305.9238
2024-01-16T01:11:00,PRIMARY_FLOW_01,603.0542
2024-01-16T01:12:00,COOLING_TEMP_01,70.9613
2024-01-16T01:12:00,COOLING_PRES_01,10.101
2024-01-16T01:12:00,COOLING_FLOW_01,248.413
2024-01-16T01:12:00,COOLING_HEAT_01,19.7425
2024-01-16T01:12:00,PRIMARY_PRES_01,156.1859
2024-01-16T01:12:00,PRIMARY_TEMP_01,302.1492
2024-01-16T01:12:00,PRIMARY_FLOW_01,575.1224
2024-01-16T01:12:00,PRIMARY_LEVEL_01,52.1294
2024-01-16T01:13:00,COOLING_TEMP_01,71.4018
2024-01-16T01:13:00,COOLING_PRES_01,10.0472
2024-01-16T01:13:00,COOLING_FLOW_01,247.1782
2024-01-16T01:13:00,PRIMARY_PRES_01,155.8156
2024-01-16T01:13:00,PRIMARY_TEMP_01,303.777
2024-01-16T01:13:00,PRIMARY_FLOW_01,580.3371
2024-01-16T01:14:00,COOLING_TEMP_01,70.9031
2024-01-16T01:14:00,COOLING_PRES_01,10.3825
2024-01-16T01:14:00,COOLING_FLOW_01,246.1812
2024-01-16T01:14:00,COOLING_HEAT_01,20.5515
2024-01-16T01:14:00,PRIMARY_PRES_01,155.7758
2024-01-16T01:14:00,PRIMARY_TEMP_01,303.018
2024-01-16T01:14:00,PRIMARY_FLOW_01,580.3055
2024-01-16T01:14:00,PRIMARY_LEVEL_01,51.0382
2024-01-16T01:15:00,COOLING_TEMP_01,71.6786
2024-01-16T01:15:00,COOLING_PRES_01,10.2324
2024-01-16T01:15:00,COOLING_FLOW_01,252.0126
2024-01-16T01:15:00,PRIMARY_PRES_01,155.954
2024-01-16T01:15:00,PRIMARY_TEMP_01,302.1463
2024-01-16T01:15:00,PRIMARY_FLOW_01,568.2657
2024-01-16T01:16:00,COOLING_TEMP_01,72.093
2024-01-16T01:16:00,COOLING_PRES_01,10.1659
2024-01-16T01:16:00,COOLING_FLOW_01,247.7121
2024-01-16T01:16:00,COOLING_HEAT_01,20.4416
2024-01-16T01:16:00,PRIMARY_PRES_01,155.7679
2024-01-16T01:16:00,PRIMARY_TEMP_01,303.2135
2024-01-16T01:16:00,PRIMARY_FLOW_01,579.2788
2024-01-16T01:16:00,PRIMARY_LEVEL_01,52.6386
2024-01-16T01:17:00,COOLING_TEMP_01,72.2868
2024-01-16T01:17:00,COOLING_PRES_01,10.2435
2024-01-16T01:17:00,COOLING_FLOW_01,244.6029
2024-01-16T01:17:00,PRIMARY_PRES_01,155.6334
2024-01-16T01:17:00,PRIMARY_TEMP_01,302.4356
2024-01-16T01:17:00,PRIMARY_FLOW_01,585.1889
2024-01-16T01:18:00,COOLING_TEMP_01,72.2501
2024-01-16T01:18:00,COOLING_PRES_01,10.2648
2024-01-16T01:18:00,COOLING_FLOW_01,242.2726
2024-01-16T01:18:00,COOLING_HEAT_01,20.5303
2024-01-16T01:18:00,PRIMARY_PRES_01,155.777
2024-01-16T01:18:00,PRIMARY_TEMP_01,302.9936
2024-01-16T01:18:00,PRIMARY_FLOW_01,582.7338
2024-01-16T01:18:00,PRIMARY_LEVEL_01,51.3324
2024-01-16T01:19:00,COOLING_TEMP_01,71.8532
2024-01-16T01:19:00,COOLING_PRES_01,10.2222
2024-01-16T01:19:00,COOLING_FLOW_01,238.0914
2024-01-16T01:19:00,PRIMARY_PRES_01,155.895
2024-01-16T01:19:00,PRIMARY_TEMP_01,302.1081
2024-01-16T01:19:00,PRIMARY_FLOW_01,572.6766
2024-01-16T01:20:00,COOLING_TEMP_01,71.5948
2024-01-16T01:20:00,COOLING_PRES_01,10.3835
2024-01-16T01:20:00,COOLING_FLOW_01,242.0963
2024-01-16T01:20:00,COOLING_HEAT_01,20.6147
2024-01-16T01:20:00,PRIMARY_PRES_01,156.2454
2024-01-16T01:20:00,PRIMARY_TEMP_01,302.8747
2024-01-16T01:20:00,PRIMARY_FLOW_01,586.1012
2024-01-16T01:20:00,PRIMARY_LEVEL_01,51.1096
2024-01-16T01:21:00,COOLING_TEMP_01,71.3717
2024-01-16T01:21:00,COOLING_PRES_01,10.4045
2024-01-16T01:21:00,COOLING_FLOW_01,240.4177
2024-01-16T01:21:00,PRIMARY_PRES_01,156.2334
2024-01-16T01:21:00,PRIMARY_TEMP_01,302.1523
2024-01-16T01:21:00,PRIMARY_FLOW_01,580.7121
2024-01-16T01:22:00,COOLING_TEMP_01,72.5965
2024-01-16T01:22:00,COOLING_PRES_01,10.4324
2024-01-16T01:22:00,COOLING_FLOW_01,243.4799
2024-01-16T01:22:00,COOLING_HEAT_01,21.0677
2024-01-16T01:22:00,PRIMARY_PRES_01,155.9122
2024-01-16T01:22:00,PRIMARY_TEMP_01,303.9315
2024-01-16T01:22:00,PRIMARY_FLOW_01,576.9723
2024-01-16T01:22:00,PRIMARY_LEVEL_01,51.8629
2024-01-16T01:23:00,COOLING_TEMP_01,72.2832
2024-01-16T01:23:00,COOLING_PRES_01,10.5477
2024-01-16T01:23:00,COOLING_FLOW_01,238.2693
2024-01-16T01:23:00,PRIMARY_PRES_01,155.7409
2024-01-16T01:23:00,PRIMARY_TEMP_01,303.9728
2024-01-16T01:23:00,PRIMARY_FLOW_01,578.4529
2024-01-16T01:24:00,COOLING_TEMP_01,72.7906
2024-01-16T01:24:00,COOLING_PRES_01,10.4818
2024-01-16T01:24:00,COOLING_FLOW_01,238.368
2024-01-16T01:24:00,COOLING_HEAT_01,21.013
2024-01-16T01:24:00,PRIMARY_PRES_01,156.0748
2024-01-16T01:24:00,PRIMARY_TEMP_01,305.0919
2024-01-16T01:24:00,PRIMARY_FLOW_01,570.3232
2024-01-16T01:24:00,PRIMARY_LEVEL_01,52.1663
2024-01-16T01:25:00,COOLING_TEMP_01,71.5089
2024-01-16T01:25:00,COOLING_PRES_01,10.4124
2024-01-16T01:25:00,COOLING_FLOW_01,237.1218
2024-01-16T01:25:00,PRIMARY_PRES_01,156.1949
2024-01-16T01:25:00,PRIMARY_TEMP_01,305.3261
2024-01-16T01:25:00,PRIMARY_FLOW_01,578.1237
2024-01-16T01:26:00,COOLING_TEMP_01,72.4969
2024-01-16T01:26:00,COOLING_PRES_01,10.414
2024-01-16T01:26:00,COOLING_FLOW_01,235.7274
2024-01-16T01:26:00,COOLING_HEAT_01,21.0746
2024-01-16T01:26:00,PRIMARY_PRES_01,155.8954
2024-01-16T01:26:00,PRIMARY_TEMP_01,307.3663
2024-01-16T01:26:00,PRIMARY_FLOW_01,568.7434
2024-01-16T01:26:00,PRIMARY_LEVEL_01,52.1548
2024-01-16T01:27:00,COOLING_TEMP_01,71.6779
2024-01-16T01:27:00,COOLING_PRES_01,10.5583
2024-01-16T01:27:00,COOLING_FLOW_01,236.8263
2024-01-16T01:27:00,PRIMARY_PRES_01,155.5992
2024-01-16T01:27:00,PRIMARY_TEMP_01,304.7759
2024-01-16T01:27:00,PRIMARY_FLOW_01,586.9001
2024-01-16T01:28:00,COOLING_TEMP_01,72.9516
2024-01-16T01:28:00,COOLING_PRES_01,10.37
2024-01-16T01:28:00,COOLING_FLOW_01,238.2547
2024-01-16T01:28:00,COOLING_HEAT_01,21.6393
2024-01-16T01:28:00,PRIMARY_PRES_01,155.8242
2024-01-16T01:28:00,PRIMARY_TEMP_01,305.2942
2024-01-16T01:28:00,PRIMARY_FLOW_01,575.9842
2024-01-16T01:28:00,PRIMARY_LEVEL_01,52.5687
2024-01-16T01:29:00,COOLING_TEMP_01,72.8905
2024-01-16T01:29:00,COOLING_PRES_01,10.4939
2024-01-16T01:29:00,COOLING_FLOW_01,235.8626
2024-01-16T01:29:00,PRIMARY_PRES_01,155.9743
2024-01-16T01:29:00,PRIMARY_TEMP_01,305.3241
2024-01-16T01:29:00,PRIMARY_FLOW_01,581.3943
2024-01-16T01:30:00,COOLING_TEMP_01,73.2085
2024-01-16T01:30:00,COOLING_PRES_01,10.6018
2024-01-16T01:30:00,COOLING_FLOW_01,237.1179
2024-01-16T01:30:00,COOLING_HEAT_01,21.446
2024-01-16T01:30:00,PRIMARY_PRES_01,155.3682
2024-01-16T01:30:00,PRIMARY_TEMP_01,306.6297
2024-01-16T01:30:00,PRIMARY_FLOW_01,581.1245
2024-01-16T01:30:00,PRIMARY_LEVEL_01,51.3212
2024-01-16T01:31:00,COOLING_TEMP_01,73.7002
2024-01-16T01:31:00,COOLING_PRES_01,10.65
2024-01-16T01:31:00,COOLING_FLOW_01,232.7566
2024-01-16T01:31:00,PRIMARY_PRES_01,155.9081
2024-01-16T01:31:00,PRIMARY_TEMP_01,303.9167
2024-01-16T01:31:00,PRIMARY_FLOW_01,581.3714
2024-01-16T01:32:00,COOLING_TEMP_01,73.0135
2024-01-16T01:32:00,COOLING_PRES_01,10.522
2024-01-16T01:32:00,COOLING_FLOW_01,236.9621
2024-01-16T01:32:00,COOLING_HEAT_01,21.4628
2024-01-16T01:32:00,PRIMARY_PRES_01,155.6819
2024-01-16T01:32:00,PRIMARY_TEMP_01,307.8504
2024-01-16T01:32:00,PRIMARY_FLOW_01,581.5918
2024-01-16T01:32:00,PRIMARY_LEVEL_01,52.1223
2024-01-16T01:33:00,COOLING_TEMP_01,72.1806
2024-01-16T01:33:00,COOLING_PRES_01,10.5758
2024-01-16T01:33:00,COOLING_FLOW_01,239.2144
2024-01-16T01:33:00,PRIMARY_PRES_01,156.1763
2024-01-16T01:33:00,PRIMARY_TEMP_01,304.7586
2024-01-16T01:33:00,PRIMARY_FLOW_01,577.9356
2024-01-16T01:34:00,COOLING_TEMP_01,74.0254
2024-01-16T01:34:00,COOLING_PRES_01,10.755
2024-01-16T01:34:00,COOLING_FLOW_01,229.8571
2024-01-16T01:34:00,COOLING_HEAT_01,21.7641
2024-01-16T01:34:00,PRIMARY_PRES_01,156.3255
2024-01-16T01:34:00,PRIMARY_TEMP_01,307.4864
2024-01-16T01:34:00,PRIMARY_FLOW_01,579.6553
2024-01-16T01:34:00,PRIMARY_LEVEL_01,52.4241
2024-01-16T01:35:00,COOLING_TEMP_01,73.6099
2024-01-16T01:35:00,COOLING_PRES_01,10.6968
2024-01-16T01:35:00,COOLING_FLOW_01,234.1903
2024-01-16T01:35:00,PRIMARY_PRES_01,156.1389
2024-01-16T01:35:00,PRIMARY_TEMP_01,303.1327
2024-01-16T01:35:00,PRIMARY_FLOW_01,567.4119
2024-01-16T01:36:00,COOLING_TEMP_01,73.0572
2024-01-16T01:36:00,COOLING_PRES_01,10.8046
2024-01-16T01:36:00,COOLING_FLOW_01,227.5554
2024-01-16T01:36:00,COOLING_HEAT_01,22.4836
2024-01-16T01:36:00,PRIMARY_PRES_01,157.0163
2024-01-16T01:36:00,PRIMARY_TEMP_01,304.7642
2024-01-16T01:36:00,PRIMARY_FLOW_01,572.4963
2024-01-16T01:36:00,PRIMARY_LEVEL_01,51.4337
2024-01-16T01:37:00,COOLING_TEMP_01,72.9577
2024-01-16T01:37:00,COOLING_PRES_01,10.7149
2024-01-16T01:37:00,COOLING_FLOW_01,234.9315
2024-01-16T01:37:00,PRIMARY_PRES_01,156.6948
2024-01-16T01:37:00,PRIMARY_TEMP_01,309.0691
2024-01-16T01:37:00,PRIMARY_FLOW_01,574.5492
2024-01-16T01:38:00,COOLING_TEMP_01,74.6999
2024-01-16T01:38:00,COOLING_PRES_01,10.7004
2024-01-16T01:38:00,COOLING_FLOW_01,224.703
2024-01-16T01:38:00,COOLING_HEAT_01,21.7569
2024-01-16T01:38:00,PRIMARY_PRES_01,155.9899
2024-01-16T01:38:00,PRIMARY_TEMP_01,305.2995
2024-01-16T01:38:00,PRIMARY_FLOW_01,580.3399
2024-01-16T01:38:00,PRIMARY_LEVEL_01,52.4858
2024-01-16T01:39:00,COOLING_TEMP_01,72.8363
2024-01-16T01:39:00,COOLING_PRES_01,10.9388
2024-01-16T01:39:00,COOLING_FLOW_01,236.4325
2024-01-16T01:39:00,PRIMARY_PRES_01,156.5743
2024-01-16T01:39:00,PRIMARY_TEMP_01,303.4429
2024-01-16T01:39:00,PRIMARY_FLOW_01,586.2876
2024-01-16T01:40:00,COOLING_TEMP_01,72.7203
2024-01-16T01:40:00,COOLING_PRES_01,10.736
2024-01-16T01:40:00,COOLING_FLOW_01,232.3662
2024-01-16T01:40:00,COOLING_HEAT_01,21.8782
2024-01-16T01:40:00,PRIMARY_PRES_01,155.9609
2024-01-16T01:40:00,PRIMARY_TEMP_01,307.0266
2024-01-16T01:40:00,PRIMARY_FLOW_01,574.189
2024-01-16T01:40:00,PRIMARY_LEVEL_01,51.9923
2024-01-16T01:41:00,COOLING_TEMP_01,72.7553
2024-01-16T01:41:00,COOLING_PRES_01,10.9244
2024-01-16T01:41:00,COOLING_FLOW_01,226.1259
2024-01-16T01:41:00,PRIMARY_PRES_01,156.0797
2024-01-16T01:41:00,PRIMARY_TEMP_01,307.2739
2024-01-16T01:41:00,PRIMARY_FLOW_01,574.8463
2024-01-16T01:42:00,COOLING_TEMP_01,74.6282
2024-01-16T01:42:00,COOLING_PRES_01,10.9721
2024-01-16T01:42:00,COOLING_FLOW_01,227.0458
2024-01-16T01:42:00,COOLING_HEAT_01,22.2027
2024-01-16T01:42:00,PRIMARY_PRES_01,155.6747
2024-01-16T01:42:00,PRIMARY_TEMP_01,304.9276
2024-01-16T01:42:00,PRIMARY_FLOW_01,564.0465
2024-01-16T01:42:00,PRIMARY_LEVEL_01,53.1788
2024-01-16T01:43:00,COOLING_TEMP_01,74.2559
2024-01-16T01:43:00,COOLING_PRES_01,10.7151
2024-01-16T01:43:00,COOLING_FLOW_01,228.358
2024-01-16T01:43:00,PRIMARY_PRES_01,156.0997
2024-01-16T01:43:00,PRIMARY_TEMP_01,305.2509
2024-01-16T01:43:00,PRIMARY_FLOW_01,575.8229
2024-01-16T01:44:00,COOLING_TEMP_01,75.5717
2024-01-16T01:44:00,COOLING_PRES_01,10.8749
2024-01-16T01:44:00,COOLING_FLOW_01,223.3415
2024-01-16T01:44:00,COOLING_HEAT_01,22.3175
2024-01-16T01:44:00,PRIMARY_PRES_01,156.4478
2024-01-16T01:44:00,PRIMARY_TEMP_01,304.8458
2024-01-16T01:44:00,PRIMARY_FLOW_01,563.9749
2024-01-16T01:44:00,PRIMARY_LEVEL_01,52.9036
2024-01-16T01:45:00,COOLING_TEMP_01,75.4236
2024-01-16T01:45:00,COOLING_PRES_01,10.9603
2024-01-16T01:45:00,COOLING_FLOW_01,229.0917
2024-01-16T01:45:00,PRIMARY_PRES_01,156.3436
2024-01-16T01:45:00,PRIMARY_TEMP_01,306.4486
2024-01-16T01:45:00,PRIMARY_FLOW_01,561.7635
2024-01-16T01:46:00,COOLING_TEMP_01,74.384
2024-01-16T01:46:00,COOLING_PRES_01,10.8637
2024-01-16T01:46:00,COOLING_FLOW_01,221.9234
2024-01-16T01:46:00,COOLING_HEAT_01,21.8967
2024-01-16T01:46:00,PRIMARY_PRES_01,156.0734
2024-01-16T01:46:00,PRIMARY_TEMP_01,306.2397
2024-01-16T01:46:00,PRIMARY_FLOW_01,577.2528
2024-01-16T01:46:00,PRIMARY_LEVEL_01,52.1667
2024-01-16T01:47:00,COOLING_TEMP_01,74.6812
2024-01-16T01:47:00,COOLING_PRES_01,10.9814
2024-01-16T01:47:00,COOLING_FLOW_01,229.471
2024-01-16T01:47:00,PRIMARY_PRES_01,157.0808
2024-01-16T01:47:00,PRIMARY_TEMP_01,306.2799
2024-01-16T01:47:00,PRIMARY_FLOW_01,574.4321
2024-01-16T01:48:00,COOLING_TEMP_01,75.1377
2024-01-16T01:48:00,COOLING_PRES_01,11.0618
2024-01-16T01:48:00,COOLING_FLOW_01,222.2797
2024-01-16T01:48:00,COOLING_HEAT_01,22.96
2024-01-16T01:48:00,PRIMARY_PRES_01,156.8676
2024-01-16T01:48:00,PRIMARY_TEMP_01,305.93
2024-01-16T01:48:00,PRIMARY_FLOW_01,580.7324
2024-01-16T01:48:00,PRIMARY_LEVEL_01,53.4892
2024-01-16T01:49:00,COOLING_TEMP_01,75.9587
2024-01-16T01:49:00,COOLING_PRES_01,10.9228
2024-01-16T01:49:00,COOLING_FLOW_01,226.5277
2024-01-16T01:49:00,PRIMARY_PRES_01,156.8163
2024-01-16T01:49:00,PRIMARY_TEMP_01,304.8709
2024-01-16T01:49:00,PRIMARY_FLOW_01,563.0718
2024-01-16T01:50:00,COOLING_TEMP_01,76.2205
2024-01-16T01:50:00,COOLING_PRES_01,10.9913
2024-01-16T01:50:00,COOLING_FLOW_01,226.451
2024-01-16T01:50:00,COOLING_HEAT_01,22.6941
2024-01-16T01:50:00,PRIMARY_PRES_01,156.6521
2024-01-16T01:50:00,PRIMARY_TEMP_01,304.1246
2024-01-16T01:50:00,PRIMARY_FLOW_01,567.7147
2024-01-16T01:50:00,PRIMARY_LEVEL_01,52.215
2024-01-16T01:51:00,COOLING_TEMP_01,75.1233
2024-01-16T01:51:00,COOLING_PRES_01,11.1174
2024-01-16T01:51:00,COOLING_FLOW_01,226.0377
2024-01-16T01:51:00,PRIMARY_PRES_01,156.2658
2024-01-16T01:51:00,PRIMARY_TEMP_01,305.5714
2024-01-16T01:51:00,PRIMARY_FLOW_01,557.5516
2024-01-16T01:52:00,COOLING_TEMP_01,75.1789
2024-01-16T01:52:00,COOLING_PRES_01,11.2598
2024-01-16T01:52:00,COOLING_FLOW_01,225.371
2024-01-16T01:52:00,COOLING_HEAT_01,23.2473
2024-01-16T01:52:00,PRIMARY_PRES_01,156.3144
2024-01-16T01:52:00,PRIMARY_TEMP_01,306.8034
2024-01-16T01:52:00,PRIMARY_FLOW_01,569.1896
2024-01-16T01:52:00,PRIMARY_LEVEL_01,53.7773
2024-01-16T01:53:00,COOLING_TEMP_01,76.2274
2024-01-16T01:53:00,COOLING_PRES_01,11.2338
2024-01-16T01:53:00,COOLING_FLOW_01,221.5381
2024-01-16T01:53:00,PRIMARY_PRES_01,156.5907
2024-01-16T01:53:00,PRIMARY_TEMP_01,306.0095
2024-01-16T01:53:00,PRIMARY_FLOW_01,551.5282
2024-01-16T01:54:00,COOLING_TEMP_01,76.1258
2024-01-16T01:54:00,COOLING_PRES_01,11.249
2024-01-16T01:54:00,COOLING_FLOW_01,222.9925
2024-01-16T01:54:00,COOLING_HEAT_01,22.3148
2024-01-16T01:54:00,PRIMARY_PRES_01,156.4732
2024-01-16T01:54:00,PRIMARY_TEMP_01,306.7354
2024-01-16T01:54:00,PRIMARY_FLOW_01,572.7908
2024-01-16T01:54:00,PRIMARY_LEVEL_01,52.7587
2024-01-16T01:55:00,COOLING_TEMP_01,75.478
2024-01-16T01:55:00,COOLING_PRES_01,11.4504
2024-01-16T01:55:00,COOLING_FLOW_01,218.861
2024-01-16T01:55:00,PRIMARY_PRES_01,156.7579
2024-01-16T01:55:00,PRIMARY_TEMP_01,304.539
2024-01-16T01:55:00,PRIMARY_FLOW_01,570.9619
2024-01-16T01:56:00,COOLING_TEMP_01,75.8772
2024-01-16T01:56:00,COOLING_PRES_01,11.1254
2024-01-16T01:56:00,COOLING_FLOW_01,222.0805
2024-01-16T01:56:00,COOLING_HEAT_01,23.0049
2024-01-16T01:56:00,PRIMARY_PRES_01,155.9724
2024-01-16T01:56:00,PRIMARY_TEMP_01,308.7808
2024-01-16T01:56:00,PRIMARY_FLOW_01,549.7676
2024-01-16T01:56:00,PRIMARY_LEVEL_01,52.1602
2024-01-16T01:57:00,COOLING_TEMP_01,75.5791
2024-01-16T01:57:00,COOLING_PRES_01,11.0386
2024-01-16T01:57:00,COOLING_FLOW_01,221.3656
2024-01-16T01:57:00,PRIMARY_PRES_01,156.8916
2024-01-16T01:57:00,PRIMARY_TEMP_01,305.7862
2024-01-16T01:57:00,PRIMARY_FLOW_01,568.1996
2024-01-16T01:58:00,COOLING_TEMP_01,77.0046
2024-01-16T01:58:00,COOLING_PRES_01,11.281
2024-01-16T01:58:00,COOLING_FLOW_01,220.5414
2024-01-16T01:58:00,COOLING_HEAT_01,23.1332
2024-01-16T01:58:00,PRIMARY_PRES_01,156.5009
2024-01-16T01:58:00,PRIMARY_TEMP_01,309.4558
2024-01-16T01:58:00,PRIMARY_FLOW_01,577.0681
2024-01-16T01:58:00,PRIMARY_LEVEL_01,52.3755
2024-01-16T01:59:00,COOLING_TEMP_01,76.3291
2024-01-16T01:59:00,COOLING_PRES_01,11.1317
2024-01-16T01:59:00,COOLING_FLOW_01,222.4647
2024-01-16T01:59:00,PRIMARY_PRES_01,156.8315
2024-01-16T01:59:00,PRIMARY_TEMP_01,305.7024
2024-01-16T01:59:00,PRIMARY_FLOW_01,565.4744
2024-01-16T02:00:00,COOLING_TEMP_01,75.4423
2024-01-16T02:00:00,COOLING_PRES_01,11.3678
2024-01-16T02:00:00,COOLING_FLOW_01,216.3741
2024-01-16T02:00:00,COOLING_HEAT_01,22.9383
2024-01-16T02:00:00,PRIMARY_PRES_01,156.3796
2024-01-16T02:00:00,PRIMARY_TEMP_01,306.6507
2024-01-16T02:00:00,PRIMARY_FLOW_01,566.6525
2024-01-16T02:00:00,PRIMARY_LEVEL_01,52.4006
2024-01-16T02:01:00,COOLING_TEMP_01,76.5012
2024-01-16T02:01:00,COOLING_PRES_01,11.3761
2024-01-16T02:01:00,COOLING_FLOW_01,223.3844
2024-01-16T02:01:00,PRIMARY_PRES_01,156.291
2024-01-16T02:01:00,PRIMARY_TEMP_01,304.8406
2024-01-16T02:01:00,PRIMARY_FLOW_01,571.5092
2024-01-16T02:02:00,COOLING_TEMP_01,75.7087
2024-01-16T02:02:00,COOLING_PRES_01,11.586
2024-01-16T02:02:00,COOLING_FLOW_01,215.0191
2024-01-16T02:02:00,COOLING_HEAT_01,22.8052
2024-01-16T02:02:00,PRIMARY_PRES_01,156.8515
2024-01-16T02:02:00,PRIMARY_TEMP_01,305.1134
2024-01-16T02:02:00,PRIMARY_FLOW_01,556.5825
2024-01-16T02:02:00,PRIMARY_LEVEL_01,53.0132
2024-01-16T02:03:00,COOLING_TEMP_01,77.7039
2024-01-16T02:03:00,COOLING_PRES_01,11.3069
2024-01-16T02:03:00,COOLING_FLOW_01,219.2534
2024-01-16T02:03:00,PRIMARY_PRES_01,156.0079
2024-01-16T02:03:00,PRIMARY_TEMP_01,307.2983
2024-01-16T02:03:00,PRIMARY_FLOW_01,571.4665
2024-01-16T02:04:00,COOLING_TEMP_01,77.4762
2024-01-16T02:04:00,COOLING_PRES_01,11.5214
2024-01-16T02:04:00,COOLING_FLOW_01,213.8177
2024-01-16T02:04:00,COOLING_HEAT_01,23.4153
2024-01-16T02:04:00,PRIMARY_PRES_01,157.3278
2024-01-16T02:04:00,PRIMARY_TEMP_01,306.3981
2024-01-16T02:04:00,PRIMARY_FLOW_01,567.4665
2024-01-16T02:04:00,PRIMARY_LEVEL_01,53.4978
2024-01-16T02:05:00,COOLING_TEMP_01,77.3848
2024-01-16T02:05:00,COOLING_PRES_01,11.747
2024-01-16T02:05:00,COOLING_FLOW_01,215.5551
2024-01-16T02:05:00,PRIMARY_PRES_01,156.8457
2024-01-16T02:05:00,PRIMARY_TEMP_01,306.6813
2024-01-16T02:05:00,PRIMARY_FLOW_01,563.0529
2024-01-16T02:06:00,COOLING_TEMP_01,76.4468
2024-01-16T02:06:00,COOLING_PRES_01,11.5673
2024-01-16T02:06:00,COOLING_FLOW_01,214.3135
2024-01-16T02:06:00,COOLING_HEAT_01,22.9117
2024-01-16T02:06:00,PRIMARY_PRES_01,156.6065
2024-01-16T02:06:00,PRIMARY_TEMP_01,306.7856
2024-01-16T02:06:00,PRIMARY_FLOW_01,561.4051
2024-01-16T02:06:00,PRIMARY_LEVEL_01,52.7157
2024-01-16T02:07:00,COOLING_TEMP_01,78.3297
2024-01-16T02:07:00,COOLING_PRES_01,11.5898
2024-01-16T02:07:00,COOLING_FLOW_01,211.1803
2024-01-16T02:07:00,PRIMARY_PRES_01,156.4639
2024-01-16T02:07:00,PRIMARY_TEMP_01,306.5126
2024-01-16T02:07:00,PRIMARY_FLOW_01,561.0747
2024-01-16T02:08:00,COOLING_TEMP_01,77.2328
2024-01-16T02:08:00,COOLING_PRES_01,11.682
2024-01-16T02:08:00,COOLING_FLOW_01,211.6843
2024-01-16T02:08:00,COOLING_HEAT_01,24.0059
2024-01-16T02:08:00,PRIMARY_PRES_01,156.5098
2024-01-16T02:08:00,PRIMARY_TEMP_01,307.3978
2024-01-16T02:08:00,PRIMARY_FLOW_01,571.55
2024-01-16T02:08:00,PRIMARY_LEVEL_01,54.6811
2024-01-16T02:09:00,COOLING_TEMP_01,78.1005
2024-01-16T02:09:00,COOLING_PRES_01,11.5351
2024-01-16T02:09:00,COOLING_FLOW_01,213.0974
2024-01-16T02:09:00,PRIMARY_PRES_01,157.221
2024-01-16T02:09:00,PRIMARY_TEMP_01,306.3694
2024-01-16T02:09:00,PRIMARY_FLOW_01,561.9736
2024-01-16T02:10:00,COOLING_TEMP_01,77.5934
2024-01-16T02:10:00,COOLING_PRES_01,11.5469
2024-01-16T02:10:00,COOLING_FLOW_01,212.9948
2024-01-16T02:10:00,COOLING_HEAT_01,24.3782
2024-01-16T02:10:00,PRIMARY_PRES_01,156.6312
2024-01-16T02:10:00,PRIMARY_TEMP_01,308.1851
2024-01-16T02:10:00,PRIMARY_FLOW_01,567.5649
2024-01-16T02:10:00,PRIMARY_LEVEL_01,53.5469
2024-01-16T02:11:00,COOLING_TEMP_01,77.6044
2024-01-16T02:11:00,COOLING_PRES_01,11.476
2024-01-16T02:11:00,COOLING_FLOW_01,211.5916
2024-01-16T02:11:00,PRIMARY_PRES_01,156.5199
2024-01-16T02:11:00,PRIMARY_TEMP_01,307.9658
2024-01-16T02:11:00,PRIMARY_FLOW_01,573.5118
2024-01-16T02:12:00,COOLING_TEMP_01,77.965
2024-01-16T02:12:00,COOLING_PRES_01,11.4787
2024-01-16T02:12:00,COOLING_FLOW_01,208.7458
2024-01-16T02:12:00,COOLING_HEAT_01,23.5913
2024-01-16T02:12:00,PRIMARY_PRES_01,156.1755
2024-01-16T02:12:00,PRIMARY_TEMP_01,307.3917
2024-01-16T02:12:00,PRIMARY_FLOW_01,571.1261
2024-01-16T02:12:00,PRIMARY_LEVEL_01,52.9113
2024-01-16T02:13:00,COOLING_TEMP_01,77.6413
2024-01-16T02:13:00,COOLING_PRES_01,11.7238
2024-01-16T02:13:00,COOLING_FLOW_01,211.1443
2024-01-16T02:13:00,PRIMARY_PRES_01,156.8305
2024-01-16T02:13:00,PRIMARY_TEMP_01,306.8472
2024-01-16T02:13:00,PRIMARY_FLOW_01,565.501
2024-01-16T02:14:00,COOLING_TEMP_01,77.6747
2024-01-16T02:14:00,COOLING_PRES_01,11.7265
2024-01-16T02:14:00,COOLING_FLOW_01,212.578
2024-01-16T02:14:00,COOLING_HEAT_01,24.3282
2024-01-16T02:14:00,PRIMARY_PRES_01,157.3961
2024-01-16T02:14:00,PRIMARY_TEMP_01,309.7032
2024-01-16T02:14:00,PRIMARY_FLOW_01,557.9216
2024-01-16T02:14:00,PRIMARY_LEVEL_01,52.7986
2024-01-16T02:15:00,COOLING_TEMP_01,78.5414
2024-01-16T02:15:00,COOLING_PRES_01,11.5285
2024-01-16T02:15:00,COOLING_FLOW_01,206.8971
2024-01-16T02:15:00,PRIMARY_PRES_01,156.5713
2024-01-16T02:15:00,PRIMARY_TEMP_01,308.3046
2024-01-16T02:15:00,PRIMARY_FLOW_01,567.0566
2024-01-16T02:16:00,COOLING_TEMP_01,78.915
2024-01-16T02:16:00,COOLING_PRES_01,11.6756
2024-01-16T02:16:00,COOLING_FLOW_01,205.5701
2024-01-16T02:16:00,COOLING_HEAT_01,24.8268
2024-01-16T02:16:00,PRIMARY_PRES_01,156.4095
2024-01-16T02:16:00,PRIMARY_TEMP_01,306.3484
2024-01-16T02:16:00,PRIMARY_FLOW_01,568.1611
2024-01-16T02:16:00,PRIMARY_LEVEL_01,53.6643
2024-01-16T02:17:00,COOLING_TEMP_01,79.1556
2024-01-16T02:17:00,COOLING_PRES_01,11.7511
2024-01-16T02:17:00,COOLING_FLOW_01,206.5176
2024-01-16T02:17:00,PRIMARY_PRES_01,157.1906
2024-01-16T02:17:00,PRIMARY_TEMP_01,309.4044
2024-01-16T02:17:00,PRIMARY_FLOW_01,563.5081
2024-01-16T02:18:00,COOLING_TEMP_01,77.8978
2024-01-16T02:18:00,COOLING_PRES_01,11.7073
2024-01-16T02:18:00,COOLING_FLOW_01,204.0231
2024-01-16T02:18:00,COOLING_HEAT_01,24.2068
2024-01-16T02:18:00,PRIMARY_PRES_01,156.6713
2024-01-16T02:18:00,PRIMARY_TEMP_01,309.3412
2024-01-16T02:18:00,PRIMARY_FLOW_01,548.2165
2024-01-16T02:18:00,PRIMARY_LEVEL_01,53.6684
2024-01-16T02:19:00,COOLING_TEMP_01,77.9633
2024-01-16T02:19:00,COOLING_PRES_01,11.8479
2024-01-16T02:19:00,COOLING_FLOW_01,204.7817
2024-01-16T02:19:00,PRIMARY_PRES_01,156.9162
2024-01-16T02:19:00,PRIMARY_TEMP_01,308.8041
2024-01-16T02:19:00,PRIMARY_FLOW_01,554.9029
2024-01-16T02:20:00,COOLING_TEMP_01,77.972
2024-01-16T02:20:00,COOLING_PRES_01,11.9278
2024-01-16T02:20:00,COOLING_FLOW_01,210.1665
2024-01-16T02:20:00,COOLING_HEAT_01,24.4128
2024-01-16T02:20:00,PRIMARY_PRES_01,156.9114
2024-01-16T02:20:00,PRIMARY_TEMP_01,308.9233
2024-01-16T02:20:00,PRIMARY_FLOW_01,563.021
2024-01-16T02:20:00,PRIMARY_LEVEL_01,54.2628
2024-01-16T02:21:00,COOLING_TEMP_01,78.6383
2024-01-16T02:21:00,COOLING_PRES_01,11.8549
2024-01-16T02:21:00,COOLING_FLOW_01,211.7771
2024-01-16T02:21:00,PRIMARY_PRES_01,156.9355
2024-01-16T02:21:00,PRIMARY_TEMP_01,308.6799
2024-01-16T02:21:00,PRIMARY_FLOW_01,562.1995
2024-01-16T02:22:00,COOLING_TEMP_01,78.4134
2024-01-16T02:22:00,COOLING_PRES_01,12.0125
2024-01-16T02:22:00,COOLING_FLOW_01,202.6593
2024-01-16T02:22:00,COOLING_HEAT_01,24.3807
2024-01-16T02:22:00,PRIMARY_PRES_01,156.22
2024-01-16T02:22:00,PRIMARY_TEMP_01,310.3456
2024-01-16T02:22:00,PRIMARY_FLOW_01,564.4944
2024-01-16T02:22:00,PRIMARY_LEVEL_01,54.1606
2024-01-16T02:23:00,COOLING_TEMP_01,78.4838
2024-01-16T02:23:00,COOLING_PRES_01,11.7638
2024-01-16T02:23:00,COOLING_FLOW_01,201.193
2024-01-16T02:23:00,PRIMARY_PRES_01,157.3242
2024-01-16T02:23:00,PRIMARY_TEMP_01,307.6091
2024-01-16T02:23:00,PRIMARY_FLOW_01,556.1658
2024-01-16T02:24:00,COOLING_TEMP_01,79.7453
2024-01-16T02:24:00,COOLING_PRES_01,11.9635
2024-01-16T02:24:00,COOLING_FLOW_01,204.1575
2024-01-16T02:24:00,COOLING_HEAT_01,24.7384
2024-01-16T02:24:00,PRIMARY_PRES_01,156.9557
2024-01-16T02:24:00,PRIMARY_TEMP_01,308.9718
2024-01-16T02:24:00,PRIMARY_FLOW_01,559.3379
2024-01-16T02:24:00,PRIMARY_LEVEL_01,54.2081
2024-01-16T02:25:00,COOLING_TEMP_01,80.2244
2024-01-16T02:25:00,COOLING_PRES_01,11.9325
2024-01-16T02:25:00,COOLING_FLOW_01,204.3707
2024-01-16T02:25:00,PRIMARY_PRES_01,157.1422
2024-01-16T02:25:00,PRIMARY_TEMP_01,310.824
2024-01-16T02:25:00,PRIMARY_FLOW_01,548.3492
2024-01-16T02:26:00,COOLING_TEMP_01,80.6608
2024-01-16T02:26:00,COOLING_PRES_01,11.8728
2024-01-16T02:26:00,COOLING_FLOW_01,202.1737
2024-01-16T02:26:00,COOLING_HEAT_01,25.3877
2024-01-16T02:26:00,PRIMARY_PRES_01,157.1614
2024-01-16T02:26:00,PRIMARY_TEMP_01,307.9366
2024-01-16T02:26:00,PRIMARY_FLOW_01,552.9917
2024-01-16T02:26:00,PRIMARY_LEVEL_01,54.847
2024-01-16T02:27:00,COOLING_TEMP_01,79.5728
2024-01-16T02:27:00,COOLING_PRES_01,12.0219
2024-01-16T02:27:00,COOLING_FLOW_01,199.1545
2024-01-16T02:27:00,PRIMARY_PRES_01,156.7917
2024-01-16T02:27:00,PRIMARY_TEMP_01,310.0419
2024-01-16T02:27:00,PRIMARY_FLOW_01,549.0977
2024-01-16T02:28:00,COOLING_TEMP_01,80.5111
2024-01-16T02:28:00,COOLING_PRES_01,11.8016
2024-01-16T02:28:00,COOLING_FLOW_01,200.8071
2024-01-16T02:28:00,COOLING_HEAT_01,25.1177
2024-01-16T02:28:00,PRIMARY_PRES_01,156.4993
2024-01-16T02:28:00,PRIMARY_TEMP_01,310.4076
2024-01-16T02:28:00,PRIMARY_FLOW_01,562.6201
2024-01-16T02:28:00,PRIMARY_LEVEL_01,53.3215
2024-01-16T02:29:00,COOLING_TEMP_01,80.8766
2024-01-16T02:29:00,COOLING_PRES_01,12.0009
2024-01-16T02:29:00,COOLING_FLOW_01,200.7953
2024-01-16T02:29:00,PRIMARY_PRES_01,156.9511
2024-01-16T02:29:00,PRIMARY_TEMP_01,309.6447
2024-01-16T02:29:00,PRIMARY_FLOW_01,561.1654
2024-01-16T02:30:00,COOLING_TEMP_01,79.5664
2024-01-16T02:30:00,COOLING_PRES_01,11.999
2024-01-16T02:30:00,COOLING_FLOW_01,202.2818
2024-01-16T02:30:00,COOLING_HEAT_01,24.9954
2024-01-16T02:30:00,PRIMARY_PRES_01,157.0319
2024-01-16T02:30:00,PRIMARY_TEMP_01,307.8626
2024-01-16T02:30:00,PRIMARY_FLOW_01,564.5782
2024-01-16T02:30:00,PRIMARY_LEVEL_01,54.1004
2024-01-16T02:31:00,COOLING_TEMP_01,80.7313
2024-01-16T02:31:00,COOLING_PRES_01,11.8774
2024-01-16T02:31:00,COOLING_FLOW_01,196.0955
2024-01-16T02:31:00,PRIMARY_PRES_01,157.2322
2024-01-16T02:31:00,PRIMARY_TEMP_01,309.0594
2024-01-16T02:31:00,PRIMARY_FLOW_01,561.9072
2024-01-16T02:32:00,COOLING_TEMP_01,80.5881
2024-01-16T02:32:00,COOLING_PRES_01,12.0084
2024-01-16T02:32:00,COOLING_FLOW_01,199.7343
2024-01-16T02:32:00,COOLING_HEAT_01,25.4989
2024-01-16T02:32:00,PRIMARY_PRES_01,157.0835
2024-01-16T02:32:00,PRIMARY_TEMP_01,310.5883
2024-01-16T02:32:00,PRIMARY_FLOW_01,560.6989
2024-01-16T02:32:00,PRIMARY_LEVEL_01,54.341
2024-01-16T02:33:00,COOLING_TEMP_01,80.9262
2024-01-16T02:33:00,COOLING_PRES_01,12.1948
2024-01-16T02:33:00,COOLING_FLOW_01,198.146
2024-01-16T02:33:00,PRIMARY_PRES_01,156.8955
2024-01-16T02:33:00,PRIMARY_TEMP_01,310.8565
2024-01-16T02:33:00,PRIMARY_FLOW_01,555.7191
2024-01-16T02:34:00,COOLING_TEMP_01,79.9168
2024-01-16T02:34:00,COOLING_PRES_01,12.1778
2024-01-16T02:34:00,COOLING_FLOW_01,199.131
2024-01-16T02:34:00,COOLING_HEAT_01,25.0951
2024-01-16T02:34:00,PRIMARY_PRES_01,157.3668
2024-01-16T02:34:00,PRIMARY_TEMP_01,307.6184
2024-01-16T02:34:00,PRIMARY_FLOW_01,571.9023
2024-01-16T02:34:00,PRIMARY_LEVEL_01,54.461
2024-01-16T02:35:00,COOLING_TEMP_01,79.9338
2024-01-16T02:35:00,COOLING_PRES_01,12.0943
2024-01-16T02:35:00,COOLING_FLOW_01,197.3426
2024-01-16T02:35:00,PRIMARY_PRES_01,156.9981
2024-01-16T02:35:00,PRIMARY_TEMP_01,311.3742
2024-01-16T02:35:00,PRIMARY_FLOW_01,560.8161
2024-01-16T02:36:00,COOLING_TEMP_01,80.9232
2024-01-16T02:36:00,COOLING_PRES_01,12.1075
2024-01-16T02:36:00,COOLING_FLOW_01,193.0535
2024-01-16T02:36:00,COOLING_HEAT_01,25.3604
2024-01-16T02:36:00,PRIMARY_PRES_01,156.7776
2024-01-16T02:36:00,PRIMARY_TEMP_01,307.7613
2024-01-16T02:36:00,PRIMARY_FLOW_01,552.5791
2024-01-16T02:36:00,PRIMARY_LEVEL_01,54.5618
2024-01-16T02:37:00,COOLING_TEMP_01,80.8258
2024-01-16T02:37:00,COOLING_PRES_01,12.2283
2024-01-16T02:37:00,COOLING_FLOW_01,195.7634
2024-01-16T02:37:00,PRIMARY_PRES_01,157.7881
2024-01-16T02:37:00,PRIMARY_TEMP_01,312.0917
2024-01-16T02:37:00,PRIMARY_FLOW_01,563.7006
2024-01-16T02:38:00,COOLING_TEMP_01,82.1379
2024-01-16T02:38:00,COOLING_PRES_01,12.1564
2024-01-16T02:38:00,COOLING_FLOW_01,194.3812
2024-01-16T02:38:00,COOLING_HEAT_01,25.8138
2024-01-16T02:38:00,PRIMARY_PRES_01,156.7281
2024-01-16T02:38:00,PRIMARY_TEMP_01,310.9158
2024-01-16T02:38:00,PRIMARY_FLOW_01,545.3539
2024-01-16T02:38:00,PRIMARY_LEVEL_01,53.735
2024-01-16T02:39:00,COOLING_TEMP_01,81.1414
2024-01-16T02:39:00,COOLING_PRES_01,12.171
2024-01-16T02:39:00,COOLING_FLOW_01,197.0778
2024-01-16T02:39:00,PRIMARY_PRES_01,157.7052
2024-01-16T02:39:00,PRIMARY_TEMP_01,309.8696
2024-01-16T02:39:00,PRIMARY_FLOW_01,556.3265
2024-01-16T02:40:00,COOLING_TEMP_01,81.1296
2024-01-16T02:40:00,COOLING_PRES_01,12.1948
2024-01-16T02:40:00,COOLING_FLOW_01,194.0882
2024-01-16T02:40:00,COOLING_HEAT_01,25.1255
2024-01-16T02:40:00,PRIMARY_PRES_01,157.9529
2024-01-16T02:40:00,PRIMARY_TEMP_01,309.8688
2024-01-16T02:40:00,PRIMARY_FLOW_01,553.1968
2024-01-16T02:40:00,PRIMARY_LEVEL_01,54.68
2024-01-16T02:41:00,COOLING_TEMP_01,82.6207
2024-01-16T02:41:00,COOLING_PRES_01,12.3185
2024-01-16T02:41:00,COOLING_FLOW_01,196.2138
2024-01-16T02:41:00,PRIMARY_PRES_01,156.9026
2024-01-16T02:41:00,PRIMARY_TEMP_01,310.7773
2024-01-16T02:41:00,PRIMARY_FLOW_01,552.0354
2024-01-16T02:42:00,COOLING_TEMP_01,81.4093
2024-01-16T02:42:00,COOLING_PRES_01,12.6259
2024-01-16T02:42:00,COOLING_FLOW_01,193.6516
2024-01-16T02:42:00,COOLING_HEAT_01,25.9269
2024-01-16T02:42:00,PRIMARY_PRES_01,157.171
2024-01-16T02:42:00,PRIMARY_TEMP_01,307.1736
2024-01-16T02:42:00,PRIMARY_FLOW_01,552.0964
2024-01-16T02:42:00,PRIMARY_LEVEL_01,54.2825
2024-01-16T02:43:00,COOLING_TEMP_01,82.1697
2024-01-16T02:43:00,COOLING_PRES_01,12.3542
2024-01-16T02:43:00,COOLING_FLOW_01,191.3838
2024-01-16T02:43:00,PRIMARY_PRES_01,156.8142
2024-01-16T02:43:00,PRIMARY_TEMP_01,309.4374
2024-01-16T02:43:00,PRIMARY_FLOW_01,559.0115
2024-01-16T02:44:00,COOLING_TEMP_01,82.3799
2024-01-16T02:44:00,COOLING_PRES_01,12.2825
2024-01-16T02:44:00,COOLING_FLOW_01,193.2571
2024-01-16T02:44:00,COOLING_HEAT_01,25.5074
2024-01-16T02:44:00,PRIMARY_PRES_01,157.3042
2024-01-16T02:44:00,PRIMARY_TEMP_01,310.6087
2024-01-16T02:44:00,PRIMARY_FLOW_01,548.2186
2024-01-16T02:44:00,PRIMARY_LEVEL_01,54.555
2024-01-16T02:45:00,COOLING_TEMP_01,82.6218
2024-01-16T02:45:00,COOLING_PRES_01,12.4533
2024-01-16T02:45:00,COOLING_FLOW_01,193.1334
2024-01-16T02:45:00,PRIMARY_PRES_01,156.7486
2024-01-16T02:45:00,PRIMARY_TEMP_01,308.9573
2024-01-16T02:45:00,PRIMARY_FLOW_01,542.3523
2024-01-16T02:46:00,COOLING_TEMP_01,82.5715
2024-01-16T02:46:00,COOLING_PRES_01,12.507
2024-01-16T02:46:00,COOLING_FLOW_01,188.8045
2024-01-16T02:46:00,COOLING_HEAT_01,26.3798
2024-01-16T02:46:00,PRIMARY_PRES_01,157.3172
2024-01-16T02:46:00,PRIMARY_TEMP_01,310.3321
2024-01-16T02:46:00,PRIMARY_FLOW_01,547.9871
2024-01-16T02:46:00,PRIMARY_LEVEL_01,53.7779
2024-01-16T02:47:00,COOLING_TEMP_01,82.7823
2024-01-16T02:47:00,COOLING_PRES_01,12.577
2024-01-16T02:47:00,COOLING_FLOW_01,191.1986
2024-01-16T02:47:00,PRIMARY_PRES_01,157.345
2024-01-16T02:47:00,PRIMARY_TEMP_01,314.0532
2024-01-16T02:47:00,PRIMARY_FLOW_01,551.1357
2024-01-16T02:48:00,COOLING_TEMP_01,83.0342
2024-01-16T02:48:00,COOLING_PRES_01,12.3937
2024-01-16T02:48:00,COOLING_FLOW_01,192.3452
2024-01-16T02:48:00,COOLING_HEAT_01,25.9722
2024-01-16T02:48:00,PRIMARY_PRES_01,157.906
2024-01-16T02:48:00,PRIMARY_TEMP_01,309.958
2024-01-16T02:48:00,PRIMARY_FLOW_01,562.6276
2024-01-16T02:48:00,PRIMARY_LEVEL_01,54.4426
2024-01-16T02:49:00,COOLING_TEMP_01,82.648
2024-01-16T02:49:00,COOLING_PRES_01,12.4347
2024-01-16T02:49:00,COOLING_FLOW_01,186.9779
2024-01-16T02:49:00,PRIMARY_PRES_01,157.1847
2024-01-16T02:49:00,PRIMARY_TEMP_01,311.5012
2024-01-16T02:49:00,PRIMARY_FLOW_01,557.172
2024-01-16T02:50:00,COOLING_TEMP_01,82.9738
2024-01-16T02:50:00,COOLING_PRES_01,12.502
2024-01-16T02:50:00,COOLING_FLOW_01,189.9139
2024-01-16T02:50:00,COOLING_HEAT_01,26.1359
2024-01-16T02:50:00,PRIMARY_PRES_01,157.7029
2024-01-16T02:50:00,PRIMARY_TEMP_01,311.4947
2024-01-16T02:50:00,PRIMARY_FLOW_01,547.605
2024-01-16T02:50:00,PRIMARY_LEVEL_01,54.3013
2024-01-16T02:51:00,COOLING_TEMP_01,83.934
2024-01-16T02:51:00,COOLING_PRES_01,12.4119
2024-01-16T02:51:00,COOLING_FLOW_01,186.8049
2024-01-16T02:51:00,PRIMARY_PRES_01,157.0718
2024-01-16T02:51:00,PRIMARY_TEMP_01,311.6382
2024-01-16T02:51:00,PRIMARY_FLOW_01,549.8246
2024-01-16T02:52:00,COOLING_TEMP_01,83.5233
2024-01-16T02:52:00,COOLING_PRES_01,12.4986
2024-01-16T02:52:00,COOLING_FLOW_01,185.863
2024-01-16T02:52:00,COOLING_HEAT_01,26.813
2024-01-16T02:52:00,PRIMARY_PRES_01,157.1782
2024-01-16T02:52:00,PRIMARY_TEMP_01,310.9868
2024-01-16T02:52:00,PRIMARY_FLOW_01,545.0073
2024-01-16T02:52:00,PRIMARY_LEVEL_01,55.069
2024-01-16T02:53:00,COOLING_TEMP_01,83.359
2024-01-16T02:53:00,COOLING_PRES_01,12.6503
2024-01-16T02:53:00,COOLING_FLOW_01,188.2177
2024-01-16T02:53:00,PRIMARY_PRES_01,157.7472
2024-01-16T02:53:00,PRIMARY_TEMP_01,311.2983
2024-01-16T02:53:00,PRIMARY_FLOW_01,542.7558
2024-01-16T02:54:00,COOLING_TEMP_01,83.2315
2024-01-16T02:54:00,COOLING_PRES_01,12.6106
2024-01-16T02:54:00,COOLING_FLOW_01,187.3614
2024-01-16T02:54:00,COOLING_HEAT_01,27.0598
2024-01-16T02:54:00,PRIMARY_PRES_01,157.6098
2024-01-16T02:54:00,PRIMARY_TEMP_01,310.3097
2024-01-16T02:54:00,PRIMARY_FLOW_01,548.2456
2024-01-16T02:54:00,PRIMARY_LEVEL_01,54.811
2024-01-16T02:55:00,COOLING_TEMP_01,83.7819
2024-01-16T02:55:00,COOLING_PRES_01,12.5843
2024-01-16T02:55:00,COOLING_FLOW_01,180.5217
2024-01-16T02:55:00,PRIMARY_PRES_01,157.4046
2024-01-16T02:55:00,PRIMARY_TEMP_01,309.3556
2024-01-16T02:55:00,PRIMARY_FLOW_01,545.7419
2024-01-16T02:56:00,COOLING_TEMP_01,84.006
2024-01-16T02:56:00,COOLING_PRES_01,12.4582
2024-01-16T02:56:00,COOLING_FLOW_01,186.8127
2024-01-16T02:56:00,COOLING_HEAT_01,26.8436
2024-01-16T02:56:00,PRIMARY_PRES_01,157.4388
2024-01-16T02:56:00,PRIMARY_TEMP_01,313.7296
2024-01-16T02:56:00,PRIMARY_FLOW_01,556.9311
2024-01-16T02:56:00,PRIMARY_LEVEL_01,55.1746
2024-01-16T02:57:00,COOLING_TEMP_01,84.9709
2024-01-16T02:57:00,COOLING_PRES_01,12.7025
2024-01-16T02:57:00,COOLING_FLOW_01,186.9785
2024-01-16T02:57:00,PRIMARY_PRES_01,157.4916
2024-01-16T02:57:00,PRIMARY_TEMP_01,309.294
2024-01-16T02:57:00,PRIMARY_FLOW_01,555.3394
2024-01-16T02:58:00,COOLING_TEMP_01,82.3151
2024-01-16T02:58:00,COOLING_PRES_01,12.5938
2024-01-16T02:58:00,COOLING_FLOW_01,184.0045
2024-01-16T02:58:00,COOLING_HEAT_01,27.0425
2024-01-16T02:58:00,PRIMARY_PRES_01,157.4887
2024-01-16T02:58:00,PRIMARY_TEMP_01,311.9571
2024-01-16T02:58:00,PRIMARY_FLOW_01,556.3572
2024-01-16T02:58:00,PRIMARY_LEVEL_01,55.7596
2024-01-16T02:59:00,COOLING_TEMP_01,83.6274
2024-01-16T02:59:00,COOLING_PRES_01,12.6133
2024-01-16T02:59:00,COOLING_FLOW_01,181.9549
2024-01-16T02:59:00,PRIMARY_PRES_01,157.2766
2024-01-16T02:59:00,PRIMARY_TEMP_01,312.381
2024-01-16T02:59:00,PRIMARY_FLOW_01,554.8996
2024-01-16T03:00:00,COOLING_TEMP_01,84.2038
2024-01-16T03:00:00,COOLING_PRES_01,12.6136
2024-01-16T03:00:00,COOLING_FLOW_01,174.3123
2024-01-16T03:00:00,COOLING_HEAT_01,26.6948
2024-01-16T03:00:00,PRIMARY_PRES_01,157.8734
2024-01-16T03:00:00,PRIMARY_TEMP_01,311.9604
2024-01-16T03:00:00,PRIMARY_FLOW_01,551.6594
2024-01-16T03:00:00,PRIMARY_LEVEL_01,54.5151
2024-01-16T03:01:00,COOLING_TEMP_01,83.8842
2024-01-16T03:01:00,COOLING_PRES_01,12.7698
2024-01-16T03:01:00,COOLING_FLOW_01,184.4796
2024-01-16T03:01:00,PRIMARY_PRES_01,157.779
2024-01-16T03:01:00,PRIMARY_TEMP_01,312.5509
2024-01-16T03:01:00,PRIMARY_FLOW_01,548.445
2024-01-16T03:02:00,COOLING_TEMP_01,84.7261
2024-01-16T03:02:00,COOLING_PRES_01,12.7125
2024-01-16T03:02:00,COOLING_FLOW_01,180.3711
2024-01-16T03:02:00,COOLING_HEAT_01,27.1886
2024-01-16T03:02:00,PRIMARY_PRES_01,157.7819
2024-01-16T03:02:00,PRIMARY_TEMP_01,312.393
2024-01-16T03:02:00,PRIMARY_FLOW_01,550.0301
2024-01-16T03:02:00,PRIMARY_LEVEL_01,55.7014
2024-01-16T03:03:00,COOLING_TEMP_01,84.4674
2024-01-16T03:03:00,COOLING_PRES_01,12.7271
2024-01-16T03:03:00,COOLING_FLOW_01,184.5069
2024-01-16T03:03:00,PRIMARY_PRES_01,157.4499
2024-01-16T03:03:00,PRIMARY_TEMP_01,313.792
2024-01-16T03:03:00,PRIMARY_FLOW_01,549.7835
2024-01-16T03:04:00,COOLING_TEMP_01,85.2443
2024-01-16T03:04:00,COOLING_PRES_01,12.7339
2024-01-16T03:04:00,COOLING_FLOW_01,177.2792
2024-01-16T03:04:00,COOLING_HEAT_01,27.5492
2024-01-16T03:04:00,PRIMARY_PRES_01,156.9439
2024-01-16T03:04:00,PRIMARY_TEMP_01,312.8199
2024-01-16T03:04:00,PRIMARY_FLOW_01,546.4471
2024-01-16T03:04:00,PRIMARY_LEVEL_01,55.0015
2024-01-16T03:05:00,COOLING_TEMP_01,84.3373
2024-01-16T03:05:00,COOLING_PRES_01,12.9618
2024-01-16T03:05:00,COOLING_FLOW_01,178.8214
2024-01-16T03:05:00,PRIMARY_PRES_01,157.2516
2024-01-16T03:05:00,PRIMARY_TEMP_01,309.9839
2024-01-16T03:05:00,PRIMARY_FLOW_01,548.7518
2024-01-16T03:06:00,COOLING_TEMP_01,84.397
2024-01-16T03:06:00,COOLING_PRES_01,12.8703
2024-01-16T03:06:00,COOLING_FLOW_01,183.9775
2024-01-16T03:06:00,COOLING_HEAT_01,27.0271
2024-01-16T03:06:00,PRIMARY_PRES_01,156.8335
2024-01-16T03:06:00,PRIMARY_TEMP_01,312.3668
2024-01-16T03:06:00,PRIMARY_FLOW_01,545.3735
2024-01-16T03:06:00,PRIMARY_LEVEL_01,55.1092
2024-01-16T03:07:00,COOLING_TEMP_01,84.3431
2024-01-16T03:07:00,COOLING_PRES_01,13.1594
2024-01-16T03:07:00,COOLING_FLOW_01,173.1855
2024-01-16T03:07:00,PRIMARY_PRES_01,157.8217
2024-01-16T03:07:00,PRIMARY_TEMP_01,311.1231
2024-01-16T03:07:00,PRIMARY_FLOW_01,545.5389
2024-01-16T03:08:00,COOLING_TEMP_01,84.0704
2024-01-16T03:08:00,COOLING_PRES_01,12.8619
2024-01-16T03:08:00,COOLING_FLOW_01,172.2894
2024-01-16T03:08:00,COOLING_HEAT_01,27.7195
2024-01-16T03:08:00,PRIMARY_PRES_01,157.4245
2024-01-16T03:08:00,PRIMARY_TEMP_01,310.1013
2024-01-16T03:08:00,PRIMARY_FLOW_01,548.0607
2024-01-16T03:08:00,PRIMARY_LEVEL_01,55.8423
2024-01-16T03:09:00,COOLING_TEMP_01,85.3529
2024-01-16T03:09:00,COOLING_PRES_01,12.978
2024-01-16T03:09:00,COOLING_FLOW_01,176.8784
2024-01-16T03:09:00,PRIMARY_PRES_01,157.4567
2024-01-16T03:09:00,PRIMARY_TEMP_01,309.6811
2024-01-16T03:09:00,PRIMARY_FLOW_01,553.6378
2024-01-16T03:10:00,COOLING_TEMP_01,85.1887
2024-01-16T03:10:00,COOLING_PRES_01,12.993
2024-01-16T03:10:00,COOLING_FLOW_01,178.0953
2024-01-16T03:10:00,COOLING_HEAT_01,27.281
2024-01-16T03:10:00,PRIMARY_PRES_01,157.6073
2024-01-16T03:10:00,PRIMARY_TEMP_01,311.4148
2024-01-16T03:10:00,PRIMARY_FLOW_01,550.0509
2024-01-16T03:10:00,PRIMARY_LEVEL_01,56.0034
2024-01-16T03:11:00,COOLING_TEMP_01,85.1708
2024-01-16T03:11:00,COOLING_PRES_01,12.9961
2024-01-16T03:11:00,COOLING_FLOW_01,177.2466
2024-01-16T03:11:00,PRIMARY_PRES_01,158.1362
2024-01-16T03:11:00,PRIMARY_TEMP_01,311.6006
2024-01-16T03:11:00,PRIMARY_FLOW_01,552.9007
2024-01-16T03:12:00,COOLING_TEMP_01,86.1908
2024-01-16T03:12:00,COOLING_PRES_01,13.1924
2024-01-16T03:12:00,COOLING_FLOW_01,175.7136
2024-01-16T03:12:00,COOLING_HEAT_01,27.9478
2024-01-16T03:12:00,PRIMARY_PRES_01,157.8823
2024-01-16T03:12:00,PRIMARY_TEMP_01,312.1085
2024-01-16T03:12:00,PRIMARY_FLOW_01,549.6974
2024-01-16T03:12:00,PRIMARY_LEVEL_01,55.0943
2024-01-16T03:13:00,COOLING_TEMP_01,85.4403
2024-01-16T03:13:00,COOLING_PRES_01,13.1879
2024-01-16T03:13:00,COOLING_FLOW_01,175.7266
2024-01-16T03:13:00,PRIMARY_PRES_01,157.7194
2024-01-16T03:13:00,PRIMARY_TEMP_01,312.9346
2024-01-16T03:13:00,PRIMARY_FLOW_01,550.9908
2024-01-16T03:14:00,COOLING_TEMP_01,86.1331
2024-01-16T03:14:00,COOLING_PRES_01,13.1906
2024-01-16T03:14:00,COOLING_FLOW_01,170.2503
2024-01-16T03:14:00,COOLING_HEAT_01,28.1309
2024-01-16T03:14:00,PRIMARY_PRES_01,157.8065
2024-01-16T03:14:00,PRIMARY_TEMP_01,310.9441
2024-01-16T03:14:00,PRIMARY_FLOW_01,544.5026
2024-01-16T03:14:00,PRIMARY_LEVEL_01,55.6238
2024-01-16T03:15:00,COOLING_TEMP_01,85.2644
2024-01-16T03:15:00,COOLING_PRES_01,13.3425
2024-01-16T03:15:00,COOLING_FLOW_01,170.3968
2024-01-16T03:15:00,PRIMARY_PRES_01,157.2531
2024-01-16T03:15:00,PRIMARY_TEMP_01,312.9686
2024-01-16T03:15:00,PRIMARY_FLOW_01,553.533
2024-01-16T03:16:00,COOLING_TEMP_01,86.0217
2024-01-16T03:16:00,COOLING_PRES_01,13.236
2024-01-16T03:16:00,COOLING_FLOW_01,171.6826
2024-01-16T03:16:00,COOLING_HEAT_01,28.3572
2024-01-16T03:16:00,PRIMARY_PRES_01,157.4276
2024-01-16T03:16:00,PRIMARY_TEMP_01,312.1493
2024-01-16T03:16:00,PRIMARY_FLOW_01,535.1775
2024-01-16T03:16:00,PRIMARY_LEVEL_01,55.9095
2024-01-16T03:17:00,COOLING_TEMP_01,86.1859
2024-01-16T03:17:00,COOLING_PRES_01,13.1975
2024-01-16T03:17:00,COOLING_FLOW_01,172.1708
2024-01-16T03:17:00,PRIMARY_PRES_01,157.9934
2024-01-16T03:17:00,PRIMARY_TEMP_01,311.0191
2024-01-16T03:17:00,PRIMARY_FLOW_01,537.84
2024-01-16T03:18:00,COOLING_TEMP_01,86.6607
2024-01-16T03:18:00,COOLING_PRES_01,13.2009
2024-01-16T03:18:00,COOLING_FLOW_01,174.8247
2024-01-16T03:18:00,COOLING_HEAT_01,28.2177
2024-01-16T03:18:00,PRIMARY_PRES_01,157.3834
2024-01-16T03:18:00,PRIMARY_TEMP_01,313.5806
2024-01-16T03:18:00,PRIMARY_FLOW_01,538.9121
2024-01-16T03:18:00,PRIMARY_LEVEL_01,55.288
2024-01-16T03:19:00,COOLING_TEMP_01,85.9124
2024-01-16T03:19:00,COOLING_PRES_01,13.1641
2024-01-16T03:19:00,COOLING_FLOW_01,173.4536
2024-01-16T03:19:00,PRIMARY_PRES_01,158.0767
2024-01-16T03:19:00,PRIMARY_TEMP_01,313.4737
2024-01-16T03:19:00,PRIMARY_FLOW_01,533.0644
2024-01-16T03:20:00,COOLING_TEMP_01,85.6698
2024-01-16T03:20:00,COOLING_PRES_01,13.315
2024-01-16T03:20:00,COOLING_FLOW_01,163.7322
2024-01-16T03:20:00,COOLING_HEAT_01,28.7203
2024-01-16T03:20:00,PRIMARY_PRES_01,158.669
2024-01-16T03:20:00,PRIMARY_TEMP_01,312.6389
2024-01-16T03:20:00,PRIMARY_FLOW_01,538.2508
2024-01-16T03:20:00,PRIMARY_LEVEL_01,55.283
2024-01-16T03:21:00,COOLING_TEMP_01,86.4592
2024-01-16T03:21:00,COOLING_PRES_01,13.029
2024-01-16T03:21:00,COOLING_FLOW_01,168.0062
2024-01-16T03:21:00,PRIMARY_PRES_01,157.7622
2024-01-16T03:21:00,PRIMARY_TEMP_01,311.5581
2024-01-16T03:21:00,PRIMARY_FLOW_01,551.4799
2024-01-16T03:22:00,COOLING_TEMP_01,88.2666
2024-01-16T03:22:00,COOLING_PRES_01,12.9356
2024-01-16T03:22:00,COOLING_FLOW_01,169.8364
2024-01-16T03:22:00,COOLING_HEAT_01,28.098
2024-01-16T03:22:00,PRIMARY_PRES_01,157.5226
2024-01-16T03:22:00,PRIMARY_TEMP_01,312.0715
2024-01-16T03:22:00,PRIMARY_FLOW_01,542.7946
2024-01-16T03:22:00,PRIMARY_LEVEL_01,55.8129
2024-01-16T03:23:00,COOLING_TEMP_01,85.8021
2024-01-16T03:23:00,COOLING_PRES_01,13.3383
2024-01-16T03:23:00,COOLING_FLOW_01,166.9255
2024-01-16T03:23:00,PRIMARY_PRES_01,157.8287
2024-01-16T03:23:00,PRIMARY_TEMP_01,311.8751
2024-01-16T03:23:00,PRIMARY_FLOW_01,536.6326
2024-01-16T03:24:00,COOLING_TEMP_01,87.4774
2024-01-16T03:24:00,COOLING_PRES_01,13.2024
2024-01-16T03:24:00,COOLING_FLOW_01,169.1614
2024-01-16T03:24:00,COOLING_HEAT_01,28.0169
2024-01-16T03:24:00,PRIMARY_PRES_01,158.0627
2024-01-16T03:24:00,PRIMARY_TEMP_01,314.7393
2024-01-16T03:24:00,PRIMARY_FLOW_01,549.087
2024-01-16T03:24:00,PRIMARY_LEVEL_01,55.5767
2024-01-16T03:25:00,COOLING_TEMP_01,86.0176
2024-01-16T03:25:00,COOLING_PRES_01,13.144
2024-01-16T03:25:00,COOLING_FLOW_01,167.5722
2024-01-16T03:25:00,PRIMARY_PRES_01,158.3667
2024-01-16T03:25:00,PRIMARY_TEMP_01,314.561
2024-01-16T03:25:00,PRIMARY_FLOW_01,545.3244
2024-01-16T03:26:00,COOLING_TEMP_01,86.3172
2024-01-16T03:26:00,COOLING_PRES_01,13.1364
2024-01-16T03:26:00,COOLING_FLOW_01,169.4341
2024-01-16T03:26:00,COOLING_HEAT_01,28.1774
2024-01-16T03:26:00,PRIMARY_PRES_01,157.9972
2024-01-16T03:26:00,PRIMARY_TEMP_01,315.429
2024-01-16T03:26:00,PRIMARY_FLOW_01,532.4066
2024-01-16T03:26:00,PRIMARY_LEVEL_01,55.7589
2024-01-16T03:27:00,COOLING_TEMP_01,85.8743
2024-01-16T03:27:00,COOLING_PRES_01,13.1116
2024-01-16T03:27:00,COOLING_FLOW_01,171.3518
2024-01-16T03:27:00,PRIMARY_PRES_01,158.064
2024-01-16T03:27:00,PRIMARY_TEMP_01,313.9585
2024-01-16T03:27:00,PRIMARY_FLOW_01,543.3785
2024-01-16T03:28:00,COOLING_TEMP_01,87.1536
2024-01-16T03:28:00,COOLING_PRES_01,13.3177
2024-01-16T03:28:00,COOLING_FLOW_01,171.3678
2024-01-16T03:28:00,COOLING_HEAT_01,28.2779
2024-01-16T03:28:00,PRIMARY_PRES_01,157.6797
2024-01-16T03:28:00,PRIMARY_TEMP_01,313.9585
2024-01-16T03:28:00,PRIMARY_FLOW_01,538.2926
2024-01-16T03:28:00,PRIMARY_LEVEL_01,56.623
2024-01-16T03:29:00,COOLING_TEMP_01,87.2006
2024-01-16T03:29:00,COOLING_PRES_01,13.1591
2024-01-16T03:29:00,COOLING_FLOW_01,166.459
2024-01-16T03:29:00,PRIMARY_PRES_01,157.8412
2024-01-16T03:29:00,PRIMARY_TEMP_01,316.0203
2024-01-16T03:29:00,PRIMARY_FLOW_01,540.6903
2024-01-16T03:30:00,COOLING_TEMP_01,86.2436
2024-01-16T03:30:00,COOLING_PRES_01,13.3492
2024-01-16T03:30:00,COOLING_FLOW_01,168.2846
2024-01-16T03:30:00,COOLING_HEAT_01,28.3221
2024-01-16T03:30:00,PRIMARY_PRES_01,157.712
2024-01-16T03:30:00,PRIMARY_TEMP_01,313.4568
2024-01-16T03:30:00,PRIMARY_FLOW_01,540.308
2024-01-16T03:30:00,PRIMARY_LEVEL_01,56.5181
2024-01-16T03:31:00,COOLING_TEMP_01,85.7765
2024-01-16T03:31:00,COOLING_PRES_01,13.15
2024-01-16T03:31:00,COOLING_FLOW_01,171.4828
2024-01-16T03:31:00,PRIMARY_PRES_01,157.6148
2024-01-16T03:31:00,PRIMARY_TEMP_01,313.5471
2024-01-16T03:31:00,PRIMARY_FLOW_01,536.8938
2024-01-16T03:32:00,COOLING_TEMP_01,86.4779
2024-01-16T03:32:00,COOLING_PRES_01,13.372
2024-01-16T03:32:00,COOLING_FLOW_01,171.4137
2024-01-16T03:32:00,COOLING_HEAT_01,29.1138
2024-01-16T03:32:00,PRIMARY_PRES_01,158.0149
2024-01-16T03:32:00,PRIMARY_TEMP_01,314.3478
2024-01-16T03:32:00,PRIMARY_FLOW_01,538.8847
2024-01-16T03:32:00,PRIMARY_LEVEL_01,56.0883
2024-01-16T03:33:00,COOLING_TEMP_01,85.2939
2024-01-16T03:33:00,COOLING_PRES_01,13.1652
2024-01-16T03:33:00,COOLING_FLOW_01,170.262
2024-01-16T03:33:00,PRIMARY_PRES_01,158.3895
2024-01-16T03:33:00,PRIMARY_TEMP_01,312.9824
2024-01-16T03:33:00,PRIMARY_FLOW_01,536.4787
2024-01-16T03:34:00,COOLING_TEMP_01,86.7623
2024-01-16T03:34:00,COOLING_PRES_01,13.3345
2024-01-16T03:34:00,COOLING_FLOW_01,167.5964
2024-01-16T03:34:00,COOLING_HEAT_01,28.4528
2024-01-16T03:34:00,PRIMARY_PRES_01,158.0816
2024-01-16T03:34:00,PRIMARY_TEMP_01,313.6592
2024-01-16T03:34:00,PRIMARY_FLOW_01,545.3036
2024-01-16T03:34:00,PRIMARY_LEVEL_01,56.3448
2024-01-16T03:35:00,COOLING_TEMP_01,80.282
2024-01-16T03:35:00,COOLING_PRES_01,11.7929
2024-01-16T03:35:00,COOLING_FLOW_01,202.911
2024-01-16T03:35:00,PRIMARY_PRES_01,157.0608
2024-01-16T03:35:00,PRIMARY_TEMP_01,313.5424
2024-01-16T03:35:00,PRIMARY_FLOW_01,537.9343
2024-01-16T03:36:00,COOLING_TEMP_01,79.1686
2024-01-16T03:36:00,COOLING_PRES_01,11.7455
2024-01-16T03:36:00,COOLING_FLOW_01,205.6992
2024-01-16T03:36:00,COOLING_HEAT_01,24.8109
2024-01-16T03:36:00,PRIMARY_PRES_01,158.0997
2024-01-16T03:36:00,PRIMARY_TEMP_01,313.8933
2024-01-16T03:36:00,PRIMARY_FLOW_01,538.0485
2024-01-16T03:36:00,PRIMARY_LEVEL_01,57.0028
2024-01-16T03:37:00,COOLING_TEMP_01,79.7382
2024-01-16T03:37:00,COOLING_PRES_01,11.6202
2024-01-16T03:37:00,COOLING_FLOW_01,202.7235
2024-01-16T03:37:00,PRIMARY_PRES_01,158.124
2024-01-16T03:37:00,PRIMARY_TEMP_01,314.9641
2024-01-16T03:37:00,PRIMARY_FLOW_01,538.6974
2024-01-16T03:38:00,COOLING_TEMP_01,80.2342
2024-01-16T03:38:00,COOLING_PRES_01,11.8729
2024-01-16T03:38:00,COOLING_FLOW_01,198.9932
2024-01-16T03:38:00,COOLING_HEAT_01,25.019
2024-01-16T03:38:00,PRIMARY_PRES_01,158.2898
2024-01-16T03:38:00,PRIMARY_TEMP_01,314.5613
2024-01-16T03:38:00,PRIMARY_FLOW_01,540.7128
2024-01-16T03:38:00,PRIMARY_LEVEL_01,54.997
2024-01-16T03:39:00,COOLING_TEMP_01,80.6921
2024-01-16T03:39:00,COOLING_PRES_01,11.8466
2024-01-16T03:39:00,COOLING_FLOW_01,207.797
2024-01-16T03:39:00,PRIMARY_PRES_01,158.5026
2024-01-16T03:39:00,PRIMARY_TEMP_01,312.5725
2024-01-16T03:39:00,PRIMARY_FLOW_01,543.9246
2024-01-16T03:40:00,COOLING_TEMP_01,80.678
2024-01-16T03:40:00,COOLING_PRES_01,11.7027
2024-01-16T03:40:00,COOLING_FLOW_01,204.6463
2024-01-16T03:40:00,COOLING_HEAT_01,25.0327
2024-01-16T03:40:00,PRIMARY_PRES_01,158.3695
2024-01-16T03:40:00,PRIMARY_TEMP_01,313.7631
2024-01-16T03:40:00,PRIMARY_FLOW_01,536.2271
2024-01-16T03:40:00,PRIMARY_LEVEL_01,56.3537
2024-01-16T03:41:00,COOLING_TEMP_01,80.5748
2024-01-16T03:41:00,COOLING_PRES_01,11.5557
2024-01-16T03:41:00,COOLING_FLOW_01,209.6345
2024-01-16T03:41:00,PRIMARY_PRES_01,158.1938
2024-01-16T03:41:00,PRIMARY_TEMP_01,312.5439
2024-01-16T03:41:00,PRIMARY_FLOW_01,528.2456
2024-01-16T03:42:00,COOLING_TEMP_01,80.3266
2024-01-16T03:42:00,COOLING_PRES_01,11.8668
2024-01-16T03:42:00,COOLING_FLOW_01,199.3898
2024-01-16T03:42:00,COOLING_HEAT_01,25.7111
2024-01-16T03:42:00,PRIMARY_PRES_01,158.4357
2024-01-16T03:42:00,PRIMARY_TEMP_01,315.6742
2024-01-16T03:42:00,PRIMARY_FLOW_01,533.2426
2024-01-16T03:42:00,PRIMARY_LEVEL_01,57.224
2024-01-16T03:43:00,COOLING_TEMP_01,80.6389
2024-01-16T03:43:00,COOLING_PRES_01,11.6597
2024-01-16T03:43:00,COOLING_FLOW_01,199.3794
2024-01-16T03:43:00,PRIMARY_PRES_01,157.9419
2024-01-16T03:43:00,PRIMARY_TEMP_01,313.9994
2024-01-16T03:43:00,PRIMARY_FLOW_01,531.8558
2024-01-16T03:44:00,COOLING_TEMP_01,79.6149
2024-01-16T03:44:00,COOLING_PRES_01,11.7888
2024-01-16T03:44:00,COOLING_FLOW_01,201.1207
2024-01-16T03:44:00,COOLING_HEAT_01,24.8711
2024-01-16T03:44:00,PRIMARY_PRES_01,158.1136
2024-01-16T03:44:00,PRIMARY_TEMP_01,314.0334
2024-01-16T03:44:00,PRIMARY_FLOW_01,534.0666
2024-01-16T03:44:00,PRIMARY_LEVEL_01,55.802
2024-01-16T03:45:00,COOLING_TEMP_01,80.4406
2024-01-16T03:45:00,COOLING_PRES_01,11.8853
2024-01-16T03:45:00,COOLING_FLOW_01,204.1104
2024-01-16T03:45:00,PRIMARY_PRES_01,158.9497
2024-01-16T03:45:00,PRIMARY_TEMP_01,315.5556
2024-01-16T03:45:00,PRIMARY_FLOW_01,537.1511
2024-01-16T03:46:00,COOLING_TEMP_01,80.4927
2024-01-16T03:46:00,COOLING_PRES_01,11.8618
2024-01-16T03:46:00,COOLING_FLOW_01,203.7933
2024-01-16T03:46:00,COOLING_HEAT_01,24.9731
2024-01-16T03:46:00,PRIMARY_PRES_01,158.2171
2024-01-16T03:46:00,PRIMARY_TEMP_01,315.452
2024-01-16T03:46:00,PRIMARY_FLOW_01,531.5951
2024-01-16T03:46:00,PRIMARY_LEVEL_01,55.2917
2024-01-16T03:47:00,COOLING_TEMP_01,80.3514
2024-01-16T03:47:00,COOLING_PRES_01,11.7822
2024-01-16T03:47:00,COOLING_FLOW_01,206.0037
2024-01-16T03:47:00,PRIMARY_PRES_01,158.0441
2024-01-16T03:47:00,PRIMARY_TEMP_01,315.2246
2024-01-16T03:47:00,PRIMARY_FLOW_01,530.8807
2024-01-16T03:48:00,COOLING_TEMP_01,78.907
2024-01-16T03:48:00,COOLING_PRES_01,11.7565
2024-01-16T03:48:00,COOLING_FLOW_01,198.7983
2024-01-16T03:48:00,COOLING_HEAT_01,24.9312
2024-01-16T03:48:00,PRIMARY_PRES_01,158.1412
2024-01-16T03:48:00,PRIMARY_TEMP_01,315.4311
2024-01-16T03:48:00,PRIMARY_FLOW_01,525.9143
2024-01-16T03:48:00,PRIMARY_LEVEL_01,55.4494
2024-01-16T03:49:00,COOLING_TEMP_01,78.9702
2024-01-16T03:49:00,COOLING_PRES_01,11.6421
2024-01-16T03:49:00,COOLING_FLOW_01,206.2713
2024-01-16T03:49:00,PRIMARY_PRES_01,158.9426
2024-01-16T03:49:00,PRIMARY_TEMP_01,315.7469
2024-01-16T03:49:00,PRIMARY_FLOW_01,528.2219
2024-01-16T03:50:00,COOLING_TEMP_01,79.808
2024-01-16T03:50:00,COOLING_PRES_01,11.8706
2024-01-16T03:50:00,COOLING_FLOW_01,208.173
2024-01-16T03:50:00,COOLING_HEAT_01,24.9297
2024-01-16T03:50:00,PRIMARY_PRES_01,158.3138
2024-01-16T03:50:00,PRIMARY_TEMP_01,315.0679
2024-01-16T03:50:00,PRIMARY_FLOW_01,531.7079
2024-01-16T03:50:00,PRIMARY_LEVEL_01,55.2554
2024-01-16T03:51:00,COOLING_TEMP_01,79.651
2024-01-16T03:51:00,COOLING_PRES_01,11.8546
2024-01-16T03:51:00,COOLING_FLOW_01,204.7364
2024-01-16T03:51:00,PRIMARY_PRES_01,158.3168
2024-01-16T03:51:00,PRIMARY_TEMP_01,312.5315
2024-01-16T03:51:00,PRIMARY_FLOW_01,531.399
2024-01-16T03:52:00,COOLING_TEMP_01,86.27
2024-01-16T03:52:00,COOLING_PRES_01,12.9637
2024-01-16T03:52:00,COOLING_FLOW_01,166.5087
2024-01-16T03:52:00,COOLING_HEAT_01,28.4582
2024-01-16T03:52:00,PRIMARY_PRES_01,158.333
2024-01-16T03:52:00,PRIMARY_TEMP_01,313.6578
2024-01-16T03:52:00,PRIMARY_FLOW_01,537.6596
2024-01-16T03:52:00,PRIMARY_LEVEL_01,56.2574
2024-01-16T03:53:00,COOLING_TEMP_01,87.3988
2024-01-16T03:53:00,COOLING_PRES_01,13.019
2024-01-16T03:53:00,COOLING_FLOW_01,166.388
2024-01-16T03:53:00,PRIMARY_PRES_01,158.2944
2024-01-16T03:53:00,PRIMARY_TEMP_01,315.4364
2024-01-16T03:53:00,PRIMARY_FLOW_01,534.1823
2024-01-16T03:54:00,COOLING_TEMP_01,87.149
2024-01-16T03:54:00,COOLING_PRES_01,13.0992
2024-01-16T03:54:00,COOLING_FLOW_01,169.6107
2024-01-16T03:54:00,COOLING_HEAT_01,28.4926
2024-01-16T03:54:00,PRIMARY_PRES_01,158.4166
2024-01-16T03:54:00,PRIMARY_TEMP_01,314.5342
2024-01-16T03:54:00,PRIMARY_FLOW_01,526.5529
2024-01-16T03:54:00,PRIMARY_LEVEL_01,56.9426
2024-01-16T03:55:00,COOLING_TEMP_01,86.3092
2024-01-16T03:55:00,COOLING_PRES_01,13.2037
2024-01-16T03:55:00,COOLING_FLOW_01,169.8195
2024-01-16T03:55:00,PRIMARY_PRES_01,158.7258
2024-01-16T03:55:00,PRIMARY_TEMP_01,314.8185
2024-01-16T03:55:00,PRIMARY_FLOW_01,549.4677
2024-01-16T03:56:00,COOLING_TEMP_01,87.0518
2024-01-16T03:56:00,COOLING_PRES_01,13.4374
2024-01-16T03:56:00,COOLING_FLOW_01,169.9947
2024-01-16T03:56:00,COOLING_HEAT_01,28.4683
2024-01-16T03:56:00,PRIMARY_PRES_01,158.7146
2024-01-16T03:56:00,PRIMARY_TEMP_01,315.982
2024-01-16T03:56:00,PRIMARY_FLOW_01,527.3274
2024-01-16T03:56:00,PRIMARY_LEVEL_01,56.4147
2024-01-16T03:57:00,COOLING_TEMP_01,87.0272
2024-01-16T03:57:00,COOLING_PRES_01,13.318
2024-01-16T03:57:00,COOLING_FLOW_01,170.0289
2024-01-16T03:57:00,PRIMARY_PRES_01,159.1159
2024-01-16T03:57:00,PRIMARY_TEMP_01,315.2938
2024-01-16T03:57:00,PRIMARY_FLOW_01,526.7116
2024-01-16T03:58:00,COOLING_TEMP_01,87.0686
2024-01-16T03:58:00,COOLING_PRES_01,13.1054
2024-01-16T03:58:00,COOLING_FLOW_01,170.6627
2024-01-16T03:58:00,COOLING_HEAT_01,28.3973
2024-01-16T03:58:00,PRIMARY_PRES_01,158.3025
2024-01-16T03:58:00,PRIMARY_TEMP_01,314.4606
2024-01-16T03:58:00,PRIMARY_FLOW_01,530.5482
2024-01-16T03:58:00,PRIMARY_LEVEL_01,56.0123
2024-01-16T03:59:00,COOLING_TEMP_01,86.8173
2024-01-16T03:59:00,COOLING_PRES_01,13.1363
2024-01-16T03:59:00,COOLING_FLOW_01,169.73
2024-01-16T03:59:00,PRIMARY_PRES_01,158.1608
2024-01-16T03:59:00,PRIMARY_TEMP_01,315.1153
2024-01-16T03:59:00,PRIMARY_FLOW_01,532.8658
2024-01-16T04:00:00,COOLING_TEMP_01,87.2773
2024-01-16T04:00:00,COOLING_PRES_01,13.2682
2024-01-16T04:00:00,COOLING_FLOW_01,173.4059
2024-01-16T04:00:00,COOLING_HEAT_01,28.2378
2024-01-16T04:00:00,PRIMARY_PRES_01,158.7865
2024-01-16T04:00:00,PRIMARY_TEMP_01,315.4576
2024-01-16T04:00:00,PRIMARY_FLOW_01,530.6153
2024-01-16T04:00:00,PRIMARY_LEVEL_01,56.6412
2024-01-16T04:01:00,COOLING_TEMP_01,87.5228
2024-01-16T04:01:00,COOLING_PRES_01,13.4467
2024-01-16T04:01:00,COOLING_FLOW_01,177.0202
2024-01-16T04:01:00,PRIMARY_PRES_01,158.5137
2024-01-16T04:01:00,PRIMARY_TEMP_01,315.2153
2024-01-16T04:01:00,PRIMARY_FLOW_01,539.8389
2024-01-16T04:02:00,COOLING_TEMP_01,87.4832
2024-01-16T04:02:00,COOLING_PRES_01,13.0911
2024-01-16T04:02:00,COOLING_FLOW_01,170.4772
2024-01-16T04:02:00,COOLING_HEAT_01,28.0311
2024-01-16T04:02:00,PRIMARY_PRES_01,158.5759
2024-01-16T04:02:00,PRIMARY_TEMP_01,317.7033
2024-01-16T04:02:00,PRIMARY_FLOW_01,528.0286
2024-01-16T04:02:00,PRIMARY_LEVEL_01,56.9384
2024-01-16T04:03:00,COOLING_TEMP_01,86.892
2024-01-16T04:03:00,COOLING_PRES_01,13.3283
2024-01-16T04:03:00,COOLING_FLOW_01,167.8727
2024-01-16T04:03:00,PRIMARY_PRES_01,158.0477
2024-01-16T04:03:00,PRIMARY_TEMP_01,314.6774
2024-01-16T04:03:00,PRIMARY_FLOW_01,533.0457
2024-01-16T04:04:00,COOLING_TEMP_01,86.6644
2024-01-16T04:04:00,COOLING_PRES_01,13.1197
2024-01-16T04:04:00,COOLING_FLOW_01,169.7396
2024-01-16T04:04:00,COOLING_HEAT_01,28.3286
2024-01-16T04:04:00,PRIMARY_PRES_01,158.1821
2024-01-16T04:04:00,PRIMARY_TEMP_01,317.2304
2024-01-16T04:04:00,PRIMARY_FLOW_01,527.7409
2024-01-16T04:04:00,PRIMARY_LEVEL_01,57.5483
2024-01-16T04:05:00,COOLING_TEMP_01,86.6963
2024-01-16T04:05:00,COOLING_PRES_01,13.2222
2024-01-16T04:05:00,COOLING_FLOW_01,173.0788
2024-01-16T04:05:00,PRIMARY_PRES_01,158.2985
2024-01-16T04:05:00,PRIMARY_TEMP_01,317.2862
2024-01-16T04:05:00,PRIMARY_FLOW_01,534.4681
2024-01-16T04:06:00,COOLING_TEMP_01,86.0899
2024-01-16T04:06:00,COOLING_PRES_01,13.161
2024-01-16T04:06:00,COOLING_FLOW_01,170.1732
2024-01-16T04:06:00,COOLING_HEAT_01,28.8394
2024-01-16T04:06:00,PRIMARY_PRES_01,158.9466
2024-01-16T04:06:00,PRIMARY_TEMP_01,316.6639
2024-01-16T04:06:00,PRIMARY_FLOW_01,529.6021
2024-01-16T04:06:00,PRIMARY_LEVEL_01,57.254
2024-01-16T04:07:00,COOLING_TEMP_01,86.0876
2024-01-16T04:07:00,COOLING_PRES_01,13.0768
2024-01-16T04:07:00,COOLING_FLOW_01,174.2434
2024-01-16T04:07:00,PRIMARY_PRES_01,158.5994
2024-01-16T04:07:00,PRIMARY_TEMP_01,315.3675
2024-01-16T04:07:00,PRIMARY_FLOW_01,524.8396
2024-01-16T04:08:00,COOLING_TEMP_01,86.064
2024-01-16T04:08:00,COOLING_PRES_01,13.31
2024-01-16T04:08:00,COOLING_FLOW_01,167.8638
2024-01-16T04:08:00,COOLING_HEAT_01,28.3061
2024-01-16T04:08:00,PRIMARY_PRES_01,158.5746
2024-01-16T04:08:00,PRIMARY_TEMP_01,316.5865
2024-01-16T04:08:00,PRIMARY_FLOW_01,530.5649
2024-01-16T04:08:00,PRIMARY_LEVEL_01,56.7159
2024-01-16T04:09:00,COOLING_TEMP_01,87.8725
2024-01-16T04:09:00,COOLING_PRES_01,13.2069
2024-01-16T04:09:00,COOLING_FLOW_01,169.8193
2024-01-16T04:09:00,PRIMARY_PRES_01,159.2788
2024-01-16T04:09:00,PRIMARY_TEMP_01,318.3284
2024-01-16T04:09:00,PRIMARY_FLOW_01,519.6951
2024-01-16T04:10:00,COOLING_TEMP_01,87.5049
2024-01-16T04:10:00,COOLING_PRES_01,13.2287
2024-01-16T04:10:00,COOLING_FLOW_01,169.6282
2024-01-16T04:10:00,COOLING_HEAT_01,28.5692
2024-01-16T04:10:00,PRIMARY_PRES_01,158.8663
2024-01-16T04:10:00,PRIMARY_TEMP_01,314.7422
2024-01-16T04:10:00,PRIMARY_FLOW_01,529.9801
2024-01-16T04:10:00,PRIMARY_LEVEL_01,58.1109
2024-01-16T04:11:00,COOLING_TEMP_01,87.2811
2024-01-16T04:11:00,COOLING_PRES_01,13.3688
2024-01-16T04:11:00,COOLING_FLOW_01,169.4265
2024-01-16T04:11:00,PRIMARY_PRES_01,158.4213
2024-01-16T04:11:00,PRIMARY_TEMP_01,316.5891
2024-01-16T04:11:00,PRIMARY_FLOW_01,529.5335
2024-01-16T04:12:00,COOLING_TEMP_01,86.8086
2024-01-16T04:12:00,COOLING_PRES_01,13.1236
2024-01-16T04:12:00,COOLING_FLOW_01,173.1178
2024-01-16T04:12:00,COOLING_HEAT_01,28.1383
2024-01-16T04:12:00,PRIMARY_PRES_01,158.7445
2024-01-16T04:12:00,PRIMARY_TEMP_01,316.7298
2024-01-16T04:12:00,PRIMARY_FLOW_01,523.0045
2024-01-16T04:12:00,PRIMARY_LEVEL_01,57.6444
2024-01-16T04:13:00,COOLING_TEMP_01,86.1976
2024-01-16T04:13:00,COOLING_PRES_01,13.4116
2024-01-16T04:13:00,COOLING_FLOW_01,166.1549
2024-01-16T04:13:00,PRIMARY_PRES_01,158.9128
2024-01-16T04:13:00,PRIMARY_TEMP_01,316.0039
2024-01-16T04:13:00,PRIMARY_FLOW_01,526.2912
2024-01-16T04:14:00,COOLING_TEMP_01,86.5749
2024-01-16T04:14:00,COOLING_PRES_01,13.1976
2024-01-16T04:14:00,COOLING_FLOW_01,166.2849
2024-01-16T04:14:00,COOLING_HEAT_01,27.9699
2024-01-16T04:14:00,PRIMARY_PRES_01,159.0428
2024-01-16T04:14:00,PRIMARY_TEMP_01,317.9062
2024-01-16T04:14:00,PRIMARY_FLOW_01,530.0467
2024-01-16T04:14:00,PRIMARY_LEVEL_01,57.8123
2024-01-16T04:15:00,COOLING_TEMP_01,85.6108
2024-01-16T04:15:00,COOLING_PRES_01,13.0369
2024-01-16T04:15:00,COOLING_FLOW_01,171.5999
2024-01-16T04:15:00,PRIMARY_PRES_01,158.713
2024-01-16T04:15:00,PRIMARY_TEMP_01,316.3168
2024-01-16T04:15:00,PRIMARY_FLOW_01,512.8688
2024-01-16T04:16:00,COOLING_TEMP_01,86.2394
2024-01-16T04:16:00,COOLING_PRES_01,13.2471
2024-01-16T04:16:00,COOLING_FLOW_01,174.2234
2024-01-16T04:16:00,COOLING_HEAT_01,28.472
2024-01-16T04:16:00,PRIMARY_PRES_01,158.7602
2024-01-16T04:16:00,PRIMARY_TEMP_01,315.8979
2024-01-16T04:16:00,PRIMARY_FLOW_01,522.8901
2024-01-16T04:16:00,PRIMARY_LEVEL_01,56.9108
2024-01-16T04:17:00,COOLING_TEMP_01,86.5158
2024-01-16T04:17:00,COOLING_PRES_01,13.1385
2024-01-16T04:17:00,COOLING_FLOW_01,170.754
2024-01-16T04:17:00,PRIMARY_PRES_01,159.0527
2024-01-16T04:17:00,PRIMARY_TEMP_01,317.3559
2024-01-16T04:17:00,PRIMARY_FLOW_01,520.8596
2024-01-16T04:18:00,COOLING_TEMP_01,87.1086
2024-01-16T04:18:00,COOLING_PRES_01,13.1921
2024-01-16T04:18:00,COOLING_FLOW_01,169.4037
2024-01-16T04:18:00,COOLING_HEAT_01,28.587
2024-01-16T04:18:00,PRIMARY_PRES_01,158.9205
2024-01-16T04:18:00,PRIMARY_TEMP_01,314.7486
2024-01-16T04:18:00,PRIMARY_FLOW_01,516.716
2024-01-16T04:18:00,PRIMARY_LEVEL_01,57.2788
2024-01-16T04:19:00,COOLING_TEMP_01,86.9582
2024-01-16T04:19:00,COOLING_PRES_01,13.0989
2024-01-16T04:19:00,COOLING_FLOW_01,174.4165
2024-01-16T04:19:00,PRIMARY_PRES_01,158.7095
2024-01-16T04:19:00,PRIMARY_TEMP_01,315.1013
2024-01-16T04:19:00,PRIMARY_FLOW_01,518.8179
2024-01-16T04:20:00,COOLING_TEMP_01,87.014
2024-01-16T04:20:00,COOLING_PRES_01,13.294
2024-01-16T04:20:00,COOLING_FLOW_01,168.8927
2024-01-16T04:20:00,COOLING_HEAT_01,28.0637
2024-01-16T04:20:00,PRIMARY_PRES_01,158.6258
2024-01-16T04:20:00,PRIMARY_TEMP_01,316.6929
2024-01-16T04:20:00,PRIMARY_FLOW_01,517.5458
2024-01-16T04:20:00,PRIMARY_LEVEL_01,57.4724
2024-01-16T04:21:00,COOLING_TEMP_01,87.2505
2024-01-16T04:21:00,COOLING_PRES_01,13.1216
2024-01-16T04:21:00,COOLING_FLOW_01,168.6611
2024-01-16T04:21:00,PRIMARY_PRES_01,158.8739
2024-01-16T04:21:00,PRIMARY_TEMP_01,318.678
2024-01-16T04:21:00,PRIMARY_FLOW_01,533.8283
2024-01-16T04:22:00,COOLING_TEMP_01,86.5261
2024-01-16T04:22:00,COOLING_PRES_01,13.1951
2024-01-16T04:22:00,COOLING_FLOW_01,171.0268
2024-01-16T04:22:00,COOLING_HEAT_01,28.8538
2024-01-16T04:22:00,PRIMARY_PRES_01,159.2457
2024-01-16T04:22:00,PRIMARY_TEMP_01,316.0879
2024-01-16T04:22:00,PRIMARY_FLOW_01,532.6551
2024-01-16T04:22:00,PRIMARY_LEVEL_01,58.2543
2024-01-16T04:23:00,COOLING_TEMP_01,87.0679
2024-01-16T04:23:00,COOLING_PRES_01,13.2441
2024-01-16T04:23:00,COOLING_FLOW_01,175.6653
2024-01-16T04:23:00,PRIMARY_PRES_01,158.9937
2024-01-16T04:23:00,PRIMARY_TEMP_01,316.9913
2024-01-16T04:23:00,PRIMARY_FLOW_01,532.6707
2024-01-16T04:24:00,COOLING_TEMP_01,86.7442
2024-01-16T04:24:00,COOLING_PRES_01,13.253
2024-01-16T04:24:00,COOLING_FLOW_01,169.4677
2024-01-16T04:24:00,COOLING_HEAT_01,28.881
2024-01-16T04:24:00,PRIMARY_PRES_01,158.7343
2024-01-16T04:24:00,PRIMARY_TEMP_01,315.5806
2024-01-16T04:24:00,PRIMARY_FLOW_01,513.4594
2024-01-16T04:24:00,PRIMARY_LEVEL_01,57.9094
2024-01-16T04:25:00,COOLING_TEMP_01,86.391
2024-01-16T04:25:00,COOLING_PRES_01,13.1022
2024-01-16T04:25:00,COOLING_FLOW_01,165.0462
2024-01-16T04:25:00,PRIMARY_PRES_01,159.0297
2024-01-16T04:25:00,PRIMARY_TEMP_01,319.5672
2024-01-16T04:25:00,PRIMARY_FLOW_01,528.5692
2024-01-16T04:26:00,COOLING_TEMP_01,86.8514
2024-01-16T04:26:00,COOLING_PRES_01,13.2609
2024-01-16T04:26:00,COOLING_FLOW_01,161.5915
2024-01-16T04:26:00,COOLING_HEAT_01,28.7398
2024-01-16T04:26:00,PRIMARY_PRES_01,158.6786
2024-01-16T04:26:00,PRIMARY_TEMP_01,317.4695
2024-01-16T04:26:00,PRIMARY_FLOW_01,513.5163
2024-01-16T04:26:00,PRIMARY_LEVEL_01,57.1974
2024-01-16T04:27:00,COOLING_TEMP_01,86.5657
2024-01-16T04:27:00,COOLING_PRES_01,13.1044
2024-01-16T04:27:00,COOLING_FLOW_01,171.462
2024-01-16T04:27:00,PRIMARY_PRES_01,158.9471
2024-01-16T04:27:00,PRIMARY_TEMP_01,316.0638
2024-01-16T04:27:00,PRIMARY_FLOW_01,524.7344
2024-01-16T04:28:00,COOLING_TEMP_01,87.1703
2024-01-16T04:28:00,COOLING_PRES_01,13.1083
2024-01-16T04:28:00,COOLING_FLOW_01,174.367
2024-01-16T04:28:00,COOLING_HEAT_01,28.5547
2024-01-16T04:28:00,PRIMARY_PRES_01,158.9436
2024-01-16T04:28:00,PRIMARY_TEMP_01,316.7606
2024-01-16T04:28:00,PRIMARY_FLOW_01,524.7646
2024-01-16T04:28:00,PRIMARY_LEVEL_01,57.7635
2024-01-16T04:29:00,COOLING_TEMP_01,86.4007
2024-01-16T04:29:00,COOLING_PRES_01,13.2871
2024-01-16T04:29:00,COOLING_FLOW_01,169.864
2024-01-16T04:29:00,PRIMARY_PRES_01,158.9568
2024-01-16T04:29:00,PRIMARY_TEMP_01,318.3826
2024-01-16T04:29:00,PRIMARY_FLOW_01,529.6604
2024-01-16T04:30:00,COOLING_TEMP_01,86.6483
2024-01-16T04:30:00,COOLING_PRES_01,13.1408
2024-01-16T04:30:00,COOLING_FLOW_01,168.7298
2024-01-16T04:30:00,COOLING_HEAT_01,28.6195
2024-01-16T04:30:00,PRIMARY_PRES_01,159.0662
2024-01-16T04:30:00,PRIMARY_TEMP_01,317.4384
2024-01-16T04:30:00,PRIMARY_FLOW_01,519.8763
2024-01-16T04:30:00,PRIMARY_LEVEL_01,57.3258
2024-01-16T04:31:00,COOLING_TEMP_01,88.2476
2024-01-16T04:31:00,COOLING_PRES_01,13.2927
2024-01-16T04:31:00,COOLING_FLOW_01,166.1849
2024-01-16T04:31:00,PRIMARY_PRES_01,158.9114
2024-01-16T04:31:00,PRIMARY_TEMP_01,319.792
2024-01-16T04:31:00,PRIMARY_FLOW_01,516.8201
2024-01-16T04:32:00,COOLING_TEMP_01,86.5978
2024-01-16T04:32:00,COOLING_PRES_01,13.0575
2024-01-16T04:32:00,COOLING_FLOW_01,166.7488
2024-01-16T04:32:00,COOLING_HEAT_01,28.5186
2024-01-16T04:32:00,PRIMARY_PRES_01,159.0974
2024-01-16T04:32:00,PRIMARY_TEMP_01,318.7807
2024-01-16T04:32:00,PRIMARY_FLOW_01,527.7057
2024-01-16T04:32:00,PRIMARY_LEVEL_01,58.6409
2024-01-16T04:33:00,COOLING_TEMP_01,87.3045
2024-01-16T04:33:00,COOLING_PRES_01,13.1908
2024-01-16T04:33:00,COOLING_FLOW_01,169.2123
2024-01-16T04:33:00,PRIMARY_PRES_01,158.9528
2024-01-16T04:33:00,PRIMARY_TEMP_01,316.5573
2024-01-16T04:33:00,PRIMARY_FLOW_01,525.0332
2024-01-16T04:34:00,COOLING_TEMP_01,86.3374
2024-01-16T04:34:00,COOLING_PRES_01,13.3689
2024-01-16T04:34:00,COOLING_FLOW_01,163.7474
2024-01-16T04:34:00,COOLING_HEAT_01,28.5631
2024-01-16T04:34:00,PRIMARY_PRES_01,159.163
2024-01-16T04:34:00,PRIMARY_TEMP_01,316.9366
2024-01-16T04:34:00,PRIMARY_FLOW_01,524.7394
2024-01-16T04:34:00,PRIMARY_LEVEL_01,56.7889
2024-01-16T04:35:00,COOLING_TEMP_01,86.5652
2024-01-16T04:35:00,COOLING_PRES_01,13.2783
2024-01-16T04:35:00,COOLING_FLOW_01,171.4554
2024-01-16T04:35:00,PRIMARY_PRES_01,159.2828
2024-01-16T04:35:00,PRIMARY_TEMP_01,317.7477
2024-01-16T04:35:00,PRIMARY_FLOW_01,515.8443
2024-01-16T04:36:00,COOLING_TEMP_01,87.5334
2024-01-16T04:36:00,COOLING_PRES_01,13.1704
2024-01-16T04:36:00,COOLING_FLOW_01,171.9809
2024-01-16T04:36:00,COOLING_HEAT_01,27.9737
2024-01-16T04:36:00,PRIMARY_PRES_01,159.0403
2024-01-16T04:36:00,PRIMARY_TEMP_01,317.5733
2024-01-16T04:36:00,PRIMARY_FLOW_01,527.5482
2024-01-16T04:36:00,PRIMARY_LEVEL_01,59.1447
2024-01-16T04:37:00,COOLING_TEMP_01,86.7003
2024-01-16T04:37:00,COOLING_PRES_01,13.2978
2024-01-16T04:37:00,COOLING_FLOW_01,169.2287
2024-01-16T04:37:00,PRIMARY_PRES_01,158.9848
2024-01-16T04:37:00,PRIMARY_TEMP_01,320.5538
2024-01-16T04:37:00,PRIMARY_FLOW_01,514.009
2024-01-16T04:38:00,COOLING_TEMP_01,87.8884
2024-01-16T04:38:00,COOLING_PRES_01,13.2924
2024-01-16T04:38:00,COOLING_FLOW_01,173.3412
2024-01-16T04:38:00,COOLING_HEAT_01,28.5602
2024-01-16T04:38:00,PRIMARY_PRES_01,159.5882
2024-01-16T04:38:00,PRIMARY_TEMP_01,319.1601
2024-01-16T04:38:00,PRIMARY_FLOW_01,514.0319
2024-01-16T04:38:00,PRIMARY_LEVEL_01,59.0705
2024-01-16T04:39:00,COOLING_TEMP_01,86.0667
2024-01-16T04:39:00,COOLING_PRES_01,13.1314
2024-01-16T04:39:00,COOLING_FLOW_01,169.0195
2024-01-16T04:39:00,PRIMARY_PRES_01,159.0849
2024-01-16T04:39:00,PRIMARY_TEMP_01,319.4731
2024-01-16T04:39:00,PRIMARY_FLOW_01,507.203
2024-01-16T04:40:00,COOLING_TEMP_01,85.5371
2024-01-16T04:40:00,COOLING_PRES_01,13.1767
2024-01-16T04:40:00,COOLING_FLOW_01,168.2286
2024-01-16T04:40:00,COOLING_HEAT_01,28.4227
2024-01-16T04:40:00,PRIMARY_PRES_01,159.1143
2024-01-16T04:40:00,PRIMARY_TEMP_01,317.2952
2024-01-16T04:40:00,PRIMARY_FLOW_01,518.1667
2024-01-16T04:40:00,PRIMARY_LEVEL_01,58.9155
2024-01-16T04:41:00,COOLING_TEMP_01,87.3841
2024-01-16T04:41:00,COOLING_PRES_01,13.3136
2024-01-16T04:41:00,COOLING_FLOW_01,165.9722
2024-01-16T04:41:00,PRIMARY_PRES_01,159.1609
2024-01-16T04:41:00,PRIMARY_TEMP_01,316.6531
2024-01-16T04:41:00,PRIMARY_FLOW_01,505.6766
2024-01-16T04:42:00,COOLING_TEMP_01,87.94
2024-01-16T04:42:00,COOLING_PRES_01,13.3517
2024-01-16T04:42:00,COOLING_FLOW_01,172.0035
2024-01-16T04:42:00,COOLING_HEAT_01,28.4337
2024-01-16T04:42:00,PRIMARY_PRES_01,159.0761
2024-01-16T04:42:00,PRIMARY_TEMP_01,317.4331
2024-01-16T04:42:00,PRIMARY_FLOW_01,510.6615
2024-01-16T04:42:00,PRIMARY_LEVEL_01,58.18
2024-01-16T04:43:00,COOLING_TEMP_01,87.1576
2024-01-16T04:43:00,COOLING_PRES_01,13.2398
2024-01-16T04:43:00,COOLING_FLOW_01,165.6321
2024-01-16T04:43:00,PRIMARY_PRES_01,158.7083
2024-01-16T04:43:00,PRIMARY_TEMP_01,316.607
2024-01-16T04:43:00,PRIMARY_FLOW_01,511.9946
2024-01-16T04:44:00,COOLING_TEMP_01,88.2491
2024-01-16T04:44:00,COOLING_PRES_01,13.1625
2024-01-16T04:44:00,COOLING_FLOW_01,172.479
2024-01-16T04:44:00,COOLING_HEAT_01,28.0389
2024-01-16T04:44:00,PRIMARY_PRES_01,159.3004
2024-01-16T04:44:00,PRIMARY_TEMP_01,319.2456
2024-01-16T04:44:00,PRIMARY_FLOW_01,520.159
2024-01-16T04:44:00,PRIMARY_LEVEL_01,58.7371
2024-01-16T04:45:00,COOLING_TEMP_01,87.6851
2024-01-16T04:45:00,COOLING_PRES_01,13.0189
2024-01-16T04:45:00,COOLING_FLOW_01,175.8385
2024-01-16T04:45:00,PRIMARY_PRES_01,159.1271
2024-01-16T04:45:00,PRIMARY_TEMP_01,317.8764
2024-01-16T04:45:00,PRIMARY_FLOW_01,522.5574
2024-01-16T04:46:00,COOLING_TEMP_01,86.0347
2024-01-16T04:46:00,COOLING_PRES_01,12.966
2024-01-16T04:46:00,COOLING_FLOW_01,176.1147
2024-01-16T04:46:00,COOLING_HEAT_01,28.2443
2024-01-16T04:46:00,PRIMARY_PRES_01,159.8673
2024-01-16T04:46:00,PRIMARY_TEMP_01,319.4145
2024-01-16T04:46:00,PRIMARY_FLOW_01,519.1668
2024-01-16T04:46:00,PRIMARY_LEVEL_01,58.397
2024-01-16T04:47:00,COOLING_TEMP_01,87.0599
2024-01-16T04:47:00,COOLING_PRES_01,12.963
2024-01-16T04:47:00,COOLING_FLOW_01,171.2221
2024-01-16T04:47:00,PRIMARY_PRES_01,159.048
2024-01-16T04:47:00,PRIMARY_TEMP_01,317.8032
2024-01-16T04:47:00,PRIMARY_FLOW_01,518.0367
2024-01-16T04:48:00,COOLING_TEMP_01,87.2961
2024-01-16T04:48:00,COOLING_PRES_01,13.2919
2024-01-16T04:48:00,COOLING_FLOW_01,167.0087
2024-01-16T04:48:00,COOLING_HEAT_01,28.7249
2024-01-16T04:48:00,PRIMARY_PRES_01,159.461
2024-01-16T04:48:00,PRIMARY_TEMP_01,319.1903
2024-01-16T04:48:00,PRIMARY_FLOW_01,510.9097
2024-01-16T04:48:00,PRIMARY_LEVEL_01,58.4236
2024-01-16T04:49:00,COOLING_TEMP_01,86.7953
2024-01-16T04:49:00,COOLING_PRES_01,13.3247
2024-01-16T04:49:00,COOLING_FLOW_01,167.246
2024-01-16T04:49:00,PRIMARY_PRES_01,159.3051
2024-01-16T04:49:00,PRIMARY_TEMP_01,317.5161
2024-01-16T04:49:00,PRIMARY_FLOW_01,516.3845
2024-01-16T04:50:00,COOLING_TEMP_01,86.9766
2024-01-16T04:50:00,COOLING_PRES_01,13.1654
2024-01-16T04:50:00,COOLING_FLOW_01,170.7869
2024-01-16T04:50:00,COOLING_HEAT_01,28.3308
2024-01-16T04:50:00,PRIMARY_PRES_01,159.1519
2024-01-16T04:50:00,PRIMARY_TEMP_01,320.253
2024-01-16T04:50:00,PRIMARY_FLOW_01,510.6714
2024-01-16T04:50:00,PRIMARY_LEVEL_01,58.5755
2024-01-16T04:51:00,COOLING_TEMP_01,87.2773
2024-01-16T04:51:00,COOLING_PRES_01,13.1549
2024-01-16T04:51:00,COOLING_FLOW_01,170.0569
2024-01-16T04:51:00,PRIMARY_PRES_01,159.684
2024-01-16T04:51:00,PRIMARY_TEMP_01,317.0941
2024-01-16T04:51:00,PRIMARY_FLOW_01,514.3792
2024-01-16T04:52:00,COOLING_TEMP_01,87.2537
2024-01-16T04:52:00,COOLING_PRES_01,13.1052
2024-01-16T04:52:00,COOLING_FLOW_01,166.5807
2024-01-16T04:52:00,COOLING_HEAT_01,28.6072
2024-01-16T04:52:00,PRIMARY_PRES_01,159.5073
2024-01-16T04:52:00,PRIMARY_TEMP_01,320.2405
2024-01-16T04:52:00,PRIMARY_FLOW_01,516.769
2024-01-16T04:52:00,PRIMARY_LEVEL_01,59.2894
2024-01-16T04:53:00,COOLING_TEMP_01,86.1918
2024-01-16T04:53:00,COOLING_PRES_01,13.1884
2024-01-16T04:53:00,COOLING_FLOW_01,170.8262
2024-01-16T04:53:00,PRIMARY_PRES_01,159.1405
2024-01-16T04:53:00,PRIMARY_TEMP_01,316.4366
2024-01-16T04:53:00,PRIMARY_FLOW_01,504.5422
2024-01-16T04:54:00,COOLING_TEMP_01,87.2701
2024-01-16T04:54:00,COOLING_PRES_01,13.2334
2024-01-16T04:54:00,COOLING_FLOW_01,173.4545
2024-01-16T04:54:00,COOLING_HEAT_01,28.292
2024-01-16T04:54:00,PRIMARY_PRES_01,159.0454
2024-01-16T04:54:00,PRIMARY_TEMP_01,317.3734
2024-01-16T04:54:00,PRIMARY_FLOW_01,515.5921
2024-01-16T04:54:00,PRIMARY_LEVEL_01,58.1555
2024-01-16T04:55:00,COOLING_TEMP_01,86.488
2024-01-16T04:55:00,COOLING_PRES_01,13.1196
2024-01-16T04:55:00,COOLING_FLOW_01,167.7161
2024-01-16T04:55:00,PRIMARY_PRES_01,159.5773
2024-01-16T04:55:00,PRIMARY_TEMP_01,316.5268
2024-01-16T04:55:00,PRIMARY_FLOW_01,512.3135
2024-01-16T04:56:00,COOLING_TEMP_01,87.0056
2024-01-16T04:56:00,COOLING_PRES_01,12.9907
2024-01-16T04:56:00,COOLING_FLOW_01,177.6679
2024-01-16T04:56:00,COOLING_HEAT_01,28.8878
2024-01-16T04:56:00,PRIMARY_PRES_01,159.5819
2024-01-16T04:56:00,PRIMARY_TEMP_01,316.9401
2024-01-16T04:56:00,PRIMARY_FLOW_01,502.6684
2024-01-16T04:56:00,PRIMARY_LEVEL_01,58.4815
2024-01-16T04:57:00,COOLING_TEMP_01,86.3517
2024-01-16T04:57:00,COOLING_PRES_01,13.4322
2024-01-16T04:57:00,COOLING_FLOW_01,162.3294
2024-01-16T04:57:00,PRIMARY_PRES_01,159.1403
2024-01-16T04:57:00,PRIMARY_TEMP_01,320.7302
2024-01-16T04:57:00,PRIMARY_FLOW_01,508.5377
2024-01-16T04:58:00,COOLING_TEMP_01,86.8524
2024-01-16T04:58:00,COOLING_PRES_01,13.1404
2024-01-16T04:58:00,COOLING_FLOW_01,169.4581
2024-01-16T04:58:00,COOLING_HEAT_01,28.6817
2024-01-16T04:58:00,PRIMARY_PRES_01,159.773
2024-01-16T04:58:00,PRIMARY_TEMP_01,318.6252
2024-01-16T04:58:00,PRIMARY_FLOW_01,509.656
2024-01-16T04:58:00,PRIMARY_LEVEL_01,58.74
2024-01-16T04:59:00,COOLING_TEMP_01,86.738
2024-01-16T04:59:00,COOLING_PRES_01,13.0041
2024-01-16T04:59:00,COOLING_FLOW_01,170.5705
2024-01-16T04:59:00,PRIMARY_PRES_01,159.4238
2024-01-16T04:59:00,PRIMARY_TEMP_01,318.2581
2024-01-16T04:59:00,PRIMARY_FLOW_01,511.6329
2024-01-16T05:00:00,COOLING_TEMP_01,87.8235
2024-01-16T05:00:00,COOLING_PRES_01,13.3575
2024-01-16T05:00:00,COOLING_FLOW_01,171.0311
2024-01-16T05:00:00,COOLING_HEAT_01,28.6409
2024-01-16T05:00:00,PRIMARY_PRES_01,159.8271
2024-01-16T05:00:00,PRIMARY_TEMP_01,319.0781
2024-01-16T05:00:00,PRIMARY_FLOW_01,511.6745
2024-01-16T05:00:00,PRIMARY_LEVEL_01,58.8131
2024-01-16T05:01:00,COOLING_TEMP_01,85.5952
2024-01-16T05:01:00,COOLING_PRES_01,13.2476
2024-01-16T05:01:00,COOLING_FLOW_01,171.8544
2024-01-16T05:01:00,PRIMARY_PRES_01,159.8534
2024-01-16T05:01:00,PRIMARY_TEMP_01,320.5249
2024-01-16T05:01:00,PRIMARY_FLOW_01,504.2642
2024-01-16T05:02:00,COOLING_TEMP_01,86.8874
2024-01-16T05:02:00,COOLING_PRES_01,13.0666
2024-01-16T05:02:00,COOLING_FLOW_01,172.244
2024-01-16T05:02:00,COOLING_HEAT_01,28.2672
2024-01-16T05:02:00,PRIMARY_PRES_01,159.9102
2024-01-16T05:02:00,PRIMARY_TEMP_01,320.7761
2024-01-16T05:02:00,PRIMARY_FLOW_01,509.993
2024-01-16T05:02:00,PRIMARY_LEVEL_01,58.6606
2024-01-16T05:03:00,COOLING_TEMP_01,87.1551
2024-01-16T05:03:00,COOLING_PRES_01,13.1843
2024-01-16T05:03:00,COOLING_FLOW_01,167.7193
2024-01-16T05:03:00,PRIMARY_PRES_01,159.1084
2024-01-16T05:03:00,PRIMARY_TEMP_01,319.9115
2024-01-16T05:03:00,PRIMARY_FLOW_01,505.8847
2024-01-16T05:04:00,COOLING_TEMP_01,86.8428
2024-01-16T05:04:00,COOLING_PRES_01,13.3116
2024-01-16T05:04:00,COOLING_FLOW_01,169.7327
2024-01-16T05:04:00,COOLING_HEAT_01,28.567
2024-01-16T05:04:00,PRIMARY_PRES_01,159.4289
2024-01-16T05:04:00,PRIMARY_TEMP_01,319.1116
2024-01-16T05:04:00,PRIMARY_FLOW_01,505.5796
2024-01-16T05:04:00,PRIMARY_LEVEL_01,58.045
2024-01-16T05:05:00,COOLING_TEMP_01,86.2642
2024-01-16T05:05:00,COOLING_PRES_01,12.9301
2024-01-16T05:05:00,COOLING_FLOW_01,172.0451
2024-01-16T05:05:00,PRIMARY_PRES_01,159.4346
2024-01-16T05:05:00,PRIMARY_TEMP_01,320.2656
2024-01-16T05:05:00,PRIMARY_FLOW_01,505.6569
2024-01-16T05:06:00,COOLING_TEMP_01,87.3184
2024-01-16T05:06:00,COOLING_PRES_01,13.0374
2024-01-16T05:06:00,COOLING_FLOW_01,168.3994
2024-01-16T05:06:00,COOLING_HEAT_01,28.2602
2024-01-16T05:06:00,PRIMARY_PRES_01,159.4928
2024-01-16T05:06:00,PRIMARY_TEMP_01,318.4248
2024-01-16T05:06:00,PRIMARY_FLOW_01,523.9692
2024-01-16T05:06:00,PRIMARY_LEVEL_01,57.995
2024-01-16T05:07:00,COOLING_TEMP_01,85.3716
2024-01-16T05:07:00,COOLING_PRES_01,13.1576
2024-01-16T05:07:00,COOLING_FLOW_01,168.5639
2024-01-16T05:07:00,PRIMARY_PRES_01,159.6173
2024-01-16T05:07:00,PRIMARY_TEMP_01,320.1544
2024-01-16T05:07:00,PRIMARY_FLOW_01,493.6573
2024-01-16T05:08:00,COOLING_TEMP_01,86.061
2024-01-16T05:08:00,COOLING_PRES_01,13.0205
2024-01-16T05:08:00,COOLING_FLOW_01,172.2081
2024-01-16T05:08:00,COOLING_HEAT_01,28.399
2024-01-16T05:08:00,PRIMARY_PRES_01,159.8354
2024-01-16T05:08:00,PRIMARY_TEMP_01,320.7715
2024-01-16T05:08:00,PRIMARY_FLOW_01,508.8156
2024-01-16T05:08:00,PRIMARY_LEVEL_01,58.4162
2024-01-16T05:09:00,COOLING_TEMP_01,86.6488
2024-01-16T05:09:00,COOLING_PRES_01,13.2124
2024-01-16T05:09:00,COOLING_FLOW_01,173.2631
2024-01-16T05:09:00,PRIMARY_PRES_01,160.1601
2024-01-16T05:09:00,PRIMARY_TEMP_01,319.1062
2024-01-16T05:09:00,PRIMARY_FLOW_01,523.3462
2024-01-16T05:10:00,COOLING_TEMP_01,87.3406
2024-01-16T05:10:00,COOLING_PRES_01,13.0472
2024-01-16T05:10:00,COOLING_FLOW_01,165.2803
2024-01-16T05:10:00,COOLING_HEAT_01,28.8341
2024-01-16T05:10:00,PRIMARY_PRES_01,159.3925
2024-01-16T05:10:00,PRIMARY_TEMP_01,321.2608
2024-01-16T05:10:00,PRIMARY_FLOW_01,513.7591
2024-01-16T05:10:00,PRIMARY_LEVEL_01,58.098
2024-01-16T05:11:00,COOLING_TEMP_01,86.4399
2024-01-16T05:11:00,COOLING_PRES_01,12.9712
2024-01-16T05:11:00,COOLING_FLOW_01,172.2673
2024-01-16T05:11:00,PRIMARY_PRES_01,159.9026
2024-01-16T05:11:00,PRIMARY_TEMP_01,320.283
2024-01-16T05:11:00,PRIMARY_FLOW_01,508.1957
2024-01-16T05:12:00,COOLING_TEMP_01,86.9999
2024-01-16T05:12:00,COOLING_PRES_01,13.1485
2024-01-16T05:12:00,COOLING_FLOW_01,167.7364
2024-01-16T05:12:00,COOLING_HEAT_01,28.5199
2024-01-16T05:12:00,PRIMARY_PRES_01,159.7821
2024-01-16T05:12:00,PRIMARY_TEMP_01,318.8501
2024-01-16T05:12:00,PRIMARY_FLOW_01,515.9115
2024-01-16T05:12:00,PRIMARY_LEVEL_01,58.8339
2024-01-16T05:13:00,COOLING_TEMP_01,86.9068
2024-01-16T05:13:00,COOLING_PRES_01,13.3088
2024-01-16T05:13:00,COOLING_FLOW_01,170.4346
2024-01-16T05:13:00,PRIMARY_PRES_01,159.2971
2024-01-16T05:13:00,PRIMARY_TEMP_01,318.5893
2024-01-16T05:13:00,PRIMARY_FLOW_01,513.5411
2024-01-16T05:14:00,COOLING_TEMP_01,86.6114
2024-01-16T05:14:00,COOLING_PRES_01,13.2546
2024-01-16T05:14:00,COOLING_FLOW_01,174.1645
2024-01-16T05:14:00,COOLING_HEAT_01,28.6625
2024-01-16T05:14:00,PRIMARY_PRES_01,159.691
2024-01-16T05:14:00,PRIMARY_TEMP_01,320.3082
2024-01-16T05:14:00,PRIMARY_FLOW_01,508.2818
2024-01-16T05:14:00,PRIMARY_LEVEL_01,59.6345
2024-01-16T05:15:00,COOLING_TEMP_01,87.1172
2024-01-16T05:15:00,COOLING_PRES_01,13.2877
2024-01-16T05:15:00,COOLING_FLOW_01,169.8178
2024-01-16T05:15:00,PRIMARY_PRES_01,160.0485
2024-01-16T05:15:00,PRIMARY_TEMP_01,320.2462
2024-01-16T05:15:00,PRIMARY_FLOW_01,500.2996
2024-01-16T05:16:00,COOLING_TEMP_01,86.8189
2024-01-16T05:16:00,COOLING_PRES_01,13.1538
2024-01-16T05:16:00,COOLING_FLOW_01,170.3695
2024-01-16T05:16:00,COOLING_HEAT_01,28.3373
2024-01-16T05:16:00,PRIMARY_PRES_01,159.6588
2024-01-16T05:16:00,PRIMARY_TEMP_01,318.5253
2024-01-16T05:16:00,PRIMARY_FLOW_01,511.5921
2024-01-16T05:16:00,PRIMARY_LEVEL_01,60.3124
2024-01-16T05:17:00,COOLING_TEMP_01,87.4402
2024-01-16T05:17:00,COOLING_PRES_01,13.1469
2024-01-16T05:17:00,COOLING_FLOW_01,168.9683
2024-01-16T05:17:00,PRIMARY_PRES_01,159.8224
2024-01-16T05:17:00,PRIMARY_TEMP_01,320.8974
2024-01-16T05:17:00,PRIMARY_FLOW_01,506.1303
2024-01-16T05:18:00,COOLING_TEMP_01,86.9896
2024-01-16T05:18:00,COOLING_PRES_01,13.3412
2024-01-16T05:18:00,COOLING_FLOW_01,172.6508
2024-01-16T05:18:00,COOLING_HEAT_01,28.8692
2024-01-16T05:18:00,PRIMARY_PRES_01,159.5115
2024-01-16T05:18:00,PRIMARY_TEMP_01,318.945
2024-01-16T05:18:00,PRIMARY_FLOW_01,509.3791
2024-01-16T05:18:00,PRIMARY_LEVEL_01,59.3462
2024-01-16T05:19:00,COOLING_TEMP_01,87.0228
2024-01-16T05:19:00,COOLING_PRES_01,13.1875
2024-01-16T05:19:00,COOLING_FLOW_01,163.1128
2024-01-16T05:19:00,PRIMARY_PRES_01,159.9365
2024-01-16T05:19:00,PRIMARY_TEMP_01,321.2829
2024-01-16T05:19:00,PRIMARY_FLOW_01,509.0143
2024-01-16T05:20:00,COOLING_TEMP_01,87.8366
2024-01-16T05:20:00,COOLING_PRES_01,13.2105
2024-01-16T05:20:00,COOLING_FLOW_01,169.4753
2024-01-16T05:20:00,COOLING_HEAT_01,28.7308
2024-01-16T05:20:00,PRIMARY_PRES_01,159.8955
2024-01-16T05:20:00,PRIMARY_TEMP_01,321.572
2024-01-16T05:20:00,PRIMARY_FLOW_01,498.0911
2024-01-16T05:20:00,PRIMARY_LEVEL_01,58.7039
2024-01-16T05:21:00,COOLING_TEMP_01,86.9919
2024-01-16T05:21:00,COOLING_PRES_01,13.2444
2024-01-16T05:21:00,COOLING_FLOW_01,169.0929
2024-01-16T05:21:00,PRIMARY_PRES_01,160.0445
2024-01-16T05:21:00,PRIMARY_TEMP_01,322.3906
2024-01-16T05:21:00,PRIMARY_FLOW_01,516.389
2024-01-16T05:22:00,COOLING_TEMP_01,86.6542
2024-01-16T05:22:00,COOLING_PRES_01,13.2516
2024-01-16T05:22:00,COOLING_FLOW_01,172.197
2024-01-16T05:22:00,COOLING_HEAT_01,28.5085
2024-01-16T05:22:00,PRIMARY_PRES_01,159.8576
2024-01-16T05:22:00,PRIMARY_TEMP_01,319.9931
2024-01-16T05:22:00,PRIMARY_FLOW_01,504.4377
2024-01-16T05:22:00,PRIMARY_LEVEL_01,59.6151
2024-01-16T05:23:00,COOLING_TEMP_01,87.4062
2024-01-16T05:23:00,COOLING_PRES_01,13.1989
2024-01-16T05:23:00,COOLING_FLOW_01,168.1976
2024-01-16T05:23:00,PRIMARY_PRES_01,159.9504
2024-01-16T05:23:00,PRIMARY_TEMP_01,321.1297
2024-01-16T05:23:00,PRIMARY_FLOW_01,499.7993
2024-01-16T05:24:00,COOLING_TEMP_01,86.994
2024-01-16T05:24:00,COOLING_PRES_01,13.4517
2024-01-16T05:24:00,COOLING_FLOW_01,171.8252
2024-01-16T05:24:00,COOLING_HEAT_01,28.6189
2024-01-16T05:24:00,PRIMARY_PRES_01,160.2273
2024-01-16T05:24:00,PRIMARY_TEMP_01,323.2488
2024-01-16T05:24:00,PRIMARY_FLOW_01,515.037
2024-01-16T05:24:00,PRIMARY_LEVEL_01,58.438
2024-01-16T05:25:00,COOLING_TEMP_01,86.6112
2024-01-16T05:25:00,COOLING_PRES_01,12.9781
2024-01-16T05:25:00,COOLING_FLOW_01,167.4394
2024-01-16T05:25:00,PRIMARY_PRES_01,160.1658
2024-01-16T05:25:00,PRIMARY_TEMP_01,318.6049
2024-01-16T05:25:00,PRIMARY_FLOW_01,504.7985
2024-01-16T05:26:00,COOLING_TEMP_01,86.0366
2024-01-16T05:26:00,COOLING_PRES_01,13.2629
2024-01-16T05:26:00,COOLING_FLOW_01,167.5998
2024-01-16T05:26:00,COOLING_HEAT_01,28.6378
2024-01-16T05:26:00,PRIMARY_PRES_01,159.82
2024-01-16T05:26:00,PRIMARY_TEMP_01,320.0054
2024-01-16T05:26:00,PRIMARY_FLOW_01,509.4182
2024-01-16T05:26:00,PRIMARY_LEVEL_01,60.3339
2024-01-16T05:27:00,COOLING_TEMP_01,86.7453
2024-01-16T05:27:00,COOLING_PRES_01,13.2362
2024-01-16T05:27:00,COOLING_FLOW_01,171.3659
2024-01-16T05:27:00,PRIMARY_PRES_01,159.3893
2024-01-16T05:27:00,PRIMARY_TEMP_01,321.4196
2024-01-16T05:27:00,PRIMARY_FLOW_01,511.4923
2024-01-16T05:28:00,COOLING_TEMP_01,85.9891
2024-01-16T05:28:00,COOLING_PRES_01,13.127
2024-01-16T05:28:00,COOLING_FLOW_01,169.1422
2024-01-16T05:28:00,COOLING_HEAT_01,28.8584
2024-01-16T05:28:00,PRIMARY_PRES_01,159.6933
2024-01-16T05:28:00,PRIMARY_TEMP_01,322.4303
2024-01-16T05:28:00,PRIMARY_FLOW_01,499.0746
2024-01-16T05:28:00,PRIMARY_LEVEL_01,59.1187
2024-01-16T05:29:00,COOLING_TEMP_01,87.2837
2024-01-16T05:29:00,COOLING_PRES_01,13.1109
2024-01-16T05:29:00,COOLING_FLOW_01,171.4082
2024-01-16T05:29:00,PRIMARY_PRES_01,159.8574
2024-01-16T05:29:00,PRIMARY_TEMP_01,322.6304
2024-01-16T05:29:00,PRIMARY_FLOW_01,504.5805
2024-01-16T05:30:00,COOLING_TEMP_01,86.885
2024-01-16T05:30:00,COOLING_PRES_01,13.2138
2024-01-16T05:30:00,COOLING_FLOW_01,170.6757
2024-01-16T05:30:00,COOLING_HEAT_01,28.4188
2024-01-16T05:30:00,PRIMARY_PRES_01,160.2149
2024-01-16T05:30:00,PRIMARY_TEMP_01,322.4528
2024-01-16T05:30:00,PRIMARY_FLOW_01,511.6108
2024-01-16T05:30:00,PRIMARY_LEVEL_01,58.4534
2024-01-16T05:31:00,COOLING_TEMP_01,86.3444
2024-01-16T05:31:00,COOLING_PRES_01,13.3101
2024-01-16T05:31:00,COOLING_FLOW_01,165.2959
2024-01-16T05:31:00,PRIMARY_PRES_01,159.8176
2024-01-16T05:31:00,PRIMARY_TEMP_01,322.4766
2024-01-16T05:31:00,PRIMARY_FLOW_01,496.5235
2024-01-16T05:32:00,COOLING_TEMP_01,86.2655
2024-01-16T05:32:00,COOLING_PRES_01,13.2066
2024-01-16T05:32:00,COOLING_FLOW_01,171.9079
2024-01-16T05:32:00,COOLING_HEAT_01,28.6178
2024-01-16T05:32:00,PRIMARY_PRES_01,160.008
2024-01-16T05:32:00,PRIMARY_TEMP_01,322.1893
2024-01-16T05:32:00,PRIMARY_FLOW_01,501.6372
2024-01-16T05:32:00,PRIMARY_LEVEL_01,59.6892
2024-01-16T05:33:00,COOLING_TEMP_01,86.8476
2024-01-16T05:33:00,COOLING_PRES_01,13.1193
2024-01-16T05:33:00,COOLING_FLOW_01,171.0911
2024-01-16T05:33:00,PRIMARY_PRES_01,159.745
2024-01-16T05:33:00,PRIMARY_TEMP_01,322.0102
2024-01-16T05:33:00,PRIMARY_FLOW_01,500.0123
2024-01-16T05:34:00,COOLING_TEMP_01,88.0174
2024-01-16T05:34:00,COOLING_PRES_01,13.1017
2024-01-16T05:34:00,COOLING_FLOW_01,172.4124
2024-01-16T05:34:00,COOLING_HEAT_01,28.311
2024-01-16T05:34:00,PRIMARY_PRES_01,159.8702
2024-01-16T05:34:00,PRIMARY_TEMP_01,322.2273
2024-01-16T05:34:00,PRIMARY_FLOW_01,499.4902
2024-01-16T05:34:00,PRIMARY_LEVEL_01,60.5333
2024-01-16T05:35:00,COOLING_TEMP_01,88.0403
2024-01-16T05:35:00,COOLING_PRES_01,13.3194
2024-01-16T05:35:00,COOLING_FLOW_01,174.6734
2024-01-16T05:35:00,PRIMARY_PRES_01,159.6137
2024-01-16T05:35:00,PRIMARY_TEMP_01,321.8495
2024-01-16T05:35:00,PRIMARY_FLOW_01,507.6628
2024-01-16T05:36:00,COOLING_TEMP_01,86.7474
2024-01-16T05:36:00,COOLING_PRES_01,13.2736
2024-01-16T05:36:00,COOLING_FLOW_01,167.5766
2024-01-16T05:36:00,COOLING_HEAT_01,28.5543
2024-01-16T05:36:00,PRIMARY_PRES_01,160.489
2024-01-16T05:36:00,PRIMARY_TEMP_01,322.9461
2024-01-16T05:36:00,PRIMARY_FLOW_01,513.0898
2024-01-16T05:36:00,PRIMARY_LEVEL_01,59.567
2024-01-16T05:37:00,COOLING_TEMP_01,87.2651
2024-01-16T05:37:00,COOLING_PRES_01,13.2609
2024-01-16T05:37:00,COOLING_FLOW_01,170.9561
2024-01-16T05:37:00,PRIMARY_PRES_01,160.1196
2024-01-16T05:37:00,PRIMARY_TEMP_01,321.491
2024-01-16T05:37:00,PRIMARY_FLOW_01,499.3254
2024-01-16T05:38:00,COOLING_TEMP_01,86.1438
2024-01-16T05:38:00,COOLING_PRES_01,13.0649
2024-01-16T05:38:00,COOLING_FLOW_01,165.8746
2024-01-16T05:38:00,COOLING_HEAT_01,28.4886
2024-01-16T05:38:00,PRIMARY_PRES_01,159.879
2024-01-16T05:38:00,PRIMARY_TEMP_01,322.1495
2024-01-16T05:38:00,PRIMARY_FLOW_01,488.0937
2024-01-16T05:38:00,PRIMARY_LEVEL_01,60.1732
2024-01-16T05:39:00,COOLING_TEMP_01,87.1422
2024-01-16T05:39:00,COOLING_PRES_01,13.1896
2024-01-16T05:39:00,COOLING_FLOW_01,174.3017
2024-01-16T05:39:00,PRIMARY_PRES_01,160.4317
2024-01-16T05:39:00,PRIMARY_TEMP_01,321.1195
2024-01-16T05:39:00,PRIMARY_FLOW_01,511.385
2024-01-16T05:40:00,COOLING_TEMP_01,86.2657
2024-01-16T05:40:00,COOLING_PRES_01,13.2905
2024-01-16T05:40:00,COOLING_FLOW_01,165.8093
2024-01-16T05:40:00,COOLING_HEAT_01,28.0531
2024-01-16T05:40:00,PRIMARY_PRES_01,160.6126
2024-01-16T05:40:00,PRIMARY_TEMP_01,321.9905
2024-01-16T05:40:00,PRIMARY_FLOW_01,490.6303
2024-01-16T05:40:00,PRIMARY_LEVEL_01,60.1333
2024-01-16T05:41:00,COOLING_TEMP_01,86.8745
2024-01-16T05:41:00,COOLING_PRES_01,13.2428
2024-01-16T05:41:00,COOLING_FLOW_01,171.3971
2024-01-16T05:41:00,PRIMARY_PRES_01,160.4391
2024-01-16T05:41:00,PRIMARY_TEMP_01,323.5982
2024-01-16T05:41:00,PRIMARY_FLOW_01,502.026
2024-01-16T05:42:00,COOLING_TEMP_01,87.3136
2024-01-16T05:42:00,COOLING_PRES_01,13.1107
2024-01-16T05:42:00,COOLING_FLOW_01,168.8626
2024-01-16T05:42:00,COOLING_HEAT_01,28.7165
2024-01-16T05:42:00,PRIMARY_PRES_01,160.0381
2024-01-16T05:42:00,PRIMARY_TEMP_01,323.2164
2024-01-16T05:42:00,PRIMARY_FLOW_01,490.5331
2024-01-16T05:42:00,PRIMARY_LEVEL_01,60.3084
2024-01-16T05:43:00,COOLING_TEMP_01,86.7482
2024-01-16T05:43:00,COOLING_PRES_01,13.1706
2024-01-16T05:43:00,COOLING_FLOW_01,166.0952
2024-01-16T05:43:00,PRIMARY_PRES_01,160.1981
2024-01-16T05:43:00,PRIMARY_TEMP_01,322.258
2024-01-16T05:43:00,PRIMARY_FLOW_01,498.0024
2024-01-16T05:44:00,COOLING_TEMP_01,86.4598
2024-01-16T05:44:00,COOLING_PRES_01,13.1688
2024-01-16T05:44:00,COOLING_FLOW_01,172.4269
2024-01-16T05:44:00,COOLING_HEAT_01,28.4674
2024-01-16T05:44:00,PRIMARY_PRES_01,160.2217
2024-01-16T05:44:00,PRIMARY_TEMP_01,323.0079
2024-01-16T05:44:00,PRIMARY_FLOW_01,496.6654
2024-01-16T05:44:00,PRIMARY_LEVEL_01,61.5256
2024-01-16T05:45:00,COOLING_TEMP_01,87.4808
2024-01-16T05:45:00,COOLING_PRES_01,13.0368
2024-01-16T05:45:00,COOLING_FLOW_01,172.15
2024-01-16T05:45:00,PRIMARY_PRES_01,160.2485
2024-01-16T05:45:00,PRIMARY_TEMP_01,322.8123
2024-01-16T05:45:00,PRIMARY_FLOW_01,484.8102
2024-01-16T05:46:00,COOLING_TEMP_01,87.0257
2024-01-16T05:46:00,COOLING_PRES_01,13.4302
2024-01-16T05:46:00,COOLING_FLOW_01,171.7178
2024-01-16T05:46:00,COOLING_HEAT_01,28.3997
2024-01-16T05:46:00,PRIMARY_PRES_01,160.1076
2024-01-16T05:46:00,PRIMARY_TEMP_01,320.3518
2024-01-16T05:46:00,PRIMARY_FLOW_01,496.3877
2024-01-16T05:46:00,PRIMARY_LEVEL_01,59.2088
2024-01-16T05:47:00,COOLING_TEMP_01,88.0493
2024-01-16T05:47:00,COOLING_PRES_01,13.2462
2024-01-16T05:47:00,COOLING_FLOW_01,170.5332
2024-01-16T05:47:00,PRIMARY_PRES_01,159.8798
2024-01-16T05:47:00,PRIMARY_TEMP_01,321.0077
2024-01-16T05:47:00,PRIMARY_FLOW_01,497.2947
2024-01-16T05:48:00,COOLING_TEMP_01,87.7967
2024-01-16T05:48:00,COOLING_PRES_01,13.1242
2024-01-16T05:48:00,COOLING_FLOW_01,171.6033
2024-01-16T05:48:00,COOLING_HEAT_01,28.5282
2024-01-16T05:48:00,PRIMARY_PRES_01,160.4165
2024-01-16T05:48:00,PRIMARY_TEMP_01,323.6831
2024-01-16T05:48:00,PRIMARY_FLOW_01,494.0553
2024-01-16T05:48:00,PRIMARY_LEVEL_01,59.7974
2024-01-16T05:49:00,COOLING_TEMP_01,86.4328
2024-01-16T05:49:00,COOLING_PRES_01,13.2993
2024-01-16T05:49:00,COOLING_FLOW_01,168.4835
2024-01-16T05:49:00,PRIMARY_PRES_01,159.636
2024-01-16T05:49:00,PRIMARY_TEMP_01,323.5487
2024-01-16T05:49:00,PRIMARY_FLOW_01,488.9237
2024-01-16T05:50:00,COOLING_TEMP_01,86.8952
2024-01-16T05:50:00,COOLING_PRES_01,13.349
2024-01-16T05:50:00,COOLING_FLOW_01,172.9346
2024-01-16T05:50:00,COOLING_HEAT_01,28.3055
2024-01-16T05:50:00,PRIMARY_PRES_01,160.1375
2024-01-16T05:50:00,PRIMARY_TEMP_01,322.5277
2024-01-16T05:50:00,PRIMARY_FLOW_01,489.749
2024-01-16T05:50:00,PRIMARY_LEVEL_01,59.9898
2024-01-16T05:51:00,COOLING_TEMP_01,86.0202
2024-01-16T05:51:00,COOLING_PRES_01,12.8699
2024-01-16T05:51:00,COOLING_FLOW_01,171.323
2024-01-16T05:51:00,PRIMARY_PRES_01,160.5302
2024-01-16T05:51:00,PRIMARY_TEMP_01,322.272
2024-01-16T05:51:00,PRIMARY_FLOW_01,498.404
2024-01-16T05:52:00,COOLING_TEMP_01,87.5046
2024-01-16T05:52:00,COOLING_PRES_01,13.2997
2024-01-16T05:52:00,COOLING_FLOW_01,169.8183
2024-01-16T05:52:00,COOLING_HEAT_01,28.3121
2024-01-16T05:52:00,PRIMARY_PRES_01,159.7884
2024-01-16T05:52:00,PRIMARY_TEMP_01,319.5608
2024-01-16T05:52:00,PRIMARY_FLOW_01,497.7072
2024-01-16T05:52:00,PRIMARY_LEVEL_01,60.0947
2024-01-16T05:53:00,COOLING_TEMP_01,86.7989
2024-01-16T05:53:00,COOLING_PRES_01,13.241
2024-01-16T05:53:00,COOLING_FLOW_01,170.119
2024-01-16T05:53:00,PRIMARY_PRES_01,159.8915
2024-01-16T05:53:00,PRIMARY_TEMP_01,322.1213
2024-01-16T05:53:00,PRIMARY_FLOW_01,492.7047
2024-01-16T05:54:00,COOLING_TEMP_01,86.8614
2024-01-16T05:54:00,COOLING_PRES_01,13.2453
2024-01-16T05:54:00,COOLING_FLOW_01,170.8096
2024-01-16T05:54:00,COOLING_HEAT_01,28.1285
2024-01-16T05:54:00,PRIMARY_PRES_01,160.2918
2024-01-16T05:54:00,PRIMARY_TEMP_01,323.4042
2024-01-16T05:54:00,PRIMARY_FLOW_01,488.6483
2024-01-16T05:54:00,PRIMARY_LEVEL_01,61.1049
2024-01-16T05:55:00,COOLING_TEMP_01,88.0088
2024-01-16T05:55:00,COOLING_PRES_01,13.3114
2024-01-16T05:55:00,COOLING_FLOW_01,173.8043
2024-01-16T05:55:00,PRIMARY_PRES_01,160.6312
2024-01-16T05:55:00,PRIMARY_TEMP_01,323.5532
2024-01-16T05:55:00,PRIMARY_FLOW_01,490.1844
2024-01-16T05:56:00,COOLING_TEMP_01,87.3305
2024-01-16T05:56:00,COOLING_PRES_01,13.3501
2024-01-16T05:56:00,COOLING_FLOW_01,172.7106
2024-01-16T05:56:00,COOLING_HEAT_01,28.9533
2024-01-16T05:56:00,PRIMARY_PRES_01,160.6021
2024-01-16T05:56:00,PRIMARY_TEMP_01,324.6058
2024-01-16T05:56:00,PRIMARY_FLOW_01,485.0587
2024-01-16T05:56:00,PRIMARY_LEVEL_01,59.9314
2024-01-16T05:57:00,COOLING_TEMP_01,86.844
2024-01-16T05:57:00,COOLING_PRES_01,13.3013
2024-01-16T05:57:00,COOLING_FLOW_01,172.6526
2024-01-16T05:57:00,PRIMARY_PRES_01,160.9579
2024-01-16T05:57:00,PRIMARY_TEMP_01,321.4538
2024-01-16T05:57:00,PRIMARY_FLOW_01,500.2795
2024-01-16T05:58:00,COOLING_TEMP_01,87.465
2024-01-16T05:58:00,COOLING_PRES_01,13.0915
2024-01-16T05:58:00,COOLING_FLOW_01,168.1296
2024-01-16T05:58:00,COOLING_HEAT_01,28.591
2024-01-16T05:58:00,PRIMARY_PRES_01,160.315
2024-01-16T05:58:00,PRIMARY_TEMP_01,323.7173
2024-01-16T05:58:00,PRIMARY_FLOW_01,496.1696
2024-01-16T05:58:00,PRIMARY_LEVEL_01,60.1317
2024-01-16T05:59:00,COOLING_TEMP_01,86.8084
2024-01-16T05:59:00,COOLING_PRES_01,13.2986
2024-01-16T05:59:00,COOLING_FLOW_01,169.5567
2024-01-16T05:59:00,PRIMARY_PRES_01,160.2251
2024-01-16T05:59:00,PRIMARY_TEMP_01,322.6205
2024-01-16T05:59:00,PRIMARY_FLOW_01,488.6149
2024-01-16T06:00:00,COOLING_TEMP_01,85.6406
2024-01-16T06:00:00,COOLING_PRES_01,13.1771
2024-01-16T06:00:00,COOLING_FLOW_01,171.3604
2024-01-16T06:00:00,COOLING_HEAT_01,28.3237
2024-01-16T06:00:00,PRIMARY_PRES_01,160.9307
2024-01-16T06:00:00,PRIMARY_TEMP_01,323.6024
2024-01-16T06:00:00,PRIMARY_FLOW_01,483.2798
2024-01-16T06:00:00,PRIMARY_LEVEL_01,60.9847
2024-01-16T06:01:00,COOLING_TEMP_01,86.9052
2024-01-16T06:01:00,COOLING_PRES_01,13.2015
2024-01-16T06:01:00,COOLING_FLOW_01,168.8526
2024-01-16T06:01:00,PRIMARY_PRES_01,161.1633
2024-01-16T06:01:00,PRIMARY_TEMP_01,323.7522
2024-01-16T06:01:00,PRIMARY_FLOW_01,497.1061
2024-01-16T06:02:00,COOLING_TEMP_01,86.6623
2024-01-16T06:02:00,COOLING_PRES_01,13.3889
2024-01-16T06:02:00,COOLING_FLOW_01,168.7728
2024-01-16T06:02:00,COOLING_HEAT_01,28.3529
2024-01-16T06:02:00,PRIMARY_PRES_01,160.371
2024-01-16T06:02:00,PRIMARY_TEMP_01,323.3963
2024-01-16T06:02:00,PRIMARY_FLOW_01,493.1152
2024-01-16T06:02:00,PRIMARY_LEVEL_01,61.4734
2024-01-16T06:03:00,COOLING_TEMP_01,87.1163
2024-01-16T06:03:00,COOLING_PRES_01,12.9693
2024-01-16T06:03:00,COOLING_FLOW_01,170.9518
2024-01-16T06:03:00,PRIMARY_PRES_01,160.4802
2024-01-16T06:03:00,PRIMARY_TEMP_01,325.611
2024-01-16T06:03:00,PRIMARY_FLOW_01,482.4719
2024-01-16T06:04:00,COOLING_TEMP_01,86.5729
2024-01-16T06:04:00,COOLING_PRES_01,13.2567
2024-01-16T06:04:00,COOLING_FLOW_01,175.7029
2024-01-16T06:04:00,COOLING_HEAT_01,28.9888
2024-01-16T06:04:00,PRIMARY_PRES_01,160.6308
2024-01-16T06:04:00,PRIMARY_TEMP_01,323.1662
2024-01-16T06:04:00,PRIMARY_FLOW_01,480.9538
2024-01-16T06:04:00,PRIMARY_LEVEL_01,60.1732
2024-01-16T06:05:00,COOLING_TEMP_01,86.5458
2024-01-16T06:05:00,COOLING_PRES_01,13.4332
2024-01-16T06:05:00,COOLING_FLOW_01,171.8783
2024-01-16T06:05:00,PRIMARY_PRES_01,160.9661
2024-01-16T06:05:00,PRIMARY_TEMP_01,323.5172
2024-01-16T06:05:00,PRIMARY_FLOW_01,495.9055
2024-01-16T06:06:00,COOLING_TEMP_01,87.2143
2024-01-16T06:06:00,COOLING_PRES_01,13.4496
2024-01-16T06:06:00,COOLING_FLOW_01,172.6154
2024-01-16T06:06:00,COOLING_HEAT_01,28.8479
2024-01-16T06:06:00,PRIMARY_PRES_01,160.7457
2024-01-16T06:06:00,PRIMARY_TEMP_01,322.3213
2024-01-16T06:06:00,PRIMARY_FLOW_01,490.7969
2024-01-16T06:06:00,PRIMARY_LEVEL_01,59.4689
2024-01-16T06:07:00,COOLING_TEMP_01,87.468
2024-01-16T06:07:00,COOLING_PRES_01,13.2404
2024-01-16T06:07:00,COOLING_FLOW_01,169.367
2024-01-16T06:07:00,PRIMARY_PRES_01,160.5054
2024-01-16T06:07:00,PRIMARY_TEMP_01,325.9293
2024-01-16T06:07:00,PRIMARY_FLOW_01,499.0202
2024-01-16T06:08:00,COOLING_TEMP_01,86.4149
2024-01-16T06:08:00,COOLING_PRES_01,13.1064
2024-01-16T06:08:00,COOLING_FLOW_01,171.7571
2024-01-16T06:08:00,COOLING_HEAT_01,28.4545
2024-01-16T06:08:00,PRIMARY_PRES_01,160.6125
2024-01-16T06:08:00,PRIMARY_TEMP_01,323.5693
2024-01-16T06:08:00,PRIMARY_FLOW_01,500.2447
2024-01-16T06:08:00,PRIMARY_LEVEL_01,62.6604
2024-01-16T06:09:00,COOLING_TEMP_01,86.0677
2024-01-16T06:09:00,COOLING_PRES_01,13.1245
2024-01-16T06:09:00,COOLING_FLOW_01,169.0047
2024-01-16T06:09:00,PRIMARY_PRES_01,160.4107
2024-01-16T06:09:00,PRIMARY_TEMP_01,324.8412
2024-01-16T06:09:00,PRIMARY_FLOW_01,499.7285
2024-01-16T06:10:00,COOLING_TEMP_01,86.915
2024-01-16T06:10:00,COOLING_PRES_01,13.2557
2024-01-16T06:10:00,COOLING_FLOW_01,164.5439
2024-01-16T06:10:00,COOLING_HEAT_01,28.6956
2024-01-16T06:10:00,PRIMARY_PRES_01,160.2187
2024-01-16T06:10:00,PRIMARY_TEMP_01,322.049
2024-01-16T06:10:00,PRIMARY_FLOW_01,493.2415
2024-01-16T06:10:00,PRIMARY_LEVEL_01,61.0052
2024-01-16T06:11:00,COOLING_TEMP_01,87.3988
2024-01-16T06:11:00,COOLING_PRES_01,12.9135
2024-01-16T06:11:00,COOLING_FLOW_01,166.0604
2024-01-16T06:11:00,PRIMARY_PRES_01,160.1493
2024-01-16T06:11:00,PRIMARY_TEMP_01,324.4281
2024-01-16T06:11:00,PRIMARY_FLOW_01,486.2872
2024-01-16T06:12:00,COOLING_TEMP_01,88.067
2024-01-16T06:12:00,COOLING_PRES_01,13.2557
2024-01-16T06:12:00,COOLING_FLOW_01,169.7804
2024-01-16T06:12:00,COOLING_HEAT_01,28.6197
2024-01-16T06:12:00,PRIMARY_PRES_01,160.4503
2024-01-16T06:12:00,PRIMARY_TEMP_01,323.9522
2024-01-16T06:12:00,PRIMARY_FLOW_01,483.4003
2024-01-16T06:12:00,PRIMARY_LEVEL_01,62.0965
2024-01-16T06:13:00,COOLING_TEMP_01,88.2181
2024-01-16T06:13:00,COOLING_PRES_01,13.232
2024-01-16T06:13:00,COOLING_FLOW_01,168.1843
2024-01-16T06:13:00,PRIMARY_PRES_01,160.3376
2024-01-16T06:13:00,PRIMARY_TEMP_01,323.6859
2024-01-16T06:13:00,PRIMARY_FLOW_01,484.6755
2024-01-16T06:14:00,COOLING_TEMP_01,86.8675
2024-01-16T06:14:00,COOLING_PRES_01,13.2165
2024-01-16T06:14:00,COOLING_FLOW_01,163.5198
2024-01-16T06:14:00,COOLING_HEAT_01,28.5986
2024-01-16T06:14:00,PRIMARY_PRES_01,160.8834
2024-01-16T06:14:00,PRIMARY_TEMP_01,324.2032
2024-01-16T06:14:00,PRIMARY_FLOW_01,481.9181
2024-01-16T06:14:00,PRIMARY_LEVEL_01,60.7464
2024-01-16T06:15:00,COOLING_TEMP_01,86.3025
2024-01-16T06:15:00,COOLING_PRES_01,13.1001
2024-01-16T06:15:00,COOLING_FLOW_01,167.5751
2024-01-16T06:15:00,PRIMARY_PRES_01,160.8455
2024-01-16T06:15:00,PRIMARY_TEMP_01,326.1549
2024-01-16T06:15:00,PRIMARY_FLOW_01,497.4138
2024-01-16T06:16:00,COOLING_TEMP_01,86.6147
2024-01-16T06:16:00,COOLING_PRES_01,13.3692
2024-01-16T06:16:00,COOLING_FLOW_01,168.8689
2024-01-16T06:16:00,COOLING_HEAT_01,28.4791
2024-01-16T06:16:00,PRIMARY_PRES_01,160.1878
2024-01-16T06:16:00,PRIMARY_TEMP_01,325.8305
2024-01-16T06:16:00,PRIMARY_FLOW_01,495.3054
2024-01-16T06:16:00,PRIMARY_LEVEL_01,61.3315
2024-01-16T06:17:00,COOLING_TEMP_01,87.304
2024-01-16T06:17:00,COOLING_PRES_01,13.1217
2024-01-16T06:17:00,COOLING_FLOW_01,170.3187
2024-01-16T06:17:00,PRIMARY_PRES_01,160.1856
2024-01-16T06:17:00,PRIMARY_TEMP_01,325.2605
2024-01-16T06:17:00,PRIMARY_FLOW_01,493.5445
2024-01-16T06:18:00,COOLING_TEMP_01,86.9188
2024-01-16T06:18:00,COOLING_PRES_01,13.1016
2024-01-16T06:18:00,COOLING_FLOW_01,177.3142
2024-01-16T06:18:00,COOLING_HEAT_01,28.0063
2024-01-16T06:18:00,PRIMARY_PRES_01,161.4719
2024-01-16T06:18:00,PRIMARY_TEMP_01,323.2955
2024-01-16T06:18:00,PRIMARY_FLOW_01,491.7668
2024-01-16T06:18:00,PRIMARY_LEVEL_01,61.9303
2024-01-16T06:19:00,COOLING_TEMP_01,85.8553
2024-01-16T06:19:00,COOLING_PRES_01,13.2618
2024-01-16T06:19:00,COOLING_FLOW_01,166.3039
2024-01-16T06:19:00,PRIMARY_PRES_01,161.0424
2024-01-16T06:19:00,PRIMARY_TEMP_01,324.9988
2024-01-16T06:19:00,PRIMARY_FLOW_01,489.7011
2024-01-16T06:20:00,COOLING_TEMP_01,88.0911
2024-01-16T06:20:00,COOLING_PRES_01,13.3109
2024-01-16T06:20:00,COOLING_FLOW_01,171.6909
2024-01-16T06:20:00,COOLING_HEAT_01,28.041
2024-01-16T06:20:00,PRIMARY_PRES_01,160.709
2024-01-16T06:20:00,PRIMARY_TEMP_01,324.6244
2024-01-16T06:20:00,PRIMARY_FLOW_01,502.571
2024-01-16T06:20:00,PRIMARY_LEVEL_01,60.3829
2024-01-16T06:21:00,COOLING_TEMP_01,87.0685
2024-01-16T06:21:00,COOLING_PRES_01,13.4136
2024-01-16T06:21:00,COOLING_FLOW_01,164.6658
2024-01-16T06:21:00,PRIMARY_PRES_01,160.4932
2024-01-16T06:21:00,PRIMARY_TEMP_01,324.7464
2024-01-16T06:21:00,PRIMARY_FLOW_01,484.9793
2024-01-16T06:22:00,COOLING_TEMP_01,87.1772
2024-01-16T06:22:00,COOLING_PRES_01,13.1787
2024-01-16T06:22:00,COOLING_FLOW_01,170.1818
2024-01-16T06:22:00,COOLING_HEAT_01,28.4634
2024-01-16T06:22:00,PRIMARY_PRES_01,161.1351
2024-01-16T06:22:00,PRIMARY_TEMP_01,323.7793
2024-01-16T06:22:00,PRIMARY_FLOW_01,483.2324
2024-01-16T06:22:00,PRIMARY_LEVEL_01,60.7267
2024-01-16T06:23:00,COOLING_TEMP_01,88.1302
2024-01-16T06:23:00,COOLING_PRES_01,13.3417
2024-01-16T06:23:00,COOLING_FLOW_01,170.9358
2024-01-16T06:23:00,PRIMARY_PRES_01,160.4089
2024-01-16T06:23:00,PRIMARY_TEMP_01,326.2818
2024-01-16T06:23:00,PRIMARY_FLOW_01,473.5186
2024-01-16T06:24:00,COOLING_TEMP_01,87.2213
2024-01-16T06:24:00,COOLING_PRES_01,13.272
2024-01-16T06:24:00,COOLING_FLOW_01,173.796
2024-01-16T06:24:00,COOLING_HEAT_01,28.0257
2024-01-16T06:24:00,PRIMARY_PRES_01,160.5133
2024-01-16T06:24:00,PRIMARY_TEMP_01,325.9317
2024-01-16T06:24:00,PRIMARY_FLOW_01,488.3292
2024-01-16T06:24:00,PRIMARY_LEVEL_01,61.339
2024-01-16T06:25:00,COOLING_TEMP_01,87.6304
2024-01-16T06:25:00,COOLING_PRES_01,13.3612
2024-01-16T06:25:00,COOLING_FLOW_01,168.8939
2024-01-16T06:25:00,PRIMARY_PRES_01,160.8123
2024-01-16T06:25:00,PRIMARY_TEMP_01,324.2454
2024-01-16T06:25:00,PRIMARY_FLOW_01,476.2065
2024-01-16T06:26:00,COOLING_TEMP_01,85.8705
2024-01-16T06:26:00,COOLING_PRES_01,13.1463
2024-01-16T06:26:00,COOLING_FLOW_01,166.3297
2024-01-16T06:26:00,COOLING_HEAT_01,28.6178
2024-01-16T06:26:00,PRIMARY_PRES_01,160.4026
2024-01-16T06:26:00,PRIMARY_TEMP_01,325.6797
2024-01-16T06:26:00,PRIMARY_FLOW_01,472.6342
2024-01-16T06:26:00,PRIMARY_LEVEL_01,60.5369
2024-01-16T06:27:00,COOLING_TEMP_01,86.9126
2024-01-16T06:27:00,COOLING_PRES_01,13.108
2024-01-16T06:27:00,COOLING_FLOW_01,165.9025
2024-01-16T06:27:00,PRIMARY_PRES_01,160.3536
2024-01-16T06:27:00,PRIMARY_TEMP_01,325.229
2024-01-16T06:27:00,PRIMARY_FLOW_01,472.1638
2024-01-16T06:28:00,COOLING_TEMP_01,87.8189
2024-01-16T06:28:00,COOLING_PRES_01,13.2193
2024-01-16T06:28:00,COOLING_FLOW_01,171.8964
2024-01-16T06:28:00,COOLING_HEAT_01,27.8878
2024-01-16T06:28:00,PRIMARY_PRES_01,161.0704
2024-01-16T06:28:00,PRIMARY_TEMP_01,325.4222
2024-01-16T06:28:00,PRIMARY_FLOW_01,474.6582
2024-01-16T06:28:00,PRIMARY_LEVEL_01,61.3857
2024-01-16T06:29:00,COOLING_TEMP_01,87.2435
2024-01-16T06:29:00,COOLING_PRES_01,13.0383
2024-01-16T06:29:00,COOLING_FLOW_01,175.093
2024-01-16T06:29:00,PRIMARY_PRES_01,160.9761
2024-01-16T06:29:00,PRIMARY_TEMP_01,324.0077
2024-01-16T06:29:00,PRIMARY_FLOW_01,478.1199
2024-01-16T06:30:00,COOLING_TEMP_01,86.6201
2024-01-16T06:30:00,COOLING_PRES_01,13.1751
2024-01-16T06:30:00,COOLING_FLOW_01,176.7718
2024-01-16T06:30:00,COOLING_HEAT_01,28.6318
2024-01-16T06:30:00,PRIMARY_PRES_01,161.269
2024-01-16T06:30:00,PRIMARY_TEMP_01,325.5466
2024-01-16T06:30:00,PRIMARY_FLOW_01,484.9725
2024-01-16T06:30:00,PRIMARY_LEVEL_01,63.4651
2024-01-16T06:31:00,COOLING_TEMP_01,87.2037
2024-01-16T06:31:00,COOLING_PRES_01,13.3493
2024-01-16T06:31:00,COOLING_FLOW_01,174.3279
2024-01-16T06:31:00,PRIMARY_PRES_01,161.0396
2024-01-16T06:31:00,PRIMARY_TEMP_01,325.6509
2024-01-16T06:31:00,PRIMARY_FLOW_01,478.4673
2024-01-16T06:32:00,COOLING_TEMP_01,87.0229
2024-01-16T06:32:00,COOLING_PRES_01,13.2082
2024-01-16T06:32:00,COOLING_FLOW_01,166.6041
2024-01-16T06:32:00,COOLING_HEAT_01,28.6045
2024-01-16T06:32:00,PRIMARY_PRES_01,160.9643
2024-01-16T06:32:00,PRIMARY_TEMP_01,324.4825
2024-01-16T06:32:00,PRIMARY_FLOW_01,482.3511
2024-01-16T06:32:00,PRIMARY_LEVEL_01,62.447
2024-01-16T06:33:00,COOLING_TEMP_01,86.9413
2024-01-16T06:33:00,COOLING_PRES_01,13.2657
2024-01-16T06:33:00,COOLING_FLOW_01,166.1345
2024-01-16T06:33:00,PRIMARY_PRES_01,161.0909
2024-01-16T06:33:00,PRIMARY_TEMP_01,325.1954
2024-01-16T06:33:00,PRIMARY_FLOW_01,483.3508
2024-01-16T06:34:00,COOLING_TEMP_01,86.4262
2024-01-16T06:34:00,COOLING_PRES_01,13.2211
2024-01-16T06:34:00,COOLING_FLOW_01,174.4698
2024-01-16T06:34:00,COOLING_HEAT_01,28.4446
2024-01-16T06:34:00,PRIMARY_PRES_01,160.9988
2024-01-16T06:34:00,PRIMARY_TEMP_01,326.8767
2024-01-16T06:34:00,PRIMARY_FLOW_01,497.7272
2024-01-16T06:34:00,PRIMARY_LEVEL_01,62.191
2024-01-16T06:35:00,COOLING_TEMP_01,86.6912
2024-01-16T06:35:00,COOLING_PRES_01,13.2239
2024-01-16T06:35:00,COOLING_FLOW_01,170.7913
2024-01-16T06:35:00,PRIMARY_PRES_01,161.0309
2024-01-16T06:35:00,PRIMARY_TEMP_01,325.9051
2024-01-16T06:35:00,PRIMARY_FLOW_01,483.6639
2024-01-16T06:36:00,COOLING_TEMP_01,87.7115
2024-01-16T06:36:00,COOLING_PRES_01,13.2557
2024-01-16T06:36:00,COOLING_FLOW_01,166.974
2024-01-16T06:36:00,COOLING_HEAT_01,28.7347
2024-01-16T06:36:00,PRIMARY_PRES_01,161.1997
2024-01-16T06:36:00,PRIMARY_TEMP_01,324.4426
2024-01-16T06:36:00,PRIMARY_FLOW_01,484.6703
2024-01-16T06:36:00,PRIMARY_LEVEL_01,62.1307
2024-01-16T06:37:00,COOLING_TEMP_01,87.2134
2024-01-16T06:37:00,COOLING_PRES_01,12.9028
2024-01-16T06:37:00,COOLING_FLOW_01,172.438
2024-01-16T06:37:00,PRIMARY_PRES_01,161.1612
2024-01-16T06:37:00,PRIMARY_TEMP_01,324.0983
2024-01-16T06:37:00,PRIMARY_FLOW_01,469.8115
2024-01-16T06:38:00,COOLING_TEMP_01,86.4
2024-01-16T06:38:00,COOLING_PRES_01,13.0915
2024-01-16T06:38:00,COOLING_FLOW_01,171.1439
2024-01-16T06:38:00,COOLING_HEAT_01,28.9516
2024-01-16T06:38:00,PRIMARY_PRES_01,161.0796
2024-01-16T06:38:00,PRIMARY_TEMP_01,324.16
2024-01-16T06:38:00,PRIMARY_FLOW_01,474.9984
2024-01-16T06:38:00,PRIMARY_LEVEL_01,61.3613
2024-01-16T06:39:00,COOLING_TEMP_01,87.3179
2024-01-16T06:39:00,COOLING_PRES_01,13.198
2024-01-16T06:39:00,COOLING_FLOW_01,175.3283
2024-01-16T06:39:00,PRIMARY_PRES_01,160.7136
2024-01-16T06:39:00,PRIMARY_TEMP_01,325.6433
2024-01-16T06:39:00,PRIMARY_FLOW_01,479.8607
2024-01-16T06:40:00,COOLING_TEMP_01,85.8628
2024-01-16T06:40:00,COOLING_PRES_01,13.305
2024-01-16T06:40:00,COOLING_FLOW_01,169.2433
2024-01-16T06:40:00,COOLING_HEAT_01,28.3012
2024-01-16T06:40:00,PRIMARY_PRES_01,161.1601
2024-01-16T06:40:00,PRIMARY_TEMP_01,325.9867
2024-01-16T06:40:00,PRIMARY_FLOW_01,479.5246
2024-01-16T06:40:00,PRIMARY_LEVEL_01,61.3806
2024-01-16T06:41:00,COOLING_TEMP_01,85.9634
2024-01-16T06:41:00,COOLING_PRES_01,13.2178
2024-01-16T06:41:00,COOLING_FLOW_01,167.067
2024-01-16T06:41:00,PRIMARY_PRES_01,161.089
2024-01-16T06:41:00,PRIMARY_TEMP_01,325.3487
2024-01-16T06:41:00,PRIMARY_FLOW_01,478.7673
2024-01-16T06:42:00,COOLING_TEMP_01,87.2078
2024-01-16T06:42:00,COOLING_PRES_01,13.1225
2024-01-16T06:42:00,COOLING_FLOW_01,167.3786
2024-01-16T06:42:00,COOLING_HEAT_01,28.4696
2024-01-16T06:42:00,PRIMARY_PRES_01,160.754
2024-01-16T06:42:00,PRIMARY_TEMP_01,325.3882
2024-01-16T06:42:00,PRIMARY_FLOW_01,473.3541
2024-01-16T06:42:00,PRIMARY_LEVEL_01,62.507
2024-01-16T06:43:00,COOLING_TEMP_01,86.6115
2024-01-16T06:43:00,COOLING_PRES_01,13.3922
2024-01-16T06:43:00,COOLING_FLOW_01,169.3801
2024-01-16T06:43:00,PRIMARY_PRES_01,161.2826
2024-01-16T06:43:00,PRIMARY_TEMP_01,326.4044
2024-01-16T06:43:00,PRIMARY_FLOW_01,478.0916
2024-01-16T06:44:00,COOLING_TEMP_01,87.109
2024-01-16T06:44:00,COOLING_PRES_01,13.2858
2024-01-16T06:44:00,COOLING_FLOW_01,169.1981
2024-01-16T06:44:00,COOLING_HEAT_01,28.4565
2024-01-16T06:44:00,PRIMARY_PRES_01,161.1681
2024-01-16T06:44:00,PRIMARY_TEMP_01,326.86
2024-01-16T06:44:00,PRIMARY_FLOW_01,481.2536
2024-01-16T06:44:00,PRIMARY_LEVEL_01,62.3548
2024-01-16T06:45:00,COOLING_TEMP_01,86.8264
2024-01-16T06:45:00,COOLING_PRES_01,13.3139
2024-01-16T06:45:00,COOLING_FLOW_01,171.0167
2024-01-16T06:45:00,PRIMARY_PRES_01,160.9247
2024-01-16T06:45:00,PRIMARY_TEMP_01,327.9842
2024-01-16T06:45:00,PRIMARY_FLOW_01,483.0355
2024-01-16T06:46:00,COOLING_TEMP_01,86.8287
2024-01-16T06:46:00,COOLING_PRES_01,13.1891
2024-01-16T06:46:00,COOLING_FLOW_01,170.7021
2024-01-16T06:46:00,COOLING_HEAT_01,29.024
2024-01-16T06:46:00,PRIMARY_PRES_01,161.2431
2024-01-16T06:46:00,PRIMARY_TEMP_01,326.4818
2024-01-16T06:46:00,PRIMARY_FLOW_01,466.7004
2024-01-16T06:46:00,PRIMARY_LEVEL_01,61.2949
2024-01-16T06:47:00,COOLING_TEMP_01,86.9491
2024-01-16T06:47:00,COOLING_PRES_01,13.2717
2024-01-16T06:47:00,COOLING_FLOW_01,171.1455
2024-01-16T06:47:00,PRIMARY_PRES_01,161.4412
2024-01-16T06:47:00,PRIMARY_TEMP_01,326.4758
2024-01-16T06:47:00,PRIMARY_FLOW_01,464.5432
2024-01-16T06:48:00,COOLING_TEMP_01,86.5462
2024-01-16T06:48:00,COOLING_PRES_01,13.1609
2024-01-16T06:48:00,COOLING_FLOW_01,170.583
2024-01-16T06:48:00,COOLING_HEAT_01,28.6345
2024-01-16T06:48:00,PRIMARY_PRES_01,160.7547
2024-01-16T06:48:00,PRIMARY_TEMP_01,325.883
2024-01-16T06:48:00,PRIMARY_FLOW_01,480.456
2024-01-16T06:48:00,PRIMARY_LEVEL_01,61.403
2024-01-16T06:49:00,COOLING_TEMP_01,86.5832
2024-01-16T06:49:00,COOLING_PRES_01,13.3009
2024-01-16T06:49:00,COOLING_FLOW_01,170.8721
2024-01-16T06:49:00,PRIMARY_PRES_01,160.8897
2024-01-16T06:49:00,PRIMARY_TEMP_01,326.546
2024-01-16T06:49:00,PRIMARY_FLOW_01,474.0926
2024-01-16T06:50:00,COOLING_TEMP_01,87.0585
2024-01-16T06:50:00,COOLING_PRES_01,13.2212
2024-01-16T06:50:00,COOLING_FLOW_01,169.6523
2024-01-16T06:50:00,COOLING_HEAT_01,28.7531
2024-01-16T06:50:00,PRIMARY_PRES_01,161.0838
2024-01-16T06:50:00,PRIMARY_TEMP_01,325.5776
2024-01-16T06:50:00,PRIMARY_FLOW_01,467.8926
2024-01-16T06:50:00,PRIMARY_LEVEL_01,63.2292
2024-01-16T06:51:00,COOLING_TEMP_01,86.5244
2024-01-16T06:51:00,COOLING_PRES_01,13.2756
2024-01-16T06:51:00,COOLING_FLOW_01,170.3668
2024-01-16T06:51:00,PRIMARY_PRES_01,161.7445
2024-01-16T06:51:00,PRIMARY_TEMP_01,326.6159
2024-01-16T06:51:00,PRIMARY_FLOW_01,475.3716
2024-01-16T06:52:00,COOLING_TEMP_01,87.3942
2024-01-16T06:52:00,COOLING_PRES_01,13.1591
2024-01-16T06:52:00,COOLING_FLOW_01,173.7124
2024-01-16T06:52:00,COOLING_HEAT_01,28.319
2024-01-16T06:52:00,PRIMARY_PRES_01,161.437
2024-01-16T06:52:00,PRIMARY_TEMP_01,325.9134
2024-01-16T06:52:00,PRIMARY_FLOW_01,469.0957
2024-01-16T06:52:00,PRIMARY_LEVEL_01,62.7416
2024-01-16T06:53:00,COOLING_TEMP_01,86.9891
2024-01-16T06:53:00,COOLING_PRES_01,13.3297
2024-01-16T06:53:00,COOLING_FLOW_01,174.2988
2024-01-16T06:53:00,PRIMARY_PRES_01,161.0795
2024-01-16T06:53:00,PRIMARY_TEMP_01,325.8045
2024-01-16T06:53:00,PRIMARY_FLOW_01,470.2013
2024-01-16T06:54:00,COOLING_TEMP_01,87.3671
2024-01-16T06:54:00,COOLING_PRES_01,13.2572
2024-01-16T06:54:00,COOLING_FLOW_01,167.776
2024-01-16T06:54:00,COOLING_HEAT_01,28.5659
2024-01-16T06:54:00,PRIMARY_PRES_01,161.2838
2024-01-16T06:54:00,PRIMARY_TEMP_01,326.8279
2024-01-16T06:54:00,PRIMARY_FLOW_01,468.5482
2024-01-16T06:54:00,PRIMARY_LEVEL_01,62.8498
2024-01-16T06:55:00,COOLING_TEMP_01,88.12
2024-01-16T06:55:00,COOLING_PRES_01,13.399
2024-01-16T06:55:00,COOLING_FLOW_01,168.1665
2024-01-16T06:55:00,PRIMARY_PRES_01,161.5173
2024-01-16T06:55:00,PRIMARY_TEMP_01,327.9508
2024-01-16T06:55:00,PRIMARY_FLOW_01,465.9443
2024-01-16T06:56:00,COOLING_TEMP_01,87.2285
2024-01-16T06:56:00,COOLING_PRES_01,13.271
2024-01-16T06:56:00,COOLING_FLOW_01,169.096
2024-01-16T06:56:00,COOLING_HEAT_01,28.1173
2024-01-16T06:56:00,PRIMARY_PRES_01,161.8793
2024-01-16T06:56:00,PRIMARY_TEMP_01,326.5966
2024-01-16T06:56:00,PRIMARY_FLOW_01,471.7095
2024-01-16T06:56:00,PRIMARY_LEVEL_01,61.5333
2024-01-16T06:57:00,COOLING_TEMP_01,86.1767
2024-01-16T06:57:00,COOLING_PRES_01,13.103
2024-01-16T06:57:00,COOLING_FLOW_01,172.3784
2024-01-16T06:57:00,PRIMARY_PRES_01,161.337
2024-01-16T06:57:00,PRIMARY_TEMP_01,326.6502
2024-01-16T06:57:00,PRIMARY_FLOW_01,478.385
2024-01-16T06:58:00,COOLING_TEMP_01,87.6878
2024-01-16T06:58:00,COOLING_PRES_01,13.3396
2024-01-16T06:58:00,COOLING_FLOW_01,170.4112
2024-01-16T06:58:00,COOLING_HEAT_01,28.3052
2024-01-16T06:58:00,PRIMARY_PRES_01,161.5662
2024-01-16T06:58:00,PRIMARY_TEMP_01,326.2926
2024-01-16T06:58:00,PRIMARY_FLOW_01,472.3628
2024-01-16T06:58:00,PRIMARY_LEVEL_01,62.0033
2024-01-16T06:59:00,COOLING_TEMP_01,85.6946
2024-01-16T06:59:00,COOLING_PRES_01,13.1837
2024-01-16T06:59:00,COOLING_FLOW_01,168.1967
2024-01-16T06:59:00,PRIMARY_PRES_01,161.5671
2024-01-16T06:59:00,PRIMARY_TEMP_01,327.5041
2024-01-16T06:59:00,PRIMARY_FLOW_01,469.3126
2024-01-16T07:00:00,COOLING_TEMP_01,86.8635
2024-01-16T07:00:00,COOLING_PRES_01,13.2599
2024-01-16T07:00:00,COOLING_FLOW_01,169.9681
2024-01-16T07:00:00,COOLING_HEAT_01,28.7692
2024-01-16T07:00:00,PRIMARY_PRES_01,161.252
2024-01-16T07:00:00,PRIMARY_TEMP_01,327.3767
2024-01-16T07:00:00,PRIMARY_FLOW_01,467.4471
2024-01-16T07:00:00,PRIMARY_LEVEL_01,63.4946
2024-01-16T07:01:00,COOLING_TEMP_01,87.492
2024-01-16T07:01:00,COOLING_PRES_01,13.0263
2024-01-16T07:01:00,COOLING_FLOW_01,169.2163
2024-01-16T07:01:00,PRIMARY_PRES_01,161.8538
2024-01-16T07:01:00,PRIMARY_TEMP_01,326.5495
2024-01-16T07:01:00,PRIMARY_FLOW_01,474.4177
2024-01-16T07:02:00,COOLING_TEMP_01,87.1615
2024-01-16T07:02:00,COOLING_PRES_01,13.1985
2024-01-16T07:02:00,COOLING_FLOW_01,162.4787
2024-01-16T07:02:00,COOLING_HEAT_01,28.9444
2024-01-16T07:02:00,PRIMARY_PRES_01,161.5925
2024-01-16T07:02:00,PRIMARY_TEMP_01,327.3829
2024-01-16T07:02:00,PRIMARY_FLOW_01,476.0813
2024-01-16T07:02:00,PRIMARY_LEVEL_01,63.3395
2024-01-16T07:03:00,COOLING_TEMP_01,86.8674
2024-01-16T07:03:00,COOLING_PRES_01,13.1677
2024-01-16T07:03:00,COOLING_FLOW_01,172.9491
2024-01-16T07:03:00,PRIMARY_PRES_01,161.567
2024-01-16T07:03:00,PRIMARY_TEMP_01,328.2096
2024-01-16T07:03:00,PRIMARY_FLOW_01,471.2257
2024-01-16T07:04:00,COOLING_TEMP_01,86.9037
2024-01-16T07:04:00,COOLING_PRES_01,13.1803
2024-01-16T07:04:00,COOLING_FLOW_01,170.2672
2024-01-16T07:04:00,COOLING_HEAT_01,28.7125
2024-01-16T07:04:00,PRIMARY_PRES_01,161.0607
2024-01-16T07:04:00,PRIMARY_TEMP_01,326.7713
2024-01-16T07:04:00,PRIMARY_FLOW_01,474.5571
2024-01-16T07:04:00,PRIMARY_LEVEL_01,63.13
2024-01-16T07:05:00,COOLING_TEMP_01,86.7456
2024-01-16T07:05:00,COOLING_PRES_01,13.1783
2024-01-16T07:05:00,COOLING_FLOW_01,169.3638
2024-01-16T07:05:00,PRIMARY_PRES_01,161.5885
2024-01-16T07:05:00,PRIMARY_TEMP_01,327.9199
2024-01-16T07:05:00,PRIMARY_FLOW_01,474.113
2024-01-16T07:06:00,COOLING_TEMP_01,86.8045
2024-01-16T07:06:00,COOLING_PRES_01,13.276
2024-01-16T07:06:00,COOLING_FLOW_01,175.0016
2024-01-16T07:06:00,COOLING_HEAT_01,28.7067
2024-01-16T07:06:00,PRIMARY_PRES_01,161.7968
2024-01-16T07:06:00,PRIMARY_TEMP_01,326.8765
2024-01-16T07:06:00,PRIMARY_FLOW_01,483.7252
2024-01-16T07:06:00,PRIMARY_LEVEL_01,62.8395
2024-01-16T07:07:00,COOLING_TEMP_01,86.2719
2024-01-16T07:07:00,COOLING_PRES_01,13.0369
2024-01-16T07:07:00,COOLING_FLOW_01,171.8143
2024-01-16T07:07:00,PRIMARY_PRES_01,161.7775
2024-01-16T07:07:00,PRIMARY_TEMP_01,328.2597
2024-01-16T07:07:00,PRIMARY_FLOW_01,478.3938
2024-01-16T07:08:00,COOLING_TEMP_01,87.6947
2024-01-16T07:08:00,COOLING_PRES_01,13.0601
2024-01-16T07:08:00,COOLING_FLOW_01,165.5685
2024-01-16T07:08:00,COOLING_HEAT_01,28.2368
2024-01-16T07:08:00,PRIMARY_PRES_01,161.3742
2024-01-16T07:08:00,PRIMARY_TEMP_01,327.2164
2024-01-16T07:08:00,PRIMARY_FLOW_01,470.3461
2024-01-16T07:08:00,PRIMARY_LEVEL_01,62.8626
2024-01-16T07:09:00,COOLING_TEMP_01,86.8018
2024-01-16T07:09:00,COOLING_PRES_01,13.1794
2024-01-16T07:09:00,COOLING_FLOW_01,172.0345
2024-01-16T07:09:00,PRIMARY_PRES_01,161.2412
2024-01-16T07:09:00,PRIMARY_TEMP_01,327.2227
2024-01-16T07:09:00,PRIMARY_FLOW_01,466.3434
2024-01-16T07:10:00,COOLING_TEMP_01,87.8661
2024-01-16T07:10:00,COOLING_PRES_01,13.3348
2024-01-16T07:10:00,COOLING_FLOW_01,169.9722
2024-01-16T07:10:00,COOLING_HEAT_01,28.6028
2024-01-16T07:10:00,PRIMARY_PRES_01,161.4669
2024-01-16T07:10:00,PRIMARY_TEMP_01,327.7411
2024-01-16T07:10:00,PRIMARY_FLOW_01,477.5625
2024-01-16T07:10:00,PRIMARY_LEVEL_01,62.952
2024-01-16T07:11:00,COOLING_TEMP_01,87.4565
2024-01-16T07:11:00,COOLING_PRES_01,12.9601
2024-01-16T07:11:00,COOLING_FLOW_01,166.2588
2024-01-16T07:11:00,PRIMARY_PRES_01,161.3413
2024-01-16T07:11:00,PRIMARY_TEMP_01,327.7338
2024-01-16T07:11:00,PRIMARY_FLOW_01,471.4091
2024-01-16T07:12:00,COOLING_TEMP_01,86.7249
2024-01-16T07:12:00,COOLING_PRES_01,13.3154
2024-01-16T07:12:00,COOLING_FLOW_01,170.5759
2024-01-16T07:12:00,COOLING_HEAT_01,28.5473
2024-01-16T07:12:00,PRIMARY_PRES_01,161.6369
2024-01-16T07:12:00,PRIMARY_TEMP_01,326.3832
2024-01-16T07:12:00,PRIMARY_FLOW_01,473.4707
2024-01-16T07:12:00,PRIMARY_LEVEL_01,62.7396
2024-01-16T07:13:00,COOLING_TEMP_01,87.1027
2024-01-16T07:13:00,COOLING_PRES_01,13.1096
2024-01-16T07:13:00,COOLING_FLOW_01,169.1666
2024-01-16T07:13:00,PRIMARY_PRES_01,161.6546
2024-01-16T07:13:00,PRIMARY_TEMP_01,330.5047
2024-01-16T07:13:00,PRIMARY_FLOW_01,475.4245
2024-01-16T07:14:00,COOLING_TEMP_01,86.5951
2024-01-16T07:14:00,COOLING_PRES_01,13.0835
2024-01-16T07:14:00,COOLING_FLOW_01,170.0559
2024-01-16T07:14:00,COOLING_HEAT_01,28.6128
2024-01-16T07:14:00,PRIMARY_PRES_01,161.4017
2024-01-16T07:14:00,PRIMARY_TEMP_01,328.9095
2024-01-16T07:14:00,PRIMARY_FLOW_01,466.3314
2024-01-16T07:14:00,PRIMARY_LEVEL_01,62.7839
2024-01-16T07:15:00,COOLING_TEMP_01,86.4454
2024-01-16T07:15:00,COOLING_PRES_01,13.2053
2024-01-16T07:15:00,COOLING_FLOW_01,172.3785
2024-01-16T07:15:00,PRIMARY_PRES_01,161.0024
2024-01-16T07:15:00,PRIMARY_TEMP_01,326.5238
2024-01-16T07:15:00,PRIMARY_FLOW_01,470.1669
2024-01-16T07:16:00,COOLING_TEMP_01,87.0217
2024-01-16T07:16:00,COOLING_PRES_01,13.0599
2024-01-16T07:16:00,COOLING_FLOW_01,167.8967
2024-01-16T07:16:00,COOLING_HEAT_01,28.1499
2024-01-16T07:16:00,PRIMARY_PRES_01,161.769
2024-01-16T07:16:00,PRIMARY_TEMP_01,328.3352
2024-01-16T07:16:00,PRIMARY_FLOW_01,469.2941
2024-01-16T07:16:00,PRIMARY_LEVEL_01,62.8734
2024-01-16T07:17:00,COOLING_TEMP_01,87.985
2024-01-16T07:17:00,COOLING_PRES_01,13.3841
2024-01-16T07:17:00,COOLING_FLOW_01,164.3198
2024-01-16T07:17:00,PRIMARY_PRES_01,161.6547
2024-01-16T07:17:00,PRIMARY_TEMP_01,331.2948
2024-01-16T07:17:00,PRIMARY_FLOW_01,462.0087
2024-01-16T07:18:00,COOLING_TEMP_01,85.2895
2024-01-16T07:18:00,COOLING_PRES_01,13.2361
2024-01-16T07:18:00,COOLING_FLOW_01,168.8473
2024-01-16T07:18:00,COOLING_HEAT_01,29.0217
2024-01-16T07:18:00,PRIMARY_PRES_01,161.7289
2024-01-16T07:18:00,PRIMARY_TEMP_01,325.5309
2024-01-16T07:18:00,PRIMARY_FLOW_01,462.7768
2024-01-16T07:18:00,PRIMARY_LEVEL_01,63.1212
2024-01-16T07:19:00,COOLING_TEMP_01,87.3189
2024-01-16T07:19:00,COOLING_PRES_01,13.1222
2024-01-16T07:19:00,COOLING_FLOW_01,171.39
2024-01-16T07:19:00,PRIMARY_PRES_01,161.8396
2024-01-16T07:19:00,PRIMARY_TEMP_01,329.9836
2024-01-16T07:19:00,PRIMARY_FLOW_01,476.1547
2024-01-16T07:20:00,COOLING_TEMP_01,88.4542
2024-01-16T07:20:00,COOLING_PRES_01,13.1506
2024-01-16T07:20:00,COOLING_FLOW_01,170.8781
2024-01-16T07:20:00,COOLING_HEAT_01,28.2263
2024-01-16T07:20:00,PRIMARY_PRES_01,161.3012
2024-01-16T07:20:00,PRIMARY_TEMP_01,330.8218
2024-01-16T07:20:00,PRIMARY_FLOW_01,474.4421
2024-01-16T07:20:00,PRIMARY_LEVEL_01,63.723
2024-01-16T07:21:00,COOLING_TEMP_01,86.936
2024-01-16T07:21:00,COOLING_PRES_01,13.1585
2024-01-16T07:21:00,COOLING_FLOW_01,164.6357
2024-01-16T07:21:00,PRIMARY_PRES_01,161.3644
2024-01-16T07:21:00,PRIMARY_TEMP_01,328.0112
2024-01-16T07:21:00,PRIMARY_FLOW_01,460.1408
2024-01-16T07:22:00,COOLING_TEMP_01,86.2561
2024-01-16T07:22:00,COOLING_PRES_01,13.2387
2024-01-16T07:22:00,COOLING_FLOW_01,165.9079
2024-01-16T07:22:00,COOLING_HEAT_01,28.1308
2024-01-16T07:22:00,PRIMARY_PRES_01,161.5139
2024-01-16T07:22:00,PRIMARY_TEMP_01,328.9669
2024-01-16T07:22:00,PRIMARY_FLOW_01,459.9319
2024-01-16T07:22:00,PRIMARY_LEVEL_01,62.6093
2024-01-16T07:23:00,COOLING_TEMP_01,87.5487
2024-01-16T07:23:00,COOLING_PRES_01,13.2437
2024-01-16T07:23:00,COOLING_FLOW_01,169.6186
2024-01-16T07:23:00,PRIMARY_PRES_01,162.1716
2024-01-16T07:23:00,PRIMARY_TEMP_01,329.9751
2024-01-16T07:23:00,PRIMARY_FLOW_01,469.1712
2024-01-16T07:24:00,COOLING_TEMP_01,86.5738
2024-01-16T07:24:00,COOLING_PRES_01,13.423
2024-01-16T07:24:00,COOLING_FLOW_01,169.1229
2024-01-16T07:24:00,COOLING_HEAT_01,28.1985
2024-01-16T07:24:00,PRIMARY_PRES_01,161.8344
2024-01-16T07:24:00,PRIMARY_TEMP_01,327.0344
2024-01-16T07:24:00,PRIMARY_FLOW_01,463.5792
2024-01-16T07:24:00,PRIMARY_LEVEL_01,63.0825
2024-01-16T07:25:00,COOLING_TEMP_01,87.4599
2024-01-16T07:25:00,COOLING_PRES_01,13.2909
2024-01-16T07:25:00,COOLING_FLOW_01,170.134
2024-01-16T07:25:00,PRIMARY_PRES_01,161.3673
2024-01-16T07:25:00,PRIMARY_TEMP_01,327.8158
2024-01-16T07:25:00,PRIMARY_FLOW_01,470.8775
2024-01-16T07:26:00,COOLING_TEMP_01,86.3565
2024-01-16T07:26:00,COOLING_PRES_01,13.2341
2024-01-16T07:26:00,COOLING_FLOW_01,170.0873
2024-01-16T07:26:00,COOLING_HEAT_01,28.7329
2024-01-16T07:26:00,PRIMARY_PRES_01,162.1654
2024-01-16T07:26:00,PRIMARY_TEMP_01,325.8933
2024-01-16T07:26:00,PRIMARY_FLOW_01,460.0768
2024-01-16T07:26:00,PRIMARY_LEVEL_01,64.0048
2024-01-16T07:27:00,COOLING_TEMP_01,86.4162
2024-01-16T07:27:00,COOLING_PRES_01,13.1294
2024-01-16T07:27:00,COOLING_FLOW_01,168.5421
2024-01-16T07:27:00,PRIMARY_PRES_01,161.8544
2024-01-16T07:27:00,PRIMARY_TEMP_01,330.0897
2024-01-16T07:27:00,PRIMARY_FLOW_01,463.6301
2024-01-16T07:28:00,COOLING_TEMP_01,87.2957
2024-01-16T07:28:00,COOLING_PRES_01,13.1941
2024-01-16T07:28:00,COOLING_FLOW_01,166.2964
2024-01-16T07:28:00,COOLING_HEAT_01,28.3976
2024-01-16T07:28:00,PRIMARY_PRES_01,161.9157
2024-01-16T07:28:00,PRIMARY_TEMP_01,327.8345
2024-01-16T07:28:00,PRIMARY_FLOW_01,464.9334
2024-01-16T07:28:00,PRIMARY_LEVEL_01,64.4083
2024-01-16T07:29:00,COOLING_TEMP_01,86.2701
2024-01-16T07:29:00,COOLING_PRES_01,13.1579
2024-01-16T07:29:00,COOLING_FLOW_01,168.1907
2024-01-16T07:29:00,PRIMARY_PRES_01,161.3535
2024-01-16T07:29:00,PRIMARY_TEMP_01,328.2665
2024-01-16T07:29:00,PRIMARY_FLOW_01,460.9511
2024-01-16T07:30:00,COOLING_TEMP_01,87.2718
2024-01-16T07:30:00,COOLING_PRES_01,13.2456
2024-01-16T07:30:00,COOLING_FLOW_01,167.7433
2024-01-16T07:30:00,COOLING_HEAT_01,28.3468
2024-01-16T07:30:00,PRIMARY_PRES_01,161.6992
2024-01-16T07:30:00,PRIMARY_TEMP_01,328.8765
2024-01-16T07:30:00,PRIMARY_FLOW_01,462.7453
2024-01-16T07:30:00,PRIMARY_LEVEL_01,63.8004
2024-01-16T07:31:00,COOLING_TEMP_01,86.0416
2024-01-16T07:31:00,COOLING_PRES_01,13.1067
2024-01-16T07:31:00,COOLING_FLOW_01,167.0066
2024-01-16T07:31:00,PRIMARY_PRES_01,162.1882
2024-01-16T07:31:00,PRIMARY_TEMP_01,330.173
2024-01-16T07:31:00,PRIMARY_FLOW_01,461.6607
2024-01-16T07:32:00,COOLING_TEMP_01,87.6259
2024-01-16T07:32:00,COOLING_PRES_01,13.2087
2024-01-16T07:32:00,COOLING_FLOW_01,168.6049
2024-01-16T07:32:00,COOLING_HEAT_01,28.3953
2024-01-16T07:32:00,PRIMARY_PRES_01,161.3975
2024-01-16T07:32:00,PRIMARY_TEMP_01,330.4965
2024-01-16T07:32:00,PRIMARY_FLOW_01,469.0789
2024-01-16T07:32:00,PRIMARY_LEVEL_01,62.5954
2024-01-16T07:33:00,COOLING_TEMP_01,88.1347
2024-01-16T07:33:00,COOLING_PRES_01,13.2778
2024-01-16T07:33:00,COOLING_FLOW_01,168.6693
2024-01-16T07:33:00,PRIMARY_PRES_01,162.0498
2024-01-16T07:33:00,PRIMARY_TEMP_01,329.0466
2024-01-16T07:33:00,PRIMARY_FLOW_01,473.0884
2024-01-16T07:34:00,COOLING_TEMP_01,86.9847
2024-01-16T07:34:00,COOLING_PRES_01,13.2622
2024-01-16T07:34:00,COOLING_FLOW_01,174.373
2024-01-16T07:34:00,COOLING_HEAT_01,28.4487
2024-01-16T07:34:00,PRIMARY_PRES_01,162.4083
2024-01-16T07:34:00,PRIMARY_TEMP_01,330.3377
2024-01-16T07:34:00,PRIMARY_FLOW_01,468.387
2024-01-16T07:34:00,PRIMARY_LEVEL_01,62.8944
2024-01-16T07:35:00,COOLING_TEMP_01,88.3605
2024-01-16T07:35:00,COOLING_PRES_01,13.2665
2024-01-16T07:35:00,COOLING_FLOW_01,172.3895
2024-01-16T07:35:00,PRIMARY_PRES_01,162.7745
2024-01-16T07:35:00,PRIMARY_TEMP_01,329.4153
2024-01-16T07:35:00,PRIMARY_FLOW_01,459.734
2024-01-16T07:36:00,COOLING_TEMP_01,87.3621
2024-01-16T07:36:00,COOLING_PRES_01,13.1994
2024-01-16T07:36:00,COOLING_FLOW_01,169.0168
2024-01-16T07:36:00,COOLING_HEAT_01,28.7424
2024-01-16T07:36:00,PRIMARY_PRES_01,162.6606
2024-01-16T07:36:00,PRIMARY_TEMP_01,330.678
2024-01-16T07:36:00,PRIMARY_FLOW_01,460.9468
2024-01-16T07:36:00,PRIMARY_LEVEL_01,64.4194
2024-01-16T07:37:00,COOLING_TEMP_01,87.408
2024-01-16T07:37:00,COOLING_PRES_01,13.0836
2024-01-16T07:37:00,COOLING_FLOW_01,169.3123
2024-01-16T07:37:00,PRIMARY_PRES_01,161.8358
2024-01-16T07:37:00,PRIMARY_TEMP_01,328.8417
2024-01-16T07:37:00,PRIMARY_FLOW_01,453.88
2024-01-16T07:38:00,COOLING_TEMP_01,86.2203
2024-01-16T07:38:00,COOLING_PRES_01,13.0315
2024-01-16T07:38:00,COOLING_FLOW_01,166.0347
2024-01-16T07:38:00,COOLING_HEAT_01,28.2858
2024-01-16T07:38:00,PRIMARY_PRES_01,162.1455
2024-01-16T07:38:00,PRIMARY_TEMP_01,329.9136
2024-01-16T07:38:00,PRIMARY_FLOW_01,453.0338
2024-01-16T07:38:00,PRIMARY_LEVEL_01,63.9782
2024-01-16T07:39:00,COOLING_TEMP_01,87.1495
2024-01-16T07:39:00,COOLING_PRES_01,13.3533
2024-01-16T07:39:00,COOLING_FLOW_01,163.6421
2024-01-16T07:39:00,PRIMARY_PRES_01,162.3526
2024-01-16T07:39:00,PRIMARY_TEMP_01,330.7607
2024-01-16T07:39:00,PRIMARY_FLOW_01,458.0177
2024-01-16T07:40:00,COOLING_TEMP_01,86.913
2024-01-16T07:40:00,COOLING_PRES_01,13.2537
2024-01-16T07:40:00,COOLING_FLOW_01,167.1822
2024-01-16T07:40:00,COOLING_HEAT_01,28.5074
2024-01-16T07:40:00,PRIMARY_PRES_01,162.0023
2024-01-16T07:40:00,PRIMARY_TEMP_01,327.4187
2024-01-16T07:40:00,PRIMARY_FLOW_01,461.0557
2024-01-16T07:40:00,PRIMARY_LEVEL_01,64.0501
2024-01-16T07:41:00,COOLING_TEMP_01,88.2849
2024-01-16T07:41:00,COOLING_PRES_01,12.9964
2024-01-16T07:41:00,COOLING_FLOW_01,162.6549
2024-01-16T07:41:00,PRIMARY_PRES_01,162.0082
2024-01-16T07:41:00,PRIMARY_TEMP_01,330.4501
2024-01-16T07:41:00,PRIMARY_FLOW_01,460.6628
2024-01-16T07:42:00,COOLING_TEMP_01,87.9777
2024-01-16T07:42:00,COOLING_PRES_01,13.307
2024-01-16T07:42:00,COOLING_FLOW_01,169.892
2024-01-16T07:42:00,COOLING_HEAT_01,27.9627
2024-01-16T07:42:00,PRIMARY_PRES_01,162.0835
2024-01-16T07:42:00,PRIMARY_TEMP_01,330.9656
2024-01-16T07:42:00,PRIMARY_FLOW_01,452.352
2024-01-16T07:42:00,PRIMARY_LEVEL_01,64.6777
2024-01-16T07:43:00,COOLING_TEMP_01,87.4953
2024-01-16T07:43:00,COOLING_PRES_01,13.0744
2024-01-16T07:43:00,COOLING_FLOW_01,177.3343
2024-01-16T07:43:00,PRIMARY_PRES_01,162.3191
2024-01-16T07:43:00,PRIMARY_TEMP_01,330.1891
2024-01-16T07:43:00,PRIMARY_FLOW_01,465.0992
2024-01-16T07:44:00,COOLING_TEMP_01,87.7324
2024-01-16T07:44:00,COOLING_PRES_01,13.071
2024-01-16T07:44:00,COOLING_FLOW_01,170.2332
2024-01-16T07:44:00,COOLING_HEAT_01,28.4612
2024-01-16T07:44:00,PRIMARY_PRES_01,161.7034
2024-01-16T07:44:00,PRIMARY_TEMP_01,329.4261
2024-01-16T07:44:00,PRIMARY_FLOW_01,454.5817
2024-01-16T07:44:00,PRIMARY_LEVEL_01,64.2798
2024-01-16T07:45:00,COOLING_TEMP_01,87.2461
2024-01-16T07:45:00,COOLING_PRES_01,13.3049
2024-01-16T07:45:00,COOLING_FLOW_01,164.6229
2024-01-16T07:45:00,PRIMARY_PRES_01,162.4536
2024-01-16T07:45:00,PRIMARY_TEMP_01,330.7037
2024-01-16T07:45:00,PRIMARY_FLOW_01,466.7549
2024-01-16T07:46:00,COOLING_TEMP_01,86.5081
2024-01-16T07:46:00,COOLING_PRES_01,13.1505
2024-01-16T07:46:00,COOLING_FLOW_01,166.0019
2024-01-16T07:46:00,COOLING_HEAT_01,28.7099
2024-01-16T07:46:00,PRIMARY_PRES_01,161.8493
2024-01-16T07:46:00,PRIMARY_TEMP_01,328.7988
2024-01-16T07:46:00,PRIMARY_FLOW_01,470.2792
2024-01-16T07:46:00,PRIMARY_LEVEL_01,63.8408
2024-01-16T07:47:00,COOLING_TEMP_01,87.6395
2024-01-16T07:47:00,COOLING_PRES_01,13.28
2024-01-16T07:47:00,COOLING_FLOW_01,166.9619
2024-01-16T07:47:00,PRIMARY_PRES_01,162.0319
2024-01-16T07:47:00,PRIMARY_TEMP_01,330.4301
2024-01-16T07:47:00,PRIMARY_FLOW_01,452.1571
2024-01-16T07:48:00,COOLING_TEMP_01,86.4396
2024-01-16T07:48:00,COOLING_PRES_01,13.2314
2024-01-16T07:48:00,COOLING_FLOW_01,175.7569
2024-01-16T07:48:00,COOLING_HEAT_01,28.5117
2024-01-16T07:48:00,PRIMARY_PRES_01,161.6967
2024-01-16T07:48:00,PRIMARY_TEMP_01,331.2007
2024-01-16T07:48:00,PRIMARY_FLOW_01,452.9747
2024-01-16T07:48:00,PRIMARY_LEVEL_01,63.7673
2024-01-16T07:49:00,COOLING_TEMP_01,86.4746
2024-01-16T07:49:00,COOLING_PRES_01,13.5483
2024-01-16T07:49:00,COOLING_FLOW_01,172.6702
2024-01-16T07:49:00,PRIMARY_PRES_01,161.4811
2024-01-16T07:49:00,PRIMARY_TEMP_01,330.92
2024-01-16T07:49:00,PRIMARY_FLOW_01,463.3317
2024-01-16T07:50:00,COOLING_TEMP_01,86.1014
2024-01-16T07:50:00,COOLING_PRES_01,13.0987
2024-01-16T07:50:00,COOLING_FLOW_01,168.172
2024-01-16T07:50:00,COOLING_HEAT_01,28.4598
2024-01-16T07:50:00,PRIMARY_PRES_01,161.8796
2024-01-16T07:50:00,PRIMARY_TEMP_01,327.8592
2024-01-16T07:50:00,PRIMARY_FLOW_01,459.0997
2024-01-16T07:50:00,PRIMARY_LEVEL_01,64.5186
2024-01-16T07:51:00,COOLING_TEMP_01,87.3409
2024-01-16T07:51:00,COOLING_PRES_01,13.2179
2024-01-16T07:51:00,COOLING_FLOW_01,173.2408
2024-01-16T07:51:00,PRIMARY_PRES_01,162.5297
2024-01-16T07:51:00,PRIMARY_TEMP_01,332.2401
2024-01-16T07:51:00,PRIMARY_FLOW_01,447.2894
2024-01-16T07:52:00,COOLING_TEMP_01,86.9303
2024-01-16T07:52:00,COOLING_PRES_01,13.2371
2024-01-16T07:52:00,COOLING_FLOW_01,171.3489
2024-01-16T07:52:00,COOLING_HEAT_01,28.6544
2024-01-16T07:52:00,PRIMARY_PRES_01,162.6955
2024-01-16T07:52:00,PRIMARY_TEMP_01,330.4427
2024-01-16T07:52:00,PRIMARY_FLOW_01,454.8908
2024-01-16T07:52:00,PRIMARY_LEVEL_01,65.646
2024-01-16T07:53:00,COOLING_TEMP_01,87.5968
2024-01-16T07:53:00,COOLING_PRES_01,13.384
2024-01-16T07:53:00,COOLING_FLOW_01,173.7121
2024-01-16T07:53:00,PRIMARY_PRES_01,162.4937
2024-01-16T07:53:00,PRIMARY_TEMP_01,330.2233
2024-01-16T07:53:00,PRIMARY_FLOW_01,457.4141
2024-01-16T07:54:00,COOLING_TEMP_01,86.3497
2024-01-16T07:54:00,COOLING_PRES_01,13.3412
2024-01-16T07:54:00,COOLING_FLOW_01,170.973
2024-01-16T07:54:00,COOLING_HEAT_01,28.3433
2024-01-16T07:54:00,PRIMARY_PRES_01,162.7091
2024-01-16T07:54:00,PRIMARY_TEMP_01,328.1786
2024-01-16T07:54:00,PRIMARY_FLOW_01,450.568
2024-01-16T07:54:00,PRIMARY_LEVEL_01,64.8789
2024-01-16T07:55:00,COOLING_TEMP_01,86.6696
2024-01-16T07:55:00,COOLING_PRES_01,13.114
2024-01-16T07:55:00,COOLING_FLOW_01,168.1176
2024-01-16T07:55:00,PRIMARY_PRES_01,162.1605
2024-01-16T07:55:00,PRIMARY_TEMP_01,330.3733
2024-01-16T07:55:00,PRIMARY_FLOW_01,446.8939
2024-01-16T07:56:00,COOLING_TEMP_01,87.528
2024-01-16T07:56:00,COOLING_PRES_01,13.2475
2024-01-16T07:56:00,COOLING_FLOW_01,167.7093
2024-01-16T07:56:00,COOLING_HEAT_01,28.7413
2024-01-16T07:56:00,PRIMARY_PRES_01,162.5209
2024-01-16T07:56:00,PRIMARY_TEMP_01,331.9533
2024-01-16T07:56:00,PRIMARY_FLOW_01,458.3742
2024-01-16T07:56:00,PRIMARY_LEVEL_01,64.601
2024-01-16T07:57:00,COOLING_TEMP_01,86.4938
2024-01-16T07:57:00,COOLING_PRES_01,13.1869
2024-01-16T07:57:00,COOLING_FLOW_01,166.61
2024-01-16T07:57:00,PRIMARY_PRES_01,162.1799
2024-01-16T07:57:00,PRIMARY_TEMP_01,330.8139
2024-01-16T07:57:00,PRIMARY_FLOW_01,451.0029
2024-01-16T07:58:00,COOLING_TEMP_01,86.7879
2024-01-16T07:58:00,COOLING_PRES_01,13.2795
2024-01-16T07:58:00,COOLING_FLOW_01,168.2488
2024-01-16T07:58:00,COOLING_HEAT_01,28.4543
2024-01-16T07:58:00,PRIMARY_PRES_01,161.5982
2024-01-16T07:58:00,PRIMARY_TEMP_01,329.1789
2024-01-16T07:58:00,PRIMARY_FLOW_01,458.244
2024-01-16T07:58:00,PRIMARY_LEVEL_01,64.9956
2024-01-16T07:59:00,COOLING_TEMP_01,86.756
2024-01-16T07:59:00,COOLING_PRES_01,13.2022
2024-01-16T07:59:00,COOLING_FLOW_01,170.448
2024-01-16T07:59:00,PRIMARY_PRES_01,162.6265
2024-01-16T07:59:00,PRIMARY_TEMP_01,329.0223
2024-01-16T07:59:00,PRIMARY_FLOW_01,451.597
2024-01-16T08:00:00,COOLING_TEMP_01,86.7926
2024-01-16T08:00:00,COOLING_PRES_01,13.2549
2024-01-16T08:00:00,COOLING_FLOW_01,170.0024
2024-01-16T08:00:00,COOLING_HEAT_01,28.3552
2024-01-16T08:00:00,PRIMARY_PRES_01,162.6239
2024-01-16T08:00:00,PRIMARY_TEMP_01,329.5414
2024-01-16T08:00:00,PRIMARY_FLOW_01,448.6906
2024-01-16T08:00:00,PRIMARY_LEVEL_01,65.2875
2024-01-16T08:01:00,COOLING_TEMP_01,87.0285
2024-01-16T08:01:00,COOLING_PRES_01,13.2053
2024-01-16T08:01:00,COOLING_FLOW_01,168.0022
2024-01-16T08:01:00,PRIMARY_PRES_01,162.2248
2024-01-16T08:01:00,PRIMARY_TEMP_01,331.1225
2024-01-16T08:01:00,PRIMARY_FLOW_01,461.2581
2024-01-16T08:02:00,COOLING_TEMP_01,87.0614
2024-01-16T08:02:00,COOLING_PRES_01,13.3338
2024-01-16T08:02:00,COOLING_FLOW_01,170.0109
2024-01-16T08:02:00,COOLING_HEAT_01,28.5396
2024-01-16T08:02:00,PRIMARY_PRES_01,162.4179
2024-01-16T08:02:00,PRIMARY_TEMP_01,331.3265
2024-01-16T08:02:00,PRIMARY_FLOW_01,459.6696
2024-01-16T08:02:00,PRIMARY_LEVEL_01,65.2074
2024-01-16T08:03:00,COOLING_TEMP_01,86.4251
2024-01-16T08:03:00,COOLING_PRES_01,13.2178
2024-01-16T08:03:00,COOLING_FLOW_01,172.3355
2024-01-16T08:03:00,PRIMARY_PRES_01,161.5153
2024-01-16T08:03:00,PRIMARY_TEMP_01,330.4295
2024-01-16T08:03:00,PRIMARY_FLOW_01,456.7913
2024-01-16T08:04:00,COOLING_TEMP_01,87.4007
2024-01-16T08:04:00,COOLING_PRES_01,12.9534
2024-01-16T08:04:00,COOLING_FLOW_01,168.8007
2024-01-16T08:04:00,COOLING_HEAT_01,28.3549
2024-01-16T08:04:00,PRIMARY_PRES_01,162.309
2024-01-16T08:04:00,PRIMARY_TEMP_01,331.7004
2024-01-16T08:04:00,PRIMARY_FLOW_01,453.6729
2024-01-16T08:04:00,PRIMARY_LEVEL_01,63.9684
2024-01-16T08:05:00,COOLING_TEMP_01,86.7921
2024-01-16T08:05:00,COOLING_PRES_01,13.2952
2024-01-16T08:05:00,COOLING_FLOW_01,170.7383
2024-01-16T08:05:00,PRIMARY_PRES_01,162.9523
2024-01-16T08:05:00,PRIMARY_TEMP_01,331.0835
2024-01-16T08:05:00,PRIMARY_FLOW_01,443.6822
2024-01-16T08:06:00,COOLING_TEMP_01,85.8285
2024-01-16T08:06:00,COOLING_PRES_01,13.3115
2024-01-16T08:06:00,COOLING_FLOW_01,169.7852
2024-01-16T08:06:00,COOLING_HEAT_01,28.5141
2024-01-16T08:06:00,PRIMARY_PRES_01,162.4555
2024-01-16T08:06:00,PRIMARY_TEMP_01,330.5789
2024-01-16T08:06:00,PRIMARY_FLOW_01,449.1587
2024-01-16T08:06:00,PRIMARY_LEVEL_01,64.6347
2024-01-16T08:07:00,COOLING_TEMP_01,86.3635
2024-01-16T08:07:00,COOLING_PRES_01,13.2543
2024-01-16T08:07:00,COOLING_FLOW_01,166.4615
2024-01-16T08:07:00,PRIMARY_PRES_01,161.8343
2024-01-16T08:07:00,PRIMARY_TEMP_01,333.389
2024-01-16T08:07:00,PRIMARY_FLOW_01,452.0265
2024-01-16T08:08:00,COOLING_TEMP_01,86.5574
2024-01-16T08:08:00,COOLING_PRES_01,13.2375
2024-01-16T08:08:00,COOLING_FLOW_01,167.5292
2024-01-16T08:08:00,COOLING_HEAT_01,28.6293
2024-01-16T08:08:00,PRIMARY_PRES_01,162.5339
2024-01-16T08:08:00,PRIMARY_TEMP_01,332.0541
2024-01-16T08:08:00,PRIMARY_FLOW_01,446.8826
2024-01-16T08:08:00,PRIMARY_LEVEL_01,65.1669
2024-01-16T08:09:00,COOLING_TEMP_01,86.9192
2024-01-16T08:09:00,COOLING_PRES_01,13.1067
2024-01-16T08:09:00,COOLING_FLOW_01,174.458
2024-01-16T08:09:00,PRIMARY_PRES_01,162.9078
2024-01-16T08:09:00,PRIMARY_TEMP_01,331.0434
2024-01-16T08:09:00,PRIMARY_FLOW_01,461.7137
2024-01-16T08:10:00,COOLING_TEMP_01,87.1336
2024-01-16T08:10:00,COOLING_PRES_01,13.0101
2024-01-16T08:10:00,COOLING_FLOW_01,173.609
2024-01-16T08:10:00,COOLING_HEAT_01,28.6879
2024-01-16T08:10:00,PRIMARY_PRES_01,162.3473
2024-01-16T08:10:00,PRIMARY_TEMP_01,331.9339
2024-01-16T08:10:00,PRIMARY_FLOW_01,450.0241
2024-01-16T08:10:00,PRIMARY_LEVEL_01,64.5435
2024-01-16T08:11:00,COOLING_TEMP_01,87.2228
2024-01-16T08:11:00,COOLING_PRES_01,13.2606
2024-01-16T08:11:00,COOLING_FLOW_01,167.7795
2024-01-16T08:11:00,PRIMARY_PRES_01,162.3901
2024-01-16T08:11:00,PRIMARY_TEMP_01,334.1941
2024-01-16T08:11:00,PRIMARY_FLOW_01,446.253
2024-01-16T08:12:00,COOLING_TEMP_01,86.4577
2024-01-16T08:12:00,COOLING_PRES_01,13.2266
2024-01-16T08:12:00,COOLING_FLOW_01,164.9379
2024-01-16T08:12:00,COOLING_HEAT_01,27.9681
2024-01-16T08:12:00,PRIMARY_PRES_01,159.0329
2024-01-16T08:12:00,PRIMARY_TEMP_01,317.4747
2024-01-16T08:12:00,PRIMARY_FLOW_01,516.7467
2024-01-16T08:12:00,PRIMARY_LEVEL_01,58.6157
2024-01-16T08:13:00,COOLING_TEMP_01,86.6762
2024-01-16T08:13:00,COOLING_PRES_01,13.1617
2024-01-16T08:13:00,COOLING_FLOW_01,163.9871
2024-01-16T08:13:00,PRIMARY_PRES_01,159.2468
2024-01-16T08:13:00,PRIMARY_TEMP_01,318.3464
2024-01-16T08:13:00,PRIMARY_FLOW_01,508.1076
2024-01-16T08:14:00,COOLING_TEMP_01,87.096
2024-01-16T08:14:00,COOLING_PRES_01,13.3641
2024-01-16T08:14:00,COOLING_FLOW_01,169.9654
2024-01-16T08:14:00,COOLING_HEAT_01,28.3114
2024-01-16T08:14:00,PRIMARY_PRES_01,159.9482
2024-01-16T08:14:00,PRIMARY_TEMP_01,317.5635
2024-01-16T08:14:00,PRIMARY_FLOW_01,509.4956
2024-01-16T08:14:00,PRIMARY_LEVEL_01,58.7092
2024-01-16T08:15:00,COOLING_TEMP_01,86.7239
2024-01-16T08:15:00,COOLING_PRES_01,13.0502
2024-01-16T08:15:00,COOLING_FLOW_01,171.4966
2024-01-16T08:15:00,PRIMARY_PRES_01,159.4259
2024-01-16T08:15:00,PRIMARY_TEMP_01,321.0437
2024-01-16T08:15:00,PRIMARY_FLOW_01,521.8245
2024-01-16T08:16:00,COOLING_TEMP_01,87.3496
2024-01-16T08:16:00,COOLING_PRES_01,13.1868
2024-01-16T08:16:00,COOLING_FLOW_01,171.0083
2024-01-16T08:16:00,COOLING_HEAT_01,28.4743
2024-01-16T08:16:00,PRIMARY_PRES_01,159.7082
2024-01-16T08:16:00,PRIMARY_TEMP_01,320.3974
2024-01-16T08:16:00,PRIMARY_FLOW_01,516.8335
2024-01-16T08:16:00,PRIMARY_LEVEL_01,58.6642
2024-01-16T08:17:00,COOLING_TEMP_01,87.1739
2024-01-16T08:17:00,COOLING_PRES_01,13.1995
2024-01-16T08:17:00,COOLING_FLOW_01,169.9031
2024-01-16T08:17:00,PRIMARY_PRES_01,160.3248
2024-01-16T08:17:00,PRIMARY_TEMP_01,319.9818
2024-01-16T08:17:00,PRIMARY_FLOW_01,516.3594
2024-01-16T08:18:00,COOLING_TEMP_01,86.6463
2024-01-16T08:18:00,COOLING_PRES_01,13.1486
2024-01-16T08:18:00,COOLING_FLOW_01,169.1168
2024-01-16T08:18:00,COOLING_HEAT_01,28.3739
2024-01-16T08:18:00,PRIMARY_PRES_01,158.6253
2024-01-16T08:18:00,PRIMARY_TEMP_01,319.1352
2024-01-16T08:18:00,PRIMARY_FLOW_01,519.4134
2024-01-16T08:18:00,PRIMARY_LEVEL_01,58.1628
2024-01-16T08:19:00,COOLING_TEMP_01,87.2028
2024-01-16T08:19:00,COOLING_PRES_01,13.2867
2024-01-16T08:19:00,COOLING_FLOW_01,165.9271
2024-01-16T08:19:00,PRIMARY_PRES_01,159.4346
2024-01-16T08:19:00,PRIMARY_TEMP_01,319.3271
2024-01-16T08:19:00,PRIMARY_FLOW_01,510.3374
2024-01-16T08:20:00,COOLING_TEMP_01,87.0516
2024-01-16T08:20:00,COOLING_PRES_01,13.3594
2024-01-16T08:20:00,COOLING_FLOW_01,174.6117
2024-01-16T08:20:00,COOLING_HEAT_01,28.6128
2024-01-16T08:20:00,PRIMARY_PRES_01,158.9996
2024-01-16T08:20:00,PRIMARY_TEMP_01,320.3283
2024-01-16T08:20:00,PRIMARY_FLOW_01,510.1721
2024-01-16T08:20:00,PRIMARY_LEVEL_01,59.008
2024-01-16T08:21:00,COOLING_TEMP_01,86.3197
2024-01-16T08:21:00,COOLING_PRES_01,13.3104
2024-01-16T08:21:00,COOLING_FLOW_01,164.5242
2024-01-16T08:21:00,PRIMARY_PRES_01,159.2962
2024-01-16T08:21:00,PRIMARY_TEMP_01,320.2373
2024-01-16T08:21:00,PRIMARY_FLOW_01,512.2325
2024-01-16T08:22:00,COOLING_TEMP_01,86.9424
2024-01-16T08:22:00,COOLING_PRES_01,13.1928
2024-01-16T08:22:00,COOLING_FLOW_01,168.042
2024-01-16T08:22:00,COOLING_HEAT_01,28.6244
2024-01-16T08:22:00,PRIMARY_PRES_01,158.8599
2024-01-16T08:22:00,PRIMARY_TEMP_01,321.1985
2024-01-16T08:22:00,PRIMARY_FLOW_01,519.8614
2024-01-16T08:22:00,PRIMARY_LEVEL_01,59.7099
2024-01-16T08:23:00,COOLING_TEMP_01,86.6514
2024-01-16T08:23:00,COOLING_PRES_01,13.0494
2024-01-16T08:23:00,COOLING_FLOW_01,169.3124
2024-01-16T08:23:00,PRIMARY_PRES_01,159.2833
2024-01-16T08:23:00,PRIMARY_TEMP_01,319.6578
2024-01-16T08:23:00,PRIMARY_FLOW_01,517.6549
2024-01-16T08:24:00,COOLING_TEMP_01,86.978
2024-01-16T08:24:00,COOLING_PRES_01,13.1368
2024-01-16T08:24:00,COOLING_FLOW_01,169.0313
2024-01-16T08:24:00,COOLING_HEAT_01,28.0615
2024-01-16T08:24:00,PRIMARY_PRES_01,159.6359
2024-01-16T08:24:00,PRIMARY_TEMP_01,319.1977
2024-01-16T08:24:00,PRIMARY_FLOW_01,511.2253
2024-01-16T08:24:00,PRIMARY_LEVEL_01,58.5929
2024-01-16T08:25:00,COOLING_TEMP_01,86.6914
2024-01-16T08:25:00,COOLING_PRES_01,13.1412
2024-01-16T08:25:00,COOLING_FLOW_01,171.9914
2024-01-16T08:25:00,PRIMARY_PRES_01,159.5181
2024-01-16T08:25:00,PRIMARY_TEMP_01,318.7772
2024-01-16T08:25:00,PRIMARY_FLOW_01,519.7849
2024-01-16T08:26:00,COOLING_TEMP_01,86.2123
2024-01-16T08:26:00,COOLING_PRES_01,13.2166
2024-01-16T08:26:00,COOLING_FLOW_01,172.6103
2024-01-16T08:26:00,COOLING_HEAT_01,28.7011
2024-01-16T08:26:00,PRIMARY_PRES_01,159.3208
2024-01-16T08:26:00,PRIMARY_TEMP_01,318.4771
2024-01-16T08:26:00,PRIMARY_FLOW_01,514.9701
2024-01-16T08:26:00,PRIMARY_LEVEL_01,59.5189
2024-01-16T08:27:00,COOLING_TEMP_01,86.7613
2024-01-16T08:27:00,COOLING_PRES_01,13.0406
2024-01-16T08:27:00,COOLING_FLOW_01,168.1214
2024-01-16T08:27:00,PRIMARY_PRES_01,162.5878
2024-01-16T08:27:00,PRIMARY_TEMP_01,331.7742
2024-01-16T08:27:00,PRIMARY_FLOW_01,440.879
2024-01-16T08:28:00,COOLING_TEMP_01,87.7785
2024-01-16T08:28:00,COOLING_PRES_01,13.2268
2024-01-16T08:28:00,COOLING_FLOW_01,173.0747
2024-01-16T08:28:00,COOLING_HEAT_01,28.8105
2024-01-16T08:28:00,PRIMARY_PRES_01,162.7241
2024-01-16T08:28:00,PRIMARY_TEMP_01,335.0069
2024-01-16T08:28:00,PRIMARY_FLOW_01,455.4783
2024-01-16T08:28:00,PRIMARY_LEVEL_01,65.2508
2024-01-16T08:29:00,COOLING_TEMP_01,86.5864
2024-01-16T08:29:00,COOLING_PRES_01,13.192
2024-01-16T08:29:00,COOLING_FLOW_01,176.5061
2024-01-16T08:29:00,PRIMARY_PRES_01,163.2116
2024-01-16T08:29:00,PRIMARY_TEMP_01,332.861
2024-01-16T08:29:00,PRIMARY_FLOW_01,448.0303
2024-01-16T08:30:00,COOLING_TEMP_01,87.1544
2024-01-16T08:30:00,COOLING_PRES_01,13.048
2024-01-16T08:30:00,COOLING_FLOW_01,170.5285
2024-01-16T08:30:00,COOLING_HEAT_01,28.5272
2024-01-16T08:30:00,PRIMARY_PRES_01,162.7457
2024-01-16T08:30:00,PRIMARY_TEMP_01,334.6231
2024-01-16T08:30:00,PRIMARY_FLOW_01,440.7208
2024-01-16T08:30:00,PRIMARY_LEVEL_01,65.5307
2024-01-16T08:31:00,COOLING_TEMP_01,86.9176
2024-01-16T08:31:00,COOLING_PRES_01,13.4437
2024-01-16T08:31:00,COOLING_FLOW_01,171.387
2024-01-16T08:31:00,PRIMARY_PRES_01,163.3607
2024-01-16T08:31:00,PRIMARY_TEMP_01,335.0209
2024-01-16T08:31:00,PRIMARY_FLOW_01,449.0246
2024-01-16T08:32:00,COOLING_TEMP_01,86.8293
2024-01-16T08:32:00,COOLING_PRES_01,13.1862
2024-01-16T08:32:00,COOLING_FLOW_01,171.6858
2024-01-16T08:32:00,COOLING_HEAT_01,28.3921
2024-01-16T08:32:00,PRIMARY_PRES_01,163.0525
2024-01-16T08:32:00,PRIMARY_TEMP_01,331.4015
2024-01-16T08:32:00,PRIMARY_FLOW_01,450.0448
2024-01-16T08:32:00,PRIMARY_LEVEL_01,64.8066
2024-01-16T08:33:00,COOLING_TEMP_01,86.9823
2024-01-16T08:33:00,COOLING_PRES_01,13.1911
2024-01-16T08:33:00,COOLING_FLOW_01,167.5172
2024-01-16T08:33:00,PRIMARY_PRES_01,162.3845
2024-01-16T08:33:00,PRIMARY_TEMP_01,331.1908
2024-01-16T08:33:00,PRIMARY_FLOW_01,446.5811
2024-01-16T08:34:00,COOLING_TEMP_01,86.3137
2024-01-16T08:34:00,COOLING_PRES_01,13.2862
2024-01-16T08:34:00,COOLING_FLOW_01,165.2862
2024-01-16T08:34:00,COOLING_HEAT_01,28.4153
2024-01-16T08:34:00,PRIMARY_PRES_01,162.6393
2024-01-16T08:34:00,PRIMARY_TEMP_01,332.3413
2024-01-16T08:34:00,PRIMARY_FLOW_01,432.3717
2024-01-16T08:34:00,PRIMARY_LEVEL_01,66.2089
2024-01-16T08:35:00,COOLING_TEMP_01,87.0428
2024-01-16T08:35:00,COOLING_PRES_01,13.2812
2024-01-16T08:35:00,COOLING_FLOW_01,167.3855
2024-01-16T08:35:00,PRIMARY_PRES_01,163.3342
2024-01-16T08:35:00,PRIMARY_TEMP_01,333.0192
2024-01-16T08:35:00,PRIMARY_FLOW_01,433.6346
2024-01-16T08:36:00,COOLING_TEMP_01,86.5196
2024-01-16T08:36:00,COOLING_PRES_01,13.1281
2024-01-16T08:36:00,COOLING_FLOW_01,169.8085
2024-01-16T08:36:00,COOLING_HEAT_01,28.2901
2024-01-16T08:36:00,PRIMARY_PRES_01,163.1262
2024-01-16T08:36:00,PRIMARY_TEMP_01,330.8511
2024-01-16T08:36:00,PRIMARY_FLOW_01,437.6522
2024-01-16T08:36:00,PRIMARY_LEVEL_01,65.0467
2024-01-16T08:37:00,COOLING_TEMP_01,85.2408
2024-01-16T08:37:00,COOLING_PRES_01,13.217
2024-01-16T08:37:00,COOLING_FLOW_01,167.3731
2024-01-16T08:37:00,PRIMARY_PRES_01,162.6796
2024-01-16T08:37:00,PRIMARY_TEMP_01,334.3379
2024-01-16T08:37:00,PRIMARY_FLOW_01,448.7907
2024-01-16T08:38:00,COOLING_TEMP_01,86.3876
2024-01-16T08:38:00,COOLING_PRES_01,13.1701
2024-01-16T08:38:00,COOLING_FLOW_01,175.1453
2024-01-16T08:38:00,COOLING_HEAT_01,28.7386
2024-01-16T08:38:00,PRIMARY_PRES_01,162.9902
2024-01-16T08:38:00,PRIMARY_TEMP_01,332.4817
2024-01-16T08:38:00,PRIMARY_FLOW_01,440.7054
2024-01-16T08:38:00,PRIMARY_LEVEL_01,66.7387
2024-01-16T08:39:00,COOLING_TEMP_01,87.0499
2024-01-16T08:39:00,COOLING_PRES_01,13.0814
2024-01-16T08:39:00,COOLING_FLOW_01,173.6622
2024-01-16T08:39:00,PRIMARY_PRES_01,163.1945
2024-01-16T08:39:00,PRIMARY_TEMP_01,333.0229
2024-01-16T08:39:00,PRIMARY_FLOW_01,441.8759
2024-01-16T08:40:00,COOLING_TEMP_01,86.1847
2024-01-16T08:40:00,COOLING_PRES_01,13.4861
2024-01-16T08:40:00,COOLING_FLOW_01,169.9722
2024-01-16T08:40:00,COOLING_HEAT_01,28.3999
2024-01-16T08:40:00,PRIMARY_PRES_01,163.1288
2024-01-16T08:40:00,PRIMARY_TEMP_01,336.4668
2024-01-16T08:40:00,PRIMARY_FLOW_01,431.4633
2024-01-16T08:40:00,PRIMARY_LEVEL_01,66.0768
2024-01-16T08:41:00,COOLING_TEMP_01,85.9979
2024-01-16T08:41:00,COOLING_PRES_01,13.3263
2024-01-16T08:41:00,COOLING_FLOW_01,167.5968
2024-01-16T08:41:00,PRIMARY_PRES_01,163.2717
2024-01-16T08:41:00,PRIMARY_TEMP_01,331.5354
2024-01-16T08:41:00,PRIMARY_FLOW_01,434.6278
2024-01-16T08:42:00,COOLING_TEMP_01,87.3693
2024-01-16T08:42:00,COOLING_PRES_01,13.1324
2024-01-16T08:42:00,COOLING_FLOW_01,169.861
2024-01-16T08:42:00,COOLING_HEAT_01,27.7415
2024-01-16T08:42:00,PRIMARY_PRES_01,162.8542
2024-01-16T08:42:00,PRIMARY_TEMP_01,332.9842
2024-01-16T08:42:00,PRIMARY_FLOW_01,449.442
2024-01-16T08:42:00,PRIMARY_LEVEL_01,65.2523
2024-01-16T08:43:00,COOLING_TEMP_01,88.3001
2024-01-16T08:43:00,COOLING_PRES_01,13.1879
2024-01-16T08:43:00,COOLING_FLOW_01,167.557
2024-01-16T08:43:00,PRIMARY_PRES_01,163.3324
2024-01-16T08:43:00,PRIMARY_TEMP_01,334.504
2024-01-16T08:43:00,PRIMARY_FLOW_01,439.3186
2024-01-16T08:44:00,COOLING_TEMP_01,87.474
2024-01-16T08:44:00,COOLING_PRES_01,13.0807
2024-01-16T08:44:00,COOLING_FLOW_01,166.8954
2024-01-16T08:44:00,COOLING_HEAT_01,28.9935
2024-01-16T08:44:00,PRIMARY_PRES_01,162.88
2024-01-16T08:44:00,PRIMARY_TEMP_01,333.308
2024-01-16T08:44:00,PRIMARY_FLOW_01,431.4531
2024-01-16T08:44:00,PRIMARY_LEVEL_01,65.4231
2024-01-16T08:45:00,COOLING_TEMP_01,86.3733
2024-01-16T08:45:00,COOLING_PRES_01,13.1964
2024-01-16T08:45:00,COOLING_FLOW_01,173.4246
2024-01-16T08:45:00,PRIMARY_PRES_01,162.4463
2024-01-16T08:45:00,PRIMARY_TEMP_01,333.3103
2024-01-16T08:45:00,PRIMARY_FLOW_01,441.6032
2024-01-16T08:46:00,COOLING_TEMP_01,86.8032
2024-01-16T08:46:00,COOLING_PRES_01,13.3443
2024-01-16T08:46:00,COOLING_FLOW_01,172.0892
2024-01-16T08:46:00,COOLING_HEAT_01,28.2945
2024-01-16T08:46:00,PRIMARY_PRES_01,162.0802
2024-01-16T08:46:00,PRIMARY_TEMP_01,334.9185
2024-01-16T08:46:00,PRIMARY_FLOW_01,426.1128
2024-01-16T08:46:00,PRIMARY_LEVEL_01,65.3473
2024-01-16T08:47:00,COOLING_TEMP_01,86.9503
2024-01-16T08:47:00,COOLING_PRES_01,13.2433
2024-01-16T08:47:00,COOLING_FLOW_01,170.9462
2024-01-16T08:47:00,PRIMARY_PRES_01,163.3246
2024-01-16T08:47:00,PRIMARY_TEMP_01,333.5853
2024-01-16T08:47:00,PRIMARY_FLOW_01,430.8218
2024-01-16T08:48:00,COOLING_TEMP_01,87.6766
2024-01-16T08:48:00,COOLING_PRES_01,13.2183
2024-01-16T08:48:00,COOLING_FLOW_01,167.4632
2024-01-16T08:48:00,COOLING_HEAT_01,28.0724
2024-01-16T08:48:00,PRIMARY_PRES_01,163.1455
2024-01-16T08:48:00,PRIMARY_TEMP_01,333.4281
2024-01-16T08:48:00,PRIMARY_FLOW_01,443.2974
2024-01-16T08:48:00,PRIMARY_LEVEL_01,65.2169
2024-01-16T08:49:00,COOLING_TEMP_01,86.9191
2024-01-16T08:49:00,COOLING_PRES_01,13.3165
2024-01-16T08:49:00,COOLING_FLOW_01,167.5934
2024-01-16T08:49:00,PRIMARY_PRES_01,163.2492
2024-01-16T08:49:00,PRIMARY_TEMP_01,334.405
2024-01-16T08:49:00,PRIMARY_FLOW_01,448.9416
2024-01-16T08:50:00,COOLING_TEMP_01,87.1446
2024-01-16T08:50:00,COOLING_PRES_01,13.4248
2024-01-16T08:50:00,COOLING_FLOW_01,172.1291
2024-01-16T08:50:00,COOLING_HEAT_01,28.6239
2024-01-16T08:50:00,PRIMARY_PRES_01,163.2764
2024-01-16T08:50:00,PRIMARY_TEMP_01,333.9968
2024-01-16T08:50:00,PRIMARY_FLOW_01,438.2368
2024-01-16T08:50:00,PRIMARY_LEVEL_01,67.0581
2024-01-16T08:51:00,COOLING_TEMP_01,87.2748
2024-01-16T08:51:00,COOLING_PRES_01,13.1382
2024-01-16T08:51:00,COOLING_FLOW_01,162.4952
2024-01-16T08:51:00,PRIMARY_PRES_01,163.5665
2024-01-16T08:51:00,PRIMARY_TEMP_01,333.9103
2024-01-16T08:51:00,PRIMARY_FLOW_01,439.6177
2024-01-16T08:52:00,COOLING_TEMP_01,85.751
2024-01-16T08:52:00,COOLING_PRES_01,13.0716
2024-01-16T08:52:00,COOLING_FLOW_01,171.8173
2024-01-16T08:52:00,COOLING_HEAT_01,27.7621
2024-01-16T08:52:00,PRIMARY_PRES_01,162.6096
2024-01-16T08:52:00,PRIMARY_TEMP_01,333.4853
2024-01-16T08:52:00,PRIMARY_FLOW_01,443.2909
2024-01-16T08:52:00,PRIMARY_LEVEL_01,66.8588
2024-01-16T08:53:00,COOLING_TEMP_01,86.8046
2024-01-16T08:53:00,COOLING_PRES_01,13.1946
2024-01-16T08:53:00,COOLING_FLOW_01,162.0388
2024-01-16T08:53:00,PRIMARY_PRES_01,163.6837
2024-01-16T08:53:00,PRIMARY_TEMP_01,332.3523
2024-01-16T08:53:00,PRIMARY_FLOW_01,436.7932
2024-01-16T08:54:00,COOLING_TEMP_01,86.0294
2024-01-16T08:54:00,COOLING_PRES_01,13.2963
2024-01-16T08:54:00,COOLING_FLOW_01,169.4255
2024-01-16T08:54:00,COOLING_HEAT_01,28.1191
2024-01-16T08:54:00,PRIMARY_PRES_01,163.0892
2024-01-16T08:54:00,PRIMARY_TEMP_01,332.5772
2024-01-16T08:54:00,PRIMARY_FLOW_01,446.7825
2024-01-16T08:54:00,PRIMARY_LEVEL_01,66.154
2024-01-16T08:55:00,COOLING_TEMP_01,86.3984
2024-01-16T08:55:00,COOLING_PRES_01,13.2451
2024-01-16T08:55:00,COOLING_FLOW_01,170.5876
2024-01-16T08:55:00,PRIMARY_PRES_01,163.4303
2024-01-16T08:55:00,PRIMARY_TEMP_01,333.7219
2024-01-16T08:55:00,PRIMARY_FLOW_01,436.2932
2024-01-16T08:56:00,COOLING_TEMP_01,87.8758
2024-01-16T08:56:00,COOLING_PRES_01,13.0326
2024-01-16T08:56:00,COOLING_FLOW_01,166.2206
2024-01-16T08:56:00,COOLING_HEAT_01,28.5209
2024-01-16T08:56:00,PRIMARY_PRES_01,162.9188
2024-01-16T08:56:00,PRIMARY_TEMP_01,333.1691
2024-01-16T08:56:00,PRIMARY_FLOW_01,436.2543
2024-01-16T08:56:00,PRIMARY_LEVEL_01,66.0859
2024-01-16T08:57:00,COOLING_TEMP_01,87.36
2024-01-16T08:57:00,COOLING_PRES_01,13.2808
2024-01-16T08:57:00,COOLING_FLOW_01,169.3213
2024-01-16T08:57:00,PRIMARY_PRES_01,163.266
2024-01-16T08:57:00,PRIMARY_TEMP_01,334.0343
2024-01-16T08:57:00,PRIMARY_FLOW_01,433.2875
2024-01-16T08:58:00,COOLING_TEMP_01,85.9707
2024-01-16T08:58:00,COOLING_PRES_01,13.1488
2024-01-16T08:58:00,COOLING_FLOW_01,167.639
2024-01-16T08:58:00,COOLING_HEAT_01,28.4214
2024-01-16T08:58:00,PRIMARY_PRES_01,163.7095
2024-01-16T08:58:00,PRIMARY_TEMP_01,334.9813
2024-01-16T08:58:00,PRIMARY_FLOW_01,434.4912
2024-01-16T08:58:00,PRIMARY_LEVEL_01,65.8666
2024-01-16T08:59:00,COOLING_TEMP_01,87.1727
2024-01-16T08:59:00,COOLING_PRES_01,13.196
2024-01-16T08:59:00,COOLING_FLOW_01,169.6902
2024-01-16T08:59:00,PRIMARY_PRES_01,162.7466
2024-01-16T08:59:00,PRIMARY_TEMP_01,332.393
2024-01-16T08:59:00,PRIMARY_FLOW_01,441.4029
2024-01-16T09:00:00,COOLING_TEMP_01,86.6414
2024-01-16T09:00:00,COOLING_PRES_01,13.0193
2024-01-16T09:00:00,COOLING_FLOW_01,171.2429
2024-01-16T09:00:00,COOLING_HEAT_01,28.541
2024-01-16T09:00:00,PRIMARY_PRES_01,162.9758
2024-01-16T09:00:00,PRIMARY_TEMP_01,333.4162
2024-01-16T09:00:00,PRIMARY_FLOW_01,444.0639
2024-01-16T09:00:00,PRIMARY_LEVEL_01,65.7638
2024-01-16T09:01:00,COOLING_TEMP_01,85.1211
2024-01-16T09:01:00,COOLING_PRES_01,13.0268
2024-01-16T09:01:00,COOLING_FLOW_01,170.0126
2024-01-16T09:01:00,PRIMARY_PRES_01,162.9428
2024-01-16T09:01:00,PRIMARY_TEMP_01,332.766
2024-01-16T09:01:00,PRIMARY_FLOW_01,434.5255
2024-01-16T09:02:00,COOLING_TEMP_01,85.9891
2024-01-16T09:02:00,COOLING_PRES_01,13.0641
2024-01-16T09:02:00,COOLING_FLOW_01,171.8225
2024-01-16T09:02:00,COOLING_HEAT_01,28.2827
2024-01-16T09:02:00,PRIMARY_PRES_01,162.634
2024-01-16T09:02:00,PRIMARY_TEMP_01,334.1474
2024-01-16T09:02:00,PRIMARY_FLOW_01,440.0277
2024-01-16T09:02:00,PRIMARY_LEVEL_01,66.3791
2024-01-16T09:03:00,COOLING_TEMP_01,87.0316
2024-01-16T09:03:00,COOLING_PRES_01,13.3772
2024-01-16T09:03:00,COOLING_FLOW_01,169.1442
2024-01-16T09:03:00,PRIMARY_PRES_01,163.2316
2024-01-16T09:03:00,PRIMARY_TEMP_01,332.1188
2024-01-16T09:03:00,PRIMARY_FLOW_01,441.9879
2024-01-16T09:04:00,COOLING_TEMP_01,86.6061
2024-01-16T09:04:00,COOLING_PRES_01,13.1582
2024-01-16T09:04:00,COOLING_FLOW_01,167.6359
2024-01-16T09:04:00,COOLING_HEAT_01,28.128
2024-01-16T09:04:00,PRIMARY_PRES_01,162.8722
2024-01-16T09:04:00,PRIMARY_TEMP_01,333.2431
2024-01-16T09:04:00,PRIMARY_FLOW_01,445.6493
2024-01-16T09:04:00,PRIMARY_LEVEL_01,66.2405
2024-01-16T09:05:00,COOLING_TEMP_01,87.4317
2024-01-16T09:05:00,COOLING_PRES_01,13.3809
2024-01-16T09:05:00,COOLING_FLOW_01,168.4742
2024-01-16T09:05:00,PRIMARY_PRES_01,163.1642
2024-01-16T09:05:00,PRIMARY_TEMP_01,332.6436
2024-01-16T09:05:00,PRIMARY_FLOW_01,432.0716
2024-01-16T09:06:00,COOLING_TEMP_01,85.5716
2024-01-16T09:06:00,COOLING_PRES_01,13.2867
2024-01-16T09:06:00,COOLING_FLOW_01,168.7208
2024-01-16T09:06:00,COOLING_HEAT_01,28.5766
2024-01-16T09:06:00,PRIMARY_PRES_01,162.9706
2024-01-16T09:06:00,PRIMARY_TEMP_01,332.8165
2024-01-16T09:06:00,PRIMARY_FLOW_01,435.3671
2024-01-16T09:06:00,PRIMARY_LEVEL_01,65.2707
2024-01-16T09:07:00,COOLING_TEMP_01,86.5938
2024-01-16T09:07:00,COOLING_PRES_01,13.105
2024-01-16T09:07:00,COOLING_FLOW_01,170.8583
2024-01-16T09:07:00,PRIMARY_PRES_01,162.5549
2024-01-16T09:07:00,PRIMARY_TEMP_01,333.9251
2024-01-16T09:07:00,PRIMARY_FLOW_01,441.133
2024-01-16T09:08:00,COOLING_TEMP_01,86.4746
2024-01-16T09:08:00,COOLING_PRES_01,13.0251
2024-01-16T09:08:00,COOLING_FLOW_01,170.2315
2024-01-16T09:08:00,COOLING_HEAT_01,29.0083
2024-01-16T09:08:00,PRIMARY_PRES_01,163.0707
2024-01-16T09:08:00,PRIMARY_TEMP_01,332.8463
2024-01-16T09:08:00,PRIMARY_FLOW_01,442.4475
2024-01-16T09:08:00,PRIMARY_LEVEL_01,67.1752
2024-01-16T09:09:00,COOLING_TEMP_01,86.9661
2024-01-16T09:09:00,COOLING_PRES_01,13.1627
2024-01-16T09:09:00,COOLING_FLOW_01,177.2387
2024-01-16T09:09:00,PRIMARY_PRES_01,163.2359
2024-01-16T09:09:00,PRIMARY_TEMP_01,332.2838
2024-01-16T09:09:00,PRIMARY_FLOW_01,440.2773
2024-01-16T09:10:00,COOLING_TEMP_01,86.8938
2024-01-16T09:10:00,COOLING_PRES_01,13.1899
2024-01-16T09:10:00,COOLING_FLOW_01,171.4691
2024-01-16T09:10:00,COOLING_HEAT_01,28.6834
2024-01-16T09:10:00,PRIMARY_PRES_01,163.3257
2024-01-16T09:10:00,PRIMARY_TEMP_01,332.7636
2024-01-16T09:10:00,PRIMARY_FLOW_01,437.7238
2024-01-16T09:10:00,PRIMARY_LEVEL_01,66.4925
2024-01-16T09:11:00,COOLING_TEMP_01,87.3455
2024-01-16T09:11:00,COOLING_PRES_01,13.1883
2024-01-16T09:11:00,COOLING_FLOW_01,169.1692
2024-01-16T09:11:00,PRIMARY_PRES_01,163.0491
2024-01-16T09:11:00,PRIMARY_TEMP_01,332.0901
2024-01-16T09:11:00,PRIMARY_FLOW_01,442.9503
2024-01-16T09:12:00,COOLING_TEMP_01,85.8818
2024-01-16T09:12:00,COOLING_PRES_01,12.9933
2024-01-16T09:12:00,COOLING_FLOW_01,175.6514
2024-01-16T09:12:00,COOLING_HEAT_01,28.4791
2024-01-16T09:12:00,PRIMARY_PRES_01,162.974
2024-01-16T09:12:00,PRIMARY_TEMP_01,335.0065
2024-01-16T09:12:00,PRIMARY_FLOW_01,439.0948
2024-01-16T09:12:00,PRIMARY_LEVEL_01,66.3678
2024-01-16T09:13:00,COOLING_TEMP_01,86.8486
2024-01-16T09:13:00,COOLING_PRES_01,13.1728
2024-01-16T09:13:00,COOLING_FLOW_01,170.8044
2024-01-16T09:13:00,PRIMARY_PRES_01,162.8158
2024-01-16T09:13:00,PRIMARY_TEMP_01,333.9227
2024-01-16T09:13:00,PRIMARY_FLOW_01,441.3491
2024-01-16T09:14:00,COOLING_TEMP_01,86.6139
2024-01-16T09:14:00,COOLING_PRES_01,13.1872
2024-01-16T09:14:00,COOLING_FLOW_01,164.6722
2024-01-16T09:14:00,COOLING_HEAT_01,28.8384
2024-01-16T09:14:00,PRIMARY_PRES_01,162.8601
2024-01-16T09:14:00,PRIMARY_TEMP_01,331.9848
2024-01-16T09:14:00,PRIMARY_FLOW_01,443.8825
2024-01-16T09:14:00,PRIMARY_LEVEL_01,66.2566
2024-01-16T09:15:00,COOLING_TEMP_01,87.1886
2024-01-16T09:15:00,COOLING_PRES_01,13.2229
2024-01-16T09:15:00,COOLING_FLOW_01,166.5423
2024-01-16T09:15:00,PRIMARY_PRES_01,163.0501
2024-01-16T09:15:00,PRIMARY_TEMP_01,335.2439
2024-01-16T09:15:00,PRIMARY_FLOW_01,445.5659
2024-01-16T09:16:00,COOLING_TEMP_01,86.9956
2024-01-16T09:16:00,COOLING_PRES_01,13.2296
2024-01-16T09:16:00,COOLING_FLOW_01,172.7057
2024-01-16T09:16:00,COOLING_HEAT_01,28.1124
2024-01-16T09:16:00,PRIMARY_PRES_01,162.9559
2024-01-16T09:16:00,PRIMARY_TEMP_01,332.048
2024-01-16T09:16:00,PRIMARY_FLOW_01,437.1872
2024-01-16T09:16:00,PRIMARY_LEVEL_01,66.7276
2024-01-16T09:17:00,COOLING_TEMP_01,86.3589
2024-01-16T09:17:00,COOLING_PRES_01,13.3841
2024-01-16T09:17:00,COOLING_FLOW_01,163.8127
2024-01-16T09:17:00,PRIMARY_PRES_01,162.7606
2024-01-16T09:17:00,PRIMARY_TEMP_01,332.9407
2024-01-16T09:17:00,PRIMARY_FLOW_01,451.7309
2024-01-16T09:18:00,COOLING_TEMP_01,86.623
2024-01-16T09:18:00,COOLING_PRES_01,13.268
2024-01-16T09:18:00,COOLING_FLOW_01,169.1803
2024-01-16T09:18:00,COOLING_HEAT_01,28.2373
2024-01-16T09:18:00,PRIMARY_PRES_01,163.4355
2024-01-16T09:18:00,PRIMARY_TEMP_01,333.2609
2024-01-16T09:18:00,PRIMARY_FLOW_01,437.9083
2024-01-16T09:18:00,PRIMARY_LEVEL_01,67.5285
2024-01-16T09:19:00,COOLING_TEMP_01,87.4633
2024-01-16T09:19:00,COOLING_PRES_01,13.3036
2024-01-16T09:19:00,COOLING_FLOW_01,175.4242
2024-01-16T09:19:00,PRIMARY_PRES_01,163.5242
2024-01-16T09:19:00,PRIMARY_TEMP_01,332.3412
2024-01-16T09:19:00,PRIMARY_FLOW_01,438.0703
2024-01-16T09:20:00,COOLING_TEMP_01,87.2082
2024-01-16T09:20:00,COOLING_PRES_01,13.2929
2024-01-16T09:20:00,COOLING_FLOW_01,171.9813
2024-01-16T09:20:00,COOLING_HEAT_01,28.3885
2024-01-16T09:20:00,PRIMARY_PRES_01,162.9544
2024-01-16T09:20:00,PRIMARY_TEMP_01,334.6331
2024-01-16T09:20:00,PRIMARY_FLOW_01,446.1197
2024-01-16T09:20:00,PRIMARY_LEVEL_01,65.7999
2024-01-16T09:21:00,COOLING_TEMP_01,86.512
2024-01-16T09:21:00,COOLING_PRES_01,13.1468
2024-01-16T09:21:00,COOLING_FLOW_01,164.9676
2024-01-16T09:21:00,PRIMARY_PRES_01,163.1084
2024-01-16T09:21:00,PRIMARY_TEMP_01,330.3361
2024-01-16T09:21:00,PRIMARY_FLOW_01,444.2046
2024-01-16T09:22:00,COOLING_TEMP_01,86.5264
2024-01-16T09:22:00,COOLING_PRES_01,13.2719
2024-01-16T09:22:00,COOLING_FLOW_01,170.661
2024-01-16T09:22:00,COOLING_HEAT_01,28.9619
2024-01-16T09:22:00,PRIMARY_PRES_01,163.2666
2024-01-16T09:22:00,PRIMARY_TEMP_01,334.3454
2024-01-16T09:22:00,PRIMARY_FLOW_01,450.5428
2024-01-16T09:22:00,PRIMARY_LEVEL_01,66.2183
2024-01-16T09:23:00,COOLING_TEMP_01,85.9276
2024-01-16T09:23:00,COOLING_PRES_01,12.9077
2024-01-16T09:23:00,COOLING_FLOW_01,168.8591
2024-01-16T09:23:00,PRIMARY_PRES_01,162.687
2024-01-16T09:23:00,PRIMARY_TEMP_01,333.3344
2024-01-16T09:23:00,PRIMARY_FLOW_01,445.1595
2024-01-16T09:24:00,COOLING_TEMP_01,87.2399
2024-01-16T09:24:00,COOLING_PRES_01,13.0674
2024-01-16T09:24:00,COOLING_FLOW_01,170.8931
2024-01-16T09:24:00,COOLING_HEAT_01,28.6422
2024-01-16T09:24:00,PRIMARY_PRES_01,163.0278
2024-01-16T09:24:00,PRIMARY_TEMP_01,334.4023
2024-01-16T09:24:00,PRIMARY_FLOW_01,449.7108
2024-01-16T09:24:00,PRIMARY_LEVEL_01,66.3541
2024-01-16T09:25:00,COOLING_TEMP_01,86.3613
2024-01-16T09:25:00,COOLING_PRES_01,13.1985
2024-01-16T09:25:00,COOLING_FLOW_01,173.03
2024-01-16T09:25:00,PRIMARY_PRES_01,162.9848
2024-01-16T09:25:00,PRIMARY_TEMP_01,332.5122
2024-01-16T09:25:00,PRIMARY_FLOW_01,447.1136
2024-01-16T09:26:00,COOLING_TEMP_01,86.0106
2024-01-16T09:26:00,COOLING_PRES_01,13.1453
2024-01-16T09:26:00,COOLING_FLOW_01,172.0343
2024-01-16T09:26:00,COOLING_HEAT_01,28.2579
2024-01-16T09:26:00,PRIMARY_PRES_01,163.1879
2024-01-16T09:26:00,PRIMARY_TEMP_01,331.9492
2024-01-16T09:26:00,PRIMARY_FLOW_01,438.6839
2024-01-16T09:26:00,PRIMARY_LEVEL_01,65.8732
2024-01-16T09:27:00,COOLING_TEMP_01,85.5764
2024-01-16T09:27:00,COOLING_PRES_01,13.2679
2024-01-16T09:27:00,COOLING_FLOW_01,170.1518
2024-01-16T09:27:00,PRIMARY_PRES_01,163.3014
2024-01-16T09:27:00,PRIMARY_TEMP_01,332.4435
2024-01-16T09:27:00,PRIMARY_FLOW_01,443.8443
2024-01-16T09:28:00,COOLING_TEMP_01,86.6086
2024-01-16T09:28:00,COOLING_PRES_01,13.143
2024-01-16T09:28:00,COOLING_FLOW_01,165.4118
2024-01-16T09:28:00,COOLING_HEAT_01,28.2962
2024-01-16T09:28:00,PRIMARY_PRES_01,162.7745
2024-01-16T09:28:00,PRIMARY_TEMP_01,332.9168
2024-01-16T09:28:00,PRIMARY_FLOW_01,445.3664
2024-01-16T09:28:00,PRIMARY_LEVEL_01,66.1836
2024-01-16T09:29:00,COOLING_TEMP_01,86.6663
2024-01-16T09:29:00,COOLING_PRES_01,13.0246
2024-01-16T09:29:00,COOLING_FLOW_01,175.086
2024-01-16T09:29:00,PRIMARY_PRES_01,162.983
2024-01-16T09:29:00,PRIMARY_TEMP_01,332.4987
2024-01-16T09:29:00,PRIMARY_FLOW_01,436.3381
2024-01-16T09:30:00,COOLING_TEMP_01,87.2727
2024-01-16T09:30:00,COOLING_PRES_01,13.2214
2024-01-16T09:30:00,COOLING_FLOW_01,169.5292
2024-01-16T09:30:00,COOLING_HEAT_01,27.7651
2024-01-16T09:30:00,PRIMARY_PRES_01,162.161
2024-01-16T09:30:00,PRIMARY_TEMP_01,331.3606
2024-01-16T09:30:00,PRIMARY_FLOW_01,450.8907
2024-01-16T09:30:00,PRIMARY_LEVEL_01,65.8934
2024-01-16T09:31:00,COOLING_TEMP_01,87.3936
2024-01-16T09:31:00,COOLING_PRES_01,13.2393
2024-01-16T09:31:00,COOLING_FLOW_01,168.2324
2024-01-16T09:31:00,PRIMARY_PRES_01,162.689
2024-01-16T09:31:00,PRIMARY_TEMP_01,332.1051
2024-01-16T09:31:00,PRIMARY_FLOW_01,449.8644
2024-01-16T09:32:00,COOLING_TEMP_01,86.4339
2024-01-16T09:32:00,COOLING_PRES_01,13.3601
2024-01-16T09:32:00,COOLING_FLOW_01,169.3091
2024-01-16T09:32:00,COOLING_HEAT_01,28.2408
2024-01-16T09:32:00,PRIMARY_PRES_01,163.008
2024-01-16T09:32:00,PRIMARY_TEMP_01,332.6331
2024-01-16T09:32:00,PRIMARY_FLOW_01,434.9249
2024-01-16T09:32:00,PRIMARY_LEVEL_01,65.2642
2024-01-16T09:33:00,COOLING_TEMP_01,85.0738
2024-01-16T09:33:00,COOLING_PRES_01,13.2848
2024-01-16T09:33:00,COOLING_FLOW_01,173.9316
2024-01-16T09:33:00,PRIMARY_PRES_01,162.784
2024-01-16T09:33:00,PRIMARY_TEMP_01,334.4655
2024-01-16T09:33:00,PRIMARY_FLOW_01,441.9285
2024-01-16T09:34:00,COOLING_TEMP_01,86.7563
2024-01-16T09:34:00,COOLING_PRES_01,13.0394
2024-01-16T09:34:00,COOLING_FLOW_01,171.6375
2024-01-16T09:34:00,COOLING_HEAT_01,27.9577
2024-01-16T09:34:00,PRIMARY_PRES_01,162.7947
2024-01-16T09:34:00,PRIMARY_TEMP_01,333.6636
2024-01-16T09:34:00,PRIMARY_FLOW_01,441.6104
2024-01-16T09:34:00,PRIMARY_LEVEL_01,66.6443
2024-01-16T09:35:00,COOLING_TEMP_01,86.6566
2024-01-16T09:35:00,COOLING_PRES_01,12.98
2024-01-16T09:35:00,COOLING_FLOW_01,168.8683
2024-01-16T09:35:00,PRIMARY_PRES_01,162.9289
2024-01-16T09:35:00,PRIMARY_TEMP_01,331.5567
2024-01-16T09:35:00,PRIMARY_FLOW_01,443.2673
2024-01-16T09:36:00,COOLING_TEMP_01,86.4088
2024-01-16T09:36:00,COOLING_PRES_01,13.1634
2024-01-16T09:36:00,COOLING_FLOW_01,170.9255
2024-01-16T09:36:00,COOLING_HEAT_01,28.1914
2024-01-16T09:36:00,PRIMARY_PRES_01,162.8774
2024-01-16T09:36:00,PRIMARY_TEMP_01,334.2283
2024-01-16T09:36:00,PRIMARY_FLOW_01,421.6737
2024-01-16T09:36:00,PRIMARY_LEVEL_01,66.9352
2024-01-16T09:37:00,COOLING_TEMP_01,86.3385
2024-01-16T09:37:00,COOLING_PRES_01,13.0071
2024-01-16T09:37:00,COOLING_FLOW_01,173.9264
2024-01-16T09:37:00,PRIMARY_PRES_01,163.0008
2024-01-16T09:37:00,PRIMARY_TEMP_01,335.1718
2024-01-16T09:37:00,PRIMARY_FLOW_01,434.3194
2024-01-16T09:38:00,COOLING_TEMP_01,86.0528
2024-01-16T09:38:00,COOLING_PRES_01,13.2022
2024-01-16T09:38:00,COOLING_FLOW_01,171.3238
2024-01-16T09:38:00,COOLING_HEAT_01,28.7915
2024-01-16T09:38:00,PRIMARY_PRES_01,162.8366
2024-01-16T09:38:00,PRIMARY_TEMP_01,332.8029
2024-01-16T09:38:00,PRIMARY_FLOW_01,438.7495
2024-01-16T09:38:00,PRIMARY_LEVEL_01,66.3578
2024-01-16T09:39:00,COOLING_TEMP_01,85.2646
2024-01-16T09:39:00,COOLING_PRES_01,13.1861
2024-01-16T09:39:00,COOLING_FLOW_01,172.6726
2024-01-16T09:39:00,PRIMARY_PRES_01,163.2398
2024-01-16T09:39:00,PRIMARY_TEMP_01,335.0953
2024-01-16T09:39:00,PRIMARY_FLOW_01,442.9156
2024-01-16T09:40:00,COOLING_TEMP_01,86.7322
2024-01-16T09:40:00,COOLING_PRES_01,13.2146
2024-01-16T09:40:00,COOLING_FLOW_01,167.0939
2024-01-16T09:40:00,COOLING_HEAT_01,27.764
2024-01-16T09:40:00,PRIMARY_PRES_01,162.747
2024-01-16T09:40:00,PRIMARY_TEMP_01,332.9253
2024-01-16T09:40:00,PRIMARY_FLOW_01,429.2725
2024-01-16T09:40:00,PRIMARY_LEVEL_01,67.2095
2024-01-16T09:41:00,COOLING_TEMP_01,86.3653
2024-01-16T09:41:00,COOLING_PRES_01,13.3485
2024-01-16T09:41:00,COOLING_FLOW_01,168.3152
2024-01-16T09:41:00,PRIMARY_PRES_01,163.0432
2024-01-16T09:41:00,PRIMARY_TEMP_01,332.624
2024-01-16T09:41:00,PRIMARY_FLOW_01,440.4826
2024-01-16T09:42:00,COOLING_TEMP_01,86.3195
2024-01-16T09:42:00,COOLING_PRES_01,13.2079
2024-01-16T09:42:00,COOLING_FLOW_01,172.5567
2024-01-16T09:42:00,COOLING_HEAT_01,28.3447
2024-01-16T09:42:00,PRIMARY_PRES_01,163.3134
2024-01-16T09:42:00,PRIMARY_TEMP_01,331.8179
2024-01-16T09:42:00,PRIMARY_FLOW_01,438.0008
2024-01-16T09:42:00,PRIMARY_LEVEL_01,66.1548
2024-01-16T09:43:00,COOLING_TEMP_01,86.4404
2024-01-16T09:43:00,COOLING_PRES_01,13.434
2024-01-16T09:43:00,COOLING_FLOW_01,169.9158
2024-01-16T09:43:00,PRIMARY_PRES_01,163.4704
2024-01-16T09:43:00,PRIMARY_TEMP_01,333.6859
2024-01-16T09:43:00,PRIMARY_FLOW_01,446.1853
2024-01-16T09:44:00,COOLING_TEMP_01,87.0821
2024-01-16T09:44:00,COOLING_PRES_01,13.2378
2024-01-16T09:44:00,COOLING_FLOW_01,172.2006
2024-01-16T09:44:00,COOLING_HEAT_01,28.024
2024-01-16T09:44:00,PRIMARY_PRES_01,162.7956
2024-01-16T09:44:00,PRIMARY_TEMP_01,334.3638
2024-01-16T09:44:00,PRIMARY_FLOW_01,437.0979
2024-01-16T09:44:00,PRIMARY_LEVEL_01,65.7879
2024-01-16T09:45:00,COOLING_TEMP_01,86.2271
2024-01-16T09:45:00,COOLING_PRES_01,13.1
2024-01-16T09:45:00,COOLING_FLOW_01,172.2191
2024-01-16T09:45:00,PRIMARY_PRES_01,162.8858
2024-01-16T09:45:00,PRIMARY_TEMP_01,331.9248
2024-01-16T09:45:00,PRIMARY_FLOW_01,440.5375
2024-01-16T09:46:00,COOLING_TEMP_01,86.3976
2024-01-16T09:46:00,COOLING_PRES_01,13.1604
2024-01-16T09:46:00,COOLING_FLOW_01,168.4149
2024-01-16T09:46:00,COOLING_HEAT_01,28.2665
2024-01-16T09:46:00,PRIMARY_PRES_01,162.9432
2024-01-16T09:46:00,PRIMARY_TEMP_01,334.6432
2024-01-16T09:46:00,PRIMARY_FLOW_01,443.1157
2024-01-16T09:46:00,PRIMARY_LEVEL_01,65.7386
2024-01-16T09:47:00,COOLING_TEMP_01,86.8259
2024-01-16T09:47:00,COOLING_PRES_01,13.2214
2024-01-16T09:47:00,COOLING_FLOW_01,171.3092
2024-01-16T09:47:00,PRIMARY_PRES_01,162.8435
2024-01-16T09:47:00,PRIMARY_TEMP_01,333.1206
2024-01-16T09:47:00,PRIMARY_FLOW_01,435.1207
2024-01-16T09:48:00,COOLING_TEMP_01,85.0127
2024-01-16T09:48:00,COOLING_PRES_01,13.2089
2024-01-16T09:48:00,COOLING_FLOW_01,171.6264
2024-01-16T09:48:00,COOLING_HEAT_01,28.4634
2024-01-16T09:48:00,PRIMARY_PRES_01,163.0902
2024-01-16T09:48:00,PRIMARY_TEMP_01,332.8555
2024-01-16T09:48:00,PRIMARY_FLOW_01,445.4203
2024-01-16T09:48:00,PRIMARY_LEVEL_01,65.9081
2024-01-16T09:49:00,COOLING_TEMP_01,86.2522
2024-01-16T09:49:00,COOLING_PRES_01,13.3639
2024-01-16T09:49:00,COOLING_FLOW_01,171.284
2024-01-16T09:49:00,PRIMARY_PRES_01,162.5336
2024-01-16T09:49:00,PRIMARY_TEMP_01,332.0556
2024-01-16T09:49:00,PRIMARY_FLOW_01,448.6572
2024-01-16T09:50:00,COOLING_TEMP_01,86.3266
2024-01-16T09:50:00,COOLING_PRES_01,13.0903
2024-01-16T09:50:00,COOLING_FLOW_01,174.7634
2024-01-16T09:50:00,COOLING_HEAT_01,28.2233
2024-01-16T09:50:00,PRIMARY_PRES_01,162.703
2024-01-16T09:50:00,PRIMARY_TEMP_01,334.0347
2024-01-16T09:50:00,PRIMARY_FLOW_01,444.0658
2024-01-16T09:50:00,PRIMARY_LEVEL_01,66.5308
2024-01-16T09:51:00,COOLING_TEMP_01,86.8075
2024-01-16T09:51:00,COOLING_PRES_01,13.1315
2024-01-16T09:51:00,COOLING_FLOW_01,171.8214
2024-01-16T09:51:00,PRIMARY_PRES_01,163.0942
2024-01-16T09:51:00,PRIMARY_TEMP_01,332.4741
2024-01-16T09:51:00,PRIMARY_FLOW_01,442.0747
2024-01-16T09:52:00,COOLING_TEMP_01,86.7415
2024-01-16T09:52:00,COOLING_PRES_01,13.3103
2024-01-16T09:52:00,COOLING_FLOW_01,171.1025
2024-01-16T09:52:00,COOLING_HEAT_01,28.3175
2024-01-16T09:52:00,PRIMARY_PRES_01,163.1423
2024-01-16T09:52:00,PRIMARY_TEMP_01,330.7165
2024-01-16T09:52:00,PRIMARY_FLOW_01,438.8814
2024-01-16T09:52:00,PRIMARY_LEVEL_01,65.8284
2024-01-16T09:53:00,COOLING_TEMP_01,86.6493
2024-01-16T09:53:00,COOLING_PRES_01,13.2305
2024-01-16T09:53:00,COOLING_FLOW_01,167.6579
2024-01-16T09:53:00,PRIMARY_PRES_01,162.8423
2024-01-16T09:53:00,PRIMARY_TEMP_01,332.5555
2024-01-16T09:53:00,PRIMARY_FLOW_01,434.5785
2024-01-16T09:54:00,COOLING_TEMP_01,86.5204
2024-01-16T09:54:00,COOLING_PRES_01,13.2183
2024-01-16T09:54:00,COOLING_FLOW_01,168.2238
2024-01-16T09:54:00,COOLING_HEAT_01,28.1617
2024-01-16T09:54:00,PRIMARY_PRES_01,163.4311
2024-01-16T09:54:00,PRIMARY_TEMP_01,333.1619
2024-01-16T09:54:00,PRIMARY_FLOW_01,440.4437
2024-01-16T09:54:00,PRIMARY_LEVEL_01,65.7963
2024-01-16T09:55:00,COOLING_TEMP_01,86.485
2024-01-16T09:55:00,COOLING_PRES_01,13.2604
2024-01-16T09:55:00,COOLING_FLOW_01,173.5391
2024-01-16T09:55:00,PRIMARY_PRES_01,163.1412
2024-01-16T09:55:00,PRIMARY_TEMP_01,333.9129
2024-01-16T09:55:00,PRIMARY_FLOW_01,433.5178
2024-01-16T09:56:00,COOLING_TEMP_01,85.7923
2024-01-16T09:56:00,COOLING_PRES_01,13.3647
2024-01-16T09:56:00,COOLING_FLOW_01,173.4305
2024-01-16T09:56:00,COOLING_HEAT_01,28.415
2024-01-16T09:56:00,PRIMARY_PRES_01,162.8467
2024-01-16T09:56:00,PRIMARY_TEMP_01,331.9103
2024-01-16T09:56:00,PRIMARY_FLOW_01,437.7576
2024-01-16T09:56:00,PRIMARY_LEVEL_01,66.5185
2024-01-16T09:57:00,COOLING_TEMP_01,86.7614
2024-01-16T09:57:00,COOLING_PRES_01,13.1383
2024-01-16T09:57:00,COOLING_FLOW_01,174.2907
2024-01-16T09:57:00,PRIMARY_PRES_01,162.9486
2024-01-16T09:57:00,PRIMARY_TEMP_01,333.5552
2024-01-16T09:57:00,PRIMARY_FLOW_01,440.7236
2024-01-16T09:58:00,COOLING_TEMP_01,85.7515
2024-01-16T09:58:00,COOLING_PRES_01,13.1573
2024-01-16T09:58:00,COOLING_FLOW_01,172.8403
2024-01-16T09:58:00,COOLING_HEAT_01,28.2402
2024-01-16T09:58:00,PRIMARY_PRES_01,162.5161
2024-01-16T09:58:00,PRIMARY_TEMP_01,333.837
2024-01-16T09:58:00,PRIMARY_FLOW_01,433.0185
2024-01-16T09:58:00,PRIMARY_LEVEL_01,65.944
2024-01-16T09:59:00,COOLING_TEMP_01,86.7316
2024-01-16T09:59:00,COOLING_PRES_01,13.2071
2024-01-16T09:59:00,COOLING_FLOW_01,176.6418
2024-01-16T09:59:00,PRIMARY_PRES_01,163.1221
2024-01-16T09:59:00,PRIMARY_TEMP_01,331.1861
2024-01-16T09:59:00,PRIMARY_FLOW_01,446.1976
2024-01-16T10:00:00,COOLING_TEMP_01,86.9679
2024-01-16T10:00:00,COOLING_PRES_01,13.3126
2024-01-16T10:00:00,COOLING_FLOW_01,172.4116
2024-01-16T10:00:00,COOLING_HEAT_01,28.7988
2024-01-16T10:00:00,PRIMARY_PRES_01,162.6672
2024-01-16T10:00:00,PRIMARY_TEMP_01,333.8387
2024-01-16T10:00:00,PRIMARY_FLOW_01,442.2802
2024-01-16T10:00:00,PRIMARY_LEVEL_01,67.4035
2024-01-16T10:01:00,COOLING_TEMP_01,86.2042
2024-01-16T10:01:00,COOLING_PRES_01,13.1971
2024-01-16T10:01:00,COOLING_FLOW_01,175.7938
2024-01-16T10:01:00,PRIMARY_PRES_01,163.2092
2024-01-16T10:01:00,PRIMARY_TEMP_01,331.7086
2024-01-16T10:01:00,PRIMARY_FLOW_01,434.2303
2024-01-16T10:02:00,COOLING_TEMP_01,85.832
2024-01-16T10:02:00,COOLING_PRES_01,13.2882
2024-01-16T10:02:00,COOLING_FLOW_01,170.0646
2024-01-16T10:02:00,COOLING_HEAT_01,28.5796
2024-01-16T10:02:00,PRIMARY_PRES_01,162.775
2024-01-16T10:02:00,PRIMARY_TEMP_01,333.708
2024-01-16T10:02:00,PRIMARY_FLOW_01,439.4835
2024-01-16T10:02:00,PRIMARY_LEVEL_01,66.0827
2024-01-16T10:03:00,COOLING_TEMP_01,87.6572
2024-01-16T10:03:00,COOLING_PRES_01,13.2929
2024-01-16T10:03:00,COOLING_FLOW_01,174.5072
2024-01-16T10:03:00,PRIMARY_PRES_01,162.7556
2024-01-16T10:03:00,PRIMARY_TEMP_01,333.1138
2024-01-16T10:03:00,PRIMARY_FLOW_01,444.5813
2024-01-16T10:04:00,COOLING_TEMP_01,85.3783
2024-01-16T10:04:00,COOLING_PRES_01,13.1823
2024-01-16T10:04:00,COOLING_FLOW_01,169.7972
2024-01-16T10:04:00,COOLING_HEAT_01,27.9535
2024-01-16T10:04:00,PRIMARY_PRES_01,163.0126
2024-01-16T10:04:00,PRIMARY_TEMP_01,335.0252
2024-01-16T10:04:00,PRIMARY_FLOW_01,438.7218
2024-01-16T10:04:00,PRIMARY_LEVEL_01,64.1116
2024-01-16T10:05:00,COOLING_TEMP_01,86.2368
2024-01-16T10:05:00,COOLING_PRES_01,13.1984
2024-01-16T10:05:00,COOLING_FLOW_01,167.7693
2024-01-16T10:05:00,PRIMARY_PRES_01,162.9478
2024-01-16T10:05:00,PRIMARY_TEMP_01,331.9018
2024-01-16T10:05:00,PRIMARY_FLOW_01,425.3199
2024-01-16T10:06:00,COOLING_TEMP_01,86.3706
2024-01-16T10:06:00,COOLING_PRES_01,13.2967
2024-01-16T10:06:00,COOLING_FLOW_01,171.5805
2024-01-16T10:06:00,COOLING_HEAT_01,28.0937
2024-01-16T10:06:00,PRIMARY_PRES_01,163.0054
2024-01-16T10:06:00,PRIMARY_TEMP_01,331.3517
2024-01-16T10:06:00,PRIMARY_FLOW_01,442.5807
2024-01-16T10:06:00,PRIMARY_LEVEL_01,65.3932
2024-01-16T10:07:00,COOLING_TEMP_01,86.9929
2024-01-16T10:07:00,COOLING_PRES_01,13.3115
2024-01-16T10:07:00,COOLING_FLOW_01,169.5368
2024-01-16T10:07:00,PRIMARY_PRES_01,162.452
2024-01-16T10:07:00,PRIMARY_TEMP_01,333.6617
2024-01-16T10:07:00,PRIMARY_FLOW_01,452.6668
2024-01-16T10:08:00,COOLING_TEMP_01,87.31
2024-01-16T10:08:00,COOLING_PRES_01,13.2346
2024-01-16T10:08:00,COOLING_FLOW_01,171.1982
2024-01-16T10:08:00,COOLING_HEAT_01,27.7842
2024-01-16T10:08:00,PRIMARY_PRES_01,163.2478
2024-01-16T10:08:00,PRIMARY_TEMP_01,333.8657
2024-01-16T10:08:00,PRIMARY_FLOW_01,433.783
2024-01-16T10:08:00,PRIMARY_LEVEL_01,65.9734
2024-01-16T10:09:00,COOLING_TEMP_01,87.4178
2024-01-16T10:09:00,COOLING_PRES_01,13.0178
2024-01-16T10:09:00,COOLING_FLOW_01,172.6621
2024-01-16T10:09:00,PRIMARY_PRES_01,163.1059
2024-01-16T10:09:00,PRIMARY_TEMP_01,334.2245
2024-01-16T10:09:00,PRIMARY_FLOW_01,427.6035
2024-01-16T10:10:00,COOLING_TEMP_01,86.7977
2024-01-16T10:10:00,COOLING_PRES_01,13.1347
2024-01-16T10:10:00,COOLING_FLOW_01,166.1348
2024-01-16T10:10:00,COOLING_HEAT_01,28.4525
2024-01-16T10:10:00,PRIMARY_PRES_01,163.0328
2024-01-16T10:10:00,PRIMARY_TEMP_01,331.9764
2024-01-16T10:10:00,PRIMARY_FLOW_01,448.1882
2024-01-16T10:10:00,PRIMARY_LEVEL_01,66.2953
2024-01-16T10:11:00,COOLING_TEMP_01,86.762
2024-01-16T10:11:00,COOLING_PRES_01,13.1596
2024-01-16T10:11:00,COOLING_FLOW_01,173.0944
2024-01-16T10:11:00,PRIMARY_PRES_01,162.7417
2024-01-16T10:11:00,PRIMARY_TEMP_01,332.8418
2024-01-16T10:11:00,PRIMARY_FLOW_01,440.2507
2024-01-16T10:12:00,COOLING_TEMP_01,87.3025
2024-01-16T10:12:00,COOLING_PRES_01,13.1829
2024-01-16T10:12:00,COOLING_FLOW_01,169.0019
2024-01-16T10:12:00,COOLING_HEAT_01,28.7266
2024-01-16T10:12:00,PRIMARY_PRES_01,163.0645
2024-01-16T10:12:00,PRIMARY_TEMP_01,333.1195
2024-01-16T10:12:00,PRIMARY_FLOW_01,432.2102
2024-01-16T10:12:00,PRIMARY_LEVEL_01,65.7054
2024-01-16T10:13:00,COOLING_TEMP_01,86.6305
2024-01-16T10:13:00,COOLING_PRES_01,13.3258
2024-01-16T10:13:00,COOLING_FLOW_01,167.6021
2024-01-16T10:13:00,PRIMARY_PRES_01,163.1056
2024-01-16T10:13:00,PRIMARY_TEMP_01,331.7181
2024-01-16T10:13:00,PRIMARY_FLOW_01,441.6324
2024-01-16T10:14:00,COOLING_TEMP_01,87.2035
2024-01-16T10:14:00,COOLING_PRES_01,13.1294
2024-01-16T10:14:00,COOLING_FLOW_01,170.958
2024-01-16T10:14:00,COOLING_HEAT_01,28.1909
2024-01-16T10:14:00,PRIMARY_PRES_01,163.0596
2024-01-16T10:14:00,PRIMARY_TEMP_01,330.1817
2024-01-16T10:14:00,PRIMARY_FLOW_01,441.1293
2024-01-16T10:14:00,PRIMARY_LEVEL_01,66.3153
2024-01-16T10:15:00,COOLING_TEMP_01,87.6646
2024-01-16T10:15:00,COOLING_PRES_01,13.1848
2024-01-16T10:15:00,COOLING_FLOW_01,171.8727
2024-01-16T10:15:00,PRIMARY_PRES_01,163.0985
2024-01-16T10:15:00,PRIMARY_TEMP_01,333.1363
2024-01-16T10:15:00,PRIMARY_FLOW_01,443.0082
2024-01-16T10:16:00,COOLING_TEMP_01,86.7385
2024-01-16T10:16:00,COOLING_PRES_01,13.1533
2024-01-16T10:16:00,COOLING_FLOW_01,170.7315
2024-01-16T10:16:00,COOLING_HEAT_01,29.0842
2024-01-16T10:16:00,PRIMARY_PRES_01,162.8366
2024-01-16T10:16:00,PRIMARY_TEMP_01,332.8441
2024-01-16T10:16:00,PRIMARY_FLOW_01,451.092
2024-01-16T10:16:00,PRIMARY_LEVEL_01,65.6223
2024-01-16T10:17:00,COOLING_TEMP_01,86.9259
2024-01-16T10:17:00,COOLING_PRES_01,12.9368
2024-01-16T10:17:00,COOLING_FLOW_01,167.2826
2024-01-16T10:17:00,PRIMARY_PRES_01,162.7998
2024-01-16T10:17:00,PRIMARY_TEMP_01,333.4091
2024-01-16T10:17:00,PRIMARY_FLOW_01,443.7307
2024-01-16T10:18:00,COOLING_TEMP_01,87.3733
2024-01-16T10:18:00,COOLING_PRES_01,13.2976
2024-01-16T10:18:00,COOLING_FLOW_01,167.5743
2024-01-16T10:18:00,COOLING_HEAT_01,28.3652
2024-01-16T10:18:00,PRIMARY_PRES_01,163.215
2024-01-16T10:18:00,PRIMARY_TEMP_01,332.3827
2024-01-16T10:18:00,PRIMARY_FLOW_01,440.9639
2024-01-16T10:18:00,PRIMARY_LEVEL_01,66.8746
2024-01-16T10:19:00,COOLING_TEMP_01,86.7695
2024-01-16T10:19:00,COOLING_PRES_01,13.2219
2024-01-16T10:19:00,COOLING_FLOW_01,171.0288
2024-01-16T10:19:00,PRIMARY_PRES_01,162.4175
2024-01-16T10:19:00,PRIMARY_TEMP_01,334.5564
2024-01-16T10:19:00,PRIMARY_FLOW_01,426.6577
2024-01-16T10:20:00,COOLING_TEMP_01,86.7373
2024-01-16T10:20:00,COOLING_PRES_01,13.1408
2024-01-16T10:20:00,COOLING_FLOW_01,172.2178
2024-01-16T10:20:00,COOLING_HEAT_01,28.0551
2024-01-16T10:20:00,PRIMARY_PRES_01,163.3669
2024-01-16T10:20:00,PRIMARY_TEMP_01,333.0093
2024-01-16T10:20:00,PRIMARY_FLOW_01,423.0769
2024-01-16T10:20:00,PRIMARY_LEVEL_01,66.7111
2024-01-16T10:21:00,COOLING_TEMP_01,87.0392
2024-01-16T10:21:00,COOLING_PRES_01,13.1565
2024-01-16T10:21:00,COOLING_FLOW_01,168.8775
2024-01-16T10:21:00,PRIMARY_PRES_01,162.816
2024-01-16T10:21:00,PRIMARY_TEMP_01,331.8353
2024-01-16T10:21:00,PRIMARY_FLOW_01,438.7311
2024-01-16T10:22:00,COOLING_TEMP_01,86.9094
2024-01-16T10:22:00,COOLING_PRES_01,13.091
2024-01-16T10:22:00,COOLING_FLOW_01,172.1492
2024-01-16T10:22:00,COOLING_HEAT_01,28.4508
2024-01-16T10:22:00,PRIMARY_PRES_01,163.1686
2024-01-16T10:22:00,PRIMARY_TEMP_01,334.7001
2024-01-16T10:22:00,PRIMARY_FLOW_01,445.9351
2024-01-16T10:22:00,PRIMARY_LEVEL_01,66.1541
2024-01-16T10:23:00,COOLING_TEMP_01,87.6094
2024-01-16T10:23:00,COOLING_PRES_01,13.2568
2024-01-16T10:23:00,COOLING_FLOW_01,167.5154
2024-01-16T10:23:00,PRIMARY_PRES_01,162.669
2024-01-16T10:23:00,PRIMARY_TEMP_01,334.7409
2024-01-16T10:23:00,PRIMARY_FLOW_01,429.2972
2024-01-16T10:24:00,COOLING_TEMP_01,86.0575
2024-01-16T10:24:00,COOLING_PRES_01,12.9214
2024-01-16T10:24:00,COOLING_FLOW_01,170.7413
2024-01-16T10:24:00,COOLING_HEAT_01,28.1064
2024-01-16T10:24:00,PRIMARY_PRES_01,163.196
2024-01-16T10:24:00,PRIMARY_TEMP_01,333.8209
2024-01-16T10:24:00,PRIMARY_FLOW_01,425.9987
2024-01-16T10:24:00,PRIMARY_LEVEL_01,66.4643
2024-01-16T10:25:00,COOLING_TEMP_01,87.3625
2024-01-16T10:25:00,COOLING_PRES_01,13.2079
2024-01-16T10:25:00,COOLING_FLOW_01,173.8068
2024-01-16T10:25:00,PRIMARY_PRES_01,162.9913
2024-01-16T10:25:00,PRIMARY_TEMP_01,331.8661
2024-01-16T10:25:00,PRIMARY_FLOW_01,444.0105
2024-01-16T10:26:00,COOLING_TEMP_01,87.0836
2024-01-16T10:26:00,COOLING_PRES_01,13.1905
2024-01-16T10:26:00,COOLING_FLOW_01,164.2137
2024-01-16T10:26:00,COOLING_HEAT_01,28.0806
2024-01-16T10:26:00,PRIMARY_PRES_01,162.6502
2024-01-16T10:26:00,PRIMARY_TEMP_01,334.5606
2024-01-16T10:26:00,PRIMARY_FLOW_01,438.4498
2024-01-16T10:26:00,PRIMARY_LEVEL_01,65.6138
2024-01-16T10:27:00,COOLING_TEMP_01,86.3897
2024-01-16T10:27:00,COOLING_PRES_01,13.2375
2024-01-16T10:27:00,COOLING_FLOW_01,166.6306
2024-01-16T10:27:00,PRIMARY_PRES_01,163.0898
2024-01-16T10:27:00,PRIMARY_TEMP_01,331.4841
2024-01-16T10:27:00,PRIMARY_FLOW_01,432.8106
2024-01-16T10:28:00,COOLING_TEMP_01,87.3381
2024-01-16T10:28:00,COOLING_PRES_01,13.2366
2024-01-16T10:28:00,COOLING_FLOW_01,167.3058
2024-01-16T10:28:00,COOLING_HEAT_01,28.2806
2024-01-16T10:28:00,PRIMARY_PRES_01,163.0838
2024-01-16T10:28:00,PRIMARY_TEMP_01,332.0266
2024-01-16T10:28:00,PRIMARY_FLOW_01,438.2431
2024-01-16T10:28:00,PRIMARY_LEVEL_01,65.4598
2024-01-16T10:29:00,COOLING_TEMP_01,85.7616
2024-01-16T10:29:00,COOLING_PRES_01,13.3337
2024-01-16T10:29:00,COOLING_FLOW_01,169.7542
2024-01-16T10:29:00,PRIMARY_PRES_01,163.2481
2024-01-16T10:29:00,PRIMARY_TEMP_01,332.2566
2024-01-16T10:29:00,PRIMARY_FLOW_01,446.2858
2024-01-16T10:30:00,COOLING_TEMP_01,87.0074
2024-01-16T10:30:00,COOLING_PRES_01,13.2754
2024-01-16T10:30:00,COOLING_FLOW_01,170.3642
2024-01-16T10:30:00,COOLING_HEAT_01,28.6061
2024-01-16T10:30:00,PRIMARY_PRES_01,163.1589
2024-01-16T10:30:00,PRIMARY_TEMP_01,331.866
2024-01-16T10:30:00,PRIMARY_FLOW_01,443.2657
2024-01-16T10:30:00,PRIMARY_LEVEL_01,65.1741
2024-01-16T10:31:00,COOLING_TEMP_01,86.1384
2024-01-16T10:31:00,COOLING_PRES_01,13.1772
2024-01-16T10:31:00,COOLING_FLOW_01,163.9052
2024-01-16T10:31:00,PRIMARY_PRES_01,163.1705
2024-01-16T10:31:00,PRIMARY_TEMP_01,333.2599
2024-01-16T10:31:00,PRIMARY_FLOW_01,450.0677
2024-01-16T10:32:00,COOLING_TEMP_01,85.8806
2024-01-16T10:32:00,COOLING_PRES_01,13.1119
2024-01-16T10:32:00,COOLING_FLOW_01,167.7857
2024-01-16T10:32:00,COOLING_HEAT_01,28.6322
2024-01-16T10:32:00,PRIMARY_PRES_01,163.0653
2024-01-16T10:32:00,PRIMARY_TEMP_01,331.6491
2024-01-16T10:32:00,PRIMARY_FLOW_01,441.2612
2024-01-16T10:32:00,PRIMARY_LEVEL_01,66.1166
2024-01-16T10:33:00,COOLING_TEMP_01,85.2631
2024-01-16T10:33:00,COOLING_PRES_01,13.0363
2024-01-16T10:33:00,COOLING_FLOW_01,170.8646
2024-01-16T10:33:00,PRIMARY_PRES_01,162.6003
2024-01-16T10:33:00,PRIMARY_TEMP_01,333.4612
2024-01-16T10:33:00,PRIMARY_FLOW_01,444.0174
2024-01-16T10:34:00,COOLING_TEMP_01,86.5525
2024-01-16T10:34:00,COOLING_PRES_01,12.9268
2024-01-16T10:34:00,COOLING_FLOW_01,165.1505
2024-01-16T10:34:00,COOLING_HEAT_01,28.2076
2024-01-16T10:34:00,PRIMARY_PRES_01,162.9894
2024-01-16T10:34:00,PRIMARY_TEMP_01,333.5139
2024-01-16T10:34:00,PRIMARY_FLOW_01,449.2515
2024-01-16T10:34:00,PRIMARY_LEVEL_01,65.3966
2024-01-16T10:35:00,COOLING_TEMP_01,86.5661
2024-01-16T10:35:00,COOLING_PRES_01,13.503
2024-01-16T10:35:00,COOLING_FLOW_01,170.0482
2024-01-16T10:35:00,PRIMARY_PRES_01,163.0221
2024-01-16T10:35:00,PRIMARY_TEMP_01,332.5788
2024-01-16T10:35:00,PRIMARY_FLOW_01,445.8979
2024-01-16T10:36:00,COOLING_TEMP_01,85.9384
2024-01-16T10:36:00,COOLING_PRES_01,13.123
2024-01-16T10:36:00,COOLING_FLOW_01,169.0635
2024-01-16T10:36:00,COOLING_HEAT_01,28.0959
2024-01-16T10:36:00,PRIMARY_PRES_01,163.2562
2024-01-16T10:36:00,PRIMARY_TEMP_01,333.9071
2024-01-16T10:36:00,PRIMARY_FLOW_01,446.1765
2024-01-16T10:36:00,PRIMARY_LEVEL_01,65.3573
2024-01-16T10:37:00,COOLING_TEMP_01,86.0003
2024-01-16T10:37:00,COOLING_PRES_01,13.1896
2024-01-16T10:37:00,COOLING_FLOW_01,167.7095
2024-01-16T10:37:00,PRIMARY_PRES_01,162.5534
2024-01-16T10:37:00,PRIMARY_TEMP_01,331.8104
2024-01-16T10:37:00,PRIMARY_FLOW_01,448.2264
2024-01-16T10:38:00,COOLING_TEMP_01,86.3744
2024-01-16T10:38:00,COOLING_PRES_01,13.2258
2024-01-16T10:38:00,COOLING_FLOW_01,169.8775
2024-01-16T10:38:00,COOLING_HEAT_01,27.9874
2024-01-16T10:38:00,PRIMARY_PRES_01,163.5096
2024-01-16T10:38:00,PRIMARY_TEMP_01,332.6192
2024-01-16T10:38:00,PRIMARY_FLOW_01,441.3448
2024-01-16T10:38:00,PRIMARY_LEVEL_01,65.3877
2024-01-16T10:39:00,COOLING_TEMP_01,86.4047
2024-01-16T10:39:00,COOLING_PRES_01,13.0029
2024-01-16T10:39:00,COOLING_FLOW_01,170.7383
2024-01-16T10:39:00,PRIMARY_PRES_01,163.5385
2024-01-16T10:39:00,PRIMARY_TEMP_01,333.3572
2024-01-16T10:39:00,PRIMARY_FLOW_01,439.6703
2024-01-16T10:40:00,COOLING_TEMP_01,86.9236
2024-01-16T10:40:00,COOLING_PRES_01,13.0111
2024-01-16T10:40:00,COOLING_FLOW_01,169.7944
2024-01-16T10:40:00,COOLING_HEAT_01,28.5356
2024-01-16T10:40:00,PRIMARY_PRES_01,162.7535
2024-01-16T10:40:00,PRIMARY_TEMP_01,331.3559
2024-01-16T10:40:00,PRIMARY_FLOW_01,445.3239
2024-01-16T10:40:00,PRIMARY_LEVEL_01,65.8723
2024-01-16T10:41:00,COOLING_TEMP_01,86.9296
2024-01-16T10:41:00,COOLING_PRES_01,13.151
2024-01-16T10:41:00,COOLING_FLOW_01,171.9472
2024-01-16T10:41:00,PRIMARY_PRES_01,162.8499
2024-01-16T10:41:00,PRIMARY_TEMP_01,334.7521
2024-01-16T10:41:00,PRIMARY_FLOW_01,442.8526
2024-01-16T10:42:00,COOLING_TEMP_01,86.315
2024-01-16T10:42:00,COOLING_PRES_01,13.0371
2024-01-16T10:42:00,COOLING_FLOW_01,169.5822
2024-01-16T10:42:00,COOLING_HEAT_01,27.8626
2024-01-16T10:42:00,PRIMARY_PRES_01,162.9874
2024-01-16T10:42:00,PRIMARY_TEMP_01,330.0163
2024-01-16T10:42:00,PRIMARY_FLOW_01,450.3182
2024-01-16T10:42:00,PRIMARY_LEVEL_01,65.1682
2024-01-16T10:43:00,COOLING_TEMP_01,86.7673
2024-01-16T10:43:00,COOLING_PRES_01,13.165
2024-01-16T10:43:00,COOLING_FLOW_01,164.7461
2024-01-16T10:43:00,PRIMARY_PRES_01,162.825
2024-01-16T10:43:00,PRIMARY_TEMP_01,333.8471
2024-01-16T10:43:00,PRIMARY_FLOW_01,440.5823
2024-01-16T10:44:00,COOLING_TEMP_01,86.5398
2024-01-16T10:44:00,COOLING_PRES_01,13.2592
2024-01-16T10:44:00,COOLING_FLOW_01,172.7415
2024-01-16T10:44:00,COOLING_HEAT_01,28.3993
2024-01-16T10:44:00,PRIMARY_PRES_01,163.0234
2024-01-16T10:44:00,PRIMARY_TEMP_01,333.3909
2024-01-16T10:44:00,PRIMARY_FLOW_01,451.4627
2024-01-16T10:44:00,PRIMARY_LEVEL_01,65.796
2024-01-16T10:45:00,COOLING_TEMP_01,85.5988
2024-01-16T10:45:00,COOLING_PRES_01,13.2804
2024-01-16T10:45:00,COOLING_FLOW_01,174.4205
2024-01-16T10:45:00,PRIMARY_PRES_01,162.7021
2024-01-16T10:45:00,PRIMARY_TEMP_01,331.9978
2024-01-16T10:45:00,PRIMARY_FLOW_01,436.841
2024-01-16T10:46:00,COOLING_TEMP_01,86.2104
2024-01-16T10:46:00,COOLING_PRES_01,13.375
2024-01-16T10:46:00,COOLING_FLOW_01,171.1647
2024-01-16T10:46:00,COOLING_HEAT_01,28.0383
2024-01-16T10:46:00,PRIMARY_PRES_01,163.5091
2024-01-16T10:46:00,PRIMARY_TEMP_01,331.6364
2024-01-16T10:46:00,PRIMARY_FLOW_01,442.4137
2024-01-16T10:46:00,PRIMARY_LEVEL_01,66.3105
2024-01-16T10:47:00,COOLING_TEMP_01,86.4543
2024-01-16T10:47:00,COOLING_PRES_01,13.4956
2024-01-16T10:47:00,COOLING_FLOW_01,175.9516
2024-01-16T10:47:00,PRIMARY_PRES_01,163.1928
2024-01-16T10:47:00,PRIMARY_TEMP_01,334.1471
2024-01-16T10:47:00,PRIMARY_FLOW_01,438.2053
2024-01-16T10:48:00,COOLING_TEMP_01,87.067
2024-01-16T10:48:00,COOLING_PRES_01,13.042
2024-01-16T10:48:00,COOLING_FLOW_01,169.8519
2024-01-16T10:48:00,COOLING_HEAT_01,29.0478
2024-01-16T10:48:00,PRIMARY_PRES_01,162.9108
2024-01-16T10:48:00,PRIMARY_TEMP_01,331.6572
2024-01-16T10:48:00,PRIMARY_FLOW_01,445.8742
2024-01-16T10:48:00,PRIMARY_LEVEL_01,66.6368
2024-01-16T10:49:00,COOLING_TEMP_01,85.3305
2024-01-16T10:49:00,COOLING_PRES_01,13.2541
2024-01-16T10:49:00,COOLING_FLOW_01,168.3868
2024-01-16T10:49:00,PRIMARY_PRES_01,162.624
2024-01-16T10:49:00,PRIMARY_TEMP_01,331.8917
2024-01-16T10:49:00,PRIMARY_FLOW_01,441.1285
2024-01-16T10:50:00,COOLING_TEMP_01,87.3417
2024-01-16T10:50:00,COOLING_PRES_01,12.9511
2024-01-16T10:50:00,COOLING_FLOW_01,168.0808
2024-01-16T10:50:00,COOLING_HEAT_01,27.9819
2024-01-16T10:50:00,PRIMARY_PRES_01,163.2118
2024-01-16T10:50:00,PRIMARY_TEMP_01,332.3738
2024-01-16T10:50:00,PRIMARY_FLOW_01,450.3785
2024-01-16T10:50:00,PRIMARY_LEVEL_01,66.8616
2024-01-16T10:51:00,COOLING_TEMP_01,85.0707
2024-01-16T10:51:00,COOLING_PRES_01,13.1638
2024-01-16T10:51:00,COOLING_FLOW_01,166.5323
2024-01-16T10:51:00,PRIMARY_PRES_01,162.9289
2024-01-16T10:51:00,PRIMARY_TEMP_01,333.0587
2024-01-16T10:51:00,PRIMARY_FLOW_01,443.5191
2024-01-16T10:52:00,COOLING_TEMP_01,86.7047
2024-01-16T10:52:00,COOLING_PRES_01,13.2225
2024-01-16T10:52:00,COOLING_FLOW_01,165.3979
2024-01-16T10:52:00,COOLING_HEAT_01,27.6926
2024-01-16T10:52:00,PRIMARY_PRES_01,162.6571
2024-01-16T10:52:00,PRIMARY_TEMP_01,332.9062
2024-01-16T10:52:00,PRIMARY_FLOW_01,441.3004
2024-01-16T10:52:00,PRIMARY_LEVEL_01,66.3147
2024-01-16T10:53:00,COOLING_TEMP_01,86.6293
2024-01-16T10:53:00,COOLING_PRES_01,13.3537
2024-01-16T10:53:00,COOLING_FLOW_01,168.7345
2024-01-16T10:53:00,PRIMARY_PRES_01,162.6584
2024-01-16T10:53:00,PRIMARY_TEMP_01,332.504
2024-01-16T10:53:00,PRIMARY_FLOW_01,437.0623
2024-01-16T10:54:00,COOLING_TEMP_01,87.6742
2024-01-16T10:54:00,COOLING_PRES_01,13.3198
2024-01-16T10:54:00,COOLING_FLOW_01,172.9259
2024-01-16T10:54:00,COOLING_HEAT_01,27.4093
2024-01-16T10:54:00,PRIMARY_PRES_01,162.7938
2024-01-16T10:54:00,PRIMARY_TEMP_01,331.7826
2024-01-16T10:54:00,PRIMARY_FLOW_01,426.1039
2024-01-16T10:54:00,PRIMARY_LEVEL_01,66.0183
2024-01-16T10:55:00,COOLING_TEMP_01,86.7907
2024-01-16T10:55:00,COOLING_PRES_01,13.2644
2024-01-16T10:55:00,COOLING_FLOW_01,169.799
2024-01-16T10:55:00,PRIMARY_PRES_01,163.1198
2024-01-16T10:55:00,PRIMARY_TEMP_01,333.2168
2024-01-16T10:55:00,PRIMARY_FLOW_01,432.1125
2024-01-16T10:56:00,COOLING_TEMP_01,86.4185
2024-01-16T10:56:00,COOLING_PRES_01,13.0966
2024-01-16T10:56:00,COOLING_FLOW_01,169.737
2024-01-16T10:56:00,COOLING_HEAT_01,28.2986
2024-01-16T10:56:00,PRIMARY_PRES_01,162.7863
2024-01-16T10:56:00,PRIMARY_TEMP_01,332.6577
2024-01-16T10:56:00,PRIMARY_FLOW_01,451.4991
2024-01-16T10:56:00,PRIMARY_LEVEL_01,65.6763
2024-01-16T10:57:00,COOLING_TEMP_01,85.0179
2024-01-16T10:57:00,COOLING_PRES_01,13.1334
2024-01-16T10:57:00,COOLING_FLOW_01,171.3827
2024-01-16T10:57:00,PRIMARY_PRES_01,163.4483
2024-01-16T10:57:00,PRIMARY_TEMP_01,332.6075
2024-01-16T10:57:00,PRIMARY_FLOW_01,449.8972
2024-01-16T10:58:00,COOLING_TEMP_01,86.7976
2024-01-16T10:58:00,COOLING_PRES_01,13.1401
2024-01-16T10:58:00,COOLING_FLOW_01,169.1724
2024-01-16T10:58:00,COOLING_HEAT_01,27.6226
2024-01-16T10:58:00,PRIMARY_PRES_01,162.4665
2024-01-16T10:58:00,PRIMARY_TEMP_01,332.4072
2024-01-16T10:58:00,PRIMARY_FLOW_01,438.2579
2024-01-16T10:58:00,PRIMARY_LEVEL_01,65.1808
2024-01-16T10:59:00,COOLING_TEMP_01,86.4087
2024-01-16T10:59:00,COOLING_PRES_01,13.243
2024-01-16T10:59:00,COOLING_FLOW_01,168.1137
2024-01-16T10:59:00,PRIMARY_PRES_01,163.119
2024-01-16T10:59:00,PRIMARY_TEMP_01,332.4047
2024-01-16T10:59:00,PRIMARY_FLOW_01,433.0474
2024-01-16T11:00:00,COOLING_TEMP_01,86.6176
2024-01-16T11:00:00,COOLING_PRES_01,13.0611
2024-01-16T11:00:00,COOLING_FLOW_01,170.52
2024-01-16T11:00:00,COOLING_HEAT_01,28.1022
2024-01-16T11:00:00,PRIMARY_PRES_01,163.3495
2024-01-16T11:00:00,PRIMARY_TEMP_01,331.9059
2024-01-16T11:00:00,PRIMARY_FLOW_01,438.947
2024-01-16T11:00:00,PRIMARY_LEVEL_01,67.3742
2024-01-16T11:01:00,COOLING_TEMP_01,85.3832
2024-01-16T11:01:00,COOLING_PRES_01,13.199
2024-01-16T11:01:00,COOLING_FLOW_01,171.1318
2024-01-16T11:01:00,PRIMARY_PRES_01,163.5563
2024-01-16T11:01:00,PRIMARY_TEMP_01,333.1472
2024-01-16T11:01:00,PRIMARY_FLOW_01,446.6185
2024-01-16T11:02:00,COOLING_TEMP_01,86.4307
2024-01-16T11:02:00,COOLING_PRES_01,13.1299
2024-01-16T11:02:00,COOLING_FLOW_01,175.5264
2024-01-16T11:02:00,COOLING_HEAT_01,27.6594
2024-01-16T11:02:00,PRIMARY_PRES_01,163.0624
2024-01-16T11:02:00,PRIMARY_TEMP_01,331.0124
2024-01-16T11:02:00,PRIMARY_FLOW_01,435.4522
2024-01-16T11:02:00,PRIMARY_LEVEL_01,67.1047
2024-01-16T11:03:00,COOLING_TEMP_01,86.0052
2024-01-16T11:03:00,COOLING_PRES_01,13.1941
2024-01-16T11:03:00,COOLING_FLOW_01,168.3629
2024-01-16T11:03:00,PRIMARY_PRES_01,163.3287
2024-01-16T11:03:00,PRIMARY_TEMP_01,331.6196
2024-01-16T11:03:00,PRIMARY_FLOW_01,432.2489
2024-01-16T11:04:00,COOLING_TEMP_01,85.7343
2024-01-16T11:04:00,COOLING_PRES_01,13.0323
2024-01-16T11:04:00,COOLING_FLOW_01,173.5708
2024-01-16T11:04:00,COOLING_HEAT_01,28.0692
2024-01-16T11:04:00,PRIMARY_PRES_01,163.0848
2024-01-16T11:04:00,PRIMARY_TEMP_01,333.4204
2024-01-16T11:04:00,PRIMARY_FLOW_01,436.7654
2024-01-16T11:04:00,PRIMARY_LEVEL_01,66.5335
2024-01-16T11:05:00,COOLING_TEMP_01,86.3727
2024-01-16T11:05:00,COOLING_PRES_01,13.1379
2024-01-16T11:05:00,COOLING_FLOW_01,168.3367
2024-01-16T11:05:00,PRIMARY_PRES_01,162.9586
2024-01-16T11:05:00,PRIMARY_TEMP_01,330.4913
2024-01-16T11:05:00,PRIMARY_FLOW_01,439.4772
2024-01-16T11:06:00,COOLING_TEMP_01,86.1053
2024-01-16T11:06:00,COOLING_PRES_01,13.216
2024-01-16T11:06:00,COOLING_FLOW_01,172.2981
2024-01-16T11:06:00,COOLING_HEAT_01,27.7263
2024-01-16T11:06:00,PRIMARY_PRES_01,163.2013
2024-01-16T11:06:00,PRIMARY_TEMP_01,332.629
2024-01-16T11:06:00,PRIMARY_FLOW_01,447.6459
2024-01-16T11:06:00,PRIMARY_LEVEL_01,65.1398
2024-01-16T11:07:00,COOLING_TEMP_01,85.6001
2024-01-16T11:07:00,COOLING_PRES_01,13.1671
2024-01-16T11:07:00,COOLING_FLOW_01,170.1148
2024-01-16T11:07:00,PRIMARY_PRES_01,163.0575
2024-01-16T11:07:00,PRIMARY_TEMP_01,332.3824
2024-01-16T11:07:00,PRIMARY_FLOW_01,443.0985
2024-01-16T11:08:00,COOLING_TEMP_01,87.5128
2024-01-16T11:08:00,COOLING_PRES_01,13.1511
2024-01-16T11:08:00,COOLING_FLOW_01,167.2201
2024-01-16T11:08:00,COOLING_HEAT_01,28.3253
2024-01-16T11:08:00,PRIMARY_PRES_01,162.6098
2024-01-16T11:08:00,PRIMARY_TEMP_01,330.7255
2024-01-16T11:08:00,PRIMARY_FLOW_01,419.1804
2024-01-16T11:08:00,PRIMARY_LEVEL_01,66.2463
2024-01-16T11:09:00,COOLING_TEMP_01,86.1668
2024-01-16T11:09:00,COOLING_PRES_01,13.107
2024-01-16T11:09:00,COOLING_FLOW_01,169.2357
2024-01-16T11:09:00,PRIMARY_PRES_01,162.6197
2024-01-16T11:09:00,PRIMARY_TEMP_01,332.1178
2024-01-16T11:09:00,PRIMARY_FLOW_01,435.2546
2024-01-16T11:10:00,COOLING_TEMP_01,86.3113
2024-01-16T11:10:00,COOLING_PRES_01,13.0825
2024-01-16T11:10:00,COOLING_FLOW_01,169.3571
2024-01-16T11:10:00,COOLING_HEAT_01,28.241
2024-01-16T11:10:00,PRIMARY_PRES_01,163.0671
2024-01-16T11:10:00,PRIMARY_TEMP_01,332.7177
2024-01-16T11:10:00,PRIMARY_FLOW_01,446.3182
2024-01-16T11:10:00,PRIMARY_LEVEL_01,65.7688
2024-01-16T11:11:00,COOLING_TEMP_01,86.5204
2024-01-16T11:11:00,COOLING_PRES_01,13.1304
2024-01-16T11:11:00,COOLING_FLOW_01,170.6986
2024-01-16T11:11:00,PRIMARY_PRES_01,163.2851
2024-01-16T11:11:00,PRIMARY_TEMP_01,332.9471
2024-01-16T11:11:00,PRIMARY_FLOW_01,437.4085
2024-01-16T11:12:00,COOLING_TEMP_01,86.1465
2024-01-16T11:12:00,COOLING_PRES_01,13.4613
2024-01-16T11:12:00,COOLING_FLOW_01,167.4516
2024-01-16T11:12:00,COOLING_HEAT_01,28.1692
2024-01-16T11:12:00,PRIMARY_PRES_01,163.2603
2024-01-16T11:12:00,PRIMARY_TEMP_01,332.5045
2024-01-16T11:12:00,PRIMARY_FLOW_01,436.4375
2024-01-16T11:12:00,PRIMARY_LEVEL_01,66.0668
2024-01-16T11:13:00,COOLING_TEMP_01,86.8739
2024-01-16T11:13:00,COOLING_PRES_01,13.1692
2024-01-16T11:13:00,COOLING_FLOW_01,169.6977
2024-01-16T11:13:00,PRIMARY_PRES_01,162.8118
2024-01-16T11:13:00,PRIMARY_TEMP_01,333.0796
2024-01-16T11:13:00,PRIMARY_FLOW_01,441.5193
2024-01-16T11:14:00,COOLING_TEMP_01,85.9408
2024-01-16T11:14:00,COOLING_PRES_01,13.3762
2024-01-16T11:14:00,COOLING_FLOW_01,173.7495
2024-01-16T11:14:00,COOLING_HEAT_01,28.4937
2024-01-16T11:14:00,PRIMARY_PRES_01,162.861
2024-01-16T11:14:00,PRIMARY_TEMP_01,332.2609
2024-01-16T11:14:00,PRIMARY_FLOW_01,450.1731
2024-01-16T11:14:00,PRIMARY_LEVEL_01,66.0247
2024-01-16T11:15:00,COOLING_TEMP_01,85.2861
2024-01-16T11:15:00,COOLING_PRES_01,13.3317
2024-01-16T11:15:00,COOLING_FLOW_01,170.0042
2024-01-16T11:15:00,PRIMARY_PRES_01,162.8746
2024-01-16T11:15:00,PRIMARY_TEMP_01,332.7374
2024-01-16T11:15:00,PRIMARY_FLOW_01,432.1013
2024-01-16T11:16:00,COOLING_TEMP_01,86.2351
2024-01-16T11:16:00,COOLING_PRES_01,13.2202
2024-01-16T11:16:00,COOLING_FLOW_01,170.7064
2024-01-16T11:16:00,COOLING_HEAT_01,27.3595
2024-01-16T11:16:00,PRIMARY_PRES_01,163.2183
2024-01-16T11:16:00,PRIMARY_TEMP_01,331.9064
2024-01-16T11:16:00,PRIMARY_FLOW_01,447.1279
2024-01-16T11:16:00,PRIMARY_LEVEL_01,66.641
2024-01-16T11:17:00,COOLING_TEMP_01,85.9688
2024-01-16T11:17:00,COOLING_PRES_01,13.1114
2024-01-16T11:17:00,COOLING_FLOW_01,167.4516
2024-01-16T11:17:00,PRIMARY_PRES_01,163.1364
2024-01-16T11:17:00,PRIMARY_TEMP_01,333.5469
2024-01-16T11:17:00,PRIMARY_FLOW_01,438.6241
2024-01-16T11:18:00,COOLING_TEMP_01,87.0209
2024-01-16T11:18:00,COOLING_PRES_01,13.2584
2024-01-16T11:18:00,COOLING_FLOW_01,170.4768
2024-01-16T11:18:00,COOLING_HEAT_01,28.05
2024-01-16T11:18:00,PRIMARY_PRES_01,162.8648
2024-01-16T11:18:00,PRIMARY_TEMP_01,330.6242
2024-01-16T11:18:00,PRIMARY_FLOW_01,438.3741
2024-01-16T11:18:00,PRIMARY_LEVEL_01,66.357
2024-01-16T11:19:00,COOLING_TEMP_01,85.7939
2024-01-16T11:19:00,COOLING_PRES_01,13.4845
2024-01-16T11:19:00,COOLING_FLOW_01,172.3321
2024-01-16T11:19:00,PRIMARY_PRES_01,162.8955
2024-01-16T11:19:00,PRIMARY_TEMP_01,332.9024
2024-01-16T11:19:00,PRIMARY_FLOW_01,437.1053
2024-01-16T11:20:00,COOLING_TEMP_01,87.3475
2024-01-16T11:20:00,COOLING_PRES_01,13.209
2024-01-16T11:20:00,COOLING_FLOW_01,169.0052
2024-01-16T11:20:00,COOLING_HEAT_01,28.0984
2024-01-16T11:20:00,PRIMARY_PRES_01,162.5368
2024-01-16T11:20:00,PRIMARY_TEMP_01,332.8818
2024-01-16T11:20:00,PRIMARY_FLOW_01,446.4974
2024-01-16T11:20:00,PRIMARY_LEVEL_01,66.2191
2024-01-16T11:21:00,COOLING_TEMP_01,86.2041
2024-01-16T11:21:00,COOLING_PRES_01,13.2268
2024-01-16T11:21:00,COOLING_FLOW_01,170.0067
2024-01-16T11:21:00,PRIMARY_PRES_01,163.2192
2024-01-16T11:21:00,PRIMARY_TEMP_01,331.9605
2024-01-16T11:21:00,PRIMARY_FLOW_01,446.5492
2024-01-16T11:22:00,COOLING_TEMP_01,86.7368
2024-01-16T11:22:00,COOLING_PRES_01,13.205
2024-01-16T11:22:00,COOLING_FLOW_01,168.0227
2024-01-16T11:22:00,COOLING_HEAT_01,27.855
2024-01-16T11:22:00,PRIMARY_PRES_01,163.2671
2024-01-16T11:22:00,PRIMARY_TEMP_01,332.7773
2024-01-16T11:22:00,PRIMARY_FLOW_01,443.1523
2024-01-16T11:22:00,PRIMARY_LEVEL_01,65.7218
2024-01-16T11:23:00,COOLING_TEMP_01,86.356
2024-01-16T11:23:00,COOLING_PRES_01,13.1393
2024-01-16T11:23:00,COOLING_FLOW_01,180.2402
2024-01-16T11:23:00,PRIMARY_PRES_01,162.5156
2024-01-16T11:23:00,PRIMARY_TEMP_01,333.6478
2024-01-16T11:23:00,PRIMARY_FLOW_01,440.8813
2024-01-16T11:24:00,COOLING_TEMP_01,85.9918
2024-01-16T11:24:00,COOLING_PRES_01,13.2976
2024-01-16T11:24:00,COOLING_FLOW_01,166.2761
2024-01-16T11:24:00,COOLING_HEAT_01,28.5446
2024-01-16T11:24:00,PRIMARY_PRES_01,162.991
2024-01-16T11:24:00,PRIMARY_TEMP_01,331.7269
2024-01-16T11:24:00,PRIMARY_FLOW_01,432.78
2024-01-16T11:24:00,PRIMARY_LEVEL_01,65.0564
2024-01-16T11:25:00,COOLING_TEMP_01,85.7505
2024-01-16T11:25:00,COOLING_PRES_01,13.1061
2024-01-16T11:25:00,COOLING_FLOW_01,168.1686
2024-01-16T11:25:00,PRIMARY_PRES_01,162.9729
2024-01-16T11:25:00,PRIMARY_TEMP_01,332.8622
2024-01-16T11:25:00,PRIMARY_FLOW_01,437.3614
2024-01-16T11:26:00,COOLING_TEMP_01,86.5374
2024-01-16T11:26:00,COOLING_PRES_01,13.2747
2024-01-16T11:26:00,COOLING_FLOW_01,170.6923
2024-01-16T11:26:00,COOLING_HEAT_01,27.6193
2024-01-16T11:26:00,PRIMARY_PRES_01,162.5668
2024-01-16T11:26:00,PRIMARY_TEMP_01,332.0733
2024-01-16T11:26:00,PRIMARY_FLOW_01,445.4234
2024-01-16T11:26:00,PRIMARY_LEVEL_01,65.37
2024-01-16T11:27:00,COOLING_TEMP_01,86.1521
2024-01-16T11:27:00,COOLING_PRES_01,13.3163
2024-01-16T11:27:00,COOLING_FLOW_01,175.1528
2024-01-16T11:27:00,PRIMARY_PRES_01,162.4728
2024-01-16T11:27:00,PRIMARY_TEMP_01,331.3132
2024-01-16T11:27:00,PRIMARY_FLOW_01,432.7676
2024-01-16T11:28:00,COOLING_TEMP_01,86.1985
2024-01-16T11:28:00,COOLING_PRES_01,13.1271
2024-01-16T11:28:00,COOLING_FLOW_01,172.745
2024-01-16T11:28:00,COOLING_HEAT_01,27.5256
2024-01-16T11:28:00,PRIMARY_PRES_01,162.8995
2024-01-16T11:28:00,PRIMARY_TEMP_01,331.8563
2024-01-16T11:28:00,PRIMARY_FLOW_01,434.4281
2024-01-16T11:28:00,PRIMARY_LEVEL_01,66.9032
2024-01-16T11:29:00,COOLING_TEMP_01,85.477
2024-01-16T11:29:00,COOLING_PRES_01,13.1387
2024-01-16T11:29:00,COOLING_FLOW_01,170.8092
2024-01-16T11:29:00,PRIMARY_PRES_01,163.2372
2024-01-16T11:29:00,PRIMARY_TEMP_01,332.2168
2024-01-16T11:29:00,PRIMARY_FLOW_01,439.6737
2024-01-16T11:30:00,COOLING_TEMP_01,86.2288
2024-01-16T11:30:00,COOLING_PRES_01,13.1178
2024-01-16T11:30:00,COOLING_FLOW_01,167.937
2024-01-16T11:30:00,COOLING_HEAT_01,27.7526
2024-01-16T11:30:00,PRIMARY_PRES_01,163.2228
2024-01-16T11:30:00,PRIMARY_TEMP_01,331.1633
2024-01-16T11:30:00,PRIMARY_FLOW_01,447.1682
2024-01-16T11:30:00,PRIMARY_LEVEL_01,66.1542
2024-01-16T11:31:00,COOLING_TEMP_01,86.3454
2024-01-16T11:31:00,COOLING_PRES_01,13.1804
2024-01-16T11:31:00,COOLING_FLOW_01,166.2007
2024-01-16T11:31:00,PRIMARY_PRES_01,163.3562
2024-01-16T11:31:00,PRIMARY_TEMP_01,331.7134
2024-01-16T11:31:00,PRIMARY_FLOW_01,443.5233
2024-01-16T11:32:00,COOLING_TEMP_01,85.6888
2024-01-16T11:32:00,COOLING_PRES_01,13.183
2024-01-16T11:32:00,COOLING_FLOW_01,171.4325
2024-01-16T11:32:00,COOLING_HEAT_01,27.499
2024-01-16T11:32:00,PRIMARY_PRES_01,162.9489
2024-01-16T11:32:00,PRIMARY_TEMP_01,333.6033
2024-01-16T11:32:00,PRIMARY_FLOW_01,444.3761
2024-01-16T11:32:00,PRIMARY_LEVEL_01,66.4747
2024-01-16T11:33:00,COOLING_TEMP_01,86.8528
2024-01-16T11:33:00,COOLING_PRES_01,13.2526
2024-01-16T11:33:00,COOLING_FLOW_01,167.9818
2024-01-16T11:33:00,PRIMARY_PRES_01,163.0958
2024-01-16T11:33:00,PRIMARY_TEMP_01,332.2206
2024-01-16T11:33:00,PRIMARY_FLOW_01,431.5373
2024-01-16T11:34:00,COOLING_TEMP_01,86.4096
2024-01-16T11:34:00,COOLING_PRES_01,13.3386
2024-01-16T11:34:00,COOLING_FLOW_01,170.3835
2024-01-16T11:34:00,COOLING_HEAT_01,28.4203
2024-01-16T11:34:00,PRIMARY_PRES_01,162.8654
2024-01-16T11:34:00,PRIMARY_TEMP_01,333.7134
2024-01-16T11:34:00,PRIMARY_FLOW_01,440.7109
2024-01-16T11:34:00,PRIMARY_LEVEL_01,67.2711
2024-01-16T11:35:00,COOLING_TEMP_01,85.032
2024-01-16T11:35:00,COOLING_PRES_01,13.0733
2024-01-16T11:35:00,COOLING_FLOW_01,170.8775
2024-01-16T11:35:00,PRIMARY_PRES_01,162.9083
2024-01-16T11:35:00,PRIMARY_TEMP_01,332.3184
2024-01-16T11:35:00,PRIMARY_FLOW_01,436.5576
2024-01-16T11:36:00,COOLING_TEMP_01,85.5676
2024-01-16T11:36:00,COOLING_PRES_01,13.2233
2024-01-16T11:36:00,COOLING_FLOW_01,167.6879
2024-01-16T11:36:00,COOLING_HEAT_01,27.9705
2024-01-16T11:36:00,PRIMARY_PRES_01,162.6498
2024-01-16T11:36:00,PRIMARY_TEMP_01,332.3334
2024-01-16T11:36:00,PRIMARY_FLOW_01,441.4933
2024-01-16T11:36:00,PRIMARY_LEVEL_01,66.4178
2024-01-16T11:37:00,COOLING_TEMP_01,86.624
2024-01-16T11:37:00,COOLING_PRES_01,13.0197
2024-01-16T11:37:00,COOLING_FLOW_01,173.2894
2024-01-16T11:37:00,PRIMARY_PRES_01,163.0803
2024-01-16T11:37:00,PRIMARY_TEMP_01,331.9187
2024-01-16T11:37:00,PRIMARY_FLOW_01,432.7783
2024-01-16T11:38:00,COOLING_TEMP_01,84.8776
2024-01-16T11:38:00,COOLING_PRES_01,13.0409
2024-01-16T11:38:00,COOLING_FLOW_01,171.1141
2024-01-16T11:38:00,COOLING_HEAT_01,27.2798
2024-01-16T11:38:00,PRIMARY_PRES_01,163.0071
2024-01-16T11:38:00,PRIMARY_TEMP_01,333.1561
2024-01-16T11:38:00,PRIMARY_FLOW_01,451.2224
2024-01-16T11:38:00,PRIMARY_LEVEL_01,66.7391
2024-01-16T11:39:00,COOLING_TEMP_01,86.6305
2024-01-16T11:39:00,COOLING_PRES_01,12.9908
2024-01-16T11:39:00,COOLING_FLOW_01,172.1242
2024-01-16T11:39:00,PRIMARY_PRES_01,162.8311
2024-01-16T11:39:00,PRIMARY_TEMP_01,331.1465
2024-01-16T11:39:00,PRIMARY_FLOW_01,446.9668
2024-01-16T11:40:00,COOLING_TEMP_01,86.2929
2024-01-16T11:40:00,COOLING_PRES_01,13.3349
2024-01-16T11:40:00,COOLING_FLOW_01,173.0651
2024-01-16T11:40:00,COOLING_HEAT_01,28.0961
2024-01-16T11:40:00,PRIMARY_PRES_01,163.4576
2024-01-16T11:40:00,PRIMARY_TEMP_01,333.1206
2024-01-16T11:40:00,PRIMARY_FLOW_01,435.6464
2024-01-16T11:40:00,PRIMARY_LEVEL_01,66.6933
2024-01-16T11:41:00,COOLING_TEMP_01,86.1485
2024-01-16T11:41:00,COOLING_PRES_01,13.1727
2024-01-16T11:41:00,COOLING_FLOW_01,171.6359
2024-01-16T11:41:00,PRIMARY_PRES_01,163.7353
2024-01-16T11:41:00,PRIMARY_TEMP_01,331.9456
2024-01-16T11:41:00,PRIMARY_FLOW_01,440.9715
2024-01-16T11:42:00,COOLING_TEMP_01,85.759
2024-01-16T11:42:00,COOLING_PRES_01,13.2149
2024-01-16T11:42:00,COOLING_FLOW_01,169.6458
2024-01-16T11:42:00,COOLING_HEAT_01,27.6231
2024-01-16T11:42:00,PRIMARY_PRES_01,162.6867
2024-01-16T11:42:00,PRIMARY_TEMP_01,332.6389
2024-01-16T11:42:00,PRIMARY_FLOW_01,440.0398
2024-01-16T11:42:00,PRIMARY_LEVEL_01,64.7998
2024-01-16T11:43:00,COOLING_TEMP_01,85.7432
2024-01-16T11:43:00,COOLING_PRES_01,13.2483
2024-01-16T11:43:00,COOLING_FLOW_01,169.1719
2024-01-16T11:43:00,PRIMARY_PRES_01,162.4178
2024-01-16T11:43:00,PRIMARY_TEMP_01,332.8897
2024-01-16T11:43:00,PRIMARY_FLOW_01,449.0276
2024-01-16T11:44:00,COOLING_TEMP_01,86.4901
2024-01-16T11:44:00,COOLING_PRES_01,12.9813
2024-01-16T11:44:00,COOLING_FLOW_01,171.1973
2024-01-16T11:44:00,COOLING_HEAT_01,27.9256
2024-01-16T11:44:00,PRIMARY_PRES_01,162.5157
2024-01-16T11:44:00,PRIMARY_TEMP_01,331.2185
2024-01-16T11:44:00,PRIMARY_FLOW_01,437.78
2024-01-16T11:44:00,PRIMARY_LEVEL_01,65.4503
2024-01-16T11:45:00,COOLING_TEMP_01,85.9682
2024-01-16T11:45:00,COOLING_PRES_01,13.1068
2024-01-16T11:45:00,COOLING_FLOW_01,169.0018
2024-01-16T11:45:00,PRIMARY_PRES_01,162.7205
2024-01-16T11:45:00,PRIMARY_TEMP_01,328.5289
2024-01-16T11:45:00,PRIMARY_FLOW_01,438.1453
2024-01-16T11:46:00,COOLING_TEMP_01,86.8333
2024-01-16T11:46:00,COOLING_PRES_01,13.1026
2024-01-16T11:46:00,COOLING_FLOW_01,170.2415
2024-01-16T11:46:00,COOLING_HEAT_01,28.0339
2024-01-16T11:46:00,PRIMARY_PRES_01,163.1533
2024-01-16T11:46:00,PRIMARY_TEMP_01,332.612
2024-01-16T11:46:00,PRIMARY_FLOW_01,435.2531
2024-01-16T11:46:00,PRIMARY_LEVEL_01,65.1658
2024-01-16T11:47:00,COOLING_TEMP_01,85.065
2024-01-16T11:47:00,COOLING_PRES_01,13.242
2024-01-16T11:47:00,COOLING_FLOW_01,171.0064
2024-01-16T11:47:00,PRIMARY_PRES_01,163.1401
2024-01-16T11:47:00,PRIMARY_TEMP_01,331.7375
2024-01-16T11:47:00,PRIMARY_FLOW_01,436.6181
2024-01-16T11:48:00,COOLING_TEMP_01,86.0815
2024-01-16T11:48:00,COOLING_PRES_01,13.1923
2024-01-16T11:48:00,COOLING_FLOW_01,168.0129
2024-01-16T11:48:00,COOLING_HEAT_01,27.9723
2024-01-16T11:48:00,PRIMARY_PRES_01,162.7233
2024-01-16T11:48:00,PRIMARY_TEMP_01,333.2129
2024-01-16T11:48:00,PRIMARY_FLOW_01,438.2967
2024-01-16T11:48:00,PRIMARY_LEVEL_01,66.3682
2024-01-16T11:49:00,COOLING_TEMP_01,85.438
2024-01-16T11:49:00,COOLING_PRES_01,13.2491
2024-01-16T11:49:00,COOLING_FLOW_01,170.878
2024-01-16T11:49:00,PRIMARY_PRES_01,162.628
2024-01-16T11:49:00,PRIMARY_TEMP_01,332.0013
2024-01-16T11:49:00,PRIMARY_FLOW_01,438.1824
2024-01-16T11:50:00,COOLING_TEMP_01,85.8795
2024-01-16T11:50:00,COOLING_PRES_01,13.16
2024-01-16T11:50:00,COOLING_FLOW_01,168.0916
2024-01-16T11:50:00,COOLING_HEAT_01,28.2137
2024-01-16T11:50:00,PRIMARY_PRES_01,162.673
2024-01-16T11:50:00,PRIMARY_TEMP_01,332.425
2024-01-16T11:50:00,PRIMARY_FLOW_01,436.499
2024-01-16T11:50:00,PRIMARY_LEVEL_01,66.1207
2024-01-16T11:51:00,COOLING_TEMP_01,86.5872
2024-01-16T11:51:00,COOLING_PRES_01,13.1896
2024-01-16T11:51:00,COOLING_FLOW_01,175.4503
2024-01-16T11:51:00,PRIMARY_PRES_01,163.0041
2024-01-16T11:51:00,PRIMARY_TEMP_01,330.8035
2024-01-16T11:51:00,PRIMARY_FLOW_01,455.3733
2024-01-16T11:52:00,COOLING_TEMP_01,85.7354
2024-01-16T11:52:00,COOLING_PRES_01,13.2023
2024-01-16T11:52:00,COOLING_FLOW_01,169.6726
2024-01-16T11:52:00,COOLING_HEAT_01,28.2791
2024-01-16T11:52:00,PRIMARY_PRES_01,163.3338
2024-01-16T11:52:00,PRIMARY_TEMP_01,333.6013
2024-01-16T11:52:00,PRIMARY_FLOW_01,445.4838
2024-01-16T11:52:00,PRIMARY_LEVEL_01,66.8091
2024-01-16T11:53:00,COOLING_TEMP_01,86.5528
2024-01-16T11:53:00,COOLING_PRES_01,13.2934
2024-01-16T11:53:00,COOLING_FLOW_01,165.9996
2024-01-16T11:53:00,PRIMARY_PRES_01,162.5092
2024-01-16T11:53:00,PRIMARY_TEMP_01,329.8919
2024-01-16T11:53:00,PRIMARY_FLOW_01,438.9503
2024-01-16T11:54:00,COOLING_TEMP_01,85.1014
2024-01-16T11:54:00,COOLING_PRES_01,13.2614
2024-01-16T11:54:00,COOLING_FLOW_01,169.1415
2024-01-16T11:54:00,COOLING_HEAT_01,27.7861
2024-01-16T11:54:00,PRIMARY_PRES_01,163.0043
2024-01-16T11:54:00,PRIMARY_TEMP_01,332.773
2024-01-16T11:54:00,PRIMARY_FLOW_01,444.7918
2024-01-16T11:54:00,PRIMARY_LEVEL_01,66.3802
2024-01-16T11:55:00,COOLING_TEMP_01,86.6703
2024-01-16T11:55:00,COOLING_PRES_01,13.3692
2024-01-16T11:55:00,COOLING_FLOW_01,169.0964
2024-01-16T11:55:00,PRIMARY_PRES_01,163.0008
2024-01-16T11:55:00,PRIMARY_TEMP_01,332.7399
2024-01-16T11:55:00,PRIMARY_FLOW_01,436.4469
2024-01-16T11:56:00,COOLING_TEMP_01,85.2379
2024-01-16T11:56:00,COOLING_PRES_01,13.1266
2024-01-16T11:56:00,COOLING_FLOW_01,173.5853
2024-01-16T11:56:00,COOLING_HEAT_01,28.0606
2024-01-16T11:56:00,PRIMARY_PRES_01,162.6631
2024-01-16T11:56:00,PRIMARY_TEMP_01,332.6075
2024-01-16T11:56:00,PRIMARY_FLOW_01,443.7365
2024-01-16T11:56:00,PRIMARY_LEVEL_01,65.9682
2024-01-16T11:57:00,COOLING_TEMP_01,85.9401
2024-01-16T11:57:00,COOLING_PRES_01,13.2677
2024-01-16T11:57:00,COOLING_FLOW_01,175.2511
2024-01-16T11:57:00,PRIMARY_PRES_01,162.8269
2024-01-16T11:57:00,PRIMARY_TEMP_01,331.2963
2024-01-16T11:57:00,PRIMARY_FLOW_01,442.7709
2024-01-16T11:58:00,COOLING_TEMP_01,85.7769
2024-01-16T11:58:00,COOLING_PRES_01,13.0716
2024-01-16T11:58:00,COOLING_FLOW_01,171.407
2024-01-16T11:58:00,COOLING_HEAT_01,27.4915
2024-01-16T11:58:00,PRIMARY_PRES_01,162.6443
2024-01-16T11:58:00,PRIMARY_TEMP_01,331.9656
2024-01-16T11:58:00,PRIMARY_FLOW_01,432.946
2024-01-16T11:58:00,PRIMARY_LEVEL_01,66.852
2024-01-16T11:59:00,COOLING_TEMP_01,85.2608
2024-01-16T11:59:00,COOLING_PRES_01,13.2575
2024-01-16T11:59:00,COOLING_FLOW_01,172.0376
2024-01-16T11:59:00,PRIMARY_PRES_01,163.3566
2024-01-16T11:59:00,PRIMARY_TEMP_01,330.7527
2024-01-16T11:59:00,PRIMARY_FLOW_01,445.3001
2024-01-16T12:00:00,COOLING_TEMP_01,86.7609
2024-01-16T12:00:00,COOLING_PRES_01,13.1088
2024-01-16T12:00:00,COOLING_FLOW_01,171.7672
2024-01-16T12:00:00,COOLING_HEAT_01,28.2493
2024-01-16T12:00:00,PRIMARY_PRES_01,163.4498
2024-01-16T12:00:00,PRIMARY_TEMP_01,332.726
2024-01-16T12:00:00,PRIMARY_FLOW_01,448.4932
2024-01-16T12:00:00,PRIMARY_LEVEL_01,65.2058
2024-01-16T12:01:00,COOLING_TEMP_01,86.2317
2024-01-16T12:01:00,COOLING_PRES_01,13.1043
2024-01-16T12:01:00,COOLING_FLOW_01,170.901
2024-01-16T12:01:00,PRIMARY_PRES_01,163.3038
2024-01-16T12:01:00,PRIMARY_TEMP_01,332.7336
2024-01-16T12:01:00,PRIMARY_FLOW_01,441.0103
2024-01-16T12:02:00,COOLING_TEMP_01,86.1848
2024-01-16T12:02:00,COOLING_PRES_01,13.1382
2024-01-16T12:02:00,COOLING_FLOW_01,164.8681
2024-01-16T12:02:00,COOLING_HEAT_01,27.8553
2024-01-16T12:02:00,PRIMARY_PRES_01,162.5583
2024-01-16T12:02:00,PRIMARY_TEMP_01,331.1099
2024-01-16T12:02:00,PRIMARY_FLOW_01,442.9416
2024-01-16T12:02:00,PRIMARY_LEVEL_01,65.7555
2024-01-16T12:03:00,COOLING_TEMP_01,86.2204
2024-01-16T12:03:00,COOLING_PRES_01,13.2464
2024-01-16T12:03:00,COOLING_FLOW_01,169.5527
2024-01-16T12:03:00,PRIMARY_PRES_01,162.9302
2024-01-16T12:03:00,PRIMARY_TEMP_01,331.9375
2024-01-16T12:03:00,PRIMARY_FLOW_01,447.8484
2024-01-16T12:04:00,COOLING_TEMP_01,86.5891
2024-01-16T12:04:00,COOLING_PRES_01,13.1369
2024-01-16T12:04:00,COOLING_FLOW_01,166.2875
2024-01-16T12:04:00,COOLING_HEAT_01,27.3628
2024-01-16T12:04:00,PRIMARY_PRES_01,162.8654
2024-01-16T12:04:00,PRIMARY_TEMP_01,332.6681
2024-01-16T12:04:00,PRIMARY_FLOW_01,435.9506
2024-01-16T12:04:00,PRIMARY_LEVEL_01,65.8226
2024-01-16T12:05:00,COOLING_TEMP_01,85.8536
2024-01-16T12:05:00,COOLING_PRES_01,13.1856
2024-01-16T12:05:00,COOLING_FLOW_01,169.92
2024-01-16T12:05:00,PRIMARY_PRES_01,163.3095
2024-01-16T12:05:00,PRIMARY_TEMP_01,332.1024
2024-01-16T12:05:00,PRIMARY_FLOW_01,444.0579
2024-01-16T12:06:00,COOLING_TEMP_01,85.1387
2024-01-16T12:06:00,COOLING_PRES_01,13.2445
2024-01-16T12:06:00,COOLING_FLOW_01,169.8986
2024-01-16T12:06:00,COOLING_HEAT_01,27.8118
2024-01-16T12:06:00,PRIMARY_PRES_01,162.7299
2024-01-16T12:06:00,PRIMARY_TEMP_01,331.9626
2024-01-16T12:06:00,PRIMARY_FLOW_01,435.2174
2024-01-16T12:06:00,PRIMARY_LEVEL_01,66.7588
2024-01-16T12:07:00,COOLING_TEMP_01,86.2587
2024-01-16T12:07:00,COOLING_PRES_01,13.5083
2024-01-16T12:07:00,COOLING_FLOW_01,170.4921
2024-01-16T12:07:00,PRIMARY_PRES_01,162.6161
2024-01-16T12:07:00,PRIMARY_TEMP_01,331.5916
2024-01-16T12:07:00,PRIMARY_FLOW_01,442.2775
2024-01-16T12:08:00,COOLING_TEMP_01,85.2427
2024-01-16T12:08:00,COOLING_PRES_01,13.1373
2024-01-16T12:08:00,COOLING_FLOW_01,169.4623
2024-01-16T12:08:00,COOLING_HEAT_01,27.7037
2024-01-16T12:08:00,PRIMARY_PRES_01,163.1756
2024-01-16T12:08:00,PRIMARY_TEMP_01,333.501
2024-01-16T12:08:00,PRIMARY_FLOW_01,440.3379
2024-01-16T12:08:00,PRIMARY_LEVEL_01,66.1842
2024-01-16T12:09:00,COOLING_TEMP_01,85.7199
2024-01-16T12:09:00,COOLING_PRES_01,13.1998
2024-01-16T12:09:00,COOLING_FLOW_01,174.8343
2024-01-16T12:09:00,PRIMARY_PRES_01,163.1907
2024-01-16T12:09:00,PRIMARY_TEMP_01,332.1007
2024-01-16T12:09:00,PRIMARY_FLOW_01,440.2167
2024-01-16T12:10:00,COOLING_TEMP_01,85.3783
2024-01-16T12:10:00,COOLING_PRES_01,13.1372
2024-01-16T12:10:00,COOLING_FLOW_01,170.6799
2024-01-16T12:10:00,COOLING_HEAT_01,27.8517
2024-01-16T12:10:00,PRIMARY_PRES_01,162.5681
2024-01-16T12:10:00,PRIMARY_TEMP_01,331.1437
2024-01-16T12:10:00,PRIMARY_FLOW_01,436.8536
2024-01-16T12:10:00,PRIMARY_LEVEL_01,65.7287
2024-01-16T12:11:00,COOLING_TEMP_01,85.9989
2024-01-16T12:11:00,COOLING_PRES_01,13.099
2024-01-16T12:11:00,COOLING_FLOW_01,170.853
2024-01-16T12:11:00,PRIMARY_PRES_01,162.3191
2024-01-16T12:11:00,PRIMARY_TEMP_01,332.7165
2024-01-16T12:11:00,PRIMARY_FLOW_01,442.3372
2024-01-16T12:12:00,COOLING_TEMP_01,86.1835
2024-01-16T12:12:00,COOLING_PRES_01,13.3902
2024-01-16T12:12:00,COOLING_FLOW_01,167.5916
2024-01-16T12:12:00,COOLING_HEAT_01,27.9667
2024-01-16T12:12:00,PRIMARY_PRES_01,162.968
2024-01-16T12:12:00,PRIMARY_TEMP_01,330.6138
2024-01-16T12:12:00,PRIMARY_FLOW_01,441.937
2024-01-16T12:12:00,PRIMARY_LEVEL_01,66.2226
2024-01-16T12:13:00,COOLING_TEMP_01,87.151
2024-01-16T12:13:00,COOLING_PRES_01,13.3313
2024-01-16T12:13:00,COOLING_FLOW_01,166.6483
2024-01-16T12:13:00,PRIMARY_PRES_01,162.5279
2024-01-16T12:13:00,PRIMARY_TEMP_01,332.7756
2024-01-16T12:13:00,PRIMARY_FLOW_01,434.3757
2024-01-16T12:14:00,COOLING_TEMP_01,86.0723
2024-01-16T12:14:00,COOLING_PRES_01,13.1351
2024-01-16T12:14:00,COOLING_FLOW_01,168.3949
2024-01-16T12:14:00,COOLING_HEAT_01,28.0408
2024-01-16T12:14:00,PRIMARY_PRES_01,163.3669
2024-01-16T12:14:00,PRIMARY_TEMP_01,333.8964
2024-01-16T12:14:00,PRIMARY_FLOW_01,442.769
2024-01-16T12:14:00,PRIMARY_LEVEL_01,66.3051
2024-01-16T12:15:00,COOLING_TEMP_01,84.9717
2024-01-16T12:15:00,COOLING_PRES_01,13.2459
2024-01-16T12:15:00,COOLING_FLOW_01,172.2711
2024-01-16T12:15:00,PRIMARY_PRES_01,162.3702
2024-01-16T12:15:00,PRIMARY_TEMP_01,333.0211
2024-01-16T12:15:00,PRIMARY_FLOW_01,431.5612
2024-01-16T12:16:00,COOLING_TEMP_01,84.7998
2024-01-16T12:16:00,COOLING_PRES_01,13.2875
2024-01-16T12:16:00,COOLING_FLOW_01,174.0217
2024-01-16T12:16:00,COOLING_HEAT_01,27.6357
2024-01-16T12:16:00,PRIMARY_PRES_01,163.3527
2024-01-16T12:16:00,PRIMARY_TEMP_01,332.6811
2024-01-16T12:16:00,PRIMARY_FLOW_01,440.7765
2024-01-16T12:16:00,PRIMARY_LEVEL_01,66.1247
2024-01-16T12:17:00,COOLING_TEMP_01,85.2728
2024-01-16T12:17:00,COOLING_PRES_01,13.0911
2024-01-16T12:17:00,COOLING_FLOW_01,173.0888
2024-01-16T12:17:00,PRIMARY_PRES_01,162.9119
2024-01-16T12:17:00,PRIMARY_TEMP_01,331.7342
2024-01-16T12:17:00,PRIMARY_FLOW_01,430.3727
2024-01-16T12:18:00,COOLING_TEMP_01,86.3896
2024-01-16T12:18:00,COOLING_PRES_01,12.9924
2024-01-16T12:18:00,COOLING_FLOW_01,171.1612
2024-01-16T12:18:00,COOLING_HEAT_01,27.8954
2024-01-16T12:18:00,PRIMARY_PRES_01,162.7849
2024-01-16T12:18:00,PRIMARY_TEMP_01,333.2867
2024-01-16T12:18:00,PRIMARY_FLOW_01,439.2254
2024-01-16T12:18:00,PRIMARY_LEVEL_01,66.0479
2024-01-16T12:19:00,COOLING_TEMP_01,85.741
2024-01-16T12:19:00,COOLING_PRES_01,13.3946
2024-01-16T12:19:00,COOLING_FLOW_01,168.7434
2024-01-16T12:19:00,PRIMARY_PRES_01,162.7668
2024-01-16T12:19:00,PRIMARY_TEMP_01,332.487
2024-01-16T12:19:00,PRIMARY_FLOW_01,436.3265
2024-01-16T12:20:00,COOLING_TEMP_01,86.0938
2024-01-16T12:20:00,COOLING_PRES_01,13.3316
2024-01-16T12:20:00,COOLING_FLOW_01,168.1884
2024-01-16T12:20:00,COOLING_HEAT_01,28.1817
2024-01-16T12:20:00,PRIMARY_PRES_01,162.9703
2024-01-16T12:20:00,PRIMARY_TEMP_01,330.0303
2024-01-16T12:20:00,PRIMARY_FLOW_01,438.4729
2024-01-16T12:20:00,PRIMARY_LEVEL_01,64.0444
2024-01-16T12:21:00,COOLING_TEMP_01,85.4639
2024-01-16T12:21:00,COOLING_PRES_01,13.3561
2024-01-16T12:21:00,COOLING_FLOW_01,164.0974
2024-01-16T12:21:00,PRIMARY_PRES_01,162.944
2024-01-16T12:21:00,PRIMARY_TEMP_01,332.3598
2024-01-16T12:21:00,PRIMARY_FLOW_01,434.9986
2024-01-16T12:22:00,COOLING_TEMP_01,85.3185
2024-01-16T12:22:00,COOLING_PRES_01,13.3391
2024-01-16T12:22:00,COOLING_FLOW_01,167.9616
2024-01-16T12:22:00,COOLING_HEAT_01,27.9634
2024-01-16T12:22:00,PRIMARY_PRES_01,163.253
2024-01-16T12:22:00,PRIMARY_TEMP_01,333.4653
2024-01-16T12:22:00,PRIMARY_FLOW_01,443.0428
2024-01-16T12:22:00,PRIMARY_LEVEL_01,66.5136
2024-01-16T12:23:00,COOLING_TEMP_01,85.958
2024-01-16T12:23:00,COOLING_PRES_01,12.9343
2024-01-16T12:23:00,COOLING_FLOW_01,166.5449
2024-01-16T12:23:00,PRIMARY_PRES_01,163.3306
2024-01-16T12:23:00,PRIMARY_TEMP_01,333.5528
2024-01-16T12:23:00,PRIMARY_FLOW_01,434.892
2024-01-16T12:24:00,COOLING_TEMP_01,85.8236
2024-01-16T12:24:00,COOLING_PRES_01,13.3058
2024-01-16T12:24:00,COOLING_FLOW_01,171.3817
2024-01-16T12:24:00,COOLING_HEAT_01,28.2554
2024-01-16T12:24:00,PRIMARY_PRES_01,162.5976
2024-01-16T12:24:00,PRIMARY_TEMP_01,331.6329
2024-01-16T12:24:00,PRIMARY_FLOW_01,447.5097
2024-01-16T12:24:00,PRIMARY_LEVEL_01,65.9277
2024-01-16T12:25:00,COOLING_TEMP_01,85.6984
2024-01-16T12:25:00,COOLING_PRES_01,13.217
2024-01-16T12:25:00,COOLING_FLOW_01,170.4095
2024-01-16T12:25:00,PRIMARY_PRES_01,162.985
2024-01-16T12:25:00,PRIMARY_TEMP_01,331.0878
2024-01-16T12:25:00,PRIMARY_FLOW_01,435.1153
2024-01-16T12:26:00,COOLING_TEMP_01,85.1118
2024-01-16T12:26:00,COOLING_PRES_01,13.0373
2024-01-16T12:26:00,COOLING_FLOW_01,165.9434
2024-01-16T12:26:00,COOLING_HEAT_01,27.9905
2024-01-16T12:26:00,PRIMARY_PRES_01,162.4758
2024-01-16T12:26:00,PRIMARY_TEMP_01,331.6641
2024-01-16T12:26:00,PRIMARY_FLOW_01,447.3673
2024-01-16T12:26:00,PRIMARY_LEVEL_01,65.8208
2024-01-16T12:27:00,COOLING_TEMP_01,85.973
2024-01-16T12:27:00,COOLING_PRES_01,13.0015
2024-01-16T12:27:00,COOLING_FLOW_01,167.6405
2024-01-16T12:27:00,PRIMARY_PRES_01,163.3786
2024-01-16T12:27:00,PRIMARY_TEMP_01,331.7202
2024-01-16T12:27:00,PRIMARY_FLOW_01,435.7532
2024-01-16T12:28:00,COOLING_TEMP_01,86.2578
2024-01-16T12:28:00,COOLING_PRES_01,13.1323
2024-01-16T12:28:00,COOLING_FLOW_01,168.1769
2024-01-16T12:28:00,COOLING_HEAT_01,28.2391
2024-01-16T12:28:00,PRIMARY_PRES_01,163.07
2024-01-16T12:28:00,PRIMARY_TEMP_01,331.1979
2024-01-16T12:28:00,PRIMARY_FLOW_01,432.0821
2024-01-16T12:28:00,PRIMARY_LEVEL_01,65.1099
2024-01-16T12:29:00,COOLING_TEMP_01,85.5727
2024-01-16T12:29:00,COOLING_PRES_01,13.0921
2024-01-16T12:29:00,COOLING_FLOW_01,170.7017
2024-01-16T12:29:00,PRIMARY_PRES_01,163.0619
2024-01-16T12:29:00,PRIMARY_TEMP_01,331.1682
2024-01-16T12:29:00,PRIMARY_FLOW_01,441.7312
2024-01-16T12:30:00,COOLING_TEMP_01,86.3046
2024-01-16T12:30:00,COOLING_PRES_01,13.2975
2024-01-16T12:30:00,COOLING_FLOW_01,170.0136
2024-01-16T12:30:00,COOLING_HEAT_01,27.5934
2024-01-16T12:30:00,PRIMARY_PRES_01,163.0565
2024-01-16T12:30:00,PRIMARY_TEMP_01,332.6826
2024-01-16T12:30:00,PRIMARY_FLOW_01,441.9191
2024-01-16T12:30:00,PRIMARY_LEVEL_01,66.1862
2024-01-16T12:31:00,COOLING_TEMP_01,85.8872
2024-01-16T12:31:00,COOLING_PRES_01,12.8827
2024-01-16T12:31:00,COOLING_FLOW_01,170.0995
2024-01-16T12:31:00,PRIMARY_PRES_01,163.5491
2024-01-16T12:31:00,PRIMARY_TEMP_01,331.9858
2024-01-16T12:31:00,PRIMARY_FLOW_01,434.5733
2024-01-16T12:32:00,COOLING_TEMP_01,86.1874
2024-01-16T12:32:00,COOLING_PRES_01,13.1329
2024-01-16T12:32:00,COOLING_FLOW_01,173.5966
2024-01-16T12:32:00,COOLING_HEAT_01,27.906
2024-01-16T12:32:00,PRIMARY_PRES_01,163.2389
2024-01-16T12:32:00,PRIMARY_TEMP_01,332.5681
2024-01-16T12:32:00,PRIMARY_FLOW_01,444.3393
2024-01-16T12:32:00,PRIMARY_LEVEL_01,65.5826
2024-01-16T12:33:00,COOLING_TEMP_01,87.4927
2024-01-16T12:33:00,COOLING_PRES_01,13.4363
2024-01-16T12:33:00,COOLING_FLOW_01,166.2167
2024-01-16T12:33:00,PRIMARY_PRES_01,162.9512
2024-01-16T12:33:00,PRIMARY_TEMP_01,330.0643
2024-01-16T12:33:00,PRIMARY_FLOW_01,431.8446
2024-01-16T12:34:00,COOLING_TEMP_01,85.9532
2024-01-16T12:34:00,COOLING_PRES_01,13.3225
2024-01-16T12:34:00,COOLING_FLOW_01,164.8681
2024-01-16T12:34:00,COOLING_HEAT_01,27.8024
2024-01-16T12:34:00,PRIMARY_PRES_01,163.0586
2024-01-16T12:34:00,PRIMARY_TEMP_01,329.3509
2024-01-16T12:34:00,PRIMARY_FLOW_01,437.8544
2024-01-16T12:34:00,PRIMARY_LEVEL_01,66.0176
2024-01-16T12:35:00,COOLING_TEMP_01,84.9609
2024-01-16T12:35:00,COOLING_PRES_01,13.1619
2024-01-16T12:35:00,COOLING_FLOW_01,170.845
2024-01-16T12:35:00,PRIMARY_PRES_01,163.422
2024-01-16T12:35:00,PRIMARY_TEMP_01,330.509
2024-01-16T12:35:00,PRIMARY_FLOW_01,441.3907
2024-01-16T12:36:00,COOLING_TEMP_01,85.9255
2024-01-16T12:36:00,COOLING_PRES_01,13.1772
2024-01-16T12:36:00,COOLING_FLOW_01,169.5877
2024-01-16T12:36:00,COOLING_HEAT_01,27.9059
2024-01-16T12:36:00,PRIMARY_PRES_01,163.368
2024-01-16T12:36:00,PRIMARY_TEMP_01,330.976
2024-01-16T12:36:00,PRIMARY_FLOW_01,440.2106
2024-01-16T12:36:00,PRIMARY_LEVEL_01,66.2221
2024-01-16T12:37:00,COOLING_TEMP_01,86.7095
2024-01-16T12:37:00,COOLING_PRES_01,13.2287
2024-01-16T12:37:00,COOLING_FLOW_01,165.6283
2024-01-16T12:37:00,PRIMARY_PRES_01,163.0824
2024-01-16T12:37:00,PRIMARY_TEMP_01,332.0643
2024-01-16T12:37:00,PRIMARY_FLOW_01,449.433
2024-01-16T12:38:00,COOLING_TEMP_01,85.9263
2024-01-16T12:38:00,COOLING_PRES_01,13.1504
2024-01-16T12:38:00,COOLING_FLOW_01,168.6824
2024-01-16T12:38:00,COOLING_HEAT_01,27.4594
2024-01-16T12:38:00,PRIMARY_PRES_01,162.9033
2024-01-16T12:38:00,PRIMARY_TEMP_01,331.9116
2024-01-16T12:38:00,PRIMARY_FLOW_01,433.6539
2024-01-16T12:38:00,PRIMARY_LEVEL_01,66.2084
2024-01-16T12:39:00,COOLING_TEMP_01,85.805
2024-01-16T12:39:00,COOLING_PRES_01,13.0946
2024-01-16T12:39:00,COOLING_FLOW_01,170.711
2024-01-16T12:39:00,PRIMARY_PRES_01,163.0692
2024-01-16T12:39:00,PRIMARY_TEMP_01,333.1002
2024-01-16T12:39:00,PRIMARY_FLOW_01,438.6419
2024-01-16T12:40:00,COOLING_TEMP_01,86.0286
2024-01-16T12:40:00,COOLING_PRES_01,13.2239
2024-01-16T12:40:00,COOLING_FLOW_01,167.2863
2024-01-16T12:40:00,COOLING_HEAT_01,27.7032
2024-01-16T12:40:00,PRIMARY_PRES_01,162.5726
2024-01-16T12:40:00,PRIMARY_TEMP_01,332.9522
2024-01-16T12:40:00,PRIMARY_FLOW_01,438.3888
2024-01-16T12:40:00,PRIMARY_LEVEL_01,66.4661
2024-01-16T12:41:00,COOLING_TEMP_01,85.2296
2024-01-16T12:41:00,COOLING_PRES_01,13.1529
2024-01-16T12:41:00,COOLING_FLOW_01,170.8176
2024-01-16T12:41:00,PRIMARY_PRES_01,163.007
2024-01-16T12:41:00,PRIMARY_TEMP_01,328.4492
2024-01-16T12:41:00,PRIMARY_FLOW_01,451.1359
2024-01-16T12:42:00,COOLING_TEMP_01,85.407
2024-01-16T12:42:00,COOLING_PRES_01,13.1348
2024-01-16T12:42:00,COOLING_FLOW_01,166.8046
2024-01-16T12:42:00,COOLING_HEAT_01,28.109
2024-01-16T12:42:00,PRIMARY_PRES_01,163.32
2024-01-16T12:42:00,PRIMARY_TEMP_01,330.8994
2024-01-16T12:42:00,PRIMARY_FLOW_01,442.656
2024-01-16T12:42:00,PRIMARY_LEVEL_01,65.182
2024-01-16T12:43:00,COOLING_TEMP_01,84.7502
2024-01-16T12:43:00,COOLING_PRES_01,13.0518
2024-01-16T12:43:00,COOLING_FLOW_01,174.5834
2024-01-16T12:43:00,PRIMARY_PRES_01,162.9389
2024-01-16T12:43:00,PRIMARY_TEMP_01,332.5776
2024-01-16T12:43:00,PRIMARY_FLOW_01,441.5019
2024-01-16T12:44:00,COOLING_TEMP_01,85.9107
2024-01-16T12:44:00,COOLING_PRES_01,13.1981
2024-01-16T12:44:00,COOLING_FLOW_01,164.84
2024-01-16T12:44:00,COOLING_HEAT_01,28.1973
2024-01-16T12:44:00,PRIMARY_PRES_01,163.116
2024-01-16T12:44:00,PRIMARY_TEMP_01,330.4106
2024-01-16T12:44:00,PRIMARY_FLOW_01,434.692
2024-01-16T12:44:00,PRIMARY_LEVEL_01,65.6379
2024-01-16T12:45:00,COOLING_TEMP_01,86.6121
2024-01-16T12:45:00,COOLING_PRES_01,13.3886
2024-01-16T12:45:00,COOLING_FLOW_01,173.3524
2024-01-16T12:45:00,PRIMARY_PRES_01,162.7745
2024-01-16T12:45:00,PRIMARY_TEMP_01,332.2593
2024-01-16T12:45:00,PRIMARY_FLOW_01,440.6153
2024-01-16T12:46:00,COOLING_TEMP_01,86.5351
2024-01-16T12:46:00,COOLING_PRES_01,13.2545
2024-01-16T12:46:00,COOLING_FLOW_01,169.5477
2024-01-16T12:46:00,COOLING_HEAT_01,28.1876
2024-01-16T12:46:00,PRIMARY_PRES_01,163.2043
2024-01-16T12:46:00,PRIMARY_TEMP_01,331.3133
2024-01-16T12:46:00,PRIMARY_FLOW_01,450.5871
2024-01-16T12:46:00,PRIMARY_LEVEL_01,66.6999
2024-01-16T12:47:00,COOLING_TEMP_01,85.8244
2024-01-16T12:47:00,COOLING_PRES_01,12.9667
2024-01-16T12:47:00,COOLING_FLOW_01,160.9279
2024-01-16T12:47:00,PRIMARY_PRES_01,163.0753
2024-01-16T12:47:00,PRIMARY_TEMP_01,329.5933
2024-01-16T12:47:00,PRIMARY_FLOW_01,429.064
2024-01-16T12:48:00,COOLING_TEMP_01,85.3319
2024-01-16T12:48:00,COOLING_PRES_01,13.1074
2024-01-16T12:48:00,COOLING_FLOW_01,169.9468
2024-01-16T12:48:00,COOLING_HEAT_01,27.7959
2024-01-16T12:48:00,PRIMARY_PRES_01,162.857
2024-01-16T12:48:00,PRIMARY_TEMP_01,331.5811
2024-01-16T12:48:00,PRIMARY_FLOW_01,449.0374
2024-01-16T12:48:00,PRIMARY_LEVEL_01,66.1913
2024-01-16T12:49:00,COOLING_TEMP_01,86.6767
2024-01-16T12:49:00,COOLING_PRES_01,13.3301
2024-01-16T12:49:00,COOLING_FLOW_01,171.1117
2024-01-16T12:49:00,PRIMARY_PRES_01,162.8444
2024-01-16T12:49:00,PRIMARY_TEMP_01,331.5351
2024-01-16T12:49:00,PRIMARY_FLOW_01,440.758
2024-01-16T12:50:00,COOLING_TEMP_01,86.2047
2024-01-16T12:50:00,COOLING_PRES_01,13.3224
2024-01-16T12:50:00,COOLING_FLOW_01,174.5843
2024-01-16T12:50:00,COOLING_HEAT_01,27.6202
2024-01-16T12:50:00,PRIMARY_PRES_01,163.0075
2024-01-16T12:50:00,PRIMARY_TEMP_01,329.9183
2024-01-16T12:50:00,PRIMARY_FLOW_01,446.0853
2024-01-16T12:50:00,PRIMARY_LEVEL_01,66.0745
2024-01-16T12:51:00,COOLING_TEMP_01,86.0635
2024-01-16T12:51:00,COOLING_PRES_01,13.1048
2024-01-16T12:51:00,COOLING_FLOW_01,169.6594
2024-01-16T12:51:00,PRIMARY_PRES_01,162.8397
2024-01-16T12:51:00,PRIMARY_TEMP_01,330.148
2024-01-16T12:51:00,PRIMARY_FLOW_01,439.2035
2024-01-16T12:52:00,COOLING_TEMP_01,85.5272
2024-01-16T12:52:00,COOLING_PRES_01,13.2384
2024-01-16T12:52:00,COOLING_FLOW_01,168.4406
2024-01-16T12:52:00,COOLING_HEAT_01,28.0364
2024-01-16T12:52:00,PRIMARY_PRES_01,163.1111
2024-01-16T12:52:00,PRIMARY_TEMP_01,332.8586
2024-01-16T12:52:00,PRIMARY_FLOW_01,441.3034
2024-01-16T12:52:00,PRIMARY_LEVEL_01,66.2322
2024-01-16T12:53:00,COOLING_TEMP_01,83.8751
2024-01-16T12:53:00,COOLING_PRES_01,13.2698
2024-01-16T12:53:00,COOLING_FLOW_01,174.1045
2024-01-16T12:53:00,PRIMARY_PRES_01,163.3037
2024-01-16T12:53:00,PRIMARY_TEMP_01,330.7668
2024-01-16T12:53:00,PRIMARY_FLOW_01,439.1527
2024-01-16T12:54:00,COOLING_TEMP_01,85.5686
2024-01-16T12:54:00,COOLING_PRES_01,13.3411
2024-01-16T12:54:00,COOLING_FLOW_01,170.3589
2024-01-16T12:54:00,COOLING_HEAT_01,27.8852
2024-01-16T12:54:00,PRIMARY_PRES_01,162.5594
2024-01-16T12:54:00,PRIMARY_TEMP_01,332.4028
2024-01-16T12:54:00,PRIMARY_FLOW_01,453.3648
2024-01-16T12:54:00,PRIMARY_LEVEL_01,65.939
2024-01-16T12:55:00,COOLING_TEMP_01,85.1624
2024-01-16T12:55:00,COOLING_PRES_01,13.2166
2024-01-16T12:55:00,COOLING_FLOW_01,170.6783
2024-01-16T12:55:00,PRIMARY_PRES_01,162.5929
2024-01-16T12:55:00,PRIMARY_TEMP_01,330.7603
2024-01-16T12:55:00,PRIMARY_FLOW_01,430.9617
2024-01-16T12:56:00,COOLING_TEMP_01,85.5232
2024-01-16T12:56:00,COOLING_PRES_01,13.5096
2024-01-16T12:56:00,COOLING_FLOW_01,173.6436
2024-01-16T12:56:00,COOLING_HEAT_01,28.0923
2024-01-16T12:56:00,PRIMARY_PRES_01,163.3861
2024-01-16T12:56:00,PRIMARY_TEMP_01,331.7578
2024-01-16T12:56:00,PRIMARY_FLOW_01,446.031
2024-01-16T12:56:00,PRIMARY_LEVEL_01,66.6724
2024-01-16T12:57:00,COOLING_TEMP_01,85.253
2024-01-16T12:57:00,COOLING_PRES_01,12.9239
2024-01-16T12:57:00,COOLING_FLOW_01,166.3726
2024-01-16T12:57:00,PRIMARY_PRES_01,162.3971
2024-01-16T12:57:00,PRIMARY_TEMP_01,331.7038
2024-01-16T12:57:00,PRIMARY_FLOW_01,433.6829
2024-01-16T12:58:00,COOLING_TEMP_01,84.8102
2024-01-16T12:58:00,COOLING_PRES_01,13.0773
2024-01-16T12:58:00,COOLING_FLOW_01,173.4665
2024-01-16T12:58:00,COOLING_HEAT_01,27.6688
2024-01-16T12:58:00,PRIMARY_PRES_01,162.875
2024-01-16T12:58:00,PRIMARY_TEMP_01,333.0557
2024-01-16T12:58:00,PRIMARY_FLOW_01,444.2091
2024-01-16T12:58:00,PRIMARY_LEVEL_01,65.8705
2024-01-16T12:59:00,COOLING_TEMP_01,85.7233
2024-01-16T12:59:00,COOLING_PRES_01,13.2333
2024-01-16T12:59:00,COOLING_FLOW_01,167.3019
2024-01-16T12:59:00,PRIMARY_PRES_01,163.4063
2024-01-16T12:59:00,PRIMARY_TEMP_01,332.0627
2024-01-16T12:59:00,PRIMARY_FLOW_01,446.1583
2024-01-16T13:00:00,COOLING_TEMP_01,85.5946
2024-01-16T13:00:00,COOLING_PRES_01,13.2432
2024-01-16T13:00:00,COOLING_FLOW_01,169.2139
2024-01-16T13:00:00,COOLING_HEAT_01,28.4784
2024-01-16T13:00:00,PRIMARY_PRES_01,163.1093
2024-01-16T13:00:00,PRIMARY_TEMP_01,330.0541
2024-01-16T13:00:00,PRIMARY_FLOW_01,442.6664
2024-01-16T13:00:00,PRIMARY_LEVEL_01,67.0142
2024-01-16T13:01:00,COOLING_TEMP_01,86.4988
2024-01-16T13:01:00,COOLING_PRES_01,13.3991
2024-01-16T13:01:00,COOLING_FLOW_01,173.1734
2024-01-16T13:01:00,PRIMARY_PRES_01,162.7858
2024-01-16T13:01:00,PRIMARY_TEMP_01,332.3253
2024-01-16T13:01:00,PRIMARY_FLOW_01,448.4485
2024-01-16T13:02:00,COOLING_TEMP_01,85.9172
2024-01-16T13:02:00,COOLING_PRES_01,13.1228
2024-01-16T13:02:00,COOLING_FLOW_01,169.339
2024-01-16T13:02:00,COOLING_HEAT_01,27.5365
2024-01-16T13:02:00,PRIMARY_PRES_01,163.0258
2024-01-16T13:02:00,PRIMARY_TEMP_01,332.1337
2024-01-16T13:02:00,PRIMARY_FLOW_01,446.4688
2024-01-16T13:02:00,PRIMARY_LEVEL_01,66.815
2024-01-16T13:03:00,COOLING_TEMP_01,85.9147
2024-01-16T13:03:00,COOLING_PRES_01,13.294
2024-01-16T13:03:00,COOLING_FLOW_01,170.7701
2024-01-16T13:03:00,PRIMARY_PRES_01,163.0665
2024-01-16T13:03:00,PRIMARY_TEMP_01,331.3674
2024-01-16T13:03:00,PRIMARY_FLOW_01,437.9496
2024-01-16T13:04:00,COOLING_TEMP_01,85.7277
2024-01-16T13:04:00,COOLING_PRES_01,13.0561
2024-01-16T13:04:00,COOLING_FLOW_01,172.0892
2024-01-16T13:04:00,COOLING_HEAT_01,27.848
2024-01-16T13:04:00,PRIMARY_PRES_01,163.4542
2024-01-16T13:04:00,PRIMARY_TEMP_01,331.7775
2024-01-16T13:04:00,PRIMARY_FLOW_01,439.4835
2024-01-16T13:04:00,PRIMARY_LEVEL_01,66.4216
2024-01-16T13:05:00,COOLING_TEMP_01,84.9485
2024-01-16T13:05:00,COOLING_PRES_01,13.2369
2024-01-16T13:05:00,COOLING_FLOW_01,174.4755
2024-01-16T13:05:00,PRIMARY_PRES_01,163.2212
2024-01-16T13:05:00,PRIMARY_TEMP_01,331.8029
2024-01-16T13:05:00,PRIMARY_FLOW_01,434.2812
2024-01-16T13:06:00,COOLING_TEMP_01,86.3028
2024-01-16T13:06:00,COOLING_PRES_01,13.2538
2024-01-16T13:06:00,COOLING_FLOW_01,163.9124
2024-01-16T13:06:00,COOLING_HEAT_01,27.2296
2024-01-16T13:06:00,PRIMARY_PRES_01,162.8439
2024-01-16T13:06:00,PRIMARY_TEMP_01,330.897
2024-01-16T13:06:00,PRIMARY_FLOW_01,446.8069
2024-01-16T13:06:00,PRIMARY_LEVEL_01,66.1752
2024-01-16T13:07:00,COOLING_TEMP_01,85.8755
2024-01-16T13:07:00,COOLING_PRES_01,13.1303
2024-01-16T13:07:00,COOLING_FLOW_01,168.9069
2024-01-16T13:07:00,PRIMARY_PRES_01,163.7321
2024-01-16T13:07:00,PRIMARY_TEMP_01,332.3214
2024-01-16T13:07:00,PRIMARY_FLOW_01,431.3194
2024-01-16T13:08:00,COOLING_TEMP_01,84.4422
2024-01-16T13:08:00,COOLING_PRES_01,13.1633
2024-01-16T13:08:00,COOLING_FLOW_01,169.7644
2024-01-16T13:08:00,COOLING_HEAT_01,28.1432
2024-01-16T13:08:00,PRIMARY_PRES_01,163.0343
2024-01-16T13:08:00,PRIMARY_TEMP_01,331.7154
2024-01-16T13:08:00,PRIMARY_FLOW_01,433.9136
2024-01-16T13:08:00,PRIMARY_LEVEL_01,65.765
2024-01-16T13:09:00,COOLING_TEMP_01,85.3072
2024-01-16T13:09:00,COOLING_PRES_01,13.2422
2024-01-16T13:09:00,COOLING_FLOW_01,171.3872
2024-01-16T13:09:00,PRIMARY_PRES_01,162.8138
2024-01-16T13:09:00,PRIMARY_TEMP_01,331.5557
2024-01-16T13:09:00,PRIMARY_FLOW_01,444.902
2024-01-16T13:10:00,COOLING_TEMP_01,84.974
2024-01-16T13:10:00,COOLING_PRES_01,13.3144
2024-01-16T13:10:00,COOLING_FLOW_01,167.6949
2024-01-16T13:10:00,COOLING_HEAT_01,28.2459
2024-01-16T13:10:00,PRIMARY_PRES_01,162.8812
2024-01-16T13:10:00,PRIMARY_TEMP_01,330.9084
2024-01-16T13:10:00,PRIMARY_FLOW_01,439.216
2024-01-16T13:10:00,PRIMARY_LEVEL_01,64.9727
2024-01-16T13:11:00,COOLING_TEMP_01,85.4116
2024-01-16T13:11:00,COOLING_PRES_01,13.2496
2024-01-16T13:11:00,COOLING_FLOW_01,167.952
2024-01-16T13:11:00,PRIMARY_PRES_01,163.5097
2024-01-16T13:11:00,PRIMARY_TEMP_01,329.4253
2024-01-16T13:11:00,PRIMARY_FLOW_01,445.6494
2024-01-16T13:12:00,COOLING_TEMP_01,84.9526
2024-01-16T13:12:00,COOLING_PRES_01,13.035
2024-01-16T13:12:00,COOLING_FLOW_01,172.8575
2024-01-16T13:12:00,COOLING_HEAT_01,28.0745
2024-01-16T13:12:00,PRIMARY_PRES_01,162.7599
2024-01-16T13:12:00,PRIMARY_TEMP_01,329.9768
2024-01-16T13:12:00,PRIMARY_FLOW_01,443.574
2024-01-16T13:12:00,PRIMARY_LEVEL_01,65.9156
2024-01-16T13:13:00,COOLING_TEMP_01,86.3457
2024-01-16T13:13:00,COOLING_PRES_01,13.1176
2024-01-16T13:13:00,COOLING_FLOW_01,167.9548
2024-01-16T13:13:00,PRIMARY_PRES_01,163.117
2024-01-16T13:13:00,PRIMARY_TEMP_01,333.3161
2024-01-16T13:13:00,PRIMARY_FLOW_01,456.4196
2024-01-16T13:14:00,COOLING_TEMP_01,85.6392
2024-01-16T13:14:00,COOLING_PRES_01,13.3188
2024-01-16T13:14:00,COOLING_FLOW_01,170.8293
2024-01-16T13:14:00,COOLING_HEAT_01,27.1849
2024-01-16T13:14:00,PRIMARY_PRES_01,162.9526
2024-01-16T13:14:00,PRIMARY_TEMP_01,332.5198
2024-01-16T13:14:00,PRIMARY_FLOW_01,430.2007
2024-01-16T13:14:00,PRIMARY_LEVEL_01,65.9163
2024-01-16T13:15:00,COOLING_TEMP_01,85.7384
2024-01-16T13:15:00,COOLING_PRES_01,13.1428
2024-01-16T13:15:00,COOLING_FLOW_01,167.9955
2024-01-16T13:15:00,PRIMARY_PRES_01,163.4634
2024-01-16T13:15:00,PRIMARY_TEMP_01,330.3499
2024-01-16T13:15:00,PRIMARY_FLOW_01,437.4206
2024-01-16T13:16:00,COOLING_TEMP_01,84.8723
2024-01-16T13:16:00,COOLING_PRES_01,13.2108
2024-01-16T13:16:00,COOLING_FLOW_01,168.9653
2024-01-16T13:16:00,COOLING_HEAT_01,27.5529
2024-01-16T13:16:00,PRIMARY_PRES_01,163.434
2024-01-16T13:16:00,PRIMARY_TEMP_01,331.6941
2024-01-16T13:16:00,PRIMARY_FLOW_01,438.372
2024-01-16T13:16:00,PRIMARY_LEVEL_01,65.7062
2024-01-16T13:17:00,COOLING_TEMP_01,85.6571
2024-01-16T13:17:00,COOLING_PRES_01,13.178
2024-01-16T13:17:00,COOLING_FLOW_01,173.9327
2024-01-16T13:17:00,PRIMARY_PRES_01,163.5506
2024-01-16T13:17:00,PRIMARY_TEMP_01,330.4342
2024-01-16T13:17:00,PRIMARY_FLOW_01,442.8872
2024-01-16T13:18:00,COOLING_TEMP_01,84.7628
2024-01-16T13:18:00,COOLING_PRES_01,13.3873
2024-01-16T13:18:00,COOLING_FLOW_01,166.722
2024-01-16T13:18:00,COOLING_HEAT_01,27.9064
2024-01-16T13:18:00,PRIMARY_PRES_01,162.8725
2024-01-16T13:18:00,PRIMARY_TEMP_01,331.8449
2024-01-16T13:18:00,PRIMARY_FLOW_01,434.2548
2024-01-16T13:18:00,PRIMARY_LEVEL_01,64.8162
2024-01-16T13:19:00,COOLING_TEMP_01,85.5764
2024-01-16T13:19:00,COOLING_PRES_01,13.2005
2024-01-16T13:19:00,COOLING_FLOW_01,176.6639
2024-01-16T13:19:00,PRIMARY_PRES_01,162.7467
2024-01-16T13:19:00,PRIMARY_TEMP_01,330.0729
2024-01-16T13:19:00,PRIMARY_FLOW_01,440.676
2024-01-16T13:20:00,COOLING_TEMP_01,85.6602
2024-01-16T13:20:00,COOLING_PRES_01,13.0934
2024-01-16T13:20:00,COOLING_FLOW_01,167.9345
2024-01-16T13:20:00,COOLING_HEAT_01,28.0246
2024-01-16T13:20:00,PRIMARY_PRES_01,163.0135
2024-01-16T13:20:00,PRIMARY_TEMP_01,330.7746
2024-01-16T13:20:00,PRIMARY_FLOW_01,454.7473
2024-01-16T13:20:00,PRIMARY_LEVEL_01,66.4967
2024-01-16T13:21:00,COOLING_TEMP_01,85.5752
2024-01-16T13:21:00,COOLING_PRES_01,13.2246
2024-01-16T13:21:00,COOLING_FLOW_01,171.9168
2024-01-16T13:21:00,PRIMARY_PRES_01,162.9617
2024-01-16T13:21:00,PRIMARY_TEMP_01,331.5673
2024-01-16T13:21:00,PRIMARY_FLOW_01,437.4238
2024-01-16T13:22:00,COOLING_TEMP_01,84.9147
2024-01-16T13:22:00,COOLING_PRES_01,13.0933
2024-01-16T13:22:00,COOLING_FLOW_01,168.06
2024-01-16T13:22:00,COOLING_HEAT_01,27.8532
2024-01-16T13:22:00,PRIMARY_PRES_01,163.1829
2024-01-16T13:22:00,PRIMARY_TEMP_01,330.4479
2024-01-16T13:22:00,PRIMARY_FLOW_01,433.6382
2024-01-16T13:22:00,PRIMARY_LEVEL_01,65.6411
2024-01-16T13:23:00,COOLING_TEMP_01,86.0634
2024-01-16T13:23:00,COOLING_PRES_01,13.0849
2024-01-16T13:23:00,COOLING_FLOW_01,172.2248
2024-01-16T13:23:00,PRIMARY_PRES_01,162.9831
2024-01-16T13:23:00,PRIMARY_TEMP_01,332.3483
2024-01-16T13:23:00,PRIMARY_FLOW_01,445.7373
2024-01-16T13:24:00,COOLING_TEMP_01,85.4527
2024-01-16T13:24:00,COOLING_PRES_01,13.186
2024-01-16T13:24:00,COOLING_FLOW_01,171.7458
2024-01-16T13:24:00,COOLING_HEAT_01,28.0488
2024-01-16T13:24:00,PRIMARY_PRES_01,163.0464
2024-01-16T13:24:00,PRIMARY_TEMP_01,328.7978
2024-01-16T13:24:00,PRIMARY_FLOW_01,431.9378
2024-01-16T13:24:00,PRIMARY_LEVEL_01,65.9403
2024-01-16T13:25:00,COOLING_TEMP_01,85.579
2024-01-16T13:25:00,COOLING_PRES_01,13.175
2024-01-16T13:25:00,COOLING_FLOW_01,170.8492
2024-01-16T13:25:00,PRIMARY_PRES_01,162.6298
2024-01-16T13:25:00,PRIMARY_TEMP_01,330.8086
2024-01-16T13:25:00,PRIMARY_FLOW_01,435.4542
2024-01-16T13:26:00,COOLING_TEMP_01,86.1588
2024-01-16T13:26:00,COOLING_PRES_01,13.0286
2024-01-16T13:26:00,COOLING_FLOW_01,173.665
2024-01-16T13:26:00,COOLING_HEAT_01,27.6556
2024-01-16T13:26:00,PRIMARY_PRES_01,163.6825
2024-01-16T13:26:00,PRIMARY_TEMP_01,328.6804
2024-01-16T13:26:00,PRIMARY_FLOW_01,437.3389
2024-01-16T13:26:00,PRIMARY_LEVEL_01,66.8694
2024-01-16T13:27:00,COOLING_TEMP_01,86.0627
2024-01-16T13:27:00,COOLING_PRES_01,13.2004
2024-01-16T13:27:00,COOLING_FLOW_01,169.0408
2024-01-16T13:27:00,PRIMARY_PRES_01,163.0126
2024-01-16T13:27:00,PRIMARY_TEMP_01,330.5425
2024-01-16T13:27:00,PRIMARY_FLOW_01,447.6278
2024-01-16T13:28:00,COOLING_TEMP_01,86.1514
2024-01-16T13:28:00,COOLING_PRES_01,13.0855
2024-01-16T13:28:00,COOLING_FLOW_01,170.1202
2024-01-16T13:28:00,COOLING_HEAT_01,27.7625
2024-01-16T13:28:00,PRIMARY_PRES_01,163.2948
2024-01-16T13:28:00,PRIMARY_TEMP_01,330.5614
2024-01-16T13:28:00,PRIMARY_FLOW_01,435.7071
2024-01-16T13:28:00,PRIMARY_LEVEL_01,66.488
2024-01-16T13:29:00,COOLING_TEMP_01,85.8449
2024-01-16T13:29:00,COOLING_PRES_01,13.1036
2024-01-16T13:29:00,COOLING_FLOW_01,164.8175
2024-01-16T13:29:00,PRIMARY_PRES_01,162.5919
2024-01-16T13:29:00,PRIMARY_TEMP_01,333.0627
2024-01-16T13:29:00,PRIMARY_FLOW_01,437.0408
2024-01-16T13:30:00,COOLING_TEMP_01,85.8946
2024-01-16T13:30:00,COOLING_PRES_01,13.2507
2024-01-16T13:30:00,COOLING_FLOW_01,173.5723
2024-01-16T13:30:00,COOLING_HEAT_01,28.088
2024-01-16T13:30:00,PRIMARY_PRES_01,162.8219
2024-01-16T13:30:00,PRIMARY_TEMP_01,333.621
2024-01-16T13:30:00,PRIMARY_FLOW_01,454.4671
2024-01-16T13:30:00,PRIMARY_LEVEL_01,65.4158
2024-01-16T13:31:00,COOLING_TEMP_01,85.7153
2024-01-16T13:31:00,COOLING_PRES_01,13.3549
2024-01-16T13:31:00,COOLING_FLOW_01,167.4146
2024-01-16T13:31:00,PRIMARY_PRES_01,162.8396
2024-01-16T13:31:00,PRIMARY_TEMP_01,330.8366
2024-01-16T13:31:00,PRIMARY_FLOW_01,450.4854
2024-01-16T13:32:00,COOLING_TEMP_01,84.9801
2024-01-16T13:32:00,COOLING_PRES_01,13.0725
2024-01-16T13:32:00,COOLING_FLOW_01,171.7023
2024-01-16T13:32:00,COOLING_HEAT_01,27.7069
2024-01-16T13:32:00,PRIMARY_PRES_01,162.8083
2024-01-16T13:32:00,PRIMARY_TEMP_01,327.8815
2024-01-16T13:32:00,PRIMARY_FLOW_01,436.4603
2024-01-16T13:32:00,PRIMARY_LEVEL_01,64.7956
2024-01-16T13:33:00,COOLING_TEMP_01,86.0941
2024-01-16T13:33:00,COOLING_PRES_01,13.3489
2024-01-16T13:33:00,COOLING_FLOW_01,166.6224
2024-01-16T13:33:00,PRIMARY_PRES_01,163.0746
2024-01-16T13:33:00,PRIMARY_TEMP_01,332.2225
2024-01-16T13:33:00,PRIMARY_FLOW_01,442.8829
2024-01-16T13:34:00,COOLING_TEMP_01,86.2763
2024-01-16T13:34:00,COOLING_PRES_01,13.3697
2024-01-16T13:34:00,COOLING_FLOW_01,172.5011
2024-01-16T13:34:00,COOLING_HEAT_01,28.0584
2024-01-16T13:34:00,PRIMARY_PRES_01,162.885
2024-01-16T13:34:00,PRIMARY_TEMP_01,331.9877
2024-01-16T13:34:00,PRIMARY_FLOW_01,439.2613
2024-01-16T13:34:00,PRIMARY_LEVEL_01,66.1834
2024-01-16T13:35:00,COOLING_TEMP_01,85.7538
2024-01-16T13:35:00,COOLING_PRES_01,13.2932
2024-01-16T13:35:00,COOLING_FLOW_01,170.0582
2024-01-16T13:35:00,PRIMARY_PRES_01,163.0819
2024-01-16T13:35:00,PRIMARY_TEMP_01,331.1121
2024-01-16T13:35:00,PRIMARY_FLOW_01,439.7182
2024-01-16T13:36:00,COOLING_TEMP_01,86.4728
2024-01-16T13:36:00,COOLING_PRES_01,13.1307
2024-01-16T13:36:00,COOLING_FLOW_01,168.7327
2024-01-16T13:36:00,COOLING_HEAT_01,28.2438
2024-01-16T13:36:00,PRIMARY_PRES_01,162.4981
2024-01-16T13:36:00,PRIMARY_TEMP_01,332.2025
2024-01-16T13:36:00,PRIMARY_FLOW_01,438.2176
2024-01-16T13:36:00,PRIMARY_LEVEL_01,65.3433
2024-01-16T13:37:00,COOLING_TEMP_01,84.778
2024-01-16T13:37:00,COOLING_PRES_01,13.4615
2024-01-16T13:37:00,COOLING_FLOW_01,165.3711
2024-01-16T13:37:00,PRIMARY_PRES_01,162.4153
2024-01-16T13:37:00,PRIMARY_TEMP_01,331.6144
2024-01-16T13:37:00,PRIMARY_FLOW_01,442.4271
2024-01-16T13:38:00,COOLING_TEMP_01,85.7401
2024-01-16T13:38:00,COOLING_PRES_01,13.2268
2024-01-16T13:38:00,COOLING_FLOW_01,166.3085
2024-01-16T13:38:00,COOLING_HEAT_01,28.2219
2024-01-16T13:38:00,PRIMARY_PRES_01,163.535
2024-01-16T13:38:00,PRIMARY_TEMP_01,333.3279
2024-01-16T13:38:00,PRIMARY_FLOW_01,430.7846
2024-01-16T13:38:00,PRIMARY_LEVEL_01,65.7933
2024-01-16T13:39:00,COOLING_TEMP_01,85.0776
2024-01-16T13:39:00,COOLING_PRES_01,13.1132
2024-01-16T13:39:00,COOLING_FLOW_01,169.6935
2024-01-16T13:39:00,PRIMARY_PRES_01,163.1103
2024-01-16T13:39:00,PRIMARY_TEMP_01,328.5909
2024-01-16T13:39:00,PRIMARY_FLOW_01,438.2848
2024-01-16T13:40:00,COOLING_TEMP_01,85.4593
2024-01-16T13:40:00,COOLING_PRES_01,13.3421
2024-01-16T13:40:00,COOLING_FLOW_01,171.718
2024-01-16T13:40:00,COOLING_HEAT_01,27.4717
2024-01-16T13:40:00,PRIMARY_PRES_01,163.6044
2024-01-16T13:40:00,PRIMARY_TEMP_01,332.7819
2024-01-16T13:40:00,PRIMARY_FLOW_01,434.9562
2024-01-16T13:40:00,PRIMARY_LEVEL_01,65.9305
2024-01-16T13:41:00,COOLING_TEMP_01,84.7278
2024-01-16T13:41:00,COOLING_PRES_01,13.0184
2024-01-16T13:41:00,COOLING_FLOW_01,172.177
2024-01-16T13:41:00,PRIMARY_PRES_01,162.9526
2024-01-16T13:41:00,PRIMARY_TEMP_01,329.4817
2024-01-16T13:41:00,PRIMARY_FLOW_01,452.7553
2024-01-16T13:42:00,COOLING_TEMP_01,85.0492
2024-01-16T13:42:00,COOLING_PRES_01,13.2606
2024-01-16T13:42:00,COOLING_FLOW_01,166.8174
2024-01-16T13:42:00,COOLING_HEAT_01,27.7705
2024-01-16T13:42:00,PRIMARY_PRES_01,163.4877
2024-01-16T13:42:00,PRIMARY_TEMP_01,331.0417
2024-01-16T13:42:00,PRIMARY_FLOW_01,451.5419
2024-01-16T13:42:00,PRIMARY_LEVEL_01,66.8253
2024-01-16T13:43:00,COOLING_TEMP_01,86.1709
2024-01-16T13:43:00,COOLING_PRES_01,13.3667
2024-01-16T13:43:00,COOLING_FLOW_01,165.0468
2024-01-16T13:43:00,PRIMARY_PRES_01,162.9892
2024-01-16T13:43:00,PRIMARY_TEMP_01,333.7408
2024-01-16T13:43:00,PRIMARY_FLOW_01,431.7116
2024-01-16T13:44:00,COOLING_TEMP_01,85.0895
2024-01-16T13:44:00,COOLING_PRES_01,13.0109
2024-01-16T13:44:00,COOLING_FLOW_01,169.4151
2024-01-16T13:44:00,COOLING_HEAT_01,27.6114
2024-01-16T13:44:00,PRIMARY_PRES_01,163.124
2024-01-16T13:44:00,PRIMARY_TEMP_01,331.2993
2024-01-16T13:44:00,PRIMARY_FLOW_01,451.783
2024-01-16T13:44:00,PRIMARY_LEVEL_01,65.9171
2024-01-16T13:45:00,COOLING_TEMP_01,85.4048
2024-01-16T13:45:00,COOLING_PRES_01,13.3757
2024-01-16T13:45:00,COOLING_FLOW_01,172.9705
2024-01-16T13:45:00,PRIMARY_PRES_01,163.1266
2024-01-16T13:45:00,PRIMARY_TEMP_01,331.3559
2024-01-16T13:45:00,PRIMARY_FLOW_01,434.1354
2024-01-16T13:46:00,COOLING_TEMP_01,84.2895
2024-01-16T13:46:00,COOLING_PRES_01,13.0062
2024-01-16T13:46:00,COOLING_FLOW_01,180.7594
2024-01-16T13:46:00,COOLING_HEAT_01,27.8674
2024-01-16T13:46:00,PRIMARY_PRES_01,163.4572
2024-01-16T13:46:00,PRIMARY_TEMP_01,330.1337
2024-01-16T13:46:00,PRIMARY_FLOW_01,442.3525
2024-01-16T13:46:00,PRIMARY_LEVEL_01,65.7661
2024-01-16T13:47:00,COOLING_TEMP_01,86.0478
2024-01-16T13:47:00,COOLING_PRES_01,13.2951
2024-01-16T13:47:00,COOLING_FLOW_01,169.8862
2024-01-16T13:47:00,PRIMARY_PRES_01,163.0391
2024-01-16T13:47:00,PRIMARY_TEMP_01,331.0253
2024-01-16T13:47:00,PRIMARY_FLOW_01,439.9678
2024-01-16T13:48:00,COOLING_TEMP_01,85.8612
2024-01-16T13:48:00,COOLING_PRES_01,13.1898
2024-01-16T13:48:00,COOLING_FLOW_01,172.4134
2024-01-16T13:48:00,COOLING_HEAT_01,27.6899
2024-01-16T13:48:00,PRIMARY_PRES_01,163.2854
2024-01-16T13:48:00,PRIMARY_TEMP_01,328.9936
2024-01-16T13:48:00,PRIMARY_FLOW_01,432.2406
2024-01-16T13:48:00,PRIMARY_LEVEL_01,65.5367
2024-01-16T13:49:00,COOLING_TEMP_01,86.1101
2024-01-16T13:49:00,COOLING_PRES_01,13.2518
2024-01-16T13:49:00,COOLING_FLOW_01,170.2655
2024-01-16T13:49:00,PRIMARY_PRES_01,162.3862
2024-01-16T13:49:00,PRIMARY_TEMP_01,329.7552
2024-01-16T13:49:00,PRIMARY_FLOW_01,445.2741
2024-01-16T13:50:00,COOLING_TEMP_01,85.1775
2024-01-16T13:50:00,COOLING_PRES_01,13.1345
2024-01-16T13:50:00,COOLING_FLOW_01,166.341
2024-01-16T13:50:00,COOLING_HEAT_01,27.6765
2024-01-16T13:50:00,PRIMARY_PRES_01,162.7141
2024-01-16T13:50:00,PRIMARY_TEMP_01,330.1854
2024-01-16T13:50:00,PRIMARY_FLOW_01,441.6537
2024-01-16T13:50:00,PRIMARY_LEVEL_01,64.5661
2024-01-16T13:51:00,COOLING_TEMP_01,85.786
2024-01-16T13:51:00,COOLING_PRES_01,12.969
2024-01-16T13:51:00,COOLING_FLOW_01,166.3355
2024-01-16T13:51:00,PRIMARY_PRES_01,163.0657
2024-01-16T13:51:00,PRIMARY_TEMP_01,332.2414
2024-01-16T13:51:00,PRIMARY_FLOW_01,437.0378
2024-01-16T13:52:00,COOLING_TEMP_01,84.3684
2024-01-16T13:52:00,COOLING_PRES_01,13.1568
2024-01-16T13:52:00,COOLING_FLOW_01,168.6967
2024-01-16T13:52:00,COOLING_HEAT_01,28.2319
2024-01-16T13:52:00,PRIMARY_PRES_01,163.4555
2024-01-16T13:52:00,PRIMARY_TEMP_01,328.1336
2024-01-16T13:52:00,PRIMARY_FLOW_01,435.8164
2024-01-16T13:52:00,PRIMARY_LEVEL_01,66.1193
2024-01-16T13:53:00,COOLING_TEMP_01,85.9861
2024-01-16T13:53:00,COOLING_PRES_01,13.0287
2024-01-16T13:53:00,COOLING_FLOW_01,169.5006
2024-01-16T13:53:00,PRIMARY_PRES_01,163.1281
2024-01-16T13:53:00,PRIMARY_TEMP_01,330.0763
2024-01-16T13:53:00,PRIMARY_FLOW_01,449.8124
2024-01-16T13:54:00,COOLING_TEMP_01,85.7206
2024-01-16T13:54:00,COOLING_PRES_01,13.2062
2024-01-16T13:54:00,COOLING_FLOW_01,168.6643
2024-01-16T13:54:00,COOLING_HEAT_01,28.1413
2024-01-16T13:54:00,PRIMARY_PRES_01,162.8633
2024-01-16T13:54:00,PRIMARY_TEMP_01,329.6279
2024-01-16T13:54:00,PRIMARY_FLOW_01,435.4002
2024-01-16T13:54:00,PRIMARY_LEVEL_01,65.3825
2024-01-16T13:55:00,COOLING_TEMP_01,85.1403
2024-01-16T13:55:00,COOLING_PRES_01,13.0508
2024-01-16T13:55:00,COOLING_FLOW_01,172.5958
2024-01-16T13:55:00,PRIMARY_PRES_01,163.3198
2024-01-16T13:55:00,PRIMARY_TEMP_01,331.0128
2024-01-16T13:55:00,PRIMARY_FLOW_01,435.057
2024-01-16T13:56:00,COOLING_TEMP_01,84.9311
2024-01-16T13:56:00,COOLING_PRES_01,13.3363
2024-01-16T13:56:00,COOLING_FLOW_01,169.8403
2024-01-16T13:56:00,COOLING_HEAT_01,27.4218
2024-01-16T13:56:00,PRIMARY_PRES_01,163.3546
2024-01-16T13:56:00,PRIMARY_TEMP_01,331.7521
2024-01-16T13:56:00,PRIMARY_FLOW_01,447.4827
2024-01-16T13:56:00,PRIMARY_LEVEL_01,66.7342
2024-01-16T13:57:00,COOLING_TEMP_01,84.9744
2024-01-16T13:57:00,COOLING_PRES_01,13.289
2024-01-16T13:57:00,COOLING_FLOW_01,172.0354
2024-01-16T13:57:00,PRIMARY_PRES_01,162.8237
2024-01-16T13:57:00,PRIMARY_TEMP_01,332.253
2024-01-16T13:57:00,PRIMARY_FLOW_01,432.2191
2024-01-16T13:58:00,COOLING_TEMP_01,85.0716
2024-01-16T13:58:00,COOLING_PRES_01,13.3606
2024-01-16T13:58:00,COOLING_FLOW_01,170.0453
2024-01-16T13:58:00,COOLING_HEAT_01,27.663
2024-01-16T13:58:00,PRIMARY_PRES_01,163.4612
2024-01-16T13:58:00,PRIMARY_TEMP_01,331.1078
2024-01-16T13:58:00,PRIMARY_FLOW_01,447.3409
2024-01-16T13:58:00,PRIMARY_LEVEL_01,66.12
2024-01-16T13:59:00,COOLING_TEMP_01,85.0487
2024-01-16T13:59:00,COOLING_PRES_01,13.2414
2024-01-16T13:59:00,COOLING_FLOW_01,170.096
2024-01-16T13:59:00,PRIMARY_PRES_01,162.8117
2024-01-16T13:59:00,PRIMARY_TEMP_01,332.1928
2024-01-16T13:59:00,PRIMARY_FLOW_01,447.3679
2024-01-16T14:00:00,COOLING_TEMP_01,86.2323
2024-01-16T14:00:00,COOLING_PRES_01,13.0877
2024-01-16T14:00:00,COOLING_FLOW_01,172.1127
2024-01-16T14:00:00,COOLING_HEAT_01,27.7068
2024-01-16T14:00:00,PRIMARY_PRES_01,163.2035
2024-01-16T14:00:00,PRIMARY_TEMP_01,331.3088
2024-01-16T14:00:00,PRIMARY_FLOW_01,442.1004
2024-01-16T14:00:00,PRIMARY_LEVEL_01,65.673
2024-01-16T14:01:00,COOLING_TEMP_01,85.5818
2024-01-16T14:01:00,COOLING_PRES_01,13.0875
2024-01-16T14:01:00,COOLING_FLOW_01,170.8128
2024-01-16T14:01:00,PRIMARY_PRES_01,163.556
2024-01-16T14:01:00,PRIMARY_TEMP_01,331.6104
2024-01-16T14:01:00,PRIMARY_FLOW_01,435.5917
2024-01-16T14:02:00,COOLING_TEMP_01,85.3918
2024-01-16T14:02:00,COOLING_PRES_01,13.1438
2024-01-16T14:02:00,COOLING_FLOW_01,166.1557
2024-01-16T14:02:00,COOLING_HEAT_01,27.8652
2024-01-16T14:02:00,PRIMARY_PRES_01,162.2839
2024-01-16T14:02:00,PRIMARY_TEMP_01,332.8589
2024-01-16T14:02:00,PRIMARY_FLOW_01,441.1339
2024-01-16T14:02:00,PRIMARY_LEVEL_01,66.0678
2024-01-16T14:03:00,COOLING_TEMP_01,85.8787
2024-01-16T14:03:00,COOLING_PRES_01,13.0197
2024-01-16T14:03:00,COOLING_FLOW_01,171.7734
2024-01-16T14:03:00,PRIMARY_PRES_01,163.291
2024-01-16T14:03:00,PRIMARY_TEMP_01,330.433
2024-01-16T14:03:00,PRIMARY_FLOW_01,432.731
2024-01-16T14:04:00,COOLING_TEMP_01,85.2427
2024-01-16T14:04:00,COOLING_PRES_01,13.0363
2024-01-16T14:04:00,COOLING_FLOW_01,177.2765
2024-01-16T14:04:00,COOLING_HEAT_01,27.7167
2024-01-16T14:04:00,PRIMARY_PRES_01,162.4067
2024-01-16T14:04:00,PRIMARY_TEMP_01,331.769
2024-01-16T14:04:00,PRIMARY_FLOW_01,433.6405
2024-01-16T14:04:00,PRIMARY_LEVEL_01,66.4735
2024-01-16T14:05:00,COOLING_TEMP_01,86.7158
2024-01-16T14:05:00,COOLING_PRES_01,13.487
2024-01-16T14:05:00,COOLING_FLOW_01,168.7801
2024-01-16T14:05:00,PRIMARY_PRES_01,163.0242
2024-01-16T14:05:00,PRIMARY_TEMP_01,331.1133
2024-01-16T14:05:00,PRIMARY_FLOW_01,446.775
2024-01-16T14:06:00,COOLING_TEMP_01,85.0906
2024-01-16T14:06:00,COOLING_PRES_01,13.248
2024-01-16T14:06:00,COOLING_FLOW_01,167.9366
2024-01-16T14:06:00,COOLING_HEAT_01,27.6413
2024-01-16T14:06:00,PRIMARY_PRES_01,163.7065
2024-01-16T14:06:00,PRIMARY_TEMP_01,330.2341
2024-01-16T14:06:00,PRIMARY_FLOW_01,441.1885
2024-01-16T14:06:00,PRIMARY_LEVEL_01,66.1696
2024-01-16T14:07:00,COOLING_TEMP_01,85.9888
2024-01-16T14:07:00,COOLING_PRES_01,13.2911
2024-01-16T14:07:00,COOLING_FLOW_01,170.0158
2024-01-16T14:07:00,PRIMARY_PRES_01,162.8973
2024-01-16T14:07:00,PRIMARY_TEMP_01,327.4706
2024-01-16T14:07:00,PRIMARY_FLOW_01,433.9065
2024-01-16T14:08:00,COOLING_TEMP_01,84.2138
2024-01-16T14:08:00,COOLING_PRES_01,13.2169
2024-01-16T14:08:00,COOLING_FLOW_01,167.257
2024-01-16T14:08:00,COOLING_HEAT_01,27.7815
2024-01-16T14:08:00,PRIMARY_PRES_01,162.5154
2024-01-16T14:08:00,PRIMARY_TEMP_01,331.2818
2024-01-16T14:08:00,PRIMARY_FLOW_01,433.7759
2024-01-16T14:08:00,PRIMARY_LEVEL_01,66.1742
2024-01-16T14:09:00,COOLING_TEMP_01,84.889
2024-01-16T14:09:00,COOLING_PRES_01,13.0329
2024-01-16T14:09:00,COOLING_FLOW_01,170.872
2024-01-16T14:09:00,PRIMARY_PRES_01,162.6916
2024-01-16T14:09:00,PRIMARY_TEMP_01,330.0378
2024-01-16T14:09:00,PRIMARY_FLOW_01,441.418
2024-01-16T14:10:00,COOLING_TEMP_01,86.1289
2024-01-16T14:10:00,COOLING_PRES_01,13.3913
2024-01-16T14:10:00,COOLING_FLOW_01,176.1404
2024-01-16T14:10:00,COOLING_HEAT_01,28.5283
2024-01-16T14:10:00,PRIMARY_PRES_01,162.9141
2024-01-16T14:10:00,PRIMARY_TEMP_01,330.3871
2024-01-16T14:10:00,PRIMARY_FLOW_01,439.0007
2024-01-16T14:10:00,PRIMARY_LEVEL_01,65.8069
2024-01-16T14:11:00,COOLING_TEMP_01,86.1827
2024-01-16T14:11:00,COOLING_PRES_01,13.2978
2024-01-16T14:11:00,COOLING_FLOW_01,171.5256
2024-01-16T14:11:00,PRIMARY_PRES_01,163.0301
2024-01-16T14:11:00,PRIMARY_TEMP_01,330.2936
2024-01-16T14:11:00,PRIMARY_FLOW_01,427.1465
2024-01-16T14:12:00,COOLING_TEMP_01,85.7432
2024-01-16T14:12:00,COOLING_PRES_01,13.0963
2024-01-16T14:12:00,COOLING_FLOW_01,171.8464
2024-01-16T14:12:00,COOLING_HEAT_01,27.6524
2024-01-16T14:12:00,PRIMARY_PRES_01,163.0793
2024-01-16T14:12:00,PRIMARY_TEMP_01,332.2966
2024-01-16T14:12:00,PRIMARY_FLOW_01,443.906
2024-01-16T14:12:00,PRIMARY_LEVEL_01,66.3004
2024-01-16T14:13:00,COOLING_TEMP_01,84.3798
2024-01-16T14:13:00,COOLING_PRES_01,13.2576
2024-01-16T14:13:00,COOLING_FLOW_01,168.6031
2024-01-16T14:13:00,PRIMARY_PRES_01,162.4909
2024-01-16T14:13:00,PRIMARY_TEMP_01,332.966
2024-01-16T14:13:00,PRIMARY_FLOW_01,436.036
2024-01-16T14:14:00,COOLING_TEMP_01,84.8656
2024-01-16T14:14:00,COOLING_PRES_01,13.2995
2024-01-16T14:14:00,COOLING_FLOW_01,169.9098
2024-01-16T14:14:00,COOLING_HEAT_01,27.8796
2024-01-16T14:14:00,PRIMARY_PRES_01,163.0023
2024-01-16T14:14:00,PRIMARY_TEMP_01,330.45
2024-01-16T14:14:00,PRIMARY_FLOW_01,433.8378
2024-01-16T14:14:00,PRIMARY_LEVEL_01,66.0305
2024-01-16T14:15:00,COOLING_TEMP_01,86.549
2024-01-16T14:15:00,COOLING_PRES_01,13.301
2024-01-16T14:15:00,COOLING_FLOW_01,168.4566
2024-01-16T14:15:00,PRIMARY_PRES_01,162.6857
2024-01-16T14:15:00,PRIMARY_TEMP_01,331.3345
2024-01-16T14:15:00,PRIMARY_FLOW_01,445.9624
2024-01-16T14:16:00,COOLING_TEMP_01,84.9427
2024-01-16T14:16:00,COOLING_PRES_01,12.9782
2024-01-16T14:16:00,COOLING_FLOW_01,166.0087
2024-01-16T14:16:00,COOLING_HEAT_01,27.6764
2024-01-16T14:16:00,PRIMARY_PRES_01,163.0316
2024-01-16T14:16:00,PRIMARY_TEMP_01,331.9554
2024-01-16T14:16:00,PRIMARY_FLOW_01,439.9428
2024-01-16T14:16:00,PRIMARY_LEVEL_01,66.0369
2024-01-16T14:17:00,COOLING_TEMP_01,85.2463
2024-01-16T14:17:00,COOLING_PRES_01,13.2452
2024-01-16T14:17:00,COOLING_FLOW_01,167.2786
2024-01-16T14:17:00,PRIMARY_PRES_01,162.5881
2024-01-16T14:17:00,PRIMARY_TEMP_01,332.7315
2024-01-16T14:17:00,PRIMARY_FLOW_01,445.0107
2024-01-16T14:18:00,COOLING_TEMP_01,85.5683
2024-01-16T14:18:00,COOLING_PRES_01,13.1632
2024-01-16T14:18:00,COOLING_FLOW_01,177.5681
2024-01-16T14:18:00,COOLING_HEAT_01,27.7088
2024-01-16T14:18:00,PRIMARY_PRES_01,163.0795
2024-01-16T14:18:00,PRIMARY_TEMP_01,330.1694
2024-01-16T14:18:00,PRIMARY_FLOW_01,434.1454
2024-01-16T14:18:00,PRIMARY_LEVEL_01,64.479
2024-01-16T14:19:00,COOLING_TEMP_01,84.3288
2024-01-16T14:19:00,COOLING_PRES_01,13.1413
2024-01-16T14:19:00,COOLING_FLOW_01,167.9129
2024-01-16T14:19:00,PRIMARY_PRES_01,162.9984
2024-01-16T14:19:00,PRIMARY_TEMP_01,331.0331
2024-01-16T14:19:00,PRIMARY_FLOW_01,429.4848
2024-01-16T14:20:00,COOLING_TEMP_01,85.9658
2024-01-16T14:20:00,COOLING_PRES_01,13.3473
2024-01-16T14:20:00,COOLING_FLOW_01,168.1021
2024-01-16T14:20:00,COOLING_HEAT_01,26.8343
2024-01-16T14:20:00,PRIMARY_PRES_01,163.254
2024-01-16T14:20:00,PRIMARY_TEMP_01,330.7772
2024-01-16T14:20:00,PRIMARY_FLOW_01,436.6656
2024-01-16T14:20:00,PRIMARY_LEVEL_01,66.469
2024-01-16T14:21:00,COOLING_TEMP_01,85.3049
2024-01-16T14:21:00,COOLING_PRES_01,13.2918
2024-01-16T14:21:00,COOLING_FLOW_01,172.0285
2024-01-16T14:21:00,PRIMARY_PRES_01,163.0701
2024-01-16T14:21:00,PRIMARY_TEMP_01,330.4381
2024-01-16T14:21:00,PRIMARY_FLOW_01,440.5736
2024-01-16T14:22:00,COOLING_TEMP_01,85.5654
2024-01-16T14:22:00,COOLING_PRES_01,13.2252
2024-01-16T14:22:00,COOLING_FLOW_01,170.7959
2024-01-16T14:22:00,COOLING_HEAT_01,27.9485
2024-01-16T14:22:00,PRIMARY_PRES_01,163.7204
2024-01-16T14:22:00,PRIMARY_TEMP_01,333.1261
2024-01-16T14:22:00,PRIMARY_FLOW_01,436.6464
2024-01-16T14:22:00,PRIMARY_LEVEL_01,65.6673
2024-01-16T14:23:00,COOLING_TEMP_01,86.0471
2024-01-16T14:23:00,COOLING_PRES_01,13.2592
2024-01-16T14:23:00,COOLING_FLOW_01,161.2814
2024-01-16T14:23:00,PRIMARY_PRES_01,163.4723
2024-01-16T14:23:00,PRIMARY_TEMP_01,328.5752
2024-01-16T14:23:00,PRIMARY_FLOW_01,446.9841
2024-01-16T14:24:00,COOLING_TEMP_01,85.8871
2024-01-16T14:24:00,COOLING_PRES_01,13.1299
2024-01-16T14:24:00,COOLING_FLOW_01,169.0753
2024-01-16T14:24:00,COOLING_HEAT_01,27.9612
2024-01-16T14:24:00,PRIMARY_PRES_01,163.2196
2024-01-16T14:24:00,PRIMARY_TEMP_01,331.5529
2024-01-16T14:24:00,PRIMARY_FLOW_01,449.4629
2024-01-16T14:24:00,PRIMARY_LEVEL_01,65.9064
2024-01-16T14:25:00,COOLING_TEMP_01,85.981
2024-01-16T14:25:00,COOLING_PRES_01,13.0604
2024-01-16T14:25:00,COOLING_FLOW_01,174.0272
2024-01-16T14:25:00,PRIMARY_PRES_01,162.9041
2024-01-16T14:25:00,PRIMARY_TEMP_01,330.545
2024-01-16T14:25:00,PRIMARY_FLOW_01,442.2346
2024-01-16T14:26:00,COOLING_TEMP_01,84.8183
2024-01-16T14:26:00,COOLING_PRES_01,13.1678
2024-01-16T14:26:00,COOLING_FLOW_01,172.4177
2024-01-16T14:26:00,COOLING_HEAT_01,27.0472
2024-01-16T14:26:00,PRIMARY_PRES_01,163.5424
2024-01-16T14:26:00,PRIMARY_TEMP_01,331.9492
2024-01-16T14:26:00,PRIMARY_FLOW_01,441.3596
2024-01-16T14:26:00,PRIMARY_LEVEL_01,66.393
2024-01-16T14:27:00,COOLING_TEMP_01,85.4844
2024-01-16T14:27:00,COOLING_PRES_01,13.1008
2024-01-16T14:27:00,COOLING_FLOW_01,171.6572
2024-01-16T14:27:00,PRIMARY_PRES_01,163.1885
2024-01-16T14:27:00,PRIMARY_TEMP_01,333.0788
2024-01-16T14:27:00,PRIMARY_FLOW_01,443.5433
2024-01-16T14:28:00,COOLING_TEMP_01,85.235
2024-01-16T14:28:00,COOLING_PRES_01,13.2691
2024-01-16T14:28:00,COOLING_FLOW_01,166.3782
2024-01-16T14:28:00,COOLING_HEAT_01,28.1854
2024-01-16T14:28:00,PRIMARY_PRES_01,163.0133
2024-01-16T14:28:00,PRIMARY_TEMP_01,331.2017
2024-01-16T14:28:00,PRIMARY_FLOW_01,435.5981
2024-01-16T14:28:00,PRIMARY_LEVEL_01,66.0166
2024-01-16T14:29:00,COOLING_TEMP_01,86.006
2024-01-16T14:29:00,COOLING_PRES_01,13.1499
2024-01-16T14:29:00,COOLING_FLOW_01,170.8793
2024-01-16T14:29:00,PRIMARY_PRES_01,162.7621
2024-01-16T14:29:00,PRIMARY_TEMP_01,332.9284
2024-01-16T14:29:00,PRIMARY_FLOW_01,444.3825
2024-01-16T14:30:00,COOLING_TEMP_01,84.1376
2024-01-16T14:30:00,COOLING_PRES_01,13.3042
2024-01-16T14:30:00,COOLING_FLOW_01,169.8493
2024-01-16T14:30:00,COOLING_HEAT_01,28.1452
2024-01-16T14:30:00,PRIMARY_PRES_01,163.3637
2024-01-16T14:30:00,PRIMARY_TEMP_01,331.2423
2024-01-16T14:30:00,PRIMARY_FLOW_01,456.631
2024-01-16T14:30:00,PRIMARY_LEVEL_01,66.2105
2024-01-16T14:31:00,COOLING_TEMP_01,85.1006
2024-01-16T14:31:00,COOLING_PRES_01,13.2756
2024-01-16T14:31:00,COOLING_FLOW_01,168.3013
2024-01-16T14:31:00,PRIMARY_PRES_01,162.9549
2024-01-16T14:31:00,PRIMARY_TEMP_01,331.9428
2024-01-16T14:31:00,PRIMARY_FLOW_01,427.5283
2024-01-16T14:32:00,COOLING_TEMP_01,85.6243
2024-01-16T14:32:00,COOLING_PRES_01,13.0669
2024-01-16T14:32:00,COOLING_FLOW_01,172.9869
2024-01-16T14:32:00,COOLING_HEAT_01,27.7911
2024-01-16T14:32:00,PRIMARY_PRES_01,162.6111
2024-01-16T14:32:00,PRIMARY_TEMP_01,332.8997
2024-01-16T14:32:00,PRIMARY_FLOW_01,444.1147
2024-01-16T14:32:00,PRIMARY_LEVEL_01,65.8678
2024-01-16T14:33:00,COOLING_TEMP_01,85.7106
2024-01-16T14:33:00,COOLING_PRES_01,13.1
2024-01-16T14:33:00,COOLING_FLOW_01,167.4588
2024-01-16T14:33:00,PRIMARY_PRES_01,162.9113
2024-01-16T14:33:00,PRIMARY_TEMP_01,329.9202
2024-01-16T14:33:00,PRIMARY_FLOW_01,434.9709
2024-01-16T14:34:00,COOLING_TEMP_01,86.6445
2024-01-16T14:34:00,COOLING_PRES_01,13.1088
2024-01-16T14:34:00,COOLING_FLOW_01,168.0986
2024-01-16T14:34:00,COOLING_HEAT_01,27.0717
2024-01-16T14:34:00,PRIMARY_PRES_01,162.7925
2024-01-16T14:34:00,PRIMARY_TEMP_01,330.5408
2024-01-16T14:34:00,PRIMARY_FLOW_01,444.4766
2024-01-16T14:34:00,PRIMARY_LEVEL_01,66.2371
2024-01-16T14:35:00,COOLING_TEMP_01,85.7373
2024-01-16T14:35:00,COOLING_PRES_01,13.2593
2024-01-16T14:35:00,COOLING_FLOW_01,171.4522
2024-01-16T14:35:00,PRIMARY_PRES_01,163.0767
2024-01-16T14:35:00,PRIMARY_TEMP_01,328.9253
2024-01-16T14:35:00,PRIMARY_FLOW_01,436.9351
2024-01-16T14:36:00,COOLING_TEMP_01,85.6463
2024-01-16T14:36:00,COOLING_PRES_01,13.3847
2024-01-16T14:36:00,COOLING_FLOW_01,172.5238
2024-01-16T14:36:00,COOLING_HEAT_01,27.9684
2024-01-16T14:36:00,PRIMARY_PRES_01,163.0307
2024-01-16T14:36:00,PRIMARY_TEMP_01,329.3388
2024-01-16T14:36:00,PRIMARY_FLOW_01,436.9844
2024-01-16T14:36:00,PRIMARY_LEVEL_01,66.1227
2024-01-16T14:37:00,COOLING_TEMP_01,85.4025
2024-01-16T14:37:00,COOLING_PRES_01,13.255
2024-01-16T14:37:00,COOLING_FLOW_01,172.0426
2024-01-16T14:37:00,PRIMARY_PRES_01,163.12
2024-01-16T14:37:00,PRIMARY_TEMP_01,330.3126
2024-01-16T14:37:00,PRIMARY_FLOW_01,437.2306
2024-01-16T14:38:00,COOLING_TEMP_01,84.9124
2024-01-16T14:38:00,COOLING_PRES_01,13.2713
2024-01-16T14:38:00,COOLING_FLOW_01,171.6944
2024-01-16T14:38:00,COOLING_HEAT_01,27.7035
2024-01-16T14:38:00,PRIMARY_PRES_01,163.4448
2024-01-16T14:38:00,PRIMARY_TEMP_01,330.3009
2024-01-16T14:38:00,PRIMARY_FLOW_01,434.7429
2024-01-16T14:38:00,PRIMARY_LEVEL_01,65.2561
2024-01-16T14:39:00,COOLING_TEMP_01,85.5141
2024-01-16T14:39:00,COOLING_PRES_01,13.2536
2024-01-16T14:39:00,COOLING_FLOW_01,170.3782
2024-01-16T14:39:00,PRIMARY_PRES_01,163.3001
2024-01-16T14:39:00,PRIMARY_TEMP_01,331.5271
2024-01-16T14:39:00,PRIMARY_FLOW_01,438.3713
2024-01-16T14:40:00,COOLING_TEMP_01,84.4507
2024-01-16T14:40:00,COOLING_PRES_01,13.1219
2024-01-16T14:40:00,COOLING_FLOW_01,169.8635
2024-01-16T14:40:00,COOLING_HEAT_01,27.373
2024-01-16T14:40:00,PRIMARY_PRES_01,162.8131
2024-01-16T14:40:00,PRIMARY_TEMP_01,330.0661
2024-01-16T14:40:00,PRIMARY_FLOW_01,444.6072
2024-01-16T14:40:00,PRIMARY_LEVEL_01,65.9102
2024-01-16T14:41:00,COOLING_TEMP_01,86.048
2024-01-16T14:41:00,COOLING_PRES_01,13.1855
2024-01-16T14:41:00,COOLING_FLOW_01,176.1815
2024-01-16T14:41:00,PRIMARY_PRES_01,162.66
2024-01-16T14:41:00,PRIMARY_TEMP_01,331.143
2024-01-16T14:41:00,PRIMARY_FLOW_01,429.0059
2024-01-16T14:42:00,COOLING_TEMP_01,84.8478
2024-01-16T14:42:00,COOLING_PRES_01,13.2916
2024-01-16T14:42:00,COOLING_FLOW_01,170.9611
2024-01-16T14:42:00,COOLING_HEAT_01,27.8491
2024-01-16T14:42:00,PRIMARY_PRES_01,163.6039
2024-01-16T14:42:00,PRIMARY_TEMP_01,331.555
2024-01-16T14:42:00,PRIMARY_FLOW_01,439.1815
2024-01-16T14:42:00,PRIMARY_LEVEL_01,65.7109
2024-01-16T14:43:00,COOLING_TEMP_01,85.5099
2024-01-16T14:43:00,COOLING_PRES_01,13.3347
2024-01-16T14:43:00,COOLING_FLOW_01,170.9249
2024-01-16T14:43:00,PRIMARY_PRES_01,162.9445
2024-01-16T14:43:00,PRIMARY_TEMP_01,328.5744
2024-01-16T14:43:00,PRIMARY_FLOW_01,440.4903
2024-01-16T14:44:00,COOLING_TEMP_01,85.6007
2024-01-16T14:44:00,COOLING_PRES_01,13.1143
2024-01-16T14:44:00,COOLING_FLOW_01,167.9246
2024-01-16T14:44:00,COOLING_HEAT_01,27.3211
2024-01-16T14:44:00,PRIMARY_PRES_01,162.8179
2024-01-16T14:44:00,PRIMARY_TEMP_01,329.8822
2024-01-16T14:44:00,PRIMARY_FLOW_01,450.3087
2024-01-16T14:44:00,PRIMARY_LEVEL_01,66.8086
2024-01-16T14:45:00,COOLING_TEMP_01,85.9987
2024-01-16T14:45:00,COOLING_PRES_01,13.1553
2024-01-16T14:45:00,COOLING_FLOW_01,171.9807
2024-01-16T14:45:00,PRIMARY_PRES_01,162.9174
2024-01-16T14:45:00,PRIMARY_TEMP_01,331.1256
2024-01-16T14:45:00,PRIMARY_FLOW_01,438.4602
2024-01-16T14:46:00,COOLING_TEMP_01,85.5127
2024-01-16T14:46:00,COOLING_PRES_01,13.247
2024-01-16T14:46:00,COOLING_FLOW_01,169.3411
2024-01-16T14:46:00,COOLING_HEAT_01,28.0083
2024-01-16T14:46:00,PRIMARY_PRES_01,163.1213
2024-01-16T14:46:00,PRIMARY_TEMP_01,330.8322
2024-01-16T14:46:00,PRIMARY_FLOW_01,435.1128
2024-01-16T14:46:00,PRIMARY_LEVEL_01,65.7469
2024-01-16T14:47:00,COOLING_TEMP_01,84.4705
2024-01-16T14:47:00,COOLING_PRES_01,13.0906
2024-01-16T14:47:00,COOLING_FLOW_01,167.9818
2024-01-16T14:47:00,PRIMARY_PRES_01,162.7712
2024-01-16T14:47:00,PRIMARY_TEMP_01,331.9481
2024-01-16T14:47:00,PRIMARY_FLOW_01,438.8899
2024-01-16T14:48:00,COOLING_TEMP_01,86.687
2024-01-16T14:48:00,COOLING_PRES_01,13.1724
2024-01-16T14:48:00,COOLING_FLOW_01,169.2845
2024-01-16T14:48:00,COOLING_HEAT_01,28.259
2024-01-16T14:48:00,PRIMARY_PRES_01,162.9619
2024-01-16T14:48:00,PRIMARY_TEMP_01,329.7802
2024-01-16T14:48:00,PRIMARY_FLOW_01,423.9485
2024-01-16T14:48:00,PRIMARY_LEVEL_01,66.5188
2024-01-16T14:49:00,COOLING_TEMP_01,85.2726
2024-01-16T14:49:00,COOLING_PRES_01,13.1618
2024-01-16T14:49:00,COOLING_FLOW_01,168.8113
2024-01-16T14:49:00,PRIMARY_PRES_01,162.8221
2024-01-16T14:49:00,PRIMARY_TEMP_01,330.4874
2024-01-16T14:49:00,PRIMARY_FLOW_01,440.9855
2024-01-16T14:50:00,COOLING_TEMP_01,85.5629
2024-01-16T14:50:00,COOLING_PRES_01,13.3524
2024-01-16T14:50:00,COOLING_FLOW_01,174.1944
2024-01-16T14:50:00,COOLING_HEAT_01,27.9943
2024-01-16T14:50:00,PRIMARY_PRES_01,163.5277
2024-01-16T14:50:00,PRIMARY_TEMP_01,330.7756
2024-01-16T14:50:00,PRIMARY_FLOW_01,446.0438
2024-01-16T14:50:00,PRIMARY_LEVEL_01,66.2221
2024-01-16T14:51:00,COOLING_TEMP_01,86.5228
2024-01-16T14:51:00,COOLING_PRES_01,13.1981
2024-01-16T14:51:00,COOLING_FLOW_01,167.078
2024-01-16T14:51:00,PRIMARY_PRES_01,163.0724
2024-01-16T14:51:00,PRIMARY_TEMP_01,330.3052
2024-01-16T14:51:00,PRIMARY_FLOW_01,453.0422
2024-01-16T14:52:00,COOLING_TEMP_01,85.154
2024-01-16T14:52:00,COOLING_PRES_01,13.2123
2024-01-16T14:52:00,COOLING_FLOW_01,169.1122
2024-01-16T14:52:00,COOLING_HEAT_01,27.5683
2024-01-16T14:52:00,PRIMARY_PRES_01,162.729
2024-01-16T14:52:00,PRIMARY_TEMP_01,330.4346
2024-01-16T14:52:00,PRIMARY_FLOW_01,452.6171
2024-01-16T14:52:00,PRIMARY_LEVEL_01,66.642
2024-01-16T14:53:00,COOLING_TEMP_01,85.3368
2024-01-16T14:53:00,COOLING_PRES_01,13.1202
2024-01-16T14:53:00,COOLING_FLOW_01,171.5548
2024-01-16T14:53:00,PRIMARY_PRES_01,162.949
2024-01-16T14:53:00,PRIMARY_TEMP_01,331.1392
2024-01-16T14:53:00,PRIMARY_FLOW_01,431.7194
2024-01-16T14:54:00,COOLING_TEMP_01,85.5838
2024-01-16T14:54:00,COOLING_PRES_01,13.1917
2024-01-16T14:54:00,COOLING_FLOW_01,173.1785
2024-01-16T14:54:00,COOLING_HEAT_01,27.565
2024-01-16T14:54:00,PRIMARY_PRES_01,162.78
2024-01-16T14:54:00,PRIMARY_TEMP_01,332.8235
2024-01-16T14:54:00,PRIMARY_FLOW_01,430.7214
2024-01-16T14:54:00,PRIMARY_LEVEL_01,66.1635
2024-01-16T14:55:00,COOLING_TEMP_01,84.7664
2024-01-16T14:55:00,COOLING_PRES_01,13.1797
2024-01-16T14:55:00,COOLING_FLOW_01,167.4203
2024-01-16T14:55:00,PRIMARY_PRES_01,162.4805
2024-01-16T14:55:00,PRIMARY_TEMP_01,332.2839
2024-01-16T14:55:00,PRIMARY_FLOW_01,434.4172
2024-01-16T14:56:00,COOLING_TEMP_01,85.9771
2024-01-16T14:56:00,COOLING_PRES_01,13.3536
2024-01-16T14:56:00,COOLING_FLOW_01,168.8057
2024-01-16T14:56:00,COOLING_HEAT_01,27.8478
2024-01-16T14:56:00,PRIMARY_PRES_01,162.7106
2024-01-16T14:56:00,PRIMARY_TEMP_01,330.0952
2024-01-16T14:56:00,PRIMARY_FLOW_01,439.7212
2024-01-16T14:56:00,PRIMARY_LEVEL_01,66.6764
2024-01-16T14:57:00,COOLING_TEMP_01,85.2023
2024-01-16T14:57:00,COOLING_PRES_01,13.2112
2024-01-16T14:57:00,COOLING_FLOW_01,169.6095
2024-01-16T14:57:00,PRIMARY_PRES_01,163.4429
2024-01-16T14:57:00,PRIMARY_TEMP_01,329.7486
2024-01-16T14:57:00,PRIMARY_FLOW_01,439.8438
2024-01-16T14:58:00,COOLING_TEMP_01,85.1765
2024-01-16T14:58:00,COOLING_PRES_01,13.2055
2024-01-16T14:58:00,COOLING_FLOW_01,170.952
2024-01-16T14:58:00,COOLING_HEAT_01,28.0913
2024-01-16T14:58:00,PRIMARY_PRES_01,162.7488
2024-01-16T14:58:00,PRIMARY_TEMP_01,330.3714
2024-01-16T14:58:00,PRIMARY_FLOW_01,441.1585
2024-01-16T14:58:00,PRIMARY_LEVEL_01,66.3633
2024-01-16T14:59:00,COOLING_TEMP_01,85.6146
2024-01-16T14:59:00,COOLING_PRES_01,13.1355
2024-01-16T14:59:00,COOLING_FLOW_01,170.5446
2024-01-16T14:59:00,PRIMARY_PRES_01,162.9316
2024-01-16T14:59:00,PRIMARY_TEMP_01,330.7821
2024-01-16T14:59:00,PRIMARY_FLOW_01,435.7159
2024-01-16T15:00:00,COOLING_TEMP_01,85.9744
2024-01-16T15:00:00,COOLING_PRES_01,13.1123
2024-01-16T15:00:00,COOLING_FLOW_01,170.0777
2024-01-16T15:00:00,COOLING_HEAT_01,27.8693
2024-01-16T15:00:00,PRIMARY_PRES_01,162.6606
2024-01-16T15:00:00,PRIMARY_TEMP_01,332.1373
2024-01-16T15:00:00,PRIMARY_FLOW_01,437.8501
2024-01-16T15:00:00,PRIMARY_LEVEL_01,64.6891
2024-01-16T15:01:00,COOLING_TEMP_01,85.7642
2024-01-16T15:01:00,COOLING_PRES_01,13.2661
2024-01-16T15:01:00,COOLING_FLOW_01,166.9137
2024-01-16T15:01:00,PRIMARY_PRES_01,163.3115
2024-01-16T15:01:00,PRIMARY_TEMP_01,331.8782
2024-01-16T15:01:00,PRIMARY_FLOW_01,447.2389
2024-01-16T15:02:00,COOLING_TEMP_01,84.7747
2024-01-16T15:02:00,COOLING_PRES_01,13.1685
2024-01-16T15:02:00,COOLING_FLOW_01,165.7302
2024-01-16T15:02:00,COOLING_HEAT_01,27.5528
2024-01-16T15:02:00,PRIMARY_PRES_01,163.3415
2024-01-16T15:02:00,PRIMARY_TEMP_01,331.5692
2024-01-16T15:02:00,PRIMARY_FLOW_01,428.9834
2024-01-16T15:02:00,PRIMARY_LEVEL_01,65.1069
2024-01-16T15:03:00,COOLING_TEMP_01,86.2612
2024-01-16T15:03:00,COOLING_PRES_01,13.2239
2024-01-16T15:03:00,COOLING_FLOW_01,172.3876
2024-01-16T15:03:00,PRIMARY_PRES_01,162.5745
2024-01-16T15:03:00,PRIMARY_TEMP_01,331.3148
2024-01-16T15:03:00,PRIMARY_FLOW_01,444.4979
2024-01-16T15:04:00,COOLING_TEMP_01,85.8654
2024-01-16T15:04:00,COOLING_PRES_01,13.369
2024-01-16T15:04:00,COOLING_FLOW_01,170.7375
2024-01-16T15:04:00,COOLING_HEAT_01,28.0203
2024-01-16T15:04:00,PRIMARY_PRES_01,162.7683
2024-01-16T15:04:00,PRIMARY_TEMP_01,330.591
2024-01-16T15:04:00,PRIMARY_FLOW_01,441.3293
2024-01-16T15:04:00,PRIMARY_LEVEL_01,66.6486
2024-01-16T15:05:00,COOLING_TEMP_01,85.3703
2024-01-16T15:05:00,COOLING_PRES_01,13.185
2024-01-16T15:05:00,COOLING_FLOW_01,164.7734
2024-01-16T15:05:00,PRIMARY_PRES_01,163.2933
2024-01-16T15:05:00,PRIMARY_TEMP_01,329.9377
2024-01-16T15:05:00,PRIMARY_FLOW_01,442.8107
2024-01-16T15:06:00,COOLING_TEMP_01,84.5517
2024-01-16T15:06:00,COOLING_PRES_01,13.1407
2024-01-16T15:06:00,COOLING_FLOW_01,164.8728
2024-01-16T15:06:00,COOLING_HEAT_01,27.2197
2024-01-16T15:06:00,PRIMARY_PRES_01,163.5499
2024-01-16T15:06:00,PRIMARY_TEMP_01,331.0386
2024-01-16T15:06:00,PRIMARY_FLOW_01,451.5508
2024-01-16T15:06:00,PRIMARY_LEVEL_01,65.1738
2024-01-16T15:07:00,COOLING_TEMP_01,84.7674
2024-01-16T15:07:00,COOLING_PRES_01,13.1004
2024-01-16T15:07:00,COOLING_FLOW_01,173.7378
2024-01-16T15:07:00,PRIMARY_PRES_01,162.8253
2024-01-16T15:07:00,PRIMARY_TEMP_01,332.8396
2024-01-16T15:07:00,PRIMARY_FLOW_01,436.215
2024-01-16T15:08:00,COOLING_TEMP_01,86.1154
2024-01-16T15:08:00,COOLING_PRES_01,12.9632
2024-01-16T15:08:00,COOLING_FLOW_01,167.9671
2024-01-16T15:08:00,COOLING_HEAT_01,28.2221
2024-01-16T15:08:00,PRIMARY_PRES_01,162.4224
2024-01-16T15:08:00,PRIMARY_TEMP_01,329.7555
2024-01-16T15:08:00,PRIMARY_FLOW_01,437.4576
2024-01-16T15:08:00,PRIMARY_LEVEL_01,65.6989
2024-01-16T15:09:00,COOLING_TEMP_01,85.1744
2024-01-16T15:09:00,COOLING_PRES_01,13.1881
2024-01-16T15:09:00,COOLING_FLOW_01,166.8712
2024-01-16T15:09:00,PRIMARY_PRES_01,163.2612
2024-01-16T15:09:00,PRIMARY_TEMP_01,330.6416
2024-01-16T15:09:00,PRIMARY_FLOW_01,442.8161
2024-01-16T15:10:00,COOLING_TEMP_01,85.6383
2024-01-16T15:10:00,COOLING_PRES_01,12.8551
2024-01-16T15:10:00,COOLING_FLOW_01,172.8702
2024-01-16T15:10:00,COOLING_HEAT_01,26.8503
2024-01-16T15:10:00,PRIMARY_PRES_01,163.0986
2024-01-16T15:10:00,PRIMARY_TEMP_01,330.6326
2024-01-16T15:10:00,PRIMARY_FLOW_01,443.7917
2024-01-16T15:10:00,PRIMARY_LEVEL_01,65.5914
2024-01-16T15:11:00,COOLING_TEMP_01,84.5441
2024-01-16T15:11:00,COOLING_PRES_01,12.9869
2024-01-16T15:11:00,COOLING_FLOW_01,168.3604
2024-01-16T15:11:00,PRIMARY_PRES_01,162.4875
2024-01-16T15:11:00,PRIMARY_TEMP_01,331.405
2024-01-16T15:11:00,PRIMARY_FLOW_01,437.052
2024-01-16T15:12:00,COOLING_TEMP_01,85.2365
2024-01-16T15:12:00,COOLING_PRES_01,13.2782
2024-01-16T15:12:00,COOLING_FLOW_01,169.515
2024-01-16T15:12:00,COOLING_HEAT_01,27.9541
2024-01-16T15:12:00,PRIMARY_PRES_01,162.4575
2024-01-16T15:12:00,PRIMARY_TEMP_01,331.1115
2024-01-16T15:12:00,PRIMARY_FLOW_01,454.3786
2024-01-16T15:12:00,PRIMARY_LEVEL_01,65.7055
2024-01-16T15:13:00,COOLING_TEMP_01,85.4832
2024-01-16T15:13:00,COOLING_PRES_01,12.8161
2024-01-16T15:13:00,COOLING_FLOW_01,174.969
2024-01-16T15:13:00,PRIMARY_PRES_01,163.1479
2024-01-16T15:13:00,PRIMARY_TEMP_01,331.0987
2024-01-16T15:13:00,PRIMARY_FLOW_01,442.0608
2024-01-16T15:14:00,COOLING_TEMP_01,85.3989
2024-01-16T15:14:00,COOLING_PRES_01,13.1093
2024-01-16T15:14:00,COOLING_FLOW_01,178.0435
2024-01-16T15:14:00,COOLING_HEAT_01,27.2617
2024-01-16T15:14:00,PRIMARY_PRES_01,163.0914
2024-01-16T15:14:00,PRIMARY_TEMP_01,329.9605
2024-01-16T15:14:00,PRIMARY_FLOW_01,447.9376
2024-01-16T15:14:00,PRIMARY_LEVEL_01,66.4168
2024-01-16T15:15:00,COOLING_TEMP_01,84.5954
2024-01-16T15:15:00,COOLING_PRES_01,13.1608
2024-01-16T15:15:00,COOLING_FLOW_01,167.2606
2024-01-16T15:15:00,PRIMARY_PRES_01,162.7153
2024-01-16T15:15:00,PRIMARY_TEMP_01,329.9657
2024-01-16T15:15:00,PRIMARY_FLOW_01,436.9687
2024-01-16T15:16:00,COOLING_TEMP_01,85.0425
2024-01-16T15:16:00,COOLING_PRES_01,13.0883
2024-01-16T15:16:00,COOLING_FLOW_01,170.3812
2024-01-16T15:16:00,COOLING_HEAT_01,27.2348
2024-01-16T15:16:00,PRIMARY_PRES_01,162.3428
2024-01-16T15:16:00,PRIMARY_TEMP_01,331.2245
2024-01-16T15:16:00,PRIMARY_FLOW_01,454.2399
2024-01-16T15:16:00,PRIMARY_LEVEL_01,65.7862
2024-01-16T15:17:00,COOLING_TEMP_01,85.129
2024-01-16T15:17:00,COOLING_PRES_01,13.1409
2024-01-16T15:17:00,COOLING_FLOW_01,173.5101
2024-01-16T15:17:00,PRIMARY_PRES_01,162.5806
2024-01-16T15:17:00,PRIMARY_TEMP_01,331.6253
2024-01-16T15:17:00,PRIMARY_FLOW_01,441.8338
2024-01-16T15:18:00,COOLING_TEMP_01,84.65
2024-01-16T15:18:00,COOLING_PRES_01,13.193
2024-01-16T15:18:00,COOLING_FLOW_01,165.7486
2024-01-16T15:18:00,COOLING_HEAT_01,27.4018
2024-01-16T15:18:00,PRIMARY_PRES_01,162.7824
2024-01-16T15:18:00,PRIMARY_TEMP_01,330.9688
2024-01-16T15:18:00,PRIMARY_FLOW_01,438.1291
2024-01-16T15:18:00,PRIMARY_LEVEL_01,67.1952
2024-01-16T15:19:00,COOLING_TEMP_01,84.8161
2024-01-16T15:19:00,COOLING_PRES_01,13.0154
2024-01-16T15:19:00,COOLING_FLOW_01,165.5418
2024-01-16T15:19:00,PRIMARY_PRES_01,162.7373
2024-01-16T15:19:00,PRIMARY_TEMP_01,330.3016
2024-01-16T15:19:00,PRIMARY_FLOW_01,449.1242
2024-01-16T15:20:00,COOLING_TEMP_01,85.7328
2024-01-16T15:20:00,COOLING_PRES_01,13.3024
2024-01-16T15:20:00,COOLING_FLOW_01,172.3816
2024-01-16T15:20:00,COOLING_HEAT_01,27.5463
2024-01-16T15:20:00,PRIMARY_PRES_01,163.6071
2024-01-16T15:20:00,PRIMARY_TEMP_01,329.3533
2024-01-16T15:20:00,PRIMARY_FLOW_01,450.1272
2024-01-16T15:20:00,PRIMARY_LEVEL_01,65.332
2024-01-16T15:21:00,COOLING_TEMP_01,84.1531
2024-01-16T15:21:00,COOLING_PRES_01,13.17
2024-01-16T15:21:00,COOLING_FLOW_01,169.0777
2024-01-16T15:21:00,PRIMARY_PRES_01,162.8276
2024-01-16T15:21:00,PRIMARY_TEMP_01,331.0811
2024-01-16T15:21:00,PRIMARY_FLOW_01,432.9625
2024-01-16T15:22:00,COOLING_TEMP_01,84.9482
2024-01-16T15:22:00,COOLING_PRES_01,13.2411
2024-01-16T15:22:00,COOLING_FLOW_01,172.05
2024-01-16T15:22:00,COOLING_HEAT_01,27.4398
2024-01-16T15:22:00,PRIMARY_PRES_01,162.8008
2024-01-16T15:22:00,PRIMARY_TEMP_01,329.5405
2024-01-16T15:22:00,PRIMARY_FLOW_01,439.1433
2024-01-16T15:22:00,PRIMARY_LEVEL_01,66.8055
2024-01-16T15:23:00,COOLING_TEMP_01,85.5226
2024-01-16T15:23:00,COOLING_PRES_01,13.0238
2024-01-16T15:23:00,COOLING_FLOW_01,165.4418
2024-01-16T15:23:00,PRIMARY_PRES_01,163.0336
2024-01-16T15:23:00,PRIMARY_TEMP_01,331.7201
2024-01-16T15:23:00,PRIMARY_FLOW_01,428.498
2024-01-16T15:24:00,COOLING_TEMP_01,85.3388
2024-01-16T15:24:00,COOLING_PRES_01,13.217
2024-01-16T15:24:00,COOLING_FLOW_01,170.4061
2024-01-16T15:24:00,COOLING_HEAT_01,27.4285
2024-01-16T15:24:00,PRIMARY_PRES_01,163.4042
2024-01-16T15:24:00,PRIMARY_TEMP_01,330.1409
2024-01-16T15:24:00,PRIMARY_FLOW_01,444.3969
2024-01-16T15:24:00,PRIMARY_LEVEL_01,65.5328
2024-01-16T15:25:00,COOLING_TEMP_01,85.7629
2024-01-16T15:25:00,COOLING_PRES_01,13.1525
2024-01-16T15:25:00,COOLING_FLOW_01,166.9102
2024-01-16T15:25:00,PRIMARY_PRES_01,163.2453
2024-01-16T15:25:00,PRIMARY_TEMP_01,331.4641
2024-01-16T15:25:00,PRIMARY_FLOW_01,443.3128
2024-01-16T15:26:00,COOLING_TEMP_01,84.5855
2024-01-16T15:26:00,COOLING_PRES_01,13.2218
2024-01-16T15:26:00,COOLING_FLOW_01,170.7204
2024-01-16T15:26:00,COOLING_HEAT_01,27.71
2024-01-16T15:26:00,PRIMARY_PRES_01,163.0318
2024-01-16T15:26:00,PRIMARY_TEMP_01,329.009
2024-01-16T15:26:00,PRIMARY_FLOW_01,436.1142
2024-01-16T15:26:00,PRIMARY_LEVEL_01,65.8645
2024-01-16T15:27:00,COOLING_TEMP_01,85.002
2024-01-16T15:27:00,COOLING_PRES_01,13.268
2024-01-16T15:27:00,COOLING_FLOW_01,171.2292
2024-01-16T15:27:00,PRIMARY_PRES_01,163.1151
2024-01-16T15:27:00,PRIMARY_TEMP_01,328.1763
2024-01-16T15:27:00,PRIMARY_FLOW_01,445.7918
2024-01-16T15:28:00,COOLING_TEMP_01,85.4077
2024-01-16T15:28:00,COOLING_PRES_01,13.3508
2024-01-16T15:28:00,COOLING_FLOW_01,169.029
2024-01-16T15:28:00,COOLING_HEAT_01,27.6653
2024-01-16T15:28:00,PRIMARY_PRES_01,162.7528
2024-01-16T15:28:00,PRIMARY_TEMP_01,328.1019
2024-01-16T15:28:00,PRIMARY_FLOW_01,442.526
2024-01-16T15:28:00,PRIMARY_LEVEL_01,66.9431
2024-01-16T15:29:00,COOLING_TEMP_01,85.9503
2024-01-16T15:29:00,COOLING_PRES_01,13.2234
2024-01-16T15:29:00,COOLING_FLOW_01,171.9708
2024-01-16T15:29:00,PRIMARY_PRES_01,162.9024
2024-01-16T15:29:00,PRIMARY_TEMP_01,331.5542
2024-01-16T15:29:00,PRIMARY_FLOW_01,445.9486
2024-01-16T15:30:00,COOLING_TEMP_01,85.9381
2024-01-16T15:30:00,COOLING_PRES_01,13.1101
2024-01-16T15:30:00,COOLING_FLOW_01,174.1422
2024-01-16T15:30:00,COOLING_HEAT_01,27.881
2024-01-16T15:30:00,PRIMARY_PRES_01,163.3729
2024-01-16T15:30:00,PRIMARY_TEMP_01,330.4293
2024-01-16T15:30:00,PRIMARY_FLOW_01,442.0609
2024-01-16T15:30:00,PRIMARY_LEVEL_01,65.6121
2024-01-16T15:31:00,COOLING_TEMP_01,84.1792
2024-01-16T15:31:00,COOLING_PRES_01,13.2994
2024-01-16T15:31:00,COOLING_FLOW_01,169.1011
2024-01-16T15:31:00,PRIMARY_PRES_01,163.5914
2024-01-16T15:31:00,PRIMARY_TEMP_01,329.2686
2024-01-16T15:31:00,PRIMARY_FLOW_01,439.6964
2024-01-16T15:32:00,COOLING_TEMP_01,84.9067
2024-01-16T15:32:00,COOLING_PRES_01,13.3106
2024-01-16T15:32:00,COOLING_FLOW_01,164.4719
2024-01-16T15:32:00,COOLING_HEAT_01,27.6722
2024-01-16T15:32:00,PRIMARY_PRES_01,162.8657
2024-01-16T15:32:00,PRIMARY_TEMP_01,330.8885
2024-01-16T15:32:00,PRIMARY_FLOW_01,429.2734
2024-01-16T15:32:00,PRIMARY_LEVEL_01,65.2359
2024-01-16T15:33:00,COOLING_TEMP_01,85.5893
2024-01-16T15:33:00,COOLING_PRES_01,13.2435
2024-01-16T15:33:00,COOLING_FLOW_01,171.2991
2024-01-16T15:33:00,PRIMARY_PRES_01,162.8848
2024-01-16T15:33:00,PRIMARY_TEMP_01,331.1251
2024-01-16T15:33:00,PRIMARY_FLOW_01,445.6788
2024-01-16T15:34:00,COOLING_TEMP_01,85.2518
2024-01-16T15:34:00,COOLING_PRES_01,13.2088
2024-01-16T15:34:00,COOLING_FLOW_01,170.563
2024-01-16T15:34:00,COOLING_HEAT_01,27.6557
2024-01-16T15:34:00,PRIMARY_PRES_01,163.0474
2024-01-16T15:34:00,PRIMARY_TEMP_01,330.5423
2024-01-16T15:34:00,PRIMARY_FLOW_01,446.9477
2024-01-16T15:34:00,PRIMARY_LEVEL_01,65.7745
2024-01-16T15:35:00,COOLING_TEMP_01,84.6915
2024-01-16T15:35:00,COOLING_PRES_01,13.0905
2024-01-16T15:35:00,COOLING_FLOW_01,175.2848
2024-01-16T15:35:00,PRIMARY_PRES_01,163.476
2024-01-16T15:35:00,PRIMARY_TEMP_01,331.2756
2024-01-16T15:35:00,PRIMARY_FLOW_01,434.7195
2024-01-16T15:36:00,COOLING_TEMP_01,84.8292
2024-01-16T15:36:00,COOLING_PRES_01,13.0807
2024-01-16T15:36:00,COOLING_FLOW_01,171.3135
2024-01-16T15:36:00,COOLING_HEAT_01,28.1276
2024-01-16T15:36:00,PRIMARY_PRES_01,162.8315
2024-01-16T15:36:00,PRIMARY_TEMP_01,330.2239
2024-01-16T15:36:00,PRIMARY_FLOW_01,455.7666
2024-01-16T15:36:00,PRIMARY_LEVEL_01,65.7602
2024-01-16T15:37:00,COOLING_TEMP_01,84.2199
2024-01-16T15:37:00,COOLING_PRES_01,13.2314
2024-01-16T15:37:00,COOLING_FLOW_01,171.6935
2024-01-16T15:37:00,PRIMARY_PRES_01,163.0224
2024-01-16T15:37:00,PRIMARY_TEMP_01,330.335
2024-01-16T15:37:00,PRIMARY_FLOW_01,451.7006
2024-01-16T15:38:00,COOLING_TEMP_01,85.2172
2024-01-16T15:38:00,COOLING_PRES_01,13.4826
2024-01-16T15:38:00,COOLING_FLOW_01,172.5808
2024-01-16T15:38:00,COOLING_HEAT_01,27.0036
2024-01-16T15:38:00,PRIMARY_PRES_01,163.5283
2024-01-16T15:38:00,PRIMARY_TEMP_01,327.2614
2024-01-16T15:38:00,PRIMARY_FLOW_01,440.2565
2024-01-16T15:38:00,PRIMARY_LEVEL_01,66.3823
2024-01-16T15:39:00,COOLING_TEMP_01,84.9996
2024-01-16T15:39:00,COOLING_PRES_01,13.1803
2024-01-16T15:39:00,COOLING_FLOW_01,170.8643
2024-01-16T15:39:00,PRIMARY_PRES_01,162.5553
2024-01-16T15:39:00,PRIMARY_TEMP_01,331.9891
2024-01-16T15:39:00,PRIMARY_FLOW_01,438.7656
2024-01-16T15:40:00,COOLING_TEMP_01,85.5543
2024-01-16T15:40:00,COOLING_PRES_01,13.306
2024-01-16T15:40:00,COOLING_FLOW_01,170.7822
2024-01-16T15:40:00,COOLING_HEAT_01,28.1829
2024-01-16T15:40:00,PRIMARY_PRES_01,162.7047
2024-01-16T15:40:00,PRIMARY_TEMP_01,329.4641
2024-01-16T15:40:00,PRIMARY_FLOW_01,438.8369
2024-01-16T15:40:00,PRIMARY_LEVEL_01,65.9965
2024-01-16T15:41:00,COOLING_TEMP_01,83.8086
2024-01-16T15:41:00,COOLING_PRES_01,13.2412
2024-01-16T15:41:00,COOLING_FLOW_01,172.1009
2024-01-16T15:41:00,PRIMARY_PRES_01,163.1006
2024-01-16T15:41:00,PRIMARY_TEMP_01,329.9456
2024-01-16T15:41:00,PRIMARY_FLOW_01,441.76
2024-01-16T15:42:00,COOLING_TEMP_01,85.453
2024-01-16T15:42:00,COOLING_PRES_01,13.2191
2024-01-16T15:42:00,COOLING_FLOW_01,170.7487
2024-01-16T15:42:00,COOLING_HEAT_01,26.8782
2024-01-16T15:42:00,PRIMARY_PRES_01,162.9021
2024-01-16T15:42:00,PRIMARY_TEMP_01,330.164
2024-01-16T15:42:00,PRIMARY_FLOW_01,451.0327
2024-01-16T15:42:00,PRIMARY_LEVEL_01,65.5456
2024-01-16T15:43:00,COOLING_TEMP_01,86.8414
2024-01-16T15:43:00,COOLING_PRES_01,13.2149
2024-01-16T15:43:00,COOLING_FLOW_01,169.3647
2024-01-16T15:43:00,PRIMARY_PRES_01,163.2757
2024-01-16T15:43:00,PRIMARY_TEMP_01,333.4368
2024-01-16T15:43:00,PRIMARY_FLOW_01,431.6444
2024-01-16T15:44:00,COOLING_TEMP_01,85.5491
2024-01-16T15:44:00,COOLING_PRES_01,13.0905
2024-01-16T15:44:00,COOLING_FLOW_01,173.6635
2024-01-16T15:44:00,COOLING_HEAT_01,27.5926
2024-01-16T15:44:00,PRIMARY_PRES_01,162.7732
2024-01-16T15:44:00,PRIMARY_TEMP_01,330.7653
2024-01-16T15:44:00,PRIMARY_FLOW_01,431.2737
2024-01-16T15:44:00,PRIMARY_LEVEL_01,66.4873
2024-01-16T15:45:00,COOLING_TEMP_01,85.1707
2024-01-16T15:45:00,COOLING_PRES_01,13.2358
2024-01-16T15:45:00,COOLING_FLOW_01,166.8499
2024-01-16T15:45:00,PRIMARY_PRES_01,162.9505
2024-01-16T15:45:00,PRIMARY_TEMP_01,330.228
2024-01-16T15:45:00,PRIMARY_FLOW_01,436.7486
2024-01-16T15:46:00,COOLING_TEMP_01,84.6692
2024-01-16T15:46:00,COOLING_PRES_01,13.2132
2024-01-16T15:46:00,COOLING_FLOW_01,167.7851
2024-01-16T15:46:00,COOLING_HEAT_01,27.8386
2024-01-16T15:46:00,PRIMARY_PRES_01,162.8084
2024-01-16T15:46:00,PRIMARY_TEMP_01,327.9625
2024-01-16T15:46:00,PRIMARY_FLOW_01,438.7141
2024-01-16T15:46:00,PRIMARY_LEVEL_01,65.8957
2024-01-16T15:47:00,COOLING_TEMP_01,85.1499
2024-01-16T15:47:00,COOLING_PRES_01,13.452
2024-01-16T15:47:00,COOLING_FLOW_01,166.1364
2024-01-16T15:47:00,PRIMARY_PRES_01,163.0478
2024-01-16T15:47:00,PRIMARY_TEMP_01,330.014
2024-01-16T15:47:00,PRIMARY_FLOW_01,431.8453
2024-01-16T15:48:00,COOLING_TEMP_01,85.2258
2024-01-16T15:48:00,COOLING_PRES_01,13.2666
2024-01-16T15:48:00,COOLING_FLOW_01,171.6903
2024-01-16T15:48:00,COOLING_HEAT_01,28.0569
2024-01-16T15:48:00,PRIMARY_PRES_01,162.9706
2024-01-16T15:48:00,PRIMARY_TEMP_01,330.6223
2024-01-16T15:48:00,PRIMARY_FLOW_01,437.7511
2024-01-16T15:48:00,PRIMARY_LEVEL_01,65.5705
2024-01-16T15:49:00,COOLING_TEMP_01,85.0277
2024-01-16T15:49:00,COOLING_PRES_01,13.214
2024-01-16T15:49:00,COOLING_FLOW_01,171.9527
2024-01-16T15:49:00,PRIMARY_PRES_01,162.507
2024-01-16T15:49:00,PRIMARY_TEMP_01,330.9403
2024-01-16T15:49:00,PRIMARY_FLOW_01,433.7003
2024-01-16T15:50:00,COOLING_TEMP_01,85.8014
2024-01-16T15:50:00,COOLING_PRES_01,13.2138
2024-01-16T15:50:00,COOLING_FLOW_01,172.4979
2024-01-16T15:50:00,COOLING_HEAT_01,27.6832
2024-01-16T15:50:00,PRIMARY_PRES_01,163.3033
2024-01-16T15:50:00,PRIMARY_TEMP_01,330.3869
2024-01-16T15:50:00,PRIMARY_FLOW_01,435.7315
2024-01-16T15:50:00,PRIMARY_LEVEL_01,65.8895
2024-01-16T15:51:00,COOLING_TEMP_01,85.4037
2024-01-16T15:51:00,COOLING_PRES_01,13.3796
2024-01-16T15:51:00,COOLING_FLOW_01,174.7477
2024-01-16T15:51:00,PRIMARY_PRES_01,162.6398
2024-01-16T15:51:00,PRIMARY_TEMP_01,328.3676
2024-01-16T15:51:00,PRIMARY_FLOW_01,432.3727
2024-01-16T15:52:00,COOLING_TEMP_01,85.3525
2024-01-16T15:52:00,COOLING_PRES_01,13.251
2024-01-16T15:52:00,COOLING_FLOW_01,167.2723
2024-01-16T15:52:00,COOLING_HEAT_01,27.2777
2024-01-16T15:52:00,PRIMARY_PRES_01,162.8533
2024-01-16T15:52:00,PRIMARY_TEMP_01,327.1124
2024-01-16T15:52:00,PRIMARY_FLOW_01,442.2354
2024-01-16T15:52:00,PRIMARY_LEVEL_01,65.2698
2024-01-16T15:53:00,COOLING_TEMP_01,85.0999
2024-01-16T15:53:00,COOLING_PRES_01,13.0836
2024-01-16T15:53:00,COOLING_FLOW_01,172.9204
2024-01-16T15:53:00,PRIMARY_PRES_01,163.2189
2024-01-16T15:53:00,PRIMARY_TEMP_01,330.3583
2024-01-16T15:53:00,PRIMARY_FLOW_01,441.1329
2024-01-16T15:54:00,COOLING_TEMP_01,85.4647
2024-01-16T15:54:00,COOLING_PRES_01,13.1318
2024-01-16T15:54:00,COOLING_FLOW_01,175.4475
2024-01-16T15:54:00,COOLING_HEAT_01,27.8898
2024-01-16T15:54:00,PRIMARY_PRES_01,162.9979
2024-01-16T15:54:00,PRIMARY_TEMP_01,332.2846
2024-01-16T15:54:00,PRIMARY_FLOW_01,450.0847
2024-01-16T15:54:00,PRIMARY_LEVEL_01,66.4961
2024-01-16T15:55:00,COOLING_TEMP_01,86.1061
2024-01-16T15:55:00,COOLING_PRES_01,13.222
2024-01-16T15:55:00,COOLING_FLOW_01,170.5366
2024-01-16T15:55:00,PRIMARY_PRES_01,163.3318
2024-01-16T15:55:00,PRIMARY_TEMP_01,330.4811
2024-01-16T15:55:00,PRIMARY_FLOW_01,430.5102
2024-01-16T15:56:00,COOLING_TEMP_01,85.1392
2024-01-16T15:56:00,COOLING_PRES_01,13.3297
2024-01-16T15:56:00,COOLING_FLOW_01,164.9803
2024-01-16T15:56:00,COOLING_HEAT_01,27.987
2024-01-16T15:56:00,PRIMARY_PRES_01,162.8922
2024-01-16T15:56:00,PRIMARY_TEMP_01,330.3591
2024-01-16T15:56:00,PRIMARY_FLOW_01,438.5153
2024-01-16T15:56:00,PRIMARY_LEVEL_01,66.0128
2024-01-16T15:57:00,COOLING_TEMP_01,84.7533
2024-01-16T15:57:00,COOLING_PRES_01,13.1334
2024-01-16T15:57:00,COOLING_FLOW_01,172.2354
2024-01-16T15:57:00,PRIMARY_PRES_01,162.6329
2024-01-16T15:57:00,PRIMARY_TEMP_01,328.6149
2024-01-16T15:57:00,PRIMARY_FLOW_01,442.568
2024-01-16T15:58:00,COOLING_TEMP_01,85.3555
2024-01-16T15:58:00,COOLING_PRES_01,13.0882
2024-01-16T15:58:00,COOLING_FLOW_01,170.3501
2024-01-16T15:58:00,COOLING_HEAT_01,27.698
2024-01-16T15:58:00,PRIMARY_PRES_01,163.4253
2024-01-16T15:58:00,PRIMARY_TEMP_01,330.6167
2024-01-16T15:58:00,PRIMARY_FLOW_01,432.1073
2024-01-16T15:58:00,PRIMARY_LEVEL_01,66.1349
2024-01-16T15:59:00,COOLING_TEMP_01,85.0169
2024-01-16T15:59:00,COOLING_PRES_01,13.1471
2024-01-16T15:59:00,COOLING_FLOW_01,177.1521
2024-01-16T15:59:00,PRIMARY_PRES_01,162.7227
2024-01-16T15:59:00,PRIMARY_TEMP_01,333.088
2024-01-16T15:59:00,PRIMARY_FLOW_01,443.1886
2024-01-16T16:00:00,COOLING_TEMP_01,85.9411
2024-01-16T16:00:00,COOLING_PRES_01,13.2952
2024-01-16T16:00:00,COOLING_FLOW_01,173.4285
2024-01-16T16:00:00,COOLING_HEAT_01,27.0515
2024-01-16T16:00:00,PRIMARY_PRES_01,162.8707
2024-01-16T16:00:00,PRIMARY_TEMP_01,330.4574
2024-01-16T16:00:00,PRIMARY_FLOW_01,450.8998
2024-01-16T16:00:00,PRIMARY_LEVEL_01,67.5313
2024-01-16T16:01:00,COOLING_TEMP_01,85.0388
2024-01-16T16:01:00,COOLING_PRES_01,13.1302
2024-01-16T16:01:00,COOLING_FLOW_01,173.8206
2024-01-16T16:01:00,PRIMARY_PRES_01,162.8952
2024-01-16T16:01:00,PRIMARY_TEMP_01,328.4278
2024-01-16T16:01:00,PRIMARY_FLOW_01,439.2373
2024-01-16T16:02:00,COOLING_TEMP_01,85.0315
2024-01-16T16:02:00,COOLING_PRES_01,13.3209
2024-01-16T16:02:00,COOLING_FLOW_01,171.5726
2024-01-16T16:02:00,COOLING_HEAT_01,27.5108
2024-01-16T16:02:00,PRIMARY_PRES_01,162.6143
2024-01-16T16:02:00,PRIMARY_TEMP_01,330.0758
2024-01-16T16:02:00,PRIMARY_FLOW_01,439.2476
2024-01-16T16:02:00,PRIMARY_LEVEL_01,67.1481
2024-01-16T16:03:00,COOLING_TEMP_01,85.8078
2024-01-16T16:03:00,COOLING_PRES_01,13.1725
2024-01-16T16:03:00,COOLING_FLOW_01,172.1064
2024-01-16T16:03:00,PRIMARY_PRES_01,162.7943
2024-01-16T16:03:00,PRIMARY_TEMP_01,327.9417
2024-01-16T16:03:00,PRIMARY_FLOW_01,436.0492
2024-01-16T16:04:00,COOLING_TEMP_01,84.4376
2024-01-16T16:04:00,COOLING_PRES_01,12.8921
2024-01-16T16:04:00,COOLING_FLOW_01,169.9678
2024-01-16T16:04:00,COOLING_HEAT_01,27.1151
2024-01-16T16:04:00,PRIMARY_PRES_01,162.6448
2024-01-16T16:04:00,PRIMARY_TEMP_01,329.5619
2024-01-16T16:04:00,PRIMARY_FLOW_01,448.1994
2024-01-16T16:04:00,PRIMARY_LEVEL_01,65.3054
2024-01-16T16:05:00,COOLING_TEMP_01,85.3606
2024-01-16T16:05:00,COOLING_PRES_01,13.2131
2024-01-16T16:05:00,COOLING_FLOW_01,170.5466
2024-01-16T16:05:00,PRIMARY_PRES_01,163.0161
2024-01-16T16:05:00,PRIMARY_TEMP_01,328.4426
2024-01-16T16:05:00,PRIMARY_FLOW_01,441.9606
2024-01-16T16:06:00,COOLING_TEMP_01,85.5316
2024-01-16T16:06:00,COOLING_PRES_01,13.0952
2024-01-16T16:06:00,COOLING_FLOW_01,166.5319
2024-01-16T16:06:00,COOLING_HEAT_01,27.6342
2024-01-16T16:06:00,PRIMARY_PRES_01,162.7225
2024-01-16T16:06:00,PRIMARY_TEMP_01,329.6627
2024-01-16T16:06:00,PRIMARY_FLOW_01,437.1244
2024-01-16T16:06:00,PRIMARY_LEVEL_01,66.3489
2024-01-16T16:07:00,COOLING_TEMP_01,84.0739
2024-01-16T16:07:00,COOLING_PRES_01,13.181
2024-01-16T16:07:00,COOLING_FLOW_01,168.9179
2024-01-16T16:07:00,PRIMARY_PRES_01,162.8795
2024-01-16T16:07:00,PRIMARY_TEMP_01,329.8129
2024-01-16T16:07:00,PRIMARY_FLOW_01,439.2343
2024-01-16T16:08:00,COOLING_TEMP_01,85.9381
2024-01-16T16:08:00,COOLING_PRES_01,13.2203
2024-01-16T16:08:00,COOLING_FLOW_01,168.1783
2024-01-16T16:08:00,COOLING_HEAT_01,27.3219
2024-01-16T16:08:00,PRIMARY_PRES_01,162.9215
2024-01-16T16:08:00,PRIMARY_TEMP_01,330.1587
2024-01-16T16:08:00,PRIMARY_FLOW_01,434.9399
2024-01-16T16:08:00,PRIMARY_LEVEL_01,65.9578
2024-01-16T16:09:00,COOLING_TEMP_01,85.013
2024-01-16T16:09:00,COOLING_PRES_01,13.4878
2024-01-16T16:09:00,COOLING_FLOW_01,170.3749
2024-01-16T16:09:00,PRIMARY_PRES_01,163.3922
2024-01-16T16:09:00,PRIMARY_TEMP_01,330.7433
2024-01-16T16:09:00,PRIMARY_FLOW_01,441.5605
2024-01-16T16:10:00,COOLING_TEMP_01,84.0002
2024-01-16T16:10:00,COOLING_PRES_01,13.2085
2024-01-16T16:10:00,COOLING_FLOW_01,163.9308
2024-01-16T16:10:00,COOLING_HEAT_01,27.0535
2024-01-16T16:10:00,PRIMARY_PRES_01,163.2535
2024-01-16T16:10:00,PRIMARY_TEMP_01,329.9044
2024-01-16T16:10:00,PRIMARY_FLOW_01,438.0671
2024-01-16T16:10:00,PRIMARY_LEVEL_01,66.8474
2024-01-16T16:11:00,COOLING_TEMP_01,84.5999
2024-01-16T16:11:00,COOLING_PRES_01,13.2001
2024-01-16T16:11:00,COOLING_FLOW_01,168.5007
2024-01-16T16:11:00,PRIMARY_PRES_01,162.7429
2024-01-16T16:11:00,PRIMARY_TEMP_01,330.6214
2024-01-16T16:11:00,PRIMARY_FLOW_01,419.0206
2024-01-16T16:12:00,COOLING_TEMP_01,85.3229
2024-01-16T16:12:00,COOLING_PRES_01,13.2887
2024-01-16T16:12:00,COOLING_FLOW_01,164.6074
2024-01-16T16:12:00,COOLING_HEAT_01,26.7526
2024-01-16T16:12:00,PRIMARY_PRES_01,162.6272
2024-01-16T16:12:00,PRIMARY_TEMP_01,329.8262
2024-01-16T16:12:00,PRIMARY_FLOW_01,440.3152
2024-01-16T16:12:00,PRIMARY_LEVEL_01,66.7236
2024-01-16T16:13:00,COOLING_TEMP_01,85.2979
2024-01-16T16:13:00,COOLING_PRES_01,13.1876
2024-01-16T16:13:00,COOLING_FLOW_01,170.115
2024-01-16T16:13:00,PRIMARY_PRES_01,162.7617
2024-01-16T16:13:00,PRIMARY_TEMP_01,332.04
2024-01-16T16:13:00,PRIMARY_FLOW_01,448.9603
2024-01-16T16:14:00,COOLING_TEMP_01,85.9376
2024-01-16T16:14:00,COOLING_PRES_01,13.21
2024-01-16T16:14:00,COOLING_FLOW_01,170.7933
2024-01-16T16:14:00,COOLING_HEAT_01,27.531
2024-01-16T16:14:00,PRIMARY_PRES_01,163.3308
2024-01-16T16:14:00,PRIMARY_TEMP_01,330.8746
2024-01-16T16:14:00,PRIMARY_FLOW_01,420.8204
2024-01-16T16:14:00,PRIMARY_LEVEL_01,66.0649
2024-01-16T16:15:00,COOLING_TEMP_01,85.0479
2024-01-16T16:15:00,COOLING_PRES_01,13.2212
2024-01-16T16:15:00,COOLING_FLOW_01,165.9477
2024-01-16T16:15:00,PRIMARY_PRES_01,162.9578
2024-01-16T16:15:00,PRIMARY_TEMP_01,330.2226
2024-01-16T16:15:00,PRIMARY_FLOW_01,455.1681
2024-01-16T16:16:00,COOLING_TEMP_01,85.5525
2024-01-16T16:16:00,COOLING_PRES_01,13.339
2024-01-16T16:16:00,COOLING_FLOW_01,168.9814
2024-01-16T16:16:00,COOLING_HEAT_01,27.8857
2024-01-16T16:16:00,PRIMARY_PRES_01,163.5097
2024-01-16T16:16:00,PRIMARY_TEMP_01,328.1178
2024-01-16T16:16:00,PRIMARY_FLOW_01,434.0621
2024-01-16T16:16:00,PRIMARY_LEVEL_01,66.3627
2024-01-16T16:17:00,COOLING_TEMP_01,85.5778
2024-01-16T16:17:00,COOLING_PRES_01,13.3066
2024-01-16T16:17:00,COOLING_FLOW_01,170.3707
2024-01-16T16:17:00,PRIMARY_PRES_01,162.5917
2024-01-16T16:17:00,PRIMARY_TEMP_01,330.8629
2024-01-16T16:17:00,PRIMARY_FLOW_01,449.9953
2024-01-16T16:18:00,COOLING_TEMP_01,84.7057
2024-01-16T16:18:00,COOLING_PRES_01,13.0335
2024-01-16T16:18:00,COOLING_FLOW_01,167.5402
2024-01-16T16:18:00,COOLING_HEAT_01,28.0283
2024-01-16T16:18:00,PRIMARY_PRES_01,163.5954
2024-01-16T16:18:00,PRIMARY_TEMP_01,330.1668
2024-01-16T16:18:00,PRIMARY_FLOW_01,438.1714
2024-01-16T16:18:00,PRIMARY_LEVEL_01,65.6185
2024-01-16T16:19:00,COOLING_TEMP_01,84.8127
2024-01-16T16:19:00,COOLING_PRES_01,12.9119
2024-01-16T16:19:00,COOLING_FLOW_01,172.6255
2024-01-16T16:19:00,PRIMARY_PRES_01,163.3591
2024-01-16T16:19:00,PRIMARY_TEMP_01,330.6478
2024-01-16T16:19:00,PRIMARY_FLOW_01,440.4657
2024-01-16T16:20:00,COOLING_TEMP_01,85.1615
2024-01-16T16:20:00,COOLING_PRES_01,13.1809
2024-01-16T16:20:00,COOLING_FLOW_01,169.4933
2024-01-16T16:20:00,COOLING_HEAT_01,27.3924
2024-01-16T16:20:00,PRIMARY_PRES_01,163.4244
2024-01-16T16:20:00,PRIMARY_TEMP_01,329.428
2024-01-16T16:20:00,PRIMARY_FLOW_01,448.9717
2024-01-16T16:20:00,PRIMARY_LEVEL_01,64.9036
2024-01-16T16:21:00,COOLING_TEMP_01,83.6682
2024-01-16T16:21:00,COOLING_PRES_01,13.2378
2024-01-16T16:21:00,COOLING_FLOW_01,167.6642
2024-01-16T16:21:00,PRIMARY_PRES_01,162.7967
2024-01-16T16:21:00,PRIMARY_TEMP_01,330.6328
2024-01-16T16:21:00,PRIMARY_FLOW_01,442.6925
2024-01-16T16:22:00,COOLING_TEMP_01,84.9543
2024-01-16T16:22:00,COOLING_PRES_01,12.9673
2024-01-16T16:22:00,COOLING_FLOW_01,163.3263
2024-01-16T16:22:00,COOLING_HEAT_01,27.0231
2024-01-16T16:22:00,PRIMARY_PRES_01,163.2478
2024-01-16T16:22:00,PRIMARY_TEMP_01,330.6273
2024-01-16T16:22:00,PRIMARY_FLOW_01,430.974
2024-01-16T16:22:00,PRIMARY_LEVEL_01,66.5759
2024-01-16T16:23:00,COOLING_TEMP_01,85.8288
2024-01-16T16:23:00,COOLING_PRES_01,13.0296
2024-01-16T16:23:00,COOLING_FLOW_01,171.355
2024-01-16T16:23:00,PRIMARY_PRES_01,162.4894
2024-01-16T16:23:00,PRIMARY_TEMP_01,327.3588
2024-01-16T16:23:00,PRIMARY_FLOW_01,438.4324
2024-01-16T16:24:00,COOLING_TEMP_01,84.1716
2024-01-16T16:24:00,COOLING_PRES_01,13.2223
2024-01-16T16:24:00,COOLING_FLOW_01,166.1241
2024-01-16T16:24:00,COOLING_HEAT_01,27.7205
2024-01-16T16:24:00,PRIMARY_PRES_01,163.2672
2024-01-16T16:24:00,PRIMARY_TEMP_01,329.706
2024-01-16T16:24:00,PRIMARY_FLOW_01,439.4788
2024-01-16T16:24:00,PRIMARY_LEVEL_01,65.3278
2024-01-16T16:25:00,COOLING_TEMP_01,85.4825
2024-01-16T16:25:00,COOLING_PRES_01,13.2655
2024-01-16T16:25:00,COOLING_FLOW_01,168.1029
2024-01-16T16:25:00,PRIMARY_PRES_01,163.2662
2024-01-16T16:25:00,PRIMARY_TEMP_01,329.4172
2024-01-16T16:25:00,PRIMARY_FLOW_01,448.9094
2024-01-16T16:26:00,COOLING_TEMP_01,86.2262
2024-01-16T16:26:00,COOLING_PRES_01,13.0161
2024-01-16T16:26:00,COOLING_FLOW_01,173.6169
2024-01-16T16:26:00,COOLING_HEAT_01,27.542
2024-01-16T16:26:00,PRIMARY_PRES_01,163.1322
2024-01-16T16:26:00,PRIMARY_TEMP_01,330.6583
2024-01-16T16:26:00,PRIMARY_FLOW_01,440.97
2024-01-16T16:26:00,PRIMARY_LEVEL_01,65.4536
2024-01-16T16:27:00,COOLING_TEMP_01,85.2656
2024-01-16T16:27:00,COOLING_PRES_01,13.2681
2024-01-16T16:27:00,COOLING_FLOW_01,169.4348
2024-01-16T16:27:00,PRIMARY_PRES_01,163.1919
2024-01-16T16:27:00,PRIMARY_TEMP_01,330.9312
2024-01-16T16:27:00,PRIMARY_FLOW_01,448.9596
2024-01-16T16:28:00,COOLING_TEMP_01,84.4689
2024-01-16T16:28:00,COOLING_PRES_01,13.1566
2024-01-16T16:28:00,COOLING_FLOW_01,168.4617
2024-01-16T16:28:00,COOLING_HEAT_01,27.0874
2024-01-16T16:28:00,PRIMARY_PRES_01,163.1427
2024-01-16T16:28:00,PRIMARY_TEMP_01,328.4379
2024-01-16T16:28:00,PRIMARY_FLOW_01,429.0529
2024-01-16T16:28:00,PRIMARY_LEVEL_01,66.01
2024-01-16T16:29:00,COOLING_TEMP_01,84.9226
2024-01-16T16:29:00,COOLING_PRES_01,12.9053
2024-01-16T16:29:00,COOLING_FLOW_01,173.6596
2024-01-16T16:29:00,PRIMARY_PRES_01,163.2629
2024-01-16T16:29:00,PRIMARY_TEMP_01,328.8781
2024-01-16T16:29:00,PRIMARY_FLOW_01,427.4687
2024-01-16T16:30:00,COOLING_TEMP_01,85.4171
2024-01-16T16:30:00,COOLING_PRES_01,13.0856
2024-01-16T16:30:00,COOLING_FLOW_01,170.0794
2024-01-16T16:30:00,COOLING_HEAT_01,27.2208
2024-01-16T16:30:00,PRIMARY_PRES_01,162.95
2024-01-16T16:30:00,PRIMARY_TEMP_01,329.2477
2024-01-16T16:30:00,PRIMARY_FLOW_01,434.7168
2024-01-16T16:30:00,PRIMARY_LEVEL_01,66.5372
2024-01-16T16:31:00,COOLING_TEMP_01,85.5056
2024-01-16T16:31:00,COOLING_PRES_01,13.2017
2024-01-16T16:31:00,COOLING_FLOW_01,168.3291
2024-01-16T16:31:00,PRIMARY_PRES_01,163.523
2024-01-16T16:31:00,PRIMARY_TEMP_01,329.3745
2024-01-16T16:31:00,PRIMARY_FLOW_01,444.5105
2024-01-16T16:32:00,COOLING_TEMP_01,84.6785
2024-01-16T16:32:00,COOLING_PRES_01,13.3058
2024-01-16T16:32:00,COOLING_FLOW_01,170.5017
2024-01-16T16:32:00,COOLING_HEAT_01,27.5149
2024-01-16T16:32:00,PRIMARY_PRES_01,163.1262
2024-01-16T16:32:00,PRIMARY_TEMP_01,330.5758
2024-01-16T16:32:00,PRIMARY_FLOW_01,447.6719
2024-01-16T16:32:00,PRIMARY_LEVEL_01,65.7889
2024-01-16T16:33:00,COOLING_TEMP_01,85.3192
2024-01-16T16:33:00,COOLING_PRES_01,13.258
2024-01-16T16:33:00,COOLING_FLOW_01,169.3624
2024-01-16T16:33:00,PRIMARY_PRES_01,162.9788
2024-01-16T16:33:00,PRIMARY_TEMP_01,328.7329
2024-01-16T16:33:00,PRIMARY_FLOW_01,438.8824
2024-01-16T16:34:00,COOLING_TEMP_01,85.2862
2024-01-16T16:34:00,COOLING_PRES_01,13.127
2024-01-16T16:34:00,COOLING_FLOW_01,172.8328
2024-01-16T16:34:00,COOLING_HEAT_01,27.9639
2024-01-16T16:34:00,PRIMARY_PRES_01,162.621
2024-01-16T16:34:00,PRIMARY_TEMP_01,328.6689
2024-01-16T16:34:00,PRIMARY_FLOW_01,446.095
2024-01-16T16:34:00,PRIMARY_LEVEL_01,66.13
2024-01-16T16:35:00,COOLING_TEMP_01,85.6086
2024-01-16T16:35:00,COOLING_PRES_01,13.0462
2024-01-16T16:35:00,COOLING_FLOW_01,170.3851
2024-01-16T16:35:00,PRIMARY_PRES_01,162.8331
2024-01-16T16:35:00,PRIMARY_TEMP_01,329.5252
2024-01-16T16:35:00,PRIMARY_FLOW_01,446.0085
2024-01-16T16:36:00,COOLING_TEMP_01,84.8494
2024-01-16T16:36:00,COOLING_PRES_01,13.0743
2024-01-16T16:36:00,COOLING_FLOW_01,171.0716
2024-01-16T16:36:00,COOLING_HEAT_01,27.0738
2024-01-16T16:36:00,PRIMARY_PRES_01,162.6786
2024-01-16T16:36:00,PRIMARY_TEMP_01,328.2594
2024-01-16T16:36:00,PRIMARY_FLOW_01,430.6864
2024-01-16T16:36:00,PRIMARY_LEVEL_01,66.0123
2024-01-16T16:37:00,COOLING_TEMP_01,84.7451
2024-01-16T16:37:00,COOLING_PRES_01,13.4189
2024-01-16T16:37:00,COOLING_FLOW_01,164.0478
2024-01-16T16:37:00,PRIMARY_PRES_01,162.6188
2024-01-16T16:37:00,PRIMARY_TEMP_01,328.992
2024-01-16T16:37:00,PRIMARY_FLOW_01,436.771
2024-01-16T16:38:00,COOLING_TEMP_01,84.9979
2024-01-16T16:38:00,COOLING_PRES_01,13.0814
2024-01-16T16:38:00,COOLING_FLOW_01,167.3772
2024-01-16T16:38:00,COOLING_HEAT_01,26.9547
2024-01-16T16:38:00,PRIMARY_PRES_01,162.6644
2024-01-16T16:38:00,PRIMARY_TEMP_01,329.1645
2024-01-16T16:38:00,PRIMARY_FLOW_01,449.7066
2024-01-16T16:38:00,PRIMARY_LEVEL_01,65.9852
2024-01-16T16:39:00,COOLING_TEMP_01,86.1069
2024-01-16T16:39:00,COOLING_PRES_01,13.2311
2024-01-16T16:39:00,COOLING_FLOW_01,167.8015
2024-01-16T16:39:00,PRIMARY_PRES_01,163.5232
2024-01-16T16:39:00,PRIMARY_TEMP_01,330.7146
2024-01-16T16:39:00,PRIMARY_FLOW_01,448.209
2024-01-16T16:40:00,COOLING_TEMP_01,84.9346
2024-01-16T16:40:00,COOLING_PRES_01,13.0023
2024-01-16T16:40:00,COOLING_FLOW_01,172.9225
2024-01-16T16:40:00,COOLING_HEAT_01,27.5185
2024-01-16T16:40:00,PRIMARY_PRES_01,163.1062
2024-01-16T16:40:00,PRIMARY_TEMP_01,329.9676
2024-01-16T16:40:00,PRIMARY_FLOW_01,437.2525
2024-01-16T16:40:00,PRIMARY_LEVEL_01,66.1224
2024-01-16T16:41:00,COOLING_TEMP_01,85.6656
2024-01-16T16:41:00,COOLING_PRES_01,13.345
2024-01-16T16:41:00,COOLING_FLOW_01,169.1231
2024-01-16T16:41:00,PRIMARY_PRES_01,163.188
2024-01-16T16:41:00,PRIMARY_TEMP_01,329.8631
2024-01-16T16:41:00,PRIMARY_FLOW_01,438.2436
2024-01-16T16:42:00,COOLING_TEMP_01,84.5429
2024-01-16T16:42:00,COOLING_PRES_01,13.3299
2024-01-16T16:42:00,COOLING_FLOW_01,171.4516
2024-01-16T16:42:00,COOLING_HEAT_01,27.2224
2024-01-16T16:42:00,PRIMARY_PRES_01,162.4904
2024-01-16T16:42:00,PRIMARY_TEMP_01,331.6379
2024-01-16T16:42:00,PRIMARY_FLOW_01,438.4621
2024-01-16T16:42:00,PRIMARY_LEVEL_01,65.0144
2024-01-16T16:43:00,COOLING_TEMP_01,85.1706
2024-01-16T16:43:00,COOLING_PRES_01,13.23
2024-01-16T16:43:00,COOLING_FLOW_01,172.8262
2024-01-16T16:43:00,PRIMARY_PRES_01,162.6673
2024-01-16T16:43:00,PRIMARY_TEMP_01,330.531
2024-01-16T16:43:00,PRIMARY_FLOW_01,434.7007
2024-01-16T16:44:00,COOLING_TEMP_01,85.4429
2024-01-16T16:44:00,COOLING_PRES_01,13.1559
2024-01-16T16:44:00,COOLING_FLOW_01,173.6929
2024-01-16T16:44:00,COOLING_HEAT_01,26.8717
2024-01-16T16:44:00,PRIMARY_PRES_01,162.9043
2024-01-16T16:44:00,PRIMARY_TEMP_01,328.6223
2024-01-16T16:44:00,PRIMARY_FLOW_01,426.5953
2024-01-16T16:44:00,PRIMARY_LEVEL_01,66.4907
2024-01-16T16:45:00,COOLING_TEMP_01,85.6689
2024-01-16T16:45:00,COOLING_PRES_01,12.9438
2024-01-16T16:45:00,COOLING_FLOW_01,171.3395
2024-01-16T16:45:00,PRIMARY_PRES_01,162.9407
2024-01-16T16:45:00,PRIMARY_TEMP_01,330.9804
2024-01-16T16:45:00,PRIMARY_FLOW_01,443.3875
2024-01-16T16:46:00,COOLING_TEMP_01,85.0942
2024-01-16T16:46:00,COOLING_PRES_01,13.3158
2024-01-16T16:46:00,COOLING_FLOW_01,162.3598
2024-01-16T16:46:00,COOLING_HEAT_01,27.671
2024-01-16T16:46:00,PRIMARY_PRES_01,163.0572
2024-01-16T16:46:00,PRIMARY_TEMP_01,328.1314
2024-01-16T16:46:00,PRIMARY_FLOW_01,445.5698
2024-01-16T16:46:00,PRIMARY_LEVEL_01,66.3876
2024-01-16T16:47:00,COOLING_TEMP_01,84.3025
2024-01-16T16:47:00,COOLING_PRES_01,13.4167
2024-01-16T16:47:00,COOLING_FLOW_01,172.1844
2024-01-16T16:47:00,PRIMARY_PRES_01,163.1301
2024-01-16T16:47:00,PRIMARY_TEMP_01,328.8238
2024-01-16T16:47:00,PRIMARY_FLOW_01,447.6041
2024-01-16T16:48:00,COOLING_TEMP_01,85.208
2024-01-16T16:48:00,COOLING_PRES_01,13.3188
2024-01-16T16:48:00,COOLING_FLOW_01,172.0662
2024-01-16T16:48:00,COOLING_HEAT_01,27.8599
2024-01-16T16:48:00,PRIMARY_PRES_01,163.3588
2024-01-16T16:48:00,PRIMARY_TEMP_01,329.6407
2024-01-16T16:48:00,PRIMARY_FLOW_01,448.9544
2024-01-16T16:48:00,PRIMARY_LEVEL_01,65.682
2024-01-16T16:49:00,COOLING_TEMP_01,85.0484
2024-01-16T16:49:00,COOLING_PRES_01,13.214
2024-01-16T16:49:00,COOLING_FLOW_01,165.9429
2024-01-16T16:49:00,PRIMARY_PRES_01,163.3495
2024-01-16T16:49:00,PRIMARY_TEMP_01,328.5998
2024-01-16T16:49:00,PRIMARY_FLOW_01,436.8913
2024-01-16T16:50:00,COOLING_TEMP_01,84.5518
2024-01-16T16:50:00,COOLING_PRES_01,13.2489
2024-01-16T16:50:00,COOLING_FLOW_01,168.3111
2024-01-16T16:50:00,COOLING_HEAT_01,27.4439
2024-01-16T16:50:00,PRIMARY_PRES_01,162.916
2024-01-16T16:50:00,PRIMARY_TEMP_01,329.8927
2024-01-16T16:50:00,PRIMARY_FLOW_01,438.7826
2024-01-16T16:50:00,PRIMARY_LEVEL_01,65.669
2024-01-16T16:51:00,COOLING_TEMP_01,84.2854
2024-01-16T16:51:00,COOLING_PRES_01,13.0974
2024-01-16T16:51:00,COOLING_FLOW_01,174.003
2024-01-16T16:51:00,PRIMARY_PRES_01,162.9234
2024-01-16T16:51:00,PRIMARY_TEMP_01,328.6012
2024-01-16T16:51:00,PRIMARY_FLOW_01,442.0955
2024-01-16T16:52:00,COOLING_TEMP_01,85.0549
2024-01-16T16:52:00,COOLING_PRES_01,13.3195
2024-01-16T16:52:00,COOLING_FLOW_01,165.677
2024-01-16T16:52:00,COOLING_HEAT_01,27.2821
2024-01-16T16:52:00,PRIMARY_PRES_01,162.8415
2024-01-16T16:52:00,PRIMARY_TEMP_01,331.0716
2024-01-16T16:52:00,PRIMARY_FLOW_01,442.1555
2024-01-16T16:52:00,PRIMARY_LEVEL_01,66.8769
2024-01-16T16:53:00,COOLING_TEMP_01,85.1247
2024-01-16T16:53:00,COOLING_PRES_01,13.1792
2024-01-16T16:53:00,COOLING_FLOW_01,162.5296
2024-01-16T16:53:00,PRIMARY_PRES_01,162.8503
2024-01-16T16:53:00,PRIMARY_TEMP_01,328.8803
2024-01-16T16:53:00,PRIMARY_FLOW_01,447.9499
2024-01-16T16:54:00,COOLING_TEMP_01,84.9135
2024-01-16T16:54:00,COOLING_PRES_01,13.0701
2024-01-16T16:54:00,COOLING_FLOW_01,167.5475
2024-01-16T16:54:00,COOLING_HEAT_01,27.4744
2024-01-16T16:54:00,PRIMARY_PRES_01,162.9187
2024-01-16T16:54:00,PRIMARY_TEMP_01,330.4579
2024-01-16T16:54:00,PRIMARY_FLOW_01,442.1499
2024-01-16T16:54:00,PRIMARY_LEVEL_01,66.5442
2024-01-16T16:55:00,COOLING_TEMP_01,84.3347
2024-01-16T16:55:00,COOLING_PRES_01,13.1878
2024-01-16T16:55:00,COOLING_FLOW_01,171.5269
2024-01-16T16:55:00,PRIMARY_PRES_01,162.8088
2024-01-16T16:55:00,PRIMARY_TEMP_01,331.6048
2024-01-16T16:55:00,PRIMARY_FLOW_01,433.8521
2024-01-16T16:56:00,COOLING_TEMP_01,84.4801
2024-01-16T16:56:00,COOLING_PRES_01,13.3373
2024-01-16T16:56:00,COOLING_FLOW_01,165.833
2024-01-16T16:56:00,COOLING_HEAT_01,28.1862
2024-01-16T16:56:00,PRIMARY_PRES_01,163.3624
2024-01-16T16:56:00,PRIMARY_TEMP_01,330.0124
2024-01-16T16:56:00,PRIMARY_FLOW_01,446.3669
2024-01-16T16:56:00,PRIMARY_LEVEL_01,65.3857
2024-01-16T16:57:00,COOLING_TEMP_01,86.3648
2024-01-16T16:57:00,COOLING_PRES_01,13.101
2024-01-16T16:57:00,COOLING_FLOW_01,169.5589
2024-01-16T16:57:00,PRIMARY_PRES_01,163.3
2024-01-16T16:57:00,PRIMARY_TEMP_01,331.5592
2024-01-16T16:57:00,PRIMARY_FLOW_01,453.4957
2024-01-16T16:58:00,COOLING_TEMP_01,85.2284
2024-01-16T16:58:00,COOLING_PRES_01,13.0454
2024-01-16T16:58:00,COOLING_FLOW_01,171.4097
2024-01-16T16:58:00,COOLING_HEAT_01,27.6603
2024-01-16T16:58:00,PRIMARY_PRES_01,163.2077
2024-01-16T16:58:00,PRIMARY_TEMP_01,328.2399
2024-01-16T16:58:00,PRIMARY_FLOW_01,438.8263
2024-01-16T16:58:00,PRIMARY_LEVEL_01,65.7577
2024-01-16T16:59:00,COOLING_TEMP_01,85.4717
2024-01-16T16:59:00,COOLING_PRES_01,13.1871
2024-01-16T16:59:00,COOLING_FLOW_01,165.6946
2024-01-16T16:59:00,PRIMARY_PRES_01,162.7741
2024-01-16T16:59:00,PRIMARY_TEMP_01,328.6434
2024-01-16T16:59:00,PRIMARY_FLOW_01,434.8126
2024-01-16T17:00:00,COOLING_TEMP_01,84.3502
2024-01-16T17:00:00,COOLING_PRES_01,13.243
2024-01-16T17:00:00,COOLING_FLOW_01,164.9891
2024-01-16T17:00:00,COOLING_HEAT_01,28.1195
2024-01-16T17:00:00,PRIMARY_PRES_01,162.6065
2024-01-16T17:00:00,PRIMARY_TEMP_01,328.4528
2024-01-16T17:00:00,PRIMARY_FLOW_01,432.6129
2024-01-16T17:00:00,PRIMARY_LEVEL_01,65.9483
2024-01-16T17:01:00,COOLING_TEMP_01,84.4755
2024-01-16T17:01:00,COOLING_PRES_01,13.2442
2024-01-16T17:01:00,COOLING_FLOW_01,173.4742
2024-01-16T17:01:00,PRIMARY_PRES_01,162.6903
2024-01-16T17:01:00,PRIMARY_TEMP_01,330.3027
2024-01-16T17:01:00,PRIMARY_FLOW_01,437.373
2024-01-16T17:02:00,COOLING_TEMP_01,84.8331
2024-01-16T17:02:00,COOLING_PRES_01,13.1594
2024-01-16T17:02:00,COOLING_FLOW_01,164.3545
2024-01-16T17:02:00,COOLING_HEAT_01,27.4297
2024-01-16T17:02:00,PRIMARY_PRES_01,162.3978
2024-01-16T17:02:00,PRIMARY_TEMP_01,328.577
2024-01-16T17:02:00,PRIMARY_FLOW_01,440.5387
2024-01-16T17:02:00,PRIMARY_LEVEL_01,66.0348
2024-01-16T17:03:00,COOLING_TEMP_01,84.712
2024-01-16T17:03:00,COOLING_PRES_01,13.3696
2024-01-16T17:03:00,COOLING_FLOW_01,168.4343
2024-01-16T17:03:00,PRIMARY_PRES_01,163.241
2024-01-16T17:03:00,PRIMARY_TEMP_01,327.7586
2024-01-16T17:03:00,PRIMARY_FLOW_01,449.9194
2024-01-16T17:04:00,COOLING_TEMP_01,84.4355
2024-01-16T17:04:00,COOLING_PRES_01,12.977
2024-01-16T17:04:00,COOLING_FLOW_01,169.7438
2024-01-16T17:04:00,COOLING_HEAT_01,27.9071
2024-01-16T17:04:00,PRIMARY_PRES_01,163.0107
2024-01-16T17:04:00,PRIMARY_TEMP_01,330.2697
2024-01-16T17:04:00,PRIMARY_FLOW_01,450.9496
2024-01-16T17:04:00,PRIMARY_LEVEL_01,65.5183
2024-01-16T17:05:00,COOLING_TEMP_01,85.8978
2024-01-16T17:05:00,COOLING_PRES_01,13.1739
2024-01-16T17:05:00,COOLING_FLOW_01,169.5365
2024-01-16T17:05:00,PRIMARY_PRES_01,162.7973
2024-01-16T17:05:00,PRIMARY_TEMP_01,328.9687
2024-01-16T17:05:00,PRIMARY_FLOW_01,426.9735
2024-01-16T17:06:00,COOLING_TEMP_01,85.0572
2024-01-16T17:06:00,COOLING_PRES_01,13.3756
2024-01-16T17:06:00,COOLING_FLOW_01,169.8291
2024-01-16T17:06:00,COOLING_HEAT_01,27.5553
2024-01-16T17:06:00,PRIMARY_PRES_01,163.4427
2024-01-16T17:06:00,PRIMARY_TEMP_01,331.8667
2024-01-16T17:06:00,PRIMARY_FLOW_01,432.2528
2024-01-16T17:06:00,PRIMARY_LEVEL_01,65.6
2024-01-16T17:07:00,COOLING_TEMP_01,85.103
2024-01-16T17:07:00,COOLING_PRES_01,13.1331
2024-01-16T17:07:00,COOLING_FLOW_01,176.1425
2024-01-16T17:07:00,PRIMARY_PRES_01,163.1203
2024-01-16T17:07:00,PRIMARY_TEMP_01,329.5988
2024-01-16T17:07:00,PRIMARY_FLOW_01,433.6011
2024-01-16T17:08:00,COOLING_TEMP_01,83.8492
2024-01-16T17:08:00,COOLING_PRES_01,13.3898
2024-01-16T17:08:00,COOLING_FLOW_01,169.959
2024-01-16T17:08:00,COOLING_HEAT_01,27.7316
2024-01-16T17:08:00,PRIMARY_PRES_01,162.741
2024-01-16T17:08:00,PRIMARY_TEMP_01,330.4165
2024-01-16T17:08:00,PRIMARY_FLOW_01,446.6763
2024-01-16T17:08:00,PRIMARY_LEVEL_01,66.0885
2024-01-16T17:09:00,COOLING_TEMP_01,85.2513
2024-01-16T17:09:00,COOLING_PRES_01,13.2167
2024-01-16T17:09:00,COOLING_FLOW_01,171.4055
2024-01-16T17:09:00,PRIMARY_PRES_01,163.2401
2024-01-16T17:09:00,PRIMARY_TEMP_01,331.3061
2024-01-16T17:09:00,PRIMARY_FLOW_01,431.0189
2024-01-16T17:10:00,COOLING_TEMP_01,84.4465
2024-01-16T17:10:00,COOLING_PRES_01,13.3273
2024-01-16T17:10:00,COOLING_FLOW_01,170.6255
2024-01-16T17:10:00,COOLING_HEAT_01,26.8359
2024-01-16T17:10:00,PRIMARY_PRES_01,163.6034
2024-01-16T17:10:00,PRIMARY_TEMP_01,330.1502
2024-01-16T17:10:00,PRIMARY_FLOW_01,431.2797
2024-01-16T17:10:00,PRIMARY_LEVEL_01,66.1443
2024-01-16T17:11:00,COOLING_TEMP_01,85.9437
2024-01-16T17:11:00,COOLING_PRES_01,13.2447
2024-01-16T17:11:00,COOLING_FLOW_01,172.8713
2024-01-16T17:11:00,PRIMARY_PRES_01,162.7814
2024-01-16T17:11:00,PRIMARY_TEMP_01,331.9637
2024-01-16T17:11:00,PRIMARY_FLOW_01,433.7643
2024-01-16T17:12:00,COOLING_TEMP_01,84.8163
2024-01-16T17:12:00,COOLING_PRES_01,13.1204
2024-01-16T17:12:00,COOLING_FLOW_01,175.0184
2024-01-16T17:12:00,COOLING_HEAT_01,27.7542
2024-01-16T17:12:00,PRIMARY_PRES_01,162.749
2024-01-16T17:12:00,PRIMARY_TEMP_01,330.3935
2024-01-16T17:12:00,PRIMARY_FLOW_01,440.5686
2024-01-16T17:12:00,PRIMARY_LEVEL_01,66.915
2024-01-16T17:13:00,COOLING_TEMP_01,84.9131
2024-01-16T17:13:00,COOLING_PRES_01,13.376
2024-01-16T17:13:00,COOLING_FLOW_01,173.9181
2024-01-16T17:13:00,PRIMARY_PRES_01,163.8448
2024-01-16T17:13:00,PRIMARY_TEMP_01,328.8146
2024-01-16T17:13:00,PRIMARY_FLOW_01,441.1221
2024-01-16T17:14:00,COOLING_TEMP_01,84.4303
2024-01-16T17:14:00,COOLING_PRES_01,13.117
2024-01-16T17:14:00,COOLING_FLOW_01,169.0881
2024-01-16T17:14:00,COOLING_HEAT_01,27.6246
2024-01-16T17:14:00,PRIMARY_PRES_01,162.4609
2024-01-16T17:14:00,PRIMARY_TEMP_01,332.0548
2024-01-16T17:14:00,PRIMARY_FLOW_01,447.9079
2024-01-16T17:14:00,PRIMARY_LEVEL_01,64.9473
2024-01-16T17:15:00,COOLING_TEMP_01,86.2896
2024-01-16T17:15:00,COOLING_PRES_01,13.027
2024-01-16T17:15:00,COOLING_FLOW_01,171.6169
2024-01-16T17:15:00,PRIMARY_PRES_01,163.1032
2024-01-16T17:15:00,PRIMARY_TEMP_01,330.8297
2024-01-16T17:15:00,PRIMARY_FLOW_01,439.0727
2024-01-16T17:16:00,COOLING_TEMP_01,85.1379
2024-01-16T17:16:00,COOLING_PRES_01,13.2617
2024-01-16T17:16:00,COOLING_FLOW_01,173.2953
2024-01-16T17:16:00,COOLING_HEAT_01,27.0774
2024-01-16T17:16:00,PRIMARY_PRES_01,163.6605
2024-01-16T17:16:00,PRIMARY_TEMP_01,330.7627
2024-01-16T17:16:00,PRIMARY_FLOW_01,439.9069
2024-01-16T17:16:00,PRIMARY_LEVEL_01,65.584
2024-01-16T17:17:00,COOLING_TEMP_01,85.5641
2024-01-16T17:17:00,COOLING_PRES_01,13.206
2024-01-16T17:17:00,COOLING_FLOW_01,169.9384
2024-01-16T17:17:00,PRIMARY_PRES_01,162.9293
2024-01-16T17:17:00,PRIMARY_TEMP_01,329.5329
2024-01-16T17:17:00,PRIMARY_FLOW_01,439.1443
2024-01-16T17:18:00,COOLING_TEMP_01,85.1943
2024-01-16T17:18:00,COOLING_PRES_01,13.2197
2024-01-16T17:18:00,COOLING_FLOW_01,173.5767
2024-01-16T17:18:00,COOLING_HEAT_01,27.0695
2024-01-16T17:18:00,PRIMARY_PRES_01,163.0848
2024-01-16T17:18:00,PRIMARY_TEMP_01,330.0857
2024-01-16T17:18:00,PRIMARY_FLOW_01,445.5517
2024-01-16T17:18:00,PRIMARY_LEVEL_01,65.7009
2024-01-16T17:19:00,COOLING_TEMP_01,85.1524
2024-01-16T17:19:00,COOLING_PRES_01,13.0243
2024-01-16T17:19:00,COOLING_FLOW_01,167.1767
2024-01-16T17:19:00,PRIMARY_PRES_01,163.1118
2024-01-16T17:19:00,PRIMARY_TEMP_01,329.2013
2024-01-16T17:19:00,PRIMARY_FLOW_01,446.7742
2024-01-16T17:20:00,COOLING_TEMP_01,84.5959
2024-01-16T17:20:00,COOLING_PRES_01,13.2358
2024-01-16T17:20:00,COOLING_FLOW_01,173.7285
2024-01-16T17:20:00,COOLING_HEAT_01,27.3336
2024-01-16T17:20:00,PRIMARY_PRES_01,162.6171
2024-01-16T17:20:00,PRIMARY_TEMP_01,329.7274
2024-01-16T17:20:00,PRIMARY_FLOW_01,442.6045
2024-01-16T17:20:00,PRIMARY_LEVEL_01,65.2912
2024-01-16T17:21:00,COOLING_TEMP_01,84.781
2024-01-16T17:21:00,COOLING_PRES_01,13.0203
2024-01-16T17:21:00,COOLING_FLOW_01,175.3137
2024-01-16T17:21:00,PRIMARY_PRES_01,162.7725
2024-01-16T17:21:00,PRIMARY_TEMP_01,328.5638
2024-01-16T17:21:00,PRIMARY_FLOW_01,443.1967
2024-01-16T17:22:00,COOLING_TEMP_01,85.813
2024-01-16T17:22:00,COOLING_PRES_01,12.9688
2024-01-16T17:22:00,COOLING_FLOW_01,168.6849
2024-01-16T17:22:00,COOLING_HEAT_01,27.7711
2024-01-16T17:22:00,PRIMARY_PRES_01,162.6773
2024-01-16T17:22:00,PRIMARY_TEMP_01,330.0221
2024-01-16T17:22:00,PRIMARY_FLOW_01,444.3763
2024-01-16T17:22:00,PRIMARY_LEVEL_01,65.1679
2024-01-16T17:23:00,COOLING_TEMP_01,85.2379
2024-01-16T17:23:00,COOLING_PRES_01,13.0711
2024-01-16T17:23:00,COOLING_FLOW_01,170.3945
2024-01-16T17:23:00,PRIMARY_PRES_01,163.123
2024-01-16T17:23:00,PRIMARY_TEMP_01,329.6047
2024-01-16T17:23:00,PRIMARY_FLOW_01,436.1651
2024-01-16T17:24:00,COOLING_TEMP_01,84.5218
2024-01-16T17:24:00,COOLING_PRES_01,13.3075
2024-01-16T17:24:00,COOLING_FLOW_01,169.844
2024-01-16T17:24:00,COOLING_HEAT_01,27.4078
2024-01-16T17:24:00,PRIMARY_PRES_01,162.9878
2024-01-16T17:24:00,PRIMARY_TEMP_01,329.7203
2024-01-16T17:24:00,PRIMARY_FLOW_01,435.4143
2024-01-16T17:24:00,PRIMARY_LEVEL_01,65.7352
2024-01-16T17:25:00,COOLING_TEMP_01,84.6693
2024-01-16T17:25:00,COOLING_PRES_01,13.1352
2024-01-16T17:25:00,COOLING_FLOW_01,171.6314
2024-01-16T17:25:00,PRIMARY_PRES_01,163.417
2024-01-16T17:25:00,PRIMARY_TEMP_01,328.359
2024-01-16T17:25:00,PRIMARY_FLOW_01,445.8493
2024-01-16T17:26:00,COOLING_TEMP_01,84.2273
2024-01-16T17:26:00,COOLING_PRES_01,13.3989
2024-01-16T17:26:00,COOLING_FLOW_01,173.5039
2024-01-16T17:26:00,COOLING_HEAT_01,27.6769
2024-01-16T17:26:00,PRIMARY_PRES_01,163.1271
2024-01-16T17:26:00,PRIMARY_TEMP_01,330.2038
2024-01-16T17:26:00,PRIMARY_FLOW_01,445.8211
2024-01-16T17:26:00,PRIMARY_LEVEL_01,65.6924
2024-01-16T17:27:00,COOLING_TEMP_01,85.989
2024-01-16T17:27:00,COOLING_PRES_01,13.3735
2024-01-16T17:27:00,COOLING_FLOW_01,169.2695
2024-01-16T17:27:00,PRIMARY_PRES_01,162.9318
2024-01-16T17:27:00,PRIMARY_TEMP_01,330.6214
2024-01-16T17:27:00,PRIMARY_FLOW_01,443.548
2024-01-16T17:28:00,COOLING_TEMP_01,85.6792
2024-01-16T17:28:00,COOLING_PRES_01,13.3562
2024-01-16T17:28:00,COOLING_FLOW_01,173.0745
2024-01-16T17:28:00,COOLING_HEAT_01,27.5541
2024-01-16T17:28:00,PRIMARY_PRES_01,163.1079
2024-01-16T17:28:00,PRIMARY_TEMP_01,331.0831
2024-01-16T17:28:00,PRIMARY_FLOW_01,436.9988
2024-01-16T17:28:00,PRIMARY_LEVEL_01,66.4109
2024-01-16T17:29:00,COOLING_TEMP_01,84.9983
2024-01-16T17:29:00,COOLING_PRES_01,13.3842
2024-01-16T17:29:00,COOLING_FLOW_01,170.1882
2024-01-16T17:29:00,PRIMARY_PRES_01,162.7984
2024-01-16T17:29:00,PRIMARY_TEMP_01,329.8728
2024-01-16T17:29:00,PRIMARY_FLOW_01,438.7125
2024-01-16T17:30:00,COOLING_TEMP_01,84.7584
2024-01-16T17:30:00,COOLING_PRES_01,13.2486
2024-01-16T17:30:00,COOLING_FLOW_01,169.1428
2024-01-16T17:30:00,COOLING_HEAT_01,27.4228
2024-01-16T17:30:00,PRIMARY_PRES_01,163.1713
2024-01-16T17:30:00,PRIMARY_TEMP_01,330.1074
2024-01-16T17:30:00,PRIMARY_FLOW_01,440.6955
2024-01-16T17:30:00,PRIMARY_LEVEL_01,65.1164
2024-01-16T17:31:00,COOLING_TEMP_01,85.1909
2024-01-16T17:31:00,COOLING_PRES_01,13.2082
2024-01-16T17:31:00,COOLING_FLOW_01,168.5609
2024-01-16T17:31:00,PRIMARY_PRES_01,162.9859
2024-01-16T17:31:00,PRIMARY_TEMP_01,329.734
2024-01-16T17:31:00,PRIMARY_FLOW_01,435.4241
2024-01-16T17:32:00,COOLING_TEMP_01,85.132
2024-01-16T17:32:00,COOLING_PRES_01,13.1525
2024-01-16T17:32:00,COOLING_FLOW_01,161.7058
2024-01-16T17:32:00,COOLING_HEAT_01,27.2849
2024-01-16T17:32:00,PRIMARY_PRES_01,163.0944
2024-01-16T17:32:00,PRIMARY_TEMP_01,329.2218
2024-01-16T17:32:00,PRIMARY_FLOW_01,436.1914
2024-01-16T17:32:00,PRIMARY_LEVEL_01,65.737
2024-01-16T17:33:00,COOLING_TEMP_01,83.8554
2024-01-16T17:33:00,COOLING_PRES_01,13.2384
2024-01-16T17:33:00,COOLING_FLOW_01,167.7192
2024-01-16T17:33:00,PRIMARY_PRES_01,162.8344
2024-01-16T17:33:00,PRIMARY_TEMP_01,330.6444
2024-01-16T17:33:00,PRIMARY_FLOW_01,435.954
2024-01-16T17:34:00,COOLING_TEMP_01,84.6829
2024-01-16T17:34:00,COOLING_PRES_01,13.3049
2024-01-16T17:34:00,COOLING_FLOW_01,168.6292
2024-01-16T17:34:00,COOLING_HEAT_01,27.8264
2024-01-16T17:34:00,PRIMARY_PRES_01,162.6977
2024-01-16T17:34:00,PRIMARY_TEMP_01,329.6745
2024-01-16T17:34:00,PRIMARY_FLOW_01,446.24
2024-01-16T17:34:00,PRIMARY_LEVEL_01,66.4556
2024-01-16T17:35:00,COOLING_TEMP_01,85.2346
2024-01-16T17:35:00,COOLING_PRES_01,13.096
2024-01-16T17:35:00,COOLING_FLOW_01,168.8812
2024-01-16T17:35:00,PRIMARY_PRES_01,163.4412
2024-01-16T17:35:00,PRIMARY_TEMP_01,329.8868
2024-01-16T17:35:00,PRIMARY_FLOW_01,437.7778
2024-01-16T17:36:00,COOLING_TEMP_01,85.9027
2024-01-16T17:36:00,COOLING_PRES_01,13.1167
2024-01-16T17:36:00,COOLING_FLOW_01,167.6745
2024-01-16T17:36:00,COOLING_HEAT_01,28.1064
2024-01-16T17:36:00,PRIMARY_PRES_01,163.1743
2024-01-16T17:36:00,PRIMARY_TEMP_01,329.9133
2024-01-16T17:36:00,PRIMARY_FLOW_01,446.2768
2024-01-16T17:36:00,PRIMARY_LEVEL_01,66.4084
2024-01-16T17:37:00,COOLING_TEMP_01,85.4163
2024-01-16T17:37:00,COOLING_PRES_01,13.2399
2024-01-16T17:37:00,COOLING_FLOW_01,170.1493
2024-01-16T17:37:00,PRIMARY_PRES_01,162.7225
2024-01-16T17:37:00,PRIMARY_TEMP_01,328.6889
2024-01-16T17:37:00,PRIMARY_FLOW_01,434.4573
2024-01-16T17:38:00,COOLING_TEMP_01,84.3293
2024-01-16T17:38:00,COOLING_PRES_01,13.2721
2024-01-16T17:38:00,COOLING_FLOW_01,165.2098
2024-01-16T17:38:00,COOLING_HEAT_01,27.1063
2024-01-16T17:38:00,PRIMARY_PRES_01,162.7082
2024-01-16T17:38:00,PRIMARY_TEMP_01,329.8832
2024-01-16T17:38:00,PRIMARY_FLOW_01,445.1513
2024-01-16T17:38:00,PRIMARY_LEVEL_01,65.7953
2024-01-16T17:39:00,COOLING_TEMP_01,85.5822
2024-01-16T17:39:00,COOLING_PRES_01,13.1957
2024-01-16T17:39:00,COOLING_FLOW_01,167.2055
2024-01-16T17:39:00,PRIMARY_PRES_01,163.1175
2024-01-16T17:39:00,PRIMARY_TEMP_01,331.2913
2024-01-16T17:39:00,PRIMARY_FLOW_01,446.5934
2024-01-16T17:40:00,COOLING_TEMP_01,85.0244
2024-01-16T17:40:00,COOLING_PRES_01,13.2018
2024-01-16T17:40:00,COOLING_FLOW_01,169.6671
2024-01-16T17:40:00,COOLING_HEAT_01,27.8966
2024-01-16T17:40:00,PRIMARY_PRES_01,162.9438
2024-01-16T17:40:00,PRIMARY_TEMP_01,329.4739
2024-01-16T17:40:00,PRIMARY_FLOW_01,435.387
2024-01-16T17:40:00,PRIMARY_LEVEL_01,66.1224
2024-01-16T17:41:00,COOLING_TEMP_01,85.1033
2024-01-16T17:41:00,COOLING_PRES_01,13.247
2024-01-16T17:41:00,COOLING_FLOW_01,172.977
2024-01-16T17:41:00,PRIMARY_PRES_01,162.6113
2024-01-16T17:41:00,PRIMARY_TEMP_01,331.3586
2024-01-16T17:41:00,PRIMARY_FLOW_01,441.6542
2024-01-16T17:42:00,COOLING_TEMP_01,84.5449
2024-01-16T17:42:00,COOLING_PRES_01,13.256
2024-01-16T17:42:00,COOLING_FLOW_01,174.9372
2024-01-16T17:42:00,COOLING_HEAT_01,27.7544
2024-01-16T17:42:00,PRIMARY_PRES_01,163.0545
2024-01-16T17:42:00,PRIMARY_TEMP_01,332.6083
2024-01-16T17:42:00,PRIMARY_FLOW_01,446.5734
2024-01-16T17:42:00,PRIMARY_LEVEL_01,65.7982
2024-01-16T17:43:00,COOLING_TEMP_01,84.7107
2024-01-16T17:43:00,COOLING_PRES_01,13.3261
2024-01-16T17:43:00,COOLING_FLOW_01,173.6732
2024-01-16T17:43:00,PRIMARY_PRES_01,163.277
2024-01-16T17:43:00,PRIMARY_TEMP_01,332.5324
2024-01-16T17:43:00,PRIMARY_FLOW_01,430.5845
2024-01-16T17:44:00,COOLING_TEMP_01,84.791
2024-01-16T17:44:00,COOLING_PRES_01,13.0231
2024-01-16T17:44:00,COOLING_FLOW_01,169.3514
2024-01-16T17:44:00,COOLING_HEAT_01,27.7121
2024-01-16T17:44:00,PRIMARY_PRES_01,162.7594
2024-01-16T17:44:00,PRIMARY_TEMP_01,331.5004
2024-01-16T17:44:00,PRIMARY_FLOW_01,435.7839
2024-01-16T17:44:00,PRIMARY_LEVEL_01,66.6963
2024-01-16T17:45:00,COOLING_TEMP_01,84.895
2024-01-16T17:45:00,COOLING_PRES_01,13.164
2024-01-16T17:45:00,COOLING_FLOW_01,171.1858
2024-01-16T17:45:00,PRIMARY_PRES_01,162.8451
2024-01-16T17:45:00,PRIMARY_TEMP_01,329.0661
2024-01-16T17:45:00,PRIMARY_FLOW_01,439.0637
2024-01-16T17:46:00,COOLING_TEMP_01,85.1162
2024-01-16T17:46:00,COOLING_PRES_01,13.083
2024-01-16T17:46:00,COOLING_FLOW_01,172.6087
2024-01-16T17:46:00,COOLING_HEAT_01,27.2766
2024-01-16T17:46:00,PRIMARY_PRES_01,162.553
2024-01-16T17:46:00,PRIMARY_TEMP_01,331.0909
2024-01-16T17:46:00,PRIMARY_FLOW_01,446.0863
2024-01-16T17:46:00,PRIMARY_LEVEL_01,64.4617
2024-01-16T17:47:00,COOLING_TEMP_01,84.4229
2024-01-16T17:47:00,COOLING_PRES_01,13.267
2024-01-16T17:47:00,COOLING_FLOW_01,172.0368
2024-01-16T17:47:00,PRIMARY_PRES_01,163.3247
2024-01-16T17:47:00,PRIMARY_TEMP_01,330.229
2024-01-16T17:47:00,PRIMARY_FLOW_01,439.8276
2024-01-16T17:48:00,COOLING_TEMP_01,84.8102
2024-01-16T17:48:00,COOLING_PRES_01,13.2448
2024-01-16T17:48:00,COOLING_FLOW_01,172.333
2024-01-16T17:48:00,COOLING_HEAT_01,27.4284
2024-01-16T17:48:00,PRIMARY_PRES_01,162.719
2024-01-16T17:48:00,PRIMARY_TEMP_01,330.4729
2024-01-16T17:48:00,PRIMARY_FLOW_01,438.9268
2024-01-16T17:48:00,PRIMARY_LEVEL_01,65.8608
2024-01-16T17:49:00,COOLING_TEMP_01,84.8654
2024-01-16T17:49:00,COOLING_PRES_01,13.1032
2024-01-16T17:49:00,COOLING_FLOW_01,172.3163
2024-01-16T17:49:00,PRIMARY_PRES_01,162.8855
2024-01-16T17:49:00,PRIMARY_TEMP_01,330.1339
2024-01-16T17:49:00,PRIMARY_FLOW_01,442.021
2024-01-16T17:50:00,COOLING_TEMP_01,85.412
2024-01-16T17:50:00,COOLING_PRES_01,13.4944
2024-01-16T17:50:00,COOLING_FLOW_01,172.1487
2024-01-16T17:50:00,COOLING_HEAT_01,26.7375
2024-01-16T17:50:00,PRIMARY_PRES_01,163.1581
2024-01-16T17:50:00,PRIMARY_TEMP_01,330.8556
2024-01-16T17:50:00,PRIMARY_FLOW_01,439.7064
2024-01-16T17:50:00,PRIMARY_LEVEL_01,65.9963
2024-01-16T17:51:00,COOLING_TEMP_01,85.9455
2024-01-16T17:51:00,COOLING_PRES_01,13.1
2024-01-16T17:51:00,COOLING_FLOW_01,164.9407
2024-01-16T17:51:00,PRIMARY_PRES_01,163.0262
2024-01-16T17:51:00,PRIMARY_TEMP_01,328.8371
2024-01-16T17:51:00,PRIMARY_FLOW_01,435.3242
2024-01-16T17:52:00,COOLING_TEMP_01,84.9097
2024-01-16T17:52:00,COOLING_PRES_01,13.2902
2024-01-16T17:52:00,COOLING_FLOW_01,173.518
2024-01-16T17:52:00,COOLING_HEAT_01,27.7135
2024-01-16T17:52:00,PRIMARY_PRES_01,163.5136
2024-01-16T17:52:00,PRIMARY_TEMP_01,330.7605
2024-01-16T17:52:00,PRIMARY_FLOW_01,424.7692
2024-01-16T17:52:00,PRIMARY_LEVEL_01,65.728
2024-01-16T17:53:00,COOLING_TEMP_01,84.6852
2024-01-16T17:53:00,COOLING_PRES_01,13.2178
2024-01-16T17:53:00,COOLING_FLOW_01,167.1473
2024-01-16T17:53:00,PRIMARY_PRES_01,163.1688
2024-01-16T17:53:00,PRIMARY_TEMP_01,329.3788
2024-01-16T17:53:00,PRIMARY_FLOW_01,441.0477
2024-01-16T17:54:00,COOLING_TEMP_01,85.3608
2024-01-16T17:54:00,COOLING_PRES_01,13.3008
2024-01-16T17:54:00,COOLING_FLOW_01,167.5681
2024-01-16T17:54:00,COOLING_HEAT_01,27.4594
2024-01-16T17:54:00,PRIMARY_PRES_01,162.4898
2024-01-16T17:54:00,PRIMARY_TEMP_01,331.9112
2024-01-16T17:54:00,PRIMARY_FLOW_01,440.8922
2024-01-16T17:54:00,PRIMARY_LEVEL_01,65.5069
2024-01-16T17:55:00,COOLING_TEMP_01,85.7097
2024-01-16T17:55:00,COOLING_PRES_01,13.03
2024-01-16T17:55:00,COOLING_FLOW_01,169.839
2024-01-16T17:55:00,PRIMARY_PRES_01,163.0603
2024-01-16T17:55:00,PRIMARY_TEMP_01,330.1183
2024-01-16T17:55:00,PRIMARY_FLOW_01,436.8404
2024-01-16T17:56:00,COOLING_TEMP_01,83.5729
2024-01-16T17:56:00,COOLING_PRES_01,13.0776
2024-01-16T17:56:00,COOLING_FLOW_01,165.7381
2024-01-16T17:56:00,COOLING_HEAT_01,28.0403
2024-01-16T17:56:00,PRIMARY_PRES_01,163.2216
2024-01-16T17:56:00,PRIMARY_TEMP_01,331.4181
2024-01-16T17:56:00,PRIMARY_FLOW_01,443.99
2024-01-16T17:56:00,PRIMARY_LEVEL_01,65.8076
2024-01-16T17:57:00,COOLING_TEMP_01,85.2726
2024-01-16T17:57:00,COOLING_PRES_01,13.1836
2024-01-16T17:57:00,COOLING_FLOW_01,167.9479
2024-01-16T17:57:00,PRIMARY_PRES_01,163.3941
2024-01-16T17:57:00,PRIMARY_TEMP_01,330.852
2024-01-16T17:57:00,PRIMARY_FLOW_01,432.4272
2024-01-16T17:58:00,COOLING_TEMP_01,85.3406
2024-01-16T17:58:00,COOLING_PRES_01,13.0729
2024-01-16T17:58:00,COOLING_FLOW_01,173.8791
2024-01-16T17:58:00,COOLING_HEAT_01,27.5154
2024-01-16T17:58:00,PRIMARY_PRES_01,162.8924
2024-01-16T17:58:00,PRIMARY_TEMP_01,332.2804
2024-01-16T17:58:00,PRIMARY_FLOW_01,434.9648
2024-01-16T17:58:00,PRIMARY_LEVEL_01,66.1877
2024-01-16T17:59:00,COOLING_TEMP_01,85.1179
2024-01-16T17:59:00,COOLING_PRES_01,13.0786
2024-01-16T17:59:00,COOLING_FLOW_01,172.7585
2024-01-16T17:59:00,PRIMARY_PRES_01,162.8689
2024-01-16T17:59:00,PRIMARY_TEMP_01,329.1689
2024-01-16T17:59:00,PRIMARY_FLOW_01,450.0238
2024-01-16T18:00:00,COOLING_TEMP_01,85.5034
2024-01-16T18:00:00,COOLING_PRES_01,13.0841
2024-01-16T18:00:00,COOLING_FLOW_01,171.2744
2024-01-16T18:00:00,COOLING_HEAT_01,27.4365
2024-01-16T18:00:00,PRIMARY_PRES_01,163.043
2024-01-16T18:00:00,PRIMARY_TEMP_01,330.1462
2024-01-16T18:00:00,PRIMARY_FLOW_01,432.9872
2024-01-16T18:00:00,PRIMARY_LEVEL_01,65.3697
2024-01-16T18:01:00,COOLING_TEMP_01,85.0272
2024-01-16T18:01:00,COOLING_PRES_01,13.1658
2024-01-16T18:01:00,COOLING_FLOW_01,169.4695
2024-01-16T18:01:00,PRIMARY_PRES_01,163.0425
2024-01-16T18:01:00,PRIMARY_TEMP_01,331.8128
2024-01-16T18:01:00,PRIMARY_FLOW_01,438.0611
2024-01-16T18:02:00,COOLING_TEMP_01,85.9816
2024-01-16T18:02:00,COOLING_PRES_01,12.9366
2024-01-16T18:02:00,COOLING_FLOW_01,167.239
2024-01-16T18:02:00,COOLING_HEAT_01,27.3599
2024-01-16T18:02:00,PRIMARY_PRES_01,163.109
2024-01-16T18:02:00,PRIMARY_TEMP_01,331.4654
2024-01-16T18:02:00,PRIMARY_FLOW_01,445.367
2024-01-16T18:02:00,PRIMARY_LEVEL_01,66.1084
2024-01-16T18:03:00,COOLING_TEMP_01,86.4019
2024-01-16T18:03:00,COOLING_PRES_01,13.296
2024-01-16T18:03:00,COOLING_FLOW_01,173.0455
2024-01-16T18:03:00,PRIMARY_PRES_01,163.1667
2024-01-16T18:03:00,PRIMARY_TEMP_01,330.1608
2024-01-16T18:03:00,PRIMARY_FLOW_01,439.3955
2024-01-16T18:04:00,COOLING_TEMP_01,83.6838
2024-01-16T18:04:00,COOLING_PRES_01,13.1152
2024-01-16T18:04:00,COOLING_FLOW_01,170.273
2024-01-16T18:04:00,COOLING_HEAT_01,27.3565
2024-01-16T18:04:00,PRIMARY_PRES_01,163.2918
2024-01-16T18:04:00,PRIMARY_TEMP_01,330.2934
2024-01-16T18:04:00,PRIMARY_FLOW_01,435.0597
2024-01-16T18:04:00,PRIMARY_LEVEL_01,65.9413
2024-01-16T18:05:00,COOLING_TEMP_01,85.0716
2024-01-16T18:05:00,COOLING_PRES_01,13.0472
2024-01-16T18:05:00,COOLING_FLOW_01,171.1677
2024-01-16T18:05:00,PRIMARY_PRES_01,163.2835
2024-01-16T18:05:00,PRIMARY_TEMP_01,330.7527
2024-01-16T18:05:00,PRIMARY_FLOW_01,440.0913
2024-01-16T18:06:00,COOLING_TEMP_01,83.9253
2024-01-16T18:06:00,COOLING_PRES_01,13.2093
2024-01-16T18:06:00,COOLING_FLOW_01,167.4817
2024-01-16T18:06:00,COOLING_HEAT_01,27.9818
2024-01-16T18:06:00,PRIMARY_PRES_01,162.9827
2024-01-16T18:06:00,PRIMARY_TEMP_01,328.9028
2024-01-16T18:06:00,PRIMARY_FLOW_01,443.5449
2024-01-16T18:06:00,PRIMARY_LEVEL_01,66.2481
2024-01-16T18:07:00,COOLING_TEMP_01,85.0075
2024-01-16T18:07:00,COOLING_PRES_01,13.1373
2024-01-16T18:07:00,COOLING_FLOW_01,164.0611
2024-01-16T18:07:00,PRIMARY_PRES_01,162.6076
2024-01-16T18:07:00,PRIMARY_TEMP_01,327.675
2024-01-16T18:07:00,PRIMARY_FLOW_01,434.2109
2024-01-16T18:08:00,COOLING_TEMP_01,84.4105
2024-01-16T18:08:00,COOLING_PRES_01,13.1168
2024-01-16T18:08:00,COOLING_FLOW_01,165.2565
2024-01-16T18:08:00,COOLING_HEAT_01,27.3311
2024-01-16T18:08:00,PRIMARY_PRES_01,163.4155
2024-01-16T18:08:00,PRIMARY_TEMP_01,329.1902
2024-01-16T18:08:00,PRIMARY_FLOW_01,451.8751
2024-01-16T18:08:00,PRIMARY_LEVEL_01,65.3031
2024-01-16T18:09:00,COOLING_TEMP_01,84.916
2024-01-16T18:09:00,COOLING_PRES_01,13.2276
2024-01-16T18:09:00,COOLING_FLOW_01,171.0341
2024-01-16T18:09:00,PRIMARY_PRES_01,163.0305
2024-01-16T18:09:00,PRIMARY_TEMP_01,328.9181
2024-01-16T18:09:00,PRIMARY_FLOW_01,435.213
2024-01-16T18:10:00,COOLING_TEMP_01,84.725
2024-01-16T18:10:00,COOLING_PRES_01,13.1658
2024-01-16T18:10:00,COOLING_FLOW_01,171.0537
2024-01-16T18:10:00,COOLING_HEAT_01,27.3113
2024-01-16T18:10:00,PRIMARY_PRES_01,163.2137
2024-01-16T18:10:00,PRIMARY_TEMP_01,327.8962
2024-01-16T18:10:00,PRIMARY_FLOW_01,440.012
2024-01-16T18:10:00,PRIMARY_LEVEL_01,66.1613
2024-01-16T18:11:00,COOLING_TEMP_01,84.3062
2024-01-16T18:11:00,COOLING_PRES_01,13.102
2024-01-16T18:11:00,COOLING_FLOW_01,164.7382
2024-01-16T18:11:00,PRIMARY_PRES_01,162.7004
2024-01-16T18:11:00,PRIMARY_TEMP_01,330.1994
2024-01-16T18:11:00,PRIMARY_FLOW_01,432.7058
2024-01-16T18:12:00,COOLING_TEMP_01,85.9502
2024-01-16T18:12:00,COOLING_PRES_01,13.2529
2024-01-16T18:12:00,COOLING_FLOW_01,170.4683
2024-01-16T18:12:00,COOLING_HEAT_01,27.6847
2024-01-16T18:12:00,PRIMARY_PRES_01,162.8361
2024-01-16T18:12:00,PRIMARY_TEMP_01,331.7848
2024-01-16T18:12:00,PRIMARY_FLOW_01,436.016
2024-01-16T18:12:00,PRIMARY_LEVEL_01,65.403
2024-01-16T18:13:00,COOLING_TEMP_01,85.6336
2024-01-16T18:13:00,COOLING_PRES_01,13.1234
2024-01-16T18:13:00,COOLING_FLOW_01,166.6145
2024-01-16T18:13:00,PRIMARY_PRES_01,162.8911
2024-01-16T18:13:00,PRIMARY_TEMP_01,330.1082
2024-01-16T18:13:00,PRIMARY_FLOW_01,438.3488
2024-01-16T18:14:00,COOLING_TEMP_01,84.5771
2024-01-16T18:14:00,COOLING_PRES_01,13.085
2024-01-16T18:14:00,COOLING_FLOW_01,167.3274
2024-01-16T18:14:00,COOLING_HEAT_01,27.8299
2024-01-16T18:14:00,PRIMARY_PRES_01,162.9652
2024-01-16T18:14:00,PRIMARY_TEMP_01,330.4157
2024-01-16T18:14:00,PRIMARY_FLOW_01,437.2638
2024-01-16T18:14:00,PRIMARY_LEVEL_01,65.7304
2024-01-16T18:15:00,COOLING_TEMP_01,85.7538
2024-01-16T18:15:00,COOLING_PRES_01,13.3093
2024-01-16T18:15:00,COOLING_FLOW_01,175.8313
2024-01-16T18:15:00,PRIMARY_PRES_01,162.9533
2024-01-16T18:15:00,PRIMARY_TEMP_01,328.9753
2024-01-16T18:15:00,PRIMARY_FLOW_01,425.6421
2024-01-16T18:16:00,COOLING_TEMP_01,85.5232
2024-01-16T18:16:00,COOLING_PRES_01,13.2416
2024-01-16T18:16:00,COOLING_FLOW_01,170.3354
2024-01-16T18:16:00,COOLING_HEAT_01,26.9322
2024-01-16T18:16:00,PRIMARY_PRES_01,162.773
2024-01-16T18:16:00,PRIMARY_TEMP_01,330.1387
2024-01-16T18:16:00,PRIMARY_FLOW_01,438.9558
2024-01-16T18:16:00,PRIMARY_LEVEL_01,66.2737
2024-01-16T18:17:00,COOLING_TEMP_01,86.0323
2024-01-16T18:17:00,COOLING_PRES_01,13.3768
2024-01-16T18:17:00,COOLING_FLOW_01,165.3881
2024-01-16T18:17:00,PRIMARY_PRES_01,163.0838
2024-01-16T18:17:00,PRIMARY_TEMP_01,326.1784
2024-01-16T18:17:00,PRIMARY_FLOW_01,446.4226
2024-01-16T18:18:00,COOLING_TEMP_01,85.8488
2024-01-16T18:18:00,COOLING_PRES_01,13.2087
2024-01-16T18:18:00,COOLING_FLOW_01,175.9648
2024-01-16T18:18:00,COOLING_HEAT_01,27.3854
2024-01-16T18:18:00,PRIMARY_PRES_01,163.5389
2024-01-16T18:18:00,PRIMARY_TEMP_01,331.5553
2024-01-16T18:18:00,PRIMARY_FLOW_01,439.182
2024-01-16T18:18:00,PRIMARY_LEVEL_01,65.635
2024-01-16T18:19:00,COOLING_TEMP_01,84.7863
2024-01-16T18:19:00,COOLING_PRES_01,13.469
2024-01-16T18:19:00,COOLING_FLOW_01,174.7332
2024-01-16T18:19:00,PRIMARY_PRES_01,162.5959
2024-01-16T18:19:00,PRIMARY_TEMP_01,329.0467
2024-01-16T18:19:00,PRIMARY_FLOW_01,438.2012
2024-01-16T18:20:00,COOLING_TEMP_01,84.3223
2024-01-16T18:20:00,COOLING_PRES_01,13.3327
2024-01-16T18:20:00,COOLING_FLOW_01,167.9656
2024-01-16T18:20:00,COOLING_HEAT_01,27.4285
2024-01-16T18:20:00,PRIMARY_PRES_01,162.8105
2024-01-16T18:20:00,PRIMARY_TEMP_01,329.5284
2024-01-16T18:20:00,PRIMARY_FLOW_01,435.0214
2024-01-16T18:20:00,PRIMARY_LEVEL_01,65.9825
2024-01-16T18:21:00,COOLING_TEMP_01,85.5967
2024-01-16T18:21:00,COOLING_PRES_01,13.5439
2024-01-16T18:21:00,COOLING_FLOW_01,173.0696
2024-01-16T18:21:00,PRIMARY_PRES_01,162.899
2024-01-16T18:21:00,PRIMARY_TEMP_01,328.5017
2024-01-16T18:21:00,PRIMARY_FLOW_01,442.8228
2024-01-16T18:22:00,COOLING_TEMP_01,85.0988
2024-01-16T18:22:00,COOLING_PRES_01,13.2213
2024-01-16T18:22:00,COOLING_FLOW_01,177.8512
2024-01-16T18:22:00,COOLING_HEAT_01,27.4906
2024-01-16T18:22:00,PRIMARY_PRES_01,163.086
2024-01-16T18:22:00,PRIMARY_TEMP_01,331.9599
2024-01-16T18:22:00,PRIMARY_FLOW_01,450.0219
2024-01-16T18:22:00,PRIMARY_LEVEL_01,65.025
2024-01-16T18:23:00,COOLING_TEMP_01,85.3239
2024-01-16T18:23:00,COOLING_PRES_01,13.3101
2024-01-16T18:23:00,COOLING_FLOW_01,169.3083
2024-01-16T18:23:00,PRIMARY_PRES_01,162.8602
2024-01-16T18:23:00,PRIMARY_TEMP_01,332.0348
2024-01-16T18:23:00,PRIMARY_FLOW_01,439.7829
2024-01-16T18:24:00,COOLING_TEMP_01,85.0243
2024-01-16T18:24:00,COOLING_PRES_01,13.3793
2024-01-16T18:24:00,COOLING_FLOW_01,168.0688
2024-01-16T18:24:00,COOLING_HEAT_01,27.0825
2024-01-16T18:24:00,PRIMARY_PRES_01,162.8446
2024-01-16T18:24:00,PRIMARY_TEMP_01,329.2038
2024-01-16T18:24:00,PRIMARY_FLOW_01,430.7218
2024-01-16T18:24:00,PRIMARY_LEVEL_01,65.9402
2024-01-16T18:25:00,COOLING_TEMP_01,84.4247
2024-01-16T18:25:00,COOLING_PRES_01,13.1107
2024-01-16T18:25:00,COOLING_FLOW_01,162.4255
2024-01-16T18:25:00,PRIMARY_PRES_01,162.4064
2024-01-16T18:25:00,PRIMARY_TEMP_01,330.9172
2024-01-16T18:25:00,PRIMARY_FLOW_01,447.8791
2024-01-16T18:26:00,COOLING_TEMP_01,85.5735
2024-01-16T18:26:00,COOLING_PRES_01,13.3209
2024-01-16T18:26:00,COOLING_FLOW_01,165.8634
2024-01-16T18:26:00,COOLING_HEAT_01,27.7365
2024-01-16T18:26:00,PRIMARY_PRES_01,163.4189
2024-01-16T18:26:00,PRIMARY_TEMP_01,329.8762
2024-01-16T18:26:00,PRIMARY_FLOW_01,437.102
2024-01-16T18:26:00,PRIMARY_LEVEL_01,66.1624
2024-01-16T18:27:00,COOLING_TEMP_01,85.8144
2024-01-16T18:27:00,COOLING_PRES_01,13.1596
2024-01-16T18:27:00,COOLING_FLOW_01,165.6802
2024-01-16T18:27:00,PRIMARY_PRES_01,162.9154
2024-01-16T18:27:00,PRIMARY_TEMP_01,331.5289
2024-01-16T18:27:00,PRIMARY_FLOW_01,437.8493
2024-01-16T18:28:00,COOLING_TEMP_01,83.7182
2024-01-16T18:28:00,COOLING_PRES_01,13.3849
2024-01-16T18:28:00,COOLING_FLOW_01,175.7709
2024-01-16T18:28:00,COOLING_HEAT_01,27.6846
2024-01-16T18:28:00,PRIMARY_PRES_01,163.3581
2024-01-16T18:28:00,PRIMARY_TEMP_01,329.423
2024-01-16T18:28:00,PRIMARY_FLOW_01,424.5139
2024-01-16T18:28:00,PRIMARY_LEVEL_01,65.1523
2024-01-16T18:29:00,COOLING_TEMP_01,83.5815
2024-01-16T18:29:00,COOLING_PRES_01,13.1682
2024-01-16T18:29:00,COOLING_FLOW_01,169.1784
2024-01-16T18:29:00,PRIMARY_PRES_01,163.2665
2024-01-16T18:29:00,PRIMARY_TEMP_01,329.0114
2024-01-16T18:29:00,PRIMARY_FLOW_01,444.1742
2024-01-16T18:30:00,COOLING_TEMP_01,85.1756
2024-01-16T18:30:00,COOLING_PRES_01,13.2189
2024-01-16T18:30:00,COOLING_FLOW_01,166.1513
2024-01-16T18:30:00,COOLING_HEAT_01,27.0264
2024-01-16T18:30:00,PRIMARY_PRES_01,163.3936
2024-01-16T18:30:00,PRIMARY_TEMP_01,329.5241
2024-01-16T18:30:00,PRIMARY_FLOW_01,437.042
2024-01-16T18:30:00,PRIMARY_LEVEL_01,66.5102
2024-01-16T18:31:00,COOLING_TEMP_01,86.5247
2024-01-16T18:31:00,COOLING_PRES_01,13.1839
2024-01-16T18:31:00,COOLING_FLOW_01,174.9419
2024-01-16T18:31:00,PRIMARY_PRES_01,163.5218
2024-01-16T18:31:00,PRIMARY_TEMP_01,327.7402
2024-01-16T18:31:00,PRIMARY_FLOW_01,444.4486
2024-01-16T18:32:00,COOLING_TEMP_01,85.9569
2024-01-16T18:32:00,COOLING_PRES_01,13.202
2024-01-16T18:32:00,COOLING_FLOW_01,166.4142
2024-01-16T18:32:00,COOLING_HEAT_01,27.8123
2024-01-16T18:32:00,PRIMARY_PRES_01,163.1066
2024-01-16T18:32:00,PRIMARY_TEMP_01,331.2284
2024-01-16T18:32:00,PRIMARY_FLOW_01,444.4428
2024-01-16T18:32:00,PRIMARY_LEVEL_01,65.9656
2024-01-16T18:33:00,COOLING_TEMP_01,84.5716
2024-01-16T18:33:00,COOLING_PRES_01,13.1056
2024-01-16T18:33:00,COOLING_FLOW_01,163.5619
2024-01-16T18:33:00,PRIMARY_PRES_01,162.9999
2024-01-16T18:33:00,PRIMARY_TEMP_01,334.2051
2024-01-16T18:33:00,PRIMARY_FLOW_01,431.1505
2024-01-16T18:34:00,COOLING_TEMP_01,84.3018
2024-01-16T18:34:00,COOLING_PRES_01,13.2707
2024-01-16T18:34:00,COOLING_FLOW_01,168.5542
2024-01-16T18:34:00,COOLING_HEAT_01,28.1254
2024-01-16T18:34:00,PRIMARY_PRES_01,162.855
2024-01-16T18:34:00,PRIMARY_TEMP_01,332.0206
2024-01-16T18:34:00,PRIMARY_FLOW_01,440.441
2024-01-16T18:34:00,PRIMARY_LEVEL_01,66.1337
2024-01-16T18:35:00,COOLING_TEMP_01,84.4994
2024-01-16T18:35:00,COOLING_PRES_01,12.9855
2024-01-16T18:35:00,COOLING_FLOW_01,171.4212
2024-01-16T18:35:00,PRIMARY_PRES_01,162.8451
2024-01-16T18:35:00,PRIMARY_TEMP_01,329.1801
2024-01-16T18:35:00,PRIMARY_FLOW_01,433.5765
2024-01-16T18:36:00,COOLING_TEMP_01,85.0726
2024-01-16T18:36:00,COOLING_PRES_01,13.2477
2024-01-16T18:36:00,COOLING_FLOW_01,170.4082
2024-01-16T18:36:00,COOLING_HEAT_01,27.1979
2024-01-16T18:36:00,PRIMARY_PRES_01,163.0324
2024-01-16T18:36:00,PRIMARY_TEMP_01,330.6136
2024-01-16T18:36:00,PRIMARY_FLOW_01,440.8101
2024-01-16T18:36:00,PRIMARY_LEVEL_01,65.5198
2024-01-16T18:37:00,COOLING_TEMP_01,84.335
2024-01-16T18:37:00,COOLING_PRES_01,13.2706
2024-01-16T18:37:00,COOLING_FLOW_01,168.4095
2024-01-16T18:37:00,PRIMARY_PRES_01,163.1712
2024-01-16T18:37:00,PRIMARY_TEMP_01,330.4424
2024-01-16T18:37:00,PRIMARY_FLOW_01,438.6218
2024-01-16T18:38:00,COOLING_TEMP_01,84.3949
2024-01-16T18:38:00,COOLING_PRES_01,13.3522
2024-01-16T18:38:00,COOLING_FLOW_01,167.0321
2024-01-16T18:38:00,COOLING_HEAT_01,27.4603
2024-01-16T18:38:00,PRIMARY_PRES_01,162.9097
2024-01-16T18:38:00,PRIMARY_TEMP_01,331.4607
2024-01-16T18:38:00,PRIMARY_FLOW_01,434.8723
2024-01-16T18:38:00,PRIMARY_LEVEL_01,65.4177
2024-01-16T18:39:00,COOLING_TEMP_01,85.0893
2024-01-16T18:39:00,COOLING_PRES_01,13.5387
2024-01-16T18:39:00,COOLING_FLOW_01,164.0715
2024-01-16T18:39:00,PRIMARY_PRES_01,162.9953
2024-01-16T18:39:00,PRIMARY_TEMP_01,329.6255
2024-01-16T18:39:00,PRIMARY_FLOW_01,445.5528
2024-01-16T18:40:00,COOLING_TEMP_01,84.9475
2024-01-16T18:40:00,COOLING_PRES_01,13.0144
2024-01-16T18:40:00,COOLING_FLOW_01,170.6404
2024-01-16T18:40:00,COOLING_HEAT_01,27.4954
2024-01-16T18:40:00,PRIMARY_PRES_01,163.4851
2024-01-16T18:40:00,PRIMARY_TEMP_01,330.2866
2024-01-16T18:40:00,PRIMARY_FLOW_01,441.5963
2024-01-16T18:40:00,PRIMARY_LEVEL_01,66.4422
2024-01-16T18:41:00,COOLING_TEMP_01,85.0439
2024-01-16T18:41:00,COOLING_PRES_01,13.1279
2024-01-16T18:41:00,COOLING_FLOW_01,167.2282
2024-01-16T18:41:00,PRIMARY_PRES_01,162.8182
2024-01-16T18:41:00,PRIMARY_TEMP_01,330.2287
2024-01-16T18:41:00,PRIMARY_FLOW_01,433.8564
2024-01-16T18:42:00,COOLING_TEMP_01,86.1053
2024-01-16T18:42:00,COOLING_PRES_01,13.1957
2024-01-16T18:42:00,COOLING_FLOW_01,166.4317
2024-01-16T18:42:00,COOLING_HEAT_01,27.5301
2024-01-16T18:42:00,PRIMARY_PRES_01,163.1747
2024-01-16T18:42:00,PRIMARY_TEMP_01,331.2328
2024-01-16T18:42:00,PRIMARY_FLOW_01,433.2232
2024-01-16T18:42:00,PRIMARY_LEVEL_01,66.1908
2024-01-16T18:43:00,COOLING_TEMP_01,84.4627
2024-01-16T18:43:00,COOLING_PRES_01,13.2966
2024-01-16T18:43:00,COOLING_FLOW_01,171.7594
2024-01-16T18:43:00,PRIMARY_PRES_01,163.1253
2024-01-16T18:43:00,PRIMARY_TEMP_01,328.1838
2024-01-16T18:43:00,PRIMARY_FLOW_01,442.0273
2024-01-16T18:44:00,COOLING_TEMP_01,85.7314
2024-01-16T18:44:00,COOLING_PRES_01,13.1892
2024-01-16T18:44:00,COOLING_FLOW_01,171.3169
2024-01-16T18:44:00,COOLING_HEAT_01,27.2509
2024-01-16T18:44:00,PRIMARY_PRES_01,163.4971
2024-01-16T18:44:00,PRIMARY_TEMP_01,329.6551
2024-01-16T18:44:00,PRIMARY_FLOW_01,440.0939
2024-01-16T18:44:00,PRIMARY_LEVEL_01,65.9563
2024-01-16T18:45:00,COOLING_TEMP_01,85.2624
2024-01-16T18:45:00,COOLING_PRES_01,13.2298
2024-01-16T18:45:00,COOLING_FLOW_01,167.6063
2024-01-16T18:45:00,PRIMARY_PRES_01,163.1846
2024-01-16T18:45:00,PRIMARY_TEMP_01,328.8949
2024-01-16T18:45:00,PRIMARY_FLOW_01,427.6861
2024-01-16T18:46:00,COOLING_TEMP_01,83.9917
2024-01-16T18:46:00,COOLING_PRES_01,13.361
2024-01-16T18:46:00,COOLING_FLOW_01,170.7543
2024-01-16T18:46:00,COOLING_HEAT_01,27.4534
2024-01-16T18:46:00,PRIMARY_PRES_01,162.8453
2024-01-16T18:46:00,PRIMARY_TEMP_01,330.0578
2024-01-16T18:46:00,PRIMARY_FLOW_01,447.9287
2024-01-16T18:46:00,PRIMARY_LEVEL_01,66.3947
2024-01-16T18:47:00,COOLING_TEMP_01,86.126
2024-01-16T18:47:00,COOLING_PRES_01,13.3104
2024-01-16T18:47:00,COOLING_FLOW_01,168.5467
2024-01-16T18:47:00,PRIMARY_PRES_01,163.3836
2024-01-16T18:47:00,PRIMARY_TEMP_01,331.1694
2024-01-16T18:47:00,PRIMARY_FLOW_01,443.5078
2024-01-16T18:48:00,COOLING_TEMP_01,85.5518
2024-01-16T18:48:00,COOLING_PRES_01,13.3119
2024-01-16T18:48:00,COOLING_FLOW_01,165.05
2024-01-16T18:48:00,COOLING_HEAT_01,27.4108
2024-01-16T18:48:00,PRIMARY_PRES_01,162.7916
2024-01-16T18:48:00,PRIMARY_TEMP_01,331.297
2024-01-16T18:48:00,PRIMARY_FLOW_01,447.3712
2024-01-16T18:48:00,PRIMARY_LEVEL_01,65.2727
2024-01-16T18:49:00,COOLING_TEMP_01,84.4347
2024-01-16T18:49:00,COOLING_PRES_01,13.0485
2024-01-16T18:49:00,COOLING_FLOW_01,165.7838
2024-01-16T18:49:00,PRIMARY_PRES_01,163.1464
2024-01-16T18:49:00,PRIMARY_TEMP_01,330.0722
2024-01-16T18:49:00,PRIMARY_FLOW_01,449.1767
2024-01-16T18:50:00,COOLING_TEMP_01,85.6126
2024-01-16T18:50:00,COOLING_PRES_01,13.3602
2024-01-16T18:50:00,COOLING_FLOW_01,169.5077
2024-01-16T18:50:00,COOLING_HEAT_01,27.8415
2024-01-16T18:50:00,PRIMARY_PRES_01,163.0715
2024-01-16T18:50:00,PRIMARY_TEMP_01,329.4952
2024-01-16T18:50:00,PRIMARY_FLOW_01,442.5107
2024-01-16T18:50:00,PRIMARY_LEVEL_01,65.6108
2024-01-16T18:51:00,COOLING_TEMP_01,84.8183
2024-01-16T18:51:00,COOLING_PRES_01,13.1302
2024-01-16T18:51:00,COOLING_FLOW_01,176.5944
2024-01-16T18:51:00,PRIMARY_PRES_01,163.2674
2024-01-16T18:51:00,PRIMARY_TEMP_01,331.9363
2024-01-16T18:51:00,PRIMARY_FLOW_01,433.1543
2024-01-16T18:52:00,COOLING_TEMP_01,84.9162
2024-01-16T18:52:00,COOLING_PRES_01,13.2814
2024-01-16T18:52:00,COOLING_FLOW_01,169.624
2024-01-16T18:52:00,COOLING_HEAT_01,27.7213
2024-01-16T18:52:00,PRIMARY_PRES_01,163.1284
2024-01-16T18:52:00,PRIMARY_TEMP_01,329.4693
2024-01-16T18:52:00,PRIMARY_FLOW_01,445.3873
2024-01-16T18:52:00,PRIMARY_LEVEL_01,67.131
2024-01-16T18:53:00,COOLING_TEMP_01,85.6161
2024-01-16T18:53:00,COOLING_PRES_01,13.1372
2024-01-16T18:53:00,COOLING_FLOW_01,170.9116
2024-01-16T18:53:00,PRIMARY_PRES_01,162.8951
2024-01-16T18:53:00,PRIMARY_TEMP_01,328.038
2024-01-16T18:53:00,PRIMARY_FLOW_01,432.7265
2024-01-16T18:54:00,COOLING_TEMP_01,85.8822
2024-01-16T18:54:00,COOLING_PRES_01,13.1844
2024-01-16T18:54:00,COOLING_FLOW_01,170.675
2024-01-16T18:54:00,COOLING_HEAT_01,27.4565
2024-01-16T18:54:00,PRIMARY_PRES_01,163.259
2024-01-16T18:54:00,PRIMARY_TEMP_01,329.3498
2024-01-16T18:54:00,PRIMARY_FLOW_01,449.0558
2024-01-16T18:54:00,PRIMARY_LEVEL_01,65.9044
2024-01-16T18:55:00,COOLING_TEMP_01,85.225
2024-01-16T18:55:00,COOLING_PRES_01,13.402
2024-01-16T18:55:00,COOLING_FLOW_01,171.4457
2024-01-16T18:55:00,PRIMARY_PRES_01,162.9543
2024-01-16T18:55:00,PRIMARY_TEMP_01,328.9375
2024-01-16T18:55:00,PRIMARY_FLOW_01,439.0575
2024-01-16T18:56:00,COOLING_TEMP_01,85.0831
2024-01-16T18:56:00,COOLING_PRES_01,13.2195
2024-01-16T18:56:00,COOLING_FLOW_01,169.8697
2024-01-16T18:56:00,COOLING_HEAT_01,28.1547
2024-01-16T18:56:00,PRIMARY_PRES_01,162.8567
2024-01-16T18:56:00,PRIMARY_TEMP_01,328.7974
2024-01-16T18:56:00,PRIMARY_FLOW_01,443.618
2024-01-16T18:56:00,PRIMARY_LEVEL_01,66.1418
2024-01-16T18:57:00,COOLING_TEMP_01,84.2594
2024-01-16T18:57:00,COOLING_PRES_01,13.0903
2024-01-16T18:57:00,COOLING_FLOW_01,168.1907
2024-01-16T18:57:00,PRIMARY_PRES_01,163.1123
2024-01-16T18:57:00,PRIMARY_TEMP_01,327.7479
2024-01-16T18:57:00,PRIMARY_FLOW_01,443.1222
2024-01-16T18:58:00,COOLING_TEMP_01,84.9938
2024-01-16T18:58:00,COOLING_PRES_01,13.262
2024-01-16T18:58:00,COOLING_FLOW_01,168.7881
2024-01-16T18:58:00,COOLING_HEAT_01,27.3371
2024-01-16T18:58:00,PRIMARY_PRES_01,163.2454
2024-01-16T18:58:00,PRIMARY_TEMP_01,327.2237
2024-01-16T18:58:00,PRIMARY_FLOW_01,437.3019
2024-01-16T18:58:00,PRIMARY_LEVEL_01,65.9278
2024-01-16T18:59:00,COOLING_TEMP_01,84.9683
2024-01-16T18:59:00,COOLING_PRES_01,13.0169
2024-01-16T18:59:00,COOLING_FLOW_01,174.8011
2024-01-16T18:59:00,PRIMARY_PRES_01,162.9708
2024-01-16T18:59:00,PRIMARY_TEMP_01,332.1407
2024-01-16T18:59:00,PRIMARY_FLOW_01,430.4733
2024-01-16T19:00:00,COOLING_TEMP_01,85.0213
2024-01-16T19:00:00,COOLING_PRES_01,13.1912
2024-01-16T19:00:00,COOLING_FLOW_01,176.0251
2024-01-16T19:00:00,COOLING_HEAT_01,28.1967
2024-01-16T19:00:00,PRIMARY_PRES_01,162.7599
2024-01-16T19:00:00,PRIMARY_TEMP_01,330.4212
2024-01-16T19:00:00,PRIMARY_FLOW_01,435.3565
2024-01-16T19:00:00,PRIMARY_LEVEL_01,65.9611
2024-01-16T19:01:00,COOLING_TEMP_01,85.6685
2024-01-16T19:01:00,COOLING_PRES_01,13.1746
2024-01-16T19:01:00,COOLING_FLOW_01,170.1149
2024-01-16T19:01:00,PRIMARY_PRES_01,163.0715
2024-01-16T19:01:00,PRIMARY_TEMP_01,329.5298
2024-01-16T19:01:00,PRIMARY_FLOW_01,437.2261
2024-01-16T19:02:00,COOLING_TEMP_01,84.4317
2024-01-16T19:02:00,COOLING_PRES_01,13.2012
2024-01-16T19:02:00,COOLING_FLOW_01,166.742
2024-01-16T19:02:00,COOLING_HEAT_01,27.0947
2024-01-16T19:02:00,PRIMARY_PRES_01,163.0485
2024-01-16T19:02:00,PRIMARY_TEMP_01,332.2427
2024-01-16T19:02:00,PRIMARY_FLOW_01,440.5931
2024-01-16T19:02:00,PRIMARY_LEVEL_01,66.0853
2024-01-16T19:03:00,COOLING_TEMP_01,84.4804
2024-01-16T19:03:00,COOLING_PRES_01,13.2441
2024-01-16T19:03:00,COOLING_FLOW_01,168.6111
2024-01-16T19:03:00,PRIMARY_PRES_01,163.2391
2024-01-16T19:03:00,PRIMARY_TEMP_01,328.2941
2024-01-16T19:03:00,PRIMARY_FLOW_01,433.6992
2024-01-16T19:04:00,COOLING_TEMP_01,85.17
2024-01-16T19:04:00,COOLING_PRES_01,13.0298
2024-01-16T19:04:00,COOLING_FLOW_01,169.0148
2024-01-16T19:04:00,COOLING_HEAT_01,27.7247
2024-01-16T19:04:00,PRIMARY_PRES_01,164.0081
2024-01-16T19:04:00,PRIMARY_TEMP_01,327.7086
2024-01-16T19:04:00,PRIMARY_FLOW_01,444.3578
2024-01-16T19:04:00,PRIMARY_LEVEL_01,65.4128
2024-01-16T19:05:00,COOLING_TEMP_01,84.9289
2024-01-16T19:05:00,COOLING_PRES_01,13.0537
2024-01-16T19:05:00,COOLING_FLOW_01,176.2334
2024-01-16T19:05:00,PRIMARY_PRES_01,162.9654
2024-01-16T19:05:00,PRIMARY_TEMP_01,328.6007
2024-01-16T19:05:00,PRIMARY_FLOW_01,442.6221
2024-01-16T19:06:00,COOLING_TEMP_01,84.433
2024-01-16T19:06:00,COOLING_PRES_01,13.0127
2024-01-16T19:06:00,COOLING_FLOW_01,170.7041
2024-01-16T19:06:00,COOLING_HEAT_01,27.5104
2024-01-16T19:06:00,PRIMARY_PRES_01,163.0032
2024-01-16T19:06:00,PRIMARY_TEMP_01,328.7424
2024-01-16T19:06:00,PRIMARY_FLOW_01,445.4807
2024-01-16T19:06:00,PRIMARY_LEVEL_01,65.1572
2024-01-16T19:07:00,COOLING_TEMP_01,84.4364
2024-01-16T19:07:00,COOLING_PRES_01,13.0952
2024-01-16T19:07:00,COOLING_FLOW_01,171.8719
2024-01-16T19:07:00,PRIMARY_PRES_01,163.6362
2024-01-16T19:07:00,PRIMARY_TEMP_01,327.8986
2024-01-16T19:07:00,PRIMARY_FLOW_01,429.4762
2024-01-16T19:08:00,COOLING_TEMP_01,84.9615
2024-01-16T19:08:00,COOLING_PRES_01,13.1749
2024-01-16T19:08:00,COOLING_FLOW_01,174.9097
2024-01-16T19:08:00,COOLING_HEAT_01,27.1024
2024-01-16T19:08:00,PRIMARY_PRES_01,163.076
2024-01-16T19:08:00,PRIMARY_TEMP_01,330.9495
2024-01-16T19:08:00,PRIMARY_FLOW_01,436.1037
2024-01-16T19:08:00,PRIMARY_LEVEL_01,66.6447
2024-01-16T19:09:00,COOLING_TEMP_01,85.9803
2024-01-16T19:09:00,COOLING_PRES_01,13.2186
2024-01-16T19:09:00,COOLING_FLOW_01,177.9645
2024-01-16T19:09:00,PRIMARY_PRES_01,162.5271
2024-01-16T19:09:00,PRIMARY_TEMP_01,329.8724
2024-01-16T19:09:00,PRIMARY_FLOW_01,441.6226
2024-01-16T19:10:00,COOLING_TEMP_01,84.8614
2024-01-16T19:10:00,COOLING_PRES_01,13.2627
2024-01-16T19:10:00,COOLING_FLOW_01,172.2577
2024-01-16T19:10:00,COOLING_HEAT_01,27.2916
2024-01-16T19:10:00,PRIMARY_PRES_01,162.9455
2024-01-16T19:10:00,PRIMARY_TEMP_01,328.5962
2024-01-16T19:10:00,PRIMARY_FLOW_01,439.5956
2024-01-16T19:10:00,PRIMARY_LEVEL_01,66.5676
2024-01-16T19:11:00,COOLING_TEMP_01,84.4455
2024-01-16T19:11:00,COOLING_PRES_01,13.0358
2024-01-16T19:11:00,COOLING_FLOW_01,174.1933
2024-01-16T19:11:00,PRIMARY_PRES_01,163.3269
2024-01-16T19:11:00,PRIMARY_TEMP_01,329.2711
2024-01-16T19:11:00,PRIMARY_FLOW_01,441.8557
2024-01-16T19:12:00,COOLING_TEMP_01,85.1083
2024-01-16T19:12:00,COOLING_PRES_01,12.9819
2024-01-16T19:12:00,COOLING_FLOW_01,167.8249
2024-01-16T19:12:00,COOLING_HEAT_01,27.4312
2024-01-16T19:12:00,PRIMARY_PRES_01,162.9806
2024-01-16T19:12:00,PRIMARY_TEMP_01,329.1205
2024-01-16T19:12:00,PRIMARY_FLOW_01,429.6514
2024-01-16T19:12:00,PRIMARY_LEVEL_01,65.1175
2024-01-16T19:13:00,COOLING_TEMP_01,84.4656
2024-01-16T19:13:00,COOLING_PRES_01,13.1381
2024-01-16T19:13:00,COOLING_FLOW_01,175.9802
2024-01-16T19:13:00,PRIMARY_PRES_01,162.8577
2024-01-16T19:13:00,PRIMARY_TEMP_01,330.07
2024-01-16T19:13:00,PRIMARY_FLOW_01,449.9469
2024-01-16T19:14:00,COOLING_TEMP_01,84.9397
2024-01-16T19:14:00,COOLING_PRES_01,13.1956
2024-01-16T19:14:00,COOLING_FLOW_01,169.257
2024-01-16T19:14:00,COOLING_HEAT_01,27.7668
2024-01-16T19:14:00,PRIMARY_PRES_01,162.9203
2024-01-16T19:14:00,PRIMARY_TEMP_01,330.3174
2024-01-16T19:14:00,PRIMARY_FLOW_01,444.0968
2024-01-16T19:14:00,PRIMARY_LEVEL_01,65.8573
2024-01-16T19:15:00,COOLING_TEMP_01,85.08
2024-01-16T19:15:00,COOLING_PRES_01,13.3778
2024-01-16T19:15:00,COOLING_FLOW_01,168.3056
2024-01-16T19:15:00,PRIMARY_PRES_01,162.8668
2024-01-16T19:15:00,PRIMARY_TEMP_01,330.0704
2024-01-16T19:15:00,PRIMARY_FLOW_01,452.4645
2024-01-16T19:16:00,COOLING_TEMP_01,84.7835
2024-01-16T19:16:00,COOLING_PRES_01,13.0421
2024-01-16T19:16:00,COOLING_FLOW_01,174.047
2024-01-16T19:16:00,COOLING_HEAT_01,27.7479
2024-01-16T19:16:00,PRIMARY_PRES_01,162.6401
2024-01-16T19:16:00,PRIMARY_TEMP_01,330.4583
2024-01-16T19:16:00,PRIMARY_FLOW_01,426.2542
2024-01-16T19:16:00,PRIMARY_LEVEL_01,66.3495
2024-01-16T19:17:00,COOLING_TEMP_01,84.5114
2024-01-16T19:17:00,COOLING_PRES_01,13.1174
2024-01-16T19:17:00,COOLING_FLOW_01,169.6388
2024-01-16T19:17:00,PRIMARY_PRES_01,162.552
2024-01-16T19:17:00,PRIMARY_TEMP_01,331.3205
2024-01-16T19:17:00,PRIMARY_FLOW_01,439.7531
2024-01-16T19:18:00,COOLING_TEMP_01,84.2622
2024-01-16T19:18:00,COOLING_PRES_01,13.3514
2024-01-16T19:18:00,COOLING_FLOW_01,167.9608
2024-01-16T19:18:00,COOLING_HEAT_01,27.0023
2024-01-16T19:18:00,PRIMARY_PRES_01,163.3578
2024-01-16T19:18:00,PRIMARY_TEMP_01,329.2236
2024-01-16T19:18:00,PRIMARY_FLOW_01,440.8849
2024-01-16T19:18:00,PRIMARY_LEVEL_01,64.8482
2024-01-16T19:19:00,COOLING_TEMP_01,84.3949
2024-01-16T19:19:00,COOLING_PRES_01,13.3289
2024-01-16T19:19:00,COOLING_FLOW_01,169.7443
2024-01-16T19:19:00,PRIMARY_PRES_01,163.0093
2024-01-16T19:19:00,PRIMARY_TEMP_01,331.3813
2024-01-16T19:19:00,PRIMARY_FLOW_01,445.8469
2024-01-16T19:20:00,COOLING_TEMP_01,86.302
2024-01-16T19:20:00,COOLING_PRES_01,13.176
2024-01-16T19:20:00,COOLING_FLOW_01,166.815
2024-01-16T19:20:00,COOLING_HEAT_01,27.7985
2024-01-16T19:20:00,PRIMARY_PRES_01,163.5457
2024-01-16T19:20:00,PRIMARY_TEMP_01,330.621
2024-01-16T19:20:00,PRIMARY_FLOW_01,449.6724
2024-01-16T19:20:00,PRIMARY_LEVEL_01,65.0985
2024-01-16T19:21:00,COOLING_TEMP_01,85.0838
2024-01-16T19:21:00,COOLING_PRES_01,13.2618
2024-01-16T19:21:00,COOLING_FLOW_01,167.6953
2024-01-16T19:21:00,PRIMARY_PRES_01,163.048
2024-01-16T19:21:00,PRIMARY_TEMP_01,326.9573
2024-01-16T19:21:00,PRIMARY_FLOW_01,437.4085
2024-01-16T19:22:00,COOLING_TEMP_01,84.8635
2024-01-16T19:22:00,COOLING_PRES_01,13.0346
2024-01-16T19:22:00,COOLING_FLOW_01,173.173
2024-01-16T19:22:00,COOLING_HEAT_01,27.3873
2024-01-16T19:22:00,PRIMARY_PRES_01,163.4466
2024-01-16T19:22:00,PRIMARY_TEMP_01,329.457
2024-01-16T19:22:00,PRIMARY_FLOW_01,444.597
2024-01-16T19:22:00,PRIMARY_LEVEL_01,66.3844
2024-01-16T19:23:00,COOLING_TEMP_01,85.5102
2024-01-16T19:23:00,COOLING_PRES_01,13.2134
2024-01-16T19:23:00,COOLING_FLOW_01,169.9946
2024-01-16T19:23:00,PRIMARY_PRES_01,163.0578
2024-01-16T19:23:00,PRIMARY_TEMP_01,330.2229
2024-01-16T19:23:00,PRIMARY_FLOW_01,438.5181
2024-01-16T19:24:00,COOLING_TEMP_01,85.2691
2024-01-16T19:24:00,COOLING_PRES_01,13.4539
2024-01-16T19:24:00,COOLING_FLOW_01,171.2425
2024-01-16T19:24:00,COOLING_HEAT_01,27.46
2024-01-16T19:24:00,PRIMARY_PRES_01,162.9996
2024-01-16T19:24:00,PRIMARY_TEMP_01,328.5306
2024-01-16T19:24:00,PRIMARY_FLOW_01,436.1105
2024-01-16T19:24:00,PRIMARY_LEVEL_01,65.9917
2024-01-16T19:25:00,COOLING_TEMP_01,85.5139
2024-01-16T19:25:00,COOLING_PRES_01,13.2098
2024-01-16T19:25:00,COOLING_FLOW_01,164.1983
2024-01-16T19:25:00,PRIMARY_PRES_01,163.0509
2024-01-16T19:25:00,PRIMARY_TEMP_01,332.4839
2024-01-16T19:25:00,PRIMARY_FLOW_01,426.1273
2024-01-16T19:26:00,COOLING_TEMP_01,85.1509
2024-01-16T19:26:00,COOLING_PRES_01,13.1133
2024-01-16T19:26:00,COOLING_FLOW_01,167.346
2024-01-16T19:26:00,COOLING_HEAT_01,27.1823
2024-01-16T19:26:00,PRIMARY_PRES_01,163.0071
2024-01-16T19:26:00,PRIMARY_TEMP_01,334.4723
2024-01-16T19:26:00,PRIMARY_FLOW_01,435.3355
2024-01-16T19:26:00,PRIMARY_LEVEL_01,66.5907
2024-01-16T19:27:00,COOLING_TEMP_01,85.7195
2024-01-16T19:27:00,COOLING_PRES_01,13.2073
2024-01-16T19:27:00,COOLING_FLOW_01,172.9623
2024-01-16T19:27:00,PRIMARY_PRES_01,162.7085
2024-01-16T19:27:00,PRIMARY_TEMP_01,330.2966
2024-01-16T19:27:00,PRIMARY_FLOW_01,440.0456
2024-01-16T19:28:00,COOLING_TEMP_01,84.8568
2024-01-16T19:28:00,COOLING_PRES_01,13.2997
2024-01-16T19:28:00,COOLING_FLOW_01,170.9206
2024-01-16T19:28:00,COOLING_HEAT_01,27.5292
2024-01-16T19:28:00,PRIMARY_PRES_01,163.2871
2024-01-16T19:28:00,PRIMARY_TEMP_01,331.444
2024-01-16T19:28:00,PRIMARY_FLOW_01,447.908
2024-01-16T19:28:00,PRIMARY_LEVEL_01,66.415
2024-01-16T19:29:00,COOLING_TEMP_01,85.86
2024-01-16T19:29:00,COOLING_PRES_01,13.1794
2024-01-16T19:29:00,COOLING_FLOW_01,175.0783
2024-01-16T19:29:00,PRIMARY_PRES_01,162.6749
2024-01-16T19:29:00,PRIMARY_TEMP_01,328.5918
2024-01-16T19:29:00,PRIMARY_FLOW_01,441.2587
2024-01-16T19:30:00,COOLING_TEMP_01,85.4825
2024-01-16T19:30:00,COOLING_PRES_01,13.1653
2024-01-16T19:30:00,COOLING_FLOW_01,173.8966
2024-01-16T19:30:00,COOLING_HEAT_01,27.1841
2024-01-16T19:30:00,PRIMARY_PRES_01,162.809
2024-01-16T19:30:00,PRIMARY_TEMP_01,329.6161
2024-01-16T19:30:00,PRIMARY_FLOW_01,440.3347
2024-01-16T19:30:00,PRIMARY_LEVEL_01,65.8717
2024-01-16T19:31:00,COOLING_TEMP_01,84.9923
2024-01-16T19:31:00,COOLING_PRES_01,13.1446
2024-01-16T19:31:00,COOLING_FLOW_01,174.3822
2024-01-16T19:31:00,PRIMARY_PRES_01,163.295
2024-01-16T19:31:00,PRIMARY_TEMP_01,332.059
2024-01-16T19:31:00,PRIMARY_FLOW_01,445.72
2024-01-16T19:32:00,COOLING_TEMP_01,85.1034
2024-01-16T19:32:00,COOLING_PRES_01,13.2758
2024-01-16T19:32:00,COOLING_FLOW_01,169.2304
2024-01-16T19:32:00,COOLING_HEAT_01,27.6021
2024-01-16T19:32:00,PRIMARY_PRES_01,162.8943
2024-01-16T19:32:00,PRIMARY_TEMP_01,330.5741
2024-01-16T19:32:00,PRIMARY_FLOW_01,435.0525
2024-01-16T19:32:00,PRIMARY_LEVEL_01,65.8052
2024-01-16T19:33:00,COOLING_TEMP_01,85.2899
2024-01-16T19:33:00,COOLING_PRES_01,13.3125
2024-01-16T19:33:00,COOLING_FLOW_01,173.3892
2024-01-16T19:33:00,PRIMARY_PRES_01,162.7985
2024-01-16T19:33:00,PRIMARY_TEMP_01,330.2817
2024-01-16T19:33:00,PRIMARY_FLOW_01,432.5693
2024-01-16T19:34:00,COOLING_TEMP_01,86.1201
2024-01-16T19:34:00,COOLING_PRES_01,13.4088
2024-01-16T19:34:00,COOLING_FLOW_01,170.9847
2024-01-16T19:34:00,COOLING_HEAT_01,27.6618
2024-01-16T19:34:00,PRIMARY_PRES_01,162.9428
2024-01-16T19:34:00,PRIMARY_TEMP_01,331.0674
2024-01-16T19:34:00,PRIMARY_FLOW_01,446.326
2024-01-16T19:34:00,PRIMARY_LEVEL_01,65.5112
2024-01-16T19:35:00,COOLING_TEMP_01,85.0903
2024-01-16T19:35:00,COOLING_PRES_01,13.1448
2024-01-16T19:35:00,COOLING_FLOW_01,171.2065
2024-01-16T19:35:00,PRIMARY_PRES_01,162.8457
2024-01-16T19:35:00,PRIMARY_TEMP_01,330.4517
2024-01-16T19:35:00,PRIMARY_FLOW_01,440.6499
2024-01-16T19:36:00,COOLING_TEMP_01,85.2619
2024-01-16T19:36:00,COOLING_PRES_01,13.4299
2024-01-16T19:36:00,COOLING_FLOW_01,167.5827
2024-01-16T19:36:00,COOLING_HEAT_01,28.1072
2024-01-16T19:36:00,PRIMARY_PRES_01,162.4321
2024-01-16T19:36:00,PRIMARY_TEMP_01,330.1124
2024-01-16T19:36:00,PRIMARY_FLOW_01,441.592
2024-01-16T19:36:00,PRIMARY_LEVEL_01,66.0863
2024-01-16T19:37:00,COOLING_TEMP_01,86.0715
2024-01-16T19:37:00,COOLING_PRES_01,13.1002
2024-01-16T19:37:00,COOLING_FLOW_01,172.9174
2024-01-16T19:37:00,PRIMARY_PRES_01,162.7406
2024-01-16T19:37:00,PRIMARY_TEMP_01,330.0357
2024-01-16T19:37:00,PRIMARY_FLOW_01,437.1776
2024-01-16T19:38:00,COOLING_TEMP_01,83.5504
2024-01-16T19:38:00,COOLING_PRES_01,13.3988
2024-01-16T19:38:00,COOLING_FLOW_01,169.0691
2024-01-16T19:38:00,COOLING_HEAT_01,27.9073
2024-01-16T19:38:00,PRIMARY_PRES_01,163.1964
2024-01-16T19:38:00,PRIMARY_TEMP_01,330.7551
2024-01-16T19:38:00,PRIMARY_FLOW_01,444.3265
2024-01-16T19:38:00,PRIMARY_LEVEL_01,66.7252
2024-01-16T19:39:00,COOLING_TEMP_01,84.1573
2024-01-16T19:39:00,COOLING_PRES_01,13.2119
2024-01-16T19:39:00,COOLING_FLOW_01,168.9143
2024-01-16T19:39:00,PRIMARY_PRES_01,163.4817
2024-01-16T19:39:00,PRIMARY_TEMP_01,328.7047
2024-01-16T19:39:00,PRIMARY_FLOW_01,439.723
2024-01-16T19:40:00,COOLING_TEMP_01,84.8976
2024-01-16T19:40:00,COOLING_PRES_01,13.1704
2024-01-16T19:40:00,COOLING_FLOW_01,166.0459
2024-01-16T19:40:00,COOLING_HEAT_01,28.2334
2024-01-16T19:40:00,PRIMARY_PRES_01,163.1821
2024-01-16T19:40:00,PRIMARY_TEMP_01,331.711
2024-01-16T19:40:00,PRIMARY_FLOW_01,442.2237
2024-01-16T19:40:00,PRIMARY_LEVEL_01,66.5442
2024-01-16T19:41:00,COOLING_TEMP_01,84.9411
2024-01-16T19:41:00,COOLING_PRES_01,13.115
2024-01-16T19:41:00,COOLING_FLOW_01,171.8801
2024-01-16T19:41:00,PRIMARY_PRES_01,162.5512
2024-01-16T19:41:00,PRIMARY_TEMP_01,327.361
2024-01-16T19:41:00,PRIMARY_FLOW_01,445.1764
2024-01-16T19:42:00,COOLING_TEMP_01,85.0238
2024-01-16T19:42:00,COOLING_PRES_01,13.1323
2024-01-16T19:42:00,COOLING_FLOW_01,165.755
2024-01-16T19:42:00,COOLING_HEAT_01,27.2569
2024-01-16T19:42:00,PRIMARY_PRES_01,162.8028
2024-01-16T19:42:00,PRIMARY_TEMP_01,330.0764
2024-01-16T19:42:00,PRIMARY_FLOW_01,440.8538
2024-01-16T19:42:00,PRIMARY_LEVEL_01,66.1504
2024-01-16T19:43:00,COOLING_TEMP_01,84.9239
2024-01-16T19:43:00,COOLING_PRES_01,13.0921
2024-01-16T19:43:00,COOLING_FLOW_01,168.7258
2024-01-16T19:43:00,PRIMARY_PRES_01,162.7024
2024-01-16T19:43:00,PRIMARY_TEMP_01,331.1192
2024-01-16T19:43:00,PRIMARY_FLOW_01,443.0897
2024-01-16T19:44:00,COOLING_TEMP_01,84.8896
2024-01-16T19:44:00,COOLING_PRES_01,13.3579
2024-01-16T19:44:00,COOLING_FLOW_01,168.9754
2024-01-16T19:44:00,COOLING_HEAT_01,27.6508
2024-01-16T19:44:00,PRIMARY_PRES_01,162.9433
2024-01-16T19:44:00,PRIMARY_TEMP_01,328.7059
2024-01-16T19:44:00,PRIMARY_FLOW_01,447.4556
2024-01-16T19:44:00,PRIMARY_LEVEL_01,66.0784
2024-01-16T19:45:00,COOLING_TEMP_01,84.2159
2024-01-16T19:45:00,COOLING_PRES_01,13.2251
2024-01-16T19:45:00,COOLING_FLOW_01,168.2412
2024-01-16T19:45:00,PRIMARY_PRES_01,162.8743
2024-01-16T19:45:00,PRIMARY_TEMP_01,332.8096
2024-01-16T19:45:00,PRIMARY_FLOW_01,441.7032
2024-01-16T19:46:00,COOLING_TEMP_01,83.8761
2024-01-16T19:46:00,COOLING_PRES_01,13.2565
2024-01-16T19:46:00,COOLING_FLOW_01,170.1998
2024-01-16T19:46:00,COOLING_HEAT_01,27.8484
2024-01-16T19:46:00,PRIMARY_PRES_01,162.5907
2024-01-16T19:46:00,PRIMARY_TEMP_01,330.5149
2024-01-16T19:46:00,PRIMARY_FLOW_01,440.1618
2024-01-16T19:46:00,PRIMARY_LEVEL_01,67.0806
2024-01-16T19:47:00,COOLING_TEMP_01,84.647
2024-01-16T19:47:00,COOLING_PRES_01,13.1635
2024-01-16T19:47:00,COOLING_FLOW_01,171.2269
2024-01-16T19:47:00,PRIMARY_PRES_01,162.9545
2024-01-16T19:47:00,PRIMARY_TEMP_01,331.9132
2024-01-16T19:47:00,PRIMARY_FLOW_01,432.7805
2024-01-16T19:48:00,COOLING_TEMP_01,85.0595
2024-01-16T19:48:00,COOLING_PRES_01,13.3913
2024-01-16T19:48:00,COOLING_FLOW_01,169.7439
2024-01-16T19:48:00,COOLING_HEAT_01,27.6927
2024-01-16T19:48:00,PRIMARY_PRES_01,162.8953
2024-01-16T19:48:00,PRIMARY_TEMP_01,332.0008
2024-01-16T19:48:00,PRIMARY_FLOW_01,433.2281
2024-01-16T19:48:00,PRIMARY_LEVEL_01,65.8527
2024-01-16T19:49:00,COOLING_TEMP_01,85.2179
2024-01-16T19:49:00,COOLING_PRES_01,13.126
2024-01-16T19:49:00,COOLING_FLOW_01,169.1318
2024-01-16T19:49:00,PRIMARY_PRES_01,163.1293
2024-01-16T19:49:00,PRIMARY_TEMP_01,330.0658
2024-01-16T19:49:00,PRIMARY_FLOW_01,438.0394
2024-01-16T19:50:00,COOLING_TEMP_01,85.159
2024-01-16T19:50:00,COOLING_PRES_01,13.3553
2024-01-16T19:50:00,COOLING_FLOW_01,168.9097
2024-01-16T19:50:00,COOLING_HEAT_01,27.8128
2024-01-16T19:50:00,PRIMARY_PRES_01,162.6808
2024-01-16T19:50:00,PRIMARY_TEMP_01,331.2577
2024-01-16T19:50:00,PRIMARY_FLOW_01,444.5256
2024-01-16T19:50:00,PRIMARY_LEVEL_01,66.6521
2024-01-16T19:51:00,COOLING_TEMP_01,85.0107
2024-01-16T19:51:00,COOLING_PRES_01,13.3076
2024-01-16T19:51:00,COOLING_FLOW_01,167.9002
2024-01-16T19:51:00,PRIMARY_PRES_01,162.7056
2024-01-16T19:51:00,PRIMARY_TEMP_01,332.6498
2024-01-16T19:51:00,PRIMARY_FLOW_01,441.3866
2024-01-16T19:52:00,COOLING_TEMP_01,86.3216
2024-01-16T19:52:00,COOLING_PRES_01,13.0707
2024-01-16T19:52:00,COOLING_FLOW_01,168.3595
2024-01-16T19:52:00,COOLING_HEAT_01,27.3073
2024-01-16T19:52:00,PRIMARY_PRES_01,162.8592
2024-01-16T19:52:00,PRIMARY_TEMP_01,328.6925
2024-01-16T19:52:00,PRIMARY_FLOW_01,438.8809
2024-01-16T19:52:00,PRIMARY_LEVEL_01,64.7875
2024-01-16T19:53:00,COOLING_TEMP_01,84.8666
2024-01-16T19:53:00,COOLING_PRES_01,13.0074
2024-01-16T19:53:00,COOLING_FLOW_01,168.0807
2024-01-16T19:53:00,PRIMARY_PRES_01,162.8699
2024-01-16T19:53:00,PRIMARY_TEMP_01,330.407
2024-01-16T19:53:00,PRIMARY_FLOW_01,436.3545
2024-01-16T19:54:00,COOLING_TEMP_01,85.9632
2024-01-16T19:54:00,COOLING_PRES_01,13.1703
2024-01-16T19:54:00,COOLING_FLOW_01,171.599
2024-01-16T19:54:00,COOLING_HEAT_01,27.43
2024-01-16T19:54:00,PRIMARY_PRES_01,162.7147
2024-01-16T19:54:00,PRIMARY_TEMP_01,330.8043
2024-01-16T19:54:00,PRIMARY_FLOW_01,429.9236
2024-01-16T19:54:00,PRIMARY_LEVEL_01,65.546
2024-01-16T19:55:00,COOLING_TEMP_01,85.2374
2024-01-16T19:55:00,COOLING_PRES_01,12.9865
2024-01-16T19:55:00,COOLING_FLOW_01,169.2652
2024-01-16T19:55:00,PRIMARY_PRES_01,163.3838
2024-01-16T19:55:00,PRIMARY_TEMP_01,331.5088
2024-01-16T19:55:00,PRIMARY_FLOW_01,444.0005
2024-01-16T19:56:00,COOLING_TEMP_01,85.7074
2024-01-16T19:56:00,COOLING_PRES_01,13.5065
2024-01-16T19:56:00,COOLING_FLOW_01,167.7954
2024-01-16T19:56:00,COOLING_HEAT_01,27.6481
2024-01-16T19:56:00,PRIMARY_PRES_01,162.8553
2024-01-16T19:56:00,PRIMARY_TEMP_01,329.7297
2024-01-16T19:56:00,PRIMARY_FLOW_01,438.7155
2024-01-16T19:56:00,PRIMARY_LEVEL_01,66.204
2024-01-16T19:57:00,COOLING_TEMP_01,85.6929
2024-01-16T19:57:00,COOLING_PRES_01,13.1781
2024-01-16T19:57:00,COOLING_FLOW_01,171.6846
2024-01-16T19:57:00,PRIMARY_PRES_01,163.245
2024-01-16T19:57:00,PRIMARY_TEMP_01,329.3826
2024-01-16T19:57:00,PRIMARY_FLOW_01,441.3311
2024-01-16T19:58:00,COOLING_TEMP_01,86.7413
2024-01-16T19:58:00,COOLING_PRES_01,13.1116
2024-01-16T19:58:00,COOLING_FLOW_01,169.6515
2024-01-16T19:58:00,COOLING_HEAT_01,28.0003
2024-01-16T19:58:00,PRIMARY_PRES_01,163.1361
2024-01-16T19:58:00,PRIMARY_TEMP_01,328.7818
2024-01-16T19:58:00,PRIMARY_FLOW_01,441.2287
2024-01-16T19:58:00,PRIMARY_LEVEL_01,66.3766
2024-01-16T19:59:00,COOLING_TEMP_01,84.4178
2024-01-16T19:59:00,COOLING_PRES_01,13.1761
2024-01-16T19:59:00,COOLING_FLOW_01,172.2296
2024-01-16T19:59:00,PRIMARY_PRES_01,162.7969
2024-01-16T19:59:00,PRIMARY_TEMP_01,329.1503
2024-01-16T19:59:00,PRIMARY_FLOW_01,443.5688
2024-01-16T20:00:00,COOLING_TEMP_01,85.1542
2024-01-16T20:00:00,COOLING_PRES_01,13.1739
2024-01-16T20:00:00,COOLING_FLOW_01,172.2769
2024-01-16T20:00:00,COOLING_HEAT_01,27.8126
2024-01-16T20:00:00,PRIMARY_PRES_01,163.202
2024-01-16T20:00:00,PRIMARY_TEMP_01,329.3573
2024-01-16T20:00:00,PRIMARY_FLOW_01,447.9882
2024-01-16T20:00:00,PRIMARY_LEVEL_01,65.9758
2024-01-16T20:01:00,COOLING_TEMP_01,85.167
2024-01-16T20:01:00,COOLING_PRES_01,13.2432
2024-01-16T20:01:00,COOLING_FLOW_01,167.3221
2024-01-16T20:01:00,PRIMARY_PRES_01,162.8215
2024-01-16T20:01:00,PRIMARY_TEMP_01,331.5976
2024-01-16T20:01:00,PRIMARY_FLOW_01,444.0862
2024-01-16T20:02:00,COOLING_TEMP_01,85.5702
2024-01-16T20:02:00,COOLING_PRES_01,13.3888
2024-01-16T20:02:00,COOLING_FLOW_01,169.3779
2024-01-16T20:02:00,COOLING_HEAT_01,27.8122
2024-01-16T20:02:00,PRIMARY_PRES_01,162.9549
2024-01-16T20:02:00,PRIMARY_TEMP_01,331.3702
2024-01-16T20:02:00,PRIMARY_FLOW_01,433.5107
2024-01-16T20:02:00,PRIMARY_LEVEL_01,65.9388
2024-01-16T20:03:00,COOLING_TEMP_01,85.4887
2024-01-16T20:03:00,COOLING_PRES_01,13.3444
2024-01-16T20:03:00,COOLING_FLOW_01,166.9935
2024-01-16T20:03:00,PRIMARY_PRES_01,162.5726
2024-01-16T20:03:00,PRIMARY_TEMP_01,329.4284
2024-01-16T20:03:00,PRIMARY_FLOW_01,450.4862
2024-01-16T20:04:00,COOLING_TEMP_01,85.7928
2024-01-16T20:04:00,COOLING_PRES_01,13.3908
2024-01-16T20:04:00,COOLING_FLOW_01,171.0455
2024-01-16T20:04:00,COOLING_HEAT_01,27.6022
2024-01-16T20:04:00,PRIMARY_PRES_01,163.5021
2024-01-16T20:04:00,PRIMARY_TEMP_01,329.7068
2024-01-16T20:04:00,PRIMARY_FLOW_01,443.516
2024-01-16T20:04:00,PRIMARY_LEVEL_01,66.5429
2024-01-16T20:05:00,COOLING_TEMP_01,84.9225
2024-01-16T20:05:00,COOLING_PRES_01,13.2689
2024-01-16T20:05:00,COOLING_FLOW_01,170.1312
2024-01-16T20:05:00,PRIMARY_PRES_01,163.2164
2024-01-16T20:05:00,PRIMARY_TEMP_01,330.1997
2024-01-16T20:05:00,PRIMARY_FLOW_01,447.1915
2024-01-16T20:06:00,COOLING_TEMP_01,85.1795
2024-01-16T20:06:00,COOLING_PRES_01,13.4675
2024-01-16T20:06:00,COOLING_FLOW_01,162.1731
2024-01-16T20:06:00,COOLING_HEAT_01,28.054
2024-01-16T20:06:00,PRIMARY_PRES_01,163.2104
2024-01-16T20:06:00,PRIMARY_TEMP_01,331.9392
2024-01-16T20:06:00,PRIMARY_FLOW_01,434.8659
2024-01-16T20:06:00,PRIMARY_LEVEL_01,66.8159
2024-01-16T20:07:00,COOLING_TEMP_01,85.6118
2024-01-16T20:07:00,COOLING_PRES_01,13.1012
2024-01-16T20:07:00,COOLING_FLOW_01,171.6541
2024-01-16T20:07:00,PRIMARY_PRES_01,163.1069
2024-01-16T20:07:00,PRIMARY_TEMP_01,331.8775
2024-01-16T20:07:00,PRIMARY_FLOW_01,437.7687
2024-01-16T20:08:00,COOLING_TEMP_01,85.6263
2024-01-16T20:08:00,COOLING_PRES_01,13.1292
2024-01-16T20:08:00,COOLING_FLOW_01,171.5898
2024-01-16T20:08:00,COOLING_HEAT_01,27.513
2024-01-16T20:08:00,PRIMARY_PRES_01,162.9038
2024-01-16T20:08:00,PRIMARY_TEMP_01,330.0345
2024-01-16T20:08:00,PRIMARY_FLOW_01,447.8997
2024-01-16T20:08:00,PRIMARY_LEVEL_01,67.453
2024-01-16T20:09:00,COOLING_TEMP_01,85.2846
2024-01-16T20:09:00,COOLING_PRES_01,13.0982
2024-01-16T20:09:00,COOLING_FLOW_01,170.4915
2024-01-16T20:09:00,PRIMARY_PRES_01,163.1486
2024-01-16T20:09:00,PRIMARY_TEMP_01,329.6535
2024-01-16T20:09:00,PRIMARY_FLOW_01,433.1584
2024-01-16T20:10:00,COOLING_TEMP_01,84.0491
2024-01-16T20:10:00,COOLING_PRES_01,13.3591
2024-01-16T20:10:00,COOLING_FLOW_01,169.4193
2024-01-16T20:10:00,COOLING_HEAT_01,28.1201
2024-01-16T20:10:00,PRIMARY_PRES_01,162.8327
2024-01-16T20:10:00,PRIMARY_TEMP_01,331.0752
2024-01-16T20:10:00,PRIMARY_FLOW_01,440.6232
2024-01-16T20:10:00,PRIMARY_LEVEL_01,65.2697
2024-01-16T20:11:00,COOLING_TEMP_01,84.934
2024-01-16T20:11:00,COOLING_PRES_01,13.0684
2024-01-16T20:11:00,COOLING_FLOW_01,170.224
2024-01-16T20:11:00,PRIMARY_PRES_01,163.4125
2024-01-16T20:11:00,PRIMARY_TEMP_01,329.2452
2024-01-16T20:11:00,PRIMARY_FLOW_01,446.9295
2024-01-16T20:12:00,COOLING_TEMP_01,85.3538
2024-01-16T20:12:00,COOLING_PRES_01,13.1196
2024-01-16T20:12:00,COOLING_FLOW_01,167.6315
2024-01-16T20:12:00,COOLING_HEAT_01,27.8011
2024-01-16T20:12:00,PRIMARY_PRES_01,163.9516
2024-01-16T20:12:00,PRIMARY_TEMP_01,331.1537
2024-01-16T20:12:00,PRIMARY_FLOW_01,435.5886
2024-01-16T20:12:00,PRIMARY_LEVEL_01,65.4836
2024-01-16T20:13:00,COOLING_TEMP_01,85.0455
2024-01-16T20:13:00,COOLING_PRES_01,13.3043
2024-01-16T20:13:00,COOLING_FLOW_01,165.7822
2024-01-16T20:13:00,PRIMARY_PRES_01,163.063
2024-01-16T20:13:00,PRIMARY_TEMP_01,330.5369
2024-01-16T20:13:00,PRIMARY_FLOW_01,440.3003
2024-01-16T20:14:00,COOLING_TEMP_01,83.6791
2024-01-16T20:14:00,COOLING_PRES_01,13.204
2024-01-16T20:14:00,COOLING_FLOW_01,168.0528
2024-01-16T20:14:00,COOLING_HEAT_01,27.8008
2024-01-16T20:14:00,PRIMARY_PRES_01,163.0856
2024-01-16T20:14:00,PRIMARY_TEMP_01,330.0384
2024-01-16T20:14:00,PRIMARY_FLOW_01,448.2779
2024-01-16T20:14:00,PRIMARY_LEVEL_01,66.234
2024-01-16T20:15:00,COOLING_TEMP_01,84.8714
2024-01-16T20:15:00,COOLING_PRES_01,13.2351
2024-01-16T20:15:00,COOLING_FLOW_01,172.0966
2024-01-16T20:15:00,PRIMARY_PRES_01,163.0747
2024-01-16T20:15:00,PRIMARY_TEMP_01,329.777
2024-01-16T20:15:00,PRIMARY_FLOW_01,444.4875
2024-01-16T20:16:00,COOLING_TEMP_01,84.9266
2024-01-16T20:16:00,COOLING_PRES_01,13.1731
2024-01-16T20:16:00,COOLING_FLOW_01,172.576
2024-01-16T20:16:00,COOLING_HEAT_01,27.4698
2024-01-16T20:16:00,PRIMARY_PRES_01,162.9709
2024-01-16T20:16:00,PRIMARY_TEMP_01,332.5527
2024-01-16T20:16:00,PRIMARY_FLOW_01,454.7662
2024-01-16T20:16:00,PRIMARY_LEVEL_01,65.7688
2024-01-16T20:17:00,COOLING_TEMP_01,84.207
2024-01-16T20:17:00,COOLING_PRES_01,13.1831
2024-01-16T20:17:00,COOLING_FLOW_01,166.0441
2024-01-16T20:17:00,PRIMARY_PRES_01,163.0613
2024-01-16T20:17:00,PRIMARY_TEMP_01,329.3677
2024-01-16T20:17:00,PRIMARY_FLOW_01,433.8875
2024-01-16T20:18:00,COOLING_TEMP_01,84.0957
2024-01-16T20:18:00,COOLING_PRES_01,13.2047
2024-01-16T20:18:00,COOLING_FLOW_01,173.6083
2024-01-16T20:18:00,COOLING_HEAT_01,27.4445
2024-01-16T20:18:00,PRIMARY_PRES_01,162.6252
2024-01-16T20:18:00,PRIMARY_TEMP_01,330.0669
2024-01-16T20:18:00,PRIMARY_FLOW_01,441.1539
2024-01-16T20:18:00,PRIMARY_LEVEL_01,65.2472
2024-01-16T20:19:00,COOLING_TEMP_01,84.5481
2024-01-16T20:19:00,COOLING_PRES_01,13.2254
2024-01-16T20:19:00,COOLING_FLOW_01,171.5051
2024-01-16T20:19:00,PRIMARY_PRES_01,163.0287
2024-01-16T20:19:00,PRIMARY_TEMP_01,331.8798
2024-01-16T20:19:00,PRIMARY_FLOW_01,445.2641
2024-01-16T20:20:00,COOLING_TEMP_01,84.7342
2024-01-16T20:20:00,COOLING_PRES_01,13.245
2024-01-16T20:20:00,COOLING_FLOW_01,171.1822
2024-01-16T20:20:00,COOLING_HEAT_01,27.8491
2024-01-16T20:20:00,PRIMARY_PRES_01,163.3714
2024-01-16T20:20:00,PRIMARY_TEMP_01,330.0566
2024-01-16T20:20:00,PRIMARY_FLOW_01,439.5369
2024-01-16T20:20:00,PRIMARY_LEVEL_01,67.5494
2024-01-16T20:21:00,COOLING_TEMP_01,86.1056
2024-01-16T20:21:00,COOLING_PRES_01,13.1381
2024-01-16T20:21:00,COOLING_FLOW_01,171.2242
2024-01-16T20:21:00,PRIMARY_PRES_01,163.1802
2024-01-16T20:21:00,PRIMARY_TEMP_01,330.58
2024-01-16T20:21:00,PRIMARY_FLOW_01,435.9641
2024-01-16T20:22:00,COOLING_TEMP_01,85.6636
2024-01-16T20:22:00,COOLING_PRES_01,13.1449
2024-01-16T20:22:00,COOLING_FLOW_01,173.5945
2024-01-16T20:22:00,COOLING_HEAT_01,27.6087
2024-01-16T20:22:00,PRIMARY_PRES_01,163.0287
2024-01-16T20:22:00,PRIMARY_TEMP_01,332.5238
2024-01-16T20:22:00,PRIMARY_FLOW_01,438.4696
2024-01-16T20:22:00,PRIMARY_LEVEL_01,64.954
2024-01-16T20:23:00,COOLING_TEMP_01,84.6069
2024-01-16T20:23:00,COOLING_PRES_01,13.1943
2024-01-16T20:23:00,COOLING_FLOW_01,171.4132
2024-01-16T20:23:00,PRIMARY_PRES_01,162.8369
2024-01-16T20:23:00,PRIMARY_TEMP_01,331.2029
2024-01-16T20:23:00,PRIMARY_FLOW_01,432.9633
2024-01-16T20:24:00,COOLING_TEMP_01,84.8793
2024-01-16T20:24:00,COOLING_PRES_01,13.1145
2024-01-16T20:24:00,COOLING_FLOW_01,169.7594
2024-01-16T20:24:00,COOLING_HEAT_01,27.9256
2024-01-16T20:24:00,PRIMARY_PRES_01,163.4391
2024-01-16T20:24:00,PRIMARY_TEMP_01,329.1945
2024-01-16T20:24:00,PRIMARY_FLOW_01,436.6833
2024-01-16T20:24:00,PRIMARY_LEVEL_01,65.976
2024-01-16T20:25:00,COOLING_TEMP_01,85.4015
2024-01-16T20:25:00,COOLING_PRES_01,13.078
2024-01-16T20:25:00,COOLING_FLOW_01,171.7308
2024-01-16T20:25:00,PRIMARY_PRES_01,163.097
2024-01-16T20:25:00,PRIMARY_TEMP_01,331.3748
2024-01-16T20:25:00,PRIMARY_FLOW_01,426.4506
2024-01-16T20:26:00,COOLING_TEMP_01,85.813
2024-01-16T20:26:00,COOLING_PRES_01,13.2799
2024-01-16T20:26:00,COOLING_FLOW_01,168.0923
2024-01-16T20:26:00,COOLING_HEAT_01,28.1451
2024-01-16T20:26:00,PRIMARY_PRES_01,163.4566
2024-01-16T20:26:00,PRIMARY_TEMP_01,330.5689
2024-01-16T20:26:00,PRIMARY_FLOW_01,446.1212
2024-01-16T20:26:00,PRIMARY_LEVEL_01,65.6057
2024-01-16T20:27:00,COOLING_TEMP_01,84.9861
2024-01-16T20:27:00,COOLING_PRES_01,13.0943
2024-01-16T20:27:00,COOLING_FLOW_01,171.2271
2024-01-16T20:27:00,PRIMARY_PRES_01,163.1667
2024-01-16T20:27:00,PRIMARY_TEMP_01,332.2856
2024-01-16T20:27:00,PRIMARY_FLOW_01,444.3145
2024-01-16T20:28:00,COOLING_TEMP_01,85.1172
2024-01-16T20:28:00,COOLING_PRES_01,13.3887
2024-01-16T20:28:00,COOLING_FLOW_01,170.2385
2024-01-16T20:28:00,COOLING_HEAT_01,27.6504
2024-01-16T20:28:00,PRIMARY_PRES_01,162.86
2024-01-16T20:28:00,PRIMARY_TEMP_01,330.3545
2024-01-16T20:28:00,PRIMARY_FLOW_01,442.1872
2024-01-16T20:28:00,PRIMARY_LEVEL_01,66.0885
2024-01-16T20:29:00,COOLING_TEMP_01,84.6681
2024-01-16T20:29:00,COOLING_PRES_01,13.0962
2024-01-16T20:29:00,COOLING_FLOW_01,168.3021
2024-01-16T20:29:00,PRIMARY_PRES_01,163.1656
2024-01-16T20:29:00,PRIMARY_TEMP_01,329.9988
2024-01-16T20:29:00,PRIMARY_FLOW_01,437.7142
2024-01-16T20:30:00,COOLING_TEMP_01,85.91
2024-01-16T20:30:00,COOLING_PRES_01,13.0868
2024-01-16T20:30:00,COOLING_FLOW_01,167.1264
2024-01-16T20:30:00,COOLING_HEAT_01,27.6744
2024-01-16T20:30:00,PRIMARY_PRES_01,163.2381
2024-01-16T20:30:00,PRIMARY_TEMP_01,329.9805
2024-01-16T20:30:00,PRIMARY_FLOW_01,445.5421
2024-01-16T20:30:00,PRIMARY_LEVEL_01,66.2641
2024-01-16T20:31:00,COOLING_TEMP_01,84.4828
2024-01-16T20:31:00,COOLING_PRES_01,13.0633
2024-01-16T20:31:00,COOLING_FLOW_01,174.3065
2024-01-16T20:31:00,PRIMARY_PRES_01,163.2033
2024-01-16T20:31:00,PRIMARY_TEMP_01,329.8396
2024-01-16T20:31:00,PRIMARY_FLOW_01,452.5287
2024-01-16T20:32:00,COOLING_TEMP_01,85.1137
2024-01-16T20:32:00,COOLING_PRES_01,13.2786
2024-01-16T20:32:00,COOLING_FLOW_01,169.7043
2024-01-16T20:32:00,COOLING_HEAT_01,27.3729
2024-01-16T20:32:00,PRIMARY_PRES_01,162.7297
2024-01-16T20:32:00,PRIMARY_TEMP_01,331.1367
2024-01-16T20:32:00,PRIMARY_FLOW_01,441.3892
2024-01-16T20:32:00,PRIMARY_LEVEL_01,65.7402
2024-01-16T20:33:00,COOLING_TEMP_01,85.8818
2024-01-16T20:33:00,COOLING_PRES_01,12.9798
2024-01-16T20:33:00,COOLING_FLOW_01,167.9538
2024-01-16T20:33:00,PRIMARY_PRES_01,162.4208
2024-01-16T20:33:00,PRIMARY_TEMP_01,331.1576
2024-01-16T20:33:00,PRIMARY_FLOW_01,437.7148
2024-01-16T20:34:00,COOLING_TEMP_01,85.26
2024-01-16T20:34:00,COOLING_PRES_01,13.234
2024-01-16T20:34:00,COOLING_FLOW_01,173.6164
2024-01-16T20:34:00,COOLING_HEAT_01,27.8435
2024-01-16T20:34:00,PRIMARY_PRES_01,162.9657
2024-01-16T20:34:00,PRIMARY_TEMP_01,331.3991
2024-01-16T20:34:00,PRIMARY_FLOW_01,442.0965
2024-01-16T20:34:00,PRIMARY_LEVEL_01,66.147
2024-01-16T20:35:00,COOLING_TEMP_01,84.3131
2024-01-16T20:35:00,COOLING_PRES_01,13.1886
2024-01-16T20:35:00,COOLING_FLOW_01,164.0453
2024-01-16T20:35:00,PRIMARY_PRES_01,163.0836
2024-01-16T20:35:00,PRIMARY_TEMP_01,330.0911
2024-01-16T20:35:00,PRIMARY_FLOW_01,442.7577
2024-01-16T20:36:00,COOLING_TEMP_01,85.4413
2024-01-16T20:36:00,COOLING_PRES_01,13.2952
2024-01-16T20:36:00,COOLING_FLOW_01,165.6792
2024-01-16T20:36:00,COOLING_HEAT_01,27.5692
2024-01-16T20:36:00,PRIMARY_PRES_01,162.561
2024-01-16T20:36:00,PRIMARY_TEMP_01,331.8096
2024-01-16T20:36:00,PRIMARY_FLOW_01,442.6554
2024-01-16T20:36:00,PRIMARY_LEVEL_01,65.1511
2024-01-16T20:37:00,COOLING_TEMP_01,85.4979
2024-01-16T20:37:00,COOLING_PRES_01,13.3076
2024-01-16T20:37:00,COOLING_FLOW_01,171.2647
2024-01-16T20:37:00,PRIMARY_PRES_01,162.0718
2024-01-16T20:37:00,PRIMARY_TEMP_01,330.9834
2024-01-16T20:37:00,PRIMARY_FLOW_01,442.7239
2024-01-16T20:38:00,COOLING_TEMP_01,84.671
2024-01-16T20:38:00,COOLING_PRES_01,13.1992
2024-01-16T20:38:00,COOLING_FLOW_01,168.4977
2024-01-16T20:38:00,COOLING_HEAT_01,27.6742
2024-01-16T20:38:00,PRIMARY_PRES_01,163.1123
2024-01-16T20:38:00,PRIMARY_TEMP_01,330.0647
2024-01-16T20:38:00,PRIMARY_FLOW_01,440.7044
2024-01-16T20:38:00,PRIMARY_LEVEL_01,65.5263
2024-01-16T20:39:00,COOLING_TEMP_01,85.3083
2024-01-16T20:39:00,COOLING_PRES_01,13.2849
2024-01-16T20:39:00,COOLING_FLOW_01,176.4765
2024-01-16T20:39:00,PRIMARY_PRES_01,163.3341
2024-01-16T20:39:00,PRIMARY_TEMP_01,329.4492
2024-01-16T20:39:00,PRIMARY_FLOW_01,427.839
2024-01-16T20:40:00,COOLING_TEMP_01,86.2798
2024-01-16T20:40:00,COOLING_PRES_01,13.2586
2024-01-16T20:40:00,COOLING_FLOW_01,170.0048
2024-01-16T20:40:00,COOLING_HEAT_01,27.7704
2024-01-16T20:40:00,PRIMARY_PRES_01,163.0252
2024-01-16T20:40:00,PRIMARY_TEMP_01,329.9293
2024-01-16T20:40:00,PRIMARY_FLOW_01,436.5129
2024-01-16T20:40:00,PRIMARY_LEVEL_01,65.2752
2024-01-16T20:41:00,COOLING_TEMP_01,84.8003
2024-01-16T20:41:00,COOLING_PRES_01,13.3113
2024-01-16T20:41:00,COOLING_FLOW_01,174.2365
2024-01-16T20:41:00,PRIMARY_PRES_01,162.9488
2024-01-16T20:41:00,PRIMARY_TEMP_01,330.6154
2024-01-16T20:41:00,PRIMARY_FLOW_01,430.8537
2024-01-16T20:42:00,COOLING_TEMP_01,85.7142
2024-01-16T20:42:00,COOLING_PRES_01,13.2721
2024-01-16T20:42:00,COOLING_FLOW_01,169.9051
2024-01-16T20:42:00,COOLING_HEAT_01,27.6515
2024-01-16T20:42:00,PRIMARY_PRES_01,162.8338
2024-01-16T20:42:00,PRIMARY_TEMP_01,328.6687
2024-01-16T20:42:00,PRIMARY_FLOW_01,438.0957
2024-01-16T20:42:00,PRIMARY_LEVEL_01,65.7583
2024-01-16T20:43:00,COOLING_TEMP_01,84.1753
2024-01-16T20:43:00,COOLING_PRES_01,13.5137
2024-01-16T20:43:00,COOLING_FLOW_01,170.1705
2024-01-16T20:43:00,PRIMARY_PRES_01,162.5166
2024-01-16T20:43:00,PRIMARY_TEMP_01,331.829
2024-01-16T20:43:00,PRIMARY_FLOW_01,446.6862
2024-01-16T20:44:00,COOLING_TEMP_01,85.8814
2024-01-16T20:44:00,COOLING_PRES_01,13.2319
2024-01-16T20:44:00,COOLING_FLOW_01,169.3928
2024-01-16T20:44:00,COOLING_HEAT_01,27.7818
2024-01-16T20:44:00,PRIMARY_PRES_01,163.1957
2024-01-16T20:44:00,PRIMARY_TEMP_01,332.1736
2024-01-16T20:44:00,PRIMARY_FLOW_01,438.5372
2024-01-16T20:44:00,PRIMARY_LEVEL_01,66.3071
2024-01-16T20:45:00,COOLING_TEMP_01,85.5369
2024-01-16T20:45:00,COOLING_PRES_01,13.0517
2024-01-16T20:45:00,COOLING_FLOW_01,173.6498
2024-01-16T20:45:00,PRIMARY_PRES_01,162.7383
2024-01-16T20:45:00,PRIMARY_TEMP_01,329.9245
2024-01-16T20:45:00,PRIMARY_FLOW_01,435.2948
2024-01-16T20:46:00,COOLING_TEMP_01,84.8868
2024-01-16T20:46:00,COOLING_PRES_01,13.2218
2024-01-16T20:46:00,COOLING_FLOW_01,168.2399
2024-01-16T20:46:00,COOLING_HEAT_01,27.6829
2024-01-16T20:46:00,PRIMARY_PRES_01,163.247
2024-01-16T20:46:00,PRIMARY_TEMP_01,330.6078
2024-01-16T20:46:00,PRIMARY_FLOW_01,432.717
2024-01-16T20:46:00,PRIMARY_LEVEL_01,66.4334
2024-01-16T20:47:00,COOLING_TEMP_01,84.5936
2024-01-16T20:47:00,COOLING_PRES_01,13.0575
2024-01-16T20:47:00,COOLING_FLOW_01,166.9604
2024-01-16T20:47:00,PRIMARY_PRES_01,162.7689
2024-01-16T20:47:00,PRIMARY_TEMP_01,328.5146
2024-01-16T20:47:00,PRIMARY_FLOW_01,435.7702
2024-01-16T20:48:00,COOLING_TEMP_01,84.8305
2024-01-16T20:48:00,COOLING_PRES_01,13.1416
2024-01-16T20:48:00,COOLING_FLOW_01,168.981
2024-01-16T20:48:00,COOLING_HEAT_01,27.5114
2024-01-16T20:48:00,PRIMARY_PRES_01,163.0273
2024-01-16T20:48:00,PRIMARY_TEMP_01,331.8624
2024-01-16T20:48:00,PRIMARY_FLOW_01,447.7066
2024-01-16T20:48:00,PRIMARY_LEVEL_01,65.813
2024-01-16T20:49:00,COOLING_TEMP_01,84.0129
2024-01-16T20:49:00,COOLING_PRES_01,13.2365
2024-01-16T20:49:00,COOLING_FLOW_01,173.2633
2024-01-16T20:49:00,PRIMARY_PRES_01,163.1717
2024-01-16T20:49:00,PRIMARY_TEMP_01,331.7193
2024-01-16T20:49:00,PRIMARY_FLOW_01,434.9007
2024-01-16T20:50:00,COOLING_TEMP_01,84.9041
2024-01-16T20:50:00,COOLING_PRES_01,13.0083
2024-01-16T20:50:00,COOLING_FLOW_01,174.098
2024-01-16T20:50:00,COOLING_HEAT_01,27.6163
2024-01-16T20:50:00,PRIMARY_PRES_01,163.168
2024-01-16T20:50:00,PRIMARY_TEMP_01,329.8838
2024-01-16T20:50:00,PRIMARY_FLOW_01,446.2508
2024-01-16T20:50:00,PRIMARY_LEVEL_01,65.1334
2024-01-16T20:51:00,COOLING_TEMP_01,85.7607
2024-01-16T20:51:00,COOLING_PRES_01,13.2873
2024-01-16T20:51:00,COOLING_FLOW_01,170.3188
2024-01-16T20:51:00,PRIMARY_PRES_01,163.0304
2024-01-16T20:51:00,PRIMARY_TEMP_01,330.2897
2024-01-16T20:51:00,PRIMARY_FLOW_01,433.1859
2024-01-16T20:52:00,COOLING_TEMP_01,84.8514
2024-01-16T20:52:00,COOLING_PRES_01,13.0911
2024-01-16T20:52:00,COOLING_FLOW_01,173.0686
2024-01-16T20:52:00,COOLING_HEAT_01,27.4756
2024-01-16T20:52:00,PRIMARY_PRES_01,163.1272
2024-01-16T20:52:00,PRIMARY_TEMP_01,332.3477
2024-01-16T20:52:00,PRIMARY_FLOW_01,444.5573
2024-01-16T20:52:00,PRIMARY_LEVEL_01,65.8966
2024-01-16T20:53:00,COOLING_TEMP_01,84.9353
2024-01-16T20:53:00,COOLING_PRES_01,13.0586
2024-01-16T20:53:00,COOLING_FLOW_01,172.5807
2024-01-16T20:53:00,PRIMARY_PRES_01,163.0827
2024-01-16T20:53:00,PRIMARY_TEMP_01,328.4239
2024-01-16T20:53:00,PRIMARY_FLOW_01,438.7464
2024-01-16T20:54:00,COOLING_TEMP_01,85.6755
2024-01-16T20:54:00,COOLING_PRES_01,13.0915
2024-01-16T20:54:00,COOLING_FLOW_01,169.3223
2024-01-16T20:54:00,COOLING_HEAT_01,27.3576
2024-01-16T20:54:00,PRIMARY_PRES_01,163.2843
2024-01-16T20:54:00,PRIMARY_TEMP_01,332.1199
2024-01-16T20:54:00,PRIMARY_FLOW_01,435.6304
2024-01-16T20:54:00,PRIMARY_LEVEL_01,65.5639
2024-01-16T20:55:00,COOLING_TEMP_01,85.7897
2024-01-16T20:55:00,COOLING_PRES_01,13.1454
2024-01-16T20:55:00,COOLING_FLOW_01,161.2379
2024-01-16T20:55:00,PRIMARY_PRES_01,163.1401
2024-01-16T20:55:00,PRIMARY_TEMP_01,331.5801
2024-01-16T20:55:00,PRIMARY_FLOW_01,444.7075
2024-01-16T20:56:00,COOLING_TEMP_01,85.3676
2024-01-16T20:56:00,COOLING_PRES_01,13.1414
2024-01-16T20:56:00,COOLING_FLOW_01,169.6505
2024-01-16T20:56:00,COOLING_HEAT_01,27.813
2024-01-16T20:56:00,PRIMARY_PRES_01,163.4637
2024-01-16T20:56:00,PRIMARY_TEMP_01,329.7231
2024-01-16T20:56:00,PRIMARY_FLOW_01,439.3888
2024-01-16T20:56:00,PRIMARY_LEVEL_01,65.9257
2024-01-16T20:57:00,COOLING_TEMP_01,85.8477
2024-01-16T20:57:00,COOLING_PRES_01,13.0207
2024-01-16T20:57:00,COOLING_FLOW_01,169.5845
2024-01-16T20:57:00,PRIMARY_PRES_01,162.9148
2024-01-16T20:57:00,PRIMARY_TEMP_01,332.2153
2024-01-16T20:57:00,PRIMARY_FLOW_01,439.8584
2024-01-16T20:58:00,COOLING_TEMP_01,85.3578
2024-01-16T20:58:00,COOLING_PRES_01,13.1526
2024-01-16T20:58:00,COOLING_FLOW_01,166.0986
2024-01-16T20:58:00,COOLING_HEAT_01,27.8504
2024-01-16T20:58:00,PRIMARY_PRES_01,162.1102
2024-01-16T20:58:00,PRIMARY_TEMP_01,330.5766
2024-01-16T20:58:00,PRIMARY_FLOW_01,441.8593
2024-01-16T20:58:00,PRIMARY_LEVEL_01,66.7456
2024-01-16T20:59:00,COOLING_TEMP_01,85.4613
2024-01-16T20:59:00,COOLING_PRES_01,13.2101
2024-01-16T20:59:00,COOLING_FLOW_01,169.298
2024-01-16T20:59:00,PRIMARY_PRES_01,163.5096
2024-01-16T20:59:00,PRIMARY_TEMP_01,330.6286
2024-01-16T20:59:00,PRIMARY_FLOW_01,438.3429
2024-01-16T21:00:00,COOLING_TEMP_01,84.6798
2024-01-16T21:00:00,COOLING_PRES_01,13.1508
2024-01-16T21:00:00,COOLING_FLOW_01,170.6213
2024-01-16T21:00:00,COOLING_HEAT_01,27.4915
2024-01-16T21:00:00,PRIMARY_PRES_01,162.9049
2024-01-16T21:00:00,PRIMARY_TEMP_01,329.8861
2024-01-16T21:00:00,PRIMARY_FLOW_01,441.8335
2024-01-16T21:00:00,PRIMARY_LEVEL_01,66.1535
2024-01-16T21:01:00,COOLING_TEMP_01,85.6537
2024-01-16T21:01:00,COOLING_PRES_01,13.0758
2024-01-16T21:01:00,COOLING_FLOW_01,169.819
2024-01-16T21:01:00,PRIMARY_PRES_01,162.7141
2024-01-16T21:01:00,PRIMARY_TEMP_01,330.4049
2024-01-16T21:01:00,PRIMARY_FLOW_01,433.0971
2024-01-16T21:02:00,COOLING_TEMP_01,86.0469
2024-01-16T21:02:00,COOLING_PRES_01,13.1478
2024-01-16T21:02:00,COOLING_FLOW_01,167.1492
2024-01-16T21:02:00,COOLING_HEAT_01,27.2706
2024-01-16T21:02:00,PRIMARY_PRES_01,163.6243
2024-01-16T21:02:00,PRIMARY_TEMP_01,331.0986
2024-01-16T21:02:00,PRIMARY_FLOW_01,443.2491
2024-01-16T21:02:00,PRIMARY_LEVEL_01,66.5055
2024-01-16T21:03:00,COOLING_TEMP_01,86.1586
2024-01-16T21:03:00,COOLING_PRES_01,13.0676
2024-01-16T21:03:00,COOLING_FLOW_01,169.2196
2024-01-16T21:03:00,PRIMARY_PRES_01,163.0405
2024-01-16T21:03:00,PRIMARY_TEMP_01,330.2899
2024-01-16T21:03:00,PRIMARY_FLOW_01,450.8957
2024-01-16T21:04:00,COOLING_TEMP_01,84.953
2024-01-16T21:04:00,COOLING_PRES_01,13.3173
2024-01-16T21:04:00,COOLING_FLOW_01,167.0475
2024-01-16T21:04:00,COOLING_HEAT_01,27.75
2024-01-16T21:04:00,PRIMARY_PRES_01,162.85
2024-01-16T21:04:00,PRIMARY_TEMP_01,330.0347
2024-01-16T21:04:00,PRIMARY_FLOW_01,430.6711
2024-01-16T21:04:00,PRIMARY_LEVEL_01,66.1364
2024-01-16T21:05:00,COOLING_TEMP_01,85.8406
2024-01-16T21:05:00,COOLING_PRES_01,13.0651
2024-01-16T21:05:00,COOLING_FLOW_01,165.8183
2024-01-16T21:05:00,PRIMARY_PRES_01,163.3592
2024-01-16T21:05:00,PRIMARY_TEMP_01,330.9185
2024-01-16T21:05:00,PRIMARY_FLOW_01,438.6471
2024-01-16T21:06:00,COOLING_TEMP_01,85.8487
2024-01-16T21:06:00,COOLING_PRES_01,13.1501
2024-01-16T21:06:00,COOLING_FLOW_01,172.0977
2024-01-16T21:06:00,COOLING_HEAT_01,27.743
2024-01-16T21:06:00,PRIMARY_PRES_01,163.0503
2024-01-16T21:06:00,PRIMARY_TEMP_01,330.7344
2024-01-16T21:06:00,PRIMARY_FLOW_01,432.6244
2024-01-16T21:06:00,PRIMARY_LEVEL_01,66.1301
2024-01-16T21:07:00,COOLING_TEMP_01,84.7614
2024-01-16T21:07:00,COOLING_PRES_01,13.1266
2024-01-16T21:07:00,COOLING_FLOW_01,170.2631
2024-01-16T21:07:00,PRIMARY_PRES_01,163.0104
2024-01-16T21:07:00,PRIMARY_TEMP_01,328.0473
2024-01-16T21:07:00,PRIMARY_FLOW_01,436.312
2024-01-16T21:08:00,COOLING_TEMP_01,85.957
2024-01-16T21:08:00,COOLING_PRES_01,13.0713
2024-01-16T21:08:00,COOLING_FLOW_01,167.0238
2024-01-16T21:08:00,COOLING_HEAT_01,27.5888
2024-01-16T21:08:00,PRIMARY_PRES_01,163.6923
2024-01-16T21:08:00,PRIMARY_TEMP_01,330.7531
2024-01-16T21:08:00,PRIMARY_FLOW_01,451.1902
2024-01-16T21:08:00,PRIMARY_LEVEL_01,66.0321
2024-01-16T21:09:00,COOLING_TEMP_01,83.8061
2024-01-16T21:09:00,COOLING_PRES_01,13.088
2024-01-16T21:09:00,COOLING_FLOW_01,172.1167
2024-01-16T21:09:00,PRIMARY_PRES_01,162.9616
2024-01-16T21:09:00,PRIMARY_TEMP_01,329.6311
2024-01-16T21:09:00,PRIMARY_FLOW_01,439.9624
2024-01-16T21:10:00,COOLING_TEMP_01,85.955
2024-01-16T21:10:00,COOLING_PRES_01,13.1083
2024-01-16T21:10:00,COOLING_FLOW_01,163.6832
2024-01-16T21:10:00,COOLING_HEAT_01,28.0233
2024-01-16T21:10:00,PRIMARY_PRES_01,162.894
2024-01-16T21:10:00,PRIMARY_TEMP_01,328.8861
2024-01-16T21:10:00,PRIMARY_FLOW_01,442.0668
2024-01-16T21:10:00,PRIMARY_LEVEL_01,65.3679
2024-01-16T21:11:00,COOLING_TEMP_01,85.2286
2024-01-16T21:11:00,COOLING_PRES_01,13.1402
2024-01-16T21:11:00,COOLING_FLOW_01,166.5213
2024-01-16T21:11:00,PRIMARY_PRES_01,163.2003
2024-01-16T21:11:00,PRIMARY_TEMP_01,330.9957
2024-01-16T21:11:00,PRIMARY_FLOW_01,436.4016
2024-01-16T21:12:00,COOLING_TEMP_01,85.9685
2024-01-16T21:12:00,COOLING_PRES_01,13.052
2024-01-16T21:12:00,COOLING_FLOW_01,170.3321
2024-01-16T21:12:00,COOLING_HEAT_01,27.9938
2024-01-16T21:12:00,PRIMARY_PRES_01,163.0473
2024-01-16T21:12:00,PRIMARY_TEMP_01,331.0988
2024-01-16T21:12:00,PRIMARY_FLOW_01,423.8666
2024-01-16T21:12:00,PRIMARY_LEVEL_01,65.0687
2024-01-16T21:13:00,COOLING_TEMP_01,85.4555
2024-01-16T21:13:00,COOLING_PRES_01,13.0373
2024-01-16T21:13:00,COOLING_FLOW_01,168.9395
2024-01-16T21:13:00,PRIMARY_PRES_01,162.9877
2024-01-16T21:13:00,PRIMARY_TEMP_01,329.8212
2024-01-16T21:13:00,PRIMARY_FLOW_01,431.2185
2024-01-16T21:14:00,COOLING_TEMP_01,84.6216
2024-01-16T21:14:00,COOLING_PRES_01,13.2475
2024-01-16T21:14:00,COOLING_FLOW_01,174.5101
2024-01-16T21:14:00,COOLING_HEAT_01,27.3791
2024-01-16T21:14:00,PRIMARY_PRES_01,163.3395
2024-01-16T21:14:00,PRIMARY_TEMP_01,331.7121
2024-01-16T21:14:00,PRIMARY_FLOW_01,436.8573
2024-01-16T21:14:00,PRIMARY_LEVEL_01,66.5301
2024-01-16T21:15:00,COOLING_TEMP_01,85.5845
2024-01-16T21:15:00,COOLING_PRES_01,13.1164
2024-01-16T21:15:00,COOLING_FLOW_01,167.3581
2024-01-16T21:15:00,PRIMARY_PRES_01,163.4235
2024-01-16T21:15:00,PRIMARY_TEMP_01,331.3075
2024-01-16T21:15:00,PRIMARY_FLOW_01,441.0022
2024-01-16T21:16:00,COOLING_TEMP_01,85.3378
2024-01-16T21:16:00,COOLING_PRES_01,13.2193
2024-01-16T21:16:00,COOLING_FLOW_01,162.6949
2024-01-16T21:16:00,COOLING_HEAT_01,27.9207
2024-01-16T21:16:00,PRIMARY_PRES_01,163.0025
2024-01-16T21:16:00,PRIMARY_TEMP_01,329.8816
2024-01-16T21:16:00,PRIMARY_FLOW_01,428.2415
2024-01-16T21:16:00,PRIMARY_LEVEL_01,66.7318
2024-01-16T21:17:00,COOLING_TEMP_01,84.8576
2024-01-16T21:17:00,COOLING_PRES_01,13.372
2024-01-16T21:17:00,COOLING_FLOW_01,169.8545
2024-01-16T21:17:00,PRIMARY_PRES_01,163.0038
2024-01-16T21:17:00,PRIMARY_TEMP_01,332.4674
2024-01-16T21:17:00,PRIMARY_FLOW_01,442.7485
2024-01-16T21:18:00,COOLING_TEMP_01,85.6345
2024-01-16T21:18:00,COOLING_PRES_01,13.0612
2024-01-16T21:18:00,COOLING_FLOW_01,168.8922
2024-01-16T21:18:00,COOLING_HEAT_01,27.6886
2024-01-16T21:18:00,PRIMARY_PRES_01,163.006
2024-01-16T21:18:00,PRIMARY_TEMP_01,329.6671
2024-01-16T21:18:00,PRIMARY_FLOW_01,447.3863
2024-01-16T21:18:00,PRIMARY_LEVEL_01,66.0168
2024-01-16T21:19:00,COOLING_TEMP_01,85.1291
2024-01-16T21:19:00,COOLING_PRES_01,13.0599
2024-01-16T21:19:00,COOLING_FLOW_01,172.9851
2024-01-16T21:19:00,PRIMARY_PRES_01,162.7663
2024-01-16T21:19:00,PRIMARY_TEMP_01,330.4675
2024-01-16T21:19:00,PRIMARY_FLOW_01,430.2638
2024-01-16T21:20:00,COOLING_TEMP_01,86.1859
2024-01-16T21:20:00,COOLING_PRES_01,13.0755
2024-01-16T21:20:00,COOLING_FLOW_01,167.3601
2024-01-16T21:20:00,COOLING_HEAT_01,28.2229
2024-01-16T21:20:00,PRIMARY_PRES_01,163.13
2024-01-16T21:20:00,PRIMARY_TEMP_01,329.6318
2024-01-16T21:20:00,PRIMARY_FLOW_01,439.7734
2024-01-16T21:20:00,PRIMARY_LEVEL_01,66.9194
2024-01-16T21:21:00,COOLING_TEMP_01,83.977
2024-01-16T21:21:00,COOLING_PRES_01,13.3812
2024-01-16T21:21:00,COOLING_FLOW_01,172.7616
2024-01-16T21:21:00,PRIMARY_PRES_01,163.0881
2024-01-16T21:21:00,PRIMARY_TEMP_01,329.2772
2024-01-16T21:21:00,PRIMARY_FLOW_01,439.8719
2024-01-16T21:22:00,COOLING_TEMP_01,85.0853
2024-01-16T21:22:00,COOLING_PRES_01,13.2006
2024-01-16T21:22:00,COOLING_FLOW_01,170.7696
2024-01-16T21:22:00,COOLING_HEAT_01,26.7659
2024-01-16T21:22:00,PRIMARY_PRES_01,163.9381
2024-01-16T21:22:00,PRIMARY_TEMP_01,332.0748
2024-01-16T21:22:00,PRIMARY_FLOW_01,437.3262
2024-01-16T21:22:00,PRIMARY_LEVEL_01,65.7422
2024-01-16T21:23:00,COOLING_TEMP_01,84.9331
2024-01-16T21:23:00,COOLING_PRES_01,13.1756
2024-01-16T21:23:00,COOLING_FLOW_01,167.8264
2024-01-16T21:23:00,PRIMARY_PRES_01,162.7645
2024-01-16T21:23:00,PRIMARY_TEMP_01,330.5282
2024-01-16T21:23:00,PRIMARY_FLOW_01,448.5749
2024-01-16T21:24:00,COOLING_TEMP_01,84.728
2024-01-16T21:24:00,COOLING_PRES_01,13.1212
2024-01-16T21:24:00,COOLING_FLOW_01,168.7092
2024-01-16T21:24:00,COOLING_HEAT_01,28.1596
2024-01-16T21:24:00,PRIMARY_PRES_01,162.9414
2024-01-16T21:24:00,PRIMARY_TEMP_01,332.9938
2024-01-16T21:24:00,PRIMARY_FLOW_01,434.9176
2024-01-16T21:24:00,PRIMARY_LEVEL_01,66.0555
2024-01-16T21:25:00,COOLING_TEMP_01,86.314
2024-01-16T21:25:00,COOLING_PRES_01,13.221
2024-01-16T21:25:00,COOLING_FLOW_01,172.0982
2024-01-16T21:25:00,PRIMARY_PRES_01,163.3682
2024-01-16T21:25:00,PRIMARY_TEMP_01,330.6531
2024-01-16T21:25:00,PRIMARY_FLOW_01,441.3938
2024-01-16T21:26:00,COOLING_TEMP_01,84.9812
2024-01-16T21:26:00,COOLING_PRES_01,13.1091
2024-01-16T21:26:00,COOLING_FLOW_01,171.988
2024-01-16T21:26:00,COOLING_HEAT_01,27.4937
2024-01-16T21:26:00,PRIMARY_PRES_01,162.8543
2024-01-16T21:26:00,PRIMARY_TEMP_01,329.6015
2024-01-16T21:26:00,PRIMARY_FLOW_01,438.5716
2024-01-16T21:26:00,PRIMARY_LEVEL_01,66.7945
2024-01-16T21:27:00,COOLING_TEMP_01,85.6645
2024-01-16T21:27:00,COOLING_PRES_01,13.0335
2024-01-16T21:27:00,COOLING_FLOW_01,165.8671
2024-01-16T21:27:00,PRIMARY_PRES_01,163.1672
2024-01-16T21:27:00,PRIMARY_TEMP_01,333.2462
2024-01-16T21:27:00,PRIMARY_FLOW_01,447.4924
2024-01-16T21:28:00,COOLING_TEMP_01,85.6079
2024-01-16T21:28:00,COOLING_PRES_01,13.3102
2024-01-16T21:28:00,COOLING_FLOW_01,166.6962
2024-01-16T21:28:00,COOLING_HEAT_01,27.433
2024-01-16T21:28:00,PRIMARY_PRES_01,162.6741
2024-01-16T21:28:00,PRIMARY_TEMP_01,329.6304
2024-01-16T21:28:00,PRIMARY_FLOW_01,444.6558
2024-01-16T21:28:00,PRIMARY_LEVEL_01,66.0538
2024-01-16T21:29:00,COOLING_TEMP_01,86.053
2024-01-16T21:29:00,COOLING_PRES_01,13.1146
2024-01-16T21:29:00,COOLING_FLOW_01,167.7463
2024-01-16T21:29:00,PRIMARY_PRES_01,163.1859
2024-01-16T21:29:00,PRIMARY_TEMP_01,328.0732
2024-01-16T21:29:00,PRIMARY_FLOW_01,428.4262
2024-01-16T21:30:00,COOLING_TEMP_01,85.3183
2024-01-16T21:30:00,COOLING_PRES_01,13.2896
2024-01-16T21:30:00,COOLING_FLOW_01,167.3744
2024-01-16T21:30:00,COOLING_HEAT_01,27.5426
2024-01-16T21:30:00,PRIMARY_PRES_01,162.9736
2024-01-16T21:30:00,PRIMARY_TEMP_01,330.4557
2024-01-16T21:30:00,PRIMARY_FLOW_01,429.7973
2024-01-16T21:30:00,PRIMARY_LEVEL_01,66.9877
2024-01-16T21:31:00,COOLING_TEMP_01,85.8399
2024-01-16T21:31:00,COOLING_PRES_01,13.0158
2024-01-16T21:31:00,COOLING_FLOW_01,171.5799
2024-01-16T21:31:00,PRIMARY_PRES_01,162.9834
2024-01-16T21:31:00,PRIMARY_TEMP_01,331.3114
2024-01-16T21:31:00,PRIMARY_FLOW_01,432.1362
2024-01-16T21:32:00,COOLING_TEMP_01,85.7908
2024-01-16T21:32:00,COOLING_PRES_01,13.36
2024-01-16T21:32:00,COOLING_FLOW_01,170.4786
2024-01-16T21:32:00,COOLING_HEAT_01,26.9874
2024-01-16T21:32:00,PRIMARY_PRES_01,162.9546
2024-01-16T21:32:00,PRIMARY_TEMP_01,330.2997
2024-01-16T21:32:00,PRIMARY_FLOW_01,450.3556
2024-01-16T21:32:00,PRIMARY_LEVEL_01,67.1308
2024-01-16T21:33:00,COOLING_TEMP_01,84.7217
2024-01-16T21:33:00,COOLING_PRES_01,13.289
2024-01-16T21:33:00,COOLING_FLOW_01,170.3187
2024-01-16T21:33:00,PRIMARY_PRES_01,163.5996
2024-01-16T21:33:00,PRIMARY_TEMP_01,330.1685
2024-01-16T21:33:00,PRIMARY_FLOW_01,429.4958
2024-01-16T21:34:00,COOLING_TEMP_01,84.6763
2024-01-16T21:34:00,COOLING_PRES_01,13.3093
2024-01-16T21:34:00,COOLING_FLOW_01,168.7389
2024-01-16T21:34:00,COOLING_HEAT_01,28.3763
2024-01-16T21:34:00,PRIMARY_PRES_01,163.1403
2024-01-16T21:34:00,PRIMARY_TEMP_01,331.3622
2024-01-16T21:34:00,PRIMARY_FLOW_01,434.3459
2024-01-16T21:34:00,PRIMARY_LEVEL_01,66.8642
2024-01-16T21:35:00,COOLING_TEMP_01,84.6898
2024-01-16T21:35:00,COOLING_PRES_01,13.1806
2024-01-16T21:35:00,COOLING_FLOW_01,173.1023
2024-01-16T21:35:00,PRIMARY_PRES_01,163.3942
2024-01-16T21:35:00,PRIMARY_TEMP_01,328.7933
2024-01-16T21:35:00,PRIMARY_FLOW_01,437.0369
2024-01-16T21:36:00,COOLING_TEMP_01,86.0135
2024-01-16T21:36:00,COOLING_PRES_01,13.5405
2024-01-16T21:36:00,COOLING_FLOW_01,169.8819
2024-01-16T21:36:00,COOLING_HEAT_01,27.9425
2024-01-16T21:36:00,PRIMARY_PRES_01,162.5844
2024-01-16T21:36:00,PRIMARY_TEMP_01,332.289
2024-01-16T21:36:00,PRIMARY_FLOW_01,432.2334
2024-01-16T21:36:00,PRIMARY_LEVEL_01,66.1398
2024-01-16T21:37:00,COOLING_TEMP_01,85.4856
2024-01-16T21:37:00,COOLING_PRES_01,13.1382
2024-01-16T21:37:00,COOLING_FLOW_01,169.4835
2024-01-16T21:37:00,PRIMARY_PRES_01,163.0936
2024-01-16T21:37:00,PRIMARY_TEMP_01,329.5004
2024-01-16T21:37:00,PRIMARY_FLOW_01,444.1306
2024-01-16T21:38:00,COOLING_TEMP_01,85.153
2024-01-16T21:38:00,COOLING_PRES_01,13.2043
2024-01-16T21:38:00,COOLING_FLOW_01,171.7556
2024-01-16T21:38:00,COOLING_HEAT_01,27.7703
2024-01-16T21:38:00,PRIMARY_PRES_01,162.8446
2024-01-16T21:38:00,PRIMARY_TEMP_01,330.2346
2024-01-16T21:38:00,PRIMARY_FLOW_01,453.4163
2024-01-16T21:38:00,PRIMARY_LEVEL_01,64.9477
2024-01-16T21:39:00,COOLING_TEMP_01,85.1738
2024-01-16T21:39:00,COOLING_PRES_01,13.2708
2024-01-16T21:39:00,COOLING_FLOW_01,166.1452
2024-01-16T21:39:00,PRIMARY_PRES_01,163.1028
2024-01-16T21:39:00,PRIMARY_TEMP_01,331.5532
2024-01-16T21:39:00,PRIMARY_FLOW_01,436.087
2024-01-16T21:40:00,COOLING_TEMP_01,85.4225
2024-01-16T21:40:00,COOLING_PRES_01,13.1956
2024-01-16T21:40:00,COOLING_FLOW_01,172.861
2024-01-16T21:40:00,COOLING_HEAT_01,27.2614
2024-01-16T21:40:00,PRIMARY_PRES_01,162.98
2024-01-16T21:40:00,PRIMARY_TEMP_01,330.0814
2024-01-16T21:40:00,PRIMARY_FLOW_01,430.1757
2024-01-16T21:40:00,PRIMARY_LEVEL_01,65.7176
2024-01-16T21:41:00,COOLING_TEMP_01,85.6047
2024-01-16T21:41:00,COOLING_PRES_01,13.1505
2024-01-16T21:41:00,COOLING_FLOW_01,169.6612
2024-01-16T21:41:00,PRIMARY_PRES_01,163.1309
2024-01-16T21:41:00,PRIMARY_TEMP_01,331.1605
2024-01-16T21:41:00,PRIMARY_FLOW_01,449.4379
2024-01-16T21:42:00,COOLING_TEMP_01,84.5195
2024-01-16T21:42:00,COOLING_PRES_01,13.2661
2024-01-16T21:42:00,COOLING_FLOW_01,168.4551
2024-01-16T21:42:00,COOLING_HEAT_01,27.7604
2024-01-16T21:42:00,PRIMARY_PRES_01,163.0956
2024-01-16T21:42:00,PRIMARY_TEMP_01,332.2607
2024-01-16T21:42:00,PRIMARY_FLOW_01,440.5496
2024-01-16T21:42:00,PRIMARY_LEVEL_01,65.9098
2024-01-16T21:43:00,COOLING_TEMP_01,84.5264
2024-01-16T21:43:00,COOLING_PRES_01,13.203
2024-01-16T21:43:00,COOLING_FLOW_01,170.005
2024-01-16T21:43:00,PRIMARY_PRES_01,162.9239
2024-01-16T21:43:00,PRIMARY_TEMP_01,330.2564
2024-01-16T21:43:00,PRIMARY_FLOW_01,440.9636
2024-01-16T21:44:00,COOLING_TEMP_01,84.5833
2024-01-16T21:44:00,COOLING_PRES_01,13.3808
2024-01-16T21:44:00,COOLING_FLOW_01,170.3379
2024-01-16T21:44:00,COOLING_HEAT_01,27.8169
2024-01-16T21:44:00,PRIMARY_PRES_01,163.2223
2024-01-16T21:44:00,PRIMARY_TEMP_01,330.5351
2024-01-16T21:44:00,PRIMARY_FLOW_01,427.3126
2024-01-16T21:44:00,PRIMARY_LEVEL_01,66.8834
2024-01-16T21:45:00,COOLING_TEMP_01,84.4951
2024-01-16T21:45:00,COOLING_PRES_01,13.3008
2024-01-16T21:45:00,COOLING_FLOW_01,166.5179
2024-01-16T21:45:00,PRIMARY_PRES_01,162.2727
2024-01-16T21:45:00,PRIMARY_TEMP_01,332.4407
2024-01-16T21:45:00,PRIMARY_FLOW_01,440.5996
2024-01-16T21:46:00,COOLING_TEMP_01,84.4662
2024-01-16T21:46:00,COOLING_PRES_01,13.458
2024-01-16T21:46:00,COOLING_FLOW_01,166.8738
2024-01-16T21:46:00,COOLING_HEAT_01,28.0381
2024-01-16T21:46:00,PRIMARY_PRES_01,162.8007
2024-01-16T21:46:00,PRIMARY_TEMP_01,332.2496
2024-01-16T21:46:00,PRIMARY_FLOW_01,432.4449
2024-01-16T21:46:00,PRIMARY_LEVEL_01,66.3978
2024-01-16T21:47:00,COOLING_TEMP_01,85.5537
2024-01-16T21:47:00,COOLING_PRES_01,13.2466
2024-01-16T21:47:00,COOLING_FLOW_01,170.0291
2024-01-16T21:47:00,PRIMARY_PRES_01,163.3149
2024-01-16T21:47:00,PRIMARY_TEMP_01,330.1214
2024-01-16T21:47:00,PRIMARY_FLOW_01,446.1921
2024-01-16T21:48:00,COOLING_TEMP_01,85.3572
2024-01-16T21:48:00,COOLING_PRES_01,13.3083
2024-01-16T21:48:00,COOLING_FLOW_01,171.7941
2024-01-16T21:48:00,COOLING_HEAT_01,27.4822
2024-01-16T21:48:00,PRIMARY_PRES_01,162.9882
2024-01-16T21:48:00,PRIMARY_TEMP_01,331.4008
2024-01-16T21:48:00,PRIMARY_FLOW_01,439.1803
2024-01-16T21:48:00,PRIMARY_LEVEL_01,65.0561
2024-01-16T21:49:00,COOLING_TEMP_01,85.7685
2024-01-16T21:49:00,COOLING_PRES_01,13.0738
2024-01-16T21:49:00,COOLING_FLOW_01,172.2802
2024-01-16T21:49:00,PRIMARY_PRES_01,163.0215
2024-01-16T21:49:00,PRIMARY_TEMP_01,332.3022
2024-01-16T21:49:00,PRIMARY_FLOW_01,440.4482
2024-01-16T21:50:00,COOLING_TEMP_01,85.6729
2024-01-16T21:50:00,COOLING_PRES_01,13.1211
2024-01-16T21:50:00,COOLING_FLOW_01,167.5096
2024-01-16T21:50:00,COOLING_HEAT_01,27.8958
2024-01-16T21:50:00,PRIMARY_PRES_01,163.0185
2024-01-16T21:50:00,PRIMARY_TEMP_01,331.9178
2024-01-16T21:50:00,PRIMARY_FLOW_01,437.8834
2024-01-16T21:50:00,PRIMARY_LEVEL_01,65.5684
2024-01-16T21:51:00,COOLING_TEMP_01,85.2226
2024-01-16T21:51:00,COOLING_PRES_01,13.3747
2024-01-16T21:51:00,COOLING_FLOW_01,172.5564
2024-01-16T21:51:00,PRIMARY_PRES_01,162.4566
2024-01-16T21:51:00,PRIMARY_TEMP_01,331.6814
2024-01-16T21:51:00,PRIMARY_FLOW_01,432.3038
2024-01-16T21:52:00,COOLING_TEMP_01,85.7474
2024-01-16T21:52:00,COOLING_PRES_01,13.2352
2024-01-16T21:52:00,COOLING_FLOW_01,167.8436
2024-01-16T21:52:00,COOLING_HEAT_01,27.5867
2024-01-16T21:52:00,PRIMARY_PRES_01,162.9552
2024-01-16T21:52:00,PRIMARY_TEMP_01,331.4314
2024-01-16T21:52:00,PRIMARY_FLOW_01,450.2702
2024-01-16T21:52:00,PRIMARY_LEVEL_01,66.1965
2024-01-16T21:53:00,COOLING_TEMP_01,85.7165
2024-01-16T21:53:00,COOLING_PRES_01,13.1512
2024-01-16T21:53:00,COOLING_FLOW_01,170.0849
2024-01-16T21:53:00,PRIMARY_PRES_01,162.9846
2024-01-16T21:53:00,PRIMARY_TEMP_01,330.9638
2024-01-16T21:53:00,PRIMARY_FLOW_01,442.908
2024-01-16T21:54:00,COOLING_TEMP_01,85.9145
2024-01-16T21:54:00,COOLING_PRES_01,13.2272
2024-01-16T21:54:00,COOLING_FLOW_01,173.8226
2024-01-16T21:54:00,COOLING_HEAT_01,27.5084
2024-01-16T21:54:00,PRIMARY_PRES_01,162.8058
2024-01-16T21:54:00,PRIMARY_TEMP_01,330.7797
2024-01-16T21:54:00,PRIMARY_FLOW_01,430.7895
2024-01-16T21:54:00,PRIMARY_LEVEL_01,65.9964
2024-01-16T21:55:00,COOLING_TEMP_01,85.1695
2024-01-16T21:55:00,COOLING_PRES_01,13.2153
2024-01-16T21:55:00,COOLING_FLOW_01,170.9314
2024-01-16T21:55:00,PRIMARY_PRES_01,163.2134
2024-01-16T21:55:00,PRIMARY_TEMP_01,330.6387
2024-01-16T21:55:00,PRIMARY_FLOW_01,447.2219
2024-01-16T21:56:00,COOLING_TEMP_01,85.3041
2024-01-16T21:56:00,COOLING_PRES_01,13.3815
2024-01-16T21:56:00,COOLING_FLOW_01,166.3778
2024-01-16T21:56:00,COOLING_HEAT_01,27.4906
2024-01-16T21:56:00,PRIMARY_PRES_01,162.6073
2024-01-16T21:56:00,PRIMARY_TEMP_01,332.0778
2024-01-16T21:56:00,PRIMARY_FLOW_01,443.4226
2024-01-16T21:56:00,PRIMARY_LEVEL_01,65.7019
2024-01-16T21:57:00,COOLING_TEMP_01,85.1779
2024-01-16T21:57:00,COOLING_PRES_01,13.1859
2024-01-16T21:57:00,COOLING_FLOW_01,175.7685
2024-01-16T21:57:00,PRIMARY_PRES_01,162.9069
2024-01-16T21:57:00,PRIMARY_TEMP_01,331.6291
2024-01-16T21:57:00,PRIMARY_FLOW_01,458.7747
2024-01-16T21:58:00,COOLING_TEMP_01,85.0637
2024-01-16T21:58:00,COOLING_PRES_01,13.0198
2024-01-16T21:58:00,COOLING_FLOW_01,169.213
2024-01-16T21:58:00,COOLING_HEAT_01,27.6799
2024-01-16T21:58:00,PRIMARY_PRES_01,163.3895
2024-01-16T21:58:00,PRIMARY_TEMP_01,332.2222
2024-01-16T21:58:00,PRIMARY_FLOW_01,426.706
2024-01-16T21:58:00,PRIMARY_LEVEL_01,65.9155
2024-01-16T21:59:00,COOLING_TEMP_01,85.7736
2024-01-16T21:59:00,COOLING_PRES_01,13.0048
2024-01-16T21:59:00,COOLING_FLOW_01,166.6393
2024-01-16T21:59:00,PRIMARY_PRES_01,162.7534
2024-01-16T21:59:00,PRIMARY_TEMP_01,331.6365
2024-01-16T21:59:00,PRIMARY_FLOW_01,436.4793
2024-01-16T22:00:00,COOLING_TEMP_01,84.8294
2024-01-16T22:00:00,COOLING_PRES_01,13.0617
2024-01-16T22:00:00,COOLING_FLOW_01,167.4763
2024-01-16T22:00:00,COOLING_HEAT_01,27.3464
2024-01-16T22:00:00,PRIMARY_PRES_01,162.8193
2024-01-16T22:00:00,PRIMARY_TEMP_01,330.441
2024-01-16T22:00:00,PRIMARY_FLOW_01,442.729
2024-01-16T22:00:00,PRIMARY_LEVEL_01,66.3743
2024-01-16T22:01:00,COOLING_TEMP_01,85.3861
2024-01-16T22:01:00,COOLING_PRES_01,13.2254
2024-01-16T22:01:00,COOLING_FLOW_01,163.6705
2024-01-16T22:01:00,PRIMARY_PRES_01,163.1105
2024-01-16T22:01:00,PRIMARY_TEMP_01,332.5077
2024-01-16T22:01:00,PRIMARY_FLOW_01,442.6973
2024-01-16T22:02:00,COOLING_TEMP_01,84.2295
2024-01-16T22:02:00,COOLING_PRES_01,13.2284
2024-01-16T22:02:00,COOLING_FLOW_01,168.7417
2024-01-16T22:02:00,COOLING_HEAT_01,27.5652
2024-01-16T22:02:00,PRIMARY_PRES_01,162.9605
2024-01-16T22:02:00,PRIMARY_TEMP_01,330.2075
2024-01-16T22:02:00,PRIMARY_FLOW_01,440.8716
2024-01-16T22:02:00,PRIMARY_LEVEL_01,66.1866
2024-01-16T22:03:00,COOLING_TEMP_01,84.1791
2024-01-16T22:03:00,COOLING_PRES_01,13.1644
2024-01-16T22:03:00,COOLING_FLOW_01,168.795
2024-01-16T22:03:00,PRIMARY_PRES_01,162.6399
2024-01-16T22:03:00,PRIMARY_TEMP_01,330.523
2024-01-16T22:03:00,PRIMARY_FLOW_01,440.5042
2024-01-16T22:04:00,COOLING_TEMP_01,86.2174
2024-01-16T22:04:00,COOLING_PRES_01,13.2673
2024-01-16T22:04:00,COOLING_FLOW_01,168.5723
2024-01-16T22:04:00,COOLING_HEAT_01,27.2392
2024-01-16T22:04:00,PRIMARY_PRES_01,162.4715
2024-01-16T22:04:00,PRIMARY_TEMP_01,331.4942
2024-01-16T22:04:00,PRIMARY_FLOW_01,437.612
2024-01-16T22:04:00,PRIMARY_LEVEL_01,65.9026
2024-01-16T22:05:00,COOLING_TEMP_01,85.2009
2024-01-16T22:05:00,COOLING_PRES_01,13.4153
2024-01-16T22:05:00,COOLING_FLOW_01,175.2846
2024-01-16T22:05:00,PRIMARY_PRES_01,163.2468
2024-01-16T22:05:00,PRIMARY_TEMP_01,329.1057
2024-01-16T22:05:00,PRIMARY_FLOW_01,448.8969
2024-01-16T22:06:00,COOLING_TEMP_01,85.1588
2024-01-16T22:06:00,COOLING_PRES_01,13.1195
2024-01-16T22:06:00,COOLING_FLOW_01,168.4461
2024-01-16T22:06:00,COOLING_HEAT_01,27.5619
2024-01-16T22:06:00,PRIMARY_PRES_01,162.8756
2024-01-16T22:06:00,PRIMARY_TEMP_01,333.6554
2024-01-16T22:06:00,PRIMARY_FLOW_01,438.2439
2024-01-16T22:06:00,PRIMARY_LEVEL_01,66.4196
2024-01-16T22:07:00,COOLING_TEMP_01,85.4725
2024-01-16T22:07:00,COOLING_PRES_01,13.1399
2024-01-16T22:07:00,COOLING_FLOW_01,173.0331
2024-01-16T22:07:00,PRIMARY_PRES_01,162.689
2024-01-16T22:07:00,PRIMARY_TEMP_01,331.236
2024-01-16T22:07:00,PRIMARY_FLOW_01,451.4393
2024-01-16T22:08:00,COOLING_TEMP_01,84.9383
2024-01-16T22:08:00,COOLING_PRES_01,13.2239
2024-01-16T22:08:00,COOLING_FLOW_01,170.4792
2024-01-16T22:08:00,COOLING_HEAT_01,27.3313
2024-01-16T22:08:00,PRIMARY_PRES_01,162.6448
2024-01-16T22:08:00,PRIMARY_TEMP_01,330.7744
2024-01-16T22:08:00,PRIMARY_FLOW_01,436.5541
2024-01-16T22:08:00,PRIMARY_LEVEL_01,66.1692
2024-01-16T22:09:00,COOLING_TEMP_01,85.2522
2024-01-16T22:09:00,COOLING_PRES_01,13.2684
2024-01-16T22:09:00,COOLING_FLOW_01,165.3564
2024-01-16T22:09:00,PRIMARY_PRES_01,163.2508
2024-01-16T22:09:00,PRIMARY_TEMP_01,331.4159
2024-01-16T22:09:00,PRIMARY_FLOW_01,438.771
2024-01-16T22:10:00,COOLING_TEMP_01,86.5528
2024-01-16T22:10:00,COOLING_PRES_01,13.2905
2024-01-16T22:10:00,COOLING_FLOW_01,170.8465
2024-01-16T22:10:00,COOLING_HEAT_01,27.2446
2024-01-16T22:10:00,PRIMARY_PRES_01,163.0069
2024-01-16T22:10:00,PRIMARY_TEMP_01,331.2369
2024-01-16T22:10:00,PRIMARY_FLOW_01,437.1598
2024-01-16T22:10:00,PRIMARY_LEVEL_01,65.4551
2024-01-16T22:11:00,COOLING_TEMP_01,86.0989
2024-01-16T22:11:00,COOLING_PRES_01,13.2402
2024-01-16T22:11:00,COOLING_FLOW_01,172.1942
2024-01-16T22:11:00,PRIMARY_PRES_01,162.8609
2024-01-16T22:11:00,PRIMARY_TEMP_01,331.3335
2024-01-16T22:11:00,PRIMARY_FLOW_01,449.6009
2024-01-16T22:12:00,COOLING_TEMP_01,85.5479
2024-01-16T22:12:00,COOLING_PRES_01,13.1456
2024-01-16T22:12:00,COOLING_FLOW_01,170.1396
2024-01-16T22:12:00,COOLING_HEAT_01,27.2957
2024-01-16T22:12:00,PRIMARY_PRES_01,162.2667
2024-01-16T22:12:00,PRIMARY_TEMP_01,331.3472
2024-01-16T22:12:00,PRIMARY_FLOW_01,452.6278
2024-01-16T22:12:00,PRIMARY_LEVEL_01,65.6359
2024-01-16T22:13:00,COOLING_TEMP_01,84.7935
2024-01-16T22:13:00,COOLING_PRES_01,13.2776
2024-01-16T22:13:00,COOLING_FLOW_01,167.288
2024-01-16T22:13:00,PRIMARY_PRES_01,162.9844
2024-01-16T22:13:00,PRIMARY_TEMP_01,331.4583
2024-01-16T22:13:00,PRIMARY_FLOW_01,453.6769
2024-01-16T22:14:00,COOLING_TEMP_01,85.2312
2024-01-16T22:14:00,COOLING_PRES_01,13.4475
2024-01-16T22:14:00,COOLING_FLOW_01,174.3421
2024-01-16T22:14:00,COOLING_HEAT_01,27.854
2024-01-16T22:14:00,PRIMARY_PRES_01,162.7233
2024-01-16T22:14:00,PRIMARY_TEMP_01,331.9316
2024-01-16T22:14:00,PRIMARY_FLOW_01,440.2365
2024-01-16T22:14:00,PRIMARY_LEVEL_01,65.5086
2024-01-16T22:15:00,COOLING_TEMP_01,85.0414
2024-01-16T22:15:00,COOLING_PRES_01,13.2876
2024-01-16T22:15:00,COOLING_FLOW_01,172.5383
2024-01-16T22:15:00,PRIMARY_PRES_01,163.0336
2024-01-16T22:15:00,PRIMARY_TEMP_01,334.1345
2024-01-16T22:15:00,PRIMARY_FLOW_01,435.8994
2024-01-16T22:16:00,COOLING_TEMP_01,86.7035
2024-01-16T22:16:00,COOLING_PRES_01,13.1775
2024-01-16T22:16:00,COOLING_FLOW_01,169.8198
2024-01-16T22:16:00,COOLING_HEAT_01,28.2919
2024-01-16T22:16:00,PRIMARY_PRES_01,163.0941
2024-01-16T22:16:00,PRIMARY_TEMP_01,331.4562
2024-01-16T22:16:00,PRIMARY_FLOW_01,431.993
2024-01-16T22:16:00,PRIMARY_LEVEL_01,65.4195
2024-01-16T22:17:00,COOLING_TEMP_01,85.5969
2024-01-16T22:17:00,COOLING_PRES_01,13.1891
2024-01-16T22:17:00,COOLING_FLOW_01,169.9181
2024-01-16T22:17:00,PRIMARY_PRES_01,162.7073
2024-01-16T22:17:00,PRIMARY_TEMP_01,329.648
2024-01-16T22:17:00,PRIMARY_FLOW_01,436.6301
2024-01-16T22:18:00,COOLING_TEMP_01,86.2283
2024-01-16T22:18:00,COOLING_PRES_01,13.2516
2024-01-16T22:18:00,COOLING_FLOW_01,168.2652
2024-01-16T22:18:00,COOLING_HEAT_01,26.9952
2024-01-16T22:18:00,PRIMARY_PRES_01,163.536
2024-01-16T22:18:00,PRIMARY_TEMP_01,328.8248
2024-01-16T22:18:00,PRIMARY_FLOW_01,441.913
2024-01-16T22:18:00,PRIMARY_LEVEL_01,66.5458
2024-01-16T22:19:00,COOLING_TEMP_01,86.7445
2024-01-16T22:19:00,COOLING_PRES_01,13.1073
2024-01-16T22:19:00,COOLING_FLOW_01,168.9479
2024-01-16T22:19:00,PRIMARY_PRES_01,162.7548
2024-01-16T22:19:00,PRIMARY_TEMP_01,330.1562
2024-01-16T22:19:00,PRIMARY_FLOW_01,440.407
2024-01-16T22:20:00,COOLING_TEMP_01,85.1789
2024-01-16T22:20:00,COOLING_PRES_01,13.3415
2024-01-16T22:20:00,COOLING_FLOW_01,169.5332
2024-01-16T22:20:00,COOLING_HEAT_01,27.9163
2024-01-16T22:20:00,PRIMARY_PRES_01,162.7775
2024-01-16T22:20:00,PRIMARY_TEMP_01,331.8221
2024-01-16T22:20:00,PRIMARY_FLOW_01,443.7751
2024-01-16T22:20:00,PRIMARY_LEVEL_01,66.3198
2024-01-16T22:21:00,COOLING_TEMP_01,86.6915
2024-01-16T22:21:00,COOLING_PRES_01,13.2864
2024-01-16T22:21:00,COOLING_FLOW_01,166.1661
2024-01-16T22:21:00,PRIMARY_PRES_01,163.164
2024-01-16T22:21:00,PRIMARY_TEMP_01,329.6732
2024-01-16T22:21:00,PRIMARY_FLOW_01,444.5862
2024-01-16T22:22:00,COOLING_TEMP_01,84.7444
2024-01-16T22:22:00,COOLING_PRES_01,13.1967
2024-01-16T22:22:00,COOLING_FLOW_01,168.0048
2024-01-16T22:22:00,COOLING_HEAT_01,28.373
2024-01-16T22:22:00,PRIMARY_PRES_01,162.9522
2024-01-16T22:22:00,PRIMARY_TEMP_01,332.1992
2024-01-16T22:22:00,PRIMARY_FLOW_01,429.958
2024-01-16T22:22:00,PRIMARY_LEVEL_01,65.7777
2024-01-16T22:23:00,COOLING_TEMP_01,85.6173
2024-01-16T22:23:00,COOLING_PRES_01,13.0643
2024-01-16T22:23:00,COOLING_FLOW_01,172.848
2024-01-16T22:23:00,PRIMARY_PRES_01,162.938
2024-01-16T22:23:00,PRIMARY_TEMP_01,329.7446
2024-01-16T22:23:00,PRIMARY_FLOW_01,441.1822
2024-01-16T22:24:00,COOLING_TEMP_01,84.1576
2024-01-16T22:24:00,COOLING_PRES_01,13.2402
2024-01-16T22:24:00,COOLING_FLOW_01,170.418
2024-01-16T22:24:00,COOLING_HEAT_01,28.0911
2024-01-16T22:24:00,PRIMARY_PRES_01,162.5759
2024-01-16T22:24:00,PRIMARY_TEMP_01,329.0544
2024-01-16T22:24:00,PRIMARY_FLOW_01,441.0524
2024-01-16T22:24:00,PRIMARY_LEVEL_01,66.5553
2024-01-16T22:25:00,COOLING_TEMP_01,85.5527
2024-01-16T22:25:00,COOLING_PRES_01,13.0341
2024-01-16T22:25:00,COOLING_FLOW_01,168.9574
2024-01-16T22:25:00,PRIMARY_PRES_01,162.9575
2024-01-16T22:25:00,PRIMARY_TEMP_01,331.1805
2024-01-16T22:25:00,PRIMARY_FLOW_01,438.299
2024-01-16T22:26:00,COOLING_TEMP_01,85.2774
2024-01-16T22:26:00,COOLING_PRES_01,13.1554
2024-01-16T22:26:00,COOLING_FLOW_01,171.9554
2024-01-16T22:26:00,COOLING_HEAT_01,27.9219
2024-01-16T22:26:00,PRIMARY_PRES_01,163.4433
2024-01-16T22:26:00,PRIMARY_TEMP_01,330.8403
2024-01-16T22:26:00,PRIMARY_FLOW_01,447.9164
2024-01-16T22:26:00,PRIMARY_LEVEL_01,65.303
2024-01-16T22:27:00,COOLING_TEMP_01,85.6464
2024-01-16T22:27:00,COOLING_PRES_01,13.3354
2024-01-16T22:27:00,COOLING_FLOW_01,168.5526
2024-01-16T22:27:00,PRIMARY_PRES_01,163.2503
2024-01-16T22:27:00,PRIMARY_TEMP_01,330.2125
2024-01-16T22:27:00,PRIMARY_FLOW_01,426.6233
2024-01-16T22:28:00,COOLING_TEMP_01,86.018
2024-01-16T22:28:00,COOLING_PRES_01,13.1892
2024-01-16T22:28:00,COOLING_FLOW_01,169.1452
2024-01-16T22:28:00,COOLING_HEAT_01,28.0658
2024-01-16T22:28:00,PRIMARY_PRES_01,163.0936
2024-01-16T22:28:00,PRIMARY_TEMP_01,331.484
2024-01-16T22:28:00,PRIMARY_FLOW_01,427.9775
2024-01-16T22:28:00,PRIMARY_LEVEL_01,66.0678
2024-01-16T22:29:00,COOLING_TEMP_01,85.1737
2024-01-16T22:29:00,COOLING_PRES_01,13.3155
2024-01-16T22:29:00,COOLING_FLOW_01,172.4792
2024-01-16T22:29:00,PRIMARY_PRES_01,163.3225
2024-01-16T22:29:00,PRIMARY_TEMP_01,331.503
2024-01-16T22:29:00,PRIMARY_FLOW_01,449.3172
2024-01-16T22:30:00,COOLING_TEMP_01,85.5156
2024-01-16T22:30:00,COOLING_PRES_01,13.3738
2024-01-16T22:30:00,COOLING_FLOW_01,170.4256
2024-01-16T22:30:00,COOLING_HEAT_01,28.1772
2024-01-16T22:30:00,PRIMARY_PRES_01,162.9028
2024-01-16T22:30:00,PRIMARY_TEMP_01,331.9205
2024-01-16T22:30:00,PRIMARY_FLOW_01,443.4092
2024-01-16T22:30:00,PRIMARY_LEVEL_01,66.2125
2024-01-16T22:31:00,COOLING_TEMP_01,85.8283
2024-01-16T22:31:00,COOLING_PRES_01,12.9023
2024-01-16T22:31:00,COOLING_FLOW_01,175.0735
2024-01-16T22:31:00,PRIMARY_PRES_01,163.0255
2024-01-16T22:31:00,PRIMARY_TEMP_01,330.9178
2024-01-16T22:31:00,PRIMARY_FLOW_01,435.273
2024-01-16T22:32:00,COOLING_TEMP_01,85.5799
2024-01-16T22:32:00,COOLING_PRES_01,13.1315
2024-01-16T22:32:00,COOLING_FLOW_01,173.3957
2024-01-16T22:32:00,COOLING_HEAT_01,27.6937
2024-01-16T22:32:00,PRIMARY_PRES_01,162.462
2024-01-16T22:32:00,PRIMARY_TEMP_01,332.8734
2024-01-16T22:32:00,PRIMARY_FLOW_01,445.8059
2024-01-16T22:32:00,PRIMARY_LEVEL_01,65.7926
2024-01-16T22:33:00,COOLING_TEMP_01,85.269
2024-01-16T22:33:00,COOLING_PRES_01,12.9872
2024-01-16T22:33:00,COOLING_FLOW_01,169.4722
2024-01-16T22:33:00,PRIMARY_PRES_01,162.5292
2024-01-16T22:33:00,PRIMARY_TEMP_01,329.6648
2024-01-16T22:33:00,PRIMARY_FLOW_01,450.0799
2024-01-16T22:34:00,COOLING_TEMP_01,86.1954
2024-01-16T22:34:00,COOLING_PRES_01,13.0536
2024-01-16T22:34:00,COOLING_FLOW_01,172.4037
2024-01-16T22:34:00,COOLING_HEAT_01,27.8465
2024-01-16T22:34:00,PRIMARY_PRES_01,163.1928
2024-01-16T22:34:00,PRIMARY_TEMP_01,330.7608
2024-01-16T22:34:00,PRIMARY_FLOW_01,438.5977
2024-01-16T22:34:00,PRIMARY_LEVEL_01,65.3225
2024-01-16T22:35:00,COOLING_TEMP_01,86.0489
2024-01-16T22:35:00,COOLING_PRES_01,13.2455
2024-01-16T22:35:00,COOLING_FLOW_01,171.0689
2024-01-16T22:35:00,PRIMARY_PRES_01,162.8013
2024-01-16T22:35:00,PRIMARY_TEMP_01,330.1541
2024-01-16T22:35:00,PRIMARY_FLOW_01,436.6125
2024-01-16T22:36:00,COOLING_TEMP_01,85.1928
2024-01-16T22:36:00,COOLING_PRES_01,13.2322
2024-01-16T22:36:00,COOLING_FLOW_01,168.8234
2024-01-16T22:36:00,COOLING_HEAT_01,27.7722
2024-01-16T22:36:00,PRIMARY_PRES_01,163.3007
2024-01-16T22:36:00,PRIMARY_TEMP_01,332.0355
2024-01-16T22:36:00,PRIMARY_FLOW_01,442.0861
2024-01-16T22:36:00,PRIMARY_LEVEL_01,66.295
2024-01-16T22:37:00,COOLING_TEMP_01,86.3832
2024-01-16T22:37:00,COOLING_PRES_01,13.0845
2024-01-16T22:37:00,COOLING_FLOW_01,166.3762
2024-01-16T22:37:00,PRIMARY_PRES_01,163.1124
2024-01-16T22:37:00,PRIMARY_TEMP_01,331.1358
2024-01-16T22:37:00,PRIMARY_FLOW_01,439.426
2024-01-16T22:38:00,COOLING_TEMP_01,85.9158
2024-01-16T22:38:00,COOLING_PRES_01,13.2879
2024-01-16T22:38:00,COOLING_FLOW_01,167.9262
2024-01-16T22:38:00,COOLING_HEAT_01,27.9369
2024-01-16T22:38:00,PRIMARY_PRES_01,163.3725
2024-01-16T22:38:00,PRIMARY_TEMP_01,331.7235
2024-01-16T22:38:00,PRIMARY_FLOW_01,441.1922
2024-01-16T22:38:00,PRIMARY_LEVEL_01,65.4059
2024-01-16T22:39:00,COOLING_TEMP_01,85.8321
2024-01-16T22:39:00,COOLING_PRES_01,13.0353
2024-01-16T22:39:00,COOLING_FLOW_01,172.2124
2024-01-16T22:39:00,PRIMARY_PRES_01,162.9735
2024-01-16T22:39:00,PRIMARY_TEMP_01,330.7162
2024-01-16T22:39:00,PRIMARY_FLOW_01,438.8591
2024-01-16T22:40:00,COOLING_TEMP_01,86.6999
2024-01-16T22:40:00,COOLING_PRES_01,13.2067
2024-01-16T22:40:00,COOLING_FLOW_01,167.4984
2024-01-16T22:40:00,COOLING_HEAT_01,27.8064
2024-01-16T22:40:00,PRIMARY_PRES_01,162.9465
2024-01-16T22:40:00,PRIMARY_TEMP_01,328.7371
2024-01-16T22:40:00,PRIMARY_FLOW_01,439.9025
2024-01-16T22:40:00,PRIMARY_LEVEL_01,66.082
2024-01-16T22:41:00,COOLING_TEMP_01,85.7427
2024-01-16T22:41:00,COOLING_PRES_01,13.3241
2024-01-16T22:41:00,COOLING_FLOW_01,166.2079
2024-01-16T22:41:00,PRIMARY_PRES_01,162.9598
2024-01-16T22:41:00,PRIMARY_TEMP_01,332.3614
2024-01-16T22:41:00,PRIMARY_FLOW_01,437.0093
2024-01-16T22:42:00,COOLING_TEMP_01,85.8036
2024-01-16T22:42:00,COOLING_PRES_01,13.2347
2024-01-16T22:42:00,COOLING_FLOW_01,162.7892
2024-01-16T22:42:00,COOLING_HEAT_01,28.2494
2024-01-16T22:42:00,PRIMARY_PRES_01,162.5087
2024-01-16T22:42:00,PRIMARY_TEMP_01,333.1965
2024-01-16T22:42:00,PRIMARY_FLOW_01,455.1876
2024-01-16T22:42:00,PRIMARY_LEVEL_01,66.1042
2024-01-16T22:43:00,COOLING_TEMP_01,86.6052
2024-01-16T22:43:00,COOLING_PRES_01,13.2403
2024-01-16T22:43:00,COOLING_FLOW_01,172.1309
2024-01-16T22:43:00,PRIMARY_PRES_01,163.3705
2024-01-16T22:43:00,PRIMARY_TEMP_01,332.5516
2024-01-16T22:43:00,PRIMARY_FLOW_01,430.8202
2024-01-16T22:44:00,COOLING_TEMP_01,85.6197
2024-01-16T22:44:00,COOLING_PRES_01,13.185
2024-01-16T22:44:00,COOLING_FLOW_01,170.9351
2024-01-16T22:44:00,COOLING_HEAT_01,27.8988
2024-01-16T22:44:00,PRIMARY_PRES_01,162.8694
2024-01-16T22:44:00,PRIMARY_TEMP_01,332.9047
2024-01-16T22:44:00,PRIMARY_FLOW_01,440.089
2024-01-16T22:44:00,PRIMARY_LEVEL_01,66.287
2024-01-16T22:45:00,COOLING_TEMP_01,85.3275
2024-01-16T22:45:00,COOLING_PRES_01,13.3187
2024-01-16T22:45:00,COOLING_FLOW_01,174.7352
2024-01-16T22:45:00,PRIMARY_PRES_01,163.5725
2024-01-16T22:45:00,PRIMARY_TEMP_01,331.8631
2024-01-16T22:45:00,PRIMARY_FLOW_01,446.1118
2024-01-16T22:46:00,COOLING_TEMP_01,85.9798
2024-01-16T22:46:00,COOLING_PRES_01,13.2513
2024-01-16T22:46:00,COOLING_FLOW_01,172.937
2024-01-16T22:46:00,COOLING_HEAT_01,27.9681
2024-01-16T22:46:00,PRIMARY_PRES_01,163.3346
2024-01-16T22:46:00,PRIMARY_TEMP_01,330.9842
2024-01-16T22:46:00,PRIMARY_FLOW_01,442.9423
2024-01-16T22:46:00,PRIMARY_LEVEL_01,66.4647
2024-01-16T22:47:00,COOLING_TEMP_01,86.6693
2024-01-16T22:47:00,COOLING_PRES_01,13.2975
2024-01-16T22:47:00,COOLING_FLOW_01,170.5131
2024-01-16T22:47:00,PRIMARY_PRES_01,162.9682
2024-01-16T22:47:00,PRIMARY_TEMP_01,328.3224
2024-01-16T22:47:00,PRIMARY_FLOW_01,437.1892
2024-01-16T22:48:00,COOLING_TEMP_01,85.7104
2024-01-16T22:48:00,COOLING_PRES_01,13.3579
2024-01-16T22:48:00,COOLING_FLOW_01,174.0761
2024-01-16T22:48:00,COOLING_HEAT_01,27.8299
2024-01-16T22:48:00,PRIMARY_PRES_01,163.1464
2024-01-16T22:48:00,PRIMARY_TEMP_01,330.4209
2024-01-16T22:48:00,PRIMARY_FLOW_01,439.6671
2024-01-16T22:48:00,PRIMARY_LEVEL_01,65.4247
2024-01-16T22:49:00,COOLING_TEMP_01,86.25
2024-01-16T22:49:00,COOLING_PRES_01,13.1786
2024-01-16T22:49:00,COOLING_FLOW_01,176.7557
2024-01-16T22:49:00,PRIMARY_PRES_01,162.7164
2024-01-16T22:49:00,PRIMARY_TEMP_01,332.8559
2024-01-16T22:49:00,PRIMARY_FLOW_01,438.0227
2024-01-16T22:50:00,COOLING_TEMP_01,85.274
2024-01-16T22:50:00,COOLING_PRES_01,13.2103
2024-01-16T22:50:00,COOLING_FLOW_01,171.9578
2024-01-16T22:50:00,COOLING_HEAT_01,27.9085
2024-01-16T22:50:00,PRIMARY_PRES_01,163.0687
2024-01-16T22:50:00,PRIMARY_TEMP_01,331.2405
2024-01-16T22:50:00,PRIMARY_FLOW_01,437.309
2024-01-16T22:50:00,PRIMARY_LEVEL_01,65.8213
2024-01-16T22:51:00,COOLING_TEMP_01,86.3691
2024-01-16T22:51:00,COOLING_PRES_01,13.1293
2024-01-16T22:51:00,COOLING_FLOW_01,174.3062
2024-01-16T22:51:00,PRIMARY_PRES_01,163.7525
2024-01-16T22:51:00,PRIMARY_TEMP_01,332.2433
2024-01-16T22:51:00,PRIMARY_FLOW_01,443.3902
2024-01-16T22:52:00,COOLING_TEMP_01,85.7159
2024-01-16T22:52:00,COOLING_PRES_01,13.1122
2024-01-16T22:52:00,COOLING_FLOW_01,176.8002
2024-01-16T22:52:00,COOLING_HEAT_01,28.3381
2024-01-16T22:52:00,PRIMARY_PRES_01,163.5146
2024-01-16T22:52:00,PRIMARY_TEMP_01,332.0465
2024-01-16T22:52:00,PRIMARY_FLOW_01,433.3872
2024-01-16T22:52:00,PRIMARY_LEVEL_01,65.3881
2024-01-16T22:53:00,COOLING_TEMP_01,85.4198
2024-01-16T22:53:00,COOLING_PRES_01,12.9874
2024-01-16T22:53:00,COOLING_FLOW_01,168.4075
2024-01-16T22:53:00,PRIMARY_PRES_01,162.6943
2024-01-16T22:53:00,PRIMARY_TEMP_01,331.3505
2024-01-16T22:53:00,PRIMARY_FLOW_01,437.996
2024-01-16T22:54:00,COOLING_TEMP_01,84.8824
2024-01-16T22:54:00,COOLING_PRES_01,13.1956
2024-01-16T22:54:00,COOLING_FLOW_01,175.5805
2024-01-16T22:54:00,COOLING_HEAT_01,28.041
2024-01-16T22:54:00,PRIMARY_PRES_01,162.7754
2024-01-16T22:54:00,PRIMARY_TEMP_01,331.6142
2024-01-16T22:54:00,PRIMARY_FLOW_01,436.3856
2024-01-16T22:54:00,PRIMARY_LEVEL_01,66.7741
2024-01-16T22:55:00,COOLING_TEMP_01,86.4644
2024-01-16T22:55:00,COOLING_PRES_01,13.0328
2024-01-16T22:55:00,COOLING_FLOW_01,169.6622
2024-01-16T22:55:00,PRIMARY_PRES_01,162.4573
2024-01-16T22:55:00,PRIMARY_TEMP_01,330.3276
2024-01-16T22:55:00,PRIMARY_FLOW_01,441.7745
2024-01-16T22:56:00,COOLING_TEMP_01,85.4247
2024-01-16T22:56:00,COOLING_PRES_01,13.2334
2024-01-16T22:56:00,COOLING_FLOW_01,167.2363
2024-01-16T22:56:00,COOLING_HEAT_01,27.7385
2024-01-16T22:56:00,PRIMARY_PRES_01,163.1422
2024-01-16T22:56:00,PRIMARY_TEMP_01,332.9878
2024-01-16T22:56:00,PRIMARY_FLOW_01,430.5395
2024-01-16T22:56:00,PRIMARY_LEVEL_01,65.7998
2024-01-16T22:57:00,COOLING_TEMP_01,85.8998
2024-01-16T22:57:00,COOLING_PRES_01,13.0617
2024-01-16T22:57:00,COOLING_FLOW_01,167.339
2024-01-16T22:57:00,PRIMARY_PRES_01,162.7927
2024-01-16T22:57:00,PRIMARY_TEMP_01,332.1936
2024-01-16T22:57:00,PRIMARY_FLOW_01,445.8218
2024-01-16T22:58:00,COOLING_TEMP_01,84.7281
2024-01-16T22:58:00,COOLING_PRES_01,13.1876
2024-01-16T22:58:00,COOLING_FLOW_01,172.3305
2024-01-16T22:58:00,COOLING_HEAT_01,28.196
2024-01-16T22:58:00,PRIMARY_PRES_01,162.9289
2024-01-16T22:58:00,PRIMARY_TEMP_01,332.541
2024-01-16T22:58:00,PRIMARY_FLOW_01,438.7951
2024-01-16T22:58:00,PRIMARY_LEVEL_01,66.3474
2024-01-16T22:59:00,COOLING_TEMP_01,86.2142
2024-01-16T22:59:00,COOLING_PRES_01,13.3082
2024-01-16T22:59:00,COOLING_FLOW_01,166.8687
2024-01-16T22:59:00,PRIMARY_PRES_01,163.0056
2024-01-16T22:59:00,PRIMARY_TEMP_01,330.1613
2024-01-16T22:59:00,PRIMARY_FLOW_01,433.5286
2024-01-16T23:00:00,COOLING_TEMP_01,85.781
2024-01-16T23:00:00,COOLING_PRES_01,13.0773
2024-01-16T23:00:00,COOLING_FLOW_01,164.5261
2024-01-16T23:00:00,COOLING_HEAT_01,27.8469
2024-01-16T23:00:00,PRIMARY_PRES_01,162.937
2024-01-16T23:00:00,PRIMARY_TEMP_01,333.8574
2024-01-16T23:00:00,PRIMARY_FLOW_01,441.0334
2024-01-16T23:00:00,PRIMARY_LEVEL_01,65.834
2024-01-16T23:01:00,COOLING_TEMP_01,86.148
2024-01-16T23:01:00,COOLING_PRES_01,13.1959
2024-01-16T23:01:00,COOLING_FLOW_01,164.7789
2024-01-16T23:01:00,PRIMARY_PRES_01,162.9759
2024-01-16T23:01:00,PRIMARY_TEMP_01,333.9689
2024-01-16T23:01:00,PRIMARY_FLOW_01,428.1802
2024-01-16T23:02:00,COOLING_TEMP_01,84.8792
2024-01-16T23:02:00,COOLING_PRES_01,13.3345
2024-01-16T23:02:00,COOLING_FLOW_01,173.0494
2024-01-16T23:02:00,COOLING_HEAT_01,27.8163
2024-01-16T23:02:00,PRIMARY_PRES_01,163.3849
2024-01-16T23:02:00,PRIMARY_TEMP_01,333.3175
2024-01-16T23:02:00,PRIMARY_FLOW_01,445.2911
2024-01-16T23:02:00,PRIMARY_LEVEL_01,66.4591
2024-01-16T23:03:00,COOLING_TEMP_01,85.1559
2024-01-16T23:03:00,COOLING_PRES_01,13.3159
2024-01-16T23:03:00,COOLING_FLOW_01,168.4924
2024-01-16T23:03:00,PRIMARY_PRES_01,162.5429
2024-01-16T23:03:00,PRIMARY_TEMP_01,332.5506
2024-01-16T23:03:00,PRIMARY_FLOW_01,444.5512
2024-01-16T23:04:00,COOLING_TEMP_01,85.8299
2024-01-16T23:04:00,COOLING_PRES_01,13.0513
2024-01-16T23:04:00,COOLING_FLOW_01,168.0947
2024-01-16T23:04:00,COOLING_HEAT_01,28.0161
2024-01-16T23:04:00,PRIMARY_PRES_01,162.7423
2024-01-16T23:04:00,PRIMARY_TEMP_01,332.0013
2024-01-16T23:04:00,PRIMARY_FLOW_01,440.9153
2024-01-16T23:04:00,PRIMARY_LEVEL_01,64.8772
2024-01-16T23:05:00,COOLING_TEMP_01,85.7286
2024-01-16T23:05:00,COOLING_PRES_01,13.1498
2024-01-16T23:05:00,COOLING_FLOW_01,165.1933
2024-01-16T23:05:00,PRIMARY_PRES_01,163.0937
2024-01-16T23:05:00,PRIMARY_TEMP_01,331.5046
2024-01-16T23:05:00,PRIMARY_FLOW_01,435.0701
2024-01-16T23:06:00,COOLING_TEMP_01,85.3497
2024-01-16T23:06:00,COOLING_PRES_01,13.1494
2024-01-16T23:06:00,COOLING_FLOW_01,174.0009
2024-01-16T23:06:00,COOLING_HEAT_01,27.5394
2024-01-16T23:06:00,PRIMARY_PRES_01,162.8238
2024-01-16T23:06:00,PRIMARY_TEMP_01,331.5891
2024-01-16T23:06:00,PRIMARY_FLOW_01,438.4727
2024-01-16T23:06:00,PRIMARY_LEVEL_01,66.46
2024-01-16T23:07:00,COOLING_TEMP_01,85.5362
2024-01-16T23:07:00,COOLING_PRES_01,13.2585
2024-01-16T23:07:00,COOLING_FLOW_01,171.6978
2024-01-16T23:07:00,PRIMARY_PRES_01,162.6544
2024-01-16T23:07:00,PRIMARY_TEMP_01,333.0025
2024-01-16T23:07:00,PRIMARY_FLOW_01,451.5209
2024-01-16T23:08:00,COOLING_TEMP_01,84.8984
2024-01-16T23:08:00,COOLING_PRES_01,13.0444
2024-01-16T23:08:00,COOLING_FLOW_01,168.2509
2024-01-16T23:08:00,COOLING_HEAT_01,28.0577
2024-01-16T23:08:00,PRIMARY_PRES_01,163.3073
2024-01-16T23:08:00,PRIMARY_TEMP_01,330.9415
2024-01-16T23:08:00,PRIMARY_FLOW_01,448.661
2024-01-16T23:08:00,PRIMARY_LEVEL_01,65.317
2024-01-16T23:09:00,COOLING_TEMP_01,85.2341
2024-01-16T23:09:00,COOLING_PRES_01,13.1337
2024-01-16T23:09:00,COOLING_FLOW_01,169.7298
2024-01-16T23:09:00,PRIMARY_PRES_01,163.0663
2024-01-16T23:09:00,PRIMARY_TEMP_01,331.8975
2024-01-16T23:09:00,PRIMARY_FLOW_01,433.9031
2024-01-16T23:10:00,COOLING_TEMP_01,86.5797
2024-01-16T23:10:00,COOLING_PRES_01,12.9989
2024-01-16T23:10:00,COOLING_FLOW_01,171.3009
2024-01-16T23:10:00,COOLING_HEAT_01,28.1857
2024-01-16T23:10:00,PRIMARY_PRES_01,163.0629
2024-01-16T23:10:00,PRIMARY_TEMP_01,332.6045
2024-01-16T23:10:00,PRIMARY_FLOW_01,442.5234
2024-01-16T23:10:00,PRIMARY_LEVEL_01,66.9993
2024-01-16T23:11:00,COOLING_TEMP_01,85.2873
2024-01-16T23:11:00,COOLING_PRES_01,13.1629
2024-01-16T23:11:00,COOLING_FLOW_01,167.2344
2024-01-16T23:11:00,PRIMARY_PRES_01,163.2093
2024-01-16T23:11:00,PRIMARY_TEMP_01,332.6269
2024-01-16T23:11:00,PRIMARY_FLOW_01,448.4546
2024-01-16T23:12:00,COOLING_TEMP_01,85.9069
2024-01-16T23:12:00,COOLING_PRES_01,13.2188
2024-01-16T23:12:00,COOLING_FLOW_01,174.0002
2024-01-16T23:12:00,COOLING_HEAT_01,28.5358
2024-01-16T23:12:00,PRIMARY_PRES_01,163.1331
2024-01-16T23:12:00,PRIMARY_TEMP_01,330.7972
2024-01-16T23:12:00,PRIMARY_FLOW_01,430.2146
2024-01-16T23:12:00,PRIMARY_LEVEL_01,64.9056
2024-01-16T23:13:00,COOLING_TEMP_01,85.4799
2024-01-16T23:13:00,COOLING_PRES_01,13.3623
2024-01-16T23:13:00,COOLING_FLOW_01,173.1738
2024-01-16T23:13:00,PRIMARY_PRES_01,162.9614
2024-01-16T23:13:00,PRIMARY_TEMP_01,329.4668
2024-01-16T23:13:00,PRIMARY_FLOW_01,450.632
2024-01-16T23:14:00,COOLING_TEMP_01,86.7215
2024-01-16T23:14:00,COOLING_PRES_01,13.2744
2024-01-16T23:14:00,COOLING_FLOW_01,170.1209
2024-01-16T23:14:00,COOLING_HEAT_01,27.6907
2024-01-16T23:14:00,PRIMARY_PRES_01,163.0221
2024-01-16T23:14:00,PRIMARY_TEMP_01,333.4624
2024-01-16T23:14:00,PRIMARY_FLOW_01,436.366
2024-01-16T23:14:00,PRIMARY_LEVEL_01,65.5795
2024-01-16T23:15:00,COOLING_TEMP_01,85.4419
2024-01-16T23:15:00,COOLING_PRES_01,13.2965
2024-01-16T23:15:00,COOLING_FLOW_01,165.7459
2024-01-16T23:15:00,PRIMARY_PRES_01,163.3556
2024-01-16T23:15:00,PRIMARY_TEMP_01,332.9119
2024-01-16T23:15:00,PRIMARY_FLOW_01,455.2925
2024-01-16T23:16:00,COOLING_TEMP_01,85.4866
2024-01-16T23:16:00,COOLING_PRES_01,13.2824
2024-01-16T23:16:00,COOLING_FLOW_01,169.9311
2024-01-16T23:16:00,COOLING_HEAT_01,28.1211
2024-01-16T23:16:00,PRIMARY_PRES_01,162.9948
2024-01-16T23:16:00,PRIMARY_TEMP_01,331.621
2024-01-16T23:16:00,PRIMARY_FLOW_01,450.9086
2024-01-16T23:16:00,PRIMARY_LEVEL_01,64.591
2024-01-16T23:17:00,COOLING_TEMP_01,86.0858
2024-01-16T23:17:00,COOLING_PRES_01,13.2045
2024-01-16T23:17:00,COOLING_FLOW_01,168.5314
2024-01-16T23:17:00,PRIMARY_PRES_01,162.4306
2024-01-16T23:17:00,PRIMARY_TEMP_01,330.7146
2024-01-16T23:17:00,PRIMARY_FLOW_01,437.4957
2024-01-16T23:18:00,COOLING_TEMP_01,85.2743
2024-01-16T23:18:00,COOLING_PRES_01,12.938
2024-01-16T23:18:00,COOLING_FLOW_01,169.2217
2024-01-16T23:18:00,COOLING_HEAT_01,27.7827
2024-01-16T23:18:00,PRIMARY_PRES_01,162.8893
2024-01-16T23:18:00,PRIMARY_TEMP_01,332.3984
2024-01-16T23:18:00,PRIMARY_FLOW_01,435.3531
2024-01-16T23:18:00,PRIMARY_LEVEL_01,66.721
2024-01-16T23:19:00,COOLING_TEMP_01,86.1313
2024-01-16T23:19:00,COOLING_PRES_01,13.2892
2024-01-16T23:19:00,COOLING_FLOW_01,170.3257
2024-01-16T23:19:00,PRIMARY_PRES_01,163.1668
2024-01-16T23:19:00,PRIMARY_TEMP_01,331.4886
2024-01-16T23:19:00,PRIMARY_FLOW_01,432.2667
2024-01-16T23:20:00,COOLING_TEMP_01,86.7028
2024-01-16T23:20:00,COOLING_PRES_01,13.5264
2024-01-16T23:20:00,COOLING_FLOW_01,174.8014
2024-01-16T23:20:00,COOLING_HEAT_01,27.9755
2024-01-16T23:20:00,PRIMARY_PRES_01,163.1749
2024-01-16T23:20:00,PRIMARY_TEMP_01,330.6266
2024-01-16T23:20:00,PRIMARY_FLOW_01,435.8018
2024-01-16T23:20:00,PRIMARY_LEVEL_01,66.4793
2024-01-16T23:21:00,COOLING_TEMP_01,85.1279
2024-01-16T23:21:00,COOLING_PRES_01,13.2263
2024-01-16T23:21:00,COOLING_FLOW_01,171.0305
2024-01-16T23:21:00,PRIMARY_PRES_01,162.8846
2024-01-16T23:21:00,PRIMARY_TEMP_01,330.2221
2024-01-16T23:21:00,PRIMARY_FLOW_01,435.6509
2024-01-16T23:22:00,COOLING_TEMP_01,86.7622
2024-01-16T23:22:00,COOLING_PRES_01,13.1413
2024-01-16T23:22:00,COOLING_FLOW_01,164.1573
2024-01-16T23:22:00,COOLING_HEAT_01,27.9259
2024-01-16T23:22:00,PRIMARY_PRES_01,163.3257
2024-01-16T23:22:00,PRIMARY_TEMP_01,332.8313
2024-01-16T23:22:00,PRIMARY_FLOW_01,446.2567
2024-01-16T23:22:00,PRIMARY_LEVEL_01,66.0796
2024-01-16T23:23:00,COOLING_TEMP_01,86.9395
2024-01-16T23:23:00,COOLING_PRES_01,13.3064
2024-01-16T23:23:00,COOLING_FLOW_01,173.5488
2024-01-16T23:23:00,PRIMARY_PRES_01,163.0616
2024-01-16T23:23:00,PRIMARY_TEMP_01,331.694
2024-01-16T23:23:00,PRIMARY_FLOW_01,441.4172
2024-01-16T23:24:00,COOLING_TEMP_01,86.1784
2024-01-16T23:24:00,COOLING_PRES_01,13.2188
2024-01-16T23:24:00,COOLING_FLOW_01,172.6233
2024-01-16T23:24:00,COOLING_HEAT_01,28.0538
2024-01-16T23:24:00,PRIMARY_PRES_01,162.5034
2024-01-16T23:24:00,PRIMARY_TEMP_01,333.6272
2024-01-16T23:24:00,PRIMARY_FLOW_01,433.9979
2024-01-16T23:24:00,PRIMARY_LEVEL_01,65.4407
2024-01-16T23:25:00,COOLING_TEMP_01,86.4283
2024-01-16T23:25:00,COOLING_PRES_01,13.3238
2024-01-16T23:25:00,COOLING_FLOW_01,167.7797
2024-01-16T23:25:00,PRIMARY_PRES_01,163.4504
2024-01-16T23:25:00,PRIMARY_TEMP_01,329.3924
2024-01-16T23:25:00,PRIMARY_FLOW_01,438.8956
2024-01-16T23:26:00,COOLING_TEMP_01,85.5087
2024-01-16T23:26:00,COOLING_PRES_01,13.2087
2024-01-16T23:26:00,COOLING_FLOW_01,167.5086
2024-01-16T23:26:00,COOLING_HEAT_01,27.8054
2024-01-16T23:26:00,PRIMARY_PRES_01,162.9154
2024-01-16T23:26:00,PRIMARY_TEMP_01,331.2588
2024-01-16T23:26:00,PRIMARY_FLOW_01,435.5078
2024-01-16T23:26:00,PRIMARY_LEVEL_01,66.9268
2024-01-16T23:27:00,COOLING_TEMP_01,86.0931
2024-01-16T23:27:00,COOLING_PRES_01,13.1294
2024-01-16T23:27:00,COOLING_FLOW_01,177.2159
2024-01-16T23:27:00,PRIMARY_PRES_01,163.0887
2024-01-16T23:27:00,PRIMARY_TEMP_01,332.6328
2024-01-16T23:27:00,PRIMARY_FLOW_01,434.5992
2024-01-16T23:28:00,COOLING_TEMP_01,86.5155
2024-01-16T23:28:00,COOLING_PRES_01,13.1826
2024-01-16T23:28:00,COOLING_FLOW_01,173.0086
2024-01-16T23:28:00,COOLING_HEAT_01,28.1877
2024-01-16T23:28:00,PRIMARY_PRES_01,162.8289
2024-01-16T23:28:00,PRIMARY_TEMP_01,332.2156
2024-01-16T23:28:00,PRIMARY_FLOW_01,437.1697
2024-01-16T23:28:00,PRIMARY_LEVEL_01,64.9692
2024-01-16T23:29:00,COOLING_TEMP_01,85.6303
2024-01-16T23:29:00,COOLING_PRES_01,13.1655
2024-01-16T23:29:00,COOLING_FLOW_01,171.4421
2024-01-16T23:29:00,PRIMARY_PRES_01,163.0246
2024-01-16T23:29:00,PRIMARY_TEMP_01,332.7242
2024-01-16T23:29:00,PRIMARY_FLOW_01,435.8112
2024-01-16T23:30:00,COOLING_TEMP_01,86.0428
2024-01-16T23:30:00,COOLING_PRES_01,13.311
2024-01-16T23:30:00,COOLING_FLOW_01,171.6705
2024-01-16T23:30:00,COOLING_HEAT_01,27.4541
2024-01-16T23:30:00,PRIMARY_PRES_01,162.8583
2024-01-16T23:30:00,PRIMARY_TEMP_01,330.6968
2024-01-16T23:30:00,PRIMARY_FLOW_01,430.5563
2024-01-16T23:30:00,PRIMARY_LEVEL_01,66.3498
2024-01-16T23:31:00,COOLING_TEMP_01,85.766
2024-01-16T23:31:00,COOLING_PRES_01,13.1421
2024-01-16T23:31:00,COOLING_FLOW_01,170.2574
2024-01-16T23:31:00,PRIMARY_PRES_01,162.8003
2024-01-16T23:31:00,PRIMARY_TEMP_01,332.3118
2024-01-16T23:31:00,PRIMARY_FLOW_01,440.831
2024-01-16T23:32:00,COOLING_TEMP_01,85.7045
2024-01-16T23:32:00,COOLING_PRES_01,13.2755
2024-01-16T23:32:00,COOLING_FLOW_01,170.8208
2024-01-16T23:32:00,COOLING_HEAT_01,27.9398
2024-01-16T23:32:00,PRIMARY_PRES_01,163.2903
2024-01-16T23:32:00,PRIMARY_TEMP_01,331.9031
2024-01-16T23:32:00,PRIMARY_FLOW_01,442.1358
2024-01-16T23:32:00,PRIMARY_LEVEL_01,66.5375
2024-01-16T23:33:00,COOLING_TEMP_01,86.2044
2024-01-16T23:33:00,COOLING_PRES_01,13.1508
2024-01-16T23:33:00,COOLING_FLOW_01,172.4849
2024-01-16T23:33:00,PRIMARY_PRES_01,163.0584
2024-01-16T23:33:00,PRIMARY_TEMP_01,332.6259
2024-01-16T23:33:00,PRIMARY_FLOW_01,448.4486
2024-01-16T23:34:00,COOLING_TEMP_01,85.6161
2024-01-16T23:34:00,COOLING_PRES_01,13.0536
2024-01-16T23:34:00,COOLING_FLOW_01,164.5907
2024-01-16T23:34:00,COOLING_HEAT_01,27.3808
2024-01-16T23:34:00,PRIMARY_PRES_01,163.0958
2024-01-16T23:34:00,PRIMARY_TEMP_01,333.5919
2024-01-16T23:34:00,PRIMARY_FLOW_01,434.2469
2024-01-16T23:34:00,PRIMARY_LEVEL_01,66.0099
2024-01-16T23:35:00,COOLING_TEMP_01,85.329
2024-01-16T23:35:00,COOLING_PRES_01,13.2341
2024-01-16T23:35:00,COOLING_FLOW_01,166.8907
2024-01-16T23:35:00,PRIMARY_PRES_01,162.9071
2024-01-16T23:35:00,PRIMARY_TEMP_01,329.3305
2024-01-16T23:35:00,PRIMARY_FLOW_01,434.1652
2024-01-16T23:36:00,COOLING_TEMP_01,85.5715
2024-01-16T23:36:00,COOLING_PRES_01,13.2422
2024-01-16T23:36:00,COOLING_FLOW_01,169.9309
2024-01-16T23:36:00,COOLING_HEAT_01,27.7516
2024-01-16T23:36:00,PRIMARY_PRES_01,162.8239
2024-01-16T23:36:00,PRIMARY_TEMP_01,330.184
2024-01-16T23:36:00,PRIMARY_FLOW_01,437.014
2024-01-16T23:36:00,PRIMARY_LEVEL_01,66.3386
2024-01-16T23:37:00,COOLING_TEMP_01,84.8771
2024-01-16T23:37:00,COOLING_PRES_01,13.3022
2024-01-16T23:37:00,COOLING_FLOW_01,166.5483
2024-01-16T23:37:00,PRIMARY_PRES_01,162.8897
2024-01-16T23:37:00,PRIMARY_TEMP_01,332.8212
2024-01-16T23:37:00,PRIMARY_FLOW_01,441.4611
2024-01-16T23:38:00,COOLING_TEMP_01,86.7781
2024-01-16T23:38:00,COOLING_PRES_01,13.0512
2024-01-16T23:38:00,COOLING_FLOW_01,166.6246
2024-01-16T23:38:00,COOLING_HEAT_01,27.639
2024-01-16T23:38:00,PRIMARY_PRES_01,162.7181
2024-01-16T23:38:00,PRIMARY_TEMP_01,330.8633
2024-01-16T23:38:00,PRIMARY_FLOW_01,441.5574
2024-01-16T23:38:00,PRIMARY_LEVEL_01,65.9659
2024-01-16T23:39:00,COOLING_TEMP_01,84.8404
2024-01-16T23:39:00,COOLING_PRES_01,13.3611
2024-01-16T23:39:00,COOLING_FLOW_01,168.1979
2024-01-16T23:39:00,PRIMARY_PRES_01,163.4618
2024-01-16T23:39:00,PRIMARY_TEMP_01,330.3455
2024-01-16T23:39:00,PRIMARY_FLOW_01,444.2545
2024-01-16T23:40:00,COOLING_TEMP_01,85.6411
2024-01-16T23:40:00,COOLING_PRES_01,13.2653
2024-01-16T23:40:00,COOLING_FLOW_01,171.7623
2024-01-16T23:40:00,COOLING_HEAT_01,27.8448
2024-01-16T23:40:00,PRIMARY_PRES_01,163.3536
2024-01-16T23:40:00,PRIMARY_TEMP_01,333.4117
2024-01-16T23:40:00,PRIMARY_FLOW_01,431.6832
2024-01-16T23:40:00,PRIMARY_LEVEL_01,64.3284
2024-01-16T23:41:00,COOLING_TEMP_01,85.692
2024-01-16T23:41:00,COOLING_PRES_01,13.1904
2024-01-16T23:41:00,COOLING_FLOW_01,172.1579
2024-01-16T23:41:00,PRIMARY_PRES_01,163.0385
2024-01-16T23:41:00,PRIMARY_TEMP_01,329.3373
2024-01-16T23:41:00,PRIMARY_FLOW_01,436.4101
2024-01-16T23:42:00,COOLING_TEMP_01,86.3588
2024-01-16T23:42:00,COOLING_PRES_01,13.2172
2024-01-16T23:42:00,COOLING_FLOW_01,170.5095
2024-01-16T23:42:00,COOLING_HEAT_01,27.9233
2024-01-16T23:42:00,PRIMARY_PRES_01,162.7259
2024-01-16T23:42:00,PRIMARY_TEMP_01,331.5457
2024-01-16T23:42:00,PRIMARY_FLOW_01,430.4778
2024-01-16T23:42:00,PRIMARY_LEVEL_01,66.1809
2024-01-16T23:43:00,COOLING_TEMP_01,87.3783
2024-01-16T23:43:00,COOLING_PRES_01,13.2715
2024-01-16T23:43:00,COOLING_FLOW_01,171.7418
2024-01-16T23:43:00,PRIMARY_PRES_01,162.9834
2024-01-16T23:43:00,PRIMARY_TEMP_01,332.0178
2024-01-16T23:43:00,PRIMARY_FLOW_01,447.7066
2024-01-16T23:44:00,COOLING_TEMP_01,85.9004
2024-01-16T23:44:00,COOLING_PRES_01,13.2147
2024-01-16T23:44:00,COOLING_FLOW_01,169.2255
2024-01-16T23:44:00,COOLING_HEAT_01,27.6607
2024-01-16T23:44:00,PRIMARY_PRES_01,163.1724
2024-01-16T23:44:00,PRIMARY_TEMP_01,332.1925
2024-01-16T23:44:00,PRIMARY_FLOW_01,438.5929
2024-01-16T23:44:00,PRIMARY_LEVEL_01,65.4125
2024-01-16T23:45:00,COOLING_TEMP_01,85.9055
2024-01-16T23:45:00,COOLING_PRES_01,13.2829
2024-01-16T23:45:00,COOLING_FLOW_01,169.8396
2024-01-16T23:45:00,PRIMARY_PRES_01,162.7331
2024-01-16T23:45:00,PRIMARY_TEMP_01,330.8677
2024-01-16T23:45:00,PRIMARY_FLOW_01,443.4036
2024-01-16T23:46:00,COOLING_TEMP_01,85.1417
2024-01-16T23:46:00,COOLING_PRES_01,13.2769
2024-01-16T23:46:00,COOLING_FLOW_01,172.6325
2024-01-16T23:46:00,COOLING_HEAT_01,27.9061
2024-01-16T23:46:00,PRIMARY_PRES_01,162.5361
2024-01-16T23:46:00,PRIMARY_TEMP_01,334.2453
2024-01-16T23:46:00,PRIMARY_FLOW_01,439.1659
2024-01-16T23:46:00,PRIMARY_LEVEL_01,65.0425
2024-01-16T23:47:00,COOLING_TEMP_01,85.8402
2024-01-16T23:47:00,COOLING_PRES_01,12.9048
2024-01-16T23:47:00,COOLING_FLOW_01,170.8493
2024-01-16T23:47:00,PRIMARY_PRES_01,162.7303
2024-01-16T23:47:00,PRIMARY_TEMP_01,330.5512
2024-01-16T23:47:00,PRIMARY_FLOW_01,444.9972
2024-01-16T23:48:00,COOLING_TEMP_01,87.0476
2024-01-16T23:48:00,COOLING_PRES_01,13.0538
2024-01-16T23:48:00,COOLING_FLOW_01,171.3369
2024-01-16T23:48:00,COOLING_HEAT_01,28.3369
2024-01-16T23:48:00,PRIMARY_PRES_01,163.5974
2024-01-16T23:48:00,PRIMARY_TEMP_01,331.6489
2024-01-16T23:48:00,PRIMARY_FLOW_01,440.9278
2024-01-16T23:48:00,PRIMARY_LEVEL_01,66.5456
2024-01-16T23:49:00,COOLING_TEMP_01,85.4058
2024-01-16T23:49:00,COOLING_PRES_01,13.1392
2024-01-16T23:49:00,COOLING_FLOW_01,168.6825
2024-01-16T23:49:00,PRIMARY_PRES_01,163.1559
2024-01-16T23:49:00,PRIMARY_TEMP_01,332.4158
2024-01-16T23:49:00,PRIMARY_FLOW_01,437.9868
2024-01-16T23:50:00,COOLING_TEMP_01,85.8831
2024-01-16T23:50:00,COOLING_PRES_01,12.9503
2024-01-16T23:50:00,COOLING_FLOW_01,168.1676
2024-01-16T23:50:00,COOLING_HEAT_01,28.4157
2024-01-16T23:50:00,PRIMARY_PRES_01,162.8901
2024-01-16T23:50:00,PRIMARY_TEMP_01,330.9073
2024-01-16T23:50:00,PRIMARY_FLOW_01,438.1551
2024-01-16T23:50:00,PRIMARY_LEVEL_01,67.1483
2024-01-16T23:51:00,COOLING_TEMP_01,86.1782
2024-01-16T23:51:00,COOLING_PRES_01,13.1888
2024-01-16T23:51:00,COOLING_FLOW_01,169.2319
2024-01-16T23:51:00,PRIMARY_PRES_01,163.5763
2024-01-16T23:51:00,PRIMARY_TEMP_01,332.8896
2024-01-16T23:51:00,PRIMARY_FLOW_01,432.5149
2024-01-16T23:52:00,COOLING_TEMP_01,85.4211
2024-01-16T23:52:00,COOLING_PRES_01,13.2923
2024-01-16T23:52:00,COOLING_FLOW_01,176.439
2024-01-16T23:52:00,COOLING_HEAT_01,28.1892
2024-01-16T23:52:00,PRIMARY_PRES_01,163.3433
2024-01-16T23:52:00,PRIMARY_TEMP_01,330.6844
2024-01-16T23:52:00,PRIMARY_FLOW_01,445.6712
2024-01-16T23:52:00,PRIMARY_LEVEL_01,66.2462
2024-01-16T23:53:00,COOLING_TEMP_01,86.1616
2024-01-16T23:53:00,COOLING_PRES_01,13.4098
2024-01-16T23:53:00,COOLING_FLOW_01,166.2078
2024-01-16T23:53:00,PRIMARY_PRES_01,162.4771
2024-01-16T23:53:00,PRIMARY_TEMP_01,332.7312
2024-01-16T23:53:00,PRIMARY_FLOW_01,439.5181
2024-01-16T23:54:00,COOLING_TEMP_01,86.5236
2024-01-16T23:54:00,COOLING_PRES_01,13.1623
2024-01-16T23:54:00,COOLING_FLOW_01,164.423
2024-01-16T23:54:00,COOLING_HEAT_01,28.1795
2024-01-16T23:54:00,PRIMARY_PRES_01,162.5943
2024-01-16T23:54:00,PRIMARY_TEMP_01,332.5052
2024-01-16T23:54:00,PRIMARY_FLOW_01,439.1405
2024-01-16T23:54:00,PRIMARY_LEVEL_01,64.1554
2024-01-16T23:55:00,COOLING_TEMP_01,86.2648
2024-01-16T23:55:00,COOLING_PRES_01,13.2309
2024-01-16T23:55:00,COOLING_FLOW_01,170.8106
2024-01-16T23:55:00,PRIMARY_PRES_01,162.6738
2024-01-16T23:55:00,PRIMARY_TEMP_01,331.0798
2024-01-16T23:55:00,PRIMARY_FLOW_01,436.4973
2024-01-16T23:56:00,COOLING_TEMP_01,86.0546
2024-01-16T23:56:00,COOLING_PRES_01,13.2527
2024-01-16T23:56:00,COOLING_FLOW_01,171.1557
2024-01-16T23:56:00,COOLING_HEAT_01,27.7046
2024-01-16T23:56:00,PRIMARY_PRES_01,163.4008
2024-01-16T23:56:00,PRIMARY_TEMP_01,330.9932
2024-01-16T23:56:00,PRIMARY_FLOW_01,439.2222
2024-01-16T23:56:00,PRIMARY_LEVEL_01,65.8817
2024-01-16T23:57:00,COOLING_TEMP_01,86.4138
2024-01-16T23:57:00,COOLING_PRES_01,13.2435
2024-01-16T23:57:00,COOLING_FLOW_01,171.8894
2024-01-16T23:57:00,PRIMARY_PRES_01,162.9284
2024-01-16T23:57:00,PRIMARY_TEMP_01,331.8357
2024-01-16T23:57:00,PRIMARY_FLOW_01,426.6641
2024-01-16T23:58:00,COOLING_TEMP_01,85.7607
2024-01-16T23:58:00,COOLING_PRES_01,13.2601
2024-01-16T23:58:00,COOLING_FLOW_01,171.1597
2024-01-16T23:58:00,COOLING_HEAT_01,27.7359
2024-01-16T23:58:00,PRIMARY_PRES_01,162.5616
2024-01-16T23:58:00,PRIMARY_TEMP_01,332.0364
2024-01-16T23:58:00,PRIMARY_FLOW_01,438.9938
2024-01-16T23:58:00,PRIMARY_LEVEL_01,66.9975
2024-01-16T23:59:00,COOLING_TEMP_01,85.4065
2024-01-16T23:59:00,COOLING_PRES_01,13.3934
2024-01-16T23:59:00,COOLING_FLOW_01,173.9461
2024-01-16T23:59:00,PRIMARY_PRES_01,163.319
2024-01-16T23:59:00,PRIMARY_TEMP_01,331.3819
2024-01-16T23:59:00,PRIMARY_FLOW_01,442.7625
