timestamp,sensor_id,value
2024-01-14T23:00:00,TURB_SPEED_01,3004.7711
2024-01-14T23:00:00,TURB_VIB_01,1.4763
2024-01-14T23:00:00,TURB_OUTPUT_01,904.5461
2024-01-14T23:00:00,TURB_BEAR_01,70.3817
2024-01-14T23:01:00,TURB_SPEED_01,3005.1064
2024-01-14T23:01:00,TURB_VIB_01,1.5155
2024-01-14T23:01:00,TURB_OUTPUT_01,893.4655
2024-01-14T23:02:00,TURB_SPEED_01,3004.8123
2024-01-14T23:02:00,TURB_VIB_01,1.4573
2024-01-14T23:02:00,TURB_OUTPUT_01,898.9069
2024-01-14T23:02:00,TURB_BEAR_01,69.3482
2024-01-14T23:03:00,TURB_SPEED_01,3005.2397
2024-01-14T23:03:00,TURB_VIB_01,1.4723
2024-01-14T23:03:00,TURB_OUTPUT_01,908.2725
2024-01-14T23:04:00,TURB_SPEED_01,3004.6708
2024-01-14T23:04:00,TURB_VIB_01,1.4304
2024-01-14T23:04:00,TURB_OUTPUT_01,897.6912
2024-01-14T23:04:00,TURB_BEAR_01,69.6606
2024-01-14T23:05:00,TURB_SPEED_01,3005.3934
2024-01-14T23:05:00,TURB_VIB_01,1.5615
2024-01-14T23:05:00,TURB_OUTPUT_01,905.9599
2024-01-14T23:06:00,TURB_SPEED_01,3004.6355
2024-01-14T23:06:00,TURB_VIB_01,1.4647
2024-01-14T23:06:00,TURB_OUTPUT_01,891.7142
2024-01-14T23:06:00,TURB_BEAR_01,69.5676
2024-01-14T23:07:00,TURB_SPEED_01,3005.0163
2024-01-14T23:07:00,TURB_VIB_01,1.5041
2024-01-14T23:07:00,TURB_OUTPUT_01,904.4332
2024-01-14T23:08:00,TURB_SPEED_01,3005.1734
2024-01-14T23:08:00,TURB_VIB_01,1.5454
2024-01-14T23:08:00,TURB_OUTPUT_01,900.5782
2024-01-14T23:08:00,TURB_BEAR_01,70.2506
2024-01-14T23:09:00,TURB_SPEED_01,3005.1521
2024-01-14T23:09:00,TURB_VIB_01,1.5953
2024-01-14T23:09:00,TURB_OUTPUT_01,900.8199
2024-01-14T23:10:00,TURB_SPEED_01,3004.8551
2024-01-14T23:10:00,TURB_VIB_01,1.5333
2024-01-14T23:10:00,TURB_OUTPUT_01,901.8859
2024-01-14T23:10:00,TURB_BEAR_01,69.9681
2024-01-14T23:11:00,TURB_SPEED_01,3004.9928
2024-01-14T23:11:00,TURB_VIB_01,1.4646
2024-01-14T23:11:00,TURB_OUTPUT_01,900.6421
2024-01-14T23:12:00,TURB_SPEED_01,3005.2867
2024-01-14T23:12:00,TURB_VIB_01,1.5144
2024-01-14T23:12:00,TURB_OUTPUT_01,900.0982
2024-01-14T23:12:00,TURB_BEAR_01,70.5839
2024-01-14T23:13:00,TURB_SPEED_01,3005.3201
2024-01-14T23:13:00,TURB_VIB_01,1.5608
2024-01-14T23:13:00,TURB_OUTPUT_01,901.6742
2024-01-14T23:14:00,TURB_SPEED_01,3005.2923
2024-01-14T23:14:00,TURB_VIB_01,1.5397
2024-01-14T23:14:00,TURB_OUTPUT_01,906.0213
2024-01-14T23:14:00,TURB_BEAR_01,70.9998
2024-01-14T23:15:00,TURB_SPEED_01,3004.7851
2024-01-14T23:15:00,TURB_VIB_01,1.4885
2024-01-14T23:15:00,TURB_OUTPUT_01,901.5354
2024-01-14T23:16:00,TURB_SPEED_01,3005.0353
2024-01-14T23:16:00,TURB_VIB_01,1.5006
2024-01-14T23:16:00,TURB_OUTPUT_01,897.3616
2024-01-14T23:16:00,TURB_BEAR_01,69.9083
2024-01-14T23:17:00,TURB_SPEED_01,3005.1678
2024-01-14T23:17:00,TURB_VIB_01,1.5118
2024-01-14T23:17:00,TURB_OUTPUT_01,895.4274
2024-01-14T23:18:00,TURB_SPEED_01,3004.8269
2024-01-14T23:18:00,TURB_VIB_01,1.4465
2024-01-14T23:18:00,TURB_OUTPUT_01,897.6986
2024-01-14T23:18:00,TURB_BEAR_01,69.7091
2024-01-14T23:19:00,TURB_SPEED_01,3005.0121
2024-01-14T23:19:00,TURB_VIB_01,1.4987
2024-01-14T23:19:00,TURB_OUTPUT_01,903.0131
2024-01-14T23:20:00,TURB_SPEED_01,3004.8114
2024-01-14T23:20:00,TURB_VIB_01,1.4997
2024-01-14T23:20:00,TURB_OUTPUT_01,906.6715
2024-01-14T23:20:00,TURB_BEAR_01,70.1264
2024-01-14T23:21:00,TURB_SPEED_01,3005.0616
2024-01-14T23:21:00,TURB_VIB_01,1.5076
2024-01-14T23:21:00,TURB_OUTPUT_01,904.5172
2024-01-14T23:22:00,TURB_SPEED_01,3004.9773
2024-01-14T23:22:00,TURB_VIB_01,1.5143
2024-01-14T23:22:00,TURB_OUTPUT_01,894.4714
2024-01-14T23:22:00,TURB_BEAR_01,69.5091
2024-01-14T23:23:00,TURB_SPEED_01,3005.3228
2024-01-14T23:23:00,TURB_VIB_01,1.514
2024-01-14T23:23:00,TURB_OUTPUT_01,903.9195
2024-01-14T23:24:00,TURB_SPEED_01,3005.1122
2024-01-14T23:24:00,TURB_VIB_01,1.5727
2024-01-14T23:24:00,TURB_OUTPUT_01,902.3889
2024-01-14T23:24:00,TURB_BEAR_01,69.9674
2024-01-14T23:25:00,TURB_SPEED_01,3005.0106
2024-01-14T23:25:00,TURB_VIB_01,1.5181
2024-01-14T23:25:00,TURB_OUTPUT_01,895.3989
2024-01-14T23:26:00,TURB_SPEED_01,3004.8802
2024-01-14T23:26:00,TURB_VIB_01,1.4898
2024-01-14T23:26:00,TURB_OUTPUT_01,901.6609
2024-01-14T23:26:00,TURB_BEAR_01,70.0475
2024-01-14T23:27:00,TURB_SPEED_01,3004.98
2024-01-14T23:27:00,TURB_VIB_01,1.4439
2024-01-14T23:27:00,TURB_OUTPUT_01,901.1903
2024-01-14T23:28:00,TURB_SPEED_01,3004.5908
2024-01-14T23:28:00,TURB_VIB_01,1.5028
2024-01-14T23:28:00,TURB_OUTPUT_01,895.2654
2024-01-14T23:28:00,TURB_BEAR_01,69.4711
2024-01-14T23:29:00,TURB_SPEED_01,3004.8812
2024-01-14T23:29:00,TURB_VIB_01,1.4659
2024-01-14T23:29:00,TURB_OUTPUT_01,895.5143
2024-01-14T23:30:00,TURB_SPEED_01,3005.1922
2024-01-14T23:30:00,TURB_VIB_01,1.5504
2024-01-14T23:30:00,TURB_OUTPUT_01,901.4622
2024-01-14T23:30:00,TURB_BEAR_01,70.3328
2024-01-14T23:31:00,TURB_SPEED_01,3004.7025
2024-01-14T23:31:00,TURB_VIB_01,1.4842
2024-01-14T23:31:00,TURB_OUTPUT_01,895.4879
2024-01-14T23:32:00,TURB_SPEED_01,3004.3438
2024-01-14T23:32:00,TURB_VIB_01,1.4765
2024-01-14T23:32:00,TURB_OUTPUT_01,899.0193
2024-01-14T23:32:00,TURB_BEAR_01,69.5678
2024-01-14T23:33:00,TURB_SPEED_01,3005.3127
2024-01-14T23:33:00,TURB_VIB_01,1.4846
2024-01-14T23:33:00,TURB_OUTPUT_01,902.7498
2024-01-14T23:34:00,TURB_SPEED_01,3005.0127
2024-01-14T23:34:00,TURB_VIB_01,1.4623
2024-01-14T23:34:00,TURB_OUTPUT_01,897.0431
2024-01-14T23:34:00,TURB_BEAR_01,70.2861
2024-01-14T23:35:00,TURB_SPEED_01,3004.7029
2024-01-14T23:35:00,TURB_VIB_01,1.4782
2024-01-14T23:35:00,TURB_OUTPUT_01,889.7671
2024-01-14T23:36:00,TURB_SPEED_01,3004.952
2024-01-14T23:36:00,TURB_VIB_01,1.5214
2024-01-14T23:36:00,TURB_OUTPUT_01,902.4355
2024-01-14T23:36:00,TURB_BEAR_01,70.5554
2024-01-14T23:37:00,TURB_SPEED_01,3004.8162
2024-01-14T23:37:00,TURB_VIB_01,1.5154
2024-01-14T23:37:00,TURB_OUTPUT_01,897.0745
2024-01-14T23:38:00,TURB_SPEED_01,3005.1443
2024-01-14T23:38:00,TURB_VIB_01,1.5556
2024-01-14T23:38:00,TURB_OUTPUT_01,899.0286
2024-01-14T23:38:00,TURB_BEAR_01,70.318
2024-01-14T23:39:00,TURB_SPEED_01,3004.8807
2024-01-14T23:39:00,TURB_VIB_01,1.485
2024-01-14T23:39:00,TURB_OUTPUT_01,898.3204
2024-01-14T23:40:00,TURB_SPEED_01,3004.9362
2024-01-14T23:40:00,TURB_VIB_01,1.4777
2024-01-14T23:40:00,TURB_OUTPUT_01,901.9965
2024-01-14T23:40:00,TURB_BEAR_01,69.891
2024-01-14T23:41:00,TURB_SPEED_01,3004.631
2024-01-14T23:41:00,TURB_VIB_01,1.4624
2024-01-14T23:41:00,TURB_OUTPUT_01,893.7938
2024-01-14T23:42:00,TURB_SPEED_01,3004.5837
2024-01-14T23:42:00,TURB_VIB_01,1.495
2024-01-14T23:42:00,TURB_OUTPUT_01,899.2226
2024-01-14T23:42:00,TURB_BEAR_01,69.8823
2024-01-14T23:43:00,TURB_SPEED_01,3005.1761
2024-01-14T23:43:00,TURB_VIB_01,1.5079
2024-01-14T23:43:00,TURB_OUTPUT_01,901.2478
2024-01-14T23:44:00,TURB_SPEED_01,3004.9738
2024-01-14T23:44:00,TURB_VIB_01,1.4602
2024-01-14T23:44:00,TURB_OUTPUT_01,899.2355
2024-01-14T23:44:00,TURB_BEAR_01,69.9861
2024-01-14T23:45:00,TURB_SPEED_01,3005.14
2024-01-14T23:45:00,TURB_VIB_01,1.4852
2024-01-14T23:45:00,TURB_OUTPUT_01,901.0873
2024-01-14T23:46:00,TURB_SPEED_01,3005.1032
2024-01-14T23:46:00,TURB_VIB_01,1.5151
2024-01-14T23:46:00,TURB_OUTPUT_01,902.527
2024-01-14T23:46:00,TURB_BEAR_01,70.1455
2024-01-14T23:47:00,TURB_SPEED_01,3004.6506
2024-01-14T23:47:00,TURB_VIB_01,1.4939
2024-01-14T23:47:00,TURB_OUTPUT_01,897.7679
2024-01-14T23:48:00,TURB_SPEED_01,3005.1083
2024-01-14T23:48:00,TURB_VIB_01,1.537
2024-01-14T23:48:00,TURB_OUTPUT_01,904.9234
2024-01-14T23:48:00,TURB_BEAR_01,70.5913
2024-01-14T23:49:00,TURB_SPEED_01,3004.9699
2024-01-14T23:49:00,TURB_VIB_01,1.5527
2024-01-14T23:49:00,TURB_OUTPUT_01,907.3988
2024-01-14T23:50:00,TURB_SPEED_01,3005.1258
2024-01-14T23:50:00,TURB_VIB_01,1.4932
2024-01-14T23:50:00,TURB_OUTPUT_01,899.1471
2024-01-14T23:50:00,TURB_BEAR_01,70.5128
2024-01-14T23:51:00,TURB_SPEED_01,3004.9822
2024-01-14T23:51:00,TURB_VIB_01,1.4417
2024-01-14T23:51:00,TURB_OUTPUT_01,899.1387
2024-01-14T23:52:00,TURB_SPEED_01,3004.7422
2024-01-14T23:52:00,TURB_VIB_01,1.4726
2024-01-14T23:52:00,TURB_OUTPUT_01,892.6849
2024-01-14T23:52:00,TURB_BEAR_01,69.5949
2024-01-14T23:53:00,TURB_SPEED_01,3005.0376
2024-01-14T23:53:00,TURB_VIB_01,1.4735
2024-01-14T23:53:00,TURB_OUTPUT_01,901.2352
2024-01-14T23:54:00,TURB_SPEED_01,3004.8941
2024-01-14T23:54:00,TURB_VIB_01,1.4743
2024-01-14T23:54:00,TURB_OUTPUT_01,895.5045
2024-01-14T23:54:00,TURB_BEAR_01,70.1467
2024-01-14T23:55:00,TURB_SPEED_01,3004.9719
2024-01-14T23:55:00,TURB_VIB_01,1.4636
2024-01-14T23:55:00,TURB_OUTPUT_01,903.3987
2024-01-14T23:56:00,TURB_SPEED_01,3005.2292
2024-01-14T23:56:00,TURB_VIB_01,1.5045
2024-01-14T23:56:00,TURB_OUTPUT_01,897.7462
2024-01-14T23:56:00,TURB_BEAR_01,70.5848
2024-01-14T23:57:00,TURB_SPEED_01,3005.1078
2024-01-14T23:57:00,TURB_VIB_01,1.5422
2024-01-14T23:57:00,TURB_OUTPUT_01,899.9337
2024-01-14T23:58:00,TURB_SPEED_01,3005.0098
2024-01-14T23:58:00,TURB_VIB_01,1.5011
2024-01-14T23:58:00,TURB_OUTPUT_01,900.9325
2024-01-14T23:58:00,TURB_BEAR_01,70.2848
2024-01-14T23:59:00,TURB_SPEED_01,3004.9296
2024-01-14T23:59:00,TURB_VIB_01,1.5075
2024-01-14T23:59:00,TURB_OUTPUT_01,906.9565
2024-01-15T00:00:00,TURB_SPEED_01,3005.265
2024-01-15T00:00:00,TURB_VIB_01,1.537
2024-01-15T00:00:00,TURB_OUTPUT_01,898.2245
2024-01-15T00:00:00,TURB_BEAR_01,70.8481
2024-01-15T00:01:00,TURB_SPEED_01,3004.8518
2024-01-15T00:01:00,TURB_VIB_01,1.4948
2024-01-15T00:01:00,TURB_OUTPUT_01,898.2702
2024-01-15T00:02:00,TURB_SPEED_01,3005.1187
2024-01-15T00:02:00,TURB_VIB_01,1.539
2024-01-15T00:02:00,TURB_OUTPUT_01,904.5136
2024-01-15T00:02:00,TURB_BEAR_01,70.4358
2024-01-15T00:03:00,TURB_SPEED_01,3005.2737
2024-01-15T00:03:00,TURB_VIB_01,1.5137
2024-01-15T00:03:00,TURB_OUTPUT_01,905.1277
2024-01-15T00:04:00,TURB_SPEED_01,3004.8749
2024-01-15T00:04:00,TURB_VIB_01,1.5079
2024-01-15T00:04:00,TURB_OUTPUT_01,900.528
2024-01-15T00:04:00,TURB_BEAR_01,70.2284
2024-01-15T00:05:00,TURB_SPEED_01,3005.4628
2024-01-15T00:05:00,TURB_VIB_01,1.5281
2024-01-15T00:05:00,TURB_OUTPUT_01,899.6954
2024-01-15T00:06:00,TURB_SPEED_01,3004.6845
2024-01-15T00:06:00,TURB_VIB_01,1.4747
2024-01-15T00:06:00,TURB_OUTPUT_01,898.4118
2024-01-15T00:06:00,TURB_BEAR_01,70.1431
2024-01-15T00:07:00,TURB_SPEED_01,3004.843
2024-01-15T00:07:00,TURB_VIB_01,1.3914
2024-01-15T00:07:00,TURB_OUTPUT_01,891.3712
2024-01-15T00:08:00,TURB_SPEED_01,3004.8395
2024-01-15T00:08:00,TURB_VIB_01,1.4367
2024-01-15T00:08:00,TURB_OUTPUT_01,895.3591
2024-01-15T00:08:00,TURB_BEAR_01,69.5189
2024-01-15T00:09:00,TURB_SPEED_01,3005.0434
2024-01-15T00:09:00,TURB_VIB_01,1.5027
2024-01-15T00:09:00,TURB_OUTPUT_01,903.2418
2024-01-15T00:10:00,TURB_SPEED_01,3004.486
2024-01-15T00:10:00,TURB_VIB_01,1.4927
2024-01-15T00:10:00,TURB_OUTPUT_01,902.842
2024-01-15T00:10:00,TURB_BEAR_01,69.6992
2024-01-15T00:11:00,TURB_SPEED_01,3005.0672
2024-01-15T00:11:00,TURB_VIB_01,1.4981
2024-01-15T00:11:00,TURB_OUTPUT_01,896.2147
2024-01-15T00:12:00,TURB_SPEED_01,3004.9466
2024-01-15T00:12:00,TURB_VIB_01,1.5117
2024-01-15T00:12:00,TURB_OUTPUT_01,902.4046
2024-01-15T00:12:00,TURB_BEAR_01,70.4163
2024-01-15T00:13:00,TURB_SPEED_01,3004.907
2024-01-15T00:13:00,TURB_VIB_01,1.5915
2024-01-15T00:13:00,TURB_OUTPUT_01,903.6276
2024-01-15T00:14:00,TURB_SPEED_01,3004.925
2024-01-15T00:14:00,TURB_VIB_01,1.4738
2024-01-15T00:14:00,TURB_OUTPUT_01,900.4158
2024-01-15T00:14:00,TURB_BEAR_01,70.5168
2024-01-15T00:15:00,TURB_SPEED_01,3005.132
2024-01-15T00:15:00,TURB_VIB_01,1.5386
2024-01-15T00:15:00,TURB_OUTPUT_01,906.7961
2024-01-15T00:16:00,TURB_SPEED_01,3005.251
2024-01-15T00:16:00,TURB_VIB_01,1.4982
2024-01-15T00:16:00,TURB_OUTPUT_01,904.5437
2024-01-15T00:16:00,TURB_BEAR_01,70.5462
2024-01-15T00:17:00,TURB_SPEED_01,3004.8924
2024-01-15T00:17:00,TURB_VIB_01,1.4301
2024-01-15T00:17:00,TURB_OUTPUT_01,893.1723
2024-01-15T00:18:00,TURB_SPEED_01,3004.5217
2024-01-15T00:18:00,TURB_VIB_01,1.4564
2024-01-15T00:18:00,TURB_OUTPUT_01,893.1041
2024-01-15T00:18:00,TURB_BEAR_01,69.9423
2024-01-15T00:19:00,TURB_SPEED_01,3004.8068
2024-01-15T00:19:00,TURB_VIB_01,1.5429
2024-01-15T00:19:00,TURB_OUTPUT_01,900.2092
2024-01-15T00:20:00,TURB_SPEED_01,3005.2498
2024-01-15T00:20:00,TURB_VIB_01,1.4946
2024-01-15T00:20:00,TURB_OUTPUT_01,902.0087
2024-01-15T00:20:00,TURB_BEAR_01,70.197
2024-01-15T00:21:00,TURB_SPEED_01,3004.4607
2024-01-15T00:21:00,TURB_VIB_01,1.4265
2024-01-15T00:21:00,TURB_OUTPUT_01,890.4229
2024-01-15T00:22:00,TURB_SPEED_01,3004.8919
2024-01-15T00:22:00,TURB_VIB_01,1.5504
2024-01-15T00:22:00,TURB_OUTPUT_01,901.2497
2024-01-15T00:22:00,TURB_BEAR_01,69.9157
2024-01-15T00:23:00,TURB_SPEED_01,3004.7709
2024-01-15T00:23:00,TURB_VIB_01,1.5254
2024-01-15T00:23:00,TURB_OUTPUT_01,898.4208
2024-01-15T00:24:00,TURB_SPEED_01,3004.8739
2024-01-15T00:24:00,TURB_VIB_01,1.4895
2024-01-15T00:24:00,TURB_OUTPUT_01,900.2557
2024-01-15T00:24:00,TURB_BEAR_01,69.9292
2024-01-15T00:25:00,TURB_SPEED_01,3005.2538
2024-01-15T00:25:00,TURB_VIB_01,1.4878
2024-01-15T00:25:00,TURB_OUTPUT_01,901.311
2024-01-15T00:26:00,TURB_SPEED_01,3005.0142
2024-01-15T00:26:00,TURB_VIB_01,1.4933
2024-01-15T00:26:00,TURB_OUTPUT_01,899.8664
2024-01-15T00:26:00,TURB_BEAR_01,70.4535
2024-01-15T00:27:00,TURB_SPEED_01,3005.2244
2024-01-15T00:27:00,TURB_VIB_01,1.5246
2024-01-15T00:27:00,TURB_OUTPUT_01,902.7127
2024-01-15T00:28:00,TURB_SPEED_01,3004.9808
2024-01-15T00:28:00,TURB_VIB_01,1.4768
2024-01-15T00:28:00,TURB_OUTPUT_01,894.1052
2024-01-15T00:28:00,TURB_BEAR_01,70.647
2024-01-15T00:29:00,TURB_SPEED_01,3004.7674
2024-01-15T00:29:00,TURB_VIB_01,1.5031
2024-01-15T00:29:00,TURB_OUTPUT_01,896.4055
2024-01-15T00:30:00,TURB_SPEED_01,3004.9898
2024-01-15T00:30:00,TURB_VIB_01,1.5237
2024-01-15T00:30:00,TURB_OUTPUT_01,900.8365
2024-01-15T00:30:00,TURB_BEAR_01,70.6004
2024-01-15T00:31:00,TURB_SPEED_01,3004.9523
2024-01-15T00:31:00,TURB_VIB_01,1.4807
2024-01-15T00:31:00,TURB_OUTPUT_01,904.1781
2024-01-15T00:32:00,TURB_SPEED_01,3004.4413
2024-01-15T00:32:00,TURB_VIB_01,1.4692
2024-01-15T00:32:00,TURB_OUTPUT_01,899.1973
2024-01-15T00:32:00,TURB_BEAR_01,70.336
2024-01-15T00:33:00,TURB_SPEED_01,3004.9469
2024-01-15T00:33:00,TURB_VIB_01,1.4202
2024-01-15T00:33:00,TURB_OUTPUT_01,896.338
2024-01-15T00:34:00,TURB_SPEED_01,3004.9714
2024-01-15T00:34:00,TURB_VIB_01,1.5494
2024-01-15T00:34:00,TURB_OUTPUT_01,896.7079
2024-01-15T00:34:00,TURB_BEAR_01,70.3152
2024-01-15T00:35:00,TURB_SPEED_01,3005.1834
2024-01-15T00:35:00,TURB_VIB_01,1.5118
2024-01-15T00:35:00,TURB_OUTPUT_01,901.2371
2024-01-15T00:36:00,TURB_SPEED_01,3004.9382
2024-01-15T00:36:00,TURB_VIB_01,1.5131
2024-01-15T00:36:00,TURB_OUTPUT_01,903.4905
2024-01-15T00:36:00,TURB_BEAR_01,70.1705
2024-01-15T00:37:00,TURB_SPEED_01,3004.9535
2024-01-15T00:37:00,TURB_VIB_01,1.4956
2024-01-15T00:37:00,TURB_OUTPUT_01,899.7813
2024-01-15T00:38:00,TURB_SPEED_01,3005.2479
2024-01-15T00:38:00,TURB_VIB_01,1.4421
2024-01-15T00:38:00,TURB_OUTPUT_01,899.578
2024-01-15T00:38:00,TURB_BEAR_01,70.6486
2024-01-15T00:39:00,TURB_SPEED_01,3005.2056
2024-01-15T00:39:00,TURB_VIB_01,1.5352
2024-01-15T00:39:00,TURB_OUTPUT_01,902.3241
2024-01-15T00:40:00,TURB_SPEED_01,3004.8736
2024-01-15T00:40:00,TURB_VIB_01,1.4809
2024-01-15T00:40:00,TURB_OUTPUT_01,901.8098
2024-01-15T00:40:00,TURB_BEAR_01,70.5836
2024-01-15T00:41:00,TURB_SPEED_01,3005.0506
2024-01-15T00:41:00,TURB_VIB_01,1.4638
2024-01-15T00:41:00,TURB_OUTPUT_01,904.7882
2024-01-15T00:42:00,TURB_SPEED_01,3004.8599
2024-01-15T00:42:00,TURB_VIB_01,1.5226
2024-01-15T00:42:00,TURB_OUTPUT_01,902.1561
2024-01-15T00:42:00,TURB_BEAR_01,70.9912
2024-01-15T00:43:00,TURB_SPEED_01,3005.0558
2024-01-15T00:43:00,TURB_VIB_01,1.502
2024-01-15T00:43:00,TURB_OUTPUT_01,903.3324
2024-01-15T00:44:00,TURB_SPEED_01,3004.9751
2024-01-15T00:44:00,TURB_VIB_01,1.4553
2024-01-15T00:44:00,TURB_OUTPUT_01,898.0836
2024-01-15T00:44:00,TURB_BEAR_01,69.9058
2024-01-15T00:45:00,TURB_SPEED_01,3004.9024
2024-01-15T00:45:00,TURB_VIB_01,1.5238
2024-01-15T00:45:00,TURB_OUTPUT_01,902.1419
2024-01-15T00:46:00,TURB_SPEED_01,3004.8847
2024-01-15T00:46:00,TURB_VIB_01,1.5267
2024-01-15T00:46:00,TURB_OUTPUT_01,902.1904
2024-01-15T00:46:00,TURB_BEAR_01,70.4479
2024-01-15T00:47:00,TURB_SPEED_01,3004.7947
2024-01-15T00:47:00,TURB_VIB_01,1.4808
2024-01-15T00:47:00,TURB_OUTPUT_01,902.5857
2024-01-15T00:48:00,TURB_SPEED_01,3004.8991
2024-01-15T00:48:00,TURB_VIB_01,1.4927
2024-01-15T00:48:00,TURB_OUTPUT_01,899.4897
2024-01-15T00:48:00,TURB_BEAR_01,70.8169
2024-01-15T00:49:00,TURB_SPEED_01,3004.8651
2024-01-15T00:49:00,TURB_VIB_01,1.5129
2024-01-15T00:49:00,TURB_OUTPUT_01,896.8413
2024-01-15T00:50:00,TURB_SPEED_01,3004.9448
2024-01-15T00:50:00,TURB_VIB_01,1.5029
2024-01-15T00:50:00,TURB_OUTPUT_01,893.4558
2024-01-15T00:50:00,TURB_BEAR_01,70.1098
2024-01-15T00:51:00,TURB_SPEED_01,3005.0417
2024-01-15T00:51:00,TURB_VIB_01,1.4348
2024-01-15T00:51:00,TURB_OUTPUT_01,897.2977
2024-01-15T00:52:00,TURB_SPEED_01,3004.9565
2024-01-15T00:52:00,TURB_VIB_01,1.4621
2024-01-15T00:52:00,TURB_OUTPUT_01,896.1883
2024-01-15T00:52:00,TURB_BEAR_01,70.7568
2024-01-15T00:53:00,TURB_SPEED_01,3005.1568
2024-01-15T00:53:00,TURB_VIB_01,1.5169
2024-01-15T00:53:00,TURB_OUTPUT_01,901.9109
2024-01-15T00:54:00,TURB_SPEED_01,3004.9589
2024-01-15T00:54:00,TURB_VIB_01,1.5331
2024-01-15T00:54:00,TURB_OUTPUT_01,902.4091
2024-01-15T00:54:00,TURB_BEAR_01,70.6709
2024-01-15T00:55:00,TURB_SPEED_01,3004.9433
2024-01-15T00:55:00,TURB_VIB_01,1.4284
2024-01-15T00:55:00,TURB_OUTPUT_01,893.6366
2024-01-15T00:56:00,TURB_SPEED_01,3005.0371
2024-01-15T00:56:00,TURB_VIB_01,1.5342
2024-01-15T00:56:00,TURB_OUTPUT_01,904.3454
2024-01-15T00:56:00,TURB_BEAR_01,70.605
2024-01-15T00:57:00,TURB_SPEED_01,3004.8989
2024-01-15T00:57:00,TURB_VIB_01,1.4784
2024-01-15T00:57:00,TURB_OUTPUT_01,897.3538
2024-01-15T00:58:00,TURB_SPEED_01,3005.0749
2024-01-15T00:58:00,TURB_VIB_01,1.5102
2024-01-15T00:58:00,TURB_OUTPUT_01,897.9428
2024-01-15T00:58:00,TURB_BEAR_01,70.9479
2024-01-15T00:59:00,TURB_SPEED_01,3004.6858
2024-01-15T00:59:00,TURB_VIB_01,1.484
2024-01-15T00:59:00,TURB_OUTPUT_01,893.552
2024-01-15T01:00:00,TURB_SPEED_01,3005.2226
2024-01-15T01:00:00,TURB_VIB_01,1.5454
2024-01-15T01:00:00,TURB_OUTPUT_01,909.1487
2024-01-15T01:00:00,TURB_BEAR_01,71.3096
2024-01-15T01:01:00,TURB_SPEED_01,3004.892
2024-01-15T01:01:00,TURB_VIB_01,1.4537
2024-01-15T01:01:00,TURB_OUTPUT_01,897.1902
2024-01-15T01:02:00,TURB_SPEED_01,3004.7549
2024-01-15T01:02:00,TURB_VIB_01,1.4537
2024-01-15T01:02:00,TURB_OUTPUT_01,898.1931
2024-01-15T01:02:00,TURB_BEAR_01,70.0382
2024-01-15T01:03:00,TURB_SPEED_01,3004.9847
2024-01-15T01:03:00,TURB_VIB_01,1.5355
2024-01-15T01:03:00,TURB_OUTPUT_01,896.7676
2024-01-15T01:04:00,TURB_SPEED_01,3004.6206
2024-01-15T01:04:00,TURB_VIB_01,1.4442
2024-01-15T01:04:00,TURB_OUTPUT_01,889.8566
2024-01-15T01:04:00,TURB_BEAR_01,70.2436
2024-01-15T01:05:00,TURB_SPEED_01,3004.8504
2024-01-15T01:05:00,TURB_VIB_01,1.4988
2024-01-15T01:05:00,TURB_OUTPUT_01,897.2587
2024-01-15T01:06:00,TURB_SPEED_01,3005.1521
2024-01-15T01:06:00,TURB_VIB_01,1.5437
2024-01-15T01:06:00,TURB_OUTPUT_01,900.8503
2024-01-15T01:06:00,TURB_BEAR_01,70.7999
2024-01-15T01:07:00,TURB_SPEED_01,3004.7012
2024-01-15T01:07:00,TURB_VIB_01,1.4957
2024-01-15T01:07:00,TURB_OUTPUT_01,902.0975
2024-01-15T01:08:00,TURB_SPEED_01,3005.2795
2024-01-15T01:08:00,TURB_VIB_01,1.5926
2024-01-15T01:08:00,TURB_OUTPUT_01,907.9966
2024-01-15T01:08:00,TURB_BEAR_01,71.1396
2024-01-15T01:09:00,TURB_SPEED_01,3005.2842
2024-01-15T01:09:00,TURB_VIB_01,1.4936
2024-01-15T01:09:00,TURB_OUTPUT_01,902.967
2024-01-15T01:10:00,TURB_SPEED_01,3004.7435
2024-01-15T01:10:00,TURB_VIB_01,1.4974
2024-01-15T01:10:00,TURB_OUTPUT_01,900.3518
2024-01-15T01:10:00,TURB_BEAR_01,70.1839
2024-01-15T01:11:00,TURB_SPEED_01,3005.2157
2024-01-15T01:11:00,TURB_VIB_01,1.5579
2024-01-15T01:11:00,TURB_OUTPUT_01,905.1149
2024-01-15T01:12:00,TURB_SPEED_01,3004.8959
2024-01-15T01:12:00,TURB_VIB_01,1.5364
2024-01-15T01:12:00,TURB_OUTPUT_01,901.6066
2024-01-15T01:12:00,TURB_BEAR_01,70.3461
2024-01-15T01:13:00,TURB_SPEED_01,3004.9441
2024-01-15T01:13:00,TURB_VIB_01,1.5609
2024-01-15T01:13:00,TURB_OUTPUT_01,903.5281
2024-01-15T01:14:00,TURB_SPEED_01,3004.8116
2024-01-15T01:14:00,TURB_VIB_01,1.5223
2024-01-15T01:14:00,TURB_OUTPUT_01,899.2166
2024-01-15T01:14:00,TURB_BEAR_01,70.0947
2024-01-15T01:15:00,TURB_SPEED_01,3004.7034
2024-01-15T01:15:00,TURB_VIB_01,1.4934
2024-01-15T01:15:00,TURB_OUTPUT_01,898.7842
2024-01-15T01:16:00,TURB_SPEED_01,3004.8815
2024-01-15T01:16:00,TURB_VIB_01,1.512
2024-01-15T01:16:00,TURB_OUTPUT_01,902.8799
2024-01-15T01:16:00,TURB_BEAR_01,70.9772
2024-01-15T01:17:00,TURB_SPEED_01,3004.9495
2024-01-15T01:17:00,TURB_VIB_01,1.4839
2024-01-15T01:17:00,TURB_OUTPUT_01,897.5107
2024-01-15T01:18:00,TURB_SPEED_01,3005.0338
2024-01-15T01:18:00,TURB_VIB_01,1.5154
2024-01-15T01:18:00,TURB_OUTPUT_01,902.8402
2024-01-15T01:18:00,TURB_BEAR_01,70.8675
2024-01-15T01:19:00,TURB_SPEED_01,3004.761
2024-01-15T01:19:00,TURB_VIB_01,1.4249
2024-01-15T01:19:00,TURB_OUTPUT_01,901.3105
2024-01-15T01:20:00,TURB_SPEED_01,3004.7312
2024-01-15T01:20:00,TURB_VIB_01,1.521
2024-01-15T01:20:00,TURB_OUTPUT_01,898.9094
2024-01-15T01:20:00,TURB_BEAR_01,70.6006
2024-01-15T01:21:00,TURB_SPEED_01,3004.9601
2024-01-15T01:21:00,TURB_VIB_01,1.4529
2024-01-15T01:21:00,TURB_OUTPUT_01,895.7175
2024-01-15T01:22:00,TURB_SPEED_01,3005.0612
2024-01-15T01:22:00,TURB_VIB_01,1.4758
2024-01-15T01:22:00,TURB_OUTPUT_01,903.2245
2024-01-15T01:22:00,TURB_BEAR_01,70.5715
2024-01-15T01:23:00,TURB_SPEED_01,3004.794
2024-01-15T01:23:00,TURB_VIB_01,1.4374
2024-01-15T01:23:00,TURB_OUTPUT_01,896.1889
2024-01-15T01:24:00,TURB_SPEED_01,3005.0472
2024-01-15T01:24:00,TURB_VIB_01,1.4527
2024-01-15T01:24:00,TURB_OUTPUT_01,897.4051
2024-01-15T01:24:00,TURB_BEAR_01,70.4917
2024-01-15T01:25:00,TURB_SPEED_01,3004.9873
2024-01-15T01:25:00,TURB_VIB_01,1.5217
2024-01-15T01:25:00,TURB_OUTPUT_01,896.0449
2024-01-15T01:26:00,TURB_SPEED_01,3005.0243
2024-01-15T01:26:00,TURB_VIB_01,1.459
2024-01-15T01:26:00,TURB_OUTPUT_01,901.6078
2024-01-15T01:26:00,TURB_BEAR_01,70.8722
2024-01-15T01:27:00,TURB_SPEED_01,3005.1128
2024-01-15T01:27:00,TURB_VIB_01,1.4714
2024-01-15T01:27:00,TURB_OUTPUT_01,906.8717
2024-01-15T01:28:00,TURB_SPEED_01,3005.3632
2024-01-15T01:28:00,TURB_VIB_01,1.4652
2024-01-15T01:28:00,TURB_OUTPUT_01,907.5705
2024-01-15T01:28:00,TURB_BEAR_01,70.9382
2024-01-15T01:29:00,TURB_SPEED_01,3005.1274
2024-01-15T01:29:00,TURB_VIB_01,1.538
2024-01-15T01:29:00,TURB_OUTPUT_01,901.7185
2024-01-15T01:30:00,TURB_SPEED_01,3005.1807
2024-01-15T01:30:00,TURB_VIB_01,1.5589
2024-01-15T01:30:00,TURB_OUTPUT_01,903.4539
2024-01-15T01:30:00,TURB_BEAR_01,70.2258
2024-01-15T01:31:00,TURB_SPEED_01,3004.7652
2024-01-15T01:31:00,TURB_VIB_01,1.4947
2024-01-15T01:31:00,TURB_OUTPUT_01,894.7934
2024-01-15T01:32:00,TURB_SPEED_01,3004.8598
2024-01-15T01:32:00,TURB_VIB_01,1.4475
2024-01-15T01:32:00,TURB_OUTPUT_01,899.9273
2024-01-15T01:32:00,TURB_BEAR_01,69.4059
2024-01-15T01:33:00,TURB_SPEED_01,3005.1362
2024-01-15T01:33:00,TURB_VIB_01,1.5444
2024-01-15T01:33:00,TURB_OUTPUT_01,901.9251
2024-01-15T01:34:00,TURB_SPEED_01,3004.8015
2024-01-15T01:34:00,TURB_VIB_01,1.4898
2024-01-15T01:34:00,TURB_OUTPUT_01,901.3042
2024-01-15T01:34:00,TURB_BEAR_01,70.8462
2024-01-15T01:35:00,TURB_SPEED_01,3004.3732
2024-01-15T01:35:00,TURB_VIB_01,1.4383
2024-01-15T01:35:00,TURB_OUTPUT_01,891.284
2024-01-15T01:36:00,TURB_SPEED_01,3004.8622
2024-01-15T01:36:00,TURB_VIB_01,1.4946
2024-01-15T01:36:00,TURB_OUTPUT_01,897.3838
2024-01-15T01:36:00,TURB_BEAR_01,69.8779
2024-01-15T01:37:00,TURB_SPEED_01,3005.2139
2024-01-15T01:37:00,TURB_VIB_01,1.472
2024-01-15T01:37:00,TURB_OUTPUT_01,900.3972
2024-01-15T01:38:00,TURB_SPEED_01,3004.9932
2024-01-15T01:38:00,TURB_VIB_01,1.4475
2024-01-15T01:38:00,TURB_OUTPUT_01,897.8496
2024-01-15T01:38:00,TURB_BEAR_01,70.2924
2024-01-15T01:39:00,TURB_SPEED_01,3005.2958
2024-01-15T01:39:00,TURB_VIB_01,1.4432
2024-01-15T01:39:00,TURB_OUTPUT_01,897.0986
2024-01-15T01:40:00,TURB_SPEED_01,3004.8715
2024-01-15T01:40:00,TURB_VIB_01,1.4754
2024-01-15T01:40:00,TURB_OUTPUT_01,899.9916
2024-01-15T01:40:00,TURB_BEAR_01,70.7339
2024-01-15T01:41:00,TURB_SPEED_01,3004.8908
2024-01-15T01:41:00,TURB_VIB_01,1.4535
2024-01-15T01:41:00,TURB_OUTPUT_01,894.6434
2024-01-15T01:42:00,TURB_SPEED_01,3004.9299
2024-01-15T01:42:00,TURB_VIB_01,1.5248
2024-01-15T01:42:00,TURB_OUTPUT_01,903.7994
2024-01-15T01:42:00,TURB_BEAR_01,70.5351
2024-01-15T01:43:00,TURB_SPEED_01,3005.1428
2024-01-15T01:43:00,TURB_VIB_01,1.4833
2024-01-15T01:43:00,TURB_OUTPUT_01,895.0083
2024-01-15T01:44:00,TURB_SPEED_01,3005.0437
2024-01-15T01:44:00,TURB_VIB_01,1.5281
2024-01-15T01:44:00,TURB_OUTPUT_01,895.9932
2024-01-15T01:44:00,TURB_BEAR_01,70.8377
2024-01-15T01:45:00,TURB_SPEED_01,3005.1001
2024-01-15T01:45:00,TURB_VIB_01,1.5663
2024-01-15T01:45:00,TURB_OUTPUT_01,903.7093
2024-01-15T01:46:00,TURB_SPEED_01,3005.0927
2024-01-15T01:46:00,TURB_VIB_01,1.5536
2024-01-15T01:46:00,TURB_OUTPUT_01,909.6357
2024-01-15T01:46:00,TURB_BEAR_01,71.3999
2024-01-15T01:47:00,TURB_SPEED_01,3005.0431
2024-01-15T01:47:00,TURB_VIB_01,1.4862
2024-01-15T01:47:00,TURB_OUTPUT_01,897.7313
2024-01-15T01:48:00,TURB_SPEED_01,3004.8408
2024-01-15T01:48:00,TURB_VIB_01,1.4812
2024-01-15T01:48:00,TURB_OUTPUT_01,905.0646
2024-01-15T01:48:00,TURB_BEAR_01,71.2977
2024-01-15T01:49:00,TURB_SPEED_01,3005.0153
2024-01-15T01:49:00,TURB_VIB_01,1.4654
2024-01-15T01:49:00,TURB_OUTPUT_01,898.6751
2024-01-15T01:50:00,TURB_SPEED_01,3004.8983
2024-01-15T01:50:00,TURB_VIB_01,1.4618
2024-01-15T01:50:00,TURB_OUTPUT_01,896.4993
2024-01-15T01:50:00,TURB_BEAR_01,70.1015
2024-01-15T01:51:00,TURB_SPEED_01,3004.9478
2024-01-15T01:51:00,TURB_VIB_01,1.4891
2024-01-15T01:51:00,TURB_OUTPUT_01,898.8225
2024-01-15T01:52:00,TURB_SPEED_01,3004.7572
2024-01-15T01:52:00,TURB_VIB_01,1.5274
2024-01-15T01:52:00,TURB_OUTPUT_01,906.3304
2024-01-15T01:52:00,TURB_BEAR_01,71.1799
2024-01-15T01:53:00,TURB_SPEED_01,3005.0594
2024-01-15T01:53:00,TURB_VIB_01,1.5849
2024-01-15T01:53:00,TURB_OUTPUT_01,905.7902
2024-01-15T01:54:00,TURB_SPEED_01,3005.1909
2024-01-15T01:54:00,TURB_VIB_01,1.5944
2024-01-15T01:54:00,TURB_OUTPUT_01,907.1449
2024-01-15T01:54:00,TURB_BEAR_01,71.4114
2024-01-15T01:55:00,TURB_SPEED_01,3004.6917
2024-01-15T01:55:00,TURB_VIB_01,1.4579
2024-01-15T01:55:00,TURB_OUTPUT_01,897.2733
2024-01-15T01:56:00,TURB_SPEED_01,3005.1236
2024-01-15T01:56:00,TURB_VIB_01,1.5227
2024-01-15T01:56:00,TURB_OUTPUT_01,901.0042
2024-01-15T01:56:00,TURB_BEAR_01,71.0113
2024-01-15T01:57:00,TURB_SPEED_01,3005.0563
2024-01-15T01:57:00,TURB_VIB_01,1.5219
2024-01-15T01:57:00,TURB_OUTPUT_01,895.2578
2024-01-15T01:58:00,TURB_SPEED_01,3005.036
2024-01-15T01:58:00,TURB_VIB_01,1.4948
2024-01-15T01:58:00,TURB_OUTPUT_01,904.2457
2024-01-15T01:58:00,TURB_BEAR_01,71.3645
2024-01-15T01:59:00,TURB_SPEED_01,3004.6903
2024-01-15T01:59:00,TURB_VIB_01,1.5112
2024-01-15T01:59:00,TURB_OUTPUT_01,895.5464
2024-01-15T02:00:00,TURB_SPEED_01,3005.2803
2024-01-15T02:00:00,TURB_VIB_01,1.5122
2024-01-15T02:00:00,TURB_OUTPUT_01,903.6953
2024-01-15T02:00:00,TURB_BEAR_01,71.4076
2024-01-15T02:01:00,TURB_SPEED_01,3005.0497
2024-01-15T02:01:00,TURB_VIB_01,1.511
2024-01-15T02:01:00,TURB_OUTPUT_01,906.3981
2024-01-15T02:02:00,TURB_SPEED_01,3004.9697
2024-01-15T02:02:00,TURB_VIB_01,1.4991
2024-01-15T02:02:00,TURB_OUTPUT_01,895.6046
2024-01-15T02:02:00,TURB_BEAR_01,70.5698
2024-01-15T02:03:00,TURB_SPEED_01,3004.932
2024-01-15T02:03:00,TURB_VIB_01,1.4614
2024-01-15T02:03:00,TURB_OUTPUT_01,899.6316
2024-01-15T02:04:00,TURB_SPEED_01,3004.8956
2024-01-15T02:04:00,TURB_VIB_01,1.5862
2024-01-15T02:04:00,TURB_OUTPUT_01,904.3404
2024-01-15T02:04:00,TURB_BEAR_01,70.639
2024-01-15T02:05:00,TURB_SPEED_01,3005.0312
2024-01-15T02:05:00,TURB_VIB_01,1.4581
2024-01-15T02:05:00,TURB_OUTPUT_01,897.7202
2024-01-15T02:06:00,TURB_SPEED_01,3004.8619
2024-01-15T02:06:00,TURB_VIB_01,1.5296
2024-01-15T02:06:00,TURB_OUTPUT_01,904.0531
2024-01-15T02:06:00,TURB_BEAR_01,71.3556
2024-01-15T02:07:00,TURB_SPEED_01,3005.2876
2024-01-15T02:07:00,TURB_VIB_01,1.56
2024-01-15T02:07:00,TURB_OUTPUT_01,898.6684
2024-01-15T02:08:00,TURB_SPEED_01,3005.0791
2024-01-15T02:08:00,TURB_VIB_01,1.5962
2024-01-15T02:08:00,TURB_OUTPUT_01,899.5472
2024-01-15T02:08:00,TURB_BEAR_01,70.9417
2024-01-15T02:09:00,TURB_SPEED_01,3005.2642
2024-01-15T02:09:00,TURB_VIB_01,1.5097
2024-01-15T02:09:00,TURB_OUTPUT_01,905.9232
2024-01-15T02:10:00,TURB_SPEED_01,3005.1427
2024-01-15T02:10:00,TURB_VIB_01,1.5014
2024-01-15T02:10:00,TURB_OUTPUT_01,902.9575
2024-01-15T02:10:00,TURB_BEAR_01,70.8252
2024-01-15T02:11:00,TURB_SPEED_01,3005.031
2024-01-15T02:11:00,TURB_VIB_01,1.4764
2024-01-15T02:11:00,TURB_OUTPUT_01,903.2202
2024-01-15T02:12:00,TURB_SPEED_01,3005.1739
2024-01-15T02:12:00,TURB_VIB_01,1.5661
2024-01-15T02:12:00,TURB_OUTPUT_01,907.8739
2024-01-15T02:12:00,TURB_BEAR_01,71.608
2024-01-15T02:13:00,TURB_SPEED_01,3004.7655
2024-01-15T02:13:00,TURB_VIB_01,1.4524
2024-01-15T02:13:00,TURB_OUTPUT_01,895.8622
2024-01-15T02:14:00,TURB_SPEED_01,3005.0259
2024-01-15T02:14:00,TURB_VIB_01,1.5284
2024-01-15T02:14:00,TURB_OUTPUT_01,900.1313
2024-01-15T02:14:00,TURB_BEAR_01,70.9851
2024-01-15T02:15:00,TURB_SPEED_01,3005.3492
2024-01-15T02:15:00,TURB_VIB_01,1.59
2024-01-15T02:15:00,TURB_OUTPUT_01,908.9772
2024-01-15T02:16:00,TURB_SPEED_01,3004.8628
2024-01-15T02:16:00,TURB_VIB_01,1.511
2024-01-15T02:16:00,TURB_OUTPUT_01,896.6159
2024-01-15T02:16:00,TURB_BEAR_01,71.2844
2024-01-15T02:17:00,TURB_SPEED_01,3005.1627
2024-01-15T02:17:00,TURB_VIB_01,1.511
2024-01-15T02:17:00,TURB_OUTPUT_01,905.0171
2024-01-15T02:18:00,TURB_SPEED_01,3004.7119
2024-01-15T02:18:00,TURB_VIB_01,1.4941
2024-01-15T02:18:00,TURB_OUTPUT_01,893.6647
2024-01-15T02:18:00,TURB_BEAR_01,70.1192
2024-01-15T02:19:00,TURB_SPEED_01,3005.2034
2024-01-15T02:19:00,TURB_VIB_01,1.5309
2024-01-15T02:19:00,TURB_OUTPUT_01,897.938
2024-01-15T02:20:00,TURB_SPEED_01,3004.9559
2024-01-15T02:20:00,TURB_VIB_01,1.4861
2024-01-15T02:20:00,TURB_OUTPUT_01,900.8461
2024-01-15T02:20:00,TURB_BEAR_01,70.7829
2024-01-15T02:21:00,TURB_SPEED_01,3004.8771
2024-01-15T02:21:00,TURB_VIB_01,1.4749
2024-01-15T02:21:00,TURB_OUTPUT_01,895.3352
2024-01-15T02:22:00,TURB_SPEED_01,3004.7723
2024-01-15T02:22:00,TURB_VIB_01,1.4941
2024-01-15T02:22:00,TURB_OUTPUT_01,895.5154
2024-01-15T02:22:00,TURB_BEAR_01,70.2148
2024-01-15T02:23:00,TURB_SPEED_01,3004.8024
2024-01-15T02:23:00,TURB_VIB_01,1.4491
2024-01-15T02:23:00,TURB_OUTPUT_01,896.9221
2024-01-15T02:24:00,TURB_SPEED_01,3005.2896
2024-01-15T02:24:00,TURB_VIB_01,1.537
2024-01-15T02:24:00,TURB_OUTPUT_01,901.4835
2024-01-15T02:24:00,TURB_BEAR_01,71.3984
2024-01-15T02:25:00,TURB_SPEED_01,3005.1418
2024-01-15T02:25:00,TURB_VIB_01,1.5041
2024-01-15T02:25:00,TURB_OUTPUT_01,906.2699
2024-01-15T02:26:00,TURB_SPEED_01,3005.2629
2024-01-15T02:26:00,TURB_VIB_01,1.548
2024-01-15T02:26:00,TURB_OUTPUT_01,905.8025
2024-01-15T02:26:00,TURB_BEAR_01,71.0758
2024-01-15T02:27:00,TURB_SPEED_01,3004.8552
2024-01-15T02:27:00,TURB_VIB_01,1.5137
2024-01-15T02:27:00,TURB_OUTPUT_01,899.7778
2024-01-15T02:28:00,TURB_SPEED_01,3004.8176
2024-01-15T02:28:00,TURB_VIB_01,1.4673
2024-01-15T02:28:00,TURB_OUTPUT_01,899.4465
2024-01-15T02:28:00,TURB_BEAR_01,70.388
2024-01-15T02:29:00,TURB_SPEED_01,3005.1039
2024-01-15T02:29:00,TURB_VIB_01,1.4693
2024-01-15T02:29:00,TURB_OUTPUT_01,897.9013
2024-01-15T02:30:00,TURB_SPEED_01,3005.1751
2024-01-15T02:30:00,TURB_VIB_01,1.5163
2024-01-15T02:30:00,TURB_OUTPUT_01,897.0294
2024-01-15T02:30:00,TURB_BEAR_01,71.7757
2024-01-15T02:31:00,TURB_SPEED_01,3004.927
2024-01-15T02:31:00,TURB_VIB_01,1.474
2024-01-15T02:31:00,TURB_OUTPUT_01,893.5936
2024-01-15T02:32:00,TURB_SPEED_01,3005.1951
2024-01-15T02:32:00,TURB_VIB_01,1.5675
2024-01-15T02:32:00,TURB_OUTPUT_01,904.1244
2024-01-15T02:32:00,TURB_BEAR_01,71.6588
2024-01-15T02:33:00,TURB_SPEED_01,3004.9686
2024-01-15T02:33:00,TURB_VIB_01,1.4867
2024-01-15T02:33:00,TURB_OUTPUT_01,902.9054
2024-01-15T02:34:00,TURB_SPEED_01,3005.1341
2024-01-15T02:34:00,TURB_VIB_01,1.5251
2024-01-15T02:34:00,TURB_OUTPUT_01,901.7119
2024-01-15T02:34:00,TURB_BEAR_01,70.9063
2024-01-15T02:35:00,TURB_SPEED_01,3004.9467
2024-01-15T02:35:00,TURB_VIB_01,1.4995
2024-01-15T02:35:00,TURB_OUTPUT_01,897.12
2024-01-15T02:36:00,TURB_SPEED_01,3005.0037
2024-01-15T02:36:00,TURB_VIB_01,1.5687
2024-01-15T02:36:00,TURB_OUTPUT_01,899.6875
2024-01-15T02:36:00,TURB_BEAR_01,71.2232
2024-01-15T02:37:00,TURB_SPEED_01,3005.0655
2024-01-15T02:37:00,TURB_VIB_01,1.5216
2024-01-15T02:37:00,TURB_OUTPUT_01,901.531
2024-01-15T02:38:00,TURB_SPEED_01,3005.2269
2024-01-15T02:38:00,TURB_VIB_01,1.5168
2024-01-15T02:38:00,TURB_OUTPUT_01,897.9558
2024-01-15T02:38:00,TURB_BEAR_01,70.9717
2024-01-15T02:39:00,TURB_SPEED_01,3004.8443
2024-01-15T02:39:00,TURB_VIB_01,1.4866
2024-01-15T02:39:00,TURB_OUTPUT_01,898.8946
2024-01-15T02:40:00,TURB_SPEED_01,3005.0911
2024-01-15T02:40:00,TURB_VIB_01,1.4971
2024-01-15T02:40:00,TURB_OUTPUT_01,909.2616
2024-01-15T02:40:00,TURB_BEAR_01,70.6429
2024-01-15T02:41:00,TURB_SPEED_01,3005.0252
2024-01-15T02:41:00,TURB_VIB_01,1.5177
2024-01-15T02:41:00,TURB_OUTPUT_01,898.8036
2024-01-15T02:42:00,TURB_SPEED_01,3005.3007
2024-01-15T02:42:00,TURB_VIB_01,1.5262
2024-01-15T02:42:00,TURB_OUTPUT_01,905.1934
2024-01-15T02:42:00,TURB_BEAR_01,71.0616
2024-01-15T02:43:00,TURB_SPEED_01,3005.0626
2024-01-15T02:43:00,TURB_VIB_01,1.509
2024-01-15T02:43:00,TURB_OUTPUT_01,900.2091
2024-01-15T02:44:00,TURB_SPEED_01,3005.1749
2024-01-15T02:44:00,TURB_VIB_01,1.529
2024-01-15T02:44:00,TURB_OUTPUT_01,902.1218
2024-01-15T02:44:00,TURB_BEAR_01,71.6951
2024-01-15T02:45:00,TURB_SPEED_01,3004.7965
2024-01-15T02:45:00,TURB_VIB_01,1.5576
2024-01-15T02:45:00,TURB_OUTPUT_01,902.7214
2024-01-15T02:46:00,TURB_SPEED_01,3004.9973
2024-01-15T02:46:00,TURB_VIB_01,1.5012
2024-01-15T02:46:00,TURB_OUTPUT_01,897.368
2024-01-15T02:46:00,TURB_BEAR_01,70.298
2024-01-15T02:47:00,TURB_SPEED_01,3005.143
2024-01-15T02:47:00,TURB_VIB_01,1.5087
2024-01-15T02:47:00,TURB_OUTPUT_01,902.8536
2024-01-15T02:48:00,TURB_SPEED_01,3005.026
2024-01-15T02:48:00,TURB_VIB_01,1.5088
2024-01-15T02:48:00,TURB_OUTPUT_01,905.8929
2024-01-15T02:48:00,TURB_BEAR_01,71.043
2024-01-15T02:49:00,TURB_SPEED_01,3004.9881
2024-01-15T02:49:00,TURB_VIB_01,1.4292
2024-01-15T02:49:00,TURB_OUTPUT_01,891.0651
2024-01-15T02:50:00,TURB_SPEED_01,3004.9339
2024-01-15T02:50:00,TURB_VIB_01,1.5379
2024-01-15T02:50:00,TURB_OUTPUT_01,898.7555
2024-01-15T02:50:00,TURB_BEAR_01,70.6999
2024-01-15T02:51:00,TURB_SPEED_01,3005.0083
2024-01-15T02:51:00,TURB_VIB_01,1.4902
2024-01-15T02:51:00,TURB_OUTPUT_01,900.8298
2024-01-15T02:52:00,TURB_SPEED_01,3005.0214
2024-01-15T02:52:00,TURB_VIB_01,1.4677
2024-01-15T02:52:00,TURB_OUTPUT_01,896.3269
2024-01-15T02:52:00,TURB_BEAR_01,70.7658
2024-01-15T02:53:00,TURB_SPEED_01,3005.2135
2024-01-15T02:53:00,TURB_VIB_01,1.5027
2024-01-15T02:53:00,TURB_OUTPUT_01,894.717
2024-01-15T02:54:00,TURB_SPEED_01,3004.6755
2024-01-15T02:54:00,TURB_VIB_01,1.5384
2024-01-15T02:54:00,TURB_OUTPUT_01,897.5331
2024-01-15T02:54:00,TURB_BEAR_01,71.0039
2024-01-15T02:55:00,TURB_SPEED_01,3005.3001
2024-01-15T02:55:00,TURB_VIB_01,1.492
2024-01-15T02:55:00,TURB_OUTPUT_01,911.8009
2024-01-15T02:56:00,TURB_SPEED_01,3005.1952
2024-01-15T02:56:00,TURB_VIB_01,1.5224
2024-01-15T02:56:00,TURB_OUTPUT_01,901.9199
2024-01-15T02:56:00,TURB_BEAR_01,71.3704
2024-01-15T02:57:00,TURB_SPEED_01,3004.8984
2024-01-15T02:57:00,TURB_VIB_01,1.4848
2024-01-15T02:57:00,TURB_OUTPUT_01,895.1616
2024-01-15T02:58:00,TURB_SPEED_01,3005.3893
2024-01-15T02:58:00,TURB_VIB_01,1.5184
2024-01-15T02:58:00,TURB_OUTPUT_01,904.2682
2024-01-15T02:58:00,TURB_BEAR_01,71.4608
2024-01-15T02:59:00,TURB_SPEED_01,3005.1644
2024-01-15T02:59:00,TURB_VIB_01,1.485
2024-01-15T02:59:00,TURB_OUTPUT_01,905.1275
2024-01-15T03:00:00,TURB_SPEED_01,3005.0649
2024-01-15T03:00:00,TURB_VIB_01,1.4672
2024-01-15T03:00:00,TURB_OUTPUT_01,899.3964
2024-01-15T03:00:00,TURB_BEAR_01,70.7248
2024-01-15T03:01:00,TURB_SPEED_01,3005.2755
2024-01-15T03:01:00,TURB_VIB_01,1.5725
2024-01-15T03:01:00,TURB_OUTPUT_01,898.0713
2024-01-15T03:02:00,TURB_SPEED_01,3004.7409
2024-01-15T03:02:00,TURB_VIB_01,1.4946
2024-01-15T03:02:00,TURB_OUTPUT_01,904.5191
2024-01-15T03:02:00,TURB_BEAR_01,71.096
2024-01-15T03:03:00,TURB_SPEED_01,3005.0895
2024-01-15T03:03:00,TURB_VIB_01,1.4824
2024-01-15T03:03:00,TURB_OUTPUT_01,897.7518
2024-01-15T03:04:00,TURB_SPEED_01,3005.0363
2024-01-15T03:04:00,TURB_VIB_01,1.5472
2024-01-15T03:04:00,TURB_OUTPUT_01,898.0904
2024-01-15T03:04:00,TURB_BEAR_01,70.9449
2024-01-15T03:05:00,TURB_SPEED_01,3005.2695
2024-01-15T03:05:00,TURB_VIB_01,1.5245
2024-01-15T03:05:00,TURB_OUTPUT_01,899.8347
2024-01-15T03:06:00,TURB_SPEED_01,3004.8987
2024-01-15T03:06:00,TURB_VIB_01,1.4707
2024-01-15T03:06:00,TURB_OUTPUT_01,897.3311
2024-01-15T03:06:00,TURB_BEAR_01,70.5396
2024-01-15T03:07:00,TURB_SPEED_01,3004.7479
2024-01-15T03:07:00,TURB_VIB_01,1.4971
2024-01-15T03:07:00,TURB_OUTPUT_01,898.1648
2024-01-15T03:08:00,TURB_SPEED_01,3004.8278
2024-01-15T03:08:00,TURB_VIB_01,1.4987
2024-01-15T03:08:00,TURB_OUTPUT_01,902.3789
2024-01-15T03:08:00,TURB_BEAR_01,71.2998
2024-01-15T03:09:00,TURB_SPEED_01,3005.023
2024-01-15T03:09:00,TURB_VIB_01,1.5065
2024-01-15T03:09:00,TURB_OUTPUT_01,902.1042
2024-01-15T03:10:00,TURB_SPEED_01,3004.9942
2024-01-15T03:10:00,TURB_VIB_01,1.5543
2024-01-15T03:10:00,TURB_OUTPUT_01,899.2755
2024-01-15T03:10:00,TURB_BEAR_01,71.0534
2024-01-15T03:11:00,TURB_SPEED_01,3004.962
2024-01-15T03:11:00,TURB_VIB_01,1.4412
2024-01-15T03:11:00,TURB_OUTPUT_01,897.4659
2024-01-15T03:12:00,TURB_SPEED_01,3004.863
2024-01-15T03:12:00,TURB_VIB_01,1.4837
2024-01-15T03:12:00,TURB_OUTPUT_01,899.2627
2024-01-15T03:12:00,TURB_BEAR_01,70.7968
2024-01-15T03:13:00,TURB_SPEED_01,3004.8206
2024-01-15T03:13:00,TURB_VIB_01,1.5108
2024-01-15T03:13:00,TURB_OUTPUT_01,901.7151
2024-01-15T03:14:00,TURB_SPEED_01,3005.0485
2024-01-15T03:14:00,TURB_VIB_01,1.486
2024-01-15T03:14:00,TURB_OUTPUT_01,903.2976
2024-01-15T03:14:00,TURB_BEAR_01,71.14
2024-01-15T03:15:00,TURB_SPEED_01,3004.7013
2024-01-15T03:15:00,TURB_VIB_01,1.4754
2024-01-15T03:15:00,TURB_OUTPUT_01,897.0967
2024-01-15T03:16:00,TURB_SPEED_01,3005.284
2024-01-15T03:16:00,TURB_VIB_01,1.5114
2024-01-15T03:16:00,TURB_OUTPUT_01,897.8111
2024-01-15T03:16:00,TURB_BEAR_01,72.0352
2024-01-15T03:17:00,TURB_SPEED_01,3004.6015
2024-01-15T03:17:00,TURB_VIB_01,1.4965
2024-01-15T03:17:00,TURB_OUTPUT_01,894.1896
2024-01-15T03:18:00,TURB_SPEED_01,3005.3898
2024-01-15T03:18:00,TURB_VIB_01,1.4798
2024-01-15T03:18:00,TURB_OUTPUT_01,898.1408
2024-01-15T03:18:00,TURB_BEAR_01,71.3701
2024-01-15T03:19:00,TURB_SPEED_01,3005.0115
2024-01-15T03:19:00,TURB_VIB_01,1.5019
2024-01-15T03:19:00,TURB_OUTPUT_01,895.5987
2024-01-15T03:20:00,TURB_SPEED_01,3005.2989
2024-01-15T03:20:00,TURB_VIB_01,1.5648
2024-01-15T03:20:00,TURB_OUTPUT_01,902.4385
2024-01-15T03:20:00,TURB_BEAR_01,71.4184
2024-01-15T03:21:00,TURB_SPEED_01,3004.9726
2024-01-15T03:21:00,TURB_VIB_01,1.4894
2024-01-15T03:21:00,TURB_OUTPUT_01,901.7783
2024-01-15T03:22:00,TURB_SPEED_01,3005.0506
2024-01-15T03:22:00,TURB_VIB_01,1.4892
2024-01-15T03:22:00,TURB_OUTPUT_01,902.8266
2024-01-15T03:22:00,TURB_BEAR_01,70.8375
2024-01-15T03:23:00,TURB_SPEED_01,3005.1466
2024-01-15T03:23:00,TURB_VIB_01,1.4851
2024-01-15T03:23:00,TURB_OUTPUT_01,895.6763
2024-01-15T03:24:00,TURB_SPEED_01,3005.3804
2024-01-15T03:24:00,TURB_VIB_01,1.5327
2024-01-15T03:24:00,TURB_OUTPUT_01,907.2219
2024-01-15T03:24:00,TURB_BEAR_01,71.6543
2024-01-15T03:25:00,TURB_SPEED_01,3005.0263
2024-01-15T03:25:00,TURB_VIB_01,1.4175
2024-01-15T03:25:00,TURB_OUTPUT_01,897.1713
2024-01-15T03:26:00,TURB_SPEED_01,3005.303
2024-01-15T03:26:00,TURB_VIB_01,1.5126
2024-01-15T03:26:00,TURB_OUTPUT_01,896.469
2024-01-15T03:26:00,TURB_BEAR_01,70.7248
2024-01-15T03:27:00,TURB_SPEED_01,3004.9638
2024-01-15T03:27:00,TURB_VIB_01,1.5119
2024-01-15T03:27:00,TURB_OUTPUT_01,893.926
2024-01-15T03:28:00,TURB_SPEED_01,3004.9586
2024-01-15T03:28:00,TURB_VIB_01,1.4739
2024-01-15T03:28:00,TURB_OUTPUT_01,897.535
2024-01-15T03:28:00,TURB_BEAR_01,70.736
2024-01-15T03:29:00,TURB_SPEED_01,3005.1457
2024-01-15T03:29:00,TURB_VIB_01,1.5458
2024-01-15T03:29:00,TURB_OUTPUT_01,901.8911
2024-01-15T03:30:00,TURB_SPEED_01,3004.8463
2024-01-15T03:30:00,TURB_VIB_01,1.486
2024-01-15T03:30:00,TURB_OUTPUT_01,893.7381
2024-01-15T03:30:00,TURB_BEAR_01,70.8787
2024-01-15T03:31:00,TURB_SPEED_01,3004.9891
2024-01-15T03:31:00,TURB_VIB_01,1.5495
2024-01-15T03:31:00,TURB_OUTPUT_01,903.0483
2024-01-15T03:32:00,TURB_SPEED_01,3005.1261
2024-01-15T03:32:00,TURB_VIB_01,1.5375
2024-01-15T03:32:00,TURB_OUTPUT_01,904.1686
2024-01-15T03:32:00,TURB_BEAR_01,71.4533
2024-01-15T03:33:00,TURB_SPEED_01,3004.8114
2024-01-15T03:33:00,TURB_VIB_01,1.4179
2024-01-15T03:33:00,TURB_OUTPUT_01,887.5938
2024-01-15T03:34:00,TURB_SPEED_01,3004.7904
2024-01-15T03:34:00,TURB_VIB_01,1.4554
2024-01-15T03:34:00,TURB_OUTPUT_01,895.2418
2024-01-15T03:34:00,TURB_BEAR_01,70.963
2024-01-15T03:35:00,TURB_SPEED_01,3004.6982
2024-01-15T03:35:00,TURB_VIB_01,1.469
2024-01-15T03:35:00,TURB_OUTPUT_01,895.078
2024-01-15T03:36:00,TURB_SPEED_01,3004.8933
2024-01-15T03:36:00,TURB_VIB_01,1.5034
2024-01-15T03:36:00,TURB_OUTPUT_01,893.7711
2024-01-15T03:36:00,TURB_BEAR_01,70.6152
2024-01-15T03:37:00,TURB_SPEED_01,3004.905
2024-01-15T03:37:00,TURB_VIB_01,1.5108
2024-01-15T03:37:00,TURB_OUTPUT_01,901.0333
2024-01-15T03:38:00,TURB_SPEED_01,3004.9781
2024-01-15T03:38:00,TURB_VIB_01,1.4769
2024-01-15T03:38:00,TURB_OUTPUT_01,900.3986
2024-01-15T03:38:00,TURB_BEAR_01,71.0289
2024-01-15T03:39:00,TURB_SPEED_01,3004.9082
2024-01-15T03:39:00,TURB_VIB_01,1.4982
2024-01-15T03:39:00,TURB_OUTPUT_01,900.3434
2024-01-15T03:40:00,TURB_SPEED_01,3004.7903
2024-01-15T03:40:00,TURB_VIB_01,1.5029
2024-01-15T03:40:00,TURB_OUTPUT_01,904.3574
2024-01-15T03:40:00,TURB_BEAR_01,70.9409
2024-01-15T03:41:00,TURB_SPEED_01,3005.3216
2024-01-15T03:41:00,TURB_VIB_01,1.4876
2024-01-15T03:41:00,TURB_OUTPUT_01,900.7909
2024-01-15T03:42:00,TURB_SPEED_01,3004.9104
2024-01-15T03:42:00,TURB_VIB_01,1.4203
2024-01-15T03:42:00,TURB_OUTPUT_01,894.0824
2024-01-15T03:42:00,TURB_BEAR_01,70.2142
2024-01-15T03:43:00,TURB_SPEED_01,3005.2735
2024-01-15T03:43:00,TURB_VIB_01,1.4937
2024-01-15T03:43:00,TURB_OUTPUT_01,896.9305
2024-01-15T03:44:00,TURB_SPEED_01,3005.085
2024-01-15T03:44:00,TURB_VIB_01,1.5675
2024-01-15T03:44:00,TURB_OUTPUT_01,900.7389
2024-01-15T03:44:00,TURB_BEAR_01,71.7403
2024-01-15T03:45:00,TURB_SPEED_01,3004.949
2024-01-15T03:45:00,TURB_VIB_01,1.4524
2024-01-15T03:45:00,TURB_OUTPUT_01,899.1674
2024-01-15T03:46:00,TURB_SPEED_01,3005.312
2024-01-15T03:46:00,TURB_VIB_01,1.5074
2024-01-15T03:46:00,TURB_OUTPUT_01,907.8178
2024-01-15T03:46:00,TURB_BEAR_01,71.1113
2024-01-15T03:47:00,TURB_SPEED_01,3004.9383
2024-01-15T03:47:00,TURB_VIB_01,1.529
2024-01-15T03:47:00,TURB_OUTPUT_01,898.3222
2024-01-15T03:48:00,TURB_SPEED_01,3004.7956
2024-01-15T03:48:00,TURB_VIB_01,1.5039
2024-01-15T03:48:00,TURB_OUTPUT_01,901.3421
2024-01-15T03:48:00,TURB_BEAR_01,71.2398
2024-01-15T03:49:00,TURB_SPEED_01,3004.686
2024-01-15T03:49:00,TURB_VIB_01,1.4303
2024-01-15T03:49:00,TURB_OUTPUT_01,890.175
2024-01-15T03:50:00,TURB_SPEED_01,3004.6839
2024-01-15T03:50:00,TURB_VIB_01,1.5003
2024-01-15T03:50:00,TURB_OUTPUT_01,892.397
2024-01-15T03:50:00,TURB_BEAR_01,70.6765
2024-01-15T03:51:00,TURB_SPEED_01,3004.878
2024-01-15T03:51:00,TURB_VIB_01,1.4149
2024-01-15T03:51:00,TURB_OUTPUT_01,896.5454
2024-01-15T03:52:00,TURB_SPEED_01,3005.2074
2024-01-15T03:52:00,TURB_VIB_01,1.5241
2024-01-15T03:52:00,TURB_OUTPUT_01,900.3912
2024-01-15T03:52:00,TURB_BEAR_01,70.4232
2024-01-15T03:53:00,TURB_SPEED_01,3005.2382
2024-01-15T03:53:00,TURB_VIB_01,1.5111
2024-01-15T03:53:00,TURB_OUTPUT_01,910.8199
2024-01-15T03:54:00,TURB_SPEED_01,3004.9965
2024-01-15T03:54:00,TURB_VIB_01,1.5107
2024-01-15T03:54:00,TURB_OUTPUT_01,905.014
2024-01-15T03:54:00,TURB_BEAR_01,71.4784
2024-01-15T03:55:00,TURB_SPEED_01,3005.0734
2024-01-15T03:55:00,TURB_VIB_01,1.4899
2024-01-15T03:55:00,TURB_OUTPUT_01,896.5517
2024-01-15T03:56:00,TURB_SPEED_01,3005.0832
2024-01-15T03:56:00,TURB_VIB_01,1.5039
2024-01-15T03:56:00,TURB_OUTPUT_01,907.9064
2024-01-15T03:56:00,TURB_BEAR_01,71.5046
2024-01-15T03:57:00,TURB_SPEED_01,3004.7257
2024-01-15T03:57:00,TURB_VIB_01,1.4978
2024-01-15T03:57:00,TURB_OUTPUT_01,899.3179
2024-01-15T03:58:00,TURB_SPEED_01,3005.1462
2024-01-15T03:58:00,TURB_VIB_01,1.4263
2024-01-15T03:58:00,TURB_OUTPUT_01,894.5854
2024-01-15T03:58:00,TURB_BEAR_01,70.936
2024-01-15T03:59:00,TURB_SPEED_01,3005.1556
2024-01-15T03:59:00,TURB_VIB_01,1.5213
2024-01-15T03:59:00,TURB_OUTPUT_01,900.2282
2024-01-15T04:00:00,TURB_SPEED_01,3004.9603
2024-01-15T04:00:00,TURB_VIB_01,1.5537
2024-01-15T04:00:00,TURB_OUTPUT_01,897.559
2024-01-15T04:00:00,TURB_BEAR_01,71.0778
2024-01-15T04:01:00,TURB_SPEED_01,3004.8058
2024-01-15T04:01:00,TURB_VIB_01,1.5236
2024-01-15T04:01:00,TURB_OUTPUT_01,896.1222
2024-01-15T04:02:00,TURB_SPEED_01,3005.0916
2024-01-15T04:02:00,TURB_VIB_01,1.549
2024-01-15T04:02:00,TURB_OUTPUT_01,906.9918
2024-01-15T04:02:00,TURB_BEAR_01,71.7245
2024-01-15T04:03:00,TURB_SPEED_01,3005.0141
2024-01-15T04:03:00,TURB_VIB_01,1.4877
2024-01-15T04:03:00,TURB_OUTPUT_01,892.1493
2024-01-15T04:04:00,TURB_SPEED_01,3005.0576
2024-01-15T04:04:00,TURB_VIB_01,1.4666
2024-01-15T04:04:00,TURB_OUTPUT_01,896.7332
2024-01-15T04:04:00,TURB_BEAR_01,71.0219
2024-01-15T04:05:00,TURB_SPEED_01,3005.1634
2024-01-15T04:05:00,TURB_VIB_01,1.5493
2024-01-15T04:05:00,TURB_OUTPUT_01,896.7415
2024-01-15T04:06:00,TURB_SPEED_01,3005.0848
2024-01-15T04:06:00,TURB_VIB_01,1.4597
2024-01-15T04:06:00,TURB_OUTPUT_01,895.1052
2024-01-15T04:06:00,TURB_BEAR_01,70.5945
2024-01-15T04:07:00,TURB_SPEED_01,3004.7537
2024-01-15T04:07:00,TURB_VIB_01,1.4788
2024-01-15T04:07:00,TURB_OUTPUT_01,894.8148
2024-01-15T04:08:00,TURB_SPEED_01,3005.1997
2024-01-15T04:08:00,TURB_VIB_01,1.4743
2024-01-15T04:08:00,TURB_OUTPUT_01,900.0513
2024-01-15T04:08:00,TURB_BEAR_01,71.0345
2024-01-15T04:09:00,TURB_SPEED_01,3005.0502
2024-01-15T04:09:00,TURB_VIB_01,1.5322
2024-01-15T04:09:00,TURB_OUTPUT_01,900.7595
2024-01-15T04:10:00,TURB_SPEED_01,3004.9458
2024-01-15T04:10:00,TURB_VIB_01,1.5361
2024-01-15T04:10:00,TURB_OUTPUT_01,899.8925
2024-01-15T04:10:00,TURB_BEAR_01,71.3451
2024-01-15T04:11:00,TURB_SPEED_01,3005.163
2024-01-15T04:11:00,TURB_VIB_01,1.5181
2024-01-15T04:11:00,TURB_OUTPUT_01,902.0785
2024-01-15T04:12:00,TURB_SPEED_01,3004.7255
2024-01-15T04:12:00,TURB_VIB_01,1.4831
2024-01-15T04:12:00,TURB_OUTPUT_01,895.9324
2024-01-15T04:12:00,TURB_BEAR_01,70.7581
2024-01-15T04:13:00,TURB_SPEED_01,3005.0138
2024-01-15T04:13:00,TURB_VIB_01,1.4807
2024-01-15T04:13:00,TURB_OUTPUT_01,901.8083
2024-01-15T04:14:00,TURB_SPEED_01,3005.1962
2024-01-15T04:14:00,TURB_VIB_01,1.5495
2024-01-15T04:14:00,TURB_OUTPUT_01,903.2116
2024-01-15T04:14:00,TURB_BEAR_01,72.0447
2024-01-15T04:15:00,TURB_SPEED_01,3005.1023
2024-01-15T04:15:00,TURB_VIB_01,1.5209
2024-01-15T04:15:00,TURB_OUTPUT_01,900.4368
2024-01-15T04:16:00,TURB_SPEED_01,3005.5574
2024-01-15T04:16:00,TURB_VIB_01,1.5941
2024-01-15T04:16:00,TURB_OUTPUT_01,910.9294
2024-01-15T04:16:00,TURB_BEAR_01,71.4356
2024-01-15T04:17:00,TURB_SPEED_01,3004.8348
2024-01-15T04:17:00,TURB_VIB_01,1.3927
2024-01-15T04:17:00,TURB_OUTPUT_01,897.8667
2024-01-15T04:18:00,TURB_SPEED_01,3004.554
2024-01-15T04:18:00,TURB_VIB_01,1.4824
2024-01-15T04:18:00,TURB_OUTPUT_01,887.3275
2024-01-15T04:18:00,TURB_BEAR_01,70.3761
2024-01-15T04:19:00,TURB_SPEED_01,3005.0615
2024-01-15T04:19:00,TURB_VIB_01,1.4272
2024-01-15T04:19:00,TURB_OUTPUT_01,893.9802
2024-01-15T04:20:00,TURB_SPEED_01,3004.8772
2024-01-15T04:20:00,TURB_VIB_01,1.4346
2024-01-15T04:20:00,TURB_OUTPUT_01,897.1288
2024-01-15T04:20:00,TURB_BEAR_01,71.1434
2024-01-15T04:21:00,TURB_SPEED_01,3004.81
2024-01-15T04:21:00,TURB_VIB_01,1.5078
2024-01-15T04:21:00,TURB_OUTPUT_01,896.4841
2024-01-15T04:22:00,TURB_SPEED_01,3004.9023
2024-01-15T04:22:00,TURB_VIB_01,1.5089
2024-01-15T04:22:00,TURB_OUTPUT_01,900.1044
2024-01-15T04:22:00,TURB_BEAR_01,71.1576
2024-01-15T04:23:00,TURB_SPEED_01,3004.8324
2024-01-15T04:23:00,TURB_VIB_01,1.5292
2024-01-15T04:23:00,TURB_OUTPUT_01,897.2
2024-01-15T04:24:00,TURB_SPEED_01,3005.2332
2024-01-15T04:24:00,TURB_VIB_01,1.4939
2024-01-15T04:24:00,TURB_OUTPUT_01,905.4452
2024-01-15T04:24:00,TURB_BEAR_01,71.1854
2024-01-15T04:25:00,TURB_SPEED_01,3005.433
2024-01-15T04:25:00,TURB_VIB_01,1.5403
2024-01-15T04:25:00,TURB_OUTPUT_01,906.2602
2024-01-15T04:26:00,TURB_SPEED_01,3005.1358
2024-01-15T04:26:00,TURB_VIB_01,1.5227
2024-01-15T04:26:00,TURB_OUTPUT_01,903.697
2024-01-15T04:26:00,TURB_BEAR_01,71.3776
2024-01-15T04:27:00,TURB_SPEED_01,3005.1577
2024-01-15T04:27:00,TURB_VIB_01,1.5127
2024-01-15T04:27:00,TURB_OUTPUT_01,900.4856
2024-01-15T04:28:00,TURB_SPEED_01,3004.9869
2024-01-15T04:28:00,TURB_VIB_01,1.5115
2024-01-15T04:28:00,TURB_OUTPUT_01,900.4432
2024-01-15T04:28:00,TURB_BEAR_01,71.5465
2024-01-15T04:29:00,TURB_SPEED_01,3004.9256
2024-01-15T04:29:00,TURB_VIB_01,1.5376
2024-01-15T04:29:00,TURB_OUTPUT_01,895.4958
2024-01-15T04:30:00,TURB_SPEED_01,3005.1966
2024-01-15T04:30:00,TURB_VIB_01,1.4701
2024-01-15T04:30:00,TURB_OUTPUT_01,898.8455
2024-01-15T04:30:00,TURB_BEAR_01,71.31
2024-01-15T04:31:00,TURB_SPEED_01,3004.7721
2024-01-15T04:31:00,TURB_VIB_01,1.4875
2024-01-15T04:31:00,TURB_OUTPUT_01,893.7119
2024-01-15T04:32:00,TURB_SPEED_01,3005.1994
2024-01-15T04:32:00,TURB_VIB_01,1.4965
2024-01-15T04:32:00,TURB_OUTPUT_01,897.4942
2024-01-15T04:32:00,TURB_BEAR_01,70.6971
2024-01-15T04:33:00,TURB_SPEED_01,3005.2503
2024-01-15T04:33:00,TURB_VIB_01,1.489
2024-01-15T04:33:00,TURB_OUTPUT_01,899.4465
2024-01-15T04:34:00,TURB_SPEED_01,3004.9828
2024-01-15T04:34:00,TURB_VIB_01,1.4705
2024-01-15T04:34:00,TURB_OUTPUT_01,901.7786
2024-01-15T04:34:00,TURB_BEAR_01,70.6771
2024-01-15T04:35:00,TURB_SPEED_01,3004.877
2024-01-15T04:35:00,TURB_VIB_01,1.4984
2024-01-15T04:35:00,TURB_OUTPUT_01,899.3188
2024-01-15T04:36:00,TURB_SPEED_01,3004.7855
2024-01-15T04:36:00,TURB_VIB_01,1.4483
2024-01-15T04:36:00,TURB_OUTPUT_01,895.6149
2024-01-15T04:36:00,TURB_BEAR_01,70.409
2024-01-15T04:37:00,TURB_SPEED_01,3005.0869
2024-01-15T04:37:00,TURB_VIB_01,1.5126
2024-01-15T04:37:00,TURB_OUTPUT_01,896.7083
2024-01-15T04:38:00,TURB_SPEED_01,3004.9642
2024-01-15T04:38:00,TURB_VIB_01,1.5198
2024-01-15T04:38:00,TURB_OUTPUT_01,900.4776
2024-01-15T04:38:00,TURB_BEAR_01,70.6982
2024-01-15T04:39:00,TURB_SPEED_01,3004.8501
2024-01-15T04:39:00,TURB_VIB_01,1.4606
2024-01-15T04:39:00,TURB_OUTPUT_01,898.1826
2024-01-15T04:40:00,TURB_SPEED_01,3005.0627
2024-01-15T04:40:00,TURB_VIB_01,1.5266
2024-01-15T04:40:00,TURB_OUTPUT_01,902.4155
2024-01-15T04:40:00,TURB_BEAR_01,71.1454
2024-01-15T04:41:00,TURB_SPEED_01,3005.0413
2024-01-15T04:41:00,TURB_VIB_01,1.5273
2024-01-15T04:41:00,TURB_OUTPUT_01,903.2581
2024-01-15T04:42:00,TURB_SPEED_01,3005.1875
2024-01-15T04:42:00,TURB_VIB_01,1.5948
2024-01-15T04:42:00,TURB_OUTPUT_01,903.658
2024-01-15T04:42:00,TURB_BEAR_01,71.3957
2024-01-15T04:43:00,TURB_SPEED_01,3004.9258
2024-01-15T04:43:00,TURB_VIB_01,1.5093
2024-01-15T04:43:00,TURB_OUTPUT_01,900.1752
2024-01-15T04:44:00,TURB_SPEED_01,3005.0116
2024-01-15T04:44:00,TURB_VIB_01,1.4891
2024-01-15T04:44:00,TURB_OUTPUT_01,903.9188
2024-01-15T04:44:00,TURB_BEAR_01,71.7406
2024-01-15T04:45:00,TURB_SPEED_01,3004.7327
2024-01-15T04:45:00,TURB_VIB_01,1.4703
2024-01-15T04:45:00,TURB_OUTPUT_01,897.9419
2024-01-15T04:46:00,TURB_SPEED_01,3005.2033
2024-01-15T04:46:00,TURB_VIB_01,1.5311
2024-01-15T04:46:00,TURB_OUTPUT_01,902.222
2024-01-15T04:46:00,TURB_BEAR_01,71.4465
2024-01-15T04:47:00,TURB_SPEED_01,3004.9136
2024-01-15T04:47:00,TURB_VIB_01,1.514
2024-01-15T04:47:00,TURB_OUTPUT_01,895.0455
2024-01-15T04:48:00,TURB_SPEED_01,3005.1877
2024-01-15T04:48:00,TURB_VIB_01,1.4969
2024-01-15T04:48:00,TURB_OUTPUT_01,903.6033
2024-01-15T04:48:00,TURB_BEAR_01,70.6483
2024-01-15T04:49:00,TURB_SPEED_01,3005.1976
2024-01-15T04:49:00,TURB_VIB_01,1.5351
2024-01-15T04:49:00,TURB_OUTPUT_01,902.7415
2024-01-15T04:50:00,TURB_SPEED_01,3004.8723
2024-01-15T04:50:00,TURB_VIB_01,1.5553
2024-01-15T04:50:00,TURB_OUTPUT_01,903.1612
2024-01-15T04:50:00,TURB_BEAR_01,71.2121
2024-01-15T04:51:00,TURB_SPEED_01,3004.9247
2024-01-15T04:51:00,TURB_VIB_01,1.445
2024-01-15T04:51:00,TURB_OUTPUT_01,900.1293
2024-01-15T04:52:00,TURB_SPEED_01,3005.2697
2024-01-15T04:52:00,TURB_VIB_01,1.5563
2024-01-15T04:52:00,TURB_OUTPUT_01,902.5504
2024-01-15T04:52:00,TURB_BEAR_01,71.6699
2024-01-15T04:53:00,TURB_SPEED_01,3004.7908
2024-01-15T04:53:00,TURB_VIB_01,1.5794
2024-01-15T04:53:00,TURB_OUTPUT_01,902.3607
2024-01-15T04:54:00,TURB_SPEED_01,3004.7591
2024-01-15T04:54:00,TURB_VIB_01,1.4647
2024-01-15T04:54:00,TURB_OUTPUT_01,900.8667
2024-01-15T04:54:00,TURB_BEAR_01,70.6236
2024-01-15T04:55:00,TURB_SPEED_01,3004.9472
2024-01-15T04:55:00,TURB_VIB_01,1.4966
2024-01-15T04:55:00,TURB_OUTPUT_01,902.0725
2024-01-15T04:56:00,TURB_SPEED_01,3005.2304
2024-01-15T04:56:00,TURB_VIB_01,1.5609
2024-01-15T04:56:00,TURB_OUTPUT_01,904.3383
2024-01-15T04:56:00,TURB_BEAR_01,71.3639
2024-01-15T04:57:00,TURB_SPEED_01,3005.1157
2024-01-15T04:57:00,TURB_VIB_01,1.5112
2024-01-15T04:57:00,TURB_OUTPUT_01,906.7282
2024-01-15T04:58:00,TURB_SPEED_01,3004.9807
2024-01-15T04:58:00,TURB_VIB_01,1.5549
2024-01-15T04:58:00,TURB_OUTPUT_01,904.5971
2024-01-15T04:58:00,TURB_BEAR_01,70.9839
2024-01-15T04:59:00,TURB_SPEED_01,3004.8054
2024-01-15T04:59:00,TURB_VIB_01,1.5348
2024-01-15T04:59:00,TURB_OUTPUT_01,897.8023
2024-01-15T05:00:00,TURB_SPEED_01,3004.9709
2024-01-15T05:00:00,TURB_VIB_01,1.4913
2024-01-15T05:00:00,TURB_OUTPUT_01,899.4413
2024-01-15T05:00:00,TURB_BEAR_01,70.7735
2024-01-15T05:01:00,TURB_SPEED_01,3004.6221
2024-01-15T05:01:00,TURB_VIB_01,1.524
2024-01-15T05:01:00,TURB_OUTPUT_01,898.366
2024-01-15T05:02:00,TURB_SPEED_01,3005.4604
2024-01-15T05:02:00,TURB_VIB_01,1.5276
2024-01-15T05:02:00,TURB_OUTPUT_01,905.4125
2024-01-15T05:02:00,TURB_BEAR_01,70.3909
2024-01-15T05:03:00,TURB_SPEED_01,3004.7057
2024-01-15T05:03:00,TURB_VIB_01,1.4753
2024-01-15T05:03:00,TURB_OUTPUT_01,897.6792
2024-01-15T05:04:00,TURB_SPEED_01,3004.7342
2024-01-15T05:04:00,TURB_VIB_01,1.4721
2024-01-15T05:04:00,TURB_OUTPUT_01,901.6464
2024-01-15T05:04:00,TURB_BEAR_01,70.6346
2024-01-15T05:05:00,TURB_SPEED_01,3004.7642
2024-01-15T05:05:00,TURB_VIB_01,1.5297
2024-01-15T05:05:00,TURB_OUTPUT_01,900.2215
2024-01-15T05:06:00,TURB_SPEED_01,3005.0012
2024-01-15T05:06:00,TURB_VIB_01,1.6089
2024-01-15T05:06:00,TURB_OUTPUT_01,904.8496
2024-01-15T05:06:00,TURB_BEAR_01,71.5734
2024-01-15T05:07:00,TURB_SPEED_01,3005.168
2024-01-15T05:07:00,TURB_VIB_01,1.4463
2024-01-15T05:07:00,TURB_OUTPUT_01,905.7916
2024-01-15T05:08:00,TURB_SPEED_01,3004.9328
2024-01-15T05:08:00,TURB_VIB_01,1.5804
2024-01-15T05:08:00,TURB_OUTPUT_01,909.6374
2024-01-15T05:08:00,TURB_BEAR_01,71.708
2024-01-15T05:09:00,TURB_SPEED_01,3004.9995
2024-01-15T05:09:00,TURB_VIB_01,1.5592
2024-01-15T05:09:00,TURB_OUTPUT_01,906.3904
2024-01-15T05:10:00,TURB_SPEED_01,3005.1303
2024-01-15T05:10:00,TURB_VIB_01,1.5161
2024-01-15T05:10:00,TURB_OUTPUT_01,902.3583
2024-01-15T05:10:00,TURB_BEAR_01,71.2572
2024-01-15T05:11:00,TURB_SPEED_01,3004.9521
2024-01-15T05:11:00,TURB_VIB_01,1.4929
2024-01-15T05:11:00,TURB_OUTPUT_01,900.0541
2024-01-15T05:12:00,TURB_SPEED_01,3005.2219
2024-01-15T05:12:00,TURB_VIB_01,1.4778
2024-01-15T05:12:00,TURB_OUTPUT_01,897.3497
2024-01-15T05:12:00,TURB_BEAR_01,71.1106
2024-01-15T05:13:00,TURB_SPEED_01,3004.4524
2024-01-15T05:13:00,TURB_VIB_01,1.3905
2024-01-15T05:13:00,TURB_OUTPUT_01,895.2858
2024-01-15T05:14:00,TURB_SPEED_01,3005.3831
2024-01-15T05:14:00,TURB_VIB_01,1.5554
2024-01-15T05:14:00,TURB_OUTPUT_01,902.7483
2024-01-15T05:14:00,TURB_BEAR_01,71.619
2024-01-15T05:15:00,TURB_SPEED_01,3004.4516
2024-01-15T05:15:00,TURB_VIB_01,1.4597
2024-01-15T05:15:00,TURB_OUTPUT_01,898.3856
2024-01-15T05:16:00,TURB_SPEED_01,3004.9609
2024-01-15T05:16:00,TURB_VIB_01,1.5
2024-01-15T05:16:00,TURB_OUTPUT_01,903.6363
2024-01-15T05:16:00,TURB_BEAR_01,71.3048
2024-01-15T05:17:00,TURB_SPEED_01,3004.9864
2024-01-15T05:17:00,TURB_VIB_01,1.4901
2024-01-15T05:17:00,TURB_OUTPUT_01,900.4124
2024-01-15T05:18:00,TURB_SPEED_01,3005.2827
2024-01-15T05:18:00,TURB_VIB_01,1.5745
2024-01-15T05:18:00,TURB_OUTPUT_01,910.6406
2024-01-15T05:18:00,TURB_BEAR_01,71.5923
2024-01-15T05:19:00,TURB_SPEED_01,3004.8646
2024-01-15T05:19:00,TURB_VIB_01,1.4786
2024-01-15T05:19:00,TURB_OUTPUT_01,894.5639
2024-01-15T05:20:00,TURB_SPEED_01,3005.0433
2024-01-15T05:20:00,TURB_VIB_01,1.532
2024-01-15T05:20:00,TURB_OUTPUT_01,898.9132
2024-01-15T05:20:00,TURB_BEAR_01,71.2351
2024-01-15T05:21:00,TURB_SPEED_01,3005.2194
2024-01-15T05:21:00,TURB_VIB_01,1.4874
2024-01-15T05:21:00,TURB_OUTPUT_01,904.4431
2024-01-15T05:22:00,TURB_SPEED_01,3005.1239
2024-01-15T05:22:00,TURB_VIB_01,1.4884
2024-01-15T05:22:00,TURB_OUTPUT_01,897.6405
2024-01-15T05:22:00,TURB_BEAR_01,71.0664
2024-01-15T05:23:00,TURB_SPEED_01,3004.5935
2024-01-15T05:23:00,TURB_VIB_01,1.4083
2024-01-15T05:23:00,TURB_OUTPUT_01,899.9128
2024-01-15T05:24:00,TURB_SPEED_01,3004.9036
2024-01-15T05:24:00,TURB_VIB_01,1.5426
2024-01-15T05:24:00,TURB_OUTPUT_01,899.2053
2024-01-15T05:24:00,TURB_BEAR_01,71.1619
2024-01-15T05:25:00,TURB_SPEED_01,3005.0387
2024-01-15T05:25:00,TURB_VIB_01,1.4074
2024-01-15T05:25:00,TURB_OUTPUT_01,895.2456
2024-01-15T05:26:00,TURB_SPEED_01,3004.9695
2024-01-15T05:26:00,TURB_VIB_01,1.4897
2024-01-15T05:26:00,TURB_OUTPUT_01,894.0344
2024-01-15T05:26:00,TURB_BEAR_01,70.6865
2024-01-15T05:27:00,TURB_SPEED_01,3005.2791
2024-01-15T05:27:00,TURB_VIB_01,1.4716
2024-01-15T05:27:00,TURB_OUTPUT_01,903.4401
2024-01-15T05:28:00,TURB_SPEED_01,3004.8673
2024-01-15T05:28:00,TURB_VIB_01,1.4864
2024-01-15T05:28:00,TURB_OUTPUT_01,897.2322
2024-01-15T05:28:00,TURB_BEAR_01,71.4212
2024-01-15T05:29:00,TURB_SPEED_01,3005.2368
2024-01-15T05:29:00,TURB_VIB_01,1.5379
2024-01-15T05:29:00,TURB_OUTPUT_01,901.1748
2024-01-15T05:30:00,TURB_SPEED_01,3005.2283
2024-01-15T05:30:00,TURB_VIB_01,1.5489
2024-01-15T05:30:00,TURB_OUTPUT_01,907.8823
2024-01-15T05:30:00,TURB_BEAR_01,71.148
2024-01-15T05:31:00,TURB_SPEED_01,3004.9892
2024-01-15T05:31:00,TURB_VIB_01,1.4915
2024-01-15T05:31:00,TURB_OUTPUT_01,894.3948
2024-01-15T05:32:00,TURB_SPEED_01,3005.0465
2024-01-15T05:32:00,TURB_VIB_01,1.4858
2024-01-15T05:32:00,TURB_OUTPUT_01,895.0994
2024-01-15T05:32:00,TURB_BEAR_01,70.1564
2024-01-15T05:33:00,TURB_SPEED_01,3004.6563
2024-01-15T05:33:00,TURB_VIB_01,1.5081
2024-01-15T05:33:00,TURB_OUTPUT_01,899.5413
2024-01-15T05:34:00,TURB_SPEED_01,3005.1566
2024-01-15T05:34:00,TURB_VIB_01,1.53
2024-01-15T05:34:00,TURB_OUTPUT_01,901.3505
2024-01-15T05:34:00,TURB_BEAR_01,71.3249
2024-01-15T05:35:00,TURB_SPEED_01,3004.9328
2024-01-15T05:35:00,TURB_VIB_01,1.4979
2024-01-15T05:35:00,TURB_OUTPUT_01,899.1023
2024-01-15T05:36:00,TURB_SPEED_01,3004.8302
2024-01-15T05:36:00,TURB_VIB_01,1.4493
2024-01-15T05:36:00,TURB_OUTPUT_01,896.852
2024-01-15T05:36:00,TURB_BEAR_01,70.9068
2024-01-15T05:37:00,TURB_SPEED_01,3005.2391
2024-01-15T05:37:00,TURB_VIB_01,1.5298
2024-01-15T05:37:00,TURB_OUTPUT_01,898.4447
2024-01-15T05:38:00,TURB_SPEED_01,3004.8309
2024-01-15T05:38:00,TURB_VIB_01,1.4958
2024-01-15T05:38:00,TURB_OUTPUT_01,897.4176
2024-01-15T05:38:00,TURB_BEAR_01,70.8388
2024-01-15T05:39:00,TURB_SPEED_01,3004.9569
2024-01-15T05:39:00,TURB_VIB_01,1.4799
2024-01-15T05:39:00,TURB_OUTPUT_01,899.6812
2024-01-15T05:40:00,TURB_SPEED_01,3004.8143
2024-01-15T05:40:00,TURB_VIB_01,1.4924
2024-01-15T05:40:00,TURB_OUTPUT_01,899.404
2024-01-15T05:40:00,TURB_BEAR_01,70.5021
2024-01-15T05:41:00,TURB_SPEED_01,3004.9883
2024-01-15T05:41:00,TURB_VIB_01,1.4899
2024-01-15T05:41:00,TURB_OUTPUT_01,904.0035
2024-01-15T05:42:00,TURB_SPEED_01,3004.867
2024-01-15T05:42:00,TURB_VIB_01,1.5251
2024-01-15T05:42:00,TURB_OUTPUT_01,898.021
2024-01-15T05:42:00,TURB_BEAR_01,71.2593
2024-01-15T05:43:00,TURB_SPEED_01,3005.1858
2024-01-15T05:43:00,TURB_VIB_01,1.477
2024-01-15T05:43:00,TURB_OUTPUT_01,903.2234
2024-01-15T05:44:00,TURB_SPEED_01,3005.09
2024-01-15T05:44:00,TURB_VIB_01,1.6028
2024-01-15T05:44:00,TURB_OUTPUT_01,902.7373
2024-01-15T05:44:00,TURB_BEAR_01,71.1478
2024-01-15T05:45:00,TURB_SPEED_01,3005.2513
2024-01-15T05:45:00,TURB_VIB_01,1.5278
2024-01-15T05:45:00,TURB_OUTPUT_01,904.1001
2024-01-15T05:46:00,TURB_SPEED_01,3005.2222
2024-01-15T05:46:00,TURB_VIB_01,1.5041
2024-01-15T05:46:00,TURB_OUTPUT_01,906.103
2024-01-15T05:46:00,TURB_BEAR_01,71.0058
2024-01-15T05:47:00,TURB_SPEED_01,3004.8596
2024-01-15T05:47:00,TURB_VIB_01,1.4852
2024-01-15T05:47:00,TURB_OUTPUT_01,899.5612
2024-01-15T05:48:00,TURB_SPEED_01,3005.1187
2024-01-15T05:48:00,TURB_VIB_01,1.5322
2024-01-15T05:48:00,TURB_OUTPUT_01,896.8896
2024-01-15T05:48:00,TURB_BEAR_01,70.8726
2024-01-15T05:49:00,TURB_SPEED_01,3005.1116
2024-01-15T05:49:00,TURB_VIB_01,1.5307
2024-01-15T05:49:00,TURB_OUTPUT_01,895.197
2024-01-15T05:50:00,TURB_SPEED_01,3004.9
2024-01-15T05:50:00,TURB_VIB_01,1.4563
2024-01-15T05:50:00,TURB_OUTPUT_01,895.8909
2024-01-15T05:50:00,TURB_BEAR_01,70.7731
2024-01-15T05:51:00,TURB_SPEED_01,3005.0317
2024-01-15T05:51:00,TURB_VIB_01,1.5316
2024-01-15T05:51:00,TURB_OUTPUT_01,907.4304
2024-01-15T05:52:00,TURB_SPEED_01,3005.4515
2024-01-15T05:52:00,TURB_VIB_01,1.6067
2024-01-15T05:52:00,TURB_OUTPUT_01,905.4413
2024-01-15T05:52:00,TURB_BEAR_01,71.7405
2024-01-15T05:53:00,TURB_SPEED_01,3004.9231
2024-01-15T05:53:00,TURB_VIB_01,1.45
2024-01-15T05:53:00,TURB_OUTPUT_01,896.1548
2024-01-15T05:54:00,TURB_SPEED_01,3005.0528
2024-01-15T05:54:00,TURB_VIB_01,1.5065
2024-01-15T05:54:00,TURB_OUTPUT_01,900.7946
2024-01-15T05:54:00,TURB_BEAR_01,70.9713
2024-01-15T05:55:00,TURB_SPEED_01,3004.7819
2024-01-15T05:55:00,TURB_VIB_01,1.5192
2024-01-15T05:55:00,TURB_OUTPUT_01,901.4229
2024-01-15T05:56:00,TURB_SPEED_01,3004.7719
2024-01-15T05:56:00,TURB_VIB_01,1.5094
2024-01-15T05:56:00,TURB_OUTPUT_01,902.4504
2024-01-15T05:56:00,TURB_BEAR_01,71.2955
2024-01-15T05:57:00,TURB_SPEED_01,3005.1462
2024-01-15T05:57:00,TURB_VIB_01,1.4997
2024-01-15T05:57:00,TURB_OUTPUT_01,894.0518
2024-01-15T05:58:00,TURB_SPEED_01,3005.0475
2024-01-15T05:58:00,TURB_VIB_01,1.495
2024-01-15T05:58:00,TURB_OUTPUT_01,907.2252
2024-01-15T05:58:00,TURB_BEAR_01,70.6301
2024-01-15T05:59:00,TURB_SPEED_01,3005.0098
2024-01-15T05:59:00,TURB_VIB_01,1.5508
2024-01-15T05:59:00,TURB_OUTPUT_01,898.1954
2024-01-15T06:00:00,TURB_SPEED_01,3004.7252
2024-01-15T06:00:00,TURB_VIB_01,1.4505
2024-01-15T06:00:00,TURB_OUTPUT_01,895.1065
2024-01-15T06:00:00,TURB_BEAR_01,70.6243
2024-01-15T06:01:00,TURB_SPEED_01,3005.1197
2024-01-15T06:01:00,TURB_VIB_01,1.5014
2024-01-15T06:01:00,TURB_OUTPUT_01,900.1024
2024-01-15T06:02:00,TURB_SPEED_01,3004.9874
2024-01-15T06:02:00,TURB_VIB_01,1.508
2024-01-15T06:02:00,TURB_OUTPUT_01,896.4979
2024-01-15T06:02:00,TURB_BEAR_01,71.3379
2024-01-15T06:03:00,TURB_SPEED_01,3004.7536
2024-01-15T06:03:00,TURB_VIB_01,1.4773
2024-01-15T06:03:00,TURB_OUTPUT_01,897.035
2024-01-15T06:04:00,TURB_SPEED_01,3004.8641
2024-01-15T06:04:00,TURB_VIB_01,1.4326
2024-01-15T06:04:00,TURB_OUTPUT_01,894.1984
2024-01-15T06:04:00,TURB_BEAR_01,70.2863
2024-01-15T06:05:00,TURB_SPEED_01,3005.2933
2024-01-15T06:05:00,TURB_VIB_01,1.534
2024-01-15T06:05:00,TURB_OUTPUT_01,912.1647
2024-01-15T06:06:00,TURB_SPEED_01,3004.5986
2024-01-15T06:06:00,TURB_VIB_01,1.4518
2024-01-15T06:06:00,TURB_OUTPUT_01,886.998
2024-01-15T06:06:00,TURB_BEAR_01,70.5746
2024-01-15T06:07:00,TURB_SPEED_01,3005.0817
2024-01-15T06:07:00,TURB_VIB_01,1.5488
2024-01-15T06:07:00,TURB_OUTPUT_01,901.7535
2024-01-15T06:08:00,TURB_SPEED_01,3005.3138
2024-01-15T06:08:00,TURB_VIB_01,1.5174
2024-01-15T06:08:00,TURB_OUTPUT_01,901.4137
2024-01-15T06:08:00,TURB_BEAR_01,70.6893
2024-01-15T06:09:00,TURB_SPEED_01,3004.8466
2024-01-15T06:09:00,TURB_VIB_01,1.4847
2024-01-15T06:09:00,TURB_OUTPUT_01,903.222
2024-01-15T06:10:00,TURB_SPEED_01,3005.1728
2024-01-15T06:10:00,TURB_VIB_01,1.4741
2024-01-15T06:10:00,TURB_OUTPUT_01,901.3245
2024-01-15T06:10:00,TURB_BEAR_01,70.447
2024-01-15T06:11:00,TURB_SPEED_01,3004.9259
2024-01-15T06:11:00,TURB_VIB_01,1.4894
2024-01-15T06:11:00,TURB_OUTPUT_01,896.361
2024-01-15T06:12:00,TURB_SPEED_01,3004.8901
2024-01-15T06:12:00,TURB_VIB_01,1.454
2024-01-15T06:12:00,TURB_OUTPUT_01,899.0937
2024-01-15T06:12:00,TURB_BEAR_01,70.6191
2024-01-15T06:13:00,TURB_SPEED_01,3005.1551
2024-01-15T06:13:00,TURB_VIB_01,1.4744
2024-01-15T06:13:00,TURB_OUTPUT_01,905.2477
2024-01-15T06:14:00,TURB_SPEED_01,3004.9785
2024-01-15T06:14:00,TURB_VIB_01,1.5439
2024-01-15T06:14:00,TURB_OUTPUT_01,906.3793
2024-01-15T06:14:00,TURB_BEAR_01,71.2799
2024-01-15T06:15:00,TURB_SPEED_01,3004.9423
2024-01-15T06:15:00,TURB_VIB_01,1.5775
2024-01-15T06:15:00,TURB_OUTPUT_01,903.0249
2024-01-15T06:16:00,TURB_SPEED_01,3005.0724
2024-01-15T06:16:00,TURB_VIB_01,1.4829
2024-01-15T06:16:00,TURB_OUTPUT_01,902.2653
2024-01-15T06:16:00,TURB_BEAR_01,70.801
2024-01-15T06:17:00,TURB_SPEED_01,3004.9095
2024-01-15T06:17:00,TURB_VIB_01,1.4746
2024-01-15T06:17:00,TURB_OUTPUT_01,896.4523
2024-01-15T06:18:00,TURB_SPEED_01,3004.8791
2024-01-15T06:18:00,TURB_VIB_01,1.5224
2024-01-15T06:18:00,TURB_OUTPUT_01,901.6622
2024-01-15T06:18:00,TURB_BEAR_01,70.75
2024-01-15T06:19:00,TURB_SPEED_01,3004.7734
2024-01-15T06:19:00,TURB_VIB_01,1.4985
2024-01-15T06:19:00,TURB_OUTPUT_01,897.5292
2024-01-15T06:20:00,TURB_SPEED_01,3004.8866
2024-01-15T06:20:00,TURB_VIB_01,1.5024
2024-01-15T06:20:00,TURB_OUTPUT_01,898.8484
2024-01-15T06:20:00,TURB_BEAR_01,69.9958
2024-01-15T06:21:00,TURB_SPEED_01,3005.2368
2024-01-15T06:21:00,TURB_VIB_01,1.4937
2024-01-15T06:21:00,TURB_OUTPUT_01,900.0055
2024-01-15T06:22:00,TURB_SPEED_01,3004.99
2024-01-15T06:22:00,TURB_VIB_01,1.5411
2024-01-15T06:22:00,TURB_OUTPUT_01,903.7309
2024-01-15T06:22:00,TURB_BEAR_01,71.0813
2024-01-15T06:23:00,TURB_SPEED_01,3004.7897
2024-01-15T06:23:00,TURB_VIB_01,1.4834
2024-01-15T06:23:00,TURB_OUTPUT_01,900.9062
2024-01-15T06:24:00,TURB_SPEED_01,3004.7604
2024-01-15T06:24:00,TURB_VIB_01,1.5109
2024-01-15T06:24:00,TURB_OUTPUT_01,900.3978
2024-01-15T06:24:00,TURB_BEAR_01,70.7311
2024-01-15T06:25:00,TURB_SPEED_01,3004.8535
2024-01-15T06:25:00,TURB_VIB_01,1.4734
2024-01-15T06:25:00,TURB_OUTPUT_01,895.6305
2024-01-15T06:26:00,TURB_SPEED_01,3004.5423
2024-01-15T06:26:00,TURB_VIB_01,1.4613
2024-01-15T06:26:00,TURB_OUTPUT_01,896.0984
2024-01-15T06:26:00,TURB_BEAR_01,70.2401
2024-01-15T06:27:00,TURB_SPEED_01,3004.8774
2024-01-15T06:27:00,TURB_VIB_01,1.5314
2024-01-15T06:27:00,TURB_OUTPUT_01,904.3676
2024-01-15T06:28:00,TURB_SPEED_01,3004.9713
2024-01-15T06:28:00,TURB_VIB_01,1.501
2024-01-15T06:28:00,TURB_OUTPUT_01,893.2381
2024-01-15T06:28:00,TURB_BEAR_01,71.6136
2024-01-15T06:29:00,TURB_SPEED_01,3004.8528
2024-01-15T06:29:00,TURB_VIB_01,1.5671
2024-01-15T06:29:00,TURB_OUTPUT_01,907.0205
2024-01-15T06:30:00,TURB_SPEED_01,3004.8038
2024-01-15T06:30:00,TURB_VIB_01,1.4439
2024-01-15T06:30:00,TURB_OUTPUT_01,894.8515
2024-01-15T06:30:00,TURB_BEAR_01,70.4459
2024-01-15T06:31:00,TURB_SPEED_01,3004.8855
2024-01-15T06:31:00,TURB_VIB_01,1.5159
2024-01-15T06:31:00,TURB_OUTPUT_01,899.1611
2024-01-15T06:32:00,TURB_SPEED_01,3005.1149
2024-01-15T06:32:00,TURB_VIB_01,1.4416
2024-01-15T06:32:00,TURB_OUTPUT_01,900.3917
2024-01-15T06:32:00,TURB_BEAR_01,71.3991
2024-01-15T06:33:00,TURB_SPEED_01,3005.2912
2024-01-15T06:33:00,TURB_VIB_01,1.5049
2024-01-15T06:33:00,TURB_OUTPUT_01,895.4672
2024-01-15T06:34:00,TURB_SPEED_01,3005.0761
2024-01-15T06:34:00,TURB_VIB_01,1.4788
2024-01-15T06:34:00,TURB_OUTPUT_01,900.4084
2024-01-15T06:34:00,TURB_BEAR_01,70.8967
2024-01-15T06:35:00,TURB_SPEED_01,3004.4514
2024-01-15T06:35:00,TURB_VIB_01,1.4435
2024-01-15T06:35:00,TURB_OUTPUT_01,887.7696
2024-01-15T06:36:00,TURB_SPEED_01,3004.9655
2024-01-15T06:36:00,TURB_VIB_01,1.5114
2024-01-15T06:36:00,TURB_OUTPUT_01,895.4098
2024-01-15T06:36:00,TURB_BEAR_01,71.1783
2024-01-15T06:37:00,TURB_SPEED_01,3004.5156
2024-01-15T06:37:00,TURB_VIB_01,1.4748
2024-01-15T06:37:00,TURB_OUTPUT_01,893.5428
2024-01-15T06:38:00,TURB_SPEED_01,3004.7177
2024-01-15T06:38:00,TURB_VIB_01,1.4406
2024-01-15T06:38:00,TURB_OUTPUT_01,900.497
2024-01-15T06:38:00,TURB_BEAR_01,70.4293
2024-01-15T06:39:00,TURB_SPEED_01,3004.666
2024-01-15T06:39:00,TURB_VIB_01,1.4214
2024-01-15T06:39:00,TURB_OUTPUT_01,897.8939
2024-01-15T06:40:00,TURB_SPEED_01,3005.1829
2024-01-15T06:40:00,TURB_VIB_01,1.4804
2024-01-15T06:40:00,TURB_OUTPUT_01,896.6838
2024-01-15T06:40:00,TURB_BEAR_01,70.9741
2024-01-15T06:41:00,TURB_SPEED_01,3005.1792
2024-01-15T06:41:00,TURB_VIB_01,1.4909
2024-01-15T06:41:00,TURB_OUTPUT_01,899.9801
2024-01-15T06:42:00,TURB_SPEED_01,3004.7004
2024-01-15T06:42:00,TURB_VIB_01,1.4739
2024-01-15T06:42:00,TURB_OUTPUT_01,890.9567
2024-01-15T06:42:00,TURB_BEAR_01,70.3787
2024-01-15T06:43:00,TURB_SPEED_01,3005.0821
2024-01-15T06:43:00,TURB_VIB_01,1.5273
2024-01-15T06:43:00,TURB_OUTPUT_01,899.6541
2024-01-15T06:44:00,TURB_SPEED_01,3005.0486
2024-01-15T06:44:00,TURB_VIB_01,1.5017
2024-01-15T06:44:00,TURB_OUTPUT_01,897.4041
2024-01-15T06:44:00,TURB_BEAR_01,70.9497
2024-01-15T06:45:00,TURB_SPEED_01,3004.8221
2024-01-15T06:45:00,TURB_VIB_01,1.4366
2024-01-15T06:45:00,TURB_OUTPUT_01,898.0575
2024-01-15T06:46:00,TURB_SPEED_01,3004.8454
2024-01-15T06:46:00,TURB_VIB_01,1.4384
2024-01-15T06:46:00,TURB_OUTPUT_01,896.8273
2024-01-15T06:46:00,TURB_BEAR_01,70.4555
2024-01-15T06:47:00,TURB_SPEED_01,3004.9837
2024-01-15T06:47:00,TURB_VIB_01,1.4872
2024-01-15T06:47:00,TURB_OUTPUT_01,895.5585
2024-01-15T06:48:00,TURB_SPEED_01,3005.202
2024-01-15T06:48:00,TURB_VIB_01,1.465
2024-01-15T06:48:00,TURB_OUTPUT_01,898.8456
2024-01-15T06:48:00,TURB_BEAR_01,70.9173
2024-01-15T06:49:00,TURB_SPEED_01,3005.0169
2024-01-15T06:49:00,TURB_VIB_01,1.4977
2024-01-15T06:49:00,TURB_OUTPUT_01,905.9211
2024-01-15T06:50:00,TURB_SPEED_01,3005.2549
2024-01-15T06:50:00,TURB_VIB_01,1.4553
2024-01-15T06:50:00,TURB_OUTPUT_01,900.5229
2024-01-15T06:50:00,TURB_BEAR_01,70.9368
2024-01-15T06:51:00,TURB_SPEED_01,3004.8431
2024-01-15T06:51:00,TURB_VIB_01,1.4866
2024-01-15T06:51:00,TURB_OUTPUT_01,900.1428
2024-01-15T06:52:00,TURB_SPEED_01,3004.9215
2024-01-15T06:52:00,TURB_VIB_01,1.4546
2024-01-15T06:52:00,TURB_OUTPUT_01,899.7214
2024-01-15T06:52:00,TURB_BEAR_01,70.9956
2024-01-15T06:53:00,TURB_SPEED_01,3004.8514
2024-01-15T06:53:00,TURB_VIB_01,1.4937
2024-01-15T06:53:00,TURB_OUTPUT_01,901.2105
2024-01-15T06:54:00,TURB_SPEED_01,3005.0619
2024-01-15T06:54:00,TURB_VIB_01,1.5454
2024-01-15T06:54:00,TURB_OUTPUT_01,901.8896
2024-01-15T06:54:00,TURB_BEAR_01,71.2273
2024-01-15T06:55:00,TURB_SPEED_01,3004.4409
2024-01-15T06:55:00,TURB_VIB_01,1.4426
2024-01-15T06:55:00,TURB_OUTPUT_01,890.8346
2024-01-15T06:56:00,TURB_SPEED_01,3004.981
2024-01-15T06:56:00,TURB_VIB_01,1.4105
2024-01-15T06:56:00,TURB_OUTPUT_01,892.3936
2024-01-15T06:56:00,TURB_BEAR_01,70.4368
2024-01-15T06:57:00,TURB_SPEED_01,3005.2092
2024-01-15T06:57:00,TURB_VIB_01,1.4775
2024-01-15T06:57:00,TURB_OUTPUT_01,900.5525
2024-01-15T06:58:00,TURB_SPEED_01,3004.994
2024-01-15T06:58:00,TURB_VIB_01,1.4926
2024-01-15T06:58:00,TURB_OUTPUT_01,898.1993
2024-01-15T06:58:00,TURB_BEAR_01,70.8107
2024-01-15T06:59:00,TURB_SPEED_01,3005.026
2024-01-15T06:59:00,TURB_VIB_01,1.5337
2024-01-15T06:59:00,TURB_OUTPUT_01,899.2448
2024-01-15T07:00:00,TURB_SPEED_01,3005.1491
2024-01-15T07:00:00,TURB_VIB_01,1.5474
2024-01-15T07:00:00,TURB_OUTPUT_01,905.5154
2024-01-15T07:00:00,TURB_BEAR_01,71.0198
2024-01-15T07:01:00,TURB_SPEED_01,3004.8006
2024-01-15T07:01:00,TURB_VIB_01,1.5102
2024-01-15T07:01:00,TURB_OUTPUT_01,896.8821
2024-01-15T07:02:00,TURB_SPEED_01,3005.0315
2024-01-15T07:02:00,TURB_VIB_01,1.5114
2024-01-15T07:02:00,TURB_OUTPUT_01,906.8347
2024-01-15T07:02:00,TURB_BEAR_01,71.1623
2024-01-15T07:03:00,TURB_SPEED_01,3004.8817
2024-01-15T07:03:00,TURB_VIB_01,1.4546
2024-01-15T07:03:00,TURB_OUTPUT_01,892.9213
2024-01-15T07:04:00,TURB_SPEED_01,3005.3998
2024-01-15T07:04:00,TURB_VIB_01,1.5521
2024-01-15T07:04:00,TURB_OUTPUT_01,903.8166
2024-01-15T07:04:00,TURB_BEAR_01,71.7372
2024-01-15T07:05:00,TURB_SPEED_01,3004.7255
2024-01-15T07:05:00,TURB_VIB_01,1.4232
2024-01-15T07:05:00,TURB_OUTPUT_01,903.1844
2024-01-15T07:06:00,TURB_SPEED_01,3005.1518
2024-01-15T07:06:00,TURB_VIB_01,1.5833
2024-01-15T07:06:00,TURB_OUTPUT_01,907.2574
2024-01-15T07:06:00,TURB_BEAR_01,71.7288
2024-01-15T07:07:00,TURB_SPEED_01,3005.0346
2024-01-15T07:07:00,TURB_VIB_01,1.4973
2024-01-15T07:07:00,TURB_OUTPUT_01,889.0621
2024-01-15T07:08:00,TURB_SPEED_01,3005.2456
2024-01-15T07:08:00,TURB_VIB_01,1.5215
2024-01-15T07:08:00,TURB_OUTPUT_01,902.8164
2024-01-15T07:08:00,TURB_BEAR_01,70.8841
2024-01-15T07:09:00,TURB_SPEED_01,3004.9732
2024-01-15T07:09:00,TURB_VIB_01,1.4413
2024-01-15T07:09:00,TURB_OUTPUT_01,900.0308
2024-01-15T07:10:00,TURB_SPEED_01,3005.197
2024-01-15T07:10:00,TURB_VIB_01,1.4704
2024-01-15T07:10:00,TURB_OUTPUT_01,899.8163
2024-01-15T07:10:00,TURB_BEAR_01,70.2822
2024-01-15T07:11:00,TURB_SPEED_01,3005.042
2024-01-15T07:11:00,TURB_VIB_01,1.4811
2024-01-15T07:11:00,TURB_OUTPUT_01,899.7075
2024-01-15T07:12:00,TURB_SPEED_01,3005.0723
2024-01-15T07:12:00,TURB_VIB_01,1.529
2024-01-15T07:12:00,TURB_OUTPUT_01,897.9397
2024-01-15T07:12:00,TURB_BEAR_01,70.7508
2024-01-15T07:13:00,TURB_SPEED_01,3005.3844
2024-01-15T07:13:00,TURB_VIB_01,1.5274
2024-01-15T07:13:00,TURB_OUTPUT_01,906.5301
2024-01-15T07:14:00,TURB_SPEED_01,3004.7315
2024-01-15T07:14:00,TURB_VIB_01,1.4675
2024-01-15T07:14:00,TURB_OUTPUT_01,896.474
2024-01-15T07:14:00,TURB_BEAR_01,70.5657
2024-01-15T07:15:00,TURB_SPEED_01,3004.9945
2024-01-15T07:15:00,TURB_VIB_01,1.4809
2024-01-15T07:15:00,TURB_OUTPUT_01,899.1105
2024-01-15T07:16:00,TURB_SPEED_01,3004.6852
2024-01-15T07:16:00,TURB_VIB_01,1.4696
2024-01-15T07:16:00,TURB_OUTPUT_01,895.3104
2024-01-15T07:16:00,TURB_BEAR_01,70.1129
2024-01-15T07:17:00,TURB_SPEED_01,3005.0036
2024-01-15T07:17:00,TURB_VIB_01,1.5715
2024-01-15T07:17:00,TURB_OUTPUT_01,901.4042
2024-01-15T07:18:00,TURB_SPEED_01,3005.1119
2024-01-15T07:18:00,TURB_VIB_01,1.5052
2024-01-15T07:18:00,TURB_OUTPUT_01,901.7911
2024-01-15T07:18:00,TURB_BEAR_01,70.1861
2024-01-15T07:19:00,TURB_SPEED_01,3004.7687
2024-01-15T07:19:00,TURB_VIB_01,1.463
2024-01-15T07:19:00,TURB_OUTPUT_01,895.6371
2024-01-15T07:20:00,TURB_SPEED_01,3004.8465
2024-01-15T07:20:00,TURB_VIB_01,1.5058
2024-01-15T07:20:00,TURB_OUTPUT_01,898.3524
2024-01-15T07:20:00,TURB_BEAR_01,70.334
2024-01-15T07:21:00,TURB_SPEED_01,3005.2444
2024-01-15T07:21:00,TURB_VIB_01,1.554
2024-01-15T07:21:00,TURB_OUTPUT_01,903.6292
2024-01-15T07:22:00,TURB_SPEED_01,3004.7253
2024-01-15T07:22:00,TURB_VIB_01,1.4534
2024-01-15T07:22:00,TURB_OUTPUT_01,894.1091
2024-01-15T07:22:00,TURB_BEAR_01,69.9251
2024-01-15T07:23:00,TURB_SPEED_01,3005.1563
2024-01-15T07:23:00,TURB_VIB_01,1.5409
2024-01-15T07:23:00,TURB_OUTPUT_01,904.8695
2024-01-15T07:24:00,TURB_SPEED_01,3004.9206
2024-01-15T07:24:00,TURB_VIB_01,1.4839
2024-01-15T07:24:00,TURB_OUTPUT_01,895.9789
2024-01-15T07:24:00,TURB_BEAR_01,70.893
2024-01-15T07:25:00,TURB_SPEED_01,3005.0948
2024-01-15T07:25:00,TURB_VIB_01,1.4686
2024-01-15T07:25:00,TURB_OUTPUT_01,893.8212
2024-01-15T07:26:00,TURB_SPEED_01,3004.8018
2024-01-15T07:26:00,TURB_VIB_01,1.4592
2024-01-15T07:26:00,TURB_OUTPUT_01,898.6775
2024-01-15T07:26:00,TURB_BEAR_01,70.2951
2024-01-15T07:27:00,TURB_SPEED_01,3005.1292
2024-01-15T07:27:00,TURB_VIB_01,1.5422
2024-01-15T07:27:00,TURB_OUTPUT_01,902.1409
2024-01-15T07:28:00,TURB_SPEED_01,3004.774
2024-01-15T07:28:00,TURB_VIB_01,1.5012
2024-01-15T07:28:00,TURB_OUTPUT_01,895.8962
2024-01-15T07:28:00,TURB_BEAR_01,70.9872
2024-01-15T07:29:00,TURB_SPEED_01,3005.0845
2024-01-15T07:29:00,TURB_VIB_01,1.4945
2024-01-15T07:29:00,TURB_OUTPUT_01,896.6819
2024-01-15T07:30:00,TURB_SPEED_01,3004.9665
2024-01-15T07:30:00,TURB_VIB_01,1.5233
2024-01-15T07:30:00,TURB_OUTPUT_01,900.1683
2024-01-15T07:30:00,TURB_BEAR_01,70.1365
2024-01-15T07:31:00,TURB_SPEED_01,3004.8296
2024-01-15T07:31:00,TURB_VIB_01,1.4475
2024-01-15T07:31:00,TURB_OUTPUT_01,894.0098
2024-01-15T07:32:00,TURB_SPEED_01,3004.9642
2024-01-15T07:32:00,TURB_VIB_01,1.5091
2024-01-15T07:32:00,TURB_OUTPUT_01,900.5764
2024-01-15T07:32:00,TURB_BEAR_01,70.8788
2024-01-15T07:33:00,TURB_SPEED_01,3005.1086
2024-01-15T07:33:00,TURB_VIB_01,1.4962
2024-01-15T07:33:00,TURB_OUTPUT_01,908.9755
2024-01-15T07:34:00,TURB_SPEED_01,3004.5611
2024-01-15T07:34:00,TURB_VIB_01,1.3794
2024-01-15T07:34:00,TURB_OUTPUT_01,891.7974
2024-01-15T07:34:00,TURB_BEAR_01,70.0222
2024-01-15T07:35:00,TURB_SPEED_01,3004.9918
2024-01-15T07:35:00,TURB_VIB_01,1.4318
2024-01-15T07:35:00,TURB_OUTPUT_01,893.7847
2024-01-15T07:36:00,TURB_SPEED_01,3004.9522
2024-01-15T07:36:00,TURB_VIB_01,1.5347
2024-01-15T07:36:00,TURB_OUTPUT_01,898.1267
2024-01-15T07:36:00,TURB_BEAR_01,71.2318
2024-01-15T07:37:00,TURB_SPEED_01,3004.7233
2024-01-15T07:37:00,TURB_VIB_01,1.4635
2024-01-15T07:37:00,TURB_OUTPUT_01,896.2761
2024-01-15T07:38:00,TURB_SPEED_01,3004.7415
2024-01-15T07:38:00,TURB_VIB_01,1.4786
2024-01-15T07:38:00,TURB_OUTPUT_01,898.7859
2024-01-15T07:38:00,TURB_BEAR_01,70.5993
2024-01-15T07:39:00,TURB_SPEED_01,3004.7689
2024-01-15T07:39:00,TURB_VIB_01,1.4891
2024-01-15T07:39:00,TURB_OUTPUT_01,893.2553
2024-01-15T07:40:00,TURB_SPEED_01,3004.7883
2024-01-15T07:40:00,TURB_VIB_01,1.5092
2024-01-15T07:40:00,TURB_OUTPUT_01,899.738
2024-01-15T07:40:00,TURB_BEAR_01,70.6381
2024-01-15T07:41:00,TURB_SPEED_01,3004.9615
2024-01-15T07:41:00,TURB_VIB_01,1.5533
2024-01-15T07:41:00,TURB_OUTPUT_01,902.2777
2024-01-15T07:42:00,TURB_SPEED_01,3005.2261
2024-01-15T07:42:00,TURB_VIB_01,1.5291
2024-01-15T07:42:00,TURB_OUTPUT_01,907.0294
2024-01-15T07:42:00,TURB_BEAR_01,70.3641
2024-01-15T07:43:00,TURB_SPEED_01,3005.1844
2024-01-15T07:43:00,TURB_VIB_01,1.519
2024-01-15T07:43:00,TURB_OUTPUT_01,895.6312
2024-01-15T07:44:00,TURB_SPEED_01,3005.0422
2024-01-15T07:44:00,TURB_VIB_01,1.4852
2024-01-15T07:44:00,TURB_OUTPUT_01,903.4889
2024-01-15T07:44:00,TURB_BEAR_01,70.9652
2024-01-15T07:45:00,TURB_SPEED_01,3005.37
2024-01-15T07:45:00,TURB_VIB_01,1.4307
2024-01-15T07:45:00,TURB_OUTPUT_01,896.3092
2024-01-15T07:46:00,TURB_SPEED_01,3005.279
2024-01-15T07:46:00,TURB_VIB_01,1.5672
2024-01-15T07:46:00,TURB_OUTPUT_01,905.358
2024-01-15T07:46:00,TURB_BEAR_01,71.5834
2024-01-15T07:47:00,TURB_SPEED_01,3004.9514
2024-01-15T07:47:00,TURB_VIB_01,1.4783
2024-01-15T07:47:00,TURB_OUTPUT_01,901.5372
2024-01-15T07:48:00,TURB_SPEED_01,3004.5801
2024-01-15T07:48:00,TURB_VIB_01,1.4597
2024-01-15T07:48:00,TURB_OUTPUT_01,897.2479
2024-01-15T07:48:00,TURB_BEAR_01,70.3948
2024-01-15T07:49:00,TURB_SPEED_01,3005.3616
2024-01-15T07:49:00,TURB_VIB_01,1.5807
2024-01-15T07:49:00,TURB_OUTPUT_01,907.1334
2024-01-15T07:50:00,TURB_SPEED_01,3004.8156
2024-01-15T07:50:00,TURB_VIB_01,1.4481
2024-01-15T07:50:00,TURB_OUTPUT_01,898.2947
2024-01-15T07:50:00,TURB_BEAR_01,70.4243
2024-01-15T07:51:00,TURB_SPEED_01,3004.8622
2024-01-15T07:51:00,TURB_VIB_01,1.4922
2024-01-15T07:51:00,TURB_OUTPUT_01,899.0393
2024-01-15T07:52:00,TURB_SPEED_01,3005.1732
2024-01-15T07:52:00,TURB_VIB_01,1.4863
2024-01-15T07:52:00,TURB_OUTPUT_01,905.0575
2024-01-15T07:52:00,TURB_BEAR_01,71.2414
2024-01-15T07:53:00,TURB_SPEED_01,3004.9305
2024-01-15T07:53:00,TURB_VIB_01,1.449
2024-01-15T07:53:00,TURB_OUTPUT_01,895.465
2024-01-15T07:54:00,TURB_SPEED_01,3004.894
2024-01-15T07:54:00,TURB_VIB_01,1.4538
2024-01-15T07:54:00,TURB_OUTPUT_01,899.431
2024-01-15T07:54:00,TURB_BEAR_01,70.7443
2024-01-15T07:55:00,TURB_SPEED_01,3004.7844
2024-01-15T07:55:00,TURB_VIB_01,1.516
2024-01-15T07:55:00,TURB_OUTPUT_01,902.4356
2024-01-15T07:56:00,TURB_SPEED_01,3004.5885
2024-01-15T07:56:00,TURB_VIB_01,1.4533
2024-01-15T07:56:00,TURB_OUTPUT_01,888.0614
2024-01-15T07:56:00,TURB_BEAR_01,70.0568
2024-01-15T07:57:00,TURB_SPEED_01,3004.8495
2024-01-15T07:57:00,TURB_VIB_01,1.5451
2024-01-15T07:57:00,TURB_OUTPUT_01,890.885
2024-01-15T07:58:00,TURB_SPEED_01,3005.0371
2024-01-15T07:58:00,TURB_VIB_01,1.5096
2024-01-15T07:58:00,TURB_OUTPUT_01,898.491
2024-01-15T07:58:00,TURB_BEAR_01,71.3899
2024-01-15T07:59:00,TURB_SPEED_01,3005.2674
2024-01-15T07:59:00,TURB_VIB_01,1.5638
2024-01-15T07:59:00,TURB_OUTPUT_01,902.5093
2024-01-15T08:00:00,TURB_SPEED_01,3005.005
2024-01-15T08:00:00,TURB_VIB_01,1.5164
2024-01-15T08:00:00,TURB_OUTPUT_01,902.2944
2024-01-15T08:00:00,TURB_BEAR_01,70.3284
2024-01-15T08:01:00,TURB_SPEED_01,3004.8508
2024-01-15T08:01:00,TURB_VIB_01,1.4313
2024-01-15T08:01:00,TURB_OUTPUT_01,897.7776
2024-01-15T08:02:00,TURB_SPEED_01,3004.8795
2024-01-15T08:02:00,TURB_VIB_01,1.4843
2024-01-15T08:02:00,TURB_OUTPUT_01,895.9016
2024-01-15T08:02:00,TURB_BEAR_01,70.7494
2024-01-15T08:03:00,TURB_SPEED_01,3004.5305
2024-01-15T08:03:00,TURB_VIB_01,1.4002
2024-01-15T08:03:00,TURB_OUTPUT_01,892.1488
2024-01-15T08:04:00,TURB_SPEED_01,3004.9525
2024-01-15T08:04:00,TURB_VIB_01,1.5731
2024-01-15T08:04:00,TURB_OUTPUT_01,905.0325
2024-01-15T08:04:00,TURB_BEAR_01,71.0604
2024-01-15T08:05:00,TURB_SPEED_01,3004.9792
2024-01-15T08:05:00,TURB_VIB_01,1.4998
2024-01-15T08:05:00,TURB_OUTPUT_01,900.0778
2024-01-15T08:06:00,TURB_SPEED_01,3004.9043
2024-01-15T08:06:00,TURB_VIB_01,1.46
2024-01-15T08:06:00,TURB_OUTPUT_01,885.695
2024-01-15T08:06:00,TURB_BEAR_01,69.4755
2024-01-15T08:07:00,TURB_SPEED_01,3005.085
2024-01-15T08:07:00,TURB_VIB_01,1.5269
2024-01-15T08:07:00,TURB_OUTPUT_01,893.326
2024-01-15T08:08:00,TURB_SPEED_01,3004.7763
2024-01-15T08:08:00,TURB_VIB_01,1.4982
2024-01-15T08:08:00,TURB_OUTPUT_01,902.0988
2024-01-15T08:08:00,TURB_BEAR_01,70.5999
2024-01-15T08:09:00,TURB_SPEED_01,3004.7831
2024-01-15T08:09:00,TURB_VIB_01,1.4429
2024-01-15T08:09:00,TURB_OUTPUT_01,896.0202
2024-01-15T08:10:00,TURB_SPEED_01,3005.1767
2024-01-15T08:10:00,TURB_VIB_01,1.506
2024-01-15T08:10:00,TURB_OUTPUT_01,903.6548
2024-01-15T08:10:00,TURB_BEAR_01,71.1519
2024-01-15T08:11:00,TURB_SPEED_01,3004.9276
2024-01-15T08:11:00,TURB_VIB_01,1.4315
2024-01-15T08:11:00,TURB_OUTPUT_01,894.5801
2024-01-15T08:12:00,TURB_SPEED_01,3004.9399
2024-01-15T08:12:00,TURB_VIB_01,1.4671
2024-01-15T08:12:00,TURB_OUTPUT_01,900.6563
2024-01-15T08:12:00,TURB_BEAR_01,70.385
2024-01-15T08:13:00,TURB_SPEED_01,3004.9444
2024-01-15T08:13:00,TURB_VIB_01,1.558
2024-01-15T08:13:00,TURB_OUTPUT_01,906.8469
2024-01-15T08:14:00,TURB_SPEED_01,3004.895
2024-01-15T08:14:00,TURB_VIB_01,1.5083
2024-01-15T08:14:00,TURB_OUTPUT_01,900.0894
2024-01-15T08:14:00,TURB_BEAR_01,70.1356
2024-01-15T08:15:00,TURB_SPEED_01,3004.6755
2024-01-15T08:15:00,TURB_VIB_01,1.4618
2024-01-15T08:15:00,TURB_OUTPUT_01,895.6272
2024-01-15T08:16:00,TURB_SPEED_01,3004.5935
2024-01-15T08:16:00,TURB_VIB_01,1.471
2024-01-15T08:16:00,TURB_OUTPUT_01,903.5589
2024-01-15T08:16:00,TURB_BEAR_01,70.7405
2024-01-15T08:17:00,TURB_SPEED_01,3005.0293
2024-01-15T08:17:00,TURB_VIB_01,1.5393
2024-01-15T08:17:00,TURB_OUTPUT_01,897.0018
2024-01-15T08:18:00,TURB_SPEED_01,3004.8814
2024-01-15T08:18:00,TURB_VIB_01,1.4303
2024-01-15T08:18:00,TURB_OUTPUT_01,901.8319
2024-01-15T08:18:00,TURB_BEAR_01,70.2872
2024-01-15T08:19:00,TURB_SPEED_01,3005.0342
2024-01-15T08:19:00,TURB_VIB_01,1.5435
2024-01-15T08:19:00,TURB_OUTPUT_01,900.3859
2024-01-15T08:20:00,TURB_SPEED_01,3005.0033
2024-01-15T08:20:00,TURB_VIB_01,1.5521
2024-01-15T08:20:00,TURB_OUTPUT_01,897.0607
2024-01-15T08:20:00,TURB_BEAR_01,70.4533
2024-01-15T08:21:00,TURB_SPEED_01,3004.9533
2024-01-15T08:21:00,TURB_VIB_01,1.5069
2024-01-15T08:21:00,TURB_OUTPUT_01,899.4831
2024-01-15T08:22:00,TURB_SPEED_01,3004.9263
2024-01-15T08:22:00,TURB_VIB_01,1.476
2024-01-15T08:22:00,TURB_OUTPUT_01,900.6236
2024-01-15T08:22:00,TURB_BEAR_01,70.4415
2024-01-15T08:23:00,TURB_SPEED_01,3004.8232
2024-01-15T08:23:00,TURB_VIB_01,1.5001
2024-01-15T08:23:00,TURB_OUTPUT_01,898.5754
2024-01-15T08:24:00,TURB_SPEED_01,3005.163
2024-01-15T08:24:00,TURB_VIB_01,1.4879
2024-01-15T08:24:00,TURB_OUTPUT_01,903.1035
2024-01-15T08:24:00,TURB_BEAR_01,70.421
2024-01-15T08:25:00,TURB_SPEED_01,3004.9662
2024-01-15T08:25:00,TURB_VIB_01,1.4279
2024-01-15T08:25:00,TURB_OUTPUT_01,898.9519
2024-01-15T08:26:00,TURB_SPEED_01,3004.9336
2024-01-15T08:26:00,TURB_VIB_01,1.4772
2024-01-15T08:26:00,TURB_OUTPUT_01,894.9373
2024-01-15T08:26:00,TURB_BEAR_01,70.7703
2024-01-15T08:27:00,TURB_SPEED_01,3005.0767
2024-01-15T08:27:00,TURB_VIB_01,1.5128
2024-01-15T08:27:00,TURB_OUTPUT_01,897.9359
2024-01-15T08:28:00,TURB_SPEED_01,3005.0016
2024-01-15T08:28:00,TURB_VIB_01,1.5589
2024-01-15T08:28:00,TURB_OUTPUT_01,900.9397
2024-01-15T08:28:00,TURB_BEAR_01,70.5854
2024-01-15T08:29:00,TURB_SPEED_01,3004.9341
2024-01-15T08:29:00,TURB_VIB_01,1.4906
2024-01-15T08:29:00,TURB_OUTPUT_01,897.9484
2024-01-15T08:30:00,TURB_SPEED_01,3004.7014
2024-01-15T08:30:00,TURB_VIB_01,1.5171
2024-01-15T08:30:00,TURB_OUTPUT_01,899.508
2024-01-15T08:30:00,TURB_BEAR_01,70.5094
2024-01-15T08:31:00,TURB_SPEED_01,3005.1696
2024-01-15T08:31:00,TURB_VIB_01,1.446
2024-01-15T08:31:00,TURB_OUTPUT_01,895.7923
2024-01-15T08:32:00,TURB_SPEED_01,3005.0329
2024-01-15T08:32:00,TURB_VIB_01,1.5351
2024-01-15T08:32:00,TURB_OUTPUT_01,907.8203
2024-01-15T08:32:00,TURB_BEAR_01,71.0462
2024-01-15T08:33:00,TURB_SPEED_01,3004.9356
2024-01-15T08:33:00,TURB_VIB_01,1.5421
2024-01-15T08:33:00,TURB_OUTPUT_01,893.5037
2024-01-15T08:34:00,TURB_SPEED_01,3004.9767
2024-01-15T08:34:00,TURB_VIB_01,1.5378
2024-01-15T08:34:00,TURB_OUTPUT_01,897.6271
2024-01-15T08:34:00,TURB_BEAR_01,70.4882
2024-01-15T08:35:00,TURB_SPEED_01,3004.9298
2024-01-15T08:35:00,TURB_VIB_01,1.5063
2024-01-15T08:35:00,TURB_OUTPUT_01,901.7461
2024-01-15T08:36:00,TURB_SPEED_01,3004.6159
2024-01-15T08:36:00,TURB_VIB_01,1.4903
2024-01-15T08:36:00,TURB_OUTPUT_01,896.1301
2024-01-15T08:36:00,TURB_BEAR_01,70.1765
2024-01-15T08:37:00,TURB_SPEED_01,3004.7231
2024-01-15T08:37:00,TURB_VIB_01,1.4374
2024-01-15T08:37:00,TURB_OUTPUT_01,892.4154
2024-01-15T08:38:00,TURB_SPEED_01,3005.067
2024-01-15T08:38:00,TURB_VIB_01,1.5183
2024-01-15T08:38:00,TURB_OUTPUT_01,902.5111
2024-01-15T08:38:00,TURB_BEAR_01,71.0401
2024-01-15T08:39:00,TURB_SPEED_01,3004.9431
2024-01-15T08:39:00,TURB_VIB_01,1.5153
2024-01-15T08:39:00,TURB_OUTPUT_01,897.8323
2024-01-15T08:40:00,TURB_SPEED_01,3004.8525
2024-01-15T08:40:00,TURB_VIB_01,1.5187
2024-01-15T08:40:00,TURB_OUTPUT_01,897.4626
2024-01-15T08:40:00,TURB_BEAR_01,71.0156
2024-01-15T08:41:00,TURB_SPEED_01,3004.9696
2024-01-15T08:41:00,TURB_VIB_01,1.5239
2024-01-15T08:41:00,TURB_OUTPUT_01,903.8416
2024-01-15T08:42:00,TURB_SPEED_01,3005.1249
2024-01-15T08:42:00,TURB_VIB_01,1.5075
2024-01-15T08:42:00,TURB_OUTPUT_01,903.23
2024-01-15T08:42:00,TURB_BEAR_01,70.6576
2024-01-15T08:43:00,TURB_SPEED_01,3004.9792
2024-01-15T08:43:00,TURB_VIB_01,1.4091
2024-01-15T08:43:00,TURB_OUTPUT_01,891.8137
2024-01-15T08:44:00,TURB_SPEED_01,3005.0695
2024-01-15T08:44:00,TURB_VIB_01,1.5399
2024-01-15T08:44:00,TURB_OUTPUT_01,907.2402
2024-01-15T08:44:00,TURB_BEAR_01,71.649
2024-01-15T08:45:00,TURB_SPEED_01,3005.2826
2024-01-15T08:45:00,TURB_VIB_01,1.492
2024-01-15T08:45:00,TURB_OUTPUT_01,898.7233
2024-01-15T08:46:00,TURB_SPEED_01,3004.8125
2024-01-15T08:46:00,TURB_VIB_01,1.4321
2024-01-15T08:46:00,TURB_OUTPUT_01,899.3489
2024-01-15T08:46:00,TURB_BEAR_01,70.1466
2024-01-15T08:47:00,TURB_SPEED_01,3005.0692
2024-01-15T08:47:00,TURB_VIB_01,1.4715
2024-01-15T08:47:00,TURB_OUTPUT_01,901.3469
2024-01-15T08:48:00,TURB_SPEED_01,3005.0563
2024-01-15T08:48:00,TURB_VIB_01,1.5091
2024-01-15T08:48:00,TURB_OUTPUT_01,898.2232
2024-01-15T08:48:00,TURB_BEAR_01,70.3142
2024-01-15T08:49:00,TURB_SPEED_01,3004.7208
2024-01-15T08:49:00,TURB_VIB_01,1.4448
2024-01-15T08:49:00,TURB_OUTPUT_01,891.0594
2024-01-15T08:50:00,TURB_SPEED_01,3004.9109
2024-01-15T08:50:00,TURB_VIB_01,1.4845
2024-01-15T08:50:00,TURB_OUTPUT_01,902.3536
2024-01-15T08:50:00,TURB_BEAR_01,70.4248
2024-01-15T08:51:00,TURB_SPEED_01,3005.2523
2024-01-15T08:51:00,TURB_VIB_01,1.5272
2024-01-15T08:51:00,TURB_OUTPUT_01,904.6115
2024-01-15T08:52:00,TURB_SPEED_01,3005.2817
2024-01-15T08:52:00,TURB_VIB_01,1.5532
2024-01-15T08:52:00,TURB_OUTPUT_01,905.7392
2024-01-15T08:52:00,TURB_BEAR_01,70.8336
2024-01-15T08:53:00,TURB_SPEED_01,3004.8277
2024-01-15T08:53:00,TURB_VIB_01,1.4655
2024-01-15T08:53:00,TURB_OUTPUT_01,901.7738
2024-01-15T08:54:00,TURB_SPEED_01,3004.8812
2024-01-15T08:54:00,TURB_VIB_01,1.4766
2024-01-15T08:54:00,TURB_OUTPUT_01,896.4648
2024-01-15T08:54:00,TURB_BEAR_01,70.8037
2024-01-15T08:55:00,TURB_SPEED_01,3005.6601
2024-01-15T08:55:00,TURB_VIB_01,1.6517
2024-01-15T08:55:00,TURB_OUTPUT_01,912.1735
2024-01-15T08:56:00,TURB_SPEED_01,3005.5884
2024-01-15T08:56:00,TURB_VIB_01,1.5155
2024-01-15T08:56:00,TURB_OUTPUT_01,896.8595
2024-01-15T08:56:00,TURB_BEAR_01,70.8835
2024-01-15T08:57:00,TURB_SPEED_01,3005.04
2024-01-15T08:57:00,TURB_VIB_01,1.5062
2024-01-15T08:57:00,TURB_OUTPUT_01,903.4754
2024-01-15T08:58:00,TURB_SPEED_01,3005.0465
2024-01-15T08:58:00,TURB_VIB_01,1.4882
2024-01-15T08:58:00,TURB_OUTPUT_01,900.6814
2024-01-15T08:58:00,TURB_BEAR_01,70.3818
2024-01-15T08:59:00,TURB_SPEED_01,3004.679
2024-01-15T08:59:00,TURB_VIB_01,1.4108
2024-01-15T08:59:00,TURB_OUTPUT_01,892.641
2024-01-15T09:00:00,TURB_SPEED_01,3004.9631
2024-01-15T09:00:00,TURB_VIB_01,1.4788
2024-01-15T09:00:00,TURB_OUTPUT_01,896.7144
2024-01-15T09:00:00,TURB_BEAR_01,70.8869
2024-01-15T09:01:00,TURB_SPEED_01,3005.1245
2024-01-15T09:01:00,TURB_VIB_01,1.5227
2024-01-15T09:01:00,TURB_OUTPUT_01,903.3216
2024-01-15T09:02:00,TURB_SPEED_01,3004.8939
2024-01-15T09:02:00,TURB_VIB_01,1.5026
2024-01-15T09:02:00,TURB_OUTPUT_01,896.381
2024-01-15T09:02:00,TURB_BEAR_01,69.9892
2024-01-15T09:03:00,TURB_SPEED_01,3005.4016
2024-01-15T09:03:00,TURB_VIB_01,1.5464
2024-01-15T09:03:00,TURB_OUTPUT_01,902.6081
2024-01-15T09:04:00,TURB_SPEED_01,3004.8575
2024-01-15T09:04:00,TURB_VIB_01,1.4511
2024-01-15T09:04:00,TURB_OUTPUT_01,900.4699
2024-01-15T09:04:00,TURB_BEAR_01,70.6664
2024-01-15T09:05:00,TURB_SPEED_01,3005.2313
2024-01-15T09:05:00,TURB_VIB_01,1.4669
2024-01-15T09:05:00,TURB_OUTPUT_01,897.3711
2024-01-15T09:06:00,TURB_SPEED_01,3005.3309
2024-01-15T09:06:00,TURB_VIB_01,1.5832
2024-01-15T09:06:00,TURB_OUTPUT_01,909.1621
2024-01-15T09:06:00,TURB_BEAR_01,71.3086
2024-01-15T09:07:00,TURB_SPEED_01,3004.8826
2024-01-15T09:07:00,TURB_VIB_01,1.5333
2024-01-15T09:07:00,TURB_OUTPUT_01,903.5131
2024-01-15T09:08:00,TURB_SPEED_01,3004.985
2024-01-15T09:08:00,TURB_VIB_01,1.4563
2024-01-15T09:08:00,TURB_OUTPUT_01,890.6998
2024-01-15T09:08:00,TURB_BEAR_01,69.8922
2024-01-15T09:09:00,TURB_SPEED_01,3004.9536
2024-01-15T09:09:00,TURB_VIB_01,1.4556
2024-01-15T09:09:00,TURB_OUTPUT_01,886.7197
2024-01-15T09:10:00,TURB_SPEED_01,3004.6648
2024-01-15T09:10:00,TURB_VIB_01,1.4233
2024-01-15T09:10:00,TURB_OUTPUT_01,893.1755
2024-01-15T09:10:00,TURB_BEAR_01,69.9176
2024-01-15T09:11:00,TURB_SPEED_01,3005.3603
2024-01-15T09:11:00,TURB_VIB_01,1.5559
2024-01-15T09:11:00,TURB_OUTPUT_01,907.5845
2024-01-15T09:12:00,TURB_SPEED_01,3005.2508
2024-01-15T09:12:00,TURB_VIB_01,1.5199
2024-01-15T09:12:00,TURB_OUTPUT_01,902.7256
2024-01-15T09:12:00,TURB_BEAR_01,70.6946
2024-01-15T09:13:00,TURB_SPEED_01,3005.2001
2024-01-15T09:13:00,TURB_VIB_01,1.5628
2024-01-15T09:13:00,TURB_OUTPUT_01,903.405
2024-01-15T09:14:00,TURB_SPEED_01,3004.9609
2024-01-15T09:14:00,TURB_VIB_01,1.5496
2024-01-15T09:14:00,TURB_OUTPUT_01,904.9258
2024-01-15T09:14:00,TURB_BEAR_01,71.0382
2024-01-15T09:15:00,TURB_SPEED_01,3005.4045
2024-01-15T09:15:00,TURB_VIB_01,1.6107
2024-01-15T09:15:00,TURB_OUTPUT_01,903.0615
2024-01-15T09:16:00,TURB_SPEED_01,3004.7682
2024-01-15T09:16:00,TURB_VIB_01,1.4908
2024-01-15T09:16:00,TURB_OUTPUT_01,895.8611
2024-01-15T09:16:00,TURB_BEAR_01,70.2578
2024-01-15T09:17:00,TURB_SPEED_01,3004.7148
2024-01-15T09:17:00,TURB_VIB_01,1.4387
2024-01-15T09:17:00,TURB_OUTPUT_01,895.6861
2024-01-15T09:18:00,TURB_SPEED_01,3005.0606
2024-01-15T09:18:00,TURB_VIB_01,1.5235
2024-01-15T09:18:00,TURB_OUTPUT_01,901.4544
2024-01-15T09:18:00,TURB_BEAR_01,70.3876
2024-01-15T09:19:00,TURB_SPEED_01,3005.2455
2024-01-15T09:19:00,TURB_VIB_01,1.4823
2024-01-15T09:19:00,TURB_OUTPUT_01,897.939
2024-01-15T09:20:00,TURB_SPEED_01,3005.2116
2024-01-15T09:20:00,TURB_VIB_01,1.5333
2024-01-15T09:20:00,TURB_OUTPUT_01,900.4472
2024-01-15T09:20:00,TURB_BEAR_01,70.3221
2024-01-15T09:21:00,TURB_SPEED_01,3004.636
2024-01-15T09:21:00,TURB_VIB_01,1.4313
2024-01-15T09:21:00,TURB_OUTPUT_01,900.774
2024-01-15T09:22:00,TURB_SPEED_01,3004.7911
2024-01-15T09:22:00,TURB_VIB_01,1.449
2024-01-15T09:22:00,TURB_OUTPUT_01,894.8265
2024-01-15T09:22:00,TURB_BEAR_01,69.7655
2024-01-15T09:23:00,TURB_SPEED_01,3005.1807
2024-01-15T09:23:00,TURB_VIB_01,1.5103
2024-01-15T09:23:00,TURB_OUTPUT_01,901.9869
2024-01-15T09:24:00,TURB_SPEED_01,3004.7736
2024-01-15T09:24:00,TURB_VIB_01,1.4557
2024-01-15T09:24:00,TURB_OUTPUT_01,899.5135
2024-01-15T09:24:00,TURB_BEAR_01,70.1464
2024-01-15T09:25:00,TURB_SPEED_01,3004.9618
2024-01-15T09:25:00,TURB_VIB_01,1.5012
2024-01-15T09:25:00,TURB_OUTPUT_01,902.5992
2024-01-15T09:26:00,TURB_SPEED_01,3004.8119
2024-01-15T09:26:00,TURB_VIB_01,1.475
2024-01-15T09:26:00,TURB_OUTPUT_01,899.5186
2024-01-15T09:26:00,TURB_BEAR_01,70.5009
2024-01-15T09:27:00,TURB_SPEED_01,3004.8321
2024-01-15T09:27:00,TURB_VIB_01,1.4568
2024-01-15T09:27:00,TURB_OUTPUT_01,900.6806
2024-01-15T09:28:00,TURB_SPEED_01,3005.1741
2024-01-15T09:28:00,TURB_VIB_01,1.4947
2024-01-15T09:28:00,TURB_OUTPUT_01,895.314
2024-01-15T09:28:00,TURB_BEAR_01,69.6746
2024-01-15T09:29:00,TURB_SPEED_01,3004.7946
2024-01-15T09:29:00,TURB_VIB_01,1.4968
2024-01-15T09:29:00,TURB_OUTPUT_01,901.946
2024-01-15T09:30:00,TURB_SPEED_01,3004.9864
2024-01-15T09:30:00,TURB_VIB_01,1.5412
2024-01-15T09:30:00,TURB_OUTPUT_01,903.6969
2024-01-15T09:30:00,TURB_BEAR_01,70.4351
2024-01-15T09:31:00,TURB_SPEED_01,3004.923
2024-01-15T09:31:00,TURB_VIB_01,1.4532
2024-01-15T09:31:00,TURB_OUTPUT_01,901.9523
2024-01-15T09:32:00,TURB_SPEED_01,3004.8094
2024-01-15T09:32:00,TURB_VIB_01,1.4111
2024-01-15T09:32:00,TURB_OUTPUT_01,898.3392
2024-01-15T09:32:00,TURB_BEAR_01,70.1229
2024-01-15T09:33:00,TURB_SPEED_01,3004.9709
2024-01-15T09:33:00,TURB_VIB_01,1.4844
2024-01-15T09:33:00,TURB_OUTPUT_01,894.5658
2024-01-15T09:34:00,TURB_SPEED_01,3004.8049
2024-01-15T09:34:00,TURB_VIB_01,1.4215
2024-01-15T09:34:00,TURB_OUTPUT_01,892.4636
2024-01-15T09:34:00,TURB_BEAR_01,69.9395
2024-01-15T09:35:00,TURB_SPEED_01,3004.7406
2024-01-15T09:35:00,TURB_VIB_01,1.4875
2024-01-15T09:35:00,TURB_OUTPUT_01,894.6355
2024-01-15T09:36:00,TURB_SPEED_01,3004.9225
2024-01-15T09:36:00,TURB_VIB_01,1.4766
2024-01-15T09:36:00,TURB_OUTPUT_01,905.176
2024-01-15T09:36:00,TURB_BEAR_01,70.3166
2024-01-15T09:37:00,TURB_SPEED_01,3005.1355
2024-01-15T09:37:00,TURB_VIB_01,1.5393
2024-01-15T09:37:00,TURB_OUTPUT_01,899.3245
2024-01-15T09:38:00,TURB_SPEED_01,3005.2457
2024-01-15T09:38:00,TURB_VIB_01,1.5424
2024-01-15T09:38:00,TURB_OUTPUT_01,900.7624
2024-01-15T09:38:00,TURB_BEAR_01,70.624
2024-01-15T09:39:00,TURB_SPEED_01,3005.4101
2024-01-15T09:39:00,TURB_VIB_01,1.5489
2024-01-15T09:39:00,TURB_OUTPUT_01,900.5256
2024-01-15T09:40:00,TURB_SPEED_01,3005.1548
2024-01-15T09:40:00,TURB_VIB_01,1.5334
2024-01-15T09:40:00,TURB_OUTPUT_01,899.8872
2024-01-15T09:40:00,TURB_BEAR_01,71.0152
2024-01-15T09:41:00,TURB_SPEED_01,3004.8577
2024-01-15T09:41:00,TURB_VIB_01,1.4263
2024-01-15T09:41:00,TURB_OUTPUT_01,902.0656
2024-01-15T09:42:00,TURB_SPEED_01,3004.9067
2024-01-15T09:42:00,TURB_VIB_01,1.4823
2024-01-15T09:42:00,TURB_OUTPUT_01,902.7378
2024-01-15T09:42:00,TURB_BEAR_01,70.5125
2024-01-15T09:43:00,TURB_SPEED_01,3004.6633
2024-01-15T09:43:00,TURB_VIB_01,1.4296
2024-01-15T09:43:00,TURB_OUTPUT_01,894.4253
2024-01-15T09:44:00,TURB_SPEED_01,3005.2187
2024-01-15T09:44:00,TURB_VIB_01,1.5947
2024-01-15T09:44:00,TURB_OUTPUT_01,905.4491
2024-01-15T09:44:00,TURB_BEAR_01,70.9689
2024-01-15T09:45:00,TURB_SPEED_01,3005.0745
2024-01-15T09:45:00,TURB_VIB_01,1.4336
2024-01-15T09:45:00,TURB_OUTPUT_01,901.2513
2024-01-15T09:46:00,TURB_SPEED_01,3004.6632
2024-01-15T09:46:00,TURB_VIB_01,1.4804
2024-01-15T09:46:00,TURB_OUTPUT_01,901.2282
2024-01-15T09:46:00,TURB_BEAR_01,70.2051
2024-01-15T09:47:00,TURB_SPEED_01,3004.6784
2024-01-15T09:47:00,TURB_VIB_01,1.4683
2024-01-15T09:47:00,TURB_OUTPUT_01,893.2229
2024-01-15T09:48:00,TURB_SPEED_01,3004.8889
2024-01-15T09:48:00,TURB_VIB_01,1.4675
2024-01-15T09:48:00,TURB_OUTPUT_01,899.3488
2024-01-15T09:48:00,TURB_BEAR_01,69.617
2024-01-15T09:49:00,TURB_SPEED_01,3005.1552
2024-01-15T09:49:00,TURB_VIB_01,1.5086
2024-01-15T09:49:00,TURB_OUTPUT_01,899.8516
2024-01-15T09:50:00,TURB_SPEED_01,3005.206
2024-01-15T09:50:00,TURB_VIB_01,1.5097
2024-01-15T09:50:00,TURB_OUTPUT_01,905.3565
2024-01-15T09:50:00,TURB_BEAR_01,70.9324
2024-01-15T09:51:00,TURB_SPEED_01,3004.9298
2024-01-15T09:51:00,TURB_VIB_01,1.4809
2024-01-15T09:51:00,TURB_OUTPUT_01,899.7186
2024-01-15T09:52:00,TURB_SPEED_01,3005.0341
2024-01-15T09:52:00,TURB_VIB_01,1.5007
2024-01-15T09:52:00,TURB_OUTPUT_01,896.0311
2024-01-15T09:52:00,TURB_BEAR_01,69.5559
2024-01-15T09:53:00,TURB_SPEED_01,3005.0581
2024-01-15T09:53:00,TURB_VIB_01,1.6026
2024-01-15T09:53:00,TURB_OUTPUT_01,900.4788
2024-01-15T09:54:00,TURB_SPEED_01,3005.0631
2024-01-15T09:54:00,TURB_VIB_01,1.5427
2024-01-15T09:54:00,TURB_OUTPUT_01,906.1246
2024-01-15T09:54:00,TURB_BEAR_01,70.7792
2024-01-15T09:55:00,TURB_SPEED_01,3004.8822
2024-01-15T09:55:00,TURB_VIB_01,1.4645
2024-01-15T09:55:00,TURB_OUTPUT_01,900.1096
2024-01-15T09:56:00,TURB_SPEED_01,3005.2377
2024-01-15T09:56:00,TURB_VIB_01,1.5095
2024-01-15T09:56:00,TURB_OUTPUT_01,905.3406
2024-01-15T09:56:00,TURB_BEAR_01,71.0844
2024-01-15T09:57:00,TURB_SPEED_01,3004.9475
2024-01-15T09:57:00,TURB_VIB_01,1.4896
2024-01-15T09:57:00,TURB_OUTPUT_01,899.8727
2024-01-15T09:58:00,TURB_SPEED_01,3005.0802
2024-01-15T09:58:00,TURB_VIB_01,1.4946
2024-01-15T09:58:00,TURB_OUTPUT_01,898.5857
2024-01-15T09:58:00,TURB_BEAR_01,70.2288
2024-01-15T09:59:00,TURB_SPEED_01,3005.1935
2024-01-15T09:59:00,TURB_VIB_01,1.5065
2024-01-15T09:59:00,TURB_OUTPUT_01,909.5506
2024-01-15T10:00:00,TURB_SPEED_01,3004.904
2024-01-15T10:00:00,TURB_VIB_01,1.4437
2024-01-15T10:00:00,TURB_OUTPUT_01,895.3273
2024-01-15T10:00:00,TURB_BEAR_01,69.4456
2024-01-15T10:01:00,TURB_SPEED_01,3004.6991
2024-01-15T10:01:00,TURB_VIB_01,1.3977
2024-01-15T10:01:00,TURB_OUTPUT_01,892.1614
2024-01-15T10:02:00,TURB_SPEED_01,3005.1704
2024-01-15T10:02:00,TURB_VIB_01,1.4391
2024-01-15T10:02:00,TURB_OUTPUT_01,905.5252
2024-01-15T10:02:00,TURB_BEAR_01,70.2481
2024-01-15T10:03:00,TURB_SPEED_01,3004.8289
2024-01-15T10:03:00,TURB_VIB_01,1.4984
2024-01-15T10:03:00,TURB_OUTPUT_01,903.6146
2024-01-15T10:04:00,TURB_SPEED_01,3004.8542
2024-01-15T10:04:00,TURB_VIB_01,1.5095
2024-01-15T10:04:00,TURB_OUTPUT_01,899.8615
2024-01-15T10:04:00,TURB_BEAR_01,70.0688
2024-01-15T10:05:00,TURB_SPEED_01,3005.1515
2024-01-15T10:05:00,TURB_VIB_01,1.5096
2024-01-15T10:05:00,TURB_OUTPUT_01,899.8909
2024-01-15T10:06:00,TURB_SPEED_01,3004.9199
2024-01-15T10:06:00,TURB_VIB_01,1.4974
2024-01-15T10:06:00,TURB_OUTPUT_01,906.7706
2024-01-15T10:06:00,TURB_BEAR_01,70.343
2024-01-15T10:07:00,TURB_SPEED_01,3004.9169
2024-01-15T10:07:00,TURB_VIB_01,1.4386
2024-01-15T10:07:00,TURB_OUTPUT_01,901.5895
2024-01-15T10:08:00,TURB_SPEED_01,3004.99
2024-01-15T10:08:00,TURB_VIB_01,1.5351
2024-01-15T10:08:00,TURB_OUTPUT_01,907.8444
2024-01-15T10:08:00,TURB_BEAR_01,70.9812
2024-01-15T10:09:00,TURB_SPEED_01,3004.8482
2024-01-15T10:09:00,TURB_VIB_01,1.5158
2024-01-15T10:09:00,TURB_OUTPUT_01,899.3301
2024-01-15T10:10:00,TURB_SPEED_01,3005.1517
2024-01-15T10:10:00,TURB_VIB_01,1.5186
2024-01-15T10:10:00,TURB_OUTPUT_01,898.1645
2024-01-15T10:10:00,TURB_BEAR_01,70.2627
2024-01-15T10:11:00,TURB_SPEED_01,3004.8353
2024-01-15T10:11:00,TURB_VIB_01,1.4071
2024-01-15T10:11:00,TURB_OUTPUT_01,893.803
2024-01-15T10:12:00,TURB_SPEED_01,3005.2224
2024-01-15T10:12:00,TURB_VIB_01,1.5357
2024-01-15T10:12:00,TURB_OUTPUT_01,905.7407
2024-01-15T10:12:00,TURB_BEAR_01,70.5652
2024-01-15T10:13:00,TURB_SPEED_01,3005.078
2024-01-15T10:13:00,TURB_VIB_01,1.4749
2024-01-15T10:13:00,TURB_OUTPUT_01,897.5734
2024-01-15T10:14:00,TURB_SPEED_01,3005.0304
2024-01-15T10:14:00,TURB_VIB_01,1.5984
2024-01-15T10:14:00,TURB_OUTPUT_01,902.5415
2024-01-15T10:14:00,TURB_BEAR_01,71.0941
2024-01-15T10:15:00,TURB_SPEED_01,3004.6974
2024-01-15T10:15:00,TURB_VIB_01,1.5105
2024-01-15T10:15:00,TURB_OUTPUT_01,899.0009
2024-01-15T10:16:00,TURB_SPEED_01,3005.4065
2024-01-15T10:16:00,TURB_VIB_01,1.574
2024-01-15T10:16:00,TURB_OUTPUT_01,906.9697
2024-01-15T10:16:00,TURB_BEAR_01,70.5062
2024-01-15T10:17:00,TURB_SPEED_01,3005.0326
2024-01-15T10:17:00,TURB_VIB_01,1.4819
2024-01-15T10:17:00,TURB_OUTPUT_01,909.5552
2024-01-15T10:18:00,TURB_SPEED_01,3005.1182
2024-01-15T10:18:00,TURB_VIB_01,1.5604
2024-01-15T10:18:00,TURB_OUTPUT_01,904.8537
2024-01-15T10:18:00,TURB_BEAR_01,70.5084
2024-01-15T10:19:00,TURB_SPEED_01,3004.9991
2024-01-15T10:19:00,TURB_VIB_01,1.5301
2024-01-15T10:19:00,TURB_OUTPUT_01,903.0396
2024-01-15T10:20:00,TURB_SPEED_01,3005.1438
2024-01-15T10:20:00,TURB_VIB_01,1.6106
2024-01-15T10:20:00,TURB_OUTPUT_01,903.8279
2024-01-15T10:20:00,TURB_BEAR_01,70.7841
2024-01-15T10:21:00,TURB_SPEED_01,3004.9322
2024-01-15T10:21:00,TURB_VIB_01,1.5137
2024-01-15T10:21:00,TURB_OUTPUT_01,899.348
2024-01-15T10:22:00,TURB_SPEED_01,3004.8754
2024-01-15T10:22:00,TURB_VIB_01,1.5284
2024-01-15T10:22:00,TURB_OUTPUT_01,901.039
2024-01-15T10:22:00,TURB_BEAR_01,69.8488
2024-01-15T10:23:00,TURB_SPEED_01,3004.9616
2024-01-15T10:23:00,TURB_VIB_01,1.5212
2024-01-15T10:23:00,TURB_OUTPUT_01,893.9518
2024-01-15T10:24:00,TURB_SPEED_01,3004.5682
2024-01-15T10:24:00,TURB_VIB_01,1.4943
2024-01-15T10:24:00,TURB_OUTPUT_01,894.8674
2024-01-15T10:24:00,TURB_BEAR_01,69.8289
2024-01-15T10:25:00,TURB_SPEED_01,3005.1503
2024-01-15T10:25:00,TURB_VIB_01,1.5011
2024-01-15T10:25:00,TURB_OUTPUT_01,897.8893
2024-01-15T10:26:00,TURB_SPEED_01,3004.8576
2024-01-15T10:26:00,TURB_VIB_01,1.4872
2024-01-15T10:26:00,TURB_OUTPUT_01,897.4392
2024-01-15T10:26:00,TURB_BEAR_01,69.9633
2024-01-15T10:27:00,TURB_SPEED_01,3005.186
2024-01-15T10:27:00,TURB_VIB_01,1.4547
2024-01-15T10:27:00,TURB_OUTPUT_01,901.291
2024-01-15T10:28:00,TURB_SPEED_01,3005.1701
2024-01-15T10:28:00,TURB_VIB_01,1.5543
2024-01-15T10:28:00,TURB_OUTPUT_01,898.3446
2024-01-15T10:28:00,TURB_BEAR_01,70.3322
2024-01-15T10:29:00,TURB_SPEED_01,3005.2048
2024-01-15T10:29:00,TURB_VIB_01,1.5376
2024-01-15T10:29:00,TURB_OUTPUT_01,903.5556
2024-01-15T10:30:00,TURB_SPEED_01,3005.0312
2024-01-15T10:30:00,TURB_VIB_01,1.4218
2024-01-15T10:30:00,TURB_OUTPUT_01,895.1067
2024-01-15T10:30:00,TURB_BEAR_01,69.8011
2024-01-15T10:31:00,TURB_SPEED_01,3005.1587
2024-01-15T10:31:00,TURB_VIB_01,1.4892
2024-01-15T10:31:00,TURB_OUTPUT_01,911.2568
2024-01-15T10:32:00,TURB_SPEED_01,3004.9124
2024-01-15T10:32:00,TURB_VIB_01,1.5153
2024-01-15T10:32:00,TURB_OUTPUT_01,899.6291
2024-01-15T10:32:00,TURB_BEAR_01,70.6677
2024-01-15T10:33:00,TURB_SPEED_01,3005.3859
2024-01-15T10:33:00,TURB_VIB_01,1.5656
2024-01-15T10:33:00,TURB_OUTPUT_01,910.7947
2024-01-15T10:34:00,TURB_SPEED_01,3005.1846
2024-01-15T10:34:00,TURB_VIB_01,1.5435
2024-01-15T10:34:00,TURB_OUTPUT_01,906.3734
2024-01-15T10:34:00,TURB_BEAR_01,70.4853
2024-01-15T10:35:00,TURB_SPEED_01,3004.8571
2024-01-15T10:35:00,TURB_VIB_01,1.4252
2024-01-15T10:35:00,TURB_OUTPUT_01,897.9529
2024-01-15T10:36:00,TURB_SPEED_01,3005.3094
2024-01-15T10:36:00,TURB_VIB_01,1.5773
2024-01-15T10:36:00,TURB_OUTPUT_01,903.8678
2024-01-15T10:36:00,TURB_BEAR_01,70.7948
2024-01-15T10:37:00,TURB_SPEED_01,3004.5854
2024-01-15T10:37:00,TURB_VIB_01,1.4589
2024-01-15T10:37:00,TURB_OUTPUT_01,895.4232
2024-01-15T10:38:00,TURB_SPEED_01,3005.1309
2024-01-15T10:38:00,TURB_VIB_01,1.4727
2024-01-15T10:38:00,TURB_OUTPUT_01,903.1874
2024-01-15T10:38:00,TURB_BEAR_01,70.275
2024-01-15T10:39:00,TURB_SPEED_01,3005.0872
2024-01-15T10:39:00,TURB_VIB_01,1.4623
2024-01-15T10:39:00,TURB_OUTPUT_01,897.9719
2024-01-15T10:40:00,TURB_SPEED_01,3005.1597
2024-01-15T10:40:00,TURB_VIB_01,1.5261
2024-01-15T10:40:00,TURB_OUTPUT_01,899.4486
2024-01-15T10:40:00,TURB_BEAR_01,70.3929
2024-01-15T10:41:00,TURB_SPEED_01,3005.0655
2024-01-15T10:41:00,TURB_VIB_01,1.5488
2024-01-15T10:41:00,TURB_OUTPUT_01,902.2929
2024-01-15T10:42:00,TURB_SPEED_01,3004.8529
2024-01-15T10:42:00,TURB_VIB_01,1.4516
2024-01-15T10:42:00,TURB_OUTPUT_01,900.6181
2024-01-15T10:42:00,TURB_BEAR_01,69.8612
2024-01-15T10:43:00,TURB_SPEED_01,3005.4492
2024-01-15T10:43:00,TURB_VIB_01,1.538
2024-01-15T10:43:00,TURB_OUTPUT_01,899.4384
2024-01-15T10:44:00,TURB_SPEED_01,3004.9586
2024-01-15T10:44:00,TURB_VIB_01,1.4886
2024-01-15T10:44:00,TURB_OUTPUT_01,894.5517
2024-01-15T10:44:00,TURB_BEAR_01,69.3705
2024-01-15T10:45:00,TURB_SPEED_01,3005.0587
2024-01-15T10:45:00,TURB_VIB_01,1.5078
2024-01-15T10:45:00,TURB_OUTPUT_01,898.7794
2024-01-15T10:46:00,TURB_SPEED_01,3004.9777
2024-01-15T10:46:00,TURB_VIB_01,1.5245
2024-01-15T10:46:00,TURB_OUTPUT_01,894.9426
2024-01-15T10:46:00,TURB_BEAR_01,69.7971
2024-01-15T10:47:00,TURB_SPEED_01,3005.0044
2024-01-15T10:47:00,TURB_VIB_01,1.4457
2024-01-15T10:47:00,TURB_OUTPUT_01,899.3825
2024-01-15T10:48:00,TURB_SPEED_01,3005.2166
2024-01-15T10:48:00,TURB_VIB_01,1.4612
2024-01-15T10:48:00,TURB_OUTPUT_01,897.2396
2024-01-15T10:48:00,TURB_BEAR_01,69.682
2024-01-15T10:49:00,TURB_SPEED_01,3004.9681
2024-01-15T10:49:00,TURB_VIB_01,1.5007
2024-01-15T10:49:00,TURB_OUTPUT_01,903.9881
2024-01-15T10:50:00,TURB_SPEED_01,3004.8759
2024-01-15T10:50:00,TURB_VIB_01,1.4798
2024-01-15T10:50:00,TURB_OUTPUT_01,900.4044
2024-01-15T10:50:00,TURB_BEAR_01,70.8078
2024-01-15T10:51:00,TURB_SPEED_01,3004.3754
2024-01-15T10:51:00,TURB_VIB_01,1.4167
2024-01-15T10:51:00,TURB_OUTPUT_01,890.5526
2024-01-15T10:52:00,TURB_SPEED_01,3005.205
2024-01-15T10:52:00,TURB_VIB_01,1.5451
2024-01-15T10:52:00,TURB_OUTPUT_01,902.4547
2024-01-15T10:52:00,TURB_BEAR_01,70.851
2024-01-15T10:53:00,TURB_SPEED_01,3005.1367
2024-01-15T10:53:00,TURB_VIB_01,1.5674
2024-01-15T10:53:00,TURB_OUTPUT_01,899.813
2024-01-15T10:54:00,TURB_SPEED_01,3005.4319
2024-01-15T10:54:00,TURB_VIB_01,1.5557
2024-01-15T10:54:00,TURB_OUTPUT_01,907.2599
2024-01-15T10:54:00,TURB_BEAR_01,70.7452
2024-01-15T10:55:00,TURB_SPEED_01,3005.2166
2024-01-15T10:55:00,TURB_VIB_01,1.5071
2024-01-15T10:55:00,TURB_OUTPUT_01,906.5323
2024-01-15T10:56:00,TURB_SPEED_01,3004.8229
2024-01-15T10:56:00,TURB_VIB_01,1.543
2024-01-15T10:56:00,TURB_OUTPUT_01,904.0242
2024-01-15T10:56:00,TURB_BEAR_01,69.8933
2024-01-15T10:57:00,TURB_SPEED_01,3005.009
2024-01-15T10:57:00,TURB_VIB_01,1.5284
2024-01-15T10:57:00,TURB_OUTPUT_01,893.5002
2024-01-15T10:58:00,TURB_SPEED_01,3005.0005
2024-01-15T10:58:00,TURB_VIB_01,1.4609
2024-01-15T10:58:00,TURB_OUTPUT_01,897.8471
2024-01-15T10:58:00,TURB_BEAR_01,69.7346
2024-01-15T10:59:00,TURB_SPEED_01,3005.1148
2024-01-15T10:59:00,TURB_VIB_01,1.5815
2024-01-15T10:59:00,TURB_OUTPUT_01,901.3799
2024-01-15T11:00:00,TURB_SPEED_01,3004.8638
2024-01-15T11:00:00,TURB_VIB_01,1.5096
2024-01-15T11:00:00,TURB_OUTPUT_01,902.1677
2024-01-15T11:00:00,TURB_BEAR_01,70.1477
2024-01-15T11:01:00,TURB_SPEED_01,3004.7976
2024-01-15T11:01:00,TURB_VIB_01,1.4933
2024-01-15T11:01:00,TURB_OUTPUT_01,901.6158
2024-01-15T11:02:00,TURB_SPEED_01,3005.3172
2024-01-15T11:02:00,TURB_VIB_01,1.5606
2024-01-15T11:02:00,TURB_OUTPUT_01,899.7178
2024-01-15T11:02:00,TURB_BEAR_01,69.9316
2024-01-15T11:03:00,TURB_SPEED_01,3005.065
2024-01-15T11:03:00,TURB_VIB_01,1.5328
2024-01-15T11:03:00,TURB_OUTPUT_01,899.9836
2024-01-15T11:04:00,TURB_SPEED_01,3005.0103
2024-01-15T11:04:00,TURB_VIB_01,1.5179
2024-01-15T11:04:00,TURB_OUTPUT_01,902.5686
2024-01-15T11:04:00,TURB_BEAR_01,70.2013
2024-01-15T11:05:00,TURB_SPEED_01,3004.7863
2024-01-15T11:05:00,TURB_VIB_01,1.422
2024-01-15T11:05:00,TURB_OUTPUT_01,899.6456
2024-01-15T11:06:00,TURB_SPEED_01,3005.128
2024-01-15T11:06:00,TURB_VIB_01,1.4805
2024-01-15T11:06:00,TURB_OUTPUT_01,897.9436
2024-01-15T11:06:00,TURB_BEAR_01,69.5523
2024-01-15T11:07:00,TURB_SPEED_01,3004.2955
2024-01-15T11:07:00,TURB_VIB_01,1.4848
2024-01-15T11:07:00,TURB_OUTPUT_01,893.2004
2024-01-15T11:08:00,TURB_SPEED_01,3005.0566
2024-01-15T11:08:00,TURB_VIB_01,1.4211
2024-01-15T11:08:00,TURB_OUTPUT_01,898.2421
2024-01-15T11:08:00,TURB_BEAR_01,69.6437
2024-01-15T11:09:00,TURB_SPEED_01,3005.3535
2024-01-15T11:09:00,TURB_VIB_01,1.5405
2024-01-15T11:09:00,TURB_OUTPUT_01,896.1924
2024-01-15T11:10:00,TURB_SPEED_01,3005.0973
2024-01-15T11:10:00,TURB_VIB_01,1.5746
2024-01-15T11:10:00,TURB_OUTPUT_01,902.4593
2024-01-15T11:10:00,TURB_BEAR_01,70.5681
2024-01-15T11:11:00,TURB_SPEED_01,3004.7323
2024-01-15T11:11:00,TURB_VIB_01,1.435
2024-01-15T11:11:00,TURB_OUTPUT_01,896.0776
2024-01-15T11:12:00,TURB_SPEED_01,3005.2292
2024-01-15T11:12:00,TURB_VIB_01,1.5099
2024-01-15T11:12:00,TURB_OUTPUT_01,899.3371
2024-01-15T11:12:00,TURB_BEAR_01,69.9649
2024-01-15T11:13:00,TURB_SPEED_01,3004.8594
2024-01-15T11:13:00,TURB_VIB_01,1.5145
2024-01-15T11:13:00,TURB_OUTPUT_01,903.0777
2024-01-15T11:14:00,TURB_SPEED_01,3005.0702
2024-01-15T11:14:00,TURB_VIB_01,1.4902
2024-01-15T11:14:00,TURB_OUTPUT_01,904.1832
2024-01-15T11:14:00,TURB_BEAR_01,70.2539
2024-01-15T11:15:00,TURB_SPEED_01,3005.02
2024-01-15T11:15:00,TURB_VIB_01,1.572
2024-01-15T11:15:00,TURB_OUTPUT_01,904.4587
2024-01-15T11:16:00,TURB_SPEED_01,3004.7479
2024-01-15T11:16:00,TURB_VIB_01,1.3865
2024-01-15T11:16:00,TURB_OUTPUT_01,894.9334
2024-01-15T11:16:00,TURB_BEAR_01,69.0137
2024-01-15T11:17:00,TURB_SPEED_01,3005.0131
2024-01-15T11:17:00,TURB_VIB_01,1.564
2024-01-15T11:17:00,TURB_OUTPUT_01,901.1333
2024-01-15T11:18:00,TURB_SPEED_01,3004.9498
2024-01-15T11:18:00,TURB_VIB_01,1.5381
2024-01-15T11:18:00,TURB_OUTPUT_01,902.1456
2024-01-15T11:18:00,TURB_BEAR_01,69.7952
2024-01-15T11:19:00,TURB_SPEED_01,3004.9489
2024-01-15T11:19:00,TURB_VIB_01,1.4391
2024-01-15T11:19:00,TURB_OUTPUT_01,890.4885
2024-01-15T11:20:00,TURB_SPEED_01,3005.0307
2024-01-15T11:20:00,TURB_VIB_01,1.4826
2024-01-15T11:20:00,TURB_OUTPUT_01,889.7877
2024-01-15T11:20:00,TURB_BEAR_01,69.6263
2024-01-15T11:21:00,TURB_SPEED_01,3005.4471
2024-01-15T11:21:00,TURB_VIB_01,1.5473
2024-01-15T11:21:00,TURB_OUTPUT_01,905.3568
2024-01-15T11:22:00,TURB_SPEED_01,3005.2712
2024-01-15T11:22:00,TURB_VIB_01,1.5444
2024-01-15T11:22:00,TURB_OUTPUT_01,896.4043
2024-01-15T11:22:00,TURB_BEAR_01,69.6518
2024-01-15T11:23:00,TURB_SPEED_01,3004.8523
2024-01-15T11:23:00,TURB_VIB_01,1.4775
2024-01-15T11:23:00,TURB_OUTPUT_01,899.2577
2024-01-15T11:24:00,TURB_SPEED_01,3005.1472
2024-01-15T11:24:00,TURB_VIB_01,1.4792
2024-01-15T11:24:00,TURB_OUTPUT_01,895.4522
2024-01-15T11:24:00,TURB_BEAR_01,70.099
2024-01-15T11:25:00,TURB_SPEED_01,3005.1093
2024-01-15T11:25:00,TURB_VIB_01,1.5436
2024-01-15T11:25:00,TURB_OUTPUT_01,900.9119
2024-01-15T11:26:00,TURB_SPEED_01,3004.9124
2024-01-15T11:26:00,TURB_VIB_01,1.505
2024-01-15T11:26:00,TURB_OUTPUT_01,896.6936
2024-01-15T11:26:00,TURB_BEAR_01,70.1684
2024-01-15T11:27:00,TURB_SPEED_01,3005.3394
2024-01-15T11:27:00,TURB_VIB_01,1.5359
2024-01-15T11:27:00,TURB_OUTPUT_01,899.5752
2024-01-15T11:28:00,TURB_SPEED_01,3004.66
2024-01-15T11:28:00,TURB_VIB_01,1.4944
2024-01-15T11:28:00,TURB_OUTPUT_01,895.7402
2024-01-15T11:28:00,TURB_BEAR_01,70.056
2024-01-15T11:29:00,TURB_SPEED_01,3004.7795
2024-01-15T11:29:00,TURB_VIB_01,1.5233
2024-01-15T11:29:00,TURB_OUTPUT_01,899.3684
2024-01-15T11:30:00,TURB_SPEED_01,3005.2978
2024-01-15T11:30:00,TURB_VIB_01,1.4489
2024-01-15T11:30:00,TURB_OUTPUT_01,899.7395
2024-01-15T11:30:00,TURB_BEAR_01,69.7063
2024-01-15T11:31:00,TURB_SPEED_01,3005.1277
2024-01-15T11:31:00,TURB_VIB_01,1.5396
2024-01-15T11:31:00,TURB_OUTPUT_01,905.3911
2024-01-15T11:32:00,TURB_SPEED_01,3005.2947
2024-01-15T11:32:00,TURB_VIB_01,1.5055
2024-01-15T11:32:00,TURB_OUTPUT_01,899.8665
2024-01-15T11:32:00,TURB_BEAR_01,70.1215
2024-01-15T11:33:00,TURB_SPEED_01,3005.093
2024-01-15T11:33:00,TURB_VIB_01,1.4859
2024-01-15T11:33:00,TURB_OUTPUT_01,898.2582
2024-01-15T11:34:00,TURB_SPEED_01,3005.2235
2024-01-15T11:34:00,TURB_VIB_01,1.4721
2024-01-15T11:34:00,TURB_OUTPUT_01,898.4471
2024-01-15T11:34:00,TURB_BEAR_01,69.7542
2024-01-15T11:35:00,TURB_SPEED_01,3004.7724
2024-01-15T11:35:00,TURB_VIB_01,1.5561
2024-01-15T11:35:00,TURB_OUTPUT_01,899.0377
2024-01-15T11:36:00,TURB_SPEED_01,3005.2446
2024-01-15T11:36:00,TURB_VIB_01,1.507
2024-01-15T11:36:00,TURB_OUTPUT_01,905.5138
2024-01-15T11:36:00,TURB_BEAR_01,70.2917
2024-01-15T11:37:00,TURB_SPEED_01,3005.2259
2024-01-15T11:37:00,TURB_VIB_01,1.529
2024-01-15T11:37:00,TURB_OUTPUT_01,901.3656
2024-01-15T11:38:00,TURB_SPEED_01,3005.0833
2024-01-15T11:38:00,TURB_VIB_01,1.5004
2024-01-15T11:38:00,TURB_OUTPUT_01,902.9655
2024-01-15T11:38:00,TURB_BEAR_01,70.1271
2024-01-15T11:39:00,TURB_SPEED_01,3004.7822
2024-01-15T11:39:00,TURB_VIB_01,1.5138
2024-01-15T11:39:00,TURB_OUTPUT_01,897.1468
2024-01-15T11:40:00,TURB_SPEED_01,3005.1749
2024-01-15T11:40:00,TURB_VIB_01,1.5018
2024-01-15T11:40:00,TURB_OUTPUT_01,896.6593
2024-01-15T11:40:00,TURB_BEAR_01,69.5982
2024-01-15T11:41:00,TURB_SPEED_01,3005.4436
2024-01-15T11:41:00,TURB_VIB_01,1.5193
2024-01-15T11:41:00,TURB_OUTPUT_01,909.5866
2024-01-15T11:42:00,TURB_SPEED_01,3004.9076
2024-01-15T11:42:00,TURB_VIB_01,1.4762
2024-01-15T11:42:00,TURB_OUTPUT_01,893.9145
2024-01-15T11:42:00,TURB_BEAR_01,69.5309
2024-01-15T11:43:00,TURB_SPEED_01,3004.6835
2024-01-15T11:43:00,TURB_VIB_01,1.4778
2024-01-15T11:43:00,TURB_OUTPUT_01,901.2301
2024-01-15T11:44:00,TURB_SPEED_01,3004.93
2024-01-15T11:44:00,TURB_VIB_01,1.5853
2024-01-15T11:44:00,TURB_OUTPUT_01,902.9899
2024-01-15T11:44:00,TURB_BEAR_01,69.8181
2024-01-15T11:45:00,TURB_SPEED_01,3004.9637
2024-01-15T11:45:00,TURB_VIB_01,1.511
2024-01-15T11:45:00,TURB_OUTPUT_01,903.0668
2024-01-15T11:46:00,TURB_SPEED_01,3004.9761
2024-01-15T11:46:00,TURB_VIB_01,1.5551
2024-01-15T11:46:00,TURB_OUTPUT_01,909.4671
2024-01-15T11:46:00,TURB_BEAR_01,70.5029
2024-01-15T11:47:00,TURB_SPEED_01,3004.9831
2024-01-15T11:47:00,TURB_VIB_01,1.51
2024-01-15T11:47:00,TURB_OUTPUT_01,900.1021
2024-01-15T11:48:00,TURB_SPEED_01,3005.1825
2024-01-15T11:48:00,TURB_VIB_01,1.4645
2024-01-15T11:48:00,TURB_OUTPUT_01,894.7474
2024-01-15T11:48:00,TURB_BEAR_01,69.6778
2024-01-15T11:49:00,TURB_SPEED_01,3004.946
2024-01-15T11:49:00,TURB_VIB_01,1.5086
2024-01-15T11:49:00,TURB_OUTPUT_01,896.8511
2024-01-15T11:50:00,TURB_SPEED_01,3005.3258
2024-01-15T11:50:00,TURB_VIB_01,1.4795
2024-01-15T11:50:00,TURB_OUTPUT_01,901.2773
2024-01-15T11:50:00,TURB_BEAR_01,69.8303
2024-01-15T11:51:00,TURB_SPEED_01,3004.9201
2024-01-15T11:51:00,TURB_VIB_01,1.5359
2024-01-15T11:51:00,TURB_OUTPUT_01,901.9251
2024-01-15T11:52:00,TURB_SPEED_01,3004.8126
2024-01-15T11:52:00,TURB_VIB_01,1.4604
2024-01-15T11:52:00,TURB_OUTPUT_01,894.4994
2024-01-15T11:52:00,TURB_BEAR_01,70.0665
2024-01-15T11:53:00,TURB_SPEED_01,3004.8358
2024-01-15T11:53:00,TURB_VIB_01,1.4531
2024-01-15T11:53:00,TURB_OUTPUT_01,900.8406
2024-01-15T11:54:00,TURB_SPEED_01,3005.244
2024-01-15T11:54:00,TURB_VIB_01,1.5187
2024-01-15T11:54:00,TURB_OUTPUT_01,903.458
2024-01-15T11:54:00,TURB_BEAR_01,70.253
2024-01-15T11:55:00,TURB_SPEED_01,3005.1461
2024-01-15T11:55:00,TURB_VIB_01,1.4584
2024-01-15T11:55:00,TURB_OUTPUT_01,894.0136
2024-01-15T11:56:00,TURB_SPEED_01,3004.8764
2024-01-15T11:56:00,TURB_VIB_01,1.4462
2024-01-15T11:56:00,TURB_OUTPUT_01,904.9241
2024-01-15T11:56:00,TURB_BEAR_01,69.1556
2024-01-15T11:57:00,TURB_SPEED_01,3005.3385
2024-01-15T11:57:00,TURB_VIB_01,1.589
2024-01-15T11:57:00,TURB_OUTPUT_01,912.7439
2024-01-15T11:58:00,TURB_SPEED_01,3005.2751
2024-01-15T11:58:00,TURB_VIB_01,1.5627
2024-01-15T11:58:00,TURB_OUTPUT_01,902.5058
2024-01-15T11:58:00,TURB_BEAR_01,69.7177
2024-01-15T11:59:00,TURB_SPEED_01,3004.7697
2024-01-15T11:59:00,TURB_VIB_01,1.4112
2024-01-15T11:59:00,TURB_OUTPUT_01,901.1514
2024-01-15T12:00:00,TURB_SPEED_01,3004.6745
2024-01-15T12:00:00,TURB_VIB_01,1.4874
2024-01-15T12:00:00,TURB_OUTPUT_01,897.5143
2024-01-15T12:00:00,TURB_BEAR_01,69.3555
2024-01-15T12:01:00,TURB_SPEED_01,3004.8351
2024-01-15T12:01:00,TURB_VIB_01,1.485
2024-01-15T12:01:00,TURB_OUTPUT_01,901.2679
2024-01-15T12:02:00,TURB_SPEED_01,3005.0866
2024-01-15T12:02:00,TURB_VIB_01,1.5469
2024-01-15T12:02:00,TURB_OUTPUT_01,903.2711
2024-01-15T12:02:00,TURB_BEAR_01,70.3006
2024-01-15T12:03:00,TURB_SPEED_01,3004.7472
2024-01-15T12:03:00,TURB_VIB_01,1.5205
2024-01-15T12:03:00,TURB_OUTPUT_01,897.2847
2024-01-15T12:04:00,TURB_SPEED_01,3004.6998
2024-01-15T12:04:00,TURB_VIB_01,1.4643
2024-01-15T12:04:00,TURB_OUTPUT_01,895.235
2024-01-15T12:04:00,TURB_BEAR_01,69.3317
2024-01-15T12:05:00,TURB_SPEED_01,3004.9992
2024-01-15T12:05:00,TURB_VIB_01,1.4915
2024-01-15T12:05:00,TURB_OUTPUT_01,898.0276
2024-01-15T12:06:00,TURB_SPEED_01,3004.9047
2024-01-15T12:06:00,TURB_VIB_01,1.502
2024-01-15T12:06:00,TURB_OUTPUT_01,894.6962
2024-01-15T12:06:00,TURB_BEAR_01,69.7101
2024-01-15T12:07:00,TURB_SPEED_01,3004.8331
2024-01-15T12:07:00,TURB_VIB_01,1.5021
2024-01-15T12:07:00,TURB_OUTPUT_01,895.6964
2024-01-15T12:08:00,TURB_SPEED_01,3004.8861
2024-01-15T12:08:00,TURB_VIB_01,1.4202
2024-01-15T12:08:00,TURB_OUTPUT_01,891.8976
2024-01-15T12:08:00,TURB_BEAR_01,69.3706
2024-01-15T12:09:00,TURB_SPEED_01,3004.9355
2024-01-15T12:09:00,TURB_VIB_01,1.49
2024-01-15T12:09:00,TURB_OUTPUT_01,900.4985
2024-01-15T12:10:00,TURB_SPEED_01,3005.3948
2024-01-15T12:10:00,TURB_VIB_01,1.5598
2024-01-15T12:10:00,TURB_OUTPUT_01,908.5017
2024-01-15T12:10:00,TURB_BEAR_01,70.0882
2024-01-15T12:11:00,TURB_SPEED_01,3004.7331
2024-01-15T12:11:00,TURB_VIB_01,1.5037
2024-01-15T12:11:00,TURB_OUTPUT_01,897.0475
2024-01-15T12:12:00,TURB_SPEED_01,3005.0223
2024-01-15T12:12:00,TURB_VIB_01,1.5278
2024-01-15T12:12:00,TURB_OUTPUT_01,901.1475
2024-01-15T12:12:00,TURB_BEAR_01,69.2439
2024-01-15T12:13:00,TURB_SPEED_01,3005.0334
2024-01-15T12:13:00,TURB_VIB_01,1.5151
2024-01-15T12:13:00,TURB_OUTPUT_01,898.9513
2024-01-15T12:14:00,TURB_SPEED_01,3004.9902
2024-01-15T12:14:00,TURB_VIB_01,1.5081
2024-01-15T12:14:00,TURB_OUTPUT_01,904.8627
2024-01-15T12:14:00,TURB_BEAR_01,69.8035
2024-01-15T12:15:00,TURB_SPEED_01,3005.0867
2024-01-15T12:15:00,TURB_VIB_01,1.4329
2024-01-15T12:15:00,TURB_OUTPUT_01,902.2397
2024-01-15T12:16:00,TURB_SPEED_01,3004.968
2024-01-15T12:16:00,TURB_VIB_01,1.4312
2024-01-15T12:16:00,TURB_OUTPUT_01,886.5579
2024-01-15T12:16:00,TURB_BEAR_01,70.426
2024-01-15T12:17:00,TURB_SPEED_01,3005.0556
2024-01-15T12:17:00,TURB_VIB_01,1.5641
2024-01-15T12:17:00,TURB_OUTPUT_01,905.502
2024-01-15T12:18:00,TURB_SPEED_01,3005.0987
2024-01-15T12:18:00,TURB_VIB_01,1.5178
2024-01-15T12:18:00,TURB_OUTPUT_01,902.007
2024-01-15T12:18:00,TURB_BEAR_01,69.6396
2024-01-15T12:19:00,TURB_SPEED_01,3005.1764
2024-01-15T12:19:00,TURB_VIB_01,1.4637
2024-01-15T12:19:00,TURB_OUTPUT_01,897.7925
2024-01-15T12:20:00,TURB_SPEED_01,3005.1608
2024-01-15T12:20:00,TURB_VIB_01,1.5733
2024-01-15T12:20:00,TURB_OUTPUT_01,909.3897
2024-01-15T12:20:00,TURB_BEAR_01,70.5099
2024-01-15T12:21:00,TURB_SPEED_01,3004.9433
2024-01-15T12:21:00,TURB_VIB_01,1.431
2024-01-15T12:21:00,TURB_OUTPUT_01,892.6018
2024-01-15T12:22:00,TURB_SPEED_01,3004.821
2024-01-15T12:22:00,TURB_VIB_01,1.5568
2024-01-15T12:22:00,TURB_OUTPUT_01,901.2297
2024-01-15T12:22:00,TURB_BEAR_01,69.7512
2024-01-15T12:23:00,TURB_SPEED_01,3005.1092
2024-01-15T12:23:00,TURB_VIB_01,1.5966
2024-01-15T12:23:00,TURB_OUTPUT_01,901.7024
2024-01-15T12:24:00,TURB_SPEED_01,3004.7222
2024-01-15T12:24:00,TURB_VIB_01,1.4694
2024-01-15T12:24:00,TURB_OUTPUT_01,898.7014
2024-01-15T12:24:00,TURB_BEAR_01,68.9039
2024-01-15T12:25:00,TURB_SPEED_01,3005.2017
2024-01-15T12:25:00,TURB_VIB_01,1.5637
2024-01-15T12:25:00,TURB_OUTPUT_01,902.5331
2024-01-15T12:26:00,TURB_SPEED_01,3004.8281
2024-01-15T12:26:00,TURB_VIB_01,1.4987
2024-01-15T12:26:00,TURB_OUTPUT_01,899.9142
2024-01-15T12:26:00,TURB_BEAR_01,69.7479
2024-01-15T12:27:00,TURB_SPEED_01,3005.0113
2024-01-15T12:27:00,TURB_VIB_01,1.509
2024-01-15T12:27:00,TURB_OUTPUT_01,896.2335
2024-01-15T12:28:00,TURB_SPEED_01,3005.082
2024-01-15T12:28:00,TURB_VIB_01,1.5472
2024-01-15T12:28:00,TURB_OUTPUT_01,902.6327
2024-01-15T12:28:00,TURB_BEAR_01,70.1517
2024-01-15T12:29:00,TURB_SPEED_01,3005.0416
2024-01-15T12:29:00,TURB_VIB_01,1.5314
2024-01-15T12:29:00,TURB_OUTPUT_01,898.4075
2024-01-15T12:30:00,TURB_SPEED_01,3005.1339
2024-01-15T12:30:00,TURB_VIB_01,1.4914
2024-01-15T12:30:00,TURB_OUTPUT_01,901.485
2024-01-15T12:30:00,TURB_BEAR_01,69.1651
2024-01-15T12:31:00,TURB_SPEED_01,3004.9506
2024-01-15T12:31:00,TURB_VIB_01,1.4155
2024-01-15T12:31:00,TURB_OUTPUT_01,896.9081
2024-01-15T12:32:00,TURB_SPEED_01,3004.6797
2024-01-15T12:32:00,TURB_VIB_01,1.507
2024-01-15T12:32:00,TURB_OUTPUT_01,898.4669
2024-01-15T12:32:00,TURB_BEAR_01,69.6995
2024-01-15T12:33:00,TURB_SPEED_01,3004.8353
2024-01-15T12:33:00,TURB_VIB_01,1.386
2024-01-15T12:33:00,TURB_OUTPUT_01,896.7187
2024-01-15T12:34:00,TURB_SPEED_01,3004.7572
2024-01-15T12:34:00,TURB_VIB_01,1.4003
2024-01-15T12:34:00,TURB_OUTPUT_01,895.852
2024-01-15T12:34:00,TURB_BEAR_01,69.1764
2024-01-15T12:35:00,TURB_SPEED_01,3004.8646
2024-01-15T12:35:00,TURB_VIB_01,1.5152
2024-01-15T12:35:00,TURB_OUTPUT_01,896.3245
2024-01-15T12:36:00,TURB_SPEED_01,3004.6062
2024-01-15T12:36:00,TURB_VIB_01,1.4665
2024-01-15T12:36:00,TURB_OUTPUT_01,900.9362
2024-01-15T12:36:00,TURB_BEAR_01,68.8243
2024-01-15T12:37:00,TURB_SPEED_01,3005.1447
2024-01-15T12:37:00,TURB_VIB_01,1.533
2024-01-15T12:37:00,TURB_OUTPUT_01,904.4807
2024-01-15T12:38:00,TURB_SPEED_01,3005.033
2024-01-15T12:38:00,TURB_VIB_01,1.5059
2024-01-15T12:38:00,TURB_OUTPUT_01,900.4684
2024-01-15T12:38:00,TURB_BEAR_01,69.7242
2024-01-15T12:39:00,TURB_SPEED_01,3005.0246
2024-01-15T12:39:00,TURB_VIB_01,1.5371
2024-01-15T12:39:00,TURB_OUTPUT_01,904.8665
2024-01-15T12:40:00,TURB_SPEED_01,3004.8461
2024-01-15T12:40:00,TURB_VIB_01,1.542
2024-01-15T12:40:00,TURB_OUTPUT_01,897.4166
2024-01-15T12:40:00,TURB_BEAR_01,69.464
2024-01-15T12:41:00,TURB_SPEED_01,3004.7262
2024-01-15T12:41:00,TURB_VIB_01,1.4935
2024-01-15T12:41:00,TURB_OUTPUT_01,902.1332
2024-01-15T12:42:00,TURB_SPEED_01,3005.1149
2024-01-15T12:42:00,TURB_VIB_01,1.4829
2024-01-15T12:42:00,TURB_OUTPUT_01,899.7918
2024-01-15T12:42:00,TURB_BEAR_01,70.0567
2024-01-15T12:43:00,TURB_SPEED_01,3005.3333
2024-01-15T12:43:00,TURB_VIB_01,1.5582
2024-01-15T12:43:00,TURB_OUTPUT_01,902.0107
2024-01-15T12:44:00,TURB_SPEED_01,3005.3113
2024-01-15T12:44:00,TURB_VIB_01,1.6267
2024-01-15T12:44:00,TURB_OUTPUT_01,911.2893
2024-01-15T12:44:00,TURB_BEAR_01,70.7974
2024-01-15T12:45:00,TURB_SPEED_01,3005.2864
2024-01-15T12:45:00,TURB_VIB_01,1.5253
2024-01-15T12:45:00,TURB_OUTPUT_01,902.3545
2024-01-15T12:46:00,TURB_SPEED_01,3004.508
2024-01-15T12:46:00,TURB_VIB_01,1.4359
2024-01-15T12:46:00,TURB_OUTPUT_01,896.8794
2024-01-15T12:46:00,TURB_BEAR_01,68.8876
2024-01-15T12:47:00,TURB_SPEED_01,3005.0003
2024-01-15T12:47:00,TURB_VIB_01,1.4945
2024-01-15T12:47:00,TURB_OUTPUT_01,902.8283
2024-01-15T12:48:00,TURB_SPEED_01,3004.7623
2024-01-15T12:48:00,TURB_VIB_01,1.4948
2024-01-15T12:48:00,TURB_OUTPUT_01,892.2447
2024-01-15T12:48:00,TURB_BEAR_01,69.3487
2024-01-15T12:49:00,TURB_SPEED_01,3004.9184
2024-01-15T12:49:00,TURB_VIB_01,1.4675
2024-01-15T12:49:00,TURB_OUTPUT_01,895.5978
2024-01-15T12:50:00,TURB_SPEED_01,3005.3199
2024-01-15T12:50:00,TURB_VIB_01,1.5729
2024-01-15T12:50:00,TURB_OUTPUT_01,909.8908
2024-01-15T12:50:00,TURB_BEAR_01,70.011
2024-01-15T12:51:00,TURB_SPEED_01,3004.9787
2024-01-15T12:51:00,TURB_VIB_01,1.5467
2024-01-15T12:51:00,TURB_OUTPUT_01,900.7507
2024-01-15T12:52:00,TURB_SPEED_01,3005.3653
2024-01-15T12:52:00,TURB_VIB_01,1.5445
2024-01-15T12:52:00,TURB_OUTPUT_01,905.7901
2024-01-15T12:52:00,TURB_BEAR_01,69.9882
2024-01-15T12:53:00,TURB_SPEED_01,3005.0124
2024-01-15T12:53:00,TURB_VIB_01,1.5262
2024-01-15T12:53:00,TURB_OUTPUT_01,900.0335
2024-01-15T12:54:00,TURB_SPEED_01,3005.0875
2024-01-15T12:54:00,TURB_VIB_01,1.5018
2024-01-15T12:54:00,TURB_OUTPUT_01,901.5599
2024-01-15T12:54:00,TURB_BEAR_01,69.4087
2024-01-15T12:55:00,TURB_SPEED_01,3004.9498
2024-01-15T12:55:00,TURB_VIB_01,1.5287
2024-01-15T12:55:00,TURB_OUTPUT_01,894.0378
2024-01-15T12:56:00,TURB_SPEED_01,3004.6363
2024-01-15T12:56:00,TURB_VIB_01,1.3894
2024-01-15T12:56:00,TURB_OUTPUT_01,890.6512
2024-01-15T12:56:00,TURB_BEAR_01,68.9145
2024-01-15T12:57:00,TURB_SPEED_01,3004.8179
2024-01-15T12:57:00,TURB_VIB_01,1.5077
2024-01-15T12:57:00,TURB_OUTPUT_01,899.612
2024-01-15T12:58:00,TURB_SPEED_01,3005.4145
2024-01-15T12:58:00,TURB_VIB_01,1.5788
2024-01-15T12:58:00,TURB_OUTPUT_01,906.5024
2024-01-15T12:58:00,TURB_BEAR_01,69.7925
2024-01-15T12:59:00,TURB_SPEED_01,3004.9329
2024-01-15T12:59:00,TURB_VIB_01,1.5189
2024-01-15T12:59:00,TURB_OUTPUT_01,901.934
2024-01-15T13:00:00,TURB_SPEED_01,3005.3335
2024-01-15T13:00:00,TURB_VIB_01,1.5362
2024-01-15T13:00:00,TURB_OUTPUT_01,902.2201
2024-01-15T13:00:00,TURB_BEAR_01,69.4784
2024-01-15T13:01:00,TURB_SPEED_01,3004.7261
2024-01-15T13:01:00,TURB_VIB_01,1.4466
2024-01-15T13:01:00,TURB_OUTPUT_01,889.2385
2024-01-15T13:02:00,TURB_SPEED_01,3005.0078
2024-01-15T13:02:00,TURB_VIB_01,1.5081
2024-01-15T13:02:00,TURB_OUTPUT_01,902.9162
2024-01-15T13:02:00,TURB_BEAR_01,69.3245
2024-01-15T13:03:00,TURB_SPEED_01,3005.1144
2024-01-15T13:03:00,TURB_VIB_01,1.5303
2024-01-15T13:03:00,TURB_OUTPUT_01,909.4689
2024-01-15T13:04:00,TURB_SPEED_01,3005.1655
2024-01-15T13:04:00,TURB_VIB_01,1.4639
2024-01-15T13:04:00,TURB_OUTPUT_01,902.9082
2024-01-15T13:04:00,TURB_BEAR_01,69.0133
2024-01-15T13:05:00,TURB_SPEED_01,3004.8957
2024-01-15T13:05:00,TURB_VIB_01,1.4757
2024-01-15T13:05:00,TURB_OUTPUT_01,896.5202
2024-01-15T13:06:00,TURB_SPEED_01,3004.8989
2024-01-15T13:06:00,TURB_VIB_01,1.4938
2024-01-15T13:06:00,TURB_OUTPUT_01,902.341
2024-01-15T13:06:00,TURB_BEAR_01,69.0809
2024-01-15T13:07:00,TURB_SPEED_01,3004.9715
2024-01-15T13:07:00,TURB_VIB_01,1.4439
2024-01-15T13:07:00,TURB_OUTPUT_01,891.928
2024-01-15T13:08:00,TURB_SPEED_01,3004.7029
2024-01-15T13:08:00,TURB_VIB_01,1.4666
2024-01-15T13:08:00,TURB_OUTPUT_01,892.6663
2024-01-15T13:08:00,TURB_BEAR_01,68.6733
2024-01-15T13:09:00,TURB_SPEED_01,3005.1471
2024-01-15T13:09:00,TURB_VIB_01,1.4897
2024-01-15T13:09:00,TURB_OUTPUT_01,904.0378
2024-01-15T13:10:00,TURB_SPEED_01,3005.0891
2024-01-15T13:10:00,TURB_VIB_01,1.4738
2024-01-15T13:10:00,TURB_OUTPUT_01,903.7696
2024-01-15T13:10:00,TURB_BEAR_01,69.1261
2024-01-15T13:11:00,TURB_SPEED_01,3004.8603
2024-01-15T13:11:00,TURB_VIB_01,1.4862
2024-01-15T13:11:00,TURB_OUTPUT_01,900.4905
2024-01-15T13:12:00,TURB_SPEED_01,3004.9311
2024-01-15T13:12:00,TURB_VIB_01,1.472
2024-01-15T13:12:00,TURB_OUTPUT_01,899.4215
2024-01-15T13:12:00,TURB_BEAR_01,69.5783
2024-01-15T13:13:00,TURB_SPEED_01,3005.0702
2024-01-15T13:13:00,TURB_VIB_01,1.5195
2024-01-15T13:13:00,TURB_OUTPUT_01,895.8888
2024-01-15T13:14:00,TURB_SPEED_01,3005.2118
2024-01-15T13:14:00,TURB_VIB_01,1.5317
2024-01-15T13:14:00,TURB_OUTPUT_01,904.9437
2024-01-15T13:14:00,TURB_BEAR_01,69.9525
2024-01-15T13:15:00,TURB_SPEED_01,3004.7771
2024-01-15T13:15:00,TURB_VIB_01,1.5202
2024-01-15T13:15:00,TURB_OUTPUT_01,895.6675
2024-01-15T13:16:00,TURB_SPEED_01,3005.2044
2024-01-15T13:16:00,TURB_VIB_01,1.5208
2024-01-15T13:16:00,TURB_OUTPUT_01,901.4155
2024-01-15T13:16:00,TURB_BEAR_01,68.9005
2024-01-15T13:17:00,TURB_SPEED_01,3005.2353
2024-01-15T13:17:00,TURB_VIB_01,1.5084
2024-01-15T13:17:00,TURB_OUTPUT_01,900.776
2024-01-15T13:18:00,TURB_SPEED_01,3005.0675
2024-01-15T13:18:00,TURB_VIB_01,1.5686
2024-01-15T13:18:00,TURB_OUTPUT_01,901.2396
2024-01-15T13:18:00,TURB_BEAR_01,69.4058
2024-01-15T13:19:00,TURB_SPEED_01,3004.9252
2024-01-15T13:19:00,TURB_VIB_01,1.4636
2024-01-15T13:19:00,TURB_OUTPUT_01,908.9895
2024-01-15T13:20:00,TURB_SPEED_01,3005.0797
2024-01-15T13:20:00,TURB_VIB_01,1.5583
2024-01-15T13:20:00,TURB_OUTPUT_01,903.5771
2024-01-15T13:20:00,TURB_BEAR_01,69.4451
2024-01-15T13:21:00,TURB_SPEED_01,3005.2223
2024-01-15T13:21:00,TURB_VIB_01,1.5195
2024-01-15T13:21:00,TURB_OUTPUT_01,908.3062
2024-01-15T13:22:00,TURB_SPEED_01,3005.1864
2024-01-15T13:22:00,TURB_VIB_01,1.5503
2024-01-15T13:22:00,TURB_OUTPUT_01,904.0418
2024-01-15T13:22:00,TURB_BEAR_01,69.6702
2024-01-15T13:23:00,TURB_SPEED_01,3004.8877
2024-01-15T13:23:00,TURB_VIB_01,1.4378
2024-01-15T13:23:00,TURB_OUTPUT_01,891.7437
2024-01-15T13:24:00,TURB_SPEED_01,3005.2661
2024-01-15T13:24:00,TURB_VIB_01,1.4942
2024-01-15T13:24:00,TURB_OUTPUT_01,903.0553
2024-01-15T13:24:00,TURB_BEAR_01,69.8681
2024-01-15T13:25:00,TURB_SPEED_01,3004.7134
2024-01-15T13:25:00,TURB_VIB_01,1.3977
2024-01-15T13:25:00,TURB_OUTPUT_01,893.0326
2024-01-15T13:26:00,TURB_SPEED_01,3005.0465
2024-01-15T13:26:00,TURB_VIB_01,1.5582
2024-01-15T13:26:00,TURB_OUTPUT_01,909.0208
2024-01-15T13:26:00,TURB_BEAR_01,69.339
2024-01-15T13:27:00,TURB_SPEED_01,3004.9782
2024-01-15T13:27:00,TURB_VIB_01,1.5025
2024-01-15T13:27:00,TURB_OUTPUT_01,901.0891
2024-01-15T13:28:00,TURB_SPEED_01,3004.881
2024-01-15T13:28:00,TURB_VIB_01,1.486
2024-01-15T13:28:00,TURB_OUTPUT_01,894.17
2024-01-15T13:28:00,TURB_BEAR_01,69.0297
2024-01-15T13:29:00,TURB_SPEED_01,3005.0783
2024-01-15T13:29:00,TURB_VIB_01,1.5346
2024-01-15T13:29:00,TURB_OUTPUT_01,899.9643
2024-01-15T13:30:00,TURB_SPEED_01,3004.8091
2024-01-15T13:30:00,TURB_VIB_01,1.4293
2024-01-15T13:30:00,TURB_OUTPUT_01,896.3692
2024-01-15T13:30:00,TURB_BEAR_01,68.8534
2024-01-15T13:31:00,TURB_SPEED_01,3004.6268
2024-01-15T13:31:00,TURB_VIB_01,1.4725
2024-01-15T13:31:00,TURB_OUTPUT_01,901.2315
2024-01-15T13:32:00,TURB_SPEED_01,3005.4058
2024-01-15T13:32:00,TURB_VIB_01,1.5481
2024-01-15T13:32:00,TURB_OUTPUT_01,912.1443
2024-01-15T13:32:00,TURB_BEAR_01,69.573
2024-01-15T13:33:00,TURB_SPEED_01,3005.0284
2024-01-15T13:33:00,TURB_VIB_01,1.4885
2024-01-15T13:33:00,TURB_OUTPUT_01,894.3172
2024-01-15T13:34:00,TURB_SPEED_01,3005.0857
2024-01-15T13:34:00,TURB_VIB_01,1.4943
2024-01-15T13:34:00,TURB_OUTPUT_01,901.4965
2024-01-15T13:34:00,TURB_BEAR_01,69.1436
2024-01-15T13:35:00,TURB_SPEED_01,3005.1364
2024-01-15T13:35:00,TURB_VIB_01,1.4739
2024-01-15T13:35:00,TURB_OUTPUT_01,902.6496
2024-01-15T13:36:00,TURB_SPEED_01,3004.8876
2024-01-15T13:36:00,TURB_VIB_01,1.5448
2024-01-15T13:36:00,TURB_OUTPUT_01,902.097
2024-01-15T13:36:00,TURB_BEAR_01,69.3037
2024-01-15T13:37:00,TURB_SPEED_01,3005.2527
2024-01-15T13:37:00,TURB_VIB_01,1.4982
2024-01-15T13:37:00,TURB_OUTPUT_01,896.2278
2024-01-15T13:38:00,TURB_SPEED_01,3004.9037
2024-01-15T13:38:00,TURB_VIB_01,1.4504
2024-01-15T13:38:00,TURB_OUTPUT_01,896.1989
2024-01-15T13:38:00,TURB_BEAR_01,69.2972
2024-01-15T13:39:00,TURB_SPEED_01,3005.2058
2024-01-15T13:39:00,TURB_VIB_01,1.482
2024-01-15T13:39:00,TURB_OUTPUT_01,899.1392
2024-01-15T13:40:00,TURB_SPEED_01,3004.6135
2024-01-15T13:40:00,TURB_VIB_01,1.4866
2024-01-15T13:40:00,TURB_OUTPUT_01,894.0211
2024-01-15T13:40:00,TURB_BEAR_01,69.1352
2024-01-15T13:41:00,TURB_SPEED_01,3004.9046
2024-01-15T13:41:00,TURB_VIB_01,1.4707
2024-01-15T13:41:00,TURB_OUTPUT_01,893.8483
2024-01-15T13:42:00,TURB_SPEED_01,3005.1162
2024-01-15T13:42:00,TURB_VIB_01,1.6006
2024-01-15T13:42:00,TURB_OUTPUT_01,908.0011
2024-01-15T13:42:00,TURB_BEAR_01,70.3675
2024-01-15T13:43:00,TURB_SPEED_01,3004.8531
2024-01-15T13:43:00,TURB_VIB_01,1.4718
2024-01-15T13:43:00,TURB_OUTPUT_01,898.1934
2024-01-15T13:44:00,TURB_SPEED_01,3004.911
2024-01-15T13:44:00,TURB_VIB_01,1.4912
2024-01-15T13:44:00,TURB_OUTPUT_01,905.549
2024-01-15T13:44:00,TURB_BEAR_01,69.2866
2024-01-15T13:45:00,TURB_SPEED_01,3005.3142
2024-01-15T13:45:00,TURB_VIB_01,1.538
2024-01-15T13:45:00,TURB_OUTPUT_01,896.9804
2024-01-15T13:46:00,TURB_SPEED_01,3004.9966
2024-01-15T13:46:00,TURB_VIB_01,1.5119
2024-01-15T13:46:00,TURB_OUTPUT_01,898.7458
2024-01-15T13:46:00,TURB_BEAR_01,69.0935
2024-01-15T13:47:00,TURB_SPEED_01,3005.1786
2024-01-15T13:47:00,TURB_VIB_01,1.518
2024-01-15T13:47:00,TURB_OUTPUT_01,900.3626
2024-01-15T13:48:00,TURB_SPEED_01,3005.0913
2024-01-15T13:48:00,TURB_VIB_01,1.4844
2024-01-15T13:48:00,TURB_OUTPUT_01,903.8515
2024-01-15T13:48:00,TURB_BEAR_01,69.4297
2024-01-15T13:49:00,TURB_SPEED_01,3004.8868
2024-01-15T13:49:00,TURB_VIB_01,1.4975
2024-01-15T13:49:00,TURB_OUTPUT_01,897.0849
2024-01-15T13:50:00,TURB_SPEED_01,3005.0565
2024-01-15T13:50:00,TURB_VIB_01,1.4844
2024-01-15T13:50:00,TURB_OUTPUT_01,902.9131
2024-01-15T13:50:00,TURB_BEAR_01,69.1235
2024-01-15T13:51:00,TURB_SPEED_01,3005.1517
2024-01-15T13:51:00,TURB_VIB_01,1.4704
2024-01-15T13:51:00,TURB_OUTPUT_01,897.0321
2024-01-15T13:52:00,TURB_SPEED_01,3005.2011
2024-01-15T13:52:00,TURB_VIB_01,1.51
2024-01-15T13:52:00,TURB_OUTPUT_01,903.5555
2024-01-15T13:52:00,TURB_BEAR_01,69.6237
2024-01-15T13:53:00,TURB_SPEED_01,3004.6728
2024-01-15T13:53:00,TURB_VIB_01,1.5091
2024-01-15T13:53:00,TURB_OUTPUT_01,900.4131
2024-01-15T13:54:00,TURB_SPEED_01,3005.217
2024-01-15T13:54:00,TURB_VIB_01,1.5659
2024-01-15T13:54:00,TURB_OUTPUT_01,895.0809
2024-01-15T13:54:00,TURB_BEAR_01,69.2862
2024-01-15T13:55:00,TURB_SPEED_01,3005.0615
2024-01-15T13:55:00,TURB_VIB_01,1.484
2024-01-15T13:55:00,TURB_OUTPUT_01,898.4289
2024-01-15T13:56:00,TURB_SPEED_01,3004.9067
2024-01-15T13:56:00,TURB_VIB_01,1.4991
2024-01-15T13:56:00,TURB_OUTPUT_01,900.8087
2024-01-15T13:56:00,TURB_BEAR_01,69.3288
2024-01-15T13:57:00,TURB_SPEED_01,3005.0154
2024-01-15T13:57:00,TURB_VIB_01,1.4988
2024-01-15T13:57:00,TURB_OUTPUT_01,899.9943
2024-01-15T13:58:00,TURB_SPEED_01,3004.5774
2024-01-15T13:58:00,TURB_VIB_01,1.4268
2024-01-15T13:58:00,TURB_OUTPUT_01,894.1505
2024-01-15T13:58:00,TURB_BEAR_01,68.3866
2024-01-15T13:59:00,TURB_SPEED_01,3005.0876
2024-01-15T13:59:00,TURB_VIB_01,1.5327
2024-01-15T13:59:00,TURB_OUTPUT_01,906.874
2024-01-15T14:00:00,TURB_SPEED_01,3004.9785
2024-01-15T14:00:00,TURB_VIB_01,1.5396
2024-01-15T14:00:00,TURB_OUTPUT_01,900.2587
2024-01-15T14:00:00,TURB_BEAR_01,69.4712
2024-01-15T14:01:00,TURB_SPEED_01,3004.761
2024-01-15T14:01:00,TURB_VIB_01,1.4944
2024-01-15T14:01:00,TURB_OUTPUT_01,905.6751
2024-01-15T14:02:00,TURB_SPEED_01,3005.1983
2024-01-15T14:02:00,TURB_VIB_01,1.5233
2024-01-15T14:02:00,TURB_OUTPUT_01,905.6136
2024-01-15T14:02:00,TURB_BEAR_01,69.764
2024-01-15T14:03:00,TURB_SPEED_01,3005.4197
2024-01-15T14:03:00,TURB_VIB_01,1.4885
2024-01-15T14:03:00,TURB_OUTPUT_01,902.8667
2024-01-15T14:04:00,TURB_SPEED_01,3004.757
2024-01-15T14:04:00,TURB_VIB_01,1.4365
2024-01-15T14:04:00,TURB_OUTPUT_01,894.5703
2024-01-15T14:04:00,TURB_BEAR_01,68.8066
2024-01-15T14:05:00,TURB_SPEED_01,3005.0917
2024-01-15T14:05:00,TURB_VIB_01,1.5794
2024-01-15T14:05:00,TURB_OUTPUT_01,910.9999
2024-01-15T14:06:00,TURB_SPEED_01,3004.7142
2024-01-15T14:06:00,TURB_VIB_01,1.4725
2024-01-15T14:06:00,TURB_OUTPUT_01,893.8441
2024-01-15T14:06:00,TURB_BEAR_01,69.5664
2024-01-15T14:07:00,TURB_SPEED_01,3005.0605
2024-01-15T14:07:00,TURB_VIB_01,1.5423
2024-01-15T14:07:00,TURB_OUTPUT_01,899.0773
2024-01-15T14:08:00,TURB_SPEED_01,3004.6316
2024-01-15T14:08:00,TURB_VIB_01,1.4798
2024-01-15T14:08:00,TURB_OUTPUT_01,896.0767
2024-01-15T14:08:00,TURB_BEAR_01,68.3068
2024-01-15T14:09:00,TURB_SPEED_01,3004.8171
2024-01-15T14:09:00,TURB_VIB_01,1.4774
2024-01-15T14:09:00,TURB_OUTPUT_01,897.3284
2024-01-15T14:10:00,TURB_SPEED_01,3005.4352
2024-01-15T14:10:00,TURB_VIB_01,1.5735
2024-01-15T14:10:00,TURB_OUTPUT_01,907.0022
2024-01-15T14:10:00,TURB_BEAR_01,69.6086
2024-01-15T14:11:00,TURB_SPEED_01,3004.797
2024-01-15T14:11:00,TURB_VIB_01,1.4223
2024-01-15T14:11:00,TURB_OUTPUT_01,897.941
2024-01-15T14:12:00,TURB_SPEED_01,3005.2522
2024-01-15T14:12:00,TURB_VIB_01,1.5513
2024-01-15T14:12:00,TURB_OUTPUT_01,900.9689
2024-01-15T14:12:00,TURB_BEAR_01,69.9377
2024-01-15T14:13:00,TURB_SPEED_01,3004.8513
2024-01-15T14:13:00,TURB_VIB_01,1.4319
2024-01-15T14:13:00,TURB_OUTPUT_01,895.6665
2024-01-15T14:14:00,TURB_SPEED_01,3004.8871
2024-01-15T14:14:00,TURB_VIB_01,1.5241
2024-01-15T14:14:00,TURB_OUTPUT_01,898.1143
2024-01-15T14:14:00,TURB_BEAR_01,68.9688
2024-01-15T14:15:00,TURB_SPEED_01,3005.0047
2024-01-15T14:15:00,TURB_VIB_01,1.5184
2024-01-15T14:15:00,TURB_OUTPUT_01,900.9465
2024-01-15T14:16:00,TURB_SPEED_01,3005.0398
2024-01-15T14:16:00,TURB_VIB_01,1.4664
2024-01-15T14:16:00,TURB_OUTPUT_01,899.882
2024-01-15T14:16:00,TURB_BEAR_01,68.9572
2024-01-15T14:17:00,TURB_SPEED_01,3004.7781
2024-01-15T14:17:00,TURB_VIB_01,1.481
2024-01-15T14:17:00,TURB_OUTPUT_01,897.0184
2024-01-15T14:18:00,TURB_SPEED_01,3004.922
2024-01-15T14:18:00,TURB_VIB_01,1.4961
2024-01-15T14:18:00,TURB_OUTPUT_01,903.0807
2024-01-15T14:18:00,TURB_BEAR_01,69.0726
2024-01-15T14:19:00,TURB_SPEED_01,3004.7531
2024-01-15T14:19:00,TURB_VIB_01,1.5525
2024-01-15T14:19:00,TURB_OUTPUT_01,900.6672
2024-01-15T14:20:00,TURB_SPEED_01,3005.0844
2024-01-15T14:20:00,TURB_VIB_01,1.5381
2024-01-15T14:20:00,TURB_OUTPUT_01,903.9876
2024-01-15T14:20:00,TURB_BEAR_01,69.3251
2024-01-15T14:21:00,TURB_SPEED_01,3004.8126
2024-01-15T14:21:00,TURB_VIB_01,1.5019
2024-01-15T14:21:00,TURB_OUTPUT_01,900.5883
2024-01-15T14:22:00,TURB_SPEED_01,3004.9369
2024-01-15T14:22:00,TURB_VIB_01,1.5037
2024-01-15T14:22:00,TURB_OUTPUT_01,900.5753
2024-01-15T14:22:00,TURB_BEAR_01,69.4262
2024-01-15T14:23:00,TURB_SPEED_01,3005.1558
2024-01-15T14:23:00,TURB_VIB_01,1.4956
2024-01-15T14:23:00,TURB_OUTPUT_01,905.1594
2024-01-15T14:24:00,TURB_SPEED_01,3004.9169
2024-01-15T14:24:00,TURB_VIB_01,1.479
2024-01-15T14:24:00,TURB_OUTPUT_01,895.6388
2024-01-15T14:24:00,TURB_BEAR_01,69.3619
2024-01-15T14:25:00,TURB_SPEED_01,3004.7397
2024-01-15T14:25:00,TURB_VIB_01,1.4579
2024-01-15T14:25:00,TURB_OUTPUT_01,893.7573
2024-01-15T14:26:00,TURB_SPEED_01,3005.2618
2024-01-15T14:26:00,TURB_VIB_01,1.5145
2024-01-15T14:26:00,TURB_OUTPUT_01,903.8253
2024-01-15T14:26:00,TURB_BEAR_01,69.845
2024-01-15T14:27:00,TURB_SPEED_01,3005.3697
2024-01-15T14:27:00,TURB_VIB_01,1.5731
2024-01-15T14:27:00,TURB_OUTPUT_01,904.425
2024-01-15T14:28:00,TURB_SPEED_01,3005.0968
2024-01-15T14:28:00,TURB_VIB_01,1.5472
2024-01-15T14:28:00,TURB_OUTPUT_01,897.8269
2024-01-15T14:28:00,TURB_BEAR_01,69.1308
2024-01-15T14:29:00,TURB_SPEED_01,3004.503
2024-01-15T14:29:00,TURB_VIB_01,1.4984
2024-01-15T14:29:00,TURB_OUTPUT_01,901.302
2024-01-15T14:30:00,TURB_SPEED_01,3004.7751
2024-01-15T14:30:00,TURB_VIB_01,1.4397
2024-01-15T14:30:00,TURB_OUTPUT_01,902.7508
2024-01-15T14:30:00,TURB_BEAR_01,69.319
2024-01-15T14:31:00,TURB_SPEED_01,3005.1304
2024-01-15T14:31:00,TURB_VIB_01,1.5064
2024-01-15T14:31:00,TURB_OUTPUT_01,899.5257
2024-01-15T14:32:00,TURB_SPEED_01,3004.97
2024-01-15T14:32:00,TURB_VIB_01,1.4565
2024-01-15T14:32:00,TURB_OUTPUT_01,896.8104
2024-01-15T14:32:00,TURB_BEAR_01,68.3934
2024-01-15T14:33:00,TURB_SPEED_01,3004.762
2024-01-15T14:33:00,TURB_VIB_01,1.5107
2024-01-15T14:33:00,TURB_OUTPUT_01,898.6419
2024-01-15T14:34:00,TURB_SPEED_01,3005.115
2024-01-15T14:34:00,TURB_VIB_01,1.5287
2024-01-15T14:34:00,TURB_OUTPUT_01,907.6488
2024-01-15T14:34:00,TURB_BEAR_01,69.2441
2024-01-15T14:35:00,TURB_SPEED_01,3005.0809
2024-01-15T14:35:00,TURB_VIB_01,1.477
2024-01-15T14:35:00,TURB_OUTPUT_01,897.8193
2024-01-15T14:36:00,TURB_SPEED_01,3005.0822
2024-01-15T14:36:00,TURB_VIB_01,1.6
2024-01-15T14:36:00,TURB_OUTPUT_01,904.9218
2024-01-15T14:36:00,TURB_BEAR_01,69.2429
2024-01-15T14:37:00,TURB_SPEED_01,3005.346
2024-01-15T14:37:00,TURB_VIB_01,1.5584
2024-01-15T14:37:00,TURB_OUTPUT_01,903.9529
2024-01-15T14:38:00,TURB_SPEED_01,3004.9418
2024-01-15T14:38:00,TURB_VIB_01,1.4775
2024-01-15T14:38:00,TURB_OUTPUT_01,904.6231
2024-01-15T14:38:00,TURB_BEAR_01,69.1709
2024-01-15T14:39:00,TURB_SPEED_01,3004.8465
2024-01-15T14:39:00,TURB_VIB_01,1.5255
2024-01-15T14:39:00,TURB_OUTPUT_01,899.3439
2024-01-15T14:40:00,TURB_SPEED_01,3004.6692
2024-01-15T14:40:00,TURB_VIB_01,1.4516
2024-01-15T14:40:00,TURB_OUTPUT_01,904.1909
2024-01-15T14:40:00,TURB_BEAR_01,69.2057
2024-01-15T14:41:00,TURB_SPEED_01,3005.1411
2024-01-15T14:41:00,TURB_VIB_01,1.4559
2024-01-15T14:41:00,TURB_OUTPUT_01,898.7368
2024-01-15T14:42:00,TURB_SPEED_01,3004.7672
2024-01-15T14:42:00,TURB_VIB_01,1.5025
2024-01-15T14:42:00,TURB_OUTPUT_01,896.1151
2024-01-15T14:42:00,TURB_BEAR_01,69.4366
2024-01-15T14:43:00,TURB_SPEED_01,3004.9729
2024-01-15T14:43:00,TURB_VIB_01,1.5058
2024-01-15T14:43:00,TURB_OUTPUT_01,901.1124
2024-01-15T14:44:00,TURB_SPEED_01,3005.1318
2024-01-15T14:44:00,TURB_VIB_01,1.5257
2024-01-15T14:44:00,TURB_OUTPUT_01,908.2347
2024-01-15T14:44:00,TURB_BEAR_01,70.2535
2024-01-15T14:45:00,TURB_SPEED_01,3005.2094
2024-01-15T14:45:00,TURB_VIB_01,1.529
2024-01-15T14:45:00,TURB_OUTPUT_01,897.3489
2024-01-15T14:46:00,TURB_SPEED_01,3004.7037
2024-01-15T14:46:00,TURB_VIB_01,1.4758
2024-01-15T14:46:00,TURB_OUTPUT_01,888.4879
2024-01-15T14:46:00,TURB_BEAR_01,68.8187
2024-01-15T14:47:00,TURB_SPEED_01,3005.0054
2024-01-15T14:47:00,TURB_VIB_01,1.5662
2024-01-15T14:47:00,TURB_OUTPUT_01,902.5381
2024-01-15T14:48:00,TURB_SPEED_01,3005.0116
2024-01-15T14:48:00,TURB_VIB_01,1.472
2024-01-15T14:48:00,TURB_OUTPUT_01,903.3228
2024-01-15T14:48:00,TURB_BEAR_01,69.0613
2024-01-15T14:49:00,TURB_SPEED_01,3005.0939
2024-01-15T14:49:00,TURB_VIB_01,1.4857
2024-01-15T14:49:00,TURB_OUTPUT_01,901.6649
2024-01-15T14:50:00,TURB_SPEED_01,3005.2131
2024-01-15T14:50:00,TURB_VIB_01,1.4703
2024-01-15T14:50:00,TURB_OUTPUT_01,907.1924
2024-01-15T14:50:00,TURB_BEAR_01,69.2125
2024-01-15T14:51:00,TURB_SPEED_01,3005.4006
2024-01-15T14:51:00,TURB_VIB_01,1.5992
2024-01-15T14:51:00,TURB_OUTPUT_01,914.2008
2024-01-15T14:52:00,TURB_SPEED_01,3005.3471
2024-01-15T14:52:00,TURB_VIB_01,1.5087
2024-01-15T14:52:00,TURB_OUTPUT_01,902.0676
2024-01-15T14:52:00,TURB_BEAR_01,69.4079
2024-01-15T14:53:00,TURB_SPEED_01,3005.198
2024-01-15T14:53:00,TURB_VIB_01,1.5305
2024-01-15T14:53:00,TURB_OUTPUT_01,900.5286
2024-01-15T14:54:00,TURB_SPEED_01,3004.7828
2024-01-15T14:54:00,TURB_VIB_01,1.4801
2024-01-15T14:54:00,TURB_OUTPUT_01,897.4698
2024-01-15T14:54:00,TURB_BEAR_01,68.6958
2024-01-15T14:55:00,TURB_SPEED_01,3004.7474
2024-01-15T14:55:00,TURB_VIB_01,1.5552
2024-01-15T14:55:00,TURB_OUTPUT_01,900.8148
2024-01-15T14:56:00,TURB_SPEED_01,3005.1787
2024-01-15T14:56:00,TURB_VIB_01,1.5268
2024-01-15T14:56:00,TURB_OUTPUT_01,901.8186
2024-01-15T14:56:00,TURB_BEAR_01,70.189
2024-01-15T14:57:00,TURB_SPEED_01,3004.9287
2024-01-15T14:57:00,TURB_VIB_01,1.4861
2024-01-15T14:57:00,TURB_OUTPUT_01,901.4319
2024-01-15T14:58:00,TURB_SPEED_01,3005.2183
2024-01-15T14:58:00,TURB_VIB_01,1.5522
2024-01-15T14:58:00,TURB_OUTPUT_01,903.0156
2024-01-15T14:58:00,TURB_BEAR_01,69.0502
2024-01-15T14:59:00,TURB_SPEED_01,3005.0039
2024-01-15T14:59:00,TURB_VIB_01,1.4987
2024-01-15T14:59:00,TURB_OUTPUT_01,898.8237
2024-01-15T15:00:00,TURB_SPEED_01,3004.7364
2024-01-15T15:00:00,TURB_VIB_01,1.43
2024-01-15T15:00:00,TURB_OUTPUT_01,889.5601
2024-01-15T15:00:00,TURB_BEAR_01,68.936
2024-01-15T15:01:00,TURB_SPEED_01,3004.9698
2024-01-15T15:01:00,TURB_VIB_01,1.4868
2024-01-15T15:01:00,TURB_OUTPUT_01,893.3259
2024-01-15T15:02:00,TURB_SPEED_01,3004.6244
2024-01-15T15:02:00,TURB_VIB_01,1.4478
2024-01-15T15:02:00,TURB_OUTPUT_01,891.5159
2024-01-15T15:02:00,TURB_BEAR_01,68.3476
2024-01-15T15:03:00,TURB_SPEED_01,3004.6978
2024-01-15T15:03:00,TURB_VIB_01,1.5461
2024-01-15T15:03:00,TURB_OUTPUT_01,897.9683
2024-01-15T15:04:00,TURB_SPEED_01,3004.7689
2024-01-15T15:04:00,TURB_VIB_01,1.4468
2024-01-15T15:04:00,TURB_OUTPUT_01,899.2222
2024-01-15T15:04:00,TURB_BEAR_01,69.1772
2024-01-15T15:05:00,TURB_SPEED_01,3004.7247
2024-01-15T15:05:00,TURB_VIB_01,1.5047
2024-01-15T15:05:00,TURB_OUTPUT_01,897.2978
2024-01-15T15:06:00,TURB_SPEED_01,3004.6415
2024-01-15T15:06:00,TURB_VIB_01,1.4886
2024-01-15T15:06:00,TURB_OUTPUT_01,895.2882
2024-01-15T15:06:00,TURB_BEAR_01,68.8801
2024-01-15T15:07:00,TURB_SPEED_01,3004.7239
2024-01-15T15:07:00,TURB_VIB_01,1.4797
2024-01-15T15:07:00,TURB_OUTPUT_01,897.5861
2024-01-15T15:08:00,TURB_SPEED_01,3005.0635
2024-01-15T15:08:00,TURB_VIB_01,1.4737
2024-01-15T15:08:00,TURB_OUTPUT_01,890.7103
2024-01-15T15:08:00,TURB_BEAR_01,68.8004
2024-01-15T15:09:00,TURB_SPEED_01,3005.6686
2024-01-15T15:09:00,TURB_VIB_01,1.5981
2024-01-15T15:09:00,TURB_OUTPUT_01,907.5717
2024-01-15T15:10:00,TURB_SPEED_01,3005.0893
2024-01-15T15:10:00,TURB_VIB_01,1.4639
2024-01-15T15:10:00,TURB_OUTPUT_01,901.8975
2024-01-15T15:10:00,TURB_BEAR_01,68.8285
2024-01-15T15:11:00,TURB_SPEED_01,3004.8914
2024-01-15T15:11:00,TURB_VIB_01,1.535
2024-01-15T15:11:00,TURB_OUTPUT_01,908.1678
2024-01-15T15:12:00,TURB_SPEED_01,3004.704
2024-01-15T15:12:00,TURB_VIB_01,1.553
2024-01-15T15:12:00,TURB_OUTPUT_01,895.5318
2024-01-15T15:12:00,TURB_BEAR_01,69.2931
2024-01-15T15:13:00,TURB_SPEED_01,3004.843
2024-01-15T15:13:00,TURB_VIB_01,1.4342
2024-01-15T15:13:00,TURB_OUTPUT_01,894.5273
2024-01-15T15:14:00,TURB_SPEED_01,3005.1511
2024-01-15T15:14:00,TURB_VIB_01,1.502
2024-01-15T15:14:00,TURB_OUTPUT_01,900.1492
2024-01-15T15:14:00,TURB_BEAR_01,69.1566
2024-01-15T15:15:00,TURB_SPEED_01,3004.9523
2024-01-15T15:15:00,TURB_VIB_01,1.55
2024-01-15T15:15:00,TURB_OUTPUT_01,896.6117
2024-01-15T15:16:00,TURB_SPEED_01,3004.7664
2024-01-15T15:16:00,TURB_VIB_01,1.4586
2024-01-15T15:16:00,TURB_OUTPUT_01,892.2922
2024-01-15T15:16:00,TURB_BEAR_01,68.9483
2024-01-15T15:17:00,TURB_SPEED_01,3004.8111
2024-01-15T15:17:00,TURB_VIB_01,1.4483
2024-01-15T15:17:00,TURB_OUTPUT_01,896.6235
2024-01-15T15:18:00,TURB_SPEED_01,3004.9451
2024-01-15T15:18:00,TURB_VIB_01,1.4703
2024-01-15T15:18:00,TURB_OUTPUT_01,901.6474
2024-01-15T15:18:00,TURB_BEAR_01,69.253
2024-01-15T15:19:00,TURB_SPEED_01,3004.874
2024-01-15T15:19:00,TURB_VIB_01,1.5492
2024-01-15T15:19:00,TURB_OUTPUT_01,903.5105
2024-01-15T15:20:00,TURB_SPEED_01,3005.1792
2024-01-15T15:20:00,TURB_VIB_01,1.5403
2024-01-15T15:20:00,TURB_OUTPUT_01,902.5927
2024-01-15T15:20:00,TURB_BEAR_01,68.5891
2024-01-15T15:21:00,TURB_SPEED_01,3005.0968
2024-01-15T15:21:00,TURB_VIB_01,1.4945
2024-01-15T15:21:00,TURB_OUTPUT_01,901.5605
2024-01-15T15:22:00,TURB_SPEED_01,3005.1564
2024-01-15T15:22:00,TURB_VIB_01,1.5002
2024-01-15T15:22:00,TURB_OUTPUT_01,900.0759
2024-01-15T15:22:00,TURB_BEAR_01,68.9932
2024-01-15T15:23:00,TURB_SPEED_01,3005.2526
2024-01-15T15:23:00,TURB_VIB_01,1.5154
2024-01-15T15:23:00,TURB_OUTPUT_01,901.2832
2024-01-15T15:24:00,TURB_SPEED_01,3005.0299
2024-01-15T15:24:00,TURB_VIB_01,1.5202
2024-01-15T15:24:00,TURB_OUTPUT_01,903.4587
2024-01-15T15:24:00,TURB_BEAR_01,69.5482
2024-01-15T15:25:00,TURB_SPEED_01,3005.1547
2024-01-15T15:25:00,TURB_VIB_01,1.5133
2024-01-15T15:25:00,TURB_OUTPUT_01,892.6268
2024-01-15T15:26:00,TURB_SPEED_01,3005.1277
2024-01-15T15:26:00,TURB_VIB_01,1.5419
2024-01-15T15:26:00,TURB_OUTPUT_01,898.6446
2024-01-15T15:26:00,TURB_BEAR_01,69.1721
2024-01-15T15:27:00,TURB_SPEED_01,3005.0309
2024-01-15T15:27:00,TURB_VIB_01,1.5405
2024-01-15T15:27:00,TURB_OUTPUT_01,903.2909
2024-01-15T15:28:00,TURB_SPEED_01,3004.7978
2024-01-15T15:28:00,TURB_VIB_01,1.4914
2024-01-15T15:28:00,TURB_OUTPUT_01,895.3011
2024-01-15T15:28:00,TURB_BEAR_01,68.3578
2024-01-15T15:29:00,TURB_SPEED_01,3005.0267
2024-01-15T15:29:00,TURB_VIB_01,1.5407
2024-01-15T15:29:00,TURB_OUTPUT_01,898.6114
2024-01-15T15:30:00,TURB_SPEED_01,3004.5776
2024-01-15T15:30:00,TURB_VIB_01,1.4016
2024-01-15T15:30:00,TURB_OUTPUT_01,899.7309
2024-01-15T15:30:00,TURB_BEAR_01,68.8588
2024-01-15T15:31:00,TURB_SPEED_01,3004.7319
2024-01-15T15:31:00,TURB_VIB_01,1.4191
2024-01-15T15:31:00,TURB_OUTPUT_01,895.5968
2024-01-15T15:32:00,TURB_SPEED_01,3004.8961
2024-01-15T15:32:00,TURB_VIB_01,1.5416
2024-01-15T15:32:00,TURB_OUTPUT_01,900.4288
2024-01-15T15:32:00,TURB_BEAR_01,69.2573
2024-01-15T15:33:00,TURB_SPEED_01,3004.7806
2024-01-15T15:33:00,TURB_VIB_01,1.4931
2024-01-15T15:33:00,TURB_OUTPUT_01,897.868
2024-01-15T15:34:00,TURB_SPEED_01,3005.1982
2024-01-15T15:34:00,TURB_VIB_01,1.4603
2024-01-15T15:34:00,TURB_OUTPUT_01,902.2121
2024-01-15T15:34:00,TURB_BEAR_01,69.1053
2024-01-15T15:35:00,TURB_SPEED_01,3004.7886
2024-01-15T15:35:00,TURB_VIB_01,1.4702
2024-01-15T15:35:00,TURB_OUTPUT_01,897.6101
2024-01-15T15:36:00,TURB_SPEED_01,3004.9451
2024-01-15T15:36:00,TURB_VIB_01,1.4662
2024-01-15T15:36:00,TURB_OUTPUT_01,895.2264
2024-01-15T15:36:00,TURB_BEAR_01,68.5652
2024-01-15T15:37:00,TURB_SPEED_01,3004.879
2024-01-15T15:37:00,TURB_VIB_01,1.4339
2024-01-15T15:37:00,TURB_OUTPUT_01,896.6124
2024-01-15T15:38:00,TURB_SPEED_01,3005.4273
2024-01-15T15:38:00,TURB_VIB_01,1.5157
2024-01-15T15:38:00,TURB_OUTPUT_01,897.9745
2024-01-15T15:38:00,TURB_BEAR_01,70.7037
2024-01-15T15:39:00,TURB_SPEED_01,3004.8949
2024-01-15T15:39:00,TURB_VIB_01,1.4775
2024-01-15T15:39:00,TURB_OUTPUT_01,899.3551
2024-01-15T15:40:00,TURB_SPEED_01,3004.7047
2024-01-15T15:40:00,TURB_VIB_01,1.5344
2024-01-15T15:40:00,TURB_OUTPUT_01,898.108
2024-01-15T15:40:00,TURB_BEAR_01,69.4573
2024-01-15T15:41:00,TURB_SPEED_01,3005.0391
2024-01-15T15:41:00,TURB_VIB_01,1.5342
2024-01-15T15:41:00,TURB_OUTPUT_01,905.0261
2024-01-15T15:42:00,TURB_SPEED_01,3004.8415
2024-01-15T15:42:00,TURB_VIB_01,1.5192
2024-01-15T15:42:00,TURB_OUTPUT_01,897.8631
2024-01-15T15:42:00,TURB_BEAR_01,68.995
2024-01-15T15:43:00,TURB_SPEED_01,3005.0397
2024-01-15T15:43:00,TURB_VIB_01,1.4959
2024-01-15T15:43:00,TURB_OUTPUT_01,901.2582
2024-01-15T15:44:00,TURB_SPEED_01,3005.0261
2024-01-15T15:44:00,TURB_VIB_01,1.4771
2024-01-15T15:44:00,TURB_OUTPUT_01,898.4663
2024-01-15T15:44:00,TURB_BEAR_01,68.9713
2024-01-15T15:45:00,TURB_SPEED_01,3004.8472
2024-01-15T15:45:00,TURB_VIB_01,1.5234
2024-01-15T15:45:00,TURB_OUTPUT_01,901.2121
2024-01-15T15:46:00,TURB_SPEED_01,3005.0696
2024-01-15T15:46:00,TURB_VIB_01,1.5206
2024-01-15T15:46:00,TURB_OUTPUT_01,899.3707
2024-01-15T15:46:00,TURB_BEAR_01,68.9423
2024-01-15T15:47:00,TURB_SPEED_01,3005.1039
2024-01-15T15:47:00,TURB_VIB_01,1.4851
2024-01-15T15:47:00,TURB_OUTPUT_01,898.6949
2024-01-15T15:48:00,TURB_SPEED_01,3005.0259
2024-01-15T15:48:00,TURB_VIB_01,1.5707
2024-01-15T15:48:00,TURB_OUTPUT_01,908.2986
2024-01-15T15:48:00,TURB_BEAR_01,69.8621
2024-01-15T15:49:00,TURB_SPEED_01,3005.1458
2024-01-15T15:49:00,TURB_VIB_01,1.499
2024-01-15T15:49:00,TURB_OUTPUT_01,901.8038
2024-01-15T15:50:00,TURB_SPEED_01,3004.4474
2024-01-15T15:50:00,TURB_VIB_01,1.4541
2024-01-15T15:50:00,TURB_OUTPUT_01,898.3496
2024-01-15T15:50:00,TURB_BEAR_01,67.9795
2024-01-15T15:51:00,TURB_SPEED_01,3005.0419
2024-01-15T15:51:00,TURB_VIB_01,1.5541
2024-01-15T15:51:00,TURB_OUTPUT_01,906.112
2024-01-15T15:52:00,TURB_SPEED_01,3004.8769
2024-01-15T15:52:00,TURB_VIB_01,1.4887
2024-01-15T15:52:00,TURB_OUTPUT_01,890.895
2024-01-15T15:52:00,TURB_BEAR_01,68.369
2024-01-15T15:53:00,TURB_SPEED_01,3005.1235
2024-01-15T15:53:00,TURB_VIB_01,1.5582
2024-01-15T15:53:00,TURB_OUTPUT_01,904.6372
2024-01-15T15:54:00,TURB_SPEED_01,3005.062
2024-01-15T15:54:00,TURB_VIB_01,1.4655
2024-01-15T15:54:00,TURB_OUTPUT_01,902.4415
2024-01-15T15:54:00,TURB_BEAR_01,69.0003
2024-01-15T15:55:00,TURB_SPEED_01,3005.2888
2024-01-15T15:55:00,TURB_VIB_01,1.5283
2024-01-15T15:55:00,TURB_OUTPUT_01,900.9235
2024-01-15T15:56:00,TURB_SPEED_01,3004.84
2024-01-15T15:56:00,TURB_VIB_01,1.5107
2024-01-15T15:56:00,TURB_OUTPUT_01,896.8977
2024-01-15T15:56:00,TURB_BEAR_01,68.8839
2024-01-15T15:57:00,TURB_SPEED_01,3004.9235
2024-01-15T15:57:00,TURB_VIB_01,1.4806
2024-01-15T15:57:00,TURB_OUTPUT_01,899.4799
2024-01-15T15:58:00,TURB_SPEED_01,3005.0353
2024-01-15T15:58:00,TURB_VIB_01,1.593
2024-01-15T15:58:00,TURB_OUTPUT_01,903.6913
2024-01-15T15:58:00,TURB_BEAR_01,69.652
2024-01-15T15:59:00,TURB_SPEED_01,3004.966
2024-01-15T15:59:00,TURB_VIB_01,1.539
2024-01-15T15:59:00,TURB_OUTPUT_01,894.1372
2024-01-15T16:00:00,TURB_SPEED_01,3005.44
2024-01-15T16:00:00,TURB_VIB_01,1.5897
2024-01-15T16:00:00,TURB_OUTPUT_01,909.6231
2024-01-15T16:00:00,TURB_BEAR_01,69.2603
2024-01-15T16:01:00,TURB_SPEED_01,3005.3117
2024-01-15T16:01:00,TURB_VIB_01,1.5449
2024-01-15T16:01:00,TURB_OUTPUT_01,907.2677
2024-01-15T16:02:00,TURB_SPEED_01,3005.2573
2024-01-15T16:02:00,TURB_VIB_01,1.482
2024-01-15T16:02:00,TURB_OUTPUT_01,898.8023
2024-01-15T16:02:00,TURB_BEAR_01,69.4747
2024-01-15T16:03:00,TURB_SPEED_01,3004.9849
2024-01-15T16:03:00,TURB_VIB_01,1.4993
2024-01-15T16:03:00,TURB_OUTPUT_01,898.0379
2024-01-15T16:04:00,TURB_SPEED_01,3004.8667
2024-01-15T16:04:00,TURB_VIB_01,1.4555
2024-01-15T16:04:00,TURB_OUTPUT_01,895.4331
2024-01-15T16:04:00,TURB_BEAR_01,68.7205
2024-01-15T16:05:00,TURB_SPEED_01,3004.6714
2024-01-15T16:05:00,TURB_VIB_01,1.4468
2024-01-15T16:05:00,TURB_OUTPUT_01,898.4918
2024-01-15T16:06:00,TURB_SPEED_01,3004.8869
2024-01-15T16:06:00,TURB_VIB_01,1.4284
2024-01-15T16:06:00,TURB_OUTPUT_01,893.178
2024-01-15T16:06:00,TURB_BEAR_01,68.5321
2024-01-15T16:07:00,TURB_SPEED_01,3004.9556
2024-01-15T16:07:00,TURB_VIB_01,1.4933
2024-01-15T16:07:00,TURB_OUTPUT_01,904.7623
2024-01-15T16:08:00,TURB_SPEED_01,3005.2102
2024-01-15T16:08:00,TURB_VIB_01,1.5306
2024-01-15T16:08:00,TURB_OUTPUT_01,901.2558
2024-01-15T16:08:00,TURB_BEAR_01,69.4589
2024-01-15T16:09:00,TURB_SPEED_01,3005.1988
2024-01-15T16:09:00,TURB_VIB_01,1.5373
2024-01-15T16:09:00,TURB_OUTPUT_01,902.7423
2024-01-15T16:10:00,TURB_SPEED_01,3004.9633
2024-01-15T16:10:00,TURB_VIB_01,1.5337
2024-01-15T16:10:00,TURB_OUTPUT_01,899.1107
2024-01-15T16:10:00,TURB_BEAR_01,68.8551
2024-01-15T16:11:00,TURB_SPEED_01,3005.275
2024-01-15T16:11:00,TURB_VIB_01,1.5277
2024-01-15T16:11:00,TURB_OUTPUT_01,902.5098
2024-01-15T16:12:00,TURB_SPEED_01,3005.1459
2024-01-15T16:12:00,TURB_VIB_01,1.5043
2024-01-15T16:12:00,TURB_OUTPUT_01,898.8791
2024-01-15T16:12:00,TURB_BEAR_01,69.12
2024-01-15T16:13:00,TURB_SPEED_01,3004.9515
2024-01-15T16:13:00,TURB_VIB_01,1.5257
2024-01-15T16:13:00,TURB_OUTPUT_01,899.6999
2024-01-15T16:14:00,TURB_SPEED_01,3004.6499
2024-01-15T16:14:00,TURB_VIB_01,1.4757
2024-01-15T16:14:00,TURB_OUTPUT_01,891.0487
2024-01-15T16:14:00,TURB_BEAR_01,68.4451
2024-01-15T16:15:00,TURB_SPEED_01,3005.2174
2024-01-15T16:15:00,TURB_VIB_01,1.4703
2024-01-15T16:15:00,TURB_OUTPUT_01,900.3262
2024-01-15T16:16:00,TURB_SPEED_01,3004.7641
2024-01-15T16:16:00,TURB_VIB_01,1.516
2024-01-15T16:16:00,TURB_OUTPUT_01,896.4241
2024-01-15T16:16:00,TURB_BEAR_01,68.5309
2024-01-15T16:17:00,TURB_SPEED_01,3005.0118
2024-01-15T16:17:00,TURB_VIB_01,1.4894
2024-01-15T16:17:00,TURB_OUTPUT_01,900.0768
2024-01-15T16:18:00,TURB_SPEED_01,3004.9521
2024-01-15T16:18:00,TURB_VIB_01,1.507
2024-01-15T16:18:00,TURB_OUTPUT_01,899.1963
2024-01-15T16:18:00,TURB_BEAR_01,68.6312
2024-01-15T16:19:00,TURB_SPEED_01,3005.1543
2024-01-15T16:19:00,TURB_VIB_01,1.6002
2024-01-15T16:19:00,TURB_OUTPUT_01,905.9068
2024-01-15T16:20:00,TURB_SPEED_01,3005.281
2024-01-15T16:20:00,TURB_VIB_01,1.5666
2024-01-15T16:20:00,TURB_OUTPUT_01,909.261
2024-01-15T16:20:00,TURB_BEAR_01,69.4195
2024-01-15T16:21:00,TURB_SPEED_01,3004.8961
2024-01-15T16:21:00,TURB_VIB_01,1.5337
2024-01-15T16:21:00,TURB_OUTPUT_01,901.0168
2024-01-15T16:22:00,TURB_SPEED_01,3004.7915
2024-01-15T16:22:00,TURB_VIB_01,1.473
2024-01-15T16:22:00,TURB_OUTPUT_01,895.9193
2024-01-15T16:22:00,TURB_BEAR_01,69.0064
2024-01-15T16:23:00,TURB_SPEED_01,3005.0945
2024-01-15T16:23:00,TURB_VIB_01,1.4861
2024-01-15T16:23:00,TURB_OUTPUT_01,902.1903
2024-01-15T16:24:00,TURB_SPEED_01,3004.865
2024-01-15T16:24:00,TURB_VIB_01,1.4871
2024-01-15T16:24:00,TURB_OUTPUT_01,895.6092
2024-01-15T16:24:00,TURB_BEAR_01,68.7145
2024-01-15T16:25:00,TURB_SPEED_01,3005.1228
2024-01-15T16:25:00,TURB_VIB_01,1.5525
2024-01-15T16:25:00,TURB_OUTPUT_01,903.219
2024-01-15T16:26:00,TURB_SPEED_01,3004.7273
2024-01-15T16:26:00,TURB_VIB_01,1.4269
2024-01-15T16:26:00,TURB_OUTPUT_01,896.7898
2024-01-15T16:26:00,TURB_BEAR_01,68.6835
2024-01-15T16:27:00,TURB_SPEED_01,3004.9711
2024-01-15T16:27:00,TURB_VIB_01,1.5348
2024-01-15T16:27:00,TURB_OUTPUT_01,899.8859
2024-01-15T16:28:00,TURB_SPEED_01,3005.5218
2024-01-15T16:28:00,TURB_VIB_01,1.5802
2024-01-15T16:28:00,TURB_OUTPUT_01,906.1971
2024-01-15T16:28:00,TURB_BEAR_01,70.1021
2024-01-15T16:29:00,TURB_SPEED_01,3004.9626
2024-01-15T16:29:00,TURB_VIB_01,1.5171
2024-01-15T16:29:00,TURB_OUTPUT_01,898.7027
2024-01-15T16:30:00,TURB_SPEED_01,3004.7786
2024-01-15T16:30:00,TURB_VIB_01,1.4678
2024-01-15T16:30:00,TURB_OUTPUT_01,896.4709
2024-01-15T16:30:00,TURB_BEAR_01,68.4824
2024-01-15T16:31:00,TURB_SPEED_01,3005.2902
2024-01-15T16:31:00,TURB_VIB_01,1.5389
2024-01-15T16:31:00,TURB_OUTPUT_01,904.7969
2024-01-15T16:32:00,TURB_SPEED_01,3005.2223
2024-01-15T16:32:00,TURB_VIB_01,1.5476
2024-01-15T16:32:00,TURB_OUTPUT_01,903.9516
2024-01-15T16:32:00,TURB_BEAR_01,69.4229
2024-01-15T16:33:00,TURB_SPEED_01,3004.7909
2024-01-15T16:33:00,TURB_VIB_01,1.5342
2024-01-15T16:33:00,TURB_OUTPUT_01,900.6283
2024-01-15T16:34:00,TURB_SPEED_01,3005.2353
2024-01-15T16:34:00,TURB_VIB_01,1.5012
2024-01-15T16:34:00,TURB_OUTPUT_01,903.4133
2024-01-15T16:34:00,TURB_BEAR_01,69.4566
2024-01-15T16:35:00,TURB_SPEED_01,3004.876
2024-01-15T16:35:00,TURB_VIB_01,1.44
2024-01-15T16:35:00,TURB_OUTPUT_01,906.0144
2024-01-15T16:36:00,TURB_SPEED_01,3005.358
2024-01-15T16:36:00,TURB_VIB_01,1.5085
2024-01-15T16:36:00,TURB_OUTPUT_01,906.6891
2024-01-15T16:36:00,TURB_BEAR_01,69.903
2024-01-15T16:37:00,TURB_SPEED_01,3004.9677
2024-01-15T16:37:00,TURB_VIB_01,1.4455
2024-01-15T16:37:00,TURB_OUTPUT_01,900.643
2024-01-15T16:38:00,TURB_SPEED_01,3004.846
2024-01-15T16:38:00,TURB_VIB_01,1.4467
2024-01-15T16:38:00,TURB_OUTPUT_01,897.8863
2024-01-15T16:38:00,TURB_BEAR_01,68.6209
2024-01-15T16:39:00,TURB_SPEED_01,3004.9995
2024-01-15T16:39:00,TURB_VIB_01,1.4959
2024-01-15T16:39:00,TURB_OUTPUT_01,893.9539
2024-01-15T16:40:00,TURB_SPEED_01,3005.1388
2024-01-15T16:40:00,TURB_VIB_01,1.5146
2024-01-15T16:40:00,TURB_OUTPUT_01,898.7166
2024-01-15T16:40:00,TURB_BEAR_01,68.5527
2024-01-15T16:41:00,TURB_SPEED_01,3004.9787
2024-01-15T16:41:00,TURB_VIB_01,1.4823
2024-01-15T16:41:00,TURB_OUTPUT_01,893.899
2024-01-15T16:42:00,TURB_SPEED_01,3004.9846
2024-01-15T16:42:00,TURB_VIB_01,1.4558
2024-01-15T16:42:00,TURB_OUTPUT_01,896.4684
2024-01-15T16:42:00,TURB_BEAR_01,68.8454
2024-01-15T16:43:00,TURB_SPEED_01,3004.7644
2024-01-15T16:43:00,TURB_VIB_01,1.493
2024-01-15T16:43:00,TURB_OUTPUT_01,896.6191
2024-01-15T16:44:00,TURB_SPEED_01,3005.2496
2024-01-15T16:44:00,TURB_VIB_01,1.5048
2024-01-15T16:44:00,TURB_OUTPUT_01,901.4061
2024-01-15T16:44:00,TURB_BEAR_01,69.4986
2024-01-15T16:45:00,TURB_SPEED_01,3005.0825
2024-01-15T16:45:00,TURB_VIB_01,1.4811
2024-01-15T16:45:00,TURB_OUTPUT_01,899.2729
2024-01-15T16:46:00,TURB_SPEED_01,3004.9834
2024-01-15T16:46:00,TURB_VIB_01,1.5184
2024-01-15T16:46:00,TURB_OUTPUT_01,903.3104
2024-01-15T16:46:00,TURB_BEAR_01,69.0187
2024-01-15T16:47:00,TURB_SPEED_01,3005.196
2024-01-15T16:47:00,TURB_VIB_01,1.5081
2024-01-15T16:47:00,TURB_OUTPUT_01,897.1278
2024-01-15T16:48:00,TURB_SPEED_01,3005.3407
2024-01-15T16:48:00,TURB_VIB_01,1.5369
2024-01-15T16:48:00,TURB_OUTPUT_01,903.9911
2024-01-15T16:48:00,TURB_BEAR_01,69.657
2024-01-15T16:49:00,TURB_SPEED_01,3005.2597
2024-01-15T16:49:00,TURB_VIB_01,1.5471
2024-01-15T16:49:00,TURB_OUTPUT_01,905.5614
2024-01-15T16:50:00,TURB_SPEED_01,3004.7775
2024-01-15T16:50:00,TURB_VIB_01,1.4456
2024-01-15T16:50:00,TURB_OUTPUT_01,893.0797
2024-01-15T16:50:00,TURB_BEAR_01,68.8918
2024-01-15T16:51:00,TURB_SPEED_01,3005.1313
2024-01-15T16:51:00,TURB_VIB_01,1.5639
2024-01-15T16:51:00,TURB_OUTPUT_01,907.0356
2024-01-15T16:52:00,TURB_SPEED_01,3005.2049
2024-01-15T16:52:00,TURB_VIB_01,1.5334
2024-01-15T16:52:00,TURB_OUTPUT_01,908.9129
2024-01-15T16:52:00,TURB_BEAR_01,69.7963
2024-01-15T16:53:00,TURB_SPEED_01,3005.2988
2024-01-15T16:53:00,TURB_VIB_01,1.5495
2024-01-15T16:53:00,TURB_OUTPUT_01,900.5318
2024-01-15T16:54:00,TURB_SPEED_01,3004.9763
2024-01-15T16:54:00,TURB_VIB_01,1.4599
2024-01-15T16:54:00,TURB_OUTPUT_01,900.7152
2024-01-15T16:54:00,TURB_BEAR_01,69.145
2024-01-15T16:55:00,TURB_SPEED_01,3005.1549
2024-01-15T16:55:00,TURB_VIB_01,1.4931
2024-01-15T16:55:00,TURB_OUTPUT_01,898.8909
2024-01-15T16:56:00,TURB_SPEED_01,3004.7517
2024-01-15T16:56:00,TURB_VIB_01,1.5005
2024-01-15T16:56:00,TURB_OUTPUT_01,898.8911
2024-01-15T16:56:00,TURB_BEAR_01,68.2091
2024-01-15T16:57:00,TURB_SPEED_01,3004.7954
2024-01-15T16:57:00,TURB_VIB_01,1.5176
2024-01-15T16:57:00,TURB_OUTPUT_01,897.0996
2024-01-15T16:58:00,TURB_SPEED_01,3005.1636
2024-01-15T16:58:00,TURB_VIB_01,1.4873
2024-01-15T16:58:00,TURB_OUTPUT_01,897.9313
2024-01-15T16:58:00,TURB_BEAR_01,69.3568
2024-01-15T16:59:00,TURB_SPEED_01,3005.3526
2024-01-15T16:59:00,TURB_VIB_01,1.5204
2024-01-15T16:59:00,TURB_OUTPUT_01,909.1744
2024-01-15T17:00:00,TURB_SPEED_01,3004.8336
2024-01-15T17:00:00,TURB_VIB_01,1.5451
2024-01-15T17:00:00,TURB_OUTPUT_01,770.0
2024-01-15T17:00:00,TURB_BEAR_01,69.8565
2024-01-15T17:01:00,TURB_SPEED_01,3004.9006
2024-01-15T17:01:00,TURB_VIB_01,1.5461
2024-01-15T17:01:00,TURB_OUTPUT_01,770.0
2024-01-15T17:02:00,TURB_SPEED_01,3004.7529
2024-01-15T17:02:00,TURB_VIB_01,1.5336
2024-01-15T17:02:00,TURB_OUTPUT_01,770.0
2024-01-15T17:02:00,TURB_BEAR_01,68.9701
2024-01-15T17:03:00,TURB_SPEED_01,3005.1313
2024-01-15T17:03:00,TURB_VIB_01,1.5094
2024-01-15T17:03:00,TURB_OUTPUT_01,770.0
2024-01-15T17:04:00,TURB_SPEED_01,3005.0007
2024-01-15T17:04:00,TURB_VIB_01,1.4795
2024-01-15T17:04:00,TURB_OUTPUT_01,770.0
2024-01-15T17:04:00,TURB_BEAR_01,69.2543
2024-01-15T17:05:00,TURB_SPEED_01,3004.8197
2024-01-15T17:05:00,TURB_VIB_01,1.5408
2024-01-15T17:05:00,TURB_OUTPUT_01,770.0
2024-01-15T17:06:00,TURB_SPEED_01,3005.0005
2024-01-15T17:06:00,TURB_VIB_01,1.5224
2024-01-15T17:06:00,TURB_OUTPUT_01,770.0
2024-01-15T17:06:00,TURB_BEAR_01,68.7098
2024-01-15T17:07:00,TURB_SPEED_01,3005.2181
2024-01-15T17:07:00,TURB_VIB_01,1.5451
2024-01-15T17:07:00,TURB_OUTPUT_01,770.0
2024-01-15T17:08:00,TURB_SPEED_01,3004.5702
2024-01-15T17:08:00,TURB_VIB_01,1.4333
2024-01-15T17:08:00,TURB_OUTPUT_01,770.0
2024-01-15T17:08:00,TURB_BEAR_01,68.6164
2024-01-15T17:09:00,TURB_SPEED_01,3005.1442
2024-01-15T17:09:00,TURB_VIB_01,1.5944
2024-01-15T17:09:00,TURB_OUTPUT_01,770.0
2024-01-15T17:10:00,TURB_SPEED_01,3005.1028
2024-01-15T17:10:00,TURB_VIB_01,1.553
2024-01-15T17:10:00,TURB_OUTPUT_01,770.0
2024-01-15T17:10:00,TURB_BEAR_01,69.6478
2024-01-15T17:11:00,TURB_SPEED_01,3005.0049
2024-01-15T17:11:00,TURB_VIB_01,1.4257
2024-01-15T17:11:00,TURB_OUTPUT_01,770.0
2024-01-15T17:12:00,TURB_SPEED_01,3004.9911
2024-01-15T17:12:00,TURB_VIB_01,1.5113
2024-01-15T17:12:00,TURB_OUTPUT_01,770.0
2024-01-15T17:12:00,TURB_BEAR_01,68.4785
2024-01-15T17:13:00,TURB_SPEED_01,3005.0351
2024-01-15T17:13:00,TURB_VIB_01,1.5736
2024-01-15T17:13:00,TURB_OUTPUT_01,770.0
2024-01-15T17:14:00,TURB_SPEED_01,3005.1997
2024-01-15T17:14:00,TURB_VIB_01,1.5179
2024-01-15T17:14:00,TURB_OUTPUT_01,770.0
2024-01-15T17:14:00,TURB_BEAR_01,68.9158
2024-01-15T17:15:00,TURB_SPEED_01,3005.2697
2024-01-15T17:15:00,TURB_VIB_01,1.5129
2024-01-15T17:15:00,TURB_OUTPUT_01,770.0
2024-01-15T17:16:00,TURB_SPEED_01,3005.0297
2024-01-15T17:16:00,TURB_VIB_01,1.5489
2024-01-15T17:16:00,TURB_OUTPUT_01,770.0
2024-01-15T17:16:00,TURB_BEAR_01,69.2827
2024-01-15T17:17:00,TURB_SPEED_01,3004.7294
2024-01-15T17:17:00,TURB_VIB_01,1.4564
2024-01-15T17:17:00,TURB_OUTPUT_01,770.0
2024-01-15T17:18:00,TURB_SPEED_01,3005.0676
2024-01-15T17:18:00,TURB_VIB_01,1.4992
2024-01-15T17:18:00,TURB_OUTPUT_01,770.0
2024-01-15T17:18:00,TURB_BEAR_01,68.9686
2024-01-15T17:19:00,TURB_SPEED_01,3004.5303
2024-01-15T17:19:00,TURB_VIB_01,1.4389
2024-01-15T17:19:00,TURB_OUTPUT_01,770.0
2024-01-15T17:20:00,TURB_SPEED_01,3005.0283
2024-01-15T17:20:00,TURB_VIB_01,1.4604
2024-01-15T17:20:00,TURB_OUTPUT_01,770.0
2024-01-15T17:20:00,TURB_BEAR_01,68.6516
2024-01-15T17:21:00,TURB_SPEED_01,3004.6839
2024-01-15T17:21:00,TURB_VIB_01,1.4366
2024-01-15T17:21:00,TURB_OUTPUT_01,770.0
2024-01-15T17:22:00,TURB_SPEED_01,3004.8874
2024-01-15T17:22:00,TURB_VIB_01,1.56
2024-01-15T17:22:00,TURB_OUTPUT_01,770.0
2024-01-15T17:22:00,TURB_BEAR_01,68.4876
2024-01-15T17:23:00,TURB_SPEED_01,3004.9241
2024-01-15T17:23:00,TURB_VIB_01,1.4563
2024-01-15T17:23:00,TURB_OUTPUT_01,770.0
2024-01-15T17:24:00,TURB_SPEED_01,3004.6771
2024-01-15T17:24:00,TURB_VIB_01,1.4258
2024-01-15T17:24:00,TURB_OUTPUT_01,770.0
2024-01-15T17:24:00,TURB_BEAR_01,68.3058
2024-01-15T17:25:00,TURB_SPEED_01,3005.4472
2024-01-15T17:25:00,TURB_VIB_01,1.5722
2024-01-15T17:25:00,TURB_OUTPUT_01,905.4453
2024-01-15T17:26:00,TURB_SPEED_01,3005.3879
2024-01-15T17:26:00,TURB_VIB_01,1.5599
2024-01-15T17:26:00,TURB_OUTPUT_01,905.2103
2024-01-15T17:26:00,TURB_BEAR_01,69.2402
2024-01-15T17:27:00,TURB_SPEED_01,3004.4284
2024-01-15T17:27:00,TURB_VIB_01,1.4639
2024-01-15T17:27:00,TURB_OUTPUT_01,892.5227
2024-01-15T17:28:00,TURB_SPEED_01,3004.7665
2024-01-15T17:28:00,TURB_VIB_01,1.4388
2024-01-15T17:28:00,TURB_OUTPUT_01,902.8953
2024-01-15T17:28:00,TURB_BEAR_01,68.3744
2024-01-15T17:29:00,TURB_SPEED_01,3005.0134
2024-01-15T17:29:00,TURB_VIB_01,1.5135
2024-01-15T17:29:00,TURB_OUTPUT_01,897.8158
2024-01-15T17:30:00,TURB_SPEED_01,3004.9422
2024-01-15T17:30:00,TURB_VIB_01,1.4733
2024-01-15T17:30:00,TURB_OUTPUT_01,897.3344
2024-01-15T17:30:00,TURB_BEAR_01,68.8011
2024-01-15T17:31:00,TURB_SPEED_01,3005.367
2024-01-15T17:31:00,TURB_VIB_01,1.5296
2024-01-15T17:31:00,TURB_OUTPUT_01,898.0197
2024-01-15T17:32:00,TURB_SPEED_01,3004.8816
2024-01-15T17:32:00,TURB_VIB_01,1.5148
2024-01-15T17:32:00,TURB_OUTPUT_01,901.0295
2024-01-15T17:32:00,TURB_BEAR_01,68.68
2024-01-15T17:33:00,TURB_SPEED_01,3005.1837
2024-01-15T17:33:00,TURB_VIB_01,1.5456
2024-01-15T17:33:00,TURB_OUTPUT_01,902.5255
2024-01-15T17:34:00,TURB_SPEED_01,3004.7533
2024-01-15T17:34:00,TURB_VIB_01,1.4362
2024-01-15T17:34:00,TURB_OUTPUT_01,897.494
2024-01-15T17:34:00,TURB_BEAR_01,68.1535
2024-01-15T17:35:00,TURB_SPEED_01,3004.9165
2024-01-15T17:35:00,TURB_VIB_01,1.4869
2024-01-15T17:35:00,TURB_OUTPUT_01,897.2738
2024-01-15T17:36:00,TURB_SPEED_01,3004.9326
2024-01-15T17:36:00,TURB_VIB_01,1.4619
2024-01-15T17:36:00,TURB_OUTPUT_01,898.0806
2024-01-15T17:36:00,TURB_BEAR_01,69.2544
2024-01-15T17:37:00,TURB_SPEED_01,3005.15
2024-01-15T17:37:00,TURB_VIB_01,1.4658
2024-01-15T17:37:00,TURB_OUTPUT_01,896.7056
2024-01-15T17:38:00,TURB_SPEED_01,3004.9853
2024-01-15T17:38:00,TURB_VIB_01,1.4315
2024-01-15T17:38:00,TURB_OUTPUT_01,895.5834
2024-01-15T17:38:00,TURB_BEAR_01,69.0945
2024-01-15T17:39:00,TURB_SPEED_01,3005.122
2024-01-15T17:39:00,TURB_VIB_01,1.5416
2024-01-15T17:39:00,TURB_OUTPUT_01,898.1835
2024-01-15T17:40:00,TURB_SPEED_01,3004.9974
2024-01-15T17:40:00,TURB_VIB_01,1.4576
2024-01-15T17:40:00,TURB_OUTPUT_01,900.961
2024-01-15T17:40:00,TURB_BEAR_01,68.4993
2024-01-15T17:41:00,TURB_SPEED_01,3004.8913
2024-01-15T17:41:00,TURB_VIB_01,1.5052
2024-01-15T17:41:00,TURB_OUTPUT_01,897.4304
2024-01-15T17:42:00,TURB_SPEED_01,3004.988
2024-01-15T17:42:00,TURB_VIB_01,1.5269
2024-01-15T17:42:00,TURB_OUTPUT_01,902.8369
2024-01-15T17:42:00,TURB_BEAR_01,69.1057
2024-01-15T17:43:00,TURB_SPEED_01,3004.8471
2024-01-15T17:43:00,TURB_VIB_01,1.5505
2024-01-15T17:43:00,TURB_OUTPUT_01,906.2717
2024-01-15T17:44:00,TURB_SPEED_01,3004.9218
2024-01-15T17:44:00,TURB_VIB_01,1.4607
2024-01-15T17:44:00,TURB_OUTPUT_01,900.4696
2024-01-15T17:44:00,TURB_BEAR_01,68.6565
2024-01-15T17:45:00,TURB_SPEED_01,3005.0094
2024-01-15T17:45:00,TURB_VIB_01,1.533
2024-01-15T17:45:00,TURB_OUTPUT_01,905.7826
2024-01-15T17:46:00,TURB_SPEED_01,3005.3146
2024-01-15T17:46:00,TURB_VIB_01,1.6368
2024-01-15T17:46:00,TURB_OUTPUT_01,906.288
2024-01-15T17:46:00,TURB_BEAR_01,69.2764
2024-01-15T17:47:00,TURB_SPEED_01,3005.307
2024-01-15T17:47:00,TURB_VIB_01,1.4778
2024-01-15T17:47:00,TURB_OUTPUT_01,896.8954
2024-01-15T17:48:00,TURB_SPEED_01,3004.4543
2024-01-15T17:48:00,TURB_VIB_01,1.5171
2024-01-15T17:48:00,TURB_OUTPUT_01,897.3162
2024-01-15T17:48:00,TURB_BEAR_01,68.7368
2024-01-15T17:49:00,TURB_SPEED_01,3004.9895
2024-01-15T17:49:00,TURB_VIB_01,1.5322
2024-01-15T17:49:00,TURB_OUTPUT_01,903.7975
2024-01-15T17:50:00,TURB_SPEED_01,3004.8827
2024-01-15T17:50:00,TURB_VIB_01,1.5192
2024-01-15T17:50:00,TURB_OUTPUT_01,897.8693
2024-01-15T17:50:00,TURB_BEAR_01,68.807
2024-01-15T17:51:00,TURB_SPEED_01,3005.0356
2024-01-15T17:51:00,TURB_VIB_01,1.4756
2024-01-15T17:51:00,TURB_OUTPUT_01,898.25
2024-01-15T17:52:00,TURB_SPEED_01,3005.385
2024-01-15T17:52:00,TURB_VIB_01,1.5089
2024-01-15T17:52:00,TURB_OUTPUT_01,900.7342
2024-01-15T17:52:00,TURB_BEAR_01,68.5995
2024-01-15T17:53:00,TURB_SPEED_01,3005.087
2024-01-15T17:53:00,TURB_VIB_01,1.454
2024-01-15T17:53:00,TURB_OUTPUT_01,895.3269
2024-01-15T17:54:00,TURB_SPEED_01,3005.0714
2024-01-15T17:54:00,TURB_VIB_01,1.5994
2024-01-15T17:54:00,TURB_OUTPUT_01,906.7132
2024-01-15T17:54:00,TURB_BEAR_01,69.5535
2024-01-15T17:55:00,TURB_SPEED_01,3005.3145
2024-01-15T17:55:00,TURB_VIB_01,1.5313
2024-01-15T17:55:00,TURB_OUTPUT_01,904.8637
2024-01-15T17:56:00,TURB_SPEED_01,3004.8606
2024-01-15T17:56:00,TURB_VIB_01,1.4572
2024-01-15T17:56:00,TURB_OUTPUT_01,899.2197
2024-01-15T17:56:00,TURB_BEAR_01,69.1746
2024-01-15T17:57:00,TURB_SPEED_01,3004.9295
2024-01-15T17:57:00,TURB_VIB_01,1.5017
2024-01-15T17:57:00,TURB_OUTPUT_01,897.6427
2024-01-15T17:58:00,TURB_SPEED_01,3004.7997
2024-01-15T17:58:00,TURB_VIB_01,1.4153
2024-01-15T17:58:00,TURB_OUTPUT_01,896.9387
2024-01-15T17:58:00,TURB_BEAR_01,68.6674
2024-01-15T17:59:00,TURB_SPEED_01,3005.4564
2024-01-15T17:59:00,TURB_VIB_01,1.5658
2024-01-15T17:59:00,TURB_OUTPUT_01,906.4973
2024-01-15T18:00:00,TURB_SPEED_01,3005.0542
2024-01-15T18:00:00,TURB_VIB_01,1.548
2024-01-15T18:00:00,TURB_OUTPUT_01,899.6733
2024-01-15T18:00:00,TURB_BEAR_01,69.5989
2024-01-15T18:01:00,TURB_SPEED_01,3004.7897
2024-01-15T18:01:00,TURB_VIB_01,1.4845
2024-01-15T18:01:00,TURB_OUTPUT_01,897.8027
2024-01-15T18:02:00,TURB_SPEED_01,3005.3509
2024-01-15T18:02:00,TURB_VIB_01,1.5891
2024-01-15T18:02:00,TURB_OUTPUT_01,898.889
2024-01-15T18:02:00,TURB_BEAR_01,68.9584
2024-01-15T18:03:00,TURB_SPEED_01,3004.9578
2024-01-15T18:03:00,TURB_VIB_01,1.4694
2024-01-15T18:03:00,TURB_OUTPUT_01,892.4769
2024-01-15T18:04:00,TURB_SPEED_01,3005.1482
2024-01-15T18:04:00,TURB_VIB_01,1.5155
2024-01-15T18:04:00,TURB_OUTPUT_01,898.0196
2024-01-15T18:04:00,TURB_BEAR_01,69.7068
2024-01-15T18:05:00,TURB_SPEED_01,3004.8423
2024-01-15T18:05:00,TURB_VIB_01,1.5186
2024-01-15T18:05:00,TURB_OUTPUT_01,893.3399
2024-01-15T18:06:00,TURB_SPEED_01,3005.2775
2024-01-15T18:06:00,TURB_VIB_01,1.4462
2024-01-15T18:06:00,TURB_OUTPUT_01,904.5977
2024-01-15T18:06:00,TURB_BEAR_01,69.151
2024-01-15T18:07:00,TURB_SPEED_01,3004.819
2024-01-15T18:07:00,TURB_VIB_01,1.5136
2024-01-15T18:07:00,TURB_OUTPUT_01,899.68
2024-01-15T18:08:00,TURB_SPEED_01,3005.0646
2024-01-15T18:08:00,TURB_VIB_01,1.4874
2024-01-15T18:08:00,TURB_OUTPUT_01,898.8636
2024-01-15T18:08:00,TURB_BEAR_01,68.633
2024-01-15T18:09:00,TURB_SPEED_01,3005.0187
2024-01-15T18:09:00,TURB_VIB_01,1.4859
2024-01-15T18:09:00,TURB_OUTPUT_01,898.9832
2024-01-15T18:10:00,TURB_SPEED_01,3004.7645
2024-01-15T18:10:00,TURB_VIB_01,1.4079
2024-01-15T18:10:00,TURB_OUTPUT_01,897.0974
2024-01-15T18:10:00,TURB_BEAR_01,68.8673
2024-01-15T18:11:00,TURB_SPEED_01,3005.2142
2024-01-15T18:11:00,TURB_VIB_01,1.4614
2024-01-15T18:11:00,TURB_OUTPUT_01,899.0819
2024-01-15T18:12:00,TURB_SPEED_01,3004.9073
2024-01-15T18:12:00,TURB_VIB_01,1.4976
2024-01-15T18:12:00,TURB_OUTPUT_01,892.6213
2024-01-15T18:12:00,TURB_BEAR_01,69.0146
2024-01-15T18:13:00,TURB_SPEED_01,3005.1131
2024-01-15T18:13:00,TURB_VIB_01,1.5503
2024-01-15T18:13:00,TURB_OUTPUT_01,901.2031
2024-01-15T18:14:00,TURB_SPEED_01,3005.2759
2024-01-15T18:14:00,TURB_VIB_01,1.5466
2024-01-15T18:14:00,TURB_OUTPUT_01,906.0831
2024-01-15T18:14:00,TURB_BEAR_01,69.7467
2024-01-15T18:15:00,TURB_SPEED_01,3005.0982
2024-01-15T18:15:00,TURB_VIB_01,1.5172
2024-01-15T18:15:00,TURB_OUTPUT_01,900.1505
2024-01-15T18:16:00,TURB_SPEED_01,3005.1307
2024-01-15T18:16:00,TURB_VIB_01,1.5066
2024-01-15T18:16:00,TURB_OUTPUT_01,902.5672
2024-01-15T18:16:00,TURB_BEAR_01,69.2226
2024-01-15T18:17:00,TURB_SPEED_01,3005.1442
2024-01-15T18:17:00,TURB_VIB_01,1.5091
2024-01-15T18:17:00,TURB_OUTPUT_01,903.3491
2024-01-15T18:18:00,TURB_SPEED_01,3005.2932
2024-01-15T18:18:00,TURB_VIB_01,1.5028
2024-01-15T18:18:00,TURB_OUTPUT_01,909.809
2024-01-15T18:18:00,TURB_BEAR_01,69.1233
2024-01-15T18:19:00,TURB_SPEED_01,3005.0925
2024-01-15T18:19:00,TURB_VIB_01,1.5041
2024-01-15T18:19:00,TURB_OUTPUT_01,896.879
2024-01-15T18:20:00,TURB_SPEED_01,3005.0199
2024-01-15T18:20:00,TURB_VIB_01,1.5097
2024-01-15T18:20:00,TURB_OUTPUT_01,898.7291
2024-01-15T18:20:00,TURB_BEAR_01,69.1582
2024-01-15T18:21:00,TURB_SPEED_01,3005.0358
2024-01-15T18:21:00,TURB_VIB_01,1.4482
2024-01-15T18:21:00,TURB_OUTPUT_01,892.7867
2024-01-15T18:22:00,TURB_SPEED_01,3005.129
2024-01-15T18:22:00,TURB_VIB_01,1.5357
2024-01-15T18:22:00,TURB_OUTPUT_01,905.0967
2024-01-15T18:22:00,TURB_BEAR_01,69.3105
2024-01-15T18:23:00,TURB_SPEED_01,3004.9436
2024-01-15T18:23:00,TURB_VIB_01,1.4456
2024-01-15T18:23:00,TURB_OUTPUT_01,895.392
2024-01-15T18:24:00,TURB_SPEED_01,3004.9642
2024-01-15T18:24:00,TURB_VIB_01,1.5033
2024-01-15T18:24:00,TURB_OUTPUT_01,897.6461
2024-01-15T18:24:00,TURB_BEAR_01,69.0658
2024-01-15T18:25:00,TURB_SPEED_01,3005.0913
2024-01-15T18:25:00,TURB_VIB_01,1.5498
2024-01-15T18:25:00,TURB_OUTPUT_01,902.7175
2024-01-15T18:26:00,TURB_SPEED_01,3005.1151
2024-01-15T18:26:00,TURB_VIB_01,1.5056
2024-01-15T18:26:00,TURB_OUTPUT_01,897.2908
2024-01-15T18:26:00,TURB_BEAR_01,69.1351
2024-01-15T18:27:00,TURB_SPEED_01,3004.799
2024-01-15T18:27:00,TURB_VIB_01,1.4818
2024-01-15T18:27:00,TURB_OUTPUT_01,897.9967
2024-01-15T18:28:00,TURB_SPEED_01,3004.9042
2024-01-15T18:28:00,TURB_VIB_01,1.5164
2024-01-15T18:28:00,TURB_OUTPUT_01,892.999
2024-01-15T18:28:00,TURB_BEAR_01,68.6355
2024-01-15T18:29:00,TURB_SPEED_01,3004.6985
2024-01-15T18:29:00,TURB_VIB_01,1.4601
2024-01-15T18:29:00,TURB_OUTPUT_01,896.0408
2024-01-15T18:30:00,TURB_SPEED_01,3004.9938
2024-01-15T18:30:00,TURB_VIB_01,1.4227
2024-01-15T18:30:00,TURB_OUTPUT_01,899.0361
2024-01-15T18:30:00,TURB_BEAR_01,69.1216
2024-01-15T18:31:00,TURB_SPEED_01,3005.1169
2024-01-15T18:31:00,TURB_VIB_01,1.4867
2024-01-15T18:31:00,TURB_OUTPUT_01,899.7058
2024-01-15T18:32:00,TURB_SPEED_01,3004.8657
2024-01-15T18:32:00,TURB_VIB_01,1.4732
2024-01-15T18:32:00,TURB_OUTPUT_01,895.3705
2024-01-15T18:32:00,TURB_BEAR_01,69.1314
2024-01-15T18:33:00,TURB_SPEED_01,3004.7127
2024-01-15T18:33:00,TURB_VIB_01,1.4971
2024-01-15T18:33:00,TURB_OUTPUT_01,892.4212
2024-01-15T18:34:00,TURB_SPEED_01,3005.0155
2024-01-15T18:34:00,TURB_VIB_01,1.501
2024-01-15T18:34:00,TURB_OUTPUT_01,899.0332
2024-01-15T18:34:00,TURB_BEAR_01,68.9925
2024-01-15T18:35:00,TURB_SPEED_01,3004.7977
2024-01-15T18:35:00,TURB_VIB_01,1.4662
2024-01-15T18:35:00,TURB_OUTPUT_01,896.6505
2024-01-15T18:36:00,TURB_SPEED_01,3004.8269
2024-01-15T18:36:00,TURB_VIB_01,1.4413
2024-01-15T18:36:00,TURB_OUTPUT_01,900.6111
2024-01-15T18:36:00,TURB_BEAR_01,69.0082
2024-01-15T18:37:00,TURB_SPEED_01,3005.1027
2024-01-15T18:37:00,TURB_VIB_01,1.5018
2024-01-15T18:37:00,TURB_OUTPUT_01,895.4706
2024-01-15T18:38:00,TURB_SPEED_01,3004.906
2024-01-15T18:38:00,TURB_VIB_01,1.4198
2024-01-15T18:38:00,TURB_OUTPUT_01,895.9351
2024-01-15T18:38:00,TURB_BEAR_01,68.8511
2024-01-15T18:39:00,TURB_SPEED_01,3005.0471
2024-01-15T18:39:00,TURB_VIB_01,1.5117
2024-01-15T18:39:00,TURB_OUTPUT_01,900.5598
2024-01-15T18:40:00,TURB_SPEED_01,3005.0474
2024-01-15T18:40:00,TURB_VIB_01,1.4604
2024-01-15T18:40:00,TURB_OUTPUT_01,898.618
2024-01-15T18:40:00,TURB_BEAR_01,69.3051
2024-01-15T18:41:00,TURB_SPEED_01,3005.325
2024-01-15T18:41:00,TURB_VIB_01,1.5561
2024-01-15T18:41:00,TURB_OUTPUT_01,904.0361
2024-01-15T18:42:00,TURB_SPEED_01,3005.1548
2024-01-15T18:42:00,TURB_VIB_01,1.5474
2024-01-15T18:42:00,TURB_OUTPUT_01,902.0105
2024-01-15T18:42:00,TURB_BEAR_01,69.4015
2024-01-15T18:43:00,TURB_SPEED_01,3005.0515
2024-01-15T18:43:00,TURB_VIB_01,1.4757
2024-01-15T18:43:00,TURB_OUTPUT_01,895.0336
2024-01-15T18:44:00,TURB_SPEED_01,3004.9825
2024-01-15T18:44:00,TURB_VIB_01,1.4731
2024-01-15T18:44:00,TURB_OUTPUT_01,905.7073
2024-01-15T18:44:00,TURB_BEAR_01,68.8173
2024-01-15T18:45:00,TURB_SPEED_01,3004.821
2024-01-15T18:45:00,TURB_VIB_01,1.4344
2024-01-15T18:45:00,TURB_OUTPUT_01,893.8617
2024-01-15T18:46:00,TURB_SPEED_01,3005.1677
2024-01-15T18:46:00,TURB_VIB_01,1.5557
2024-01-15T18:46:00,TURB_OUTPUT_01,903.3069
2024-01-15T18:46:00,TURB_BEAR_01,69.0775
2024-01-15T18:47:00,TURB_SPEED_01,3005.1325
2024-01-15T18:47:00,TURB_VIB_01,1.5689
2024-01-15T18:47:00,TURB_OUTPUT_01,907.1283
2024-01-15T18:48:00,TURB_SPEED_01,3005.1607
2024-01-15T18:48:00,TURB_VIB_01,1.6007
2024-01-15T18:48:00,TURB_OUTPUT_01,900.4931
2024-01-15T18:48:00,TURB_BEAR_01,69.6077
2024-01-15T18:49:00,TURB_SPEED_01,3005.4512
2024-01-15T18:49:00,TURB_VIB_01,1.4887
2024-01-15T18:49:00,TURB_OUTPUT_01,903.1977
2024-01-15T18:50:00,TURB_SPEED_01,3005.2637
2024-01-15T18:50:00,TURB_VIB_01,1.5037
2024-01-15T18:50:00,TURB_OUTPUT_01,901.6346
2024-01-15T18:50:00,TURB_BEAR_01,69.7295
2024-01-15T18:51:00,TURB_SPEED_01,3005.1841
2024-01-15T18:51:00,TURB_VIB_01,1.5657
2024-01-15T18:51:00,TURB_OUTPUT_01,903.9816
2024-01-15T18:52:00,TURB_SPEED_01,3004.9414
2024-01-15T18:52:00,TURB_VIB_01,1.554
2024-01-15T18:52:00,TURB_OUTPUT_01,903.1926
2024-01-15T18:52:00,TURB_BEAR_01,69.6959
2024-01-15T18:53:00,TURB_SPEED_01,3005.1068
2024-01-15T18:53:00,TURB_VIB_01,1.5312
2024-01-15T18:53:00,TURB_OUTPUT_01,898.5671
2024-01-15T18:54:00,TURB_SPEED_01,3004.993
2024-01-15T18:54:00,TURB_VIB_01,1.4192
2024-01-15T18:54:00,TURB_OUTPUT_01,901.4335
2024-01-15T18:54:00,TURB_BEAR_01,68.7778
2024-01-15T18:55:00,TURB_SPEED_01,3005.0477
2024-01-15T18:55:00,TURB_VIB_01,1.5245
2024-01-15T18:55:00,TURB_OUTPUT_01,904.6548
2024-01-15T18:56:00,TURB_SPEED_01,3004.8384
2024-01-15T18:56:00,TURB_VIB_01,1.4257
2024-01-15T18:56:00,TURB_OUTPUT_01,892.6847
2024-01-15T18:56:00,TURB_BEAR_01,68.1782
2024-01-15T18:57:00,TURB_SPEED_01,3005.1431
2024-01-15T18:57:00,TURB_VIB_01,1.497
2024-01-15T18:57:00,TURB_OUTPUT_01,895.6461
2024-01-15T18:58:00,TURB_SPEED_01,3004.7365
2024-01-15T18:58:00,TURB_VIB_01,1.4765
2024-01-15T18:58:00,TURB_OUTPUT_01,898.645
2024-01-15T18:58:00,TURB_BEAR_01,68.8198
2024-01-15T18:59:00,TURB_SPEED_01,3005.4932
2024-01-15T18:59:00,TURB_VIB_01,1.6044
2024-01-15T18:59:00,TURB_OUTPUT_01,903.1896
2024-01-15T19:00:00,TURB_SPEED_01,3004.9511
2024-01-15T19:00:00,TURB_VIB_01,1.473
2024-01-15T19:00:00,TURB_OUTPUT_01,902.5708
2024-01-15T19:00:00,TURB_BEAR_01,68.7333
2024-01-15T19:01:00,TURB_SPEED_01,3004.8907
2024-01-15T19:01:00,TURB_VIB_01,1.485
2024-01-15T19:01:00,TURB_OUTPUT_01,901.3304
2024-01-15T19:02:00,TURB_SPEED_01,3005.0443
2024-01-15T19:02:00,TURB_VIB_01,1.4378
2024-01-15T19:02:00,TURB_OUTPUT_01,903.8868
2024-01-15T19:02:00,TURB_BEAR_01,69.2275
2024-01-15T19:03:00,TURB_SPEED_01,3005.1125
2024-01-15T19:03:00,TURB_VIB_01,1.4222
2024-01-15T19:03:00,TURB_OUTPUT_01,893.1621
2024-01-15T19:04:00,TURB_SPEED_01,3004.8362
2024-01-15T19:04:00,TURB_VIB_01,1.4625
2024-01-15T19:04:00,TURB_OUTPUT_01,896.2851
2024-01-15T19:04:00,TURB_BEAR_01,68.7216
2024-01-15T19:05:00,TURB_SPEED_01,3004.9965
2024-01-15T19:05:00,TURB_VIB_01,1.4481
2024-01-15T19:05:00,TURB_OUTPUT_01,899.7551
2024-01-15T19:06:00,TURB_SPEED_01,3004.6937
2024-01-15T19:06:00,TURB_VIB_01,1.512
2024-01-15T19:06:00,TURB_OUTPUT_01,900.2092
2024-01-15T19:06:00,TURB_BEAR_01,68.8406
2024-01-15T19:07:00,TURB_SPEED_01,3004.7225
2024-01-15T19:07:00,TURB_VIB_01,1.5064
2024-01-15T19:07:00,TURB_OUTPUT_01,894.2391
2024-01-15T19:08:00,TURB_SPEED_01,3004.8175
2024-01-15T19:08:00,TURB_VIB_01,1.5034
2024-01-15T19:08:00,TURB_OUTPUT_01,899.2842
2024-01-15T19:08:00,TURB_BEAR_01,68.3987
2024-01-15T19:09:00,TURB_SPEED_01,3004.7194
2024-01-15T19:09:00,TURB_VIB_01,1.4798
2024-01-15T19:09:00,TURB_OUTPUT_01,899.2319
2024-01-15T19:10:00,TURB_SPEED_01,3004.8869
2024-01-15T19:10:00,TURB_VIB_01,1.4504
2024-01-15T19:10:00,TURB_OUTPUT_01,897.8641
2024-01-15T19:10:00,TURB_BEAR_01,69.3889
2024-01-15T19:11:00,TURB_SPEED_01,3005.0881
2024-01-15T19:11:00,TURB_VIB_01,1.5018
2024-01-15T19:11:00,TURB_OUTPUT_01,905.9769
2024-01-15T19:12:00,TURB_SPEED_01,3005.214
2024-01-15T19:12:00,TURB_VIB_01,1.5303
2024-01-15T19:12:00,TURB_OUTPUT_01,910.4578
2024-01-15T19:12:00,TURB_BEAR_01,70.0422
2024-01-15T19:13:00,TURB_SPEED_01,3005.3304
2024-01-15T19:13:00,TURB_VIB_01,1.4884
2024-01-15T19:13:00,TURB_OUTPUT_01,905.6767
2024-01-15T19:14:00,TURB_SPEED_01,3005.3291
2024-01-15T19:14:00,TURB_VIB_01,1.5004
2024-01-15T19:14:00,TURB_OUTPUT_01,900.2765
2024-01-15T19:14:00,TURB_BEAR_01,69.1347
2024-01-15T19:15:00,TURB_SPEED_01,3004.8906
2024-01-15T19:15:00,TURB_VIB_01,1.5488
2024-01-15T19:15:00,TURB_OUTPUT_01,901.8999
2024-01-15T19:16:00,TURB_SPEED_01,3005.161
2024-01-15T19:16:00,TURB_VIB_01,1.4842
2024-01-15T19:16:00,TURB_OUTPUT_01,906.5509
2024-01-15T19:16:00,TURB_BEAR_01,69.5008
2024-01-15T19:17:00,TURB_SPEED_01,3004.774
2024-01-15T19:17:00,TURB_VIB_01,1.5019
2024-01-15T19:17:00,TURB_OUTPUT_01,899.0345
2024-01-15T19:18:00,TURB_SPEED_01,3004.9835
2024-01-15T19:18:00,TURB_VIB_01,1.446
2024-01-15T19:18:00,TURB_OUTPUT_01,897.4901
2024-01-15T19:18:00,TURB_BEAR_01,69.0665
2024-01-15T19:19:00,TURB_SPEED_01,3004.8297
2024-01-15T19:19:00,TURB_VIB_01,1.4818
2024-01-15T19:19:00,TURB_OUTPUT_01,898.3937
2024-01-15T19:20:00,TURB_SPEED_01,3004.9645
2024-01-15T19:20:00,TURB_VIB_01,1.5183
2024-01-15T19:20:00,TURB_OUTPUT_01,905.4329
2024-01-15T19:20:00,TURB_BEAR_01,69.0908
2024-01-15T19:21:00,TURB_SPEED_01,3004.686
2024-01-15T19:21:00,TURB_VIB_01,1.4532
2024-01-15T19:21:00,TURB_OUTPUT_01,896.3503
2024-01-15T19:22:00,TURB_SPEED_01,3004.8884
2024-01-15T19:22:00,TURB_VIB_01,1.4691
2024-01-15T19:22:00,TURB_OUTPUT_01,897.8286
2024-01-15T19:22:00,TURB_BEAR_01,69.216
2024-01-15T19:23:00,TURB_SPEED_01,3005.3757
2024-01-15T19:23:00,TURB_VIB_01,1.5156
2024-01-15T19:23:00,TURB_OUTPUT_01,902.7194
2024-01-15T19:24:00,TURB_SPEED_01,3004.8215
2024-01-15T19:24:00,TURB_VIB_01,1.5283
2024-01-15T19:24:00,TURB_OUTPUT_01,897.081
2024-01-15T19:24:00,TURB_BEAR_01,69.0463
2024-01-15T19:25:00,TURB_SPEED_01,3005.2888
2024-01-15T19:25:00,TURB_VIB_01,1.553
2024-01-15T19:25:00,TURB_OUTPUT_01,903.6439
2024-01-15T19:26:00,TURB_SPEED_01,3004.8887
2024-01-15T19:26:00,TURB_VIB_01,1.4295
2024-01-15T19:26:00,TURB_OUTPUT_01,899.3713
2024-01-15T19:26:00,TURB_BEAR_01,69.1992
2024-01-15T19:27:00,TURB_SPEED_01,3004.8154
2024-01-15T19:27:00,TURB_VIB_01,1.4858
2024-01-15T19:27:00,TURB_OUTPUT_01,898.9312
2024-01-15T19:28:00,TURB_SPEED_01,3004.8134
2024-01-15T19:28:00,TURB_VIB_01,1.5184
2024-01-15T19:28:00,TURB_OUTPUT_01,900.874
2024-01-15T19:28:00,TURB_BEAR_01,69.3308
2024-01-15T19:29:00,TURB_SPEED_01,3005.1265
2024-01-15T19:29:00,TURB_VIB_01,1.5251
2024-01-15T19:29:00,TURB_OUTPUT_01,900.799
2024-01-15T19:30:00,TURB_SPEED_01,3004.8678
2024-01-15T19:30:00,TURB_VIB_01,1.4576
2024-01-15T19:30:00,TURB_OUTPUT_01,901.9591
2024-01-15T19:30:00,TURB_BEAR_01,68.8625
2024-01-15T19:31:00,TURB_SPEED_01,3004.9453
2024-01-15T19:31:00,TURB_VIB_01,1.4914
2024-01-15T19:31:00,TURB_OUTPUT_01,904.2533
2024-01-15T19:32:00,TURB_SPEED_01,3005.0808
2024-01-15T19:32:00,TURB_VIB_01,1.5605
2024-01-15T19:32:00,TURB_OUTPUT_01,898.8116
2024-01-15T19:32:00,TURB_BEAR_01,69.4168
2024-01-15T19:33:00,TURB_SPEED_01,3004.7984
2024-01-15T19:33:00,TURB_VIB_01,1.4994
2024-01-15T19:33:00,TURB_OUTPUT_01,897.5043
2024-01-15T19:34:00,TURB_SPEED_01,3005.2397
2024-01-15T19:34:00,TURB_VIB_01,1.5601
2024-01-15T19:34:00,TURB_OUTPUT_01,907.6165
2024-01-15T19:34:00,TURB_BEAR_01,69.7238
2024-01-15T19:35:00,TURB_SPEED_01,3004.9579
2024-01-15T19:35:00,TURB_VIB_01,1.4787
2024-01-15T19:35:00,TURB_OUTPUT_01,910.2528
2024-01-15T19:36:00,TURB_SPEED_01,3005.2606
2024-01-15T19:36:00,TURB_VIB_01,1.5165
2024-01-15T19:36:00,TURB_OUTPUT_01,906.5869
2024-01-15T19:36:00,TURB_BEAR_01,69.8274
2024-01-15T19:37:00,TURB_SPEED_01,3004.7945
2024-01-15T19:37:00,TURB_VIB_01,1.3875
2024-01-15T19:37:00,TURB_OUTPUT_01,893.9374
2024-01-15T19:38:00,TURB_SPEED_01,3005.2504
2024-01-15T19:38:00,TURB_VIB_01,1.5201
2024-01-15T19:38:00,TURB_OUTPUT_01,900.7968
2024-01-15T19:38:00,TURB_BEAR_01,69.3955
2024-01-15T19:39:00,TURB_SPEED_01,3005.1363
2024-01-15T19:39:00,TURB_VIB_01,1.4761
2024-01-15T19:39:00,TURB_OUTPUT_01,895.373
2024-01-15T19:40:00,TURB_SPEED_01,3005.0224
2024-01-15T19:40:00,TURB_VIB_01,1.5584
2024-01-15T19:40:00,TURB_OUTPUT_01,900.8903
2024-01-15T19:40:00,TURB_BEAR_01,69.7874
2024-01-15T19:41:00,TURB_SPEED_01,3005.2171
2024-01-15T19:41:00,TURB_VIB_01,1.5363
2024-01-15T19:41:00,TURB_OUTPUT_01,902.2556
2024-01-15T19:42:00,TURB_SPEED_01,3005.1135
2024-01-15T19:42:00,TURB_VIB_01,1.564
2024-01-15T19:42:00,TURB_OUTPUT_01,906.1913
2024-01-15T19:42:00,TURB_BEAR_01,69.4257
2024-01-15T19:43:00,TURB_SPEED_01,3005.3443
2024-01-15T19:43:00,TURB_VIB_01,1.5385
2024-01-15T19:43:00,TURB_OUTPUT_01,900.8036
2024-01-15T19:44:00,TURB_SPEED_01,3005.276
2024-01-15T19:44:00,TURB_VIB_01,1.5475
2024-01-15T19:44:00,TURB_OUTPUT_01,904.6368
2024-01-15T19:44:00,TURB_BEAR_01,69.6063
2024-01-15T19:45:00,TURB_SPEED_01,3004.6658
2024-01-15T19:45:00,TURB_VIB_01,1.4528
2024-01-15T19:45:00,TURB_OUTPUT_01,899.0317
2024-01-15T19:46:00,TURB_SPEED_01,3004.9472
2024-01-15T19:46:00,TURB_VIB_01,1.4073
2024-01-15T19:46:00,TURB_OUTPUT_01,899.5445
2024-01-15T19:46:00,TURB_BEAR_01,69.4334
2024-01-15T19:47:00,TURB_SPEED_01,3004.8043
2024-01-15T19:47:00,TURB_VIB_01,1.485
2024-01-15T19:47:00,TURB_OUTPUT_01,890.7758
2024-01-15T19:48:00,TURB_SPEED_01,3005.0894
2024-01-15T19:48:00,TURB_VIB_01,1.4865
2024-01-15T19:48:00,TURB_OUTPUT_01,905.4105
2024-01-15T19:48:00,TURB_BEAR_01,69.5938
2024-01-15T19:49:00,TURB_SPEED_01,3005.2316
2024-01-15T19:49:00,TURB_VIB_01,1.4971
2024-01-15T19:49:00,TURB_OUTPUT_01,905.1899
2024-01-15T19:50:00,TURB_SPEED_01,3005.0078
2024-01-15T19:50:00,TURB_VIB_01,1.456
2024-01-15T19:50:00,TURB_OUTPUT_01,902.5404
2024-01-15T19:50:00,TURB_BEAR_01,68.4712
2024-01-15T19:51:00,TURB_SPEED_01,3004.5989
2024-01-15T19:51:00,TURB_VIB_01,1.4672
2024-01-15T19:51:00,TURB_OUTPUT_01,888.5103
2024-01-15T19:52:00,TURB_SPEED_01,3005.2356
2024-01-15T19:52:00,TURB_VIB_01,1.5482
2024-01-15T19:52:00,TURB_OUTPUT_01,901.891
2024-01-15T19:52:00,TURB_BEAR_01,69.4274
2024-01-15T19:53:00,TURB_SPEED_01,3004.855
2024-01-15T19:53:00,TURB_VIB_01,1.5133
2024-01-15T19:53:00,TURB_OUTPUT_01,898.1862
2024-01-15T19:54:00,TURB_SPEED_01,3005.4117
2024-01-15T19:54:00,TURB_VIB_01,1.5414
2024-01-15T19:54:00,TURB_OUTPUT_01,902.1498
2024-01-15T19:54:00,TURB_BEAR_01,69.9046
2024-01-15T19:55:00,TURB_SPEED_01,3005.4816
2024-01-15T19:55:00,TURB_VIB_01,1.4987
2024-01-15T19:55:00,TURB_OUTPUT_01,905.4196
2024-01-15T19:56:00,TURB_SPEED_01,3005.1898
2024-01-15T19:56:00,TURB_VIB_01,1.4901
2024-01-15T19:56:00,TURB_OUTPUT_01,897.3482
2024-01-15T19:56:00,TURB_BEAR_01,69.3473
2024-01-15T19:57:00,TURB_SPEED_01,3004.7256
2024-01-15T19:57:00,TURB_VIB_01,1.436
2024-01-15T19:57:00,TURB_OUTPUT_01,899.8667
2024-01-15T19:58:00,TURB_SPEED_01,3004.7212
2024-01-15T19:58:00,TURB_VIB_01,1.4577
2024-01-15T19:58:00,TURB_OUTPUT_01,895.7771
2024-01-15T19:58:00,TURB_BEAR_01,69.2034
2024-01-15T19:59:00,TURB_SPEED_01,3004.8855
2024-01-15T19:59:00,TURB_VIB_01,1.5627
2024-01-15T19:59:00,TURB_OUTPUT_01,901.4612
2024-01-15T20:00:00,TURB_SPEED_01,3005.4418
2024-01-15T20:00:00,TURB_VIB_01,1.5292
2024-01-15T20:00:00,TURB_OUTPUT_01,905.148
2024-01-15T20:00:00,TURB_BEAR_01,70.0065
2024-01-15T20:01:00,TURB_SPEED_01,3004.9597
2024-01-15T20:01:00,TURB_VIB_01,1.4714
2024-01-15T20:01:00,TURB_OUTPUT_01,896.366
2024-01-15T20:02:00,TURB_SPEED_01,3004.8129
2024-01-15T20:02:00,TURB_VIB_01,1.465
2024-01-15T20:02:00,TURB_OUTPUT_01,904.4822
2024-01-15T20:02:00,TURB_BEAR_01,69.4114
2024-01-15T20:03:00,TURB_SPEED_01,3004.7522
2024-01-15T20:03:00,TURB_VIB_01,1.457
2024-01-15T20:03:00,TURB_OUTPUT_01,893.3717
2024-01-15T20:04:00,TURB_SPEED_01,3005.1646
2024-01-15T20:04:00,TURB_VIB_01,1.5207
2024-01-15T20:04:00,TURB_OUTPUT_01,900.4314
2024-01-15T20:04:00,TURB_BEAR_01,69.182
2024-01-15T20:05:00,TURB_SPEED_01,3005.1829
2024-01-15T20:05:00,TURB_VIB_01,1.5735
2024-01-15T20:05:00,TURB_OUTPUT_01,899.7663
2024-01-15T20:06:00,TURB_SPEED_01,3004.8369
2024-01-15T20:06:00,TURB_VIB_01,1.485
2024-01-15T20:06:00,TURB_OUTPUT_01,896.9999
2024-01-15T20:06:00,TURB_BEAR_01,69.0542
2024-01-15T20:07:00,TURB_SPEED_01,3005.0336
2024-01-15T20:07:00,TURB_VIB_01,1.5527
2024-01-15T20:07:00,TURB_OUTPUT_01,904.6831
2024-01-15T20:08:00,TURB_SPEED_01,3005.2147
2024-01-15T20:08:00,TURB_VIB_01,1.5007
2024-01-15T20:08:00,TURB_OUTPUT_01,906.9988
2024-01-15T20:08:00,TURB_BEAR_01,70.1213
2024-01-15T20:09:00,TURB_SPEED_01,3004.9941
2024-01-15T20:09:00,TURB_VIB_01,1.516
2024-01-15T20:09:00,TURB_OUTPUT_01,898.9669
2024-01-15T20:10:00,TURB_SPEED_01,3005.079
2024-01-15T20:10:00,TURB_VIB_01,1.5266
2024-01-15T20:10:00,TURB_OUTPUT_01,900.727
2024-01-15T20:10:00,TURB_BEAR_01,69.4194
2024-01-15T20:11:00,TURB_SPEED_01,3005.0336
2024-01-15T20:11:00,TURB_VIB_01,1.5207
2024-01-15T20:11:00,TURB_OUTPUT_01,905.9896
2024-01-15T20:12:00,TURB_SPEED_01,3004.9376
2024-01-15T20:12:00,TURB_VIB_01,1.4901
2024-01-15T20:12:00,TURB_OUTPUT_01,904.78
2024-01-15T20:12:00,TURB_BEAR_01,69.2306
2024-01-15T20:13:00,TURB_SPEED_01,3005.1878
2024-01-15T20:13:00,TURB_VIB_01,1.4949
2024-01-15T20:13:00,TURB_OUTPUT_01,893.9203
2024-01-15T20:14:00,TURB_SPEED_01,3005.0252
2024-01-15T20:14:00,TURB_VIB_01,1.4597
2024-01-15T20:14:00,TURB_OUTPUT_01,896.7196
2024-01-15T20:14:00,TURB_BEAR_01,69.4945
2024-01-15T20:15:00,TURB_SPEED_01,3005.1786
2024-01-15T20:15:00,TURB_VIB_01,1.5341
2024-01-15T20:15:00,TURB_OUTPUT_01,893.3717
2024-01-15T20:16:00,TURB_SPEED_01,3004.9601
2024-01-15T20:16:00,TURB_VIB_01,1.4163
2024-01-15T20:16:00,TURB_OUTPUT_01,900.7192
2024-01-15T20:16:00,TURB_BEAR_01,69.0648
2024-01-15T20:17:00,TURB_SPEED_01,3005.1556
2024-01-15T20:17:00,TURB_VIB_01,1.4782
2024-01-15T20:17:00,TURB_OUTPUT_01,892.8435
2024-01-15T20:18:00,TURB_SPEED_01,3005.1563
2024-01-15T20:18:00,TURB_VIB_01,1.5228
2024-01-15T20:18:00,TURB_OUTPUT_01,901.0297
2024-01-15T20:18:00,TURB_BEAR_01,69.1526
2024-01-15T20:19:00,TURB_SPEED_01,3004.674
2024-01-15T20:19:00,TURB_VIB_01,1.453
2024-01-15T20:19:00,TURB_OUTPUT_01,894.0171
2024-01-15T20:20:00,TURB_SPEED_01,3005.2291
2024-01-15T20:20:00,TURB_VIB_01,1.4949
2024-01-15T20:20:00,TURB_OUTPUT_01,897.8489
2024-01-15T20:20:00,TURB_BEAR_01,70.0824
2024-01-15T20:21:00,TURB_SPEED_01,3005.1463
2024-01-15T20:21:00,TURB_VIB_01,1.5096
2024-01-15T20:21:00,TURB_OUTPUT_01,901.6634
2024-01-15T20:22:00,TURB_SPEED_01,3005.3046
2024-01-15T20:22:00,TURB_VIB_01,1.5316
2024-01-15T20:22:00,TURB_OUTPUT_01,909.8828
2024-01-15T20:22:00,TURB_BEAR_01,69.5987
2024-01-15T20:23:00,TURB_SPEED_01,3004.736
2024-01-15T20:23:00,TURB_VIB_01,1.4601
2024-01-15T20:23:00,TURB_OUTPUT_01,895.2573
2024-01-15T20:24:00,TURB_SPEED_01,3005.2139
2024-01-15T20:24:00,TURB_VIB_01,1.471
2024-01-15T20:24:00,TURB_OUTPUT_01,899.2343
2024-01-15T20:24:00,TURB_BEAR_01,69.7548
2024-01-15T20:25:00,TURB_SPEED_01,3004.8068
2024-01-15T20:25:00,TURB_VIB_01,1.4363
2024-01-15T20:25:00,TURB_OUTPUT_01,893.5244
2024-01-15T20:26:00,TURB_SPEED_01,3005.0932
2024-01-15T20:26:00,TURB_VIB_01,1.5143
2024-01-15T20:26:00,TURB_OUTPUT_01,893.4748
2024-01-15T20:26:00,TURB_BEAR_01,69.3482
2024-01-15T20:27:00,TURB_SPEED_01,3004.8271
2024-01-15T20:27:00,TURB_VIB_01,1.5044
2024-01-15T20:27:00,TURB_OUTPUT_01,902.0504
2024-01-15T20:28:00,TURB_SPEED_01,3004.6436
2024-01-15T20:28:00,TURB_VIB_01,1.487
2024-01-15T20:28:00,TURB_OUTPUT_01,895.5948
2024-01-15T20:28:00,TURB_BEAR_01,69.2939
2024-01-15T20:29:00,TURB_SPEED_01,3005.3216
2024-01-15T20:29:00,TURB_VIB_01,1.5275
2024-01-15T20:29:00,TURB_OUTPUT_01,901.9603
2024-01-15T20:30:00,TURB_SPEED_01,3004.7034
2024-01-15T20:30:00,TURB_VIB_01,1.4436
2024-01-15T20:30:00,TURB_OUTPUT_01,896.1785
2024-01-15T20:30:00,TURB_BEAR_01,69.6189
2024-01-15T20:31:00,TURB_SPEED_01,3005.1601
2024-01-15T20:31:00,TURB_VIB_01,1.5235
2024-01-15T20:31:00,TURB_OUTPUT_01,902.1233
2024-01-15T20:32:00,TURB_SPEED_01,3005.3225
2024-01-15T20:32:00,TURB_VIB_01,1.5528
2024-01-15T20:32:00,TURB_OUTPUT_01,901.6042
2024-01-15T20:32:00,TURB_BEAR_01,69.5817
2024-01-15T20:33:00,TURB_SPEED_01,3005.1313
2024-01-15T20:33:00,TURB_VIB_01,1.5339
2024-01-15T20:33:00,TURB_OUTPUT_01,896.9455
2024-01-15T20:34:00,TURB_SPEED_01,3004.8564
2024-01-15T20:34:00,TURB_VIB_01,1.5324
2024-01-15T20:34:00,TURB_OUTPUT_01,902.4297
2024-01-15T20:34:00,TURB_BEAR_01,69.5361
2024-01-15T20:35:00,TURB_SPEED_01,3005.2443
2024-01-15T20:35:00,TURB_VIB_01,1.4596
2024-01-15T20:35:00,TURB_OUTPUT_01,900.2436
2024-01-15T20:36:00,TURB_SPEED_01,3004.7133
2024-01-15T20:36:00,TURB_VIB_01,1.4433
2024-01-15T20:36:00,TURB_OUTPUT_01,896.406
2024-01-15T20:36:00,TURB_BEAR_01,69.2583
2024-01-15T20:37:00,TURB_SPEED_01,3005.1772
2024-01-15T20:37:00,TURB_VIB_01,1.5405
2024-01-15T20:37:00,TURB_OUTPUT_01,899.3746
2024-01-15T20:38:00,TURB_SPEED_01,3004.346
2024-01-15T20:38:00,TURB_VIB_01,1.4195
2024-01-15T20:38:00,TURB_OUTPUT_01,895.5918
2024-01-15T20:38:00,TURB_BEAR_01,68.2519
2024-01-15T20:39:00,TURB_SPEED_01,3005.1766
2024-01-15T20:39:00,TURB_VIB_01,1.5347
2024-01-15T20:39:00,TURB_OUTPUT_01,906.7143
2024-01-15T20:40:00,TURB_SPEED_01,3005.4271
2024-01-15T20:40:00,TURB_VIB_01,1.5779
2024-01-15T20:40:00,TURB_OUTPUT_01,911.3225
2024-01-15T20:40:00,TURB_BEAR_01,69.8524
2024-01-15T20:41:00,TURB_SPEED_01,3005.2261
2024-01-15T20:41:00,TURB_VIB_01,1.5003
2024-01-15T20:41:00,TURB_OUTPUT_01,904.0802
2024-01-15T20:42:00,TURB_SPEED_01,3004.9608
2024-01-15T20:42:00,TURB_VIB_01,1.5259
2024-01-15T20:42:00,TURB_OUTPUT_01,899.2303
2024-01-15T20:42:00,TURB_BEAR_01,69.1074
2024-01-15T20:43:00,TURB_SPEED_01,3004.9726
2024-01-15T20:43:00,TURB_VIB_01,1.5297
2024-01-15T20:43:00,TURB_OUTPUT_01,898.313
2024-01-15T20:44:00,TURB_SPEED_01,3005.1619
2024-01-15T20:44:00,TURB_VIB_01,1.5436
2024-01-15T20:44:00,TURB_OUTPUT_01,897.1866
2024-01-15T20:44:00,TURB_BEAR_01,69.423
2024-01-15T20:45:00,TURB_SPEED_01,3005.1182
2024-01-15T20:45:00,TURB_VIB_01,1.5609
2024-01-15T20:45:00,TURB_OUTPUT_01,901.9336
2024-01-15T20:46:00,TURB_SPEED_01,3004.7836
2024-01-15T20:46:00,TURB_VIB_01,1.4841
2024-01-15T20:46:00,TURB_OUTPUT_01,896.8708
2024-01-15T20:46:00,TURB_BEAR_01,69.6422
2024-01-15T20:47:00,TURB_SPEED_01,3004.9346
2024-01-15T20:47:00,TURB_VIB_01,1.5436
2024-01-15T20:47:00,TURB_OUTPUT_01,896.6574
2024-01-15T20:48:00,TURB_SPEED_01,3005.1892
2024-01-15T20:48:00,TURB_VIB_01,1.5392
2024-01-15T20:48:00,TURB_OUTPUT_01,908.052
2024-01-15T20:48:00,TURB_BEAR_01,69.8291
2024-01-15T20:49:00,TURB_SPEED_01,3005.1405
2024-01-15T20:49:00,TURB_VIB_01,1.4533
2024-01-15T20:49:00,TURB_OUTPUT_01,900.7263
2024-01-15T20:50:00,TURB_SPEED_01,3004.87
2024-01-15T20:50:00,TURB_VIB_01,1.5422
2024-01-15T20:50:00,TURB_OUTPUT_01,902.815
2024-01-15T20:50:00,TURB_BEAR_01,70.1346
2024-01-15T20:51:00,TURB_SPEED_01,3005.1275
2024-01-15T20:51:00,TURB_VIB_01,1.4696
2024-01-15T20:51:00,TURB_OUTPUT_01,898.1797
2024-01-15T20:52:00,TURB_SPEED_01,3005.5607
2024-01-15T20:52:00,TURB_VIB_01,1.5472
2024-01-15T20:52:00,TURB_OUTPUT_01,904.4369
2024-01-15T20:52:00,TURB_BEAR_01,70.2841
2024-01-15T20:53:00,TURB_SPEED_01,3004.9382
2024-01-15T20:53:00,TURB_VIB_01,1.455
2024-01-15T20:53:00,TURB_OUTPUT_01,890.901
2024-01-15T20:54:00,TURB_SPEED_01,3004.8079
2024-01-15T20:54:00,TURB_VIB_01,1.5104
2024-01-15T20:54:00,TURB_OUTPUT_01,896.1405
2024-01-15T20:54:00,TURB_BEAR_01,69.3112
2024-01-15T20:55:00,TURB_SPEED_01,3004.8791
2024-01-15T20:55:00,TURB_VIB_01,1.4967
2024-01-15T20:55:00,TURB_OUTPUT_01,901.169
2024-01-15T20:56:00,TURB_SPEED_01,3005.0168
2024-01-15T20:56:00,TURB_VIB_01,1.4574
2024-01-15T20:56:00,TURB_OUTPUT_01,900.2114
2024-01-15T20:56:00,TURB_BEAR_01,69.6321
2024-01-15T20:57:00,TURB_SPEED_01,3004.9777
2024-01-15T20:57:00,TURB_VIB_01,1.5547
2024-01-15T20:57:00,TURB_OUTPUT_01,896.4666
2024-01-15T20:58:00,TURB_SPEED_01,3005.2629
2024-01-15T20:58:00,TURB_VIB_01,1.4977
2024-01-15T20:58:00,TURB_OUTPUT_01,903.6848
2024-01-15T20:58:00,TURB_BEAR_01,70.1062
2024-01-15T20:59:00,TURB_SPEED_01,3005.0614
2024-01-15T20:59:00,TURB_VIB_01,1.5394
2024-01-15T20:59:00,TURB_OUTPUT_01,903.96
2024-01-15T21:00:00,TURB_SPEED_01,3005.2003
2024-01-15T21:00:00,TURB_VIB_01,1.5337
2024-01-15T21:00:00,TURB_OUTPUT_01,898.6875
2024-01-15T21:00:00,TURB_BEAR_01,69.7405
2024-01-15T21:01:00,TURB_SPEED_01,3004.935
2024-01-15T21:01:00,TURB_VIB_01,1.4985
2024-01-15T21:01:00,TURB_OUTPUT_01,897.4686
2024-01-15T21:02:00,TURB_SPEED_01,3005.3731
2024-01-15T21:02:00,TURB_VIB_01,1.4951
2024-01-15T21:02:00,TURB_OUTPUT_01,902.6819
2024-01-15T21:02:00,TURB_BEAR_01,69.8852
2024-01-15T21:03:00,TURB_SPEED_01,3004.876
2024-01-15T21:03:00,TURB_VIB_01,1.5317
2024-01-15T21:03:00,TURB_OUTPUT_01,902.2053
2024-01-15T21:04:00,TURB_SPEED_01,3005.1657
2024-01-15T21:04:00,TURB_VIB_01,1.5839
2024-01-15T21:04:00,TURB_OUTPUT_01,904.1308
2024-01-15T21:04:00,TURB_BEAR_01,70.122
2024-01-15T21:05:00,TURB_SPEED_01,3004.8429
2024-01-15T21:05:00,TURB_VIB_01,1.487
2024-01-15T21:05:00,TURB_OUTPUT_01,899.3072
2024-01-15T21:06:00,TURB_SPEED_01,3005.1601
2024-01-15T21:06:00,TURB_VIB_01,1.6104
2024-01-15T21:06:00,TURB_OUTPUT_01,907.5807
2024-01-15T21:06:00,TURB_BEAR_01,69.7705
2024-01-15T21:07:00,TURB_SPEED_01,3005.4209
2024-01-15T21:07:00,TURB_VIB_01,1.52
2024-01-15T21:07:00,TURB_OUTPUT_01,905.038
2024-01-15T21:08:00,TURB_SPEED_01,3005.1636
2024-01-15T21:08:00,TURB_VIB_01,1.5812
2024-01-15T21:08:00,TURB_OUTPUT_01,898.7569
2024-01-15T21:08:00,TURB_BEAR_01,69.5028
2024-01-15T21:09:00,TURB_SPEED_01,3005.3257
2024-01-15T21:09:00,TURB_VIB_01,1.464
2024-01-15T21:09:00,TURB_OUTPUT_01,898.549
2024-01-15T21:10:00,TURB_SPEED_01,3004.8575
2024-01-15T21:10:00,TURB_VIB_01,1.5291
2024-01-15T21:10:00,TURB_OUTPUT_01,904.9229
2024-01-15T21:10:00,TURB_BEAR_01,70.2486
2024-01-15T21:11:00,TURB_SPEED_01,3004.9658
2024-01-15T21:11:00,TURB_VIB_01,1.4047
2024-01-15T21:11:00,TURB_OUTPUT_01,897.1195
2024-01-15T21:12:00,TURB_SPEED_01,3005.0473
2024-01-15T21:12:00,TURB_VIB_01,1.4789
2024-01-15T21:12:00,TURB_OUTPUT_01,896.3114
2024-01-15T21:12:00,TURB_BEAR_01,68.8297
2024-01-15T21:13:00,TURB_SPEED_01,3005.201
2024-01-15T21:13:00,TURB_VIB_01,1.488
2024-01-15T21:13:00,TURB_OUTPUT_01,897.4765
2024-01-15T21:14:00,TURB_SPEED_01,3004.8909
2024-01-15T21:14:00,TURB_VIB_01,1.5043
2024-01-15T21:14:00,TURB_OUTPUT_01,905.6894
2024-01-15T21:14:00,TURB_BEAR_01,70.2926
2024-01-15T21:15:00,TURB_SPEED_01,3005.0358
2024-01-15T21:15:00,TURB_VIB_01,1.4988
2024-01-15T21:15:00,TURB_OUTPUT_01,894.5361
2024-01-15T21:16:00,TURB_SPEED_01,3005.1734
2024-01-15T21:16:00,TURB_VIB_01,1.4825
2024-01-15T21:16:00,TURB_OUTPUT_01,903.5681
2024-01-15T21:16:00,TURB_BEAR_01,68.9469
2024-01-15T21:17:00,TURB_SPEED_01,3005.0846
2024-01-15T21:17:00,TURB_VIB_01,1.5089
2024-01-15T21:17:00,TURB_OUTPUT_01,898.9174
2024-01-15T21:18:00,TURB_SPEED_01,3004.7281
2024-01-15T21:18:00,TURB_VIB_01,1.5554
2024-01-15T21:18:00,TURB_OUTPUT_01,899.3739
2024-01-15T21:18:00,TURB_BEAR_01,69.704
2024-01-15T21:19:00,TURB_SPEED_01,3005.0827
2024-01-15T21:19:00,TURB_VIB_01,1.5271
2024-01-15T21:19:00,TURB_OUTPUT_01,902.8302
2024-01-15T21:20:00,TURB_SPEED_01,3004.8765
2024-01-15T21:20:00,TURB_VIB_01,1.4657
2024-01-15T21:20:00,TURB_OUTPUT_01,899.6773
2024-01-15T21:20:00,TURB_BEAR_01,69.3978
2024-01-15T21:21:00,TURB_SPEED_01,3004.9885
2024-01-15T21:21:00,TURB_VIB_01,1.5066
2024-01-15T21:21:00,TURB_OUTPUT_01,903.5826
2024-01-15T21:22:00,TURB_SPEED_01,3005.047
2024-01-15T21:22:00,TURB_VIB_01,1.5277
2024-01-15T21:22:00,TURB_OUTPUT_01,900.0932
2024-01-15T21:22:00,TURB_BEAR_01,70.2419
2024-01-15T21:23:00,TURB_SPEED_01,3005.0238
2024-01-15T21:23:00,TURB_VIB_01,1.518
2024-01-15T21:23:00,TURB_OUTPUT_01,898.2275
2024-01-15T21:24:00,TURB_SPEED_01,3005.3018
2024-01-15T21:24:00,TURB_VIB_01,1.4838
2024-01-15T21:24:00,TURB_OUTPUT_01,906.5836
2024-01-15T21:24:00,TURB_BEAR_01,69.9212
2024-01-15T21:25:00,TURB_SPEED_01,3004.7273
2024-01-15T21:25:00,TURB_VIB_01,1.4741
2024-01-15T21:25:00,TURB_OUTPUT_01,901.699
2024-01-15T21:26:00,TURB_SPEED_01,3005.4332
2024-01-15T21:26:00,TURB_VIB_01,1.5556
2024-01-15T21:26:00,TURB_OUTPUT_01,902.322
2024-01-15T21:26:00,TURB_BEAR_01,69.94
2024-01-15T21:27:00,TURB_SPEED_01,3004.8115
2024-01-15T21:27:00,TURB_VIB_01,1.5173
2024-01-15T21:27:00,TURB_OUTPUT_01,902.2692
2024-01-15T21:28:00,TURB_SPEED_01,3004.9243
2024-01-15T21:28:00,TURB_VIB_01,1.4717
2024-01-15T21:28:00,TURB_OUTPUT_01,897.639
2024-01-15T21:28:00,TURB_BEAR_01,69.5814
2024-01-15T21:29:00,TURB_SPEED_01,3005.0667
2024-01-15T21:29:00,TURB_VIB_01,1.4624
2024-01-15T21:29:00,TURB_OUTPUT_01,894.379
2024-01-15T21:30:00,TURB_SPEED_01,3004.8773
2024-01-15T21:30:00,TURB_VIB_01,1.5029
2024-01-15T21:30:00,TURB_OUTPUT_01,899.4001
2024-01-15T21:30:00,TURB_BEAR_01,69.383
2024-01-15T21:31:00,TURB_SPEED_01,3005.0822
2024-01-15T21:31:00,TURB_VIB_01,1.5879
2024-01-15T21:31:00,TURB_OUTPUT_01,908.5962
2024-01-15T21:32:00,TURB_SPEED_01,3005.5043
2024-01-15T21:32:00,TURB_VIB_01,1.5832
2024-01-15T21:32:00,TURB_OUTPUT_01,902.6403
2024-01-15T21:32:00,TURB_BEAR_01,70.1128
2024-01-15T21:33:00,TURB_SPEED_01,3004.936
2024-01-15T21:33:00,TURB_VIB_01,1.4602
2024-01-15T21:33:00,TURB_OUTPUT_01,892.9747
2024-01-15T21:34:00,TURB_SPEED_01,3005.1576
2024-01-15T21:34:00,TURB_VIB_01,1.5332
2024-01-15T21:34:00,TURB_OUTPUT_01,906.9452
2024-01-15T21:34:00,TURB_BEAR_01,70.0502
2024-01-15T21:35:00,TURB_SPEED_01,3005.0518
2024-01-15T21:35:00,TURB_VIB_01,1.5363
2024-01-15T21:35:00,TURB_OUTPUT_01,901.0807
2024-01-15T21:36:00,TURB_SPEED_01,3004.6725
2024-01-15T21:36:00,TURB_VIB_01,1.4436
2024-01-15T21:36:00,TURB_OUTPUT_01,901.0132
2024-01-15T21:36:00,TURB_BEAR_01,69.7982
2024-01-15T21:37:00,TURB_SPEED_01,3004.6063
2024-01-15T21:37:00,TURB_VIB_01,1.5553
2024-01-15T21:37:00,TURB_OUTPUT_01,902.9761
2024-01-15T21:38:00,TURB_SPEED_01,3005.0784
2024-01-15T21:38:00,TURB_VIB_01,1.4416
2024-01-15T21:38:00,TURB_OUTPUT_01,901.2301
2024-01-15T21:38:00,TURB_BEAR_01,69.3458
2024-01-15T21:39:00,TURB_SPEED_01,3004.9226
2024-01-15T21:39:00,TURB_VIB_01,1.5656
2024-01-15T21:39:00,TURB_OUTPUT_01,897.7634
2024-01-15T21:40:00,TURB_SPEED_01,3005.2771
2024-01-15T21:40:00,TURB_VIB_01,1.5269
2024-01-15T21:40:00,TURB_OUTPUT_01,902.3341
2024-01-15T21:40:00,TURB_BEAR_01,70.017
2024-01-15T21:41:00,TURB_SPEED_01,3004.7843
2024-01-15T21:41:00,TURB_VIB_01,1.4399
2024-01-15T21:41:00,TURB_OUTPUT_01,899.2526
2024-01-15T21:42:00,TURB_SPEED_01,3005.0168
2024-01-15T21:42:00,TURB_VIB_01,1.5346
2024-01-15T21:42:00,TURB_OUTPUT_01,902.5907
2024-01-15T21:42:00,TURB_BEAR_01,69.8325
2024-01-15T21:43:00,TURB_SPEED_01,3004.9442
2024-01-15T21:43:00,TURB_VIB_01,1.4612
2024-01-15T21:43:00,TURB_OUTPUT_01,900.8624
2024-01-15T21:44:00,TURB_SPEED_01,3004.5862
2024-01-15T21:44:00,TURB_VIB_01,1.4349
2024-01-15T21:44:00,TURB_OUTPUT_01,890.6361
2024-01-15T21:44:00,TURB_BEAR_01,68.4428
2024-01-15T21:45:00,TURB_SPEED_01,3004.9574
2024-01-15T21:45:00,TURB_VIB_01,1.488
2024-01-15T21:45:00,TURB_OUTPUT_01,896.2629
2024-01-15T21:46:00,TURB_SPEED_01,3004.7409
2024-01-15T21:46:00,TURB_VIB_01,1.4313
2024-01-15T21:46:00,TURB_OUTPUT_01,894.7988
2024-01-15T21:46:00,TURB_BEAR_01,69.1307
2024-01-15T21:47:00,TURB_SPEED_01,3005.1753
2024-01-15T21:47:00,TURB_VIB_01,1.5008
2024-01-15T21:47:00,TURB_OUTPUT_01,897.1625
2024-01-15T21:48:00,TURB_SPEED_01,3005.392
2024-01-15T21:48:00,TURB_VIB_01,1.5655
2024-01-15T21:48:00,TURB_OUTPUT_01,907.6412
2024-01-15T21:48:00,TURB_BEAR_01,70.2233
2024-01-15T21:49:00,TURB_SPEED_01,3004.6854
2024-01-15T21:49:00,TURB_VIB_01,1.5422
2024-01-15T21:49:00,TURB_OUTPUT_01,896.1522
2024-01-15T21:50:00,TURB_SPEED_01,3004.7047
2024-01-15T21:50:00,TURB_VIB_01,1.454
2024-01-15T21:50:00,TURB_OUTPUT_01,898.8245
2024-01-15T21:50:00,TURB_BEAR_01,69.8451
2024-01-15T21:51:00,TURB_SPEED_01,3005.1448
2024-01-15T21:51:00,TURB_VIB_01,1.5023
2024-01-15T21:51:00,TURB_OUTPUT_01,901.7801
2024-01-15T21:52:00,TURB_SPEED_01,3005.2241
2024-01-15T21:52:00,TURB_VIB_01,1.5599
2024-01-15T21:52:00,TURB_OUTPUT_01,903.9797
2024-01-15T21:52:00,TURB_BEAR_01,70.1127
2024-01-15T21:53:00,TURB_SPEED_01,3005.1827
2024-01-15T21:53:00,TURB_VIB_01,1.5128
2024-01-15T21:53:00,TURB_OUTPUT_01,900.1893
2024-01-15T21:54:00,TURB_SPEED_01,3004.8333
2024-01-15T21:54:00,TURB_VIB_01,1.4884
2024-01-15T21:54:00,TURB_OUTPUT_01,901.0201
2024-01-15T21:54:00,TURB_BEAR_01,70.1462
2024-01-15T21:55:00,TURB_SPEED_01,3004.8698
2024-01-15T21:55:00,TURB_VIB_01,1.4309
2024-01-15T21:55:00,TURB_OUTPUT_01,887.4017
2024-01-15T21:56:00,TURB_SPEED_01,3004.9643
2024-01-15T21:56:00,TURB_VIB_01,1.534
2024-01-15T21:56:00,TURB_OUTPUT_01,895.3941
2024-01-15T21:56:00,TURB_BEAR_01,69.8496
2024-01-15T21:57:00,TURB_SPEED_01,3005.2904
2024-01-15T21:57:00,TURB_VIB_01,1.5559
2024-01-15T21:57:00,TURB_OUTPUT_01,906.2495
2024-01-15T21:58:00,TURB_SPEED_01,3005.1409
2024-01-15T21:58:00,TURB_VIB_01,1.487
2024-01-15T21:58:00,TURB_OUTPUT_01,903.3076
2024-01-15T21:58:00,TURB_BEAR_01,69.7099
2024-01-15T21:59:00,TURB_SPEED_01,3005.1133
2024-01-15T21:59:00,TURB_VIB_01,1.5556
2024-01-15T21:59:00,TURB_OUTPUT_01,907.2867
2024-01-15T22:00:00,TURB_SPEED_01,3005.4406
2024-01-15T22:00:00,TURB_VIB_01,1.5362
2024-01-15T22:00:00,TURB_OUTPUT_01,905.9023
2024-01-15T22:00:00,TURB_BEAR_01,70.3858
2024-01-15T22:01:00,TURB_SPEED_01,3004.9082
2024-01-15T22:01:00,TURB_VIB_01,1.5165
2024-01-15T22:01:00,TURB_OUTPUT_01,896.9536
2024-01-15T22:02:00,TURB_SPEED_01,3005.4066
2024-01-15T22:02:00,TURB_VIB_01,1.5114
2024-01-15T22:02:00,TURB_OUTPUT_01,899.6168
2024-01-15T22:02:00,TURB_BEAR_01,69.8096
2024-01-15T22:03:00,TURB_SPEED_01,3004.9715
2024-01-15T22:03:00,TURB_VIB_01,1.4792
2024-01-15T22:03:00,TURB_OUTPUT_01,899.0935
2024-01-15T22:04:00,TURB_SPEED_01,3004.989
2024-01-15T22:04:00,TURB_VIB_01,1.5155
2024-01-15T22:04:00,TURB_OUTPUT_01,900.199
2024-01-15T22:04:00,TURB_BEAR_01,69.9027
2024-01-15T22:05:00,TURB_SPEED_01,3004.8284
2024-01-15T22:05:00,TURB_VIB_01,1.4703
2024-01-15T22:05:00,TURB_OUTPUT_01,898.2532
2024-01-15T22:06:00,TURB_SPEED_01,3004.7822
2024-01-15T22:06:00,TURB_VIB_01,1.5107
2024-01-15T22:06:00,TURB_OUTPUT_01,898.5696
2024-01-15T22:06:00,TURB_BEAR_01,69.7495
2024-01-15T22:07:00,TURB_SPEED_01,3004.6776
2024-01-15T22:07:00,TURB_VIB_01,1.404
2024-01-15T22:07:00,TURB_OUTPUT_01,893.8908
2024-01-15T22:08:00,TURB_SPEED_01,3004.9618
2024-01-15T22:08:00,TURB_VIB_01,1.4498
2024-01-15T22:08:00,TURB_OUTPUT_01,900.283
2024-01-15T22:08:00,TURB_BEAR_01,69.7156
2024-01-15T22:09:00,TURB_SPEED_01,3004.9232
2024-01-15T22:09:00,TURB_VIB_01,1.5481
2024-01-15T22:09:00,TURB_OUTPUT_01,903.6549
2024-01-15T22:10:00,TURB_SPEED_01,3004.7731
2024-01-15T22:10:00,TURB_VIB_01,1.4958
2024-01-15T22:10:00,TURB_OUTPUT_01,898.8168
2024-01-15T22:10:00,TURB_BEAR_01,70.052
2024-01-15T22:11:00,TURB_SPEED_01,3004.7329
2024-01-15T22:11:00,TURB_VIB_01,1.5187
2024-01-15T22:11:00,TURB_OUTPUT_01,898.1138
2024-01-15T22:12:00,TURB_SPEED_01,3004.9454
2024-01-15T22:12:00,TURB_VIB_01,1.48
2024-01-15T22:12:00,TURB_OUTPUT_01,895.3722
2024-01-15T22:12:00,TURB_BEAR_01,69.7799
2024-01-15T22:13:00,TURB_SPEED_01,3005.0831
2024-01-15T22:13:00,TURB_VIB_01,1.4883
2024-01-15T22:13:00,TURB_OUTPUT_01,899.3596
2024-01-15T22:14:00,TURB_SPEED_01,3005.0307
2024-01-15T22:14:00,TURB_VIB_01,1.4794
2024-01-15T22:14:00,TURB_OUTPUT_01,896.5312
2024-01-15T22:14:00,TURB_BEAR_01,69.1971
2024-01-15T22:15:00,TURB_SPEED_01,3005.1161
2024-01-15T22:15:00,TURB_VIB_01,1.4898
2024-01-15T22:15:00,TURB_OUTPUT_01,902.9598
2024-01-15T22:16:00,TURB_SPEED_01,3005.0784
2024-01-15T22:16:00,TURB_VIB_01,1.4993
2024-01-15T22:16:00,TURB_OUTPUT_01,895.2695
2024-01-15T22:16:00,TURB_BEAR_01,69.983
2024-01-15T22:17:00,TURB_SPEED_01,3004.6278
2024-01-15T22:17:00,TURB_VIB_01,1.5127
2024-01-15T22:17:00,TURB_OUTPUT_01,894.7594
2024-01-15T22:18:00,TURB_SPEED_01,3005.0147
2024-01-15T22:18:00,TURB_VIB_01,1.455
2024-01-15T22:18:00,TURB_OUTPUT_01,893.7253
2024-01-15T22:18:00,TURB_BEAR_01,69.6973
2024-01-15T22:19:00,TURB_SPEED_01,3004.8733
2024-01-15T22:19:00,TURB_VIB_01,1.4619
2024-01-15T22:19:00,TURB_OUTPUT_01,899.5055
2024-01-15T22:20:00,TURB_SPEED_01,3005.4493
2024-01-15T22:20:00,TURB_VIB_01,1.5478
2024-01-15T22:20:00,TURB_OUTPUT_01,905.468
2024-01-15T22:20:00,TURB_BEAR_01,70.1024
2024-01-15T22:21:00,TURB_SPEED_01,3005.2322
2024-01-15T22:21:00,TURB_VIB_01,1.5678
2024-01-15T22:21:00,TURB_OUTPUT_01,902.835
2024-01-15T22:22:00,TURB_SPEED_01,3004.905
2024-01-15T22:22:00,TURB_VIB_01,1.5011
2024-01-15T22:22:00,TURB_OUTPUT_01,896.0066
2024-01-15T22:22:00,TURB_BEAR_01,69.3554
2024-01-15T22:23:00,TURB_SPEED_01,3004.7268
2024-01-15T22:23:00,TURB_VIB_01,1.5223
2024-01-15T22:23:00,TURB_OUTPUT_01,898.9934
2024-01-15T22:24:00,TURB_SPEED_01,3005.1144
2024-01-15T22:24:00,TURB_VIB_01,1.5689
2024-01-15T22:24:00,TURB_OUTPUT_01,907.8723
2024-01-15T22:24:00,TURB_BEAR_01,70.7728
2024-01-15T22:25:00,TURB_SPEED_01,3005.1137
2024-01-15T22:25:00,TURB_VIB_01,1.5079
2024-01-15T22:25:00,TURB_OUTPUT_01,895.0976
2024-01-15T22:26:00,TURB_SPEED_01,3005.0205
2024-01-15T22:26:00,TURB_VIB_01,1.4442
2024-01-15T22:26:00,TURB_OUTPUT_01,895.1404
2024-01-15T22:26:00,TURB_BEAR_01,69.2853
2024-01-15T22:27:00,TURB_SPEED_01,3004.6316
2024-01-15T22:27:00,TURB_VIB_01,1.5245
2024-01-15T22:27:00,TURB_OUTPUT_01,894.3704
2024-01-15T22:28:00,TURB_SPEED_01,3005.5787
2024-01-15T22:28:00,TURB_VIB_01,1.5617
2024-01-15T22:28:00,TURB_OUTPUT_01,913.4189
2024-01-15T22:28:00,TURB_BEAR_01,70.7867
2024-01-15T22:29:00,TURB_SPEED_01,3005.0623
2024-01-15T22:29:00,TURB_VIB_01,1.5223
2024-01-15T22:29:00,TURB_OUTPUT_01,899.1767
2024-01-15T22:30:00,TURB_SPEED_01,3005.0321
2024-01-15T22:30:00,TURB_VIB_01,1.5682
2024-01-15T22:30:00,TURB_OUTPUT_01,901.6081
2024-01-15T22:30:00,TURB_BEAR_01,69.8284
2024-01-15T22:31:00,TURB_SPEED_01,3005.3333
2024-01-15T22:31:00,TURB_VIB_01,1.5541
2024-01-15T22:31:00,TURB_OUTPUT_01,905.7515
2024-01-15T22:32:00,TURB_SPEED_01,3004.9661
2024-01-15T22:32:00,TURB_VIB_01,1.5193
2024-01-15T22:32:00,TURB_OUTPUT_01,903.1789
2024-01-15T22:32:00,TURB_BEAR_01,69.9928
2024-01-15T22:33:00,TURB_SPEED_01,3005.1617
2024-01-15T22:33:00,TURB_VIB_01,1.4617
2024-01-15T22:33:00,TURB_OUTPUT_01,902.1756
2024-01-15T22:34:00,TURB_SPEED_01,3005.4301
2024-01-15T22:34:00,TURB_VIB_01,1.5312
2024-01-15T22:34:00,TURB_OUTPUT_01,900.3085
2024-01-15T22:34:00,TURB_BEAR_01,70.3493
2024-01-15T22:35:00,TURB_SPEED_01,3005.0682
2024-01-15T22:35:00,TURB_VIB_01,1.4964
2024-01-15T22:35:00,TURB_OUTPUT_01,898.5587
2024-01-15T22:36:00,TURB_SPEED_01,3005.1559
2024-01-15T22:36:00,TURB_VIB_01,1.4855
2024-01-15T22:36:00,TURB_OUTPUT_01,900.1222
2024-01-15T22:36:00,TURB_BEAR_01,70.6184
2024-01-15T22:37:00,TURB_SPEED_01,3004.8162
2024-01-15T22:37:00,TURB_VIB_01,1.5286
2024-01-15T22:37:00,TURB_OUTPUT_01,897.5791
2024-01-15T22:38:00,TURB_SPEED_01,3005.3411
2024-01-15T22:38:00,TURB_VIB_01,1.5455
2024-01-15T22:38:00,TURB_OUTPUT_01,906.8973
2024-01-15T22:38:00,TURB_BEAR_01,70.6641
2024-01-15T22:39:00,TURB_SPEED_01,3004.7579
2024-01-15T22:39:00,TURB_VIB_01,1.5191
2024-01-15T22:39:00,TURB_OUTPUT_01,895.3398
2024-01-15T22:40:00,TURB_SPEED_01,3004.7548
2024-01-15T22:40:00,TURB_VIB_01,1.4318
2024-01-15T22:40:00,TURB_OUTPUT_01,896.842
2024-01-15T22:40:00,TURB_BEAR_01,69.2653
2024-01-15T22:41:00,TURB_SPEED_01,3004.8207
2024-01-15T22:41:00,TURB_VIB_01,1.4825
2024-01-15T22:41:00,TURB_OUTPUT_01,903.9225
2024-01-15T22:42:00,TURB_SPEED_01,3004.8466
2024-01-15T22:42:00,TURB_VIB_01,1.5322
2024-01-15T22:42:00,TURB_OUTPUT_01,900.9276
2024-01-15T22:42:00,TURB_BEAR_01,69.8747
2024-01-15T22:43:00,TURB_SPEED_01,3004.8421
2024-01-15T22:43:00,TURB_VIB_01,1.5442
2024-01-15T22:43:00,TURB_OUTPUT_01,897.6569
2024-01-15T22:44:00,TURB_SPEED_01,3004.9515
2024-01-15T22:44:00,TURB_VIB_01,1.5248
2024-01-15T22:44:00,TURB_OUTPUT_01,894.1071
2024-01-15T22:44:00,TURB_BEAR_01,70.0224
2024-01-15T22:45:00,TURB_SPEED_01,3004.9955
2024-01-15T22:45:00,TURB_VIB_01,1.4734
2024-01-15T22:45:00,TURB_OUTPUT_01,898.947
2024-01-15T22:46:00,TURB_SPEED_01,3005.3078
2024-01-15T22:46:00,TURB_VIB_01,1.571
2024-01-15T22:46:00,TURB_OUTPUT_01,900.2316
2024-01-15T22:46:00,TURB_BEAR_01,70.4887
2024-01-15T22:47:00,TURB_SPEED_01,3005.1749
2024-01-15T22:47:00,TURB_VIB_01,1.556
2024-01-15T22:47:00,TURB_OUTPUT_01,904.754
2024-01-15T22:48:00,TURB_SPEED_01,3005.2274
2024-01-15T22:48:00,TURB_VIB_01,1.4342
2024-01-15T22:48:00,TURB_OUTPUT_01,897.346
2024-01-15T22:48:00,TURB_BEAR_01,70.3337
2024-01-15T22:49:00,TURB_SPEED_01,3005.2014
2024-01-15T22:49:00,TURB_VIB_01,1.5432
2024-01-15T22:49:00,TURB_OUTPUT_01,906.6848
2024-01-15T22:50:00,TURB_SPEED_01,3004.8648
2024-01-15T22:50:00,TURB_VIB_01,1.4783
2024-01-15T22:50:00,TURB_OUTPUT_01,904.0826
2024-01-15T22:50:00,TURB_BEAR_01,69.8389
2024-01-15T22:51:00,TURB_SPEED_01,3004.8886
2024-01-15T22:51:00,TURB_VIB_01,1.4739
2024-01-15T22:51:00,TURB_OUTPUT_01,895.1471
2024-01-15T22:52:00,TURB_SPEED_01,3004.8987
2024-01-15T22:52:00,TURB_VIB_01,1.444
2024-01-15T22:52:00,TURB_OUTPUT_01,899.7121
2024-01-15T22:52:00,TURB_BEAR_01,70.1243
2024-01-15T22:53:00,TURB_SPEED_01,3005.1824
2024-01-15T22:53:00,TURB_VIB_01,1.5444
2024-01-15T22:53:00,TURB_OUTPUT_01,898.7178
2024-01-15T22:54:00,TURB_SPEED_01,3004.6646
2024-01-15T22:54:00,TURB_VIB_01,1.4579
2024-01-15T22:54:00,TURB_OUTPUT_01,891.3645
2024-01-15T22:54:00,TURB_BEAR_01,69.8236
2024-01-15T22:55:00,TURB_SPEED_01,3004.8663
2024-01-15T22:55:00,TURB_VIB_01,1.4463
2024-01-15T22:55:00,TURB_OUTPUT_01,897.3897
2024-01-15T22:56:00,TURB_SPEED_01,3005.0745
2024-01-15T22:56:00,TURB_VIB_01,1.4931
2024-01-15T22:56:00,TURB_OUTPUT_01,899.1233
2024-01-15T22:56:00,TURB_BEAR_01,70.0424
2024-01-15T22:57:00,TURB_SPEED_01,3004.9877
2024-01-15T22:57:00,TURB_VIB_01,1.4964
2024-01-15T22:57:00,TURB_OUTPUT_01,900.8218
2024-01-15T22:58:00,TURB_SPEED_01,3005.3344
2024-01-15T22:58:00,TURB_VIB_01,1.5155
2024-01-15T22:58:00,TURB_OUTPUT_01,906.4418
2024-01-15T22:58:00,TURB_BEAR_01,70.4985
2024-01-15T22:59:00,TURB_SPEED_01,3005.0182
2024-01-15T22:59:00,TURB_VIB_01,1.5921
2024-01-15T22:59:00,TURB_OUTPUT_01,902.2744
2024-01-15T23:00:00,TURB_SPEED_01,3005.0955
2024-01-15T23:00:00,TURB_VIB_01,1.5021
2024-01-15T23:00:00,TURB_OUTPUT_01,898.5797
2024-01-15T23:00:00,TURB_BEAR_01,70.0676
2024-01-15T23:01:00,TURB_SPEED_01,3004.9526
2024-01-15T23:01:00,TURB_VIB_01,1.526
2024-01-15T23:01:00,TURB_OUTPUT_01,900.2643
2024-01-15T23:02:00,TURB_SPEED_01,3004.8964
2024-01-15T23:02:00,TURB_VIB_01,1.518
2024-01-15T23:02:00,TURB_OUTPUT_01,903.4141
2024-01-15T23:02:00,TURB_BEAR_01,70.2169
2024-01-15T23:03:00,TURB_SPEED_01,3005.0376
2024-01-15T23:03:00,TURB_VIB_01,1.4772
2024-01-15T23:03:00,TURB_OUTPUT_01,897.5262
2024-01-15T23:04:00,TURB_SPEED_01,3004.9987
2024-01-15T23:04:00,TURB_VIB_01,1.4826
2024-01-15T23:04:00,TURB_OUTPUT_01,900.5571
2024-01-15T23:04:00,TURB_BEAR_01,69.7306
2024-01-15T23:05:00,TURB_SPEED_01,3005.2085
2024-01-15T23:05:00,TURB_VIB_01,1.5556
2024-01-15T23:05:00,TURB_OUTPUT_01,904.8101
2024-01-15T23:06:00,TURB_SPEED_01,3005.0821
2024-01-15T23:06:00,TURB_VIB_01,1.5086
2024-01-15T23:06:00,TURB_OUTPUT_01,906.0858
2024-01-15T23:06:00,TURB_BEAR_01,70.4795
2024-01-15T23:07:00,TURB_SPEED_01,3004.9116
2024-01-15T23:07:00,TURB_VIB_01,1.5337
2024-01-15T23:07:00,TURB_OUTPUT_01,904.6864
2024-01-15T23:08:00,TURB_SPEED_01,3005.113
2024-01-15T23:08:00,TURB_VIB_01,1.4396
2024-01-15T23:08:00,TURB_OUTPUT_01,898.4868
2024-01-15T23:08:00,TURB_BEAR_01,70.0239
2024-01-15T23:09:00,TURB_SPEED_01,3005.0891
2024-01-15T23:09:00,TURB_VIB_01,1.515
2024-01-15T23:09:00,TURB_OUTPUT_01,904.8855
2024-01-15T23:10:00,TURB_SPEED_01,3005.0509
2024-01-15T23:10:00,TURB_VIB_01,1.4701
2024-01-15T23:10:00,TURB_OUTPUT_01,905.1878
2024-01-15T23:10:00,TURB_BEAR_01,70.4615
2024-01-15T23:11:00,TURB_SPEED_01,3004.6561
2024-01-15T23:11:00,TURB_VIB_01,1.3853
2024-01-15T23:11:00,TURB_OUTPUT_01,889.5219
2024-01-15T23:12:00,TURB_SPEED_01,3004.8218
2024-01-15T23:12:00,TURB_VIB_01,1.5176
2024-01-15T23:12:00,TURB_OUTPUT_01,906.8873
2024-01-15T23:12:00,TURB_BEAR_01,70.0783
2024-01-15T23:13:00,TURB_SPEED_01,3005.5899
2024-01-15T23:13:00,TURB_VIB_01,1.5356
2024-01-15T23:13:00,TURB_OUTPUT_01,909.9418
2024-01-15T23:14:00,TURB_SPEED_01,3004.8949
2024-01-15T23:14:00,TURB_VIB_01,1.4925
2024-01-15T23:14:00,TURB_OUTPUT_01,895.4738
2024-01-15T23:14:00,TURB_BEAR_01,70.2445
2024-01-15T23:15:00,TURB_SPEED_01,3004.9161
2024-01-15T23:15:00,TURB_VIB_01,1.5378
2024-01-15T23:15:00,TURB_OUTPUT_01,898.9225
2024-01-15T23:16:00,TURB_SPEED_01,3004.8863
2024-01-15T23:16:00,TURB_VIB_01,1.4598
2024-01-15T23:16:00,TURB_OUTPUT_01,893.9096
2024-01-15T23:16:00,TURB_BEAR_01,69.4349
2024-01-15T23:17:00,TURB_SPEED_01,3004.5497
2024-01-15T23:17:00,TURB_VIB_01,1.3977
2024-01-15T23:17:00,TURB_OUTPUT_01,891.5168
2024-01-15T23:18:00,TURB_SPEED_01,3005.0621
2024-01-15T23:18:00,TURB_VIB_01,1.494
2024-01-15T23:18:00,TURB_OUTPUT_01,900.8361
2024-01-15T23:18:00,TURB_BEAR_01,70.0236
2024-01-15T23:19:00,TURB_SPEED_01,3004.8692
2024-01-15T23:19:00,TURB_VIB_01,1.4666
2024-01-15T23:19:00,TURB_OUTPUT_01,899.424
2024-01-15T23:20:00,TURB_SPEED_01,3004.8069
2024-01-15T23:20:00,TURB_VIB_01,1.5381
2024-01-15T23:20:00,TURB_OUTPUT_01,902.9901
2024-01-15T23:20:00,TURB_BEAR_01,70.2154
2024-01-15T23:21:00,TURB_SPEED_01,3004.8763
2024-01-15T23:21:00,TURB_VIB_01,1.5435
2024-01-15T23:21:00,TURB_OUTPUT_01,896.2643
2024-01-15T23:22:00,TURB_SPEED_01,3004.949
2024-01-15T23:22:00,TURB_VIB_01,1.5493
2024-01-15T23:22:00,TURB_OUTPUT_01,909.5801
2024-01-15T23:22:00,TURB_BEAR_01,69.8531
2024-01-15T23:23:00,TURB_SPEED_01,3004.9837
2024-01-15T23:23:00,TURB_VIB_01,1.5393
2024-01-15T23:23:00,TURB_OUTPUT_01,903.6968
2024-01-15T23:24:00,TURB_SPEED_01,3004.9656
2024-01-15T23:24:00,TURB_VIB_01,1.4546
2024-01-15T23:24:00,TURB_OUTPUT_01,898.0296
2024-01-15T23:24:00,TURB_BEAR_01,69.9791
2024-01-15T23:25:00,TURB_SPEED_01,3005.3434
2024-01-15T23:25:00,TURB_VIB_01,1.5239
2024-01-15T23:25:00,TURB_OUTPUT_01,901.0
2024-01-15T23:26:00,TURB_SPEED_01,3005.2196
2024-01-15T23:26:00,TURB_VIB_01,1.519
2024-01-15T23:26:00,TURB_OUTPUT_01,905.8942
2024-01-15T23:26:00,TURB_BEAR_01,70.7143
2024-01-15T23:27:00,TURB_SPEED_01,3004.9705
2024-01-15T23:27:00,TURB_VIB_01,1.5491
2024-01-15T23:27:00,TURB_OUTPUT_01,903.7126
2024-01-15T23:28:00,TURB_SPEED_01,3004.7312
2024-01-15T23:28:00,TURB_VIB_01,1.4721
2024-01-15T23:28:00,TURB_OUTPUT_01,894.0424
2024-01-15T23:28:00,TURB_BEAR_01,69.1726
2024-01-15T23:29:00,TURB_SPEED_01,3005.1159
2024-01-15T23:29:00,TURB_VIB_01,1.4536
2024-01-15T23:29:00,TURB_OUTPUT_01,899.1997
2024-01-15T23:30:00,TURB_SPEED_01,3005.1946
2024-01-15T23:30:00,TURB_VIB_01,1.5654
2024-01-15T23:30:00,TURB_OUTPUT_01,907.1102
2024-01-15T23:30:00,TURB_BEAR_01,71.326
2024-01-15T23:31:00,TURB_SPEED_01,3004.6963
2024-01-15T23:31:00,TURB_VIB_01,1.5011
2024-01-15T23:31:00,TURB_OUTPUT_01,897.7771
2024-01-15T23:32:00,TURB_SPEED_01,3005.2347
2024-01-15T23:32:00,TURB_VIB_01,1.5126
2024-01-15T23:32:00,TURB_OUTPUT_01,903.4259
2024-01-15T23:32:00,TURB_BEAR_01,70.2667
2024-01-15T23:33:00,TURB_SPEED_01,3005.3879
2024-01-15T23:33:00,TURB_VIB_01,1.5082
2024-01-15T23:33:00,TURB_OUTPUT_01,905.8283
2024-01-15T23:34:00,TURB_SPEED_01,3005.3532
2024-01-15T23:34:00,TURB_VIB_01,1.5763
2024-01-15T23:34:00,TURB_OUTPUT_01,900.5819
2024-01-15T23:34:00,TURB_BEAR_01,70.8008
2024-01-15T23:35:00,TURB_SPEED_01,3004.7988
2024-01-15T23:35:00,TURB_VIB_01,1.5117
2024-01-15T23:35:00,TURB_OUTPUT_01,896.6335
2024-01-15T23:36:00,TURB_SPEED_01,3005.2674
2024-01-15T23:36:00,TURB_VIB_01,1.5579
2024-01-15T23:36:00,TURB_OUTPUT_01,897.2361
2024-01-15T23:36:00,TURB_BEAR_01,69.9751
2024-01-15T23:37:00,TURB_SPEED_01,3005.4221
2024-01-15T23:37:00,TURB_VIB_01,1.5719
2024-01-15T23:37:00,TURB_OUTPUT_01,905.907
2024-01-15T23:38:00,TURB_SPEED_01,3004.9173
2024-01-15T23:38:00,TURB_VIB_01,1.4506
2024-01-15T23:38:00,TURB_OUTPUT_01,899.0229
2024-01-15T23:38:00,TURB_BEAR_01,70.1477
2024-01-15T23:39:00,TURB_SPEED_01,3004.9489
2024-01-15T23:39:00,TURB_VIB_01,1.497
2024-01-15T23:39:00,TURB_OUTPUT_01,899.9607
2024-01-15T23:40:00,TURB_SPEED_01,3004.9557
2024-01-15T23:40:00,TURB_VIB_01,1.4621
2024-01-15T23:40:00,TURB_OUTPUT_01,892.7883
2024-01-15T23:40:00,TURB_BEAR_01,69.9657
2024-01-15T23:41:00,TURB_SPEED_01,3004.9978
2024-01-15T23:41:00,TURB_VIB_01,1.5018
2024-01-15T23:41:00,TURB_OUTPUT_01,899.9598
2024-01-15T23:42:00,TURB_SPEED_01,3005.1774
2024-01-15T23:42:00,TURB_VIB_01,1.4886
2024-01-15T23:42:00,TURB_OUTPUT_01,896.9514
2024-01-15T23:42:00,TURB_BEAR_01,70.4064
2024-01-15T23:43:00,TURB_SPEED_01,3005.1236
2024-01-15T23:43:00,TURB_VIB_01,1.5286
2024-01-15T23:43:00,TURB_OUTPUT_01,900.0424
2024-01-15T23:44:00,TURB_SPEED_01,3005.4408
2024-01-15T23:44:00,TURB_VIB_01,1.5096
2024-01-15T23:44:00,TURB_OUTPUT_01,907.1421
2024-01-15T23:44:00,TURB_BEAR_01,70.6444
2024-01-15T23:45:00,TURB_SPEED_01,3004.766
2024-01-15T23:45:00,TURB_VIB_01,1.5291
2024-01-15T23:45:00,TURB_OUTPUT_01,899.5529
2024-01-15T23:46:00,TURB_SPEED_01,3005.0929
2024-01-15T23:46:00,TURB_VIB_01,1.5273
2024-01-15T23:46:00,TURB_OUTPUT_01,898.5025
2024-01-15T23:46:00,TURB_BEAR_01,70.2523
2024-01-15T23:47:00,TURB_SPEED_01,3005.0161
2024-01-15T23:47:00,TURB_VIB_01,1.5057
2024-01-15T23:47:00,TURB_OUTPUT_01,906.6304
2024-01-15T23:48:00,TURB_SPEED_01,3004.7805
2024-01-15T23:48:00,TURB_VIB_01,1.4416
2024-01-15T23:48:00,TURB_OUTPUT_01,893.7803
2024-01-15T23:48:00,TURB_BEAR_01,70.2307
2024-01-15T23:49:00,TURB_SPEED_01,3004.9855
2024-01-15T23:49:00,TURB_VIB_01,1.4987
2024-01-15T23:49:00,TURB_OUTPUT_01,905.6532
2024-01-15T23:50:00,TURB_SPEED_01,3005.1249
2024-01-15T23:50:00,TURB_VIB_01,1.5167
2024-01-15T23:50:00,TURB_OUTPUT_01,900.2581
2024-01-15T23:50:00,TURB_BEAR_01,70.7451
2024-01-15T23:51:00,TURB_SPEED_01,3004.6619
2024-01-15T23:51:00,TURB_VIB_01,1.4571
2024-01-15T23:51:00,TURB_OUTPUT_01,896.419
2024-01-15T23:52:00,TURB_SPEED_01,3005.0784
2024-01-15T23:52:00,TURB_VIB_01,1.4873
2024-01-15T23:52:00,TURB_OUTPUT_01,899.2117
2024-01-15T23:52:00,TURB_BEAR_01,70.2773
2024-01-15T23:53:00,TURB_SPEED_01,3005.0986
2024-01-15T23:53:00,TURB_VIB_01,1.4637
2024-01-15T23:53:00,TURB_OUTPUT_01,905.2052
2024-01-15T23:54:00,TURB_SPEED_01,3004.8805
2024-01-15T23:54:00,TURB_VIB_01,1.4527
2024-01-15T23:54:00,TURB_OUTPUT_01,894.6872
2024-01-15T23:54:00,TURB_BEAR_01,69.9343
2024-01-15T23:55:00,TURB_SPEED_01,3005.1554
2024-01-15T23:55:00,TURB_VIB_01,1.5308
2024-01-15T23:55:00,TURB_OUTPUT_01,902.2187
2024-01-15T23:56:00,TURB_SPEED_01,3005.0389
2024-01-15T23:56:00,TURB_VIB_01,1.5004
2024-01-15T23:56:00,TURB_OUTPUT_01,899.1312
2024-01-15T23:56:00,TURB_BEAR_01,69.9701
2024-01-15T23:57:00,TURB_SPEED_01,3004.8929
2024-01-15T23:57:00,TURB_VIB_01,1.5059
2024-01-15T23:57:00,TURB_OUTPUT_01,902.1286
2024-01-15T23:58:00,TURB_SPEED_01,3005.051
2024-01-15T23:58:00,TURB_VIB_01,1.486
2024-01-15T23:58:00,TURB_OUTPUT_01,893.9903
2024-01-15T23:58:00,TURB_BEAR_01,70.0276
2024-01-15T23:59:00,TURB_SPEED_01,3004.9841
2024-01-15T23:59:00,TURB_VIB_01,1.4518
2024-01-15T23:59:00,TURB_OUTPUT_01,897.3078
2024-01-16T00:00:00,TURB_SPEED_01,3004.5387
2024-01-16T00:00:00,TURB_VIB_01,1.4898
2024-01-16T00:00:00,TURB_OUTPUT_01,899.3239
2024-01-16T00:00:00,TURB_BEAR_01,69.458
2024-01-16T00:01:00,TURB_SPEED_01,3005.1711
2024-01-16T00:01:00,TURB_VIB_01,1.4714
2024-01-16T00:01:00,TURB_OUTPUT_01,897.5422
2024-01-16T00:02:00,TURB_SPEED_01,3004.6618
2024-01-16T00:02:00,TURB_VIB_01,1.5003
2024-01-16T00:02:00,TURB_OUTPUT_01,897.9958
2024-01-16T00:02:00,TURB_BEAR_01,69.5655
2024-01-16T00:03:00,TURB_SPEED_01,3004.7219
2024-01-16T00:03:00,TURB_VIB_01,1.4952
2024-01-16T00:03:00,TURB_OUTPUT_01,895.2059
2024-01-16T00:04:00,TURB_SPEED_01,3005.3223
2024-01-16T00:04:00,TURB_VIB_01,1.4987
2024-01-16T00:04:00,TURB_OUTPUT_01,904.9042
2024-01-16T00:04:00,TURB_BEAR_01,70.8445
2024-01-16T00:05:00,TURB_SPEED_01,3005.1105
2024-01-16T00:05:00,TURB_VIB_01,1.6055
2024-01-16T00:05:00,TURB_OUTPUT_01,900.6098
2024-01-16T00:06:00,TURB_SPEED_01,3005.1706
2024-01-16T00:06:00,TURB_VIB_01,1.5067
2024-01-16T00:06:00,TURB_OUTPUT_01,901.7291
2024-01-16T00:06:00,TURB_BEAR_01,70.6242
2024-01-16T00:07:00,TURB_SPEED_01,3005.2394
2024-01-16T00:07:00,TURB_VIB_01,1.5045
2024-01-16T00:07:00,TURB_OUTPUT_01,903.5536
2024-01-16T00:08:00,TURB_SPEED_01,3004.9492
2024-01-16T00:08:00,TURB_VIB_01,1.4641
2024-01-16T00:08:00,TURB_OUTPUT_01,900.3784
2024-01-16T00:08:00,TURB_BEAR_01,70.2099
2024-01-16T00:09:00,TURB_SPEED_01,3004.8956
2024-01-16T00:09:00,TURB_VIB_01,1.4528
2024-01-16T00:09:00,TURB_OUTPUT_01,897.5362
2024-01-16T00:10:00,TURB_SPEED_01,3004.8172
2024-01-16T00:10:00,TURB_VIB_01,1.436
2024-01-16T00:10:00,TURB_OUTPUT_01,894.68
2024-01-16T00:10:00,TURB_BEAR_01,70.3162
2024-01-16T00:11:00,TURB_SPEED_01,3004.8462
2024-01-16T00:11:00,TURB_VIB_01,1.5132
2024-01-16T00:11:00,TURB_OUTPUT_01,898.0863
2024-01-16T00:12:00,TURB_SPEED_01,3004.8983
2024-01-16T00:12:00,TURB_VIB_01,1.5366
2024-01-16T00:12:00,TURB_OUTPUT_01,900.2269
2024-01-16T00:12:00,TURB_BEAR_01,70.5054
2024-01-16T00:13:00,TURB_SPEED_01,3004.6877
2024-01-16T00:13:00,TURB_VIB_01,1.4919
2024-01-16T00:13:00,TURB_OUTPUT_01,898.39
2024-01-16T00:14:00,TURB_SPEED_01,3005.1357
2024-01-16T00:14:00,TURB_VIB_01,1.5087
2024-01-16T00:14:00,TURB_OUTPUT_01,902.2704
2024-01-16T00:14:00,TURB_BEAR_01,70.0245
2024-01-16T00:15:00,TURB_SPEED_01,3004.9732
2024-01-16T00:15:00,TURB_VIB_01,1.451
2024-01-16T00:15:00,TURB_OUTPUT_01,891.3116
2024-01-16T00:16:00,TURB_SPEED_01,3005.2333
2024-01-16T00:16:00,TURB_VIB_01,1.5244
2024-01-16T00:16:00,TURB_OUTPUT_01,902.635
2024-01-16T00:16:00,TURB_BEAR_01,70.3809
2024-01-16T00:17:00,TURB_SPEED_01,3005.1251
2024-01-16T00:17:00,TURB_VIB_01,1.4691
2024-01-16T00:17:00,TURB_OUTPUT_01,896.2404
2024-01-16T00:18:00,TURB_SPEED_01,3005.0594
2024-01-16T00:18:00,TURB_VIB_01,1.5407
2024-01-16T00:18:00,TURB_OUTPUT_01,904.3254
2024-01-16T00:18:00,TURB_BEAR_01,70.7147
2024-01-16T00:19:00,TURB_SPEED_01,3005.2732
2024-01-16T00:19:00,TURB_VIB_01,1.5415
2024-01-16T00:19:00,TURB_OUTPUT_01,906.5432
2024-01-16T00:20:00,TURB_SPEED_01,3004.9239
2024-01-16T00:20:00,TURB_VIB_01,1.5043
2024-01-16T00:20:00,TURB_OUTPUT_01,906.9359
2024-01-16T00:20:00,TURB_BEAR_01,70.2178
2024-01-16T00:21:00,TURB_SPEED_01,3004.9241
2024-01-16T00:21:00,TURB_VIB_01,1.5423
2024-01-16T00:21:00,TURB_OUTPUT_01,897.4234
2024-01-16T00:22:00,TURB_SPEED_01,3005.2382
2024-01-16T00:22:00,TURB_VIB_01,1.53
2024-01-16T00:22:00,TURB_OUTPUT_01,896.0948
2024-01-16T00:22:00,TURB_BEAR_01,70.556
2024-01-16T00:23:00,TURB_SPEED_01,3005.0515
2024-01-16T00:23:00,TURB_VIB_01,1.5658
2024-01-16T00:23:00,TURB_OUTPUT_01,896.3444
2024-01-16T00:24:00,TURB_SPEED_01,3005.2767
2024-01-16T00:24:00,TURB_VIB_01,1.5605
2024-01-16T00:24:00,TURB_OUTPUT_01,889.2471
2024-01-16T00:24:00,TURB_BEAR_01,70.8083
2024-01-16T00:25:00,TURB_SPEED_01,3005.4705
2024-01-16T00:25:00,TURB_VIB_01,1.5354
2024-01-16T00:25:00,TURB_OUTPUT_01,889.5457
2024-01-16T00:26:00,TURB_SPEED_01,3005.822
2024-01-16T00:26:00,TURB_VIB_01,1.565
2024-01-16T00:26:00,TURB_OUTPUT_01,890.9811
2024-01-16T00:26:00,TURB_BEAR_01,70.5291
2024-01-16T00:27:00,TURB_SPEED_01,3006.0304
2024-01-16T00:27:00,TURB_VIB_01,1.5972
2024-01-16T00:27:00,TURB_OUTPUT_01,881.9131
2024-01-16T00:28:00,TURB_SPEED_01,3006.1019
2024-01-16T00:28:00,TURB_VIB_01,1.6491
2024-01-16T00:28:00,TURB_OUTPUT_01,890.8592
2024-01-16T00:28:00,TURB_BEAR_01,71.5284
2024-01-16T00:29:00,TURB_SPEED_01,3006.0538
2024-01-16T00:29:00,TURB_VIB_01,1.6706
2024-01-16T00:29:00,TURB_OUTPUT_01,880.0668
2024-01-16T00:30:00,TURB_SPEED_01,3006.3538
2024-01-16T00:30:00,TURB_VIB_01,1.6942
2024-01-16T00:30:00,TURB_OUTPUT_01,890.5747
2024-01-16T00:30:00,TURB_BEAR_01,71.996
2024-01-16T00:31:00,TURB_SPEED_01,3006.3977
2024-01-16T00:31:00,TURB_VIB_01,1.7235
2024-01-16T00:31:00,TURB_OUTPUT_01,873.6168
2024-01-16T00:32:00,TURB_SPEED_01,3006.5489
2024-01-16T00:32:00,TURB_VIB_01,1.8264
2024-01-16T00:32:00,TURB_OUTPUT_01,877.3839
2024-01-16T00:32:00,TURB_BEAR_01,72.4023
2024-01-16T00:33:00,TURB_SPEED_01,3006.6865
2024-01-16T00:33:00,TURB_VIB_01,1.8093
2024-01-16T00:33:00,TURB_OUTPUT_01,876.6409
2024-01-16T00:34:00,TURB_SPEED_01,3006.8405
2024-01-16T00:34:00,TURB_VIB_01,1.8394
2024-01-16T00:34:00,TURB_OUTPUT_01,870.6242
2024-01-16T00:34:00,TURB_BEAR_01,73.4321
2024-01-16T00:35:00,TURB_SPEED_01,3006.6948
2024-01-16T00:35:00,TURB_VIB_01,1.8875
2024-01-16T00:35:00,TURB_OUTPUT_01,875.8309
2024-01-16T00:36:00,TURB_SPEED_01,3006.8766
2024-01-16T00:36:00,TURB_VIB_01,1.8491
2024-01-16T00:36:00,TURB_OUTPUT_01,863.0479
2024-01-16T00:36:00,TURB_BEAR_01,73.7552
2024-01-16T00:37:00,TURB_SPEED_01,3006.8713
2024-01-16T00:37:00,TURB_VIB_01,1.8406
2024-01-16T00:37:00,TURB_OUTPUT_01,862.6319
2024-01-16T00:38:00,TURB_SPEED_01,3007.0582
2024-01-16T00:38:00,TURB_VIB_01,1.869
2024-01-16T00:38:00,TURB_OUTPUT_01,861.9935
2024-01-16T00:38:00,TURB_BEAR_01,73.8565
2024-01-16T00:39:00,TURB_SPEED_01,3007.7015
2024-01-16T00:39:00,TURB_VIB_01,1.994
2024-01-16T00:39:00,TURB_OUTPUT_01,862.0624
2024-01-16T00:40:00,TURB_SPEED_01,3007.6702
2024-01-16T00:40:00,TURB_VIB_01,1.971
2024-01-16T00:40:00,TURB_OUTPUT_01,857.0579
2024-01-16T00:40:00,TURB_BEAR_01,74.9696
2024-01-16T00:41:00,TURB_SPEED_01,3007.4892
2024-01-16T00:41:00,TURB_VIB_01,1.9665
2024-01-16T00:41:00,TURB_OUTPUT_01,853.6281
2024-01-16T00:42:00,TURB_SPEED_01,3007.6388
2024-01-16T00:42:00,TURB_VIB_01,2.023
2024-01-16T00:42:00,TURB_OUTPUT_01,852.5608
2024-01-16T00:42:00,TURB_BEAR_01,75.1383
2024-01-16T00:43:00,TURB_SPEED_01,3007.7769
2024-01-16T00:43:00,TURB_VIB_01,2.0512
2024-01-16T00:43:00,TURB_OUTPUT_01,850.5902
2024-01-16T00:44:00,TURB_SPEED_01,3007.8771
2024-01-16T00:44:00,TURB_VIB_01,2.024
2024-01-16T00:44:00,TURB_OUTPUT_01,843.9647
2024-01-16T00:44:00,TURB_BEAR_01,74.8807
2024-01-16T00:45:00,TURB_SPEED_01,3007.8911
2024-01-16T00:45:00,TURB_VIB_01,2.1436
2024-01-16T00:45:00,TURB_OUTPUT_01,846.5072
2024-01-16T00:46:00,TURB_SPEED_01,3008.6969
2024-01-16T00:46:00,TURB_VIB_01,2.2132
2024-01-16T00:46:00,TURB_OUTPUT_01,849.7095
2024-01-16T00:46:00,TURB_BEAR_01,76.854
2024-01-16T00:47:00,TURB_SPEED_01,3008.3262
2024-01-16T00:47:00,TURB_VIB_01,2.1417
2024-01-16T00:47:00,TURB_OUTPUT_01,841.61
2024-01-16T00:48:00,TURB_SPEED_01,3008.3962
2024-01-16T00:48:00,TURB_VIB_01,2.1379
2024-01-16T00:48:00,TURB_OUTPUT_01,834.1741
2024-01-16T00:48:00,TURB_BEAR_01,76.3843
2024-01-16T00:49:00,TURB_SPEED_01,3008.7513
2024-01-16T00:49:00,TURB_VIB_01,2.1991
2024-01-16T00:49:00,TURB_OUTPUT_01,844.0752
2024-01-16T00:50:00,TURB_SPEED_01,3008.4182
2024-01-16T00:50:00,TURB_VIB_01,2.179
2024-01-16T00:50:00,TURB_OUTPUT_01,826.9237
2024-01-16T00:50:00,TURB_BEAR_01,76.7079
2024-01-16T00:51:00,TURB_SPEED_01,3008.4704
2024-01-16T00:51:00,TURB_VIB_01,2.208
2024-01-16T00:51:00,TURB_OUTPUT_01,830.1255
2024-01-16T00:52:00,TURB_SPEED_01,3008.3072
2024-01-16T00:52:00,TURB_VIB_01,2.1632
2024-01-16T00:52:00,TURB_OUTPUT_01,820.3844
2024-01-16T00:52:00,TURB_BEAR_01,76.5897
2024-01-16T00:53:00,TURB_SPEED_01,3009.0508
2024-01-16T00:53:00,TURB_VIB_01,2.2702
2024-01-16T00:53:00,TURB_OUTPUT_01,831.5102
2024-01-16T00:54:00,TURB_SPEED_01,3009.1839
2024-01-16T00:54:00,TURB_VIB_01,2.3089
2024-01-16T00:54:00,TURB_OUTPUT_01,824.5679
2024-01-16T00:54:00,TURB_BEAR_01,77.7379
2024-01-16T00:55:00,TURB_SPEED_01,3009.1666
2024-01-16T00:55:00,TURB_VIB_01,2.3347
2024-01-16T00:55:00,TURB_OUTPUT_01,821.2908
2024-01-16T00:56:00,TURB_SPEED_01,3009.3586
2024-01-16T00:56:00,TURB_VIB_01,2.2779
2024-01-16T00:56:00,TURB_OUTPUT_01,814.6144
2024-01-16T00:56:00,TURB_BEAR_01,77.4926
2024-01-16T00:57:00,TURB_SPEED_01,3009.3264
2024-01-16T00:57:00,TURB_VIB_01,2.3621
2024-01-16T00:57:00,TURB_OUTPUT_01,814.6031
2024-01-16T00:58:00,TURB_SPEED_01,3009.8205
2024-01-16T00:58:00,TURB_VIB_01,2.4245
2024-01-16T00:58:00,TURB_OUTPUT_01,816.9005
2024-01-16T00:58:00,TURB_BEAR_01,78.9842
2024-01-16T00:59:00,TURB_SPEED_01,3009.7943
2024-01-16T00:59:00,TURB_VIB_01,2.3929
2024-01-16T00:59:00,TURB_OUTPUT_01,817.2224
2024-01-16T01:00:00,TURB_SPEED_01,3009.8679
2024-01-16T01:00:00,TURB_VIB_01,2.4741
2024-01-16T01:00:00,TURB_OUTPUT_01,813.2723
2024-01-16T01:00:00,TURB_BEAR_01,79.7001
2024-01-16T01:01:00,TURB_SPEED_01,3010.1008
2024-01-16T01:01:00,TURB_VIB_01,2.4385
2024-01-16T01:01:00,TURB_OUTPUT_01,809.3876
2024-01-16T01:02:00,TURB_SPEED_01,3009.9796
2024-01-16T01:02:00,TURB_VIB_01,2.5142
2024-01-16T01:02:00,TURB_OUTPUT_01,804.5339
2024-01-16T01:02:00,TURB_BEAR_01,80.0465
2024-01-16T01:03:00,TURB_SPEED_01,3010.6525
2024-01-16T01:03:00,TURB_VIB_01,2.6137
2024-01-16T01:03:00,TURB_OUTPUT_01,807.8351
2024-01-16T01:04:00,TURB_SPEED_01,3010.0764
2024-01-16T01:04:00,TURB_VIB_01,2.5004
2024-01-16T01:04:00,TURB_OUTPUT_01,794.944
2024-01-16T01:04:00,TURB_BEAR_01,80.2351
2024-01-16T01:05:00,TURB_SPEED_01,3010.1857
2024-01-16T01:05:00,TURB_VIB_01,2.4797
2024-01-16T01:05:00,TURB_OUTPUT_01,788.6075
2024-01-16T01:06:00,TURB_SPEED_01,3010.7418
2024-01-16T01:06:00,TURB_VIB_01,2.5719
2024-01-16T01:06:00,TURB_OUTPUT_01,793.4525
2024-01-16T01:06:00,TURB_BEAR_01,81.2242
2024-01-16T01:07:00,TURB_SPEED_01,3010.7978
2024-01-16T01:07:00,TURB_VIB_01,2.5941
2024-01-16T01:07:00,TURB_OUTPUT_01,791.1037
2024-01-16T01:08:00,TURB_SPEED_01,3010.6177
2024-01-16T01:08:00,TURB_VIB_01,2.6117
2024-01-16T01:08:00,TURB_OUTPUT_01,792.5801
2024-01-16T01:08:00,TURB_BEAR_01,80.9487
2024-01-16T01:09:00,TURB_SPEED_01,3010.8847
2024-01-16T01:09:00,TURB_VIB_01,2.6242
2024-01-16T01:09:00,TURB_OUTPUT_01,791.7068
2024-01-16T01:10:00,TURB_SPEED_01,3010.8096
2024-01-16T01:10:00,TURB_VIB_01,2.7161
2024-01-16T01:10:00,TURB_OUTPUT_01,786.6154
2024-01-16T01:10:00,TURB_BEAR_01,81.8133
2024-01-16T01:11:00,TURB_SPEED_01,3011.3658
2024-01-16T01:11:00,TURB_VIB_01,2.7268
2024-01-16T01:11:00,TURB_OUTPUT_01,779.572
2024-01-16T01:12:00,TURB_SPEED_01,3010.8453
2024-01-16T01:12:00,TURB_VIB_01,2.7174
2024-01-16T01:12:00,TURB_OUTPUT_01,777.3205
2024-01-16T01:12:00,TURB_BEAR_01,82.2608
2024-01-16T01:13:00,TURB_SPEED_01,3011.3134
2024-01-16T01:13:00,TURB_VIB_01,2.7439
2024-01-16T01:13:00,TURB_OUTPUT_01,774.2557
2024-01-16T01:14:00,TURB_SPEED_01,3011.1531
2024-01-16T01:14:00,TURB_VIB_01,2.8011
2024-01-16T01:14:00,TURB_OUTPUT_01,778.4838
2024-01-16T01:14:00,TURB_BEAR_01,82.9828
2024-01-16T01:15:00,TURB_SPEED_01,3011.5175
2024-01-16T01:15:00,TURB_VIB_01,2.7884
2024-01-16T01:15:00,TURB_OUTPUT_01,767.3225
2024-01-16T01:16:00,TURB_SPEED_01,3011.8471
2024-01-16T01:16:00,TURB_VIB_01,2.8703
2024-01-16T01:16:00,TURB_OUTPUT_01,769.5303
2024-01-16T01:16:00,TURB_BEAR_01,83.6538
2024-01-16T01:17:00,TURB_SPEED_01,3011.723
2024-01-16T01:17:00,TURB_VIB_01,2.7292
2024-01-16T01:17:00,TURB_OUTPUT_01,762.4629
2024-01-16T01:18:00,TURB_SPEED_01,3012.1536
2024-01-16T01:18:00,TURB_VIB_01,2.938
2024-01-16T01:18:00,TURB_OUTPUT_01,767.3465
2024-01-16T01:18:00,TURB_BEAR_01,83.6009
2024-01-16T01:19:00,TURB_SPEED_01,3012.2239
2024-01-16T01:19:00,TURB_VIB_01,2.8623
2024-01-16T01:19:00,TURB_OUTPUT_01,761.0674
2024-01-16T01:20:00,TURB_SPEED_01,3012.0964
2024-01-16T01:20:00,TURB_VIB_01,2.9265
2024-01-16T01:20:00,TURB_OUTPUT_01,761.14
2024-01-16T01:20:00,TURB_BEAR_01,84.0643
2024-01-16T01:21:00,TURB_SPEED_01,3012.4132
2024-01-16T01:21:00,TURB_VIB_01,2.9343
2024-01-16T01:21:00,TURB_OUTPUT_01,763.6792
2024-01-16T01:22:00,TURB_SPEED_01,3012.611
2024-01-16T01:22:00,TURB_VIB_01,3.0402
2024-01-16T01:22:00,TURB_OUTPUT_01,768.4003
2024-01-16T01:22:00,TURB_BEAR_01,85.1612
2024-01-16T01:23:00,TURB_SPEED_01,3012.6806
2024-01-16T01:23:00,TURB_VIB_01,3.012
2024-01-16T01:23:00,TURB_OUTPUT_01,753.4016
2024-01-16T01:24:00,TURB_SPEED_01,3013.0991
2024-01-16T01:24:00,TURB_VIB_01,3.1204
2024-01-16T01:24:00,TURB_OUTPUT_01,755.8418
2024-01-16T01:24:00,TURB_BEAR_01,85.1762
2024-01-16T01:25:00,TURB_SPEED_01,3013.0774
2024-01-16T01:25:00,TURB_VIB_01,3.0667
2024-01-16T01:25:00,TURB_OUTPUT_01,751.2839
2024-01-16T01:26:00,TURB_SPEED_01,3012.8551
2024-01-16T01:26:00,TURB_VIB_01,2.9848
2024-01-16T01:26:00,TURB_OUTPUT_01,742.1826
2024-01-16T01:26:00,TURB_BEAR_01,84.9286
2024-01-16T01:27:00,TURB_SPEED_01,3012.8881
2024-01-16T01:27:00,TURB_VIB_01,3.0558
2024-01-16T01:27:00,TURB_OUTPUT_01,743.8845
2024-01-16T01:28:00,TURB_SPEED_01,3013.018
2024-01-16T01:28:00,TURB_VIB_01,3.171
2024-01-16T01:28:00,TURB_OUTPUT_01,735.6991
2024-01-16T01:28:00,TURB_BEAR_01,86.5494
2024-01-16T01:29:00,TURB_SPEED_01,3012.9982
2024-01-16T01:29:00,TURB_VIB_01,3.0997
2024-01-16T01:29:00,TURB_OUTPUT_01,743.7231
2024-01-16T01:30:00,TURB_SPEED_01,3013.1382
2024-01-16T01:30:00,TURB_VIB_01,3.0939
2024-01-16T01:30:00,TURB_OUTPUT_01,742.8289
2024-01-16T01:30:00,TURB_BEAR_01,86.3854
2024-01-16T01:31:00,TURB_SPEED_01,3013.3769
2024-01-16T01:31:00,TURB_VIB_01,3.0857
2024-01-16T01:31:00,TURB_OUTPUT_01,745.5184
2024-01-16T01:32:00,TURB_SPEED_01,3013.1752
2024-01-16T01:32:00,TURB_VIB_01,3.183
2024-01-16T01:32:00,TURB_OUTPUT_01,743.2007
2024-01-16T01:32:00,TURB_BEAR_01,86.8416
2024-01-16T01:33:00,TURB_SPEED_01,3012.7387
2024-01-16T01:33:00,TURB_VIB_01,3.032
2024-01-16T01:33:00,TURB_OUTPUT_01,733.8332
2024-01-16T01:34:00,TURB_SPEED_01,3013.0391
2024-01-16T01:34:00,TURB_VIB_01,3.0928
2024-01-16T01:34:00,TURB_OUTPUT_01,742.8415
2024-01-16T01:34:00,TURB_BEAR_01,86.8792
2024-01-16T01:35:00,TURB_SPEED_01,3012.9695
2024-01-16T01:35:00,TURB_VIB_01,3.0555
2024-01-16T01:35:00,TURB_OUTPUT_01,742.2751
2024-01-16T01:36:00,TURB_SPEED_01,3013.0854
2024-01-16T01:36:00,TURB_VIB_01,3.106
2024-01-16T01:36:00,TURB_OUTPUT_01,739.6091
2024-01-16T01:36:00,TURB_BEAR_01,86.7889
2024-01-16T01:37:00,TURB_SPEED_01,3013.3033
2024-01-16T01:37:00,TURB_VIB_01,3.1634
2024-01-16T01:37:00,TURB_OUTPUT_01,746.8662
2024-01-16T01:38:00,TURB_SPEED_01,3013.1158
2024-01-16T01:38:00,TURB_VIB_01,3.1118
2024-01-16T01:38:00,TURB_OUTPUT_01,748.458
2024-01-16T01:38:00,TURB_BEAR_01,86.8139
2024-01-16T01:39:00,TURB_SPEED_01,3013.3027
2024-01-16T01:39:00,TURB_VIB_01,3.0643
2024-01-16T01:39:00,TURB_OUTPUT_01,748.7517
2024-01-16T01:40:00,TURB_SPEED_01,3012.8764
2024-01-16T01:40:00,TURB_VIB_01,3.1008
2024-01-16T01:40:00,TURB_OUTPUT_01,735.8312
2024-01-16T01:40:00,TURB_BEAR_01,86.405
2024-01-16T01:41:00,TURB_SPEED_01,3013.2144
2024-01-16T01:41:00,TURB_VIB_01,3.0812
2024-01-16T01:41:00,TURB_OUTPUT_01,735.1849
2024-01-16T01:42:00,TURB_SPEED_01,3012.8284
2024-01-16T01:42:00,TURB_VIB_01,3.1034
2024-01-16T01:42:00,TURB_OUTPUT_01,732.9188
2024-01-16T01:42:00,TURB_BEAR_01,86.2604
2024-01-16T01:43:00,TURB_SPEED_01,3013.0805
2024-01-16T01:43:00,TURB_VIB_01,3.1462
2024-01-16T01:43:00,TURB_OUTPUT_01,740.5329
2024-01-16T01:44:00,TURB_SPEED_01,3012.9157
2024-01-16T01:44:00,TURB_VIB_01,3.0637
2024-01-16T01:44:00,TURB_OUTPUT_01,735.6248
2024-01-16T01:44:00,TURB_BEAR_01,86.5284
2024-01-16T01:45:00,TURB_SPEED_01,3013.3729
2024-01-16T01:45:00,TURB_VIB_01,3.1502
2024-01-16T01:45:00,TURB_OUTPUT_01,741.674
2024-01-16T01:46:00,TURB_SPEED_01,3012.7867
2024-01-16T01:46:00,TURB_VIB_01,3.0644
2024-01-16T01:46:00,TURB_OUTPUT_01,734.8395
2024-01-16T01:46:00,TURB_BEAR_01,86.238
2024-01-16T01:47:00,TURB_SPEED_01,3013.1983
2024-01-16T01:47:00,TURB_VIB_01,3.1194
2024-01-16T01:47:00,TURB_OUTPUT_01,744.831
2024-01-16T01:48:00,TURB_SPEED_01,3013.0215
2024-01-16T01:48:00,TURB_VIB_01,3.1515
2024-01-16T01:48:00,TURB_OUTPUT_01,741.9342
2024-01-16T01:48:00,TURB_BEAR_01,86.8935
2024-01-16T01:49:00,TURB_SPEED_01,3013.2512
2024-01-16T01:49:00,TURB_VIB_01,3.1502
2024-01-16T01:49:00,TURB_OUTPUT_01,742.749
2024-01-16T01:50:00,TURB_SPEED_01,3012.9758
2024-01-16T01:50:00,TURB_VIB_01,3.0583
2024-01-16T01:50:00,TURB_OUTPUT_01,737.3609
2024-01-16T01:50:00,TURB_BEAR_01,86.5336
2024-01-16T01:51:00,TURB_SPEED_01,3013.148
2024-01-16T01:51:00,TURB_VIB_01,3.1415
2024-01-16T01:51:00,TURB_OUTPUT_01,742.081
2024-01-16T01:52:00,TURB_SPEED_01,3009.8107
2024-01-16T01:52:00,TURB_VIB_01,2.5051
2024-01-16T01:52:00,TURB_OUTPUT_01,800.276
2024-01-16T01:52:00,TURB_BEAR_01,80.0351
2024-01-16T01:53:00,TURB_SPEED_01,3010.0076
2024-01-16T01:53:00,TURB_VIB_01,2.4948
2024-01-16T01:53:00,TURB_OUTPUT_01,797.3364
2024-01-16T01:54:00,TURB_SPEED_01,3009.9558
2024-01-16T01:54:00,TURB_VIB_01,2.52
2024-01-16T01:54:00,TURB_OUTPUT_01,803.1457
2024-01-16T01:54:00,TURB_BEAR_01,80.7994
2024-01-16T01:55:00,TURB_SPEED_01,3009.9016
2024-01-16T01:55:00,TURB_VIB_01,2.5269
2024-01-16T01:55:00,TURB_OUTPUT_01,798.6214
2024-01-16T01:56:00,TURB_SPEED_01,3009.77
2024-01-16T01:56:00,TURB_VIB_01,2.4643
2024-01-16T01:56:00,TURB_OUTPUT_01,801.2193
2024-01-16T01:56:00,TURB_BEAR_01,80.5994
2024-01-16T01:57:00,TURB_SPEED_01,3009.9457
2024-01-16T01:57:00,TURB_VIB_01,2.4758
2024-01-16T01:57:00,TURB_OUTPUT_01,801.6537
2024-01-16T01:58:00,TURB_SPEED_01,3010.0481
2024-01-16T01:58:00,TURB_VIB_01,2.5007
2024-01-16T01:58:00,TURB_OUTPUT_01,807.8216
2024-01-16T01:58:00,TURB_BEAR_01,80.9652
2024-01-16T01:59:00,TURB_SPEED_01,3010.1514
2024-01-16T01:59:00,TURB_VIB_01,2.4701
2024-01-16T01:59:00,TURB_OUTPUT_01,801.0844
2024-01-16T02:00:00,TURB_SPEED_01,3010.0766
2024-01-16T02:00:00,TURB_VIB_01,2.4461
2024-01-16T02:00:00,TURB_OUTPUT_01,799.5712
2024-01-16T02:00:00,TURB_BEAR_01,81.0927
2024-01-16T02:01:00,TURB_SPEED_01,3009.7124
2024-01-16T02:01:00,TURB_VIB_01,2.51
2024-01-16T02:01:00,TURB_OUTPUT_01,798.7851
2024-01-16T02:02:00,TURB_SPEED_01,3009.8023
2024-01-16T02:02:00,TURB_VIB_01,2.4542
2024-01-16T02:02:00,TURB_OUTPUT_01,799.0151
2024-01-16T02:02:00,TURB_BEAR_01,79.9986
2024-01-16T02:03:00,TURB_SPEED_01,3013.1248
2024-01-16T02:03:00,TURB_VIB_01,3.0597
2024-01-16T02:03:00,TURB_OUTPUT_01,740.9146
2024-01-16T02:04:00,TURB_SPEED_01,3013.2948
2024-01-16T02:04:00,TURB_VIB_01,3.1429
2024-01-16T02:04:00,TURB_OUTPUT_01,748.3108
2024-01-16T02:04:00,TURB_BEAR_01,87.7979
2024-01-16T02:05:00,TURB_SPEED_01,3013.295
2024-01-16T02:05:00,TURB_VIB_01,3.134
2024-01-16T02:05:00,TURB_OUTPUT_01,737.7974
2024-01-16T02:06:00,TURB_SPEED_01,3013.2524
2024-01-16T02:06:00,TURB_VIB_01,3.0776
2024-01-16T02:06:00,TURB_OUTPUT_01,740.0529
2024-01-16T02:06:00,TURB_BEAR_01,86.7234
2024-01-16T02:07:00,TURB_SPEED_01,3013.3424
2024-01-16T02:07:00,TURB_VIB_01,3.1162
2024-01-16T02:07:00,TURB_OUTPUT_01,741.1746
2024-01-16T02:08:00,TURB_SPEED_01,3012.9561
2024-01-16T02:08:00,TURB_VIB_01,3.1032
2024-01-16T02:08:00,TURB_OUTPUT_01,738.1472
2024-01-16T02:08:00,TURB_BEAR_01,86.8766
2024-01-16T02:09:00,TURB_SPEED_01,3013.0475
2024-01-16T02:09:00,TURB_VIB_01,3.1201
2024-01-16T02:09:00,TURB_OUTPUT_01,741.6294
2024-01-16T02:10:00,TURB_SPEED_01,3012.7233
2024-01-16T02:10:00,TURB_VIB_01,3.0629
2024-01-16T02:10:00,TURB_OUTPUT_01,738.7453
2024-01-16T02:10:00,TURB_BEAR_01,86.2009
2024-01-16T02:11:00,TURB_SPEED_01,3012.7416
2024-01-16T02:11:00,TURB_VIB_01,3.0857
2024-01-16T02:11:00,TURB_OUTPUT_01,734.1183
2024-01-16T02:12:00,TURB_SPEED_01,3013.2954
2024-01-16T02:12:00,TURB_VIB_01,3.1166
2024-01-16T02:12:00,TURB_OUTPUT_01,739.5887
2024-01-16T02:12:00,TURB_BEAR_01,86.4443
2024-01-16T02:13:00,TURB_SPEED_01,3013.3951
2024-01-16T02:13:00,TURB_VIB_01,3.1443
2024-01-16T02:13:00,TURB_OUTPUT_01,746.8762
2024-01-16T02:14:00,TURB_SPEED_01,3012.8894
2024-01-16T02:14:00,TURB_VIB_01,3.105
2024-01-16T02:14:00,TURB_OUTPUT_01,741.0925
2024-01-16T02:14:00,TURB_BEAR_01,86.3156
2024-01-16T02:15:00,TURB_SPEED_01,3012.5899
2024-01-16T02:15:00,TURB_VIB_01,2.9908
2024-01-16T02:15:00,TURB_OUTPUT_01,730.038
2024-01-16T02:16:00,TURB_SPEED_01,3012.9761
2024-01-16T02:16:00,TURB_VIB_01,3.0191
2024-01-16T02:16:00,TURB_OUTPUT_01,744.1422
2024-01-16T02:16:00,TURB_BEAR_01,86.7812
2024-01-16T02:17:00,TURB_SPEED_01,3013.0556
2024-01-16T02:17:00,TURB_VIB_01,3.1388
2024-01-16T02:17:00,TURB_OUTPUT_01,742.6347
2024-01-16T02:18:00,TURB_SPEED_01,3012.6191
2024-01-16T02:18:00,TURB_VIB_01,3.0041
2024-01-16T02:18:00,TURB_OUTPUT_01,732.3841
2024-01-16T02:18:00,TURB_BEAR_01,86.1554
2024-01-16T02:19:00,TURB_SPEED_01,3012.8727
2024-01-16T02:19:00,TURB_VIB_01,3.1201
2024-01-16T02:19:00,TURB_OUTPUT_01,734.404
2024-01-16T02:20:00,TURB_SPEED_01,3012.6271
2024-01-16T02:20:00,TURB_VIB_01,3.0515
2024-01-16T02:20:00,TURB_OUTPUT_01,735.1119
2024-01-16T02:20:00,TURB_BEAR_01,86.1517
2024-01-16T02:21:00,TURB_SPEED_01,3012.8418
2024-01-16T02:21:00,TURB_VIB_01,3.0735
2024-01-16T02:21:00,TURB_OUTPUT_01,745.4961
2024-01-16T02:22:00,TURB_SPEED_01,3013.2695
2024-01-16T02:22:00,TURB_VIB_01,3.0725
2024-01-16T02:22:00,TURB_OUTPUT_01,738.4054
2024-01-16T02:22:00,TURB_BEAR_01,86.4221
2024-01-16T02:23:00,TURB_SPEED_01,3013.0238
2024-01-16T02:23:00,TURB_VIB_01,3.1546
2024-01-16T02:23:00,TURB_OUTPUT_01,741.0127
2024-01-16T02:24:00,TURB_SPEED_01,3013.1434
2024-01-16T02:24:00,TURB_VIB_01,3.1237
2024-01-16T02:24:00,TURB_OUTPUT_01,742.722
2024-01-16T02:24:00,TURB_BEAR_01,87.6398
2024-01-16T02:25:00,TURB_SPEED_01,3013.0155
2024-01-16T02:25:00,TURB_VIB_01,3.0911
2024-01-16T02:25:00,TURB_OUTPUT_01,740.4734
2024-01-16T02:26:00,TURB_SPEED_01,3013.0029
2024-01-16T02:26:00,TURB_VIB_01,3.0959
2024-01-16T02:26:00,TURB_OUTPUT_01,735.3053
2024-01-16T02:26:00,TURB_BEAR_01,86.4999
2024-01-16T02:27:00,TURB_SPEED_01,3013.1075
2024-01-16T02:27:00,TURB_VIB_01,3.0529
2024-01-16T02:27:00,TURB_OUTPUT_01,736.6005
2024-01-16T02:28:00,TURB_SPEED_01,3013.1332
2024-01-16T02:28:00,TURB_VIB_01,3.0651
2024-01-16T02:28:00,TURB_OUTPUT_01,748.3645
2024-01-16T02:28:00,TURB_BEAR_01,87.2782
2024-01-16T02:29:00,TURB_SPEED_01,3013.195
2024-01-16T02:29:00,TURB_VIB_01,3.1504
2024-01-16T02:29:00,TURB_OUTPUT_01,743.8961
2024-01-16T02:30:00,TURB_SPEED_01,3012.6266
2024-01-16T02:30:00,TURB_VIB_01,3.127
2024-01-16T02:30:00,TURB_OUTPUT_01,734.9642
2024-01-16T02:30:00,TURB_BEAR_01,86.2476
2024-01-16T02:31:00,TURB_SPEED_01,3012.7659
2024-01-16T02:31:00,TURB_VIB_01,3.0555
2024-01-16T02:31:00,TURB_OUTPUT_01,741.0873
2024-01-16T02:32:00,TURB_SPEED_01,3013.1042
2024-01-16T02:32:00,TURB_VIB_01,3.0966
2024-01-16T02:32:00,TURB_OUTPUT_01,734.4619
2024-01-16T02:32:00,TURB_BEAR_01,86.7852
2024-01-16T02:33:00,TURB_SPEED_01,3013.1693
2024-01-16T02:33:00,TURB_VIB_01,3.0848
2024-01-16T02:33:00,TURB_OUTPUT_01,739.9744
2024-01-16T02:34:00,TURB_SPEED_01,3012.7009
2024-01-16T02:34:00,TURB_VIB_01,3.0544
2024-01-16T02:34:00,TURB_OUTPUT_01,734.9857
2024-01-16T02:34:00,TURB_BEAR_01,86.4932
2024-01-16T02:35:00,TURB_SPEED_01,3013.1027
2024-01-16T02:35:00,TURB_VIB_01,3.1476
2024-01-16T02:35:00,TURB_OUTPUT_01,742.2935
2024-01-16T02:36:00,TURB_SPEED_01,3012.8794
2024-01-16T02:36:00,TURB_VIB_01,3.0715
2024-01-16T02:36:00,TURB_OUTPUT_01,733.1301
2024-01-16T02:36:00,TURB_BEAR_01,86.6856
2024-01-16T02:37:00,TURB_SPEED_01,3012.9988
2024-01-16T02:37:00,TURB_VIB_01,3.1103
2024-01-16T02:37:00,TURB_OUTPUT_01,745.3185
2024-01-16T02:38:00,TURB_SPEED_01,3013.1758
2024-01-16T02:38:00,TURB_VIB_01,3.1393
2024-01-16T02:38:00,TURB_OUTPUT_01,740.2678
2024-01-16T02:38:00,TURB_BEAR_01,86.8797
2024-01-16T02:39:00,TURB_SPEED_01,3012.9701
2024-01-16T02:39:00,TURB_VIB_01,3.0627
2024-01-16T02:39:00,TURB_OUTPUT_01,737.1263
2024-01-16T02:40:00,TURB_SPEED_01,3012.7622
2024-01-16T02:40:00,TURB_VIB_01,3.1047
2024-01-16T02:40:00,TURB_OUTPUT_01,741.4215
2024-01-16T02:40:00,TURB_BEAR_01,86.4522
2024-01-16T02:41:00,TURB_SPEED_01,3013.0226
2024-01-16T02:41:00,TURB_VIB_01,3.143
2024-01-16T02:41:00,TURB_OUTPUT_01,742.6211
2024-01-16T02:42:00,TURB_SPEED_01,3013.2697
2024-01-16T02:42:00,TURB_VIB_01,3.1515
2024-01-16T02:42:00,TURB_OUTPUT_01,742.7867
2024-01-16T02:42:00,TURB_BEAR_01,87.1944
2024-01-16T02:43:00,TURB_SPEED_01,3012.6716
2024-01-16T02:43:00,TURB_VIB_01,3.0044
2024-01-16T02:43:00,TURB_OUTPUT_01,732.1887
2024-01-16T02:44:00,TURB_SPEED_01,3013.2205
2024-01-16T02:44:00,TURB_VIB_01,3.0697
2024-01-16T02:44:00,TURB_OUTPUT_01,749.6105
2024-01-16T02:44:00,TURB_BEAR_01,87.3987
2024-01-16T02:45:00,TURB_SPEED_01,3012.6325
2024-01-16T02:45:00,TURB_VIB_01,3.115
2024-01-16T02:45:00,TURB_OUTPUT_01,741.7596
2024-01-16T02:46:00,TURB_SPEED_01,3012.7924
2024-01-16T02:46:00,TURB_VIB_01,3.0857
2024-01-16T02:46:00,TURB_OUTPUT_01,736.1452
2024-01-16T02:46:00,TURB_BEAR_01,86.6904
2024-01-16T02:47:00,TURB_SPEED_01,3012.9507
2024-01-16T02:47:00,TURB_VIB_01,3.1554
2024-01-16T02:47:00,TURB_OUTPUT_01,738.7454
2024-01-16T02:48:00,TURB_SPEED_01,3012.9929
2024-01-16T02:48:00,TURB_VIB_01,3.0398
2024-01-16T02:48:00,TURB_OUTPUT_01,744.0779
2024-01-16T02:48:00,TURB_BEAR_01,86.5851
2024-01-16T02:49:00,TURB_SPEED_01,3012.9984
2024-01-16T02:49:00,TURB_VIB_01,3.0636
2024-01-16T02:49:00,TURB_OUTPUT_01,743.7176
2024-01-16T02:50:00,TURB_SPEED_01,3013.1513
2024-01-16T02:50:00,TURB_VIB_01,3.1319
2024-01-16T02:50:00,TURB_OUTPUT_01,741.3648
2024-01-16T02:50:00,TURB_BEAR_01,86.7867
2024-01-16T02:51:00,TURB_SPEED_01,3013.0919
2024-01-16T02:51:00,TURB_VIB_01,3.1009
2024-01-16T02:51:00,TURB_OUTPUT_01,744.2315
2024-01-16T02:52:00,TURB_SPEED_01,3013.0682
2024-01-16T02:52:00,TURB_VIB_01,3.0968
2024-01-16T02:52:00,TURB_OUTPUT_01,741.2077
2024-01-16T02:52:00,TURB_BEAR_01,87.3951
2024-01-16T02:53:00,TURB_SPEED_01,3012.9569
2024-01-16T02:53:00,TURB_VIB_01,3.1178
2024-01-16T02:53:00,TURB_OUTPUT_01,742.8229
2024-01-16T02:54:00,TURB_SPEED_01,3013.2297
2024-01-16T02:54:00,TURB_VIB_01,3.1033
2024-01-16T02:54:00,TURB_OUTPUT_01,739.7977
2024-01-16T02:54:00,TURB_BEAR_01,86.2584
2024-01-16T02:55:00,TURB_SPEED_01,3013.0977
2024-01-16T02:55:00,TURB_VIB_01,3.1198
2024-01-16T02:55:00,TURB_OUTPUT_01,741.8185
2024-01-16T02:56:00,TURB_SPEED_01,3012.6948
2024-01-16T02:56:00,TURB_VIB_01,3.1124
2024-01-16T02:56:00,TURB_OUTPUT_01,736.9072
2024-01-16T02:56:00,TURB_BEAR_01,86.4671
2024-01-16T02:57:00,TURB_SPEED_01,3012.8927
2024-01-16T02:57:00,TURB_VIB_01,3.0489
2024-01-16T02:57:00,TURB_OUTPUT_01,738.5228
2024-01-16T02:58:00,TURB_SPEED_01,3013.3186
2024-01-16T02:58:00,TURB_VIB_01,3.1438
2024-01-16T02:58:00,TURB_OUTPUT_01,737.143
2024-01-16T02:58:00,TURB_BEAR_01,87.058
2024-01-16T02:59:00,TURB_SPEED_01,3013.1931
2024-01-16T02:59:00,TURB_VIB_01,3.0739
2024-01-16T02:59:00,TURB_OUTPUT_01,745.5243
2024-01-16T03:00:00,TURB_SPEED_01,3013.4559
2024-01-16T03:00:00,TURB_VIB_01,3.1266
2024-01-16T03:00:00,TURB_OUTPUT_01,743.6003
2024-01-16T03:00:00,TURB_BEAR_01,87.7374
2024-01-16T03:01:00,TURB_SPEED_01,3013.231
2024-01-16T03:01:00,TURB_VIB_01,3.1131
2024-01-16T03:01:00,TURB_OUTPUT_01,738.7702
2024-01-16T03:02:00,TURB_SPEED_01,3012.7927
2024-01-16T03:02:00,TURB_VIB_01,3.0667
2024-01-16T03:02:00,TURB_OUTPUT_01,735.2418
2024-01-16T03:02:00,TURB_BEAR_01,86.3637
2024-01-16T03:03:00,TURB_SPEED_01,3012.7698
2024-01-16T03:03:00,TURB_VIB_01,3.1132
2024-01-16T03:03:00,TURB_OUTPUT_01,736.5816
2024-01-16T03:04:00,TURB_SPEED_01,3012.8742
2024-01-16T03:04:00,TURB_VIB_01,3.0862
2024-01-16T03:04:00,TURB_OUTPUT_01,739.9268
2024-01-16T03:04:00,TURB_BEAR_01,87.1119
2024-01-16T03:05:00,TURB_SPEED_01,3012.8187
2024-01-16T03:05:00,TURB_VIB_01,3.0733
2024-01-16T03:05:00,TURB_OUTPUT_01,741.2345
2024-01-16T03:06:00,TURB_SPEED_01,3012.9521
2024-01-16T03:06:00,TURB_VIB_01,3.1075
2024-01-16T03:06:00,TURB_OUTPUT_01,745.3807
2024-01-16T03:06:00,TURB_BEAR_01,86.9874
2024-01-16T03:07:00,TURB_SPEED_01,3012.6085
2024-01-16T03:07:00,TURB_VIB_01,3.0832
2024-01-16T03:07:00,TURB_OUTPUT_01,733.9566
2024-01-16T03:08:00,TURB_SPEED_01,3013.0596
2024-01-16T03:08:00,TURB_VIB_01,3.0737
2024-01-16T03:08:00,TURB_OUTPUT_01,739.0169
2024-01-16T03:08:00,TURB_BEAR_01,86.5134
2024-01-16T03:09:00,TURB_SPEED_01,3013.136
2024-01-16T03:09:00,TURB_VIB_01,3.1835
2024-01-16T03:09:00,TURB_OUTPUT_01,742.9934
2024-01-16T03:10:00,TURB_SPEED_01,3013.0895
2024-01-16T03:10:00,TURB_VIB_01,3.0894
2024-01-16T03:10:00,TURB_OUTPUT_01,745.929
2024-01-16T03:10:00,TURB_BEAR_01,87.6741
2024-01-16T03:11:00,TURB_SPEED_01,3012.9138
2024-01-16T03:11:00,TURB_VIB_01,3.1245
2024-01-16T03:11:00,TURB_OUTPUT_01,739.4043
2024-01-16T03:12:00,TURB_SPEED_01,3012.7649
2024-01-16T03:12:00,TURB_VIB_01,3.0716
2024-01-16T03:12:00,TURB_OUTPUT_01,738.7692
2024-01-16T03:12:00,TURB_BEAR_01,86.882
2024-01-16T03:13:00,TURB_SPEED_01,3012.9231
2024-01-16T03:13:00,TURB_VIB_01,3.0553
2024-01-16T03:13:00,TURB_OUTPUT_01,739.4587
2024-01-16T03:14:00,TURB_SPEED_01,3012.7552
2024-01-16T03:14:00,TURB_VIB_01,3.1124
2024-01-16T03:14:00,TURB_OUTPUT_01,740.4217
2024-01-16T03:14:00,TURB_BEAR_01,86.3901
2024-01-16T03:15:00,TURB_SPEED_01,3012.9171
2024-01-16T03:15:00,TURB_VIB_01,3.0703
2024-01-16T03:15:00,TURB_OUTPUT_01,739.1439
2024-01-16T03:16:00,TURB_SPEED_01,3013.1857
2024-01-16T03:16:00,TURB_VIB_01,3.063
2024-01-16T03:16:00,TURB_OUTPUT_01,739.5437
2024-01-16T03:16:00,TURB_BEAR_01,86.7016
2024-01-16T03:17:00,TURB_SPEED_01,3012.9181
2024-01-16T03:17:00,TURB_VIB_01,3.0903
2024-01-16T03:17:00,TURB_OUTPUT_01,739.505
2024-01-16T03:18:00,TURB_SPEED_01,3012.9166
2024-01-16T03:18:00,TURB_VIB_01,3.106
2024-01-16T03:18:00,TURB_OUTPUT_01,740.541
2024-01-16T03:18:00,TURB_BEAR_01,86.1658
2024-01-16T03:19:00,TURB_SPEED_01,3012.8401
2024-01-16T03:19:00,TURB_VIB_01,3.0863
2024-01-16T03:19:00,TURB_OUTPUT_01,734.1558
2024-01-16T03:20:00,TURB_SPEED_01,3013.1826
2024-01-16T03:20:00,TURB_VIB_01,3.0907
2024-01-16T03:20:00,TURB_OUTPUT_01,736.7196
2024-01-16T03:20:00,TURB_BEAR_01,86.9134
2024-01-16T03:21:00,TURB_SPEED_01,3012.9512
2024-01-16T03:21:00,TURB_VIB_01,3.1266
2024-01-16T03:21:00,TURB_OUTPUT_01,740.1501
2024-01-16T03:22:00,TURB_SPEED_01,3013.0848
2024-01-16T03:22:00,TURB_VIB_01,3.0815
2024-01-16T03:22:00,TURB_OUTPUT_01,739.0046
2024-01-16T03:22:00,TURB_BEAR_01,86.6023
2024-01-16T03:23:00,TURB_SPEED_01,3012.9652
2024-01-16T03:23:00,TURB_VIB_01,3.1372
2024-01-16T03:23:00,TURB_OUTPUT_01,748.3317
2024-01-16T03:24:00,TURB_SPEED_01,3013.0625
2024-01-16T03:24:00,TURB_VIB_01,3.1242
2024-01-16T03:24:00,TURB_OUTPUT_01,742.9914
2024-01-16T03:24:00,TURB_BEAR_01,86.8792
2024-01-16T03:25:00,TURB_SPEED_01,3013.1431
2024-01-16T03:25:00,TURB_VIB_01,3.1505
2024-01-16T03:25:00,TURB_OUTPUT_01,739.3512
2024-01-16T03:26:00,TURB_SPEED_01,3012.7746
2024-01-16T03:26:00,TURB_VIB_01,3.0524
2024-01-16T03:26:00,TURB_OUTPUT_01,742.4549
2024-01-16T03:26:00,TURB_BEAR_01,86.6853
2024-01-16T03:27:00,TURB_SPEED_01,3012.9172
2024-01-16T03:27:00,TURB_VIB_01,3.1205
2024-01-16T03:27:00,TURB_OUTPUT_01,733.9096
2024-01-16T03:28:00,TURB_SPEED_01,3012.7017
2024-01-16T03:28:00,TURB_VIB_01,3.0316
2024-01-16T03:28:00,TURB_OUTPUT_01,735.2548
2024-01-16T03:28:00,TURB_BEAR_01,86.1458
2024-01-16T03:29:00,TURB_SPEED_01,3013.4026
2024-01-16T03:29:00,TURB_VIB_01,3.1968
2024-01-16T03:29:00,TURB_OUTPUT_01,744.8129
2024-01-16T03:30:00,TURB_SPEED_01,3013.2799
2024-01-16T03:30:00,TURB_VIB_01,3.1623
2024-01-16T03:30:00,TURB_OUTPUT_01,743.1618
2024-01-16T03:30:00,TURB_BEAR_01,87.3977
2024-01-16T03:31:00,TURB_SPEED_01,3013.0324
2024-01-16T03:31:00,TURB_VIB_01,3.1198
2024-01-16T03:31:00,TURB_OUTPUT_01,741.3013
2024-01-16T03:32:00,TURB_SPEED_01,3012.9146
2024-01-16T03:32:00,TURB_VIB_01,3.0866
2024-01-16T03:32:00,TURB_OUTPUT_01,745.6293
2024-01-16T03:32:00,TURB_BEAR_01,86.9576
2024-01-16T03:33:00,TURB_SPEED_01,3013.2105
2024-01-16T03:33:00,TURB_VIB_01,3.1038
2024-01-16T03:33:00,TURB_OUTPUT_01,742.4343
2024-01-16T03:34:00,TURB_SPEED_01,3012.6486
2024-01-16T03:34:00,TURB_VIB_01,3.0448
2024-01-16T03:34:00,TURB_OUTPUT_01,734.924
2024-01-16T03:34:00,TURB_BEAR_01,86.0573
2024-01-16T03:35:00,TURB_SPEED_01,3012.5568
2024-01-16T03:35:00,TURB_VIB_01,3.0357
2024-01-16T03:35:00,TURB_OUTPUT_01,733.2349
2024-01-16T03:36:00,TURB_SPEED_01,3013.2936
2024-01-16T03:36:00,TURB_VIB_01,3.2308
2024-01-16T03:36:00,TURB_OUTPUT_01,746.2164
2024-01-16T03:36:00,TURB_BEAR_01,86.796
2024-01-16T03:37:00,TURB_SPEED_01,3012.6597
2024-01-16T03:37:00,TURB_VIB_01,3.0433
2024-01-16T03:37:00,TURB_OUTPUT_01,740.9704
2024-01-16T03:38:00,TURB_SPEED_01,3013.08
2024-01-16T03:38:00,TURB_VIB_01,3.0867
2024-01-16T03:38:00,TURB_OUTPUT_01,738.4644
2024-01-16T03:38:00,TURB_BEAR_01,86.9684
2024-01-16T03:39:00,TURB_SPEED_01,3013.4046
2024-01-16T03:39:00,TURB_VIB_01,3.1615
2024-01-16T03:39:00,TURB_OUTPUT_01,741.1115
2024-01-16T03:40:00,TURB_SPEED_01,3013.0531
2024-01-16T03:40:00,TURB_VIB_01,3.0971
2024-01-16T03:40:00,TURB_OUTPUT_01,736.8651
2024-01-16T03:40:00,TURB_BEAR_01,86.5132
2024-01-16T03:41:00,TURB_SPEED_01,3012.9179
2024-01-16T03:41:00,TURB_VIB_01,3.1271
2024-01-16T03:41:00,TURB_OUTPUT_01,742.7487
2024-01-16T03:42:00,TURB_SPEED_01,3013.0928
2024-01-16T03:42:00,TURB_VIB_01,3.1099
2024-01-16T03:42:00,TURB_OUTPUT_01,739.8735
2024-01-16T03:42:00,TURB_BEAR_01,86.2752
2024-01-16T03:43:00,TURB_SPEED_01,3013.0549
2024-01-16T03:43:00,TURB_VIB_01,3.0838
2024-01-16T03:43:00,TURB_OUTPUT_01,732.7904
2024-01-16T03:44:00,TURB_SPEED_01,3013.1234
2024-01-16T03:44:00,TURB_VIB_01,3.1028
2024-01-16T03:44:00,TURB_OUTPUT_01,741.5936
2024-01-16T03:44:00,TURB_BEAR_01,86.8174
2024-01-16T03:45:00,TURB_SPEED_01,3013.2624
2024-01-16T03:45:00,TURB_VIB_01,3.154
2024-01-16T03:45:00,TURB_OUTPUT_01,743.8118
2024-01-16T03:46:00,TURB_SPEED_01,3013.2621
2024-01-16T03:46:00,TURB_VIB_01,3.1575
2024-01-16T03:46:00,TURB_OUTPUT_01,745.2305
2024-01-16T03:46:00,TURB_BEAR_01,87.3127
2024-01-16T03:47:00,TURB_SPEED_01,3012.8397
2024-01-16T03:47:00,TURB_VIB_01,3.0968
2024-01-16T03:47:00,TURB_OUTPUT_01,734.0622
2024-01-16T03:48:00,TURB_SPEED_01,3013.2105
2024-01-16T03:48:00,TURB_VIB_01,3.1514
2024-01-16T03:48:00,TURB_OUTPUT_01,738.3627
2024-01-16T03:48:00,TURB_BEAR_01,86.8511
2024-01-16T03:49:00,TURB_SPEED_01,3012.9851
2024-01-16T03:49:00,TURB_VIB_01,3.0917
2024-01-16T03:49:00,TURB_OUTPUT_01,731.6499
2024-01-16T03:50:00,TURB_SPEED_01,3012.6676
2024-01-16T03:50:00,TURB_VIB_01,3.0706
2024-01-16T03:50:00,TURB_OUTPUT_01,744.8199
2024-01-16T03:50:00,TURB_BEAR_01,86.5352
2024-01-16T03:51:00,TURB_SPEED_01,3012.976
2024-01-16T03:51:00,TURB_VIB_01,3.0278
2024-01-16T03:51:00,TURB_OUTPUT_01,730.7253
2024-01-16T03:52:00,TURB_SPEED_01,3012.6077
2024-01-16T03:52:00,TURB_VIB_01,3.095
2024-01-16T03:52:00,TURB_OUTPUT_01,737.0371
2024-01-16T03:52:00,TURB_BEAR_01,86.6402
2024-01-16T03:53:00,TURB_SPEED_01,3013.2669
2024-01-16T03:53:00,TURB_VIB_01,3.105
2024-01-16T03:53:00,TURB_OUTPUT_01,740.2756
2024-01-16T03:54:00,TURB_SPEED_01,3012.9539
2024-01-16T03:54:00,TURB_VIB_01,3.1062
2024-01-16T03:54:00,TURB_OUTPUT_01,733.1394
2024-01-16T03:54:00,TURB_BEAR_01,86.1714
2024-01-16T03:55:00,TURB_SPEED_01,3012.8668
2024-01-16T03:55:00,TURB_VIB_01,3.0813
2024-01-16T03:55:00,TURB_OUTPUT_01,745.3387
2024-01-16T03:56:00,TURB_SPEED_01,3012.8501
2024-01-16T03:56:00,TURB_VIB_01,3.0247
2024-01-16T03:56:00,TURB_OUTPUT_01,737.3383
2024-01-16T03:56:00,TURB_BEAR_01,86.2885
2024-01-16T03:57:00,TURB_SPEED_01,3013.0608
2024-01-16T03:57:00,TURB_VIB_01,3.1083
2024-01-16T03:57:00,TURB_OUTPUT_01,739.1456
2024-01-16T03:58:00,TURB_SPEED_01,3012.9725
2024-01-16T03:58:00,TURB_VIB_01,3.1372
2024-01-16T03:58:00,TURB_OUTPUT_01,738.6147
2024-01-16T03:58:00,TURB_BEAR_01,86.9861
2024-01-16T03:59:00,TURB_SPEED_01,3013.0051
2024-01-16T03:59:00,TURB_VIB_01,3.1433
2024-01-16T03:59:00,TURB_OUTPUT_01,736.2154
2024-01-16T04:00:00,TURB_SPEED_01,3012.7628
2024-01-16T04:00:00,TURB_VIB_01,3.0687
2024-01-16T04:00:00,TURB_OUTPUT_01,740.4551
2024-01-16T04:00:00,TURB_BEAR_01,86.8663
2024-01-16T04:01:00,TURB_SPEED_01,3012.8925
2024-01-16T04:01:00,TURB_VIB_01,3.141
2024-01-16T04:01:00,TURB_OUTPUT_01,738.4681
2024-01-16T04:02:00,TURB_SPEED_01,3013.0508
2024-01-16T04:02:00,TURB_VIB_01,3.1033
2024-01-16T04:02:00,TURB_OUTPUT_01,737.3029
2024-01-16T04:02:00,TURB_BEAR_01,87.001
2024-01-16T04:03:00,TURB_SPEED_01,3012.8063
2024-01-16T04:03:00,TURB_VIB_01,3.0656
2024-01-16T04:03:00,TURB_OUTPUT_01,735.21
2024-01-16T04:04:00,TURB_SPEED_01,3013.2118
2024-01-16T04:04:00,TURB_VIB_01,3.0481
2024-01-16T04:04:00,TURB_OUTPUT_01,733.7851
2024-01-16T04:04:00,TURB_BEAR_01,86.7455
2024-01-16T04:05:00,TURB_SPEED_01,3012.9531
2024-01-16T04:05:00,TURB_VIB_01,3.0812
2024-01-16T04:05:00,TURB_OUTPUT_01,743.1427
2024-01-16T04:06:00,TURB_SPEED_01,3013.0152
2024-01-16T04:06:00,TURB_VIB_01,3.0812
2024-01-16T04:06:00,TURB_OUTPUT_01,744.016
2024-01-16T04:06:00,TURB_BEAR_01,87.056
2024-01-16T04:07:00,TURB_SPEED_01,3013.0431
2024-01-16T04:07:00,TURB_VIB_01,3.1174
2024-01-16T04:07:00,TURB_OUTPUT_01,737.4399
2024-01-16T04:08:00,TURB_SPEED_01,3012.7746
2024-01-16T04:08:00,TURB_VIB_01,3.0398
2024-01-16T04:08:00,TURB_OUTPUT_01,734.6433
2024-01-16T04:08:00,TURB_BEAR_01,86.1101
2024-01-16T04:09:00,TURB_SPEED_01,3012.9575
2024-01-16T04:09:00,TURB_VIB_01,3.0943
2024-01-16T04:09:00,TURB_OUTPUT_01,742.1785
2024-01-16T04:10:00,TURB_SPEED_01,3013.0274
2024-01-16T04:10:00,TURB_VIB_01,3.0842
2024-01-16T04:10:00,TURB_OUTPUT_01,742.3209
2024-01-16T04:10:00,TURB_BEAR_01,86.7613
2024-01-16T04:11:00,TURB_SPEED_01,3012.7684
2024-01-16T04:11:00,TURB_VIB_01,3.0859
2024-01-16T04:11:00,TURB_OUTPUT_01,733.7454
2024-01-16T04:12:00,TURB_SPEED_01,3012.7199
2024-01-16T04:12:00,TURB_VIB_01,3.0596
2024-01-16T04:12:00,TURB_OUTPUT_01,738.0116
2024-01-16T04:12:00,TURB_BEAR_01,87.1487
2024-01-16T04:13:00,TURB_SPEED_01,3013.4151
2024-01-16T04:13:00,TURB_VIB_01,3.1019
2024-01-16T04:13:00,TURB_OUTPUT_01,741.8901
2024-01-16T04:14:00,TURB_SPEED_01,3012.9199
2024-01-16T04:14:00,TURB_VIB_01,3.1499
2024-01-16T04:14:00,TURB_OUTPUT_01,743.5047
2024-01-16T04:14:00,TURB_BEAR_01,87.0844
2024-01-16T04:15:00,TURB_SPEED_01,3013.4353
2024-01-16T04:15:00,TURB_VIB_01,3.1456
2024-01-16T04:15:00,TURB_OUTPUT_01,738.2156
2024-01-16T04:16:00,TURB_SPEED_01,3013.3584
2024-01-16T04:16:00,TURB_VIB_01,3.082
2024-01-16T04:16:00,TURB_OUTPUT_01,744.9573
2024-01-16T04:16:00,TURB_BEAR_01,86.6432
2024-01-16T04:17:00,TURB_SPEED_01,3012.7426
2024-01-16T04:17:00,TURB_VIB_01,3.0544
2024-01-16T04:17:00,TURB_OUTPUT_01,731.0464
2024-01-16T04:18:00,TURB_SPEED_01,3013.0497
2024-01-16T04:18:00,TURB_VIB_01,3.0698
2024-01-16T04:18:00,TURB_OUTPUT_01,735.5424
2024-01-16T04:18:00,TURB_BEAR_01,86.8726
2024-01-16T04:19:00,TURB_SPEED_01,3013.082
2024-01-16T04:19:00,TURB_VIB_01,3.0785
2024-01-16T04:19:00,TURB_OUTPUT_01,741.1897
2024-01-16T04:20:00,TURB_SPEED_01,3013.1245
2024-01-16T04:20:00,TURB_VIB_01,3.182
2024-01-16T04:20:00,TURB_OUTPUT_01,733.2081
2024-01-16T04:20:00,TURB_BEAR_01,87.0621
2024-01-16T04:21:00,TURB_SPEED_01,3012.9196
2024-01-16T04:21:00,TURB_VIB_01,3.0496
2024-01-16T04:21:00,TURB_OUTPUT_01,742.2368
2024-01-16T04:22:00,TURB_SPEED_01,3012.8966
2024-01-16T04:22:00,TURB_VIB_01,3.0666
2024-01-16T04:22:00,TURB_OUTPUT_01,732.3248
2024-01-16T04:22:00,TURB_BEAR_01,86.7368
2024-01-16T04:23:00,TURB_SPEED_01,3012.9119
2024-01-16T04:23:00,TURB_VIB_01,3.0677
2024-01-16T04:23:00,TURB_OUTPUT_01,732.3179
2024-01-16T04:24:00,TURB_SPEED_01,3012.6806
2024-01-16T04:24:00,TURB_VIB_01,3.0531
2024-01-16T04:24:00,TURB_OUTPUT_01,737.0817
2024-01-16T04:24:00,TURB_BEAR_01,87.1164
2024-01-16T04:25:00,TURB_SPEED_01,3012.9232
2024-01-16T04:25:00,TURB_VIB_01,3.115
2024-01-16T04:25:00,TURB_OUTPUT_01,741.0703
2024-01-16T04:26:00,TURB_SPEED_01,3012.7323
2024-01-16T04:26:00,TURB_VIB_01,3.0434
2024-01-16T04:26:00,TURB_OUTPUT_01,730.5541
2024-01-16T04:26:00,TURB_BEAR_01,86.8197
2024-01-16T04:27:00,TURB_SPEED_01,3013.2675
2024-01-16T04:27:00,TURB_VIB_01,3.1471
2024-01-16T04:27:00,TURB_OUTPUT_01,737.3272
2024-01-16T04:28:00,TURB_SPEED_01,3013.091
2024-01-16T04:28:00,TURB_VIB_01,3.1774
2024-01-16T04:28:00,TURB_OUTPUT_01,744.4606
2024-01-16T04:28:00,TURB_BEAR_01,87.7822
2024-01-16T04:29:00,TURB_SPEED_01,3013.1165
2024-01-16T04:29:00,TURB_VIB_01,3.1148
2024-01-16T04:29:00,TURB_OUTPUT_01,736.4793
2024-01-16T04:30:00,TURB_SPEED_01,3013.1944
2024-01-16T04:30:00,TURB_VIB_01,3.0901
2024-01-16T04:30:00,TURB_OUTPUT_01,736.1228
2024-01-16T04:30:00,TURB_BEAR_01,87.4843
2024-01-16T04:31:00,TURB_SPEED_01,3012.9092
2024-01-16T04:31:00,TURB_VIB_01,3.0942
2024-01-16T04:31:00,TURB_OUTPUT_01,735.5334
2024-01-16T04:32:00,TURB_SPEED_01,3013.0882
2024-01-16T04:32:00,TURB_VIB_01,3.1182
2024-01-16T04:32:00,TURB_OUTPUT_01,736.7269
2024-01-16T04:32:00,TURB_BEAR_01,86.9258
2024-01-16T04:33:00,TURB_SPEED_01,3012.8633
2024-01-16T04:33:00,TURB_VIB_01,3.1109
2024-01-16T04:33:00,TURB_OUTPUT_01,744.7312
2024-01-16T04:34:00,TURB_SPEED_01,3012.959
2024-01-16T04:34:00,TURB_VIB_01,3.1193
2024-01-16T04:34:00,TURB_OUTPUT_01,732.9001
2024-01-16T04:34:00,TURB_BEAR_01,87.2597
2024-01-16T04:35:00,TURB_SPEED_01,3012.927
2024-01-16T04:35:00,TURB_VIB_01,3.0728
2024-01-16T04:35:00,TURB_OUTPUT_01,736.7715
2024-01-16T04:36:00,TURB_SPEED_01,3012.6419
2024-01-16T04:36:00,TURB_VIB_01,3.1367
2024-01-16T04:36:00,TURB_OUTPUT_01,739.8425
2024-01-16T04:36:00,TURB_BEAR_01,86.9186
2024-01-16T04:37:00,TURB_SPEED_01,3012.9387
2024-01-16T04:37:00,TURB_VIB_01,3.0651
2024-01-16T04:37:00,TURB_OUTPUT_01,740.9238
2024-01-16T04:38:00,TURB_SPEED_01,3013.2943
2024-01-16T04:38:00,TURB_VIB_01,3.137
2024-01-16T04:38:00,TURB_OUTPUT_01,752.0098
2024-01-16T04:38:00,TURB_BEAR_01,87.4921
2024-01-16T04:39:00,TURB_SPEED_01,3013.2033
2024-01-16T04:39:00,TURB_VIB_01,3.1888
2024-01-16T04:39:00,TURB_OUTPUT_01,747.0043
2024-01-16T04:40:00,TURB_SPEED_01,3013.1142
2024-01-16T04:40:00,TURB_VIB_01,3.122
2024-01-16T04:40:00,TURB_OUTPUT_01,743.6887
2024-01-16T04:40:00,TURB_BEAR_01,87.3184
2024-01-16T04:41:00,TURB_SPEED_01,3013.0076
2024-01-16T04:41:00,TURB_VIB_01,3.0766
2024-01-16T04:41:00,TURB_OUTPUT_01,735.239
2024-01-16T04:42:00,TURB_SPEED_01,3013.1684
2024-01-16T04:42:00,TURB_VIB_01,3.1735
2024-01-16T04:42:00,TURB_OUTPUT_01,740.6318
2024-01-16T04:42:00,TURB_BEAR_01,87.7151
2024-01-16T04:43:00,TURB_SPEED_01,3013.1763
2024-01-16T04:43:00,TURB_VIB_01,3.1557
2024-01-16T04:43:00,TURB_OUTPUT_01,738.888
2024-01-16T04:44:00,TURB_SPEED_01,3013.0656
2024-01-16T04:44:00,TURB_VIB_01,3.0324
2024-01-16T04:44:00,TURB_OUTPUT_01,740.5332
2024-01-16T04:44:00,TURB_BEAR_01,86.9714
2024-01-16T04:45:00,TURB_SPEED_01,3013.0824
2024-01-16T04:45:00,TURB_VIB_01,3.1729
2024-01-16T04:45:00,TURB_OUTPUT_01,745.6157
2024-01-16T04:46:00,TURB_SPEED_01,3012.74
2024-01-16T04:46:00,TURB_VIB_01,3.1136
2024-01-16T04:46:00,TURB_OUTPUT_01,730.2873
2024-01-16T04:46:00,TURB_BEAR_01,86.85
2024-01-16T04:47:00,TURB_SPEED_01,3012.8611
2024-01-16T04:47:00,TURB_VIB_01,3.059
2024-01-16T04:47:00,TURB_OUTPUT_01,742.6522
2024-01-16T04:48:00,TURB_SPEED_01,3012.8576
2024-01-16T04:48:00,TURB_VIB_01,3.1801
2024-01-16T04:48:00,TURB_OUTPUT_01,743.9653
2024-01-16T04:48:00,TURB_BEAR_01,87.1604
2024-01-16T04:49:00,TURB_SPEED_01,3012.7508
2024-01-16T04:49:00,TURB_VIB_01,3.0563
2024-01-16T04:49:00,TURB_OUTPUT_01,738.5764
2024-01-16T04:50:00,TURB_SPEED_01,3012.9711
2024-01-16T04:50:00,TURB_VIB_01,3.1236
2024-01-16T04:50:00,TURB_OUTPUT_01,746.3321
2024-01-16T04:50:00,TURB_BEAR_01,86.9631
2024-01-16T04:51:00,TURB_SPEED_01,3013.0761
2024-01-16T04:51:00,TURB_VIB_01,3.0856
2024-01-16T04:51:00,TURB_OUTPUT_01,740.4113
2024-01-16T04:52:00,TURB_SPEED_01,3012.9348
2024-01-16T04:52:00,TURB_VIB_01,3.1122
2024-01-16T04:52:00,TURB_OUTPUT_01,746.155
2024-01-16T04:52:00,TURB_BEAR_01,87.059
2024-01-16T04:53:00,TURB_SPEED_01,3013.2578
2024-01-16T04:53:00,TURB_VIB_01,3.1135
2024-01-16T04:53:00,TURB_OUTPUT_01,743.5398
2024-01-16T04:54:00,TURB_SPEED_01,3012.9641
2024-01-16T04:54:00,TURB_VIB_01,3.1164
2024-01-16T04:54:00,TURB_OUTPUT_01,737.0745
2024-01-16T04:54:00,TURB_BEAR_01,86.974
2024-01-16T04:55:00,TURB_SPEED_01,3012.8414
2024-01-16T04:55:00,TURB_VIB_01,3.0898
2024-01-16T04:55:00,TURB_OUTPUT_01,741.102
2024-01-16T04:56:00,TURB_SPEED_01,3013.0424
2024-01-16T04:56:00,TURB_VIB_01,3.0465
2024-01-16T04:56:00,TURB_OUTPUT_01,742.3776
2024-01-16T04:56:00,TURB_BEAR_01,86.998
2024-01-16T04:57:00,TURB_SPEED_01,3013.1647
2024-01-16T04:57:00,TURB_VIB_01,3.1549
2024-01-16T04:57:00,TURB_OUTPUT_01,751.3934
2024-01-16T04:58:00,TURB_SPEED_01,3013.2862
2024-01-16T04:58:00,TURB_VIB_01,3.1723
2024-01-16T04:58:00,TURB_OUTPUT_01,744.1186
2024-01-16T04:58:00,TURB_BEAR_01,87.3185
2024-01-16T04:59:00,TURB_SPEED_01,3012.7296
2024-01-16T04:59:00,TURB_VIB_01,3.0578
2024-01-16T04:59:00,TURB_OUTPUT_01,733.6441
2024-01-16T05:00:00,TURB_SPEED_01,3013.1803
2024-01-16T05:00:00,TURB_VIB_01,3.1687
2024-01-16T05:00:00,TURB_OUTPUT_01,745.6804
2024-01-16T05:00:00,TURB_BEAR_01,87.2151
2024-01-16T05:01:00,TURB_SPEED_01,3013.2562
2024-01-16T05:01:00,TURB_VIB_01,3.1572
2024-01-16T05:01:00,TURB_OUTPUT_01,742.2257
2024-01-16T05:02:00,TURB_SPEED_01,3013.1312
2024-01-16T05:02:00,TURB_VIB_01,3.1566
2024-01-16T05:02:00,TURB_OUTPUT_01,740.8864
2024-01-16T05:02:00,TURB_BEAR_01,87.303
2024-01-16T05:03:00,TURB_SPEED_01,3012.8206
2024-01-16T05:03:00,TURB_VIB_01,3.0679
2024-01-16T05:03:00,TURB_OUTPUT_01,739.1141
2024-01-16T05:04:00,TURB_SPEED_01,3013.1364
2024-01-16T05:04:00,TURB_VIB_01,3.0857
2024-01-16T05:04:00,TURB_OUTPUT_01,733.1096
2024-01-16T05:04:00,TURB_BEAR_01,87.1795
2024-01-16T05:05:00,TURB_SPEED_01,3013.0063
2024-01-16T05:05:00,TURB_VIB_01,3.088
2024-01-16T05:05:00,TURB_OUTPUT_01,740.8787
2024-01-16T05:06:00,TURB_SPEED_01,3013.4211
2024-01-16T05:06:00,TURB_VIB_01,3.1197
2024-01-16T05:06:00,TURB_OUTPUT_01,742.6238
2024-01-16T05:06:00,TURB_BEAR_01,87.4904
2024-01-16T05:07:00,TURB_SPEED_01,3012.8933
2024-01-16T05:07:00,TURB_VIB_01,3.0589
2024-01-16T05:07:00,TURB_OUTPUT_01,737.7459
2024-01-16T05:08:00,TURB_SPEED_01,3013.1902
2024-01-16T05:08:00,TURB_VIB_01,3.1612
2024-01-16T05:08:00,TURB_OUTPUT_01,744.6877
2024-01-16T05:08:00,TURB_BEAR_01,87.1135
2024-01-16T05:09:00,TURB_SPEED_01,3013.0078
2024-01-16T05:09:00,TURB_VIB_01,3.0949
2024-01-16T05:09:00,TURB_OUTPUT_01,738.8125
2024-01-16T05:10:00,TURB_SPEED_01,3013.1017
2024-01-16T05:10:00,TURB_VIB_01,3.122
2024-01-16T05:10:00,TURB_OUTPUT_01,735.9522
2024-01-16T05:10:00,TURB_BEAR_01,87.2309
2024-01-16T05:11:00,TURB_SPEED_01,3013.0994
2024-01-16T05:11:00,TURB_VIB_01,3.0931
2024-01-16T05:11:00,TURB_OUTPUT_01,741.6993
2024-01-16T05:12:00,TURB_SPEED_01,3012.82
2024-01-16T05:12:00,TURB_VIB_01,3.1249
2024-01-16T05:12:00,TURB_OUTPUT_01,741.5873
2024-01-16T05:12:00,TURB_BEAR_01,87.2519
2024-01-16T05:13:00,TURB_SPEED_01,3013.3937
2024-01-16T05:13:00,TURB_VIB_01,3.1693
2024-01-16T05:13:00,TURB_OUTPUT_01,740.4451
2024-01-16T05:14:00,TURB_SPEED_01,3013.1819
2024-01-16T05:14:00,TURB_VIB_01,3.1365
2024-01-16T05:14:00,TURB_OUTPUT_01,749.6002
2024-01-16T05:14:00,TURB_BEAR_01,87.1761
2024-01-16T05:15:00,TURB_SPEED_01,3012.995
2024-01-16T05:15:00,TURB_VIB_01,3.0157
2024-01-16T05:15:00,TURB_OUTPUT_01,736.9164
2024-01-16T05:16:00,TURB_SPEED_01,3012.6309
2024-01-16T05:16:00,TURB_VIB_01,3.0779
2024-01-16T05:16:00,TURB_OUTPUT_01,734.4677
2024-01-16T05:16:00,TURB_BEAR_01,86.9396
2024-01-16T05:17:00,TURB_SPEED_01,3012.9054
2024-01-16T05:17:00,TURB_VIB_01,3.0377
2024-01-16T05:17:00,TURB_OUTPUT_01,735.2543
2024-01-16T05:18:00,TURB_SPEED_01,3013.1992
2024-01-16T05:18:00,TURB_VIB_01,3.1265
2024-01-16T05:18:00,TURB_OUTPUT_01,742.2054
2024-01-16T05:18:00,TURB_BEAR_01,87.5211
2024-01-16T05:19:00,TURB_SPEED_01,3013.0687
2024-01-16T05:19:00,TURB_VIB_01,3.0814
2024-01-16T05:19:00,TURB_OUTPUT_01,739.4698
2024-01-16T05:20:00,TURB_SPEED_01,3013.1576
2024-01-16T05:20:00,TURB_VIB_01,3.0904
2024-01-16T05:20:00,TURB_OUTPUT_01,741.6249
2024-01-16T05:20:00,TURB_BEAR_01,87.1452
2024-01-16T05:21:00,TURB_SPEED_01,3012.671
2024-01-16T05:21:00,TURB_VIB_01,3.0432
2024-01-16T05:21:00,TURB_OUTPUT_01,730.9173
2024-01-16T05:22:00,TURB_SPEED_01,3013.0052
2024-01-16T05:22:00,TURB_VIB_01,3.071
2024-01-16T05:22:00,TURB_OUTPUT_01,741.3312
2024-01-16T05:22:00,TURB_BEAR_01,86.6996
2024-01-16T05:23:00,TURB_SPEED_01,3013.1872
2024-01-16T05:23:00,TURB_VIB_01,3.1039
2024-01-16T05:23:00,TURB_OUTPUT_01,737.2255
2024-01-16T05:24:00,TURB_SPEED_01,3013.0033
2024-01-16T05:24:00,TURB_VIB_01,3.0595
2024-01-16T05:24:00,TURB_OUTPUT_01,745.8018
2024-01-16T05:24:00,TURB_BEAR_01,86.9263
2024-01-16T05:25:00,TURB_SPEED_01,3013.1487
2024-01-16T05:25:00,TURB_VIB_01,3.1206
2024-01-16T05:25:00,TURB_OUTPUT_01,749.1739
2024-01-16T05:26:00,TURB_SPEED_01,3013.6095
2024-01-16T05:26:00,TURB_VIB_01,3.0962
2024-01-16T05:26:00,TURB_OUTPUT_01,742.6318
2024-01-16T05:26:00,TURB_BEAR_01,87.5942
2024-01-16T05:27:00,TURB_SPEED_01,3012.9252
2024-01-16T05:27:00,TURB_VIB_01,3.1208
2024-01-16T05:27:00,TURB_OUTPUT_01,733.6622
2024-01-16T05:28:00,TURB_SPEED_01,3012.6228
2024-01-16T05:28:00,TURB_VIB_01,3.1153
2024-01-16T05:28:00,TURB_OUTPUT_01,734.0509
2024-01-16T05:28:00,TURB_BEAR_01,86.6509
2024-01-16T05:29:00,TURB_SPEED_01,3012.7509
2024-01-16T05:29:00,TURB_VIB_01,3.0601
2024-01-16T05:29:00,TURB_OUTPUT_01,733.8502
2024-01-16T05:30:00,TURB_SPEED_01,3012.5592
2024-01-16T05:30:00,TURB_VIB_01,3.1011
2024-01-16T05:30:00,TURB_OUTPUT_01,736.8754
2024-01-16T05:30:00,TURB_BEAR_01,87.1298
2024-01-16T05:31:00,TURB_SPEED_01,3013.0527
2024-01-16T05:31:00,TURB_VIB_01,3.0882
2024-01-16T05:31:00,TURB_OUTPUT_01,744.2917
2024-01-16T05:32:00,TURB_SPEED_01,3013.0585
2024-01-16T05:32:00,TURB_VIB_01,3.1451
2024-01-16T05:32:00,TURB_OUTPUT_01,748.4955
2024-01-16T05:32:00,TURB_BEAR_01,87.203
2024-01-16T05:33:00,TURB_SPEED_01,3013.3844
2024-01-16T05:33:00,TURB_VIB_01,3.2076
2024-01-16T05:33:00,TURB_OUTPUT_01,753.107
2024-01-16T05:34:00,TURB_SPEED_01,3013.1514
2024-01-16T05:34:00,TURB_VIB_01,3.1859
2024-01-16T05:34:00,TURB_OUTPUT_01,745.2688
2024-01-16T05:34:00,TURB_BEAR_01,87.425
2024-01-16T05:35:00,TURB_SPEED_01,3013.2282
2024-01-16T05:35:00,TURB_VIB_01,3.094
2024-01-16T05:35:00,TURB_OUTPUT_01,741.249
2024-01-16T05:36:00,TURB_SPEED_01,3013.2451
2024-01-16T05:36:00,TURB_VIB_01,3.1307
2024-01-16T05:36:00,TURB_OUTPUT_01,747.712
2024-01-16T05:36:00,TURB_BEAR_01,87.555
2024-01-16T05:37:00,TURB_SPEED_01,3012.9233
2024-01-16T05:37:00,TURB_VIB_01,3.1343
2024-01-16T05:37:00,TURB_OUTPUT_01,741.1772
2024-01-16T05:38:00,TURB_SPEED_01,3013.0667
2024-01-16T05:38:00,TURB_VIB_01,3.1245
2024-01-16T05:38:00,TURB_OUTPUT_01,745.8054
2024-01-16T05:38:00,TURB_BEAR_01,87.2084
2024-01-16T05:39:00,TURB_SPEED_01,3013.2474
2024-01-16T05:39:00,TURB_VIB_01,3.1278
2024-01-16T05:39:00,TURB_OUTPUT_01,748.2057
2024-01-16T05:40:00,TURB_SPEED_01,3013.128
2024-01-16T05:40:00,TURB_VIB_01,3.1021
2024-01-16T05:40:00,TURB_OUTPUT_01,741.1245
2024-01-16T05:40:00,TURB_BEAR_01,87.7389
2024-01-16T05:41:00,TURB_SPEED_01,3013.0074
2024-01-16T05:41:00,TURB_VIB_01,3.1154
2024-01-16T05:41:00,TURB_OUTPUT_01,739.0789
2024-01-16T05:42:00,TURB_SPEED_01,3012.4892
2024-01-16T05:42:00,TURB_VIB_01,3.0659
2024-01-16T05:42:00,TURB_OUTPUT_01,740.3724
2024-01-16T05:42:00,TURB_BEAR_01,86.8834
2024-01-16T05:43:00,TURB_SPEED_01,3013.1495
2024-01-16T05:43:00,TURB_VIB_01,3.1797
2024-01-16T05:43:00,TURB_OUTPUT_01,749.6234
2024-01-16T05:44:00,TURB_SPEED_01,3013.2901
2024-01-16T05:44:00,TURB_VIB_01,3.1368
2024-01-16T05:44:00,TURB_OUTPUT_01,750.4101
2024-01-16T05:44:00,TURB_BEAR_01,87.345
2024-01-16T05:45:00,TURB_SPEED_01,3013.2375
2024-01-16T05:45:00,TURB_VIB_01,3.1456
2024-01-16T05:45:00,TURB_OUTPUT_01,745.5554
2024-01-16T05:46:00,TURB_SPEED_01,3012.9206
2024-01-16T05:46:00,TURB_VIB_01,3.0642
2024-01-16T05:46:00,TURB_OUTPUT_01,744.9513
2024-01-16T05:46:00,TURB_BEAR_01,87.1306
2024-01-16T05:47:00,TURB_SPEED_01,3012.4854
2024-01-16T05:47:00,TURB_VIB_01,3.0508
2024-01-16T05:47:00,TURB_OUTPUT_01,732.6673
2024-01-16T05:48:00,TURB_SPEED_01,3013.0814
2024-01-16T05:48:00,TURB_VIB_01,3.1816
2024-01-16T05:48:00,TURB_OUTPUT_01,749.7851
2024-01-16T05:48:00,TURB_BEAR_01,87.4753
2024-01-16T05:49:00,TURB_SPEED_01,3013.0968
2024-01-16T05:49:00,TURB_VIB_01,3.081
2024-01-16T05:49:00,TURB_OUTPUT_01,736.3152
2024-01-16T05:50:00,TURB_SPEED_01,3013.2136
2024-01-16T05:50:00,TURB_VIB_01,3.194
2024-01-16T05:50:00,TURB_OUTPUT_01,746.1482
2024-01-16T05:50:00,TURB_BEAR_01,88.555
2024-01-16T05:51:00,TURB_SPEED_01,3012.761
2024-01-16T05:51:00,TURB_VIB_01,3.0237
2024-01-16T05:51:00,TURB_OUTPUT_01,734.6469
2024-01-16T05:52:00,TURB_SPEED_01,3012.9924
2024-01-16T05:52:00,TURB_VIB_01,3.0011
2024-01-16T05:52:00,TURB_OUTPUT_01,741.5877
2024-01-16T05:52:00,TURB_BEAR_01,86.7521
2024-01-16T05:53:00,TURB_SPEED_01,3012.6912
2024-01-16T05:53:00,TURB_VIB_01,3.1332
2024-01-16T05:53:00,TURB_OUTPUT_01,741.6854
2024-01-16T05:54:00,TURB_SPEED_01,3012.9048
2024-01-16T05:54:00,TURB_VIB_01,3.091
2024-01-16T05:54:00,TURB_OUTPUT_01,748.9492
2024-01-16T05:54:00,TURB_BEAR_01,87.0707
2024-01-16T05:55:00,TURB_SPEED_01,3012.9795
2024-01-16T05:55:00,TURB_VIB_01,3.0964
2024-01-16T05:55:00,TURB_OUTPUT_01,739.5919
2024-01-16T05:56:00,TURB_SPEED_01,3013.1418
2024-01-16T05:56:00,TURB_VIB_01,3.0864
2024-01-16T05:56:00,TURB_OUTPUT_01,739.0669
2024-01-16T05:56:00,TURB_BEAR_01,87.2202
2024-01-16T05:57:00,TURB_SPEED_01,3013.0781
2024-01-16T05:57:00,TURB_VIB_01,3.1178
2024-01-16T05:57:00,TURB_OUTPUT_01,739.3724
2024-01-16T05:58:00,TURB_SPEED_01,3012.9272
2024-01-16T05:58:00,TURB_VIB_01,3.1026
2024-01-16T05:58:00,TURB_OUTPUT_01,742.6571
2024-01-16T05:58:00,TURB_BEAR_01,86.7286
2024-01-16T05:59:00,TURB_SPEED_01,3013.1685
2024-01-16T05:59:00,TURB_VIB_01,3.1031
2024-01-16T05:59:00,TURB_OUTPUT_01,740.579
2024-01-16T06:00:00,TURB_SPEED_01,3013.2176
2024-01-16T06:00:00,TURB_VIB_01,3.1047
2024-01-16T06:00:00,TURB_OUTPUT_01,740.0992
2024-01-16T06:00:00,TURB_BEAR_01,86.9697
2024-01-16T06:01:00,TURB_SPEED_01,3013.0199
2024-01-16T06:01:00,TURB_VIB_01,3.113
2024-01-16T06:01:00,TURB_OUTPUT_01,739.6042
2024-01-16T06:02:00,TURB_SPEED_01,3013.11
2024-01-16T06:02:00,TURB_VIB_01,3.1353
2024-01-16T06:02:00,TURB_OUTPUT_01,742.9259
2024-01-16T06:02:00,TURB_BEAR_01,86.6374
2024-01-16T06:03:00,TURB_SPEED_01,3012.6669
2024-01-16T06:03:00,TURB_VIB_01,3.0279
2024-01-16T06:03:00,TURB_OUTPUT_01,739.6883
2024-01-16T06:04:00,TURB_SPEED_01,3013.0147
2024-01-16T06:04:00,TURB_VIB_01,3.11
2024-01-16T06:04:00,TURB_OUTPUT_01,736.8128
2024-01-16T06:04:00,TURB_BEAR_01,87.2781
2024-01-16T06:05:00,TURB_SPEED_01,3012.6321
2024-01-16T06:05:00,TURB_VIB_01,3.0785
2024-01-16T06:05:00,TURB_OUTPUT_01,737.8775
2024-01-16T06:06:00,TURB_SPEED_01,3012.8816
2024-01-16T06:06:00,TURB_VIB_01,3.1621
2024-01-16T06:06:00,TURB_OUTPUT_01,739.3046
2024-01-16T06:06:00,TURB_BEAR_01,86.222
2024-01-16T06:07:00,TURB_SPEED_01,3013.1716
2024-01-16T06:07:00,TURB_VIB_01,3.1018
2024-01-16T06:07:00,TURB_OUTPUT_01,736.236
2024-01-16T06:08:00,TURB_SPEED_01,3012.6404
2024-01-16T06:08:00,TURB_VIB_01,3.0845
2024-01-16T06:08:00,TURB_OUTPUT_01,734.0683
2024-01-16T06:08:00,TURB_BEAR_01,86.6058
2024-01-16T06:09:00,TURB_SPEED_01,3013.1496
2024-01-16T06:09:00,TURB_VIB_01,3.1192
2024-01-16T06:09:00,TURB_OUTPUT_01,743.2994
2024-01-16T06:10:00,TURB_SPEED_01,3013.1041
2024-01-16T06:10:00,TURB_VIB_01,3.0958
2024-01-16T06:10:00,TURB_OUTPUT_01,746.3867
2024-01-16T06:10:00,TURB_BEAR_01,87.0928
2024-01-16T06:11:00,TURB_SPEED_01,3013.104
2024-01-16T06:11:00,TURB_VIB_01,3.1404
2024-01-16T06:11:00,TURB_OUTPUT_01,741.3524
2024-01-16T06:12:00,TURB_SPEED_01,3013.2634
2024-01-16T06:12:00,TURB_VIB_01,3.1399
2024-01-16T06:12:00,TURB_OUTPUT_01,738.1361
2024-01-16T06:12:00,TURB_BEAR_01,86.7592
2024-01-16T06:13:00,TURB_SPEED_01,3013.3816
2024-01-16T06:13:00,TURB_VIB_01,3.1934
2024-01-16T06:13:00,TURB_OUTPUT_01,750.0738
2024-01-16T06:14:00,TURB_SPEED_01,3013.0473
2024-01-16T06:14:00,TURB_VIB_01,3.0948
2024-01-16T06:14:00,TURB_OUTPUT_01,737.8591
2024-01-16T06:14:00,TURB_BEAR_01,87.6597
2024-01-16T06:15:00,TURB_SPEED_01,3013.133
2024-01-16T06:15:00,TURB_VIB_01,3.2246
2024-01-16T06:15:00,TURB_OUTPUT_01,746.765
2024-01-16T06:16:00,TURB_SPEED_01,3012.9972
2024-01-16T06:16:00,TURB_VIB_01,3.0952
2024-01-16T06:16:00,TURB_OUTPUT_01,742.1855
2024-01-16T06:16:00,TURB_BEAR_01,86.4298
2024-01-16T06:17:00,TURB_SPEED_01,3012.9402
2024-01-16T06:17:00,TURB_VIB_01,3.075
2024-01-16T06:17:00,TURB_OUTPUT_01,736.3387
2024-01-16T06:18:00,TURB_SPEED_01,3013.36
2024-01-16T06:18:00,TURB_VIB_01,3.1715
2024-01-16T06:18:00,TURB_OUTPUT_01,744.4601
2024-01-16T06:18:00,TURB_BEAR_01,87.4136
2024-01-16T06:19:00,TURB_SPEED_01,3012.7613
2024-01-16T06:19:00,TURB_VIB_01,3.1068
2024-01-16T06:19:00,TURB_OUTPUT_01,733.2338
2024-01-16T06:20:00,TURB_SPEED_01,3012.9256
2024-01-16T06:20:00,TURB_VIB_01,3.1612
2024-01-16T06:20:00,TURB_OUTPUT_01,739.7095
2024-01-16T06:20:00,TURB_BEAR_01,86.9838
2024-01-16T06:21:00,TURB_SPEED_01,3012.6014
2024-01-16T06:21:00,TURB_VIB_01,3.0769
2024-01-16T06:21:00,TURB_OUTPUT_01,737.6154
2024-01-16T06:22:00,TURB_SPEED_01,3012.6742
2024-01-16T06:22:00,TURB_VIB_01,2.9727
2024-01-16T06:22:00,TURB_OUTPUT_01,734.8186
2024-01-16T06:22:00,TURB_BEAR_01,85.9861
2024-01-16T06:23:00,TURB_SPEED_01,3012.9907
2024-01-16T06:23:00,TURB_VIB_01,3.0087
2024-01-16T06:23:00,TURB_OUTPUT_01,736.0533
2024-01-16T06:24:00,TURB_SPEED_01,3013.105
2024-01-16T06:24:00,TURB_VIB_01,3.1764
2024-01-16T06:24:00,TURB_OUTPUT_01,740.2088
2024-01-16T06:24:00,TURB_BEAR_01,87.4766
2024-01-16T06:25:00,TURB_SPEED_01,3013.1166
2024-01-16T06:25:00,TURB_VIB_01,3.1085
2024-01-16T06:25:00,TURB_OUTPUT_01,741.1719
2024-01-16T06:26:00,TURB_SPEED_01,3012.8349
2024-01-16T06:26:00,TURB_VIB_01,3.0616
2024-01-16T06:26:00,TURB_OUTPUT_01,733.468
2024-01-16T06:26:00,TURB_BEAR_01,86.6806
2024-01-16T06:27:00,TURB_SPEED_01,3013.0606
2024-01-16T06:27:00,TURB_VIB_01,3.1778
2024-01-16T06:27:00,TURB_OUTPUT_01,747.4704
2024-01-16T06:28:00,TURB_SPEED_01,3013.1446
2024-01-16T06:28:00,TURB_VIB_01,3.0248
2024-01-16T06:28:00,TURB_OUTPUT_01,733.3639
2024-01-16T06:28:00,TURB_BEAR_01,86.5223
2024-01-16T06:29:00,TURB_SPEED_01,3013.1208
2024-01-16T06:29:00,TURB_VIB_01,3.1131
2024-01-16T06:29:00,TURB_OUTPUT_01,735.3006
2024-01-16T06:30:00,TURB_SPEED_01,3012.8135
2024-01-16T06:30:00,TURB_VIB_01,3.049
2024-01-16T06:30:00,TURB_OUTPUT_01,736.2426
2024-01-16T06:30:00,TURB_BEAR_01,86.6121
2024-01-16T06:31:00,TURB_SPEED_01,3013.1724
2024-01-16T06:31:00,TURB_VIB_01,3.0978
2024-01-16T06:31:00,TURB_OUTPUT_01,745.8993
2024-01-16T06:32:00,TURB_SPEED_01,3013.154
2024-01-16T06:32:00,TURB_VIB_01,3.035
2024-01-16T06:32:00,TURB_OUTPUT_01,734.9417
2024-01-16T06:32:00,TURB_BEAR_01,87.0172
2024-01-16T06:33:00,TURB_SPEED_01,3012.7838
2024-01-16T06:33:00,TURB_VIB_01,3.0548
2024-01-16T06:33:00,TURB_OUTPUT_01,741.9751
2024-01-16T06:34:00,TURB_SPEED_01,3012.8409
2024-01-16T06:34:00,TURB_VIB_01,3.1498
2024-01-16T06:34:00,TURB_OUTPUT_01,744.2364
2024-01-16T06:34:00,TURB_BEAR_01,86.984
2024-01-16T06:35:00,TURB_SPEED_01,3012.7494
2024-01-16T06:35:00,TURB_VIB_01,3.0675
2024-01-16T06:35:00,TURB_OUTPUT_01,733.7416
2024-01-16T06:36:00,TURB_SPEED_01,3012.8403
2024-01-16T06:36:00,TURB_VIB_01,3.0867
2024-01-16T06:36:00,TURB_OUTPUT_01,739.175
2024-01-16T06:36:00,TURB_BEAR_01,86.9951
2024-01-16T06:37:00,TURB_SPEED_01,3012.9684
2024-01-16T06:37:00,TURB_VIB_01,3.0918
2024-01-16T06:37:00,TURB_OUTPUT_01,738.0029
2024-01-16T06:38:00,TURB_SPEED_01,3013.1021
2024-01-16T06:38:00,TURB_VIB_01,3.1612
2024-01-16T06:38:00,TURB_OUTPUT_01,742.3665
2024-01-16T06:38:00,TURB_BEAR_01,87.4586
2024-01-16T06:39:00,TURB_SPEED_01,3013.2194
2024-01-16T06:39:00,TURB_VIB_01,3.1508
2024-01-16T06:39:00,TURB_OUTPUT_01,746.6688
2024-01-16T06:40:00,TURB_SPEED_01,3012.9207
2024-01-16T06:40:00,TURB_VIB_01,3.1091
2024-01-16T06:40:00,TURB_OUTPUT_01,737.427
2024-01-16T06:40:00,TURB_BEAR_01,87.0728
2024-01-16T06:41:00,TURB_SPEED_01,3013.078
2024-01-16T06:41:00,TURB_VIB_01,3.1566
2024-01-16T06:41:00,TURB_OUTPUT_01,742.7074
2024-01-16T06:42:00,TURB_SPEED_01,3012.9172
2024-01-16T06:42:00,TURB_VIB_01,3.1648
2024-01-16T06:42:00,TURB_OUTPUT_01,742.1156
2024-01-16T06:42:00,TURB_BEAR_01,87.6141
2024-01-16T06:43:00,TURB_SPEED_01,3013.0666
2024-01-16T06:43:00,TURB_VIB_01,3.0956
2024-01-16T06:43:00,TURB_OUTPUT_01,738.3277
2024-01-16T06:44:00,TURB_SPEED_01,3012.892
2024-01-16T06:44:00,TURB_VIB_01,3.0919
2024-01-16T06:44:00,TURB_OUTPUT_01,732.3953
2024-01-16T06:44:00,TURB_BEAR_01,87.1094
2024-01-16T06:45:00,TURB_SPEED_01,3013.4387
2024-01-16T06:45:00,TURB_VIB_01,3.0941
2024-01-16T06:45:00,TURB_OUTPUT_01,737.9827
2024-01-16T06:46:00,TURB_SPEED_01,3012.8936
2024-01-16T06:46:00,TURB_VIB_01,3.0473
2024-01-16T06:46:00,TURB_OUTPUT_01,741.1028
2024-01-16T06:46:00,TURB_BEAR_01,86.7391
2024-01-16T06:47:00,TURB_SPEED_01,3013.2479
2024-01-16T06:47:00,TURB_VIB_01,3.0948
2024-01-16T06:47:00,TURB_OUTPUT_01,744.6399
2024-01-16T06:48:00,TURB_SPEED_01,3013.2638
2024-01-16T06:48:00,TURB_VIB_01,3.0665
2024-01-16T06:48:00,TURB_OUTPUT_01,744.7914
2024-01-16T06:48:00,TURB_BEAR_01,87.3451
2024-01-16T06:49:00,TURB_SPEED_01,3012.8891
2024-01-16T06:49:00,TURB_VIB_01,3.0527
2024-01-16T06:49:00,TURB_OUTPUT_01,745.4156
2024-01-16T06:50:00,TURB_SPEED_01,3012.849
2024-01-16T06:50:00,TURB_VIB_01,3.0701
2024-01-16T06:50:00,TURB_OUTPUT_01,736.4984
2024-01-16T06:50:00,TURB_BEAR_01,86.9103
2024-01-16T06:51:00,TURB_SPEED_01,3012.7272
2024-01-16T06:51:00,TURB_VIB_01,3.0884
2024-01-16T06:51:00,TURB_OUTPUT_01,738.1771
2024-01-16T06:52:00,TURB_SPEED_01,3013.0933
2024-01-16T06:52:00,TURB_VIB_01,3.1398
2024-01-16T06:52:00,TURB_OUTPUT_01,742.0201
2024-01-16T06:52:00,TURB_BEAR_01,86.9926
2024-01-16T06:53:00,TURB_SPEED_01,3012.9921
2024-01-16T06:53:00,TURB_VIB_01,3.0837
2024-01-16T06:53:00,TURB_OUTPUT_01,741.9171
2024-01-16T06:54:00,TURB_SPEED_01,3013.3476
2024-01-16T06:54:00,TURB_VIB_01,3.1498
2024-01-16T06:54:00,TURB_OUTPUT_01,740.4926
2024-01-16T06:54:00,TURB_BEAR_01,87.3634
2024-01-16T06:55:00,TURB_SPEED_01,3012.887
2024-01-16T06:55:00,TURB_VIB_01,3.0744
2024-01-16T06:55:00,TURB_OUTPUT_01,737.5699
2024-01-16T06:56:00,TURB_SPEED_01,3012.6854
2024-01-16T06:56:00,TURB_VIB_01,3.0915
2024-01-16T06:56:00,TURB_OUTPUT_01,741.8263
2024-01-16T06:56:00,TURB_BEAR_01,87.3505
2024-01-16T06:57:00,TURB_SPEED_01,3013.0203
2024-01-16T06:57:00,TURB_VIB_01,3.1222
2024-01-16T06:57:00,TURB_OUTPUT_01,740.7952
2024-01-16T06:58:00,TURB_SPEED_01,3013.1583
2024-01-16T06:58:00,TURB_VIB_01,3.0926
2024-01-16T06:58:00,TURB_OUTPUT_01,744.4287
2024-01-16T06:58:00,TURB_BEAR_01,87.3122
2024-01-16T06:59:00,TURB_SPEED_01,3012.5953
2024-01-16T06:59:00,TURB_VIB_01,3.1081
2024-01-16T06:59:00,TURB_OUTPUT_01,731.0131
2024-01-16T07:00:00,TURB_SPEED_01,3013.2865
2024-01-16T07:00:00,TURB_VIB_01,3.0882
2024-01-16T07:00:00,TURB_OUTPUT_01,740.9208
2024-01-16T07:00:00,TURB_BEAR_01,86.9296
2024-01-16T07:01:00,TURB_SPEED_01,3012.7227
2024-01-16T07:01:00,TURB_VIB_01,3.1074
2024-01-16T07:01:00,TURB_OUTPUT_01,734.7523
2024-01-16T07:02:00,TURB_SPEED_01,3013.2858
2024-01-16T07:02:00,TURB_VIB_01,3.1612
2024-01-16T07:02:00,TURB_OUTPUT_01,741.5404
2024-01-16T07:02:00,TURB_BEAR_01,87.433
2024-01-16T07:03:00,TURB_SPEED_01,3012.7457
2024-01-16T07:03:00,TURB_VIB_01,3.1569
2024-01-16T07:03:00,TURB_OUTPUT_01,734.8753
2024-01-16T07:04:00,TURB_SPEED_01,3012.6563
2024-01-16T07:04:00,TURB_VIB_01,3.0564
2024-01-16T07:04:00,TURB_OUTPUT_01,737.8367
2024-01-16T07:04:00,TURB_BEAR_01,86.0433
2024-01-16T07:05:00,TURB_SPEED_01,3013.2042
2024-01-16T07:05:00,TURB_VIB_01,3.0782
2024-01-16T07:05:00,TURB_OUTPUT_01,743.9425
2024-01-16T07:06:00,TURB_SPEED_01,3013.0621
2024-01-16T07:06:00,TURB_VIB_01,3.1384
2024-01-16T07:06:00,TURB_OUTPUT_01,742.2036
2024-01-16T07:06:00,TURB_BEAR_01,87.3146
2024-01-16T07:07:00,TURB_SPEED_01,3012.8546
2024-01-16T07:07:00,TURB_VIB_01,3.0771
2024-01-16T07:07:00,TURB_OUTPUT_01,735.0158
2024-01-16T07:08:00,TURB_SPEED_01,3013.2386
2024-01-16T07:08:00,TURB_VIB_01,3.0247
2024-01-16T07:08:00,TURB_OUTPUT_01,738.0307
2024-01-16T07:08:00,TURB_BEAR_01,86.8796
2024-01-16T07:09:00,TURB_SPEED_01,3012.8182
2024-01-16T07:09:00,TURB_VIB_01,3.0236
2024-01-16T07:09:00,TURB_OUTPUT_01,738.0084
2024-01-16T07:10:00,TURB_SPEED_01,3012.9708
2024-01-16T07:10:00,TURB_VIB_01,3.151
2024-01-16T07:10:00,TURB_OUTPUT_01,740.8405
2024-01-16T07:10:00,TURB_BEAR_01,86.7526
2024-01-16T07:11:00,TURB_SPEED_01,3013.136
2024-01-16T07:11:00,TURB_VIB_01,3.0708
2024-01-16T07:11:00,TURB_OUTPUT_01,745.9205
2024-01-16T07:12:00,TURB_SPEED_01,3013.3027
2024-01-16T07:12:00,TURB_VIB_01,3.1175
2024-01-16T07:12:00,TURB_OUTPUT_01,745.5398
2024-01-16T07:12:00,TURB_BEAR_01,86.9786
2024-01-16T07:13:00,TURB_SPEED_01,3012.8228
2024-01-16T07:13:00,TURB_VIB_01,3.0985
2024-01-16T07:13:00,TURB_OUTPUT_01,743.2404
2024-01-16T07:14:00,TURB_SPEED_01,3012.9704
2024-01-16T07:14:00,TURB_VIB_01,3.0686
2024-01-16T07:14:00,TURB_OUTPUT_01,733.0494
2024-01-16T07:14:00,TURB_BEAR_01,87.1352
2024-01-16T07:15:00,TURB_SPEED_01,3013.1038
2024-01-16T07:15:00,TURB_VIB_01,3.0442
2024-01-16T07:15:00,TURB_OUTPUT_01,739.3062
2024-01-16T07:16:00,TURB_SPEED_01,3012.8804
2024-01-16T07:16:00,TURB_VIB_01,3.0929
2024-01-16T07:16:00,TURB_OUTPUT_01,742.5583
2024-01-16T07:16:00,TURB_BEAR_01,87.816
2024-01-16T07:17:00,TURB_SPEED_01,3012.9265
2024-01-16T07:17:00,TURB_VIB_01,3.1396
2024-01-16T07:17:00,TURB_OUTPUT_01,737.8042
2024-01-16T07:18:00,TURB_SPEED_01,3012.761
2024-01-16T07:18:00,TURB_VIB_01,2.9629
2024-01-16T07:18:00,TURB_OUTPUT_01,731.9686
2024-01-16T07:18:00,TURB_BEAR_01,85.7522
2024-01-16T07:19:00,TURB_SPEED_01,3013.23
2024-01-16T07:19:00,TURB_VIB_01,3.115
2024-01-16T07:19:00,TURB_OUTPUT_01,739.8355
2024-01-16T07:20:00,TURB_SPEED_01,3012.8853
2024-01-16T07:20:00,TURB_VIB_01,3.0538
2024-01-16T07:20:00,TURB_OUTPUT_01,740.5041
2024-01-16T07:20:00,TURB_BEAR_01,86.7119
2024-01-16T07:21:00,TURB_SPEED_01,3012.9932
2024-01-16T07:21:00,TURB_VIB_01,3.1013
2024-01-16T07:21:00,TURB_OUTPUT_01,739.8011
2024-01-16T07:22:00,TURB_SPEED_01,3013.0421
2024-01-16T07:22:00,TURB_VIB_01,3.0452
2024-01-16T07:22:00,TURB_OUTPUT_01,739.3991
2024-01-16T07:22:00,TURB_BEAR_01,86.9573
2024-01-16T07:23:00,TURB_SPEED_01,3013.1168
2024-01-16T07:23:00,TURB_VIB_01,3.1035
2024-01-16T07:23:00,TURB_OUTPUT_01,741.0832
2024-01-16T07:24:00,TURB_SPEED_01,3013.2472
2024-01-16T07:24:00,TURB_VIB_01,3.0967
2024-01-16T07:24:00,TURB_OUTPUT_01,742.3536
2024-01-16T07:24:00,TURB_BEAR_01,87.0046
2024-01-16T07:25:00,TURB_SPEED_01,3013.0082
2024-01-16T07:25:00,TURB_VIB_01,3.1389
2024-01-16T07:25:00,TURB_OUTPUT_01,744.0589
2024-01-16T07:26:00,TURB_SPEED_01,3013.3719
2024-01-16T07:26:00,TURB_VIB_01,3.0667
2024-01-16T07:26:00,TURB_OUTPUT_01,737.2745
2024-01-16T07:26:00,TURB_BEAR_01,86.8749
2024-01-16T07:27:00,TURB_SPEED_01,3012.9095
2024-01-16T07:27:00,TURB_VIB_01,3.0847
2024-01-16T07:27:00,TURB_OUTPUT_01,736.5349
2024-01-16T07:28:00,TURB_SPEED_01,3012.5748
2024-01-16T07:28:00,TURB_VIB_01,2.9878
2024-01-16T07:28:00,TURB_OUTPUT_01,736.6726
2024-01-16T07:28:00,TURB_BEAR_01,86.1964
2024-01-16T07:29:00,TURB_SPEED_01,3012.9971
2024-01-16T07:29:00,TURB_VIB_01,3.0845
2024-01-16T07:29:00,TURB_OUTPUT_01,739.201
2024-01-16T07:30:00,TURB_SPEED_01,3013.3551
2024-01-16T07:30:00,TURB_VIB_01,3.1142
2024-01-16T07:30:00,TURB_OUTPUT_01,746.0793
2024-01-16T07:30:00,TURB_BEAR_01,86.3767
2024-01-16T07:31:00,TURB_SPEED_01,3013.2019
2024-01-16T07:31:00,TURB_VIB_01,3.145
2024-01-16T07:31:00,TURB_OUTPUT_01,737.4641
2024-01-16T07:32:00,TURB_SPEED_01,3012.9072
2024-01-16T07:32:00,TURB_VIB_01,3.0933
2024-01-16T07:32:00,TURB_OUTPUT_01,739.8176
2024-01-16T07:32:00,TURB_BEAR_01,86.5756
2024-01-16T07:33:00,TURB_SPEED_01,3012.5985
2024-01-16T07:33:00,TURB_VIB_01,3.0602
2024-01-16T07:33:00,TURB_OUTPUT_01,736.371
2024-01-16T07:34:00,TURB_SPEED_01,3013.2466
2024-01-16T07:34:00,TURB_VIB_01,3.1194
2024-01-16T07:34:00,TURB_OUTPUT_01,743.8475
2024-01-16T07:34:00,TURB_BEAR_01,86.8257
2024-01-16T07:35:00,TURB_SPEED_01,3013.0085
2024-01-16T07:35:00,TURB_VIB_01,3.0548
2024-01-16T07:35:00,TURB_OUTPUT_01,741.2406
2024-01-16T07:36:00,TURB_SPEED_01,3013.2043
2024-01-16T07:36:00,TURB_VIB_01,3.148
2024-01-16T07:36:00,TURB_OUTPUT_01,740.7843
2024-01-16T07:36:00,TURB_BEAR_01,87.4188
2024-01-16T07:37:00,TURB_SPEED_01,3013.4952
2024-01-16T07:37:00,TURB_VIB_01,3.1182
2024-01-16T07:37:00,TURB_OUTPUT_01,740.2774
2024-01-16T07:38:00,TURB_SPEED_01,3013.2118
2024-01-16T07:38:00,TURB_VIB_01,3.0912
2024-01-16T07:38:00,TURB_OUTPUT_01,741.6562
2024-01-16T07:38:00,TURB_BEAR_01,85.9968
2024-01-16T07:39:00,TURB_SPEED_01,3013.1229
2024-01-16T07:39:00,TURB_VIB_01,3.1173
2024-01-16T07:39:00,TURB_OUTPUT_01,742.5994
2024-01-16T07:40:00,TURB_SPEED_01,3013.058
2024-01-16T07:40:00,TURB_VIB_01,3.1351
2024-01-16T07:40:00,TURB_OUTPUT_01,741.5681
2024-01-16T07:40:00,TURB_BEAR_01,86.97
2024-01-16T07:41:00,TURB_SPEED_01,3013.2121
2024-01-16T07:41:00,TURB_VIB_01,3.1264
2024-01-16T07:41:00,TURB_OUTPUT_01,741.8436
2024-01-16T07:42:00,TURB_SPEED_01,3012.8396
2024-01-16T07:42:00,TURB_VIB_01,3.0966
2024-01-16T07:42:00,TURB_OUTPUT_01,739.5069
2024-01-16T07:42:00,TURB_BEAR_01,86.4884
2024-01-16T07:43:00,TURB_SPEED_01,3012.9804
2024-01-16T07:43:00,TURB_VIB_01,3.071
2024-01-16T07:43:00,TURB_OUTPUT_01,740.3188
2024-01-16T07:44:00,TURB_SPEED_01,3012.8504
2024-01-16T07:44:00,TURB_VIB_01,3.0529
2024-01-16T07:44:00,TURB_OUTPUT_01,743.3598
2024-01-16T07:44:00,TURB_BEAR_01,86.7319
2024-01-16T07:45:00,TURB_SPEED_01,3012.6078
2024-01-16T07:45:00,TURB_VIB_01,3.0257
2024-01-16T07:45:00,TURB_OUTPUT_01,734.5969
2024-01-16T07:46:00,TURB_SPEED_01,3013.0532
2024-01-16T07:46:00,TURB_VIB_01,3.129
2024-01-16T07:46:00,TURB_OUTPUT_01,745.0597
2024-01-16T07:46:00,TURB_BEAR_01,86.8715
2024-01-16T07:47:00,TURB_SPEED_01,3012.7881
2024-01-16T07:47:00,TURB_VIB_01,3.0923
2024-01-16T07:47:00,TURB_OUTPUT_01,735.1482
2024-01-16T07:48:00,TURB_SPEED_01,3013.1076
2024-01-16T07:48:00,TURB_VIB_01,3.1706
2024-01-16T07:48:00,TURB_OUTPUT_01,735.3459
2024-01-16T07:48:00,TURB_BEAR_01,86.54
2024-01-16T07:49:00,TURB_SPEED_01,3013.2608
2024-01-16T07:49:00,TURB_VIB_01,3.1279
2024-01-16T07:49:00,TURB_OUTPUT_01,739.7609
2024-01-16T07:50:00,TURB_SPEED_01,3012.7037
2024-01-16T07:50:00,TURB_VIB_01,3.1733
2024-01-16T07:50:00,TURB_OUTPUT_01,743.0042
2024-01-16T07:50:00,TURB_BEAR_01,86.6715
2024-01-16T07:51:00,TURB_SPEED_01,3012.9159
2024-01-16T07:51:00,TURB_VIB_01,3.0977
2024-01-16T07:51:00,TURB_OUTPUT_01,739.5215
2024-01-16T07:52:00,TURB_SPEED_01,3012.9994
2024-01-16T07:52:00,TURB_VIB_01,3.0356
2024-01-16T07:52:00,TURB_OUTPUT_01,736.3157
2024-01-16T07:52:00,TURB_BEAR_01,86.6644
2024-01-16T07:53:00,TURB_SPEED_01,3013.1964
2024-01-16T07:53:00,TURB_VIB_01,3.0744
2024-01-16T07:53:00,TURB_OUTPUT_01,738.7368
2024-01-16T07:54:00,TURB_SPEED_01,3013.273
2024-01-16T07:54:00,TURB_VIB_01,3.0995
2024-01-16T07:54:00,TURB_OUTPUT_01,741.0068
2024-01-16T07:54:00,TURB_BEAR_01,86.5388
2024-01-16T07:55:00,TURB_SPEED_01,3013.0698
2024-01-16T07:55:00,TURB_VIB_01,3.1112
2024-01-16T07:55:00,TURB_OUTPUT_01,738.4652
2024-01-16T07:56:00,TURB_SPEED_01,3013.124
2024-01-16T07:56:00,TURB_VIB_01,3.1063
2024-01-16T07:56:00,TURB_OUTPUT_01,740.5924
2024-01-16T07:56:00,TURB_BEAR_01,87.4188
2024-01-16T07:57:00,TURB_SPEED_01,3013.3728
2024-01-16T07:57:00,TURB_VIB_01,3.1604
2024-01-16T07:57:00,TURB_OUTPUT_01,741.5217
2024-01-16T07:58:00,TURB_SPEED_01,3013.1127
2024-01-16T07:58:00,TURB_VIB_01,3.1402
2024-01-16T07:58:00,TURB_OUTPUT_01,738.2859
2024-01-16T07:58:00,TURB_BEAR_01,87.3124
2024-01-16T07:59:00,TURB_SPEED_01,3012.6791
2024-01-16T07:59:00,TURB_VIB_01,3.0621
2024-01-16T07:59:00,TURB_OUTPUT_01,736.735
2024-01-16T08:00:00,TURB_SPEED_01,3012.8898
2024-01-16T08:00:00,TURB_VIB_01,3.095
2024-01-16T08:00:00,TURB_OUTPUT_01,738.2468
2024-01-16T08:00:00,TURB_BEAR_01,87.0836
2024-01-16T08:01:00,TURB_SPEED_01,3012.9665
2024-01-16T08:01:00,TURB_VIB_01,3.0583
2024-01-16T08:01:00,TURB_OUTPUT_01,738.0147
2024-01-16T08:02:00,TURB_SPEED_01,3012.8377
2024-01-16T08:02:00,TURB_VIB_01,3.0489
2024-01-16T08:02:00,TURB_OUTPUT_01,737.6109
2024-01-16T08:02:00,TURB_BEAR_01,86.9166
2024-01-16T08:03:00,TURB_SPEED_01,3013.1376
2024-01-16T08:03:00,TURB_VIB_01,3.1065
2024-01-16T08:03:00,TURB_OUTPUT_01,740.5802
2024-01-16T08:04:00,TURB_SPEED_01,3013.0369
2024-01-16T08:04:00,TURB_VIB_01,3.0422
2024-01-16T08:04:00,TURB_OUTPUT_01,737.3108
2024-01-16T08:04:00,TURB_BEAR_01,86.3571
2024-01-16T08:05:00,TURB_SPEED_01,3012.9533
2024-01-16T08:05:00,TURB_VIB_01,3.0642
2024-01-16T08:05:00,TURB_OUTPUT_01,736.7731
2024-01-16T08:06:00,TURB_SPEED_01,3012.6608
2024-01-16T08:06:00,TURB_VIB_01,3.0266
2024-01-16T08:06:00,TURB_OUTPUT_01,733.9991
2024-01-16T08:06:00,TURB_BEAR_01,86.5909
2024-01-16T08:07:00,TURB_SPEED_01,3012.717
2024-01-16T08:07:00,TURB_VIB_01,3.0449
2024-01-16T08:07:00,TURB_OUTPUT_01,731.7999
2024-01-16T08:08:00,TURB_SPEED_01,3012.7789
2024-01-16T08:08:00,TURB_VIB_01,3.026
2024-01-16T08:08:00,TURB_OUTPUT_01,735.1807
2024-01-16T08:08:00,TURB_BEAR_01,86.0
2024-01-16T08:09:00,TURB_SPEED_01,3013.5532
2024-01-16T08:09:00,TURB_VIB_01,3.2023
2024-01-16T08:09:00,TURB_OUTPUT_01,747.7873
2024-01-16T08:10:00,TURB_SPEED_01,3013.2397
2024-01-16T08:10:00,TURB_VIB_01,3.1016
2024-01-16T08:10:00,TURB_OUTPUT_01,744.3523
2024-01-16T08:10:00,TURB_BEAR_01,86.8925
2024-01-16T08:11:00,TURB_SPEED_01,3013.3018
2024-01-16T08:11:00,TURB_VIB_01,3.1163
2024-01-16T08:11:00,TURB_OUTPUT_01,738.9675
2024-01-16T08:12:00,TURB_SPEED_01,3012.6631
2024-01-16T08:12:00,TURB_VIB_01,3.1122
2024-01-16T08:12:00,TURB_OUTPUT_01,739.353
2024-01-16T08:12:00,TURB_BEAR_01,86.6383
2024-01-16T08:13:00,TURB_SPEED_01,3013.0284
2024-01-16T08:13:00,TURB_VIB_01,3.0106
2024-01-16T08:13:00,TURB_OUTPUT_01,734.0427
2024-01-16T08:14:00,TURB_SPEED_01,3013.2339
2024-01-16T08:14:00,TURB_VIB_01,3.1675
2024-01-16T08:14:00,TURB_OUTPUT_01,743.642
2024-01-16T08:14:00,TURB_BEAR_01,87.0241
2024-01-16T08:15:00,TURB_SPEED_01,3012.6264
2024-01-16T08:15:00,TURB_VIB_01,3.0957
2024-01-16T08:15:00,TURB_OUTPUT_01,737.7252
2024-01-16T08:16:00,TURB_SPEED_01,3013.026
2024-01-16T08:16:00,TURB_VIB_01,3.0672
2024-01-16T08:16:00,TURB_OUTPUT_01,742.4573
2024-01-16T08:16:00,TURB_BEAR_01,86.5936
2024-01-16T08:17:00,TURB_SPEED_01,3012.8023
2024-01-16T08:17:00,TURB_VIB_01,3.0462
2024-01-16T08:17:00,TURB_OUTPUT_01,740.2766
2024-01-16T08:18:00,TURB_SPEED_01,3013.0776
2024-01-16T08:18:00,TURB_VIB_01,3.1416
2024-01-16T08:18:00,TURB_OUTPUT_01,742.6538
2024-01-16T08:18:00,TURB_BEAR_01,87.0523
2024-01-16T08:19:00,TURB_SPEED_01,3012.6804
2024-01-16T08:19:00,TURB_VIB_01,3.0362
2024-01-16T08:19:00,TURB_OUTPUT_01,734.0328
2024-01-16T08:20:00,TURB_SPEED_01,3012.863
2024-01-16T08:20:00,TURB_VIB_01,3.0523
2024-01-16T08:20:00,TURB_OUTPUT_01,739.6053
2024-01-16T08:20:00,TURB_BEAR_01,87.149
2024-01-16T08:21:00,TURB_SPEED_01,3012.8401
2024-01-16T08:21:00,TURB_VIB_01,3.0586
2024-01-16T08:21:00,TURB_OUTPUT_01,741.9731
2024-01-16T08:22:00,TURB_SPEED_01,3012.9116
2024-01-16T08:22:00,TURB_VIB_01,3.041
2024-01-16T08:22:00,TURB_OUTPUT_01,736.8925
2024-01-16T08:22:00,TURB_BEAR_01,86.3651
2024-01-16T08:23:00,TURB_SPEED_01,3012.9096
2024-01-16T08:23:00,TURB_VIB_01,3.0977
2024-01-16T08:23:00,TURB_OUTPUT_01,739.2942
2024-01-16T08:24:00,TURB_SPEED_01,3013.0588
2024-01-16T08:24:00,TURB_VIB_01,3.0408
2024-01-16T08:24:00,TURB_OUTPUT_01,732.1307
2024-01-16T08:24:00,TURB_BEAR_01,85.6489
2024-01-16T08:25:00,TURB_SPEED_01,3012.7167
2024-01-16T08:25:00,TURB_VIB_01,2.9898
2024-01-16T08:25:00,TURB_OUTPUT_01,730.7099
2024-01-16T08:26:00,TURB_SPEED_01,3013.0863
2024-01-16T08:26:00,TURB_VIB_01,3.0804
2024-01-16T08:26:00,TURB_OUTPUT_01,739.76
2024-01-16T08:26:00,TURB_BEAR_01,86.508
2024-01-16T08:27:00,TURB_SPEED_01,3013.242
2024-01-16T08:27:00,TURB_VIB_01,3.0973
2024-01-16T08:27:00,TURB_OUTPUT_01,743.5569
2024-01-16T08:28:00,TURB_SPEED_01,3012.5166
2024-01-16T08:28:00,TURB_VIB_01,3.0271
2024-01-16T08:28:00,TURB_OUTPUT_01,729.068
2024-01-16T08:28:00,TURB_BEAR_01,85.7853
2024-01-16T08:29:00,TURB_SPEED_01,3013.3426
2024-01-16T08:29:00,TURB_VIB_01,3.1303
2024-01-16T08:29:00,TURB_OUTPUT_01,740.4198
2024-01-16T08:30:00,TURB_SPEED_01,3012.9298
2024-01-16T08:30:00,TURB_VIB_01,3.0774
2024-01-16T08:30:00,TURB_OUTPUT_01,745.0969
2024-01-16T08:30:00,TURB_BEAR_01,86.2312
2024-01-16T08:31:00,TURB_SPEED_01,3012.7592
2024-01-16T08:31:00,TURB_VIB_01,3.1122
2024-01-16T08:31:00,TURB_OUTPUT_01,738.5504
2024-01-16T08:32:00,TURB_SPEED_01,3013.0882
2024-01-16T08:32:00,TURB_VIB_01,3.1001
2024-01-16T08:32:00,TURB_OUTPUT_01,736.749
2024-01-16T08:32:00,TURB_BEAR_01,86.7622
2024-01-16T08:33:00,TURB_SPEED_01,3013.1739
2024-01-16T08:33:00,TURB_VIB_01,3.1442
2024-01-16T08:33:00,TURB_OUTPUT_01,745.6573
2024-01-16T08:34:00,TURB_SPEED_01,3013.1464
2024-01-16T08:34:00,TURB_VIB_01,3.1587
2024-01-16T08:34:00,TURB_OUTPUT_01,745.0916
2024-01-16T08:34:00,TURB_BEAR_01,86.9031
2024-01-16T08:35:00,TURB_SPEED_01,3012.856
2024-01-16T08:35:00,TURB_VIB_01,3.048
2024-01-16T08:35:00,TURB_OUTPUT_01,731.0579
2024-01-16T08:36:00,TURB_SPEED_01,3013.1367
2024-01-16T08:36:00,TURB_VIB_01,3.1201
2024-01-16T08:36:00,TURB_OUTPUT_01,744.2838
2024-01-16T08:36:00,TURB_BEAR_01,87.0823
2024-01-16T08:37:00,TURB_SPEED_01,3012.5104
2024-01-16T08:37:00,TURB_VIB_01,2.9758
2024-01-16T08:37:00,TURB_OUTPUT_01,731.8094
2024-01-16T08:38:00,TURB_SPEED_01,3013.0197
2024-01-16T08:38:00,TURB_VIB_01,3.1509
2024-01-16T08:38:00,TURB_OUTPUT_01,741.0555
2024-01-16T08:38:00,TURB_BEAR_01,86.538
2024-01-16T08:39:00,TURB_SPEED_01,3012.8588
2024-01-16T08:39:00,TURB_VIB_01,3.0753
2024-01-16T08:39:00,TURB_OUTPUT_01,733.9534
2024-01-16T08:40:00,TURB_SPEED_01,3013.1138
2024-01-16T08:40:00,TURB_VIB_01,3.0487
2024-01-16T08:40:00,TURB_OUTPUT_01,744.7579
2024-01-16T08:40:00,TURB_BEAR_01,86.1998
2024-01-16T08:41:00,TURB_SPEED_01,3013.2086
2024-01-16T08:41:00,TURB_VIB_01,3.1077
2024-01-16T08:41:00,TURB_OUTPUT_01,738.9846
2024-01-16T08:42:00,TURB_SPEED_01,3013.2736
2024-01-16T08:42:00,TURB_VIB_01,3.1208
2024-01-16T08:42:00,TURB_OUTPUT_01,742.4969
2024-01-16T08:42:00,TURB_BEAR_01,86.8192
2024-01-16T08:43:00,TURB_SPEED_01,3013.2855
2024-01-16T08:43:00,TURB_VIB_01,3.1114
2024-01-16T08:43:00,TURB_OUTPUT_01,741.9495
2024-01-16T08:44:00,TURB_SPEED_01,3013.1462
2024-01-16T08:44:00,TURB_VIB_01,3.0908
2024-01-16T08:44:00,TURB_OUTPUT_01,740.5927
2024-01-16T08:44:00,TURB_BEAR_01,86.5037
2024-01-16T08:45:00,TURB_SPEED_01,3012.8226
2024-01-16T08:45:00,TURB_VIB_01,3.0222
2024-01-16T08:45:00,TURB_OUTPUT_01,743.2874
2024-01-16T08:46:00,TURB_SPEED_01,3013.0487
2024-01-16T08:46:00,TURB_VIB_01,3.1452
2024-01-16T08:46:00,TURB_OUTPUT_01,739.9739
2024-01-16T08:46:00,TURB_BEAR_01,87.0404
2024-01-16T08:47:00,TURB_SPEED_01,3012.9215
2024-01-16T08:47:00,TURB_VIB_01,3.0306
2024-01-16T08:47:00,TURB_OUTPUT_01,737.5903
2024-01-16T08:48:00,TURB_SPEED_01,3013.4315
2024-01-16T08:48:00,TURB_VIB_01,3.2238
2024-01-16T08:48:00,TURB_OUTPUT_01,740.8408
2024-01-16T08:48:00,TURB_BEAR_01,86.9812
2024-01-16T08:49:00,TURB_SPEED_01,3012.7878
2024-01-16T08:49:00,TURB_VIB_01,3.0794
2024-01-16T08:49:00,TURB_OUTPUT_01,738.4943
2024-01-16T08:50:00,TURB_SPEED_01,3012.848
2024-01-16T08:50:00,TURB_VIB_01,3.1233
2024-01-16T08:50:00,TURB_OUTPUT_01,737.4891
2024-01-16T08:50:00,TURB_BEAR_01,86.0526
2024-01-16T08:51:00,TURB_SPEED_01,3012.8757
2024-01-16T08:51:00,TURB_VIB_01,3.1306
2024-01-16T08:51:00,TURB_OUTPUT_01,734.9408
2024-01-16T08:52:00,TURB_SPEED_01,3012.78
2024-01-16T08:52:00,TURB_VIB_01,3.0632
2024-01-16T08:52:00,TURB_OUTPUT_01,740.9157
2024-01-16T08:52:00,TURB_BEAR_01,86.2775
2024-01-16T08:53:00,TURB_SPEED_01,3012.8971
2024-01-16T08:53:00,TURB_VIB_01,3.0595
2024-01-16T08:53:00,TURB_OUTPUT_01,733.7575
2024-01-16T08:54:00,TURB_SPEED_01,3012.8282
2024-01-16T08:54:00,TURB_VIB_01,3.065
2024-01-16T08:54:00,TURB_OUTPUT_01,747.3259
2024-01-16T08:54:00,TURB_BEAR_01,86.4999
2024-01-16T08:55:00,TURB_SPEED_01,3013.1192
2024-01-16T08:55:00,TURB_VIB_01,3.0944
2024-01-16T08:55:00,TURB_OUTPUT_01,739.2236
2024-01-16T08:56:00,TURB_SPEED_01,3012.9387
2024-01-16T08:56:00,TURB_VIB_01,3.0972
2024-01-16T08:56:00,TURB_OUTPUT_01,737.2238
2024-01-16T08:56:00,TURB_BEAR_01,86.522
2024-01-16T08:57:00,TURB_SPEED_01,3012.6796
2024-01-16T08:57:00,TURB_VIB_01,3.0631
2024-01-16T08:57:00,TURB_OUTPUT_01,736.0867
2024-01-16T08:58:00,TURB_SPEED_01,3012.6352
2024-01-16T08:58:00,TURB_VIB_01,3.043
2024-01-16T08:58:00,TURB_OUTPUT_01,735.3134
2024-01-16T08:58:00,TURB_BEAR_01,85.8463
2024-01-16T08:59:00,TURB_SPEED_01,3012.8799
2024-01-16T08:59:00,TURB_VIB_01,3.1132
2024-01-16T08:59:00,TURB_OUTPUT_01,738.5772
2024-01-16T09:00:00,TURB_SPEED_01,3013.0464
2024-01-16T09:00:00,TURB_VIB_01,3.0263
2024-01-16T09:00:00,TURB_OUTPUT_01,738.3944
2024-01-16T09:00:00,TURB_BEAR_01,86.4123
2024-01-16T09:01:00,TURB_SPEED_01,3012.9731
2024-01-16T09:01:00,TURB_VIB_01,3.1481
2024-01-16T09:01:00,TURB_OUTPUT_01,736.119
2024-01-16T09:02:00,TURB_SPEED_01,3013.085
2024-01-16T09:02:00,TURB_VIB_01,3.136
2024-01-16T09:02:00,TURB_OUTPUT_01,735.299
2024-01-16T09:02:00,TURB_BEAR_01,87.0332
2024-01-16T09:03:00,TURB_SPEED_01,3012.9587
2024-01-16T09:03:00,TURB_VIB_01,3.0964
2024-01-16T09:03:00,TURB_OUTPUT_01,737.2473
2024-01-16T09:04:00,TURB_SPEED_01,3012.476
2024-01-16T09:04:00,TURB_VIB_01,3.0128
2024-01-16T09:04:00,TURB_OUTPUT_01,730.1175
2024-01-16T09:04:00,TURB_BEAR_01,86.0149
2024-01-16T09:05:00,TURB_SPEED_01,3013.2686
2024-01-16T09:05:00,TURB_VIB_01,3.1632
2024-01-16T09:05:00,TURB_OUTPUT_01,751.6354
2024-01-16T09:06:00,TURB_SPEED_01,3012.9924
2024-01-16T09:06:00,TURB_VIB_01,3.1197
2024-01-16T09:06:00,TURB_OUTPUT_01,736.904
2024-01-16T09:06:00,TURB_BEAR_01,86.6198
2024-01-16T09:07:00,TURB_SPEED_01,3012.692
2024-01-16T09:07:00,TURB_VIB_01,3.1036
2024-01-16T09:07:00,TURB_OUTPUT_01,738.7662
2024-01-16T09:08:00,TURB_SPEED_01,3012.8503
2024-01-16T09:08:00,TURB_VIB_01,3.1716
2024-01-16T09:08:00,TURB_OUTPUT_01,742.7648
2024-01-16T09:08:00,TURB_BEAR_01,86.6629
2024-01-16T09:09:00,TURB_SPEED_01,3013.0261
2024-01-16T09:09:00,TURB_VIB_01,3.0678
2024-01-16T09:09:00,TURB_OUTPUT_01,739.455
2024-01-16T09:10:00,TURB_SPEED_01,3012.9597
2024-01-16T09:10:00,TURB_VIB_01,3.0575
2024-01-16T09:10:00,TURB_OUTPUT_01,737.5598
2024-01-16T09:10:00,TURB_BEAR_01,86.1406
2024-01-16T09:11:00,TURB_SPEED_01,3013.1292
2024-01-16T09:11:00,TURB_VIB_01,3.1025
2024-01-16T09:11:00,TURB_OUTPUT_01,742.5518
2024-01-16T09:12:00,TURB_SPEED_01,3012.9311
2024-01-16T09:12:00,TURB_VIB_01,3.113
2024-01-16T09:12:00,TURB_OUTPUT_01,740.9182
2024-01-16T09:12:00,TURB_BEAR_01,86.0204
2024-01-16T09:13:00,TURB_SPEED_01,3013.1689
2024-01-16T09:13:00,TURB_VIB_01,3.1015
2024-01-16T09:13:00,TURB_OUTPUT_01,744.4177
2024-01-16T09:14:00,TURB_SPEED_01,3013.0432
2024-01-16T09:14:00,TURB_VIB_01,3.0843
2024-01-16T09:14:00,TURB_OUTPUT_01,744.015
2024-01-16T09:14:00,TURB_BEAR_01,86.4465
2024-01-16T09:15:00,TURB_SPEED_01,3013.1542
2024-01-16T09:15:00,TURB_VIB_01,3.1463
2024-01-16T09:15:00,TURB_OUTPUT_01,742.7918
2024-01-16T09:16:00,TURB_SPEED_01,3012.7893
2024-01-16T09:16:00,TURB_VIB_01,3.0533
2024-01-16T09:16:00,TURB_OUTPUT_01,736.1264
2024-01-16T09:16:00,TURB_BEAR_01,86.5269
2024-01-16T09:17:00,TURB_SPEED_01,3012.6393
2024-01-16T09:17:00,TURB_VIB_01,3.0323
2024-01-16T09:17:00,TURB_OUTPUT_01,738.0684
2024-01-16T09:18:00,TURB_SPEED_01,3013.2229
2024-01-16T09:18:00,TURB_VIB_01,3.1328
2024-01-16T09:18:00,TURB_OUTPUT_01,746.6408
2024-01-16T09:18:00,TURB_BEAR_01,86.7664
2024-01-16T09:19:00,TURB_SPEED_01,3013.1337
2024-01-16T09:19:00,TURB_VIB_01,3.119
2024-01-16T09:19:00,TURB_OUTPUT_01,738.4968
2024-01-16T09:20:00,TURB_SPEED_01,3012.7367
2024-01-16T09:20:00,TURB_VIB_01,3.0887
2024-01-16T09:20:00,TURB_OUTPUT_01,739.2888
2024-01-16T09:20:00,TURB_BEAR_01,86.7401
2024-01-16T09:21:00,TURB_SPEED_01,3013.0771
2024-01-16T09:21:00,TURB_VIB_01,3.1598
2024-01-16T09:21:00,TURB_OUTPUT_01,736.5774
2024-01-16T09:22:00,TURB_SPEED_01,3013.3198
2024-01-16T09:22:00,TURB_VIB_01,3.1522
2024-01-16T09:22:00,TURB_OUTPUT_01,753.3397
2024-01-16T09:22:00,TURB_BEAR_01,87.3394
2024-01-16T09:23:00,TURB_SPEED_01,3013.0474
2024-01-16T09:23:00,TURB_VIB_01,3.0904
2024-01-16T09:23:00,TURB_OUTPUT_01,734.8555
2024-01-16T09:24:00,TURB_SPEED_01,3013.0863
2024-01-16T09:24:00,TURB_VIB_01,3.0527
2024-01-16T09:24:00,TURB_OUTPUT_01,744.7223
2024-01-16T09:24:00,TURB_BEAR_01,86.6802
2024-01-16T09:25:00,TURB_SPEED_01,3012.8835
2024-01-16T09:25:00,TURB_VIB_01,3.1117
2024-01-16T09:25:00,TURB_OUTPUT_01,738.2561
2024-01-16T09:26:00,TURB_SPEED_01,3013.1735
2024-01-16T09:26:00,TURB_VIB_01,3.1027
2024-01-16T09:26:00,TURB_OUTPUT_01,746.8756
2024-01-16T09:26:00,TURB_BEAR_01,86.3836
2024-01-16T09:27:00,TURB_SPEED_01,3013.0465
2024-01-16T09:27:00,TURB_VIB_01,3.0834
2024-01-16T09:27:00,TURB_OUTPUT_01,731.4639
2024-01-16T09:28:00,TURB_SPEED_01,3013.0356
2024-01-16T09:28:00,TURB_VIB_01,3.0739
2024-01-16T09:28:00,TURB_OUTPUT_01,737.5109
2024-01-16T09:28:00,TURB_BEAR_01,86.3944
2024-01-16T09:29:00,TURB_SPEED_01,3013.0477
2024-01-16T09:29:00,TURB_VIB_01,3.0578
2024-01-16T09:29:00,TURB_OUTPUT_01,739.0043
2024-01-16T09:30:00,TURB_SPEED_01,3013.083
2024-01-16T09:30:00,TURB_VIB_01,3.0935
2024-01-16T09:30:00,TURB_OUTPUT_01,740.6361
2024-01-16T09:30:00,TURB_BEAR_01,86.5685
2024-01-16T09:31:00,TURB_SPEED_01,3012.6069
2024-01-16T09:31:00,TURB_VIB_01,3.0786
2024-01-16T09:31:00,TURB_OUTPUT_01,738.5905
2024-01-16T09:32:00,TURB_SPEED_01,3013.0232
2024-01-16T09:32:00,TURB_VIB_01,3.1276
2024-01-16T09:32:00,TURB_OUTPUT_01,741.0071
2024-01-16T09:32:00,TURB_BEAR_01,86.7407
2024-01-16T09:33:00,TURB_SPEED_01,3013.1479
2024-01-16T09:33:00,TURB_VIB_01,3.1452
2024-01-16T09:33:00,TURB_OUTPUT_01,739.0814
2024-01-16T09:34:00,TURB_SPEED_01,3013.1948
2024-01-16T09:34:00,TURB_VIB_01,3.1434
2024-01-16T09:34:00,TURB_OUTPUT_01,740.0005
2024-01-16T09:34:00,TURB_BEAR_01,86.2767
2024-01-16T09:35:00,TURB_SPEED_01,3012.9139
2024-01-16T09:35:00,TURB_VIB_01,3.0167
2024-01-16T09:35:00,TURB_OUTPUT_01,739.1551
2024-01-16T09:36:00,TURB_SPEED_01,3012.8751
2024-01-16T09:36:00,TURB_VIB_01,3.0568
2024-01-16T09:36:00,TURB_OUTPUT_01,735.5995
2024-01-16T09:36:00,TURB_BEAR_01,85.5866
2024-01-16T09:37:00,TURB_SPEED_01,3013.1514
2024-01-16T09:37:00,TURB_VIB_01,3.0333
2024-01-16T09:37:00,TURB_OUTPUT_01,731.3465
2024-01-16T09:38:00,TURB_SPEED_01,3013.3818
2024-01-16T09:38:00,TURB_VIB_01,3.1114
2024-01-16T09:38:00,TURB_OUTPUT_01,742.9796
2024-01-16T09:38:00,TURB_BEAR_01,86.6999
2024-01-16T09:39:00,TURB_SPEED_01,3012.9738
2024-01-16T09:39:00,TURB_VIB_01,3.0509
2024-01-16T09:39:00,TURB_OUTPUT_01,737.184
2024-01-16T09:40:00,TURB_SPEED_01,3012.9137
2024-01-16T09:40:00,TURB_VIB_01,3.0428
2024-01-16T09:40:00,TURB_OUTPUT_01,738.3755
2024-01-16T09:40:00,TURB_BEAR_01,86.8805
2024-01-16T09:41:00,TURB_SPEED_01,3012.9929
2024-01-16T09:41:00,TURB_VIB_01,3.0942
2024-01-16T09:41:00,TURB_OUTPUT_01,738.6735
2024-01-16T09:42:00,TURB_SPEED_01,3013.326
2024-01-16T09:42:00,TURB_VIB_01,3.1689
2024-01-16T09:42:00,TURB_OUTPUT_01,739.9251
2024-01-16T09:42:00,TURB_BEAR_01,87.0193
2024-01-16T09:43:00,TURB_SPEED_01,3013.1045
2024-01-16T09:43:00,TURB_VIB_01,3.0698
2024-01-16T09:43:00,TURB_OUTPUT_01,738.629
2024-01-16T09:44:00,TURB_SPEED_01,3012.8181
2024-01-16T09:44:00,TURB_VIB_01,3.0778
2024-01-16T09:44:00,TURB_OUTPUT_01,736.8047
2024-01-16T09:44:00,TURB_BEAR_01,86.4639
2024-01-16T09:45:00,TURB_SPEED_01,3012.7512
2024-01-16T09:45:00,TURB_VIB_01,3.0895
2024-01-16T09:45:00,TURB_OUTPUT_01,745.6313
2024-01-16T09:46:00,TURB_SPEED_01,3013.1126
2024-01-16T09:46:00,TURB_VIB_01,3.0818
2024-01-16T09:46:00,TURB_OUTPUT_01,746.0579
2024-01-16T09:46:00,TURB_BEAR_01,86.449
2024-01-16T09:47:00,TURB_SPEED_01,3012.9437
2024-01-16T09:47:00,TURB_VIB_01,3.0823
2024-01-16T09:47:00,TURB_OUTPUT_01,737.7154
2024-01-16T09:48:00,TURB_SPEED_01,3013.4533
2024-01-16T09:48:00,TURB_VIB_01,3.1789
2024-01-16T09:48:00,TURB_OUTPUT_01,744.0911
2024-01-16T09:48:00,TURB_BEAR_01,86.618
2024-01-16T09:49:00,TURB_SPEED_01,3012.8196
2024-01-16T09:49:00,TURB_VIB_01,3.0643
2024-01-16T09:49:00,TURB_OUTPUT_01,743.3239
2024-01-16T09:50:00,TURB_SPEED_01,3012.7806
2024-01-16T09:50:00,TURB_VIB_01,3.0916
2024-01-16T09:50:00,TURB_OUTPUT_01,733.9753
2024-01-16T09:50:00,TURB_BEAR_01,85.7177
2024-01-16T09:51:00,TURB_SPEED_01,3012.962
2024-01-16T09:51:00,TURB_VIB_01,3.1249
2024-01-16T09:51:00,TURB_OUTPUT_01,739.7879
2024-01-16T09:52:00,TURB_SPEED_01,3012.8245
2024-01-16T09:52:00,TURB_VIB_01,3.021
2024-01-16T09:52:00,TURB_OUTPUT_01,737.1075
2024-01-16T09:52:00,TURB_BEAR_01,85.8529
2024-01-16T09:53:00,TURB_SPEED_01,3012.994
2024-01-16T09:53:00,TURB_VIB_01,3.119
2024-01-16T09:53:00,TURB_OUTPUT_01,743.7566
2024-01-16T09:54:00,TURB_SPEED_01,3012.9525
2024-01-16T09:54:00,TURB_VIB_01,3.1804
2024-01-16T09:54:00,TURB_OUTPUT_01,741.3841
2024-01-16T09:54:00,TURB_BEAR_01,86.5857
2024-01-16T09:55:00,TURB_SPEED_01,3013.1897
2024-01-16T09:55:00,TURB_VIB_01,3.1454
2024-01-16T09:55:00,TURB_OUTPUT_01,738.3708
2024-01-16T09:56:00,TURB_SPEED_01,3012.865
2024-01-16T09:56:00,TURB_VIB_01,3.1832
2024-01-16T09:56:00,TURB_OUTPUT_01,741.114
2024-01-16T09:56:00,TURB_BEAR_01,86.5209
2024-01-16T09:57:00,TURB_SPEED_01,3013.1925
2024-01-16T09:57:00,TURB_VIB_01,3.1207
2024-01-16T09:57:00,TURB_OUTPUT_01,740.1849
2024-01-16T09:58:00,TURB_SPEED_01,3013.3708
2024-01-16T09:58:00,TURB_VIB_01,3.1462
2024-01-16T09:58:00,TURB_OUTPUT_01,741.5226
2024-01-16T09:58:00,TURB_BEAR_01,86.4167
2024-01-16T09:59:00,TURB_SPEED_01,3013.261
2024-01-16T09:59:00,TURB_VIB_01,3.1005
2024-01-16T09:59:00,TURB_OUTPUT_01,742.3336
2024-01-16T10:00:00,TURB_SPEED_01,3012.7451
2024-01-16T10:00:00,TURB_VIB_01,3.0575
2024-01-16T10:00:00,TURB_OUTPUT_01,741.417
2024-01-16T10:00:00,TURB_BEAR_01,86.1471
2024-01-16T10:01:00,TURB_SPEED_01,3012.7479
2024-01-16T10:01:00,TURB_VIB_01,3.0174
2024-01-16T10:01:00,TURB_OUTPUT_01,739.5611
2024-01-16T10:02:00,TURB_SPEED_01,3013.2783
2024-01-16T10:02:00,TURB_VIB_01,3.1324
2024-01-16T10:02:00,TURB_OUTPUT_01,742.5704
2024-01-16T10:02:00,TURB_BEAR_01,86.5891
2024-01-16T10:03:00,TURB_SPEED_01,3013.0787
2024-01-16T10:03:00,TURB_VIB_01,3.1134
2024-01-16T10:03:00,TURB_OUTPUT_01,743.8937
2024-01-16T10:04:00,TURB_SPEED_01,3013.084
2024-01-16T10:04:00,TURB_VIB_01,3.126
2024-01-16T10:04:00,TURB_OUTPUT_01,744.0041
2024-01-16T10:04:00,TURB_BEAR_01,86.0688
2024-01-16T10:05:00,TURB_SPEED_01,3013.3163
2024-01-16T10:05:00,TURB_VIB_01,3.104
2024-01-16T10:05:00,TURB_OUTPUT_01,743.0428
2024-01-16T10:06:00,TURB_SPEED_01,3012.6313
2024-01-16T10:06:00,TURB_VIB_01,3.0479
2024-01-16T10:06:00,TURB_OUTPUT_01,739.7847
2024-01-16T10:06:00,TURB_BEAR_01,85.9223
2024-01-16T10:07:00,TURB_SPEED_01,3012.9242
2024-01-16T10:07:00,TURB_VIB_01,3.1414
2024-01-16T10:07:00,TURB_OUTPUT_01,742.1988
2024-01-16T10:08:00,TURB_SPEED_01,3012.9143
2024-01-16T10:08:00,TURB_VIB_01,3.0243
2024-01-16T10:08:00,TURB_OUTPUT_01,739.2249
2024-01-16T10:08:00,TURB_BEAR_01,85.9848
2024-01-16T10:09:00,TURB_SPEED_01,3012.7819
2024-01-16T10:09:00,TURB_VIB_01,3.1192
2024-01-16T10:09:00,TURB_OUTPUT_01,738.9644
2024-01-16T10:10:00,TURB_SPEED_01,3012.6861
2024-01-16T10:10:00,TURB_VIB_01,3.1223
2024-01-16T10:10:00,TURB_OUTPUT_01,742.2308
2024-01-16T10:10:00,TURB_BEAR_01,85.8613
2024-01-16T10:11:00,TURB_SPEED_01,3013.1308
2024-01-16T10:11:00,TURB_VIB_01,3.113
2024-01-16T10:11:00,TURB_OUTPUT_01,737.0597
2024-01-16T10:12:00,TURB_SPEED_01,3013.3393
2024-01-16T10:12:00,TURB_VIB_01,3.086
2024-01-16T10:12:00,TURB_OUTPUT_01,739.882
2024-01-16T10:12:00,TURB_BEAR_01,86.7714
2024-01-16T10:13:00,TURB_SPEED_01,3013.0131
2024-01-16T10:13:00,TURB_VIB_01,3.092
2024-01-16T10:13:00,TURB_OUTPUT_01,741.1904
2024-01-16T10:14:00,TURB_SPEED_01,3013.0486
2024-01-16T10:14:00,TURB_VIB_01,3.1364
2024-01-16T10:14:00,TURB_OUTPUT_01,740.4987
2024-01-16T10:14:00,TURB_BEAR_01,86.4338
2024-01-16T10:15:00,TURB_SPEED_01,3012.7985
2024-01-16T10:15:00,TURB_VIB_01,3.0524
2024-01-16T10:15:00,TURB_OUTPUT_01,729.1981
2024-01-16T10:16:00,TURB_SPEED_01,3012.9594
2024-01-16T10:16:00,TURB_VIB_01,3.0922
2024-01-16T10:16:00,TURB_OUTPUT_01,738.9839
2024-01-16T10:16:00,TURB_BEAR_01,85.915
2024-01-16T10:17:00,TURB_SPEED_01,3013.1574
2024-01-16T10:17:00,TURB_VIB_01,3.159
2024-01-16T10:17:00,TURB_OUTPUT_01,744.9992
2024-01-16T10:18:00,TURB_SPEED_01,3012.8015
2024-01-16T10:18:00,TURB_VIB_01,3.0308
2024-01-16T10:18:00,TURB_OUTPUT_01,733.9052
2024-01-16T10:18:00,TURB_BEAR_01,85.8259
2024-01-16T10:19:00,TURB_SPEED_01,3013.0855
2024-01-16T10:19:00,TURB_VIB_01,3.0661
2024-01-16T10:19:00,TURB_OUTPUT_01,735.6855
2024-01-16T10:20:00,TURB_SPEED_01,3013.0874
2024-01-16T10:20:00,TURB_VIB_01,3.1001
2024-01-16T10:20:00,TURB_OUTPUT_01,739.854
2024-01-16T10:20:00,TURB_BEAR_01,85.8716
2024-01-16T10:21:00,TURB_SPEED_01,3012.9476
2024-01-16T10:21:00,TURB_VIB_01,3.1162
2024-01-16T10:21:00,TURB_OUTPUT_01,745.3002
2024-01-16T10:22:00,TURB_SPEED_01,3012.835
2024-01-16T10:22:00,TURB_VIB_01,3.0898
2024-01-16T10:22:00,TURB_OUTPUT_01,741.2232
2024-01-16T10:22:00,TURB_BEAR_01,86.4888
2024-01-16T10:23:00,TURB_SPEED_01,3012.8784
2024-01-16T10:23:00,TURB_VIB_01,3.0415
2024-01-16T10:23:00,TURB_OUTPUT_01,734.8828
2024-01-16T10:24:00,TURB_SPEED_01,3013.2001
2024-01-16T10:24:00,TURB_VIB_01,3.1343
2024-01-16T10:24:00,TURB_OUTPUT_01,738.2228
2024-01-16T10:24:00,TURB_BEAR_01,86.1322
2024-01-16T10:25:00,TURB_SPEED_01,3012.8511
2024-01-16T10:25:00,TURB_VIB_01,3.0618
2024-01-16T10:25:00,TURB_OUTPUT_01,739.2161
2024-01-16T10:26:00,TURB_SPEED_01,3013.2874
2024-01-16T10:26:00,TURB_VIB_01,3.1411
2024-01-16T10:26:00,TURB_OUTPUT_01,745.8922
2024-01-16T10:26:00,TURB_BEAR_01,86.4749
2024-01-16T10:27:00,TURB_SPEED_01,3012.7814
2024-01-16T10:27:00,TURB_VIB_01,3.0333
2024-01-16T10:27:00,TURB_OUTPUT_01,734.6577
2024-01-16T10:28:00,TURB_SPEED_01,3012.995
2024-01-16T10:28:00,TURB_VIB_01,3.1195
2024-01-16T10:28:00,TURB_OUTPUT_01,737.1024
2024-01-16T10:28:00,TURB_BEAR_01,86.3714
2024-01-16T10:29:00,TURB_SPEED_01,3012.7374
2024-01-16T10:29:00,TURB_VIB_01,3.1084
2024-01-16T10:29:00,TURB_OUTPUT_01,736.8121
2024-01-16T10:30:00,TURB_SPEED_01,3012.8424
2024-01-16T10:30:00,TURB_VIB_01,3.1039
2024-01-16T10:30:00,TURB_OUTPUT_01,739.5067
2024-01-16T10:30:00,TURB_BEAR_01,85.6922
2024-01-16T10:31:00,TURB_SPEED_01,3012.9563
2024-01-16T10:31:00,TURB_VIB_01,3.0671
2024-01-16T10:31:00,TURB_OUTPUT_01,732.3972
2024-01-16T10:32:00,TURB_SPEED_01,3012.6233
2024-01-16T10:32:00,TURB_VIB_01,3.0821
2024-01-16T10:32:00,TURB_OUTPUT_01,730.5309
2024-01-16T10:32:00,TURB_BEAR_01,85.7123
2024-01-16T10:33:00,TURB_SPEED_01,3012.8521
2024-01-16T10:33:00,TURB_VIB_01,3.0971
2024-01-16T10:33:00,TURB_OUTPUT_01,739.7193
2024-01-16T10:34:00,TURB_SPEED_01,3012.9766
2024-01-16T10:34:00,TURB_VIB_01,3.1337
2024-01-16T10:34:00,TURB_OUTPUT_01,740.8764
2024-01-16T10:34:00,TURB_BEAR_01,86.4984
2024-01-16T10:35:00,TURB_SPEED_01,3013.228
2024-01-16T10:35:00,TURB_VIB_01,3.0601
2024-01-16T10:35:00,TURB_OUTPUT_01,740.8714
2024-01-16T10:36:00,TURB_SPEED_01,3012.8495
2024-01-16T10:36:00,TURB_VIB_01,3.0886
2024-01-16T10:36:00,TURB_OUTPUT_01,737.97
2024-01-16T10:36:00,TURB_BEAR_01,85.4527
2024-01-16T10:37:00,TURB_SPEED_01,3012.9493
2024-01-16T10:37:00,TURB_VIB_01,3.1202
2024-01-16T10:37:00,TURB_OUTPUT_01,742.8658
2024-01-16T10:38:00,TURB_SPEED_01,3013.0647
2024-01-16T10:38:00,TURB_VIB_01,3.164
2024-01-16T10:38:00,TURB_OUTPUT_01,741.3392
2024-01-16T10:38:00,TURB_BEAR_01,86.3367
2024-01-16T10:39:00,TURB_SPEED_01,3012.8157
2024-01-16T10:39:00,TURB_VIB_01,3.0811
2024-01-16T10:39:00,TURB_OUTPUT_01,746.9029
2024-01-16T10:40:00,TURB_SPEED_01,3013.3519
2024-01-16T10:40:00,TURB_VIB_01,3.1261
2024-01-16T10:40:00,TURB_OUTPUT_01,740.284
2024-01-16T10:40:00,TURB_BEAR_01,86.0498
2024-01-16T10:41:00,TURB_SPEED_01,3012.7627
2024-01-16T10:41:00,TURB_VIB_01,3.0684
2024-01-16T10:41:00,TURB_OUTPUT_01,734.3863
2024-01-16T10:42:00,TURB_SPEED_01,3013.056
2024-01-16T10:42:00,TURB_VIB_01,3.072
2024-01-16T10:42:00,TURB_OUTPUT_01,739.0003
2024-01-16T10:42:00,TURB_BEAR_01,85.6425
2024-01-16T10:43:00,TURB_SPEED_01,3013.0324
2024-01-16T10:43:00,TURB_VIB_01,3.1162
2024-01-16T10:43:00,TURB_OUTPUT_01,740.5405
2024-01-16T10:44:00,TURB_SPEED_01,3012.7921
2024-01-16T10:44:00,TURB_VIB_01,3.1177
2024-01-16T10:44:00,TURB_OUTPUT_01,736.2678
2024-01-16T10:44:00,TURB_BEAR_01,85.9927
2024-01-16T10:45:00,TURB_SPEED_01,3013.0693
2024-01-16T10:45:00,TURB_VIB_01,3.161
2024-01-16T10:45:00,TURB_OUTPUT_01,749.7034
2024-01-16T10:46:00,TURB_SPEED_01,3013.012
2024-01-16T10:46:00,TURB_VIB_01,3.1721
2024-01-16T10:46:00,TURB_OUTPUT_01,733.0325
2024-01-16T10:46:00,TURB_BEAR_01,86.4586
2024-01-16T10:47:00,TURB_SPEED_01,3012.9895
2024-01-16T10:47:00,TURB_VIB_01,3.0728
2024-01-16T10:47:00,TURB_OUTPUT_01,746.4909
2024-01-16T10:48:00,TURB_SPEED_01,3012.834
2024-01-16T10:48:00,TURB_VIB_01,3.0388
2024-01-16T10:48:00,TURB_OUTPUT_01,746.2301
2024-01-16T10:48:00,TURB_BEAR_01,85.5665
2024-01-16T10:49:00,TURB_SPEED_01,3013.1018
2024-01-16T10:49:00,TURB_VIB_01,3.1342
2024-01-16T10:49:00,TURB_OUTPUT_01,739.8706
2024-01-16T10:50:00,TURB_SPEED_01,3012.8227
2024-01-16T10:50:00,TURB_VIB_01,3.0974
2024-01-16T10:50:00,TURB_OUTPUT_01,742.3102
2024-01-16T10:50:00,TURB_BEAR_01,86.3106
2024-01-16T10:51:00,TURB_SPEED_01,3012.9537
2024-01-16T10:51:00,TURB_VIB_01,3.0811
2024-01-16T10:51:00,TURB_OUTPUT_01,740.746
2024-01-16T10:52:00,TURB_SPEED_01,3013.2133
2024-01-16T10:52:00,TURB_VIB_01,3.0854
2024-01-16T10:52:00,TURB_OUTPUT_01,742.6748
2024-01-16T10:52:00,TURB_BEAR_01,86.3444
2024-01-16T10:53:00,TURB_SPEED_01,3013.0655
2024-01-16T10:53:00,TURB_VIB_01,3.0892
2024-01-16T10:53:00,TURB_OUTPUT_01,740.5688
2024-01-16T10:54:00,TURB_SPEED_01,3012.5089
2024-01-16T10:54:00,TURB_VIB_01,3.032
2024-01-16T10:54:00,TURB_OUTPUT_01,734.9345
2024-01-16T10:54:00,TURB_BEAR_01,85.5393
2024-01-16T10:55:00,TURB_SPEED_01,3013.1273
2024-01-16T10:55:00,TURB_VIB_01,3.0971
2024-01-16T10:55:00,TURB_OUTPUT_01,734.7691
2024-01-16T10:56:00,TURB_SPEED_01,3012.954
2024-01-16T10:56:00,TURB_VIB_01,3.0933
2024-01-16T10:56:00,TURB_OUTPUT_01,744.5236
2024-01-16T10:56:00,TURB_BEAR_01,85.9354
2024-01-16T10:57:00,TURB_SPEED_01,3013.4429
2024-01-16T10:57:00,TURB_VIB_01,3.1188
2024-01-16T10:57:00,TURB_OUTPUT_01,743.8693
2024-01-16T10:58:00,TURB_SPEED_01,3012.8315
2024-01-16T10:58:00,TURB_VIB_01,3.1051
2024-01-16T10:58:00,TURB_OUTPUT_01,737.8806
2024-01-16T10:58:00,TURB_BEAR_01,85.9295
2024-01-16T10:59:00,TURB_SPEED_01,3013.12
2024-01-16T10:59:00,TURB_VIB_01,3.1204
2024-01-16T10:59:00,TURB_OUTPUT_01,741.8056
2024-01-16T11:00:00,TURB_SPEED_01,3012.9422
2024-01-16T11:00:00,TURB_VIB_01,3.1054
2024-01-16T11:00:00,TURB_OUTPUT_01,738.0374
2024-01-16T11:00:00,TURB_BEAR_01,85.635
2024-01-16T11:01:00,TURB_SPEED_01,3012.6494
2024-01-16T11:01:00,TURB_VIB_01,2.9749
2024-01-16T11:01:00,TURB_OUTPUT_01,736.5274
2024-01-16T11:02:00,TURB_SPEED_01,3013.0683
2024-01-16T11:02:00,TURB_VIB_01,3.1268
2024-01-16T11:02:00,TURB_OUTPUT_01,748.049
2024-01-16T11:02:00,TURB_BEAR_01,85.6071
2024-01-16T11:03:00,TURB_SPEED_01,3012.7874
2024-01-16T11:03:00,TURB_VIB_01,3.1477
2024-01-16T11:03:00,TURB_OUTPUT_01,742.2442
2024-01-16T11:04:00,TURB_SPEED_01,3012.8981
2024-01-16T11:04:00,TURB_VIB_01,3.0464
2024-01-16T11:04:00,TURB_OUTPUT_01,740.0985
2024-01-16T11:04:00,TURB_BEAR_01,85.258
2024-01-16T11:05:00,TURB_SPEED_01,3013.0907
2024-01-16T11:05:00,TURB_VIB_01,3.0846
2024-01-16T11:05:00,TURB_OUTPUT_01,737.7673
2024-01-16T11:06:00,TURB_SPEED_01,3012.7807
2024-01-16T11:06:00,TURB_VIB_01,3.0658
2024-01-16T11:06:00,TURB_OUTPUT_01,732.4754
2024-01-16T11:06:00,TURB_BEAR_01,85.474
2024-01-16T11:07:00,TURB_SPEED_01,3012.6273
2024-01-16T11:07:00,TURB_VIB_01,3.0948
2024-01-16T11:07:00,TURB_OUTPUT_01,739.5062
2024-01-16T11:08:00,TURB_SPEED_01,3013.1727
2024-01-16T11:08:00,TURB_VIB_01,3.0525
2024-01-16T11:08:00,TURB_OUTPUT_01,745.3295
2024-01-16T11:08:00,TURB_BEAR_01,86.093
2024-01-16T11:09:00,TURB_SPEED_01,3013.1467
2024-01-16T11:09:00,TURB_VIB_01,3.1633
2024-01-16T11:09:00,TURB_OUTPUT_01,742.035
2024-01-16T11:10:00,TURB_SPEED_01,3013.0732
2024-01-16T11:10:00,TURB_VIB_01,3.1168
2024-01-16T11:10:00,TURB_OUTPUT_01,743.7244
2024-01-16T11:10:00,TURB_BEAR_01,86.1151
2024-01-16T11:11:00,TURB_SPEED_01,3013.0838
2024-01-16T11:11:00,TURB_VIB_01,3.093
2024-01-16T11:11:00,TURB_OUTPUT_01,737.9833
2024-01-16T11:12:00,TURB_SPEED_01,3012.9597
2024-01-16T11:12:00,TURB_VIB_01,3.1103
2024-01-16T11:12:00,TURB_OUTPUT_01,743.4015
2024-01-16T11:12:00,TURB_BEAR_01,86.4661
2024-01-16T11:13:00,TURB_SPEED_01,3013.04
2024-01-16T11:13:00,TURB_VIB_01,3.103
2024-01-16T11:13:00,TURB_OUTPUT_01,738.9027
2024-01-16T11:14:00,TURB_SPEED_01,3012.9708
2024-01-16T11:14:00,TURB_VIB_01,3.0958
2024-01-16T11:14:00,TURB_OUTPUT_01,738.5874
2024-01-16T11:14:00,TURB_BEAR_01,85.684
2024-01-16T11:15:00,TURB_SPEED_01,3013.1569
2024-01-16T11:15:00,TURB_VIB_01,3.0791
2024-01-16T11:15:00,TURB_OUTPUT_01,736.3631
2024-01-16T11:16:00,TURB_SPEED_01,3013.2449
2024-01-16T11:16:00,TURB_VIB_01,3.1033
2024-01-16T11:16:00,TURB_OUTPUT_01,744.494
2024-01-16T11:16:00,TURB_BEAR_01,86.5092
2024-01-16T11:17:00,TURB_SPEED_01,3013.1881
2024-01-16T11:17:00,TURB_VIB_01,3.1491
2024-01-16T11:17:00,TURB_OUTPUT_01,748.3978
2024-01-16T11:18:00,TURB_SPEED_01,3012.9037
2024-01-16T11:18:00,TURB_VIB_01,3.0872
2024-01-16T11:18:00,TURB_OUTPUT_01,737.3944
2024-01-16T11:18:00,TURB_BEAR_01,85.9979
2024-01-16T11:19:00,TURB_SPEED_01,3013.3414
2024-01-16T11:19:00,TURB_VIB_01,3.168
2024-01-16T11:19:00,TURB_OUTPUT_01,743.5078
2024-01-16T11:20:00,TURB_SPEED_01,3013.1299
2024-01-16T11:20:00,TURB_VIB_01,3.138
2024-01-16T11:20:00,TURB_OUTPUT_01,743.3583
2024-01-16T11:20:00,TURB_BEAR_01,86.2925
2024-01-16T11:21:00,TURB_SPEED_01,3013.1966
2024-01-16T11:21:00,TURB_VIB_01,3.1139
2024-01-16T11:21:00,TURB_OUTPUT_01,736.553
2024-01-16T11:22:00,TURB_SPEED_01,3013.248
2024-01-16T11:22:00,TURB_VIB_01,3.1152
2024-01-16T11:22:00,TURB_OUTPUT_01,742.9174
2024-01-16T11:22:00,TURB_BEAR_01,86.389
2024-01-16T11:23:00,TURB_SPEED_01,3013.1339
2024-01-16T11:23:00,TURB_VIB_01,3.1131
2024-01-16T11:23:00,TURB_OUTPUT_01,735.7158
2024-01-16T11:24:00,TURB_SPEED_01,3012.9827
2024-01-16T11:24:00,TURB_VIB_01,3.1214
2024-01-16T11:24:00,TURB_OUTPUT_01,740.8493
2024-01-16T11:24:00,TURB_BEAR_01,86.2179
2024-01-16T11:25:00,TURB_SPEED_01,3013.2045
2024-01-16T11:25:00,TURB_VIB_01,3.1071
2024-01-16T11:25:00,TURB_OUTPUT_01,741.5958
2024-01-16T11:26:00,TURB_SPEED_01,3012.5976
2024-01-16T11:26:00,TURB_VIB_01,3.0992
2024-01-16T11:26:00,TURB_OUTPUT_01,733.4521
2024-01-16T11:26:00,TURB_BEAR_01,85.6922
2024-01-16T11:27:00,TURB_SPEED_01,3012.9089
2024-01-16T11:27:00,TURB_VIB_01,2.9845
2024-01-16T11:27:00,TURB_OUTPUT_01,738.139
2024-01-16T11:28:00,TURB_SPEED_01,3013.127
2024-01-16T11:28:00,TURB_VIB_01,3.0737
2024-01-16T11:28:00,TURB_OUTPUT_01,742.4034
2024-01-16T11:28:00,TURB_BEAR_01,86.0461
2024-01-16T11:29:00,TURB_SPEED_01,3012.675
2024-01-16T11:29:00,TURB_VIB_01,3.1101
2024-01-16T11:29:00,TURB_OUTPUT_01,737.2864
2024-01-16T11:30:00,TURB_SPEED_01,3012.9485
2024-01-16T11:30:00,TURB_VIB_01,3.1386
2024-01-16T11:30:00,TURB_OUTPUT_01,743.7432
2024-01-16T11:30:00,TURB_BEAR_01,85.8807
2024-01-16T11:31:00,TURB_SPEED_01,3012.6835
2024-01-16T11:31:00,TURB_VIB_01,3.0197
2024-01-16T11:31:00,TURB_OUTPUT_01,734.4828
2024-01-16T11:32:00,TURB_SPEED_01,3012.8928
2024-01-16T11:32:00,TURB_VIB_01,3.0987
2024-01-16T11:32:00,TURB_OUTPUT_01,742.788
2024-01-16T11:32:00,TURB_BEAR_01,86.0321
2024-01-16T11:33:00,TURB_SPEED_01,3012.7885
2024-01-16T11:33:00,TURB_VIB_01,3.1083
2024-01-16T11:33:00,TURB_OUTPUT_01,743.5995
2024-01-16T11:34:00,TURB_SPEED_01,3012.6647
2024-01-16T11:34:00,TURB_VIB_01,3.0551
2024-01-16T11:34:00,TURB_OUTPUT_01,737.5081
2024-01-16T11:34:00,TURB_BEAR_01,85.5739
2024-01-16T11:35:00,TURB_SPEED_01,3012.7164
2024-01-16T11:35:00,TURB_VIB_01,3.0743
2024-01-16T11:35:00,TURB_OUTPUT_01,739.0477
2024-01-16T11:36:00,TURB_SPEED_01,3013.0209
2024-01-16T11:36:00,TURB_VIB_01,3.116
2024-01-16T11:36:00,TURB_OUTPUT_01,739.8687
2024-01-16T11:36:00,TURB_BEAR_01,85.1984
2024-01-16T11:37:00,TURB_SPEED_01,3013.012
2024-01-16T11:37:00,TURB_VIB_01,3.0323
2024-01-16T11:37:00,TURB_OUTPUT_01,738.6217
2024-01-16T11:38:00,TURB_SPEED_01,3013.6823
2024-01-16T11:38:00,TURB_VIB_01,3.1428
2024-01-16T11:38:00,TURB_OUTPUT_01,751.8087
2024-01-16T11:38:00,TURB_BEAR_01,86.9824
2024-01-16T11:39:00,TURB_SPEED_01,3012.9127
2024-01-16T11:39:00,TURB_VIB_01,3.1172
2024-01-16T11:39:00,TURB_OUTPUT_01,735.2438
2024-01-16T11:40:00,TURB_SPEED_01,3012.7756
2024-01-16T11:40:00,TURB_VIB_01,3.0865
2024-01-16T11:40:00,TURB_OUTPUT_01,734.5807
2024-01-16T11:40:00,TURB_BEAR_01,86.1972
2024-01-16T11:41:00,TURB_SPEED_01,3012.8119
2024-01-16T11:41:00,TURB_VIB_01,3.1069
2024-01-16T11:41:00,TURB_OUTPUT_01,742.8006
2024-01-16T11:42:00,TURB_SPEED_01,3013.2396
2024-01-16T11:42:00,TURB_VIB_01,3.1324
2024-01-16T11:42:00,TURB_OUTPUT_01,744.4175
2024-01-16T11:42:00,TURB_BEAR_01,86.2117
2024-01-16T11:43:00,TURB_SPEED_01,3013.1964
2024-01-16T11:43:00,TURB_VIB_01,3.1015
2024-01-16T11:43:00,TURB_OUTPUT_01,743.831
2024-01-16T11:44:00,TURB_SPEED_01,3013.0761
2024-01-16T11:44:00,TURB_VIB_01,3.1543
2024-01-16T11:44:00,TURB_OUTPUT_01,741.947
2024-01-16T11:44:00,TURB_BEAR_01,85.9763
2024-01-16T11:45:00,TURB_SPEED_01,3013.0195
2024-01-16T11:45:00,TURB_VIB_01,3.0975
2024-01-16T11:45:00,TURB_OUTPUT_01,740.2177
2024-01-16T11:46:00,TURB_SPEED_01,3013.4686
2024-01-16T11:46:00,TURB_VIB_01,3.0639
2024-01-16T11:46:00,TURB_OUTPUT_01,743.5406
2024-01-16T11:46:00,TURB_BEAR_01,86.0689
2024-01-16T11:47:00,TURB_SPEED_01,3012.8958
2024-01-16T11:47:00,TURB_VIB_01,3.0851
2024-01-16T11:47:00,TURB_OUTPUT_01,739.8846
2024-01-16T11:48:00,TURB_SPEED_01,3013.0785
2024-01-16T11:48:00,TURB_VIB_01,3.1521
2024-01-16T11:48:00,TURB_OUTPUT_01,741.9219
2024-01-16T11:48:00,TURB_BEAR_01,86.1096
2024-01-16T11:49:00,TURB_SPEED_01,3012.9057
2024-01-16T11:49:00,TURB_VIB_01,3.0843
2024-01-16T11:49:00,TURB_OUTPUT_01,735.0474
2024-01-16T11:50:00,TURB_SPEED_01,3013.1259
2024-01-16T11:50:00,TURB_VIB_01,3.1193
2024-01-16T11:50:00,TURB_OUTPUT_01,744.1233
2024-01-16T11:50:00,TURB_BEAR_01,86.0724
2024-01-16T11:51:00,TURB_SPEED_01,3013.1568
2024-01-16T11:51:00,TURB_VIB_01,3.1166
2024-01-16T11:51:00,TURB_OUTPUT_01,737.7543
2024-01-16T11:52:00,TURB_SPEED_01,3012.8362
2024-01-16T11:52:00,TURB_VIB_01,3.0739
2024-01-16T11:52:00,TURB_OUTPUT_01,736.7356
2024-01-16T11:52:00,TURB_BEAR_01,85.6004
2024-01-16T11:53:00,TURB_SPEED_01,3012.9856
2024-01-16T11:53:00,TURB_VIB_01,3.1119
2024-01-16T11:53:00,TURB_OUTPUT_01,739.3532
2024-01-16T11:54:00,TURB_SPEED_01,3012.9966
2024-01-16T11:54:00,TURB_VIB_01,3.1041
2024-01-16T11:54:00,TURB_OUTPUT_01,737.6965
2024-01-16T11:54:00,TURB_BEAR_01,85.4808
2024-01-16T11:55:00,TURB_SPEED_01,3013.0373
2024-01-16T11:55:00,TURB_VIB_01,3.1785
2024-01-16T11:55:00,TURB_OUTPUT_01,739.8681
2024-01-16T11:56:00,TURB_SPEED_01,3012.9286
2024-01-16T11:56:00,TURB_VIB_01,3.1015
2024-01-16T11:56:00,TURB_OUTPUT_01,741.3096
2024-01-16T11:56:00,TURB_BEAR_01,85.8216
2024-01-16T11:57:00,TURB_SPEED_01,3012.9354
2024-01-16T11:57:00,TURB_VIB_01,3.0351
2024-01-16T11:57:00,TURB_OUTPUT_01,734.8256
2024-01-16T11:58:00,TURB_SPEED_01,3012.5269
2024-01-16T11:58:00,TURB_VIB_01,3.0487
2024-01-16T11:58:00,TURB_OUTPUT_01,740.1609
2024-01-16T11:58:00,TURB_BEAR_01,85.6913
2024-01-16T11:59:00,TURB_SPEED_01,3013.0211
2024-01-16T11:59:00,TURB_VIB_01,3.0385
2024-01-16T11:59:00,TURB_OUTPUT_01,737.5514
2024-01-16T12:00:00,TURB_SPEED_01,3012.7748
2024-01-16T12:00:00,TURB_VIB_01,3.055
2024-01-16T12:00:00,TURB_OUTPUT_01,734.0149
2024-01-16T12:00:00,TURB_BEAR_01,85.4083
2024-01-16T12:01:00,TURB_SPEED_01,3013.0975
2024-01-16T12:01:00,TURB_VIB_01,3.0882
2024-01-16T12:01:00,TURB_OUTPUT_01,741.2901
2024-01-16T12:02:00,TURB_SPEED_01,3013.1709
2024-01-16T12:02:00,TURB_VIB_01,3.0897
2024-01-16T12:02:00,TURB_OUTPUT_01,734.4484
2024-01-16T12:02:00,TURB_BEAR_01,85.6979
2024-01-16T12:03:00,TURB_SPEED_01,3012.9857
2024-01-16T12:03:00,TURB_VIB_01,3.0926
2024-01-16T12:03:00,TURB_OUTPUT_01,737.1912
2024-01-16T12:04:00,TURB_SPEED_01,3012.7876
2024-01-16T12:04:00,TURB_VIB_01,3.0877
2024-01-16T12:04:00,TURB_OUTPUT_01,736.1533
2024-01-16T12:04:00,TURB_BEAR_01,84.9771
2024-01-16T12:05:00,TURB_SPEED_01,3013.0228
2024-01-16T12:05:00,TURB_VIB_01,3.0802
2024-01-16T12:05:00,TURB_OUTPUT_01,735.645
2024-01-16T12:06:00,TURB_SPEED_01,3013.0105
2024-01-16T12:06:00,TURB_VIB_01,3.0813
2024-01-16T12:06:00,TURB_OUTPUT_01,736.9667
2024-01-16T12:06:00,TURB_BEAR_01,86.1537
2024-01-16T12:07:00,TURB_SPEED_01,3012.8902
2024-01-16T12:07:00,TURB_VIB_01,3.0682
2024-01-16T12:07:00,TURB_OUTPUT_01,739.0509
2024-01-16T12:08:00,TURB_SPEED_01,3013.1451
2024-01-16T12:08:00,TURB_VIB_01,3.1302
2024-01-16T12:08:00,TURB_OUTPUT_01,743.156
2024-01-16T12:08:00,TURB_BEAR_01,86.2096
2024-01-16T12:09:00,TURB_SPEED_01,3013.1844
2024-01-16T12:09:00,TURB_VIB_01,3.1302
2024-01-16T12:09:00,TURB_OUTPUT_01,742.5437
2024-01-16T12:10:00,TURB_SPEED_01,3013.1252
2024-01-16T12:10:00,TURB_VIB_01,3.0799
2024-01-16T12:10:00,TURB_OUTPUT_01,741.8052
2024-01-16T12:10:00,TURB_BEAR_01,85.993
2024-01-16T12:11:00,TURB_SPEED_01,3012.8482
2024-01-16T12:11:00,TURB_VIB_01,3.0746
2024-01-16T12:11:00,TURB_OUTPUT_01,736.9154
2024-01-16T12:12:00,TURB_SPEED_01,3012.6685
2024-01-16T12:12:00,TURB_VIB_01,3.0788
2024-01-16T12:12:00,TURB_OUTPUT_01,738.3989
2024-01-16T12:12:00,TURB_BEAR_01,85.5906
2024-01-16T12:13:00,TURB_SPEED_01,3012.9859
2024-01-16T12:13:00,TURB_VIB_01,3.1364
2024-01-16T12:13:00,TURB_OUTPUT_01,740.8784
2024-01-16T12:14:00,TURB_SPEED_01,3013.0593
2024-01-16T12:14:00,TURB_VIB_01,3.152
2024-01-16T12:14:00,TURB_OUTPUT_01,740.8622
2024-01-16T12:14:00,TURB_BEAR_01,85.8842
2024-01-16T12:15:00,TURB_SPEED_01,3012.8119
2024-01-16T12:15:00,TURB_VIB_01,3.0622
2024-01-16T12:15:00,TURB_OUTPUT_01,735.7631
2024-01-16T12:16:00,TURB_SPEED_01,3013.0131
2024-01-16T12:16:00,TURB_VIB_01,3.1206
2024-01-16T12:16:00,TURB_OUTPUT_01,737.1563
2024-01-16T12:16:00,TURB_BEAR_01,85.798
2024-01-16T12:17:00,TURB_SPEED_01,3013.0783
2024-01-16T12:17:00,TURB_VIB_01,3.1661
2024-01-16T12:17:00,TURB_OUTPUT_01,738.9497
2024-01-16T12:18:00,TURB_SPEED_01,3013.18
2024-01-16T12:18:00,TURB_VIB_01,3.1599
2024-01-16T12:18:00,TURB_OUTPUT_01,737.4175
2024-01-16T12:18:00,TURB_BEAR_01,86.4319
2024-01-16T12:19:00,TURB_SPEED_01,3013.0467
2024-01-16T12:19:00,TURB_VIB_01,3.1016
2024-01-16T12:19:00,TURB_OUTPUT_01,745.298
2024-01-16T12:20:00,TURB_SPEED_01,3013.2806
2024-01-16T12:20:00,TURB_VIB_01,3.0971
2024-01-16T12:20:00,TURB_OUTPUT_01,739.5183
2024-01-16T12:20:00,TURB_BEAR_01,85.4163
2024-01-16T12:21:00,TURB_SPEED_01,3012.8739
2024-01-16T12:21:00,TURB_VIB_01,3.0645
2024-01-16T12:21:00,TURB_OUTPUT_01,727.1933
2024-01-16T12:22:00,TURB_SPEED_01,3013.0408
2024-01-16T12:22:00,TURB_VIB_01,3.0379
2024-01-16T12:22:00,TURB_OUTPUT_01,741.8837
2024-01-16T12:22:00,TURB_BEAR_01,85.496
2024-01-16T12:23:00,TURB_SPEED_01,3013.129
2024-01-16T12:23:00,TURB_VIB_01,3.0869
2024-01-16T12:23:00,TURB_OUTPUT_01,743.793
2024-01-16T12:24:00,TURB_SPEED_01,3013.226
2024-01-16T12:24:00,TURB_VIB_01,3.1464
2024-01-16T12:24:00,TURB_OUTPUT_01,740.0562
2024-01-16T12:24:00,TURB_BEAR_01,85.8316
2024-01-16T12:25:00,TURB_SPEED_01,3012.6973
2024-01-16T12:25:00,TURB_VIB_01,3.1088
2024-01-16T12:25:00,TURB_OUTPUT_01,734.3055
2024-01-16T12:26:00,TURB_SPEED_01,3013.1406
2024-01-16T12:26:00,TURB_VIB_01,3.1115
2024-01-16T12:26:00,TURB_OUTPUT_01,742.8605
2024-01-16T12:26:00,TURB_BEAR_01,85.4854
2024-01-16T12:27:00,TURB_SPEED_01,3013.2342
2024-01-16T12:27:00,TURB_VIB_01,3.1367
2024-01-16T12:27:00,TURB_OUTPUT_01,743.652
2024-01-16T12:28:00,TURB_SPEED_01,3012.8105
2024-01-16T12:28:00,TURB_VIB_01,3.0952
2024-01-16T12:28:00,TURB_OUTPUT_01,737.947
2024-01-16T12:28:00,TURB_BEAR_01,85.4803
2024-01-16T12:29:00,TURB_SPEED_01,3013.3551
2024-01-16T12:29:00,TURB_VIB_01,3.1562
2024-01-16T12:29:00,TURB_OUTPUT_01,747.447
2024-01-16T12:30:00,TURB_SPEED_01,3012.8719
2024-01-16T12:30:00,TURB_VIB_01,3.1173
2024-01-16T12:30:00,TURB_OUTPUT_01,735.266
2024-01-16T12:30:00,TURB_BEAR_01,85.777
2024-01-16T12:31:00,TURB_SPEED_01,3012.7724
2024-01-16T12:31:00,TURB_VIB_01,3.084
2024-01-16T12:31:00,TURB_OUTPUT_01,742.9098
2024-01-16T12:32:00,TURB_SPEED_01,3013.3138
2024-01-16T12:32:00,TURB_VIB_01,3.1927
2024-01-16T12:32:00,TURB_OUTPUT_01,745.7606
2024-01-16T12:32:00,TURB_BEAR_01,86.1201
2024-01-16T12:33:00,TURB_SPEED_01,3012.799
2024-01-16T12:33:00,TURB_VIB_01,2.9966
2024-01-16T12:33:00,TURB_OUTPUT_01,731.4053
2024-01-16T12:34:00,TURB_SPEED_01,3013.0548
2024-01-16T12:34:00,TURB_VIB_01,3.1213
2024-01-16T12:34:00,TURB_OUTPUT_01,734.4462
2024-01-16T12:34:00,TURB_BEAR_01,85.4556
2024-01-16T12:35:00,TURB_SPEED_01,3013.2982
2024-01-16T12:35:00,TURB_VIB_01,3.0995
2024-01-16T12:35:00,TURB_OUTPUT_01,735.0534
2024-01-16T12:36:00,TURB_SPEED_01,3012.5911
2024-01-16T12:36:00,TURB_VIB_01,3.0882
2024-01-16T12:36:00,TURB_OUTPUT_01,739.1533
2024-01-16T12:36:00,TURB_BEAR_01,85.3842
2024-01-16T12:37:00,TURB_SPEED_01,3012.977
2024-01-16T12:37:00,TURB_VIB_01,3.1631
2024-01-16T12:37:00,TURB_OUTPUT_01,743.1838
2024-01-16T12:38:00,TURB_SPEED_01,3012.7061
2024-01-16T12:38:00,TURB_VIB_01,3.0178
2024-01-16T12:38:00,TURB_OUTPUT_01,737.9856
2024-01-16T12:38:00,TURB_BEAR_01,85.9875
2024-01-16T12:39:00,TURB_SPEED_01,3012.9947
2024-01-16T12:39:00,TURB_VIB_01,3.1059
2024-01-16T12:39:00,TURB_OUTPUT_01,735.5646
2024-01-16T12:40:00,TURB_SPEED_01,3012.909
2024-01-16T12:40:00,TURB_VIB_01,3.1148
2024-01-16T12:40:00,TURB_OUTPUT_01,746.2939
2024-01-16T12:40:00,TURB_BEAR_01,85.358
2024-01-16T12:41:00,TURB_SPEED_01,3013.0574
2024-01-16T12:41:00,TURB_VIB_01,3.0585
2024-01-16T12:41:00,TURB_OUTPUT_01,742.021
2024-01-16T12:42:00,TURB_SPEED_01,3012.6894
2024-01-16T12:42:00,TURB_VIB_01,3.0442
2024-01-16T12:42:00,TURB_OUTPUT_01,737.166
2024-01-16T12:42:00,TURB_BEAR_01,85.6254
2024-01-16T12:43:00,TURB_SPEED_01,3013.094
2024-01-16T12:43:00,TURB_VIB_01,3.0972
2024-01-16T12:43:00,TURB_OUTPUT_01,736.2108
2024-01-16T12:44:00,TURB_SPEED_01,3012.7571
2024-01-16T12:44:00,TURB_VIB_01,3.0298
2024-01-16T12:44:00,TURB_OUTPUT_01,731.9213
2024-01-16T12:44:00,TURB_BEAR_01,85.4652
2024-01-16T12:45:00,TURB_SPEED_01,3013.1332
2024-01-16T12:45:00,TURB_VIB_01,3.138
2024-01-16T12:45:00,TURB_OUTPUT_01,742.0956
2024-01-16T12:46:00,TURB_SPEED_01,3012.8635
2024-01-16T12:46:00,TURB_VIB_01,3.0712
2024-01-16T12:46:00,TURB_OUTPUT_01,739.063
2024-01-16T12:46:00,TURB_BEAR_01,84.9997
2024-01-16T12:47:00,TURB_SPEED_01,3012.9192
2024-01-16T12:47:00,TURB_VIB_01,3.0859
2024-01-16T12:47:00,TURB_OUTPUT_01,734.8129
2024-01-16T12:48:00,TURB_SPEED_01,3013.1512
2024-01-16T12:48:00,TURB_VIB_01,3.1298
2024-01-16T12:48:00,TURB_OUTPUT_01,744.1399
2024-01-16T12:48:00,TURB_BEAR_01,86.4505
2024-01-16T12:49:00,TURB_SPEED_01,3013.0075
2024-01-16T12:49:00,TURB_VIB_01,3.1128
2024-01-16T12:49:00,TURB_OUTPUT_01,739.9066
2024-01-16T12:50:00,TURB_SPEED_01,3012.9862
2024-01-16T12:50:00,TURB_VIB_01,3.0612
2024-01-16T12:50:00,TURB_OUTPUT_01,736.4865
2024-01-16T12:50:00,TURB_BEAR_01,85.5722
2024-01-16T12:51:00,TURB_SPEED_01,3013.0022
2024-01-16T12:51:00,TURB_VIB_01,3.0963
2024-01-16T12:51:00,TURB_OUTPUT_01,743.7506
2024-01-16T12:52:00,TURB_SPEED_01,3012.7112
2024-01-16T12:52:00,TURB_VIB_01,3.1564
2024-01-16T12:52:00,TURB_OUTPUT_01,734.5017
2024-01-16T12:52:00,TURB_BEAR_01,85.8521
2024-01-16T12:53:00,TURB_SPEED_01,3012.8466
2024-01-16T12:53:00,TURB_VIB_01,2.9491
2024-01-16T12:53:00,TURB_OUTPUT_01,732.7549
2024-01-16T12:54:00,TURB_SPEED_01,3013.2092
2024-01-16T12:54:00,TURB_VIB_01,3.1143
2024-01-16T12:54:00,TURB_OUTPUT_01,738.5075
2024-01-16T12:54:00,TURB_BEAR_01,85.8377
2024-01-16T12:55:00,TURB_SPEED_01,3012.9157
2024-01-16T12:55:00,TURB_VIB_01,3.0633
2024-01-16T12:55:00,TURB_OUTPUT_01,737.3025
2024-01-16T12:56:00,TURB_SPEED_01,3013.2606
2024-01-16T12:56:00,TURB_VIB_01,3.1143
2024-01-16T12:56:00,TURB_OUTPUT_01,738.7007
2024-01-16T12:56:00,TURB_BEAR_01,85.9058
2024-01-16T12:57:00,TURB_SPEED_01,3012.9865
2024-01-16T12:57:00,TURB_VIB_01,3.0782
2024-01-16T12:57:00,TURB_OUTPUT_01,737.5897
2024-01-16T12:58:00,TURB_SPEED_01,3012.9745
2024-01-16T12:58:00,TURB_VIB_01,3.0584
2024-01-16T12:58:00,TURB_OUTPUT_01,739.6865
2024-01-16T12:58:00,TURB_BEAR_01,85.5907
2024-01-16T12:59:00,TURB_SPEED_01,3012.9149
2024-01-16T12:59:00,TURB_VIB_01,3.1437
2024-01-16T12:59:00,TURB_OUTPUT_01,743.2718
2024-01-16T13:00:00,TURB_SPEED_01,3013.0552
2024-01-16T13:00:00,TURB_VIB_01,3.1011
2024-01-16T13:00:00,TURB_OUTPUT_01,738.4398
2024-01-16T13:00:00,TURB_BEAR_01,85.791
2024-01-16T13:01:00,TURB_SPEED_01,3013.1422
2024-01-16T13:01:00,TURB_VIB_01,3.1893
2024-01-16T13:01:00,TURB_OUTPUT_01,744.2077
2024-01-16T13:02:00,TURB_SPEED_01,3012.926
2024-01-16T13:02:00,TURB_VIB_01,3.1559
2024-01-16T13:02:00,TURB_OUTPUT_01,740.8731
2024-01-16T13:02:00,TURB_BEAR_01,85.4288
2024-01-16T13:03:00,TURB_SPEED_01,3013.0346
2024-01-16T13:03:00,TURB_VIB_01,3.1171
2024-01-16T13:03:00,TURB_OUTPUT_01,743.367
2024-01-16T13:04:00,TURB_SPEED_01,3013.1259
2024-01-16T13:04:00,TURB_VIB_01,3.125
2024-01-16T13:04:00,TURB_OUTPUT_01,742.7059
2024-01-16T13:04:00,TURB_BEAR_01,85.3152
2024-01-16T13:05:00,TURB_SPEED_01,3012.8991
2024-01-16T13:05:00,TURB_VIB_01,3.1281
2024-01-16T13:05:00,TURB_OUTPUT_01,739.6491
2024-01-16T13:06:00,TURB_SPEED_01,3013.121
2024-01-16T13:06:00,TURB_VIB_01,3.157
2024-01-16T13:06:00,TURB_OUTPUT_01,739.1986
2024-01-16T13:06:00,TURB_BEAR_01,85.7625
2024-01-16T13:07:00,TURB_SPEED_01,3013.1233
2024-01-16T13:07:00,TURB_VIB_01,3.0491
2024-01-16T13:07:00,TURB_OUTPUT_01,738.7156
2024-01-16T13:08:00,TURB_SPEED_01,3013.6004
2024-01-16T13:08:00,TURB_VIB_01,3.2299
2024-01-16T13:08:00,TURB_OUTPUT_01,745.4907
2024-01-16T13:08:00,TURB_BEAR_01,86.5726
2024-01-16T13:09:00,TURB_SPEED_01,3013.2048
2024-01-16T13:09:00,TURB_VIB_01,3.1084
2024-01-16T13:09:00,TURB_OUTPUT_01,743.493
2024-01-16T13:10:00,TURB_SPEED_01,3013.185
2024-01-16T13:10:00,TURB_VIB_01,3.1285
2024-01-16T13:10:00,TURB_OUTPUT_01,742.4747
2024-01-16T13:10:00,TURB_BEAR_01,85.6987
2024-01-16T13:11:00,TURB_SPEED_01,3012.7067
2024-01-16T13:11:00,TURB_VIB_01,3.1381
2024-01-16T13:11:00,TURB_OUTPUT_01,738.3526
2024-01-16T13:12:00,TURB_SPEED_01,3012.7334
2024-01-16T13:12:00,TURB_VIB_01,3.0953
2024-01-16T13:12:00,TURB_OUTPUT_01,739.9141
2024-01-16T13:12:00,TURB_BEAR_01,85.1752
2024-01-16T13:13:00,TURB_SPEED_01,3013.0612
2024-01-16T13:13:00,TURB_VIB_01,3.1385
2024-01-16T13:13:00,TURB_OUTPUT_01,738.5525
2024-01-16T13:14:00,TURB_SPEED_01,3012.7214
2024-01-16T13:14:00,TURB_VIB_01,3.1114
2024-01-16T13:14:00,TURB_OUTPUT_01,737.2473
2024-01-16T13:14:00,TURB_BEAR_01,84.778
2024-01-16T13:15:00,TURB_SPEED_01,3013.0033
2024-01-16T13:15:00,TURB_VIB_01,3.1679
2024-01-16T13:15:00,TURB_OUTPUT_01,742.4746
2024-01-16T13:16:00,TURB_SPEED_01,3013.2954
2024-01-16T13:16:00,TURB_VIB_01,3.138
2024-01-16T13:16:00,TURB_OUTPUT_01,745.5702
2024-01-16T13:16:00,TURB_BEAR_01,85.82
2024-01-16T13:17:00,TURB_SPEED_01,3012.7303
2024-01-16T13:17:00,TURB_VIB_01,3.1073
2024-01-16T13:17:00,TURB_OUTPUT_01,739.8189
2024-01-16T13:18:00,TURB_SPEED_01,3012.8682
2024-01-16T13:18:00,TURB_VIB_01,3.0446
2024-01-16T13:18:00,TURB_OUTPUT_01,739.5044
2024-01-16T13:18:00,TURB_BEAR_01,84.8287
2024-01-16T13:19:00,TURB_SPEED_01,3012.7733
2024-01-16T13:19:00,TURB_VIB_01,3.0779
2024-01-16T13:19:00,TURB_OUTPUT_01,737.0187
2024-01-16T13:20:00,TURB_SPEED_01,3013.0727
2024-01-16T13:20:00,TURB_VIB_01,3.0625
2024-01-16T13:20:00,TURB_OUTPUT_01,739.7752
2024-01-16T13:20:00,TURB_BEAR_01,85.7721
2024-01-16T13:21:00,TURB_SPEED_01,3013.2363
2024-01-16T13:21:00,TURB_VIB_01,3.0987
2024-01-16T13:21:00,TURB_OUTPUT_01,739.9331
2024-01-16T13:22:00,TURB_SPEED_01,3013.2811
2024-01-16T13:22:00,TURB_VIB_01,3.1434
2024-01-16T13:22:00,TURB_OUTPUT_01,738.6135
2024-01-16T13:22:00,TURB_BEAR_01,85.8054
2024-01-16T13:23:00,TURB_SPEED_01,3013.2457
2024-01-16T13:23:00,TURB_VIB_01,3.1559
2024-01-16T13:23:00,TURB_OUTPUT_01,747.6935
2024-01-16T13:24:00,TURB_SPEED_01,3012.7882
2024-01-16T13:24:00,TURB_VIB_01,3.0925
2024-01-16T13:24:00,TURB_OUTPUT_01,736.2114
2024-01-16T13:24:00,TURB_BEAR_01,85.3289
2024-01-16T13:25:00,TURB_SPEED_01,3013.2499
2024-01-16T13:25:00,TURB_VIB_01,3.195
2024-01-16T13:25:00,TURB_OUTPUT_01,745.2359
2024-01-16T13:26:00,TURB_SPEED_01,3013.0743
2024-01-16T13:26:00,TURB_VIB_01,3.0884
2024-01-16T13:26:00,TURB_OUTPUT_01,740.7985
2024-01-16T13:26:00,TURB_BEAR_01,85.1371
2024-01-16T13:27:00,TURB_SPEED_01,3013.1985
2024-01-16T13:27:00,TURB_VIB_01,3.1172
2024-01-16T13:27:00,TURB_OUTPUT_01,744.2595
2024-01-16T13:28:00,TURB_SPEED_01,3012.9919
2024-01-16T13:28:00,TURB_VIB_01,3.1334
2024-01-16T13:28:00,TURB_OUTPUT_01,739.9937
2024-01-16T13:28:00,TURB_BEAR_01,85.027
2024-01-16T13:29:00,TURB_SPEED_01,3012.8679
2024-01-16T13:29:00,TURB_VIB_01,3.1201
2024-01-16T13:29:00,TURB_OUTPUT_01,738.3454
2024-01-16T13:30:00,TURB_SPEED_01,3013.0721
2024-01-16T13:30:00,TURB_VIB_01,3.0859
2024-01-16T13:30:00,TURB_OUTPUT_01,739.8275
2024-01-16T13:30:00,TURB_BEAR_01,85.8338
2024-01-16T13:31:00,TURB_SPEED_01,3012.5194
2024-01-16T13:31:00,TURB_VIB_01,2.9947
2024-01-16T13:31:00,TURB_OUTPUT_01,734.4062
2024-01-16T13:32:00,TURB_SPEED_01,3013.0806
2024-01-16T13:32:00,TURB_VIB_01,3.096
2024-01-16T13:32:00,TURB_OUTPUT_01,739.6833
2024-01-16T13:32:00,TURB_BEAR_01,85.0325
2024-01-16T13:33:00,TURB_SPEED_01,3012.6526
2024-01-16T13:33:00,TURB_VIB_01,3.0517
2024-01-16T13:33:00,TURB_OUTPUT_01,732.8396
2024-01-16T13:34:00,TURB_SPEED_01,3013.0402
2024-01-16T13:34:00,TURB_VIB_01,3.0987
2024-01-16T13:34:00,TURB_OUTPUT_01,738.9754
2024-01-16T13:34:00,TURB_BEAR_01,85.2803
2024-01-16T13:35:00,TURB_SPEED_01,3013.0971
2024-01-16T13:35:00,TURB_VIB_01,3.122
2024-01-16T13:35:00,TURB_OUTPUT_01,738.3145
2024-01-16T13:36:00,TURB_SPEED_01,3012.7951
2024-01-16T13:36:00,TURB_VIB_01,3.0926
2024-01-16T13:36:00,TURB_OUTPUT_01,739.9411
2024-01-16T13:36:00,TURB_BEAR_01,86.0469
2024-01-16T13:37:00,TURB_SPEED_01,3013.1562
2024-01-16T13:37:00,TURB_VIB_01,3.1469
2024-01-16T13:37:00,TURB_OUTPUT_01,741.8762
2024-01-16T13:38:00,TURB_SPEED_01,3012.9896
2024-01-16T13:38:00,TURB_VIB_01,3.0696
2024-01-16T13:38:00,TURB_OUTPUT_01,739.6374
2024-01-16T13:38:00,TURB_BEAR_01,85.6927
2024-01-16T13:39:00,TURB_SPEED_01,3012.6304
2024-01-16T13:39:00,TURB_VIB_01,3.0483
2024-01-16T13:39:00,TURB_OUTPUT_01,740.4026
2024-01-16T13:40:00,TURB_SPEED_01,3013.0425
2024-01-16T13:40:00,TURB_VIB_01,3.1034
2024-01-16T13:40:00,TURB_OUTPUT_01,745.3902
2024-01-16T13:40:00,TURB_BEAR_01,85.4807
2024-01-16T13:41:00,TURB_SPEED_01,3013.0405
2024-01-16T13:41:00,TURB_VIB_01,3.1133
2024-01-16T13:41:00,TURB_OUTPUT_01,738.0942
2024-01-16T13:42:00,TURB_SPEED_01,3012.8822
2024-01-16T13:42:00,TURB_VIB_01,3.0631
2024-01-16T13:42:00,TURB_OUTPUT_01,736.4651
2024-01-16T13:42:00,TURB_BEAR_01,85.3349
2024-01-16T13:43:00,TURB_SPEED_01,3012.9285
2024-01-16T13:43:00,TURB_VIB_01,3.1695
2024-01-16T13:43:00,TURB_OUTPUT_01,744.6315
2024-01-16T13:44:00,TURB_SPEED_01,3012.7768
2024-01-16T13:44:00,TURB_VIB_01,3.0995
2024-01-16T13:44:00,TURB_OUTPUT_01,740.8495
2024-01-16T13:44:00,TURB_BEAR_01,85.554
2024-01-16T13:45:00,TURB_SPEED_01,3012.889
2024-01-16T13:45:00,TURB_VIB_01,3.0611
2024-01-16T13:45:00,TURB_OUTPUT_01,737.7955
2024-01-16T13:46:00,TURB_SPEED_01,3013.0114
2024-01-16T13:46:00,TURB_VIB_01,3.0894
2024-01-16T13:46:00,TURB_OUTPUT_01,742.4811
2024-01-16T13:46:00,TURB_BEAR_01,85.1112
2024-01-16T13:47:00,TURB_SPEED_01,3012.645
2024-01-16T13:47:00,TURB_VIB_01,3.0946
2024-01-16T13:47:00,TURB_OUTPUT_01,735.0897
2024-01-16T13:48:00,TURB_SPEED_01,3012.9986
2024-01-16T13:48:00,TURB_VIB_01,3.1619
2024-01-16T13:48:00,TURB_OUTPUT_01,743.0928
2024-01-16T13:48:00,TURB_BEAR_01,85.1101
2024-01-16T13:49:00,TURB_SPEED_01,3013.3902
2024-01-16T13:49:00,TURB_VIB_01,3.089
2024-01-16T13:49:00,TURB_OUTPUT_01,739.8006
2024-01-16T13:50:00,TURB_SPEED_01,3012.9515
2024-01-16T13:50:00,TURB_VIB_01,3.0574
2024-01-16T13:50:00,TURB_OUTPUT_01,737.0965
2024-01-16T13:50:00,TURB_BEAR_01,85.1017
2024-01-16T13:51:00,TURB_SPEED_01,3012.9999
2024-01-16T13:51:00,TURB_VIB_01,3.1087
2024-01-16T13:51:00,TURB_OUTPUT_01,741.1035
2024-01-16T13:52:00,TURB_SPEED_01,3012.7538
2024-01-16T13:52:00,TURB_VIB_01,3.0323
2024-01-16T13:52:00,TURB_OUTPUT_01,736.3701
2024-01-16T13:52:00,TURB_BEAR_01,84.3807
2024-01-16T13:53:00,TURB_SPEED_01,3012.8606
2024-01-16T13:53:00,TURB_VIB_01,3.0579
2024-01-16T13:53:00,TURB_OUTPUT_01,738.3379
2024-01-16T13:54:00,TURB_SPEED_01,3012.644
2024-01-16T13:54:00,TURB_VIB_01,3.0983
2024-01-16T13:54:00,TURB_OUTPUT_01,736.7514
2024-01-16T13:54:00,TURB_BEAR_01,84.9639
2024-01-16T13:55:00,TURB_SPEED_01,3013.1056
2024-01-16T13:55:00,TURB_VIB_01,3.0601
2024-01-16T13:55:00,TURB_OUTPUT_01,739.549
2024-01-16T13:56:00,TURB_SPEED_01,3013.1578
2024-01-16T13:56:00,TURB_VIB_01,3.1446
2024-01-16T13:56:00,TURB_OUTPUT_01,743.4535
2024-01-16T13:56:00,TURB_BEAR_01,85.6469
2024-01-16T13:57:00,TURB_SPEED_01,3013.0721
2024-01-16T13:57:00,TURB_VIB_01,3.156
2024-01-16T13:57:00,TURB_OUTPUT_01,743.5438
2024-01-16T13:58:00,TURB_SPEED_01,3012.5491
2024-01-16T13:58:00,TURB_VIB_01,3.0049
2024-01-16T13:58:00,TURB_OUTPUT_01,731.8994
2024-01-16T13:58:00,TURB_BEAR_01,83.9192
2024-01-16T13:59:00,TURB_SPEED_01,3013.1118
2024-01-16T13:59:00,TURB_VIB_01,3.1605
2024-01-16T13:59:00,TURB_OUTPUT_01,743.7576
2024-01-16T14:00:00,TURB_SPEED_01,3012.8084
2024-01-16T14:00:00,TURB_VIB_01,2.9948
2024-01-16T14:00:00,TURB_OUTPUT_01,738.7258
2024-01-16T14:00:00,TURB_BEAR_01,84.2543
2024-01-16T14:01:00,TURB_SPEED_01,3013.0779
2024-01-16T14:01:00,TURB_VIB_01,3.0397
2024-01-16T14:01:00,TURB_OUTPUT_01,738.7693
2024-01-16T14:02:00,TURB_SPEED_01,3012.9552
2024-01-16T14:02:00,TURB_VIB_01,3.1561
2024-01-16T14:02:00,TURB_OUTPUT_01,740.9168
2024-01-16T14:02:00,TURB_BEAR_01,85.4913
2024-01-16T14:03:00,TURB_SPEED_01,3013.3353
2024-01-16T14:03:00,TURB_VIB_01,3.2408
2024-01-16T14:03:00,TURB_OUTPUT_01,745.6601
2024-01-16T14:04:00,TURB_SPEED_01,3013.1584
2024-01-16T14:04:00,TURB_VIB_01,3.0781
2024-01-16T14:04:00,TURB_OUTPUT_01,733.6239
2024-01-16T14:04:00,TURB_BEAR_01,85.1743
2024-01-16T14:05:00,TURB_SPEED_01,3012.8358
2024-01-16T14:05:00,TURB_VIB_01,3.0953
2024-01-16T14:05:00,TURB_OUTPUT_01,740.866
2024-01-16T14:06:00,TURB_SPEED_01,3013.285
2024-01-16T14:06:00,TURB_VIB_01,3.1488
2024-01-16T14:06:00,TURB_OUTPUT_01,748.0863
2024-01-16T14:06:00,TURB_BEAR_01,85.666
2024-01-16T14:07:00,TURB_SPEED_01,3013.0702
2024-01-16T14:07:00,TURB_VIB_01,3.1001
2024-01-16T14:07:00,TURB_OUTPUT_01,737.1818
2024-01-16T14:08:00,TURB_SPEED_01,3013.2685
2024-01-16T14:08:00,TURB_VIB_01,3.1261
2024-01-16T14:08:00,TURB_OUTPUT_01,742.5065
2024-01-16T14:08:00,TURB_BEAR_01,85.7993
2024-01-16T14:09:00,TURB_SPEED_01,3012.6842
2024-01-16T14:09:00,TURB_VIB_01,3.1142
2024-01-16T14:09:00,TURB_OUTPUT_01,743.1135
2024-01-16T14:10:00,TURB_SPEED_01,3012.8261
2024-01-16T14:10:00,TURB_VIB_01,3.0657
2024-01-16T14:10:00,TURB_OUTPUT_01,736.6833
2024-01-16T14:10:00,TURB_BEAR_01,84.9408
2024-01-16T14:11:00,TURB_SPEED_01,3012.855
2024-01-16T14:11:00,TURB_VIB_01,3.0772
2024-01-16T14:11:00,TURB_OUTPUT_01,743.7318
2024-01-16T14:12:00,TURB_SPEED_01,3012.8179
2024-01-16T14:12:00,TURB_VIB_01,3.0997
2024-01-16T14:12:00,TURB_OUTPUT_01,733.5927
2024-01-16T14:12:00,TURB_BEAR_01,84.9112
2024-01-16T14:13:00,TURB_SPEED_01,3013.1361
2024-01-16T14:13:00,TURB_VIB_01,3.1603
2024-01-16T14:13:00,TURB_OUTPUT_01,746.3051
2024-01-16T14:14:00,TURB_SPEED_01,3012.9769
2024-01-16T14:14:00,TURB_VIB_01,3.0809
2024-01-16T14:14:00,TURB_OUTPUT_01,736.7662
2024-01-16T14:14:00,TURB_BEAR_01,84.9574
2024-01-16T14:15:00,TURB_SPEED_01,3013.2403
2024-01-16T14:15:00,TURB_VIB_01,3.0729
2024-01-16T14:15:00,TURB_OUTPUT_01,740.1946
2024-01-16T14:16:00,TURB_SPEED_01,3012.9864
2024-01-16T14:16:00,TURB_VIB_01,3.0929
2024-01-16T14:16:00,TURB_OUTPUT_01,741.6206
2024-01-16T14:16:00,TURB_BEAR_01,85.4701
2024-01-16T14:17:00,TURB_SPEED_01,3012.9565
2024-01-16T14:17:00,TURB_VIB_01,3.1623
2024-01-16T14:17:00,TURB_OUTPUT_01,738.6988
2024-01-16T14:18:00,TURB_SPEED_01,3012.8939
2024-01-16T14:18:00,TURB_VIB_01,3.1193
2024-01-16T14:18:00,TURB_OUTPUT_01,735.4102
2024-01-16T14:18:00,TURB_BEAR_01,84.2817
2024-01-16T14:19:00,TURB_SPEED_01,3012.8526
2024-01-16T14:19:00,TURB_VIB_01,3.1242
2024-01-16T14:19:00,TURB_OUTPUT_01,738.3648
2024-01-16T14:20:00,TURB_SPEED_01,3013.1478
2024-01-16T14:20:00,TURB_VIB_01,3.1199
2024-01-16T14:20:00,TURB_OUTPUT_01,741.9965
2024-01-16T14:20:00,TURB_BEAR_01,85.051
2024-01-16T14:21:00,TURB_SPEED_01,3013.3381
2024-01-16T14:21:00,TURB_VIB_01,3.1759
2024-01-16T14:21:00,TURB_OUTPUT_01,740.4524
2024-01-16T14:22:00,TURB_SPEED_01,3012.8434
2024-01-16T14:22:00,TURB_VIB_01,3.0642
2024-01-16T14:22:00,TURB_OUTPUT_01,740.324
2024-01-16T14:22:00,TURB_BEAR_01,85.3829
2024-01-16T14:23:00,TURB_SPEED_01,3012.9751
2024-01-16T14:23:00,TURB_VIB_01,3.0493
2024-01-16T14:23:00,TURB_OUTPUT_01,737.1885
2024-01-16T14:24:00,TURB_SPEED_01,3013.0638
2024-01-16T14:24:00,TURB_VIB_01,3.0544
2024-01-16T14:24:00,TURB_OUTPUT_01,738.5247
2024-01-16T14:24:00,TURB_BEAR_01,85.815
2024-01-16T14:25:00,TURB_SPEED_01,3012.5915
2024-01-16T14:25:00,TURB_VIB_01,2.9972
2024-01-16T14:25:00,TURB_OUTPUT_01,731.7365
2024-01-16T14:26:00,TURB_SPEED_01,3013.3896
2024-01-16T14:26:00,TURB_VIB_01,3.1165
2024-01-16T14:26:00,TURB_OUTPUT_01,746.3264
2024-01-16T14:26:00,TURB_BEAR_01,84.9323
2024-01-16T14:27:00,TURB_SPEED_01,3012.7268
2024-01-16T14:27:00,TURB_VIB_01,3.1119
2024-01-16T14:27:00,TURB_OUTPUT_01,742.2167
2024-01-16T14:28:00,TURB_SPEED_01,3012.8514
2024-01-16T14:28:00,TURB_VIB_01,3.0278
2024-01-16T14:28:00,TURB_OUTPUT_01,742.095
2024-01-16T14:28:00,TURB_BEAR_01,85.3878
2024-01-16T14:29:00,TURB_SPEED_01,3013.122
2024-01-16T14:29:00,TURB_VIB_01,3.1301
2024-01-16T14:29:00,TURB_OUTPUT_01,742.4369
2024-01-16T14:30:00,TURB_SPEED_01,3012.8951
2024-01-16T14:30:00,TURB_VIB_01,3.1
2024-01-16T14:30:00,TURB_OUTPUT_01,736.3094
2024-01-16T14:30:00,TURB_BEAR_01,85.3635
2024-01-16T14:31:00,TURB_SPEED_01,3013.1118
2024-01-16T14:31:00,TURB_VIB_01,3.0641
2024-01-16T14:31:00,TURB_OUTPUT_01,738.113
2024-01-16T14:32:00,TURB_SPEED_01,3013.0632
2024-01-16T14:32:00,TURB_VIB_01,3.2171
2024-01-16T14:32:00,TURB_OUTPUT_01,752.4368
2024-01-16T14:32:00,TURB_BEAR_01,85.7879
2024-01-16T14:33:00,TURB_SPEED_01,3012.5657
2024-01-16T14:33:00,TURB_VIB_01,3.0171
2024-01-16T14:33:00,TURB_OUTPUT_01,732.3182
2024-01-16T14:34:00,TURB_SPEED_01,3013.0126
2024-01-16T14:34:00,TURB_VIB_01,3.048
2024-01-16T14:34:00,TURB_OUTPUT_01,732.0202
2024-01-16T14:34:00,TURB_BEAR_01,84.8343
2024-01-16T14:35:00,TURB_SPEED_01,3013.0495
2024-01-16T14:35:00,TURB_VIB_01,3.1097
2024-01-16T14:35:00,TURB_OUTPUT_01,738.4021
2024-01-16T14:36:00,TURB_SPEED_01,3012.9237
2024-01-16T14:36:00,TURB_VIB_01,3.0558
2024-01-16T14:36:00,TURB_OUTPUT_01,739.3968
2024-01-16T14:36:00,TURB_BEAR_01,84.9703
2024-01-16T14:37:00,TURB_SPEED_01,3012.6993
2024-01-16T14:37:00,TURB_VIB_01,3.05
2024-01-16T14:37:00,TURB_OUTPUT_01,737.5336
2024-01-16T14:38:00,TURB_SPEED_01,3012.9712
2024-01-16T14:38:00,TURB_VIB_01,3.1311
2024-01-16T14:38:00,TURB_OUTPUT_01,743.2717
2024-01-16T14:38:00,TURB_BEAR_01,86.2175
2024-01-16T14:39:00,TURB_SPEED_01,3013.0435
2024-01-16T14:39:00,TURB_VIB_01,3.1296
2024-01-16T14:39:00,TURB_OUTPUT_01,747.0491
2024-01-16T14:40:00,TURB_SPEED_01,3012.7828
2024-01-16T14:40:00,TURB_VIB_01,3.0076
2024-01-16T14:40:00,TURB_OUTPUT_01,731.4799
2024-01-16T14:40:00,TURB_BEAR_01,85.2603
2024-01-16T14:41:00,TURB_SPEED_01,3013.0615
2024-01-16T14:41:00,TURB_VIB_01,3.0947
2024-01-16T14:41:00,TURB_OUTPUT_01,737.5711
2024-01-16T14:42:00,TURB_SPEED_01,3012.755
2024-01-16T14:42:00,TURB_VIB_01,3.1125
2024-01-16T14:42:00,TURB_OUTPUT_01,738.4336
2024-01-16T14:42:00,TURB_BEAR_01,85.0958
2024-01-16T14:43:00,TURB_SPEED_01,3013.2258
2024-01-16T14:43:00,TURB_VIB_01,3.1513
2024-01-16T14:43:00,TURB_OUTPUT_01,745.8966
2024-01-16T14:44:00,TURB_SPEED_01,3012.99
2024-01-16T14:44:00,TURB_VIB_01,3.1473
2024-01-16T14:44:00,TURB_OUTPUT_01,740.2972
2024-01-16T14:44:00,TURB_BEAR_01,86.1546
2024-01-16T14:45:00,TURB_SPEED_01,3013.1095
2024-01-16T14:45:00,TURB_VIB_01,3.1088
2024-01-16T14:45:00,TURB_OUTPUT_01,734.8913
2024-01-16T14:46:00,TURB_SPEED_01,3012.9583
2024-01-16T14:46:00,TURB_VIB_01,3.0194
2024-01-16T14:46:00,TURB_OUTPUT_01,738.0694
2024-01-16T14:46:00,TURB_BEAR_01,84.7493
2024-01-16T14:47:00,TURB_SPEED_01,3013.0148
2024-01-16T14:47:00,TURB_VIB_01,3.0997
2024-01-16T14:47:00,TURB_OUTPUT_01,737.7005
2024-01-16T14:48:00,TURB_SPEED_01,3012.6864
2024-01-16T14:48:00,TURB_VIB_01,3.0754
2024-01-16T14:48:00,TURB_OUTPUT_01,736.5055
2024-01-16T14:48:00,TURB_BEAR_01,85.0123
2024-01-16T14:49:00,TURB_SPEED_01,3012.6729
2024-01-16T14:49:00,TURB_VIB_01,3.0057
2024-01-16T14:49:00,TURB_OUTPUT_01,736.4452
2024-01-16T14:50:00,TURB_SPEED_01,3013.1519
2024-01-16T14:50:00,TURB_VIB_01,3.086
2024-01-16T14:50:00,TURB_OUTPUT_01,740.0207
2024-01-16T14:50:00,TURB_BEAR_01,85.1357
2024-01-16T14:51:00,TURB_SPEED_01,3012.8666
2024-01-16T14:51:00,TURB_VIB_01,3.0598
2024-01-16T14:51:00,TURB_OUTPUT_01,744.9605
2024-01-16T14:52:00,TURB_SPEED_01,3013.1574
2024-01-16T14:52:00,TURB_VIB_01,3.1152
2024-01-16T14:52:00,TURB_OUTPUT_01,743.0695
2024-01-16T14:52:00,TURB_BEAR_01,85.4039
2024-01-16T14:53:00,TURB_SPEED_01,3013.0134
2024-01-16T14:53:00,TURB_VIB_01,3.1193
2024-01-16T14:53:00,TURB_OUTPUT_01,736.0083
2024-01-16T14:54:00,TURB_SPEED_01,3012.7906
2024-01-16T14:54:00,TURB_VIB_01,3.0886
2024-01-16T14:54:00,TURB_OUTPUT_01,733.9596
2024-01-16T14:54:00,TURB_BEAR_01,84.9676
2024-01-16T14:55:00,TURB_SPEED_01,3013.0514
2024-01-16T14:55:00,TURB_VIB_01,3.1304
2024-01-16T14:55:00,TURB_OUTPUT_01,743.8999
2024-01-16T14:56:00,TURB_SPEED_01,3013.1666
2024-01-16T14:56:00,TURB_VIB_01,3.0993
2024-01-16T14:56:00,TURB_OUTPUT_01,738.7807
2024-01-16T14:56:00,TURB_BEAR_01,85.2275
2024-01-16T14:57:00,TURB_SPEED_01,3013.4
2024-01-16T14:57:00,TURB_VIB_01,3.1787
2024-01-16T14:57:00,TURB_OUTPUT_01,747.8349
2024-01-16T14:58:00,TURB_SPEED_01,3013.3006
2024-01-16T14:58:00,TURB_VIB_01,3.1371
2024-01-16T14:58:00,TURB_OUTPUT_01,745.246
2024-01-16T14:58:00,TURB_BEAR_01,85.8908
2024-01-16T14:59:00,TURB_SPEED_01,3012.9652
2024-01-16T14:59:00,TURB_VIB_01,3.1273
2024-01-16T14:59:00,TURB_OUTPUT_01,736.3242
2024-01-16T15:00:00,TURB_SPEED_01,3012.9451
2024-01-16T15:00:00,TURB_VIB_01,3.0589
2024-01-16T15:00:00,TURB_OUTPUT_01,737.4527
2024-01-16T15:00:00,TURB_BEAR_01,84.6711
2024-01-16T15:01:00,TURB_SPEED_01,3012.8276
2024-01-16T15:01:00,TURB_VIB_01,3.0968
2024-01-16T15:01:00,TURB_OUTPUT_01,737.7918
2024-01-16T15:02:00,TURB_SPEED_01,3012.8242
2024-01-16T15:02:00,TURB_VIB_01,3.0571
2024-01-16T15:02:00,TURB_OUTPUT_01,737.4452
2024-01-16T15:02:00,TURB_BEAR_01,84.2334
2024-01-16T15:03:00,TURB_SPEED_01,3012.7752
2024-01-16T15:03:00,TURB_VIB_01,3.0986
2024-01-16T15:03:00,TURB_OUTPUT_01,736.3207
2024-01-16T15:04:00,TURB_SPEED_01,3012.8494
2024-01-16T15:04:00,TURB_VIB_01,3.0213
2024-01-16T15:04:00,TURB_OUTPUT_01,738.9364
2024-01-16T15:04:00,TURB_BEAR_01,84.6345
2024-01-16T15:05:00,TURB_SPEED_01,3013.0897
2024-01-16T15:05:00,TURB_VIB_01,3.078
2024-01-16T15:05:00,TURB_OUTPUT_01,743.1972
2024-01-16T15:06:00,TURB_SPEED_01,3013.1496
2024-01-16T15:06:00,TURB_VIB_01,3.1003
2024-01-16T15:06:00,TURB_OUTPUT_01,740.9623
2024-01-16T15:06:00,TURB_BEAR_01,85.2396
2024-01-16T15:07:00,TURB_SPEED_01,3013.1486
2024-01-16T15:07:00,TURB_VIB_01,3.103
2024-01-16T15:07:00,TURB_OUTPUT_01,740.7365
2024-01-16T15:08:00,TURB_SPEED_01,3013.0755
2024-01-16T15:08:00,TURB_VIB_01,3.0517
2024-01-16T15:08:00,TURB_OUTPUT_01,738.6465
2024-01-16T15:08:00,TURB_BEAR_01,83.9251
2024-01-16T15:09:00,TURB_SPEED_01,3012.7633
2024-01-16T15:09:00,TURB_VIB_01,3.0466
2024-01-16T15:09:00,TURB_OUTPUT_01,733.0182
2024-01-16T15:10:00,TURB_SPEED_01,3012.9415
2024-01-16T15:10:00,TURB_VIB_01,3.0781
2024-01-16T15:10:00,TURB_OUTPUT_01,736.3673
2024-01-16T15:10:00,TURB_BEAR_01,84.9528
2024-01-16T15:11:00,TURB_SPEED_01,3012.7194
2024-01-16T15:11:00,TURB_VIB_01,3.0793
2024-01-16T15:11:00,TURB_OUTPUT_01,738.8787
2024-01-16T15:12:00,TURB_SPEED_01,3013.1961
2024-01-16T15:12:00,TURB_VIB_01,3.1008
2024-01-16T15:12:00,TURB_OUTPUT_01,745.6107
2024-01-16T15:12:00,TURB_BEAR_01,85.2007
2024-01-16T15:13:00,TURB_SPEED_01,3012.9735
2024-01-16T15:13:00,TURB_VIB_01,3.0574
2024-01-16T15:13:00,TURB_OUTPUT_01,743.5404
2024-01-16T15:14:00,TURB_SPEED_01,3012.9568
2024-01-16T15:14:00,TURB_VIB_01,3.0181
2024-01-16T15:14:00,TURB_OUTPUT_01,733.8422
2024-01-16T15:14:00,TURB_BEAR_01,85.1212
2024-01-16T15:15:00,TURB_SPEED_01,3012.9773
2024-01-16T15:15:00,TURB_VIB_01,3.0777
2024-01-16T15:15:00,TURB_OUTPUT_01,739.6873
2024-01-16T15:16:00,TURB_SPEED_01,3013.1996
2024-01-16T15:16:00,TURB_VIB_01,3.113
2024-01-16T15:16:00,TURB_OUTPUT_01,743.9852
2024-01-16T15:16:00,TURB_BEAR_01,85.5855
2024-01-16T15:17:00,TURB_SPEED_01,3013.133
2024-01-16T15:17:00,TURB_VIB_01,3.0999
2024-01-16T15:17:00,TURB_OUTPUT_01,745.2525
2024-01-16T15:18:00,TURB_SPEED_01,3012.8531
2024-01-16T15:18:00,TURB_VIB_01,3.0903
2024-01-16T15:18:00,TURB_OUTPUT_01,737.0406
2024-01-16T15:18:00,TURB_BEAR_01,85.0698
2024-01-16T15:19:00,TURB_SPEED_01,3012.6969
2024-01-16T15:19:00,TURB_VIB_01,3.061
2024-01-16T15:19:00,TURB_OUTPUT_01,735.4455
2024-01-16T15:20:00,TURB_SPEED_01,3013.0919
2024-01-16T15:20:00,TURB_VIB_01,3.1477
2024-01-16T15:20:00,TURB_OUTPUT_01,743.1571
2024-01-16T15:20:00,TURB_BEAR_01,85.1847
2024-01-16T15:21:00,TURB_SPEED_01,3013.2334
2024-01-16T15:21:00,TURB_VIB_01,3.096
2024-01-16T15:21:00,TURB_OUTPUT_01,738.0733
2024-01-16T15:22:00,TURB_SPEED_01,3012.9039
2024-01-16T15:22:00,TURB_VIB_01,3.0302
2024-01-16T15:22:00,TURB_OUTPUT_01,728.3266
2024-01-16T15:22:00,TURB_BEAR_01,84.6299
2024-01-16T15:23:00,TURB_SPEED_01,3012.8731
2024-01-16T15:23:00,TURB_VIB_01,3.072
2024-01-16T15:23:00,TURB_OUTPUT_01,751.7423
2024-01-16T15:24:00,TURB_SPEED_01,3012.8739
2024-01-16T15:24:00,TURB_VIB_01,3.166
2024-01-16T15:24:00,TURB_OUTPUT_01,737.7365
2024-01-16T15:24:00,TURB_BEAR_01,85.2109
2024-01-16T15:25:00,TURB_SPEED_01,3012.8381
2024-01-16T15:25:00,TURB_VIB_01,3.0618
2024-01-16T15:25:00,TURB_OUTPUT_01,731.8373
2024-01-16T15:26:00,TURB_SPEED_01,3012.9704
2024-01-16T15:26:00,TURB_VIB_01,3.1469
2024-01-16T15:26:00,TURB_OUTPUT_01,741.4509
2024-01-16T15:26:00,TURB_BEAR_01,85.4907
2024-01-16T15:27:00,TURB_SPEED_01,3012.3387
2024-01-16T15:27:00,TURB_VIB_01,2.9954
2024-01-16T15:27:00,TURB_OUTPUT_01,735.102
2024-01-16T15:28:00,TURB_SPEED_01,3013.0171
2024-01-16T15:28:00,TURB_VIB_01,3.0429
2024-01-16T15:28:00,TURB_OUTPUT_01,741.6177
2024-01-16T15:28:00,TURB_BEAR_01,84.8241
2024-01-16T15:29:00,TURB_SPEED_01,3013.3443
2024-01-16T15:29:00,TURB_VIB_01,3.1547
2024-01-16T15:29:00,TURB_OUTPUT_01,742.197
2024-01-16T15:30:00,TURB_SPEED_01,3013.1492
2024-01-16T15:30:00,TURB_VIB_01,3.0344
2024-01-16T15:30:00,TURB_OUTPUT_01,741.9566
2024-01-16T15:30:00,TURB_BEAR_01,85.3338
2024-01-16T15:31:00,TURB_SPEED_01,3013.3594
2024-01-16T15:31:00,TURB_VIB_01,3.1577
2024-01-16T15:31:00,TURB_OUTPUT_01,749.5482
2024-01-16T15:32:00,TURB_SPEED_01,3013.0472
2024-01-16T15:32:00,TURB_VIB_01,3.1529
2024-01-16T15:32:00,TURB_OUTPUT_01,743.1537
2024-01-16T15:32:00,TURB_BEAR_01,85.2722
2024-01-16T15:33:00,TURB_SPEED_01,3012.7168
2024-01-16T15:33:00,TURB_VIB_01,3.0892
2024-01-16T15:33:00,TURB_OUTPUT_01,743.2294
2024-01-16T15:34:00,TURB_SPEED_01,3012.6812
2024-01-16T15:34:00,TURB_VIB_01,3.0915
2024-01-16T15:34:00,TURB_OUTPUT_01,736.207
2024-01-16T15:34:00,TURB_BEAR_01,84.7687
2024-01-16T15:35:00,TURB_SPEED_01,3013.1268
2024-01-16T15:35:00,TURB_VIB_01,3.1049
2024-01-16T15:35:00,TURB_OUTPUT_01,739.6187
2024-01-16T15:36:00,TURB_SPEED_01,3013.3763
2024-01-16T15:36:00,TURB_VIB_01,3.1746
2024-01-16T15:36:00,TURB_OUTPUT_01,743.1957
2024-01-16T15:36:00,TURB_BEAR_01,85.3054
2024-01-16T15:37:00,TURB_SPEED_01,3013.2937
2024-01-16T15:37:00,TURB_VIB_01,3.058
2024-01-16T15:37:00,TURB_OUTPUT_01,739.4586
2024-01-16T15:38:00,TURB_SPEED_01,3012.7911
2024-01-16T15:38:00,TURB_VIB_01,3.0634
2024-01-16T15:38:00,TURB_OUTPUT_01,736.3659
2024-01-16T15:38:00,TURB_BEAR_01,84.3604
2024-01-16T15:39:00,TURB_SPEED_01,3013.0694
2024-01-16T15:39:00,TURB_VIB_01,3.0893
2024-01-16T15:39:00,TURB_OUTPUT_01,735.8541
2024-01-16T15:40:00,TURB_SPEED_01,3013.1751
2024-01-16T15:40:00,TURB_VIB_01,3.1854
2024-01-16T15:40:00,TURB_OUTPUT_01,742.5323
2024-01-16T15:40:00,TURB_BEAR_01,85.5142
2024-01-16T15:41:00,TURB_SPEED_01,3013.0521
2024-01-16T15:41:00,TURB_VIB_01,3.1416
2024-01-16T15:41:00,TURB_OUTPUT_01,737.1798
2024-01-16T15:42:00,TURB_SPEED_01,3012.8612
2024-01-16T15:42:00,TURB_VIB_01,3.1228
2024-01-16T15:42:00,TURB_OUTPUT_01,740.1175
2024-01-16T15:42:00,TURB_BEAR_01,85.0254
2024-01-16T15:43:00,TURB_SPEED_01,3013.0385
2024-01-16T15:43:00,TURB_VIB_01,3.079
2024-01-16T15:43:00,TURB_OUTPUT_01,737.8247
2024-01-16T15:44:00,TURB_SPEED_01,3012.5759
2024-01-16T15:44:00,TURB_VIB_01,3.0247
2024-01-16T15:44:00,TURB_OUTPUT_01,731.8944
2024-01-16T15:44:00,TURB_BEAR_01,84.4437
2024-01-16T15:45:00,TURB_SPEED_01,3013.0694
2024-01-16T15:45:00,TURB_VIB_01,3.119
2024-01-16T15:45:00,TURB_OUTPUT_01,729.6053
2024-01-16T15:46:00,TURB_SPEED_01,3013.0603
2024-01-16T15:46:00,TURB_VIB_01,3.1069
2024-01-16T15:46:00,TURB_OUTPUT_01,738.4394
2024-01-16T15:46:00,TURB_BEAR_01,85.3567
2024-01-16T15:47:00,TURB_SPEED_01,3013.1274
2024-01-16T15:47:00,TURB_VIB_01,3.0894
2024-01-16T15:47:00,TURB_OUTPUT_01,738.1746
2024-01-16T15:48:00,TURB_SPEED_01,3012.9015
2024-01-16T15:48:00,TURB_VIB_01,3.0672
2024-01-16T15:48:00,TURB_OUTPUT_01,744.9671
2024-01-16T15:48:00,TURB_BEAR_01,84.7663
2024-01-16T15:49:00,TURB_SPEED_01,3012.9562
2024-01-16T15:49:00,TURB_VIB_01,3.0742
2024-01-16T15:49:00,TURB_OUTPUT_01,733.9188
2024-01-16T15:50:00,TURB_SPEED_01,3012.8025
2024-01-16T15:50:00,TURB_VIB_01,3.0749
2024-01-16T15:50:00,TURB_OUTPUT_01,736.4209
2024-01-16T15:50:00,TURB_BEAR_01,85.0996
2024-01-16T15:51:00,TURB_SPEED_01,3013.0216
2024-01-16T15:51:00,TURB_VIB_01,3.1454
2024-01-16T15:51:00,TURB_OUTPUT_01,746.1304
2024-01-16T15:52:00,TURB_SPEED_01,3013.1357
2024-01-16T15:52:00,TURB_VIB_01,3.1647
2024-01-16T15:52:00,TURB_OUTPUT_01,744.787
2024-01-16T15:52:00,TURB_BEAR_01,85.5952
2024-01-16T15:53:00,TURB_SPEED_01,3012.9945
2024-01-16T15:53:00,TURB_VIB_01,3.1137
2024-01-16T15:53:00,TURB_OUTPUT_01,736.7596
2024-01-16T15:54:00,TURB_SPEED_01,3013.1753
2024-01-16T15:54:00,TURB_VIB_01,3.135
2024-01-16T15:54:00,TURB_OUTPUT_01,747.5325
2024-01-16T15:54:00,TURB_BEAR_01,85.9247
2024-01-16T15:55:00,TURB_SPEED_01,3012.842
2024-01-16T15:55:00,TURB_VIB_01,3.0333
2024-01-16T15:55:00,TURB_OUTPUT_01,737.7604
2024-01-16T15:56:00,TURB_SPEED_01,3013.1092
2024-01-16T15:56:00,TURB_VIB_01,3.0624
2024-01-16T15:56:00,TURB_OUTPUT_01,732.3045
2024-01-16T15:56:00,TURB_BEAR_01,84.7424
2024-01-16T15:57:00,TURB_SPEED_01,3013.0371
2024-01-16T15:57:00,TURB_VIB_01,3.0617
2024-01-16T15:57:00,TURB_OUTPUT_01,744.0477
2024-01-16T15:58:00,TURB_SPEED_01,3012.8133
2024-01-16T15:58:00,TURB_VIB_01,3.1057
2024-01-16T15:58:00,TURB_OUTPUT_01,741.1348
2024-01-16T15:58:00,TURB_BEAR_01,85.2007
2024-01-16T15:59:00,TURB_SPEED_01,3013.1078
2024-01-16T15:59:00,TURB_VIB_01,3.1532
2024-01-16T15:59:00,TURB_OUTPUT_01,736.7487
2024-01-16T16:00:00,TURB_SPEED_01,3013.0484
2024-01-16T16:00:00,TURB_VIB_01,3.1337
2024-01-16T16:00:00,TURB_OUTPUT_01,740.3562
2024-01-16T16:00:00,TURB_BEAR_01,85.6617
2024-01-16T16:01:00,TURB_SPEED_01,3013.2448
2024-01-16T16:01:00,TURB_VIB_01,3.1442
2024-01-16T16:01:00,TURB_OUTPUT_01,741.5825
2024-01-16T16:02:00,TURB_SPEED_01,3013.086
2024-01-16T16:02:00,TURB_VIB_01,3.121
2024-01-16T16:02:00,TURB_OUTPUT_01,740.6945
2024-01-16T16:02:00,TURB_BEAR_01,85.2425
2024-01-16T16:03:00,TURB_SPEED_01,3012.9784
2024-01-16T16:03:00,TURB_VIB_01,3.156
2024-01-16T16:03:00,TURB_OUTPUT_01,741.5919
2024-01-16T16:04:00,TURB_SPEED_01,3013.0221
2024-01-16T16:04:00,TURB_VIB_01,3.0874
2024-01-16T16:04:00,TURB_OUTPUT_01,734.4762
2024-01-16T16:04:00,TURB_BEAR_01,84.7135
2024-01-16T16:05:00,TURB_SPEED_01,3012.6025
2024-01-16T16:05:00,TURB_VIB_01,3.0931
2024-01-16T16:05:00,TURB_OUTPUT_01,738.99
2024-01-16T16:06:00,TURB_SPEED_01,3013.1886
2024-01-16T16:06:00,TURB_VIB_01,3.1595
2024-01-16T16:06:00,TURB_OUTPUT_01,747.2184
2024-01-16T16:06:00,TURB_BEAR_01,85.7771
2024-01-16T16:07:00,TURB_SPEED_01,3013.1921
2024-01-16T16:07:00,TURB_VIB_01,3.1391
2024-01-16T16:07:00,TURB_OUTPUT_01,743.4446
2024-01-16T16:08:00,TURB_SPEED_01,3013.2917
2024-01-16T16:08:00,TURB_VIB_01,3.0943
2024-01-16T16:08:00,TURB_OUTPUT_01,739.5816
2024-01-16T16:08:00,TURB_BEAR_01,84.4574
2024-01-16T16:09:00,TURB_SPEED_01,3012.634
2024-01-16T16:09:00,TURB_VIB_01,3.0899
2024-01-16T16:09:00,TURB_OUTPUT_01,739.1174
2024-01-16T16:10:00,TURB_SPEED_01,3013.0813
2024-01-16T16:10:00,TURB_VIB_01,3.1134
2024-01-16T16:10:00,TURB_OUTPUT_01,743.3787
2024-01-16T16:10:00,TURB_BEAR_01,85.037
2024-01-16T16:11:00,TURB_SPEED_01,3012.9379
2024-01-16T16:11:00,TURB_VIB_01,3.0719
2024-01-16T16:11:00,TURB_OUTPUT_01,738.8812
2024-01-16T16:12:00,TURB_SPEED_01,3012.6697
2024-01-16T16:12:00,TURB_VIB_01,3.0562
2024-01-16T16:12:00,TURB_OUTPUT_01,736.1109
2024-01-16T16:12:00,TURB_BEAR_01,84.6791
2024-01-16T16:13:00,TURB_SPEED_01,3012.9683
2024-01-16T16:13:00,TURB_VIB_01,3.1102
2024-01-16T16:13:00,TURB_OUTPUT_01,731.9701
2024-01-16T16:14:00,TURB_SPEED_01,3012.9481
2024-01-16T16:14:00,TURB_VIB_01,3.0776
2024-01-16T16:14:00,TURB_OUTPUT_01,741.8073
2024-01-16T16:14:00,TURB_BEAR_01,84.9239
2024-01-16T16:15:00,TURB_SPEED_01,3012.9423
2024-01-16T16:15:00,TURB_VIB_01,3.1142
2024-01-16T16:15:00,TURB_OUTPUT_01,736.9185
2024-01-16T16:16:00,TURB_SPEED_01,3013.2404
2024-01-16T16:16:00,TURB_VIB_01,3.1302
2024-01-16T16:16:00,TURB_OUTPUT_01,744.1601
2024-01-16T16:16:00,TURB_BEAR_01,85.3474
2024-01-16T16:17:00,TURB_SPEED_01,3012.9543
2024-01-16T16:17:00,TURB_VIB_01,3.1122
2024-01-16T16:17:00,TURB_OUTPUT_01,742.4918
2024-01-16T16:18:00,TURB_SPEED_01,3012.6466
2024-01-16T16:18:00,TURB_VIB_01,3.048
2024-01-16T16:18:00,TURB_OUTPUT_01,742.7767
2024-01-16T16:18:00,TURB_BEAR_01,84.6822
2024-01-16T16:19:00,TURB_SPEED_01,3013.0381
2024-01-16T16:19:00,TURB_VIB_01,3.062
2024-01-16T16:19:00,TURB_OUTPUT_01,731.2396
2024-01-16T16:20:00,TURB_SPEED_01,3012.5069
2024-01-16T16:20:00,TURB_VIB_01,3.0586
2024-01-16T16:20:00,TURB_OUTPUT_01,735.7526
2024-01-16T16:20:00,TURB_BEAR_01,84.5395
2024-01-16T16:21:00,TURB_SPEED_01,3013.3012
2024-01-16T16:21:00,TURB_VIB_01,3.0866
2024-01-16T16:21:00,TURB_OUTPUT_01,733.949
2024-01-16T16:22:00,TURB_SPEED_01,3012.9407
2024-01-16T16:22:00,TURB_VIB_01,3.1462
2024-01-16T16:22:00,TURB_OUTPUT_01,743.8973
2024-01-16T16:22:00,TURB_BEAR_01,85.6377
2024-01-16T16:23:00,TURB_SPEED_01,3013.0447
2024-01-16T16:23:00,TURB_VIB_01,3.138
2024-01-16T16:23:00,TURB_OUTPUT_01,738.4625
2024-01-16T16:24:00,TURB_SPEED_01,3013.0513
2024-01-16T16:24:00,TURB_VIB_01,3.0838
2024-01-16T16:24:00,TURB_OUTPUT_01,740.9631
2024-01-16T16:24:00,TURB_BEAR_01,84.8544
2024-01-16T16:25:00,TURB_SPEED_01,3012.6281
2024-01-16T16:25:00,TURB_VIB_01,3.0336
2024-01-16T16:25:00,TURB_OUTPUT_01,733.6971
2024-01-16T16:26:00,TURB_SPEED_01,3012.9125
2024-01-16T16:26:00,TURB_VIB_01,3.131
2024-01-16T16:26:00,TURB_OUTPUT_01,739.8534
2024-01-16T16:26:00,TURB_BEAR_01,84.9545
2024-01-16T16:27:00,TURB_SPEED_01,3013.1954
2024-01-16T16:27:00,TURB_VIB_01,3.1177
2024-01-16T16:27:00,TURB_OUTPUT_01,745.5063
2024-01-16T16:28:00,TURB_SPEED_01,3013.0709
2024-01-16T16:28:00,TURB_VIB_01,3.1462
2024-01-16T16:28:00,TURB_OUTPUT_01,742.9591
2024-01-16T16:28:00,TURB_BEAR_01,85.2048
2024-01-16T16:29:00,TURB_SPEED_01,3012.9983
2024-01-16T16:29:00,TURB_VIB_01,3.0965
2024-01-16T16:29:00,TURB_OUTPUT_01,740.0142
2024-01-16T16:30:00,TURB_SPEED_01,3013.2284
2024-01-16T16:30:00,TURB_VIB_01,3.1608
2024-01-16T16:30:00,TURB_OUTPUT_01,743.7123
2024-01-16T16:30:00,TURB_BEAR_01,85.932
2024-01-16T16:31:00,TURB_SPEED_01,3013.2182
2024-01-16T16:31:00,TURB_VIB_01,3.0709
2024-01-16T16:31:00,TURB_OUTPUT_01,739.7052
2024-01-16T16:32:00,TURB_SPEED_01,3013.0406
2024-01-16T16:32:00,TURB_VIB_01,3.0236
2024-01-16T16:32:00,TURB_OUTPUT_01,741.5806
2024-01-16T16:32:00,TURB_BEAR_01,84.8604
2024-01-16T16:33:00,TURB_SPEED_01,3012.9399
2024-01-16T16:33:00,TURB_VIB_01,3.0852
2024-01-16T16:33:00,TURB_OUTPUT_01,742.4919
2024-01-16T16:34:00,TURB_SPEED_01,3013.2044
2024-01-16T16:34:00,TURB_VIB_01,3.0629
2024-01-16T16:34:00,TURB_OUTPUT_01,736.1754
2024-01-16T16:34:00,TURB_BEAR_01,85.0138
2024-01-16T16:35:00,TURB_SPEED_01,3013.1548
2024-01-16T16:35:00,TURB_VIB_01,3.1038
2024-01-16T16:35:00,TURB_OUTPUT_01,740.9885
2024-01-16T16:36:00,TURB_SPEED_01,3013.4461
2024-01-16T16:36:00,TURB_VIB_01,3.1177
2024-01-16T16:36:00,TURB_OUTPUT_01,743.0212
2024-01-16T16:36:00,TURB_BEAR_01,85.3131
2024-01-16T16:37:00,TURB_SPEED_01,3012.7945
2024-01-16T16:37:00,TURB_VIB_01,3.0889
2024-01-16T16:37:00,TURB_OUTPUT_01,735.2149
2024-01-16T16:38:00,TURB_SPEED_01,3012.9356
2024-01-16T16:38:00,TURB_VIB_01,3.0908
2024-01-16T16:38:00,TURB_OUTPUT_01,736.7332
2024-01-16T16:38:00,TURB_BEAR_01,84.7767
2024-01-16T16:39:00,TURB_SPEED_01,3012.7378
2024-01-16T16:39:00,TURB_VIB_01,3.0761
2024-01-16T16:39:00,TURB_OUTPUT_01,736.407
2024-01-16T16:40:00,TURB_SPEED_01,3013.0173
2024-01-16T16:40:00,TURB_VIB_01,3.0631
2024-01-16T16:40:00,TURB_OUTPUT_01,741.4113
2024-01-16T16:40:00,TURB_BEAR_01,85.1219
2024-01-16T16:41:00,TURB_SPEED_01,3012.7121
2024-01-16T16:41:00,TURB_VIB_01,3.0865
2024-01-16T16:41:00,TURB_OUTPUT_01,739.9039
2024-01-16T16:42:00,TURB_SPEED_01,3013.1002
2024-01-16T16:42:00,TURB_VIB_01,3.1694
2024-01-16T16:42:00,TURB_OUTPUT_01,744.6384
2024-01-16T16:42:00,TURB_BEAR_01,85.0107
2024-01-16T16:43:00,TURB_SPEED_01,3012.9071
2024-01-16T16:43:00,TURB_VIB_01,3.1125
2024-01-16T16:43:00,TURB_OUTPUT_01,736.1831
2024-01-16T16:44:00,TURB_SPEED_01,3012.9761
2024-01-16T16:44:00,TURB_VIB_01,3.0837
2024-01-16T16:44:00,TURB_OUTPUT_01,736.5181
2024-01-16T16:44:00,TURB_BEAR_01,84.6412
2024-01-16T16:45:00,TURB_SPEED_01,3012.9984
2024-01-16T16:45:00,TURB_VIB_01,3.0998
2024-01-16T16:45:00,TURB_OUTPUT_01,741.4842
2024-01-16T16:46:00,TURB_SPEED_01,3012.837
2024-01-16T16:46:00,TURB_VIB_01,3.032
2024-01-16T16:46:00,TURB_OUTPUT_01,734.6057
2024-01-16T16:46:00,TURB_BEAR_01,84.7648
2024-01-16T16:47:00,TURB_SPEED_01,3013.3901
2024-01-16T16:47:00,TURB_VIB_01,3.1892
2024-01-16T16:47:00,TURB_OUTPUT_01,745.6698
2024-01-16T16:48:00,TURB_SPEED_01,3013.0062
2024-01-16T16:48:00,TURB_VIB_01,3.098
2024-01-16T16:48:00,TURB_OUTPUT_01,741.1953
2024-01-16T16:48:00,TURB_BEAR_01,85.2834
2024-01-16T16:49:00,TURB_SPEED_01,3013.3364
2024-01-16T16:49:00,TURB_VIB_01,3.1148
2024-01-16T16:49:00,TURB_OUTPUT_01,743.8916
2024-01-16T16:50:00,TURB_SPEED_01,3012.7098
2024-01-16T16:50:00,TURB_VIB_01,3.0376
2024-01-16T16:50:00,TURB_OUTPUT_01,734.9729
2024-01-16T16:50:00,TURB_BEAR_01,84.5199
2024-01-16T16:51:00,TURB_SPEED_01,3012.6759
2024-01-16T16:51:00,TURB_VIB_01,3.0519
2024-01-16T16:51:00,TURB_OUTPUT_01,741.9836
2024-01-16T16:52:00,TURB_SPEED_01,3013.2386
2024-01-16T16:52:00,TURB_VIB_01,3.0808
2024-01-16T16:52:00,TURB_OUTPUT_01,745.9198
2024-01-16T16:52:00,TURB_BEAR_01,85.6822
2024-01-16T16:53:00,TURB_SPEED_01,3012.866
2024-01-16T16:53:00,TURB_VIB_01,3.0403
2024-01-16T16:53:00,TURB_OUTPUT_01,736.4013
2024-01-16T16:54:00,TURB_SPEED_01,3012.7269
2024-01-16T16:54:00,TURB_VIB_01,3.0755
2024-01-16T16:54:00,TURB_OUTPUT_01,739.6223
2024-01-16T16:54:00,TURB_BEAR_01,84.426
2024-01-16T16:55:00,TURB_SPEED_01,3012.7962
2024-01-16T16:55:00,TURB_VIB_01,3.0532
2024-01-16T16:55:00,TURB_OUTPUT_01,741.1168
2024-01-16T16:56:00,TURB_SPEED_01,3013.3288
2024-01-16T16:56:00,TURB_VIB_01,3.0913
2024-01-16T16:56:00,TURB_OUTPUT_01,742.436
2024-01-16T16:56:00,TURB_BEAR_01,85.2179
2024-01-16T16:57:00,TURB_SPEED_01,3013.298
2024-01-16T16:57:00,TURB_VIB_01,3.1412
2024-01-16T16:57:00,TURB_OUTPUT_01,747.8803
2024-01-16T16:58:00,TURB_SPEED_01,3013.0119
2024-01-16T16:58:00,TURB_VIB_01,3.1101
2024-01-16T16:58:00,TURB_OUTPUT_01,739.2814
2024-01-16T16:58:00,TURB_BEAR_01,85.2366
2024-01-16T16:59:00,TURB_SPEED_01,3013.1631
2024-01-16T16:59:00,TURB_VIB_01,3.096
2024-01-16T16:59:00,TURB_OUTPUT_01,740.1951
2024-01-16T17:00:00,TURB_SPEED_01,3013.0716
2024-01-16T17:00:00,TURB_VIB_01,3.0927
2024-01-16T17:00:00,TURB_OUTPUT_01,737.2995
2024-01-16T17:00:00,TURB_BEAR_01,84.9674
2024-01-16T17:01:00,TURB_SPEED_01,3012.6996
2024-01-16T17:01:00,TURB_VIB_01,3.082
2024-01-16T17:01:00,TURB_OUTPUT_01,738.289
2024-01-16T17:02:00,TURB_SPEED_01,3012.8253
2024-01-16T17:02:00,TURB_VIB_01,3.1264
2024-01-16T17:02:00,TURB_OUTPUT_01,739.9556
2024-01-16T17:02:00,TURB_BEAR_01,84.7545
2024-01-16T17:03:00,TURB_SPEED_01,3013.0627
2024-01-16T17:03:00,TURB_VIB_01,3.1085
2024-01-16T17:03:00,TURB_OUTPUT_01,737.7278
2024-01-16T17:04:00,TURB_SPEED_01,3013.035
2024-01-16T17:04:00,TURB_VIB_01,3.1226
2024-01-16T17:04:00,TURB_OUTPUT_01,741.468
2024-01-16T17:04:00,TURB_BEAR_01,85.4582
2024-01-16T17:05:00,TURB_SPEED_01,3013.3128
2024-01-16T17:05:00,TURB_VIB_01,3.1859
2024-01-16T17:05:00,TURB_OUTPUT_01,743.8238
2024-01-16T17:06:00,TURB_SPEED_01,3012.9415
2024-01-16T17:06:00,TURB_VIB_01,3.1294
2024-01-16T17:06:00,TURB_OUTPUT_01,742.1181
2024-01-16T17:06:00,TURB_BEAR_01,84.8677
2024-01-16T17:07:00,TURB_SPEED_01,3013.3475
2024-01-16T17:07:00,TURB_VIB_01,3.1848
2024-01-16T17:07:00,TURB_OUTPUT_01,740.2374
2024-01-16T17:08:00,TURB_SPEED_01,3012.9417
2024-01-16T17:08:00,TURB_VIB_01,3.0925
2024-01-16T17:08:00,TURB_OUTPUT_01,737.6272
2024-01-16T17:08:00,TURB_BEAR_01,85.1998
2024-01-16T17:09:00,TURB_SPEED_01,3012.8776
2024-01-16T17:09:00,TURB_VIB_01,3.0762
2024-01-16T17:09:00,TURB_OUTPUT_01,736.4387
2024-01-16T17:10:00,TURB_SPEED_01,3012.8925
2024-01-16T17:10:00,TURB_VIB_01,3.1015
2024-01-16T17:10:00,TURB_OUTPUT_01,739.3111
2024-01-16T17:10:00,TURB_BEAR_01,85.0876
2024-01-16T17:11:00,TURB_SPEED_01,3013.2149
2024-01-16T17:11:00,TURB_VIB_01,3.056
2024-01-16T17:11:00,TURB_OUTPUT_01,739.4803
2024-01-16T17:12:00,TURB_SPEED_01,3012.656
2024-01-16T17:12:00,TURB_VIB_01,3.0427
2024-01-16T17:12:00,TURB_OUTPUT_01,736.8984
2024-01-16T17:12:00,TURB_BEAR_01,84.3538
2024-01-16T17:13:00,TURB_SPEED_01,3012.5807
2024-01-16T17:13:00,TURB_VIB_01,3.0845
2024-01-16T17:13:00,TURB_OUTPUT_01,740.8122
2024-01-16T17:14:00,TURB_SPEED_01,3013.2051
2024-01-16T17:14:00,TURB_VIB_01,3.1305
2024-01-16T17:14:00,TURB_OUTPUT_01,747.0815
2024-01-16T17:14:00,TURB_BEAR_01,85.1315
2024-01-16T17:15:00,TURB_SPEED_01,3013.1191
2024-01-16T17:15:00,TURB_VIB_01,3.1372
2024-01-16T17:15:00,TURB_OUTPUT_01,742.4896
2024-01-16T17:16:00,TURB_SPEED_01,3013.2344
2024-01-16T17:16:00,TURB_VIB_01,3.1509
2024-01-16T17:16:00,TURB_OUTPUT_01,741.8475
2024-01-16T17:16:00,TURB_BEAR_01,85.0845
2024-01-16T17:17:00,TURB_SPEED_01,3012.4639
2024-01-16T17:17:00,TURB_VIB_01,3.0119
2024-01-16T17:17:00,TURB_OUTPUT_01,732.9621
2024-01-16T17:18:00,TURB_SPEED_01,3012.8691
2024-01-16T17:18:00,TURB_VIB_01,3.082
2024-01-16T17:18:00,TURB_OUTPUT_01,735.3593
2024-01-16T17:18:00,TURB_BEAR_01,84.845
2024-01-16T17:19:00,TURB_SPEED_01,3013.1139
2024-01-16T17:19:00,TURB_VIB_01,3.1125
2024-01-16T17:19:00,TURB_OUTPUT_01,739.2618
2024-01-16T17:20:00,TURB_SPEED_01,3013.2415
2024-01-16T17:20:00,TURB_VIB_01,3.1481
2024-01-16T17:20:00,TURB_OUTPUT_01,743.7198
2024-01-16T17:20:00,TURB_BEAR_01,85.5686
2024-01-16T17:21:00,TURB_SPEED_01,3012.8002
2024-01-16T17:21:00,TURB_VIB_01,3.0939
2024-01-16T17:21:00,TURB_OUTPUT_01,737.3571
2024-01-16T17:22:00,TURB_SPEED_01,3013.0277
2024-01-16T17:22:00,TURB_VIB_01,3.0623
2024-01-16T17:22:00,TURB_OUTPUT_01,743.7584
2024-01-16T17:22:00,TURB_BEAR_01,85.5901
2024-01-16T17:23:00,TURB_SPEED_01,3013.1577
2024-01-16T17:23:00,TURB_VIB_01,3.0962
2024-01-16T17:23:00,TURB_OUTPUT_01,741.104
2024-01-16T17:24:00,TURB_SPEED_01,3012.7194
2024-01-16T17:24:00,TURB_VIB_01,3.0929
2024-01-16T17:24:00,TURB_OUTPUT_01,740.0173
2024-01-16T17:24:00,TURB_BEAR_01,84.7205
2024-01-16T17:25:00,TURB_SPEED_01,3012.6652
2024-01-16T17:25:00,TURB_VIB_01,3.0173
2024-01-16T17:25:00,TURB_OUTPUT_01,738.0834
2024-01-16T17:26:00,TURB_SPEED_01,3013.1755
2024-01-16T17:26:00,TURB_VIB_01,3.1141
2024-01-16T17:26:00,TURB_OUTPUT_01,741.8142
2024-01-16T17:26:00,TURB_BEAR_01,84.8402
2024-01-16T17:27:00,TURB_SPEED_01,3012.859
2024-01-16T17:27:00,TURB_VIB_01,3.0926
2024-01-16T17:27:00,TURB_OUTPUT_01,745.4135
2024-01-16T17:28:00,TURB_SPEED_01,3013.2591
2024-01-16T17:28:00,TURB_VIB_01,3.0823
2024-01-16T17:28:00,TURB_OUTPUT_01,732.9541
2024-01-16T17:28:00,TURB_BEAR_01,84.4532
2024-01-16T17:29:00,TURB_SPEED_01,3013.3435
2024-01-16T17:29:00,TURB_VIB_01,3.1081
2024-01-16T17:29:00,TURB_OUTPUT_01,737.8269
2024-01-16T17:30:00,TURB_SPEED_01,3013.1673
2024-01-16T17:30:00,TURB_VIB_01,3.1485
2024-01-16T17:30:00,TURB_OUTPUT_01,743.3518
2024-01-16T17:30:00,TURB_BEAR_01,85.5702
2024-01-16T17:31:00,TURB_SPEED_01,3012.7962
2024-01-16T17:31:00,TURB_VIB_01,3.0796
2024-01-16T17:31:00,TURB_OUTPUT_01,736.2977
2024-01-16T17:32:00,TURB_SPEED_01,3012.9366
2024-01-16T17:32:00,TURB_VIB_01,3.0798
2024-01-16T17:32:00,TURB_OUTPUT_01,736.2404
2024-01-16T17:32:00,TURB_BEAR_01,84.6536
2024-01-16T17:33:00,TURB_SPEED_01,3013.3362
2024-01-16T17:33:00,TURB_VIB_01,3.1191
2024-01-16T17:33:00,TURB_OUTPUT_01,736.1185
2024-01-16T17:34:00,TURB_SPEED_01,3012.9675
2024-01-16T17:34:00,TURB_VIB_01,3.1556
2024-01-16T17:34:00,TURB_OUTPUT_01,741.283
2024-01-16T17:34:00,TURB_BEAR_01,85.5808
2024-01-16T17:35:00,TURB_SPEED_01,3013.1682
2024-01-16T17:35:00,TURB_VIB_01,3.059
2024-01-16T17:35:00,TURB_OUTPUT_01,742.5168
2024-01-16T17:36:00,TURB_SPEED_01,3013.0076
2024-01-16T17:36:00,TURB_VIB_01,3.1159
2024-01-16T17:36:00,TURB_OUTPUT_01,742.1398
2024-01-16T17:36:00,TURB_BEAR_01,85.274
2024-01-16T17:37:00,TURB_SPEED_01,3013.3069
2024-01-16T17:37:00,TURB_VIB_01,3.1061
2024-01-16T17:37:00,TURB_OUTPUT_01,740.4096
2024-01-16T17:38:00,TURB_SPEED_01,3012.7581
2024-01-16T17:38:00,TURB_VIB_01,3.13
2024-01-16T17:38:00,TURB_OUTPUT_01,741.2745
2024-01-16T17:38:00,TURB_BEAR_01,85.2859
2024-01-16T17:39:00,TURB_SPEED_01,3012.904
2024-01-16T17:39:00,TURB_VIB_01,3.0419
2024-01-16T17:39:00,TURB_OUTPUT_01,734.7883
2024-01-16T17:40:00,TURB_SPEED_01,3013.1273
2024-01-16T17:40:00,TURB_VIB_01,3.1426
2024-01-16T17:40:00,TURB_OUTPUT_01,742.0032
2024-01-16T17:40:00,TURB_BEAR_01,84.8661
2024-01-16T17:41:00,TURB_SPEED_01,3013.3931
2024-01-16T17:41:00,TURB_VIB_01,3.1962
2024-01-16T17:41:00,TURB_OUTPUT_01,746.8247
2024-01-16T17:42:00,TURB_SPEED_01,3012.7855
2024-01-16T17:42:00,TURB_VIB_01,3.0505
2024-01-16T17:42:00,TURB_OUTPUT_01,735.3024
2024-01-16T17:42:00,TURB_BEAR_01,84.3496
2024-01-16T17:43:00,TURB_SPEED_01,3012.8873
2024-01-16T17:43:00,TURB_VIB_01,3.0665
2024-01-16T17:43:00,TURB_OUTPUT_01,739.4713
2024-01-16T17:44:00,TURB_SPEED_01,3012.9212
2024-01-16T17:44:00,TURB_VIB_01,3.1691
2024-01-16T17:44:00,TURB_OUTPUT_01,739.7329
2024-01-16T17:44:00,TURB_BEAR_01,85.3016
2024-01-16T17:45:00,TURB_SPEED_01,3013.1645
2024-01-16T17:45:00,TURB_VIB_01,3.115
2024-01-16T17:45:00,TURB_OUTPUT_01,743.8988
2024-01-16T17:46:00,TURB_SPEED_01,3013.1483
2024-01-16T17:46:00,TURB_VIB_01,3.1517
2024-01-16T17:46:00,TURB_OUTPUT_01,746.9707
2024-01-16T17:46:00,TURB_BEAR_01,85.2125
2024-01-16T17:47:00,TURB_SPEED_01,3013.2297
2024-01-16T17:47:00,TURB_VIB_01,3.1426
2024-01-16T17:47:00,TURB_OUTPUT_01,746.5014
2024-01-16T17:48:00,TURB_SPEED_01,3013.1271
2024-01-16T17:48:00,TURB_VIB_01,3.1474
2024-01-16T17:48:00,TURB_OUTPUT_01,744.1979
2024-01-16T17:48:00,TURB_BEAR_01,85.727
2024-01-16T17:49:00,TURB_SPEED_01,3013.2175
2024-01-16T17:49:00,TURB_VIB_01,3.1402
2024-01-16T17:49:00,TURB_OUTPUT_01,737.7756
2024-01-16T17:50:00,TURB_SPEED_01,3012.9917
2024-01-16T17:50:00,TURB_VIB_01,3.1578
2024-01-16T17:50:00,TURB_OUTPUT_01,742.8149
2024-01-16T17:50:00,TURB_BEAR_01,85.383
2024-01-16T17:51:00,TURB_SPEED_01,3013.2574
2024-01-16T17:51:00,TURB_VIB_01,3.0977
2024-01-16T17:51:00,TURB_OUTPUT_01,741.2804
2024-01-16T17:52:00,TURB_SPEED_01,3013.0376
2024-01-16T17:52:00,TURB_VIB_01,3.0903
2024-01-16T17:52:00,TURB_OUTPUT_01,740.2078
2024-01-16T17:52:00,TURB_BEAR_01,85.0238
2024-01-16T17:53:00,TURB_SPEED_01,3012.6834
2024-01-16T17:53:00,TURB_VIB_01,3.0753
2024-01-16T17:53:00,TURB_OUTPUT_01,740.0034
2024-01-16T17:54:00,TURB_SPEED_01,3012.8492
2024-01-16T17:54:00,TURB_VIB_01,3.0979
2024-01-16T17:54:00,TURB_OUTPUT_01,741.613
2024-01-16T17:54:00,TURB_BEAR_01,84.9517
2024-01-16T17:55:00,TURB_SPEED_01,3012.6261
2024-01-16T17:55:00,TURB_VIB_01,3.0644
2024-01-16T17:55:00,TURB_OUTPUT_01,738.6113
2024-01-16T17:56:00,TURB_SPEED_01,3013.1213
2024-01-16T17:56:00,TURB_VIB_01,3.085
2024-01-16T17:56:00,TURB_OUTPUT_01,743.1517
2024-01-16T17:56:00,TURB_BEAR_01,85.1487
2024-01-16T17:57:00,TURB_SPEED_01,3012.8564
2024-01-16T17:57:00,TURB_VIB_01,3.0715
2024-01-16T17:57:00,TURB_OUTPUT_01,734.5239
2024-01-16T17:58:00,TURB_SPEED_01,3012.9148
2024-01-16T17:58:00,TURB_VIB_01,3.0235
2024-01-16T17:58:00,TURB_OUTPUT_01,740.0464
2024-01-16T17:58:00,TURB_BEAR_01,84.3983
2024-01-16T17:59:00,TURB_SPEED_01,3013.4278
2024-01-16T17:59:00,TURB_VIB_01,3.057
2024-01-16T17:59:00,TURB_OUTPUT_01,740.4211
2024-01-16T18:00:00,TURB_SPEED_01,3013.0629
2024-01-16T18:00:00,TURB_VIB_01,3.0741
2024-01-16T18:00:00,TURB_OUTPUT_01,740.2565
2024-01-16T18:00:00,TURB_BEAR_01,84.7925
2024-01-16T18:01:00,TURB_SPEED_01,3013.2647
2024-01-16T18:01:00,TURB_VIB_01,3.1654
2024-01-16T18:01:00,TURB_OUTPUT_01,738.9515
2024-01-16T18:02:00,TURB_SPEED_01,3013.046
2024-01-16T18:02:00,TURB_VIB_01,3.1195
2024-01-16T18:02:00,TURB_OUTPUT_01,739.6327
2024-01-16T18:02:00,TURB_BEAR_01,84.9811
2024-01-16T18:03:00,TURB_SPEED_01,3012.8835
2024-01-16T18:03:00,TURB_VIB_01,3.0941
2024-01-16T18:03:00,TURB_OUTPUT_01,737.6767
2024-01-16T18:04:00,TURB_SPEED_01,3013.1494
2024-01-16T18:04:00,TURB_VIB_01,3.0693
2024-01-16T18:04:00,TURB_OUTPUT_01,738.1361
2024-01-16T18:04:00,TURB_BEAR_01,84.7664
2024-01-16T18:05:00,TURB_SPEED_01,3013.1223
2024-01-16T18:05:00,TURB_VIB_01,3.1295
2024-01-16T18:05:00,TURB_OUTPUT_01,748.5198
2024-01-16T18:06:00,TURB_SPEED_01,3012.9545
2024-01-16T18:06:00,TURB_VIB_01,3.16
2024-01-16T18:06:00,TURB_OUTPUT_01,745.4749
2024-01-16T18:06:00,TURB_BEAR_01,84.7984
2024-01-16T18:07:00,TURB_SPEED_01,3012.9726
2024-01-16T18:07:00,TURB_VIB_01,3.0938
2024-01-16T18:07:00,TURB_OUTPUT_01,742.5497
2024-01-16T18:08:00,TURB_SPEED_01,3012.7552
2024-01-16T18:08:00,TURB_VIB_01,3.1201
2024-01-16T18:08:00,TURB_OUTPUT_01,735.3469
2024-01-16T18:08:00,TURB_BEAR_01,84.6526
2024-01-16T18:09:00,TURB_SPEED_01,3012.6185
2024-01-16T18:09:00,TURB_VIB_01,3.1474
2024-01-16T18:09:00,TURB_OUTPUT_01,739.7203
2024-01-16T18:10:00,TURB_SPEED_01,3012.664
2024-01-16T18:10:00,TURB_VIB_01,3.1033
2024-01-16T18:10:00,TURB_OUTPUT_01,739.8668
2024-01-16T18:10:00,TURB_BEAR_01,85.4267
2024-01-16T18:11:00,TURB_SPEED_01,3012.8693
2024-01-16T18:11:00,TURB_VIB_01,3.0958
2024-01-16T18:11:00,TURB_OUTPUT_01,742.0303
2024-01-16T18:12:00,TURB_SPEED_01,3012.8519
2024-01-16T18:12:00,TURB_VIB_01,3.0548
2024-01-16T18:12:00,TURB_OUTPUT_01,737.7802
2024-01-16T18:12:00,TURB_BEAR_01,85.0758
2024-01-16T18:13:00,TURB_SPEED_01,3013.3548
2024-01-16T18:13:00,TURB_VIB_01,3.1969
2024-01-16T18:13:00,TURB_OUTPUT_01,742.3259
2024-01-16T18:14:00,TURB_SPEED_01,3012.9583
2024-01-16T18:14:00,TURB_VIB_01,3.1051
2024-01-16T18:14:00,TURB_OUTPUT_01,740.5412
2024-01-16T18:14:00,TURB_BEAR_01,85.3156
2024-01-16T18:15:00,TURB_SPEED_01,3012.9547
2024-01-16T18:15:00,TURB_VIB_01,3.1238
2024-01-16T18:15:00,TURB_OUTPUT_01,735.7663
2024-01-16T18:16:00,TURB_SPEED_01,3013.1843
2024-01-16T18:16:00,TURB_VIB_01,3.0935
2024-01-16T18:16:00,TURB_OUTPUT_01,741.1758
2024-01-16T18:16:00,TURB_BEAR_01,85.4946
2024-01-16T18:17:00,TURB_SPEED_01,3013.1791
2024-01-16T18:17:00,TURB_VIB_01,3.1327
2024-01-16T18:17:00,TURB_OUTPUT_01,742.3364
2024-01-16T18:18:00,TURB_SPEED_01,3013.2627
2024-01-16T18:18:00,TURB_VIB_01,3.1081
2024-01-16T18:18:00,TURB_OUTPUT_01,748.4123
2024-01-16T18:18:00,TURB_BEAR_01,84.7105
2024-01-16T18:19:00,TURB_SPEED_01,3012.6846
2024-01-16T18:19:00,TURB_VIB_01,3.1292
2024-01-16T18:19:00,TURB_OUTPUT_01,742.0006
2024-01-16T18:20:00,TURB_SPEED_01,3013.0324
2024-01-16T18:20:00,TURB_VIB_01,3.0531
2024-01-16T18:20:00,TURB_OUTPUT_01,737.4435
2024-01-16T18:20:00,TURB_BEAR_01,84.8934
2024-01-16T18:21:00,TURB_SPEED_01,3013.3174
2024-01-16T18:21:00,TURB_VIB_01,3.1232
2024-01-16T18:21:00,TURB_OUTPUT_01,755.2204
2024-01-16T18:22:00,TURB_SPEED_01,3012.666
2024-01-16T18:22:00,TURB_VIB_01,3.1003
2024-01-16T18:22:00,TURB_OUTPUT_01,735.3905
2024-01-16T18:22:00,TURB_BEAR_01,85.0845
2024-01-16T18:23:00,TURB_SPEED_01,3012.9246
2024-01-16T18:23:00,TURB_VIB_01,3.0583
2024-01-16T18:23:00,TURB_OUTPUT_01,742.8658
2024-01-16T18:24:00,TURB_SPEED_01,3013.2802
2024-01-16T18:24:00,TURB_VIB_01,3.1221
2024-01-16T18:24:00,TURB_OUTPUT_01,742.7109
2024-01-16T18:24:00,TURB_BEAR_01,85.1186
2024-01-16T18:25:00,TURB_SPEED_01,3012.746
2024-01-16T18:25:00,TURB_VIB_01,3.1348
2024-01-16T18:25:00,TURB_OUTPUT_01,743.1616
2024-01-16T18:26:00,TURB_SPEED_01,3012.8683
2024-01-16T18:26:00,TURB_VIB_01,3.086
2024-01-16T18:26:00,TURB_OUTPUT_01,740.7757
2024-01-16T18:26:00,TURB_BEAR_01,84.9904
2024-01-16T18:27:00,TURB_SPEED_01,3013.1004
2024-01-16T18:27:00,TURB_VIB_01,3.0666
2024-01-16T18:27:00,TURB_OUTPUT_01,738.5598
2024-01-16T18:28:00,TURB_SPEED_01,3013.58
2024-01-16T18:28:00,TURB_VIB_01,3.0985
2024-01-16T18:28:00,TURB_OUTPUT_01,736.8791
2024-01-16T18:28:00,TURB_BEAR_01,85.1425
2024-01-16T18:29:00,TURB_SPEED_01,3012.8092
2024-01-16T18:29:00,TURB_VIB_01,3.1126
2024-01-16T18:29:00,TURB_OUTPUT_01,736.086
2024-01-16T18:30:00,TURB_SPEED_01,3013.2305
2024-01-16T18:30:00,TURB_VIB_01,3.1273
2024-01-16T18:30:00,TURB_OUTPUT_01,742.3945
2024-01-16T18:30:00,TURB_BEAR_01,85.4072
2024-01-16T18:31:00,TURB_SPEED_01,3013.3392
2024-01-16T18:31:00,TURB_VIB_01,3.1918
2024-01-16T18:31:00,TURB_OUTPUT_01,748.367
2024-01-16T18:32:00,TURB_SPEED_01,3012.5288
2024-01-16T18:32:00,TURB_VIB_01,3.0064
2024-01-16T18:32:00,TURB_OUTPUT_01,738.9597
2024-01-16T18:32:00,TURB_BEAR_01,84.557
2024-01-16T18:33:00,TURB_SPEED_01,3013.6209
2024-01-16T18:33:00,TURB_VIB_01,3.1616
2024-01-16T18:33:00,TURB_OUTPUT_01,740.593
2024-01-16T18:34:00,TURB_SPEED_01,3012.9193
2024-01-16T18:34:00,TURB_VIB_01,3.0999
2024-01-16T18:34:00,TURB_OUTPUT_01,741.2569
2024-01-16T18:34:00,TURB_BEAR_01,84.4519
2024-01-16T18:35:00,TURB_SPEED_01,3013.0425
2024-01-16T18:35:00,TURB_VIB_01,3.1594
2024-01-16T18:35:00,TURB_OUTPUT_01,745.7947
2024-01-16T18:36:00,TURB_SPEED_01,3013.1709
2024-01-16T18:36:00,TURB_VIB_01,3.0812
2024-01-16T18:36:00,TURB_OUTPUT_01,740.4275
2024-01-16T18:36:00,TURB_BEAR_01,84.6417
2024-01-16T18:37:00,TURB_SPEED_01,3013.0756
2024-01-16T18:37:00,TURB_VIB_01,3.1347
2024-01-16T18:37:00,TURB_OUTPUT_01,739.0119
2024-01-16T18:38:00,TURB_SPEED_01,3013.113
2024-01-16T18:38:00,TURB_VIB_01,3.0946
2024-01-16T18:38:00,TURB_OUTPUT_01,740.6036
2024-01-16T18:38:00,TURB_BEAR_01,84.7683
2024-01-16T18:39:00,TURB_SPEED_01,3012.8204
2024-01-16T18:39:00,TURB_VIB_01,3.0882
2024-01-16T18:39:00,TURB_OUTPUT_01,740.017
2024-01-16T18:40:00,TURB_SPEED_01,3012.7524
2024-01-16T18:40:00,TURB_VIB_01,3.0832
2024-01-16T18:40:00,TURB_OUTPUT_01,736.9489
2024-01-16T18:40:00,TURB_BEAR_01,84.5363
2024-01-16T18:41:00,TURB_SPEED_01,3012.495
2024-01-16T18:41:00,TURB_VIB_01,3.0971
2024-01-16T18:41:00,TURB_OUTPUT_01,740.4081
2024-01-16T18:42:00,TURB_SPEED_01,3012.831
2024-01-16T18:42:00,TURB_VIB_01,3.049
2024-01-16T18:42:00,TURB_OUTPUT_01,735.8134
2024-01-16T18:42:00,TURB_BEAR_01,84.9265
2024-01-16T18:43:00,TURB_SPEED_01,3013.0548
2024-01-16T18:43:00,TURB_VIB_01,3.0914
2024-01-16T18:43:00,TURB_OUTPUT_01,741.0601
2024-01-16T18:44:00,TURB_SPEED_01,3013.3753
2024-01-16T18:44:00,TURB_VIB_01,3.201
2024-01-16T18:44:00,TURB_OUTPUT_01,743.7132
2024-01-16T18:44:00,TURB_BEAR_01,85.4916
2024-01-16T18:45:00,TURB_SPEED_01,3013.1964
2024-01-16T18:45:00,TURB_VIB_01,3.1183
2024-01-16T18:45:00,TURB_OUTPUT_01,746.2601
2024-01-16T18:46:00,TURB_SPEED_01,3013.296
2024-01-16T18:46:00,TURB_VIB_01,3.177
2024-01-16T18:46:00,TURB_OUTPUT_01,749.9877
2024-01-16T18:46:00,TURB_BEAR_01,85.0898
2024-01-16T18:47:00,TURB_SPEED_01,3013.0992
2024-01-16T18:47:00,TURB_VIB_01,3.1405
2024-01-16T18:47:00,TURB_OUTPUT_01,744.8228
2024-01-16T18:48:00,TURB_SPEED_01,3013.0557
2024-01-16T18:48:00,TURB_VIB_01,3.1319
2024-01-16T18:48:00,TURB_OUTPUT_01,739.7919
2024-01-16T18:48:00,TURB_BEAR_01,85.1852
2024-01-16T18:49:00,TURB_SPEED_01,3013.3084
2024-01-16T18:49:00,TURB_VIB_01,3.1239
2024-01-16T18:49:00,TURB_OUTPUT_01,745.6632
2024-01-16T18:50:00,TURB_SPEED_01,3012.7226
2024-01-16T18:50:00,TURB_VIB_01,3.1224
2024-01-16T18:50:00,TURB_OUTPUT_01,732.983
2024-01-16T18:50:00,TURB_BEAR_01,84.826
2024-01-16T18:51:00,TURB_SPEED_01,3012.8853
2024-01-16T18:51:00,TURB_VIB_01,3.1435
2024-01-16T18:51:00,TURB_OUTPUT_01,745.3399
2024-01-16T18:52:00,TURB_SPEED_01,3012.7942
2024-01-16T18:52:00,TURB_VIB_01,3.0866
2024-01-16T18:52:00,TURB_OUTPUT_01,738.2872
2024-01-16T18:52:00,TURB_BEAR_01,84.6827
2024-01-16T18:53:00,TURB_SPEED_01,3013.2453
2024-01-16T18:53:00,TURB_VIB_01,3.1168
2024-01-16T18:53:00,TURB_OUTPUT_01,736.4488
2024-01-16T18:54:00,TURB_SPEED_01,3013.0924
2024-01-16T18:54:00,TURB_VIB_01,3.1664
2024-01-16T18:54:00,TURB_OUTPUT_01,743.4687
2024-01-16T18:54:00,TURB_BEAR_01,85.1599
2024-01-16T18:55:00,TURB_SPEED_01,3012.8844
2024-01-16T18:55:00,TURB_VIB_01,3.0617
2024-01-16T18:55:00,TURB_OUTPUT_01,740.1683
2024-01-16T18:56:00,TURB_SPEED_01,3013.1653
2024-01-16T18:56:00,TURB_VIB_01,3.1202
2024-01-16T18:56:00,TURB_OUTPUT_01,741.9653
2024-01-16T18:56:00,TURB_BEAR_01,85.0159
2024-01-16T18:57:00,TURB_SPEED_01,3012.9513
2024-01-16T18:57:00,TURB_VIB_01,3.1159
2024-01-16T18:57:00,TURB_OUTPUT_01,741.3344
2024-01-16T18:58:00,TURB_SPEED_01,3012.9876
2024-01-16T18:58:00,TURB_VIB_01,3.1069
2024-01-16T18:58:00,TURB_OUTPUT_01,744.5665
2024-01-16T18:58:00,TURB_BEAR_01,85.1645
2024-01-16T18:59:00,TURB_SPEED_01,3013.0834
2024-01-16T18:59:00,TURB_VIB_01,3.1051
2024-01-16T18:59:00,TURB_OUTPUT_01,739.5775
2024-01-16T19:00:00,TURB_SPEED_01,3013.2994
2024-01-16T19:00:00,TURB_VIB_01,3.2042
2024-01-16T19:00:00,TURB_OUTPUT_01,745.5405
2024-01-16T19:00:00,TURB_BEAR_01,85.5565
2024-01-16T19:01:00,TURB_SPEED_01,3013.2359
2024-01-16T19:01:00,TURB_VIB_01,3.1603
2024-01-16T19:01:00,TURB_OUTPUT_01,740.1191
2024-01-16T19:02:00,TURB_SPEED_01,3013.1308
2024-01-16T19:02:00,TURB_VIB_01,3.1312
2024-01-16T19:02:00,TURB_OUTPUT_01,736.964
2024-01-16T19:02:00,TURB_BEAR_01,85.5569
2024-01-16T19:03:00,TURB_SPEED_01,3013.1248
2024-01-16T19:03:00,TURB_VIB_01,3.0934
2024-01-16T19:03:00,TURB_OUTPUT_01,742.213
2024-01-16T19:04:00,TURB_SPEED_01,3013.3445
2024-01-16T19:04:00,TURB_VIB_01,3.1199
2024-01-16T19:04:00,TURB_OUTPUT_01,748.313
2024-01-16T19:04:00,TURB_BEAR_01,85.5014
2024-01-16T19:05:00,TURB_SPEED_01,3013.1832
2024-01-16T19:05:00,TURB_VIB_01,3.1261
2024-01-16T19:05:00,TURB_OUTPUT_01,739.1422
2024-01-16T19:06:00,TURB_SPEED_01,3012.9148
2024-01-16T19:06:00,TURB_VIB_01,3.122
2024-01-16T19:06:00,TURB_OUTPUT_01,742.7531
2024-01-16T19:06:00,TURB_BEAR_01,85.2708
2024-01-16T19:07:00,TURB_SPEED_01,3012.9223
2024-01-16T19:07:00,TURB_VIB_01,3.1024
2024-01-16T19:07:00,TURB_OUTPUT_01,737.19
2024-01-16T19:08:00,TURB_SPEED_01,3013.1051
2024-01-16T19:08:00,TURB_VIB_01,3.1302
2024-01-16T19:08:00,TURB_OUTPUT_01,742.635
2024-01-16T19:08:00,TURB_BEAR_01,85.1441
2024-01-16T19:09:00,TURB_SPEED_01,3013.3387
2024-01-16T19:09:00,TURB_VIB_01,3.1759
2024-01-16T19:09:00,TURB_OUTPUT_01,744.9768
2024-01-16T19:10:00,TURB_SPEED_01,3013.0379
2024-01-16T19:10:00,TURB_VIB_01,3.0909
2024-01-16T19:10:00,TURB_OUTPUT_01,740.0828
2024-01-16T19:10:00,TURB_BEAR_01,84.7764
2024-01-16T19:11:00,TURB_SPEED_01,3013.1489
2024-01-16T19:11:00,TURB_VIB_01,3.1256
2024-01-16T19:11:00,TURB_OUTPUT_01,745.0154
2024-01-16T19:12:00,TURB_SPEED_01,3012.8649
2024-01-16T19:12:00,TURB_VIB_01,3.1106
2024-01-16T19:12:00,TURB_OUTPUT_01,737.9279
2024-01-16T19:12:00,TURB_BEAR_01,85.4635
2024-01-16T19:13:00,TURB_SPEED_01,3012.7645
2024-01-16T19:13:00,TURB_VIB_01,3.0338
2024-01-16T19:13:00,TURB_OUTPUT_01,738.1122
2024-01-16T19:14:00,TURB_SPEED_01,3012.5808
2024-01-16T19:14:00,TURB_VIB_01,3.0061
2024-01-16T19:14:00,TURB_OUTPUT_01,728.5773
2024-01-16T19:14:00,TURB_BEAR_01,84.393
2024-01-16T19:15:00,TURB_SPEED_01,3012.8829
2024-01-16T19:15:00,TURB_VIB_01,3.0797
2024-01-16T19:15:00,TURB_OUTPUT_01,733.1689
2024-01-16T19:16:00,TURB_SPEED_01,3012.804
2024-01-16T19:16:00,TURB_VIB_01,3.0885
2024-01-16T19:16:00,TURB_OUTPUT_01,737.1099
2024-01-16T19:16:00,TURB_BEAR_01,84.5742
2024-01-16T19:17:00,TURB_SPEED_01,3012.965
2024-01-16T19:17:00,TURB_VIB_01,3.099
2024-01-16T19:17:00,TURB_OUTPUT_01,739.254
2024-01-16T19:18:00,TURB_SPEED_01,3013.3487
2024-01-16T19:18:00,TURB_VIB_01,3.1111
2024-01-16T19:18:00,TURB_OUTPUT_01,746.0885
2024-01-16T19:18:00,TURB_BEAR_01,86.1768
2024-01-16T19:19:00,TURB_SPEED_01,3012.7724
2024-01-16T19:19:00,TURB_VIB_01,3.0949
2024-01-16T19:19:00,TURB_OUTPUT_01,738.7584
2024-01-16T19:20:00,TURB_SPEED_01,3012.6909
2024-01-16T19:20:00,TURB_VIB_01,3.1092
2024-01-16T19:20:00,TURB_OUTPUT_01,738.6405
2024-01-16T19:20:00,TURB_BEAR_01,84.6188
2024-01-16T19:21:00,TURB_SPEED_01,3012.8623
2024-01-16T19:21:00,TURB_VIB_01,3.1661
2024-01-16T19:21:00,TURB_OUTPUT_01,738.628
2024-01-16T19:22:00,TURB_SPEED_01,3013.5221
2024-01-16T19:22:00,TURB_VIB_01,3.2108
2024-01-16T19:22:00,TURB_OUTPUT_01,746.7822
2024-01-16T19:22:00,TURB_BEAR_01,85.9326
2024-01-16T19:23:00,TURB_SPEED_01,3012.9577
2024-01-16T19:23:00,TURB_VIB_01,3.1373
2024-01-16T19:23:00,TURB_OUTPUT_01,744.0547
2024-01-16T19:24:00,TURB_SPEED_01,3012.9953
2024-01-16T19:24:00,TURB_VIB_01,3.1127
2024-01-16T19:24:00,TURB_OUTPUT_01,744.2184
2024-01-16T19:24:00,TURB_BEAR_01,85.6007
2024-01-16T19:25:00,TURB_SPEED_01,3012.8433
2024-01-16T19:25:00,TURB_VIB_01,3.1123
2024-01-16T19:25:00,TURB_OUTPUT_01,740.1054
2024-01-16T19:26:00,TURB_SPEED_01,3013.1146
2024-01-16T19:26:00,TURB_VIB_01,3.1009
2024-01-16T19:26:00,TURB_OUTPUT_01,739.1717
2024-01-16T19:26:00,TURB_BEAR_01,85.0047
2024-01-16T19:27:00,TURB_SPEED_01,3012.9505
2024-01-16T19:27:00,TURB_VIB_01,3.056
2024-01-16T19:27:00,TURB_OUTPUT_01,740.0253
2024-01-16T19:28:00,TURB_SPEED_01,3013.0215
2024-01-16T19:28:00,TURB_VIB_01,3.1233
2024-01-16T19:28:00,TURB_OUTPUT_01,742.7016
2024-01-16T19:28:00,TURB_BEAR_01,85.512
2024-01-16T19:29:00,TURB_SPEED_01,3013.0191
2024-01-16T19:29:00,TURB_VIB_01,3.1201
2024-01-16T19:29:00,TURB_OUTPUT_01,740.5964
2024-01-16T19:30:00,TURB_SPEED_01,3013.134
2024-01-16T19:30:00,TURB_VIB_01,3.1226
2024-01-16T19:30:00,TURB_OUTPUT_01,739.0384
2024-01-16T19:30:00,TURB_BEAR_01,85.13
2024-01-16T19:31:00,TURB_SPEED_01,3012.9599
2024-01-16T19:31:00,TURB_VIB_01,3.1247
2024-01-16T19:31:00,TURB_OUTPUT_01,742.1768
2024-01-16T19:32:00,TURB_SPEED_01,3013.0351
2024-01-16T19:32:00,TURB_VIB_01,3.1007
2024-01-16T19:32:00,TURB_OUTPUT_01,739.2591
2024-01-16T19:32:00,TURB_BEAR_01,84.8543
2024-01-16T19:33:00,TURB_SPEED_01,3012.8887
2024-01-16T19:33:00,TURB_VIB_01,3.0521
2024-01-16T19:33:00,TURB_OUTPUT_01,748.2135
2024-01-16T19:34:00,TURB_SPEED_01,3012.9113
2024-01-16T19:34:00,TURB_VIB_01,3.1362
2024-01-16T19:34:00,TURB_OUTPUT_01,746.694
2024-01-16T19:34:00,TURB_BEAR_01,85.088
2024-01-16T19:35:00,TURB_SPEED_01,3012.5232
2024-01-16T19:35:00,TURB_VIB_01,3.1418
2024-01-16T19:35:00,TURB_OUTPUT_01,734.4403
2024-01-16T19:36:00,TURB_SPEED_01,3012.8426
2024-01-16T19:36:00,TURB_VIB_01,3.007
2024-01-16T19:36:00,TURB_OUTPUT_01,739.9862
2024-01-16T19:36:00,TURB_BEAR_01,84.9098
2024-01-16T19:37:00,TURB_SPEED_01,3013.1252
2024-01-16T19:37:00,TURB_VIB_01,3.1677
2024-01-16T19:37:00,TURB_OUTPUT_01,742.4747
2024-01-16T19:38:00,TURB_SPEED_01,3013.1322
2024-01-16T19:38:00,TURB_VIB_01,3.1046
2024-01-16T19:38:00,TURB_OUTPUT_01,741.8794
2024-01-16T19:38:00,TURB_BEAR_01,85.2823
2024-01-16T19:39:00,TURB_SPEED_01,3013.052
2024-01-16T19:39:00,TURB_VIB_01,3.1066
2024-01-16T19:39:00,TURB_OUTPUT_01,737.0714
2024-01-16T19:40:00,TURB_SPEED_01,3012.6867
2024-01-16T19:40:00,TURB_VIB_01,3.0607
2024-01-16T19:40:00,TURB_OUTPUT_01,735.6258
2024-01-16T19:40:00,TURB_BEAR_01,84.8608
2024-01-16T19:41:00,TURB_SPEED_01,3012.8558
2024-01-16T19:41:00,TURB_VIB_01,3.1022
2024-01-16T19:41:00,TURB_OUTPUT_01,735.8423
2024-01-16T19:42:00,TURB_SPEED_01,3012.9006
2024-01-16T19:42:00,TURB_VIB_01,3.0952
2024-01-16T19:42:00,TURB_OUTPUT_01,730.5743
2024-01-16T19:42:00,TURB_BEAR_01,85.0815
2024-01-16T19:43:00,TURB_SPEED_01,3013.1921
2024-01-16T19:43:00,TURB_VIB_01,3.0902
2024-01-16T19:43:00,TURB_OUTPUT_01,737.4984
2024-01-16T19:44:00,TURB_SPEED_01,3013.0514
2024-01-16T19:44:00,TURB_VIB_01,3.1213
2024-01-16T19:44:00,TURB_OUTPUT_01,747.7113
2024-01-16T19:44:00,TURB_BEAR_01,85.6161
2024-01-16T19:45:00,TURB_SPEED_01,3012.6265
2024-01-16T19:45:00,TURB_VIB_01,3.0705
2024-01-16T19:45:00,TURB_OUTPUT_01,741.015
2024-01-16T19:46:00,TURB_SPEED_01,3013.1217
2024-01-16T19:46:00,TURB_VIB_01,3.1634
2024-01-16T19:46:00,TURB_OUTPUT_01,745.2947
2024-01-16T19:46:00,TURB_BEAR_01,85.1354
2024-01-16T19:47:00,TURB_SPEED_01,3012.9851
2024-01-16T19:47:00,TURB_VIB_01,3.0787
2024-01-16T19:47:00,TURB_OUTPUT_01,735.1069
2024-01-16T19:48:00,TURB_SPEED_01,3013.3654
2024-01-16T19:48:00,TURB_VIB_01,3.1319
2024-01-16T19:48:00,TURB_OUTPUT_01,744.1912
2024-01-16T19:48:00,TURB_BEAR_01,85.6921
2024-01-16T19:49:00,TURB_SPEED_01,3012.7427
2024-01-16T19:49:00,TURB_VIB_01,3.0998
2024-01-16T19:49:00,TURB_OUTPUT_01,735.834
2024-01-16T19:50:00,TURB_SPEED_01,3013.1531
2024-01-16T19:50:00,TURB_VIB_01,3.1221
2024-01-16T19:50:00,TURB_OUTPUT_01,744.507
2024-01-16T19:50:00,TURB_BEAR_01,85.8173
2024-01-16T19:51:00,TURB_SPEED_01,3012.9559
2024-01-16T19:51:00,TURB_VIB_01,3.1005
2024-01-16T19:51:00,TURB_OUTPUT_01,733.6323
2024-01-16T19:52:00,TURB_SPEED_01,3013.0865
2024-01-16T19:52:00,TURB_VIB_01,3.0715
2024-01-16T19:52:00,TURB_OUTPUT_01,735.3294
2024-01-16T19:52:00,TURB_BEAR_01,85.9414
2024-01-16T19:53:00,TURB_SPEED_01,3012.7153
2024-01-16T19:53:00,TURB_VIB_01,3.0719
2024-01-16T19:53:00,TURB_OUTPUT_01,740.2949
2024-01-16T19:54:00,TURB_SPEED_01,3013.087
2024-01-16T19:54:00,TURB_VIB_01,3.0995
2024-01-16T19:54:00,TURB_OUTPUT_01,740.1906
2024-01-16T19:54:00,TURB_BEAR_01,85.3548
2024-01-16T19:55:00,TURB_SPEED_01,3013.2621
2024-01-16T19:55:00,TURB_VIB_01,3.1169
2024-01-16T19:55:00,TURB_OUTPUT_01,746.1899
2024-01-16T19:56:00,TURB_SPEED_01,3013.2452
2024-01-16T19:56:00,TURB_VIB_01,3.1027
2024-01-16T19:56:00,TURB_OUTPUT_01,739.6381
2024-01-16T19:56:00,TURB_BEAR_01,85.4188
2024-01-16T19:57:00,TURB_SPEED_01,3013.2482
2024-01-16T19:57:00,TURB_VIB_01,3.0845
2024-01-16T19:57:00,TURB_OUTPUT_01,747.3733
2024-01-16T19:58:00,TURB_SPEED_01,3012.9722
2024-01-16T19:58:00,TURB_VIB_01,3.132
2024-01-16T19:58:00,TURB_OUTPUT_01,738.2569
2024-01-16T19:58:00,TURB_BEAR_01,85.0041
2024-01-16T19:59:00,TURB_SPEED_01,3013.0754
2024-01-16T19:59:00,TURB_VIB_01,3.1265
2024-01-16T19:59:00,TURB_OUTPUT_01,736.0858
2024-01-16T20:00:00,TURB_SPEED_01,3012.906
2024-01-16T20:00:00,TURB_VIB_01,3.0465
2024-01-16T20:00:00,TURB_OUTPUT_01,734.5325
2024-01-16T20:00:00,TURB_BEAR_01,85.2301
2024-01-16T20:01:00,TURB_SPEED_01,3012.9134
2024-01-16T20:01:00,TURB_VIB_01,3.0958
2024-01-16T20:01:00,TURB_OUTPUT_01,737.5955
2024-01-16T20:02:00,TURB_SPEED_01,3012.9746
2024-01-16T20:02:00,TURB_VIB_01,3.0184
2024-01-16T20:02:00,TURB_OUTPUT_01,736.098
2024-01-16T20:02:00,TURB_BEAR_01,84.4863
2024-01-16T20:03:00,TURB_SPEED_01,3012.9602
2024-01-16T20:03:00,TURB_VIB_01,3.1464
2024-01-16T20:03:00,TURB_OUTPUT_01,739.1192
2024-01-16T20:04:00,TURB_SPEED_01,3013.1071
2024-01-16T20:04:00,TURB_VIB_01,3.1452
2024-01-16T20:04:00,TURB_OUTPUT_01,742.6776
2024-01-16T20:04:00,TURB_BEAR_01,85.6138
2024-01-16T20:05:00,TURB_SPEED_01,3013.1876
2024-01-16T20:05:00,TURB_VIB_01,3.1073
2024-01-16T20:05:00,TURB_OUTPUT_01,744.3272
2024-01-16T20:06:00,TURB_SPEED_01,3012.8107
2024-01-16T20:06:00,TURB_VIB_01,3.1048
2024-01-16T20:06:00,TURB_OUTPUT_01,738.0858
2024-01-16T20:06:00,TURB_BEAR_01,85.0468
2024-01-16T20:07:00,TURB_SPEED_01,3012.8211
2024-01-16T20:07:00,TURB_VIB_01,3.1123
2024-01-16T20:07:00,TURB_OUTPUT_01,737.8319
2024-01-16T20:08:00,TURB_SPEED_01,3013.0197
2024-01-16T20:08:00,TURB_VIB_01,3.0758
2024-01-16T20:08:00,TURB_OUTPUT_01,734.2943
2024-01-16T20:08:00,TURB_BEAR_01,85.2574
2024-01-16T20:09:00,TURB_SPEED_01,3013.343
2024-01-16T20:09:00,TURB_VIB_01,3.1368
2024-01-16T20:09:00,TURB_OUTPUT_01,748.1212
2024-01-16T20:10:00,TURB_SPEED_01,3012.952
2024-01-16T20:10:00,TURB_VIB_01,3.1298
2024-01-16T20:10:00,TURB_OUTPUT_01,739.505
2024-01-16T20:10:00,TURB_BEAR_01,85.0198
2024-01-16T20:11:00,TURB_SPEED_01,3013.0983
2024-01-16T20:11:00,TURB_VIB_01,3.1099
2024-01-16T20:11:00,TURB_OUTPUT_01,741.4838
2024-01-16T20:12:00,TURB_SPEED_01,3012.9993
2024-01-16T20:12:00,TURB_VIB_01,3.1038
2024-01-16T20:12:00,TURB_OUTPUT_01,739.8092
2024-01-16T20:12:00,TURB_BEAR_01,85.2718
2024-01-16T20:13:00,TURB_SPEED_01,3013.0913
2024-01-16T20:13:00,TURB_VIB_01,3.1636
2024-01-16T20:13:00,TURB_OUTPUT_01,744.8086
2024-01-16T20:14:00,TURB_SPEED_01,3013.0591
2024-01-16T20:14:00,TURB_VIB_01,3.0904
2024-01-16T20:14:00,TURB_OUTPUT_01,738.8815
2024-01-16T20:14:00,TURB_BEAR_01,85.6319
2024-01-16T20:15:00,TURB_SPEED_01,3012.945
2024-01-16T20:15:00,TURB_VIB_01,3.1618
2024-01-16T20:15:00,TURB_OUTPUT_01,742.7056
2024-01-16T20:16:00,TURB_SPEED_01,3013.016
2024-01-16T20:16:00,TURB_VIB_01,3.0658
2024-01-16T20:16:00,TURB_OUTPUT_01,736.7882
2024-01-16T20:16:00,TURB_BEAR_01,84.9913
2024-01-16T20:17:00,TURB_SPEED_01,3012.9956
2024-01-16T20:17:00,TURB_VIB_01,3.1366
2024-01-16T20:17:00,TURB_OUTPUT_01,736.5541
2024-01-16T20:18:00,TURB_SPEED_01,3013.0618
2024-01-16T20:18:00,TURB_VIB_01,3.1344
2024-01-16T20:18:00,TURB_OUTPUT_01,745.4258
2024-01-16T20:18:00,TURB_BEAR_01,85.54
2024-01-16T20:19:00,TURB_SPEED_01,3013.2492
2024-01-16T20:19:00,TURB_VIB_01,3.1052
2024-01-16T20:19:00,TURB_OUTPUT_01,744.3257
2024-01-16T20:20:00,TURB_SPEED_01,3012.988
2024-01-16T20:20:00,TURB_VIB_01,3.1003
2024-01-16T20:20:00,TURB_OUTPUT_01,738.2863
2024-01-16T20:20:00,TURB_BEAR_01,85.2292
2024-01-16T20:21:00,TURB_SPEED_01,3012.8752
2024-01-16T20:21:00,TURB_VIB_01,3.0825
2024-01-16T20:21:00,TURB_OUTPUT_01,742.6461
2024-01-16T20:22:00,TURB_SPEED_01,3013.1801
2024-01-16T20:22:00,TURB_VIB_01,3.1025
2024-01-16T20:22:00,TURB_OUTPUT_01,741.6602
2024-01-16T20:22:00,TURB_BEAR_01,85.3568
2024-01-16T20:23:00,TURB_SPEED_01,3012.9465
2024-01-16T20:23:00,TURB_VIB_01,3.1337
2024-01-16T20:23:00,TURB_OUTPUT_01,745.3902
2024-01-16T20:24:00,TURB_SPEED_01,3013.1933
2024-01-16T20:24:00,TURB_VIB_01,3.1576
2024-01-16T20:24:00,TURB_OUTPUT_01,750.3812
2024-01-16T20:24:00,TURB_BEAR_01,85.6557
2024-01-16T20:25:00,TURB_SPEED_01,3012.9623
2024-01-16T20:25:00,TURB_VIB_01,2.9948
2024-01-16T20:25:00,TURB_OUTPUT_01,741.6495
2024-01-16T20:26:00,TURB_SPEED_01,3012.8181
2024-01-16T20:26:00,TURB_VIB_01,3.0408
2024-01-16T20:26:00,TURB_OUTPUT_01,741.3629
2024-01-16T20:26:00,TURB_BEAR_01,85.4966
2024-01-16T20:27:00,TURB_SPEED_01,3013.2283
2024-01-16T20:27:00,TURB_VIB_01,3.0698
2024-01-16T20:27:00,TURB_OUTPUT_01,748.7421
2024-01-16T20:28:00,TURB_SPEED_01,3013.0858
2024-01-16T20:28:00,TURB_VIB_01,3.1382
2024-01-16T20:28:00,TURB_OUTPUT_01,736.6719
2024-01-16T20:28:00,TURB_BEAR_01,85.9995
2024-01-16T20:29:00,TURB_SPEED_01,3013.1541
2024-01-16T20:29:00,TURB_VIB_01,3.1145
2024-01-16T20:29:00,TURB_OUTPUT_01,741.6387
2024-01-16T20:30:00,TURB_SPEED_01,3013.0811
2024-01-16T20:30:00,TURB_VIB_01,3.1443
2024-01-16T20:30:00,TURB_OUTPUT_01,746.0698
2024-01-16T20:30:00,TURB_BEAR_01,85.9907
2024-01-16T20:31:00,TURB_SPEED_01,3013.0408
2024-01-16T20:31:00,TURB_VIB_01,3.1399
2024-01-16T20:31:00,TURB_OUTPUT_01,741.7542
2024-01-16T20:32:00,TURB_SPEED_01,3012.792
2024-01-16T20:32:00,TURB_VIB_01,3.1533
2024-01-16T20:32:00,TURB_OUTPUT_01,738.4141
2024-01-16T20:32:00,TURB_BEAR_01,85.904
2024-01-16T20:33:00,TURB_SPEED_01,3013.1759
2024-01-16T20:33:00,TURB_VIB_01,3.1798
2024-01-16T20:33:00,TURB_OUTPUT_01,744.0761
2024-01-16T20:34:00,TURB_SPEED_01,3013.2973
2024-01-16T20:34:00,TURB_VIB_01,3.1282
2024-01-16T20:34:00,TURB_OUTPUT_01,738.131
2024-01-16T20:34:00,TURB_BEAR_01,85.2438
2024-01-16T20:35:00,TURB_SPEED_01,3012.3439
2024-01-16T20:35:00,TURB_VIB_01,3.0926
2024-01-16T20:35:00,TURB_OUTPUT_01,738.7172
2024-01-16T20:36:00,TURB_SPEED_01,3012.9631
2024-01-16T20:36:00,TURB_VIB_01,3.0831
2024-01-16T20:36:00,TURB_OUTPUT_01,742.8536
2024-01-16T20:36:00,TURB_BEAR_01,85.4616
2024-01-16T20:37:00,TURB_SPEED_01,3013.0873
2024-01-16T20:37:00,TURB_VIB_01,3.1659
2024-01-16T20:37:00,TURB_OUTPUT_01,744.2396
2024-01-16T20:38:00,TURB_SPEED_01,3012.956
2024-01-16T20:38:00,TURB_VIB_01,3.0423
2024-01-16T20:38:00,TURB_OUTPUT_01,739.4066
2024-01-16T20:38:00,TURB_BEAR_01,85.4626
2024-01-16T20:39:00,TURB_SPEED_01,3012.8123
2024-01-16T20:39:00,TURB_VIB_01,3.0651
2024-01-16T20:39:00,TURB_OUTPUT_01,737.4316
2024-01-16T20:40:00,TURB_SPEED_01,3012.7035
2024-01-16T20:40:00,TURB_VIB_01,3.0753
2024-01-16T20:40:00,TURB_OUTPUT_01,737.6345
2024-01-16T20:40:00,TURB_BEAR_01,85.44
2024-01-16T20:41:00,TURB_SPEED_01,3012.8051
2024-01-16T20:41:00,TURB_VIB_01,3.1519
2024-01-16T20:41:00,TURB_OUTPUT_01,738.1342
2024-01-16T20:42:00,TURB_SPEED_01,3013.1951
2024-01-16T20:42:00,TURB_VIB_01,3.0984
2024-01-16T20:42:00,TURB_OUTPUT_01,740.1621
2024-01-16T20:42:00,TURB_BEAR_01,85.164
2024-01-16T20:43:00,TURB_SPEED_01,3012.6082
2024-01-16T20:43:00,TURB_VIB_01,3.081
2024-01-16T20:43:00,TURB_OUTPUT_01,734.0311
2024-01-16T20:44:00,TURB_SPEED_01,3012.9593
2024-01-16T20:44:00,TURB_VIB_01,3.1132
2024-01-16T20:44:00,TURB_OUTPUT_01,744.7809
2024-01-16T20:44:00,TURB_BEAR_01,85.8421
2024-01-16T20:45:00,TURB_SPEED_01,3012.8498
2024-01-16T20:45:00,TURB_VIB_01,3.1419
2024-01-16T20:45:00,TURB_OUTPUT_01,735.4609
2024-01-16T20:46:00,TURB_SPEED_01,3012.99
2024-01-16T20:46:00,TURB_VIB_01,3.1011
2024-01-16T20:46:00,TURB_OUTPUT_01,737.0048
2024-01-16T20:46:00,TURB_BEAR_01,85.0886
2024-01-16T20:47:00,TURB_SPEED_01,3013.0752
2024-01-16T20:47:00,TURB_VIB_01,3.1228
2024-01-16T20:47:00,TURB_OUTPUT_01,738.4221
2024-01-16T20:48:00,TURB_SPEED_01,3012.4419
2024-01-16T20:48:00,TURB_VIB_01,3.0554
2024-01-16T20:48:00,TURB_OUTPUT_01,735.4428
2024-01-16T20:48:00,TURB_BEAR_01,84.5792
2024-01-16T20:49:00,TURB_SPEED_01,3013.2847
2024-01-16T20:49:00,TURB_VIB_01,3.1604
2024-01-16T20:49:00,TURB_OUTPUT_01,739.737
2024-01-16T20:50:00,TURB_SPEED_01,3013.024
2024-01-16T20:50:00,TURB_VIB_01,3.061
2024-01-16T20:50:00,TURB_OUTPUT_01,732.2134
2024-01-16T20:50:00,TURB_BEAR_01,85.2504
2024-01-16T20:51:00,TURB_SPEED_01,3013.0429
2024-01-16T20:51:00,TURB_VIB_01,3.1307
2024-01-16T20:51:00,TURB_OUTPUT_01,739.3277
2024-01-16T20:52:00,TURB_SPEED_01,3012.7237
2024-01-16T20:52:00,TURB_VIB_01,3.1074
2024-01-16T20:52:00,TURB_OUTPUT_01,734.8461
2024-01-16T20:52:00,TURB_BEAR_01,85.5675
2024-01-16T20:53:00,TURB_SPEED_01,3012.8139
2024-01-16T20:53:00,TURB_VIB_01,3.0436
2024-01-16T20:53:00,TURB_OUTPUT_01,740.6134
2024-01-16T20:54:00,TURB_SPEED_01,3012.9385
2024-01-16T20:54:00,TURB_VIB_01,3.0185
2024-01-16T20:54:00,TURB_OUTPUT_01,728.4449
2024-01-16T20:54:00,TURB_BEAR_01,84.7451
2024-01-16T20:55:00,TURB_SPEED_01,3013.1859
2024-01-16T20:55:00,TURB_VIB_01,3.0822
2024-01-16T20:55:00,TURB_OUTPUT_01,740.0401
2024-01-16T20:56:00,TURB_SPEED_01,3013.053
2024-01-16T20:56:00,TURB_VIB_01,3.156
2024-01-16T20:56:00,TURB_OUTPUT_01,739.861
2024-01-16T20:56:00,TURB_BEAR_01,85.5953
2024-01-16T20:57:00,TURB_SPEED_01,3012.932
2024-01-16T20:57:00,TURB_VIB_01,3.0737
2024-01-16T20:57:00,TURB_OUTPUT_01,734.1855
2024-01-16T20:58:00,TURB_SPEED_01,3012.6106
2024-01-16T20:58:00,TURB_VIB_01,3.0233
2024-01-16T20:58:00,TURB_OUTPUT_01,731.868
2024-01-16T20:58:00,TURB_BEAR_01,83.8999
2024-01-16T20:59:00,TURB_SPEED_01,3012.8143
2024-01-16T20:59:00,TURB_VIB_01,3.0865
2024-01-16T20:59:00,TURB_OUTPUT_01,732.6251
2024-01-16T21:00:00,TURB_SPEED_01,3013.0103
2024-01-16T21:00:00,TURB_VIB_01,3.0974
2024-01-16T21:00:00,TURB_OUTPUT_01,737.8713
2024-01-16T21:00:00,TURB_BEAR_01,85.8489
2024-01-16T21:01:00,TURB_SPEED_01,3012.8676
2024-01-16T21:01:00,TURB_VIB_01,3.138
2024-01-16T21:01:00,TURB_OUTPUT_01,744.6597
2024-01-16T21:02:00,TURB_SPEED_01,3012.8359
2024-01-16T21:02:00,TURB_VIB_01,3.0101
2024-01-16T21:02:00,TURB_OUTPUT_01,733.13
2024-01-16T21:02:00,TURB_BEAR_01,85.3439
2024-01-16T21:03:00,TURB_SPEED_01,3013.1162
2024-01-16T21:03:00,TURB_VIB_01,3.0996
2024-01-16T21:03:00,TURB_OUTPUT_01,735.9328
2024-01-16T21:04:00,TURB_SPEED_01,3012.9028
2024-01-16T21:04:00,TURB_VIB_01,3.074
2024-01-16T21:04:00,TURB_OUTPUT_01,737.5285
2024-01-16T21:04:00,TURB_BEAR_01,84.9512
2024-01-16T21:05:00,TURB_SPEED_01,3012.9234
2024-01-16T21:05:00,TURB_VIB_01,3.0923
2024-01-16T21:05:00,TURB_OUTPUT_01,739.8089
2024-01-16T21:06:00,TURB_SPEED_01,3013.0463
2024-01-16T21:06:00,TURB_VIB_01,3.1658
2024-01-16T21:06:00,TURB_OUTPUT_01,738.7303
2024-01-16T21:06:00,TURB_BEAR_01,85.8239
2024-01-16T21:07:00,TURB_SPEED_01,3012.642
2024-01-16T21:07:00,TURB_VIB_01,3.0162
2024-01-16T21:07:00,TURB_OUTPUT_01,733.4211
2024-01-16T21:08:00,TURB_SPEED_01,3013.0317
2024-01-16T21:08:00,TURB_VIB_01,3.122
2024-01-16T21:08:00,TURB_OUTPUT_01,747.8068
2024-01-16T21:08:00,TURB_BEAR_01,85.9857
2024-01-16T21:09:00,TURB_SPEED_01,3012.6416
2024-01-16T21:09:00,TURB_VIB_01,3.0731
2024-01-16T21:09:00,TURB_OUTPUT_01,736.0777
2024-01-16T21:10:00,TURB_SPEED_01,3012.4857
2024-01-16T21:10:00,TURB_VIB_01,3.0261
2024-01-16T21:10:00,TURB_OUTPUT_01,733.7173
2024-01-16T21:10:00,TURB_BEAR_01,85.0033
2024-01-16T21:11:00,TURB_SPEED_01,3013.0675
2024-01-16T21:11:00,TURB_VIB_01,3.1011
2024-01-16T21:11:00,TURB_OUTPUT_01,741.1645
2024-01-16T21:12:00,TURB_SPEED_01,3013.0865
2024-01-16T21:12:00,TURB_VIB_01,3.0566
2024-01-16T21:12:00,TURB_OUTPUT_01,737.0507
2024-01-16T21:12:00,TURB_BEAR_01,85.6344
2024-01-16T21:13:00,TURB_SPEED_01,3012.9663
2024-01-16T21:13:00,TURB_VIB_01,3.0861
2024-01-16T21:13:00,TURB_OUTPUT_01,736.8911
2024-01-16T21:14:00,TURB_SPEED_01,3013.1559
2024-01-16T21:14:00,TURB_VIB_01,3.1754
2024-01-16T21:14:00,TURB_OUTPUT_01,743.5899
2024-01-16T21:14:00,TURB_BEAR_01,86.4794
2024-01-16T21:15:00,TURB_SPEED_01,3013.1174
2024-01-16T21:15:00,TURB_VIB_01,3.0842
2024-01-16T21:15:00,TURB_OUTPUT_01,742.6393
2024-01-16T21:16:00,TURB_SPEED_01,3013.3406
2024-01-16T21:16:00,TURB_VIB_01,3.1424
2024-01-16T21:16:00,TURB_OUTPUT_01,740.1595
2024-01-16T21:16:00,TURB_BEAR_01,86.1386
2024-01-16T21:17:00,TURB_SPEED_01,3013.3273
2024-01-16T21:17:00,TURB_VIB_01,3.1707
2024-01-16T21:17:00,TURB_OUTPUT_01,738.4739
2024-01-16T21:18:00,TURB_SPEED_01,3012.7336
2024-01-16T21:18:00,TURB_VIB_01,3.0491
2024-01-16T21:18:00,TURB_OUTPUT_01,737.3559
2024-01-16T21:18:00,TURB_BEAR_01,84.9029
2024-01-16T21:19:00,TURB_SPEED_01,3013.0266
2024-01-16T21:19:00,TURB_VIB_01,3.1581
2024-01-16T21:19:00,TURB_OUTPUT_01,745.8238
2024-01-16T21:20:00,TURB_SPEED_01,3013.0676
2024-01-16T21:20:00,TURB_VIB_01,3.0862
2024-01-16T21:20:00,TURB_OUTPUT_01,737.2256
2024-01-16T21:20:00,TURB_BEAR_01,85.898
2024-01-16T21:21:00,TURB_SPEED_01,3013.1151
2024-01-16T21:21:00,TURB_VIB_01,3.0252
2024-01-16T21:21:00,TURB_OUTPUT_01,739.867
2024-01-16T21:22:00,TURB_SPEED_01,3013.0294
2024-01-16T21:22:00,TURB_VIB_01,3.1182
2024-01-16T21:22:00,TURB_OUTPUT_01,738.6631
2024-01-16T21:22:00,TURB_BEAR_01,85.1785
2024-01-16T21:23:00,TURB_SPEED_01,3013.0744
2024-01-16T21:23:00,TURB_VIB_01,3.0984
2024-01-16T21:23:00,TURB_OUTPUT_01,739.6995
2024-01-16T21:24:00,TURB_SPEED_01,3012.9004
2024-01-16T21:24:00,TURB_VIB_01,3.0391
2024-01-16T21:24:00,TURB_OUTPUT_01,744.5979
2024-01-16T21:24:00,TURB_BEAR_01,85.5436
2024-01-16T21:25:00,TURB_SPEED_01,3012.9237
2024-01-16T21:25:00,TURB_VIB_01,3.1025
2024-01-16T21:25:00,TURB_OUTPUT_01,737.3151
2024-01-16T21:26:00,TURB_SPEED_01,3013.0484
2024-01-16T21:26:00,TURB_VIB_01,3.0829
2024-01-16T21:26:00,TURB_OUTPUT_01,735.57
2024-01-16T21:26:00,TURB_BEAR_01,85.5168
2024-01-16T21:27:00,TURB_SPEED_01,3013.8219
2024-01-16T21:27:00,TURB_VIB_01,3.259
2024-01-16T21:27:00,TURB_OUTPUT_01,751.5625
2024-01-16T21:28:00,TURB_SPEED_01,3013.0101
2024-01-16T21:28:00,TURB_VIB_01,3.0998
2024-01-16T21:28:00,TURB_OUTPUT_01,734.0028
2024-01-16T21:28:00,TURB_BEAR_01,85.5723
2024-01-16T21:29:00,TURB_SPEED_01,3012.987
2024-01-16T21:29:00,TURB_VIB_01,3.0604
2024-01-16T21:29:00,TURB_OUTPUT_01,737.8445
2024-01-16T21:30:00,TURB_SPEED_01,3012.6349
2024-01-16T21:30:00,TURB_VIB_01,3.1322
2024-01-16T21:30:00,TURB_OUTPUT_01,738.3259
2024-01-16T21:30:00,TURB_BEAR_01,86.9454
2024-01-16T21:31:00,TURB_SPEED_01,3012.9962
2024-01-16T21:31:00,TURB_VIB_01,3.1054
2024-01-16T21:31:00,TURB_OUTPUT_01,740.827
2024-01-16T21:32:00,TURB_SPEED_01,3012.9435
2024-01-16T21:32:00,TURB_VIB_01,3.0761
2024-01-16T21:32:00,TURB_OUTPUT_01,736.9821
2024-01-16T21:32:00,TURB_BEAR_01,85.4797
2024-01-16T21:33:00,TURB_SPEED_01,3012.4422
2024-01-16T21:33:00,TURB_VIB_01,3.0848
2024-01-16T21:33:00,TURB_OUTPUT_01,739.9183
2024-01-16T21:34:00,TURB_SPEED_01,3013.194
2024-01-16T21:34:00,TURB_VIB_01,3.1695
2024-01-16T21:34:00,TURB_OUTPUT_01,743.475
2024-01-16T21:34:00,TURB_BEAR_01,85.4943
2024-01-16T21:35:00,TURB_SPEED_01,3013.1346
2024-01-16T21:35:00,TURB_VIB_01,3.0459
2024-01-16T21:35:00,TURB_OUTPUT_01,740.3751
2024-01-16T21:36:00,TURB_SPEED_01,3013.4814
2024-01-16T21:36:00,TURB_VIB_01,3.202
2024-01-16T21:36:00,TURB_OUTPUT_01,748.8506
2024-01-16T21:36:00,TURB_BEAR_01,86.1937
2024-01-16T21:37:00,TURB_SPEED_01,3013.1683
2024-01-16T21:37:00,TURB_VIB_01,3.0913
2024-01-16T21:37:00,TURB_OUTPUT_01,743.018
2024-01-16T21:38:00,TURB_SPEED_01,3012.521
2024-01-16T21:38:00,TURB_VIB_01,3.106
2024-01-16T21:38:00,TURB_OUTPUT_01,731.3335
2024-01-16T21:38:00,TURB_BEAR_01,84.8868
2024-01-16T21:39:00,TURB_SPEED_01,3012.7854
2024-01-16T21:39:00,TURB_VIB_01,3.0321
2024-01-16T21:39:00,TURB_OUTPUT_01,736.577
2024-01-16T21:40:00,TURB_SPEED_01,3013.3607
2024-01-16T21:40:00,TURB_VIB_01,3.1674
2024-01-16T21:40:00,TURB_OUTPUT_01,747.2487
2024-01-16T21:40:00,TURB_BEAR_01,86.769
2024-01-16T21:41:00,TURB_SPEED_01,3012.9207
2024-01-16T21:41:00,TURB_VIB_01,3.0236
2024-01-16T21:41:00,TURB_OUTPUT_01,734.8698
2024-01-16T21:42:00,TURB_SPEED_01,3012.2821
2024-01-16T21:42:00,TURB_VIB_01,3.0148
2024-01-16T21:42:00,TURB_OUTPUT_01,736.0158
2024-01-16T21:42:00,TURB_BEAR_01,84.9207
2024-01-16T21:43:00,TURB_SPEED_01,3012.8059
2024-01-16T21:43:00,TURB_VIB_01,3.1745
2024-01-16T21:43:00,TURB_OUTPUT_01,740.7878
2024-01-16T21:44:00,TURB_SPEED_01,3012.9244
2024-01-16T21:44:00,TURB_VIB_01,3.0806
2024-01-16T21:44:00,TURB_OUTPUT_01,739.4023
2024-01-16T21:44:00,TURB_BEAR_01,85.7823
2024-01-16T21:45:00,TURB_SPEED_01,3013.1774
2024-01-16T21:45:00,TURB_VIB_01,3.0895
2024-01-16T21:45:00,TURB_OUTPUT_01,740.9025
2024-01-16T21:46:00,TURB_SPEED_01,3012.9257
2024-01-16T21:46:00,TURB_VIB_01,3.131
2024-01-16T21:46:00,TURB_OUTPUT_01,741.0423
2024-01-16T21:46:00,TURB_BEAR_01,85.902
2024-01-16T21:47:00,TURB_SPEED_01,3012.7541
2024-01-16T21:47:00,TURB_VIB_01,3.0446
2024-01-16T21:47:00,TURB_OUTPUT_01,736.8994
2024-01-16T21:48:00,TURB_SPEED_01,3012.635
2024-01-16T21:48:00,TURB_VIB_01,3.0531
2024-01-16T21:48:00,TURB_OUTPUT_01,736.263
2024-01-16T21:48:00,TURB_BEAR_01,85.5482
2024-01-16T21:49:00,TURB_SPEED_01,3013.2922
2024-01-16T21:49:00,TURB_VIB_01,3.103
2024-01-16T21:49:00,TURB_OUTPUT_01,744.9567
2024-01-16T21:50:00,TURB_SPEED_01,3012.9244
2024-01-16T21:50:00,TURB_VIB_01,3.05
2024-01-16T21:50:00,TURB_OUTPUT_01,734.9321
2024-01-16T21:50:00,TURB_BEAR_01,84.9411
2024-01-16T21:51:00,TURB_SPEED_01,3013.0484
2024-01-16T21:51:00,TURB_VIB_01,3.0917
2024-01-16T21:51:00,TURB_OUTPUT_01,744.4408
2024-01-16T21:52:00,TURB_SPEED_01,3012.8439
2024-01-16T21:52:00,TURB_VIB_01,3.1094
2024-01-16T21:52:00,TURB_OUTPUT_01,742.6981
2024-01-16T21:52:00,TURB_BEAR_01,84.9746
2024-01-16T21:53:00,TURB_SPEED_01,3012.8441
2024-01-16T21:53:00,TURB_VIB_01,3.0726
2024-01-16T21:53:00,TURB_OUTPUT_01,739.7261
2024-01-16T21:54:00,TURB_SPEED_01,3013.0903
2024-01-16T21:54:00,TURB_VIB_01,3.1767
2024-01-16T21:54:00,TURB_OUTPUT_01,744.2694
2024-01-16T21:54:00,TURB_BEAR_01,86.4486
2024-01-16T21:55:00,TURB_SPEED_01,3013.2361
2024-01-16T21:55:00,TURB_VIB_01,3.1061
2024-01-16T21:55:00,TURB_OUTPUT_01,736.9746
2024-01-16T21:56:00,TURB_SPEED_01,3012.7878
2024-01-16T21:56:00,TURB_VIB_01,3.0949
2024-01-16T21:56:00,TURB_OUTPUT_01,735.2678
2024-01-16T21:56:00,TURB_BEAR_01,85.3595
2024-01-16T21:57:00,TURB_SPEED_01,3012.8822
2024-01-16T21:57:00,TURB_VIB_01,3.112
2024-01-16T21:57:00,TURB_OUTPUT_01,734.017
2024-01-16T21:58:00,TURB_SPEED_01,3013.1943
2024-01-16T21:58:00,TURB_VIB_01,3.1535
2024-01-16T21:58:00,TURB_OUTPUT_01,739.2736
2024-01-16T21:58:00,TURB_BEAR_01,85.6708
2024-01-16T21:59:00,TURB_SPEED_01,3012.9221
2024-01-16T21:59:00,TURB_VIB_01,3.129
2024-01-16T21:59:00,TURB_OUTPUT_01,738.884
2024-01-16T22:00:00,TURB_SPEED_01,3013.0534
2024-01-16T22:00:00,TURB_VIB_01,3.088
2024-01-16T22:00:00,TURB_OUTPUT_01,740.0182
2024-01-16T22:00:00,TURB_BEAR_01,85.6857
2024-01-16T22:01:00,TURB_SPEED_01,3012.9562
2024-01-16T22:01:00,TURB_VIB_01,3.0615
2024-01-16T22:01:00,TURB_OUTPUT_01,744.4299
2024-01-16T22:02:00,TURB_SPEED_01,3012.7868
2024-01-16T22:02:00,TURB_VIB_01,3.1389
2024-01-16T22:02:00,TURB_OUTPUT_01,742.9803
2024-01-16T22:02:00,TURB_BEAR_01,85.4985
2024-01-16T22:03:00,TURB_SPEED_01,3012.9843
2024-01-16T22:03:00,TURB_VIB_01,3.0644
2024-01-16T22:03:00,TURB_OUTPUT_01,736.8149
2024-01-16T22:04:00,TURB_SPEED_01,3012.8877
2024-01-16T22:04:00,TURB_VIB_01,3.0527
2024-01-16T22:04:00,TURB_OUTPUT_01,737.6259
2024-01-16T22:04:00,TURB_BEAR_01,85.7278
2024-01-16T22:05:00,TURB_SPEED_01,3012.9401
2024-01-16T22:05:00,TURB_VIB_01,3.0927
2024-01-16T22:05:00,TURB_OUTPUT_01,738.0137
2024-01-16T22:06:00,TURB_SPEED_01,3012.9245
2024-01-16T22:06:00,TURB_VIB_01,3.0984
2024-01-16T22:06:00,TURB_OUTPUT_01,740.558
2024-01-16T22:06:00,TURB_BEAR_01,85.5641
2024-01-16T22:07:00,TURB_SPEED_01,3013.2652
2024-01-16T22:07:00,TURB_VIB_01,3.112
2024-01-16T22:07:00,TURB_OUTPUT_01,742.9149
2024-01-16T22:08:00,TURB_SPEED_01,3013.1312
2024-01-16T22:08:00,TURB_VIB_01,3.1559
2024-01-16T22:08:00,TURB_OUTPUT_01,736.3872
2024-01-16T22:08:00,TURB_BEAR_01,85.0636
2024-01-16T22:09:00,TURB_SPEED_01,3013.1223
2024-01-16T22:09:00,TURB_VIB_01,3.097
2024-01-16T22:09:00,TURB_OUTPUT_01,737.44
2024-01-16T22:10:00,TURB_SPEED_01,3013.1085
2024-01-16T22:10:00,TURB_VIB_01,3.0229
2024-01-16T22:10:00,TURB_OUTPUT_01,737.2646
2024-01-16T22:10:00,TURB_BEAR_01,86.0933
2024-01-16T22:11:00,TURB_SPEED_01,3013.2591
2024-01-16T22:11:00,TURB_VIB_01,3.1502
2024-01-16T22:11:00,TURB_OUTPUT_01,740.1307
2024-01-16T22:12:00,TURB_SPEED_01,3012.7518
2024-01-16T22:12:00,TURB_VIB_01,3.0536
2024-01-16T22:12:00,TURB_OUTPUT_01,741.0093
2024-01-16T22:12:00,TURB_BEAR_01,85.6534
2024-01-16T22:13:00,TURB_SPEED_01,3013.1573
2024-01-16T22:13:00,TURB_VIB_01,3.1019
2024-01-16T22:13:00,TURB_OUTPUT_01,745.2761
2024-01-16T22:14:00,TURB_SPEED_01,3012.9856
2024-01-16T22:14:00,TURB_VIB_01,3.0663
2024-01-16T22:14:00,TURB_OUTPUT_01,739.0664
2024-01-16T22:14:00,TURB_BEAR_01,85.617
2024-01-16T22:15:00,TURB_SPEED_01,3012.6892
2024-01-16T22:15:00,TURB_VIB_01,3.0888
2024-01-16T22:15:00,TURB_OUTPUT_01,737.1037
2024-01-16T22:16:00,TURB_SPEED_01,3013.0905
2024-01-16T22:16:00,TURB_VIB_01,3.108
2024-01-16T22:16:00,TURB_OUTPUT_01,744.7982
2024-01-16T22:16:00,TURB_BEAR_01,85.6006
2024-01-16T22:17:00,TURB_SPEED_01,3012.9587
2024-01-16T22:17:00,TURB_VIB_01,3.1122
2024-01-16T22:17:00,TURB_OUTPUT_01,739.8665
2024-01-16T22:18:00,TURB_SPEED_01,3013.3961
2024-01-16T22:18:00,TURB_VIB_01,3.1312
2024-01-16T22:18:00,TURB_OUTPUT_01,740.4208
2024-01-16T22:18:00,TURB_BEAR_01,86.0605
2024-01-16T22:19:00,TURB_SPEED_01,3013.2834
2024-01-16T22:19:00,TURB_VIB_01,3.0886
2024-01-16T22:19:00,TURB_OUTPUT_01,746.163
2024-01-16T22:20:00,TURB_SPEED_01,3012.918
2024-01-16T22:20:00,TURB_VIB_01,3.1185
2024-01-16T22:20:00,TURB_OUTPUT_01,730.9727
2024-01-16T22:20:00,TURB_BEAR_01,85.3603
2024-01-16T22:21:00,TURB_SPEED_01,3012.8325
2024-01-16T22:21:00,TURB_VIB_01,3.1452
2024-01-16T22:21:00,TURB_OUTPUT_01,737.7307
2024-01-16T22:22:00,TURB_SPEED_01,3013.2498
2024-01-16T22:22:00,TURB_VIB_01,3.0676
2024-01-16T22:22:00,TURB_OUTPUT_01,742.2976
2024-01-16T22:22:00,TURB_BEAR_01,85.8259
2024-01-16T22:23:00,TURB_SPEED_01,3013.2688
2024-01-16T22:23:00,TURB_VIB_01,3.1221
2024-01-16T22:23:00,TURB_OUTPUT_01,750.1895
2024-01-16T22:24:00,TURB_SPEED_01,3013.2803
2024-01-16T22:24:00,TURB_VIB_01,3.1247
2024-01-16T22:24:00,TURB_OUTPUT_01,745.4748
2024-01-16T22:24:00,TURB_BEAR_01,86.3177
2024-01-16T22:25:00,TURB_SPEED_01,3013.3472
2024-01-16T22:25:00,TURB_VIB_01,3.0866
2024-01-16T22:25:00,TURB_OUTPUT_01,744.8908
2024-01-16T22:26:00,TURB_SPEED_01,3012.6016
2024-01-16T22:26:00,TURB_VIB_01,3.066
2024-01-16T22:26:00,TURB_OUTPUT_01,736.7282
2024-01-16T22:26:00,TURB_BEAR_01,85.5445
2024-01-16T22:27:00,TURB_SPEED_01,3012.7715
2024-01-16T22:27:00,TURB_VIB_01,3.1229
2024-01-16T22:27:00,TURB_OUTPUT_01,732.2619
2024-01-16T22:28:00,TURB_SPEED_01,3013.0288
2024-01-16T22:28:00,TURB_VIB_01,3.1488
2024-01-16T22:28:00,TURB_OUTPUT_01,741.0567
2024-01-16T22:28:00,TURB_BEAR_01,85.3392
2024-01-16T22:29:00,TURB_SPEED_01,3012.6991
2024-01-16T22:29:00,TURB_VIB_01,3.0741
2024-01-16T22:29:00,TURB_OUTPUT_01,732.2712
2024-01-16T22:30:00,TURB_SPEED_01,3012.8898
2024-01-16T22:30:00,TURB_VIB_01,3.0732
2024-01-16T22:30:00,TURB_OUTPUT_01,739.9281
2024-01-16T22:30:00,TURB_BEAR_01,85.4347
2024-01-16T22:31:00,TURB_SPEED_01,3012.9016
2024-01-16T22:31:00,TURB_VIB_01,3.0745
2024-01-16T22:31:00,TURB_OUTPUT_01,735.5066
2024-01-16T22:32:00,TURB_SPEED_01,3012.701
2024-01-16T22:32:00,TURB_VIB_01,3.0728
2024-01-16T22:32:00,TURB_OUTPUT_01,746.8161
2024-01-16T22:32:00,TURB_BEAR_01,85.4288
2024-01-16T22:33:00,TURB_SPEED_01,3013.3741
2024-01-16T22:33:00,TURB_VIB_01,3.1483
2024-01-16T22:33:00,TURB_OUTPUT_01,741.5081
2024-01-16T22:34:00,TURB_SPEED_01,3013.1351
2024-01-16T22:34:00,TURB_VIB_01,3.1286
2024-01-16T22:34:00,TURB_OUTPUT_01,739.9637
2024-01-16T22:34:00,TURB_BEAR_01,85.768
2024-01-16T22:35:00,TURB_SPEED_01,3013.1898
2024-01-16T22:35:00,TURB_VIB_01,3.0967
2024-01-16T22:35:00,TURB_OUTPUT_01,737.645
2024-01-16T22:36:00,TURB_SPEED_01,3012.7761
2024-01-16T22:36:00,TURB_VIB_01,3.1008
2024-01-16T22:36:00,TURB_OUTPUT_01,738.1559
2024-01-16T22:36:00,TURB_BEAR_01,85.6758
2024-01-16T22:37:00,TURB_SPEED_01,3012.8364
2024-01-16T22:37:00,TURB_VIB_01,3.056
2024-01-16T22:37:00,TURB_OUTPUT_01,733.0569
2024-01-16T22:38:00,TURB_SPEED_01,3012.6439
2024-01-16T22:38:00,TURB_VIB_01,3.0855
2024-01-16T22:38:00,TURB_OUTPUT_01,734.0632
2024-01-16T22:38:00,TURB_BEAR_01,84.8226
2024-01-16T22:39:00,TURB_SPEED_01,3012.7242
2024-01-16T22:39:00,TURB_VIB_01,3.1101
2024-01-16T22:39:00,TURB_OUTPUT_01,739.4446
2024-01-16T22:40:00,TURB_SPEED_01,3013.0948
2024-01-16T22:40:00,TURB_VIB_01,3.0993
2024-01-16T22:40:00,TURB_OUTPUT_01,741.0063
2024-01-16T22:40:00,TURB_BEAR_01,86.189
2024-01-16T22:41:00,TURB_SPEED_01,3012.9363
2024-01-16T22:41:00,TURB_VIB_01,3.1117
2024-01-16T22:41:00,TURB_OUTPUT_01,738.7218
2024-01-16T22:42:00,TURB_SPEED_01,3013.4838
2024-01-16T22:42:00,TURB_VIB_01,3.0983
2024-01-16T22:42:00,TURB_OUTPUT_01,751.0552
2024-01-16T22:42:00,TURB_BEAR_01,86.687
2024-01-16T22:43:00,TURB_SPEED_01,3013.0951
2024-01-16T22:43:00,TURB_VIB_01,3.1155
2024-01-16T22:43:00,TURB_OUTPUT_01,735.9533
2024-01-16T22:44:00,TURB_SPEED_01,3013.0672
2024-01-16T22:44:00,TURB_VIB_01,3.1283
2024-01-16T22:44:00,TURB_OUTPUT_01,741.9631
2024-01-16T22:44:00,TURB_BEAR_01,85.5618
2024-01-16T22:45:00,TURB_SPEED_01,3013.1876
2024-01-16T22:45:00,TURB_VIB_01,3.1208
2024-01-16T22:45:00,TURB_OUTPUT_01,744.4532
2024-01-16T22:46:00,TURB_SPEED_01,3012.6929
2024-01-16T22:46:00,TURB_VIB_01,3.095
2024-01-16T22:46:00,TURB_OUTPUT_01,735.6294
2024-01-16T22:46:00,TURB_BEAR_01,85.5225
2024-01-16T22:47:00,TURB_SPEED_01,3012.7526
2024-01-16T22:47:00,TURB_VIB_01,3.1086
2024-01-16T22:47:00,TURB_OUTPUT_01,739.7114
2024-01-16T22:48:00,TURB_SPEED_01,3013.0883
2024-01-16T22:48:00,TURB_VIB_01,3.0875
2024-01-16T22:48:00,TURB_OUTPUT_01,740.2864
2024-01-16T22:48:00,TURB_BEAR_01,85.8702
2024-01-16T22:49:00,TURB_SPEED_01,3013.0058
2024-01-16T22:49:00,TURB_VIB_01,3.1356
2024-01-16T22:49:00,TURB_OUTPUT_01,746.9093
2024-01-16T22:50:00,TURB_SPEED_01,3013.1501
2024-01-16T22:50:00,TURB_VIB_01,3.0989
2024-01-16T22:50:00,TURB_OUTPUT_01,736.9996
2024-01-16T22:50:00,TURB_BEAR_01,85.4623
2024-01-16T22:51:00,TURB_SPEED_01,3013.0108
2024-01-16T22:51:00,TURB_VIB_01,3.0725
2024-01-16T22:51:00,TURB_OUTPUT_01,738.6013
2024-01-16T22:52:00,TURB_SPEED_01,3013.0815
2024-01-16T22:52:00,TURB_VIB_01,3.1053
2024-01-16T22:52:00,TURB_OUTPUT_01,740.7461
2024-01-16T22:52:00,TURB_BEAR_01,86.0576
2024-01-16T22:53:00,TURB_SPEED_01,3013.0712
2024-01-16T22:53:00,TURB_VIB_01,3.1356
2024-01-16T22:53:00,TURB_OUTPUT_01,745.282
2024-01-16T22:54:00,TURB_SPEED_01,3013.0329
2024-01-16T22:54:00,TURB_VIB_01,3.0388
2024-01-16T22:54:00,TURB_OUTPUT_01,733.1465
2024-01-16T22:54:00,TURB_BEAR_01,86.1101
2024-01-16T22:55:00,TURB_SPEED_01,3012.8886
2024-01-16T22:55:00,TURB_VIB_01,3.0846
2024-01-16T22:55:00,TURB_OUTPUT_01,737.8214
2024-01-16T22:56:00,TURB_SPEED_01,3013.0041
2024-01-16T22:56:00,TURB_VIB_01,3.0952
2024-01-16T22:56:00,TURB_OUTPUT_01,738.1318
2024-01-16T22:56:00,TURB_BEAR_01,86.1272
2024-01-16T22:57:00,TURB_SPEED_01,3012.9425
2024-01-16T22:57:00,TURB_VIB_01,3.1723
2024-01-16T22:57:00,TURB_OUTPUT_01,739.8242
2024-01-16T22:58:00,TURB_SPEED_01,3013.1007
2024-01-16T22:58:00,TURB_VIB_01,3.0827
2024-01-16T22:58:00,TURB_OUTPUT_01,743.005
2024-01-16T22:58:00,TURB_BEAR_01,85.1319
2024-01-16T22:59:00,TURB_SPEED_01,3013.0782
2024-01-16T22:59:00,TURB_VIB_01,3.0953
2024-01-16T22:59:00,TURB_OUTPUT_01,743.3876
